instance,input_format,input_sha256,seed,threads,status,feasible,vehicles,distance_ticks,distance,first_feasible_seconds,runtime_seconds,iterations,stop_reason,numeric_rule,reference_status,reference_vehicles,reference_distance,distance_gap_percent,error,time_limit_seconds,max_iterations,fleet_attempts_per_k,max_moves,vehicle_limit,code_sha256,diagnostics_enabled,variant,config_sha256,binary_sha256,paired_baseline_vehicles,paired_baseline_distance_ticks,vehicles_delta,distance_delta_ticks,result_vs_baseline,same_vehicle_distance_result,is_regression
C101,solomon_txt,a6da75152d182d60ecd2c6f854296f5be452f92282d096adebcf5d99a7f16516,0,1,ok,True,10,828937,828.937,0.068228,0.500474,1,time_limit,solomon_exact_1000_v1,,,,,,0.5,,,,25,a5385b24e1b1e895647141e361fbfd125f69b22b8101a03a5bf03d0a059bf87a,False,python,18b60bd1f8a3f3a3299830e92120a9841e4fb04a4b6fc31094cbf2c6e0a24ff8,604462f386c003e397cd55934c67735731d9683e762902ff4d23fad1f410c0bb,10,828937,0,0,tie,tie,False
C101,solomon_txt,a6da75152d182d60ecd2c6f854296f5be452f92282d096adebcf5d99a7f16516,0,1,ok,True,10,828937,828.937,0.067813,0.50022,7,time_limit,solomon_exact_1000_v1,,,,,,0.5,,,,25,a5385b24e1b1e895647141e361fbfd125f69b22b8101a03a5bf03d0a059bf87a,False,native,e430e84b5044a1954983f6d380c1155f165e447205dd568d22a78596fa5f0602,604462f386c003e397cd55934c67735731d9683e762902ff4d23fad1f410c0bb,10,828937,0,0,tie,tie,False
C101,solomon_txt,a6da75152d182d60ecd2c6f854296f5be452f92282d096adebcf5d99a7f16516,1,1,ok,True,10,828937,828.937,0.065618,0.500405,3,time_limit,solomon_exact_1000_v1,,,,,,0.5,,,,25,a5385b24e1b1e895647141e361fbfd125f69b22b8101a03a5bf03d0a059bf87a,False,python,18b60bd1f8a3f3a3299830e92120a9841e4fb04a4b6fc31094cbf2c6e0a24ff8,604462f386c003e397cd55934c67735731d9683e762902ff4d23fad1f410c0bb,10,828937,0,0,tie,tie,False
C101,solomon_txt,a6da75152d182d60ecd2c6f854296f5be452f92282d096adebcf5d99a7f16516,1,1,ok,True,10,828937,828.937,0.068629,0.50023,24,time_limit,solomon_exact_1000_v1,,,,,,0.5,,,,25,a5385b24e1b1e895647141e361fbfd125f69b22b8101a03a5bf03d0a059bf87a,False,native,e430e84b5044a1954983f6d380c1155f165e447205dd568d22a78596fa5f0602,604462f386c003e397cd55934c67735731d9683e762902ff4d23fad1f410c0bb,10,828937,0,0,tie,tie,False
C101,solomon_txt,a6da75152d182d60ecd2c6f854296f5be452f92282d096adebcf5d99a7f16516,2,1,ok,True,10,828937,828.937,0.067673,0.500484,2,time_limit,solomon_exact_1000_v1,,,,,,0.5,,,,25,a5385b24e1b1e895647141e361fbfd125f69b22b8101a03a5bf03d0a059bf87a,False,python,18b60bd1f8a3f3a3299830e92120a9841e4fb04a4b6fc31094cbf2c6e0a24ff8,604462f386c003e397cd55934c67735731d9683e762902ff4d23fad1f410c0bb,10,828937,0,0,tie,tie,False
C101,solomon_txt,a6da75152d182d60ecd2c6f854296f5be452f92282d096adebcf5d99a7f16516,2,1,ok,True,10,828937,828.937,0.066596,0.500401,20,time_limit,solomon_exact_1000_v1,,,,,,0.5,,,,25,a5385b24e1b1e895647141e361fbfd125f69b22b8101a03a5bf03d0a059bf87a,False,native,e430e84b5044a1954983f6d380c1155f165e447205dd568d22a78596fa5f0602,604462f386c003e397cd55934c67735731d9683e762902ff4d23fad1f410c0bb,10,828937,0,0,tie,tie,False
C102,solomon_txt,f89a0e2a760cc7448a4ca72b88e5b29b94d64b5548f3320f42a6230025ead653,0,1,ok,True,10,1103932,1103.932,0.069606,0.500497,1,time_limit,solomon_exact_1000_v1,,,,,,0.5,,,,25,a5385b24e1b1e895647141e361fbfd125f69b22b8101a03a5bf03d0a059bf87a,False,python,18b60bd1f8a3f3a3299830e92120a9841e4fb04a4b6fc31094cbf2c6e0a24ff8,604462f386c003e397cd55934c67735731d9683e762902ff4d23fad1f410c0bb,10,1103932,0,0,tie,tie,False
C102,solomon_txt,f89a0e2a760cc7448a4ca72b88e5b29b94d64b5548f3320f42a6230025ead653,0,1,ok,True,10,1052698,1052.698,0.070344,0.500391,22,time_limit,solomon_exact_1000_v1,,,,,,0.5,,,,25,a5385b24e1b1e895647141e361fbfd125f69b22b8101a03a5bf03d0a059bf87a,False,native,e430e84b5044a1954983f6d380c1155f165e447205dd568d22a78596fa5f0602,604462f386c003e397cd55934c67735731d9683e762902ff4d23fad1f410c0bb,10,1103932,0,-51234,better,better,False
C102,solomon_txt,f89a0e2a760cc7448a4ca72b88e5b29b94d64b5548f3320f42a6230025ead653,1,1,ok,True,10,1103932,1103.932,0.075244,0.500448,1,time_limit,solomon_exact_1000_v1,,,,,,0.5,,,,25,a5385b24e1b1e895647141e361fbfd125f69b22b8101a03a5bf03d0a059bf87a,False,python,18b60bd1f8a3f3a3299830e92120a9841e4fb04a4b6fc31094cbf2c6e0a24ff8,604462f386c003e397cd55934c67735731d9683e762902ff4d23fad1f410c0bb,10,1103932,0,0,tie,tie,False
C102,solomon_txt,f89a0e2a760cc7448a4ca72b88e5b29b94d64b5548f3320f42a6230025ead653,1,1,ok,True,10,1044256,1044.256,0.072392,0.500325,15,time_limit,solomon_exact_1000_v1,,,,,,0.5,,,,25,a5385b24e1b1e895647141e361fbfd125f69b22b8101a03a5bf03d0a059bf87a,False,native,e430e84b5044a1954983f6d380c1155f165e447205dd568d22a78596fa5f0602,604462f386c003e397cd55934c67735731d9683e762902ff4d23fad1f410c0bb,10,1103932,0,-59676,better,better,False
C102,solomon_txt,f89a0e2a760cc7448a4ca72b88e5b29b94d64b5548f3320f42a6230025ead653,2,1,ok,True,10,1120943,1120.943,0.11082,0.500592,1,time_limit,solomon_exact_1000_v1,,,,,,0.5,,,,25,a5385b24e1b1e895647141e361fbfd125f69b22b8101a03a5bf03d0a059bf87a,False,python,18b60bd1f8a3f3a3299830e92120a9841e4fb04a4b6fc31094cbf2c6e0a24ff8,604462f386c003e397cd55934c67735731d9683e762902ff4d23fad1f410c0bb,10,1120943,0,0,tie,tie,False
C102,solomon_txt,f89a0e2a760cc7448a4ca72b88e5b29b94d64b5548f3320f42a6230025ead653,2,1,ok,True,10,1056011,1056.011,0.102531,0.500578,13,time_limit,solomon_exact_1000_v1,,,,,,0.5,,,,25,a5385b24e1b1e895647141e361fbfd125f69b22b8101a03a5bf03d0a059bf87a,False,native,e430e84b5044a1954983f6d380c1155f165e447205dd568d22a78596fa5f0602,604462f386c003e397cd55934c67735731d9683e762902ff4d23fad1f410c0bb,10,1120943,0,-64932,better,better,False
C103,solomon_txt,a55cabf15e0da9d65696a5fb45c9852889479893f76f772a428ca15d1b415a51,0,1,ok,True,10,1695846,1695.846,0.13437,0.500623,1,time_limit,solomon_exact_1000_v1,,,,,,0.5,,,,25,a5385b24e1b1e895647141e361fbfd125f69b22b8101a03a5bf03d0a059bf87a,False,python,18b60bd1f8a3f3a3299830e92120a9841e4fb04a4b6fc31094cbf2c6e0a24ff8,604462f386c003e397cd55934c67735731d9683e762902ff4d23fad1f410c0bb,10,1695846,0,0,tie,tie,False
C103,solomon_txt,a55cabf15e0da9d65696a5fb45c9852889479893f76f772a428ca15d1b415a51,0,1,ok,True,10,1226430,1226.43,0.121379,0.500358,9,time_limit,solomon_exact_1000_v1,,,,,,0.5,,,,25,a5385b24e1b1e895647141e361fbfd125f69b22b8101a03a5bf03d0a059bf87a,False,native,e430e84b5044a1954983f6d380c1155f165e447205dd568d22a78596fa5f0602,604462f386c003e397cd55934c67735731d9683e762902ff4d23fad1f410c0bb,10,1695846,0,-469416,better,better,False
C103,solomon_txt,a55cabf15e0da9d65696a5fb45c9852889479893f76f772a428ca15d1b415a51,1,1,ok,True,10,1694142,1694.142,0.131316,0.500629,1,time_limit,solomon_exact_1000_v1,,,,,,0.5,,,,25,a5385b24e1b1e895647141e361fbfd125f69b22b8101a03a5bf03d0a059bf87a,False,python,18b60bd1f8a3f3a3299830e92120a9841e4fb04a4b6fc31094cbf2c6e0a24ff8,604462f386c003e397cd55934c67735731d9683e762902ff4d23fad1f410c0bb,10,1694142,0,0,tie,tie,False
C103,solomon_txt,a55cabf15e0da9d65696a5fb45c9852889479893f76f772a428ca15d1b415a51,1,1,ok,True,10,1221773,1221.773,0.123326,0.501001,5,time_limit,solomon_exact_1000_v1,,,,,,0.5,,,,25,a5385b24e1b1e895647141e361fbfd125f69b22b8101a03a5bf03d0a059bf87a,False,native,e430e84b5044a1954983f6d380c1155f165e447205dd568d22a78596fa5f0602,604462f386c003e397cd55934c67735731d9683e762902ff4d23fad1f410c0bb,10,1694142,0,-472369,better,better,False
C103,solomon_txt,a55cabf15e0da9d65696a5fb45c9852889479893f76f772a428ca15d1b415a51,2,1,ok,True,10,1692015,1692.015,0.115749,0.500579,1,time_limit,solomon_exact_1000_v1,,,,,,0.5,,,,25,a5385b24e1b1e895647141e361fbfd125f69b22b8101a03a5bf03d0a059bf87a,False,python,18b60bd1f8a3f3a3299830e92120a9841e4fb04a4b6fc31094cbf2c6e0a24ff8,604462f386c003e397cd55934c67735731d9683e762902ff4d23fad1f410c0bb,10,1692015,0,0,tie,tie,False
C103,solomon_txt,a55cabf15e0da9d65696a5fb45c9852889479893f76f772a428ca15d1b415a51,2,1,ok,True,10,1088174,1088.174,0.117489,0.500606,5,time_limit,solomon_exact_1000_v1,,,,,,0.5,,,,25,a5385b24e1b1e895647141e361fbfd125f69b22b8101a03a5bf03d0a059bf87a,False,native,e430e84b5044a1954983f6d380c1155f165e447205dd568d22a78596fa5f0602,604462f386c003e397cd55934c67735731d9683e762902ff4d23fad1f410c0bb,10,1692015,0,-603841,better,better,False
C104,solomon_txt,fe333e81625ee5a75bb2ce98c2c9f356d07289237865b62a23ba2f32f0de5ee2,0,1,ok,True,10,1505165,1505.165,0.118661,0.500619,1,time_limit,solomon_exact_1000_v1,,,,,,0.5,,,,25,a5385b24e1b1e895647141e361fbfd125f69b22b8101a03a5bf03d0a059bf87a,False,python,18b60bd1f8a3f3a3299830e92120a9841e4fb04a4b6fc31094cbf2c6e0a24ff8,604462f386c003e397cd55934c67735731d9683e762902ff4d23fad1f410c0bb,10,1505165,0,0,tie,tie,False
C104,solomon_txt,fe333e81625ee5a75bb2ce98c2c9f356d07289237865b62a23ba2f32f0de5ee2,0,1,ok,True,10,1045222,1045.222,0.126107,0.500571,6,time_limit,solomon_exact_1000_v1,,,,,,0.5,,,,25,a5385b24e1b1e895647141e361fbfd125f69b22b8101a03a5bf03d0a059bf87a,False,native,e430e84b5044a1954983f6d380c1155f165e447205dd568d22a78596fa5f0602,604462f386c003e397cd55934c67735731d9683e762902ff4d23fad1f410c0bb,10,1505165,0,-459943,better,better,False
C104,solomon_txt,fe333e81625ee5a75bb2ce98c2c9f356d07289237865b62a23ba2f32f0de5ee2,1,1,ok,True,10,1544783,1544.783,0.122762,0.50065,1,time_limit,solomon_exact_1000_v1,,,,,,0.5,,,,25,a5385b24e1b1e895647141e361fbfd125f69b22b8101a03a5bf03d0a059bf87a,False,python,18b60bd1f8a3f3a3299830e92120a9841e4fb04a4b6fc31094cbf2c6e0a24ff8,604462f386c003e397cd55934c67735731d9683e762902ff4d23fad1f410c0bb,10,1544783,0,0,tie,tie,False
C104,solomon_txt,fe333e81625ee5a75bb2ce98c2c9f356d07289237865b62a23ba2f32f0de5ee2,1,1,ok,True,10,977607,977.607,0.129118,0.500619,1,time_limit,solomon_exact_1000_v1,,,,,,0.5,,,,25,a5385b24e1b1e895647141e361fbfd125f69b22b8101a03a5bf03d0a059bf87a,False,native,e430e84b5044a1954983f6d380c1155f165e447205dd568d22a78596fa5f0602,604462f386c003e397cd55934c67735731d9683e762902ff4d23fad1f410c0bb,10,1544783,0,-567176,better,better,False
C104,solomon_txt,fe333e81625ee5a75bb2ce98c2c9f356d07289237865b62a23ba2f32f0de5ee2,2,1,ok,True,10,1511171,1511.171,0.126921,0.500777,1,time_limit,solomon_exact_1000_v1,,,,,,0.5,,,,25,a5385b24e1b1e895647141e361fbfd125f69b22b8101a03a5bf03d0a059bf87a,False,python,18b60bd1f8a3f3a3299830e92120a9841e4fb04a4b6fc31094cbf2c6e0a24ff8,604462f386c003e397cd55934c67735731d9683e762902ff4d23fad1f410c0bb,10,1511171,0,0,tie,tie,False
C104,solomon_txt,fe333e81625ee5a75bb2ce98c2c9f356d07289237865b62a23ba2f32f0de5ee2,2,1,ok,True,10,1101817,1101.817,0.134834,0.501022,3,time_limit,solomon_exact_1000_v1,,,,,,0.5,,,,25,a5385b24e1b1e895647141e361fbfd125f69b22b8101a03a5bf03d0a059bf87a,False,native,e430e84b5044a1954983f6d380c1155f165e447205dd568d22a78596fa5f0602,604462f386c003e397cd55934c67735731d9683e762902ff4d23fad1f410c0bb,10,1511171,0,-409354,better,better,False
C105,solomon_txt,9a877a3a6fb922e7ad9297cc0308bc8a5652cb1495a0228ee6b81b2d938aa29f,0,1,ok,True,10,1024154,1024.154,0.132693,0.500582,1,time_limit,solomon_exact_1000_v1,,,,,,0.5,,,,25,a5385b24e1b1e895647141e361fbfd125f69b22b8101a03a5bf03d0a059bf87a,False,python,18b60bd1f8a3f3a3299830e92120a9841e4fb04a4b6fc31094cbf2c6e0a24ff8,604462f386c003e397cd55934c67735731d9683e762902ff4d23fad1f410c0bb,10,1024154,0,0,tie,tie,False
C105,solomon_txt,9a877a3a6fb922e7ad9297cc0308bc8a5652cb1495a0228ee6b81b2d938aa29f,0,1,ok,True,10,854315,854.315,0.101372,0.500572,10,time_limit,solomon_exact_1000_v1,,,,,,0.5,,,,25,a5385b24e1b1e895647141e361fbfd125f69b22b8101a03a5bf03d0a059bf87a,False,native,e430e84b5044a1954983f6d380c1155f165e447205dd568d22a78596fa5f0602,604462f386c003e397cd55934c67735731d9683e762902ff4d23fad1f410c0bb,10,1024154,0,-169839,better,better,False
C105,solomon_txt,9a877a3a6fb922e7ad9297cc0308bc8a5652cb1495a0228ee6b81b2d938aa29f,1,1,ok,True,10,920905,920.905,0.100554,0.500698,1,time_limit,solomon_exact_1000_v1,,,,,,0.5,,,,25,a5385b24e1b1e895647141e361fbfd125f69b22b8101a03a5bf03d0a059bf87a,False,python,18b60bd1f8a3f3a3299830e92120a9841e4fb04a4b6fc31094cbf2c6e0a24ff8,604462f386c003e397cd55934c67735731d9683e762902ff4d23fad1f410c0bb,10,920905,0,0,tie,tie,False
C105,solomon_txt,9a877a3a6fb922e7ad9297cc0308bc8a5652cb1495a0228ee6b81b2d938aa29f,1,1,ok,True,10,918265,918.265,0.099701,0.500312,14,time_limit,solomon_exact_1000_v1,,,,,,0.5,,,,25,a5385b24e1b1e895647141e361fbfd125f69b22b8101a03a5bf03d0a059bf87a,False,native,e430e84b5044a1954983f6d380c1155f165e447205dd568d22a78596fa5f0602,604462f386c003e397cd55934c67735731d9683e762902ff4d23fad1f410c0bb,10,920905,0,-2640,better,better,False
C105,solomon_txt,9a877a3a6fb922e7ad9297cc0308bc8a5652cb1495a0228ee6b81b2d938aa29f,2,1,ok,True,10,910050,910.05,0.099808,0.500666,1,time_limit,solomon_exact_1000_v1,,,,,,0.5,,,,25,a5385b24e1b1e895647141e361fbfd125f69b22b8101a03a5bf03d0a059bf87a,False,python,18b60bd1f8a3f3a3299830e92120a9841e4fb04a4b6fc31094cbf2c6e0a24ff8,604462f386c003e397cd55934c67735731d9683e762902ff4d23fad1f410c0bb,10,910050,0,0,tie,tie,False
C105,solomon_txt,9a877a3a6fb922e7ad9297cc0308bc8a5652cb1495a0228ee6b81b2d938aa29f,2,1,ok,True,10,867785,867.785,0.10146,0.500673,14,time_limit,solomon_exact_1000_v1,,,,,,0.5,,,,25,a5385b24e1b1e895647141e361fbfd125f69b22b8101a03a5bf03d0a059bf87a,False,native,e430e84b5044a1954983f6d380c1155f165e447205dd568d22a78596fa5f0602,604462f386c003e397cd55934c67735731d9683e762902ff4d23fad1f410c0bb,10,910050,0,-42265,better,better,False
C106,solomon_txt,ec9b419bed53e9c607cce76e8c6bc59feb6e4d17646905601f008a4141ec7b40,0,1,ok,True,10,1072424,1072.424,0.095862,0.500583,1,time_limit,solomon_exact_1000_v1,,,,,,0.5,,,,25,a5385b24e1b1e895647141e361fbfd125f69b22b8101a03a5bf03d0a059bf87a,False,python,18b60bd1f8a3f3a3299830e92120a9841e4fb04a4b6fc31094cbf2c6e0a24ff8,604462f386c003e397cd55934c67735731d9683e762902ff4d23fad1f410c0bb,10,1072424,0,0,tie,tie,False
C106,solomon_txt,ec9b419bed53e9c607cce76e8c6bc59feb6e4d17646905601f008a4141ec7b40,0,1,ok,True,10,891952,891.952,0.097175,0.500384,9,time_limit,solomon_exact_1000_v1,,,,,,0.5,,,,25,a5385b24e1b1e895647141e361fbfd125f69b22b8101a03a5bf03d0a059bf87a,False,native,e430e84b5044a1954983f6d380c1155f165e447205dd568d22a78596fa5f0602,604462f386c003e397cd55934c67735731d9683e762902ff4d23fad1f410c0bb,10,1072424,0,-180472,better,better,False
C106,solomon_txt,ec9b419bed53e9c607cce76e8c6bc59feb6e4d17646905601f008a4141ec7b40,1,1,ok,True,10,992685,992.685,0.094446,0.500586,1,time_limit,solomon_exact_1000_v1,,,,,,0.5,,,,25,a5385b24e1b1e895647141e361fbfd125f69b22b8101a03a5bf03d0a059bf87a,False,python,18b60bd1f8a3f3a3299830e92120a9841e4fb04a4b6fc31094cbf2c6e0a24ff8,604462f386c003e397cd55934c67735731d9683e762902ff4d23fad1f410c0bb,10,992685,0,0,tie,tie,False
C106,solomon_txt,ec9b419bed53e9c607cce76e8c6bc59feb6e4d17646905601f008a4141ec7b40,1,1,ok,True,10,905132,905.132,0.097347,0.500587,13,time_limit,solomon_exact_1000_v1,,,,,,0.5,,,,25,a5385b24e1b1e895647141e361fbfd125f69b22b8101a03a5bf03d0a059bf87a,False,native,e430e84b5044a1954983f6d380c1155f165e447205dd568d22a78596fa5f0602,604462f386c003e397cd55934c67735731d9683e762902ff4d23fad1f410c0bb,10,992685,0,-87553,better,better,False
C106,solomon_txt,ec9b419bed53e9c607cce76e8c6bc59feb6e4d17646905601f008a4141ec7b40,2,1,ok,True,10,1037941,1037.941,0.096156,0.501121,1,time_limit,solomon_exact_1000_v1,,,,,,0.5,,,,25,a5385b24e1b1e895647141e361fbfd125f69b22b8101a03a5bf03d0a059bf87a,False,python,18b60bd1f8a3f3a3299830e92120a9841e4fb04a4b6fc31094cbf2c6e0a24ff8,604462f386c003e397cd55934c67735731d9683e762902ff4d23fad1f410c0bb,10,1037941,0,0,tie,tie,False
C106,solomon_txt,ec9b419bed53e9c607cce76e8c6bc59feb6e4d17646905601f008a4141ec7b40,2,1,ok,True,10,1037941,1037.941,0.094633,0.500318,15,time_limit,solomon_exact_1000_v1,,,,,,0.5,,,,25,a5385b24e1b1e895647141e361fbfd125f69b22b8101a03a5bf03d0a059bf87a,False,native,e430e84b5044a1954983f6d380c1155f165e447205dd568d22a78596fa5f0602,604462f386c003e397cd55934c67735731d9683e762902ff4d23fad1f410c0bb,10,1037941,0,0,tie,tie,False
C107,solomon_txt,cb3cdc10d812fa17370eb52cb753b6b0574426dc6fabeb8b9076ed750ddf05ca,0,1,ok,True,10,1097301,1097.301,0.130573,0.500622,1,time_limit,solomon_exact_1000_v1,,,,,,0.5,,,,25,a5385b24e1b1e895647141e361fbfd125f69b22b8101a03a5bf03d0a059bf87a,False,python,18b60bd1f8a3f3a3299830e92120a9841e4fb04a4b6fc31094cbf2c6e0a24ff8,604462f386c003e397cd55934c67735731d9683e762902ff4d23fad1f410c0bb,10,1097301,0,0,tie,tie,False
C107,solomon_txt,cb3cdc10d812fa17370eb52cb753b6b0574426dc6fabeb8b9076ed750ddf05ca,0,1,ok,True,10,934258,934.258,0.118481,0.500298,11,time_limit,solomon_exact_1000_v1,,,,,,0.5,,,,25,a5385b24e1b1e895647141e361fbfd125f69b22b8101a03a5bf03d0a059bf87a,False,native,e430e84b5044a1954983f6d380c1155f165e447205dd568d22a78596fa5f0602,604462f386c003e397cd55934c67735731d9683e762902ff4d23fad1f410c0bb,10,1097301,0,-163043,better,better,False
C107,solomon_txt,cb3cdc10d812fa17370eb52cb753b6b0574426dc6fabeb8b9076ed750ddf05ca,1,1,ok,True,10,965004,965.004,0.102453,0.500633,1,time_limit,solomon_exact_1000_v1,,,,,,0.5,,,,25,a5385b24e1b1e895647141e361fbfd125f69b22b8101a03a5bf03d0a059bf87a,False,python,18b60bd1f8a3f3a3299830e92120a9841e4fb04a4b6fc31094cbf2c6e0a24ff8,604462f386c003e397cd55934c67735731d9683e762902ff4d23fad1f410c0bb,10,965004,0,0,tie,tie,False
C107,solomon_txt,cb3cdc10d812fa17370eb52cb753b6b0574426dc6fabeb8b9076ed750ddf05ca,1,1,ok,True,10,882031,882.031,0.104905,0.500586,12,time_limit,solomon_exact_1000_v1,,,,,,0.5,,,,25,a5385b24e1b1e895647141e361fbfd125f69b22b8101a03a5bf03d0a059bf87a,False,native,e430e84b5044a1954983f6d380c1155f165e447205dd568d22a78596fa5f0602,604462f386c003e397cd55934c67735731d9683e762902ff4d23fad1f410c0bb,10,965004,0,-82973,better,better,False
C107,solomon_txt,cb3cdc10d812fa17370eb52cb753b6b0574426dc6fabeb8b9076ed750ddf05ca,2,1,ok,True,10,893281,893.281,0.102865,0.500616,1,time_limit,solomon_exact_1000_v1,,,,,,0.5,,,,25,a5385b24e1b1e895647141e361fbfd125f69b22b8101a03a5bf03d0a059bf87a,False,python,18b60bd1f8a3f3a3299830e92120a9841e4fb04a4b6fc31094cbf2c6e0a24ff8,604462f386c003e397cd55934c67735731d9683e762902ff4d23fad1f410c0bb,10,893281,0,0,tie,tie,False
C107,solomon_txt,cb3cdc10d812fa17370eb52cb753b6b0574426dc6fabeb8b9076ed750ddf05ca,2,1,ok,True,10,892555,892.555,0.104025,0.500566,15,time_limit,solomon_exact_1000_v1,,,,,,0.5,,,,25,a5385b24e1b1e895647141e361fbfd125f69b22b8101a03a5bf03d0a059bf87a,False,native,e430e84b5044a1954983f6d380c1155f165e447205dd568d22a78596fa5f0602,604462f386c003e397cd55934c67735731d9683e762902ff4d23fad1f410c0bb,10,893281,0,-726,better,better,False
C108,solomon_txt,b8c7e48f292b66b283d8e71511e3a4eccaa4c4bc66b9313c399e73b0226f5953,0,1,ok,True,11,1917277,1917.277,0.100817,0.500595,1,time_limit,solomon_exact_1000_v1,,,,,,0.5,,,,25,a5385b24e1b1e895647141e361fbfd125f69b22b8101a03a5bf03d0a059bf87a,False,python,18b60bd1f8a3f3a3299830e92120a9841e4fb04a4b6fc31094cbf2c6e0a24ff8,604462f386c003e397cd55934c67735731d9683e762902ff4d23fad1f410c0bb,11,1917277,0,0,tie,tie,False
C108,solomon_txt,b8c7e48f292b66b283d8e71511e3a4eccaa4c4bc66b9313c399e73b0226f5953,0,1,ok,True,11,1180568,1180.568,0.100172,0.500895,1,time_limit,solomon_exact_1000_v1,,,,,,0.5,,,,25,a5385b24e1b1e895647141e361fbfd125f69b22b8101a03a5bf03d0a059bf87a,False,native,e430e84b5044a1954983f6d380c1155f165e447205dd568d22a78596fa5f0602,604462f386c003e397cd55934c67735731d9683e762902ff4d23fad1f410c0bb,11,1917277,0,-736709,better,better,False
C108,solomon_txt,b8c7e48f292b66b283d8e71511e3a4eccaa4c4bc66b9313c399e73b0226f5953,1,1,ok,True,10,1381616,1381.616,0.098636,0.500597,1,time_limit,solomon_exact_1000_v1,,,,,,0.5,,,,25,a5385b24e1b1e895647141e361fbfd125f69b22b8101a03a5bf03d0a059bf87a,False,python,18b60bd1f8a3f3a3299830e92120a9841e4fb04a4b6fc31094cbf2c6e0a24ff8,604462f386c003e397cd55934c67735731d9683e762902ff4d23fad1f410c0bb,10,1381616,0,0,tie,tie,False
C108,solomon_txt,b8c7e48f292b66b283d8e71511e3a4eccaa4c4bc66b9313c399e73b0226f5953,1,1,ok,True,10,981455,981.455,0.098765,0.500344,10,time_limit,solomon_exact_1000_v1,,,,,,0.5,,,,25,a5385b24e1b1e895647141e361fbfd125f69b22b8101a03a5bf03d0a059bf87a,False,native,e430e84b5044a1954983f6d380c1155f165e447205dd568d22a78596fa5f0602,604462f386c003e397cd55934c67735731d9683e762902ff4d23fad1f410c0bb,10,1381616,0,-400161,better,better,False
C108,solomon_txt,b8c7e48f292b66b283d8e71511e3a4eccaa4c4bc66b9313c399e73b0226f5953,2,1,ok,True,10,1272288,1272.288,0.121216,0.501145,2,time_limit,solomon_exact_1000_v1,,,,,,0.5,,,,25,a5385b24e1b1e895647141e361fbfd125f69b22b8101a03a5bf03d0a059bf87a,False,python,18b60bd1f8a3f3a3299830e92120a9841e4fb04a4b6fc31094cbf2c6e0a24ff8,604462f386c003e397cd55934c67735731d9683e762902ff4d23fad1f410c0bb,10,1272288,0,0,tie,tie,False
C108,solomon_txt,b8c7e48f292b66b283d8e71511e3a4eccaa4c4bc66b9313c399e73b0226f5953,2,1,ok,True,10,873633,873.633,0.151887,0.500341,7,time_limit,solomon_exact_1000_v1,,,,,,0.5,,,,25,a5385b24e1b1e895647141e361fbfd125f69b22b8101a03a5bf03d0a059bf87a,False,native,e430e84b5044a1954983f6d380c1155f165e447205dd568d22a78596fa5f0602,604462f386c003e397cd55934c67735731d9683e762902ff4d23fad1f410c0bb,10,1272288,0,-398655,better,better,False
C109,solomon_txt,72d8489e14bf1bb18456f0b21b01110506cbcc2354719dae8481b480150f142a,0,1,ok,True,10,1357124,1357.124,0.108961,0.500622,1,time_limit,solomon_exact_1000_v1,,,,,,0.5,,,,25,a5385b24e1b1e895647141e361fbfd125f69b22b8101a03a5bf03d0a059bf87a,False,python,18b60bd1f8a3f3a3299830e92120a9841e4fb04a4b6fc31094cbf2c6e0a24ff8,604462f386c003e397cd55934c67735731d9683e762902ff4d23fad1f410c0bb,10,1357124,0,0,tie,tie,False
C109,solomon_txt,72d8489e14bf1bb18456f0b21b01110506cbcc2354719dae8481b480150f142a,0,1,ok,True,10,1069536,1069.536,0.108645,0.500311,10,time_limit,solomon_exact_1000_v1,,,,,,0.5,,,,25,a5385b24e1b1e895647141e361fbfd125f69b22b8101a03a5bf03d0a059bf87a,False,native,e430e84b5044a1954983f6d380c1155f165e447205dd568d22a78596fa5f0602,604462f386c003e397cd55934c67735731d9683e762902ff4d23fad1f410c0bb,10,1357124,0,-287588,better,better,False
C109,solomon_txt,72d8489e14bf1bb18456f0b21b01110506cbcc2354719dae8481b480150f142a,1,1,ok,True,10,1410025,1410.025,0.110462,0.500664,1,time_limit,solomon_exact_1000_v1,,,,,,0.5,,,,25,a5385b24e1b1e895647141e361fbfd125f69b22b8101a03a5bf03d0a059bf87a,False,python,18b60bd1f8a3f3a3299830e92120a9841e4fb04a4b6fc31094cbf2c6e0a24ff8,604462f386c003e397cd55934c67735731d9683e762902ff4d23fad1f410c0bb,10,1410025,0,0,tie,tie,False
C109,solomon_txt,72d8489e14bf1bb18456f0b21b01110506cbcc2354719dae8481b480150f142a,1,1,ok,True,10,905739,905.739,0.108293,0.500568,5,time_limit,solomon_exact_1000_v1,,,,,,0.5,,,,25,a5385b24e1b1e895647141e361fbfd125f69b22b8101a03a5bf03d0a059bf87a,False,native,e430e84b5044a1954983f6d380c1155f165e447205dd568d22a78596fa5f0602,604462f386c003e397cd55934c67735731d9683e762902ff4d23fad1f410c0bb,10,1410025,0,-504286,better,better,False
C109,solomon_txt,72d8489e14bf1bb18456f0b21b01110506cbcc2354719dae8481b480150f142a,2,1,ok,True,10,1350711,1350.711,0.112818,0.500611,1,time_limit,solomon_exact_1000_v1,,,,,,0.5,,,,25,a5385b24e1b1e895647141e361fbfd125f69b22b8101a03a5bf03d0a059bf87a,False,python,18b60bd1f8a3f3a3299830e92120a9841e4fb04a4b6fc31094cbf2c6e0a24ff8,604462f386c003e397cd55934c67735731d9683e762902ff4d23fad1f410c0bb,10,1350711,0,0,tie,tie,False
C109,solomon_txt,72d8489e14bf1bb18456f0b21b01110506cbcc2354719dae8481b480150f142a,2,1,ok,True,10,1063137,1063.137,0.116522,0.500705,11,time_limit,solomon_exact_1000_v1,,,,,,0.5,,,,25,a5385b24e1b1e895647141e361fbfd125f69b22b8101a03a5bf03d0a059bf87a,False,native,e430e84b5044a1954983f6d380c1155f165e447205dd568d22a78596fa5f0602,604462f386c003e397cd55934c67735731d9683e762902ff4d23fad1f410c0bb,10,1350711,0,-287574,better,better,False
C201,solomon_txt,d8d9834087ae2326fa23a8510533060233dc9fb481873be60956eb26a880ad63,0,1,ok,True,3,702313,702.313,0.264389,0.500576,1,time_limit,solomon_exact_1000_v1,,,,,,0.5,,,,25,a5385b24e1b1e895647141e361fbfd125f69b22b8101a03a5bf03d0a059bf87a,False,python,18b60bd1f8a3f3a3299830e92120a9841e4fb04a4b6fc31094cbf2c6e0a24ff8,604462f386c003e397cd55934c67735731d9683e762902ff4d23fad1f410c0bb,3,702313,0,0,tie,tie,False
C201,solomon_txt,d8d9834087ae2326fa23a8510533060233dc9fb481873be60956eb26a880ad63,0,1,ok,True,3,591555,591.555,0.269761,0.500537,4,time_limit,solomon_exact_1000_v1,,,,,,0.5,,,,25,a5385b24e1b1e895647141e361fbfd125f69b22b8101a03a5bf03d0a059bf87a,False,native,e430e84b5044a1954983f6d380c1155f165e447205dd568d22a78596fa5f0602,604462f386c003e397cd55934c67735731d9683e762902ff4d23fad1f410c0bb,3,702313,0,-110758,better,better,False
C201,solomon_txt,d8d9834087ae2326fa23a8510533060233dc9fb481873be60956eb26a880ad63,1,1,ok,True,3,702313,702.313,0.263478,0.500605,1,time_limit,solomon_exact_1000_v1,,,,,,0.5,,,,25,a5385b24e1b1e895647141e361fbfd125f69b22b8101a03a5bf03d0a059bf87a,False,python,18b60bd1f8a3f3a3299830e92120a9841e4fb04a4b6fc31094cbf2c6e0a24ff8,604462f386c003e397cd55934c67735731d9683e762902ff4d23fad1f410c0bb,3,702313,0,0,tie,tie,False
C201,solomon_txt,d8d9834087ae2326fa23a8510533060233dc9fb481873be60956eb26a880ad63,1,1,ok,True,3,591555,591.555,0.261555,0.500339,5,time_limit,solomon_exact_1000_v1,,,,,,0.5,,,,25,a5385b24e1b1e895647141e361fbfd125f69b22b8101a03a5bf03d0a059bf87a,False,native,e430e84b5044a1954983f6d380c1155f165e447205dd568d22a78596fa5f0602,604462f386c003e397cd55934c67735731d9683e762902ff4d23fad1f410c0bb,3,702313,0,-110758,better,better,False
C201,solomon_txt,d8d9834087ae2326fa23a8510533060233dc9fb481873be60956eb26a880ad63,2,1,ok,True,3,704252,704.252,0.298475,0.500634,1,time_limit,solomon_exact_1000_v1,,,,,,0.5,,,,25,a5385b24e1b1e895647141e361fbfd125f69b22b8101a03a5bf03d0a059bf87a,False,python,18b60bd1f8a3f3a3299830e92120a9841e4fb04a4b6fc31094cbf2c6e0a24ff8,604462f386c003e397cd55934c67735731d9683e762902ff4d23fad1f410c0bb,3,704252,0,0,tie,tie,False
C201,solomon_txt,d8d9834087ae2326fa23a8510533060233dc9fb481873be60956eb26a880ad63,2,1,ok,True,3,591555,591.555,0.315324,0.500353,3,time_limit,solomon_exact_1000_v1,,,,,,0.5,,,,25,a5385b24e1b1e895647141e361fbfd125f69b22b8101a03a5bf03d0a059bf87a,False,native,e430e84b5044a1954983f6d380c1155f165e447205dd568d22a78596fa5f0602,604462f386c003e397cd55934c67735731d9683e762902ff4d23fad1f410c0bb,3,704252,0,-112697,better,better,False
C202,solomon_txt,dfc8ecad79f6c7ffb096cd36994143569f0babe284d5ad194683271d81063772,0,1,ok,True,3,724988,724.988,0.277537,0.500546,1,time_limit,solomon_exact_1000_v1,,,,,,0.5,,,,25,a5385b24e1b1e895647141e361fbfd125f69b22b8101a03a5bf03d0a059bf87a,False,python,18b60bd1f8a3f3a3299830e92120a9841e4fb04a4b6fc31094cbf2c6e0a24ff8,604462f386c003e397cd55934c67735731d9683e762902ff4d23fad1f410c0bb,3,724988,0,0,tie,tie,False
C202,solomon_txt,dfc8ecad79f6c7ffb096cd36994143569f0babe284d5ad194683271d81063772,0,1,ok,True,3,620286,620.286,0.255788,0.500551,3,time_limit,solomon_exact_1000_v1,,,,,,0.5,,,,25,a5385b24e1b1e895647141e361fbfd125f69b22b8101a03a5bf03d0a059bf87a,False,native,e430e84b5044a1954983f6d380c1155f165e447205dd568d22a78596fa5f0602,604462f386c003e397cd55934c67735731d9683e762902ff4d23fad1f410c0bb,3,724988,0,-104702,better,better,False
C202,solomon_txt,dfc8ecad79f6c7ffb096cd36994143569f0babe284d5ad194683271d81063772,1,1,ok,True,3,724988,724.988,0.273843,0.500589,1,time_limit,solomon_exact_1000_v1,,,,,,0.5,,,,25,a5385b24e1b1e895647141e361fbfd125f69b22b8101a03a5bf03d0a059bf87a,False,python,18b60bd1f8a3f3a3299830e92120a9841e4fb04a4b6fc31094cbf2c6e0a24ff8,604462f386c003e397cd55934c67735731d9683e762902ff4d23fad1f410c0bb,3,724988,0,0,tie,tie,False
C202,solomon_txt,dfc8ecad79f6c7ffb096cd36994143569f0babe284d5ad194683271d81063772,1,1,ok,True,3,620286,620.286,0.249818,0.500547,3,time_limit,solomon_exact_1000_v1,,,,,,0.5,,,,25,a5385b24e1b1e895647141e361fbfd125f69b22b8101a03a5bf03d0a059bf87a,False,native,e430e84b5044a1954983f6d380c1155f165e447205dd568d22a78596fa5f0602,604462f386c003e397cd55934c67735731d9683e762902ff4d23fad1f410c0bb,3,724988,0,-104702,better,better,False
C202,solomon_txt,dfc8ecad79f6c7ffb096cd36994143569f0babe284d5ad194683271d81063772,2,1,ok,True,3,720767,720.767,0.245926,0.500555,1,time_limit,solomon_exact_1000_v1,,,,,,0.5,,,,25,a5385b24e1b1e895647141e361fbfd125f69b22b8101a03a5bf03d0a059bf87a,False,python,18b60bd1f8a3f3a3299830e92120a9841e4fb04a4b6fc31094cbf2c6e0a24ff8,604462f386c003e397cd55934c67735731d9683e762902ff4d23fad1f410c0bb,3,720767,0,0,tie,tie,False
C202,solomon_txt,dfc8ecad79f6c7ffb096cd36994143569f0babe284d5ad194683271d81063772,2,1,ok,True,3,620286,620.286,0.248993,0.500288,4,time_limit,solomon_exact_1000_v1,,,,,,0.5,,,,25,a5385b24e1b1e895647141e361fbfd125f69b22b8101a03a5bf03d0a059bf87a,False,native,e430e84b5044a1954983f6d380c1155f165e447205dd568d22a78596fa5f0602,604462f386c003e397cd55934c67735731d9683e762902ff4d23fad1f410c0bb,3,720767,0,-100481,better,better,False
C203,solomon_txt,2b79eea2962a848cb29f6153d4fb4ae725d35507686d937da6643b33fcd85062,0,1,ok,True,3,632006,632.006,0.244626,0.500705,1,time_limit,solomon_exact_1000_v1,,,,,,0.5,,,,25,a5385b24e1b1e895647141e361fbfd125f69b22b8101a03a5bf03d0a059bf87a,False,python,18b60bd1f8a3f3a3299830e92120a9841e4fb04a4b6fc31094cbf2c6e0a24ff8,604462f386c003e397cd55934c67735731d9683e762902ff4d23fad1f410c0bb,3,632006,0,0,tie,tie,False
C203,solomon_txt,2b79eea2962a848cb29f6153d4fb4ae725d35507686d937da6643b33fcd85062,0,1,ok,True,3,600207,600.207,0.257189,0.500322,4,time_limit,solomon_exact_1000_v1,,,,,,0.5,,,,25,a5385b24e1b1e895647141e361fbfd125f69b22b8101a03a5bf03d0a059bf87a,False,native,e430e84b5044a1954983f6d380c1155f165e447205dd568d22a78596fa5f0602,604462f386c003e397cd55934c67735731d9683e762902ff4d23fad1f410c0bb,3,632006,0,-31799,better,better,False
C203,solomon_txt,2b79eea2962a848cb29f6153d4fb4ae725d35507686d937da6643b33fcd85062,1,1,ok,True,3,716777,716.777,0.250508,0.500543,1,time_limit,solomon_exact_1000_v1,,,,,,0.5,,,,25,a5385b24e1b1e895647141e361fbfd125f69b22b8101a03a5bf03d0a059bf87a,False,python,18b60bd1f8a3f3a3299830e92120a9841e4fb04a4b6fc31094cbf2c6e0a24ff8,604462f386c003e397cd55934c67735731d9683e762902ff4d23fad1f410c0bb,3,716777,0,0,tie,tie,False
C203,solomon_txt,2b79eea2962a848cb29f6153d4fb4ae725d35507686d937da6643b33fcd85062,1,1,ok,True,3,603368,603.368,0.237312,0.500298,4,time_limit,solomon_exact_1000_v1,,,,,,0.5,,,,25,a5385b24e1b1e895647141e361fbfd125f69b22b8101a03a5bf03d0a059bf87a,False,native,e430e84b5044a1954983f6d380c1155f165e447205dd568d22a78596fa5f0602,604462f386c003e397cd55934c67735731d9683e762902ff4d23fad1f410c0bb,3,716777,0,-113409,better,better,False
C203,solomon_txt,2b79eea2962a848cb29f6153d4fb4ae725d35507686d937da6643b33fcd85062,2,1,ok,True,3,670577,670.577,0.239011,0.50058,1,time_limit,solomon_exact_1000_v1,,,,,,0.5,,,,25,a5385b24e1b1e895647141e361fbfd125f69b22b8101a03a5bf03d0a059bf87a,False,python,18b60bd1f8a3f3a3299830e92120a9841e4fb04a4b6fc31094cbf2c6e0a24ff8,604462f386c003e397cd55934c67735731d9683e762902ff4d23fad1f410c0bb,3,670577,0,0,tie,tie,False
C203,solomon_txt,2b79eea2962a848cb29f6153d4fb4ae725d35507686d937da6643b33fcd85062,2,1,ok,True,3,621206,621.206,0.248931,0.500519,3,time_limit,solomon_exact_1000_v1,,,,,,0.5,,,,25,a5385b24e1b1e895647141e361fbfd125f69b22b8101a03a5bf03d0a059bf87a,False,native,e430e84b5044a1954983f6d380c1155f165e447205dd568d22a78596fa5f0602,604462f386c003e397cd55934c67735731d9683e762902ff4d23fad1f410c0bb,3,670577,0,-49371,better,better,False
C204,solomon_txt,4331b2744d34e32c2987e3fe8a82b782a2039d757d2aac818f7e0fd21117bfb4,0,1,ok,True,3,942593,942.593,0.257903,0.500646,1,time_limit,solomon_exact_1000_v1,,,,,,0.5,,,,25,a5385b24e1b1e895647141e361fbfd125f69b22b8101a03a5bf03d0a059bf87a,False,python,18b60bd1f8a3f3a3299830e92120a9841e4fb04a4b6fc31094cbf2c6e0a24ff8,604462f386c003e397cd55934c67735731d9683e762902ff4d23fad1f410c0bb,3,942593,0,0,tie,tie,False
C204,solomon_txt,4331b2744d34e32c2987e3fe8a82b782a2039d757d2aac818f7e0fd21117bfb4,0,1,ok,True,3,881748,881.748,0.257932,0.500335,4,time_limit,solomon_exact_1000_v1,,,,,,0.5,,,,25,a5385b24e1b1e895647141e361fbfd125f69b22b8101a03a5bf03d0a059bf87a,False,native,e430e84b5044a1954983f6d380c1155f165e447205dd568d22a78596fa5f0602,604462f386c003e397cd55934c67735731d9683e762902ff4d23fad1f410c0bb,3,942593,0,-60845,better,better,False
C204,solomon_txt,4331b2744d34e32c2987e3fe8a82b782a2039d757d2aac818f7e0fd21117bfb4,1,1,ok,True,3,774487,774.487,0.258473,0.50086,1,time_limit,solomon_exact_1000_v1,,,,,,0.5,,,,25,a5385b24e1b1e895647141e361fbfd125f69b22b8101a03a5bf03d0a059bf87a,False,python,18b60bd1f8a3f3a3299830e92120a9841e4fb04a4b6fc31094cbf2c6e0a24ff8,604462f386c003e397cd55934c67735731d9683e762902ff4d23fad1f410c0bb,3,774487,0,0,tie,tie,False
C204,solomon_txt,4331b2744d34e32c2987e3fe8a82b782a2039d757d2aac818f7e0fd21117bfb4,1,1,ok,True,3,714746,714.746,0.262209,0.500514,5,time_limit,solomon_exact_1000_v1,,,,,,0.5,,,,25,a5385b24e1b1e895647141e361fbfd125f69b22b8101a03a5bf03d0a059bf87a,False,native,e430e84b5044a1954983f6d380c1155f165e447205dd568d22a78596fa5f0602,604462f386c003e397cd55934c67735731d9683e762902ff4d23fad1f410c0bb,3,774487,0,-59741,better,better,False
C204,solomon_txt,4331b2744d34e32c2987e3fe8a82b782a2039d757d2aac818f7e0fd21117bfb4,2,1,ok,True,3,737060,737.06,0.264409,0.500602,1,time_limit,solomon_exact_1000_v1,,,,,,0.5,,,,25,a5385b24e1b1e895647141e361fbfd125f69b22b8101a03a5bf03d0a059bf87a,False,python,18b60bd1f8a3f3a3299830e92120a9841e4fb04a4b6fc31094cbf2c6e0a24ff8,604462f386c003e397cd55934c67735731d9683e762902ff4d23fad1f410c0bb,3,737060,0,0,tie,tie,False
C204,solomon_txt,4331b2744d34e32c2987e3fe8a82b782a2039d757d2aac818f7e0fd21117bfb4,2,1,ok,True,3,634881,634.881,0.259749,0.50036,3,time_limit,solomon_exact_1000_v1,,,,,,0.5,,,,25,a5385b24e1b1e895647141e361fbfd125f69b22b8101a03a5bf03d0a059bf87a,False,native,e430e84b5044a1954983f6d380c1155f165e447205dd568d22a78596fa5f0602,604462f386c003e397cd55934c67735731d9683e762902ff4d23fad1f410c0bb,3,737060,0,-102179,better,better,False
C205,solomon_txt,15be2bb8c3e4ad99a79d1e7ee0472223feb95a4f423d010e032bda0a87266ca5,0,1,ok,True,3,735813,735.813,0.236117,0.500594,1,time_limit,solomon_exact_1000_v1,,,,,,0.5,,,,25,a5385b24e1b1e895647141e361fbfd125f69b22b8101a03a5bf03d0a059bf87a,False,python,18b60bd1f8a3f3a3299830e92120a9841e4fb04a4b6fc31094cbf2c6e0a24ff8,604462f386c003e397cd55934c67735731d9683e762902ff4d23fad1f410c0bb,3,735813,0,0,tie,tie,False
C205,solomon_txt,15be2bb8c3e4ad99a79d1e7ee0472223feb95a4f423d010e032bda0a87266ca5,0,1,ok,True,3,588875,588.875,0.249695,0.500405,4,time_limit,solomon_exact_1000_v1,,,,,,0.5,,,,25,a5385b24e1b1e895647141e361fbfd125f69b22b8101a03a5bf03d0a059bf87a,False,native,e430e84b5044a1954983f6d380c1155f165e447205dd568d22a78596fa5f0602,604462f386c003e397cd55934c67735731d9683e762902ff4d23fad1f410c0bb,3,735813,0,-146938,better,better,False
C205,solomon_txt,15be2bb8c3e4ad99a79d1e7ee0472223feb95a4f423d010e032bda0a87266ca5,1,1,ok,True,3,630828,630.828,0.229867,0.50056,1,time_limit,solomon_exact_1000_v1,,,,,,0.5,,,,25,a5385b24e1b1e895647141e361fbfd125f69b22b8101a03a5bf03d0a059bf87a,False,python,18b60bd1f8a3f3a3299830e92120a9841e4fb04a4b6fc31094cbf2c6e0a24ff8,604462f386c003e397cd55934c67735731d9683e762902ff4d23fad1f410c0bb,3,630828,0,0,tie,tie,False
C205,solomon_txt,15be2bb8c3e4ad99a79d1e7ee0472223feb95a4f423d010e032bda0a87266ca5,1,1,ok,True,3,588875,588.875,0.258287,0.500958,3,time_limit,solomon_exact_1000_v1,,,,,,0.5,,,,25,a5385b24e1b1e895647141e361fbfd125f69b22b8101a03a5bf03d0a059bf87a,False,native,e430e84b5044a1954983f6d380c1155f165e447205dd568d22a78596fa5f0602,604462f386c003e397cd55934c67735731d9683e762902ff4d23fad1f410c0bb,3,630828,0,-41953,better,better,False
C205,solomon_txt,15be2bb8c3e4ad99a79d1e7ee0472223feb95a4f423d010e032bda0a87266ca5,2,1,ok,True,3,645504,645.504,0.252949,0.500734,1,time_limit,solomon_exact_1000_v1,,,,,,0.5,,,,25,a5385b24e1b1e895647141e361fbfd125f69b22b8101a03a5bf03d0a059bf87a,False,python,18b60bd1f8a3f3a3299830e92120a9841e4fb04a4b6fc31094cbf2c6e0a24ff8,604462f386c003e397cd55934c67735731d9683e762902ff4d23fad1f410c0bb,3,645504,0,0,tie,tie,False
C205,solomon_txt,15be2bb8c3e4ad99a79d1e7ee0472223feb95a4f423d010e032bda0a87266ca5,2,1,ok,True,3,588875,588.875,0.291513,0.500594,3,time_limit,solomon_exact_1000_v1,,,,,,0.5,,,,25,a5385b24e1b1e895647141e361fbfd125f69b22b8101a03a5bf03d0a059bf87a,False,native,e430e84b5044a1954983f6d380c1155f165e447205dd568d22a78596fa5f0602,604462f386c003e397cd55934c67735731d9683e762902ff4d23fad1f410c0bb,3,645504,0,-56629,better,better,False
C206,solomon_txt,745b6c7042707ffbbfc4d681ee02a84431425f1dfb3c8aa85ecf003fec8f7e53,0,1,ok,True,3,653578,653.578,0.301947,0.501051,1,time_limit,solomon_exact_1000_v1,,,,,,0.5,,,,25,a5385b24e1b1e895647141e361fbfd125f69b22b8101a03a5bf03d0a059bf87a,False,python,18b60bd1f8a3f3a3299830e92120a9841e4fb04a4b6fc31094cbf2c6e0a24ff8,604462f386c003e397cd55934c67735731d9683e762902ff4d23fad1f410c0bb,3,653578,0,0,tie,tie,False
C206,solomon_txt,745b6c7042707ffbbfc4d681ee02a84431425f1dfb3c8aa85ecf003fec8f7e53,0,1,ok,True,3,592210,592.21,0.312941,0.500596,2,time_limit,solomon_exact_1000_v1,,,,,,0.5,,,,25,a5385b24e1b1e895647141e361fbfd125f69b22b8101a03a5bf03d0a059bf87a,False,native,e430e84b5044a1954983f6d380c1155f165e447205dd568d22a78596fa5f0602,604462f386c003e397cd55934c67735731d9683e762902ff4d23fad1f410c0bb,3,653578,0,-61368,better,better,False
C206,solomon_txt,745b6c7042707ffbbfc4d681ee02a84431425f1dfb3c8aa85ecf003fec8f7e53,1,1,ok,True,3,911170,911.17,0.262791,0.500605,1,time_limit,solomon_exact_1000_v1,,,,,,0.5,,,,25,a5385b24e1b1e895647141e361fbfd125f69b22b8101a03a5bf03d0a059bf87a,False,python,18b60bd1f8a3f3a3299830e92120a9841e4fb04a4b6fc31094cbf2c6e0a24ff8,604462f386c003e397cd55934c67735731d9683e762902ff4d23fad1f410c0bb,3,911170,0,0,tie,tie,False
C206,solomon_txt,745b6c7042707ffbbfc4d681ee02a84431425f1dfb3c8aa85ecf003fec8f7e53,1,1,ok,True,3,590659,590.659,0.267186,0.500872,1,time_limit,solomon_exact_1000_v1,,,,,,0.5,,,,25,a5385b24e1b1e895647141e361fbfd125f69b22b8101a03a5bf03d0a059bf87a,False,native,e430e84b5044a1954983f6d380c1155f165e447205dd568d22a78596fa5f0602,604462f386c003e397cd55934c67735731d9683e762902ff4d23fad1f410c0bb,3,911170,0,-320511,better,better,False
C206,solomon_txt,745b6c7042707ffbbfc4d681ee02a84431425f1dfb3c8aa85ecf003fec8f7e53,2,1,ok,True,3,661153,661.153,0.255126,0.50105,1,time_limit,solomon_exact_1000_v1,,,,,,0.5,,,,25,a5385b24e1b1e895647141e361fbfd125f69b22b8101a03a5bf03d0a059bf87a,False,python,18b60bd1f8a3f3a3299830e92120a9841e4fb04a4b6fc31094cbf2c6e0a24ff8,604462f386c003e397cd55934c67735731d9683e762902ff4d23fad1f410c0bb,3,661153,0,0,tie,tie,False
C206,solomon_txt,745b6c7042707ffbbfc4d681ee02a84431425f1dfb3c8aa85ecf003fec8f7e53,2,1,ok,True,3,595059,595.059,0.393962,0.500835,1,time_limit,solomon_exact_1000_v1,,,,,,0.5,,,,25,a5385b24e1b1e895647141e361fbfd125f69b22b8101a03a5bf03d0a059bf87a,False,native,e430e84b5044a1954983f6d380c1155f165e447205dd568d22a78596fa5f0602,604462f386c003e397cd55934c67735731d9683e762902ff4d23fad1f410c0bb,3,661153,0,-66094,better,better,False
C207,solomon_txt,a33f03570a944c8a6d185fd6a173e66c68e67c399a4958b2d5b6d49533ace4a4,0,1,ok,True,3,914099,914.099,0.438025,0.500525,1,time_limit,solomon_exact_1000_v1,,,,,,0.5,,,,25,a5385b24e1b1e895647141e361fbfd125f69b22b8101a03a5bf03d0a059bf87a,False,python,18b60bd1f8a3f3a3299830e92120a9841e4fb04a4b6fc31094cbf2c6e0a24ff8,604462f386c003e397cd55934c67735731d9683e762902ff4d23fad1f410c0bb,3,914099,0,0,tie,tie,False
C207,solomon_txt,a33f03570a944c8a6d185fd6a173e66c68e67c399a4958b2d5b6d49533ace4a4,0,1,ok,True,3,634975,634.975,0.320003,0.500995,1,time_limit,solomon_exact_1000_v1,,,,,,0.5,,,,25,a5385b24e1b1e895647141e361fbfd125f69b22b8101a03a5bf03d0a059bf87a,False,native,e430e84b5044a1954983f6d380c1155f165e447205dd568d22a78596fa5f0602,604462f386c003e397cd55934c67735731d9683e762902ff4d23fad1f410c0bb,3,914099,0,-279124,better,better,False
C207,solomon_txt,a33f03570a944c8a6d185fd6a173e66c68e67c399a4958b2d5b6d49533ace4a4,1,1,ok,True,3,853156,853.156,0.375459,0.501056,1,time_limit,solomon_exact_1000_v1,,,,,,0.5,,,,25,a5385b24e1b1e895647141e361fbfd125f69b22b8101a03a5bf03d0a059bf87a,False,python,18b60bd1f8a3f3a3299830e92120a9841e4fb04a4b6fc31094cbf2c6e0a24ff8,604462f386c003e397cd55934c67735731d9683e762902ff4d23fad1f410c0bb,3,853156,0,0,tie,tie,False
C207,solomon_txt,a33f03570a944c8a6d185fd6a173e66c68e67c399a4958b2d5b6d49533ace4a4,1,1,ok,True,3,588287,588.287,0.335106,0.500546,2,time_limit,solomon_exact_1000_v1,,,,,,0.5,,,,25,a5385b24e1b1e895647141e361fbfd125f69b22b8101a03a5bf03d0a059bf87a,False,native,e430e84b5044a1954983f6d380c1155f165e447205dd568d22a78596fa5f0602,604462f386c003e397cd55934c67735731d9683e762902ff4d23fad1f410c0bb,3,853156,0,-264869,better,better,False
C207,solomon_txt,a33f03570a944c8a6d185fd6a173e66c68e67c399a4958b2d5b6d49533ace4a4,2,1,ok,True,3,631278,631.278,0.276866,0.500536,1,time_limit,solomon_exact_1000_v1,,,,,,0.5,,,,25,a5385b24e1b1e895647141e361fbfd125f69b22b8101a03a5bf03d0a059bf87a,False,python,18b60bd1f8a3f3a3299830e92120a9841e4fb04a4b6fc31094cbf2c6e0a24ff8,604462f386c003e397cd55934c67735731d9683e762902ff4d23fad1f410c0bb,3,631278,0,0,tie,tie,False
C207,solomon_txt,a33f03570a944c8a6d185fd6a173e66c68e67c399a4958b2d5b6d49533ace4a4,2,1,ok,True,3,591622,591.622,0.299033,0.50039,4,time_limit,solomon_exact_1000_v1,,,,,,0.5,,,,25,a5385b24e1b1e895647141e361fbfd125f69b22b8101a03a5bf03d0a059bf87a,False,native,e430e84b5044a1954983f6d380c1155f165e447205dd568d22a78596fa5f0602,604462f386c003e397cd55934c67735731d9683e762902ff4d23fad1f410c0bb,3,631278,0,-39656,better,better,False
C208,solomon_txt,1c2f2381b8743680dbeb34322869cbf5a6cdd8c281f4bcffdb99b533e601874b,0,1,ok,True,3,690115,690.115,0.28295,0.500622,1,time_limit,solomon_exact_1000_v1,,,,,,0.5,,,,25,a5385b24e1b1e895647141e361fbfd125f69b22b8101a03a5bf03d0a059bf87a,False,python,18b60bd1f8a3f3a3299830e92120a9841e4fb04a4b6fc31094cbf2c6e0a24ff8,604462f386c003e397cd55934c67735731d9683e762902ff4d23fad1f410c0bb,3,690115,0,0,tie,tie,False
C208,solomon_txt,1c2f2381b8743680dbeb34322869cbf5a6cdd8c281f4bcffdb99b533e601874b,0,1,ok,True,3,591394,591.394,0.268668,0.501047,2,time_limit,solomon_exact_1000_v1,,,,,,0.5,,,,25,a5385b24e1b1e895647141e361fbfd125f69b22b8101a03a5bf03d0a059bf87a,False,native,e430e84b5044a1954983f6d380c1155f165e447205dd568d22a78596fa5f0602,604462f386c003e397cd55934c67735731d9683e762902ff4d23fad1f410c0bb,3,690115,0,-98721,better,better,False
C208,solomon_txt,1c2f2381b8743680dbeb34322869cbf5a6cdd8c281f4bcffdb99b533e601874b,1,1,ok,True,3,873629,873.629,0.26739,0.500625,1,time_limit,solomon_exact_1000_v1,,,,,,0.5,,,,25,a5385b24e1b1e895647141e361fbfd125f69b22b8101a03a5bf03d0a059bf87a,False,python,18b60bd1f8a3f3a3299830e92120a9841e4fb04a4b6fc31094cbf2c6e0a24ff8,604462f386c003e397cd55934c67735731d9683e762902ff4d23fad1f410c0bb,3,873629,0,0,tie,tie,False
C208,solomon_txt,1c2f2381b8743680dbeb34322869cbf5a6cdd8c281f4bcffdb99b533e601874b,1,1,ok,True,3,588324,588.324,0.328031,0.50037,2,time_limit,solomon_exact_1000_v1,,,,,,0.5,,,,25,a5385b24e1b1e895647141e361fbfd125f69b22b8101a03a5bf03d0a059bf87a,False,native,e430e84b5044a1954983f6d380c1155f165e447205dd568d22a78596fa5f0602,604462f386c003e397cd55934c67735731d9683e762902ff4d23fad1f410c0bb,3,873629,0,-285305,better,better,False
C208,solomon_txt,1c2f2381b8743680dbeb34322869cbf5a6cdd8c281f4bcffdb99b533e601874b,2,1,ok,True,3,681025,681.025,0.296162,0.500955,1,time_limit,solomon_exact_1000_v1,,,,,,0.5,,,,25,a5385b24e1b1e895647141e361fbfd125f69b22b8101a03a5bf03d0a059bf87a,False,python,18b60bd1f8a3f3a3299830e92120a9841e4fb04a4b6fc31094cbf2c6e0a24ff8,604462f386c003e397cd55934c67735731d9683e762902ff4d23fad1f410c0bb,3,681025,0,0,tie,tie,False
C208,solomon_txt,1c2f2381b8743680dbeb34322869cbf5a6cdd8c281f4bcffdb99b533e601874b,2,1,ok,True,3,591828,591.828,0.403967,0.500958,1,time_limit,solomon_exact_1000_v1,,,,,,0.5,,,,25,a5385b24e1b1e895647141e361fbfd125f69b22b8101a03a5bf03d0a059bf87a,False,native,e430e84b5044a1954983f6d380c1155f165e447205dd568d22a78596fa5f0602,604462f386c003e397cd55934c67735731d9683e762902ff4d23fad1f410c0bb,3,681025,0,-89197,better,better,False
R101,solomon_txt,3f3655182bc0fe44ce5de65fdcd2ee2f9c7fb9ed055f923635151d9d6f76d3ed,0,1,ok,True,21,1801655,1801.655,0.073971,0.50106,1,time_limit,solomon_exact_1000_v1,,,,,,0.5,,,,25,a5385b24e1b1e895647141e361fbfd125f69b22b8101a03a5bf03d0a059bf87a,False,python,18b60bd1f8a3f3a3299830e92120a9841e4fb04a4b6fc31094cbf2c6e0a24ff8,604462f386c003e397cd55934c67735731d9683e762902ff4d23fad1f410c0bb,21,1801655,0,0,tie,tie,False
R101,solomon_txt,3f3655182bc0fe44ce5de65fdcd2ee2f9c7fb9ed055f923635151d9d6f76d3ed,0,1,ok,True,21,1712322,1712.322,0.075023,0.501303,1,time_limit,solomon_exact_1000_v1,,,,,,0.5,,,,25,a5385b24e1b1e895647141e361fbfd125f69b22b8101a03a5bf03d0a059bf87a,False,native,e430e84b5044a1954983f6d380c1155f165e447205dd568d22a78596fa5f0602,604462f386c003e397cd55934c67735731d9683e762902ff4d23fad1f410c0bb,21,1801655,0,-89333,better,better,False
R101,solomon_txt,3f3655182bc0fe44ce5de65fdcd2ee2f9c7fb9ed055f923635151d9d6f76d3ed,1,1,ok,True,20,1840487,1840.487,0.108038,0.501102,1,time_limit,solomon_exact_1000_v1,,,,,,0.5,,,,25,a5385b24e1b1e895647141e361fbfd125f69b22b8101a03a5bf03d0a059bf87a,False,python,18b60bd1f8a3f3a3299830e92120a9841e4fb04a4b6fc31094cbf2c6e0a24ff8,604462f386c003e397cd55934c67735731d9683e762902ff4d23fad1f410c0bb,20,1840487,0,0,tie,tie,False
R101,solomon_txt,3f3655182bc0fe44ce5de65fdcd2ee2f9c7fb9ed055f923635151d9d6f76d3ed,1,1,ok,True,20,1705169,1705.169,0.105782,0.501216,1,time_limit,solomon_exact_1000_v1,,,,,,0.5,,,,25,a5385b24e1b1e895647141e361fbfd125f69b22b8101a03a5bf03d0a059bf87a,False,native,e430e84b5044a1954983f6d380c1155f165e447205dd568d22a78596fa5f0602,604462f386c003e397cd55934c67735731d9683e762902ff4d23fad1f410c0bb,20,1840487,0,-135318,better,better,False
R101,solomon_txt,3f3655182bc0fe44ce5de65fdcd2ee2f9c7fb9ed055f923635151d9d6f76d3ed,2,1,ok,True,20,1846685,1846.685,0.108936,0.501253,1,time_limit,solomon_exact_1000_v1,,,,,,0.5,,,,25,a5385b24e1b1e895647141e361fbfd125f69b22b8101a03a5bf03d0a059bf87a,False,python,18b60bd1f8a3f3a3299830e92120a9841e4fb04a4b6fc31094cbf2c6e0a24ff8,604462f386c003e397cd55934c67735731d9683e762902ff4d23fad1f410c0bb,20,1846685,0,0,tie,tie,False
R101,solomon_txt,3f3655182bc0fe44ce5de65fdcd2ee2f9c7fb9ed055f923635151d9d6f76d3ed,2,1,ok,True,20,1727513,1727.513,0.106515,0.501191,1,time_limit,solomon_exact_1000_v1,,,,,,0.5,,,,25,a5385b24e1b1e895647141e361fbfd125f69b22b8101a03a5bf03d0a059bf87a,False,native,e430e84b5044a1954983f6d380c1155f165e447205dd568d22a78596fa5f0602,604462f386c003e397cd55934c67735731d9683e762902ff4d23fad1f410c0bb,20,1846685,0,-119172,better,better,False
R102,solomon_txt,eeb23171b7e4fbfc80bf000ca770329109900fbd7273fa8b9d1f95b7dfe683c3,0,1,ok,True,18,1537080,1537.08,0.126049,0.500489,1,time_limit,solomon_exact_1000_v1,,,,,,0.5,,,,25,a5385b24e1b1e895647141e361fbfd125f69b22b8101a03a5bf03d0a059bf87a,False,python,18b60bd1f8a3f3a3299830e92120a9841e4fb04a4b6fc31094cbf2c6e0a24ff8,604462f386c003e397cd55934c67735731d9683e762902ff4d23fad1f410c0bb,18,1537080,0,0,tie,tie,False
R102,solomon_txt,eeb23171b7e4fbfc80bf000ca770329109900fbd7273fa8b9d1f95b7dfe683c3,0,1,ok,True,18,1495513,1495.513,0.126811,0.50173,1,time_limit,solomon_exact_1000_v1,,,,,,0.5,,,,25,a5385b24e1b1e895647141e361fbfd125f69b22b8101a03a5bf03d0a059bf87a,False,native,e430e84b5044a1954983f6d380c1155f165e447205dd568d22a78596fa5f0602,604462f386c003e397cd55934c67735731d9683e762902ff4d23fad1f410c0bb,18,1537080,0,-41567,better,better,False
R102,solomon_txt,eeb23171b7e4fbfc80bf000ca770329109900fbd7273fa8b9d1f95b7dfe683c3,1,1,ok,True,19,1572821,1572.821,0.125107,0.500886,1,time_limit,solomon_exact_1000_v1,,,,,,0.5,,,,25,a5385b24e1b1e895647141e361fbfd125f69b22b8101a03a5bf03d0a059bf87a,False,python,18b60bd1f8a3f3a3299830e92120a9841e4fb04a4b6fc31094cbf2c6e0a24ff8,604462f386c003e397cd55934c67735731d9683e762902ff4d23fad1f410c0bb,19,1572821,0,0,tie,tie,False
R102,solomon_txt,eeb23171b7e4fbfc80bf000ca770329109900fbd7273fa8b9d1f95b7dfe683c3,1,1,ok,True,19,1528202,1528.202,0.123031,0.501284,1,time_limit,solomon_exact_1000_v1,,,,,,0.5,,,,25,a5385b24e1b1e895647141e361fbfd125f69b22b8101a03a5bf03d0a059bf87a,False,native,e430e84b5044a1954983f6d380c1155f165e447205dd568d22a78596fa5f0602,604462f386c003e397cd55934c67735731d9683e762902ff4d23fad1f410c0bb,19,1572821,0,-44619,better,better,False
R102,solomon_txt,eeb23171b7e4fbfc80bf000ca770329109900fbd7273fa8b9d1f95b7dfe683c3,2,1,ok,True,18,1550284,1550.284,0.13186,0.501191,1,time_limit,solomon_exact_1000_v1,,,,,,0.5,,,,25,a5385b24e1b1e895647141e361fbfd125f69b22b8101a03a5bf03d0a059bf87a,False,python,18b60bd1f8a3f3a3299830e92120a9841e4fb04a4b6fc31094cbf2c6e0a24ff8,604462f386c003e397cd55934c67735731d9683e762902ff4d23fad1f410c0bb,18,1550284,0,0,tie,tie,False
R102,solomon_txt,eeb23171b7e4fbfc80bf000ca770329109900fbd7273fa8b9d1f95b7dfe683c3,2,1,ok,True,18,1496455,1496.455,0.129626,0.501091,1,time_limit,solomon_exact_1000_v1,,,,,,0.5,,,,25,a5385b24e1b1e895647141e361fbfd125f69b22b8101a03a5bf03d0a059bf87a,False,native,e430e84b5044a1954983f6d380c1155f165e447205dd568d22a78596fa5f0602,604462f386c003e397cd55934c67735731d9683e762902ff4d23fad1f410c0bb,18,1550284,0,-53829,better,better,False
R103,solomon_txt,1f833e8648ba39e0edc76754fb49e81777a7175cf7b084c3f60a12607bfb3991,0,1,ok,True,14,1504752,1504.752,0.139672,0.501128,1,time_limit,solomon_exact_1000_v1,,,,,,0.5,,,,25,a5385b24e1b1e895647141e361fbfd125f69b22b8101a03a5bf03d0a059bf87a,False,python,18b60bd1f8a3f3a3299830e92120a9841e4fb04a4b6fc31094cbf2c6e0a24ff8,604462f386c003e397cd55934c67735731d9683e762902ff4d23fad1f410c0bb,14,1504752,0,0,tie,tie,False
R103,solomon_txt,1f833e8648ba39e0edc76754fb49e81777a7175cf7b084c3f60a12607bfb3991,0,1,ok,True,14,1425445,1425.445,0.129676,0.501131,1,time_limit,solomon_exact_1000_v1,,,,,,0.5,,,,25,a5385b24e1b1e895647141e361fbfd125f69b22b8101a03a5bf03d0a059bf87a,False,native,e430e84b5044a1954983f6d380c1155f165e447205dd568d22a78596fa5f0602,604462f386c003e397cd55934c67735731d9683e762902ff4d23fad1f410c0bb,14,1504752,0,-79307,better,better,False
R103,solomon_txt,1f833e8648ba39e0edc76754fb49e81777a7175cf7b084c3f60a12607bfb3991,1,1,ok,True,14,1489054,1489.054,0.149644,0.500618,1,time_limit,solomon_exact_1000_v1,,,,,,0.5,,,,25,a5385b24e1b1e895647141e361fbfd125f69b22b8101a03a5bf03d0a059bf87a,False,python,18b60bd1f8a3f3a3299830e92120a9841e4fb04a4b6fc31094cbf2c6e0a24ff8,604462f386c003e397cd55934c67735731d9683e762902ff4d23fad1f410c0bb,14,1489054,0,0,tie,tie,False
R103,solomon_txt,1f833e8648ba39e0edc76754fb49e81777a7175cf7b084c3f60a12607bfb3991,1,1,ok,True,14,1402291,1402.291,0.134276,0.501131,1,time_limit,solomon_exact_1000_v1,,,,,,0.5,,,,25,a5385b24e1b1e895647141e361fbfd125f69b22b8101a03a5bf03d0a059bf87a,False,native,e430e84b5044a1954983f6d380c1155f165e447205dd568d22a78596fa5f0602,604462f386c003e397cd55934c67735731d9683e762902ff4d23fad1f410c0bb,14,1489054,0,-86763,better,better,False
R103,solomon_txt,1f833e8648ba39e0edc76754fb49e81777a7175cf7b084c3f60a12607bfb3991,2,1,ok,True,14,1494308,1494.308,0.11674,0.500709,1,time_limit,solomon_exact_1000_v1,,,,,,0.5,,,,25,a5385b24e1b1e895647141e361fbfd125f69b22b8101a03a5bf03d0a059bf87a,False,python,18b60bd1f8a3f3a3299830e92120a9841e4fb04a4b6fc31094cbf2c6e0a24ff8,604462f386c003e397cd55934c67735731d9683e762902ff4d23fad1f410c0bb,14,1494308,0,0,tie,tie,False
R103,solomon_txt,1f833e8648ba39e0edc76754fb49e81777a7175cf7b084c3f60a12607bfb3991,2,1,ok,True,14,1406394,1406.394,0.124875,0.500625,1,time_limit,solomon_exact_1000_v1,,,,,,0.5,,,,25,a5385b24e1b1e895647141e361fbfd125f69b22b8101a03a5bf03d0a059bf87a,False,native,e430e84b5044a1954983f6d380c1155f165e447205dd568d22a78596fa5f0602,604462f386c003e397cd55934c67735731d9683e762902ff4d23fad1f410c0bb,14,1494308,0,-87914,better,better,False
R104,solomon_txt,dd087124311d91facd81736debbfc7d0f351d27942917e2d76cbafd01e6183b7,0,1,ok,True,11,1158915,1158.915,0.142982,0.501144,2,time_limit,solomon_exact_1000_v1,,,,,,0.5,,,,25,a5385b24e1b1e895647141e361fbfd125f69b22b8101a03a5bf03d0a059bf87a,False,python,18b60bd1f8a3f3a3299830e92120a9841e4fb04a4b6fc31094cbf2c6e0a24ff8,604462f386c003e397cd55934c67735731d9683e762902ff4d23fad1f410c0bb,11,1158915,0,0,tie,tie,False
R104,solomon_txt,dd087124311d91facd81736debbfc7d0f351d27942917e2d76cbafd01e6183b7,0,1,ok,True,11,1107135,1107.135,0.169482,0.500562,2,time_limit,solomon_exact_1000_v1,,,,,,0.5,,,,25,a5385b24e1b1e895647141e361fbfd125f69b22b8101a03a5bf03d0a059bf87a,False,native,e430e84b5044a1954983f6d380c1155f165e447205dd568d22a78596fa5f0602,604462f386c003e397cd55934c67735731d9683e762902ff4d23fad1f410c0bb,11,1158915,0,-51780,better,better,False
R104,solomon_txt,dd087124311d91facd81736debbfc7d0f351d27942917e2d76cbafd01e6183b7,1,1,ok,True,11,1207856,1207.856,0.184124,0.501218,1,time_limit,solomon_exact_1000_v1,,,,,,0.5,,,,25,a5385b24e1b1e895647141e361fbfd125f69b22b8101a03a5bf03d0a059bf87a,False,python,18b60bd1f8a3f3a3299830e92120a9841e4fb04a4b6fc31094cbf2c6e0a24ff8,604462f386c003e397cd55934c67735731d9683e762902ff4d23fad1f410c0bb,11,1207856,0,0,tie,tie,False
R104,solomon_txt,dd087124311d91facd81736debbfc7d0f351d27942917e2d76cbafd01e6183b7,1,1,ok,True,11,1125098,1125.098,0.169948,0.501052,1,time_limit,solomon_exact_1000_v1,,,,,,0.5,,,,25,a5385b24e1b1e895647141e361fbfd125f69b22b8101a03a5bf03d0a059bf87a,False,native,e430e84b5044a1954983f6d380c1155f165e447205dd568d22a78596fa5f0602,604462f386c003e397cd55934c67735731d9683e762902ff4d23fad1f410c0bb,11,1207856,0,-82758,better,better,False
R104,solomon_txt,dd087124311d91facd81736debbfc7d0f351d27942917e2d76cbafd01e6183b7,2,1,ok,True,10,1119070,1119.07,0.151063,0.500596,2,time_limit,solomon_exact_1000_v1,,,,,,0.5,,,,25,a5385b24e1b1e895647141e361fbfd125f69b22b8101a03a5bf03d0a059bf87a,False,python,18b60bd1f8a3f3a3299830e92120a9841e4fb04a4b6fc31094cbf2c6e0a24ff8,604462f386c003e397cd55934c67735731d9683e762902ff4d23fad1f410c0bb,10,1119070,0,0,tie,tie,False
R104,solomon_txt,dd087124311d91facd81736debbfc7d0f351d27942917e2d76cbafd01e6183b7,2,1,ok,True,10,1049731,1049.731,0.109186,0.500366,4,time_limit,solomon_exact_1000_v1,,,,,,0.5,,,,25,a5385b24e1b1e895647141e361fbfd125f69b22b8101a03a5bf03d0a059bf87a,False,native,e430e84b5044a1954983f6d380c1155f165e447205dd568d22a78596fa5f0602,604462f386c003e397cd55934c67735731d9683e762902ff4d23fad1f410c0bb,10,1119070,0,-69339,better,better,False
R105,solomon_txt,ff1a614f8458d6339b3f54d8e4ca2dcf0a35c96012f477f6a819ae481de85ca4,0,1,ok,True,16,1693478,1693.478,0.086782,0.500742,1,time_limit,solomon_exact_1000_v1,,,,,,0.5,,,,25,a5385b24e1b1e895647141e361fbfd125f69b22b8101a03a5bf03d0a059bf87a,False,python,18b60bd1f8a3f3a3299830e92120a9841e4fb04a4b6fc31094cbf2c6e0a24ff8,604462f386c003e397cd55934c67735731d9683e762902ff4d23fad1f410c0bb,16,1693478,0,0,tie,tie,False
R105,solomon_txt,ff1a614f8458d6339b3f54d8e4ca2dcf0a35c96012f477f6a819ae481de85ca4,0,1,ok,True,16,1527280,1527.28,0.090868,0.500732,1,time_limit,solomon_exact_1000_v1,,,,,,0.5,,,,25,a5385b24e1b1e895647141e361fbfd125f69b22b8101a03a5bf03d0a059bf87a,False,native,e430e84b5044a1954983f6d380c1155f165e447205dd568d22a78596fa5f0602,604462f386c003e397cd55934c67735731d9683e762902ff4d23fad1f410c0bb,16,1693478,0,-166198,better,better,False
R105,solomon_txt,ff1a614f8458d6339b3f54d8e4ca2dcf0a35c96012f477f6a819ae481de85ca4,1,1,ok,True,16,1594242,1594.242,0.084144,0.500672,1,time_limit,solomon_exact_1000_v1,,,,,,0.5,,,,25,a5385b24e1b1e895647141e361fbfd125f69b22b8101a03a5bf03d0a059bf87a,False,python,18b60bd1f8a3f3a3299830e92120a9841e4fb04a4b6fc31094cbf2c6e0a24ff8,604462f386c003e397cd55934c67735731d9683e762902ff4d23fad1f410c0bb,16,1594242,0,0,tie,tie,False
R105,solomon_txt,ff1a614f8458d6339b3f54d8e4ca2dcf0a35c96012f477f6a819ae481de85ca4,1,1,ok,True,16,1421949,1421.949,0.090291,0.500624,1,time_limit,solomon_exact_1000_v1,,,,,,0.5,,,,25,a5385b24e1b1e895647141e361fbfd125f69b22b8101a03a5bf03d0a059bf87a,False,native,e430e84b5044a1954983f6d380c1155f165e447205dd568d22a78596fa5f0602,604462f386c003e397cd55934c67735731d9683e762902ff4d23fad1f410c0bb,16,1594242,0,-172293,better,better,False
R105,solomon_txt,ff1a614f8458d6339b3f54d8e4ca2dcf0a35c96012f477f6a819ae481de85ca4,2,1,ok,True,15,1662457,1662.457,0.085832,0.500648,1,time_limit,solomon_exact_1000_v1,,,,,,0.5,,,,25,a5385b24e1b1e895647141e361fbfd125f69b22b8101a03a5bf03d0a059bf87a,False,python,18b60bd1f8a3f3a3299830e92120a9841e4fb04a4b6fc31094cbf2c6e0a24ff8,604462f386c003e397cd55934c67735731d9683e762902ff4d23fad1f410c0bb,15,1662457,0,0,tie,tie,False
R105,solomon_txt,ff1a614f8458d6339b3f54d8e4ca2dcf0a35c96012f477f6a819ae481de85ca4,2,1,ok,True,15,1493051,1493.051,0.085089,0.500705,1,time_limit,solomon_exact_1000_v1,,,,,,0.5,,,,25,a5385b24e1b1e895647141e361fbfd125f69b22b8101a03a5bf03d0a059bf87a,False,native,e430e84b5044a1954983f6d380c1155f165e447205dd568d22a78596fa5f0602,604462f386c003e397cd55934c67735731d9683e762902ff4d23fad1f410c0bb,15,1662457,0,-169406,better,better,False
R106,solomon_txt,31b8783d177f0fbe1c84b8f085fbf28b1989a80e4c00f49f5654ebef99835e97,0,1,ok,True,14,1556829,1556.829,0.088175,0.500701,1,time_limit,solomon_exact_1000_v1,,,,,,0.5,,,,25,a5385b24e1b1e895647141e361fbfd125f69b22b8101a03a5bf03d0a059bf87a,False,python,18b60bd1f8a3f3a3299830e92120a9841e4fb04a4b6fc31094cbf2c6e0a24ff8,604462f386c003e397cd55934c67735731d9683e762902ff4d23fad1f410c0bb,14,1556829,0,0,tie,tie,False
R106,solomon_txt,31b8783d177f0fbe1c84b8f085fbf28b1989a80e4c00f49f5654ebef99835e97,0,1,ok,True,14,1392548,1392.548,0.113397,0.500915,1,time_limit,solomon_exact_1000_v1,,,,,,0.5,,,,25,a5385b24e1b1e895647141e361fbfd125f69b22b8101a03a5bf03d0a059bf87a,False,native,e430e84b5044a1954983f6d380c1155f165e447205dd568d22a78596fa5f0602,604462f386c003e397cd55934c67735731d9683e762902ff4d23fad1f410c0bb,14,1556829,0,-164281,better,better,False
R106,solomon_txt,31b8783d177f0fbe1c84b8f085fbf28b1989a80e4c00f49f5654ebef99835e97,1,1,ok,True,14,1548520,1548.52,0.093094,0.500818,1,time_limit,solomon_exact_1000_v1,,,,,,0.5,,,,25,a5385b24e1b1e895647141e361fbfd125f69b22b8101a03a5bf03d0a059bf87a,False,python,18b60bd1f8a3f3a3299830e92120a9841e4fb04a4b6fc31094cbf2c6e0a24ff8,604462f386c003e397cd55934c67735731d9683e762902ff4d23fad1f410c0bb,14,1548520,0,0,tie,tie,False
R106,solomon_txt,31b8783d177f0fbe1c84b8f085fbf28b1989a80e4c00f49f5654ebef99835e97,1,1,ok,True,14,1366514,1366.514,0.10011,0.500672,1,time_limit,solomon_exact_1000_v1,,,,,,0.5,,,,25,a5385b24e1b1e895647141e361fbfd125f69b22b8101a03a5bf03d0a059bf87a,False,native,e430e84b5044a1954983f6d380c1155f165e447205dd568d22a78596fa5f0602,604462f386c003e397cd55934c67735731d9683e762902ff4d23fad1f410c0bb,14,1548520,0,-182006,better,better,False
R106,solomon_txt,31b8783d177f0fbe1c84b8f085fbf28b1989a80e4c00f49f5654ebef99835e97,2,1,ok,True,13,1519077,1519.077,0.091229,0.500666,1,time_limit,solomon_exact_1000_v1,,,,,,0.5,,,,25,a5385b24e1b1e895647141e361fbfd125f69b22b8101a03a5bf03d0a059bf87a,False,python,18b60bd1f8a3f3a3299830e92120a9841e4fb04a4b6fc31094cbf2c6e0a24ff8,604462f386c003e397cd55934c67735731d9683e762902ff4d23fad1f410c0bb,13,1519077,0,0,tie,tie,False
R106,solomon_txt,31b8783d177f0fbe1c84b8f085fbf28b1989a80e4c00f49f5654ebef99835e97,2,1,ok,True,13,1412173,1412.173,0.098229,0.500639,1,time_limit,solomon_exact_1000_v1,,,,,,0.5,,,,25,a5385b24e1b1e895647141e361fbfd125f69b22b8101a03a5bf03d0a059bf87a,False,native,e430e84b5044a1954983f6d380c1155f165e447205dd568d22a78596fa5f0602,604462f386c003e397cd55934c67735731d9683e762902ff4d23fad1f410c0bb,13,1519077,0,-106904,better,better,False
R107,solomon_txt,dba2b257a1d43d7c78d5e3a9f09091a2b125d3fbec78c0c8a1782add669a1275,0,1,ok,True,11,1339900,1339.9,0.099624,0.500636,1,time_limit,solomon_exact_1000_v1,,,,,,0.5,,,,25,a5385b24e1b1e895647141e361fbfd125f69b22b8101a03a5bf03d0a059bf87a,False,python,18b60bd1f8a3f3a3299830e92120a9841e4fb04a4b6fc31094cbf2c6e0a24ff8,604462f386c003e397cd55934c67735731d9683e762902ff4d23fad1f410c0bb,11,1339900,0,0,tie,tie,False
R107,solomon_txt,dba2b257a1d43d7c78d5e3a9f09091a2b125d3fbec78c0c8a1782add669a1275,0,1,ok,True,11,1227572,1227.572,0.109674,0.500645,1,time_limit,solomon_exact_1000_v1,,,,,,0.5,,,,25,a5385b24e1b1e895647141e361fbfd125f69b22b8101a03a5bf03d0a059bf87a,False,native,e430e84b5044a1954983f6d380c1155f165e447205dd568d22a78596fa5f0602,604462f386c003e397cd55934c67735731d9683e762902ff4d23fad1f410c0bb,11,1339900,0,-112328,better,better,False
R107,solomon_txt,dba2b257a1d43d7c78d5e3a9f09091a2b125d3fbec78c0c8a1782add669a1275,1,1,ok,True,11,1334068,1334.068,0.103474,0.500602,1,time_limit,solomon_exact_1000_v1,,,,,,0.5,,,,25,a5385b24e1b1e895647141e361fbfd125f69b22b8101a03a5bf03d0a059bf87a,False,python,18b60bd1f8a3f3a3299830e92120a9841e4fb04a4b6fc31094cbf2c6e0a24ff8,604462f386c003e397cd55934c67735731d9683e762902ff4d23fad1f410c0bb,11,1334068,0,0,tie,tie,False
R107,solomon_txt,dba2b257a1d43d7c78d5e3a9f09091a2b125d3fbec78c0c8a1782add669a1275,1,1,ok,True,11,1232914,1232.914,0.099972,0.500688,1,time_limit,solomon_exact_1000_v1,,,,,,0.5,,,,25,a5385b24e1b1e895647141e361fbfd125f69b22b8101a03a5bf03d0a059bf87a,False,native,e430e84b5044a1954983f6d380c1155f165e447205dd568d22a78596fa5f0602,604462f386c003e397cd55934c67735731d9683e762902ff4d23fad1f410c0bb,11,1334068,0,-101154,better,better,False
R107,solomon_txt,dba2b257a1d43d7c78d5e3a9f09091a2b125d3fbec78c0c8a1782add669a1275,2,1,ok,True,12,1422329,1422.329,0.102993,0.500602,1,time_limit,solomon_exact_1000_v1,,,,,,0.5,,,,25,a5385b24e1b1e895647141e361fbfd125f69b22b8101a03a5bf03d0a059bf87a,False,python,18b60bd1f8a3f3a3299830e92120a9841e4fb04a4b6fc31094cbf2c6e0a24ff8,604462f386c003e397cd55934c67735731d9683e762902ff4d23fad1f410c0bb,12,1422329,0,0,tie,tie,False
R107,solomon_txt,dba2b257a1d43d7c78d5e3a9f09091a2b125d3fbec78c0c8a1782add669a1275,2,1,ok,True,12,1299055,1299.055,0.113773,0.500626,1,time_limit,solomon_exact_1000_v1,,,,,,0.5,,,,25,a5385b24e1b1e895647141e361fbfd125f69b22b8101a03a5bf03d0a059bf87a,False,native,e430e84b5044a1954983f6d380c1155f165e447205dd568d22a78596fa5f0602,604462f386c003e397cd55934c67735731d9683e762902ff4d23fad1f410c0bb,12,1422329,0,-123274,better,better,False
R108,solomon_txt,65cae09f4099b7e70d2b723e0e3a30aa1494c75a367bb894a3fd13241ee639d4,0,1,ok,True,10,1170265,1170.265,0.104115,0.500601,1,time_limit,solomon_exact_1000_v1,,,,,,0.5,,,,25,a5385b24e1b1e895647141e361fbfd125f69b22b8101a03a5bf03d0a059bf87a,False,python,18b60bd1f8a3f3a3299830e92120a9841e4fb04a4b6fc31094cbf2c6e0a24ff8,604462f386c003e397cd55934c67735731d9683e762902ff4d23fad1f410c0bb,10,1170265,0,0,tie,tie,False
R108,solomon_txt,65cae09f4099b7e70d2b723e0e3a30aa1494c75a367bb894a3fd13241ee639d4,0,1,ok,True,10,1054741,1054.741,0.11665,0.500765,1,time_limit,solomon_exact_1000_v1,,,,,,0.5,,,,25,a5385b24e1b1e895647141e361fbfd125f69b22b8101a03a5bf03d0a059bf87a,False,native,e430e84b5044a1954983f6d380c1155f165e447205dd568d22a78596fa5f0602,604462f386c003e397cd55934c67735731d9683e762902ff4d23fad1f410c0bb,10,1170265,0,-115524,better,better,False
R108,solomon_txt,65cae09f4099b7e70d2b723e0e3a30aa1494c75a367bb894a3fd13241ee639d4,1,1,ok,True,10,1128679,1128.679,0.111403,0.500647,1,time_limit,solomon_exact_1000_v1,,,,,,0.5,,,,25,a5385b24e1b1e895647141e361fbfd125f69b22b8101a03a5bf03d0a059bf87a,False,python,18b60bd1f8a3f3a3299830e92120a9841e4fb04a4b6fc31094cbf2c6e0a24ff8,604462f386c003e397cd55934c67735731d9683e762902ff4d23fad1f410c0bb,10,1128679,0,0,tie,tie,False
R108,solomon_txt,65cae09f4099b7e70d2b723e0e3a30aa1494c75a367bb894a3fd13241ee639d4,1,1,ok,True,10,1071633,1071.633,0.107795,0.500703,1,time_limit,solomon_exact_1000_v1,,,,,,0.5,,,,25,a5385b24e1b1e895647141e361fbfd125f69b22b8101a03a5bf03d0a059bf87a,False,native,e430e84b5044a1954983f6d380c1155f165e447205dd568d22a78596fa5f0602,604462f386c003e397cd55934c67735731d9683e762902ff4d23fad1f410c0bb,10,1128679,0,-57046,better,better,False
R108,solomon_txt,65cae09f4099b7e70d2b723e0e3a30aa1494c75a367bb894a3fd13241ee639d4,2,1,ok,True,11,1346126,1346.126,0.109431,0.500648,1,time_limit,solomon_exact_1000_v1,,,,,,0.5,,,,25,a5385b24e1b1e895647141e361fbfd125f69b22b8101a03a5bf03d0a059bf87a,False,python,18b60bd1f8a3f3a3299830e92120a9841e4fb04a4b6fc31094cbf2c6e0a24ff8,604462f386c003e397cd55934c67735731d9683e762902ff4d23fad1f410c0bb,11,1346126,0,0,tie,tie,False
R108,solomon_txt,65cae09f4099b7e70d2b723e0e3a30aa1494c75a367bb894a3fd13241ee639d4,2,1,ok,True,11,1157352,1157.352,0.112435,0.50063,1,time_limit,solomon_exact_1000_v1,,,,,,0.5,,,,25,a5385b24e1b1e895647141e361fbfd125f69b22b8101a03a5bf03d0a059bf87a,False,native,e430e84b5044a1954983f6d380c1155f165e447205dd568d22a78596fa5f0602,604462f386c003e397cd55934c67735731d9683e762902ff4d23fad1f410c0bb,11,1346126,0,-188774,better,better,False
R109,solomon_txt,4ef24030e8c48de5f85dcd90c5739186004fc8dec87533b6467013cf996f4777,0,1,ok,True,13,1513619,1513.619,0.08847,0.500655,1,time_limit,solomon_exact_1000_v1,,,,,,0.5,,,,25,a5385b24e1b1e895647141e361fbfd125f69b22b8101a03a5bf03d0a059bf87a,False,python,18b60bd1f8a3f3a3299830e92120a9841e4fb04a4b6fc31094cbf2c6e0a24ff8,604462f386c003e397cd55934c67735731d9683e762902ff4d23fad1f410c0bb,13,1513619,0,0,tie,tie,False
R109,solomon_txt,4ef24030e8c48de5f85dcd90c5739186004fc8dec87533b6467013cf996f4777,0,1,ok,True,13,1337441,1337.441,0.083828,0.500663,1,time_limit,solomon_exact_1000_v1,,,,,,0.5,,,,25,a5385b24e1b1e895647141e361fbfd125f69b22b8101a03a5bf03d0a059bf87a,False,native,e430e84b5044a1954983f6d380c1155f165e447205dd568d22a78596fa5f0602,604462f386c003e397cd55934c67735731d9683e762902ff4d23fad1f410c0bb,13,1513619,0,-176178,better,better,False
R109,solomon_txt,4ef24030e8c48de5f85dcd90c5739186004fc8dec87533b6467013cf996f4777,1,1,ok,True,14,1553133,1553.133,0.085277,0.500691,1,time_limit,solomon_exact_1000_v1,,,,,,0.5,,,,25,a5385b24e1b1e895647141e361fbfd125f69b22b8101a03a5bf03d0a059bf87a,False,python,18b60bd1f8a3f3a3299830e92120a9841e4fb04a4b6fc31094cbf2c6e0a24ff8,604462f386c003e397cd55934c67735731d9683e762902ff4d23fad1f410c0bb,14,1553133,0,0,tie,tie,False
R109,solomon_txt,4ef24030e8c48de5f85dcd90c5739186004fc8dec87533b6467013cf996f4777,1,1,ok,True,14,1393800,1393.8,0.085579,0.500638,1,time_limit,solomon_exact_1000_v1,,,,,,0.5,,,,25,a5385b24e1b1e895647141e361fbfd125f69b22b8101a03a5bf03d0a059bf87a,False,native,e430e84b5044a1954983f6d380c1155f165e447205dd568d22a78596fa5f0602,604462f386c003e397cd55934c67735731d9683e762902ff4d23fad1f410c0bb,14,1553133,0,-159333,better,better,False
R109,solomon_txt,4ef24030e8c48de5f85dcd90c5739186004fc8dec87533b6467013cf996f4777,2,1,ok,True,14,1480984,1480.984,0.083701,0.500637,1,time_limit,solomon_exact_1000_v1,,,,,,0.5,,,,25,a5385b24e1b1e895647141e361fbfd125f69b22b8101a03a5bf03d0a059bf87a,False,python,18b60bd1f8a3f3a3299830e92120a9841e4fb04a4b6fc31094cbf2c6e0a24ff8,604462f386c003e397cd55934c67735731d9683e762902ff4d23fad1f410c0bb,14,1480984,0,0,tie,tie,False
R109,solomon_txt,4ef24030e8c48de5f85dcd90c5739186004fc8dec87533b6467013cf996f4777,2,1,ok,True,14,1276366,1276.366,0.09987,0.500698,1,time_limit,solomon_exact_1000_v1,,,,,,0.5,,,,25,a5385b24e1b1e895647141e361fbfd125f69b22b8101a03a5bf03d0a059bf87a,False,native,e430e84b5044a1954983f6d380c1155f165e447205dd568d22a78596fa5f0602,604462f386c003e397cd55934c67735731d9683e762902ff4d23fad1f410c0bb,14,1480984,0,-204618,better,better,False
R110,solomon_txt,14cb53cb99af61d3d708f07564b9a72d146e7c26b4f10507cfaf3bc828f34bfa,0,1,ok,True,13,1483881,1483.881,0.094895,0.500637,1,time_limit,solomon_exact_1000_v1,,,,,,0.5,,,,25,a5385b24e1b1e895647141e361fbfd125f69b22b8101a03a5bf03d0a059bf87a,False,python,18b60bd1f8a3f3a3299830e92120a9841e4fb04a4b6fc31094cbf2c6e0a24ff8,604462f386c003e397cd55934c67735731d9683e762902ff4d23fad1f410c0bb,13,1483881,0,0,tie,tie,False
R110,solomon_txt,14cb53cb99af61d3d708f07564b9a72d146e7c26b4f10507cfaf3bc828f34bfa,0,1,ok,True,13,1241538,1241.538,0.099454,0.500618,1,time_limit,solomon_exact_1000_v1,,,,,,0.5,,,,25,a5385b24e1b1e895647141e361fbfd125f69b22b8101a03a5bf03d0a059bf87a,False,native,e430e84b5044a1954983f6d380c1155f165e447205dd568d22a78596fa5f0602,604462f386c003e397cd55934c67735731d9683e762902ff4d23fad1f410c0bb,13,1483881,0,-242343,better,better,False
R110,solomon_txt,14cb53cb99af61d3d708f07564b9a72d146e7c26b4f10507cfaf3bc828f34bfa,1,1,ok,True,12,1426440,1426.44,0.094246,0.500616,1,time_limit,solomon_exact_1000_v1,,,,,,0.5,,,,25,a5385b24e1b1e895647141e361fbfd125f69b22b8101a03a5bf03d0a059bf87a,False,python,18b60bd1f8a3f3a3299830e92120a9841e4fb04a4b6fc31094cbf2c6e0a24ff8,604462f386c003e397cd55934c67735731d9683e762902ff4d23fad1f410c0bb,12,1426440,0,0,tie,tie,False
R110,solomon_txt,14cb53cb99af61d3d708f07564b9a72d146e7c26b4f10507cfaf3bc828f34bfa,1,1,ok,True,12,1262681,1262.681,0.110282,0.500434,2,time_limit,solomon_exact_1000_v1,,,,,,0.5,,,,25,a5385b24e1b1e895647141e361fbfd125f69b22b8101a03a5bf03d0a059bf87a,False,native,e430e84b5044a1954983f6d380c1155f165e447205dd568d22a78596fa5f0602,604462f386c003e397cd55934c67735731d9683e762902ff4d23fad1f410c0bb,12,1426440,0,-163759,better,better,False
R110,solomon_txt,14cb53cb99af61d3d708f07564b9a72d146e7c26b4f10507cfaf3bc828f34bfa,2,1,ok,True,13,1543950,1543.95,0.105189,0.500666,1,time_limit,solomon_exact_1000_v1,,,,,,0.5,,,,25,a5385b24e1b1e895647141e361fbfd125f69b22b8101a03a5bf03d0a059bf87a,False,python,18b60bd1f8a3f3a3299830e92120a9841e4fb04a4b6fc31094cbf2c6e0a24ff8,604462f386c003e397cd55934c67735731d9683e762902ff4d23fad1f410c0bb,13,1543950,0,0,tie,tie,False
R110,solomon_txt,14cb53cb99af61d3d708f07564b9a72d146e7c26b4f10507cfaf3bc828f34bfa,2,1,ok,True,13,1221053,1221.053,0.095016,0.500616,1,time_limit,solomon_exact_1000_v1,,,,,,0.5,,,,25,a5385b24e1b1e895647141e361fbfd125f69b22b8101a03a5bf03d0a059bf87a,False,native,e430e84b5044a1954983f6d380c1155f165e447205dd568d22a78596fa5f0602,604462f386c003e397cd55934c67735731d9683e762902ff4d23fad1f410c0bb,13,1543950,0,-322897,better,better,False
R111,solomon_txt,3d94a73b1f2fe8aae4618b9d9ea254cff2e3924a6a841aa390096ec6c60f258d,0,1,ok,True,12,1379550,1379.55,0.101609,0.5006,1,time_limit,solomon_exact_1000_v1,,,,,,0.5,,,,25,a5385b24e1b1e895647141e361fbfd125f69b22b8101a03a5bf03d0a059bf87a,False,python,18b60bd1f8a3f3a3299830e92120a9841e4fb04a4b6fc31094cbf2c6e0a24ff8,604462f386c003e397cd55934c67735731d9683e762902ff4d23fad1f410c0bb,12,1379550,0,0,tie,tie,False
R111,solomon_txt,3d94a73b1f2fe8aae4618b9d9ea254cff2e3924a6a841aa390096ec6c60f258d,0,1,ok,True,12,1187813,1187.813,0.097247,0.500642,1,time_limit,solomon_exact_1000_v1,,,,,,0.5,,,,25,a5385b24e1b1e895647141e361fbfd125f69b22b8101a03a5bf03d0a059bf87a,False,native,e430e84b5044a1954983f6d380c1155f165e447205dd568d22a78596fa5f0602,604462f386c003e397cd55934c67735731d9683e762902ff4d23fad1f410c0bb,12,1379550,0,-191737,better,better,False
R111,solomon_txt,3d94a73b1f2fe8aae4618b9d9ea254cff2e3924a6a841aa390096ec6c60f258d,1,1,ok,True,12,1387234,1387.234,0.101033,0.500684,1,time_limit,solomon_exact_1000_v1,,,,,,0.5,,,,25,a5385b24e1b1e895647141e361fbfd125f69b22b8101a03a5bf03d0a059bf87a,False,python,18b60bd1f8a3f3a3299830e92120a9841e4fb04a4b6fc31094cbf2c6e0a24ff8,604462f386c003e397cd55934c67735731d9683e762902ff4d23fad1f410c0bb,12,1387234,0,0,tie,tie,False
R111,solomon_txt,3d94a73b1f2fe8aae4618b9d9ea254cff2e3924a6a841aa390096ec6c60f258d,1,1,ok,True,12,1206500,1206.5,0.098136,0.50065,1,time_limit,solomon_exact_1000_v1,,,,,,0.5,,,,25,a5385b24e1b1e895647141e361fbfd125f69b22b8101a03a5bf03d0a059bf87a,False,native,e430e84b5044a1954983f6d380c1155f165e447205dd568d22a78596fa5f0602,604462f386c003e397cd55934c67735731d9683e762902ff4d23fad1f410c0bb,12,1387234,0,-180734,better,better,False
R111,solomon_txt,3d94a73b1f2fe8aae4618b9d9ea254cff2e3924a6a841aa390096ec6c60f258d,2,1,ok,True,12,1437191,1437.191,0.098338,0.500597,1,time_limit,solomon_exact_1000_v1,,,,,,0.5,,,,25,a5385b24e1b1e895647141e361fbfd125f69b22b8101a03a5bf03d0a059bf87a,False,python,18b60bd1f8a3f3a3299830e92120a9841e4fb04a4b6fc31094cbf2c6e0a24ff8,604462f386c003e397cd55934c67735731d9683e762902ff4d23fad1f410c0bb,12,1437191,0,0,tie,tie,False
R111,solomon_txt,3d94a73b1f2fe8aae4618b9d9ea254cff2e3924a6a841aa390096ec6c60f258d,2,1,ok,True,12,1247204,1247.204,0.102795,0.500609,1,time_limit,solomon_exact_1000_v1,,,,,,0.5,,,,25,a5385b24e1b1e895647141e361fbfd125f69b22b8101a03a5bf03d0a059bf87a,False,native,e430e84b5044a1954983f6d380c1155f165e447205dd568d22a78596fa5f0602,604462f386c003e397cd55934c67735731d9683e762902ff4d23fad1f410c0bb,12,1437191,0,-189987,better,better,False
R112,solomon_txt,a0e93149d59d30c356619891d192e86d0f16c3158e1dac3bd9f23c6deb718271,0,1,ok,True,12,1404701,1404.701,0.092533,0.500509,1,time_limit,solomon_exact_1000_v1,,,,,,0.5,,,,25,a5385b24e1b1e895647141e361fbfd125f69b22b8101a03a5bf03d0a059bf87a,False,python,18b60bd1f8a3f3a3299830e92120a9841e4fb04a4b6fc31094cbf2c6e0a24ff8,604462f386c003e397cd55934c67735731d9683e762902ff4d23fad1f410c0bb,12,1404701,0,0,tie,tie,False
R112,solomon_txt,a0e93149d59d30c356619891d192e86d0f16c3158e1dac3bd9f23c6deb718271,0,1,ok,True,12,1191476,1191.476,0.095151,0.500652,1,time_limit,solomon_exact_1000_v1,,,,,,0.5,,,,25,a5385b24e1b1e895647141e361fbfd125f69b22b8101a03a5bf03d0a059bf87a,False,native,e430e84b5044a1954983f6d380c1155f165e447205dd568d22a78596fa5f0602,604462f386c003e397cd55934c67735731d9683e762902ff4d23fad1f410c0bb,12,1404701,0,-213225,better,better,False
R112,solomon_txt,a0e93149d59d30c356619891d192e86d0f16c3158e1dac3bd9f23c6deb718271,1,1,ok,True,11,1175112,1175.112,0.111072,0.500644,1,time_limit,solomon_exact_1000_v1,,,,,,0.5,,,,25,a5385b24e1b1e895647141e361fbfd125f69b22b8101a03a5bf03d0a059bf87a,False,python,18b60bd1f8a3f3a3299830e92120a9841e4fb04a4b6fc31094cbf2c6e0a24ff8,604462f386c003e397cd55934c67735731d9683e762902ff4d23fad1f410c0bb,11,1175112,0,0,tie,tie,False
R112,solomon_txt,a0e93149d59d30c356619891d192e86d0f16c3158e1dac3bd9f23c6deb718271,1,1,ok,True,11,1066696,1066.696,0.103856,0.500607,1,time_limit,solomon_exact_1000_v1,,,,,,0.5,,,,25,a5385b24e1b1e895647141e361fbfd125f69b22b8101a03a5bf03d0a059bf87a,False,native,e430e84b5044a1954983f6d380c1155f165e447205dd568d22a78596fa5f0602,604462f386c003e397cd55934c67735731d9683e762902ff4d23fad1f410c0bb,11,1175112,0,-108416,better,better,False
R112,solomon_txt,a0e93149d59d30c356619891d192e86d0f16c3158e1dac3bd9f23c6deb718271,2,1,ok,True,12,1435041,1435.041,0.098537,0.500685,1,time_limit,solomon_exact_1000_v1,,,,,,0.5,,,,25,a5385b24e1b1e895647141e361fbfd125f69b22b8101a03a5bf03d0a059bf87a,False,python,18b60bd1f8a3f3a3299830e92120a9841e4fb04a4b6fc31094cbf2c6e0a24ff8,604462f386c003e397cd55934c67735731d9683e762902ff4d23fad1f410c0bb,12,1435041,0,0,tie,tie,False
R112,solomon_txt,a0e93149d59d30c356619891d192e86d0f16c3158e1dac3bd9f23c6deb718271,2,1,ok,True,12,1182726,1182.726,0.096624,0.500617,1,time_limit,solomon_exact_1000_v1,,,,,,0.5,,,,25,a5385b24e1b1e895647141e361fbfd125f69b22b8101a03a5bf03d0a059bf87a,False,native,e430e84b5044a1954983f6d380c1155f165e447205dd568d22a78596fa5f0602,604462f386c003e397cd55934c67735731d9683e762902ff4d23fad1f410c0bb,12,1435041,0,-252315,better,better,False
R201,solomon_txt,0be960ec998fff2cab0bdbcc5194c617e5ca0a79c82c5b32b1d4bd98b2cae210,0,1,ok,True,4,1639963,1639.963,0.196631,0.500575,1,time_limit,solomon_exact_1000_v1,,,,,,0.5,,,,25,a5385b24e1b1e895647141e361fbfd125f69b22b8101a03a5bf03d0a059bf87a,False,python,18b60bd1f8a3f3a3299830e92120a9841e4fb04a4b6fc31094cbf2c6e0a24ff8,604462f386c003e397cd55934c67735731d9683e762902ff4d23fad1f410c0bb,4,1639963,0,0,tie,tie,False
R201,solomon_txt,0be960ec998fff2cab0bdbcc5194c617e5ca0a79c82c5b32b1d4bd98b2cae210,0,1,ok,True,4,1452921,1452.921,0.198453,0.500568,1,time_limit,solomon_exact_1000_v1,,,,,,0.5,,,,25,a5385b24e1b1e895647141e361fbfd125f69b22b8101a03a5bf03d0a059bf87a,False,native,e430e84b5044a1954983f6d380c1155f165e447205dd568d22a78596fa5f0602,604462f386c003e397cd55934c67735731d9683e762902ff4d23fad1f410c0bb,4,1639963,0,-187042,better,better,False
R201,solomon_txt,0be960ec998fff2cab0bdbcc5194c617e5ca0a79c82c5b32b1d4bd98b2cae210,1,1,ok,True,4,1623653,1623.653,0.203278,0.500583,1,time_limit,solomon_exact_1000_v1,,,,,,0.5,,,,25,a5385b24e1b1e895647141e361fbfd125f69b22b8101a03a5bf03d0a059bf87a,False,python,18b60bd1f8a3f3a3299830e92120a9841e4fb04a4b6fc31094cbf2c6e0a24ff8,604462f386c003e397cd55934c67735731d9683e762902ff4d23fad1f410c0bb,4,1623653,0,0,tie,tie,False
R201,solomon_txt,0be960ec998fff2cab0bdbcc5194c617e5ca0a79c82c5b32b1d4bd98b2cae210,1,1,ok,True,4,1416425,1416.425,0.202485,0.500563,1,time_limit,solomon_exact_1000_v1,,,,,,0.5,,,,25,a5385b24e1b1e895647141e361fbfd125f69b22b8101a03a5bf03d0a059bf87a,False,native,e430e84b5044a1954983f6d380c1155f165e447205dd568d22a78596fa5f0602,604462f386c003e397cd55934c67735731d9683e762902ff4d23fad1f410c0bb,4,1623653,0,-207228,better,better,False
R201,solomon_txt,0be960ec998fff2cab0bdbcc5194c617e5ca0a79c82c5b32b1d4bd98b2cae210,2,1,ok,True,4,1593054,1593.054,0.208337,0.500581,1,time_limit,solomon_exact_1000_v1,,,,,,0.5,,,,25,a5385b24e1b1e895647141e361fbfd125f69b22b8101a03a5bf03d0a059bf87a,False,python,18b60bd1f8a3f3a3299830e92120a9841e4fb04a4b6fc31094cbf2c6e0a24ff8,604462f386c003e397cd55934c67735731d9683e762902ff4d23fad1f410c0bb,4,1593054,0,0,tie,tie,False
R201,solomon_txt,0be960ec998fff2cab0bdbcc5194c617e5ca0a79c82c5b32b1d4bd98b2cae210,2,1,ok,True,4,1414024,1414.024,0.206424,0.500566,1,time_limit,solomon_exact_1000_v1,,,,,,0.5,,,,25,a5385b24e1b1e895647141e361fbfd125f69b22b8101a03a5bf03d0a059bf87a,False,native,e430e84b5044a1954983f6d380c1155f165e447205dd568d22a78596fa5f0602,604462f386c003e397cd55934c67735731d9683e762902ff4d23fad1f410c0bb,4,1593054,0,-179030,better,better,False
R202,solomon_txt,1f7761bb33e9dd0c94837b32c72280296ffc283dba997379c7ad75ce00dffc8d,0,1,ok,True,4,1613273,1613.273,0.242749,0.500599,1,time_limit,solomon_exact_1000_v1,,,,,,0.5,,,,25,a5385b24e1b1e895647141e361fbfd125f69b22b8101a03a5bf03d0a059bf87a,False,python,18b60bd1f8a3f3a3299830e92120a9841e4fb04a4b6fc31094cbf2c6e0a24ff8,604462f386c003e397cd55934c67735731d9683e762902ff4d23fad1f410c0bb,4,1613273,0,0,tie,tie,False
R202,solomon_txt,1f7761bb33e9dd0c94837b32c72280296ffc283dba997379c7ad75ce00dffc8d,0,1,ok,True,4,1471082,1471.082,0.221224,0.501244,1,time_limit,solomon_exact_1000_v1,,,,,,0.5,,,,25,a5385b24e1b1e895647141e361fbfd125f69b22b8101a03a5bf03d0a059bf87a,False,native,e430e84b5044a1954983f6d380c1155f165e447205dd568d22a78596fa5f0602,604462f386c003e397cd55934c67735731d9683e762902ff4d23fad1f410c0bb,4,1613273,0,-142191,better,better,False
R202,solomon_txt,1f7761bb33e9dd0c94837b32c72280296ffc283dba997379c7ad75ce00dffc8d,1,1,ok,True,4,1613273,1613.273,0.22439,0.500664,1,time_limit,solomon_exact_1000_v1,,,,,,0.5,,,,25,a5385b24e1b1e895647141e361fbfd125f69b22b8101a03a5bf03d0a059bf87a,False,python,18b60bd1f8a3f3a3299830e92120a9841e4fb04a4b6fc31094cbf2c6e0a24ff8,604462f386c003e397cd55934c67735731d9683e762902ff4d23fad1f410c0bb,4,1613273,0,0,tie,tie,False
R202,solomon_txt,1f7761bb33e9dd0c94837b32c72280296ffc283dba997379c7ad75ce00dffc8d,1,1,ok,True,4,1435432,1435.432,0.22401,0.500569,1,time_limit,solomon_exact_1000_v1,,,,,,0.5,,,,25,a5385b24e1b1e895647141e361fbfd125f69b22b8101a03a5bf03d0a059bf87a,False,native,e430e84b5044a1954983f6d380c1155f165e447205dd568d22a78596fa5f0602,604462f386c003e397cd55934c67735731d9683e762902ff4d23fad1f410c0bb,4,1613273,0,-177841,better,better,False
R202,solomon_txt,1f7761bb33e9dd0c94837b32c72280296ffc283dba997379c7ad75ce00dffc8d,2,1,ok,True,4,1613273,1613.273,0.224879,0.500579,1,time_limit,solomon_exact_1000_v1,,,,,,0.5,,,,25,a5385b24e1b1e895647141e361fbfd125f69b22b8101a03a5bf03d0a059bf87a,False,python,18b60bd1f8a3f3a3299830e92120a9841e4fb04a4b6fc31094cbf2c6e0a24ff8,604462f386c003e397cd55934c67735731d9683e762902ff4d23fad1f410c0bb,4,1613273,0,0,tie,tie,False
R202,solomon_txt,1f7761bb33e9dd0c94837b32c72280296ffc283dba997379c7ad75ce00dffc8d,2,1,ok,True,4,1438357,1438.357,0.227733,0.500712,1,time_limit,solomon_exact_1000_v1,,,,,,0.5,,,,25,a5385b24e1b1e895647141e361fbfd125f69b22b8101a03a5bf03d0a059bf87a,False,native,e430e84b5044a1954983f6d380c1155f165e447205dd568d22a78596fa5f0602,604462f386c003e397cd55934c67735731d9683e762902ff4d23fad1f410c0bb,4,1613273,0,-174916,better,better,False
R203,solomon_txt,38c484db31bd7452a94d533e26a2348ef598df600b79d061d9ddc1c61466a731,0,1,ok,True,3,1290510,1290.51,0.261388,0.500529,1,time_limit,solomon_exact_1000_v1,,,,,,0.5,,,,25,a5385b24e1b1e895647141e361fbfd125f69b22b8101a03a5bf03d0a059bf87a,False,python,18b60bd1f8a3f3a3299830e92120a9841e4fb04a4b6fc31094cbf2c6e0a24ff8,604462f386c003e397cd55934c67735731d9683e762902ff4d23fad1f410c0bb,3,1290510,0,0,tie,tie,False
R203,solomon_txt,38c484db31bd7452a94d533e26a2348ef598df600b79d061d9ddc1c61466a731,0,1,ok,True,3,1145318,1145.318,0.246729,0.500563,1,time_limit,solomon_exact_1000_v1,,,,,,0.5,,,,25,a5385b24e1b1e895647141e361fbfd125f69b22b8101a03a5bf03d0a059bf87a,False,native,e430e84b5044a1954983f6d380c1155f165e447205dd568d22a78596fa5f0602,604462f386c003e397cd55934c67735731d9683e762902ff4d23fad1f410c0bb,3,1290510,0,-145192,better,better,False
R203,solomon_txt,38c484db31bd7452a94d533e26a2348ef598df600b79d061d9ddc1c61466a731,1,1,ok,True,3,1288995,1288.995,0.261489,0.500565,1,time_limit,solomon_exact_1000_v1,,,,,,0.5,,,,25,a5385b24e1b1e895647141e361fbfd125f69b22b8101a03a5bf03d0a059bf87a,False,python,18b60bd1f8a3f3a3299830e92120a9841e4fb04a4b6fc31094cbf2c6e0a24ff8,604462f386c003e397cd55934c67735731d9683e762902ff4d23fad1f410c0bb,3,1288995,0,0,tie,tie,False
R203,solomon_txt,38c484db31bd7452a94d533e26a2348ef598df600b79d061d9ddc1c61466a731,1,1,ok,True,3,1137192,1137.192,0.277152,0.500555,1,time_limit,solomon_exact_1000_v1,,,,,,0.5,,,,25,a5385b24e1b1e895647141e361fbfd125f69b22b8101a03a5bf03d0a059bf87a,False,native,e430e84b5044a1954983f6d380c1155f165e447205dd568d22a78596fa5f0602,604462f386c003e397cd55934c67735731d9683e762902ff4d23fad1f410c0bb,3,1288995,0,-151803,better,better,False
R203,solomon_txt,38c484db31bd7452a94d533e26a2348ef598df600b79d061d9ddc1c61466a731,2,1,ok,True,3,1251569,1251.569,0.250174,0.500593,1,time_limit,solomon_exact_1000_v1,,,,,,0.5,,,,25,a5385b24e1b1e895647141e361fbfd125f69b22b8101a03a5bf03d0a059bf87a,False,python,18b60bd1f8a3f3a3299830e92120a9841e4fb04a4b6fc31094cbf2c6e0a24ff8,604462f386c003e397cd55934c67735731d9683e762902ff4d23fad1f410c0bb,3,1251569,0,0,tie,tie,False
R203,solomon_txt,38c484db31bd7452a94d533e26a2348ef598df600b79d061d9ddc1c61466a731,2,1,ok,True,3,1106897,1106.897,0.238771,0.500614,1,time_limit,solomon_exact_1000_v1,,,,,,0.5,,,,25,a5385b24e1b1e895647141e361fbfd125f69b22b8101a03a5bf03d0a059bf87a,False,native,e430e84b5044a1954983f6d380c1155f165e447205dd568d22a78596fa5f0602,604462f386c003e397cd55934c67735731d9683e762902ff4d23fad1f410c0bb,3,1251569,0,-144672,better,better,False
R204,solomon_txt,5349e37d8df99bcbee1efa2e970d2662b5265e5f82fc609343a6af0a60257abf,0,1,ok,True,3,1331038,1331.038,0.305026,0.500552,1,time_limit,solomon_exact_1000_v1,,,,,,0.5,,,,25,a5385b24e1b1e895647141e361fbfd125f69b22b8101a03a5bf03d0a059bf87a,False,python,18b60bd1f8a3f3a3299830e92120a9841e4fb04a4b6fc31094cbf2c6e0a24ff8,604462f386c003e397cd55934c67735731d9683e762902ff4d23fad1f410c0bb,3,1331038,0,0,tie,tie,False
R204,solomon_txt,5349e37d8df99bcbee1efa2e970d2662b5265e5f82fc609343a6af0a60257abf,0,1,ok,True,3,1295577,1295.577,0.312862,0.500574,1,time_limit,solomon_exact_1000_v1,,,,,,0.5,,,,25,a5385b24e1b1e895647141e361fbfd125f69b22b8101a03a5bf03d0a059bf87a,False,native,e430e84b5044a1954983f6d380c1155f165e447205dd568d22a78596fa5f0602,604462f386c003e397cd55934c67735731d9683e762902ff4d23fad1f410c0bb,3,1331038,0,-35461,better,better,False
R204,solomon_txt,5349e37d8df99bcbee1efa2e970d2662b5265e5f82fc609343a6af0a60257abf,1,1,ok,True,3,1287338,1287.338,0.310764,0.500596,1,time_limit,solomon_exact_1000_v1,,,,,,0.5,,,,25,a5385b24e1b1e895647141e361fbfd125f69b22b8101a03a5bf03d0a059bf87a,False,python,18b60bd1f8a3f3a3299830e92120a9841e4fb04a4b6fc31094cbf2c6e0a24ff8,604462f386c003e397cd55934c67735731d9683e762902ff4d23fad1f410c0bb,3,1287338,0,0,tie,tie,False
R204,solomon_txt,5349e37d8df99bcbee1efa2e970d2662b5265e5f82fc609343a6af0a60257abf,1,1,ok,True,3,1101736,1101.736,0.306615,0.500539,1,time_limit,solomon_exact_1000_v1,,,,,,0.5,,,,25,a5385b24e1b1e895647141e361fbfd125f69b22b8101a03a5bf03d0a059bf87a,False,native,e430e84b5044a1954983f6d380c1155f165e447205dd568d22a78596fa5f0602,604462f386c003e397cd55934c67735731d9683e762902ff4d23fad1f410c0bb,3,1287338,0,-185602,better,better,False
R204,solomon_txt,5349e37d8df99bcbee1efa2e970d2662b5265e5f82fc609343a6af0a60257abf,2,1,ok,True,3,1213403,1213.403,0.301042,0.500647,1,time_limit,solomon_exact_1000_v1,,,,,,0.5,,,,25,a5385b24e1b1e895647141e361fbfd125f69b22b8101a03a5bf03d0a059bf87a,False,python,18b60bd1f8a3f3a3299830e92120a9841e4fb04a4b6fc31094cbf2c6e0a24ff8,604462f386c003e397cd55934c67735731d9683e762902ff4d23fad1f410c0bb,3,1213403,0,0,tie,tie,False
R204,solomon_txt,5349e37d8df99bcbee1efa2e970d2662b5265e5f82fc609343a6af0a60257abf,2,1,ok,True,3,1112811,1112.811,0.301284,0.500813,1,time_limit,solomon_exact_1000_v1,,,,,,0.5,,,,25,a5385b24e1b1e895647141e361fbfd125f69b22b8101a03a5bf03d0a059bf87a,False,native,e430e84b5044a1954983f6d380c1155f165e447205dd568d22a78596fa5f0602,604462f386c003e397cd55934c67735731d9683e762902ff4d23fad1f410c0bb,3,1213403,0,-100592,better,better,False
R205,solomon_txt,1996bf8f10716fb8cfc1a585206a6a6e566f32347c1bb8f36c75ed6c887f77e3,0,1,ok,True,3,1290574,1290.574,0.243067,0.500626,1,time_limit,solomon_exact_1000_v1,,,,,,0.5,,,,25,a5385b24e1b1e895647141e361fbfd125f69b22b8101a03a5bf03d0a059bf87a,False,python,18b60bd1f8a3f3a3299830e92120a9841e4fb04a4b6fc31094cbf2c6e0a24ff8,604462f386c003e397cd55934c67735731d9683e762902ff4d23fad1f410c0bb,3,1290574,0,0,tie,tie,False
R205,solomon_txt,1996bf8f10716fb8cfc1a585206a6a6e566f32347c1bb8f36c75ed6c887f77e3,0,1,ok,True,3,1215931,1215.931,0.23938,0.500538,1,time_limit,solomon_exact_1000_v1,,,,,,0.5,,,,25,a5385b24e1b1e895647141e361fbfd125f69b22b8101a03a5bf03d0a059bf87a,False,native,e430e84b5044a1954983f6d380c1155f165e447205dd568d22a78596fa5f0602,604462f386c003e397cd55934c67735731d9683e762902ff4d23fad1f410c0bb,3,1290574,0,-74643,better,better,False
R205,solomon_txt,1996bf8f10716fb8cfc1a585206a6a6e566f32347c1bb8f36c75ed6c887f77e3,1,1,ok,True,4,1642167,1642.167,0.233275,0.500588,1,time_limit,solomon_exact_1000_v1,,,,,,0.5,,,,25,a5385b24e1b1e895647141e361fbfd125f69b22b8101a03a5bf03d0a059bf87a,False,python,18b60bd1f8a3f3a3299830e92120a9841e4fb04a4b6fc31094cbf2c6e0a24ff8,604462f386c003e397cd55934c67735731d9683e762902ff4d23fad1f410c0bb,4,1642167,0,0,tie,tie,False
R205,solomon_txt,1996bf8f10716fb8cfc1a585206a6a6e566f32347c1bb8f36c75ed6c887f77e3,1,1,ok,True,4,1498386,1498.386,0.289275,0.500999,1,time_limit,solomon_exact_1000_v1,,,,,,0.5,,,,25,a5385b24e1b1e895647141e361fbfd125f69b22b8101a03a5bf03d0a059bf87a,False,native,e430e84b5044a1954983f6d380c1155f165e447205dd568d22a78596fa5f0602,604462f386c003e397cd55934c67735731d9683e762902ff4d23fad1f410c0bb,4,1642167,0,-143781,better,better,False
R205,solomon_txt,1996bf8f10716fb8cfc1a585206a6a6e566f32347c1bb8f36c75ed6c887f77e3,2,1,ok,True,3,1401461,1401.461,0.264556,0.500632,1,time_limit,solomon_exact_1000_v1,,,,,,0.5,,,,25,a5385b24e1b1e895647141e361fbfd125f69b22b8101a03a5bf03d0a059bf87a,False,python,18b60bd1f8a3f3a3299830e92120a9841e4fb04a4b6fc31094cbf2c6e0a24ff8,604462f386c003e397cd55934c67735731d9683e762902ff4d23fad1f410c0bb,3,1401461,0,0,tie,tie,False
R205,solomon_txt,1996bf8f10716fb8cfc1a585206a6a6e566f32347c1bb8f36c75ed6c887f77e3,2,1,ok,True,4,1517119,1517.119,0.292414,0.50106,1,time_limit,solomon_exact_1000_v1,,,,,,0.5,,,,25,a5385b24e1b1e895647141e361fbfd125f69b22b8101a03a5bf03d0a059bf87a,False,native,e430e84b5044a1954983f6d380c1155f165e447205dd568d22a78596fa5f0602,604462f386c003e397cd55934c67735731d9683e762902ff4d23fad1f410c0bb,3,1401461,1,,worse,not_compared,True
R206,solomon_txt,c8754a0319264d076c038b1bf023c8c4710e8895fe3e03f485e9ae249f32fe43,0,1,ok,True,3,1524537,1524.537,0.277699,0.500702,1,time_limit,solomon_exact_1000_v1,,,,,,0.5,,,,25,a5385b24e1b1e895647141e361fbfd125f69b22b8101a03a5bf03d0a059bf87a,False,python,18b60bd1f8a3f3a3299830e92120a9841e4fb04a4b6fc31094cbf2c6e0a24ff8,604462f386c003e397cd55934c67735731d9683e762902ff4d23fad1f410c0bb,3,1524537,0,0,tie,tie,False
R206,solomon_txt,c8754a0319264d076c038b1bf023c8c4710e8895fe3e03f485e9ae249f32fe43,0,1,ok,True,3,1428512,1428.512,0.277982,0.500776,1,time_limit,solomon_exact_1000_v1,,,,,,0.5,,,,25,a5385b24e1b1e895647141e361fbfd125f69b22b8101a03a5bf03d0a059bf87a,False,native,e430e84b5044a1954983f6d380c1155f165e447205dd568d22a78596fa5f0602,604462f386c003e397cd55934c67735731d9683e762902ff4d23fad1f410c0bb,3,1524537,0,-96025,better,better,False
R206,solomon_txt,c8754a0319264d076c038b1bf023c8c4710e8895fe3e03f485e9ae249f32fe43,1,1,ok,True,3,1524537,1524.537,0.329142,0.500551,1,time_limit,solomon_exact_1000_v1,,,,,,0.5,,,,25,a5385b24e1b1e895647141e361fbfd125f69b22b8101a03a5bf03d0a059bf87a,False,python,18b60bd1f8a3f3a3299830e92120a9841e4fb04a4b6fc31094cbf2c6e0a24ff8,604462f386c003e397cd55934c67735731d9683e762902ff4d23fad1f410c0bb,3,1524537,0,0,tie,tie,False
R206,solomon_txt,c8754a0319264d076c038b1bf023c8c4710e8895fe3e03f485e9ae249f32fe43,1,1,ok,True,3,1434491,1434.491,0.322707,0.500672,1,time_limit,solomon_exact_1000_v1,,,,,,0.5,,,,25,a5385b24e1b1e895647141e361fbfd125f69b22b8101a03a5bf03d0a059bf87a,False,native,e430e84b5044a1954983f6d380c1155f165e447205dd568d22a78596fa5f0602,604462f386c003e397cd55934c67735731d9683e762902ff4d23fad1f410c0bb,3,1524537,0,-90046,better,better,False
R206,solomon_txt,c8754a0319264d076c038b1bf023c8c4710e8895fe3e03f485e9ae249f32fe43,2,1,ok,True,3,1456837,1456.837,0.290068,0.500924,1,time_limit,solomon_exact_1000_v1,,,,,,0.5,,,,25,a5385b24e1b1e895647141e361fbfd125f69b22b8101a03a5bf03d0a059bf87a,False,python,18b60bd1f8a3f3a3299830e92120a9841e4fb04a4b6fc31094cbf2c6e0a24ff8,604462f386c003e397cd55934c67735731d9683e762902ff4d23fad1f410c0bb,3,1456837,0,0,tie,tie,False
R206,solomon_txt,c8754a0319264d076c038b1bf023c8c4710e8895fe3e03f485e9ae249f32fe43,2,1,ok,True,3,1399360,1399.36,0.294974,0.500716,1,time_limit,solomon_exact_1000_v1,,,,,,0.5,,,,25,a5385b24e1b1e895647141e361fbfd125f69b22b8101a03a5bf03d0a059bf87a,False,native,e430e84b5044a1954983f6d380c1155f165e447205dd568d22a78596fa5f0602,604462f386c003e397cd55934c67735731d9683e762902ff4d23fad1f410c0bb,3,1456837,0,-57477,better,better,False
R207,solomon_txt,52dc8eebba43fdc67ca9aadab228b75a297acb55a87db3e4748e82f623e3cbe6,0,1,ok,True,3,1164515,1164.515,0.333083,0.500595,1,time_limit,solomon_exact_1000_v1,,,,,,0.5,,,,25,a5385b24e1b1e895647141e361fbfd125f69b22b8101a03a5bf03d0a059bf87a,False,python,18b60bd1f8a3f3a3299830e92120a9841e4fb04a4b6fc31094cbf2c6e0a24ff8,604462f386c003e397cd55934c67735731d9683e762902ff4d23fad1f410c0bb,3,1164515,0,0,tie,tie,False
R207,solomon_txt,52dc8eebba43fdc67ca9aadab228b75a297acb55a87db3e4748e82f623e3cbe6,0,1,ok,True,3,1164515,1164.515,0.343347,0.500386,1,time_limit,solomon_exact_1000_v1,,,,,,0.5,,,,25,a5385b24e1b1e895647141e361fbfd125f69b22b8101a03a5bf03d0a059bf87a,False,native,e430e84b5044a1954983f6d380c1155f165e447205dd568d22a78596fa5f0602,604462f386c003e397cd55934c67735731d9683e762902ff4d23fad1f410c0bb,3,1164515,0,0,tie,tie,False
R207,solomon_txt,52dc8eebba43fdc67ca9aadab228b75a297acb55a87db3e4748e82f623e3cbe6,1,1,ok,True,3,1100765,1100.765,0.319101,0.500957,1,time_limit,solomon_exact_1000_v1,,,,,,0.5,,,,25,a5385b24e1b1e895647141e361fbfd125f69b22b8101a03a5bf03d0a059bf87a,False,python,18b60bd1f8a3f3a3299830e92120a9841e4fb04a4b6fc31094cbf2c6e0a24ff8,604462f386c003e397cd55934c67735731d9683e762902ff4d23fad1f410c0bb,3,1100765,0,0,tie,tie,False
R207,solomon_txt,52dc8eebba43fdc67ca9aadab228b75a297acb55a87db3e4748e82f623e3cbe6,1,1,ok,True,3,1084929,1084.929,0.344967,0.500551,1,time_limit,solomon_exact_1000_v1,,,,,,0.5,,,,25,a5385b24e1b1e895647141e361fbfd125f69b22b8101a03a5bf03d0a059bf87a,False,native,e430e84b5044a1954983f6d380c1155f165e447205dd568d22a78596fa5f0602,604462f386c003e397cd55934c67735731d9683e762902ff4d23fad1f410c0bb,3,1100765,0,-15836,better,better,False
R207,solomon_txt,52dc8eebba43fdc67ca9aadab228b75a297acb55a87db3e4748e82f623e3cbe6,2,1,ok,True,3,1024827,1024.827,0.341025,0.500465,1,time_limit,solomon_exact_1000_v1,,,,,,0.5,,,,25,a5385b24e1b1e895647141e361fbfd125f69b22b8101a03a5bf03d0a059bf87a,False,python,18b60bd1f8a3f3a3299830e92120a9841e4fb04a4b6fc31094cbf2c6e0a24ff8,604462f386c003e397cd55934c67735731d9683e762902ff4d23fad1f410c0bb,3,1024827,0,0,tie,tie,False
R207,solomon_txt,52dc8eebba43fdc67ca9aadab228b75a297acb55a87db3e4748e82f623e3cbe6,2,1,ok,True,3,994775,994.775,0.318237,0.500877,1,time_limit,solomon_exact_1000_v1,,,,,,0.5,,,,25,a5385b24e1b1e895647141e361fbfd125f69b22b8101a03a5bf03d0a059bf87a,False,native,e430e84b5044a1954983f6d380c1155f165e447205dd568d22a78596fa5f0602,604462f386c003e397cd55934c67735731d9683e762902ff4d23fad1f410c0bb,3,1024827,0,-30052,better,better,False
R208,solomon_txt,7b4a95d500af9329dd08791d39898a619faec0f8fac039d57373e761545b980d,0,1,ok,True,2,946859,946.859,0.368452,0.50097,1,time_limit,solomon_exact_1000_v1,,,,,,0.5,,,,25,a5385b24e1b1e895647141e361fbfd125f69b22b8101a03a5bf03d0a059bf87a,False,python,18b60bd1f8a3f3a3299830e92120a9841e4fb04a4b6fc31094cbf2c6e0a24ff8,604462f386c003e397cd55934c67735731d9683e762902ff4d23fad1f410c0bb,2,946859,0,0,tie,tie,False
R208,solomon_txt,7b4a95d500af9329dd08791d39898a619faec0f8fac039d57373e761545b980d,0,1,ok,True,2,859082,859.082,0.358355,0.500577,1,time_limit,solomon_exact_1000_v1,,,,,,0.5,,,,25,a5385b24e1b1e895647141e361fbfd125f69b22b8101a03a5bf03d0a059bf87a,False,native,e430e84b5044a1954983f6d380c1155f165e447205dd568d22a78596fa5f0602,604462f386c003e397cd55934c67735731d9683e762902ff4d23fad1f410c0bb,2,946859,0,-87777,better,better,False
R208,solomon_txt,7b4a95d500af9329dd08791d39898a619faec0f8fac039d57373e761545b980d,1,1,ok,True,2,960624,960.624,0.358811,0.50099,1,time_limit,solomon_exact_1000_v1,,,,,,0.5,,,,25,a5385b24e1b1e895647141e361fbfd125f69b22b8101a03a5bf03d0a059bf87a,False,python,18b60bd1f8a3f3a3299830e92120a9841e4fb04a4b6fc31094cbf2c6e0a24ff8,604462f386c003e397cd55934c67735731d9683e762902ff4d23fad1f410c0bb,2,960624,0,0,tie,tie,False
R208,solomon_txt,7b4a95d500af9329dd08791d39898a619faec0f8fac039d57373e761545b980d,1,1,ok,True,2,879739,879.739,0.354331,0.500645,1,time_limit,solomon_exact_1000_v1,,,,,,0.5,,,,25,a5385b24e1b1e895647141e361fbfd125f69b22b8101a03a5bf03d0a059bf87a,False,native,e430e84b5044a1954983f6d380c1155f165e447205dd568d22a78596fa5f0602,604462f386c003e397cd55934c67735731d9683e762902ff4d23fad1f410c0bb,2,960624,0,-80885,better,better,False
R208,solomon_txt,7b4a95d500af9329dd08791d39898a619faec0f8fac039d57373e761545b980d,2,1,ok,True,2,981656,981.656,0.375252,0.500674,1,time_limit,solomon_exact_1000_v1,,,,,,0.5,,,,25,a5385b24e1b1e895647141e361fbfd125f69b22b8101a03a5bf03d0a059bf87a,False,python,18b60bd1f8a3f3a3299830e92120a9841e4fb04a4b6fc31094cbf2c6e0a24ff8,604462f386c003e397cd55934c67735731d9683e762902ff4d23fad1f410c0bb,2,981656,0,0,tie,tie,False
R208,solomon_txt,7b4a95d500af9329dd08791d39898a619faec0f8fac039d57373e761545b980d,2,1,ok,True,2,884976,884.976,0.39024,0.50058,1,time_limit,solomon_exact_1000_v1,,,,,,0.5,,,,25,a5385b24e1b1e895647141e361fbfd125f69b22b8101a03a5bf03d0a059bf87a,False,native,e430e84b5044a1954983f6d380c1155f165e447205dd568d22a78596fa5f0602,604462f386c003e397cd55934c67735731d9683e762902ff4d23fad1f410c0bb,2,981656,0,-96680,better,better,False
R209,solomon_txt,5b74156d032babcff853ccc693f94463eca8333cd425aa99a39ed996f6258933,0,1,ok,True,3,1558059,1558.059,0.293707,0.500916,1,time_limit,solomon_exact_1000_v1,,,,,,0.5,,,,25,a5385b24e1b1e895647141e361fbfd125f69b22b8101a03a5bf03d0a059bf87a,False,python,18b60bd1f8a3f3a3299830e92120a9841e4fb04a4b6fc31094cbf2c6e0a24ff8,604462f386c003e397cd55934c67735731d9683e762902ff4d23fad1f410c0bb,3,1558059,0,0,tie,tie,False
R209,solomon_txt,5b74156d032babcff853ccc693f94463eca8333cd425aa99a39ed996f6258933,0,1,ok,True,3,1420314,1420.314,0.260879,0.500583,1,time_limit,solomon_exact_1000_v1,,,,,,0.5,,,,25,a5385b24e1b1e895647141e361fbfd125f69b22b8101a03a5bf03d0a059bf87a,False,native,e430e84b5044a1954983f6d380c1155f165e447205dd568d22a78596fa5f0602,604462f386c003e397cd55934c67735731d9683e762902ff4d23fad1f410c0bb,3,1558059,0,-137745,better,better,False
R209,solomon_txt,5b74156d032babcff853ccc693f94463eca8333cd425aa99a39ed996f6258933,1,1,ok,True,3,1275954,1275.954,0.27926,0.500745,1,time_limit,solomon_exact_1000_v1,,,,,,0.5,,,,25,a5385b24e1b1e895647141e361fbfd125f69b22b8101a03a5bf03d0a059bf87a,False,python,18b60bd1f8a3f3a3299830e92120a9841e4fb04a4b6fc31094cbf2c6e0a24ff8,604462f386c003e397cd55934c67735731d9683e762902ff4d23fad1f410c0bb,3,1275954,0,0,tie,tie,False
R209,solomon_txt,5b74156d032babcff853ccc693f94463eca8333cd425aa99a39ed996f6258933,1,1,ok,True,3,1211434,1211.434,0.273827,0.500509,1,time_limit,solomon_exact_1000_v1,,,,,,0.5,,,,25,a5385b24e1b1e895647141e361fbfd125f69b22b8101a03a5bf03d0a059bf87a,False,native,e430e84b5044a1954983f6d380c1155f165e447205dd568d22a78596fa5f0602,604462f386c003e397cd55934c67735731d9683e762902ff4d23fad1f410c0bb,3,1275954,0,-64520,better,better,False
R209,solomon_txt,5b74156d032babcff853ccc693f94463eca8333cd425aa99a39ed996f6258933,2,1,ok,True,3,1387620,1387.62,0.297492,0.50052,1,time_limit,solomon_exact_1000_v1,,,,,,0.5,,,,25,a5385b24e1b1e895647141e361fbfd125f69b22b8101a03a5bf03d0a059bf87a,False,python,18b60bd1f8a3f3a3299830e92120a9841e4fb04a4b6fc31094cbf2c6e0a24ff8,604462f386c003e397cd55934c67735731d9683e762902ff4d23fad1f410c0bb,3,1387620,0,0,tie,tie,False
R209,solomon_txt,5b74156d032babcff853ccc693f94463eca8333cd425aa99a39ed996f6258933,2,1,ok,True,3,1145902,1145.902,0.254536,0.500571,1,time_limit,solomon_exact_1000_v1,,,,,,0.5,,,,25,a5385b24e1b1e895647141e361fbfd125f69b22b8101a03a5bf03d0a059bf87a,False,native,e430e84b5044a1954983f6d380c1155f165e447205dd568d22a78596fa5f0602,604462f386c003e397cd55934c67735731d9683e762902ff4d23fad1f410c0bb,3,1387620,0,-241718,better,better,False
R210,solomon_txt,4e5772f109fb6183e6a648d6a1edaba3435438c2dc11c42da370fecf7bdf3a14,0,1,ok,True,3,1443660,1443.66,0.311988,0.50031,1,time_limit,solomon_exact_1000_v1,,,,,,0.5,,,,25,a5385b24e1b1e895647141e361fbfd125f69b22b8101a03a5bf03d0a059bf87a,False,python,18b60bd1f8a3f3a3299830e92120a9841e4fb04a4b6fc31094cbf2c6e0a24ff8,604462f386c003e397cd55934c67735731d9683e762902ff4d23fad1f410c0bb,3,1443660,0,0,tie,tie,False
R210,solomon_txt,4e5772f109fb6183e6a648d6a1edaba3435438c2dc11c42da370fecf7bdf3a14,0,1,ok,True,3,1443660,1443.66,0.305071,0.500635,1,time_limit,solomon_exact_1000_v1,,,,,,0.5,,,,25,a5385b24e1b1e895647141e361fbfd125f69b22b8101a03a5bf03d0a059bf87a,False,native,e430e84b5044a1954983f6d380c1155f165e447205dd568d22a78596fa5f0602,604462f386c003e397cd55934c67735731d9683e762902ff4d23fad1f410c0bb,3,1443660,0,0,tie,tie,False
R210,solomon_txt,4e5772f109fb6183e6a648d6a1edaba3435438c2dc11c42da370fecf7bdf3a14,1,1,ok,True,3,1419447,1419.447,0.287859,0.500683,1,time_limit,solomon_exact_1000_v1,,,,,,0.5,,,,25,a5385b24e1b1e895647141e361fbfd125f69b22b8101a03a5bf03d0a059bf87a,False,python,18b60bd1f8a3f3a3299830e92120a9841e4fb04a4b6fc31094cbf2c6e0a24ff8,604462f386c003e397cd55934c67735731d9683e762902ff4d23fad1f410c0bb,3,1419447,0,0,tie,tie,False
R210,solomon_txt,4e5772f109fb6183e6a648d6a1edaba3435438c2dc11c42da370fecf7bdf3a14,1,1,ok,True,3,1362493,1362.493,0.302007,0.500595,1,time_limit,solomon_exact_1000_v1,,,,,,0.5,,,,25,a5385b24e1b1e895647141e361fbfd125f69b22b8101a03a5bf03d0a059bf87a,False,native,e430e84b5044a1954983f6d380c1155f165e447205dd568d22a78596fa5f0602,604462f386c003e397cd55934c67735731d9683e762902ff4d23fad1f410c0bb,3,1419447,0,-56954,better,better,False
R210,solomon_txt,4e5772f109fb6183e6a648d6a1edaba3435438c2dc11c42da370fecf7bdf3a14,2,1,ok,True,3,1412849,1412.849,0.312217,0.500687,1,time_limit,solomon_exact_1000_v1,,,,,,0.5,,,,25,a5385b24e1b1e895647141e361fbfd125f69b22b8101a03a5bf03d0a059bf87a,False,python,18b60bd1f8a3f3a3299830e92120a9841e4fb04a4b6fc31094cbf2c6e0a24ff8,604462f386c003e397cd55934c67735731d9683e762902ff4d23fad1f410c0bb,3,1412849,0,0,tie,tie,False
R210,solomon_txt,4e5772f109fb6183e6a648d6a1edaba3435438c2dc11c42da370fecf7bdf3a14,2,1,ok,True,3,1336658,1336.658,0.299255,0.500954,1,time_limit,solomon_exact_1000_v1,,,,,,0.5,,,,25,a5385b24e1b1e895647141e361fbfd125f69b22b8101a03a5bf03d0a059bf87a,False,native,e430e84b5044a1954983f6d380c1155f165e447205dd568d22a78596fa5f0602,604462f386c003e397cd55934c67735731d9683e762902ff4d23fad1f410c0bb,3,1412849,0,-76191,better,better,False
R211,solomon_txt,2965507e467a2f92acd59035975910e36ae11e4f49590d4c7d20a883939227ad,0,1,ok,True,3,1507631,1507.631,0.322015,0.500532,1,time_limit,solomon_exact_1000_v1,,,,,,0.5,,,,25,a5385b24e1b1e895647141e361fbfd125f69b22b8101a03a5bf03d0a059bf87a,False,python,18b60bd1f8a3f3a3299830e92120a9841e4fb04a4b6fc31094cbf2c6e0a24ff8,604462f386c003e397cd55934c67735731d9683e762902ff4d23fad1f410c0bb,3,1507631,0,0,tie,tie,False
R211,solomon_txt,2965507e467a2f92acd59035975910e36ae11e4f49590d4c7d20a883939227ad,0,1,ok,True,3,1516434,1516.434,0.307619,0.50057,1,time_limit,solomon_exact_1000_v1,,,,,,0.5,,,,25,a5385b24e1b1e895647141e361fbfd125f69b22b8101a03a5bf03d0a059bf87a,False,native,e430e84b5044a1954983f6d380c1155f165e447205dd568d22a78596fa5f0602,604462f386c003e397cd55934c67735731d9683e762902ff4d23fad1f410c0bb,3,1507631,0,8803,worse,worse,True
R211,solomon_txt,2965507e467a2f92acd59035975910e36ae11e4f49590d4c7d20a883939227ad,1,1,ok,True,3,1498457,1498.457,0.312192,0.500719,1,time_limit,solomon_exact_1000_v1,,,,,,0.5,,,,25,a5385b24e1b1e895647141e361fbfd125f69b22b8101a03a5bf03d0a059bf87a,False,python,18b60bd1f8a3f3a3299830e92120a9841e4fb04a4b6fc31094cbf2c6e0a24ff8,604462f386c003e397cd55934c67735731d9683e762902ff4d23fad1f410c0bb,3,1498457,0,0,tie,tie,False
R211,solomon_txt,2965507e467a2f92acd59035975910e36ae11e4f49590d4c7d20a883939227ad,1,1,ok,True,3,1368028,1368.028,0.336559,0.50061,1,time_limit,solomon_exact_1000_v1,,,,,,0.5,,,,25,a5385b24e1b1e895647141e361fbfd125f69b22b8101a03a5bf03d0a059bf87a,False,native,e430e84b5044a1954983f6d380c1155f165e447205dd568d22a78596fa5f0602,604462f386c003e397cd55934c67735731d9683e762902ff4d23fad1f410c0bb,3,1498457,0,-130429,better,better,False
R211,solomon_txt,2965507e467a2f92acd59035975910e36ae11e4f49590d4c7d20a883939227ad,2,1,ok,True,3,1473662,1473.662,0.286892,0.500561,1,time_limit,solomon_exact_1000_v1,,,,,,0.5,,,,25,a5385b24e1b1e895647141e361fbfd125f69b22b8101a03a5bf03d0a059bf87a,False,python,18b60bd1f8a3f3a3299830e92120a9841e4fb04a4b6fc31094cbf2c6e0a24ff8,604462f386c003e397cd55934c67735731d9683e762902ff4d23fad1f410c0bb,3,1473662,0,0,tie,tie,False
R211,solomon_txt,2965507e467a2f92acd59035975910e36ae11e4f49590d4c7d20a883939227ad,2,1,ok,True,3,1255849,1255.849,0.318341,0.500588,1,time_limit,solomon_exact_1000_v1,,,,,,0.5,,,,25,a5385b24e1b1e895647141e361fbfd125f69b22b8101a03a5bf03d0a059bf87a,False,native,e430e84b5044a1954983f6d380c1155f165e447205dd568d22a78596fa5f0602,604462f386c003e397cd55934c67735731d9683e762902ff4d23fad1f410c0bb,3,1473662,0,-217813,better,better,False
RC101,solomon_txt,ef6893ffd9746ad96de8e4da6e64e2c4ba6e08a1c7eb9457276a9f1caf01ca12,0,1,ok,True,16,1913820,1913.82,0.089661,0.500967,1,time_limit,solomon_exact_1000_v1,,,,,,0.5,,,,25,a5385b24e1b1e895647141e361fbfd125f69b22b8101a03a5bf03d0a059bf87a,False,python,18b60bd1f8a3f3a3299830e92120a9841e4fb04a4b6fc31094cbf2c6e0a24ff8,604462f386c003e397cd55934c67735731d9683e762902ff4d23fad1f410c0bb,16,1913820,0,0,tie,tie,False
RC101,solomon_txt,ef6893ffd9746ad96de8e4da6e64e2c4ba6e08a1c7eb9457276a9f1caf01ca12,0,1,ok,True,16,1818930,1818.93,0.109924,0.501044,1,time_limit,solomon_exact_1000_v1,,,,,,0.5,,,,25,a5385b24e1b1e895647141e361fbfd125f69b22b8101a03a5bf03d0a059bf87a,False,native,e430e84b5044a1954983f6d380c1155f165e447205dd568d22a78596fa5f0602,604462f386c003e397cd55934c67735731d9683e762902ff4d23fad1f410c0bb,16,1913820,0,-94890,better,better,False
RC101,solomon_txt,ef6893ffd9746ad96de8e4da6e64e2c4ba6e08a1c7eb9457276a9f1caf01ca12,1,1,ok,True,17,2062057,2062.057,0.10977,0.50064,1,time_limit,solomon_exact_1000_v1,,,,,,0.5,,,,25,a5385b24e1b1e895647141e361fbfd125f69b22b8101a03a5bf03d0a059bf87a,False,python,18b60bd1f8a3f3a3299830e92120a9841e4fb04a4b6fc31094cbf2c6e0a24ff8,604462f386c003e397cd55934c67735731d9683e762902ff4d23fad1f410c0bb,17,2062057,0,0,tie,tie,False
RC101,solomon_txt,ef6893ffd9746ad96de8e4da6e64e2c4ba6e08a1c7eb9457276a9f1caf01ca12,1,1,ok,True,17,1834671,1834.671,0.143256,0.500541,1,time_limit,solomon_exact_1000_v1,,,,,,0.5,,,,25,a5385b24e1b1e895647141e361fbfd125f69b22b8101a03a5bf03d0a059bf87a,False,native,e430e84b5044a1954983f6d380c1155f165e447205dd568d22a78596fa5f0602,604462f386c003e397cd55934c67735731d9683e762902ff4d23fad1f410c0bb,17,2062057,0,-227386,better,better,False
RC101,solomon_txt,ef6893ffd9746ad96de8e4da6e64e2c4ba6e08a1c7eb9457276a9f1caf01ca12,2,1,ok,True,16,1883424,1883.424,0.11475,0.500659,1,time_limit,solomon_exact_1000_v1,,,,,,0.5,,,,25,a5385b24e1b1e895647141e361fbfd125f69b22b8101a03a5bf03d0a059bf87a,False,python,18b60bd1f8a3f3a3299830e92120a9841e4fb04a4b6fc31094cbf2c6e0a24ff8,604462f386c003e397cd55934c67735731d9683e762902ff4d23fad1f410c0bb,16,1883424,0,0,tie,tie,False
RC101,solomon_txt,ef6893ffd9746ad96de8e4da6e64e2c4ba6e08a1c7eb9457276a9f1caf01ca12,2,1,ok,True,16,1752460,1752.46,0.08206,0.500654,2,time_limit,solomon_exact_1000_v1,,,,,,0.5,,,,25,a5385b24e1b1e895647141e361fbfd125f69b22b8101a03a5bf03d0a059bf87a,False,native,e430e84b5044a1954983f6d380c1155f165e447205dd568d22a78596fa5f0602,604462f386c003e397cd55934c67735731d9683e762902ff4d23fad1f410c0bb,16,1883424,0,-130964,better,better,False
RC102,solomon_txt,36acd349d34a577c7fadd61f78517c2cb74bd06a490273800c288f341e5785a4,0,1,ok,True,15,1685931,1685.931,0.086337,0.500643,1,time_limit,solomon_exact_1000_v1,,,,,,0.5,,,,25,a5385b24e1b1e895647141e361fbfd125f69b22b8101a03a5bf03d0a059bf87a,False,python,18b60bd1f8a3f3a3299830e92120a9841e4fb04a4b6fc31094cbf2c6e0a24ff8,604462f386c003e397cd55934c67735731d9683e762902ff4d23fad1f410c0bb,15,1685931,0,0,tie,tie,False
RC102,solomon_txt,36acd349d34a577c7fadd61f78517c2cb74bd06a490273800c288f341e5785a4,0,1,ok,True,15,1560258,1560.258,0.087654,0.500643,1,time_limit,solomon_exact_1000_v1,,,,,,0.5,,,,25,a5385b24e1b1e895647141e361fbfd125f69b22b8101a03a5bf03d0a059bf87a,False,native,e430e84b5044a1954983f6d380c1155f165e447205dd568d22a78596fa5f0602,604462f386c003e397cd55934c67735731d9683e762902ff4d23fad1f410c0bb,15,1685931,0,-125673,better,better,False
RC102,solomon_txt,36acd349d34a577c7fadd61f78517c2cb74bd06a490273800c288f341e5785a4,1,1,ok,True,14,1703567,1703.567,0.087973,0.50066,2,time_limit,solomon_exact_1000_v1,,,,,,0.5,,,,25,a5385b24e1b1e895647141e361fbfd125f69b22b8101a03a5bf03d0a059bf87a,False,python,18b60bd1f8a3f3a3299830e92120a9841e4fb04a4b6fc31094cbf2c6e0a24ff8,604462f386c003e397cd55934c67735731d9683e762902ff4d23fad1f410c0bb,14,1703567,0,0,tie,tie,False
RC102,solomon_txt,36acd349d34a577c7fadd61f78517c2cb74bd06a490273800c288f341e5785a4,1,1,ok,True,14,1580739,1580.739,0.088486,0.500911,2,time_limit,solomon_exact_1000_v1,,,,,,0.5,,,,25,a5385b24e1b1e895647141e361fbfd125f69b22b8101a03a5bf03d0a059bf87a,False,native,e430e84b5044a1954983f6d380c1155f165e447205dd568d22a78596fa5f0602,604462f386c003e397cd55934c67735731d9683e762902ff4d23fad1f410c0bb,14,1703567,0,-122828,better,better,False
RC102,solomon_txt,36acd349d34a577c7fadd61f78517c2cb74bd06a490273800c288f341e5785a4,2,1,ok,True,14,1703870,1703.87,0.088628,0.500677,1,time_limit,solomon_exact_1000_v1,,,,,,0.5,,,,25,a5385b24e1b1e895647141e361fbfd125f69b22b8101a03a5bf03d0a059bf87a,False,python,18b60bd1f8a3f3a3299830e92120a9841e4fb04a4b6fc31094cbf2c6e0a24ff8,604462f386c003e397cd55934c67735731d9683e762902ff4d23fad1f410c0bb,14,1703870,0,0,tie,tie,False
RC102,solomon_txt,36acd349d34a577c7fadd61f78517c2cb74bd06a490273800c288f341e5785a4,2,1,ok,True,14,1585716,1585.716,0.085994,0.500666,1,time_limit,solomon_exact_1000_v1,,,,,,0.5,,,,25,a5385b24e1b1e895647141e361fbfd125f69b22b8101a03a5bf03d0a059bf87a,False,native,e430e84b5044a1954983f6d380c1155f165e447205dd568d22a78596fa5f0602,604462f386c003e397cd55934c67735731d9683e762902ff4d23fad1f410c0bb,14,1703870,0,-118154,better,better,False
RC103,solomon_txt,00f384138274d5d2bff5c41601db17cc4ad0cfc6315c27e223d4477bf435cc2d,0,1,ok,True,12,1682708,1682.708,0.098814,0.500612,1,time_limit,solomon_exact_1000_v1,,,,,,0.5,,,,25,a5385b24e1b1e895647141e361fbfd125f69b22b8101a03a5bf03d0a059bf87a,False,python,18b60bd1f8a3f3a3299830e92120a9841e4fb04a4b6fc31094cbf2c6e0a24ff8,604462f386c003e397cd55934c67735731d9683e762902ff4d23fad1f410c0bb,12,1682708,0,0,tie,tie,False
RC103,solomon_txt,00f384138274d5d2bff5c41601db17cc4ad0cfc6315c27e223d4477bf435cc2d,0,1,ok,True,12,1488257,1488.257,0.098859,0.500602,1,time_limit,solomon_exact_1000_v1,,,,,,0.5,,,,25,a5385b24e1b1e895647141e361fbfd125f69b22b8101a03a5bf03d0a059bf87a,False,native,e430e84b5044a1954983f6d380c1155f165e447205dd568d22a78596fa5f0602,604462f386c003e397cd55934c67735731d9683e762902ff4d23fad1f410c0bb,12,1682708,0,-194451,better,better,False
RC103,solomon_txt,00f384138274d5d2bff5c41601db17cc4ad0cfc6315c27e223d4477bf435cc2d,1,1,ok,True,12,1660460,1660.46,0.098573,0.500669,1,time_limit,solomon_exact_1000_v1,,,,,,0.5,,,,25,a5385b24e1b1e895647141e361fbfd125f69b22b8101a03a5bf03d0a059bf87a,False,python,18b60bd1f8a3f3a3299830e92120a9841e4fb04a4b6fc31094cbf2c6e0a24ff8,604462f386c003e397cd55934c67735731d9683e762902ff4d23fad1f410c0bb,12,1660460,0,0,tie,tie,False
RC103,solomon_txt,00f384138274d5d2bff5c41601db17cc4ad0cfc6315c27e223d4477bf435cc2d,1,1,ok,True,12,1526991,1526.991,0.101672,0.500621,1,time_limit,solomon_exact_1000_v1,,,,,,0.5,,,,25,a5385b24e1b1e895647141e361fbfd125f69b22b8101a03a5bf03d0a059bf87a,False,native,e430e84b5044a1954983f6d380c1155f165e447205dd568d22a78596fa5f0602,604462f386c003e397cd55934c67735731d9683e762902ff4d23fad1f410c0bb,12,1660460,0,-133469,better,better,False
RC103,solomon_txt,00f384138274d5d2bff5c41601db17cc4ad0cfc6315c27e223d4477bf435cc2d,2,1,ok,True,13,1871938,1871.938,0.097384,0.500678,1,time_limit,solomon_exact_1000_v1,,,,,,0.5,,,,25,a5385b24e1b1e895647141e361fbfd125f69b22b8101a03a5bf03d0a059bf87a,False,python,18b60bd1f8a3f3a3299830e92120a9841e4fb04a4b6fc31094cbf2c6e0a24ff8,604462f386c003e397cd55934c67735731d9683e762902ff4d23fad1f410c0bb,13,1871938,0,0,tie,tie,False
RC103,solomon_txt,00f384138274d5d2bff5c41601db17cc4ad0cfc6315c27e223d4477bf435cc2d,2,1,ok,True,13,1515328,1515.328,0.119761,0.500631,1,time_limit,solomon_exact_1000_v1,,,,,,0.5,,,,25,a5385b24e1b1e895647141e361fbfd125f69b22b8101a03a5bf03d0a059bf87a,False,native,e430e84b5044a1954983f6d380c1155f165e447205dd568d22a78596fa5f0602,604462f386c003e397cd55934c67735731d9683e762902ff4d23fad1f410c0bb,13,1871938,0,-356610,better,better,False
RC104,solomon_txt,d150b2d61049a488fb89a2320c197d81a7ef9a1864abbbaea1d13a2b451253ee,0,1,ok,True,12,1507686,1507.686,0.099943,0.500615,1,time_limit,solomon_exact_1000_v1,,,,,,0.5,,,,25,a5385b24e1b1e895647141e361fbfd125f69b22b8101a03a5bf03d0a059bf87a,False,python,18b60bd1f8a3f3a3299830e92120a9841e4fb04a4b6fc31094cbf2c6e0a24ff8,604462f386c003e397cd55934c67735731d9683e762902ff4d23fad1f410c0bb,12,1507686,0,0,tie,tie,False
RC104,solomon_txt,d150b2d61049a488fb89a2320c197d81a7ef9a1864abbbaea1d13a2b451253ee,0,1,ok,True,12,1349281,1349.281,0.097933,0.500623,1,time_limit,solomon_exact_1000_v1,,,,,,0.5,,,,25,a5385b24e1b1e895647141e361fbfd125f69b22b8101a03a5bf03d0a059bf87a,False,native,e430e84b5044a1954983f6d380c1155f165e447205dd568d22a78596fa5f0602,604462f386c003e397cd55934c67735731d9683e762902ff4d23fad1f410c0bb,12,1507686,0,-158405,better,better,False
RC104,solomon_txt,d150b2d61049a488fb89a2320c197d81a7ef9a1864abbbaea1d13a2b451253ee,1,1,ok,True,11,1520018,1520.018,0.100152,0.500606,1,time_limit,solomon_exact_1000_v1,,,,,,0.5,,,,25,a5385b24e1b1e895647141e361fbfd125f69b22b8101a03a5bf03d0a059bf87a,False,python,18b60bd1f8a3f3a3299830e92120a9841e4fb04a4b6fc31094cbf2c6e0a24ff8,604462f386c003e397cd55934c67735731d9683e762902ff4d23fad1f410c0bb,11,1520018,0,0,tie,tie,False
RC104,solomon_txt,d150b2d61049a488fb89a2320c197d81a7ef9a1864abbbaea1d13a2b451253ee,1,1,ok,True,11,1283521,1283.521,0.099577,0.500528,1,time_limit,solomon_exact_1000_v1,,,,,,0.5,,,,25,a5385b24e1b1e895647141e361fbfd125f69b22b8101a03a5bf03d0a059bf87a,False,native,e430e84b5044a1954983f6d380c1155f165e447205dd568d22a78596fa5f0602,604462f386c003e397cd55934c67735731d9683e762902ff4d23fad1f410c0bb,11,1520018,0,-236497,better,better,False
RC104,solomon_txt,d150b2d61049a488fb89a2320c197d81a7ef9a1864abbbaea1d13a2b451253ee,2,1,ok,True,11,1270268,1270.268,0.099626,0.500618,1,time_limit,solomon_exact_1000_v1,,,,,,0.5,,,,25,a5385b24e1b1e895647141e361fbfd125f69b22b8101a03a5bf03d0a059bf87a,False,python,18b60bd1f8a3f3a3299830e92120a9841e4fb04a4b6fc31094cbf2c6e0a24ff8,604462f386c003e397cd55934c67735731d9683e762902ff4d23fad1f410c0bb,11,1270268,0,0,tie,tie,False
RC104,solomon_txt,d150b2d61049a488fb89a2320c197d81a7ef9a1864abbbaea1d13a2b451253ee,2,1,ok,True,11,1223226,1223.226,0.101976,0.500665,1,time_limit,solomon_exact_1000_v1,,,,,,0.5,,,,25,a5385b24e1b1e895647141e361fbfd125f69b22b8101a03a5bf03d0a059bf87a,False,native,e430e84b5044a1954983f6d380c1155f165e447205dd568d22a78596fa5f0602,604462f386c003e397cd55934c67735731d9683e762902ff4d23fad1f410c0bb,11,1270268,0,-47042,better,better,False
RC105,solomon_txt,b9e912625c1ed80d2f565e0799ade2f4b17bf4f95056322ca23f1a21b37e7a49,0,1,ok,True,14,1934928,1934.928,0.083824,0.500634,1,time_limit,solomon_exact_1000_v1,,,,,,0.5,,,,25,a5385b24e1b1e895647141e361fbfd125f69b22b8101a03a5bf03d0a059bf87a,False,python,18b60bd1f8a3f3a3299830e92120a9841e4fb04a4b6fc31094cbf2c6e0a24ff8,604462f386c003e397cd55934c67735731d9683e762902ff4d23fad1f410c0bb,14,1934928,0,0,tie,tie,False
RC105,solomon_txt,b9e912625c1ed80d2f565e0799ade2f4b17bf4f95056322ca23f1a21b37e7a49,0,1,ok,True,14,1756742,1756.742,0.085773,0.500634,1,time_limit,solomon_exact_1000_v1,,,,,,0.5,,,,25,a5385b24e1b1e895647141e361fbfd125f69b22b8101a03a5bf03d0a059bf87a,False,native,e430e84b5044a1954983f6d380c1155f165e447205dd568d22a78596fa5f0602,604462f386c003e397cd55934c67735731d9683e762902ff4d23fad1f410c0bb,14,1934928,0,-178186,better,better,False
RC105,solomon_txt,b9e912625c1ed80d2f565e0799ade2f4b17bf4f95056322ca23f1a21b37e7a49,1,1,ok,True,15,2021705,2021.705,0.08852,0.500752,1,time_limit,solomon_exact_1000_v1,,,,,,0.5,,,,25,a5385b24e1b1e895647141e361fbfd125f69b22b8101a03a5bf03d0a059bf87a,False,python,18b60bd1f8a3f3a3299830e92120a9841e4fb04a4b6fc31094cbf2c6e0a24ff8,604462f386c003e397cd55934c67735731d9683e762902ff4d23fad1f410c0bb,15,2021705,0,0,tie,tie,False
RC105,solomon_txt,b9e912625c1ed80d2f565e0799ade2f4b17bf4f95056322ca23f1a21b37e7a49,1,1,ok,True,15,1872038,1872.038,0.101109,0.500646,1,time_limit,solomon_exact_1000_v1,,,,,,0.5,,,,25,a5385b24e1b1e895647141e361fbfd125f69b22b8101a03a5bf03d0a059bf87a,False,native,e430e84b5044a1954983f6d380c1155f165e447205dd568d22a78596fa5f0602,604462f386c003e397cd55934c67735731d9683e762902ff4d23fad1f410c0bb,15,2021705,0,-149667,better,better,False
RC105,solomon_txt,b9e912625c1ed80d2f565e0799ade2f4b17bf4f95056322ca23f1a21b37e7a49,2,1,ok,True,15,1842110,1842.11,0.086705,0.500633,1,time_limit,solomon_exact_1000_v1,,,,,,0.5,,,,25,a5385b24e1b1e895647141e361fbfd125f69b22b8101a03a5bf03d0a059bf87a,False,python,18b60bd1f8a3f3a3299830e92120a9841e4fb04a4b6fc31094cbf2c6e0a24ff8,604462f386c003e397cd55934c67735731d9683e762902ff4d23fad1f410c0bb,15,1842110,0,0,tie,tie,False
RC105,solomon_txt,b9e912625c1ed80d2f565e0799ade2f4b17bf4f95056322ca23f1a21b37e7a49,2,1,ok,True,15,1713429,1713.429,0.08478,0.500642,1,time_limit,solomon_exact_1000_v1,,,,,,0.5,,,,25,a5385b24e1b1e895647141e361fbfd125f69b22b8101a03a5bf03d0a059bf87a,False,native,e430e84b5044a1954983f6d380c1155f165e447205dd568d22a78596fa5f0602,604462f386c003e397cd55934c67735731d9683e762902ff4d23fad1f410c0bb,15,1842110,0,-128681,better,better,False
RC106,solomon_txt,bf016ffc567af2d108570357daf1d0cabb7f680c0bd977d2e4366787683fdbaf,0,1,ok,True,14,1673306,1673.306,0.084222,0.500652,1,time_limit,solomon_exact_1000_v1,,,,,,0.5,,,,25,a5385b24e1b1e895647141e361fbfd125f69b22b8101a03a5bf03d0a059bf87a,False,python,18b60bd1f8a3f3a3299830e92120a9841e4fb04a4b6fc31094cbf2c6e0a24ff8,604462f386c003e397cd55934c67735731d9683e762902ff4d23fad1f410c0bb,14,1673306,0,0,tie,tie,False
RC106,solomon_txt,bf016ffc567af2d108570357daf1d0cabb7f680c0bd977d2e4366787683fdbaf,0,1,ok,True,14,1591736,1591.736,0.088356,0.500647,2,time_limit,solomon_exact_1000_v1,,,,,,0.5,,,,25,a5385b24e1b1e895647141e361fbfd125f69b22b8101a03a5bf03d0a059bf87a,False,native,e430e84b5044a1954983f6d380c1155f165e447205dd568d22a78596fa5f0602,604462f386c003e397cd55934c67735731d9683e762902ff4d23fad1f410c0bb,14,1673306,0,-81570,better,better,False
RC106,solomon_txt,bf016ffc567af2d108570357daf1d0cabb7f680c0bd977d2e4366787683fdbaf,1,1,ok,True,13,1663140,1663.14,0.084369,0.50068,1,time_limit,solomon_exact_1000_v1,,,,,,0.5,,,,25,a5385b24e1b1e895647141e361fbfd125f69b22b8101a03a5bf03d0a059bf87a,False,python,18b60bd1f8a3f3a3299830e92120a9841e4fb04a4b6fc31094cbf2c6e0a24ff8,604462f386c003e397cd55934c67735731d9683e762902ff4d23fad1f410c0bb,13,1663140,0,0,tie,tie,False
RC106,solomon_txt,bf016ffc567af2d108570357daf1d0cabb7f680c0bd977d2e4366787683fdbaf,1,1,ok,True,13,1516124,1516.124,0.084091,0.501132,1,time_limit,solomon_exact_1000_v1,,,,,,0.5,,,,25,a5385b24e1b1e895647141e361fbfd125f69b22b8101a03a5bf03d0a059bf87a,False,native,e430e84b5044a1954983f6d380c1155f165e447205dd568d22a78596fa5f0602,604462f386c003e397cd55934c67735731d9683e762902ff4d23fad1f410c0bb,13,1663140,0,-147016,better,better,False
RC106,solomon_txt,bf016ffc567af2d108570357daf1d0cabb7f680c0bd977d2e4366787683fdbaf,2,1,ok,True,14,1738802,1738.802,0.104881,0.501101,1,time_limit,solomon_exact_1000_v1,,,,,,0.5,,,,25,a5385b24e1b1e895647141e361fbfd125f69b22b8101a03a5bf03d0a059bf87a,False,python,18b60bd1f8a3f3a3299830e92120a9841e4fb04a4b6fc31094cbf2c6e0a24ff8,604462f386c003e397cd55934c67735731d9683e762902ff4d23fad1f410c0bb,14,1738802,0,0,tie,tie,False
RC106,solomon_txt,bf016ffc567af2d108570357daf1d0cabb7f680c0bd977d2e4366787683fdbaf,2,1,ok,True,14,1537510,1537.51,0.095569,0.500783,1,time_limit,solomon_exact_1000_v1,,,,,,0.5,,,,25,a5385b24e1b1e895647141e361fbfd125f69b22b8101a03a5bf03d0a059bf87a,False,native,e430e84b5044a1954983f6d380c1155f165e447205dd568d22a78596fa5f0602,604462f386c003e397cd55934c67735731d9683e762902ff4d23fad1f410c0bb,14,1738802,0,-201292,better,better,False
RC107,solomon_txt,fff3fd68d110671ed442575f07cc547291586f30b00c5f73934d521d31311582,0,1,ok,True,13,1608894,1608.894,0.141618,0.500597,1,time_limit,solomon_exact_1000_v1,,,,,,0.5,,,,25,a5385b24e1b1e895647141e361fbfd125f69b22b8101a03a5bf03d0a059bf87a,False,python,18b60bd1f8a3f3a3299830e92120a9841e4fb04a4b6fc31094cbf2c6e0a24ff8,604462f386c003e397cd55934c67735731d9683e762902ff4d23fad1f410c0bb,13,1608894,0,0,tie,tie,False
RC107,solomon_txt,fff3fd68d110671ed442575f07cc547291586f30b00c5f73934d521d31311582,0,1,ok,True,13,1470972,1470.972,0.090305,0.500649,1,time_limit,solomon_exact_1000_v1,,,,,,0.5,,,,25,a5385b24e1b1e895647141e361fbfd125f69b22b8101a03a5bf03d0a059bf87a,False,native,e430e84b5044a1954983f6d380c1155f165e447205dd568d22a78596fa5f0602,604462f386c003e397cd55934c67735731d9683e762902ff4d23fad1f410c0bb,13,1608894,0,-137922,better,better,False
RC107,solomon_txt,fff3fd68d110671ed442575f07cc547291586f30b00c5f73934d521d31311582,1,1,ok,True,13,1852984,1852.984,0.098744,0.500926,1,time_limit,solomon_exact_1000_v1,,,,,,0.5,,,,25,a5385b24e1b1e895647141e361fbfd125f69b22b8101a03a5bf03d0a059bf87a,False,python,18b60bd1f8a3f3a3299830e92120a9841e4fb04a4b6fc31094cbf2c6e0a24ff8,604462f386c003e397cd55934c67735731d9683e762902ff4d23fad1f410c0bb,13,1852984,0,0,tie,tie,False
RC107,solomon_txt,fff3fd68d110671ed442575f07cc547291586f30b00c5f73934d521d31311582,1,1,ok,True,13,1615076,1615.076,0.094758,0.501177,1,time_limit,solomon_exact_1000_v1,,,,,,0.5,,,,25,a5385b24e1b1e895647141e361fbfd125f69b22b8101a03a5bf03d0a059bf87a,False,native,e430e84b5044a1954983f6d380c1155f165e447205dd568d22a78596fa5f0602,604462f386c003e397cd55934c67735731d9683e762902ff4d23fad1f410c0bb,13,1852984,0,-237908,better,better,False
RC107,solomon_txt,fff3fd68d110671ed442575f07cc547291586f30b00c5f73934d521d31311582,2,1,ok,True,13,1772756,1772.756,0.123796,0.500631,1,time_limit,solomon_exact_1000_v1,,,,,,0.5,,,,25,a5385b24e1b1e895647141e361fbfd125f69b22b8101a03a5bf03d0a059bf87a,False,python,18b60bd1f8a3f3a3299830e92120a9841e4fb04a4b6fc31094cbf2c6e0a24ff8,604462f386c003e397cd55934c67735731d9683e762902ff4d23fad1f410c0bb,13,1772756,0,0,tie,tie,False
RC107,solomon_txt,fff3fd68d110671ed442575f07cc547291586f30b00c5f73934d521d31311582,2,1,ok,True,13,1471110,1471.11,0.101009,0.500676,1,time_limit,solomon_exact_1000_v1,,,,,,0.5,,,,25,a5385b24e1b1e895647141e361fbfd125f69b22b8101a03a5bf03d0a059bf87a,False,native,e430e84b5044a1954983f6d380c1155f165e447205dd568d22a78596fa5f0602,604462f386c003e397cd55934c67735731d9683e762902ff4d23fad1f410c0bb,13,1772756,0,-301646,better,better,False
RC108,solomon_txt,006bc8817bf09f9a8c66af8d6f088bdec239b2eb435556e9d11193cf456f7aeb,0,1,ok,True,12,1538262,1538.262,0.094371,0.500612,1,time_limit,solomon_exact_1000_v1,,,,,,0.5,,,,25,a5385b24e1b1e895647141e361fbfd125f69b22b8101a03a5bf03d0a059bf87a,False,python,18b60bd1f8a3f3a3299830e92120a9841e4fb04a4b6fc31094cbf2c6e0a24ff8,604462f386c003e397cd55934c67735731d9683e762902ff4d23fad1f410c0bb,12,1538262,0,0,tie,tie,False
RC108,solomon_txt,006bc8817bf09f9a8c66af8d6f088bdec239b2eb435556e9d11193cf456f7aeb,0,1,ok,True,12,1323933,1323.933,0.09685,0.500631,1,time_limit,solomon_exact_1000_v1,,,,,,0.5,,,,25,a5385b24e1b1e895647141e361fbfd125f69b22b8101a03a5bf03d0a059bf87a,False,native,e430e84b5044a1954983f6d380c1155f165e447205dd568d22a78596fa5f0602,604462f386c003e397cd55934c67735731d9683e762902ff4d23fad1f410c0bb,12,1538262,0,-214329,better,better,False
RC108,solomon_txt,006bc8817bf09f9a8c66af8d6f088bdec239b2eb435556e9d11193cf456f7aeb,1,1,ok,True,12,1500883,1500.883,0.093434,0.500613,1,time_limit,solomon_exact_1000_v1,,,,,,0.5,,,,25,a5385b24e1b1e895647141e361fbfd125f69b22b8101a03a5bf03d0a059bf87a,False,python,18b60bd1f8a3f3a3299830e92120a9841e4fb04a4b6fc31094cbf2c6e0a24ff8,604462f386c003e397cd55934c67735731d9683e762902ff4d23fad1f410c0bb,12,1500883,0,0,tie,tie,False
RC108,solomon_txt,006bc8817bf09f9a8c66af8d6f088bdec239b2eb435556e9d11193cf456f7aeb,1,1,ok,True,12,1310032,1310.032,0.092176,0.50065,1,time_limit,solomon_exact_1000_v1,,,,,,0.5,,,,25,a5385b24e1b1e895647141e361fbfd125f69b22b8101a03a5bf03d0a059bf87a,False,native,e430e84b5044a1954983f6d380c1155f165e447205dd568d22a78596fa5f0602,604462f386c003e397cd55934c67735731d9683e762902ff4d23fad1f410c0bb,12,1500883,0,-190851,better,better,False
RC108,solomon_txt,006bc8817bf09f9a8c66af8d6f088bdec239b2eb435556e9d11193cf456f7aeb,2,1,ok,True,12,1527133,1527.133,0.091688,0.500419,1,time_limit,solomon_exact_1000_v1,,,,,,0.5,,,,25,a5385b24e1b1e895647141e361fbfd125f69b22b8101a03a5bf03d0a059bf87a,False,python,18b60bd1f8a3f3a3299830e92120a9841e4fb04a4b6fc31094cbf2c6e0a24ff8,604462f386c003e397cd55934c67735731d9683e762902ff4d23fad1f410c0bb,12,1527133,0,0,tie,tie,False
RC108,solomon_txt,006bc8817bf09f9a8c66af8d6f088bdec239b2eb435556e9d11193cf456f7aeb,2,1,ok,True,12,1310772,1310.772,0.098792,0.500656,1,time_limit,solomon_exact_1000_v1,,,,,,0.5,,,,25,a5385b24e1b1e895647141e361fbfd125f69b22b8101a03a5bf03d0a059bf87a,False,native,e430e84b5044a1954983f6d380c1155f165e447205dd568d22a78596fa5f0602,604462f386c003e397cd55934c67735731d9683e762902ff4d23fad1f410c0bb,12,1527133,0,-216361,better,better,False
RC201,solomon_txt,288836e2d8c2ace83ebbff77e03ac8cdffc574fc134cade21ef92713f8c52d44,0,1,ok,True,5,2278396,2278.396,0.198194,0.50057,1,time_limit,solomon_exact_1000_v1,,,,,,0.5,,,,25,a5385b24e1b1e895647141e361fbfd125f69b22b8101a03a5bf03d0a059bf87a,False,python,18b60bd1f8a3f3a3299830e92120a9841e4fb04a4b6fc31094cbf2c6e0a24ff8,604462f386c003e397cd55934c67735731d9683e762902ff4d23fad1f410c0bb,5,2278396,0,0,tie,tie,False
RC201,solomon_txt,288836e2d8c2ace83ebbff77e03ac8cdffc574fc134cade21ef92713f8c52d44,0,1,ok,True,5,1597033,1597.033,0.185922,0.500663,1,time_limit,solomon_exact_1000_v1,,,,,,0.5,,,,25,a5385b24e1b1e895647141e361fbfd125f69b22b8101a03a5bf03d0a059bf87a,False,native,e430e84b5044a1954983f6d380c1155f165e447205dd568d22a78596fa5f0602,604462f386c003e397cd55934c67735731d9683e762902ff4d23fad1f410c0bb,5,2278396,0,-681363,better,better,False
RC201,solomon_txt,288836e2d8c2ace83ebbff77e03ac8cdffc574fc134cade21ef92713f8c52d44,1,1,ok,True,5,2215898,2215.898,0.186695,0.500876,1,time_limit,solomon_exact_1000_v1,,,,,,0.5,,,,25,a5385b24e1b1e895647141e361fbfd125f69b22b8101a03a5bf03d0a059bf87a,False,python,18b60bd1f8a3f3a3299830e92120a9841e4fb04a4b6fc31094cbf2c6e0a24ff8,604462f386c003e397cd55934c67735731d9683e762902ff4d23fad1f410c0bb,5,2215898,0,0,tie,tie,False
RC201,solomon_txt,288836e2d8c2ace83ebbff77e03ac8cdffc574fc134cade21ef92713f8c52d44,1,1,ok,True,5,1708568,1708.568,0.19035,0.500577,1,time_limit,solomon_exact_1000_v1,,,,,,0.5,,,,25,a5385b24e1b1e895647141e361fbfd125f69b22b8101a03a5bf03d0a059bf87a,False,native,e430e84b5044a1954983f6d380c1155f165e447205dd568d22a78596fa5f0602,604462f386c003e397cd55934c67735731d9683e762902ff4d23fad1f410c0bb,5,2215898,0,-507330,better,better,False
RC201,solomon_txt,288836e2d8c2ace83ebbff77e03ac8cdffc574fc134cade21ef92713f8c52d44,2,1,ok,True,5,2349098,2349.098,0.19027,0.500592,1,time_limit,solomon_exact_1000_v1,,,,,,0.5,,,,25,a5385b24e1b1e895647141e361fbfd125f69b22b8101a03a5bf03d0a059bf87a,False,python,18b60bd1f8a3f3a3299830e92120a9841e4fb04a4b6fc31094cbf2c6e0a24ff8,604462f386c003e397cd55934c67735731d9683e762902ff4d23fad1f410c0bb,5,2349098,0,0,tie,tie,False
RC201,solomon_txt,288836e2d8c2ace83ebbff77e03ac8cdffc574fc134cade21ef92713f8c52d44,2,1,ok,True,5,1842934,1842.934,0.192493,0.500681,1,time_limit,solomon_exact_1000_v1,,,,,,0.5,,,,25,a5385b24e1b1e895647141e361fbfd125f69b22b8101a03a5bf03d0a059bf87a,False,native,e430e84b5044a1954983f6d380c1155f165e447205dd568d22a78596fa5f0602,604462f386c003e397cd55934c67735731d9683e762902ff4d23fad1f410c0bb,5,2349098,0,-506164,better,better,False
RC202,solomon_txt,5a1dee2017ab0ca4fe280b392678c96e8b5bc71f22d02c8058fbde7c4cfebcf4,0,1,ok,True,4,1871964,1871.964,0.17618,0.500571,1,time_limit,solomon_exact_1000_v1,,,,,,0.5,,,,25,a5385b24e1b1e895647141e361fbfd125f69b22b8101a03a5bf03d0a059bf87a,False,python,18b60bd1f8a3f3a3299830e92120a9841e4fb04a4b6fc31094cbf2c6e0a24ff8,604462f386c003e397cd55934c67735731d9683e762902ff4d23fad1f410c0bb,4,1871964,0,0,tie,tie,False
RC202,solomon_txt,5a1dee2017ab0ca4fe280b392678c96e8b5bc71f22d02c8058fbde7c4cfebcf4,0,1,ok,True,4,1538693,1538.693,0.174163,0.500622,1,time_limit,solomon_exact_1000_v1,,,,,,0.5,,,,25,a5385b24e1b1e895647141e361fbfd125f69b22b8101a03a5bf03d0a059bf87a,False,native,e430e84b5044a1954983f6d380c1155f165e447205dd568d22a78596fa5f0602,604462f386c003e397cd55934c67735731d9683e762902ff4d23fad1f410c0bb,4,1871964,0,-333271,better,better,False
RC202,solomon_txt,5a1dee2017ab0ca4fe280b392678c96e8b5bc71f22d02c8058fbde7c4cfebcf4,1,1,ok,True,4,1782104,1782.104,0.185903,0.500601,1,time_limit,solomon_exact_1000_v1,,,,,,0.5,,,,25,a5385b24e1b1e895647141e361fbfd125f69b22b8101a03a5bf03d0a059bf87a,False,python,18b60bd1f8a3f3a3299830e92120a9841e4fb04a4b6fc31094cbf2c6e0a24ff8,604462f386c003e397cd55934c67735731d9683e762902ff4d23fad1f410c0bb,4,1782104,0,0,tie,tie,False
RC202,solomon_txt,5a1dee2017ab0ca4fe280b392678c96e8b5bc71f22d02c8058fbde7c4cfebcf4,1,1,ok,True,4,1481152,1481.152,0.178844,0.500591,1,time_limit,solomon_exact_1000_v1,,,,,,0.5,,,,25,a5385b24e1b1e895647141e361fbfd125f69b22b8101a03a5bf03d0a059bf87a,False,native,e430e84b5044a1954983f6d380c1155f165e447205dd568d22a78596fa5f0602,604462f386c003e397cd55934c67735731d9683e762902ff4d23fad1f410c0bb,4,1782104,0,-300952,better,better,False
RC202,solomon_txt,5a1dee2017ab0ca4fe280b392678c96e8b5bc71f22d02c8058fbde7c4cfebcf4,2,1,ok,True,4,1594337,1594.337,0.182012,0.500592,1,time_limit,solomon_exact_1000_v1,,,,,,0.5,,,,25,a5385b24e1b1e895647141e361fbfd125f69b22b8101a03a5bf03d0a059bf87a,False,python,18b60bd1f8a3f3a3299830e92120a9841e4fb04a4b6fc31094cbf2c6e0a24ff8,604462f386c003e397cd55934c67735731d9683e762902ff4d23fad1f410c0bb,4,1594337,0,0,tie,tie,False
RC202,solomon_txt,5a1dee2017ab0ca4fe280b392678c96e8b5bc71f22d02c8058fbde7c4cfebcf4,2,1,ok,True,4,1359714,1359.714,0.172979,0.500579,1,time_limit,solomon_exact_1000_v1,,,,,,0.5,,,,25,a5385b24e1b1e895647141e361fbfd125f69b22b8101a03a5bf03d0a059bf87a,False,native,e430e84b5044a1954983f6d380c1155f165e447205dd568d22a78596fa5f0602,604462f386c003e397cd55934c67735731d9683e762902ff4d23fad1f410c0bb,4,1594337,0,-234623,better,better,False
RC203,solomon_txt,4adcb362c23df91f14b828d4964e9383ffb02ee74217afc2d84571f83ed91f8b,0,1,ok,True,3,1200980,1200.98,0.184162,0.500574,1,time_limit,solomon_exact_1000_v1,,,,,,0.5,,,,25,a5385b24e1b1e895647141e361fbfd125f69b22b8101a03a5bf03d0a059bf87a,False,python,18b60bd1f8a3f3a3299830e92120a9841e4fb04a4b6fc31094cbf2c6e0a24ff8,604462f386c003e397cd55934c67735731d9683e762902ff4d23fad1f410c0bb,3,1200980,0,0,tie,tie,False
RC203,solomon_txt,4adcb362c23df91f14b828d4964e9383ffb02ee74217afc2d84571f83ed91f8b,0,1,ok,True,3,1166438,1166.438,0.182675,0.500571,1,time_limit,solomon_exact_1000_v1,,,,,,0.5,,,,25,a5385b24e1b1e895647141e361fbfd125f69b22b8101a03a5bf03d0a059bf87a,False,native,e430e84b5044a1954983f6d380c1155f165e447205dd568d22a78596fa5f0602,604462f386c003e397cd55934c67735731d9683e762902ff4d23fad1f410c0bb,3,1200980,0,-34542,better,better,False
RC203,solomon_txt,4adcb362c23df91f14b828d4964e9383ffb02ee74217afc2d84571f83ed91f8b,1,1,ok,True,3,1520254,1520.254,0.183735,0.500554,1,time_limit,solomon_exact_1000_v1,,,,,,0.5,,,,25,a5385b24e1b1e895647141e361fbfd125f69b22b8101a03a5bf03d0a059bf87a,False,python,18b60bd1f8a3f3a3299830e92120a9841e4fb04a4b6fc31094cbf2c6e0a24ff8,604462f386c003e397cd55934c67735731d9683e762902ff4d23fad1f410c0bb,3,1520254,0,0,tie,tie,False
RC203,solomon_txt,4adcb362c23df91f14b828d4964e9383ffb02ee74217afc2d84571f83ed91f8b,1,1,ok,True,3,1458303,1458.303,0.195165,0.500572,1,time_limit,solomon_exact_1000_v1,,,,,,0.5,,,,25,a5385b24e1b1e895647141e361fbfd125f69b22b8101a03a5bf03d0a059bf87a,False,native,e430e84b5044a1954983f6d380c1155f165e447205dd568d22a78596fa5f0602,604462f386c003e397cd55934c67735731d9683e762902ff4d23fad1f410c0bb,3,1520254,0,-61951,better,better,False
RC203,solomon_txt,4adcb362c23df91f14b828d4964e9383ffb02ee74217afc2d84571f83ed91f8b,2,1,ok,True,3,1486304,1486.304,0.191423,0.500593,2,time_limit,solomon_exact_1000_v1,,,,,,0.5,,,,25,a5385b24e1b1e895647141e361fbfd125f69b22b8101a03a5bf03d0a059bf87a,False,python,18b60bd1f8a3f3a3299830e92120a9841e4fb04a4b6fc31094cbf2c6e0a24ff8,604462f386c003e397cd55934c67735731d9683e762902ff4d23fad1f410c0bb,3,1486304,0,0,tie,tie,False
RC203,solomon_txt,4adcb362c23df91f14b828d4964e9383ffb02ee74217afc2d84571f83ed91f8b,2,1,ok,True,3,1413720,1413.72,0.184492,0.500744,2,time_limit,solomon_exact_1000_v1,,,,,,0.5,,,,25,a5385b24e1b1e895647141e361fbfd125f69b22b8101a03a5bf03d0a059bf87a,False,native,e430e84b5044a1954983f6d380c1155f165e447205dd568d22a78596fa5f0602,604462f386c003e397cd55934c67735731d9683e762902ff4d23fad1f410c0bb,3,1486304,0,-72584,better,better,False
RC204,solomon_txt,11e827eab51a959ebab66344e7b7cfd1aeed895287653b36a72c86a4440ecd77,0,1,ok,True,3,1494394,1494.394,0.271344,0.500477,1,time_limit,solomon_exact_1000_v1,,,,,,0.5,,,,25,a5385b24e1b1e895647141e361fbfd125f69b22b8101a03a5bf03d0a059bf87a,False,python,18b60bd1f8a3f3a3299830e92120a9841e4fb04a4b6fc31094cbf2c6e0a24ff8,604462f386c003e397cd55934c67735731d9683e762902ff4d23fad1f410c0bb,3,1494394,0,0,tie,tie,False
RC204,solomon_txt,11e827eab51a959ebab66344e7b7cfd1aeed895287653b36a72c86a4440ecd77,0,1,ok,True,3,1290894,1290.894,0.280824,0.50074,1,time_limit,solomon_exact_1000_v1,,,,,,0.5,,,,25,a5385b24e1b1e895647141e361fbfd125f69b22b8101a03a5bf03d0a059bf87a,False,native,e430e84b5044a1954983f6d380c1155f165e447205dd568d22a78596fa5f0602,604462f386c003e397cd55934c67735731d9683e762902ff4d23fad1f410c0bb,3,1494394,0,-203500,better,better,False
RC204,solomon_txt,11e827eab51a959ebab66344e7b7cfd1aeed895287653b36a72c86a4440ecd77,1,1,ok,True,3,1482620,1482.62,0.28812,0.500562,1,time_limit,solomon_exact_1000_v1,,,,,,0.5,,,,25,a5385b24e1b1e895647141e361fbfd125f69b22b8101a03a5bf03d0a059bf87a,False,python,18b60bd1f8a3f3a3299830e92120a9841e4fb04a4b6fc31094cbf2c6e0a24ff8,604462f386c003e397cd55934c67735731d9683e762902ff4d23fad1f410c0bb,3,1482620,0,0,tie,tie,False
RC204,solomon_txt,11e827eab51a959ebab66344e7b7cfd1aeed895287653b36a72c86a4440ecd77,1,1,ok,True,3,1247918,1247.918,0.272882,0.50059,1,time_limit,solomon_exact_1000_v1,,,,,,0.5,,,,25,a5385b24e1b1e895647141e361fbfd125f69b22b8101a03a5bf03d0a059bf87a,False,native,e430e84b5044a1954983f6d380c1155f165e447205dd568d22a78596fa5f0602,604462f386c003e397cd55934c67735731d9683e762902ff4d23fad1f410c0bb,3,1482620,0,-234702,better,better,False
RC204,solomon_txt,11e827eab51a959ebab66344e7b7cfd1aeed895287653b36a72c86a4440ecd77,2,1,ok,True,3,1493243,1493.243,0.277482,0.500528,1,time_limit,solomon_exact_1000_v1,,,,,,0.5,,,,25,a5385b24e1b1e895647141e361fbfd125f69b22b8101a03a5bf03d0a059bf87a,False,python,18b60bd1f8a3f3a3299830e92120a9841e4fb04a4b6fc31094cbf2c6e0a24ff8,604462f386c003e397cd55934c67735731d9683e762902ff4d23fad1f410c0bb,3,1493243,0,0,tie,tie,False
RC204,solomon_txt,11e827eab51a959ebab66344e7b7cfd1aeed895287653b36a72c86a4440ecd77,2,1,ok,True,3,1218481,1218.481,0.268489,0.500969,1,time_limit,solomon_exact_1000_v1,,,,,,0.5,,,,25,a5385b24e1b1e895647141e361fbfd125f69b22b8101a03a5bf03d0a059bf87a,False,native,e430e84b5044a1954983f6d380c1155f165e447205dd568d22a78596fa5f0602,604462f386c003e397cd55934c67735731d9683e762902ff4d23fad1f410c0bb,3,1493243,0,-274762,better,better,False
RC205,solomon_txt,c061d306cf42310b0f3ca15612089f6c5a8d5604c0733bf26852477c787662c9,0,1,ok,True,4,1940024,1940.024,0.203077,0.500589,1,time_limit,solomon_exact_1000_v1,,,,,,0.5,,,,25,a5385b24e1b1e895647141e361fbfd125f69b22b8101a03a5bf03d0a059bf87a,False,python,18b60bd1f8a3f3a3299830e92120a9841e4fb04a4b6fc31094cbf2c6e0a24ff8,604462f386c003e397cd55934c67735731d9683e762902ff4d23fad1f410c0bb,4,1940024,0,0,tie,tie,False
RC205,solomon_txt,c061d306cf42310b0f3ca15612089f6c5a8d5604c0733bf26852477c787662c9,0,1,ok,True,4,1762311,1762.311,0.202259,0.500606,1,time_limit,solomon_exact_1000_v1,,,,,,0.5,,,,25,a5385b24e1b1e895647141e361fbfd125f69b22b8101a03a5bf03d0a059bf87a,False,native,e430e84b5044a1954983f6d380c1155f165e447205dd568d22a78596fa5f0602,604462f386c003e397cd55934c67735731d9683e762902ff4d23fad1f410c0bb,4,1940024,0,-177713,better,better,False
RC205,solomon_txt,c061d306cf42310b0f3ca15612089f6c5a8d5604c0733bf26852477c787662c9,1,1,ok,True,4,1988075,1988.075,0.204244,0.500546,1,time_limit,solomon_exact_1000_v1,,,,,,0.5,,,,25,a5385b24e1b1e895647141e361fbfd125f69b22b8101a03a5bf03d0a059bf87a,False,python,18b60bd1f8a3f3a3299830e92120a9841e4fb04a4b6fc31094cbf2c6e0a24ff8,604462f386c003e397cd55934c67735731d9683e762902ff4d23fad1f410c0bb,4,1988075,0,0,tie,tie,False
RC205,solomon_txt,c061d306cf42310b0f3ca15612089f6c5a8d5604c0733bf26852477c787662c9,1,1,ok,True,4,1646827,1646.827,0.199277,0.500608,1,time_limit,solomon_exact_1000_v1,,,,,,0.5,,,,25,a5385b24e1b1e895647141e361fbfd125f69b22b8101a03a5bf03d0a059bf87a,False,native,e430e84b5044a1954983f6d380c1155f165e447205dd568d22a78596fa5f0602,604462f386c003e397cd55934c67735731d9683e762902ff4d23fad1f410c0bb,4,1988075,0,-341248,better,better,False
RC205,solomon_txt,c061d306cf42310b0f3ca15612089f6c5a8d5604c0733bf26852477c787662c9,2,1,ok,True,4,1993582,1993.582,0.200672,0.50056,1,time_limit,solomon_exact_1000_v1,,,,,,0.5,,,,25,a5385b24e1b1e895647141e361fbfd125f69b22b8101a03a5bf03d0a059bf87a,False,python,18b60bd1f8a3f3a3299830e92120a9841e4fb04a4b6fc31094cbf2c6e0a24ff8,604462f386c003e397cd55934c67735731d9683e762902ff4d23fad1f410c0bb,4,1993582,0,0,tie,tie,False
RC205,solomon_txt,c061d306cf42310b0f3ca15612089f6c5a8d5604c0733bf26852477c787662c9,2,1,ok,True,4,1659378,1659.378,0.201816,0.500575,1,time_limit,solomon_exact_1000_v1,,,,,,0.5,,,,25,a5385b24e1b1e895647141e361fbfd125f69b22b8101a03a5bf03d0a059bf87a,False,native,e430e84b5044a1954983f6d380c1155f165e447205dd568d22a78596fa5f0602,604462f386c003e397cd55934c67735731d9683e762902ff4d23fad1f410c0bb,4,1993582,0,-334204,better,better,False
RC206,solomon_txt,5203aecf67c84df49e152645312a837ffefde529314ff892ca061538816e43a9,0,1,ok,True,4,2032724,2032.724,0.195355,0.500604,1,time_limit,solomon_exact_1000_v1,,,,,,0.5,,,,25,a5385b24e1b1e895647141e361fbfd125f69b22b8101a03a5bf03d0a059bf87a,False,python,18b60bd1f8a3f3a3299830e92120a9841e4fb04a4b6fc31094cbf2c6e0a24ff8,604462f386c003e397cd55934c67735731d9683e762902ff4d23fad1f410c0bb,4,2032724,0,0,tie,tie,False
RC206,solomon_txt,5203aecf67c84df49e152645312a837ffefde529314ff892ca061538816e43a9,0,1,ok,True,4,1563345,1563.345,0.20563,0.50059,1,time_limit,solomon_exact_1000_v1,,,,,,0.5,,,,25,a5385b24e1b1e895647141e361fbfd125f69b22b8101a03a5bf03d0a059bf87a,False,native,e430e84b5044a1954983f6d380c1155f165e447205dd568d22a78596fa5f0602,604462f386c003e397cd55934c67735731d9683e762902ff4d23fad1f410c0bb,4,2032724,0,-469379,better,better,False
RC206,solomon_txt,5203aecf67c84df49e152645312a837ffefde529314ff892ca061538816e43a9,1,1,ok,True,4,1748883,1748.883,0.194661,0.500555,1,time_limit,solomon_exact_1000_v1,,,,,,0.5,,,,25,a5385b24e1b1e895647141e361fbfd125f69b22b8101a03a5bf03d0a059bf87a,False,python,18b60bd1f8a3f3a3299830e92120a9841e4fb04a4b6fc31094cbf2c6e0a24ff8,604462f386c003e397cd55934c67735731d9683e762902ff4d23fad1f410c0bb,4,1748883,0,0,tie,tie,False
RC206,solomon_txt,5203aecf67c84df49e152645312a837ffefde529314ff892ca061538816e43a9,1,1,ok,True,4,1496819,1496.819,0.207415,0.50058,1,time_limit,solomon_exact_1000_v1,,,,,,0.5,,,,25,a5385b24e1b1e895647141e361fbfd125f69b22b8101a03a5bf03d0a059bf87a,False,native,e430e84b5044a1954983f6d380c1155f165e447205dd568d22a78596fa5f0602,604462f386c003e397cd55934c67735731d9683e762902ff4d23fad1f410c0bb,4,1748883,0,-252064,better,better,False
RC206,solomon_txt,5203aecf67c84df49e152645312a837ffefde529314ff892ca061538816e43a9,2,1,ok,True,4,1597686,1597.686,0.199708,0.500579,1,time_limit,solomon_exact_1000_v1,,,,,,0.5,,,,25,a5385b24e1b1e895647141e361fbfd125f69b22b8101a03a5bf03d0a059bf87a,False,python,18b60bd1f8a3f3a3299830e92120a9841e4fb04a4b6fc31094cbf2c6e0a24ff8,604462f386c003e397cd55934c67735731d9683e762902ff4d23fad1f410c0bb,4,1597686,0,0,tie,tie,False
RC206,solomon_txt,5203aecf67c84df49e152645312a837ffefde529314ff892ca061538816e43a9,2,1,ok,True,4,1403933,1403.933,0.21312,0.500568,1,time_limit,solomon_exact_1000_v1,,,,,,0.5,,,,25,a5385b24e1b1e895647141e361fbfd125f69b22b8101a03a5bf03d0a059bf87a,False,native,e430e84b5044a1954983f6d380c1155f165e447205dd568d22a78596fa5f0602,604462f386c003e397cd55934c67735731d9683e762902ff4d23fad1f410c0bb,4,1597686,0,-193753,better,better,False
RC207,solomon_txt,5cab65f99b350cdb8fb1c4d0a12dde85eb4ff6a6d6daf292b182cb73de9a8b63,0,1,ok,True,4,1814966,1814.966,0.233071,0.500553,1,time_limit,solomon_exact_1000_v1,,,,,,0.5,,,,25,a5385b24e1b1e895647141e361fbfd125f69b22b8101a03a5bf03d0a059bf87a,False,python,18b60bd1f8a3f3a3299830e92120a9841e4fb04a4b6fc31094cbf2c6e0a24ff8,604462f386c003e397cd55934c67735731d9683e762902ff4d23fad1f410c0bb,4,1814966,0,0,tie,tie,False
RC207,solomon_txt,5cab65f99b350cdb8fb1c4d0a12dde85eb4ff6a6d6daf292b182cb73de9a8b63,0,1,ok,True,4,1464272,1464.272,0.224002,0.50054,1,time_limit,solomon_exact_1000_v1,,,,,,0.5,,,,25,a5385b24e1b1e895647141e361fbfd125f69b22b8101a03a5bf03d0a059bf87a,False,native,e430e84b5044a1954983f6d380c1155f165e447205dd568d22a78596fa5f0602,604462f386c003e397cd55934c67735731d9683e762902ff4d23fad1f410c0bb,4,1814966,0,-350694,better,better,False
RC207,solomon_txt,5cab65f99b350cdb8fb1c4d0a12dde85eb4ff6a6d6daf292b182cb73de9a8b63,1,1,ok,True,4,1830147,1830.147,0.215323,0.500556,1,time_limit,solomon_exact_1000_v1,,,,,,0.5,,,,25,a5385b24e1b1e895647141e361fbfd125f69b22b8101a03a5bf03d0a059bf87a,False,python,18b60bd1f8a3f3a3299830e92120a9841e4fb04a4b6fc31094cbf2c6e0a24ff8,604462f386c003e397cd55934c67735731d9683e762902ff4d23fad1f410c0bb,4,1830147,0,0,tie,tie,False
RC207,solomon_txt,5cab65f99b350cdb8fb1c4d0a12dde85eb4ff6a6d6daf292b182cb73de9a8b63,1,1,ok,True,4,1436888,1436.888,0.234767,0.500777,1,time_limit,solomon_exact_1000_v1,,,,,,0.5,,,,25,a5385b24e1b1e895647141e361fbfd125f69b22b8101a03a5bf03d0a059bf87a,False,native,e430e84b5044a1954983f6d380c1155f165e447205dd568d22a78596fa5f0602,604462f386c003e397cd55934c67735731d9683e762902ff4d23fad1f410c0bb,4,1830147,0,-393259,better,better,False
RC207,solomon_txt,5cab65f99b350cdb8fb1c4d0a12dde85eb4ff6a6d6daf292b182cb73de9a8b63,2,1,ok,True,4,1812695,1812.695,0.21753,0.500565,1,time_limit,solomon_exact_1000_v1,,,,,,0.5,,,,25,a5385b24e1b1e895647141e361fbfd125f69b22b8101a03a5bf03d0a059bf87a,False,python,18b60bd1f8a3f3a3299830e92120a9841e4fb04a4b6fc31094cbf2c6e0a24ff8,604462f386c003e397cd55934c67735731d9683e762902ff4d23fad1f410c0bb,4,1812695,0,0,tie,tie,False
RC207,solomon_txt,5cab65f99b350cdb8fb1c4d0a12dde85eb4ff6a6d6daf292b182cb73de9a8b63,2,1,ok,True,4,1417594,1417.594,0.220043,0.500626,1,time_limit,solomon_exact_1000_v1,,,,,,0.5,,,,25,a5385b24e1b1e895647141e361fbfd125f69b22b8101a03a5bf03d0a059bf87a,False,native,e430e84b5044a1954983f6d380c1155f165e447205dd568d22a78596fa5f0602,604462f386c003e397cd55934c67735731d9683e762902ff4d23fad1f410c0bb,4,1812695,0,-395101,better,better,False
RC208,solomon_txt,3d67d2a8e2758a324643f5d6c6ca87e8c56435273eaa04be33f213bb991f1f28,0,1,ok,True,3,1359332,1359.332,0.222758,0.500924,1,time_limit,solomon_exact_1000_v1,,,,,,0.5,,,,25,a5385b24e1b1e895647141e361fbfd125f69b22b8101a03a5bf03d0a059bf87a,False,python,18b60bd1f8a3f3a3299830e92120a9841e4fb04a4b6fc31094cbf2c6e0a24ff8,604462f386c003e397cd55934c67735731d9683e762902ff4d23fad1f410c0bb,3,1359332,0,0,tie,tie,False
RC208,solomon_txt,3d67d2a8e2758a324643f5d6c6ca87e8c56435273eaa04be33f213bb991f1f28,0,1,ok,True,3,1189881,1189.881,0.219817,0.500581,1,time_limit,solomon_exact_1000_v1,,,,,,0.5,,,,25,a5385b24e1b1e895647141e361fbfd125f69b22b8101a03a5bf03d0a059bf87a,False,native,e430e84b5044a1954983f6d380c1155f165e447205dd568d22a78596fa5f0602,604462f386c003e397cd55934c67735731d9683e762902ff4d23fad1f410c0bb,3,1359332,0,-169451,better,better,False
RC208,solomon_txt,3d67d2a8e2758a324643f5d6c6ca87e8c56435273eaa04be33f213bb991f1f28,1,1,ok,True,4,1827651,1827.651,0.218707,0.50058,1,time_limit,solomon_exact_1000_v1,,,,,,0.5,,,,25,a5385b24e1b1e895647141e361fbfd125f69b22b8101a03a5bf03d0a059bf87a,False,python,18b60bd1f8a3f3a3299830e92120a9841e4fb04a4b6fc31094cbf2c6e0a24ff8,604462f386c003e397cd55934c67735731d9683e762902ff4d23fad1f410c0bb,4,1827651,0,0,tie,tie,False
RC208,solomon_txt,3d67d2a8e2758a324643f5d6c6ca87e8c56435273eaa04be33f213bb991f1f28,1,1,ok,True,4,1231959,1231.959,0.219132,0.500565,1,time_limit,solomon_exact_1000_v1,,,,,,0.5,,,,25,a5385b24e1b1e895647141e361fbfd125f69b22b8101a03a5bf03d0a059bf87a,False,native,e430e84b5044a1954983f6d380c1155f165e447205dd568d22a78596fa5f0602,604462f386c003e397cd55934c67735731d9683e762902ff4d23fad1f410c0bb,4,1827651,0,-595692,better,better,False
RC208,solomon_txt,3d67d2a8e2758a324643f5d6c6ca87e8c56435273eaa04be33f213bb991f1f28,2,1,ok,True,3,1511914,1511.914,0.213771,0.500564,1,time_limit,solomon_exact_1000_v1,,,,,,0.5,,,,25,a5385b24e1b1e895647141e361fbfd125f69b22b8101a03a5bf03d0a059bf87a,False,python,18b60bd1f8a3f3a3299830e92120a9841e4fb04a4b6fc31094cbf2c6e0a24ff8,604462f386c003e397cd55934c67735731d9683e762902ff4d23fad1f410c0bb,3,1511914,0,0,tie,tie,False
RC208,solomon_txt,3d67d2a8e2758a324643f5d6c6ca87e8c56435273eaa04be33f213bb991f1f28,2,1,ok,True,3,1244387,1244.387,0.219925,0.500603,1,time_limit,solomon_exact_1000_v1,,,,,,0.5,,,,25,a5385b24e1b1e895647141e361fbfd125f69b22b8101a03a5bf03d0a059bf87a,False,native,e430e84b5044a1954983f6d380c1155f165e447205dd568d22a78596fa5f0602,604462f386c003e397cd55934c67735731d9683e762902ff4d23fad1f410c0bb,3,1511914,0,-267527,better,better,False
