solver,instance,budget_seconds,seed,vehicle_cap,fixed_vehicle_cost,status,feasible,vehicles,distance_ticks,distance,preparation_seconds,search_seconds,solver_runtime_seconds,validation_seconds,total_seconds,first_feasible_seconds,iterations,adapter_seconds,postprocessing_seconds,input_sha256,source_sha256,error,metadata_json,solution_path
gurobi,C101,0.5,0,25,12022126,optimal,True,10,828937,828.937,0.28668939999624854,0.2364374000026146,0.2369999885559082,0.0005921000047237612,0.5330235000001267,0.4646794000000227,,0.5324313999954029,0.009304599996539764,a6da75152d182d60ecd2c6f854296f5be452f92282d096adebcf5d99a7f16516,4ccf2642f91c10e5ef78d549cf8ed0088696fccc6f0da27cfce273e5cd458c2d,,"{""backend"": ""gurobi"", ""gurobi_version"": [13, 0, 0], ""vehicle_weight"": 12022126, ""max_vehicles"": 25, ""distance_upper_bound"": 12022125, ""objective_upper_bound"": 312575275, ""cold_start"": true, ""threads"": 1, ""seed"": 0, ""seed_supported"": true, ""mip_gap_target"": 0.0, ""variable_count"": 4812, ""constraint_count"": 13338, ""arc_count"": 4512, ""gurobi_status_code"": 2, ""status"": ""optimal"", ""incumbent_count"": 4, ""node_count"": 1.0, ""iteration_count"": 343.0, ""objective_bound"": 121050197.0, ""objective_bound_continuous"": 121050197.0, ""objective"": 121050197.0, ""scalar_objective"": 121050197, ""raw_objective_minus_integral_route_objective"": 0.0, ""mip_gap"": 0.0}",results/0.5s/C101/gurobi-seed-0.json
ortools,C101,0.5,0,25,12022126,found,True,10,854315,854.315,0.012343200003670063,0.5002246000003652,0.5,0.0003685000046971254,0.5147990000041318,0.019926100001612213,,0.5144304999994347,0.0018626999953994527,a6da75152d182d60ecd2c6f854296f5be452f92282d096adebcf5d99a7f16516,4ccf2642f91c10e5ef78d549cf8ed0088696fccc6f0da27cfce273e5cd458c2d,,"{""ortools_version"": ""9.15.6755"", ""requested_seed"": 0, ""cp_solver_reseed_applied"": true, ""seed_api"": ""pywrapcp.Solver.ReSeed"", ""seed_semantics"": ""Applied to the underlying CP Solver RNG; RoutingSearchParameters has no random_seed field. This does not claim control over every routing-search randomness source."", ""warm_start"": false, ""vehicle_limit"": 25, ""vehicle_fixed_cost"": 12022126, ""max_solution_distance_bound"": 12022125, ""objective_value"": 121075575, ""solver_assignment_objective"": 121075575, ""scalar_objective"": 121075575, ""objective_lower_bound"": 120486505, ""objective_gap_to_lower_bound"": 589070, ""lower_bound_components"": {""vehicles"": 10, ""distance_ticks"": 265245, ""distance_bound_method"": ""sum of each customer's minimum incoming arc""}, ""routing_status_code"": 1, ""routing_status"": ""ROUTING_SUCCESS"", ""optimality_proven"": false, ""first_solution_strategy"": ""PARALLEL_CHEAPEST_INSERTION"", ""local_search_metaheuristic"": ""GUIDED_LOCAL_SEARCH"", ""search_workers"": 1, ""search_worker_setting"": ""Routing CP exposes no worker-count parameter; one CP search was run."", ""search_time_limit_seconds"": 0.5, ""time_limit_scope"": ""SolveWithParameters call only; model preparation is separate"", ""first_feasible_seconds"": 0.019926100001612213, ""distance_ticks"": 854315}",results/0.5s/C101/ortools-seed-0.json
ours,C101,0.5,0,25,12022126,feasible,True,11,861803,861.803,4.4699998397845775e-05,0.5004861000052188,0.5004436999952304,0.0006882000016048551,0.5018197999961558,0.0716854999991483,3,0.5011315999945509,0.0006007999909343198,a6da75152d182d60ecd2c6f854296f5be452f92282d096adebcf5d99a7f16516,4ccf2642f91c10e5ef78d549cf8ed0088696fccc6f0da27cfce273e5cd458c2d,,"{""config"": {""seed"": 0, ""max_iterations"": null, ""time_limit_seconds"": 0.5, ""fleet_attempts_per_k"": 100, ""fleet_time_fraction"": 0.75, ""fleet_strategy"": ""hybrid"", ""fleet_repair_rounds"": 5, ""fleet_related_count"": 8, ""max_moves"": null, ""construction_order"": ""due"", ""repair_order"": ""due"", ""repair_strategy"": ""cheapest"", ""search_strategy"": ""first"", ""operators"": [""relocate"", ""swap"", ""two_opt"", ""two_opt_star""], ""remove_min"": 3, ""remove_max"": 8, ""restart_after"": 20, ""diagnostics"": false, ""evaluation_mode"": ""incremental"", ""search_backend"": ""native"", ""num_neighbours"": null, ""operator_schedule"": ""cyclic"", ""infeasible_search"": false, ""adaptive_penalties"": true, ""penalty_update_interval"": 10, ""penalty_target_feasible"": 0.5, ""penalty_max_moves"": 8}, ""backend"": ""native"", ""native"": {""api_version"": 1, ""build_info"": ""compiler=MSVC 195035722; cxx_standard=17; api_version=1"", ""binary"": ""_native.cp312-win_amd64.pyd"", ""binary_sha256"": ""604462f386c003e397cd55934c67735731d9683e762902ff4d23fad1f410c0bb""}, ""stop_reason"": ""time_limit"", ""initial_distance_ticks"": 983072, ""fleet"": {""lower_bound"": 10, ""stop_reason"": ""fleet_budget"", ""targets"": [{""target"": 11, ""trials"": 1, ""repair_rounds"": 1, ""elapsed_seconds"": 0.00695580000319751, ""first_feasible_seconds"": 0.00695580000319751, ""status"": ""found""}, {""target"": 10, ""trials"": 44, ""repair_rounds"": 132, ""elapsed_seconds"": 0.3138729999991483, ""first_feasible_seconds"": null, ""status"": ""time_limit""}]}, ""milestones"": [{""vehicles"": 11, ""distance"": 1015038, ""elapsed_seconds"": 0.07904439999401802}]}",results/0.5s/C101/ours-seed-0.json
pyvrp,C101,0.5,0,25,12022126,feasible,True,10,828937,828.937,0.0010723000013967976,0.5009628999978304,0.49485850000201026,0.00045319999480852857,0.5294912999961525,,165,0.529038100001344,0.027002900002116803,a6da75152d182d60ecd2c6f854296f5be452f92282d096adebcf5d99a7f16516,4ccf2642f91c10e5ef78d549cf8ed0088696fccc6f0da27cfce273e5cd458c2d,,"{""version"": ""0.13.0a0"", ""algorithm"": ""local checkout IteratedLocalSearch"", ""time_limit_clock"": ""anchored before solve(), including initial solution and search setup"", ""seed_supported"": true, ""fixed_vehicle_cost"": 12022126, ""internal_feasible"": true, ""scalar_objective"": 121050197, ""internal_distance_ticks"": 828937, ""internal_vehicles"": 10}",results/0.5s/C101/pyvrp-seed-0.json
gurobi,C102,0.5,0,25,12022126,time_limit,False,,,,0.7036632000017562,0.5009263999963878,0.5,1.9999934011138976e-06,1.2138842999920598,,,1.2138822999986587,0.009292700000514742,f89a0e2a760cc7448a4ca72b88e5b29b94d64b5548f3320f42a6230025ead653,4ccf2642f91c10e5ef78d549cf8ed0088696fccc6f0da27cfce273e5cd458c2d,,"{""backend"": ""gurobi"", ""gurobi_version"": [13, 0, 0], ""vehicle_weight"": 12022126, ""max_vehicles"": 25, ""distance_upper_bound"": 12022125, ""objective_upper_bound"": 312575275, ""cold_start"": true, ""threads"": 1, ""seed"": 0, ""seed_supported"": true, ""mip_gap_target"": 0.0, ""variable_count"": 6982, ""constraint_count"": 19848, ""arc_count"": 6682, ""gurobi_status_code"": 9, ""status"": ""time_limit"", ""incumbent_count"": 0, ""node_count"": 0.0, ""iteration_count"": 0.0, ""objective_bound"": 96399275.0, ""objective_bound_continuous"": 96399275.0}",results/0.5s/C102/gurobi-seed-0.json
ortools,C102,0.5,0,25,12022126,found,True,10,828937,828.937,0.003738400002475828,0.5078129000030458,0.508,0.00047559999802615494,0.5139963999972679,0.025754300004336983,,0.5135207999992417,0.001969499993720092,f89a0e2a760cc7448a4ca72b88e5b29b94d64b5548f3320f42a6230025ead653,4ccf2642f91c10e5ef78d549cf8ed0088696fccc6f0da27cfce273e5cd458c2d,,"{""ortools_version"": ""9.15.6755"", ""requested_seed"": 0, ""cp_solver_reseed_applied"": true, ""seed_api"": ""pywrapcp.Solver.ReSeed"", ""seed_semantics"": ""Applied to the underlying CP Solver RNG; RoutingSearchParameters has no random_seed field. This does not claim control over every routing-search randomness source."", ""warm_start"": false, ""vehicle_limit"": 25, ""vehicle_fixed_cost"": 12022126, ""max_solution_distance_bound"": 12022125, ""objective_value"": 121050197, ""solver_assignment_objective"": 121050197, ""scalar_objective"": 121050197, ""objective_lower_bound"": 120486505, ""objective_gap_to_lower_bound"": 563692, ""lower_bound_components"": {""vehicles"": 10, ""distance_ticks"": 265245, ""distance_bound_method"": ""sum of each customer's minimum incoming arc""}, ""routing_status_code"": 1, ""routing_status"": ""ROUTING_SUCCESS"", ""optimality_proven"": false, ""first_solution_strategy"": ""PARALLEL_CHEAPEST_INSERTION"", ""local_search_metaheuristic"": ""GUIDED_LOCAL_SEARCH"", ""search_workers"": 1, ""search_worker_setting"": ""Routing CP exposes no worker-count parameter; one CP search was run."", ""search_time_limit_seconds"": 0.5, ""time_limit_scope"": ""SolveWithParameters call only; model preparation is separate"", ""first_feasible_seconds"": 0.025754300004336983, ""distance_ticks"": 828937}",results/0.5s/C102/ortools-seed-0.json
ours,C102,0.5,0,25,12022126,feasible,True,10,1065814,1065.814,7.470000127796084e-05,0.5007845000000088,0.5007320000004256,0.0004602999979397282,0.5020180999999866,0.13444170000002487,11,0.5015578000020469,0.0006986000007600524,f89a0e2a760cc7448a4ca72b88e5b29b94d64b5548f3320f42a6230025ead653,4ccf2642f91c10e5ef78d549cf8ed0088696fccc6f0da27cfce273e5cd458c2d,,"{""config"": {""seed"": 0, ""max_iterations"": null, ""time_limit_seconds"": 0.5, ""fleet_attempts_per_k"": 100, ""fleet_time_fraction"": 0.75, ""fleet_strategy"": ""hybrid"", ""fleet_repair_rounds"": 5, ""fleet_related_count"": 8, ""max_moves"": null, ""construction_order"": ""due"", ""repair_order"": ""due"", ""repair_strategy"": ""cheapest"", ""search_strategy"": ""first"", ""operators"": [""relocate"", ""swap"", ""two_opt"", ""two_opt_star""], ""remove_min"": 3, ""remove_max"": 8, ""restart_after"": 20, ""diagnostics"": false, ""evaluation_mode"": ""incremental"", ""search_backend"": ""native"", ""num_neighbours"": null, ""operator_schedule"": ""cyclic"", ""infeasible_search"": false, ""adaptive_penalties"": true, ""penalty_update_interval"": 10, ""penalty_target_feasible"": 0.5, ""penalty_max_moves"": 8}, ""backend"": ""native"", ""native"": {""api_version"": 1, ""build_info"": ""compiler=MSVC 195035722; cxx_standard=17; api_version=1"", ""binary"": ""_native.cp312-win_amd64.pyd"", ""binary_sha256"": ""604462f386c003e397cd55934c67735731d9683e762902ff4d23fad1f410c0bb""}, ""stop_reason"": ""time_limit"", ""initial_distance_ticks"": 1259618, ""fleet"": {""lower_bound"": 10, ""stop_reason"": ""lower_bound"", ""targets"": []}, ""milestones"": []}",results/0.5s/C102/ours-seed-0.json
pyvrp,C102,0.5,0,25,12022126,feasible,True,11,921954,921.954,0.0010961000007227995,0.5003787999958149,0.4905789999975241,0.0007396000000881031,0.5038506999990204,,51,0.5031110999989323,0.0016362000023946166,f89a0e2a760cc7448a4ca72b88e5b29b94d64b5548f3320f42a6230025ead653,4ccf2642f91c10e5ef78d549cf8ed0088696fccc6f0da27cfce273e5cd458c2d,,"{""version"": ""0.13.0a0"", ""algorithm"": ""local checkout IteratedLocalSearch"", ""time_limit_clock"": ""anchored before solve(), including initial solution and search setup"", ""seed_supported"": true, ""fixed_vehicle_cost"": 12022126, ""internal_feasible"": true, ""scalar_objective"": 133165340, ""internal_distance_ticks"": 921954, ""internal_vehicles"": 11}",results/0.5s/C102/pyvrp-seed-0.json
gurobi,C103,0.5,0,25,12022126,time_limit,False,,,,0.8432398000004468,0.4995169999965583,0.5,1.8999999156221747e-06,1.3567649999968125,,,1.356763099996897,0.01400629999989178,a55cabf15e0da9d65696a5fb45c9852889479893f76f772a428ca15d1b415a51,4ccf2642f91c10e5ef78d549cf8ed0088696fccc6f0da27cfce273e5cd458c2d,,"{""backend"": ""gurobi"", ""gurobi_version"": [13, 0, 0], ""vehicle_weight"": 12022126, ""max_vehicles"": 25, ""distance_upper_bound"": 12022125, ""objective_upper_bound"": 312575275, ""cold_start"": true, ""threads"": 1, ""seed"": 0, ""seed_supported"": true, ""mip_gap_target"": 0.0, ""variable_count"": 8822, ""constraint_count"": 25368, ""arc_count"": 8522, ""gurobi_status_code"": 9, ""status"": ""time_limit"", ""incumbent_count"": 0, ""node_count"": 0.0, ""iteration_count"": 0.0, ""objective_bound"": 24087265.0, ""objective_bound_continuous"": 24087265.0}",results/0.5s/C103/gurobi-seed-0.json
ortools,C103,0.5,0,25,12022126,found,True,10,853827,853.827,0.0036742000011145137,0.5001034000015352,0.5,0.0004928999987896532,0.5060267000008025,0.028076900001906324,,0.5055338000020129,0.0017561999993631616,a55cabf15e0da9d65696a5fb45c9852889479893f76f772a428ca15d1b415a51,4ccf2642f91c10e5ef78d549cf8ed0088696fccc6f0da27cfce273e5cd458c2d,,"{""ortools_version"": ""9.15.6755"", ""requested_seed"": 0, ""cp_solver_reseed_applied"": true, ""seed_api"": ""pywrapcp.Solver.ReSeed"", ""seed_semantics"": ""Applied to the underlying CP Solver RNG; RoutingSearchParameters has no random_seed field. This does not claim control over every routing-search randomness source."", ""warm_start"": false, ""vehicle_limit"": 25, ""vehicle_fixed_cost"": 12022126, ""max_solution_distance_bound"": 12022125, ""objective_value"": 121075087, ""solver_assignment_objective"": 121075087, ""scalar_objective"": 121075087, ""objective_lower_bound"": 120486505, ""objective_gap_to_lower_bound"": 588582, ""lower_bound_components"": {""vehicles"": 10, ""distance_ticks"": 265245, ""distance_bound_method"": ""sum of each customer's minimum incoming arc""}, ""routing_status_code"": 2, ""routing_status"": ""ROUTING_PARTIAL_SUCCESS_LOCAL_OPTIMUM_NOT_REACHED"", ""optimality_proven"": false, ""first_solution_strategy"": ""PARALLEL_CHEAPEST_INSERTION"", ""local_search_metaheuristic"": ""GUIDED_LOCAL_SEARCH"", ""search_workers"": 1, ""search_worker_setting"": ""Routing CP exposes no worker-count parameter; one CP search was run."", ""search_time_limit_seconds"": 0.5, ""time_limit_scope"": ""SolveWithParameters call only; model preparation is separate"", ""first_feasible_seconds"": 0.028076900001906324, ""distance_ticks"": 853827}",results/0.5s/C103/ortools-seed-0.json
ours,C103,0.5,0,25,12022126,feasible,True,10,1226430,1226.43,5.740000051446259e-05,0.5008013000042411,0.5007512999945902,0.00048209999658865854,0.5020179999919492,0.12103489999572048,8,0.5015358999953605,0.0006771999906050041,a55cabf15e0da9d65696a5fb45c9852889479893f76f772a428ca15d1b415a51,4ccf2642f91c10e5ef78d549cf8ed0088696fccc6f0da27cfce273e5cd458c2d,,"{""config"": {""seed"": 0, ""max_iterations"": null, ""time_limit_seconds"": 0.5, ""fleet_attempts_per_k"": 100, ""fleet_time_fraction"": 0.75, ""fleet_strategy"": ""hybrid"", ""fleet_repair_rounds"": 5, ""fleet_related_count"": 8, ""max_moves"": null, ""construction_order"": ""due"", ""repair_order"": ""due"", ""repair_strategy"": ""cheapest"", ""search_strategy"": ""first"", ""operators"": [""relocate"", ""swap"", ""two_opt"", ""two_opt_star""], ""remove_min"": 3, ""remove_max"": 8, ""restart_after"": 20, ""diagnostics"": false, ""evaluation_mode"": ""incremental"", ""search_backend"": ""native"", ""num_neighbours"": null, ""operator_schedule"": ""cyclic"", ""infeasible_search"": false, ""adaptive_penalties"": true, ""penalty_update_interval"": 10, ""penalty_target_feasible"": 0.5, ""penalty_max_moves"": 8}, ""backend"": ""native"", ""native"": {""api_version"": 1, ""build_info"": ""compiler=MSVC 195035722; cxx_standard=17; api_version=1"", ""binary"": ""_native.cp312-win_amd64.pyd"", ""binary_sha256"": ""604462f386c003e397cd55934c67735731d9683e762902ff4d23fad1f410c0bb""}, ""stop_reason"": ""time_limit"", ""initial_distance_ticks"": 1881698, ""fleet"": {""lower_bound"": 10, ""stop_reason"": ""lower_bound"", ""targets"": []}, ""milestones"": []}",results/0.5s/C103/ours-seed-0.json
pyvrp,C103,0.5,0,25,12022126,feasible,True,11,1002391,1002.391,0.0012452000009943731,0.5156057000058354,0.5070885999957682,0.0004792000036104582,0.5188744000042789,,50,0.5183952000006684,0.0015442999938386492,a55cabf15e0da9d65696a5fb45c9852889479893f76f772a428ca15d1b415a51,4ccf2642f91c10e5ef78d549cf8ed0088696fccc6f0da27cfce273e5cd458c2d,,"{""version"": ""0.13.0a0"", ""algorithm"": ""local checkout IteratedLocalSearch"", ""time_limit_clock"": ""anchored before solve(), including initial solution and search setup"", ""seed_supported"": true, ""fixed_vehicle_cost"": 12022126, ""internal_feasible"": true, ""scalar_objective"": 133245777, ""internal_distance_ticks"": 1002391, ""internal_vehicles"": 11}",results/0.5s/C103/pyvrp-seed-0.json
gurobi,C104,0.5,0,25,12022126,time_limit,False,,,,0.9214518000007956,0.5003613000008045,0.5,2.3999964469112456e-06,1.4327869999979157,,,1.4327846000014688,0.010971499999868684,fe333e81625ee5a75bb2ce98c2c9f356d07289237865b62a23ba2f32f0de5ee2,4ccf2642f91c10e5ef78d549cf8ed0088696fccc6f0da27cfce273e5cd458c2d,,"{""backend"": ""gurobi"", ""gurobi_version"": [13, 0, 0], ""vehicle_weight"": 12022126, ""max_vehicles"": 25, ""distance_upper_bound"": 12022125, ""objective_upper_bound"": 312575275, ""cold_start"": true, ""threads"": 1, ""seed"": 0, ""seed_supported"": true, ""mip_gap_target"": 0.0, ""variable_count"": 9888, ""constraint_count"": 28566, ""arc_count"": 9588, ""gurobi_status_code"": 9, ""status"": ""time_limit"", ""incumbent_count"": 0, ""node_count"": 0.0, ""iteration_count"": 0.0, ""objective_bound"": 24087265.0, ""objective_bound_continuous"": 24087265.0}",results/0.5s/C104/gurobi-seed-0.json
ortools,C104,0.5,0,25,12022126,found,True,10,1058478,1058.478,0.0029274000044097193,0.5004914999954053,0.5,0.0004813999985344708,0.5064831000054255,0.025362799999129493,,0.506001700006891,0.0025828000070760027,fe333e81625ee5a75bb2ce98c2c9f356d07289237865b62a23ba2f32f0de5ee2,4ccf2642f91c10e5ef78d549cf8ed0088696fccc6f0da27cfce273e5cd458c2d,,"{""ortools_version"": ""9.15.6755"", ""requested_seed"": 0, ""cp_solver_reseed_applied"": true, ""seed_api"": ""pywrapcp.Solver.ReSeed"", ""seed_semantics"": ""Applied to the underlying CP Solver RNG; RoutingSearchParameters has no random_seed field. This does not claim control over every routing-search randomness source."", ""warm_start"": false, ""vehicle_limit"": 25, ""vehicle_fixed_cost"": 12022126, ""max_solution_distance_bound"": 12022125, ""objective_value"": 121279738, ""solver_assignment_objective"": 121279738, ""scalar_objective"": 121279738, ""objective_lower_bound"": 120486505, ""objective_gap_to_lower_bound"": 793233, ""lower_bound_components"": {""vehicles"": 10, ""distance_ticks"": 265245, ""distance_bound_method"": ""sum of each customer's minimum incoming arc""}, ""routing_status_code"": 1, ""routing_status"": ""ROUTING_SUCCESS"", ""optimality_proven"": false, ""first_solution_strategy"": ""PARALLEL_CHEAPEST_INSERTION"", ""local_search_metaheuristic"": ""GUIDED_LOCAL_SEARCH"", ""search_workers"": 1, ""search_worker_setting"": ""Routing CP exposes no worker-count parameter; one CP search was run."", ""search_time_limit_seconds"": 0.5, ""time_limit_scope"": ""SolveWithParameters call only; model preparation is separate"", ""first_feasible_seconds"": 0.025362799999129493, ""distance_ticks"": 1058478}",results/0.5s/C104/ortools-seed-0.json
ours,C104,0.5,0,25,12022126,feasible,True,10,1045222,1045.222,9.080000018002465e-05,0.5008487000013702,0.5007989000005182,0.0004971000016666949,0.5022075999950175,0.12865929999679793,4,0.5017104999933508,0.000770999991800636,fe333e81625ee5a75bb2ce98c2c9f356d07289237865b62a23ba2f32f0de5ee2,4ccf2642f91c10e5ef78d549cf8ed0088696fccc6f0da27cfce273e5cd458c2d,,"{""config"": {""seed"": 0, ""max_iterations"": null, ""time_limit_seconds"": 0.5, ""fleet_attempts_per_k"": 100, ""fleet_time_fraction"": 0.75, ""fleet_strategy"": ""hybrid"", ""fleet_repair_rounds"": 5, ""fleet_related_count"": 8, ""max_moves"": null, ""construction_order"": ""due"", ""repair_order"": ""due"", ""repair_strategy"": ""cheapest"", ""search_strategy"": ""first"", ""operators"": [""relocate"", ""swap"", ""two_opt"", ""two_opt_star""], ""remove_min"": 3, ""remove_max"": 8, ""restart_after"": 20, ""diagnostics"": false, ""evaluation_mode"": ""incremental"", ""search_backend"": ""native"", ""num_neighbours"": null, ""operator_schedule"": ""cyclic"", ""infeasible_search"": false, ""adaptive_penalties"": true, ""penalty_update_interval"": 10, ""penalty_target_feasible"": 0.5, ""penalty_max_moves"": 8}, ""backend"": ""native"", ""native"": {""api_version"": 1, ""build_info"": ""compiler=MSVC 195035722; cxx_standard=17; api_version=1"", ""binary"": ""_native.cp312-win_amd64.pyd"", ""binary_sha256"": ""604462f386c003e397cd55934c67735731d9683e762902ff4d23fad1f410c0bb""}, ""stop_reason"": ""time_limit"", ""initial_distance_ticks"": 2026228, ""fleet"": {""lower_bound"": 10, ""stop_reason"": ""lower_bound"", ""targets"": []}, ""milestones"": []}",results/0.5s/C104/ours-seed-0.json
pyvrp,C104,0.5,0,25,12022126,feasible,True,11,1096794,1096.794,0.001273300003958866,0.5025978000048781,0.4883468999978504,0.0005774999954155646,0.5062505999958375,,67,0.505673100000422,0.0018019999915850349,fe333e81625ee5a75bb2ce98c2c9f356d07289237865b62a23ba2f32f0de5ee2,4ccf2642f91c10e5ef78d549cf8ed0088696fccc6f0da27cfce273e5cd458c2d,,"{""version"": ""0.13.0a0"", ""algorithm"": ""local checkout IteratedLocalSearch"", ""time_limit_clock"": ""anchored before solve(), including initial solution and search setup"", ""seed_supported"": true, ""fixed_vehicle_cost"": 12022126, ""internal_feasible"": true, ""scalar_objective"": 133340180, ""internal_distance_ticks"": 1096794, ""internal_vehicles"": 11}",results/0.5s/C104/pyvrp-seed-0.json
gurobi,C105,0.5,0,25,12022126,time_limit,False,,,,0.47330150000198046,0.5098584000006667,0.5099999904632568,2.5999979698099196e-06,0.991693199997826,,,0.9916905999998562,0.008530699997209013,9a877a3a6fb922e7ad9297cc0308bc8a5652cb1495a0228ee6b81b2d938aa29f,4ccf2642f91c10e5ef78d549cf8ed0088696fccc6f0da27cfce273e5cd458c2d,,"{""backend"": ""gurobi"", ""gurobi_version"": [13, 0, 0], ""vehicle_weight"": 12022126, ""max_vehicles"": 25, ""distance_upper_bound"": 12022125, ""objective_upper_bound"": 312575275, ""cold_start"": true, ""threads"": 1, ""seed"": 0, ""seed_supported"": true, ""mip_gap_target"": 0.0, ""variable_count"": 5350, ""constraint_count"": 14952, ""arc_count"": 5050, ""gurobi_status_code"": 9, ""status"": ""time_limit"", ""incumbent_count"": 0, ""node_count"": 1.0, ""iteration_count"": 2399.0, ""objective_bound"": 61708490.450954825, ""objective_bound_continuous"": 61708490.450954825}",results/0.5s/C105/gurobi-seed-0.json
ortools,C105,0.5,0,25,12022126,found,True,10,828937,828.937,0.0029236999980639666,0.5011618999997154,0.501,0.00051299999904586,0.5070288999995682,0.027409499998611864,,0.5065159000005224,0.0024303000027430244,9a877a3a6fb922e7ad9297cc0308bc8a5652cb1495a0228ee6b81b2d938aa29f,4ccf2642f91c10e5ef78d549cf8ed0088696fccc6f0da27cfce273e5cd458c2d,,"{""ortools_version"": ""9.15.6755"", ""requested_seed"": 0, ""cp_solver_reseed_applied"": true, ""seed_api"": ""pywrapcp.Solver.ReSeed"", ""seed_semantics"": ""Applied to the underlying CP Solver RNG; RoutingSearchParameters has no random_seed field. This does not claim control over every routing-search randomness source."", ""warm_start"": false, ""vehicle_limit"": 25, ""vehicle_fixed_cost"": 12022126, ""max_solution_distance_bound"": 12022125, ""objective_value"": 121050197, ""solver_assignment_objective"": 121050197, ""scalar_objective"": 121050197, ""objective_lower_bound"": 120486505, ""objective_gap_to_lower_bound"": 563692, ""lower_bound_components"": {""vehicles"": 10, ""distance_ticks"": 265245, ""distance_bound_method"": ""sum of each customer's minimum incoming arc""}, ""routing_status_code"": 1, ""routing_status"": ""ROUTING_SUCCESS"", ""optimality_proven"": false, ""first_solution_strategy"": ""PARALLEL_CHEAPEST_INSERTION"", ""local_search_metaheuristic"": ""GUIDED_LOCAL_SEARCH"", ""search_workers"": 1, ""search_worker_setting"": ""Routing CP exposes no worker-count parameter; one CP search was run."", ""search_time_limit_seconds"": 0.5, ""time_limit_scope"": ""SolveWithParameters call only; model preparation is separate"", ""first_feasible_seconds"": 0.027409499998611864, ""distance_ticks"": 828937}",results/0.5s/C105/ortools-seed-0.json
ours,C105,0.5,0,25,12022126,feasible,True,10,854315,854.315,5.7900004321709275e-05,0.5007696999964537,0.5007191000040621,0.00046940000174799934,0.5019781000009971,0.107384800001455,8,0.5015086999992491,0.0006810999984736554,9a877a3a6fb922e7ad9297cc0308bc8a5652cb1495a0228ee6b81b2d938aa29f,4ccf2642f91c10e5ef78d549cf8ed0088696fccc6f0da27cfce273e5cd458c2d,,"{""config"": {""seed"": 0, ""max_iterations"": null, ""time_limit_seconds"": 0.5, ""fleet_attempts_per_k"": 100, ""fleet_time_fraction"": 0.75, ""fleet_strategy"": ""hybrid"", ""fleet_repair_rounds"": 5, ""fleet_related_count"": 8, ""max_moves"": null, ""construction_order"": ""due"", ""repair_order"": ""due"", ""repair_strategy"": ""cheapest"", ""search_strategy"": ""first"", ""operators"": [""relocate"", ""swap"", ""two_opt"", ""two_opt_star""], ""remove_min"": 3, ""remove_max"": 8, ""restart_after"": 20, ""diagnostics"": false, ""evaluation_mode"": ""incremental"", ""search_backend"": ""native"", ""num_neighbours"": null, ""operator_schedule"": ""cyclic"", ""infeasible_search"": false, ""adaptive_penalties"": true, ""penalty_update_interval"": 10, ""penalty_target_feasible"": 0.5, ""penalty_max_moves"": 8}, ""backend"": ""native"", ""native"": {""api_version"": 1, ""build_info"": ""compiler=MSVC 195035722; cxx_standard=17; api_version=1"", ""binary"": ""_native.cp312-win_amd64.pyd"", ""binary_sha256"": ""604462f386c003e397cd55934c67735731d9683e762902ff4d23fad1f410c0bb""}, ""stop_reason"": ""time_limit"", ""initial_distance_ticks"": 1244285, ""fleet"": {""lower_bound"": 10, ""stop_reason"": ""lower_bound"", ""targets"": [{""target"": 10, ""trials"": 11, ""repair_rounds"": 31, ""elapsed_seconds"": 0.1056038000024273, ""first_feasible_seconds"": 0.1056038000024273, ""status"": ""found""}]}, ""milestones"": [{""vehicles"": 10, ""distance"": 1152670, ""elapsed_seconds"": 0.2135195000009844}]}",results/0.5s/C105/ours-seed-0.json
pyvrp,C105,0.5,0,25,12022126,feasible,True,10,828937,828.937,0.0011056000003009103,0.5040707000007387,0.4939532999997027,0.0005002000034437515,0.5072853000019677,,88,0.506785099998524,0.0016087999974843115,9a877a3a6fb922e7ad9297cc0308bc8a5652cb1495a0228ee6b81b2d938aa29f,4ccf2642f91c10e5ef78d549cf8ed0088696fccc6f0da27cfce273e5cd458c2d,,"{""version"": ""0.13.0a0"", ""algorithm"": ""local checkout IteratedLocalSearch"", ""time_limit_clock"": ""anchored before solve(), including initial solution and search setup"", ""seed_supported"": true, ""fixed_vehicle_cost"": 12022126, ""internal_feasible"": true, ""scalar_objective"": 121050197, ""internal_distance_ticks"": 828937, ""internal_vehicles"": 10}",results/0.5s/C105/pyvrp-seed-0.json
gurobi,C106,0.5,0,25,12022126,time_limit,False,,,,0.5741937000057078,0.5026555000004009,0.500999927520752,2.3000029614195228e-06,1.0840746000030776,,,1.0840723000001162,0.007223099994007498,ec9b419bed53e9c607cce76e8c6bc59feb6e4d17646905601f008a4141ec7b40,4ccf2642f91c10e5ef78d549cf8ed0088696fccc6f0da27cfce273e5cd458c2d,,"{""backend"": ""gurobi"", ""gurobi_version"": [13, 0, 0], ""vehicle_weight"": 12022126, ""max_vehicles"": 25, ""distance_upper_bound"": 12022125, ""objective_upper_bound"": 312575275, ""cold_start"": true, ""threads"": 1, ""seed"": 0, ""seed_supported"": true, ""mip_gap_target"": 0.0, ""variable_count"": 5719, ""constraint_count"": 16059, ""arc_count"": 5419, ""gurobi_status_code"": 9, ""status"": ""time_limit"", ""incumbent_count"": 0, ""node_count"": 0.0, ""iteration_count"": 0.0, ""objective_bound"": 36122317.0, ""objective_bound_continuous"": 36122317.0}",results/0.5s/C106/gurobi-seed-0.json
ortools,C106,0.5,0,25,12022126,found,True,10,854315,854.315,0.002773000000161119,0.500631599999906,0.5,0.0004837000014958903,0.5063928000017768,0.024449799995636567,,0.5059091000002809,0.0025045000002137385,ec9b419bed53e9c607cce76e8c6bc59feb6e4d17646905601f008a4141ec7b40,4ccf2642f91c10e5ef78d549cf8ed0088696fccc6f0da27cfce273e5cd458c2d,,"{""ortools_version"": ""9.15.6755"", ""requested_seed"": 0, ""cp_solver_reseed_applied"": true, ""seed_api"": ""pywrapcp.Solver.ReSeed"", ""seed_semantics"": ""Applied to the underlying CP Solver RNG; RoutingSearchParameters has no random_seed field. This does not claim control over every routing-search randomness source."", ""warm_start"": false, ""vehicle_limit"": 25, ""vehicle_fixed_cost"": 12022126, ""max_solution_distance_bound"": 12022125, ""objective_value"": 121075575, ""solver_assignment_objective"": 121075575, ""scalar_objective"": 121075575, ""objective_lower_bound"": 120486505, ""objective_gap_to_lower_bound"": 589070, ""lower_bound_components"": {""vehicles"": 10, ""distance_ticks"": 265245, ""distance_bound_method"": ""sum of each customer's minimum incoming arc""}, ""routing_status_code"": 1, ""routing_status"": ""ROUTING_SUCCESS"", ""optimality_proven"": false, ""first_solution_strategy"": ""PARALLEL_CHEAPEST_INSERTION"", ""local_search_metaheuristic"": ""GUIDED_LOCAL_SEARCH"", ""search_workers"": 1, ""search_worker_setting"": ""Routing CP exposes no worker-count parameter; one CP search was run."", ""search_time_limit_seconds"": 0.5, ""time_limit_scope"": ""SolveWithParameters call only; model preparation is separate"", ""first_feasible_seconds"": 0.024449799995636567, ""distance_ticks"": 854315}",results/0.5s/C106/ortools-seed-0.json
ours,C106,0.5,0,25,12022126,feasible,True,10,891952,891.952,5.190000229049474e-05,0.5006734999988112,0.5006180000054883,0.0005205999987083487,0.5020850999935647,0.10912450000614626,6,0.5015644999948563,0.000839099993754644,ec9b419bed53e9c607cce76e8c6bc59feb6e4d17646905601f008a4141ec7b40,4ccf2642f91c10e5ef78d549cf8ed0088696fccc6f0da27cfce273e5cd458c2d,,"{""config"": {""seed"": 0, ""max_iterations"": null, ""time_limit_seconds"": 0.5, ""fleet_attempts_per_k"": 100, ""fleet_time_fraction"": 0.75, ""fleet_strategy"": ""hybrid"", ""fleet_repair_rounds"": 5, ""fleet_related_count"": 8, ""max_moves"": null, ""construction_order"": ""due"", ""repair_order"": ""due"", ""repair_strategy"": ""cheapest"", ""search_strategy"": ""first"", ""operators"": [""relocate"", ""swap"", ""two_opt"", ""two_opt_star""], ""remove_min"": 3, ""remove_max"": 8, ""restart_after"": 20, ""diagnostics"": false, ""evaluation_mode"": ""incremental"", ""search_backend"": ""native"", ""num_neighbours"": null, ""operator_schedule"": ""cyclic"", ""infeasible_search"": false, ""adaptive_penalties"": true, ""penalty_update_interval"": 10, ""penalty_target_feasible"": 0.5, ""penalty_max_moves"": 8}, ""backend"": ""native"", ""native"": {""api_version"": 1, ""build_info"": ""compiler=MSVC 195035722; cxx_standard=17; api_version=1"", ""binary"": ""_native.cp312-win_amd64.pyd"", ""binary_sha256"": ""604462f386c003e397cd55934c67735731d9683e762902ff4d23fad1f410c0bb""}, ""stop_reason"": ""time_limit"", ""initial_distance_ticks"": 1779739, ""fleet"": {""lower_bound"": 10, ""stop_reason"": ""lower_bound"", ""targets"": [{""target"": 11, ""trials"": 1, ""repair_rounds"": 1, ""elapsed_seconds"": 0.010876400003326125, ""first_feasible_seconds"": 0.010876400003326125, ""status"": ""found""}, {""target"": 10, ""trials"": 11, ""repair_rounds"": 31, ""elapsed_seconds"": 0.13933910000196192, ""first_feasible_seconds"": 0.13933910000196192, ""status"": ""found""}]}, ""milestones"": [{""vehicles"": 11, ""distance"": 1084360, ""elapsed_seconds"": 0.12076610000076471}, {""vehicles"": 10, ""distance"": 1155645, ""elapsed_seconds"": 0.2603962000066531}]}",results/0.5s/C106/ours-seed-0.json
pyvrp,C106,0.5,0,25,12022126,feasible,True,10,828937,828.937,0.001229800000146497,0.5005629000006593,0.485301900000195,0.000684200000250712,0.503894899993611,,66,0.5032106999933603,0.0014179999925545417,ec9b419bed53e9c607cce76e8c6bc59feb6e4d17646905601f008a4141ec7b40,4ccf2642f91c10e5ef78d549cf8ed0088696fccc6f0da27cfce273e5cd458c2d,,"{""version"": ""0.13.0a0"", ""algorithm"": ""local checkout IteratedLocalSearch"", ""time_limit_clock"": ""anchored before solve(), including initial solution and search setup"", ""seed_supported"": true, ""fixed_vehicle_cost"": 12022126, ""internal_feasible"": true, ""scalar_objective"": 121050197, ""internal_distance_ticks"": 828937, ""internal_vehicles"": 10}",results/0.5s/C106/pyvrp-seed-0.json
gurobi,C107,0.5,0,25,12022126,time_limit,False,,,,0.5455433000024641,0.4998816999941482,0.5,2.0000006770715117e-06,1.05271800000628,,,1.0527160000056028,0.0072910000089905225,cb3cdc10d812fa17370eb52cb753b6b0574426dc6fabeb8b9076ed750ddf05ca,4ccf2642f91c10e5ef78d549cf8ed0088696fccc6f0da27cfce273e5cd458c2d,,"{""backend"": ""gurobi"", ""gurobi_version"": [13, 0, 0], ""vehicle_weight"": 12022126, ""max_vehicles"": 25, ""distance_upper_bound"": 12022125, ""objective_upper_bound"": 312575275, ""cold_start"": true, ""threads"": 1, ""seed"": 0, ""seed_supported"": true, ""mip_gap_target"": 0.0, ""variable_count"": 5917, ""constraint_count"": 16653, ""arc_count"": 5617, ""gurobi_status_code"": 9, ""status"": ""time_limit"", ""incumbent_count"": 0, ""node_count"": 1.0, ""iteration_count"": 1310.0, ""objective_bound"": 0.0, ""objective_bound_continuous"": 0.0}",results/0.5s/C107/gurobi-seed-0.json
ortools,C107,0.5,0,25,12022126,found,True,10,854315,854.315,0.002936600001703482,0.5009914999973262,0.501,0.00047929999709594995,0.5066155000022263,0.02622970000084024,,0.5061362000051304,0.0022081000061007217,cb3cdc10d812fa17370eb52cb753b6b0574426dc6fabeb8b9076ed750ddf05ca,4ccf2642f91c10e5ef78d549cf8ed0088696fccc6f0da27cfce273e5cd458c2d,,"{""ortools_version"": ""9.15.6755"", ""requested_seed"": 0, ""cp_solver_reseed_applied"": true, ""seed_api"": ""pywrapcp.Solver.ReSeed"", ""seed_semantics"": ""Applied to the underlying CP Solver RNG; RoutingSearchParameters has no random_seed field. This does not claim control over every routing-search randomness source."", ""warm_start"": false, ""vehicle_limit"": 25, ""vehicle_fixed_cost"": 12022126, ""max_solution_distance_bound"": 12022125, ""objective_value"": 121075575, ""solver_assignment_objective"": 121075575, ""scalar_objective"": 121075575, ""objective_lower_bound"": 120486505, ""objective_gap_to_lower_bound"": 589070, ""lower_bound_components"": {""vehicles"": 10, ""distance_ticks"": 265245, ""distance_bound_method"": ""sum of each customer's minimum incoming arc""}, ""routing_status_code"": 1, ""routing_status"": ""ROUTING_SUCCESS"", ""optimality_proven"": false, ""first_solution_strategy"": ""PARALLEL_CHEAPEST_INSERTION"", ""local_search_metaheuristic"": ""GUIDED_LOCAL_SEARCH"", ""search_workers"": 1, ""search_worker_setting"": ""Routing CP exposes no worker-count parameter; one CP search was run."", ""search_time_limit_seconds"": 0.5, ""time_limit_scope"": ""SolveWithParameters call only; model preparation is separate"", ""first_feasible_seconds"": 0.02622970000084024, ""distance_ticks"": 854315}",results/0.5s/C107/ortools-seed-0.json
ours,C107,0.5,0,25,12022126,feasible,True,10,934258,934.258,6.769999890821055e-05,0.500745100005588,0.5006942999971216,0.00049820000276668,0.5022647000005236,0.10868610000034096,10,0.5017664999977569,0.0009536999932606705,cb3cdc10d812fa17370eb52cb753b6b0574426dc6fabeb8b9076ed750ddf05ca,4ccf2642f91c10e5ef78d549cf8ed0088696fccc6f0da27cfce273e5cd458c2d,,"{""config"": {""seed"": 0, ""max_iterations"": null, ""time_limit_seconds"": 0.5, ""fleet_attempts_per_k"": 100, ""fleet_time_fraction"": 0.75, ""fleet_strategy"": ""hybrid"", ""fleet_repair_rounds"": 5, ""fleet_related_count"": 8, ""max_moves"": null, ""construction_order"": ""due"", ""repair_order"": ""due"", ""repair_strategy"": ""cheapest"", ""search_strategy"": ""first"", ""operators"": [""relocate"", ""swap"", ""two_opt"", ""two_opt_star""], ""remove_min"": 3, ""remove_max"": 8, ""restart_after"": 20, ""diagnostics"": false, ""evaluation_mode"": ""incremental"", ""search_backend"": ""native"", ""num_neighbours"": null, ""operator_schedule"": ""cyclic"", ""infeasible_search"": false, ""adaptive_penalties"": true, ""penalty_update_interval"": 10, ""penalty_target_feasible"": 0.5, ""penalty_max_moves"": 8}, ""backend"": ""native"", ""native"": {""api_version"": 1, ""build_info"": ""compiler=MSVC 195035722; cxx_standard=17; api_version=1"", ""binary"": ""_native.cp312-win_amd64.pyd"", ""binary_sha256"": ""604462f386c003e397cd55934c67735731d9683e762902ff4d23fad1f410c0bb""}, ""stop_reason"": ""time_limit"", ""initial_distance_ticks"": 1499375, ""fleet"": {""lower_bound"": 10, ""stop_reason"": ""lower_bound"", ""targets"": [{""target"": 10, ""trials"": 6, ""repair_rounds"": 17, ""elapsed_seconds"": 0.047875600001134444, ""first_feasible_seconds"": 0.047875600001134444, ""status"": ""found""}]}, ""milestones"": [{""vehicles"": 10, ""distance"": 1277707, ""elapsed_seconds"": 0.15711349999764934}]}",results/0.5s/C107/ours-seed-0.json
pyvrp,C107,0.5,0,25,12022126,feasible,True,10,863148,863.148,0.001219199999468401,0.5047231999997166,0.4946619999973336,0.0004941000006510876,0.5078614000012749,,84,0.5073673000006238,0.0014249000014388002,cb3cdc10d812fa17370eb52cb753b6b0574426dc6fabeb8b9076ed750ddf05ca,4ccf2642f91c10e5ef78d549cf8ed0088696fccc6f0da27cfce273e5cd458c2d,,"{""version"": ""0.13.0a0"", ""algorithm"": ""local checkout IteratedLocalSearch"", ""time_limit_clock"": ""anchored before solve(), including initial solution and search setup"", ""seed_supported"": true, ""fixed_vehicle_cost"": 12022126, ""internal_feasible"": true, ""scalar_objective"": 121084408, ""internal_distance_ticks"": 863148, ""internal_vehicles"": 10}",results/0.5s/C107/pyvrp-seed-0.json
gurobi,C108,0.5,0,25,12022126,time_limit,False,,,,0.6646251999991364,0.5334158000041498,0.5339999198913574,2.7999994927085936e-06,1.2078525999968406,,,1.2078497999973479,0.009808799994061701,b8c7e48f292b66b283d8e71511e3a4eccaa4c4bc66b9313c399e73b0226f5953,4ccf2642f91c10e5ef78d549cf8ed0088696fccc6f0da27cfce273e5cd458c2d,,"{""backend"": ""gurobi"", ""gurobi_version"": [13, 0, 0], ""vehicle_weight"": 12022126, ""max_vehicles"": 25, ""distance_upper_bound"": 12022125, ""objective_upper_bound"": 312575275, ""cold_start"": true, ""threads"": 1, ""seed"": 0, ""seed_supported"": true, ""mip_gap_target"": 0.0, ""variable_count"": 6641, ""constraint_count"": 18825, ""arc_count"": 6341, ""gurobi_status_code"": 9, ""status"": ""time_limit"", ""incumbent_count"": 0, ""node_count"": 1.0, ""iteration_count"": 780.0, ""objective_bound"": 375336.09891774337, ""objective_bound_continuous"": 375336.09891774337}",results/0.5s/C108/gurobi-seed-0.json
ortools,C108,0.5,0,25,12022126,found,True,10,854315,854.315,0.003282099998614285,0.5127173999935621,0.513,0.0005106000025989488,0.5184807000041474,0.02704950000043027,,0.5179701000015484,0.001970600009371992,b8c7e48f292b66b283d8e71511e3a4eccaa4c4bc66b9313c399e73b0226f5953,4ccf2642f91c10e5ef78d549cf8ed0088696fccc6f0da27cfce273e5cd458c2d,,"{""ortools_version"": ""9.15.6755"", ""requested_seed"": 0, ""cp_solver_reseed_applied"": true, ""seed_api"": ""pywrapcp.Solver.ReSeed"", ""seed_semantics"": ""Applied to the underlying CP Solver RNG; RoutingSearchParameters has no random_seed field. This does not claim control over every routing-search randomness source."", ""warm_start"": false, ""vehicle_limit"": 25, ""vehicle_fixed_cost"": 12022126, ""max_solution_distance_bound"": 12022125, ""objective_value"": 121075575, ""solver_assignment_objective"": 121075575, ""scalar_objective"": 121075575, ""objective_lower_bound"": 120486505, ""objective_gap_to_lower_bound"": 589070, ""lower_bound_components"": {""vehicles"": 10, ""distance_ticks"": 265245, ""distance_bound_method"": ""sum of each customer's minimum incoming arc""}, ""routing_status_code"": 1, ""routing_status"": ""ROUTING_SUCCESS"", ""optimality_proven"": false, ""first_solution_strategy"": ""PARALLEL_CHEAPEST_INSERTION"", ""local_search_metaheuristic"": ""GUIDED_LOCAL_SEARCH"", ""search_workers"": 1, ""search_worker_setting"": ""Routing CP exposes no worker-count parameter; one CP search was run."", ""search_time_limit_seconds"": 0.5, ""time_limit_scope"": ""SolveWithParameters call only; model preparation is separate"", ""first_feasible_seconds"": 0.02704950000043027, ""distance_ticks"": 854315}",results/0.5s/C108/ortools-seed-0.json
ours,C108,0.5,0,25,12022126,feasible,True,11,1224926,1224.926,5.419999797595665e-05,0.5011737999957404,0.5011195999977645,0.0004735000038635917,0.5025682000050438,0.10327559999859659,1,0.5020947000011802,0.0008667000074638054,b8c7e48f292b66b283d8e71511e3a4eccaa4c4bc66b9313c399e73b0226f5953,4ccf2642f91c10e5ef78d549cf8ed0088696fccc6f0da27cfce273e5cd458c2d,,"{""config"": {""seed"": 0, ""max_iterations"": null, ""time_limit_seconds"": 0.5, ""fleet_attempts_per_k"": 100, ""fleet_time_fraction"": 0.75, ""fleet_strategy"": ""hybrid"", ""fleet_repair_rounds"": 5, ""fleet_related_count"": 8, ""max_moves"": null, ""construction_order"": ""due"", ""repair_order"": ""due"", ""repair_strategy"": ""cheapest"", ""search_strategy"": ""first"", ""operators"": [""relocate"", ""swap"", ""two_opt"", ""two_opt_star""], ""remove_min"": 3, ""remove_max"": 8, ""restart_after"": 20, ""diagnostics"": false, ""evaluation_mode"": ""incremental"", ""search_backend"": ""native"", ""num_neighbours"": null, ""operator_schedule"": ""cyclic"", ""infeasible_search"": false, ""adaptive_penalties"": true, ""penalty_update_interval"": 10, ""penalty_target_feasible"": 0.5, ""penalty_max_moves"": 8}, ""backend"": ""native"", ""native"": {""api_version"": 1, ""build_info"": ""compiler=MSVC 195035722; cxx_standard=17; api_version=1"", ""binary"": ""_native.cp312-win_amd64.pyd"", ""binary_sha256"": ""604462f386c003e397cd55934c67735731d9683e762902ff4d23fad1f410c0bb""}, ""stop_reason"": ""time_limit"", ""initial_distance_ticks"": 2132182, ""fleet"": {""lower_bound"": 10, ""stop_reason"": ""fleet_budget"", ""targets"": [{""target"": 10, ""trials"": 26, ""repair_rounds"": 76, ""elapsed_seconds"": 0.29726079999818467, ""first_feasible_seconds"": null, ""status"": ""time_limit""}]}, ""milestones"": []}",results/0.5s/C108/ours-seed-0.json
pyvrp,C108,0.5,0,25,12022126,feasible,True,10,859803,859.803,0.0012682999949902296,0.5043054000052507,0.4954742999980226,0.00047980000090319663,0.5076772999964305,,85,0.5071974999955273,0.0016237999952863902,b8c7e48f292b66b283d8e71511e3a4eccaa4c4bc66b9313c399e73b0226f5953,4ccf2642f91c10e5ef78d549cf8ed0088696fccc6f0da27cfce273e5cd458c2d,,"{""version"": ""0.13.0a0"", ""algorithm"": ""local checkout IteratedLocalSearch"", ""time_limit_clock"": ""anchored before solve(), including initial solution and search setup"", ""seed_supported"": true, ""fixed_vehicle_cost"": 12022126, ""internal_feasible"": true, ""scalar_objective"": 121081063, ""internal_distance_ticks"": 859803, ""internal_vehicles"": 10}",results/0.5s/C108/pyvrp-seed-0.json
gurobi,C109,0.5,0,25,12022126,time_limit,True,24,1815007,1815.007,0.7129047999987961,0.505327999999281,0.5060000419616699,0.0005696000007446855,1.2419048000010662,1.0917942999949446,,1.2413352000003215,0.023102400002244394,72d8489e14bf1bb18456f0b21b01110506cbcc2354719dae8481b480150f142a,4ccf2642f91c10e5ef78d549cf8ed0088696fccc6f0da27cfce273e5cd458c2d,,"{""backend"": ""gurobi"", ""gurobi_version"": [13, 0, 0], ""vehicle_weight"": 12022126, ""max_vehicles"": 25, ""distance_upper_bound"": 12022125, ""objective_upper_bound"": 312575275, ""cold_start"": true, ""threads"": 1, ""seed"": 0, ""seed_supported"": true, ""mip_gap_target"": 0.0, ""variable_count"": 7754, ""constraint_count"": 22164, ""arc_count"": 7454, ""gurobi_status_code"": 9, ""status"": ""time_limit"", ""incumbent_count"": 4, ""node_count"": 1.0, ""iteration_count"": 635.0, ""objective_bound"": 339264.6645015481, ""objective_bound_continuous"": 339264.6645015481, ""objective"": 290346031.0, ""scalar_objective"": 290346031, ""raw_objective_minus_integral_route_objective"": 0.0, ""mip_gap"": 0.9988315160936312}",results/0.5s/C109/gurobi-seed-0.json
ortools,C109,0.5,0,25,12022126,found,True,10,1047313,1047.313,0.0029133999996702187,0.505433999998786,0.505,0.0008182000019587576,0.5118422000014107,0.02604550000251038,,0.5110239999994519,0.002676600000995677,72d8489e14bf1bb18456f0b21b01110506cbcc2354719dae8481b480150f142a,4ccf2642f91c10e5ef78d549cf8ed0088696fccc6f0da27cfce273e5cd458c2d,,"{""ortools_version"": ""9.15.6755"", ""requested_seed"": 0, ""cp_solver_reseed_applied"": true, ""seed_api"": ""pywrapcp.Solver.ReSeed"", ""seed_semantics"": ""Applied to the underlying CP Solver RNG; RoutingSearchParameters has no random_seed field. This does not claim control over every routing-search randomness source."", ""warm_start"": false, ""vehicle_limit"": 25, ""vehicle_fixed_cost"": 12022126, ""max_solution_distance_bound"": 12022125, ""objective_value"": 121268573, ""solver_assignment_objective"": 121268573, ""scalar_objective"": 121268573, ""objective_lower_bound"": 120486505, ""objective_gap_to_lower_bound"": 782068, ""lower_bound_components"": {""vehicles"": 10, ""distance_ticks"": 265245, ""distance_bound_method"": ""sum of each customer's minimum incoming arc""}, ""routing_status_code"": 1, ""routing_status"": ""ROUTING_SUCCESS"", ""optimality_proven"": false, ""first_solution_strategy"": ""PARALLEL_CHEAPEST_INSERTION"", ""local_search_metaheuristic"": ""GUIDED_LOCAL_SEARCH"", ""search_workers"": 1, ""search_worker_setting"": ""Routing CP exposes no worker-count parameter; one CP search was run."", ""search_time_limit_seconds"": 0.5, ""time_limit_scope"": ""SolveWithParameters call only; model preparation is separate"", ""first_feasible_seconds"": 0.02604550000251038, ""distance_ticks"": 1047313}",results/0.5s/C109/ortools-seed-0.json
ours,C109,0.5,0,25,12022126,feasible,True,10,1069536,1069.536,4.959999932907522e-05,0.5007091999941622,0.5006493999972008,0.0006085000059101731,0.5021395000076154,0.12150789999577682,9,0.5015310000017053,0.0007722000082139857,72d8489e14bf1bb18456f0b21b01110506cbcc2354719dae8481b480150f142a,4ccf2642f91c10e5ef78d549cf8ed0088696fccc6f0da27cfce273e5cd458c2d,,"{""config"": {""seed"": 0, ""max_iterations"": null, ""time_limit_seconds"": 0.5, ""fleet_attempts_per_k"": 100, ""fleet_time_fraction"": 0.75, ""fleet_strategy"": ""hybrid"", ""fleet_repair_rounds"": 5, ""fleet_related_count"": 8, ""max_moves"": null, ""construction_order"": ""due"", ""repair_order"": ""due"", ""repair_strategy"": ""cheapest"", ""search_strategy"": ""first"", ""operators"": [""relocate"", ""swap"", ""two_opt"", ""two_opt_star""], ""remove_min"": 3, ""remove_max"": 8, ""restart_after"": 20, ""diagnostics"": false, ""evaluation_mode"": ""incremental"", ""search_backend"": ""native"", ""num_neighbours"": null, ""operator_schedule"": ""cyclic"", ""infeasible_search"": false, ""adaptive_penalties"": true, ""penalty_update_interval"": 10, ""penalty_target_feasible"": 0.5, ""penalty_max_moves"": 8}, ""backend"": ""native"", ""native"": {""api_version"": 1, ""build_info"": ""compiler=MSVC 195035722; cxx_standard=17; api_version=1"", ""binary"": ""_native.cp312-win_amd64.pyd"", ""binary_sha256"": ""604462f386c003e397cd55934c67735731d9683e762902ff4d23fad1f410c0bb""}, ""stop_reason"": ""time_limit"", ""initial_distance_ticks"": 1676041, ""fleet"": {""lower_bound"": 10, ""stop_reason"": ""lower_bound"", ""targets"": []}, ""milestones"": []}",results/0.5s/C109/ours-seed-0.json
pyvrp,C109,0.5,0,25,12022126,feasible,True,10,884160,884.16,0.001196400000480935,0.5043112999992445,0.4938218999959645,0.0004903000008198433,0.5078114999996615,,83,0.5073211999988416,0.0018134999991161749,72d8489e14bf1bb18456f0b21b01110506cbcc2354719dae8481b480150f142a,4ccf2642f91c10e5ef78d549cf8ed0088696fccc6f0da27cfce273e5cd458c2d,,"{""version"": ""0.13.0a0"", ""algorithm"": ""local checkout IteratedLocalSearch"", ""time_limit_clock"": ""anchored before solve(), including initial solution and search setup"", ""seed_supported"": true, ""fixed_vehicle_cost"": 12022126, ""internal_feasible"": true, ""scalar_objective"": 121105420, ""internal_distance_ticks"": 884160, ""internal_vehicles"": 10}",results/0.5s/C109/pyvrp-seed-0.json
gurobi,C201,0.5,0,25,12022126,time_limit,True,4,1277195,1277.195,0.5292399999962072,0.5076817000008305,0.5069999694824219,0.00047929999709594995,1.0511535999976331,0.9850625999970362,,1.0506743000005372,0.013752600003499538,d8d9834087ae2326fa23a8510533060233dc9fb481873be60956eb26a880ad63,4ccf2642f91c10e5ef78d549cf8ed0088696fccc6f0da27cfce273e5cd458c2d,,"{""backend"": ""gurobi"", ""gurobi_version"": [13, 0, 0], ""vehicle_weight"": 12022126, ""max_vehicles"": 25, ""distance_upper_bound"": 12022125, ""objective_upper_bound"": 312575275, ""cold_start"": true, ""threads"": 1, ""seed"": 0, ""seed_supported"": true, ""mip_gap_target"": 0.0, ""variable_count"": 5520, ""constraint_count"": 15462, ""arc_count"": 5220, ""gurobi_status_code"": 9, ""status"": ""time_limit"", ""incumbent_count"": 6, ""node_count"": 1.0, ""iteration_count"": 1344.0, ""objective_bound"": 25790686.411214318, ""objective_bound_continuous"": 25790686.411214318, ""objective"": 49365699.0, ""scalar_objective"": 49365699, ""raw_objective_minus_integral_route_objective"": 0.0, ""mip_gap"": 0.47755856933750057}",results/0.5s/C201/gurobi-seed-0.json
ortools,C201,0.5,0,25,12022126,found,True,3,591555,591.555,0.0034589999995660037,0.5003863999954774,0.501,0.0005094000007375143,0.5063085000001593,0.02504409999528434,,0.5057990999994217,0.0019537000043783337,d8d9834087ae2326fa23a8510533060233dc9fb481873be60956eb26a880ad63,4ccf2642f91c10e5ef78d549cf8ed0088696fccc6f0da27cfce273e5cd458c2d,,"{""ortools_version"": ""9.15.6755"", ""requested_seed"": 0, ""cp_solver_reseed_applied"": true, ""seed_api"": ""pywrapcp.Solver.ReSeed"", ""seed_semantics"": ""Applied to the underlying CP Solver RNG; RoutingSearchParameters has no random_seed field. This does not claim control over every routing-search randomness source."", ""warm_start"": false, ""vehicle_limit"": 25, ""vehicle_fixed_cost"": 12022126, ""max_solution_distance_bound"": 12022125, ""objective_value"": 36657933, ""solver_assignment_objective"": 36657933, ""scalar_objective"": 36657933, ""objective_lower_bound"": 36477789, ""objective_gap_to_lower_bound"": 180144, ""lower_bound_components"": {""vehicles"": 3, ""distance_ticks"": 411411, ""distance_bound_method"": ""sum of each customer's minimum incoming arc""}, ""routing_status_code"": 1, ""routing_status"": ""ROUTING_SUCCESS"", ""optimality_proven"": false, ""first_solution_strategy"": ""PARALLEL_CHEAPEST_INSERTION"", ""local_search_metaheuristic"": ""GUIDED_LOCAL_SEARCH"", ""search_workers"": 1, ""search_worker_setting"": ""Routing CP exposes no worker-count parameter; one CP search was run."", ""search_time_limit_seconds"": 0.5, ""time_limit_scope"": ""SolveWithParameters call only; model preparation is separate"", ""first_feasible_seconds"": 0.02504409999528434, ""distance_ticks"": 591555}",results/0.5s/C201/ortools-seed-0.json
ours,C201,0.5,0,25,12022126,feasible,True,3,591555,591.555,5.439999949885532e-05,0.5004612999982783,0.5004149000014877,0.00045959999988554046,0.5016366999989259,0.279985500004841,4,0.5011770999990404,0.0006614000012632459,d8d9834087ae2326fa23a8510533060233dc9fb481873be60956eb26a880ad63,4ccf2642f91c10e5ef78d549cf8ed0088696fccc6f0da27cfce273e5cd458c2d,,"{""config"": {""seed"": 0, ""max_iterations"": null, ""time_limit_seconds"": 0.5, ""fleet_attempts_per_k"": 100, ""fleet_time_fraction"": 0.75, ""fleet_strategy"": ""hybrid"", ""fleet_repair_rounds"": 5, ""fleet_related_count"": 8, ""max_moves"": null, ""construction_order"": ""due"", ""repair_order"": ""due"", ""repair_strategy"": ""cheapest"", ""search_strategy"": ""first"", ""operators"": [""relocate"", ""swap"", ""two_opt"", ""two_opt_star""], ""remove_min"": 3, ""remove_max"": 8, ""restart_after"": 20, ""diagnostics"": false, ""evaluation_mode"": ""incremental"", ""search_backend"": ""native"", ""num_neighbours"": null, ""operator_schedule"": ""cyclic"", ""infeasible_search"": false, ""adaptive_penalties"": true, ""penalty_update_interval"": 10, ""penalty_target_feasible"": 0.5, ""penalty_max_moves"": 8}, ""backend"": ""native"", ""native"": {""api_version"": 1, ""build_info"": ""compiler=MSVC 195035722; cxx_standard=17; api_version=1"", ""binary"": ""_native.cp312-win_amd64.pyd"", ""binary_sha256"": ""604462f386c003e397cd55934c67735731d9683e762902ff4d23fad1f410c0bb""}, ""stop_reason"": ""time_limit"", ""initial_distance_ticks"": 704252, ""fleet"": {""lower_bound"": 3, ""stop_reason"": ""lower_bound"", ""targets"": []}, ""milestones"": []}",results/0.5s/C201/ours-seed-0.json
pyvrp,C201,0.5,0,25,12022126,feasible,True,3,591555,591.555,0.0013470999983837828,0.5004298999992898,0.4934270000012475,0.0004880999986198731,0.5037777000034112,,826,0.5032896000047913,0.001512600007117726,d8d9834087ae2326fa23a8510533060233dc9fb481873be60956eb26a880ad63,4ccf2642f91c10e5ef78d549cf8ed0088696fccc6f0da27cfce273e5cd458c2d,,"{""version"": ""0.13.0a0"", ""algorithm"": ""local checkout IteratedLocalSearch"", ""time_limit_clock"": ""anchored before solve(), including initial solution and search setup"", ""seed_supported"": true, ""fixed_vehicle_cost"": 12022126, ""internal_feasible"": true, ""scalar_objective"": 36657933, ""internal_distance_ticks"": 591555, ""internal_vehicles"": 3}",results/0.5s/C201/pyvrp-seed-0.json
gurobi,C202,0.5,0,25,12022126,time_limit,True,8,1436466,1436.466,0.7018363999959547,0.5034871000025305,0.5019998550415039,0.0007493000011891127,1.2250111999965156,0.9767056999990018,,1.2242618999953265,0.018938399996841326,dfc8ecad79f6c7ffb096cd36994143569f0babe284d5ad194683271d81063772,4ccf2642f91c10e5ef78d549cf8ed0088696fccc6f0da27cfce273e5cd458c2d,,"{""backend"": ""gurobi"", ""gurobi_version"": [13, 0, 0], ""vehicle_weight"": 12022126, ""max_vehicles"": 25, ""distance_upper_bound"": 12022125, ""objective_upper_bound"": 312575275, ""cold_start"": true, ""threads"": 1, ""seed"": 0, ""seed_supported"": true, ""mip_gap_target"": 0.0, ""variable_count"": 7662, ""constraint_count"": 21888, ""arc_count"": 7362, ""gurobi_status_code"": 9, ""status"": ""time_limit"", ""incumbent_count"": 5, ""node_count"": 1.0, ""iteration_count"": 648.0, ""objective_bound"": 529915.4185199504, ""objective_bound_continuous"": 529915.4185199504, ""objective"": 97613474.0, ""scalar_objective"": 97613474, ""raw_objective_minus_integral_route_objective"": 0.0, ""mip_gap"": 0.9945712881961363}",results/0.5s/C202/gurobi-seed-0.json
ortools,C202,0.5,0,25,12022126,found,True,3,591555,591.555,0.0035428000046522357,0.5003001000004588,0.501,0.00046160000056261197,0.5063291999977082,0.025326100003439933,,0.5058675999971456,0.0020246999920345843,dfc8ecad79f6c7ffb096cd36994143569f0babe284d5ad194683271d81063772,4ccf2642f91c10e5ef78d549cf8ed0088696fccc6f0da27cfce273e5cd458c2d,,"{""ortools_version"": ""9.15.6755"", ""requested_seed"": 0, ""cp_solver_reseed_applied"": true, ""seed_api"": ""pywrapcp.Solver.ReSeed"", ""seed_semantics"": ""Applied to the underlying CP Solver RNG; RoutingSearchParameters has no random_seed field. This does not claim control over every routing-search randomness source."", ""warm_start"": false, ""vehicle_limit"": 25, ""vehicle_fixed_cost"": 12022126, ""max_solution_distance_bound"": 12022125, ""objective_value"": 36657933, ""solver_assignment_objective"": 36657933, ""scalar_objective"": 36657933, ""objective_lower_bound"": 36477789, ""objective_gap_to_lower_bound"": 180144, ""lower_bound_components"": {""vehicles"": 3, ""distance_ticks"": 411411, ""distance_bound_method"": ""sum of each customer's minimum incoming arc""}, ""routing_status_code"": 1, ""routing_status"": ""ROUTING_SUCCESS"", ""optimality_proven"": false, ""first_solution_strategy"": ""PARALLEL_CHEAPEST_INSERTION"", ""local_search_metaheuristic"": ""GUIDED_LOCAL_SEARCH"", ""search_workers"": 1, ""search_worker_setting"": ""Routing CP exposes no worker-count parameter; one CP search was run."", ""search_time_limit_seconds"": 0.5, ""time_limit_scope"": ""SolveWithParameters call only; model preparation is separate"", ""first_feasible_seconds"": 0.025326100003439933, ""distance_ticks"": 591555}",results/0.5s/C202/ortools-seed-0.json
ours,C202,0.5,0,25,12022126,feasible,True,3,620286,620.286,6.620000203838572e-05,0.5003579999975045,0.5003075999993598,0.00046570000267820433,0.5015897999983281,0.3108345000000554,2,0.5011240999956499,0.0006998999961069785,dfc8ecad79f6c7ffb096cd36994143569f0babe284d5ad194683271d81063772,4ccf2642f91c10e5ef78d549cf8ed0088696fccc6f0da27cfce273e5cd458c2d,,"{""config"": {""seed"": 0, ""max_iterations"": null, ""time_limit_seconds"": 0.5, ""fleet_attempts_per_k"": 100, ""fleet_time_fraction"": 0.75, ""fleet_strategy"": ""hybrid"", ""fleet_repair_rounds"": 5, ""fleet_related_count"": 8, ""max_moves"": null, ""construction_order"": ""due"", ""repair_order"": ""due"", ""repair_strategy"": ""cheapest"", ""search_strategy"": ""first"", ""operators"": [""relocate"", ""swap"", ""two_opt"", ""two_opt_star""], ""remove_min"": 3, ""remove_max"": 8, ""restart_after"": 20, ""diagnostics"": false, ""evaluation_mode"": ""incremental"", ""search_backend"": ""native"", ""num_neighbours"": null, ""operator_schedule"": ""cyclic"", ""infeasible_search"": false, ""adaptive_penalties"": true, ""penalty_update_interval"": 10, ""penalty_target_feasible"": 0.5, ""penalty_max_moves"": 8}, ""backend"": ""native"", ""native"": {""api_version"": 1, ""build_info"": ""compiler=MSVC 195035722; cxx_standard=17; api_version=1"", ""binary"": ""_native.cp312-win_amd64.pyd"", ""binary_sha256"": ""604462f386c003e397cd55934c67735731d9683e762902ff4d23fad1f410c0bb""}, ""stop_reason"": ""time_limit"", ""initial_distance_ticks"": 761778, ""fleet"": {""lower_bound"": 3, ""stop_reason"": ""lower_bound"", ""targets"": []}, ""milestones"": []}",results/0.5s/C202/ours-seed-0.json
pyvrp,C202,0.5,0,25,12022126,feasible,True,4,667320,667.32,0.0011347999970894307,0.5041887999977916,0.495975300000282,0.0004826000003959052,0.5073291000007885,,52,0.5068465000003926,0.0015229000055114739,dfc8ecad79f6c7ffb096cd36994143569f0babe284d5ad194683271d81063772,4ccf2642f91c10e5ef78d549cf8ed0088696fccc6f0da27cfce273e5cd458c2d,,"{""version"": ""0.13.0a0"", ""algorithm"": ""local checkout IteratedLocalSearch"", ""time_limit_clock"": ""anchored before solve(), including initial solution and search setup"", ""seed_supported"": true, ""fixed_vehicle_cost"": 12022126, ""internal_feasible"": true, ""scalar_objective"": 48755824, ""internal_distance_ticks"": 667320, ""internal_vehicles"": 4}",results/0.5s/C202/pyvrp-seed-0.json
gurobi,C203,0.5,0,25,12022126,time_limit,True,25,4705794,4705.794,0.8631161999946926,0.5042482999997446,0.5039999485015869,0.0007390000027953647,1.3909727999998722,1.2409789999946952,,1.3902337999970769,0.022869300002639648,2b79eea2962a848cb29f6153d4fb4ae725d35507686d937da6643b33fcd85062,4ccf2642f91c10e5ef78d549cf8ed0088696fccc6f0da27cfce273e5cd458c2d,,"{""backend"": ""gurobi"", ""gurobi_version"": [13, 0, 0], ""vehicle_weight"": 12022126, ""max_vehicles"": 25, ""distance_upper_bound"": 12022125, ""objective_upper_bound"": 312575275, ""cold_start"": true, ""threads"": 1, ""seed"": 0, ""seed_supported"": true, ""mip_gap_target"": 0.0, ""variable_count"": 9193, ""constraint_count"": 26481, ""arc_count"": 8893, ""gurobi_status_code"": 9, ""status"": ""time_limit"", ""incumbent_count"": 1, ""node_count"": 1.0, ""iteration_count"": 762.0, ""objective_bound"": 505704.6100301164, ""objective_bound_continuous"": 505704.6100301164, ""objective"": 305258944.0, ""scalar_objective"": 305258944, ""raw_objective_minus_integral_route_objective"": 0.0, ""mip_gap"": 0.9983433585813947}",results/0.5s/C203/gurobi-seed-0.json
ortools,C203,0.5,0,25,12022126,found,True,3,600207,600.207,0.003018399998836685,0.5025743000005605,0.502,0.0005228000009083189,0.5080299000037485,0.02522760000283597,,0.5075071000028402,0.0019144000034430064,2b79eea2962a848cb29f6153d4fb4ae725d35507686d937da6643b33fcd85062,4ccf2642f91c10e5ef78d549cf8ed0088696fccc6f0da27cfce273e5cd458c2d,,"{""ortools_version"": ""9.15.6755"", ""requested_seed"": 0, ""cp_solver_reseed_applied"": true, ""seed_api"": ""pywrapcp.Solver.ReSeed"", ""seed_semantics"": ""Applied to the underlying CP Solver RNG; RoutingSearchParameters has no random_seed field. This does not claim control over every routing-search randomness source."", ""warm_start"": false, ""vehicle_limit"": 25, ""vehicle_fixed_cost"": 12022126, ""max_solution_distance_bound"": 12022125, ""objective_value"": 36666585, ""solver_assignment_objective"": 36666585, ""scalar_objective"": 36666585, ""objective_lower_bound"": 36477789, ""objective_gap_to_lower_bound"": 188796, ""lower_bound_components"": {""vehicles"": 3, ""distance_ticks"": 411411, ""distance_bound_method"": ""sum of each customer's minimum incoming arc""}, ""routing_status_code"": 1, ""routing_status"": ""ROUTING_SUCCESS"", ""optimality_proven"": false, ""first_solution_strategy"": ""PARALLEL_CHEAPEST_INSERTION"", ""local_search_metaheuristic"": ""GUIDED_LOCAL_SEARCH"", ""search_workers"": 1, ""search_worker_setting"": ""Routing CP exposes no worker-count parameter; one CP search was run."", ""search_time_limit_seconds"": 0.5, ""time_limit_scope"": ""SolveWithParameters call only; model preparation is separate"", ""first_feasible_seconds"": 0.02522760000283597, ""distance_ticks"": 600207}",results/0.5s/C203/ortools-seed-0.json
ours,C203,0.5,0,25,12022126,feasible,True,3,600207,600.207,5.909999890718609e-05,0.5006007999982103,0.5005466000002343,0.0004746000049635768,0.5020350000049802,0.24599060000036843,4,0.5015604000000167,0.0009005000028992072,2b79eea2962a848cb29f6153d4fb4ae725d35507686d937da6643b33fcd85062,4ccf2642f91c10e5ef78d549cf8ed0088696fccc6f0da27cfce273e5cd458c2d,,"{""config"": {""seed"": 0, ""max_iterations"": null, ""time_limit_seconds"": 0.5, ""fleet_attempts_per_k"": 100, ""fleet_time_fraction"": 0.75, ""fleet_strategy"": ""hybrid"", ""fleet_repair_rounds"": 5, ""fleet_related_count"": 8, ""max_moves"": null, ""construction_order"": ""due"", ""repair_order"": ""due"", ""repair_strategy"": ""cheapest"", ""search_strategy"": ""first"", ""operators"": [""relocate"", ""swap"", ""two_opt"", ""two_opt_star""], ""remove_min"": 3, ""remove_max"": 8, ""restart_after"": 20, ""diagnostics"": false, ""evaluation_mode"": ""incremental"", ""search_backend"": ""native"", ""num_neighbours"": null, ""operator_schedule"": ""cyclic"", ""infeasible_search"": false, ""adaptive_penalties"": true, ""penalty_update_interval"": 10, ""penalty_target_feasible"": 0.5, ""penalty_max_moves"": 8}, ""backend"": ""native"", ""native"": {""api_version"": 1, ""build_info"": ""compiler=MSVC 195035722; cxx_standard=17; api_version=1"", ""binary"": ""_native.cp312-win_amd64.pyd"", ""binary_sha256"": ""604462f386c003e397cd55934c67735731d9683e762902ff4d23fad1f410c0bb""}, ""stop_reason"": ""time_limit"", ""initial_distance_ticks"": 894861, ""fleet"": {""lower_bound"": 3, ""stop_reason"": ""lower_bound"", ""targets"": [{""target"": 3, ""trials"": 1, ""repair_rounds"": 1, ""elapsed_seconds"": 0.012461300000722986, ""first_feasible_seconds"": 0.012461300000722986, ""status"": ""found""}]}, ""milestones"": [{""vehicles"": 3, ""distance"": 690753, ""elapsed_seconds"": 0.2589656000054674}]}",results/0.5s/C203/ours-seed-0.json
pyvrp,C203,0.5,0,25,12022126,feasible,True,4,683398,683.398,0.0013435000000754371,0.505250199996226,0.49757749999844236,0.0006040000007487833,0.5087103999976534,,38,0.5081063999969047,0.0015127000006032176,2b79eea2962a848cb29f6153d4fb4ae725d35507686d937da6643b33fcd85062,4ccf2642f91c10e5ef78d549cf8ed0088696fccc6f0da27cfce273e5cd458c2d,,"{""version"": ""0.13.0a0"", ""algorithm"": ""local checkout IteratedLocalSearch"", ""time_limit_clock"": ""anchored before solve(), including initial solution and search setup"", ""seed_supported"": true, ""fixed_vehicle_cost"": 12022126, ""internal_feasible"": true, ""scalar_objective"": 48771902, ""internal_distance_ticks"": 683398, ""internal_vehicles"": 4}",results/0.5s/C203/pyvrp-seed-0.json
gurobi,C204,0.5,0,25,12022126,time_limit,True,25,4896652,4896.652,0.9592287999985274,0.5014583000011044,0.502000093460083,0.0005253999988781288,1.487622900000133,1.3502164000019548,,1.487097500001255,0.026410400001623202,4331b2744d34e32c2987e3fe8a82b782a2039d757d2aac818f7e0fd21117bfb4,4ccf2642f91c10e5ef78d549cf8ed0088696fccc6f0da27cfce273e5cd458c2d,,"{""backend"": ""gurobi"", ""gurobi_version"": [13, 0, 0], ""vehicle_weight"": 12022126, ""max_vehicles"": 25, ""distance_upper_bound"": 12022125, ""objective_upper_bound"": 312575275, ""cold_start"": true, ""threads"": 1, ""seed"": 0, ""seed_supported"": true, ""mip_gap_target"": 0.0, ""variable_count"": 10105, ""constraint_count"": 29217, ""arc_count"": 9805, ""gurobi_status_code"": 9, ""status"": ""time_limit"", ""incumbent_count"": 1, ""node_count"": 1.0, ""iteration_count"": 140.0, ""objective_bound"": 0.0, ""objective_bound_continuous"": 0.0, ""objective"": 305449802.0, ""scalar_objective"": 305449802, ""raw_objective_minus_integral_route_objective"": 0.0, ""mip_gap"": 1.0}",results/0.5s/C204/gurobi-seed-0.json
ortools,C204,0.5,0,25,12022126,found,True,3,642637,642.637,0.003489299997454509,0.5002825000046869,0.501,0.0004745999976876192,0.5066115000008722,0.02829370000108611,,0.5061369000031846,0.0023651000010431744,4331b2744d34e32c2987e3fe8a82b782a2039d757d2aac818f7e0fd21117bfb4,4ccf2642f91c10e5ef78d549cf8ed0088696fccc6f0da27cfce273e5cd458c2d,,"{""ortools_version"": ""9.15.6755"", ""requested_seed"": 0, ""cp_solver_reseed_applied"": true, ""seed_api"": ""pywrapcp.Solver.ReSeed"", ""seed_semantics"": ""Applied to the underlying CP Solver RNG; RoutingSearchParameters has no random_seed field. This does not claim control over every routing-search randomness source."", ""warm_start"": false, ""vehicle_limit"": 25, ""vehicle_fixed_cost"": 12022126, ""max_solution_distance_bound"": 12022125, ""objective_value"": 36709015, ""solver_assignment_objective"": 36709015, ""scalar_objective"": 36709015, ""objective_lower_bound"": 36477789, ""objective_gap_to_lower_bound"": 231226, ""lower_bound_components"": {""vehicles"": 3, ""distance_ticks"": 411411, ""distance_bound_method"": ""sum of each customer's minimum incoming arc""}, ""routing_status_code"": 2, ""routing_status"": ""ROUTING_PARTIAL_SUCCESS_LOCAL_OPTIMUM_NOT_REACHED"", ""optimality_proven"": false, ""first_solution_strategy"": ""PARALLEL_CHEAPEST_INSERTION"", ""local_search_metaheuristic"": ""GUIDED_LOCAL_SEARCH"", ""search_workers"": 1, ""search_worker_setting"": ""Routing CP exposes no worker-count parameter; one CP search was run."", ""search_time_limit_seconds"": 0.5, ""time_limit_scope"": ""SolveWithParameters call only; model preparation is separate"", ""first_feasible_seconds"": 0.02829370000108611, ""distance_ticks"": 642637}",results/0.5s/C204/ortools-seed-0.json
ours,C204,0.5,0,25,12022126,feasible,True,3,881748,881.748,5.900000542169437e-05,0.5004603000052157,0.5003967000011471,0.0005005000057280995,0.5017766000019037,0.2822964000006323,3,0.5012760999961756,0.0007567999855382368,4331b2744d34e32c2987e3fe8a82b782a2039d757d2aac818f7e0fd21117bfb4,4ccf2642f91c10e5ef78d549cf8ed0088696fccc6f0da27cfce273e5cd458c2d,,"{""config"": {""seed"": 0, ""max_iterations"": null, ""time_limit_seconds"": 0.5, ""fleet_attempts_per_k"": 100, ""fleet_time_fraction"": 0.75, ""fleet_strategy"": ""hybrid"", ""fleet_repair_rounds"": 5, ""fleet_related_count"": 8, ""max_moves"": null, ""construction_order"": ""due"", ""repair_order"": ""due"", ""repair_strategy"": ""cheapest"", ""search_strategy"": ""first"", ""operators"": [""relocate"", ""swap"", ""two_opt"", ""two_opt_star""], ""remove_min"": 3, ""remove_max"": 8, ""restart_after"": 20, ""diagnostics"": false, ""evaluation_mode"": ""incremental"", ""search_backend"": ""native"", ""num_neighbours"": null, ""operator_schedule"": ""cyclic"", ""infeasible_search"": false, ""adaptive_penalties"": true, ""penalty_update_interval"": 10, ""penalty_target_feasible"": 0.5, ""penalty_max_moves"": 8}, ""backend"": ""native"", ""native"": {""api_version"": 1, ""build_info"": ""compiler=MSVC 195035722; cxx_standard=17; api_version=1"", ""binary"": ""_native.cp312-win_amd64.pyd"", ""binary_sha256"": ""604462f386c003e397cd55934c67735731d9683e762902ff4d23fad1f410c0bb""}, ""stop_reason"": ""time_limit"", ""initial_distance_ticks"": 1439548, ""fleet"": {""lower_bound"": 3, ""stop_reason"": ""lower_bound"", ""targets"": [{""target"": 3, ""trials"": 1, ""repair_rounds"": 1, ""elapsed_seconds"": 0.012986800000362564, ""first_feasible_seconds"": 0.012986800000362564, ""status"": ""found""}]}, ""milestones"": [{""vehicles"": 3, ""distance"": 965970, ""elapsed_seconds"": 0.29582959999970626}]}",results/0.5s/C204/ours-seed-0.json
pyvrp,C204,0.5,0,25,12022126,feasible,True,4,717326,717.326,0.0011467000003904104,0.508101399995212,0.4990389000013238,0.0004737999988719821,0.5111579000003985,,54,0.5106841000015265,0.001436000005924143,4331b2744d34e32c2987e3fe8a82b782a2039d757d2aac818f7e0fd21117bfb4,4ccf2642f91c10e5ef78d549cf8ed0088696fccc6f0da27cfce273e5cd458c2d,,"{""version"": ""0.13.0a0"", ""algorithm"": ""local checkout IteratedLocalSearch"", ""time_limit_clock"": ""anchored before solve(), including initial solution and search setup"", ""seed_supported"": true, ""fixed_vehicle_cost"": 12022126, ""internal_feasible"": true, ""scalar_objective"": 48805830, ""internal_distance_ticks"": 717326, ""internal_vehicles"": 4}",results/0.5s/C204/pyvrp-seed-0.json
gurobi,C205,0.5,0,25,12022126,time_limit,False,,,,0.5424033999952371,0.503029699997569,0.503000020980835,1.7999991541728377e-06,1.0567006999990554,,,1.0566988999999012,0.011265800007095095,15be2bb8c3e4ad99a79d1e7ee0472223feb95a4f423d010e032bda0a87266ca5,4ccf2642f91c10e5ef78d549cf8ed0088696fccc6f0da27cfce273e5cd458c2d,,"{""backend"": ""gurobi"", ""gurobi_version"": [13, 0, 0], ""vehicle_weight"": 12022126, ""max_vehicles"": 25, ""distance_upper_bound"": 12022125, ""objective_upper_bound"": 312575275, ""cold_start"": true, ""threads"": 1, ""seed"": 0, ""seed_supported"": true, ""mip_gap_target"": 0.0, ""variable_count"": 5998, ""constraint_count"": 16896, ""arc_count"": 5698, ""gurobi_status_code"": 9, ""status"": ""time_limit"", ""incumbent_count"": 0, ""node_count"": 1.0, ""iteration_count"": 770.0, ""objective_bound"": 522350.1575016312, ""objective_bound_continuous"": 522350.1575016312}",results/0.5s/C205/gurobi-seed-0.json
ortools,C205,0.5,0,25,12022126,found,True,3,588875,588.875,0.0029316000000108033,0.5005225999993854,0.5,0.00046410000504693016,0.5059689000045182,0.027229999999690335,,0.5055047999994713,0.0020506000000750646,15be2bb8c3e4ad99a79d1e7ee0472223feb95a4f423d010e032bda0a87266ca5,4ccf2642f91c10e5ef78d549cf8ed0088696fccc6f0da27cfce273e5cd458c2d,,"{""ortools_version"": ""9.15.6755"", ""requested_seed"": 0, ""cp_solver_reseed_applied"": true, ""seed_api"": ""pywrapcp.Solver.ReSeed"", ""seed_semantics"": ""Applied to the underlying CP Solver RNG; RoutingSearchParameters has no random_seed field. This does not claim control over every routing-search randomness source."", ""warm_start"": false, ""vehicle_limit"": 25, ""vehicle_fixed_cost"": 12022126, ""max_solution_distance_bound"": 12022125, ""objective_value"": 36655253, ""solver_assignment_objective"": 36655253, ""scalar_objective"": 36655253, ""objective_lower_bound"": 36477789, ""objective_gap_to_lower_bound"": 177464, ""lower_bound_components"": {""vehicles"": 3, ""distance_ticks"": 411411, ""distance_bound_method"": ""sum of each customer's minimum incoming arc""}, ""routing_status_code"": 1, ""routing_status"": ""ROUTING_SUCCESS"", ""optimality_proven"": false, ""first_solution_strategy"": ""PARALLEL_CHEAPEST_INSERTION"", ""local_search_metaheuristic"": ""GUIDED_LOCAL_SEARCH"", ""search_workers"": 1, ""search_worker_setting"": ""Routing CP exposes no worker-count parameter; one CP search was run."", ""search_time_limit_seconds"": 0.5, ""time_limit_scope"": ""SolveWithParameters call only; model preparation is separate"", ""first_feasible_seconds"": 0.027229999999690335, ""distance_ticks"": 588875}",results/0.5s/C205/ortools-seed-0.json
ours,C205,0.5,0,25,12022126,feasible,True,3,588875,588.875,0.00010740000288933516,0.5005822000020999,0.5004963999963365,0.00046740000107092783,0.5018612000058056,0.24692700000014156,4,0.5013938000047347,0.0007041999997454695,15be2bb8c3e4ad99a79d1e7ee0472223feb95a4f423d010e032bda0a87266ca5,4ccf2642f91c10e5ef78d549cf8ed0088696fccc6f0da27cfce273e5cd458c2d,,"{""config"": {""seed"": 0, ""max_iterations"": null, ""time_limit_seconds"": 0.5, ""fleet_attempts_per_k"": 100, ""fleet_time_fraction"": 0.75, ""fleet_strategy"": ""hybrid"", ""fleet_repair_rounds"": 5, ""fleet_related_count"": 8, ""max_moves"": null, ""construction_order"": ""due"", ""repair_order"": ""due"", ""repair_strategy"": ""cheapest"", ""search_strategy"": ""first"", ""operators"": [""relocate"", ""swap"", ""two_opt"", ""two_opt_star""], ""remove_min"": 3, ""remove_max"": 8, ""restart_after"": 20, ""diagnostics"": false, ""evaluation_mode"": ""incremental"", ""search_backend"": ""native"", ""num_neighbours"": null, ""operator_schedule"": ""cyclic"", ""infeasible_search"": false, ""adaptive_penalties"": true, ""penalty_update_interval"": 10, ""penalty_target_feasible"": 0.5, ""penalty_max_moves"": 8}, ""backend"": ""native"", ""native"": {""api_version"": 1, ""build_info"": ""compiler=MSVC 195035722; cxx_standard=17; api_version=1"", ""binary"": ""_native.cp312-win_amd64.pyd"", ""binary_sha256"": ""604462f386c003e397cd55934c67735731d9683e762902ff4d23fad1f410c0bb""}, ""stop_reason"": ""time_limit"", ""initial_distance_ticks"": 912158, ""fleet"": {""lower_bound"": 3, ""stop_reason"": ""lower_bound"", ""targets"": [{""target"": 3, ""trials"": 1, ""repair_rounds"": 1, ""elapsed_seconds"": 0.012365699993097223, ""first_feasible_seconds"": 0.012365699993097223, ""status"": ""found""}]}, ""milestones"": [{""vehicles"": 3, ""distance"": 786435, ""elapsed_seconds"": 0.2598340999975335}]}",results/0.5s/C205/ours-seed-0.json
pyvrp,C205,0.5,0,25,12022126,feasible,True,3,588875,588.875,0.0012853000007453375,0.5005158999993,0.4922703999982332,0.0004765999983646907,0.5037321999989217,,765,0.503255600000557,0.0014544000005116686,15be2bb8c3e4ad99a79d1e7ee0472223feb95a4f423d010e032bda0a87266ca5,4ccf2642f91c10e5ef78d549cf8ed0088696fccc6f0da27cfce273e5cd458c2d,,"{""version"": ""0.13.0a0"", ""algorithm"": ""local checkout IteratedLocalSearch"", ""time_limit_clock"": ""anchored before solve(), including initial solution and search setup"", ""seed_supported"": true, ""fixed_vehicle_cost"": 12022126, ""internal_feasible"": true, ""scalar_objective"": 36655253, ""internal_distance_ticks"": 588875, ""internal_vehicles"": 3}",results/0.5s/C205/pyvrp-seed-0.json
gurobi,C206,0.5,0,25,12022126,time_limit,True,18,1510137,1510.137,0.583050599998387,0.5084927000061725,0.5089998245239258,0.0005075000008218922,1.1090502000006381,0.9196961999987252,,1.1085426999998163,0.01699939999525668,745b6c7042707ffbbfc4d681ee02a84431425f1dfb3c8aa85ecf003fec8f7e53,4ccf2642f91c10e5ef78d549cf8ed0088696fccc6f0da27cfce273e5cd458c2d,,"{""backend"": ""gurobi"", ""gurobi_version"": [13, 0, 0], ""vehicle_weight"": 12022126, ""max_vehicles"": 25, ""distance_upper_bound"": 12022125, ""objective_upper_bound"": 312575275, ""cold_start"": true, ""threads"": 1, ""seed"": 0, ""seed_supported"": true, ""mip_gap_target"": 0.0, ""variable_count"": 6512, ""constraint_count"": 18438, ""arc_count"": 6212, ""gurobi_status_code"": 9, ""status"": ""time_limit"", ""incumbent_count"": 9, ""node_count"": 1.0, ""iteration_count"": 752.0, ""objective_bound"": 511318.99659387046, ""objective_bound_continuous"": 511318.99659387046, ""objective"": 217908393.65849453, ""scalar_objective"": 217908405, ""raw_objective_minus_integral_route_objective"": -11.341505467891693, ""mip_gap"": 0.9976535139926955}",results/0.5s/C206/gurobi-seed-0.json
ortools,C206,0.5,0,25,12022126,found,True,3,588493,588.493,0.0028338999982224777,0.5032813000070746,0.503,0.0004721000004792586,0.5085845000066911,0.02773700000398094,,0.5081124000062118,0.001997200000914745,745b6c7042707ffbbfc4d681ee02a84431425f1dfb3c8aa85ecf003fec8f7e53,4ccf2642f91c10e5ef78d549cf8ed0088696fccc6f0da27cfce273e5cd458c2d,,"{""ortools_version"": ""9.15.6755"", ""requested_seed"": 0, ""cp_solver_reseed_applied"": true, ""seed_api"": ""pywrapcp.Solver.ReSeed"", ""seed_semantics"": ""Applied to the underlying CP Solver RNG; RoutingSearchParameters has no random_seed field. This does not claim control over every routing-search randomness source."", ""warm_start"": false, ""vehicle_limit"": 25, ""vehicle_fixed_cost"": 12022126, ""max_solution_distance_bound"": 12022125, ""objective_value"": 36654871, ""solver_assignment_objective"": 36654871, ""scalar_objective"": 36654871, ""objective_lower_bound"": 36477789, ""objective_gap_to_lower_bound"": 177082, ""lower_bound_components"": {""vehicles"": 3, ""distance_ticks"": 411411, ""distance_bound_method"": ""sum of each customer's minimum incoming arc""}, ""routing_status_code"": 1, ""routing_status"": ""ROUTING_SUCCESS"", ""optimality_proven"": false, ""first_solution_strategy"": ""PARALLEL_CHEAPEST_INSERTION"", ""local_search_metaheuristic"": ""GUIDED_LOCAL_SEARCH"", ""search_workers"": 1, ""search_worker_setting"": ""Routing CP exposes no worker-count parameter; one CP search was run."", ""search_time_limit_seconds"": 0.5, ""time_limit_scope"": ""SolveWithParameters call only; model preparation is separate"", ""first_feasible_seconds"": 0.02773700000398094, ""distance_ticks"": 588493}",results/0.5s/C206/ortools-seed-0.json
ours,C206,0.5,0,25,12022126,feasible,True,3,592210,592.21,6.060000305296853e-05,0.50045219999447,0.5003888000064762,0.00047340000310214236,0.5017547000024933,0.27089080000587273,3,0.5012812999993912,0.0007685000018682331,745b6c7042707ffbbfc4d681ee02a84431425f1dfb3c8aa85ecf003fec8f7e53,4ccf2642f91c10e5ef78d549cf8ed0088696fccc6f0da27cfce273e5cd458c2d,,"{""config"": {""seed"": 0, ""max_iterations"": null, ""time_limit_seconds"": 0.5, ""fleet_attempts_per_k"": 100, ""fleet_time_fraction"": 0.75, ""fleet_strategy"": ""hybrid"", ""fleet_repair_rounds"": 5, ""fleet_related_count"": 8, ""max_moves"": null, ""construction_order"": ""due"", ""repair_order"": ""due"", ""repair_strategy"": ""cheapest"", ""search_strategy"": ""first"", ""operators"": [""relocate"", ""swap"", ""two_opt"", ""two_opt_star""], ""remove_min"": 3, ""remove_max"": 8, ""restart_after"": 20, ""diagnostics"": false, ""evaluation_mode"": ""incremental"", ""search_backend"": ""native"", ""num_neighbours"": null, ""operator_schedule"": ""cyclic"", ""infeasible_search"": false, ""adaptive_penalties"": true, ""penalty_update_interval"": 10, ""penalty_target_feasible"": 0.5, ""penalty_max_moves"": 8}, ""backend"": ""native"", ""native"": {""api_version"": 1, ""build_info"": ""compiler=MSVC 195035722; cxx_standard=17; api_version=1"", ""binary"": ""_native.cp312-win_amd64.pyd"", ""binary_sha256"": ""604462f386c003e397cd55934c67735731d9683e762902ff4d23fad1f410c0bb""}, ""stop_reason"": ""time_limit"", ""initial_distance_ticks"": 1154595, ""fleet"": {""lower_bound"": 3, ""stop_reason"": ""lower_bound"", ""targets"": [{""target"": 3, ""trials"": 3, ""repair_rounds"": 7, ""elapsed_seconds"": 0.046629999997094274, ""first_feasible_seconds"": 0.046629999997094274, ""status"": ""found""}]}, ""milestones"": [{""vehicles"": 3, ""distance"": 671261, ""elapsed_seconds"": 0.3181354000043939}]}",results/0.5s/C206/ours-seed-0.json
pyvrp,C206,0.5,0,25,12022126,feasible,True,3,588493,588.493,0.0011921999976038933,0.5004646000015782,0.4922309000030509,0.0004752999957418069,0.5036588999937521,,744,0.5031835999980103,0.00152679999882821,745b6c7042707ffbbfc4d681ee02a84431425f1dfb3c8aa85ecf003fec8f7e53,4ccf2642f91c10e5ef78d549cf8ed0088696fccc6f0da27cfce273e5cd458c2d,,"{""version"": ""0.13.0a0"", ""algorithm"": ""local checkout IteratedLocalSearch"", ""time_limit_clock"": ""anchored before solve(), including initial solution and search setup"", ""seed_supported"": true, ""fixed_vehicle_cost"": 12022126, ""internal_feasible"": true, ""scalar_objective"": 36654871, ""internal_distance_ticks"": 588493, ""internal_vehicles"": 3}",results/0.5s/C206/pyvrp-seed-0.json
gurobi,C207,0.5,0,25,12022126,time_limit,True,13,1236628,1236.628,0.6283008000027621,0.5074494999935268,0.5069999694824219,0.00041650000639492646,1.1629348000060418,0.9764898000066751,,1.1625182999996468,0.026768000003357884,a33f03570a944c8a6d185fd6a173e66c68e67c399a4958b2d5b6d49533ace4a4,4ccf2642f91c10e5ef78d549cf8ed0088696fccc6f0da27cfce273e5cd458c2d,,"{""backend"": ""gurobi"", ""gurobi_version"": [13, 0, 0], ""vehicle_weight"": 12022126, ""max_vehicles"": 25, ""distance_upper_bound"": 12022125, ""objective_upper_bound"": 312575275, ""cold_start"": true, ""threads"": 1, ""seed"": 0, ""seed_supported"": true, ""mip_gap_target"": 0.0, ""variable_count"": 6878, ""constraint_count"": 19536, ""arc_count"": 6578, ""gurobi_status_code"": 9, ""status"": ""time_limit"", ""incumbent_count"": 6, ""node_count"": 1.0, ""iteration_count"": 767.0, ""objective_bound"": 510564.69978228514, ""objective_bound_continuous"": 510564.69978228514, ""objective"": 157524266.0, ""scalar_objective"": 157524266, ""raw_objective_minus_integral_route_objective"": 0.0, ""mip_gap"": 0.9967588187347448}",results/0.5s/C207/gurobi-seed-0.json
ortools,C207,0.5,0,25,12022126,found,True,3,588287,588.287,0.0038505999982589856,0.506437800002459,0.506,0.000468999998702202,0.5126738999970257,0.027331200006301515,,0.5122048999983235,0.0019164999976055697,a33f03570a944c8a6d185fd6a173e66c68e67c399a4958b2d5b6d49533ace4a4,4ccf2642f91c10e5ef78d549cf8ed0088696fccc6f0da27cfce273e5cd458c2d,,"{""ortools_version"": ""9.15.6755"", ""requested_seed"": 0, ""cp_solver_reseed_applied"": true, ""seed_api"": ""pywrapcp.Solver.ReSeed"", ""seed_semantics"": ""Applied to the underlying CP Solver RNG; RoutingSearchParameters has no random_seed field. This does not claim control over every routing-search randomness source."", ""warm_start"": false, ""vehicle_limit"": 25, ""vehicle_fixed_cost"": 12022126, ""max_solution_distance_bound"": 12022125, ""objective_value"": 36654665, ""solver_assignment_objective"": 36654665, ""scalar_objective"": 36654665, ""objective_lower_bound"": 36477789, ""objective_gap_to_lower_bound"": 176876, ""lower_bound_components"": {""vehicles"": 3, ""distance_ticks"": 411411, ""distance_bound_method"": ""sum of each customer's minimum incoming arc""}, ""routing_status_code"": 1, ""routing_status"": ""ROUTING_SUCCESS"", ""optimality_proven"": false, ""first_solution_strategy"": ""PARALLEL_CHEAPEST_INSERTION"", ""local_search_metaheuristic"": ""GUIDED_LOCAL_SEARCH"", ""search_workers"": 1, ""search_worker_setting"": ""Routing CP exposes no worker-count parameter; one CP search was run."", ""search_time_limit_seconds"": 0.5, ""time_limit_scope"": ""SolveWithParameters call only; model preparation is separate"", ""first_feasible_seconds"": 0.027331200006301515, ""distance_ticks"": 588287}",results/0.5s/C207/ortools-seed-0.json
ours,C207,0.5,0,25,12022126,feasible,True,3,658031,658.031,6.769999890821055e-05,0.5012952999968547,0.5012337000007392,0.0005458000014186837,0.5027330000011716,0.3607222999999067,1,0.5021871999997529,0.0008242000039899722,a33f03570a944c8a6d185fd6a173e66c68e67c399a4958b2d5b6d49533ace4a4,4ccf2642f91c10e5ef78d549cf8ed0088696fccc6f0da27cfce273e5cd458c2d,,"{""config"": {""seed"": 0, ""max_iterations"": null, ""time_limit_seconds"": 0.5, ""fleet_attempts_per_k"": 100, ""fleet_time_fraction"": 0.75, ""fleet_strategy"": ""hybrid"", ""fleet_repair_rounds"": 5, ""fleet_related_count"": 8, ""max_moves"": null, ""construction_order"": ""due"", ""repair_order"": ""due"", ""repair_strategy"": ""cheapest"", ""search_strategy"": ""first"", ""operators"": [""relocate"", ""swap"", ""two_opt"", ""two_opt_star""], ""remove_min"": 3, ""remove_max"": 8, ""restart_after"": 20, ""diagnostics"": false, ""evaluation_mode"": ""incremental"", ""search_backend"": ""native"", ""num_neighbours"": null, ""operator_schedule"": ""cyclic"", ""infeasible_search"": false, ""adaptive_penalties"": true, ""penalty_update_interval"": 10, ""penalty_target_feasible"": 0.5, ""penalty_max_moves"": 8}, ""backend"": ""native"", ""native"": {""api_version"": 1, ""build_info"": ""compiler=MSVC 195035722; cxx_standard=17; api_version=1"", ""binary"": ""_native.cp312-win_amd64.pyd"", ""binary_sha256"": ""604462f386c003e397cd55934c67735731d9683e762902ff4d23fad1f410c0bb""}, ""stop_reason"": ""time_limit"", ""initial_distance_ticks"": 980937, ""fleet"": {""lower_bound"": 3, ""stop_reason"": ""lower_bound"", ""targets"": [{""target"": 3, ""trials"": 1, ""repair_rounds"": 1, ""elapsed_seconds"": 0.011012399998435285, ""first_feasible_seconds"": 0.011012399998435285, ""status"": ""found""}]}, ""milestones"": [{""vehicles"": 3, ""distance"": 935759, ""elapsed_seconds"": 0.37227100000018254}]}",results/0.5s/C207/ours-seed-0.json
pyvrp,C207,0.5,0,25,12022126,feasible,True,3,588287,588.287,0.0012242000011610799,0.500843799993163,0.49201390000234824,0.0004941000006510876,0.5041917999988073,,627,0.5036976999981562,0.001629700003832113,a33f03570a944c8a6d185fd6a173e66c68e67c399a4958b2d5b6d49533ace4a4,4ccf2642f91c10e5ef78d549cf8ed0088696fccc6f0da27cfce273e5cd458c2d,,"{""version"": ""0.13.0a0"", ""algorithm"": ""local checkout IteratedLocalSearch"", ""time_limit_clock"": ""anchored before solve(), including initial solution and search setup"", ""seed_supported"": true, ""fixed_vehicle_cost"": 12022126, ""internal_feasible"": true, ""scalar_objective"": 36654665, ""internal_distance_ticks"": 588287, ""internal_vehicles"": 3}",results/0.5s/C207/pyvrp-seed-0.json
gurobi,C208,0.5,0,25,12022126,time_limit,False,,,,0.6363472000011825,0.5009959000017261,0.5,2.0000006770715117e-06,1.1462610000016866,,,1.1462590000010096,0.00891589999810094,1c2f2381b8743680dbeb34322869cbf5a6cdd8c281f4bcffdb99b533e601874b,4ccf2642f91c10e5ef78d549cf8ed0088696fccc6f0da27cfce273e5cd458c2d,,"{""backend"": ""gurobi"", ""gurobi_version"": [13, 0, 0], ""vehicle_weight"": 12022126, ""max_vehicles"": 25, ""distance_upper_bound"": 12022125, ""objective_upper_bound"": 312575275, ""cold_start"": true, ""threads"": 1, ""seed"": 0, ""seed_supported"": true, ""mip_gap_target"": 0.0, ""variable_count"": 6964, ""constraint_count"": 19794, ""arc_count"": 6664, ""gurobi_status_code"": 9, ""status"": ""time_limit"", ""incumbent_count"": 0, ""node_count"": 1.0, ""iteration_count"": 818.0, ""objective_bound"": 504424.45078434807, ""objective_bound_continuous"": 504424.45078434807}",results/0.5s/C208/gurobi-seed-0.json
ortools,C208,0.5,0,25,12022126,found,True,3,591770,591.77,0.0035843000005115755,0.5002094000010402,0.501,0.0004430999979376793,0.5063499999960186,0.027745400002459064,,0.5059068999980809,0.002113199996529147,1c2f2381b8743680dbeb34322869cbf5a6cdd8c281f4bcffdb99b533e601874b,4ccf2642f91c10e5ef78d549cf8ed0088696fccc6f0da27cfce273e5cd458c2d,,"{""ortools_version"": ""9.15.6755"", ""requested_seed"": 0, ""cp_solver_reseed_applied"": true, ""seed_api"": ""pywrapcp.Solver.ReSeed"", ""seed_semantics"": ""Applied to the underlying CP Solver RNG; RoutingSearchParameters has no random_seed field. This does not claim control over every routing-search randomness source."", ""warm_start"": false, ""vehicle_limit"": 25, ""vehicle_fixed_cost"": 12022126, ""max_solution_distance_bound"": 12022125, ""objective_value"": 36658148, ""solver_assignment_objective"": 36658148, ""scalar_objective"": 36658148, ""objective_lower_bound"": 36477789, ""objective_gap_to_lower_bound"": 180359, ""lower_bound_components"": {""vehicles"": 3, ""distance_ticks"": 411411, ""distance_bound_method"": ""sum of each customer's minimum incoming arc""}, ""routing_status_code"": 1, ""routing_status"": ""ROUTING_SUCCESS"", ""optimality_proven"": false, ""first_solution_strategy"": ""PARALLEL_CHEAPEST_INSERTION"", ""local_search_metaheuristic"": ""GUIDED_LOCAL_SEARCH"", ""search_workers"": 1, ""search_worker_setting"": ""Routing CP exposes no worker-count parameter; one CP search was run."", ""search_time_limit_seconds"": 0.5, ""time_limit_scope"": ""SolveWithParameters call only; model preparation is separate"", ""first_feasible_seconds"": 0.027745400002459064, ""distance_ticks"": 591770}",results/0.5s/C208/ortools-seed-0.json
ours,C208,0.5,0,25,12022126,feasible,True,3,591394,591.394,5.709999823011458e-05,0.5006206999969436,0.5005687000011676,0.0005017000003135763,0.5018812000053003,0.2781747000044561,2,0.5013795000049868,0.0007017000098130666,1c2f2381b8743680dbeb34322869cbf5a6cdd8c281f4bcffdb99b533e601874b,4ccf2642f91c10e5ef78d549cf8ed0088696fccc6f0da27cfce273e5cd458c2d,,"{""config"": {""seed"": 0, ""max_iterations"": null, ""time_limit_seconds"": 0.5, ""fleet_attempts_per_k"": 100, ""fleet_time_fraction"": 0.75, ""fleet_strategy"": ""hybrid"", ""fleet_repair_rounds"": 5, ""fleet_related_count"": 8, ""max_moves"": null, ""construction_order"": ""due"", ""repair_order"": ""due"", ""repair_strategy"": ""cheapest"", ""search_strategy"": ""first"", ""operators"": [""relocate"", ""swap"", ""two_opt"", ""two_opt_star""], ""remove_min"": 3, ""remove_max"": 8, ""restart_after"": 20, ""diagnostics"": false, ""evaluation_mode"": ""incremental"", ""search_backend"": ""native"", ""num_neighbours"": null, ""operator_schedule"": ""cyclic"", ""infeasible_search"": false, ""adaptive_penalties"": true, ""penalty_update_interval"": 10, ""penalty_target_feasible"": 0.5, ""penalty_max_moves"": 8}, ""backend"": ""native"", ""native"": {""api_version"": 1, ""build_info"": ""compiler=MSVC 195035722; cxx_standard=17; api_version=1"", ""binary"": ""_native.cp312-win_amd64.pyd"", ""binary_sha256"": ""604462f386c003e397cd55934c67735731d9683e762902ff4d23fad1f410c0bb""}, ""stop_reason"": ""time_limit"", ""initial_distance_ticks"": 957831, ""fleet"": {""lower_bound"": 3, ""stop_reason"": ""lower_bound"", ""targets"": [{""target"": 3, ""trials"": 3, ""repair_rounds"": 7, ""elapsed_seconds"": 0.05121289999806322, ""first_feasible_seconds"": 0.05121289999806322, ""status"": ""found""}]}, ""milestones"": [{""vehicles"": 3, ""distance"": 717683, ""elapsed_seconds"": 0.3299272000003839}]}",results/0.5s/C208/ours-seed-0.json
pyvrp,C208,0.5,0,25,12022126,feasible,True,3,588324,588.324,0.0010200999968219548,0.5002332000003662,0.49181790000147885,0.0005335000023478642,0.503238400000555,,735,0.5027048999982071,0.00145160000101896,1c2f2381b8743680dbeb34322869cbf5a6cdd8c281f4bcffdb99b533e601874b,4ccf2642f91c10e5ef78d549cf8ed0088696fccc6f0da27cfce273e5cd458c2d,,"{""version"": ""0.13.0a0"", ""algorithm"": ""local checkout IteratedLocalSearch"", ""time_limit_clock"": ""anchored before solve(), including initial solution and search setup"", ""seed_supported"": true, ""fixed_vehicle_cost"": 12022126, ""internal_feasible"": true, ""scalar_objective"": 36654702, ""internal_distance_ticks"": 588324, ""internal_vehicles"": 3}",results/0.5s/C208/pyvrp-seed-0.json
gurobi,R101,0.5,0,25,11478876,optimal,True,19,1650798,1650.798,0.32477669999934733,0.352328300003137,0.35199999809265137,0.00039850000030128285,0.687974899999972,0.4403725000011036,,0.6875763999996707,0.010471399997186381,3f3655182bc0fe44ce5de65fdcd2ee2f9c7fb9ed055f923635151d9d6f76d3ed,4ccf2642f91c10e5ef78d549cf8ed0088696fccc6f0da27cfce273e5cd458c2d,,"{""backend"": ""gurobi"", ""gurobi_version"": [13, 0, 0], ""vehicle_weight"": 11478876, ""max_vehicles"": 25, ""distance_upper_bound"": 11478875, ""objective_upper_bound"": 298450775, ""cold_start"": true, ""threads"": 1, ""seed"": 0, ""seed_supported"": true, ""mip_gap_target"": 0.0, ""variable_count"": 3533, ""constraint_count"": 9501, ""arc_count"": 3233, ""gurobi_status_code"": 2, ""status"": ""optimal"", ""incumbent_count"": 10, ""node_count"": 1.0, ""iteration_count"": 1823.0, ""objective_bound"": 219749442.0, ""objective_bound_continuous"": 219749442.0, ""objective"": 219749442.0, ""scalar_objective"": 219749442, ""raw_objective_minus_integral_route_objective"": 0.0, ""mip_gap"": 0.0}",results/0.5s/R101/gurobi-seed-0.json
ortools,R101,0.5,0,25,11478876,found,True,19,1682260,1682.26,0.0029613000006065704,0.50012340000103,0.5,0.0005418999935500324,0.5059816999928444,0.02526870000292547,,0.5054397999992943,0.002355099997657817,3f3655182bc0fe44ce5de65fdcd2ee2f9c7fb9ed055f923635151d9d6f76d3ed,4ccf2642f91c10e5ef78d549cf8ed0088696fccc6f0da27cfce273e5cd458c2d,,"{""ortools_version"": ""9.15.6755"", ""requested_seed"": 0, ""cp_solver_reseed_applied"": true, ""seed_api"": ""pywrapcp.Solver.ReSeed"", ""seed_semantics"": ""Applied to the underlying CP Solver RNG; RoutingSearchParameters has no random_seed field. This does not claim control over every routing-search randomness source."", ""warm_start"": false, ""vehicle_limit"": 25, ""vehicle_fixed_cost"": 11478876, ""max_solution_distance_bound"": 11478875, ""objective_value"": 219780904, ""solver_assignment_objective"": 219780904, ""scalar_objective"": 219780904, ""objective_lower_bound"": 92349355, ""objective_gap_to_lower_bound"": 127431549, ""lower_bound_components"": {""vehicles"": 8, ""distance_ticks"": 518347, ""distance_bound_method"": ""sum of each customer's minimum incoming arc""}, ""routing_status_code"": 2, ""routing_status"": ""ROUTING_PARTIAL_SUCCESS_LOCAL_OPTIMUM_NOT_REACHED"", ""optimality_proven"": false, ""first_solution_strategy"": ""PARALLEL_CHEAPEST_INSERTION"", ""local_search_metaheuristic"": ""GUIDED_LOCAL_SEARCH"", ""search_workers"": 1, ""search_worker_setting"": ""Routing CP exposes no worker-count parameter; one CP search was run."", ""search_time_limit_seconds"": 0.5, ""time_limit_scope"": ""SolveWithParameters call only; model preparation is separate"", ""first_feasible_seconds"": 0.02526870000292547, ""distance_ticks"": 1682260}",results/0.5s/R101/ortools-seed-0.json
ours,R101,0.5,0,25,11478876,feasible,True,21,1710595,1710.595,6.44999963697046e-05,0.5011423000032664,0.5010868000026676,0.0007054999950923957,0.5026622999939718,0.0800295000008191,1,0.5019567999988794,0.0007499999992433004,3f3655182bc0fe44ce5de65fdcd2ee2f9c7fb9ed055f923635151d9d6f76d3ed,4ccf2642f91c10e5ef78d549cf8ed0088696fccc6f0da27cfce273e5cd458c2d,,"{""config"": {""seed"": 0, ""max_iterations"": null, ""time_limit_seconds"": 0.5, ""fleet_attempts_per_k"": 100, ""fleet_time_fraction"": 0.75, ""fleet_strategy"": ""hybrid"", ""fleet_repair_rounds"": 5, ""fleet_related_count"": 8, ""max_moves"": null, ""construction_order"": ""due"", ""repair_order"": ""due"", ""repair_strategy"": ""cheapest"", ""search_strategy"": ""first"", ""operators"": [""relocate"", ""swap"", ""two_opt"", ""two_opt_star""], ""remove_min"": 3, ""remove_max"": 8, ""restart_after"": 20, ""diagnostics"": false, ""evaluation_mode"": ""incremental"", ""search_backend"": ""native"", ""num_neighbours"": null, ""operator_schedule"": ""cyclic"", ""infeasible_search"": false, ""adaptive_penalties"": true, ""penalty_update_interval"": 10, ""penalty_target_feasible"": 0.5, ""penalty_max_moves"": 8}, ""backend"": ""native"", ""native"": {""api_version"": 1, ""build_info"": ""compiler=MSVC 195035722; cxx_standard=17; api_version=1"", ""binary"": ""_native.cp312-win_amd64.pyd"", ""binary_sha256"": ""604462f386c003e397cd55934c67735731d9683e762902ff4d23fad1f410c0bb""}, ""stop_reason"": ""time_limit"", ""initial_distance_ticks"": 2019424, ""fleet"": {""lower_bound"": 8, ""stop_reason"": ""fleet_budget"", ""targets"": [{""target"": 22, ""trials"": 1, ""repair_rounds"": 1, ""elapsed_seconds"": 0.013073800000711344, ""first_feasible_seconds"": 0.013073800000711344, ""status"": ""found""}, {""target"": 21, ""trials"": 8, ""repair_rounds"": 23, ""elapsed_seconds"": 0.08688789999723667, ""first_feasible_seconds"": 0.08688789999723667, ""status"": ""found""}, {""target"": 20, ""trials"": 18, ""repair_rounds"": 52, ""elapsed_seconds"": 0.21477199999935692, ""first_feasible_seconds"": null, ""status"": ""time_limit""}]}, ""milestones"": [{""vehicles"": 22, ""distance"": 1914025, ""elapsed_seconds"": 0.0936855000036303}, {""vehicles"": 21, ""distance"": 1849577, ""elapsed_seconds"": 0.18092200000683079}]}",results/0.5s/R101/ours-seed-0.json
pyvrp,R101,0.5,0,25,11478876,feasible,True,21,1680284,1680.284,0.0011119000046164729,0.5012071000019205,0.49397160000080476,0.0009114999993471429,0.5053428000028362,,57,0.504431300003489,0.0021122999969520606,3f3655182bc0fe44ce5de65fdcd2ee2f9c7fb9ed055f923635151d9d6f76d3ed,4ccf2642f91c10e5ef78d549cf8ed0088696fccc6f0da27cfce273e5cd458c2d,,"{""version"": ""0.13.0a0"", ""algorithm"": ""local checkout IteratedLocalSearch"", ""time_limit_clock"": ""anchored before solve(), including initial solution and search setup"", ""seed_supported"": true, ""fixed_vehicle_cost"": 11478876, ""internal_feasible"": true, ""scalar_objective"": 242736680, ""internal_distance_ticks"": 1680284, ""internal_vehicles"": 21}",results/0.5s/R101/pyvrp-seed-0.json
gurobi,R102,0.5,0,25,11478876,time_limit,False,,,,0.5689719000001787,0.5006585000010091,0.5,2.1000014385208488e-06,1.0780898000011803,,,1.0780876999997417,0.008457299998553935,eeb23171b7e4fbfc80bf000ca770329109900fbd7273fa8b9d1f95b7dfe683c3,4ccf2642f91c10e5ef78d549cf8ed0088696fccc6f0da27cfce273e5cd458c2d,,"{""backend"": ""gurobi"", ""gurobi_version"": [13, 0, 0], ""vehicle_weight"": 11478876, ""max_vehicles"": 25, ""distance_upper_bound"": 11478875, ""objective_upper_bound"": 298450775, ""cold_start"": true, ""threads"": 1, ""seed"": 0, ""seed_supported"": true, ""mip_gap_target"": 0.0, ""variable_count"": 6101, ""constraint_count"": 17205, ""arc_count"": 5801, ""gurobi_status_code"": 9, ""status"": ""time_limit"", ""incumbent_count"": 0, ""node_count"": 1.0, ""iteration_count"": 1193.0, ""objective_bound"": 12408521.615701973, ""objective_bound_continuous"": 12408521.615701973}",results/0.5s/R102/gurobi-seed-0.json
ortools,R102,0.5,0,25,11478876,found,True,18,1485007,1485.007,0.0027630999975372106,0.5012043000024278,0.501,0.0005105000018374994,0.5064180000044871,0.024273900002299342,,0.5059075000026496,0.0019401000026846305,eeb23171b7e4fbfc80bf000ca770329109900fbd7273fa8b9d1f95b7dfe683c3,4ccf2642f91c10e5ef78d549cf8ed0088696fccc6f0da27cfce273e5cd458c2d,,"{""ortools_version"": ""9.15.6755"", ""requested_seed"": 0, ""cp_solver_reseed_applied"": true, ""seed_api"": ""pywrapcp.Solver.ReSeed"", ""seed_semantics"": ""Applied to the underlying CP Solver RNG; RoutingSearchParameters has no random_seed field. This does not claim control over every routing-search randomness source."", ""warm_start"": false, ""vehicle_limit"": 25, ""vehicle_fixed_cost"": 11478876, ""max_solution_distance_bound"": 11478875, ""objective_value"": 208104775, ""solver_assignment_objective"": 208104775, ""scalar_objective"": 208104775, ""objective_lower_bound"": 92349355, ""objective_gap_to_lower_bound"": 115755420, ""lower_bound_components"": {""vehicles"": 8, ""distance_ticks"": 518347, ""distance_bound_method"": ""sum of each customer's minimum incoming arc""}, ""routing_status_code"": 1, ""routing_status"": ""ROUTING_SUCCESS"", ""optimality_proven"": false, ""first_solution_strategy"": ""PARALLEL_CHEAPEST_INSERTION"", ""local_search_metaheuristic"": ""GUIDED_LOCAL_SEARCH"", ""search_workers"": 1, ""search_worker_setting"": ""Routing CP exposes no worker-count parameter; one CP search was run."", ""search_time_limit_seconds"": 0.5, ""time_limit_scope"": ""SolveWithParameters call only; model preparation is separate"", ""first_feasible_seconds"": 0.024273900002299342, ""distance_ticks"": 1485007}",results/0.5s/R102/ortools-seed-0.json
ours,R102,0.5,0,25,11478876,feasible,True,18,1486998,1486.998,5.5300006351899356e-05,0.5010224000070593,0.5009651000000304,0.0007650999978068285,0.5026741999972728,0.08429500000056578,1,0.501909099999466,0.0008313999860547483,eeb23171b7e4fbfc80bf000ca770329109900fbd7273fa8b9d1f95b7dfe683c3,4ccf2642f91c10e5ef78d549cf8ed0088696fccc6f0da27cfce273e5cd458c2d,,"{""config"": {""seed"": 0, ""max_iterations"": null, ""time_limit_seconds"": 0.5, ""fleet_attempts_per_k"": 100, ""fleet_time_fraction"": 0.75, ""fleet_strategy"": ""hybrid"", ""fleet_repair_rounds"": 5, ""fleet_related_count"": 8, ""max_moves"": null, ""construction_order"": ""due"", ""repair_order"": ""due"", ""repair_strategy"": ""cheapest"", ""search_strategy"": ""first"", ""operators"": [""relocate"", ""swap"", ""two_opt"", ""two_opt_star""], ""remove_min"": 3, ""remove_max"": 8, ""restart_after"": 20, ""diagnostics"": false, ""evaluation_mode"": ""incremental"", ""search_backend"": ""native"", ""num_neighbours"": null, ""operator_schedule"": ""cyclic"", ""infeasible_search"": false, ""adaptive_penalties"": true, ""penalty_update_interval"": 10, ""penalty_target_feasible"": 0.5, ""penalty_max_moves"": 8}, ""backend"": ""native"", ""native"": {""api_version"": 1, ""build_info"": ""compiler=MSVC 195035722; cxx_standard=17; api_version=1"", ""binary"": ""_native.cp312-win_amd64.pyd"", ""binary_sha256"": ""604462f386c003e397cd55934c67735731d9683e762902ff4d23fad1f410c0bb""}, ""stop_reason"": ""time_limit"", ""initial_distance_ticks"": 1655107, ""fleet"": {""lower_bound"": 8, ""stop_reason"": ""fleet_budget"", ""targets"": [{""target"": 19, ""trials"": 2, ""repair_rounds"": 6, ""elapsed_seconds"": 0.02227860000130022, ""first_feasible_seconds"": 0.02227860000130022, ""status"": ""found""}, {""target"": 18, ""trials"": 4, ""repair_rounds"": 11, ""elapsed_seconds"": 0.03853420000086771, ""first_feasible_seconds"": 0.03853420000086771, ""status"": ""found""}, {""target"": 17, ""trials"": 24, ""repair_rounds"": 70, ""elapsed_seconds"": 0.25008990000060294, ""first_feasible_seconds"": null, ""status"": ""time_limit""}]}, ""milestones"": [{""vehicles"": 19, ""distance"": 1590286, ""elapsed_seconds"": 0.10715039999922737}, {""vehicles"": 18, ""distance"": 1548987, ""elapsed_seconds"": 0.14598370000021532}]}",results/0.5s/R102/ours-seed-0.json
pyvrp,R102,0.5,0,25,11478876,feasible,True,19,1510780,1510.78,0.0017426999984309077,0.5003868999992847,0.49197479999565985,0.0005134999955771491,0.5041244999956689,,56,0.5036110000000917,0.0014814000023761764,eeb23171b7e4fbfc80bf000ca770329109900fbd7273fa8b9d1f95b7dfe683c3,4ccf2642f91c10e5ef78d549cf8ed0088696fccc6f0da27cfce273e5cd458c2d,,"{""version"": ""0.13.0a0"", ""algorithm"": ""local checkout IteratedLocalSearch"", ""time_limit_clock"": ""anchored before solve(), including initial solution and search setup"", ""seed_supported"": true, ""fixed_vehicle_cost"": 11478876, ""internal_feasible"": true, ""scalar_objective"": 219609424, ""internal_distance_ticks"": 1510780, ""internal_vehicles"": 19}",results/0.5s/R102/pyvrp-seed-0.json
gurobi,R103,0.5,0,25,11478876,time_limit,False,,,,0.7409114999973099,0.4998831000048085,0.5,2.0999941625632346e-06,1.2507724999959464,,,1.2507704000017839,0.009975799999665469,1f833e8648ba39e0edc76754fb49e81777a7175cf7b084c3f60a12607bfb3991,4ccf2642f91c10e5ef78d549cf8ed0088696fccc6f0da27cfce273e5cd458c2d,,"{""backend"": ""gurobi"", ""gurobi_version"": [13, 0, 0], ""vehicle_weight"": 11478876, ""max_vehicles"": 25, ""distance_upper_bound"": 11478875, ""objective_upper_bound"": 298450775, ""cold_start"": true, ""threads"": 1, ""seed"": 0, ""seed_supported"": true, ""mip_gap_target"": 0.0, ""variable_count"": 7999, ""constraint_count"": 22899, ""arc_count"": 7699, ""gurobi_status_code"": 9, ""status"": ""time_limit"", ""incumbent_count"": 0, ""node_count"": 1.0, ""iteration_count"": 778.0, ""objective_bound"": 9055.0, ""objective_bound_continuous"": 9055.0}",results/0.5s/R103/gurobi-seed-0.json
ortools,R103,0.5,0,25,11478876,found,True,14,1284506,1284.506,0.003153100005874876,0.5001608000020497,0.5,0.0005018000010750256,0.5056003999998211,0.025742400001036003,,0.5050985999987461,0.0017846999908215366,1f833e8648ba39e0edc76754fb49e81777a7175cf7b084c3f60a12607bfb3991,4ccf2642f91c10e5ef78d549cf8ed0088696fccc6f0da27cfce273e5cd458c2d,,"{""ortools_version"": ""9.15.6755"", ""requested_seed"": 0, ""cp_solver_reseed_applied"": true, ""seed_api"": ""pywrapcp.Solver.ReSeed"", ""seed_semantics"": ""Applied to the underlying CP Solver RNG; RoutingSearchParameters has no random_seed field. This does not claim control over every routing-search randomness source."", ""warm_start"": false, ""vehicle_limit"": 25, ""vehicle_fixed_cost"": 11478876, ""max_solution_distance_bound"": 11478875, ""objective_value"": 161988770, ""solver_assignment_objective"": 161988770, ""scalar_objective"": 161988770, ""objective_lower_bound"": 92349355, ""objective_gap_to_lower_bound"": 69639415, ""lower_bound_components"": {""vehicles"": 8, ""distance_ticks"": 518347, ""distance_bound_method"": ""sum of each customer's minimum incoming arc""}, ""routing_status_code"": 2, ""routing_status"": ""ROUTING_PARTIAL_SUCCESS_LOCAL_OPTIMUM_NOT_REACHED"", ""optimality_proven"": false, ""first_solution_strategy"": ""PARALLEL_CHEAPEST_INSERTION"", ""local_search_metaheuristic"": ""GUIDED_LOCAL_SEARCH"", ""search_workers"": 1, ""search_worker_setting"": ""Routing CP exposes no worker-count parameter; one CP search was run."", ""search_time_limit_seconds"": 0.5, ""time_limit_scope"": ""SolveWithParameters call only; model preparation is separate"", ""first_feasible_seconds"": 0.025742400001036003, ""distance_ticks"": 1284506}",results/0.5s/R103/ortools-seed-0.json
ours,R103,0.5,0,25,11478876,feasible,True,14,1398686,1398.686,5.029999738326296e-05,0.5006796999950893,0.5006296999999904,0.0005033000052208081,0.5019926000022679,0.09584419999737293,1,0.5014892999970471,0.0007593000045744702,1f833e8648ba39e0edc76754fb49e81777a7175cf7b084c3f60a12607bfb3991,4ccf2642f91c10e5ef78d549cf8ed0088696fccc6f0da27cfce273e5cd458c2d,,"{""config"": {""seed"": 0, ""max_iterations"": null, ""time_limit_seconds"": 0.5, ""fleet_attempts_per_k"": 100, ""fleet_time_fraction"": 0.75, ""fleet_strategy"": ""hybrid"", ""fleet_repair_rounds"": 5, ""fleet_related_count"": 8, ""max_moves"": null, ""construction_order"": ""due"", ""repair_order"": ""due"", ""repair_strategy"": ""cheapest"", ""search_strategy"": ""first"", ""operators"": [""relocate"", ""swap"", ""two_opt"", ""two_opt_star""], ""remove_min"": 3, ""remove_max"": 8, ""restart_after"": 20, ""diagnostics"": false, ""evaluation_mode"": ""incremental"", ""search_backend"": ""native"", ""num_neighbours"": null, ""operator_schedule"": ""cyclic"", ""infeasible_search"": false, ""adaptive_penalties"": true, ""penalty_update_interval"": 10, ""penalty_target_feasible"": 0.5, ""penalty_max_moves"": 8}, ""backend"": ""native"", ""native"": {""api_version"": 1, ""build_info"": ""compiler=MSVC 195035722; cxx_standard=17; api_version=1"", ""binary"": ""_native.cp312-win_amd64.pyd"", ""binary_sha256"": ""604462f386c003e397cd55934c67735731d9683e762902ff4d23fad1f410c0bb""}, ""stop_reason"": ""time_limit"", ""initial_distance_ticks"": 1546015, ""fleet"": {""lower_bound"": 8, ""stop_reason"": ""fleet_budget"", ""targets"": [{""target"": 13, ""trials"": 30, ""repair_rounds"": 90, ""elapsed_seconds"": 0.30333909999899333, ""first_feasible_seconds"": null, ""status"": ""time_limit""}]}, ""milestones"": []}",results/0.5s/R103/ours-seed-0.json
pyvrp,R103,0.5,0,25,11478876,feasible,True,16,1338818,1338.818,0.0012523999976110645,0.5104042999955709,0.5026924000048894,0.0005227999936323613,0.5140611999959219,,54,0.5135384000022896,0.0018817000091075897,1f833e8648ba39e0edc76754fb49e81777a7175cf7b084c3f60a12607bfb3991,4ccf2642f91c10e5ef78d549cf8ed0088696fccc6f0da27cfce273e5cd458c2d,,"{""version"": ""0.13.0a0"", ""algorithm"": ""local checkout IteratedLocalSearch"", ""time_limit_clock"": ""anchored before solve(), including initial solution and search setup"", ""seed_supported"": true, ""fixed_vehicle_cost"": 11478876, ""internal_feasible"": true, ""scalar_objective"": 185000834, ""internal_distance_ticks"": 1338818, ""internal_vehicles"": 16}",results/0.5s/R103/pyvrp-seed-0.json
gurobi,R104,0.5,0,25,11478876,time_limit,False,,,,0.8868801999997231,0.5015580999970553,0.500999927520752,2.0000006770715117e-06,1.3996770000012475,,,1.3996750000005704,0.011236700003792066,dd087124311d91facd81736debbfc7d0f351d27942917e2d76cbafd01e6183b7,4ccf2642f91c10e5ef78d549cf8ed0088696fccc6f0da27cfce273e5cd458c2d,,"{""backend"": ""gurobi"", ""gurobi_version"": [13, 0, 0], ""vehicle_weight"": 11478876, ""max_vehicles"": 25, ""distance_upper_bound"": 11478875, ""objective_upper_bound"": 298450775, ""cold_start"": true, ""threads"": 1, ""seed"": 0, ""seed_supported"": true, ""mip_gap_target"": 0.0, ""variable_count"": 9483, ""constraint_count"": 27351, ""arc_count"": 9183, ""gurobi_status_code"": 9, ""status"": ""time_limit"", ""incumbent_count"": 0, ""node_count"": 0.0, ""iteration_count"": 0.0, ""objective_bound"": 9055.0, ""objective_bound_continuous"": 9055.0}",results/0.5s/R104/gurobi-seed-0.json
ortools,R104,0.5,0,25,11478876,found,True,12,1071917,1071.917,0.004896899998129811,0.5011742999995477,0.501,0.0007698999979766086,0.5089079999961541,0.027992499999527354,,0.5081380999981775,0.002066900000500027,dd087124311d91facd81736debbfc7d0f351d27942917e2d76cbafd01e6183b7,4ccf2642f91c10e5ef78d549cf8ed0088696fccc6f0da27cfce273e5cd458c2d,,"{""ortools_version"": ""9.15.6755"", ""requested_seed"": 0, ""cp_solver_reseed_applied"": true, ""seed_api"": ""pywrapcp.Solver.ReSeed"", ""seed_semantics"": ""Applied to the underlying CP Solver RNG; RoutingSearchParameters has no random_seed field. This does not claim control over every routing-search randomness source."", ""warm_start"": false, ""vehicle_limit"": 25, ""vehicle_fixed_cost"": 11478876, ""max_solution_distance_bound"": 11478875, ""objective_value"": 138818429, ""solver_assignment_objective"": 138818429, ""scalar_objective"": 138818429, ""objective_lower_bound"": 92349355, ""objective_gap_to_lower_bound"": 46469074, ""lower_bound_components"": {""vehicles"": 8, ""distance_ticks"": 518347, ""distance_bound_method"": ""sum of each customer's minimum incoming arc""}, ""routing_status_code"": 2, ""routing_status"": ""ROUTING_PARTIAL_SUCCESS_LOCAL_OPTIMUM_NOT_REACHED"", ""optimality_proven"": false, ""first_solution_strategy"": ""PARALLEL_CHEAPEST_INSERTION"", ""local_search_metaheuristic"": ""GUIDED_LOCAL_SEARCH"", ""search_workers"": 1, ""search_worker_setting"": ""Routing CP exposes no worker-count parameter; one CP search was run."", ""search_time_limit_seconds"": 0.5, ""time_limit_scope"": ""SolveWithParameters call only; model preparation is separate"", ""first_feasible_seconds"": 0.027992499999527354, ""distance_ticks"": 1071917}",results/0.5s/R104/ortools-seed-0.json
ours,R104,0.5,0,25,11478876,feasible,True,11,1096110,1096.11,5.270000110613182e-05,0.5003973999992013,0.5003441000008024,0.000501299997267779,0.5017250000018976,0.11258839999936754,3,0.5012237000046298,0.0007736000043223612,dd087124311d91facd81736debbfc7d0f351d27942917e2d76cbafd01e6183b7,4ccf2642f91c10e5ef78d549cf8ed0088696fccc6f0da27cfce273e5cd458c2d,,"{""config"": {""seed"": 0, ""max_iterations"": null, ""time_limit_seconds"": 0.5, ""fleet_attempts_per_k"": 100, ""fleet_time_fraction"": 0.75, ""fleet_strategy"": ""hybrid"", ""fleet_repair_rounds"": 5, ""fleet_related_count"": 8, ""max_moves"": null, ""construction_order"": ""due"", ""repair_order"": ""due"", ""repair_strategy"": ""cheapest"", ""search_strategy"": ""first"", ""operators"": [""relocate"", ""swap"", ""two_opt"", ""two_opt_star""], ""remove_min"": 3, ""remove_max"": 8, ""restart_after"": 20, ""diagnostics"": false, ""evaluation_mode"": ""incremental"", ""search_backend"": ""native"", ""num_neighbours"": null, ""operator_schedule"": ""cyclic"", ""infeasible_search"": false, ""adaptive_penalties"": true, ""penalty_update_interval"": 10, ""penalty_target_feasible"": 0.5, ""penalty_max_moves"": 8}, ""backend"": ""native"", ""native"": {""api_version"": 1, ""build_info"": ""compiler=MSVC 195035722; cxx_standard=17; api_version=1"", ""binary"": ""_native.cp312-win_amd64.pyd"", ""binary_sha256"": ""604462f386c003e397cd55934c67735731d9683e762902ff4d23fad1f410c0bb""}, ""stop_reason"": ""time_limit"", ""initial_distance_ticks"": 1592207, ""fleet"": {""lower_bound"": 8, ""stop_reason"": ""fleet_budget"", ""targets"": [{""target"": 11, ""trials"": 3, ""repair_rounds"": 7, ""elapsed_seconds"": 0.04202439999789931, ""first_feasible_seconds"": 0.04202439999789931, ""status"": ""found""}, {""target"": 10, ""trials"": 18, ""repair_rounds"": 53, ""elapsed_seconds"": 0.24793200000567595, ""first_feasible_seconds"": null, ""status"": ""time_limit""}]}, ""milestones"": [{""vehicles"": 11, ""distance"": 1186697, ""elapsed_seconds"": 0.1552120999986073}]}",results/0.5s/R104/ours-seed-0.json
pyvrp,R104,0.5,0,25,11478876,feasible,True,12,1051000,1051.0,0.0010884000002988614,0.5071586000049138,0.49740380000002915,0.0005328999977791682,0.5106868999937433,,66,0.5101539999959641,0.0019069999907515012,dd087124311d91facd81736debbfc7d0f351d27942917e2d76cbafd01e6183b7,4ccf2642f91c10e5ef78d549cf8ed0088696fccc6f0da27cfce273e5cd458c2d,,"{""version"": ""0.13.0a0"", ""algorithm"": ""local checkout IteratedLocalSearch"", ""time_limit_clock"": ""anchored before solve(), including initial solution and search setup"", ""seed_supported"": true, ""fixed_vehicle_cost"": 11478876, ""internal_feasible"": true, ""scalar_objective"": 138797512, ""internal_distance_ticks"": 1051000, ""internal_vehicles"": 12}",results/0.5s/R104/pyvrp-seed-0.json
gurobi,R105,0.5,0,25,11478876,time_limit,False,,,,0.5329312000030768,0.5009292000031564,0.5,2.3000029614195228e-06,1.0413042000000132,,,1.0413018999970518,0.007441499990818556,ff1a614f8458d6339b3f54d8e4ca2dcf0a35c96012f477f6a819ae481de85ca4,4ccf2642f91c10e5ef78d549cf8ed0088696fccc6f0da27cfce273e5cd458c2d,,"{""backend"": ""gurobi"", ""gurobi_version"": [13, 0, 0], ""vehicle_weight"": 11478876, ""max_vehicles"": 25, ""distance_upper_bound"": 11478875, ""objective_upper_bound"": 298450775, ""cold_start"": true, ""threads"": 1, ""seed"": 0, ""seed_supported"": true, ""mip_gap_target"": 0.0, ""variable_count"": 4553, ""constraint_count"": 12561, ""arc_count"": 4253, ""gurobi_status_code"": 9, ""status"": ""time_limit"", ""incumbent_count"": 0, ""node_count"": 1.0, ""iteration_count"": 1673.0, ""objective_bound"": 23092376.0, ""objective_bound_continuous"": 23092376.0}",results/0.5s/R105/gurobi-seed-0.json
ortools,R105,0.5,0,25,11478876,found,True,15,1417587,1417.587,0.0029169999979785644,0.5028687999947579,0.503,0.00040190000436268747,0.509296500000346,0.02532019999489421,,0.5088945999959833,0.00310880000324687,ff1a614f8458d6339b3f54d8e4ca2dcf0a35c96012f477f6a819ae481de85ca4,4ccf2642f91c10e5ef78d549cf8ed0088696fccc6f0da27cfce273e5cd458c2d,,"{""ortools_version"": ""9.15.6755"", ""requested_seed"": 0, ""cp_solver_reseed_applied"": true, ""seed_api"": ""pywrapcp.Solver.ReSeed"", ""seed_semantics"": ""Applied to the underlying CP Solver RNG; RoutingSearchParameters has no random_seed field. This does not claim control over every routing-search randomness source."", ""warm_start"": false, ""vehicle_limit"": 25, ""vehicle_fixed_cost"": 11478876, ""max_solution_distance_bound"": 11478875, ""objective_value"": 173600727, ""solver_assignment_objective"": 173600727, ""scalar_objective"": 173600727, ""objective_lower_bound"": 92349355, ""objective_gap_to_lower_bound"": 81251372, ""lower_bound_components"": {""vehicles"": 8, ""distance_ticks"": 518347, ""distance_bound_method"": ""sum of each customer's minimum incoming arc""}, ""routing_status_code"": 1, ""routing_status"": ""ROUTING_SUCCESS"", ""optimality_proven"": false, ""first_solution_strategy"": ""PARALLEL_CHEAPEST_INSERTION"", ""local_search_metaheuristic"": ""GUIDED_LOCAL_SEARCH"", ""search_workers"": 1, ""search_worker_setting"": ""Routing CP exposes no worker-count parameter; one CP search was run."", ""search_time_limit_seconds"": 0.5, ""time_limit_scope"": ""SolveWithParameters call only; model preparation is separate"", ""first_feasible_seconds"": 0.02532019999489421, ""distance_ticks"": 1417587}",results/0.5s/R105/ortools-seed-0.json
ours,R105,0.5,0,25,11478876,feasible,True,16,1539478,1539.478,6.470000516856089e-05,0.5008258000016212,0.5007578000004287,0.0005993999948259443,0.5023338999963016,0.09571259999938775,1,0.5017345000014757,0.0008439999946858734,ff1a614f8458d6339b3f54d8e4ca2dcf0a35c96012f477f6a819ae481de85ca4,4ccf2642f91c10e5ef78d549cf8ed0088696fccc6f0da27cfce273e5cd458c2d,,"{""config"": {""seed"": 0, ""max_iterations"": null, ""time_limit_seconds"": 0.5, ""fleet_attempts_per_k"": 100, ""fleet_time_fraction"": 0.75, ""fleet_strategy"": ""hybrid"", ""fleet_repair_rounds"": 5, ""fleet_related_count"": 8, ""max_moves"": null, ""construction_order"": ""due"", ""repair_order"": ""due"", ""repair_strategy"": ""cheapest"", ""search_strategy"": ""first"", ""operators"": [""relocate"", ""swap"", ""two_opt"", ""two_opt_star""], ""remove_min"": 3, ""remove_max"": 8, ""restart_after"": 20, ""diagnostics"": false, ""evaluation_mode"": ""incremental"", ""search_backend"": ""native"", ""num_neighbours"": null, ""operator_schedule"": ""cyclic"", ""infeasible_search"": false, ""adaptive_penalties"": true, ""penalty_update_interval"": 10, ""penalty_target_feasible"": 0.5, ""penalty_max_moves"": 8}, ""backend"": ""native"", ""native"": {""api_version"": 1, ""build_info"": ""compiler=MSVC 195035722; cxx_standard=17; api_version=1"", ""binary"": ""_native.cp312-win_amd64.pyd"", ""binary_sha256"": ""604462f386c003e397cd55934c67735731d9683e762902ff4d23fad1f410c0bb""}, ""stop_reason"": ""time_limit"", ""initial_distance_ticks"": 1870310, ""fleet"": {""lower_bound"": 8, ""stop_reason"": ""fleet_budget"", ""targets"": [{""target"": 17, ""trials"": 1, ""repair_rounds"": 1, ""elapsed_seconds"": 0.011906699997780379, ""first_feasible_seconds"": 0.011906699997780379, ""status"": ""found""}, {""target"": 16, ""trials"": 14, ""repair_rounds"": 39, ""elapsed_seconds"": 0.16540399999939837, ""first_feasible_seconds"": 0.16540399999939837, ""status"": ""found""}, {""target"": 15, ""trials"": 12, ""repair_rounds"": 32, ""elapsed_seconds"": 0.1249796999982209, ""first_feasible_seconds"": null, ""status"": ""time_limit""}]}, ""milestones"": [{""vehicles"": 17, ""distance"": 1734216, ""elapsed_seconds"": 0.10823649999656482}, {""vehicles"": 16, ""distance"": 1757067, ""elapsed_seconds"": 0.2739629999996396}]}",results/0.5s/R105/ours-seed-0.json
pyvrp,R105,0.5,0,25,11478876,feasible,True,16,1451658,1451.658,0.0010832999978447333,0.5013256000020192,0.49130820000573294,0.0005221000028541312,0.5045976999972481,,68,0.504075599994394,0.0016666999945300631,ff1a614f8458d6339b3f54d8e4ca2dcf0a35c96012f477f6a819ae481de85ca4,4ccf2642f91c10e5ef78d549cf8ed0088696fccc6f0da27cfce273e5cd458c2d,,"{""version"": ""0.13.0a0"", ""algorithm"": ""local checkout IteratedLocalSearch"", ""time_limit_clock"": ""anchored before solve(), including initial solution and search setup"", ""seed_supported"": true, ""fixed_vehicle_cost"": 11478876, ""internal_feasible"": true, ""scalar_objective"": 185113674, ""internal_distance_ticks"": 1451658, ""internal_vehicles"": 16}",results/0.5s/R105/pyvrp-seed-0.json
gurobi,R106,0.5,0,25,11478876,time_limit,False,,,,0.622697300001164,0.5015525999988313,0.500999927520752,2.2000021999701858e-06,1.133754800001043,,,1.133752599998843,0.009502699998847675,31b8783d177f0fbe1c84b8f085fbf28b1989a80e4c00f49f5654ebef99835e97,4ccf2642f91c10e5ef78d549cf8ed0088696fccc6f0da27cfce273e5cd458c2d,,"{""backend"": ""gurobi"", ""gurobi_version"": [13, 0, 0], ""vehicle_weight"": 11478876, ""max_vehicles"": 25, ""distance_upper_bound"": 11478875, ""objective_upper_bound"": 298450775, ""cold_start"": true, ""threads"": 1, ""seed"": 0, ""seed_supported"": true, ""mip_gap_target"": 0.0, ""variable_count"": 6854, ""constraint_count"": 19464, ""arc_count"": 6554, ""gurobi_status_code"": 9, ""status"": ""time_limit"", ""incumbent_count"": 0, ""node_count"": 1.0, ""iteration_count"": 914.0, ""objective_bound"": 773549.397233008, ""objective_bound_continuous"": 773549.397233008}",results/0.5s/R106/gurobi-seed-0.json
ortools,R106,0.5,0,25,11478876,found,True,14,1339028,1339.028,0.00335139999515377,0.500077999997302,0.5,0.0005405000047176145,0.5058225000029779,0.024979599998914637,,0.5052819999982603,0.001852600005804561,31b8783d177f0fbe1c84b8f085fbf28b1989a80e4c00f49f5654ebef99835e97,4ccf2642f91c10e5ef78d549cf8ed0088696fccc6f0da27cfce273e5cd458c2d,,"{""ortools_version"": ""9.15.6755"", ""requested_seed"": 0, ""cp_solver_reseed_applied"": true, ""seed_api"": ""pywrapcp.Solver.ReSeed"", ""seed_semantics"": ""Applied to the underlying CP Solver RNG; RoutingSearchParameters has no random_seed field. This does not claim control over every routing-search randomness source."", ""warm_start"": false, ""vehicle_limit"": 25, ""vehicle_fixed_cost"": 11478876, ""max_solution_distance_bound"": 11478875, ""objective_value"": 162043292, ""solver_assignment_objective"": 162043292, ""scalar_objective"": 162043292, ""objective_lower_bound"": 92349355, ""objective_gap_to_lower_bound"": 69693937, ""lower_bound_components"": {""vehicles"": 8, ""distance_ticks"": 518347, ""distance_bound_method"": ""sum of each customer's minimum incoming arc""}, ""routing_status_code"": 2, ""routing_status"": ""ROUTING_PARTIAL_SUCCESS_LOCAL_OPTIMUM_NOT_REACHED"", ""optimality_proven"": false, ""first_solution_strategy"": ""PARALLEL_CHEAPEST_INSERTION"", ""local_search_metaheuristic"": ""GUIDED_LOCAL_SEARCH"", ""search_workers"": 1, ""search_worker_setting"": ""Routing CP exposes no worker-count parameter; one CP search was run."", ""search_time_limit_seconds"": 0.5, ""time_limit_scope"": ""SolveWithParameters call only; model preparation is separate"", ""first_feasible_seconds"": 0.024979599998914637, ""distance_ticks"": 1339028}",results/0.5s/R106/ortools-seed-0.json
ours,R106,0.5,0,25,11478876,feasible,True,14,1354795,1354.795,5.439999949885532e-05,0.5006831000064267,0.5006290000019362,0.0005692999984603375,0.5019979999997304,0.09470460000011371,1,0.50142870000127,0.0006911999953445047,31b8783d177f0fbe1c84b8f085fbf28b1989a80e4c00f49f5654ebef99835e97,4ccf2642f91c10e5ef78d549cf8ed0088696fccc6f0da27cfce273e5cd458c2d,,"{""config"": {""seed"": 0, ""max_iterations"": null, ""time_limit_seconds"": 0.5, ""fleet_attempts_per_k"": 100, ""fleet_time_fraction"": 0.75, ""fleet_strategy"": ""hybrid"", ""fleet_repair_rounds"": 5, ""fleet_related_count"": 8, ""max_moves"": null, ""construction_order"": ""due"", ""repair_order"": ""due"", ""repair_strategy"": ""cheapest"", ""search_strategy"": ""first"", ""operators"": [""relocate"", ""swap"", ""two_opt"", ""two_opt_star""], ""remove_min"": 3, ""remove_max"": 8, ""restart_after"": 20, ""diagnostics"": false, ""evaluation_mode"": ""incremental"", ""search_backend"": ""native"", ""num_neighbours"": null, ""operator_schedule"": ""cyclic"", ""infeasible_search"": false, ""adaptive_penalties"": true, ""penalty_update_interval"": 10, ""penalty_target_feasible"": 0.5, ""penalty_max_moves"": 8}, ""backend"": ""native"", ""native"": {""api_version"": 1, ""build_info"": ""compiler=MSVC 195035722; cxx_standard=17; api_version=1"", ""binary"": ""_native.cp312-win_amd64.pyd"", ""binary_sha256"": ""604462f386c003e397cd55934c67735731d9683e762902ff4d23fad1f410c0bb""}, ""stop_reason"": ""time_limit"", ""initial_distance_ticks"": 1652911, ""fleet"": {""lower_bound"": 8, ""stop_reason"": ""fleet_budget"", ""targets"": [{""target"": 15, ""trials"": 1, ""repair_rounds"": 1, ""elapsed_seconds"": 0.010773899994092062, ""first_feasible_seconds"": 0.010773899994092062, ""status"": ""found""}, {""target"": 14, ""trials"": 2, ""repair_rounds"": 6, ""elapsed_seconds"": 0.0203137999997125, ""first_feasible_seconds"": 0.0203137999997125, ""status"": ""found""}, {""target"": 13, ""trials"": 24, ""repair_rounds"": 72, ""elapsed_seconds"": 0.2715412999968976, ""first_feasible_seconds"": null, ""status"": ""time_limit""}]}, ""milestones"": [{""vehicles"": 15, ""distance"": 1609339, ""elapsed_seconds"": 0.10638009999820497}, {""vehicles"": 14, ""distance"": 1578789, ""elapsed_seconds"": 0.12714530000084778}]}",results/0.5s/R106/ours-seed-0.json
pyvrp,R106,0.5,0,25,11478876,feasible,True,14,1326090,1326.09,0.0012381999986246228,0.5039483000000473,0.496266200003447,0.0006862000009277835,0.5078045999980532,,68,0.5071183999971254,0.0019318999984534457,31b8783d177f0fbe1c84b8f085fbf28b1989a80e4c00f49f5654ebef99835e97,4ccf2642f91c10e5ef78d549cf8ed0088696fccc6f0da27cfce273e5cd458c2d,,"{""version"": ""0.13.0a0"", ""algorithm"": ""local checkout IteratedLocalSearch"", ""time_limit_clock"": ""anchored before solve(), including initial solution and search setup"", ""seed_supported"": true, ""fixed_vehicle_cost"": 11478876, ""internal_feasible"": true, ""scalar_objective"": 162030354, ""internal_distance_ticks"": 1326090, ""internal_vehicles"": 14}",results/0.5s/R106/pyvrp-seed-0.json
gurobi,R107,0.5,0,25,11478876,time_limit,False,,,,0.8089388000007602,0.5001919999995152,0.500999927520752,2.2000021999701858e-06,1.3191309000030742,,,1.3191287000008742,0.009997900000598747,dba2b257a1d43d7c78d5e3a9f09091a2b125d3fbec78c0c8a1782add669a1275,4ccf2642f91c10e5ef78d549cf8ed0088696fccc6f0da27cfce273e5cd458c2d,,"{""backend"": ""gurobi"", ""gurobi_version"": [13, 0, 0], ""vehicle_weight"": 11478876, ""max_vehicles"": 25, ""distance_upper_bound"": 11478875, ""objective_upper_bound"": 298450775, ""cold_start"": true, ""threads"": 1, ""seed"": 0, ""seed_supported"": true, ""mip_gap_target"": 0.0, ""variable_count"": 8501, ""constraint_count"": 24405, ""arc_count"": 8201, ""gurobi_status_code"": 9, ""status"": ""time_limit"", ""incumbent_count"": 0, ""node_count"": 1.0, ""iteration_count"": 416.0, ""objective_bound"": 0.0, ""objective_bound_continuous"": 0.0}",results/0.5s/R107/gurobi-seed-0.json
ortools,R107,0.5,0,25,11478876,found,True,13,1159743,1159.743,0.0023871000012150034,0.500404599995818,0.5,0.0005221999963396229,0.5054285999940475,0.0259583000006387,,0.5049063999977079,0.0021147000006749295,dba2b257a1d43d7c78d5e3a9f09091a2b125d3fbec78c0c8a1782add669a1275,4ccf2642f91c10e5ef78d549cf8ed0088696fccc6f0da27cfce273e5cd458c2d,,"{""ortools_version"": ""9.15.6755"", ""requested_seed"": 0, ""cp_solver_reseed_applied"": true, ""seed_api"": ""pywrapcp.Solver.ReSeed"", ""seed_semantics"": ""Applied to the underlying CP Solver RNG; RoutingSearchParameters has no random_seed field. This does not claim control over every routing-search randomness source."", ""warm_start"": false, ""vehicle_limit"": 25, ""vehicle_fixed_cost"": 11478876, ""max_solution_distance_bound"": 11478875, ""objective_value"": 150385131, ""solver_assignment_objective"": 150385131, ""scalar_objective"": 150385131, ""objective_lower_bound"": 92349355, ""objective_gap_to_lower_bound"": 58035776, ""lower_bound_components"": {""vehicles"": 8, ""distance_ticks"": 518347, ""distance_bound_method"": ""sum of each customer's minimum incoming arc""}, ""routing_status_code"": 1, ""routing_status"": ""ROUTING_SUCCESS"", ""optimality_proven"": false, ""first_solution_strategy"": ""PARALLEL_CHEAPEST_INSERTION"", ""local_search_metaheuristic"": ""GUIDED_LOCAL_SEARCH"", ""search_workers"": 1, ""search_worker_setting"": ""Routing CP exposes no worker-count parameter; one CP search was run."", ""search_time_limit_seconds"": 0.5, ""time_limit_scope"": ""SolveWithParameters call only; model preparation is separate"", ""first_feasible_seconds"": 0.0259583000006387, ""distance_ticks"": 1159743}",results/0.5s/R107/ortools-seed-0.json
ours,R107,0.5,0,25,11478876,feasible,True,11,1235866,1235.866,5.160000000614673e-05,0.5007034000009298,0.500654499999655,0.0005006999999750406,0.502059400001599,0.10276230000454234,1,0.501558700001624,0.000803700000687968,dba2b257a1d43d7c78d5e3a9f09091a2b125d3fbec78c0c8a1782add669a1275,4ccf2642f91c10e5ef78d549cf8ed0088696fccc6f0da27cfce273e5cd458c2d,,"{""config"": {""seed"": 0, ""max_iterations"": null, ""time_limit_seconds"": 0.5, ""fleet_attempts_per_k"": 100, ""fleet_time_fraction"": 0.75, ""fleet_strategy"": ""hybrid"", ""fleet_repair_rounds"": 5, ""fleet_related_count"": 8, ""max_moves"": null, ""construction_order"": ""due"", ""repair_order"": ""due"", ""repair_strategy"": ""cheapest"", ""search_strategy"": ""first"", ""operators"": [""relocate"", ""swap"", ""two_opt"", ""two_opt_star""], ""remove_min"": 3, ""remove_max"": 8, ""restart_after"": 20, ""diagnostics"": false, ""evaluation_mode"": ""incremental"", ""search_backend"": ""native"", ""num_neighbours"": null, ""operator_schedule"": ""cyclic"", ""infeasible_search"": false, ""adaptive_penalties"": true, ""penalty_update_interval"": 10, ""penalty_target_feasible"": 0.5, ""penalty_max_moves"": 8}, ""backend"": ""native"", ""native"": {""api_version"": 1, ""build_info"": ""compiler=MSVC 195035722; cxx_standard=17; api_version=1"", ""binary"": ""_native.cp312-win_amd64.pyd"", ""binary_sha256"": ""604462f386c003e397cd55934c67735731d9683e762902ff4d23fad1f410c0bb""}, ""stop_reason"": ""time_limit"", ""initial_distance_ticks"": 1776993, ""fleet"": {""lower_bound"": 8, ""stop_reason"": ""fleet_budget"", ""targets"": [{""target"": 13, ""trials"": 1, ""repair_rounds"": 1, ""elapsed_seconds"": 0.010787100000015926, ""first_feasible_seconds"": 0.010787100000015926, ""status"": ""found""}, {""target"": 12, ""trials"": 2, ""repair_rounds"": 4, ""elapsed_seconds"": 0.015379399999801535, ""first_feasible_seconds"": 0.015379399999801535, ""status"": ""found""}, {""target"": 11, ""trials"": 21, ""repair_rounds"": 61, ""elapsed_seconds"": 0.2604977000009967, ""first_feasible_seconds"": 0.2604977000009967, ""status"": ""found""}, {""target"": 10, ""trials"": 2, ""repair_rounds"": 4, ""elapsed_seconds"": 0.01004129999637371, ""first_feasible_seconds"": null, ""status"": ""time_limit""}]}, ""milestones"": [{""vehicles"": 13, ""distance"": 1331890, ""elapsed_seconds"": 0.11411349999980303}, {""vehicles"": 12, ""distance"": 1366078, ""elapsed_seconds"": 0.12977500000124564}, {""vehicles"": 11, ""distance"": 1344856, ""elapsed_seconds"": 0.39063870000245515}]}",results/0.5s/R107/ours-seed-0.json
pyvrp,R107,0.5,0,25,11478876,feasible,True,12,1131357,1131.357,0.0012592999992193654,0.5004454000008991,0.49168009999993956,0.0005040999967604876,0.5042639000021154,,56,0.5037598000053549,0.0020551000052364543,dba2b257a1d43d7c78d5e3a9f09091a2b125d3fbec78c0c8a1782add669a1275,4ccf2642f91c10e5ef78d549cf8ed0088696fccc6f0da27cfce273e5cd458c2d,,"{""version"": ""0.13.0a0"", ""algorithm"": ""local checkout IteratedLocalSearch"", ""time_limit_clock"": ""anchored before solve(), including initial solution and search setup"", ""seed_supported"": true, ""fixed_vehicle_cost"": 11478876, ""internal_feasible"": true, ""scalar_objective"": 138877869, ""internal_distance_ticks"": 1131357, ""internal_vehicles"": 12}",results/0.5s/R107/pyvrp-seed-0.json
gurobi,R108,0.5,0,25,11478876,time_limit,False,,,,1.1671118000012939,0.5024430999983451,0.5019998550415039,2.5999979698099196e-06,1.6881738000010955,,,1.6881712000031257,0.018616300003486685,65cae09f4099b7e70d2b723e0e3a30aa1494c75a367bb894a3fd13241ee639d4,4ccf2642f91c10e5ef78d549cf8ed0088696fccc6f0da27cfce273e5cd458c2d,,"{""backend"": ""gurobi"", ""gurobi_version"": [13, 0, 0], ""vehicle_weight"": 11478876, ""max_vehicles"": 25, ""distance_upper_bound"": 11478875, ""objective_upper_bound"": 298450775, ""cold_start"": true, ""threads"": 1, ""seed"": 0, ""seed_supported"": true, ""mip_gap_target"": 0.0, ""variable_count"": 9706, ""constraint_count"": 28020, ""arc_count"": 9406, ""gurobi_status_code"": 9, ""status"": ""time_limit"", ""incumbent_count"": 0, ""node_count"": 0.0, ""iteration_count"": 0.0, ""objective_bound"": 0.0, ""objective_bound_continuous"": 0.0}",results/0.5s/R108/gurobi-seed-0.json
ortools,R108,0.5,0,25,11478876,found,True,10,1008171,1008.171,0.0023717000003671274,0.501697100000456,0.501,0.0005000000019208528,0.5066556000019773,0.024834800002281554,,0.5061556000000564,0.0020867999992333353,65cae09f4099b7e70d2b723e0e3a30aa1494c75a367bb894a3fd13241ee639d4,4ccf2642f91c10e5ef78d549cf8ed0088696fccc6f0da27cfce273e5cd458c2d,,"{""ortools_version"": ""9.15.6755"", ""requested_seed"": 0, ""cp_solver_reseed_applied"": true, ""seed_api"": ""pywrapcp.Solver.ReSeed"", ""seed_semantics"": ""Applied to the underlying CP Solver RNG; RoutingSearchParameters has no random_seed field. This does not claim control over every routing-search randomness source."", ""warm_start"": false, ""vehicle_limit"": 25, ""vehicle_fixed_cost"": 11478876, ""max_solution_distance_bound"": 11478875, ""objective_value"": 115796931, ""solver_assignment_objective"": 115796931, ""scalar_objective"": 115796931, ""objective_lower_bound"": 92349355, ""objective_gap_to_lower_bound"": 23447576, ""lower_bound_components"": {""vehicles"": 8, ""distance_ticks"": 518347, ""distance_bound_method"": ""sum of each customer's minimum incoming arc""}, ""routing_status_code"": 2, ""routing_status"": ""ROUTING_PARTIAL_SUCCESS_LOCAL_OPTIMUM_NOT_REACHED"", ""optimality_proven"": false, ""first_solution_strategy"": ""PARALLEL_CHEAPEST_INSERTION"", ""local_search_metaheuristic"": ""GUIDED_LOCAL_SEARCH"", ""search_workers"": 1, ""search_worker_setting"": ""Routing CP exposes no worker-count parameter; one CP search was run."", ""search_time_limit_seconds"": 0.5, ""time_limit_scope"": ""SolveWithParameters call only; model preparation is separate"", ""first_feasible_seconds"": 0.024834800002281554, ""distance_ticks"": 1008171}",results/0.5s/R108/ortools-seed-0.json
ours,R108,0.5,0,25,11478876,feasible,True,11,1125042,1125.042,5.870000313734636e-05,0.5009355999936815,0.5008665000059409,0.0005960999988019466,0.5024449999982608,0.11453240000264486,1,0.5018488999994588,0.000854600002639927,65cae09f4099b7e70d2b723e0e3a30aa1494c75a367bb894a3fd13241ee639d4,4ccf2642f91c10e5ef78d549cf8ed0088696fccc6f0da27cfce273e5cd458c2d,,"{""config"": {""seed"": 0, ""max_iterations"": null, ""time_limit_seconds"": 0.5, ""fleet_attempts_per_k"": 100, ""fleet_time_fraction"": 0.75, ""fleet_strategy"": ""hybrid"", ""fleet_repair_rounds"": 5, ""fleet_related_count"": 8, ""max_moves"": null, ""construction_order"": ""due"", ""repair_order"": ""due"", ""repair_strategy"": ""cheapest"", ""search_strategy"": ""first"", ""operators"": [""relocate"", ""swap"", ""two_opt"", ""two_opt_star""], ""remove_min"": 3, ""remove_max"": 8, ""restart_after"": 20, ""diagnostics"": false, ""evaluation_mode"": ""incremental"", ""search_backend"": ""native"", ""num_neighbours"": null, ""operator_schedule"": ""cyclic"", ""infeasible_search"": false, ""adaptive_penalties"": true, ""penalty_update_interval"": 10, ""penalty_target_feasible"": 0.5, ""penalty_max_moves"": 8}, ""backend"": ""native"", ""native"": {""api_version"": 1, ""build_info"": ""compiler=MSVC 195035722; cxx_standard=17; api_version=1"", ""binary"": ""_native.cp312-win_amd64.pyd"", ""binary_sha256"": ""604462f386c003e397cd55934c67735731d9683e762902ff4d23fad1f410c0bb""}, ""stop_reason"": ""time_limit"", ""initial_distance_ticks"": 1744341, ""fleet"": {""lower_bound"": 8, ""stop_reason"": ""fleet_budget"", ""targets"": [{""target"": 12, ""trials"": 1, ""repair_rounds"": 1, ""elapsed_seconds"": 0.010218499999609776, ""first_feasible_seconds"": 0.010218499999609776, ""status"": ""found""}, {""target"": 11, ""trials"": 1, ""repair_rounds"": 1, ""elapsed_seconds"": 0.010479700002179015, ""first_feasible_seconds"": 0.010479700002179015, ""status"": ""found""}, {""target"": 10, ""trials"": 19, ""repair_rounds"": 55, ""elapsed_seconds"": 0.2675264999998035, ""first_feasible_seconds"": null, ""status"": ""time_limit""}]}, ""milestones"": [{""vehicles"": 12, ""distance"": 1145476, ""elapsed_seconds"": 0.12535760000173468}, {""vehicles"": 11, ""distance"": 1315436, ""elapsed_seconds"": 0.13610370000242256}]}",results/0.5s/R108/ours-seed-0.json
pyvrp,R108,0.5,0,25,11478876,feasible,True,10,996254,996.254,0.0010197999945376068,0.5014392000011867,0.49076749999949243,0.0005135000028531067,0.5047104000041145,,73,0.5041969000012614,0.0017379000055370852,65cae09f4099b7e70d2b723e0e3a30aa1494c75a367bb894a3fd13241ee639d4,4ccf2642f91c10e5ef78d549cf8ed0088696fccc6f0da27cfce273e5cd458c2d,,"{""version"": ""0.13.0a0"", ""algorithm"": ""local checkout IteratedLocalSearch"", ""time_limit_clock"": ""anchored before solve(), including initial solution and search setup"", ""seed_supported"": true, ""fixed_vehicle_cost"": 11478876, ""internal_feasible"": true, ""scalar_objective"": 115785014, ""internal_distance_ticks"": 996254, ""internal_vehicles"": 10}",results/0.5s/R108/pyvrp-seed-0.json
gurobi,R109,0.5,0,25,11478876,time_limit,False,,,,0.5847768999956315,0.5384768000003533,0.5390000343322754,1.8999999156221747e-06,1.1313231000021915,,,1.1313212000022759,0.008067500006291084,4ef24030e8c48de5f85dcd90c5739186004fc8dec87533b6467013cf996f4777,4ccf2642f91c10e5ef78d549cf8ed0088696fccc6f0da27cfce273e5cd458c2d,,"{""backend"": ""gurobi"", ""gurobi_version"": [13, 0, 0], ""vehicle_weight"": 11478876, ""max_vehicles"": 25, ""distance_upper_bound"": 11478875, ""objective_upper_bound"": 298450775, ""cold_start"": true, ""threads"": 1, ""seed"": 0, ""seed_supported"": true, ""mip_gap_target"": 0.0, ""variable_count"": 6324, ""constraint_count"": 17874, ""arc_count"": 6024, ""gurobi_status_code"": 9, ""status"": ""time_limit"", ""incumbent_count"": 0, ""node_count"": 1.0, ""iteration_count"": 1199.0, ""objective_bound"": 736973.0514327736, ""objective_bound_continuous"": 736973.0514327736}",results/0.5s/R109/gurobi-seed-0.json
ortools,R109,0.5,0,25,11478876,found,True,15,1272629,1272.629,0.0033121000014944,0.500076700001955,0.5,0.0012472999951569363,0.506432299996959,0.02449440000054892,,0.5051850000018021,0.0017961999983526766,4ef24030e8c48de5f85dcd90c5739186004fc8dec87533b6467013cf996f4777,4ccf2642f91c10e5ef78d549cf8ed0088696fccc6f0da27cfce273e5cd458c2d,,"{""ortools_version"": ""9.15.6755"", ""requested_seed"": 0, ""cp_solver_reseed_applied"": true, ""seed_api"": ""pywrapcp.Solver.ReSeed"", ""seed_semantics"": ""Applied to the underlying CP Solver RNG; RoutingSearchParameters has no random_seed field. This does not claim control over every routing-search randomness source."", ""warm_start"": false, ""vehicle_limit"": 25, ""vehicle_fixed_cost"": 11478876, ""max_solution_distance_bound"": 11478875, ""objective_value"": 173455769, ""solver_assignment_objective"": 173455769, ""scalar_objective"": 173455769, ""objective_lower_bound"": 92349355, ""objective_gap_to_lower_bound"": 81106414, ""lower_bound_components"": {""vehicles"": 8, ""distance_ticks"": 518347, ""distance_bound_method"": ""sum of each customer's minimum incoming arc""}, ""routing_status_code"": 2, ""routing_status"": ""ROUTING_PARTIAL_SUCCESS_LOCAL_OPTIMUM_NOT_REACHED"", ""optimality_proven"": false, ""first_solution_strategy"": ""PARALLEL_CHEAPEST_INSERTION"", ""local_search_metaheuristic"": ""GUIDED_LOCAL_SEARCH"", ""search_workers"": 1, ""search_worker_setting"": ""Routing CP exposes no worker-count parameter; one CP search was run."", ""search_time_limit_seconds"": 0.5, ""time_limit_scope"": ""SolveWithParameters call only; model preparation is separate"", ""first_feasible_seconds"": 0.02449440000054892, ""distance_ticks"": 1272629}",results/0.5s/R109/ortools-seed-0.json
ours,R109,0.5,0,25,11478876,feasible,True,13,1323261,1323.261,5.140000575920567e-05,0.5006831999999122,0.5006283999973675,0.0006193000008352101,0.5020902000032947,0.08985849999589846,1,0.5014709000024595,0.0007362999967881478,4ef24030e8c48de5f85dcd90c5739186004fc8dec87533b6467013cf996f4777,4ccf2642f91c10e5ef78d549cf8ed0088696fccc6f0da27cfce273e5cd458c2d,,"{""config"": {""seed"": 0, ""max_iterations"": null, ""time_limit_seconds"": 0.5, ""fleet_attempts_per_k"": 100, ""fleet_time_fraction"": 0.75, ""fleet_strategy"": ""hybrid"", ""fleet_repair_rounds"": 5, ""fleet_related_count"": 8, ""max_moves"": null, ""construction_order"": ""due"", ""repair_order"": ""due"", ""repair_strategy"": ""cheapest"", ""search_strategy"": ""first"", ""operators"": [""relocate"", ""swap"", ""two_opt"", ""two_opt_star""], ""remove_min"": 3, ""remove_max"": 8, ""restart_after"": 20, ""diagnostics"": false, ""evaluation_mode"": ""incremental"", ""search_backend"": ""native"", ""num_neighbours"": null, ""operator_schedule"": ""cyclic"", ""infeasible_search"": false, ""adaptive_penalties"": true, ""penalty_update_interval"": 10, ""penalty_target_feasible"": 0.5, ""penalty_max_moves"": 8}, ""backend"": ""native"", ""native"": {""api_version"": 1, ""build_info"": ""compiler=MSVC 195035722; cxx_standard=17; api_version=1"", ""binary"": ""_native.cp312-win_amd64.pyd"", ""binary_sha256"": ""604462f386c003e397cd55934c67735731d9683e762902ff4d23fad1f410c0bb""}, ""stop_reason"": ""time_limit"", ""initial_distance_ticks"": 2134608, ""fleet"": {""lower_bound"": 8, ""stop_reason"": ""fleet_budget"", ""targets"": [{""target"": 18, ""trials"": 1, ""repair_rounds"": 1, ""elapsed_seconds"": 0.012932899997394998, ""first_feasible_seconds"": 0.012932899997394998, ""status"": ""found""}, {""target"": 17, ""trials"": 1, ""repair_rounds"": 1, ""elapsed_seconds"": 0.01178290000098059, ""first_feasible_seconds"": 0.01178290000098059, ""status"": ""found""}, {""target"": 16, ""trials"": 1, ""repair_rounds"": 1, ""elapsed_seconds"": 0.011052800000470597, ""first_feasible_seconds"": 0.011052800000470597, ""status"": ""found""}, {""target"": 15, ""trials"": 2, ""repair_rounds"": 4, ""elapsed_seconds"": 0.014394600002560765, ""first_feasible_seconds"": 0.014394600002560765, ""status"": ""found""}, {""target"": 14, ""trials"": 2, ""repair_rounds"": 4, ""elapsed_seconds"": 0.012843700002122205, ""first_feasible_seconds"": 0.012843700002122205, ""status"": ""found""}, {""target"": 13, ""trials"": 6, ""repair_rounds"": 17, ""elapsed_seconds"": 0.06561890000011772, ""first_feasible_seconds"": 0.06561890000011772, ""status"": ""found""}, {""target"": 12, ""trials"": 16, ""repair_rounds"": 47, ""elapsed_seconds"": 0.17688099999941187, ""first_feasible_seconds"": null, ""status"": ""time_limit""}]}, ""milestones"": [{""vehicles"": 18, ""distance"": 1598923, ""elapsed_seconds"": 0.10336819999793079}, {""vehicles"": 17, ""distance"": 1563711, ""elapsed_seconds"": 0.11548799999582116}, {""vehicles"": 16, ""distance"": 1621706, ""elapsed_seconds"": 0.1268188999965787}, {""vehicles"": 15, ""distance"": 1580866, ""elapsed_seconds"": 0.14150489999883575}, {""vehicles"": 14, ""distance"": 1585708, ""elapsed_seconds"": 0.15463639999506995}, {""vehicles"": 13, ""distance"": 1527854, ""elapsed_seconds"": 0.22057979999954114}]}",results/0.5s/R109/ours-seed-0.json
pyvrp,R109,0.5,0,25,11478876,feasible,True,14,1235038,1235.038,0.0013907999964430928,0.5021825000003446,0.49220239999704063,0.0005001999961677939,0.5056389999954263,,63,0.5051387999992585,0.0015655000024707988,4ef24030e8c48de5f85dcd90c5739186004fc8dec87533b6467013cf996f4777,4ccf2642f91c10e5ef78d549cf8ed0088696fccc6f0da27cfce273e5cd458c2d,,"{""version"": ""0.13.0a0"", ""algorithm"": ""local checkout IteratedLocalSearch"", ""time_limit_clock"": ""anchored before solve(), including initial solution and search setup"", ""seed_supported"": true, ""fixed_vehicle_cost"": 11478876, ""internal_feasible"": true, ""scalar_objective"": 161939302, ""internal_distance_ticks"": 1235038, ""internal_vehicles"": 14}",results/0.5s/R109/pyvrp-seed-0.json
gurobi,R110,0.5,0,25,11478876,time_limit,False,,,,0.7678773000006913,0.4996621999962372,0.501000165939331,2.1999949240125716e-06,1.2784193999978015,,,1.2784172000028775,0.01087770000594901,14cb53cb99af61d3d708f07564b9a72d146e7c26b4f10507cfaf3bc828f34bfa,4ccf2642f91c10e5ef78d549cf8ed0088696fccc6f0da27cfce273e5cd458c2d,,"{""backend"": ""gurobi"", ""gurobi_version"": [13, 0, 0], ""vehicle_weight"": 11478876, ""max_vehicles"": 25, ""distance_upper_bound"": 11478875, ""objective_upper_bound"": 298450775, ""cold_start"": true, ""threads"": 1, ""seed"": 0, ""seed_supported"": true, ""mip_gap_target"": 0.0, ""variable_count"": 8260, ""constraint_count"": 23682, ""arc_count"": 7960, ""gurobi_status_code"": 9, ""status"": ""time_limit"", ""incumbent_count"": 0, ""node_count"": 1.0, ""iteration_count"": 963.0, ""objective_bound"": 634651.9795138203, ""objective_bound_continuous"": 634651.9795138203}",results/0.5s/R110/gurobi-seed-0.json
ortools,R110,0.5,0,25,11478876,found,True,12,1185753,1185.753,0.0027402999985497445,0.5024941000010585,0.503,0.0005629000006592833,0.5082433000061428,0.02394310000090627,,0.5076804000054835,0.0024460000058752485,14cb53cb99af61d3d708f07564b9a72d146e7c26b4f10507cfaf3bc828f34bfa,4ccf2642f91c10e5ef78d549cf8ed0088696fccc6f0da27cfce273e5cd458c2d,,"{""ortools_version"": ""9.15.6755"", ""requested_seed"": 0, ""cp_solver_reseed_applied"": true, ""seed_api"": ""pywrapcp.Solver.ReSeed"", ""seed_semantics"": ""Applied to the underlying CP Solver RNG; RoutingSearchParameters has no random_seed field. This does not claim control over every routing-search randomness source."", ""warm_start"": false, ""vehicle_limit"": 25, ""vehicle_fixed_cost"": 11478876, ""max_solution_distance_bound"": 11478875, ""objective_value"": 138932265, ""solver_assignment_objective"": 138932265, ""scalar_objective"": 138932265, ""objective_lower_bound"": 92349355, ""objective_gap_to_lower_bound"": 46582910, ""lower_bound_components"": {""vehicles"": 8, ""distance_ticks"": 518347, ""distance_bound_method"": ""sum of each customer's minimum incoming arc""}, ""routing_status_code"": 1, ""routing_status"": ""ROUTING_SUCCESS"", ""optimality_proven"": false, ""first_solution_strategy"": ""PARALLEL_CHEAPEST_INSERTION"", ""local_search_metaheuristic"": ""GUIDED_LOCAL_SEARCH"", ""search_workers"": 1, ""search_worker_setting"": ""Routing CP exposes no worker-count parameter; one CP search was run."", ""search_time_limit_seconds"": 0.5, ""time_limit_scope"": ""SolveWithParameters call only; model preparation is separate"", ""first_feasible_seconds"": 0.02394310000090627, ""distance_ticks"": 1185753}",results/0.5s/R110/ortools-seed-0.json
ours,R110,0.5,0,25,11478876,feasible,True,13,1243996,1243.996,5.5900003644637764e-05,0.5007129000005079,0.5006615000020247,0.0004964999970979989,0.5020103999995627,0.10718250000354601,1,0.5015139000024647,0.000745099998312071,14cb53cb99af61d3d708f07564b9a72d146e7c26b4f10507cfaf3bc828f34bfa,4ccf2642f91c10e5ef78d549cf8ed0088696fccc6f0da27cfce273e5cd458c2d,,"{""config"": {""seed"": 0, ""max_iterations"": null, ""time_limit_seconds"": 0.5, ""fleet_attempts_per_k"": 100, ""fleet_time_fraction"": 0.75, ""fleet_strategy"": ""hybrid"", ""fleet_repair_rounds"": 5, ""fleet_related_count"": 8, ""max_moves"": null, ""construction_order"": ""due"", ""repair_order"": ""due"", ""repair_strategy"": ""cheapest"", ""search_strategy"": ""first"", ""operators"": [""relocate"", ""swap"", ""two_opt"", ""two_opt_star""], ""remove_min"": 3, ""remove_max"": 8, ""restart_after"": 20, ""diagnostics"": false, ""evaluation_mode"": ""incremental"", ""search_backend"": ""native"", ""num_neighbours"": null, ""operator_schedule"": ""cyclic"", ""infeasible_search"": false, ""adaptive_penalties"": true, ""penalty_update_interval"": 10, ""penalty_target_feasible"": 0.5, ""penalty_max_moves"": 8}, ""backend"": ""native"", ""native"": {""api_version"": 1, ""build_info"": ""compiler=MSVC 195035722; cxx_standard=17; api_version=1"", ""binary"": ""_native.cp312-win_amd64.pyd"", ""binary_sha256"": ""604462f386c003e397cd55934c67735731d9683e762902ff4d23fad1f410c0bb""}, ""stop_reason"": ""time_limit"", ""initial_distance_ticks"": 2055346, ""fleet"": {""lower_bound"": 8, ""stop_reason"": ""fleet_budget"", ""targets"": [{""target"": 14, ""trials"": 1, ""repair_rounds"": 1, ""elapsed_seconds"": 0.011462299997219816, ""first_feasible_seconds"": 0.011462299997219816, ""status"": ""found""}, {""target"": 13, ""trials"": 2, ""repair_rounds"": 2, ""elapsed_seconds"": 0.008718899996893015, ""first_feasible_seconds"": 0.008718899996893015, ""status"": ""found""}, {""target"": 12, ""trials"": 22, ""repair_rounds"": 64, ""elapsed_seconds"": 0.27358490000187885, ""first_feasible_seconds"": null, ""status"": ""time_limit""}]}, ""milestones"": [{""vehicles"": 14, ""distance"": 1574826, ""elapsed_seconds"": 0.11920639999880223}, {""vehicles"": 13, ""distance"": 1598038, ""elapsed_seconds"": 0.12820579999970505}]}",results/0.5s/R110/ours-seed-0.json
pyvrp,R110,0.5,0,25,11478876,feasible,True,14,1201092,1201.092,0.0009987000012188219,0.5029589999976452,0.4939358999981778,0.0005130999998073094,0.5060357000038493,,77,0.505522600004042,0.0015649000051780604,14cb53cb99af61d3d708f07564b9a72d146e7c26b4f10507cfaf3bc828f34bfa,4ccf2642f91c10e5ef78d549cf8ed0088696fccc6f0da27cfce273e5cd458c2d,,"{""version"": ""0.13.0a0"", ""algorithm"": ""local checkout IteratedLocalSearch"", ""time_limit_clock"": ""anchored before solve(), including initial solution and search setup"", ""seed_supported"": true, ""fixed_vehicle_cost"": 11478876, ""internal_feasible"": true, ""scalar_objective"": 161905356, ""internal_distance_ticks"": 1201092, ""internal_vehicles"": 14}",results/0.5s/R110/pyvrp-seed-0.json
gurobi,R111,0.5,0,25,11478876,time_limit,False,,,,0.7474813000007998,0.5048689999966882,0.5049998760223389,2.4000037228688598e-06,1.262483800004702,,,1.2624814000009792,0.010131100003491156,3d94a73b1f2fe8aae4618b9d9ea254cff2e3924a6a841aa390096ec6c60f258d,4ccf2642f91c10e5ef78d549cf8ed0088696fccc6f0da27cfce273e5cd458c2d,,"{""backend"": ""gurobi"", ""gurobi_version"": [13, 0, 0], ""vehicle_weight"": 11478876, ""max_vehicles"": 25, ""distance_upper_bound"": 11478875, ""objective_upper_bound"": 298450775, ""cold_start"": true, ""threads"": 1, ""seed"": 0, ""seed_supported"": true, ""mip_gap_target"": 0.0, ""variable_count"": 8254, ""constraint_count"": 23664, ""arc_count"": 7954, ""gurobi_status_code"": 9, ""status"": ""time_limit"", ""incumbent_count"": 0, ""node_count"": 1.0, ""iteration_count"": 961.0, ""objective_bound"": 632254.7665868489, ""objective_bound_continuous"": 632254.7665868489}",results/0.5s/R111/gurobi-seed-0.json
ortools,R111,0.5,0,25,11478876,found,True,12,1227667,1227.667,0.0027582999973674305,0.5007433999999193,0.501,0.0005036000002291985,0.5050221999990754,0.024401399998168927,,0.5045185999988462,0.0010169000015594065,3d94a73b1f2fe8aae4618b9d9ea254cff2e3924a6a841aa390096ec6c60f258d,4ccf2642f91c10e5ef78d549cf8ed0088696fccc6f0da27cfce273e5cd458c2d,,"{""ortools_version"": ""9.15.6755"", ""requested_seed"": 0, ""cp_solver_reseed_applied"": true, ""seed_api"": ""pywrapcp.Solver.ReSeed"", ""seed_semantics"": ""Applied to the underlying CP Solver RNG; RoutingSearchParameters has no random_seed field. This does not claim control over every routing-search randomness source."", ""warm_start"": false, ""vehicle_limit"": 25, ""vehicle_fixed_cost"": 11478876, ""max_solution_distance_bound"": 11478875, ""objective_value"": 138974179, ""solver_assignment_objective"": 138974179, ""scalar_objective"": 138974179, ""objective_lower_bound"": 92349355, ""objective_gap_to_lower_bound"": 46624824, ""lower_bound_components"": {""vehicles"": 8, ""distance_ticks"": 518347, ""distance_bound_method"": ""sum of each customer's minimum incoming arc""}, ""routing_status_code"": 2, ""routing_status"": ""ROUTING_PARTIAL_SUCCESS_LOCAL_OPTIMUM_NOT_REACHED"", ""optimality_proven"": false, ""first_solution_strategy"": ""PARALLEL_CHEAPEST_INSERTION"", ""local_search_metaheuristic"": ""GUIDED_LOCAL_SEARCH"", ""search_workers"": 1, ""search_worker_setting"": ""Routing CP exposes no worker-count parameter; one CP search was run."", ""search_time_limit_seconds"": 0.5, ""time_limit_scope"": ""SolveWithParameters call only; model preparation is separate"", ""first_feasible_seconds"": 0.024401399998168927, ""distance_ticks"": 1227667}",results/0.5s/R111/ortools-seed-0.json
ours,R111,0.5,0,25,11478876,feasible,True,12,1193476,1193.476,5.4700001783203334e-05,0.5011155000029248,0.5010506000035093,0.0008502999990014359,0.5028628000000026,0.10037670000019716,1,0.5020125000010012,0.0008422999962931499,3d94a73b1f2fe8aae4618b9d9ea254cff2e3924a6a841aa390096ec6c60f258d,4ccf2642f91c10e5ef78d549cf8ed0088696fccc6f0da27cfce273e5cd458c2d,,"{""config"": {""seed"": 0, ""max_iterations"": null, ""time_limit_seconds"": 0.5, ""fleet_attempts_per_k"": 100, ""fleet_time_fraction"": 0.75, ""fleet_strategy"": ""hybrid"", ""fleet_repair_rounds"": 5, ""fleet_related_count"": 8, ""max_moves"": null, ""construction_order"": ""due"", ""repair_order"": ""due"", ""repair_strategy"": ""cheapest"", ""search_strategy"": ""first"", ""operators"": [""relocate"", ""swap"", ""two_opt"", ""two_opt_star""], ""remove_min"": 3, ""remove_max"": 8, ""restart_after"": 20, ""diagnostics"": false, ""evaluation_mode"": ""incremental"", ""search_backend"": ""native"", ""num_neighbours"": null, ""operator_schedule"": ""cyclic"", ""infeasible_search"": false, ""adaptive_penalties"": true, ""penalty_update_interval"": 10, ""penalty_target_feasible"": 0.5, ""penalty_max_moves"": 8}, ""backend"": ""native"", ""native"": {""api_version"": 1, ""build_info"": ""compiler=MSVC 195035722; cxx_standard=17; api_version=1"", ""binary"": ""_native.cp312-win_amd64.pyd"", ""binary_sha256"": ""604462f386c003e397cd55934c67735731d9683e762902ff4d23fad1f410c0bb""}, ""stop_reason"": ""time_limit"", ""initial_distance_ticks"": 1675090, ""fleet"": {""lower_bound"": 8, ""stop_reason"": ""fleet_budget"", ""targets"": [{""target"": 12, ""trials"": 1, ""repair_rounds"": 1, ""elapsed_seconds"": 0.018470500006515067, ""first_feasible_seconds"": 0.018470500006515067, ""status"": ""found""}, {""target"": 11, ""trials"": 23, ""repair_rounds"": 67, ""elapsed_seconds"": 0.2804254000002402, ""first_feasible_seconds"": null, ""status"": ""time_limit""}]}, ""milestones"": [{""vehicles"": 12, ""distance"": 1406336, ""elapsed_seconds"": 0.11965540000528563}]}",results/0.5s/R111/ours-seed-0.json
pyvrp,R111,0.5,0,25,11478876,feasible,True,12,1160963,1160.963,0.0012313000042922795,0.5058024000027217,0.49608769999758806,0.000501900001836475,0.5090333000043756,,66,0.5085314000025392,0.0014976999955251813,3d94a73b1f2fe8aae4618b9d9ea254cff2e3924a6a841aa390096ec6c60f258d,4ccf2642f91c10e5ef78d549cf8ed0088696fccc6f0da27cfce273e5cd458c2d,,"{""version"": ""0.13.0a0"", ""algorithm"": ""local checkout IteratedLocalSearch"", ""time_limit_clock"": ""anchored before solve(), including initial solution and search setup"", ""seed_supported"": true, ""fixed_vehicle_cost"": 11478876, ""internal_feasible"": true, ""scalar_objective"": 138907475, ""internal_distance_ticks"": 1160963, ""internal_vehicles"": 12}",results/0.5s/R111/pyvrp-seed-0.json
gurobi,R112,0.5,0,25,11478876,time_limit,False,,,,1.050272500004212,0.5003570000044419,0.5,1.8999999156221747e-06,1.5624674999999115,,,1.562465599999996,0.011836099991342053,a0e93149d59d30c356619891d192e86d0f16c3158e1dac3bd9f23c6deb718271,4ccf2642f91c10e5ef78d549cf8ed0088696fccc6f0da27cfce273e5cd458c2d,,"{""backend"": ""gurobi"", ""gurobi_version"": [13, 0, 0], ""vehicle_weight"": 11478876, ""max_vehicles"": 25, ""distance_upper_bound"": 11478875, ""objective_upper_bound"": 298450775, ""cold_start"": true, ""threads"": 1, ""seed"": 0, ""seed_supported"": true, ""mip_gap_target"": 0.0, ""variable_count"": 10311, ""constraint_count"": 29835, ""arc_count"": 10011, ""gurobi_status_code"": 9, ""status"": ""time_limit"", ""incumbent_count"": 0, ""node_count"": 1.0, ""iteration_count"": 608.0, ""objective_bound"": 0.0, ""objective_bound_continuous"": 0.0}",results/0.5s/R112/gurobi-seed-0.json
ortools,R112,0.5,0,25,11478876,found,True,11,1073540,1073.54,0.0020666999989771284,0.500594999997702,0.501,0.0005264999999781139,0.5044870999990962,0.0360688000000664,,0.5039605999991181,0.0012989000024390407,a0e93149d59d30c356619891d192e86d0f16c3158e1dac3bd9f23c6deb718271,4ccf2642f91c10e5ef78d549cf8ed0088696fccc6f0da27cfce273e5cd458c2d,,"{""ortools_version"": ""9.15.6755"", ""requested_seed"": 0, ""cp_solver_reseed_applied"": true, ""seed_api"": ""pywrapcp.Solver.ReSeed"", ""seed_semantics"": ""Applied to the underlying CP Solver RNG; RoutingSearchParameters has no random_seed field. This does not claim control over every routing-search randomness source."", ""warm_start"": false, ""vehicle_limit"": 25, ""vehicle_fixed_cost"": 11478876, ""max_solution_distance_bound"": 11478875, ""objective_value"": 127341176, ""solver_assignment_objective"": 127341176, ""scalar_objective"": 127341176, ""objective_lower_bound"": 92349355, ""objective_gap_to_lower_bound"": 34991821, ""lower_bound_components"": {""vehicles"": 8, ""distance_ticks"": 518347, ""distance_bound_method"": ""sum of each customer's minimum incoming arc""}, ""routing_status_code"": 2, ""routing_status"": ""ROUTING_PARTIAL_SUCCESS_LOCAL_OPTIMUM_NOT_REACHED"", ""optimality_proven"": false, ""first_solution_strategy"": ""PARALLEL_CHEAPEST_INSERTION"", ""local_search_metaheuristic"": ""GUIDED_LOCAL_SEARCH"", ""search_workers"": 1, ""search_worker_setting"": ""Routing CP exposes no worker-count parameter; one CP search was run."", ""search_time_limit_seconds"": 0.5, ""time_limit_scope"": ""SolveWithParameters call only; model preparation is separate"", ""first_feasible_seconds"": 0.0360688000000664, ""distance_ticks"": 1073540}",results/0.5s/R112/ortools-seed-0.json
ours,R112,0.5,0,25,11478876,feasible,True,12,1203183,1203.183,6.0500002291519195e-05,0.5008321999994223,0.5007786999995005,0.0005098000037833117,0.502172900000005,0.09654920000320999,1,0.5016630999962217,0.0007703999945078976,a0e93149d59d30c356619891d192e86d0f16c3158e1dac3bd9f23c6deb718271,4ccf2642f91c10e5ef78d549cf8ed0088696fccc6f0da27cfce273e5cd458c2d,,"{""config"": {""seed"": 0, ""max_iterations"": null, ""time_limit_seconds"": 0.5, ""fleet_attempts_per_k"": 100, ""fleet_time_fraction"": 0.75, ""fleet_strategy"": ""hybrid"", ""fleet_repair_rounds"": 5, ""fleet_related_count"": 8, ""max_moves"": null, ""construction_order"": ""due"", ""repair_order"": ""due"", ""repair_strategy"": ""cheapest"", ""search_strategy"": ""first"", ""operators"": [""relocate"", ""swap"", ""two_opt"", ""two_opt_star""], ""remove_min"": 3, ""remove_max"": 8, ""restart_after"": 20, ""diagnostics"": false, ""evaluation_mode"": ""incremental"", ""search_backend"": ""native"", ""num_neighbours"": null, ""operator_schedule"": ""cyclic"", ""infeasible_search"": false, ""adaptive_penalties"": true, ""penalty_update_interval"": 10, ""penalty_target_feasible"": 0.5, ""penalty_max_moves"": 8}, ""backend"": ""native"", ""native"": {""api_version"": 1, ""build_info"": ""compiler=MSVC 195035722; cxx_standard=17; api_version=1"", ""binary"": ""_native.cp312-win_amd64.pyd"", ""binary_sha256"": ""604462f386c003e397cd55934c67735731d9683e762902ff4d23fad1f410c0bb""}, ""stop_reason"": ""time_limit"", ""initial_distance_ticks"": 2198359, ""fleet"": {""lower_bound"": 8, ""stop_reason"": ""fleet_budget"", ""targets"": [{""target"": 14, ""trials"": 1, ""repair_rounds"": 1, ""elapsed_seconds"": 0.011493899997731205, ""first_feasible_seconds"": 0.011493899997731205, ""status"": ""found""}, {""target"": 13, ""trials"": 1, ""repair_rounds"": 1, ""elapsed_seconds"": 0.012064299997291528, ""first_feasible_seconds"": 0.012064299997291528, ""status"": ""found""}, {""target"": 12, ""trials"": 2, ""repair_rounds"": 2, ""elapsed_seconds"": 0.011029500004951842, ""first_feasible_seconds"": 0.011029500004951842, ""status"": ""found""}, {""target"": 11, ""trials"": 18, ""repair_rounds"": 51, ""elapsed_seconds"": 0.2668206000016653, ""first_feasible_seconds"": null, ""status"": ""time_limit""}]}, ""milestones"": [{""vehicles"": 14, ""distance"": 1526351, ""elapsed_seconds"": 0.10862310000084108}, {""vehicles"": 13, ""distance"": 1534215, ""elapsed_seconds"": 0.12096020000171848}, {""vehicles"": 12, ""distance"": 1561118, ""elapsed_seconds"": 0.13233420000324259}]}",results/0.5s/R112/ours-seed-0.json
pyvrp,R112,0.5,0,25,11478876,feasible,True,11,1075358,1075.358,0.0016413999983342364,0.5051947000029031,0.49391430000105174,0.0008901999972295016,0.5093533000035677,,54,0.5084631000063382,0.0016270000051008537,a0e93149d59d30c356619891d192e86d0f16c3158e1dac3bd9f23c6deb718271,4ccf2642f91c10e5ef78d549cf8ed0088696fccc6f0da27cfce273e5cd458c2d,,"{""version"": ""0.13.0a0"", ""algorithm"": ""local checkout IteratedLocalSearch"", ""time_limit_clock"": ""anchored before solve(), including initial solution and search setup"", ""seed_supported"": true, ""fixed_vehicle_cost"": 11478876, ""internal_feasible"": true, ""scalar_objective"": 127342994, ""internal_distance_ticks"": 1075358, ""internal_vehicles"": 11}",results/0.5s/R112/pyvrp-seed-0.json
gurobi,R201,0.5,0,25,11478876,time_limit,True,14,2430683,2430.683,0.7506534999993164,0.5018337000001338,0.5019998550415039,0.00040810000064084306,1.273131200003263,0.92637459999969,,1.2727231000026222,0.02023590000317199,0be960ec998fff2cab0bdbcc5194c617e5ca0a79c82c5b32b1d4bd98b2cae210,4ccf2642f91c10e5ef78d549cf8ed0088696fccc6f0da27cfce273e5cd458c2d,,"{""backend"": ""gurobi"", ""gurobi_version"": [13, 0, 0], ""vehicle_weight"": 11478876, ""max_vehicles"": 25, ""distance_upper_bound"": 11478875, ""objective_upper_bound"": 298450775, ""cold_start"": true, ""threads"": 1, ""seed"": 0, ""seed_supported"": true, ""mip_gap_target"": 0.0, ""variable_count"": 6217, ""constraint_count"": 17553, ""arc_count"": 5917, ""gurobi_status_code"": 9, ""status"": ""time_limit"", ""incumbent_count"": 10, ""node_count"": 1.0, ""iteration_count"": 1575.0, ""objective_bound"": 12510968.595578605, ""objective_bound_continuous"": 12510968.595578605, ""objective"": 163134947.0, ""scalar_objective"": 163134947, ""raw_objective_minus_integral_route_objective"": 0.0, ""mip_gap"": 0.9233090835185755}",results/0.5s/R201/gurobi-seed-0.json
ortools,R201,0.5,0,25,11478876,found,True,5,1270257,1270.257,0.004629799994290806,0.5006805000011809,0.5,0.00047420000191777945,0.506900600004883,0.02800579999893671,,0.5064264000029652,0.0011161000074935146,0be960ec998fff2cab0bdbcc5194c617e5ca0a79c82c5b32b1d4bd98b2cae210,4ccf2642f91c10e5ef78d549cf8ed0088696fccc6f0da27cfce273e5cd458c2d,,"{""ortools_version"": ""9.15.6755"", ""requested_seed"": 0, ""cp_solver_reseed_applied"": true, ""seed_api"": ""pywrapcp.Solver.ReSeed"", ""seed_semantics"": ""Applied to the underlying CP Solver RNG; RoutingSearchParameters has no random_seed field. This does not claim control over every routing-search randomness source."", ""warm_start"": false, ""vehicle_limit"": 25, ""vehicle_fixed_cost"": 11478876, ""max_solution_distance_bound"": 11478875, ""objective_value"": 58664637, ""solver_assignment_objective"": 58664637, ""scalar_objective"": 58664637, ""objective_lower_bound"": 23476099, ""objective_gap_to_lower_bound"": 35188538, ""lower_bound_components"": {""vehicles"": 2, ""distance_ticks"": 518347, ""distance_bound_method"": ""sum of each customer's minimum incoming arc""}, ""routing_status_code"": 2, ""routing_status"": ""ROUTING_PARTIAL_SUCCESS_LOCAL_OPTIMUM_NOT_REACHED"", ""optimality_proven"": false, ""first_solution_strategy"": ""PARALLEL_CHEAPEST_INSERTION"", ""local_search_metaheuristic"": ""GUIDED_LOCAL_SEARCH"", ""search_workers"": 1, ""search_worker_setting"": ""Routing CP exposes no worker-count parameter; one CP search was run."", ""search_time_limit_seconds"": 0.5, ""time_limit_scope"": ""SolveWithParameters call only; model preparation is separate"", ""first_feasible_seconds"": 0.02800579999893671, ""distance_ticks"": 1270257}",results/0.5s/R201/ortools-seed-0.json
ours,R201,0.5,0,25,11478876,feasible,True,4,1557040,1557.04,7.109999569365755e-05,0.5008319999978994,0.5007601000033901,0.000586500005738344,0.5024958000067272,0.2625606000001426,1,0.5019093000009889,0.0010062000073958188,0be960ec998fff2cab0bdbcc5194c617e5ca0a79c82c5b32b1d4bd98b2cae210,4ccf2642f91c10e5ef78d549cf8ed0088696fccc6f0da27cfce273e5cd458c2d,,"{""config"": {""seed"": 0, ""max_iterations"": null, ""time_limit_seconds"": 0.5, ""fleet_attempts_per_k"": 100, ""fleet_time_fraction"": 0.75, ""fleet_strategy"": ""hybrid"", ""fleet_repair_rounds"": 5, ""fleet_related_count"": 8, ""max_moves"": null, ""construction_order"": ""due"", ""repair_order"": ""due"", ""repair_strategy"": ""cheapest"", ""search_strategy"": ""first"", ""operators"": [""relocate"", ""swap"", ""two_opt"", ""two_opt_star""], ""remove_min"": 3, ""remove_max"": 8, ""restart_after"": 20, ""diagnostics"": false, ""evaluation_mode"": ""incremental"", ""search_backend"": ""native"", ""num_neighbours"": null, ""operator_schedule"": ""cyclic"", ""infeasible_search"": false, ""adaptive_penalties"": true, ""penalty_update_interval"": 10, ""penalty_target_feasible"": 0.5, ""penalty_max_moves"": 8}, ""backend"": ""native"", ""native"": {""api_version"": 1, ""build_info"": ""compiler=MSVC 195035722; cxx_standard=17; api_version=1"", ""binary"": ""_native.cp312-win_amd64.pyd"", ""binary_sha256"": ""604462f386c003e397cd55934c67735731d9683e762902ff4d23fad1f410c0bb""}, ""stop_reason"": ""time_limit"", ""initial_distance_ticks"": 1726658, ""fleet"": {""lower_bound"": 2, ""stop_reason"": ""fleet_budget"", ""targets"": [{""target"": 4, ""trials"": 4, ""repair_rounds"": 12, ""elapsed_seconds"": 0.07984140000189655, ""first_feasible_seconds"": 0.07984140000189655, ""status"": ""found""}, {""target"": 3, ""trials"": 4, ""repair_rounds"": 11, ""elapsed_seconds"": 0.09765949999564327, ""first_feasible_seconds"": null, ""status"": ""time_limit""}]}, ""milestones"": [{""vehicles"": 4, ""distance"": 1679869, ""elapsed_seconds"": 0.3429905000011786}]}",results/0.5s/R201/ours-seed-0.json
pyvrp,R201,0.5,0,25,11478876,feasible,True,6,1261177,1261.177,0.0014145999957690947,0.5014281999974628,0.4919152000002214,0.0006410999994841404,0.5051958999974886,,269,0.5045547999980045,0.0017120000047725625,0be960ec998fff2cab0bdbcc5194c617e5ca0a79c82c5b32b1d4bd98b2cae210,4ccf2642f91c10e5ef78d549cf8ed0088696fccc6f0da27cfce273e5cd458c2d,,"{""version"": ""0.13.0a0"", ""algorithm"": ""local checkout IteratedLocalSearch"", ""time_limit_clock"": ""anchored before solve(), including initial solution and search setup"", ""seed_supported"": true, ""fixed_vehicle_cost"": 11478876, ""internal_feasible"": true, ""scalar_objective"": 70134433, ""internal_distance_ticks"": 1261177, ""internal_vehicles"": 6}",results/0.5s/R201/pyvrp-seed-0.json
gurobi,R202,0.5,0,25,11478876,time_limit,True,25,3437591,3437.591,0.78139939999528,0.502816599997459,0.5029997825622559,0.0006413000010070391,1.3052890000035404,1.0579933999979403,,1.3046477000025334,0.02043170000979444,1f7761bb33e9dd0c94837b32c72280296ffc283dba997379c7ad75ce00dffc8d,4ccf2642f91c10e5ef78d549cf8ed0088696fccc6f0da27cfce273e5cd458c2d,,"{""backend"": ""gurobi"", ""gurobi_version"": [13, 0, 0], ""vehicle_weight"": 11478876, ""max_vehicles"": 25, ""distance_upper_bound"": 11478875, ""objective_upper_bound"": 298450775, ""cold_start"": true, ""threads"": 1, ""seed"": 0, ""seed_supported"": true, ""mip_gap_target"": 0.0, ""variable_count"": 8018, ""constraint_count"": 22956, ""arc_count"": 7718, ""gurobi_status_code"": 9, ""status"": ""time_limit"", ""incumbent_count"": 1, ""node_count"": 1.0, ""iteration_count"": 780.0, ""objective_bound"": 733343.4280297881, ""objective_bound_continuous"": 733343.4280297881, ""objective"": 290409491.0, ""scalar_objective"": 290409491, ""raw_objective_minus_integral_route_objective"": 0.0, ""mip_gap"": 0.997474795243418}",results/0.5s/R202/gurobi-seed-0.json
ortools,R202,0.5,0,25,11478876,found,True,4,1195264,1195.264,0.003039200004423037,0.5015813000063645,0.502,0.0005858000004081987,0.5085616000069422,0.026116500004718546,,0.507975800006534,0.0033552999957464635,1f7761bb33e9dd0c94837b32c72280296ffc283dba997379c7ad75ce00dffc8d,4ccf2642f91c10e5ef78d549cf8ed0088696fccc6f0da27cfce273e5cd458c2d,,"{""ortools_version"": ""9.15.6755"", ""requested_seed"": 0, ""cp_solver_reseed_applied"": true, ""seed_api"": ""pywrapcp.Solver.ReSeed"", ""seed_semantics"": ""Applied to the underlying CP Solver RNG; RoutingSearchParameters has no random_seed field. This does not claim control over every routing-search randomness source."", ""warm_start"": false, ""vehicle_limit"": 25, ""vehicle_fixed_cost"": 11478876, ""max_solution_distance_bound"": 11478875, ""objective_value"": 47110768, ""solver_assignment_objective"": 47110768, ""scalar_objective"": 47110768, ""objective_lower_bound"": 23476099, ""objective_gap_to_lower_bound"": 23634669, ""lower_bound_components"": {""vehicles"": 2, ""distance_ticks"": 518347, ""distance_bound_method"": ""sum of each customer's minimum incoming arc""}, ""routing_status_code"": 1, ""routing_status"": ""ROUTING_SUCCESS"", ""optimality_proven"": false, ""first_solution_strategy"": ""PARALLEL_CHEAPEST_INSERTION"", ""local_search_metaheuristic"": ""GUIDED_LOCAL_SEARCH"", ""search_workers"": 1, ""search_worker_setting"": ""Routing CP exposes no worker-count parameter; one CP search was run."", ""search_time_limit_seconds"": 0.5, ""time_limit_scope"": ""SolveWithParameters call only; model preparation is separate"", ""first_feasible_seconds"": 0.026116500004718546, ""distance_ticks"": 1195264}",results/0.5s/R202/ortools-seed-0.json
ours,R202,0.5,0,25,11478876,feasible,True,4,1463682,1463.682,5.300000339047983e-05,0.5006591000055778,0.5006076999998186,0.000490399994305335,0.5019115999966743,0.2393658000000869,1,0.501421200002369,0.0007090999934007414,1f7761bb33e9dd0c94837b32c72280296ffc283dba997379c7ad75ce00dffc8d,4ccf2642f91c10e5ef78d549cf8ed0088696fccc6f0da27cfce273e5cd458c2d,,"{""config"": {""seed"": 0, ""max_iterations"": null, ""time_limit_seconds"": 0.5, ""fleet_attempts_per_k"": 100, ""fleet_time_fraction"": 0.75, ""fleet_strategy"": ""hybrid"", ""fleet_repair_rounds"": 5, ""fleet_related_count"": 8, ""max_moves"": null, ""construction_order"": ""due"", ""repair_order"": ""due"", ""repair_strategy"": ""cheapest"", ""search_strategy"": ""first"", ""operators"": [""relocate"", ""swap"", ""two_opt"", ""two_opt_star""], ""remove_min"": 3, ""remove_max"": 8, ""restart_after"": 20, ""diagnostics"": false, ""evaluation_mode"": ""incremental"", ""search_backend"": ""native"", ""num_neighbours"": null, ""operator_schedule"": ""cyclic"", ""infeasible_search"": false, ""adaptive_penalties"": true, ""penalty_update_interval"": 10, ""penalty_target_feasible"": 0.5, ""penalty_max_moves"": 8}, ""backend"": ""native"", ""native"": {""api_version"": 1, ""build_info"": ""compiler=MSVC 195035722; cxx_standard=17; api_version=1"", ""binary"": ""_native.cp312-win_amd64.pyd"", ""binary_sha256"": ""604462f386c003e397cd55934c67735731d9683e762902ff4d23fad1f410c0bb""}, ""stop_reason"": ""time_limit"", ""initial_distance_ticks"": 1622244, ""fleet"": {""lower_bound"": 2, ""stop_reason"": ""fleet_budget"", ""targets"": [{""target"": 3, ""trials"": 10, ""repair_rounds"": 26, ""elapsed_seconds"": 0.19522760000108974, ""first_feasible_seconds"": null, ""status"": ""time_limit""}]}, ""milestones"": []}",results/0.5s/R202/ours-seed-0.json
pyvrp,R202,0.5,0,25,11478876,feasible,True,6,1078523,1078.523,0.001330699997197371,0.5031104000008781,0.4923763000042527,0.0004932000010740012,0.5064157999950112,,44,0.5059225999939372,0.0014814999958616681,1f7761bb33e9dd0c94837b32c72280296ffc283dba997379c7ad75ce00dffc8d,4ccf2642f91c10e5ef78d549cf8ed0088696fccc6f0da27cfce273e5cd458c2d,,"{""version"": ""0.13.0a0"", ""algorithm"": ""local checkout IteratedLocalSearch"", ""time_limit_clock"": ""anchored before solve(), including initial solution and search setup"", ""seed_supported"": true, ""fixed_vehicle_cost"": 11478876, ""internal_feasible"": true, ""scalar_objective"": 69951779, ""internal_distance_ticks"": 1078523, ""internal_vehicles"": 6}",results/0.5s/R202/pyvrp-seed-0.json
gurobi,R203,0.5,0,25,11478876,time_limit,True,25,3742652,3742.652,0.9097079999992275,0.5082206000006408,0.5080001354217529,0.0005063999997219071,1.44707550000021,1.2179589000006672,,1.446569100000488,0.028640500000619795,38c484db31bd7452a94d533e26a2348ef598df600b79d061d9ddc1c61466a731,4ccf2642f91c10e5ef78d549cf8ed0088696fccc6f0da27cfce273e5cd458c2d,,"{""backend"": ""gurobi"", ""gurobi_version"": [13, 0, 0], ""vehicle_weight"": 11478876, ""max_vehicles"": 25, ""distance_upper_bound"": 11478875, ""objective_upper_bound"": 298450775, ""cold_start"": true, ""threads"": 1, ""seed"": 0, ""seed_supported"": true, ""mip_gap_target"": 0.0, ""variable_count"": 9350, ""constraint_count"": 26952, ""arc_count"": 9050, ""gurobi_status_code"": 9, ""status"": ""time_limit"", ""incumbent_count"": 1, ""node_count"": 1.0, ""iteration_count"": 786.0, ""objective_bound"": 632937.7661808849, ""objective_bound_continuous"": 632937.7661808849, ""objective"": 290714552.0, ""scalar_objective"": 290714552, ""raw_objective_minus_integral_route_objective"": 0.0, ""mip_gap"": 0.9978228204889418}",results/0.5s/R203/gurobi-seed-0.json
ortools,R203,0.5,0,25,11478876,found,True,4,952112,952.112,0.0024579999953857623,0.5013598000005004,0.501,0.0004980000012437813,0.5056688000040594,0.031880200003797654,,0.5051708000028157,0.0013530000069295056,38c484db31bd7452a94d533e26a2348ef598df600b79d061d9ddc1c61466a731,4ccf2642f91c10e5ef78d549cf8ed0088696fccc6f0da27cfce273e5cd458c2d,,"{""ortools_version"": ""9.15.6755"", ""requested_seed"": 0, ""cp_solver_reseed_applied"": true, ""seed_api"": ""pywrapcp.Solver.ReSeed"", ""seed_semantics"": ""Applied to the underlying CP Solver RNG; RoutingSearchParameters has no random_seed field. This does not claim control over every routing-search randomness source."", ""warm_start"": false, ""vehicle_limit"": 25, ""vehicle_fixed_cost"": 11478876, ""max_solution_distance_bound"": 11478875, ""objective_value"": 46867616, ""solver_assignment_objective"": 46867616, ""scalar_objective"": 46867616, ""objective_lower_bound"": 23476099, ""objective_gap_to_lower_bound"": 23391517, ""lower_bound_components"": {""vehicles"": 2, ""distance_ticks"": 518347, ""distance_bound_method"": ""sum of each customer's minimum incoming arc""}, ""routing_status_code"": 1, ""routing_status"": ""ROUTING_SUCCESS"", ""optimality_proven"": false, ""first_solution_strategy"": ""PARALLEL_CHEAPEST_INSERTION"", ""local_search_metaheuristic"": ""GUIDED_LOCAL_SEARCH"", ""search_workers"": 1, ""search_worker_setting"": ""Routing CP exposes no worker-count parameter; one CP search was run."", ""search_time_limit_seconds"": 0.5, ""time_limit_scope"": ""SolveWithParameters call only; model preparation is separate"", ""first_feasible_seconds"": 0.031880200003797654, ""distance_ticks"": 952112}",results/0.5s/R203/ortools-seed-0.json
ours,R203,0.5,0,25,11478876,feasible,True,3,1174802,1174.802,9.23000043258071e-05,0.5008700000034878,0.5008124000014504,0.0004845000003115274,0.5024637000024086,0.26115579999896,1,0.5019792000020971,0.001016899994283449,38c484db31bd7452a94d533e26a2348ef598df600b79d061d9ddc1c61466a731,4ccf2642f91c10e5ef78d549cf8ed0088696fccc6f0da27cfce273e5cd458c2d,,"{""config"": {""seed"": 0, ""max_iterations"": null, ""time_limit_seconds"": 0.5, ""fleet_attempts_per_k"": 100, ""fleet_time_fraction"": 0.75, ""fleet_strategy"": ""hybrid"", ""fleet_repair_rounds"": 5, ""fleet_related_count"": 8, ""max_moves"": null, ""construction_order"": ""due"", ""repair_order"": ""due"", ""repair_strategy"": ""cheapest"", ""search_strategy"": ""first"", ""operators"": [""relocate"", ""swap"", ""two_opt"", ""two_opt_star""], ""remove_min"": 3, ""remove_max"": 8, ""restart_after"": 20, ""diagnostics"": false, ""evaluation_mode"": ""incremental"", ""search_backend"": ""native"", ""num_neighbours"": null, ""operator_schedule"": ""cyclic"", ""infeasible_search"": false, ""adaptive_penalties"": true, ""penalty_update_interval"": 10, ""penalty_target_feasible"": 0.5, ""penalty_max_moves"": 8}, ""backend"": ""native"", ""native"": {""api_version"": 1, ""build_info"": ""compiler=MSVC 195035722; cxx_standard=17; api_version=1"", ""binary"": ""_native.cp312-win_amd64.pyd"", ""binary_sha256"": ""604462f386c003e397cd55934c67735731d9683e762902ff4d23fad1f410c0bb""}, ""stop_reason"": ""time_limit"", ""initial_distance_ticks"": 1300221, ""fleet"": {""lower_bound"": 2, ""stop_reason"": ""fleet_budget"", ""targets"": [{""target"": 2, ""trials"": 6, ""repair_rounds"": 14, ""elapsed_seconds"": 0.17889699999795994, ""first_feasible_seconds"": null, ""status"": ""time_limit""}]}, ""milestones"": []}",results/0.5s/R203/ours-seed-0.json
pyvrp,R203,0.5,0,25,11478876,feasible,True,4,958066,958.066,0.0012314999985392205,0.5183195999998134,0.5063031999961822,0.000588999995670747,0.5216998999967473,,40,0.5211109000010765,0.0015598000027239323,38c484db31bd7452a94d533e26a2348ef598df600b79d061d9ddc1c61466a731,4ccf2642f91c10e5ef78d549cf8ed0088696fccc6f0da27cfce273e5cd458c2d,,"{""version"": ""0.13.0a0"", ""algorithm"": ""local checkout IteratedLocalSearch"", ""time_limit_clock"": ""anchored before solve(), including initial solution and search setup"", ""seed_supported"": true, ""fixed_vehicle_cost"": 11478876, ""internal_feasible"": true, ""scalar_objective"": 46873570, ""internal_distance_ticks"": 958066, ""internal_vehicles"": 4}",results/0.5s/R203/pyvrp-seed-0.json
gurobi,R204,0.5,0,25,11478876,time_limit,False,,,,0.9666421000001719,0.5007146000061766,0.500999927520752,2.4999972083605826e-06,1.4832451999973273,,,1.483242700000119,0.015885999993770383,5349e37d8df99bcbee1efa2e970d2662b5265e5f82fc609343a6af0a60257abf,4ccf2642f91c10e5ef78d549cf8ed0088696fccc6f0da27cfce273e5cd458c2d,,"{""backend"": ""gurobi"", ""gurobi_version"": [13, 0, 0], ""vehicle_weight"": 11478876, ""max_vehicles"": 25, ""distance_upper_bound"": 11478875, ""objective_upper_bound"": 298450775, ""cold_start"": true, ""threads"": 1, ""seed"": 0, ""seed_supported"": true, ""mip_gap_target"": 0.0, ""variable_count"": 10145, ""constraint_count"": 29337, ""arc_count"": 9845, ""gurobi_status_code"": 9, ""status"": ""time_limit"", ""incumbent_count"": 0, ""node_count"": 1.0, ""iteration_count"": 728.0, ""objective_bound"": 0.0, ""objective_bound_continuous"": 0.0}",results/0.5s/R204/gurobi-seed-0.json
ortools,R204,0.5,0,25,11478876,found,True,3,839541,839.541,0.00307730000349693,0.5001960000008694,0.5,0.00036720000207424164,0.5054018000009819,0.025867900003504474,,0.5050345999989077,0.0017612999945413321,5349e37d8df99bcbee1efa2e970d2662b5265e5f82fc609343a6af0a60257abf,4ccf2642f91c10e5ef78d549cf8ed0088696fccc6f0da27cfce273e5cd458c2d,,"{""ortools_version"": ""9.15.6755"", ""requested_seed"": 0, ""cp_solver_reseed_applied"": true, ""seed_api"": ""pywrapcp.Solver.ReSeed"", ""seed_semantics"": ""Applied to the underlying CP Solver RNG; RoutingSearchParameters has no random_seed field. This does not claim control over every routing-search randomness source."", ""warm_start"": false, ""vehicle_limit"": 25, ""vehicle_fixed_cost"": 11478876, ""max_solution_distance_bound"": 11478875, ""objective_value"": 35276169, ""solver_assignment_objective"": 35276169, ""scalar_objective"": 35276169, ""objective_lower_bound"": 23476099, ""objective_gap_to_lower_bound"": 11800070, ""lower_bound_components"": {""vehicles"": 2, ""distance_ticks"": 518347, ""distance_bound_method"": ""sum of each customer's minimum incoming arc""}, ""routing_status_code"": 2, ""routing_status"": ""ROUTING_PARTIAL_SUCCESS_LOCAL_OPTIMUM_NOT_REACHED"", ""optimality_proven"": false, ""first_solution_strategy"": ""PARALLEL_CHEAPEST_INSERTION"", ""local_search_metaheuristic"": ""GUIDED_LOCAL_SEARCH"", ""search_workers"": 1, ""search_worker_setting"": ""Routing CP exposes no worker-count parameter; one CP search was run."", ""search_time_limit_seconds"": 0.5, ""time_limit_scope"": ""SolveWithParameters call only; model preparation is separate"", ""first_feasible_seconds"": 0.025867900003504474, ""distance_ticks"": 839541}",results/0.5s/R204/ortools-seed-0.json
ours,R204,0.5,0,25,11478876,feasible,True,3,1317289,1317.289,4.939999780617654e-05,0.5008672999974806,0.5008191000015358,0.0005248999950708821,0.5022582999954466,0.3078434999988531,1,0.5017334000003757,0.0008167000050889328,5349e37d8df99bcbee1efa2e970d2662b5265e5f82fc609343a6af0a60257abf,4ccf2642f91c10e5ef78d549cf8ed0088696fccc6f0da27cfce273e5cd458c2d,,"{""config"": {""seed"": 0, ""max_iterations"": null, ""time_limit_seconds"": 0.5, ""fleet_attempts_per_k"": 100, ""fleet_time_fraction"": 0.75, ""fleet_strategy"": ""hybrid"", ""fleet_repair_rounds"": 5, ""fleet_related_count"": 8, ""max_moves"": null, ""construction_order"": ""due"", ""repair_order"": ""due"", ""repair_strategy"": ""cheapest"", ""search_strategy"": ""first"", ""operators"": [""relocate"", ""swap"", ""two_opt"", ""two_opt_star""], ""remove_min"": 3, ""remove_max"": 8, ""restart_after"": 20, ""diagnostics"": false, ""evaluation_mode"": ""incremental"", ""search_backend"": ""native"", ""num_neighbours"": null, ""operator_schedule"": ""cyclic"", ""infeasible_search"": false, ""adaptive_penalties"": true, ""penalty_update_interval"": 10, ""penalty_target_feasible"": 0.5, ""penalty_max_moves"": 8}, ""backend"": ""native"", ""native"": {""api_version"": 1, ""build_info"": ""compiler=MSVC 195035722; cxx_standard=17; api_version=1"", ""binary"": ""_native.cp312-win_amd64.pyd"", ""binary_sha256"": ""604462f386c003e397cd55934c67735731d9683e762902ff4d23fad1f410c0bb""}, ""stop_reason"": ""time_limit"", ""initial_distance_ticks"": 1331038, ""fleet"": {""lower_bound"": 2, ""stop_reason"": ""fleet_budget"", ""targets"": [{""target"": 2, ""trials"": 4, ""repair_rounds"": 12, ""elapsed_seconds"": 0.14383320000342792, ""first_feasible_seconds"": null, ""status"": ""time_limit""}]}, ""milestones"": []}",results/0.5s/R204/ours-seed-0.json
pyvrp,R204,0.5,0,25,11478876,feasible,True,3,880278,880.278,0.0017471999963163398,0.5137541999938549,0.5019162000025972,0.000515899999300018,0.5176948000007542,,48,0.5171789000014542,0.001677500011282973,5349e37d8df99bcbee1efa2e970d2662b5265e5f82fc609343a6af0a60257abf,4ccf2642f91c10e5ef78d549cf8ed0088696fccc6f0da27cfce273e5cd458c2d,,"{""version"": ""0.13.0a0"", ""algorithm"": ""local checkout IteratedLocalSearch"", ""time_limit_clock"": ""anchored before solve(), including initial solution and search setup"", ""seed_supported"": true, ""fixed_vehicle_cost"": 11478876, ""internal_feasible"": true, ""scalar_objective"": 35316906, ""internal_distance_ticks"": 880278, ""internal_vehicles"": 3}",results/0.5s/R204/pyvrp-seed-0.json
gurobi,R205,0.5,0,25,11478876,time_limit,True,23,3852078,3852.078,0.6901121999981115,0.5020996000021114,0.503000020980835,0.0005215000055613928,1.211910900005023,0.9151000999991084,,1.2113893999994616,0.019177599999238737,1996bf8f10716fb8cfc1a585206a6a6e566f32347c1bb8f36c75ed6c887f77e3,4ccf2642f91c10e5ef78d549cf8ed0088696fccc6f0da27cfce273e5cd458c2d,,"{""backend"": ""gurobi"", ""gurobi_version"": [13, 0, 0], ""vehicle_weight"": 11478876, ""max_vehicles"": 25, ""distance_upper_bound"": 11478875, ""objective_upper_bound"": 298450775, ""cold_start"": true, ""threads"": 1, ""seed"": 0, ""seed_supported"": true, ""mip_gap_target"": 0.0, ""variable_count"": 7626, ""constraint_count"": 21780, ""arc_count"": 7326, ""gurobi_status_code"": 9, ""status"": ""time_limit"", ""incumbent_count"": 3, ""node_count"": 1.0, ""iteration_count"": 1135.0, ""objective_bound"": 744702.0244455824, ""objective_bound_continuous"": 744702.0244455824, ""objective"": 267866226.0, ""scalar_objective"": 267866226, ""raw_objective_minus_integral_route_objective"": 0.0, ""mip_gap"": 0.997219873383942}",results/0.5s/R205/gurobi-seed-0.json
ortools,R205,0.5,0,25,11478876,found,True,4,1102237,1102.237,0.0032807000025059097,0.5001923999952851,0.501,0.0004918000049656257,0.5061531000028481,0.026860499994654674,,0.5056612999978825,0.002188200000091456,1996bf8f10716fb8cfc1a585206a6a6e566f32347c1bb8f36c75ed6c887f77e3,4ccf2642f91c10e5ef78d549cf8ed0088696fccc6f0da27cfce273e5cd458c2d,,"{""ortools_version"": ""9.15.6755"", ""requested_seed"": 0, ""cp_solver_reseed_applied"": true, ""seed_api"": ""pywrapcp.Solver.ReSeed"", ""seed_semantics"": ""Applied to the underlying CP Solver RNG; RoutingSearchParameters has no random_seed field. This does not claim control over every routing-search randomness source."", ""warm_start"": false, ""vehicle_limit"": 25, ""vehicle_fixed_cost"": 11478876, ""max_solution_distance_bound"": 11478875, ""objective_value"": 47017741, ""solver_assignment_objective"": 47017741, ""scalar_objective"": 47017741, ""objective_lower_bound"": 23476099, ""objective_gap_to_lower_bound"": 23541642, ""lower_bound_components"": {""vehicles"": 2, ""distance_ticks"": 518347, ""distance_bound_method"": ""sum of each customer's minimum incoming arc""}, ""routing_status_code"": 1, ""routing_status"": ""ROUTING_SUCCESS"", ""optimality_proven"": false, ""first_solution_strategy"": ""PARALLEL_CHEAPEST_INSERTION"", ""local_search_metaheuristic"": ""GUIDED_LOCAL_SEARCH"", ""search_workers"": 1, ""search_worker_setting"": ""Routing CP exposes no worker-count parameter; one CP search was run."", ""search_time_limit_seconds"": 0.5, ""time_limit_scope"": ""SolveWithParameters call only; model preparation is separate"", ""first_feasible_seconds"": 0.026860499994654674, ""distance_ticks"": 1102237}",results/0.5s/R205/ortools-seed-0.json
ours,R205,0.5,0,25,11478876,feasible,True,3,1215931,1215.931,5.4899996030144393e-05,0.5007801000028849,0.5007314999966184,0.000534200000402052,0.5023425000035786,0.2417829999976675,1,0.5018083000031766,0.0009733000042615458,1996bf8f10716fb8cfc1a585206a6a6e566f32347c1bb8f36c75ed6c887f77e3,4ccf2642f91c10e5ef78d549cf8ed0088696fccc6f0da27cfce273e5cd458c2d,,"{""config"": {""seed"": 0, ""max_iterations"": null, ""time_limit_seconds"": 0.5, ""fleet_attempts_per_k"": 100, ""fleet_time_fraction"": 0.75, ""fleet_strategy"": ""hybrid"", ""fleet_repair_rounds"": 5, ""fleet_related_count"": 8, ""max_moves"": null, ""construction_order"": ""due"", ""repair_order"": ""due"", ""repair_strategy"": ""cheapest"", ""search_strategy"": ""first"", ""operators"": [""relocate"", ""swap"", ""two_opt"", ""two_opt_star""], ""remove_min"": 3, ""remove_max"": 8, ""restart_after"": 20, ""diagnostics"": false, ""evaluation_mode"": ""incremental"", ""search_backend"": ""native"", ""num_neighbours"": null, ""operator_schedule"": ""cyclic"", ""infeasible_search"": false, ""adaptive_penalties"": true, ""penalty_update_interval"": 10, ""penalty_target_feasible"": 0.5, ""penalty_max_moves"": 8}, ""backend"": ""native"", ""native"": {""api_version"": 1, ""build_info"": ""compiler=MSVC 195035722; cxx_standard=17; api_version=1"", ""binary"": ""_native.cp312-win_amd64.pyd"", ""binary_sha256"": ""604462f386c003e397cd55934c67735731d9683e762902ff4d23fad1f410c0bb""}, ""stop_reason"": ""time_limit"", ""initial_distance_ticks"": 1700248, ""fleet"": {""lower_bound"": 2, ""stop_reason"": ""fleet_budget"", ""targets"": [{""target"": 3, ""trials"": 3, ""repair_rounds"": 7, ""elapsed_seconds"": 0.05489289999968605, ""first_feasible_seconds"": 0.05489289999968605, ""status"": ""found""}, {""target"": 2, ""trials"": 4, ""repair_rounds"": 11, ""elapsed_seconds"": 0.13823240000056103, ""first_feasible_seconds"": null, ""status"": ""time_limit""}]}, ""milestones"": [{""vehicles"": 3, ""distance"": 1303717, ""elapsed_seconds"": 0.29720950000046287}]}",results/0.5s/R205/ours-seed-0.json
pyvrp,R205,0.5,0,25,11478876,feasible,True,3,1024662,1024.662,0.0011633999965852126,0.5014262999975472,0.49128919999930076,0.0005400000009103678,0.5051027999943472,,313,0.5045627999934368,0.001973099999304395,1996bf8f10716fb8cfc1a585206a6a6e566f32347c1bb8f36c75ed6c887f77e3,4ccf2642f91c10e5ef78d549cf8ed0088696fccc6f0da27cfce273e5cd458c2d,,"{""version"": ""0.13.0a0"", ""algorithm"": ""local checkout IteratedLocalSearch"", ""time_limit_clock"": ""anchored before solve(), including initial solution and search setup"", ""seed_supported"": true, ""fixed_vehicle_cost"": 11478876, ""internal_feasible"": true, ""scalar_objective"": 35461290, ""internal_distance_ticks"": 1024662, ""internal_vehicles"": 3}",results/0.5s/R205/pyvrp-seed-0.json
gurobi,R206,0.5,0,25,11478876,time_limit,True,25,3743004,3743.004,0.8350953000044683,0.5073155000063707,0.5060000419616699,0.0008903000052669086,1.3660113000078127,1.1388504999995348,,1.3651210000025458,0.02271019999170676,c8754a0319264d076c038b1bf023c8c4710e8895fe3e03f485e9ae249f32fe43,4ccf2642f91c10e5ef78d549cf8ed0088696fccc6f0da27cfce273e5cd458c2d,,"{""backend"": ""gurobi"", ""gurobi_version"": [13, 0, 0], ""vehicle_weight"": 11478876, ""max_vehicles"": 25, ""distance_upper_bound"": 11478875, ""objective_upper_bound"": 298450775, ""cold_start"": true, ""threads"": 1, ""seed"": 0, ""seed_supported"": true, ""mip_gap_target"": 0.0, ""variable_count"": 8820, ""constraint_count"": 25362, ""arc_count"": 8520, ""gurobi_status_code"": 9, ""status"": ""time_limit"", ""incumbent_count"": 1, ""node_count"": 1.0, ""iteration_count"": 812.0, ""objective_bound"": 651373.111328649, ""objective_bound_continuous"": 651373.111328649, ""objective"": 290714904.0, ""scalar_objective"": 290714904, ""raw_objective_minus_integral_route_objective"": 0.0, ""mip_gap"": 0.9977594092963027}",results/0.5s/R206/gurobi-seed-0.json
ortools,R206,0.5,0,25,11478876,found,True,4,992585,992.585,0.002757399997790344,0.500750599996536,0.501,0.0005021000033593737,0.5050621000045794,0.024218699996708892,,0.50456000000122,0.0010520000068936497,c8754a0319264d076c038b1bf023c8c4710e8895fe3e03f485e9ae249f32fe43,4ccf2642f91c10e5ef78d549cf8ed0088696fccc6f0da27cfce273e5cd458c2d,,"{""ortools_version"": ""9.15.6755"", ""requested_seed"": 0, ""cp_solver_reseed_applied"": true, ""seed_api"": ""pywrapcp.Solver.ReSeed"", ""seed_semantics"": ""Applied to the underlying CP Solver RNG; RoutingSearchParameters has no random_seed field. This does not claim control over every routing-search randomness source."", ""warm_start"": false, ""vehicle_limit"": 25, ""vehicle_fixed_cost"": 11478876, ""max_solution_distance_bound"": 11478875, ""objective_value"": 46908089, ""solver_assignment_objective"": 46908089, ""scalar_objective"": 46908089, ""objective_lower_bound"": 23476099, ""objective_gap_to_lower_bound"": 23431990, ""lower_bound_components"": {""vehicles"": 2, ""distance_ticks"": 518347, ""distance_bound_method"": ""sum of each customer's minimum incoming arc""}, ""routing_status_code"": 2, ""routing_status"": ""ROUTING_PARTIAL_SUCCESS_LOCAL_OPTIMUM_NOT_REACHED"", ""optimality_proven"": false, ""first_solution_strategy"": ""PARALLEL_CHEAPEST_INSERTION"", ""local_search_metaheuristic"": ""GUIDED_LOCAL_SEARCH"", ""search_workers"": 1, ""search_worker_setting"": ""Routing CP exposes no worker-count parameter; one CP search was run."", ""search_time_limit_seconds"": 0.5, ""time_limit_scope"": ""SolveWithParameters call only; model preparation is separate"", ""first_feasible_seconds"": 0.024218699996708892, ""distance_ticks"": 992585}",results/0.5s/R206/ortools-seed-0.json
ours,R206,0.5,0,25,11478876,feasible,True,3,1406391,1406.391,5.419999797595665e-05,0.5008619000000181,0.5008129999987432,0.0005897000010008924,0.5022117999978946,0.2515836999955354,1,0.5016220999968937,0.0007059999988996424,c8754a0319264d076c038b1bf023c8c4710e8895fe3e03f485e9ae249f32fe43,4ccf2642f91c10e5ef78d549cf8ed0088696fccc6f0da27cfce273e5cd458c2d,,"{""config"": {""seed"": 0, ""max_iterations"": null, ""time_limit_seconds"": 0.5, ""fleet_attempts_per_k"": 100, ""fleet_time_fraction"": 0.75, ""fleet_strategy"": ""hybrid"", ""fleet_repair_rounds"": 5, ""fleet_related_count"": 8, ""max_moves"": null, ""construction_order"": ""due"", ""repair_order"": ""due"", ""repair_strategy"": ""cheapest"", ""search_strategy"": ""first"", ""operators"": [""relocate"", ""swap"", ""two_opt"", ""two_opt_star""], ""remove_min"": 3, ""remove_max"": 8, ""restart_after"": 20, ""diagnostics"": false, ""evaluation_mode"": ""incremental"", ""search_backend"": ""native"", ""num_neighbours"": null, ""operator_schedule"": ""cyclic"", ""infeasible_search"": false, ""adaptive_penalties"": true, ""penalty_update_interval"": 10, ""penalty_target_feasible"": 0.5, ""penalty_max_moves"": 8}, ""backend"": ""native"", ""native"": {""api_version"": 1, ""build_info"": ""compiler=MSVC 195035722; cxx_standard=17; api_version=1"", ""binary"": ""_native.cp312-win_amd64.pyd"", ""binary_sha256"": ""604462f386c003e397cd55934c67735731d9683e762902ff4d23fad1f410c0bb""}, ""stop_reason"": ""time_limit"", ""initial_distance_ticks"": 1533607, ""fleet"": {""lower_bound"": 2, ""stop_reason"": ""fleet_budget"", ""targets"": [{""target"": 2, ""trials"": 6, ""repair_rounds"": 14, ""elapsed_seconds"": 0.1860798000052455, ""first_feasible_seconds"": null, ""status"": ""time_limit""}]}, ""milestones"": []}",results/0.5s/R206/ours-seed-0.json
pyvrp,R206,0.5,0,25,11478876,feasible,True,4,1021479,1021.479,0.001178700003947597,0.5090169000031892,0.5007976999986568,0.0005060999974375591,0.5125103999962448,,48,0.5120042999988073,0.0018086999916704372,c8754a0319264d076c038b1bf023c8c4710e8895fe3e03f485e9ae249f32fe43,4ccf2642f91c10e5ef78d549cf8ed0088696fccc6f0da27cfce273e5cd458c2d,,"{""version"": ""0.13.0a0"", ""algorithm"": ""local checkout IteratedLocalSearch"", ""time_limit_clock"": ""anchored before solve(), including initial solution and search setup"", ""seed_supported"": true, ""fixed_vehicle_cost"": 11478876, ""internal_feasible"": true, ""scalar_objective"": 46936983, ""internal_distance_ticks"": 1021479, ""internal_vehicles"": 4}",results/0.5s/R206/pyvrp-seed-0.json
gurobi,R207,0.5,0,25,11478876,time_limit,True,25,3691290,3691.29,0.8937273999981699,0.5075544999999693,0.5079998970031738,0.0006072000032872893,1.4259890000030282,1.2256386000008206,,1.425381799999741,0.02409990000160178,52dc8eebba43fdc67ca9aadab228b75a297acb55a87db3e4748e82f623e3cbe6,4ccf2642f91c10e5ef78d549cf8ed0088696fccc6f0da27cfce273e5cd458c2d,,"{""backend"": ""gurobi"", ""gurobi_version"": [13, 0, 0], ""vehicle_weight"": 11478876, ""max_vehicles"": 25, ""distance_upper_bound"": 11478875, ""objective_upper_bound"": 298450775, ""cold_start"": true, ""threads"": 1, ""seed"": 0, ""seed_supported"": true, ""mip_gap_target"": 0.0, ""variable_count"": 9677, ""constraint_count"": 27933, ""arc_count"": 9377, ""gurobi_status_code"": 9, ""status"": ""time_limit"", ""incumbent_count"": 1, ""node_count"": 1.0, ""iteration_count"": 933.0, ""objective_bound"": 609257.1709334506, ""objective_bound_continuous"": 609257.1709334506, ""objective"": 290663190.0, ""scalar_objective"": 290663190, ""raw_objective_minus_integral_route_objective"": 0.0, ""mip_gap"": 0.9979039066799844}",results/0.5s/R207/gurobi-seed-0.json
ortools,R207,0.5,0,25,11478876,found,True,3,965438,965.438,0.003206100001989398,0.5034965000013472,0.503,0.0005116000029374845,0.5090614000000642,0.025514100001601037,,0.5085497999971267,0.0018471999937901273,52dc8eebba43fdc67ca9aadab228b75a297acb55a87db3e4748e82f623e3cbe6,4ccf2642f91c10e5ef78d549cf8ed0088696fccc6f0da27cfce273e5cd458c2d,,"{""ortools_version"": ""9.15.6755"", ""requested_seed"": 0, ""cp_solver_reseed_applied"": true, ""seed_api"": ""pywrapcp.Solver.ReSeed"", ""seed_semantics"": ""Applied to the underlying CP Solver RNG; RoutingSearchParameters has no random_seed field. This does not claim control over every routing-search randomness source."", ""warm_start"": false, ""vehicle_limit"": 25, ""vehicle_fixed_cost"": 11478876, ""max_solution_distance_bound"": 11478875, ""objective_value"": 35402066, ""solver_assignment_objective"": 35402066, ""scalar_objective"": 35402066, ""objective_lower_bound"": 23476099, ""objective_gap_to_lower_bound"": 11925967, ""lower_bound_components"": {""vehicles"": 2, ""distance_ticks"": 518347, ""distance_bound_method"": ""sum of each customer's minimum incoming arc""}, ""routing_status_code"": 1, ""routing_status"": ""ROUTING_SUCCESS"", ""optimality_proven"": false, ""first_solution_strategy"": ""PARALLEL_CHEAPEST_INSERTION"", ""local_search_metaheuristic"": ""GUIDED_LOCAL_SEARCH"", ""search_workers"": 1, ""search_worker_setting"": ""Routing CP exposes no worker-count parameter; one CP search was run."", ""search_time_limit_seconds"": 0.5, ""time_limit_scope"": ""SolveWithParameters call only; model preparation is separate"", ""first_feasible_seconds"": 0.025514100001601037, ""distance_ticks"": 965438}",results/0.5s/R207/ortools-seed-0.json
ours,R207,0.5,0,25,11478876,feasible,True,3,1164515,1164.515,5.7000004744622856e-05,0.5004658000034397,0.5004131000023335,0.00052039999718545,0.5018977999934577,0.3013998000024003,1,0.5013773999962723,0.0008545999880880117,52dc8eebba43fdc67ca9aadab228b75a297acb55a87db3e4748e82f623e3cbe6,4ccf2642f91c10e5ef78d549cf8ed0088696fccc6f0da27cfce273e5cd458c2d,,"{""config"": {""seed"": 0, ""max_iterations"": null, ""time_limit_seconds"": 0.5, ""fleet_attempts_per_k"": 100, ""fleet_time_fraction"": 0.75, ""fleet_strategy"": ""hybrid"", ""fleet_repair_rounds"": 5, ""fleet_related_count"": 8, ""max_moves"": null, ""construction_order"": ""due"", ""repair_order"": ""due"", ""repair_strategy"": ""cheapest"", ""search_strategy"": ""first"", ""operators"": [""relocate"", ""swap"", ""two_opt"", ""two_opt_star""], ""remove_min"": 3, ""remove_max"": 8, ""restart_after"": 20, ""diagnostics"": false, ""evaluation_mode"": ""incremental"", ""search_backend"": ""native"", ""num_neighbours"": null, ""operator_schedule"": ""cyclic"", ""infeasible_search"": false, ""adaptive_penalties"": true, ""penalty_update_interval"": 10, ""penalty_target_feasible"": 0.5, ""penalty_max_moves"": 8}, ""backend"": ""native"", ""native"": {""api_version"": 1, ""build_info"": ""compiler=MSVC 195035722; cxx_standard=17; api_version=1"", ""binary"": ""_native.cp312-win_amd64.pyd"", ""binary_sha256"": ""604462f386c003e397cd55934c67735731d9683e762902ff4d23fad1f410c0bb""}, ""stop_reason"": ""time_limit"", ""initial_distance_ticks"": 1302528, ""fleet"": {""lower_bound"": 2, ""stop_reason"": ""fleet_budget"", ""targets"": [{""target"": 3, ""trials"": 1, ""repair_rounds"": 1, ""elapsed_seconds"": 0.012914699997054413, ""first_feasible_seconds"": 0.012914699997054413, ""status"": ""found""}, {""target"": 2, ""trials"": 4, ""repair_rounds"": 11, ""elapsed_seconds"": 0.13571869999577757, ""first_feasible_seconds"": null, ""status"": ""time_limit""}]}, ""milestones"": [{""vehicles"": 3, ""distance"": 1164515, ""elapsed_seconds"": 0.3148247999997693}]}",results/0.5s/R207/ours-seed-0.json
pyvrp,R207,0.5,0,25,11478876,feasible,True,3,947715,947.715,0.001273800000490155,0.5113864999948419,0.5025977000041166,0.0003727999937837012,0.5151666999954614,,44,0.5147939000016777,0.0021336000063456595,52dc8eebba43fdc67ca9aadab228b75a297acb55a87db3e4748e82f623e3cbe6,4ccf2642f91c10e5ef78d549cf8ed0088696fccc6f0da27cfce273e5cd458c2d,,"{""version"": ""0.13.0a0"", ""algorithm"": ""local checkout IteratedLocalSearch"", ""time_limit_clock"": ""anchored before solve(), including initial solution and search setup"", ""seed_supported"": true, ""fixed_vehicle_cost"": 11478876, ""internal_feasible"": true, ""scalar_objective"": 35384343, ""internal_distance_ticks"": 947715, ""internal_vehicles"": 3}",results/0.5s/R207/pyvrp-seed-0.json
gurobi,R208,0.5,0,25,11478876,time_limit,True,25,3712902,3712.902,0.9765425000005052,0.5042458999960218,0.503000020980835,0.0009210999996867031,1.5085852999982308,1.3424537999962922,,1.507664199998544,0.02687580000201706,7b4a95d500af9329dd08791d39898a619faec0f8fac039d57373e761545b980d,4ccf2642f91c10e5ef78d549cf8ed0088696fccc6f0da27cfce273e5cd458c2d,,"{""backend"": ""gurobi"", ""gurobi_version"": [13, 0, 0], ""vehicle_weight"": 11478876, ""max_vehicles"": 25, ""distance_upper_bound"": 11478875, ""objective_upper_bound"": 298450775, ""cold_start"": true, ""threads"": 1, ""seed"": 0, ""seed_supported"": true, ""mip_gap_target"": 0.0, ""variable_count"": 10236, ""constraint_count"": 29610, ""arc_count"": 9936, ""gurobi_status_code"": 9, ""status"": ""time_limit"", ""incumbent_count"": 1, ""node_count"": 1.0, ""iteration_count"": 372.0, ""objective_bound"": 0.0, ""objective_bound_continuous"": 0.0, ""objective"": 290684802.0, ""scalar_objective"": 290684802, ""raw_objective_minus_integral_route_objective"": 0.0, ""mip_gap"": 1.0}",results/0.5s/R208/gurobi-seed-0.json
ortools,R208,0.5,0,25,11478876,found,True,3,756121,756.121,0.0023564000002807006,0.5036590000017895,0.503,0.0005631999956676736,0.5078506999925594,0.02462740000191843,,0.5072874999968917,0.001272099994821474,7b4a95d500af9329dd08791d39898a619faec0f8fac039d57373e761545b980d,4ccf2642f91c10e5ef78d549cf8ed0088696fccc6f0da27cfce273e5cd458c2d,,"{""ortools_version"": ""9.15.6755"", ""requested_seed"": 0, ""cp_solver_reseed_applied"": true, ""seed_api"": ""pywrapcp.Solver.ReSeed"", ""seed_semantics"": ""Applied to the underlying CP Solver RNG; RoutingSearchParameters has no random_seed field. This does not claim control over every routing-search randomness source."", ""warm_start"": false, ""vehicle_limit"": 25, ""vehicle_fixed_cost"": 11478876, ""max_solution_distance_bound"": 11478875, ""objective_value"": 35192749, ""solver_assignment_objective"": 35192749, ""scalar_objective"": 35192749, ""objective_lower_bound"": 23476099, ""objective_gap_to_lower_bound"": 11716650, ""lower_bound_components"": {""vehicles"": 2, ""distance_ticks"": 518347, ""distance_bound_method"": ""sum of each customer's minimum incoming arc""}, ""routing_status_code"": 1, ""routing_status"": ""ROUTING_SUCCESS"", ""optimality_proven"": false, ""first_solution_strategy"": ""PARALLEL_CHEAPEST_INSERTION"", ""local_search_metaheuristic"": ""GUIDED_LOCAL_SEARCH"", ""search_workers"": 1, ""search_worker_setting"": ""Routing CP exposes no worker-count parameter; one CP search was run."", ""search_time_limit_seconds"": 0.5, ""time_limit_scope"": ""SolveWithParameters call only; model preparation is separate"", ""first_feasible_seconds"": 0.02462740000191843, ""distance_ticks"": 756121}",results/0.5s/R208/ortools-seed-0.json
ours,R208,0.5,0,25,11478876,feasible,True,2,842502,842.502,5.420000525191426e-05,0.5006027000054019,0.5005533000003197,0.00048410000454168767,0.5020153000077698,0.3387886000055005,1,0.5015312000032282,0.0008742999925743788,7b4a95d500af9329dd08791d39898a619faec0f8fac039d57373e761545b980d,4ccf2642f91c10e5ef78d549cf8ed0088696fccc6f0da27cfce273e5cd458c2d,,"{""config"": {""seed"": 0, ""max_iterations"": null, ""time_limit_seconds"": 0.5, ""fleet_attempts_per_k"": 100, ""fleet_time_fraction"": 0.75, ""fleet_strategy"": ""hybrid"", ""fleet_repair_rounds"": 5, ""fleet_related_count"": 8, ""max_moves"": null, ""construction_order"": ""due"", ""repair_order"": ""due"", ""repair_strategy"": ""cheapest"", ""search_strategy"": ""first"", ""operators"": [""relocate"", ""swap"", ""two_opt"", ""two_opt_star""], ""remove_min"": 3, ""remove_max"": 8, ""restart_after"": 20, ""diagnostics"": false, ""evaluation_mode"": ""incremental"", ""search_backend"": ""native"", ""num_neighbours"": null, ""operator_schedule"": ""cyclic"", ""infeasible_search"": false, ""adaptive_penalties"": true, ""penalty_update_interval"": 10, ""penalty_target_feasible"": 0.5, ""penalty_max_moves"": 8}, ""backend"": ""native"", ""native"": {""api_version"": 1, ""build_info"": ""compiler=MSVC 195035722; cxx_standard=17; api_version=1"", ""binary"": ""_native.cp312-win_amd64.pyd"", ""binary_sha256"": ""604462f386c003e397cd55934c67735731d9683e762902ff4d23fad1f410c0bb""}, ""stop_reason"": ""time_limit"", ""initial_distance_ticks"": 957965, ""fleet"": {""lower_bound"": 2, ""stop_reason"": ""lower_bound"", ""targets"": [{""target"": 2, ""trials"": 2, ""repair_rounds"": 5, ""elapsed_seconds"": 0.03449019999970915, ""first_feasible_seconds"": 0.03449019999970915, ""status"": ""found""}]}, ""milestones"": [{""vehicles"": 2, ""distance"": 946859, ""elapsed_seconds"": 0.37377550000383053}]}",results/0.5s/R208/ours-seed-0.json
pyvrp,R208,0.5,0,25,11478876,feasible,True,4,763235,763.235,0.0014385999966179952,0.5019928999972763,0.4898230000035255,0.0004974000039510429,0.5055170000050566,,55,0.5050196000011056,0.0015881000072113238,7b4a95d500af9329dd08791d39898a619faec0f8fac039d57373e761545b980d,4ccf2642f91c10e5ef78d549cf8ed0088696fccc6f0da27cfce273e5cd458c2d,,"{""version"": ""0.13.0a0"", ""algorithm"": ""local checkout IteratedLocalSearch"", ""time_limit_clock"": ""anchored before solve(), including initial solution and search setup"", ""seed_supported"": true, ""fixed_vehicle_cost"": 11478876, ""internal_feasible"": true, ""scalar_objective"": 46678739, ""internal_distance_ticks"": 763235, ""internal_vehicles"": 4}",results/0.5s/R208/pyvrp-seed-0.json
gurobi,R209,0.5,0,25,11478876,time_limit,True,25,3719210,3719.21,0.8397401000038371,0.503577999996196,0.503000020980835,0.0005957000030321069,1.3670939000003273,1.1185192000048119,,1.3664981999972952,0.023180099997262005,5b74156d032babcff853ccc693f94463eca8333cd425aa99a39ed996f6258933,4ccf2642f91c10e5ef78d549cf8ed0088696fccc6f0da27cfce273e5cd458c2d,,"{""backend"": ""gurobi"", ""gurobi_version"": [13, 0, 0], ""vehicle_weight"": 11478876, ""max_vehicles"": 25, ""distance_upper_bound"": 11478875, ""objective_upper_bound"": 298450775, ""cold_start"": true, ""threads"": 1, ""seed"": 0, ""seed_supported"": true, ""mip_gap_target"": 0.0, ""variable_count"": 8816, ""constraint_count"": 25350, ""arc_count"": 8516, ""gurobi_status_code"": 9, ""status"": ""time_limit"", ""incumbent_count"": 1, ""node_count"": 1.0, ""iteration_count"": 904.0, ""objective_bound"": 654841.051817488, ""objective_bound_continuous"": 654841.051817488, ""objective"": 290691110.0, ""scalar_objective"": 290691110, ""raw_objective_minus_integral_route_objective"": 0.0, ""mip_gap"": 0.9977472959120852}",results/0.5s/R209/gurobi-seed-0.json
ortools,R209,0.5,0,25,11478876,found,True,4,1008413,1008.413,0.0029580999980680645,0.5013698999973712,0.501,0.0006729000015184283,0.5063328000032925,0.02577200000087032,,0.5056599000017741,0.001331900006334763,5b74156d032babcff853ccc693f94463eca8333cd425aa99a39ed996f6258933,4ccf2642f91c10e5ef78d549cf8ed0088696fccc6f0da27cfce273e5cd458c2d,,"{""ortools_version"": ""9.15.6755"", ""requested_seed"": 0, ""cp_solver_reseed_applied"": true, ""seed_api"": ""pywrapcp.Solver.ReSeed"", ""seed_semantics"": ""Applied to the underlying CP Solver RNG; RoutingSearchParameters has no random_seed field. This does not claim control over every routing-search randomness source."", ""warm_start"": false, ""vehicle_limit"": 25, ""vehicle_fixed_cost"": 11478876, ""max_solution_distance_bound"": 11478875, ""objective_value"": 46923917, ""solver_assignment_objective"": 46923917, ""scalar_objective"": 46923917, ""objective_lower_bound"": 23476099, ""objective_gap_to_lower_bound"": 23447818, ""lower_bound_components"": {""vehicles"": 2, ""distance_ticks"": 518347, ""distance_bound_method"": ""sum of each customer's minimum incoming arc""}, ""routing_status_code"": 1, ""routing_status"": ""ROUTING_SUCCESS"", ""optimality_proven"": false, ""first_solution_strategy"": ""PARALLEL_CHEAPEST_INSERTION"", ""local_search_metaheuristic"": ""GUIDED_LOCAL_SEARCH"", ""search_workers"": 1, ""search_worker_setting"": ""Routing CP exposes no worker-count parameter; one CP search was run."", ""search_time_limit_seconds"": 0.5, ""time_limit_scope"": ""SolveWithParameters call only; model preparation is separate"", ""first_feasible_seconds"": 0.02577200000087032, ""distance_ticks"": 1008413}",results/0.5s/R209/ortools-seed-0.json
ours,R209,0.5,0,25,11478876,feasible,True,3,1366853,1366.853,6.1399994592648e-05,0.5006370000046445,0.5005853000038769,0.00047530000301776454,0.5018914000029326,0.2386642000055872,1,0.5014160999999149,0.0007177000006777234,5b74156d032babcff853ccc693f94463eca8333cd425aa99a39ed996f6258933,4ccf2642f91c10e5ef78d549cf8ed0088696fccc6f0da27cfce273e5cd458c2d,,"{""config"": {""seed"": 0, ""max_iterations"": null, ""time_limit_seconds"": 0.5, ""fleet_attempts_per_k"": 100, ""fleet_time_fraction"": 0.75, ""fleet_strategy"": ""hybrid"", ""fleet_repair_rounds"": 5, ""fleet_related_count"": 8, ""max_moves"": null, ""construction_order"": ""due"", ""repair_order"": ""due"", ""repair_strategy"": ""cheapest"", ""search_strategy"": ""first"", ""operators"": [""relocate"", ""swap"", ""two_opt"", ""two_opt_star""], ""remove_min"": 3, ""remove_max"": 8, ""restart_after"": 20, ""diagnostics"": false, ""evaluation_mode"": ""incremental"", ""search_backend"": ""native"", ""num_neighbours"": null, ""operator_schedule"": ""cyclic"", ""infeasible_search"": false, ""adaptive_penalties"": true, ""penalty_update_interval"": 10, ""penalty_target_feasible"": 0.5, ""penalty_max_moves"": 8}, ""backend"": ""native"", ""native"": {""api_version"": 1, ""build_info"": ""compiler=MSVC 195035722; cxx_standard=17; api_version=1"", ""binary"": ""_native.cp312-win_amd64.pyd"", ""binary_sha256"": ""604462f386c003e397cd55934c67735731d9683e762902ff4d23fad1f410c0bb""}, ""stop_reason"": ""time_limit"", ""initial_distance_ticks"": 1712415, ""fleet"": {""lower_bound"": 2, ""stop_reason"": ""fleet_budget"", ""targets"": [{""target"": 3, ""trials"": 2, ""repair_rounds"": 6, ""elapsed_seconds"": 0.04403449999517761, ""first_feasible_seconds"": 0.04403449999517761, ""status"": ""found""}, {""target"": 2, ""trials"": 4, ""repair_rounds"": 12, ""elapsed_seconds"": 0.15183109999634326, ""first_feasible_seconds"": null, ""status"": ""time_limit""}]}, ""milestones"": [{""vehicles"": 3, ""distance"": 1558059, ""elapsed_seconds"": 0.2832124000051408}]}",results/0.5s/R209/ours-seed-0.json
pyvrp,R209,0.5,0,25,11478876,feasible,True,5,958920,958.92,0.00105230000190204,0.5097211999964202,0.5022652000043308,0.0005300999982864596,0.5128612999978941,,52,0.5123311999996076,0.0015577000012854114,5b74156d032babcff853ccc693f94463eca8333cd425aa99a39ed996f6258933,4ccf2642f91c10e5ef78d549cf8ed0088696fccc6f0da27cfce273e5cd458c2d,,"{""version"": ""0.13.0a0"", ""algorithm"": ""local checkout IteratedLocalSearch"", ""time_limit_clock"": ""anchored before solve(), including initial solution and search setup"", ""seed_supported"": true, ""fixed_vehicle_cost"": 11478876, ""internal_feasible"": true, ""scalar_objective"": 58353300, ""internal_distance_ticks"": 958920, ""internal_vehicles"": 5}",results/0.5s/R209/pyvrp-seed-0.json
gurobi,R210,0.5,0,25,11478876,time_limit,True,25,3691974,3691.974,0.812364899997192,0.5042286000025342,0.5039999485015869,0.0005412000027718022,1.3401514000070165,1.1157582999949227,,1.3396102000042447,0.023016700004518498,4e5772f109fb6183e6a648d6a1edaba3435438c2dc11c42da370fecf7bdf3a14,4ccf2642f91c10e5ef78d549cf8ed0088696fccc6f0da27cfce273e5cd458c2d,,"{""backend"": ""gurobi"", ""gurobi_version"": [13, 0, 0], ""vehicle_weight"": 11478876, ""max_vehicles"": 25, ""distance_upper_bound"": 11478875, ""objective_upper_bound"": 298450775, ""cold_start"": true, ""threads"": 1, ""seed"": 0, ""seed_supported"": true, ""mip_gap_target"": 0.0, ""variable_count"": 8865, ""constraint_count"": 25497, ""arc_count"": 8565, ""gurobi_status_code"": 9, ""status"": ""time_limit"", ""incumbent_count"": 1, ""node_count"": 1.0, ""iteration_count"": 1074.0, ""objective_bound"": 645345.7767195264, ""objective_bound_continuous"": 645345.7767195264, ""objective"": 290663874.0, ""scalar_objective"": 290663874, ""raw_objective_minus_integral_route_objective"": 0.0, ""mip_gap"": 0.9977797523722556}",results/0.5s/R210/gurobi-seed-0.json
ortools,R210,0.5,0,25,11478876,found,True,4,1058295,1058.295,0.0031594999963999726,0.4997252999964985,0.5,0.0005224999986239709,0.5055011000004015,0.025118400000792462,,0.5049786000017775,0.002093800008879043,4e5772f109fb6183e6a648d6a1edaba3435438c2dc11c42da370fecf7bdf3a14,4ccf2642f91c10e5ef78d549cf8ed0088696fccc6f0da27cfce273e5cd458c2d,,"{""ortools_version"": ""9.15.6755"", ""requested_seed"": 0, ""cp_solver_reseed_applied"": true, ""seed_api"": ""pywrapcp.Solver.ReSeed"", ""seed_semantics"": ""Applied to the underlying CP Solver RNG; RoutingSearchParameters has no random_seed field. This does not claim control over every routing-search randomness source."", ""warm_start"": false, ""vehicle_limit"": 25, ""vehicle_fixed_cost"": 11478876, ""max_solution_distance_bound"": 11478875, ""objective_value"": 46973799, ""solver_assignment_objective"": 46973799, ""scalar_objective"": 46973799, ""objective_lower_bound"": 23476099, ""objective_gap_to_lower_bound"": 23497700, ""lower_bound_components"": {""vehicles"": 2, ""distance_ticks"": 518347, ""distance_bound_method"": ""sum of each customer's minimum incoming arc""}, ""routing_status_code"": 2, ""routing_status"": ""ROUTING_PARTIAL_SUCCESS_LOCAL_OPTIMUM_NOT_REACHED"", ""optimality_proven"": false, ""first_solution_strategy"": ""PARALLEL_CHEAPEST_INSERTION"", ""local_search_metaheuristic"": ""GUIDED_LOCAL_SEARCH"", ""search_workers"": 1, ""search_worker_setting"": ""Routing CP exposes no worker-count parameter; one CP search was run."", ""search_time_limit_seconds"": 0.5, ""time_limit_scope"": ""SolveWithParameters call only; model preparation is separate"", ""first_feasible_seconds"": 0.025118400000792462, ""distance_ticks"": 1058295}",results/0.5s/R210/ortools-seed-0.json
ours,R210,0.5,0,25,11478876,feasible,True,3,1327330,1327.33,5.819999933009967e-05,0.5006332999982988,0.5005852000031155,0.0004934000025968999,0.501860399999714,0.2543855000039912,1,0.5013669999971171,0.0006754999994882382,4e5772f109fb6183e6a648d6a1edaba3435438c2dc11c42da370fecf7bdf3a14,4ccf2642f91c10e5ef78d549cf8ed0088696fccc6f0da27cfce273e5cd458c2d,,"{""config"": {""seed"": 0, ""max_iterations"": null, ""time_limit_seconds"": 0.5, ""fleet_attempts_per_k"": 100, ""fleet_time_fraction"": 0.75, ""fleet_strategy"": ""hybrid"", ""fleet_repair_rounds"": 5, ""fleet_related_count"": 8, ""max_moves"": null, ""construction_order"": ""due"", ""repair_order"": ""due"", ""repair_strategy"": ""cheapest"", ""search_strategy"": ""first"", ""operators"": [""relocate"", ""swap"", ""two_opt"", ""two_opt_star""], ""remove_min"": 3, ""remove_max"": 8, ""restart_after"": 20, ""diagnostics"": false, ""evaluation_mode"": ""incremental"", ""search_backend"": ""native"", ""num_neighbours"": null, ""operator_schedule"": ""cyclic"", ""infeasible_search"": false, ""adaptive_penalties"": true, ""penalty_update_interval"": 10, ""penalty_target_feasible"": 0.5, ""penalty_max_moves"": 8}, ""backend"": ""native"", ""native"": {""api_version"": 1, ""build_info"": ""compiler=MSVC 195035722; cxx_standard=17; api_version=1"", ""binary"": ""_native.cp312-win_amd64.pyd"", ""binary_sha256"": ""604462f386c003e397cd55934c67735731d9683e762902ff4d23fad1f410c0bb""}, ""stop_reason"": ""time_limit"", ""initial_distance_ticks"": 1443660, ""fleet"": {""lower_bound"": 2, ""stop_reason"": ""fleet_budget"", ""targets"": [{""target"": 2, ""trials"": 6, ""repair_rounds"": 15, ""elapsed_seconds"": 0.1839562000022852, ""first_feasible_seconds"": null, ""status"": ""time_limit""}]}, ""milestones"": []}",results/0.5s/R210/ours-seed-0.json
pyvrp,R210,0.5,0,25,11478876,feasible,True,4,970113,970.113,0.0011291999981040135,0.5021154999994906,0.49215430000185734,0.000549100004718639,0.5053048000045237,,44,0.5047556999998051,0.0015110000022104941,4e5772f109fb6183e6a648d6a1edaba3435438c2dc11c42da370fecf7bdf3a14,4ccf2642f91c10e5ef78d549cf8ed0088696fccc6f0da27cfce273e5cd458c2d,,"{""version"": ""0.13.0a0"", ""algorithm"": ""local checkout IteratedLocalSearch"", ""time_limit_clock"": ""anchored before solve(), including initial solution and search setup"", ""seed_supported"": true, ""fixed_vehicle_cost"": 11478876, ""internal_feasible"": true, ""scalar_objective"": 46885617, ""internal_distance_ticks"": 970113, ""internal_vehicles"": 4}",results/0.5s/R210/pyvrp-seed-0.json
gurobi,R211,0.5,0,25,11478876,time_limit,True,25,3887770,3887.77,0.9381371999988914,0.5029636999970535,0.503000020980835,0.0005453999983728863,1.4682683999926667,1.2951216000001295,,1.4677229999942938,0.026622099998348858,2965507e467a2f92acd59035975910e36ae11e4f49590d4c7d20a883939227ad,4ccf2642f91c10e5ef78d549cf8ed0088696fccc6f0da27cfce273e5cd458c2d,,"{""backend"": ""gurobi"", ""gurobi_version"": [13, 0, 0], ""vehicle_weight"": 11478876, ""max_vehicles"": 25, ""distance_upper_bound"": 11478875, ""objective_upper_bound"": 298450775, ""cold_start"": true, ""threads"": 1, ""seed"": 0, ""seed_supported"": true, ""mip_gap_target"": 0.0, ""variable_count"": 10296, ""constraint_count"": 29790, ""arc_count"": 9996, ""gurobi_status_code"": 9, ""status"": ""time_limit"", ""incumbent_count"": 1, ""node_count"": 1.0, ""iteration_count"": 408.0, ""objective_bound"": 0.0, ""objective_bound_continuous"": 0.0, ""objective"": 290859670.0, ""scalar_objective"": 290859670, ""raw_objective_minus_integral_route_objective"": 0.0, ""mip_gap"": 1.0}",results/0.5s/R211/gurobi-seed-0.json
ortools,R211,0.5,0,25,11478876,found,True,3,931655,931.655,0.002776399996946566,0.5004082000014023,0.5,0.0005051999978604726,0.5051971999928355,0.025325599999632686,,0.504691999994975,0.0015073999966261908,2965507e467a2f92acd59035975910e36ae11e4f49590d4c7d20a883939227ad,4ccf2642f91c10e5ef78d549cf8ed0088696fccc6f0da27cfce273e5cd458c2d,,"{""ortools_version"": ""9.15.6755"", ""requested_seed"": 0, ""cp_solver_reseed_applied"": true, ""seed_api"": ""pywrapcp.Solver.ReSeed"", ""seed_semantics"": ""Applied to the underlying CP Solver RNG; RoutingSearchParameters has no random_seed field. This does not claim control over every routing-search randomness source."", ""warm_start"": false, ""vehicle_limit"": 25, ""vehicle_fixed_cost"": 11478876, ""max_solution_distance_bound"": 11478875, ""objective_value"": 35368283, ""solver_assignment_objective"": 35368283, ""scalar_objective"": 35368283, ""objective_lower_bound"": 23476099, ""objective_gap_to_lower_bound"": 11892184, ""lower_bound_components"": {""vehicles"": 2, ""distance_ticks"": 518347, ""distance_bound_method"": ""sum of each customer's minimum incoming arc""}, ""routing_status_code"": 2, ""routing_status"": ""ROUTING_PARTIAL_SUCCESS_LOCAL_OPTIMUM_NOT_REACHED"", ""optimality_proven"": false, ""first_solution_strategy"": ""PARALLEL_CHEAPEST_INSERTION"", ""local_search_metaheuristic"": ""GUIDED_LOCAL_SEARCH"", ""search_workers"": 1, ""search_worker_setting"": ""Routing CP exposes no worker-count parameter; one CP search was run."", ""search_time_limit_seconds"": 0.5, ""time_limit_scope"": ""SolveWithParameters call only; model preparation is separate"", ""first_feasible_seconds"": 0.025325599999632686, ""distance_ticks"": 931655}",results/0.5s/R211/ortools-seed-0.json
ours,R211,0.5,0,25,11478876,feasible,True,3,1384720,1384.72,5.140000575920567e-05,0.5007272999937413,0.5006815000015195,0.000581599997531157,0.5020759999970323,0.2943864999979269,1,0.5014943999995012,0.0007157000000006519,2965507e467a2f92acd59035975910e36ae11e4f49590d4c7d20a883939227ad,4ccf2642f91c10e5ef78d549cf8ed0088696fccc6f0da27cfce273e5cd458c2d,,"{""config"": {""seed"": 0, ""max_iterations"": null, ""time_limit_seconds"": 0.5, ""fleet_attempts_per_k"": 100, ""fleet_time_fraction"": 0.75, ""fleet_strategy"": ""hybrid"", ""fleet_repair_rounds"": 5, ""fleet_related_count"": 8, ""max_moves"": null, ""construction_order"": ""due"", ""repair_order"": ""due"", ""repair_strategy"": ""cheapest"", ""search_strategy"": ""first"", ""operators"": [""relocate"", ""swap"", ""two_opt"", ""two_opt_star""], ""remove_min"": 3, ""remove_max"": 8, ""restart_after"": 20, ""diagnostics"": false, ""evaluation_mode"": ""incremental"", ""search_backend"": ""native"", ""num_neighbours"": null, ""operator_schedule"": ""cyclic"", ""infeasible_search"": false, ""adaptive_penalties"": true, ""penalty_update_interval"": 10, ""penalty_target_feasible"": 0.5, ""penalty_max_moves"": 8}, ""backend"": ""native"", ""native"": {""api_version"": 1, ""build_info"": ""compiler=MSVC 195035722; cxx_standard=17; api_version=1"", ""binary"": ""_native.cp312-win_amd64.pyd"", ""binary_sha256"": ""604462f386c003e397cd55934c67735731d9683e762902ff4d23fad1f410c0bb""}, ""stop_reason"": ""time_limit"", ""initial_distance_ticks"": 1516434, ""fleet"": {""lower_bound"": 2, ""stop_reason"": ""fleet_budget"", ""targets"": [{""target"": 2, ""trials"": 4, ""repair_rounds"": 11, ""elapsed_seconds"": 0.153979700000491, ""first_feasible_seconds"": null, ""status"": ""time_limit""}]}, ""milestones"": []}",results/0.5s/R211/ours-seed-0.json
pyvrp,R211,0.5,0,25,11478876,feasible,True,3,847927,847.927,0.0010096000041812658,0.5043758000028902,0.493172800001048,0.0004989000008208677,0.5074167999991914,,61,0.5069178999983706,0.0015324999912991188,2965507e467a2f92acd59035975910e36ae11e4f49590d4c7d20a883939227ad,4ccf2642f91c10e5ef78d549cf8ed0088696fccc6f0da27cfce273e5cd458c2d,,"{""version"": ""0.13.0a0"", ""algorithm"": ""local checkout IteratedLocalSearch"", ""time_limit_clock"": ""anchored before solve(), including initial solution and search setup"", ""seed_supported"": true, ""fixed_vehicle_cost"": 11478876, ""internal_feasible"": true, ""scalar_objective"": 35284555, ""internal_distance_ticks"": 847927, ""internal_vehicles"": 3}",results/0.5s/R211/pyvrp-seed-0.json
gurobi,RC101,0.5,0,25,12651626,time_limit,False,,,,0.35708019999583485,0.5095590999990236,0.5099999904632568,2.0000006770715117e-06,0.87363170000026,,,0.873629699999583,0.006990400004724506,ef6893ffd9746ad96de8e4da6e64e2c4ba6e08a1c7eb9457276a9f1caf01ca12,4ccf2642f91c10e5ef78d549cf8ed0088696fccc6f0da27cfce273e5cd458c2d,,"{""backend"": ""gurobi"", ""gurobi_version"": [13, 0, 0], ""vehicle_weight"": 12651626, ""max_vehicles"": 25, ""distance_upper_bound"": 12651625, ""objective_upper_bound"": 328942275, ""cold_start"": true, ""threads"": 1, ""seed"": 0, ""seed_supported"": true, ""mip_gap_target"": 0.0, ""variable_count"": 3937, ""constraint_count"": 10713, ""arc_count"": 3637, ""gurobi_status_code"": 9, ""status"": ""time_limit"", ""incumbent_count"": 0, ""node_count"": 1.0, ""iteration_count"": 2022.0, ""objective_bound"": 63186945.202230364, ""objective_bound_continuous"": 63186945.202230364}",results/0.5s/RC101/gurobi-seed-0.json
ortools,RC101,0.5,0,25,12651626,found,True,16,1749889,1749.889,0.002606100002594758,0.5010251000057906,0.501,0.0005185999980312772,0.5053558999934467,0.026410800004669,,0.5048372999954154,0.0012060999870300293,ef6893ffd9746ad96de8e4da6e64e2c4ba6e08a1c7eb9457276a9f1caf01ca12,4ccf2642f91c10e5ef78d549cf8ed0088696fccc6f0da27cfce273e5cd458c2d,,"{""ortools_version"": ""9.15.6755"", ""requested_seed"": 0, ""cp_solver_reseed_applied"": true, ""seed_api"": ""pywrapcp.Solver.ReSeed"", ""seed_semantics"": ""Applied to the underlying CP Solver RNG; RoutingSearchParameters has no random_seed field. This does not claim control over every routing-search randomness source."", ""warm_start"": false, ""vehicle_limit"": 25, ""vehicle_fixed_cost"": 12651626, ""max_solution_distance_bound"": 12651625, ""objective_value"": 204175905, ""solver_assignment_objective"": 204175905, ""scalar_objective"": 204175905, ""objective_lower_bound"": 114324039, ""objective_gap_to_lower_bound"": 89851866, ""lower_bound_components"": {""vehicles"": 9, ""distance_ticks"": 459405, ""distance_bound_method"": ""sum of each customer's minimum incoming arc""}, ""routing_status_code"": 1, ""routing_status"": ""ROUTING_SUCCESS"", ""optimality_proven"": false, ""first_solution_strategy"": ""PARALLEL_CHEAPEST_INSERTION"", ""local_search_metaheuristic"": ""GUIDED_LOCAL_SEARCH"", ""search_workers"": 1, ""search_worker_setting"": ""Routing CP exposes no worker-count parameter; one CP search was run."", ""search_time_limit_seconds"": 0.5, ""time_limit_scope"": ""SolveWithParameters call only; model preparation is separate"", ""first_feasible_seconds"": 0.026410800004669, ""distance_ticks"": 1749889}",results/0.5s/RC101/ortools-seed-0.json
ours,RC101,0.5,0,25,12651626,feasible,True,16,1781132,1781.132,8.209999941755086e-05,0.5009258999998565,0.5008432999966317,0.0005289999971864745,0.5024503999957233,0.09673070000280859,1,0.5019213999985368,0.000913399999262765,ef6893ffd9746ad96de8e4da6e64e2c4ba6e08a1c7eb9457276a9f1caf01ca12,4ccf2642f91c10e5ef78d549cf8ed0088696fccc6f0da27cfce273e5cd458c2d,,"{""config"": {""seed"": 0, ""max_iterations"": null, ""time_limit_seconds"": 0.5, ""fleet_attempts_per_k"": 100, ""fleet_time_fraction"": 0.75, ""fleet_strategy"": ""hybrid"", ""fleet_repair_rounds"": 5, ""fleet_related_count"": 8, ""max_moves"": null, ""construction_order"": ""due"", ""repair_order"": ""due"", ""repair_strategy"": ""cheapest"", ""search_strategy"": ""first"", ""operators"": [""relocate"", ""swap"", ""two_opt"", ""two_opt_star""], ""remove_min"": 3, ""remove_max"": 8, ""restart_after"": 20, ""diagnostics"": false, ""evaluation_mode"": ""incremental"", ""search_backend"": ""native"", ""num_neighbours"": null, ""operator_schedule"": ""cyclic"", ""infeasible_search"": false, ""adaptive_penalties"": true, ""penalty_update_interval"": 10, ""penalty_target_feasible"": 0.5, ""penalty_max_moves"": 8}, ""backend"": ""native"", ""native"": {""api_version"": 1, ""build_info"": ""compiler=MSVC 195035722; cxx_standard=17; api_version=1"", ""binary"": ""_native.cp312-win_amd64.pyd"", ""binary_sha256"": ""604462f386c003e397cd55934c67735731d9683e762902ff4d23fad1f410c0bb""}, ""stop_reason"": ""time_limit"", ""initial_distance_ticks"": 2194583, ""fleet"": {""lower_bound"": 9, ""stop_reason"": ""fleet_budget"", ""targets"": [{""target"": 19, ""trials"": 1, ""repair_rounds"": 1, ""elapsed_seconds"": 0.011587300003156997, ""first_feasible_seconds"": 0.011587300003156997, ""status"": ""found""}, {""target"": 18, ""trials"": 2, ""repair_rounds"": 2, ""elapsed_seconds"": 0.007363299999269657, ""first_feasible_seconds"": 0.007363299999269657, ""status"": ""found""}, {""target"": 17, ""trials"": 2, ""repair_rounds"": 2, ""elapsed_seconds"": 0.009164999995846301, ""first_feasible_seconds"": 0.009164999995846301, ""status"": ""found""}, {""target"": 16, ""trials"": 6, ""repair_rounds"": 18, ""elapsed_seconds"": 0.10099320000153966, ""first_feasible_seconds"": 0.10099320000153966, ""status"": ""found""}, {""target"": 15, ""trials"": 14, ""repair_rounds"": 41, ""elapsed_seconds"": 0.17144850000477163, ""first_feasible_seconds"": null, ""status"": ""time_limit""}]}, ""milestones"": [{""vehicles"": 19, ""distance"": 2031958, ""elapsed_seconds"": 0.1092692000020179}, {""vehicles"": 18, ""distance"": 2061853, ""elapsed_seconds"": 0.11685040000156732}, {""vehicles"": 17, ""distance"": 2041527, ""elapsed_seconds"": 0.1264037000000826}, {""vehicles"": 16, ""distance"": 1964874, ""elapsed_seconds"": 0.22790620000159834}]}",results/0.5s/RC101/ours-seed-0.json
pyvrp,RC101,0.5,0,25,12651626,feasible,True,17,1751132,1751.132,0.001341299997875467,0.5060540999984369,0.4976955999954953,0.0005320999989635311,0.5095574999941164,,60,0.5090253999951528,0.0016299999988405034,ef6893ffd9746ad96de8e4da6e64e2c4ba6e08a1c7eb9457276a9f1caf01ca12,4ccf2642f91c10e5ef78d549cf8ed0088696fccc6f0da27cfce273e5cd458c2d,,"{""version"": ""0.13.0a0"", ""algorithm"": ""local checkout IteratedLocalSearch"", ""time_limit_clock"": ""anchored before solve(), including initial solution and search setup"", ""seed_supported"": true, ""fixed_vehicle_cost"": 12651626, ""internal_feasible"": true, ""scalar_objective"": 216828774, ""internal_distance_ticks"": 1751132, ""internal_vehicles"": 17}",results/0.5s/RC101/pyvrp-seed-0.json
gurobi,RC102,0.5,0,25,12651626,time_limit,False,,,,0.5825403000053484,0.508126299995638,0.5069999694824219,2.1000014385208488e-06,1.0987585000038962,,,1.0987564000024577,0.008089800001471303,36acd349d34a577c7fadd61f78517c2cb74bd06a490273800c288f341e5785a4,4ccf2642f91c10e5ef78d549cf8ed0088696fccc6f0da27cfce273e5cd458c2d,,"{""backend"": ""gurobi"", ""gurobi_version"": [13, 0, 0], ""vehicle_weight"": 12651626, ""max_vehicles"": 25, ""distance_upper_bound"": 12651625, ""objective_upper_bound"": 328942275, ""cold_start"": true, ""threads"": 1, ""seed"": 0, ""seed_supported"": true, ""mip_gap_target"": 0.0, ""variable_count"": 6295, ""constraint_count"": 17787, ""arc_count"": 5995, ""gurobi_status_code"": 9, ""status"": ""time_limit"", ""incumbent_count"": 0, ""node_count"": 1.0, ""iteration_count"": 925.0, ""objective_bound"": 711971.5938706892, ""objective_bound_continuous"": 711971.5938706892}",results/0.5s/RC102/gurobi-seed-0.json
ortools,RC102,0.5,0,25,12651626,found,True,15,1572256,1572.256,0.002577300001576077,0.5023798999973224,0.502,0.0005643999975291081,0.5066649000000325,0.023365799999737646,,0.5061005000025034,0.0011433000036049634,36acd349d34a577c7fadd61f78517c2cb74bd06a490273800c288f341e5785a4,4ccf2642f91c10e5ef78d549cf8ed0088696fccc6f0da27cfce273e5cd458c2d,,"{""ortools_version"": ""9.15.6755"", ""requested_seed"": 0, ""cp_solver_reseed_applied"": true, ""seed_api"": ""pywrapcp.Solver.ReSeed"", ""seed_semantics"": ""Applied to the underlying CP Solver RNG; RoutingSearchParameters has no random_seed field. This does not claim control over every routing-search randomness source."", ""warm_start"": false, ""vehicle_limit"": 25, ""vehicle_fixed_cost"": 12651626, ""max_solution_distance_bound"": 12651625, ""objective_value"": 191346646, ""solver_assignment_objective"": 191346646, ""scalar_objective"": 191346646, ""objective_lower_bound"": 114324039, ""objective_gap_to_lower_bound"": 77022607, ""lower_bound_components"": {""vehicles"": 9, ""distance_ticks"": 459405, ""distance_bound_method"": ""sum of each customer's minimum incoming arc""}, ""routing_status_code"": 2, ""routing_status"": ""ROUTING_PARTIAL_SUCCESS_LOCAL_OPTIMUM_NOT_REACHED"", ""optimality_proven"": false, ""first_solution_strategy"": ""PARALLEL_CHEAPEST_INSERTION"", ""local_search_metaheuristic"": ""GUIDED_LOCAL_SEARCH"", ""search_workers"": 1, ""search_worker_setting"": ""Routing CP exposes no worker-count parameter; one CP search was run."", ""search_time_limit_seconds"": 0.5, ""time_limit_scope"": ""SolveWithParameters call only; model preparation is separate"", ""first_feasible_seconds"": 0.023365799999737646, ""distance_ticks"": 1572256}",results/0.5s/RC102/ortools-seed-0.json
ours,RC102,0.5,0,25,12651626,feasible,True,15,1561232,1561.232,6.040000153006986e-05,0.5007072000007611,0.5006472999957623,0.0005038999952375889,0.5020157999970252,0.09641310000006342,1,0.5015119000017876,0.0007442999994964339,36acd349d34a577c7fadd61f78517c2cb74bd06a490273800c288f341e5785a4,4ccf2642f91c10e5ef78d549cf8ed0088696fccc6f0da27cfce273e5cd458c2d,,"{""config"": {""seed"": 0, ""max_iterations"": null, ""time_limit_seconds"": 0.5, ""fleet_attempts_per_k"": 100, ""fleet_time_fraction"": 0.75, ""fleet_strategy"": ""hybrid"", ""fleet_repair_rounds"": 5, ""fleet_related_count"": 8, ""max_moves"": null, ""construction_order"": ""due"", ""repair_order"": ""due"", ""repair_strategy"": ""cheapest"", ""search_strategy"": ""first"", ""operators"": [""relocate"", ""swap"", ""two_opt"", ""two_opt_star""], ""remove_min"": 3, ""remove_max"": 8, ""restart_after"": 20, ""diagnostics"": false, ""evaluation_mode"": ""incremental"", ""search_backend"": ""native"", ""num_neighbours"": null, ""operator_schedule"": ""cyclic"", ""infeasible_search"": false, ""adaptive_penalties"": true, ""penalty_update_interval"": 10, ""penalty_target_feasible"": 0.5, ""penalty_max_moves"": 8}, ""backend"": ""native"", ""native"": {""api_version"": 1, ""build_info"": ""compiler=MSVC 195035722; cxx_standard=17; api_version=1"", ""binary"": ""_native.cp312-win_amd64.pyd"", ""binary_sha256"": ""604462f386c003e397cd55934c67735731d9683e762902ff4d23fad1f410c0bb""}, ""stop_reason"": ""time_limit"", ""initial_distance_ticks"": 1870139, ""fleet"": {""lower_bound"": 9, ""stop_reason"": ""fleet_budget"", ""targets"": [{""target"": 16, ""trials"": 2, ""repair_rounds"": 2, ""elapsed_seconds"": 0.006624499997997191, ""first_feasible_seconds"": 0.006624499997997191, ""status"": ""found""}, {""target"": 15, ""trials"": 2, ""repair_rounds"": 5, ""elapsed_seconds"": 0.015684500001952983, ""first_feasible_seconds"": 0.015684500001952983, ""status"": ""found""}, {""target"": 14, ""trials"": 26, ""repair_rounds"": 77, ""elapsed_seconds"": 0.2795473000005586, ""first_feasible_seconds"": null, ""status"": ""time_limit""}]}, ""milestones"": [{""vehicles"": 16, ""distance"": 1800334, ""elapsed_seconds"": 0.10359449999668868}, {""vehicles"": 15, ""distance"": 1726598, ""elapsed_seconds"": 0.11955959999613697}]}",results/0.5s/RC102/ours-seed-0.json
pyvrp,RC102,0.5,0,25,12651626,feasible,True,16,1611129,1611.129,0.001432999997632578,0.5003798000034294,0.49267829999735113,0.0005732999998144805,0.5040948000023491,,67,0.5035215000025346,0.0017087000014726073,36acd349d34a577c7fadd61f78517c2cb74bd06a490273800c288f341e5785a4,4ccf2642f91c10e5ef78d549cf8ed0088696fccc6f0da27cfce273e5cd458c2d,,"{""version"": ""0.13.0a0"", ""algorithm"": ""local checkout IteratedLocalSearch"", ""time_limit_clock"": ""anchored before solve(), including initial solution and search setup"", ""seed_supported"": true, ""fixed_vehicle_cost"": 12651626, ""internal_feasible"": true, ""scalar_objective"": 204037145, ""internal_distance_ticks"": 1611129, ""internal_vehicles"": 16}",results/0.5s/RC102/pyvrp-seed-0.json
gurobi,RC103,0.5,0,25,12651626,time_limit,False,,,,0.7432219000038458,0.5135981999992509,0.5139999389648438,1.8999999156221747e-06,1.279064099995594,,,1.2790621999956784,0.022242099992581643,00f384138274d5d2bff5c41601db17cc4ad0cfc6315c27e223d4477bf435cc2d,4ccf2642f91c10e5ef78d549cf8ed0088696fccc6f0da27cfce273e5cd458c2d,,"{""backend"": ""gurobi"", ""gurobi_version"": [13, 0, 0], ""vehicle_weight"": 12651626, ""max_vehicles"": 25, ""distance_upper_bound"": 12651625, ""objective_upper_bound"": 328942275, ""cold_start"": true, ""threads"": 1, ""seed"": 0, ""seed_supported"": true, ""mip_gap_target"": 0.0, ""variable_count"": 8115, ""constraint_count"": 23247, ""arc_count"": 7815, ""gurobi_status_code"": 9, ""status"": ""time_limit"", ""incumbent_count"": 0, ""node_count"": 1.0, ""iteration_count"": 654.0, ""objective_bound"": 581668.412172115, ""objective_bound_continuous"": 581668.412172115}",results/0.5s/RC103/gurobi-seed-0.json
ortools,RC103,0.5,0,25,12651626,found,True,13,1436056,1436.056,0.002293099998496473,0.5011081999982707,0.501,0.0006248999998206273,0.5053205999938655,0.024473900004522875,,0.5046956999940448,0.001294399997277651,00f384138274d5d2bff5c41601db17cc4ad0cfc6315c27e223d4477bf435cc2d,4ccf2642f91c10e5ef78d549cf8ed0088696fccc6f0da27cfce273e5cd458c2d,,"{""ortools_version"": ""9.15.6755"", ""requested_seed"": 0, ""cp_solver_reseed_applied"": true, ""seed_api"": ""pywrapcp.Solver.ReSeed"", ""seed_semantics"": ""Applied to the underlying CP Solver RNG; RoutingSearchParameters has no random_seed field. This does not claim control over every routing-search randomness source."", ""warm_start"": false, ""vehicle_limit"": 25, ""vehicle_fixed_cost"": 12651626, ""max_solution_distance_bound"": 12651625, ""objective_value"": 165907194, ""solver_assignment_objective"": 165907194, ""scalar_objective"": 165907194, ""objective_lower_bound"": 114324039, ""objective_gap_to_lower_bound"": 51583155, ""lower_bound_components"": {""vehicles"": 9, ""distance_ticks"": 459405, ""distance_bound_method"": ""sum of each customer's minimum incoming arc""}, ""routing_status_code"": 2, ""routing_status"": ""ROUTING_PARTIAL_SUCCESS_LOCAL_OPTIMUM_NOT_REACHED"", ""optimality_proven"": false, ""first_solution_strategy"": ""PARALLEL_CHEAPEST_INSERTION"", ""local_search_metaheuristic"": ""GUIDED_LOCAL_SEARCH"", ""search_workers"": 1, ""search_worker_setting"": ""Routing CP exposes no worker-count parameter; one CP search was run."", ""search_time_limit_seconds"": 0.5, ""time_limit_scope"": ""SolveWithParameters call only; model preparation is separate"", ""first_feasible_seconds"": 0.024473900004522875, ""distance_ticks"": 1436056}",results/0.5s/RC103/ortools-seed-0.json
ours,RC103,0.5,0,25,12651626,feasible,True,12,1496702,1496.702,6.609999400097877e-05,0.5006683000028715,0.5006108999950811,0.00039119999564718455,0.5019568999996409,0.10452059999806806,1,0.5015657000039937,0.0008313000071211718,00f384138274d5d2bff5c41601db17cc4ad0cfc6315c27e223d4477bf435cc2d,4ccf2642f91c10e5ef78d549cf8ed0088696fccc6f0da27cfce273e5cd458c2d,,"{""config"": {""seed"": 0, ""max_iterations"": null, ""time_limit_seconds"": 0.5, ""fleet_attempts_per_k"": 100, ""fleet_time_fraction"": 0.75, ""fleet_strategy"": ""hybrid"", ""fleet_repair_rounds"": 5, ""fleet_related_count"": 8, ""max_moves"": null, ""construction_order"": ""due"", ""repair_order"": ""due"", ""repair_strategy"": ""cheapest"", ""search_strategy"": ""first"", ""operators"": [""relocate"", ""swap"", ""two_opt"", ""two_opt_star""], ""remove_min"": 3, ""remove_max"": 8, ""restart_after"": 20, ""diagnostics"": false, ""evaluation_mode"": ""incremental"", ""search_backend"": ""native"", ""num_neighbours"": null, ""operator_schedule"": ""cyclic"", ""infeasible_search"": false, ""adaptive_penalties"": true, ""penalty_update_interval"": 10, ""penalty_target_feasible"": 0.5, ""penalty_max_moves"": 8}, ""backend"": ""native"", ""native"": {""api_version"": 1, ""build_info"": ""compiler=MSVC 195035722; cxx_standard=17; api_version=1"", ""binary"": ""_native.cp312-win_amd64.pyd"", ""binary_sha256"": ""604462f386c003e397cd55934c67735731d9683e762902ff4d23fad1f410c0bb""}, ""stop_reason"": ""time_limit"", ""initial_distance_ticks"": 1952068, ""fleet"": {""lower_bound"": 9, ""stop_reason"": ""fleet_budget"", ""targets"": [{""target"": 12, ""trials"": 21, ""repair_rounds"": 61, ""elapsed_seconds"": 0.27559979999932693, ""first_feasible_seconds"": 0.27559979999932693, ""status"": ""found""}, {""target"": 11, ""trials"": 2, ""repair_rounds"": 6, ""elapsed_seconds"": 0.020237599994288757, ""first_feasible_seconds"": null, ""status"": ""time_limit""}]}, ""milestones"": [{""vehicles"": 12, ""distance"": 1735736, ""elapsed_seconds"": 0.380888399995456}]}",results/0.5s/RC103/ours-seed-0.json
pyvrp,RC103,0.5,0,25,12651626,feasible,True,16,1524202,1524.202,0.0012225000027683564,0.5097424999985378,0.501534700000775,0.000541599998541642,0.5131843999915873,,80,0.5126427999930456,0.0016777999917394482,00f384138274d5d2bff5c41601db17cc4ad0cfc6315c27e223d4477bf435cc2d,4ccf2642f91c10e5ef78d549cf8ed0088696fccc6f0da27cfce273e5cd458c2d,,"{""version"": ""0.13.0a0"", ""algorithm"": ""local checkout IteratedLocalSearch"", ""time_limit_clock"": ""anchored before solve(), including initial solution and search setup"", ""seed_supported"": true, ""fixed_vehicle_cost"": 12651626, ""internal_feasible"": true, ""scalar_objective"": 203950218, ""internal_distance_ticks"": 1524202, ""internal_vehicles"": 16}",results/0.5s/RC103/pyvrp-seed-0.json
gurobi,RC104,0.5,0,25,12651626,time_limit,False,,,,0.8785295000052429,0.5012186999956612,0.500999927520752,2.3000029614195228e-06,1.3911210000005667,,,1.3911186999976053,0.011370499996701255,d150b2d61049a488fb89a2320c197d81a7ef9a1864abbbaea1d13a2b451253ee,4ccf2642f91c10e5ef78d549cf8ed0088696fccc6f0da27cfce273e5cd458c2d,,"{""backend"": ""gurobi"", ""gurobi_version"": [13, 0, 0], ""vehicle_weight"": 12651626, ""max_vehicles"": 25, ""distance_upper_bound"": 12651625, ""objective_upper_bound"": 328942275, ""cold_start"": true, ""threads"": 1, ""seed"": 0, ""seed_supported"": true, ""mip_gap_target"": 0.0, ""variable_count"": 9569, ""constraint_count"": 27609, ""arc_count"": 9269, ""gurobi_status_code"": 9, ""status"": ""time_limit"", ""incumbent_count"": 0, ""node_count"": 0.0, ""iteration_count"": 0.0, ""objective_bound"": 0.0, ""objective_bound_continuous"": 0.0}",results/0.5s/RC104/gurobi-seed-0.json
ortools,RC104,0.5,0,25,12651626,found,True,11,1230030,1230.03,0.003968400000303518,0.5111251999987871,0.511,0.0005143000016687438,0.516738099999202,0.026506700000027195,,0.5162237999975332,0.0011301999984425493,d150b2d61049a488fb89a2320c197d81a7ef9a1864abbbaea1d13a2b451253ee,4ccf2642f91c10e5ef78d549cf8ed0088696fccc6f0da27cfce273e5cd458c2d,,"{""ortools_version"": ""9.15.6755"", ""requested_seed"": 0, ""cp_solver_reseed_applied"": true, ""seed_api"": ""pywrapcp.Solver.ReSeed"", ""seed_semantics"": ""Applied to the underlying CP Solver RNG; RoutingSearchParameters has no random_seed field. This does not claim control over every routing-search randomness source."", ""warm_start"": false, ""vehicle_limit"": 25, ""vehicle_fixed_cost"": 12651626, ""max_solution_distance_bound"": 12651625, ""objective_value"": 140397916, ""solver_assignment_objective"": 140397916, ""scalar_objective"": 140397916, ""objective_lower_bound"": 114324039, ""objective_gap_to_lower_bound"": 26073877, ""lower_bound_components"": {""vehicles"": 9, ""distance_ticks"": 459405, ""distance_bound_method"": ""sum of each customer's minimum incoming arc""}, ""routing_status_code"": 2, ""routing_status"": ""ROUTING_PARTIAL_SUCCESS_LOCAL_OPTIMUM_NOT_REACHED"", ""optimality_proven"": false, ""first_solution_strategy"": ""PARALLEL_CHEAPEST_INSERTION"", ""local_search_metaheuristic"": ""GUIDED_LOCAL_SEARCH"", ""search_workers"": 1, ""search_worker_setting"": ""Routing CP exposes no worker-count parameter; one CP search was run."", ""search_time_limit_seconds"": 0.5, ""time_limit_scope"": ""SolveWithParameters call only; model preparation is separate"", ""first_feasible_seconds"": 0.026506700000027195, ""distance_ticks"": 1230030}",results/0.5s/RC104/ortools-seed-0.json
ours,RC104,0.5,0,25,12651626,feasible,True,12,1350450,1350.45,5.4799995268695056e-05,0.500722400000086,0.5006673999960185,0.0005747000031988136,0.5022402000031434,0.10395169999537757,1,0.5016654999999446,0.000888300004589837,d150b2d61049a488fb89a2320c197d81a7ef9a1864abbbaea1d13a2b451253ee,4ccf2642f91c10e5ef78d549cf8ed0088696fccc6f0da27cfce273e5cd458c2d,,"{""config"": {""seed"": 0, ""max_iterations"": null, ""time_limit_seconds"": 0.5, ""fleet_attempts_per_k"": 100, ""fleet_time_fraction"": 0.75, ""fleet_strategy"": ""hybrid"", ""fleet_repair_rounds"": 5, ""fleet_related_count"": 8, ""max_moves"": null, ""construction_order"": ""due"", ""repair_order"": ""due"", ""repair_strategy"": ""cheapest"", ""search_strategy"": ""first"", ""operators"": [""relocate"", ""swap"", ""two_opt"", ""two_opt_star""], ""remove_min"": 3, ""remove_max"": 8, ""restart_after"": 20, ""diagnostics"": false, ""evaluation_mode"": ""incremental"", ""search_backend"": ""native"", ""num_neighbours"": null, ""operator_schedule"": ""cyclic"", ""infeasible_search"": false, ""adaptive_penalties"": true, ""penalty_update_interval"": 10, ""penalty_target_feasible"": 0.5, ""penalty_max_moves"": 8}, ""backend"": ""native"", ""native"": {""api_version"": 1, ""build_info"": ""compiler=MSVC 195035722; cxx_standard=17; api_version=1"", ""binary"": ""_native.cp312-win_amd64.pyd"", ""binary_sha256"": ""604462f386c003e397cd55934c67735731d9683e762902ff4d23fad1f410c0bb""}, ""stop_reason"": ""time_limit"", ""initial_distance_ticks"": 2168692, ""fleet"": {""lower_bound"": 9, ""stop_reason"": ""fleet_budget"", ""targets"": [{""target"": 13, ""trials"": 1, ""repair_rounds"": 1, ""elapsed_seconds"": 0.010809100000187755, ""first_feasible_seconds"": 0.010809100000187755, ""status"": ""found""}, {""target"": 12, ""trials"": 1, ""repair_rounds"": 1, ""elapsed_seconds"": 0.009930600004736334, ""first_feasible_seconds"": 0.009930600004736334, ""status"": ""found""}, {""target"": 11, ""trials"": 22, ""repair_rounds"": 64, ""elapsed_seconds"": 0.2757348000013735, ""first_feasible_seconds"": null, ""status"": ""time_limit""}]}, ""milestones"": [{""vehicles"": 13, ""distance"": 1605324, ""elapsed_seconds"": 0.1153137000001152}, {""vehicles"": 12, ""distance"": 1624060, ""elapsed_seconds"": 0.12551890000031563}]}",results/0.5s/RC104/ours-seed-0.json
pyvrp,RC104,0.5,0,25,12651626,feasible,True,12,1262966,1262.966,0.0011005000051227398,0.503516299999319,0.4954390999992029,0.0005233000047155656,0.5068353000096977,,81,0.5063120000049821,0.0016952000005403534,d150b2d61049a488fb89a2320c197d81a7ef9a1864abbbaea1d13a2b451253ee,4ccf2642f91c10e5ef78d549cf8ed0088696fccc6f0da27cfce273e5cd458c2d,,"{""version"": ""0.13.0a0"", ""algorithm"": ""local checkout IteratedLocalSearch"", ""time_limit_clock"": ""anchored before solve(), including initial solution and search setup"", ""seed_supported"": true, ""fixed_vehicle_cost"": 12651626, ""internal_feasible"": true, ""scalar_objective"": 153082478, ""internal_distance_ticks"": 1262966, ""internal_vehicles"": 12}",results/0.5s/RC104/pyvrp-seed-0.json
gurobi,RC105,0.5,0,25,12651626,time_limit,False,,,,0.5015538000006927,0.5010531999942032,0.500999927520752,2.9000002541579306e-06,1.0090004000012414,,,1.0089975000009872,0.006390500006091315,b9e912625c1ed80d2f565e0799ade2f4b17bf4f95056322ca23f1a21b37e7a49,4ccf2642f91c10e5ef78d549cf8ed0088696fccc6f0da27cfce273e5cd458c2d,,"{""backend"": ""gurobi"", ""gurobi_version"": [13, 0, 0], ""vehicle_weight"": 12651626, ""max_vehicles"": 25, ""distance_upper_bound"": 12651625, ""objective_upper_bound"": 328942275, ""cold_start"": true, ""threads"": 1, ""seed"": 0, ""seed_supported"": true, ""mip_gap_target"": 0.0, ""variable_count"": 5537, ""constraint_count"": 15513, ""arc_count"": 5237, ""gurobi_status_code"": 9, ""status"": ""time_limit"", ""incumbent_count"": 0, ""node_count"": 1.0, ""iteration_count"": 873.0, ""objective_bound"": 38838783.58642214, ""objective_bound_continuous"": 38838783.58642214}",results/0.5s/RC105/gurobi-seed-0.json
ortools,RC105,0.5,0,25,12651626,found,True,16,1625645,1625.645,0.0026918000003206544,0.500405699996918,0.5,0.0005227000001468696,0.50474380000378,0.02386319999641273,,0.5042211000036332,0.001123600006394554,b9e912625c1ed80d2f565e0799ade2f4b17bf4f95056322ca23f1a21b37e7a49,4ccf2642f91c10e5ef78d549cf8ed0088696fccc6f0da27cfce273e5cd458c2d,,"{""ortools_version"": ""9.15.6755"", ""requested_seed"": 0, ""cp_solver_reseed_applied"": true, ""seed_api"": ""pywrapcp.Solver.ReSeed"", ""seed_semantics"": ""Applied to the underlying CP Solver RNG; RoutingSearchParameters has no random_seed field. This does not claim control over every routing-search randomness source."", ""warm_start"": false, ""vehicle_limit"": 25, ""vehicle_fixed_cost"": 12651626, ""max_solution_distance_bound"": 12651625, ""objective_value"": 204051661, ""solver_assignment_objective"": 204051661, ""scalar_objective"": 204051661, ""objective_lower_bound"": 114324039, ""objective_gap_to_lower_bound"": 89727622, ""lower_bound_components"": {""vehicles"": 9, ""distance_ticks"": 459405, ""distance_bound_method"": ""sum of each customer's minimum incoming arc""}, ""routing_status_code"": 2, ""routing_status"": ""ROUTING_PARTIAL_SUCCESS_LOCAL_OPTIMUM_NOT_REACHED"", ""optimality_proven"": false, ""first_solution_strategy"": ""PARALLEL_CHEAPEST_INSERTION"", ""local_search_metaheuristic"": ""GUIDED_LOCAL_SEARCH"", ""search_workers"": 1, ""search_worker_setting"": ""Routing CP exposes no worker-count parameter; one CP search was run."", ""search_time_limit_seconds"": 0.5, ""time_limit_scope"": ""SolveWithParameters call only; model preparation is separate"", ""first_feasible_seconds"": 0.02386319999641273, ""distance_ticks"": 1625645}",results/0.5s/RC105/ortools-seed-0.json
ours,RC105,0.5,0,25,12651626,feasible,True,14,1775137,1775.137,5.6400000175926834e-05,0.5006734999988112,0.500619899998128,0.0005302999998093583,0.5020751000047312,0.08939200000168057,1,0.5015448000049219,0.00081490000593476,b9e912625c1ed80d2f565e0799ade2f4b17bf4f95056322ca23f1a21b37e7a49,4ccf2642f91c10e5ef78d549cf8ed0088696fccc6f0da27cfce273e5cd458c2d,,"{""config"": {""seed"": 0, ""max_iterations"": null, ""time_limit_seconds"": 0.5, ""fleet_attempts_per_k"": 100, ""fleet_time_fraction"": 0.75, ""fleet_strategy"": ""hybrid"", ""fleet_repair_rounds"": 5, ""fleet_related_count"": 8, ""max_moves"": null, ""construction_order"": ""due"", ""repair_order"": ""due"", ""repair_strategy"": ""cheapest"", ""search_strategy"": ""first"", ""operators"": [""relocate"", ""swap"", ""two_opt"", ""two_opt_star""], ""remove_min"": 3, ""remove_max"": 8, ""restart_after"": 20, ""diagnostics"": false, ""evaluation_mode"": ""incremental"", ""search_backend"": ""native"", ""num_neighbours"": null, ""operator_schedule"": ""cyclic"", ""infeasible_search"": false, ""adaptive_penalties"": true, ""penalty_update_interval"": 10, ""penalty_target_feasible"": 0.5, ""penalty_max_moves"": 8}, ""backend"": ""native"", ""native"": {""api_version"": 1, ""build_info"": ""compiler=MSVC 195035722; cxx_standard=17; api_version=1"", ""binary"": ""_native.cp312-win_amd64.pyd"", ""binary_sha256"": ""604462f386c003e397cd55934c67735731d9683e762902ff4d23fad1f410c0bb""}, ""stop_reason"": ""time_limit"", ""initial_distance_ticks"": 2128736, ""fleet"": {""lower_bound"": 9, ""stop_reason"": ""fleet_budget"", ""targets"": [{""target"": 16, ""trials"": 4, ""repair_rounds"": 11, ""elapsed_seconds"": 0.039528000001155306, ""first_feasible_seconds"": 0.039528000001155306, ""status"": ""found""}, {""target"": 15, ""trials"": 2, ""repair_rounds"": 4, ""elapsed_seconds"": 0.010933199999271892, ""first_feasible_seconds"": 0.010933199999271892, ""status"": ""found""}, {""target"": 14, ""trials"": 14, ""repair_rounds"": 41, ""elapsed_seconds"": 0.14889160000166157, ""first_feasible_seconds"": 0.14889160000166157, ""status"": ""found""}, {""target"": 13, ""trials"": 10, ""repair_rounds"": 30, ""elapsed_seconds"": 0.10747660000197357, ""first_feasible_seconds"": null, ""status"": ""time_limit""}]}, ""milestones"": [{""vehicles"": 16, ""distance"": 2081591, ""elapsed_seconds"": 0.12948750000214204}, {""vehicles"": 15, ""distance"": 2030056, ""elapsed_seconds"": 0.14071549999789568}, {""vehicles"": 14, ""distance"": 1995938, ""elapsed_seconds"": 0.2898903000022983}]}",results/0.5s/RC105/ours-seed-0.json
pyvrp,RC105,0.5,0,25,12651626,feasible,True,18,1642197,1642.197,0.001159600004029926,0.5021292999954312,0.49332460000005085,0.0005487000016728416,0.5053602999978466,,72,0.5048115999961738,0.0015226999967126176,b9e912625c1ed80d2f565e0799ade2f4b17bf4f95056322ca23f1a21b37e7a49,4ccf2642f91c10e5ef78d549cf8ed0088696fccc6f0da27cfce273e5cd458c2d,,"{""version"": ""0.13.0a0"", ""algorithm"": ""local checkout IteratedLocalSearch"", ""time_limit_clock"": ""anchored before solve(), including initial solution and search setup"", ""seed_supported"": true, ""fixed_vehicle_cost"": 12651626, ""internal_feasible"": true, ""scalar_objective"": 229371465, ""internal_distance_ticks"": 1642197, ""internal_vehicles"": 18}",results/0.5s/RC105/pyvrp-seed-0.json
gurobi,RC106,0.5,0,25,12651626,time_limit,False,,,,0.5443454999985988,0.5009763999987626,0.5,2.1000014385208488e-06,1.0524869000000763,,,1.0524847999986378,0.0071629000012762845,bf016ffc567af2d108570357daf1d0cabb7f680c0bd977d2e4366787683fdbaf,4ccf2642f91c10e5ef78d549cf8ed0088696fccc6f0da27cfce273e5cd458c2d,,"{""backend"": ""gurobi"", ""gurobi_version"": [13, 0, 0], ""vehicle_weight"": 12651626, ""max_vehicles"": 25, ""distance_upper_bound"": 12651625, ""objective_upper_bound"": 328942275, ""cold_start"": true, ""threads"": 1, ""seed"": 0, ""seed_supported"": true, ""mip_gap_target"": 0.0, ""variable_count"": 5677, ""constraint_count"": 15933, ""arc_count"": 5377, ""gurobi_status_code"": 9, ""status"": ""time_limit"", ""incumbent_count"": 0, ""node_count"": 1.0, ""iteration_count"": 863.0, ""objective_bound"": 0.0, ""objective_bound_continuous"": 0.0}",results/0.5s/RC106/gurobi-seed-0.json
ortools,RC106,0.5,0,25,12651626,found,True,15,1536904,1536.904,0.00222090000170283,0.5011413000029279,0.501,0.0005557000040425919,0.5052391999997781,0.024172799996449612,,0.5046834999957355,0.0013212999911047518,bf016ffc567af2d108570357daf1d0cabb7f680c0bd977d2e4366787683fdbaf,4ccf2642f91c10e5ef78d549cf8ed0088696fccc6f0da27cfce273e5cd458c2d,,"{""ortools_version"": ""9.15.6755"", ""requested_seed"": 0, ""cp_solver_reseed_applied"": true, ""seed_api"": ""pywrapcp.Solver.ReSeed"", ""seed_semantics"": ""Applied to the underlying CP Solver RNG; RoutingSearchParameters has no random_seed field. This does not claim control over every routing-search randomness source."", ""warm_start"": false, ""vehicle_limit"": 25, ""vehicle_fixed_cost"": 12651626, ""max_solution_distance_bound"": 12651625, ""objective_value"": 191311294, ""solver_assignment_objective"": 191311294, ""scalar_objective"": 191311294, ""objective_lower_bound"": 114324039, ""objective_gap_to_lower_bound"": 76987255, ""lower_bound_components"": {""vehicles"": 9, ""distance_ticks"": 459405, ""distance_bound_method"": ""sum of each customer's minimum incoming arc""}, ""routing_status_code"": 1, ""routing_status"": ""ROUTING_SUCCESS"", ""optimality_proven"": false, ""first_solution_strategy"": ""PARALLEL_CHEAPEST_INSERTION"", ""local_search_metaheuristic"": ""GUIDED_LOCAL_SEARCH"", ""search_workers"": 1, ""search_worker_setting"": ""Routing CP exposes no worker-count parameter; one CP search was run."", ""search_time_limit_seconds"": 0.5, ""time_limit_scope"": ""SolveWithParameters call only; model preparation is separate"", ""first_feasible_seconds"": 0.024172799996449612, ""distance_ticks"": 1536904}",results/0.5s/RC106/ortools-seed-0.json
ours,RC106,0.5,0,25,12651626,feasible,True,14,1591736,1591.736,7.339999865507707e-05,0.5008289000033983,0.5007683000003453,0.0005163000023458153,0.5021856000021216,0.09262970000418136,2,0.5016692999997758,0.0007669999977224506,bf016ffc567af2d108570357daf1d0cabb7f680c0bd977d2e4366787683fdbaf,4ccf2642f91c10e5ef78d549cf8ed0088696fccc6f0da27cfce273e5cd458c2d,,"{""config"": {""seed"": 0, ""max_iterations"": null, ""time_limit_seconds"": 0.5, ""fleet_attempts_per_k"": 100, ""fleet_time_fraction"": 0.75, ""fleet_strategy"": ""hybrid"", ""fleet_repair_rounds"": 5, ""fleet_related_count"": 8, ""max_moves"": null, ""construction_order"": ""due"", ""repair_order"": ""due"", ""repair_strategy"": ""cheapest"", ""search_strategy"": ""first"", ""operators"": [""relocate"", ""swap"", ""two_opt"", ""two_opt_star""], ""remove_min"": 3, ""remove_max"": 8, ""restart_after"": 20, ""diagnostics"": false, ""evaluation_mode"": ""incremental"", ""search_backend"": ""native"", ""num_neighbours"": null, ""operator_schedule"": ""cyclic"", ""infeasible_search"": false, ""adaptive_penalties"": true, ""penalty_update_interval"": 10, ""penalty_target_feasible"": 0.5, ""penalty_max_moves"": 8}, ""backend"": ""native"", ""native"": {""api_version"": 1, ""build_info"": ""compiler=MSVC 195035722; cxx_standard=17; api_version=1"", ""binary"": ""_native.cp312-win_amd64.pyd"", ""binary_sha256"": ""604462f386c003e397cd55934c67735731d9683e762902ff4d23fad1f410c0bb""}, ""stop_reason"": ""time_limit"", ""initial_distance_ticks"": 2338749, ""fleet"": {""lower_bound"": 9, ""stop_reason"": ""fleet_budget"", ""targets"": [{""target"": 17, ""trials"": 1, ""repair_rounds"": 1, ""elapsed_seconds"": 0.012068099997122772, ""first_feasible_seconds"": 0.012068099997122772, ""status"": ""found""}, {""target"": 16, ""trials"": 1, ""repair_rounds"": 1, ""elapsed_seconds"": 0.013258499995572492, ""first_feasible_seconds"": 0.013258499995572492, ""status"": ""found""}, {""target"": 15, ""trials"": 2, ""repair_rounds"": 2, ""elapsed_seconds"": 0.008613600002718158, ""first_feasible_seconds"": 0.008613600002718158, ""status"": ""found""}, {""target"": 14, ""trials"": 2, ""repair_rounds"": 4, ""elapsed_seconds"": 0.01785129999916535, ""first_feasible_seconds"": 0.01785129999916535, ""status"": ""found""}, {""target"": 13, ""trials"": 22, ""repair_rounds"": 66, ""elapsed_seconds"": 0.2522582000019611, ""first_feasible_seconds"": null, ""status"": ""time_limit""}]}, ""milestones"": [{""vehicles"": 17, ""distance"": 1687340, ""elapsed_seconds"": 0.10530819999985397}, {""vehicles"": 16, ""distance"": 1799128, ""elapsed_seconds"": 0.11885720000282163}, {""vehicles"": 15, ""distance"": 1798810, ""elapsed_seconds"": 0.1277442999999039}, {""vehicles"": 14, ""distance"": 1681259, ""elapsed_seconds"": 0.1458989000020665}]}",results/0.5s/RC106/ours-seed-0.json
pyvrp,RC106,0.5,0,25,12651626,feasible,True,14,1504648,1504.648,0.0010790999949676916,0.5050266999969608,0.496692400003667,0.0006199000054039061,0.5082522000084282,,80,0.5076323000030243,0.0015265000110957772,bf016ffc567af2d108570357daf1d0cabb7f680c0bd977d2e4366787683fdbaf,4ccf2642f91c10e5ef78d549cf8ed0088696fccc6f0da27cfce273e5cd458c2d,,"{""version"": ""0.13.0a0"", ""algorithm"": ""local checkout IteratedLocalSearch"", ""time_limit_clock"": ""anchored before solve(), including initial solution and search setup"", ""seed_supported"": true, ""fixed_vehicle_cost"": 12651626, ""internal_feasible"": true, ""scalar_objective"": 178627412, ""internal_distance_ticks"": 1504648, ""internal_vehicles"": 14}",results/0.5s/RC106/pyvrp-seed-0.json
gurobi,RC107,0.5,0,25,12651626,time_limit,False,,,,0.7574448000013945,0.5004155999995419,0.5,2.1000014385208488e-06,1.2713667000061832,,,1.2713646000047447,0.013504200003808364,fff3fd68d110671ed442575f07cc547291586f30b00c5f73934d521d31311582,4ccf2642f91c10e5ef78d549cf8ed0088696fccc6f0da27cfce273e5cd458c2d,,"{""backend"": ""gurobi"", ""gurobi_version"": [13, 0, 0], ""vehicle_weight"": 12651626, ""max_vehicles"": 25, ""distance_upper_bound"": 12651625, ""objective_upper_bound"": 328942275, ""cold_start"": true, ""threads"": 1, ""seed"": 0, ""seed_supported"": true, ""mip_gap_target"": 0.0, ""variable_count"": 7835, ""constraint_count"": 22407, ""arc_count"": 7535, ""gurobi_status_code"": 9, ""status"": ""time_limit"", ""incumbent_count"": 0, ""node_count"": 1.0, ""iteration_count"": 781.0, ""objective_bound"": 567525.3391203767, ""objective_bound_continuous"": 567525.3391203767}",results/0.5s/RC107/gurobi-seed-0.json
ortools,RC107,0.5,0,25,12651626,found,True,13,1418856,1418.856,0.003678699998999946,0.5008128999979817,0.501,0.0005151000004843809,0.5061537000001408,0.024409300000115763,,0.5056385999996564,0.0011470000026747584,fff3fd68d110671ed442575f07cc547291586f30b00c5f73934d521d31311582,4ccf2642f91c10e5ef78d549cf8ed0088696fccc6f0da27cfce273e5cd458c2d,,"{""ortools_version"": ""9.15.6755"", ""requested_seed"": 0, ""cp_solver_reseed_applied"": true, ""seed_api"": ""pywrapcp.Solver.ReSeed"", ""seed_semantics"": ""Applied to the underlying CP Solver RNG; RoutingSearchParameters has no random_seed field. This does not claim control over every routing-search randomness source."", ""warm_start"": false, ""vehicle_limit"": 25, ""vehicle_fixed_cost"": 12651626, ""max_solution_distance_bound"": 12651625, ""objective_value"": 165889994, ""solver_assignment_objective"": 165889994, ""scalar_objective"": 165889994, ""objective_lower_bound"": 114324039, ""objective_gap_to_lower_bound"": 51565955, ""lower_bound_components"": {""vehicles"": 9, ""distance_ticks"": 459405, ""distance_bound_method"": ""sum of each customer's minimum incoming arc""}, ""routing_status_code"": 2, ""routing_status"": ""ROUTING_PARTIAL_SUCCESS_LOCAL_OPTIMUM_NOT_REACHED"", ""optimality_proven"": false, ""first_solution_strategy"": ""PARALLEL_CHEAPEST_INSERTION"", ""local_search_metaheuristic"": ""GUIDED_LOCAL_SEARCH"", ""search_workers"": 1, ""search_worker_setting"": ""Routing CP exposes no worker-count parameter; one CP search was run."", ""search_time_limit_seconds"": 0.5, ""time_limit_scope"": ""SolveWithParameters call only; model preparation is separate"", ""first_feasible_seconds"": 0.024409300000115763, ""distance_ticks"": 1418856}",results/0.5s/RC107/ortools-seed-0.json
ours,RC107,0.5,0,25,12651626,feasible,True,13,1448857,1448.857,5.509999755304307e-05,0.5010268000041833,0.5009602999998606,0.0005161000008229166,0.502483399999619,0.09436509999795817,1,0.5019672999987961,0.0008853999970597215,fff3fd68d110671ed442575f07cc547291586f30b00c5f73934d521d31311582,4ccf2642f91c10e5ef78d549cf8ed0088696fccc6f0da27cfce273e5cd458c2d,,"{""config"": {""seed"": 0, ""max_iterations"": null, ""time_limit_seconds"": 0.5, ""fleet_attempts_per_k"": 100, ""fleet_time_fraction"": 0.75, ""fleet_strategy"": ""hybrid"", ""fleet_repair_rounds"": 5, ""fleet_related_count"": 8, ""max_moves"": null, ""construction_order"": ""due"", ""repair_order"": ""due"", ""repair_strategy"": ""cheapest"", ""search_strategy"": ""first"", ""operators"": [""relocate"", ""swap"", ""two_opt"", ""two_opt_star""], ""remove_min"": 3, ""remove_max"": 8, ""restart_after"": 20, ""diagnostics"": false, ""evaluation_mode"": ""incremental"", ""search_backend"": ""native"", ""num_neighbours"": null, ""operator_schedule"": ""cyclic"", ""infeasible_search"": false, ""adaptive_penalties"": true, ""penalty_update_interval"": 10, ""penalty_target_feasible"": 0.5, ""penalty_max_moves"": 8}, ""backend"": ""native"", ""native"": {""api_version"": 1, ""build_info"": ""compiler=MSVC 195035722; cxx_standard=17; api_version=1"", ""binary"": ""_native.cp312-win_amd64.pyd"", ""binary_sha256"": ""604462f386c003e397cd55934c67735731d9683e762902ff4d23fad1f410c0bb""}, ""stop_reason"": ""time_limit"", ""initial_distance_ticks"": 2430363, ""fleet"": {""lower_bound"": 9, ""stop_reason"": ""fleet_budget"", ""targets"": [{""target"": 16, ""trials"": 1, ""repair_rounds"": 1, ""elapsed_seconds"": 0.011957599999732338, ""first_feasible_seconds"": 0.011957599999732338, ""status"": ""found""}, {""target"": 15, ""trials"": 1, ""repair_rounds"": 1, ""elapsed_seconds"": 0.010949399998935405, ""first_feasible_seconds"": 0.010949399998935405, ""status"": ""found""}, {""target"": 14, ""trials"": 1, ""repair_rounds"": 1, ""elapsed_seconds"": 0.010283600000548176, ""first_feasible_seconds"": 0.010283600000548176, ""status"": ""found""}, {""target"": 13, ""trials"": 6, ""repair_rounds"": 14, ""elapsed_seconds"": 0.05382649999955902, ""first_feasible_seconds"": 0.05382649999955902, ""status"": ""found""}, {""target"": 12, ""trials"": 19, ""repair_rounds"": 55, ""elapsed_seconds"": 0.21581570000125794, ""first_feasible_seconds"": null, ""status"": ""time_limit""}]}, ""milestones"": [{""vehicles"": 16, ""distance"": 1697325, ""elapsed_seconds"": 0.10690310000063619}, {""vehicles"": 15, ""distance"": 1977716, ""elapsed_seconds"": 0.11805219999951078}, {""vehicles"": 14, ""distance"": 1708249, ""elapsed_seconds"": 0.1286705999955302}, {""vehicles"": 13, ""distance"": 1705395, ""elapsed_seconds"": 0.18277800000214484}]}",results/0.5s/RC107/ours-seed-0.json
pyvrp,RC107,0.5,0,25,12651626,feasible,True,13,1341952,1341.952,0.0015170999977272004,0.50334440000006,0.49049809999996796,0.0007387000005110167,0.5073764000044321,,82,0.506637700003921,0.0017762000061338767,fff3fd68d110671ed442575f07cc547291586f30b00c5f73934d521d31311582,4ccf2642f91c10e5ef78d549cf8ed0088696fccc6f0da27cfce273e5cd458c2d,,"{""version"": ""0.13.0a0"", ""algorithm"": ""local checkout IteratedLocalSearch"", ""time_limit_clock"": ""anchored before solve(), including initial solution and search setup"", ""seed_supported"": true, ""fixed_vehicle_cost"": 12651626, ""internal_feasible"": true, ""scalar_objective"": 165813090, ""internal_distance_ticks"": 1341952, ""internal_vehicles"": 13}",results/0.5s/RC107/pyvrp-seed-0.json
gurobi,RC108,0.5,0,25,12651626,time_limit,False,,,,0.9135682999985875,0.5118364000009024,0.5120000839233398,2.1000014385208488e-06,1.4366492000044673,,,1.4366471000030288,0.011242400003538933,006bc8817bf09f9a8c66af8d6f088bdec239b2eb435556e9d11193cf456f7aeb,4ccf2642f91c10e5ef78d549cf8ed0088696fccc6f0da27cfce273e5cd458c2d,,"{""backend"": ""gurobi"", ""gurobi_version"": [13, 0, 0], ""vehicle_weight"": 12651626, ""max_vehicles"": 25, ""distance_upper_bound"": 12651625, ""objective_upper_bound"": 328942275, ""cold_start"": true, ""threads"": 1, ""seed"": 0, ""seed_supported"": true, ""mip_gap_target"": 0.0, ""variable_count"": 9605, ""constraint_count"": 27717, ""arc_count"": 9305, ""gurobi_status_code"": 9, ""status"": ""time_limit"", ""incumbent_count"": 0, ""node_count"": 1.0, ""iteration_count"": 724.0, ""objective_bound"": 540282.932154394, ""objective_bound_continuous"": 540282.932154394}",results/0.5s/RC108/gurobi-seed-0.json
ortools,RC108,0.5,0,25,12651626,found,True,11,1282717,1282.717,0.0021924000029684976,0.5006766000005882,0.501,0.000513300001330208,0.504793799998879,0.023114700001315214,,0.5042804999975488,0.001411499993992038,006bc8817bf09f9a8c66af8d6f088bdec239b2eb435556e9d11193cf456f7aeb,4ccf2642f91c10e5ef78d549cf8ed0088696fccc6f0da27cfce273e5cd458c2d,,"{""ortools_version"": ""9.15.6755"", ""requested_seed"": 0, ""cp_solver_reseed_applied"": true, ""seed_api"": ""pywrapcp.Solver.ReSeed"", ""seed_semantics"": ""Applied to the underlying CP Solver RNG; RoutingSearchParameters has no random_seed field. This does not claim control over every routing-search randomness source."", ""warm_start"": false, ""vehicle_limit"": 25, ""vehicle_fixed_cost"": 12651626, ""max_solution_distance_bound"": 12651625, ""objective_value"": 140450603, ""solver_assignment_objective"": 140450603, ""scalar_objective"": 140450603, ""objective_lower_bound"": 114324039, ""objective_gap_to_lower_bound"": 26126564, ""lower_bound_components"": {""vehicles"": 9, ""distance_ticks"": 459405, ""distance_bound_method"": ""sum of each customer's minimum incoming arc""}, ""routing_status_code"": 2, ""routing_status"": ""ROUTING_PARTIAL_SUCCESS_LOCAL_OPTIMUM_NOT_REACHED"", ""optimality_proven"": false, ""first_solution_strategy"": ""PARALLEL_CHEAPEST_INSERTION"", ""local_search_metaheuristic"": ""GUIDED_LOCAL_SEARCH"", ""search_workers"": 1, ""search_worker_setting"": ""Routing CP exposes no worker-count parameter; one CP search was run."", ""search_time_limit_seconds"": 0.5, ""time_limit_scope"": ""SolveWithParameters call only; model preparation is separate"", ""first_feasible_seconds"": 0.023114700001315214, ""distance_ticks"": 1282717}",results/0.5s/RC108/ortools-seed-0.json
ours,RC108,0.5,0,25,12651626,feasible,True,12,1330591,1330.591,5.100000271340832e-05,0.5007872999995016,0.5007369000013568,0.0005215999990468845,0.5021274000027915,0.0978465000007418,1,0.5016058000037447,0.0007675000015296973,006bc8817bf09f9a8c66af8d6f088bdec239b2eb435556e9d11193cf456f7aeb,4ccf2642f91c10e5ef78d549cf8ed0088696fccc6f0da27cfce273e5cd458c2d,,"{""config"": {""seed"": 0, ""max_iterations"": null, ""time_limit_seconds"": 0.5, ""fleet_attempts_per_k"": 100, ""fleet_time_fraction"": 0.75, ""fleet_strategy"": ""hybrid"", ""fleet_repair_rounds"": 5, ""fleet_related_count"": 8, ""max_moves"": null, ""construction_order"": ""due"", ""repair_order"": ""due"", ""repair_strategy"": ""cheapest"", ""search_strategy"": ""first"", ""operators"": [""relocate"", ""swap"", ""two_opt"", ""two_opt_star""], ""remove_min"": 3, ""remove_max"": 8, ""restart_after"": 20, ""diagnostics"": false, ""evaluation_mode"": ""incremental"", ""search_backend"": ""native"", ""num_neighbours"": null, ""operator_schedule"": ""cyclic"", ""infeasible_search"": false, ""adaptive_penalties"": true, ""penalty_update_interval"": 10, ""penalty_target_feasible"": 0.5, ""penalty_max_moves"": 8}, ""backend"": ""native"", ""native"": {""api_version"": 1, ""build_info"": ""compiler=MSVC 195035722; cxx_standard=17; api_version=1"", ""binary"": ""_native.cp312-win_amd64.pyd"", ""binary_sha256"": ""604462f386c003e397cd55934c67735731d9683e762902ff4d23fad1f410c0bb""}, ""stop_reason"": ""time_limit"", ""initial_distance_ticks"": 2327764, ""fleet"": {""lower_bound"": 9, ""stop_reason"": ""fleet_budget"", ""targets"": [{""target"": 14, ""trials"": 1, ""repair_rounds"": 1, ""elapsed_seconds"": 0.01027569999860134, ""first_feasible_seconds"": 0.01027569999860134, ""status"": ""found""}, {""target"": 13, ""trials"": 10, ""repair_rounds"": 29, ""elapsed_seconds"": 0.12032660000113538, ""first_feasible_seconds"": 0.12032660000113538, ""status"": ""found""}, {""target"": 12, ""trials"": 4, ""repair_rounds"": 12, ""elapsed_seconds"": 0.04619829999865033, ""first_feasible_seconds"": 0.04619829999865033, ""status"": ""found""}, {""target"": 11, ""trials"": 11, ""repair_rounds"": 31, ""elapsed_seconds"": 0.12390429999504704, ""first_feasible_seconds"": null, ""status"": ""time_limit""}]}, ""milestones"": [{""vehicles"": 14, ""distance"": 1963672, ""elapsed_seconds"": 0.10867839999991702}, {""vehicles"": 13, ""distance"": 1764248, ""elapsed_seconds"": 0.22920840000006137}, {""vehicles"": 12, ""distance"": 1623966, ""elapsed_seconds"": 0.2756279999957769}]}",results/0.5s/RC108/ours-seed-0.json
pyvrp,RC108,0.5,0,25,12651626,feasible,True,12,1211672,1211.672,0.0011880000020028092,0.5023366999957943,0.49417279999761377,0.0006607999966945499,0.5057416999989073,,84,0.5050809000022127,0.0015562000044155866,006bc8817bf09f9a8c66af8d6f088bdec239b2eb435556e9d11193cf456f7aeb,4ccf2642f91c10e5ef78d549cf8ed0088696fccc6f0da27cfce273e5cd458c2d,,"{""version"": ""0.13.0a0"", ""algorithm"": ""local checkout IteratedLocalSearch"", ""time_limit_clock"": ""anchored before solve(), including initial solution and search setup"", ""seed_supported"": true, ""fixed_vehicle_cost"": 12651626, ""internal_feasible"": true, ""scalar_objective"": 153031184, ""internal_distance_ticks"": 1211672, ""internal_vehicles"": 12}",results/0.5s/RC108/pyvrp-seed-0.json
gurobi,RC201,0.5,0,25,12651626,time_limit,True,13,2576924,2576.924,0.553733500004455,0.5127694999973755,0.5130000114440918,0.0005369000064092688,1.0837008000089554,0.7278300000034506,,1.0831639000025461,0.01666090000071563,288836e2d8c2ace83ebbff77e03ac8cdffc574fc134cade21ef92713f8c52d44,4ccf2642f91c10e5ef78d549cf8ed0088696fccc6f0da27cfce273e5cd458c2d,,"{""backend"": ""gurobi"", ""gurobi_version"": [13, 0, 0], ""vehicle_weight"": 12651626, ""max_vehicles"": 25, ""distance_upper_bound"": 12651625, ""objective_upper_bound"": 328942275, ""cold_start"": true, ""threads"": 1, ""seed"": 0, ""seed_supported"": true, ""mip_gap_target"": 0.0, ""variable_count"": 6214, ""constraint_count"": 17544, ""arc_count"": 5914, ""gurobi_status_code"": 9, ""status"": ""time_limit"", ""incumbent_count"": 10, ""node_count"": 1.0, ""iteration_count"": 1570.0, ""objective_bound"": 1041556.1840471042, ""objective_bound_continuous"": 1041556.1840471042, ""objective"": 167048062.0, ""scalar_objective"": 167048062, ""raw_objective_minus_integral_route_objective"": 0.0, ""mip_gap"": 0.993764931052914}",results/0.5s/RC201/gurobi-seed-0.json
ortools,RC201,0.5,0,25,12651626,found,True,5,1478504,1478.504,0.004724600003100932,0.5009086999998544,0.501,0.00048180000158026814,0.5073818000018946,0.02713930000027176,,0.5069000000003143,0.0012666999973589554,288836e2d8c2ace83ebbff77e03ac8cdffc574fc134cade21ef92713f8c52d44,4ccf2642f91c10e5ef78d549cf8ed0088696fccc6f0da27cfce273e5cd458c2d,,"{""ortools_version"": ""9.15.6755"", ""requested_seed"": 0, ""cp_solver_reseed_applied"": true, ""seed_api"": ""pywrapcp.Solver.ReSeed"", ""seed_semantics"": ""Applied to the underlying CP Solver RNG; RoutingSearchParameters has no random_seed field. This does not claim control over every routing-search randomness source."", ""warm_start"": false, ""vehicle_limit"": 25, ""vehicle_fixed_cost"": 12651626, ""max_solution_distance_bound"": 12651625, ""objective_value"": 64736634, ""solver_assignment_objective"": 64736634, ""scalar_objective"": 64736634, ""objective_lower_bound"": 25762657, ""objective_gap_to_lower_bound"": 38973977, ""lower_bound_components"": {""vehicles"": 2, ""distance_ticks"": 459405, ""distance_bound_method"": ""sum of each customer's minimum incoming arc""}, ""routing_status_code"": 1, ""routing_status"": ""ROUTING_SUCCESS"", ""optimality_proven"": false, ""first_solution_strategy"": ""PARALLEL_CHEAPEST_INSERTION"", ""local_search_metaheuristic"": ""GUIDED_LOCAL_SEARCH"", ""search_workers"": 1, ""search_worker_setting"": ""Routing CP exposes no worker-count parameter; one CP search was run."", ""search_time_limit_seconds"": 0.5, ""time_limit_scope"": ""SolveWithParameters call only; model preparation is separate"", ""first_feasible_seconds"": 0.02713930000027176, ""distance_ticks"": 1478504}",results/0.5s/RC201/ortools-seed-0.json
ours,RC201,0.5,0,25,12651626,feasible,True,5,1623061,1623.061,5.5300006351899356e-05,0.5006416000032914,0.5005897000010009,0.000588999995670747,0.5020095999934711,0.19356680000055349,1,0.5014205999978003,0.0007236999881570227,288836e2d8c2ace83ebbff77e03ac8cdffc574fc134cade21ef92713f8c52d44,4ccf2642f91c10e5ef78d549cf8ed0088696fccc6f0da27cfce273e5cd458c2d,,"{""config"": {""seed"": 0, ""max_iterations"": null, ""time_limit_seconds"": 0.5, ""fleet_attempts_per_k"": 100, ""fleet_time_fraction"": 0.75, ""fleet_strategy"": ""hybrid"", ""fleet_repair_rounds"": 5, ""fleet_related_count"": 8, ""max_moves"": null, ""construction_order"": ""due"", ""repair_order"": ""due"", ""repair_strategy"": ""cheapest"", ""search_strategy"": ""first"", ""operators"": [""relocate"", ""swap"", ""two_opt"", ""two_opt_star""], ""remove_min"": 3, ""remove_max"": 8, ""restart_after"": 20, ""diagnostics"": false, ""evaluation_mode"": ""incremental"", ""search_backend"": ""native"", ""num_neighbours"": null, ""operator_schedule"": ""cyclic"", ""infeasible_search"": false, ""adaptive_penalties"": true, ""penalty_update_interval"": 10, ""penalty_target_feasible"": 0.5, ""penalty_max_moves"": 8}, ""backend"": ""native"", ""native"": {""api_version"": 1, ""build_info"": ""compiler=MSVC 195035722; cxx_standard=17; api_version=1"", ""binary"": ""_native.cp312-win_amd64.pyd"", ""binary_sha256"": ""604462f386c003e397cd55934c67735731d9683e762902ff4d23fad1f410c0bb""}, ""stop_reason"": ""time_limit"", ""initial_distance_ticks"": 2429811, ""fleet"": {""lower_bound"": 2, ""stop_reason"": ""fleet_budget"", ""targets"": [{""target"": 4, ""trials"": 12, ""repair_rounds"": 36, ""elapsed_seconds"": 0.2294779000003473, ""first_feasible_seconds"": null, ""status"": ""time_limit""}]}, ""milestones"": []}",results/0.5s/RC201/ours-seed-0.json
pyvrp,RC201,0.5,0,25,12651626,feasible,True,5,1370022,1370.022,0.0015016999968793243,0.5003268000000389,0.49045350000233157,0.0005622999960905872,0.5039034999936121,,312,0.5033411999975215,0.0015127000006032176,288836e2d8c2ace83ebbff77e03ac8cdffc574fc134cade21ef92713f8c52d44,4ccf2642f91c10e5ef78d549cf8ed0088696fccc6f0da27cfce273e5cd458c2d,,"{""version"": ""0.13.0a0"", ""algorithm"": ""local checkout IteratedLocalSearch"", ""time_limit_clock"": ""anchored before solve(), including initial solution and search setup"", ""seed_supported"": true, ""fixed_vehicle_cost"": 12651626, ""internal_feasible"": true, ""scalar_objective"": 64628152, ""internal_distance_ticks"": 1370022, ""internal_vehicles"": 5}",results/0.5s/RC201/pyvrp-seed-0.json
gurobi,RC202,0.5,0,25,12651626,time_limit,True,24,4435253,4435.253,0.7805656999989878,0.5045608000000357,0.505000114440918,0.0005427000069175847,1.3078054000070551,1.032747899997048,,1.3072627000001376,0.022136200001114048,5a1dee2017ab0ca4fe280b392678c96e8b5bc71f22d02c8058fbde7c4cfebcf4,4ccf2642f91c10e5ef78d549cf8ed0088696fccc6f0da27cfce273e5cd458c2d,,"{""backend"": ""gurobi"", ""gurobi_version"": [13, 0, 0], ""vehicle_weight"": 12651626, ""max_vehicles"": 25, ""distance_upper_bound"": 12651625, ""objective_upper_bound"": 328942275, ""cold_start"": true, ""threads"": 1, ""seed"": 0, ""seed_supported"": true, ""mip_gap_target"": 0.0, ""variable_count"": 8055, ""constraint_count"": 23067, ""arc_count"": 7755, ""gurobi_status_code"": 9, ""status"": ""time_limit"", ""incumbent_count"": 2, ""node_count"": 1.0, ""iteration_count"": 689.0, ""objective_bound"": 662727.834562486, ""objective_bound_continuous"": 662727.834562486, ""objective"": 308074277.0, ""scalar_objective"": 308074277, ""raw_objective_minus_integral_route_objective"": 0.0, ""mip_gap"": 0.9978488050316434}",results/0.5s/RC202/gurobi-seed-0.json
ortools,RC202,0.5,0,25,12651626,found,True,4,1267963,1267.963,0.0023827000040910207,0.5001419999971404,0.501,0.000744799996027723,0.5047164999996312,0.023696099997323472,,0.5039717000036035,0.0014470000023720786,5a1dee2017ab0ca4fe280b392678c96e8b5bc71f22d02c8058fbde7c4cfebcf4,4ccf2642f91c10e5ef78d549cf8ed0088696fccc6f0da27cfce273e5cd458c2d,,"{""ortools_version"": ""9.15.6755"", ""requested_seed"": 0, ""cp_solver_reseed_applied"": true, ""seed_api"": ""pywrapcp.Solver.ReSeed"", ""seed_semantics"": ""Applied to the underlying CP Solver RNG; RoutingSearchParameters has no random_seed field. This does not claim control over every routing-search randomness source."", ""warm_start"": false, ""vehicle_limit"": 25, ""vehicle_fixed_cost"": 12651626, ""max_solution_distance_bound"": 12651625, ""objective_value"": 51874467, ""solver_assignment_objective"": 51874467, ""scalar_objective"": 51874467, ""objective_lower_bound"": 25762657, ""objective_gap_to_lower_bound"": 26111810, ""lower_bound_components"": {""vehicles"": 2, ""distance_ticks"": 459405, ""distance_bound_method"": ""sum of each customer's minimum incoming arc""}, ""routing_status_code"": 2, ""routing_status"": ""ROUTING_PARTIAL_SUCCESS_LOCAL_OPTIMUM_NOT_REACHED"", ""optimality_proven"": false, ""first_solution_strategy"": ""PARALLEL_CHEAPEST_INSERTION"", ""local_search_metaheuristic"": ""GUIDED_LOCAL_SEARCH"", ""search_workers"": 1, ""search_worker_setting"": ""Routing CP exposes no worker-count parameter; one CP search was run."", ""search_time_limit_seconds"": 0.5, ""time_limit_scope"": ""SolveWithParameters call only; model preparation is separate"", ""first_feasible_seconds"": 0.023696099997323472, ""distance_ticks"": 1267963}",results/0.5s/RC202/ortools-seed-0.json
ours,RC202,0.5,0,25,12651626,feasible,True,4,1591534,1591.534,5.2100003813393414e-05,0.5010961000007228,0.5010240000046906,0.00045200000022305176,0.502653100003954,0.18052549999993062,1,0.502201100003731,0.0010528999991947785,5a1dee2017ab0ca4fe280b392678c96e8b5bc71f22d02c8058fbde7c4cfebcf4,4ccf2642f91c10e5ef78d549cf8ed0088696fccc6f0da27cfce273e5cd458c2d,,"{""config"": {""seed"": 0, ""max_iterations"": null, ""time_limit_seconds"": 0.5, ""fleet_attempts_per_k"": 100, ""fleet_time_fraction"": 0.75, ""fleet_strategy"": ""hybrid"", ""fleet_repair_rounds"": 5, ""fleet_related_count"": 8, ""max_moves"": null, ""construction_order"": ""due"", ""repair_order"": ""due"", ""repair_strategy"": ""cheapest"", ""search_strategy"": ""first"", ""operators"": [""relocate"", ""swap"", ""two_opt"", ""two_opt_star""], ""remove_min"": 3, ""remove_max"": 8, ""restart_after"": 20, ""diagnostics"": false, ""evaluation_mode"": ""incremental"", ""search_backend"": ""native"", ""num_neighbours"": null, ""operator_schedule"": ""cyclic"", ""infeasible_search"": false, ""adaptive_penalties"": true, ""penalty_update_interval"": 10, ""penalty_target_feasible"": 0.5, ""penalty_max_moves"": 8}, ""backend"": ""native"", ""native"": {""api_version"": 1, ""build_info"": ""compiler=MSVC 195035722; cxx_standard=17; api_version=1"", ""binary"": ""_native.cp312-win_amd64.pyd"", ""binary_sha256"": ""604462f386c003e397cd55934c67735731d9683e762902ff4d23fad1f410c0bb""}, ""stop_reason"": ""time_limit"", ""initial_distance_ticks"": 1998260, ""fleet"": {""lower_bound"": 2, ""stop_reason"": ""fleet_budget"", ""targets"": [{""target"": 4, ""trials"": 1, ""repair_rounds"": 1, ""elapsed_seconds"": 0.01115600000048289, ""first_feasible_seconds"": 0.01115600000048289, ""status"": ""found""}, {""target"": 3, ""trials"": 10, ""repair_rounds"": 26, ""elapsed_seconds"": 0.2279467999978806, ""first_feasible_seconds"": null, ""status"": ""time_limit""}]}, ""milestones"": [{""vehicles"": 4, ""distance"": 1920411, ""elapsed_seconds"": 0.19220790000690613}]}",results/0.5s/RC202/ours-seed-0.json
pyvrp,RC202,0.5,0,25,12651626,feasible,True,5,1236694,1236.694,0.001226599997607991,0.5114395999989938,0.4997655000042869,0.0005271999980323017,0.5148786999998265,,44,0.5143515000017942,0.0016853000051924028,5a1dee2017ab0ca4fe280b392678c96e8b5bc71f22d02c8058fbde7c4cfebcf4,4ccf2642f91c10e5ef78d549cf8ed0088696fccc6f0da27cfce273e5cd458c2d,,"{""version"": ""0.13.0a0"", ""algorithm"": ""local checkout IteratedLocalSearch"", ""time_limit_clock"": ""anchored before solve(), including initial solution and search setup"", ""seed_supported"": true, ""fixed_vehicle_cost"": 12651626, ""internal_feasible"": true, ""scalar_objective"": 64494824, ""internal_distance_ticks"": 1236694, ""internal_vehicles"": 5}",results/0.5s/RC202/pyvrp-seed-0.json
gurobi,RC203,0.5,0,25,12651626,time_limit,True,25,4607549,4607.549,0.9956932000059169,0.5062872000053176,0.5060000419616699,0.0008041000037337653,1.530634300004749,1.323573800000304,,1.5298302000010153,0.027849799989780877,4adcb362c23df91f14b828d4964e9383ffb02ee74217afc2d84571f83ed91f8b,4ccf2642f91c10e5ef78d549cf8ed0088696fccc6f0da27cfce273e5cd458c2d,,"{""backend"": ""gurobi"", ""gurobi_version"": [13, 0, 0], ""vehicle_weight"": 12651626, ""max_vehicles"": 25, ""distance_upper_bound"": 12651625, ""objective_upper_bound"": 328942275, ""cold_start"": true, ""threads"": 1, ""seed"": 0, ""seed_supported"": true, ""mip_gap_target"": 0.0, ""variable_count"": 9359, ""constraint_count"": 26979, ""arc_count"": 9059, ""gurobi_status_code"": 9, ""status"": ""time_limit"", ""incumbent_count"": 1, ""node_count"": 1.0, ""iteration_count"": 736.0, ""objective_bound"": 570608.3696965239, ""objective_bound_continuous"": 570608.3696965239, ""objective"": 320898199.0, ""scalar_objective"": 320898199, ""raw_objective_minus_integral_route_objective"": 0.0, ""mip_gap"": 0.998221839912238}",results/0.5s/RC203/gurobi-seed-0.json
ortools,RC203,0.5,0,25,12651626,found,True,5,1099107,1099.107,0.002325800000107847,0.5020112999991397,0.502,0.00042099999700440094,0.5059964999963995,0.025242199997592252,,0.5055754999993951,0.0012384000001475215,4adcb362c23df91f14b828d4964e9383ffb02ee74217afc2d84571f83ed91f8b,4ccf2642f91c10e5ef78d549cf8ed0088696fccc6f0da27cfce273e5cd458c2d,,"{""ortools_version"": ""9.15.6755"", ""requested_seed"": 0, ""cp_solver_reseed_applied"": true, ""seed_api"": ""pywrapcp.Solver.ReSeed"", ""seed_semantics"": ""Applied to the underlying CP Solver RNG; RoutingSearchParameters has no random_seed field. This does not claim control over every routing-search randomness source."", ""warm_start"": false, ""vehicle_limit"": 25, ""vehicle_fixed_cost"": 12651626, ""max_solution_distance_bound"": 12651625, ""objective_value"": 64357237, ""solver_assignment_objective"": 64357237, ""scalar_objective"": 64357237, ""objective_lower_bound"": 25762657, ""objective_gap_to_lower_bound"": 38594580, ""lower_bound_components"": {""vehicles"": 2, ""distance_ticks"": 459405, ""distance_bound_method"": ""sum of each customer's minimum incoming arc""}, ""routing_status_code"": 2, ""routing_status"": ""ROUTING_PARTIAL_SUCCESS_LOCAL_OPTIMUM_NOT_REACHED"", ""optimality_proven"": false, ""first_solution_strategy"": ""PARALLEL_CHEAPEST_INSERTION"", ""local_search_metaheuristic"": ""GUIDED_LOCAL_SEARCH"", ""search_workers"": 1, ""search_worker_setting"": ""Routing CP exposes no worker-count parameter; one CP search was run."", ""search_time_limit_seconds"": 0.5, ""time_limit_scope"": ""SolveWithParameters call only; model preparation is separate"", ""first_feasible_seconds"": 0.025242199997592252, ""distance_ticks"": 1099107}",results/0.5s/RC203/ortools-seed-0.json
ours,RC203,0.5,0,25,12651626,feasible,True,3,1166438,1166.438,6.809999467805028e-05,0.500764700002037,0.5007019999975455,0.0004922000007354654,0.5021080000005895,0.19094500000210246,1,0.5016157999998541,0.0007830000031390227,4adcb362c23df91f14b828d4964e9383ffb02ee74217afc2d84571f83ed91f8b,4ccf2642f91c10e5ef78d549cf8ed0088696fccc6f0da27cfce273e5cd458c2d,,"{""config"": {""seed"": 0, ""max_iterations"": null, ""time_limit_seconds"": 0.5, ""fleet_attempts_per_k"": 100, ""fleet_time_fraction"": 0.75, ""fleet_strategy"": ""hybrid"", ""fleet_repair_rounds"": 5, ""fleet_related_count"": 8, ""max_moves"": null, ""construction_order"": ""due"", ""repair_order"": ""due"", ""repair_strategy"": ""cheapest"", ""search_strategy"": ""first"", ""operators"": [""relocate"", ""swap"", ""two_opt"", ""two_opt_star""], ""remove_min"": 3, ""remove_max"": 8, ""restart_after"": 20, ""diagnostics"": false, ""evaluation_mode"": ""incremental"", ""search_backend"": ""native"", ""num_neighbours"": null, ""operator_schedule"": ""cyclic"", ""infeasible_search"": false, ""adaptive_penalties"": true, ""penalty_update_interval"": 10, ""penalty_target_feasible"": 0.5, ""penalty_max_moves"": 8}, ""backend"": ""native"", ""native"": {""api_version"": 1, ""build_info"": ""compiler=MSVC 195035722; cxx_standard=17; api_version=1"", ""binary"": ""_native.cp312-win_amd64.pyd"", ""binary_sha256"": ""604462f386c003e397cd55934c67735731d9683e762902ff4d23fad1f410c0bb""}, ""stop_reason"": ""time_limit"", ""initial_distance_ticks"": 1766955, ""fleet"": {""lower_bound"": 2, ""stop_reason"": ""fleet_budget"", ""targets"": [{""target"": 4, ""trials"": 1, ""repair_rounds"": 1, ""elapsed_seconds"": 0.011501400003908202, ""first_feasible_seconds"": 0.011501400003908202, ""status"": ""found""}, {""target"": 3, ""trials"": 2, ""repair_rounds"": 2, ""elapsed_seconds"": 0.008410899994487409, ""first_feasible_seconds"": 0.008410899994487409, ""status"": ""found""}, {""target"": 2, ""trials"": 6, ""repair_rounds"": 17, ""elapsed_seconds"": 0.21110829999815905, ""first_feasible_seconds"": null, ""status"": ""time_limit""}]}, ""milestones"": [{""vehicles"": 4, ""distance"": 1158154, ""elapsed_seconds"": 0.20296370000141906}, {""vehicles"": 3, ""distance"": 1217194, ""elapsed_seconds"": 0.21163150000211317}]}",results/0.5s/RC203/ours-seed-0.json
pyvrp,RC203,0.5,0,25,12651626,feasible,True,5,1033393,1033.393,0.0011460000023362227,0.5060254000054556,0.4942005999982939,0.0005638000002363697,0.5093829999968875,,45,0.5088191999966512,0.001647799988859333,4adcb362c23df91f14b828d4964e9383ffb02ee74217afc2d84571f83ed91f8b,4ccf2642f91c10e5ef78d549cf8ed0088696fccc6f0da27cfce273e5cd458c2d,,"{""version"": ""0.13.0a0"", ""algorithm"": ""local checkout IteratedLocalSearch"", ""time_limit_clock"": ""anchored before solve(), including initial solution and search setup"", ""seed_supported"": true, ""fixed_vehicle_cost"": 12651626, ""internal_feasible"": true, ""scalar_objective"": 64291523, ""internal_distance_ticks"": 1033393, ""internal_vehicles"": 5}",results/0.5s/RC203/pyvrp-seed-0.json
gurobi,RC204,0.5,0,25,12651626,time_limit,True,25,4405148,4405.148,0.9840010999978404,0.5118596999964211,0.5110001564025879,0.0005397999993874691,1.5227730999977211,1.3835669999971287,,1.5222332999983337,0.026372500004072208,11e827eab51a959ebab66344e7b7cfd1aeed895287653b36a72c86a4440ecd77,4ccf2642f91c10e5ef78d549cf8ed0088696fccc6f0da27cfce273e5cd458c2d,,"{""backend"": ""gurobi"", ""gurobi_version"": [13, 0, 0], ""vehicle_weight"": 12651626, ""max_vehicles"": 25, ""distance_upper_bound"": 12651625, ""objective_upper_bound"": 328942275, ""cold_start"": true, ""threads"": 1, ""seed"": 0, ""seed_supported"": true, ""mip_gap_target"": 0.0, ""variable_count"": 10154, ""constraint_count"": 29364, ""arc_count"": 9854, ""gurobi_status_code"": 9, ""status"": ""time_limit"", ""incumbent_count"": 1, ""node_count"": 1.0, ""iteration_count"": 0.0, ""objective_bound"": 0.0, ""objective_bound_continuous"": 0.0, ""objective"": 320695798.0, ""scalar_objective"": 320695798, ""raw_objective_minus_integral_route_objective"": 0.0, ""mip_gap"": 1.0}",results/0.5s/RC204/gurobi-seed-0.json
ortools,RC204,0.5,0,25,12651626,found,True,3,979771,979.771,0.0032260000007227063,0.5005726999952458,0.501,0.0005013999980292283,0.5057133000009344,0.024016899995331187,,0.5052119000029052,0.0014132000069366768,11e827eab51a959ebab66344e7b7cfd1aeed895287653b36a72c86a4440ecd77,4ccf2642f91c10e5ef78d549cf8ed0088696fccc6f0da27cfce273e5cd458c2d,,"{""ortools_version"": ""9.15.6755"", ""requested_seed"": 0, ""cp_solver_reseed_applied"": true, ""seed_api"": ""pywrapcp.Solver.ReSeed"", ""seed_semantics"": ""Applied to the underlying CP Solver RNG; RoutingSearchParameters has no random_seed field. This does not claim control over every routing-search randomness source."", ""warm_start"": false, ""vehicle_limit"": 25, ""vehicle_fixed_cost"": 12651626, ""max_solution_distance_bound"": 12651625, ""objective_value"": 38934649, ""solver_assignment_objective"": 38934649, ""scalar_objective"": 38934649, ""objective_lower_bound"": 25762657, ""objective_gap_to_lower_bound"": 13171992, ""lower_bound_components"": {""vehicles"": 2, ""distance_ticks"": 459405, ""distance_bound_method"": ""sum of each customer's minimum incoming arc""}, ""routing_status_code"": 2, ""routing_status"": ""ROUTING_PARTIAL_SUCCESS_LOCAL_OPTIMUM_NOT_REACHED"", ""optimality_proven"": false, ""first_solution_strategy"": ""PARALLEL_CHEAPEST_INSERTION"", ""local_search_metaheuristic"": ""GUIDED_LOCAL_SEARCH"", ""search_workers"": 1, ""search_worker_setting"": ""Routing CP exposes no worker-count parameter; one CP search was run."", ""search_time_limit_seconds"": 0.5, ""time_limit_scope"": ""SolveWithParameters call only; model preparation is separate"", ""first_feasible_seconds"": 0.024016899995331187, ""distance_ticks"": 979771}",results/0.5s/RC204/ortools-seed-0.json
ours,RC204,0.5,0,25,12651626,feasible,True,3,1462720,1462.72,5.329999839887023e-05,0.5011181000008946,0.5010474000009708,0.0003845999963232316,0.5023893999969005,0.29380569999921136,1,0.5020048000005772,0.000833400001283735,11e827eab51a959ebab66344e7b7cfd1aeed895287653b36a72c86a4440ecd77,4ccf2642f91c10e5ef78d549cf8ed0088696fccc6f0da27cfce273e5cd458c2d,,"{""config"": {""seed"": 0, ""max_iterations"": null, ""time_limit_seconds"": 0.5, ""fleet_attempts_per_k"": 100, ""fleet_time_fraction"": 0.75, ""fleet_strategy"": ""hybrid"", ""fleet_repair_rounds"": 5, ""fleet_related_count"": 8, ""max_moves"": null, ""construction_order"": ""due"", ""repair_order"": ""due"", ""repair_strategy"": ""cheapest"", ""search_strategy"": ""first"", ""operators"": [""relocate"", ""swap"", ""two_opt"", ""two_opt_star""], ""remove_min"": 3, ""remove_max"": 8, ""restart_after"": 20, ""diagnostics"": false, ""evaluation_mode"": ""incremental"", ""search_backend"": ""native"", ""num_neighbours"": null, ""operator_schedule"": ""cyclic"", ""infeasible_search"": false, ""adaptive_penalties"": true, ""penalty_update_interval"": 10, ""penalty_target_feasible"": 0.5, ""penalty_max_moves"": 8}, ""backend"": ""native"", ""native"": {""api_version"": 1, ""build_info"": ""compiler=MSVC 195035722; cxx_standard=17; api_version=1"", ""binary"": ""_native.cp312-win_amd64.pyd"", ""binary_sha256"": ""604462f386c003e397cd55934c67735731d9683e762902ff4d23fad1f410c0bb""}, ""stop_reason"": ""time_limit"", ""initial_distance_ticks"": 1500593, ""fleet"": {""lower_bound"": 2, ""stop_reason"": ""fleet_budget"", ""targets"": [{""target"": 2, ""trials"": 4, ""repair_rounds"": 12, ""elapsed_seconds"": 0.15447560000029625, ""first_feasible_seconds"": null, ""status"": ""time_limit""}]}, ""milestones"": []}",results/0.5s/RC204/ours-seed-0.json
pyvrp,RC204,0.5,0,25,12651626,feasible,True,3,945057,945.057,0.0015305999986594543,0.5133713999966858,0.503639700000349,0.000490999998874031,0.5170016999982181,,54,0.5165106999993441,0.0016087000039988197,11e827eab51a959ebab66344e7b7cfd1aeed895287653b36a72c86a4440ecd77,4ccf2642f91c10e5ef78d549cf8ed0088696fccc6f0da27cfce273e5cd458c2d,,"{""version"": ""0.13.0a0"", ""algorithm"": ""local checkout IteratedLocalSearch"", ""time_limit_clock"": ""anchored before solve(), including initial solution and search setup"", ""seed_supported"": true, ""fixed_vehicle_cost"": 12651626, ""internal_feasible"": true, ""scalar_objective"": 38899935, ""internal_distance_ticks"": 945057, ""internal_vehicles"": 3}",results/0.5s/RC204/pyvrp-seed-0.json
gurobi,RC205,0.5,0,25,12651626,time_limit,True,18,1786731,1786.731,0.7015232999983709,0.5023653999960516,0.503000020980835,0.0005718999964301474,1.2238466999988304,0.9128146999937599,,1.2232748000024003,0.019386100007977802,c061d306cf42310b0f3ca15612089f6c5a8d5604c0733bf26852477c787662c9,4ccf2642f91c10e5ef78d549cf8ed0088696fccc6f0da27cfce273e5cd458c2d,,"{""backend"": ""gurobi"", ""gurobi_version"": [13, 0, 0], ""vehicle_weight"": 12651626, ""max_vehicles"": 25, ""distance_upper_bound"": 12651625, ""objective_upper_bound"": 328942275, ""cold_start"": true, ""threads"": 1, ""seed"": 0, ""seed_supported"": true, ""mip_gap_target"": 0.0, ""variable_count"": 7472, ""constraint_count"": 21318, ""arc_count"": 7172, ""gurobi_status_code"": 9, ""status"": ""time_limit"", ""incumbent_count"": 5, ""node_count"": 1.0, ""iteration_count"": 920.0, ""objective_bound"": 769444.5974652546, ""objective_bound_continuous"": 769444.5974652546, ""objective"": 229515999.0, ""scalar_objective"": 229515999, ""raw_objective_minus_integral_route_objective"": 0.0, ""mip_gap"": 0.9966475339374261}",results/0.5s/RC205/gurobi-seed-0.json
ortools,RC205,0.5,0,25,12651626,found,True,5,1504644,1504.644,0.002816600004734937,0.5009177000029013,0.501,0.0005036000002291985,0.5059497999973246,0.02723060000425903,,0.5054461999970954,0.001711899989459198,c061d306cf42310b0f3ca15612089f6c5a8d5604c0733bf26852477c787662c9,4ccf2642f91c10e5ef78d549cf8ed0088696fccc6f0da27cfce273e5cd458c2d,,"{""ortools_version"": ""9.15.6755"", ""requested_seed"": 0, ""cp_solver_reseed_applied"": true, ""seed_api"": ""pywrapcp.Solver.ReSeed"", ""seed_semantics"": ""Applied to the underlying CP Solver RNG; RoutingSearchParameters has no random_seed field. This does not claim control over every routing-search randomness source."", ""warm_start"": false, ""vehicle_limit"": 25, ""vehicle_fixed_cost"": 12651626, ""max_solution_distance_bound"": 12651625, ""objective_value"": 64762774, ""solver_assignment_objective"": 64762774, ""scalar_objective"": 64762774, ""objective_lower_bound"": 25762657, ""objective_gap_to_lower_bound"": 39000117, ""lower_bound_components"": {""vehicles"": 2, ""distance_ticks"": 459405, ""distance_bound_method"": ""sum of each customer's minimum incoming arc""}, ""routing_status_code"": 1, ""routing_status"": ""ROUTING_SUCCESS"", ""optimality_proven"": false, ""first_solution_strategy"": ""PARALLEL_CHEAPEST_INSERTION"", ""local_search_metaheuristic"": ""GUIDED_LOCAL_SEARCH"", ""search_workers"": 1, ""search_worker_setting"": ""Routing CP exposes no worker-count parameter; one CP search was run."", ""search_time_limit_seconds"": 0.5, ""time_limit_scope"": ""SolveWithParameters call only; model preparation is separate"", ""first_feasible_seconds"": 0.02723060000425903, ""distance_ticks"": 1504644}",results/0.5s/RC205/ortools-seed-0.json
ours,RC205,0.5,0,25,12651626,feasible,True,4,1876311,1876.311,9.639999916544184e-05,0.5006720000019413,0.5006017999985488,0.000498099994729273,0.50202919998992,0.28710729999875184,1,0.5015310999951907,0.0007626999940839596,c061d306cf42310b0f3ca15612089f6c5a8d5604c0733bf26852477c787662c9,4ccf2642f91c10e5ef78d549cf8ed0088696fccc6f0da27cfce273e5cd458c2d,,"{""config"": {""seed"": 0, ""max_iterations"": null, ""time_limit_seconds"": 0.5, ""fleet_attempts_per_k"": 100, ""fleet_time_fraction"": 0.75, ""fleet_strategy"": ""hybrid"", ""fleet_repair_rounds"": 5, ""fleet_related_count"": 8, ""max_moves"": null, ""construction_order"": ""due"", ""repair_order"": ""due"", ""repair_strategy"": ""cheapest"", ""search_strategy"": ""first"", ""operators"": [""relocate"", ""swap"", ""two_opt"", ""two_opt_star""], ""remove_min"": 3, ""remove_max"": 8, ""restart_after"": 20, ""diagnostics"": false, ""evaluation_mode"": ""incremental"", ""search_backend"": ""native"", ""num_neighbours"": null, ""operator_schedule"": ""cyclic"", ""infeasible_search"": false, ""adaptive_penalties"": true, ""penalty_update_interval"": 10, ""penalty_target_feasible"": 0.5, ""penalty_max_moves"": 8}, ""backend"": ""native"", ""native"": {""api_version"": 1, ""build_info"": ""compiler=MSVC 195035722; cxx_standard=17; api_version=1"", ""binary"": ""_native.cp312-win_amd64.pyd"", ""binary_sha256"": ""604462f386c003e397cd55934c67735731d9683e762902ff4d23fad1f410c0bb""}, ""stop_reason"": ""time_limit"", ""initial_distance_ticks"": 2063021, ""fleet"": {""lower_bound"": 2, ""stop_reason"": ""fleet_budget"", ""targets"": [{""target"": 4, ""trials"": 1, ""repair_rounds"": 1, ""elapsed_seconds"": 0.014070900004298892, ""first_feasible_seconds"": 0.014070900004298892, ""status"": ""found""}, {""target"": 3, ""trials"": 6, ""repair_rounds"": 17, ""elapsed_seconds"": 0.1450129000004381, ""first_feasible_seconds"": null, ""status"": ""time_limit""}]}, ""milestones"": [{""vehicles"": 4, ""distance"": 1959415, ""elapsed_seconds"": 0.3017577999999048}]}",results/0.5s/RC205/ours-seed-0.json
pyvrp,RC205,0.5,0,25,12651626,feasible,True,5,1346850,1346.85,0.0011194000035175122,0.5012888000055682,0.49351999999635154,0.0005744999943999574,0.5046612999940407,,65,0.5040867999996408,0.0016785999905550852,c061d306cf42310b0f3ca15612089f6c5a8d5604c0733bf26852477c787662c9,4ccf2642f91c10e5ef78d549cf8ed0088696fccc6f0da27cfce273e5cd458c2d,,"{""version"": ""0.13.0a0"", ""algorithm"": ""local checkout IteratedLocalSearch"", ""time_limit_clock"": ""anchored before solve(), including initial solution and search setup"", ""seed_supported"": true, ""fixed_vehicle_cost"": 12651626, ""internal_feasible"": true, ""scalar_objective"": 64604980, ""internal_distance_ticks"": 1346850, ""internal_vehicles"": 5}",results/0.5s/RC205/pyvrp-seed-0.json
gurobi,RC206,0.5,0,25,12651626,time_limit,True,21,2955912,2955.912,0.7196690999990096,0.5036027000023751,0.503000020980835,0.0005335999958333559,1.2436404999971273,0.9420127000048524,,1.243106900001294,0.01983509999990929,5203aecf67c84df49e152645312a837ffefde529314ff892ca061538816e43a9,4ccf2642f91c10e5ef78d549cf8ed0088696fccc6f0da27cfce273e5cd458c2d,,"{""backend"": ""gurobi"", ""gurobi_version"": [13, 0, 0], ""vehicle_weight"": 12651626, ""max_vehicles"": 25, ""distance_upper_bound"": 12651625, ""objective_upper_bound"": 328942275, ""cold_start"": true, ""threads"": 1, ""seed"": 0, ""seed_supported"": true, ""mip_gap_target"": 0.0, ""variable_count"": 7665, ""constraint_count"": 21897, ""arc_count"": 7365, ""gurobi_status_code"": 9, ""status"": ""time_limit"", ""incumbent_count"": 5, ""node_count"": 1.0, ""iteration_count"": 895.0, ""objective_bound"": 716017.1245802813, ""objective_bound_continuous"": 716017.1245802813, ""objective"": 268640058.0, ""scalar_objective"": 268640058, ""raw_objective_minus_integral_route_objective"": 0.0, ""mip_gap"": 0.9973346598794276}",results/0.5s/RC206/gurobi-seed-0.json
ortools,RC206,0.5,0,25,12651626,found,True,4,1343132,1343.132,0.0022603999968850985,0.49946149999595946,0.5,0.0005983000010019168,0.5033630999969319,0.024406999997154344,,0.5027647999959299,0.0010429000030853786,5203aecf67c84df49e152645312a837ffefde529314ff892ca061538816e43a9,4ccf2642f91c10e5ef78d549cf8ed0088696fccc6f0da27cfce273e5cd458c2d,,"{""ortools_version"": ""9.15.6755"", ""requested_seed"": 0, ""cp_solver_reseed_applied"": true, ""seed_api"": ""pywrapcp.Solver.ReSeed"", ""seed_semantics"": ""Applied to the underlying CP Solver RNG; RoutingSearchParameters has no random_seed field. This does not claim control over every routing-search randomness source."", ""warm_start"": false, ""vehicle_limit"": 25, ""vehicle_fixed_cost"": 12651626, ""max_solution_distance_bound"": 12651625, ""objective_value"": 51949636, ""solver_assignment_objective"": 51949636, ""scalar_objective"": 51949636, ""objective_lower_bound"": 25762657, ""objective_gap_to_lower_bound"": 26186979, ""lower_bound_components"": {""vehicles"": 2, ""distance_ticks"": 459405, ""distance_bound_method"": ""sum of each customer's minimum incoming arc""}, ""routing_status_code"": 1, ""routing_status"": ""ROUTING_SUCCESS"", ""optimality_proven"": false, ""first_solution_strategy"": ""PARALLEL_CHEAPEST_INSERTION"", ""local_search_metaheuristic"": ""GUIDED_LOCAL_SEARCH"", ""search_workers"": 1, ""search_worker_setting"": ""Routing CP exposes no worker-count parameter; one CP search was run."", ""search_time_limit_seconds"": 0.5, ""time_limit_scope"": ""SolveWithParameters call only; model preparation is separate"", ""first_feasible_seconds"": 0.024406999997154344, ""distance_ticks"": 1343132}",results/0.5s/RC206/ortools-seed-0.json
ours,RC206,0.5,0,25,12651626,feasible,True,4,1577116,1577.116,5.329999839887023e-05,0.5006671000010101,0.5006166999955894,0.0004284999959054403,0.5018335999993724,0.21435489999566926,1,0.5014051000034669,0.0006847000040579587,5203aecf67c84df49e152645312a837ffefde529314ff892ca061538816e43a9,4ccf2642f91c10e5ef78d549cf8ed0088696fccc6f0da27cfce273e5cd458c2d,,"{""config"": {""seed"": 0, ""max_iterations"": null, ""time_limit_seconds"": 0.5, ""fleet_attempts_per_k"": 100, ""fleet_time_fraction"": 0.75, ""fleet_strategy"": ""hybrid"", ""fleet_repair_rounds"": 5, ""fleet_related_count"": 8, ""max_moves"": null, ""construction_order"": ""due"", ""repair_order"": ""due"", ""repair_strategy"": ""cheapest"", ""search_strategy"": ""first"", ""operators"": [""relocate"", ""swap"", ""two_opt"", ""two_opt_star""], ""remove_min"": 3, ""remove_max"": 8, ""restart_after"": 20, ""diagnostics"": false, ""evaluation_mode"": ""incremental"", ""search_backend"": ""native"", ""num_neighbours"": null, ""operator_schedule"": ""cyclic"", ""infeasible_search"": false, ""adaptive_penalties"": true, ""penalty_update_interval"": 10, ""penalty_target_feasible"": 0.5, ""penalty_max_moves"": 8}, ""backend"": ""native"", ""native"": {""api_version"": 1, ""build_info"": ""compiler=MSVC 195035722; cxx_standard=17; api_version=1"", ""binary"": ""_native.cp312-win_amd64.pyd"", ""binary_sha256"": ""604462f386c003e397cd55934c67735731d9683e762902ff4d23fad1f410c0bb""}, ""stop_reason"": ""time_limit"", ""initial_distance_ticks"": 2062880, ""fleet"": {""lower_bound"": 2, ""stop_reason"": ""fleet_budget"", ""targets"": [{""target"": 4, ""trials"": 1, ""repair_rounds"": 1, ""elapsed_seconds"": 0.01166160000138916, ""first_feasible_seconds"": 0.01166160000138916, ""status"": ""found""}, {""target"": 3, ""trials"": 8, ""repair_rounds"": 23, ""elapsed_seconds"": 0.2020397000014782, ""first_feasible_seconds"": null, ""status"": ""time_limit""}]}, ""milestones"": [{""vehicles"": 4, ""distance"": 2080287, ""elapsed_seconds"": 0.2265463000003365}]}",results/0.5s/RC206/ours-seed-0.json
pyvrp,RC206,0.5,0,25,12651626,feasible,True,5,1140747,1140.747,0.0010130000009667128,0.5077880999961053,0.4986313999979757,0.0005222999971010722,0.5108156999995117,,91,0.5102934000024106,0.0014923000053386204,5203aecf67c84df49e152645312a837ffefde529314ff892ca061538816e43a9,4ccf2642f91c10e5ef78d549cf8ed0088696fccc6f0da27cfce273e5cd458c2d,,"{""version"": ""0.13.0a0"", ""algorithm"": ""local checkout IteratedLocalSearch"", ""time_limit_clock"": ""anchored before solve(), including initial solution and search setup"", ""seed_supported"": true, ""fixed_vehicle_cost"": 12651626, ""internal_feasible"": true, ""scalar_objective"": 64398877, ""internal_distance_ticks"": 1140747, ""internal_vehicles"": 5}",results/0.5s/RC206/pyvrp-seed-0.json
gurobi,RC207,0.5,0,25,12651626,time_limit,True,25,4577523,4577.523,0.8632976999942912,0.5037109999975655,0.504000186920166,0.0005777999976999126,1.39251030000014,1.1651427999968291,,1.39193250000244,0.024923800010583363,5cab65f99b350cdb8fb1c4d0a12dde85eb4ff6a6d6daf292b182cb73de9a8b63,4ccf2642f91c10e5ef78d549cf8ed0088696fccc6f0da27cfce273e5cd458c2d,,"{""backend"": ""gurobi"", ""gurobi_version"": [13, 0, 0], ""vehicle_weight"": 12651626, ""max_vehicles"": 25, ""distance_upper_bound"": 12651625, ""objective_upper_bound"": 328942275, ""cold_start"": true, ""threads"": 1, ""seed"": 0, ""seed_supported"": true, ""mip_gap_target"": 0.0, ""variable_count"": 8918, ""constraint_count"": 25656, ""arc_count"": 8618, ""gurobi_status_code"": 9, ""status"": ""time_limit"", ""incumbent_count"": 1, ""node_count"": 1.0, ""iteration_count"": 778.0, ""objective_bound"": 603430.8668555778, ""objective_bound_continuous"": 603430.8668555778, ""objective"": 320868173.0, ""scalar_objective"": 320868173, ""raw_objective_minus_integral_route_objective"": 0.0, ""mip_gap"": 0.9981193807375356}",results/0.5s/RC207/gurobi-seed-0.json
ortools,RC207,0.5,0,25,12651626,found,True,4,1165438,1165.438,0.0021628999966196716,0.5004884000009042,0.501,0.0007203999994089827,0.504748200000904,0.025645800000347663,,0.504027800001495,0.0013765000039711595,5cab65f99b350cdb8fb1c4d0a12dde85eb4ff6a6d6daf292b182cb73de9a8b63,4ccf2642f91c10e5ef78d549cf8ed0088696fccc6f0da27cfce273e5cd458c2d,,"{""ortools_version"": ""9.15.6755"", ""requested_seed"": 0, ""cp_solver_reseed_applied"": true, ""seed_api"": ""pywrapcp.Solver.ReSeed"", ""seed_semantics"": ""Applied to the underlying CP Solver RNG; RoutingSearchParameters has no random_seed field. This does not claim control over every routing-search randomness source."", ""warm_start"": false, ""vehicle_limit"": 25, ""vehicle_fixed_cost"": 12651626, ""max_solution_distance_bound"": 12651625, ""objective_value"": 51771942, ""solver_assignment_objective"": 51771942, ""scalar_objective"": 51771942, ""objective_lower_bound"": 25762657, ""objective_gap_to_lower_bound"": 26009285, ""lower_bound_components"": {""vehicles"": 2, ""distance_ticks"": 459405, ""distance_bound_method"": ""sum of each customer's minimum incoming arc""}, ""routing_status_code"": 2, ""routing_status"": ""ROUTING_PARTIAL_SUCCESS_LOCAL_OPTIMUM_NOT_REACHED"", ""optimality_proven"": false, ""first_solution_strategy"": ""PARALLEL_CHEAPEST_INSERTION"", ""local_search_metaheuristic"": ""GUIDED_LOCAL_SEARCH"", ""search_workers"": 1, ""search_worker_setting"": ""Routing CP exposes no worker-count parameter; one CP search was run."", ""search_time_limit_seconds"": 0.5, ""time_limit_scope"": ""SolveWithParameters call only; model preparation is separate"", ""first_feasible_seconds"": 0.025645800000347663, ""distance_ticks"": 1165438}",results/0.5s/RC207/ortools-seed-0.json
ours,RC207,0.5,0,25,12651626,feasible,True,4,1544145,1544.145,6.630000279983506e-05,0.5006889999931445,0.5006300000022748,0.0005326000027707778,0.5020761000050697,0.23135200000251643,1,0.501543500002299,0.0007882000063546002,5cab65f99b350cdb8fb1c4d0a12dde85eb4ff6a6d6daf292b182cb73de9a8b63,4ccf2642f91c10e5ef78d549cf8ed0088696fccc6f0da27cfce273e5cd458c2d,,"{""config"": {""seed"": 0, ""max_iterations"": null, ""time_limit_seconds"": 0.5, ""fleet_attempts_per_k"": 100, ""fleet_time_fraction"": 0.75, ""fleet_strategy"": ""hybrid"", ""fleet_repair_rounds"": 5, ""fleet_related_count"": 8, ""max_moves"": null, ""construction_order"": ""due"", ""repair_order"": ""due"", ""repair_strategy"": ""cheapest"", ""search_strategy"": ""first"", ""operators"": [""relocate"", ""swap"", ""two_opt"", ""two_opt_star""], ""remove_min"": 3, ""remove_max"": 8, ""restart_after"": 20, ""diagnostics"": false, ""evaluation_mode"": ""incremental"", ""search_backend"": ""native"", ""num_neighbours"": null, ""operator_schedule"": ""cyclic"", ""infeasible_search"": false, ""adaptive_penalties"": true, ""penalty_update_interval"": 10, ""penalty_target_feasible"": 0.5, ""penalty_max_moves"": 8}, ""backend"": ""native"", ""native"": {""api_version"": 1, ""build_info"": ""compiler=MSVC 195035722; cxx_standard=17; api_version=1"", ""binary"": ""_native.cp312-win_amd64.pyd"", ""binary_sha256"": ""604462f386c003e397cd55934c67735731d9683e762902ff4d23fad1f410c0bb""}, ""stop_reason"": ""time_limit"", ""initial_distance_ticks"": 1907431, ""fleet"": {""lower_bound"": 2, ""stop_reason"": ""fleet_budget"", ""targets"": [{""target"": 3, ""trials"": 8, ""repair_rounds"": 23, ""elapsed_seconds"": 0.2011549000017112, ""first_feasible_seconds"": null, ""status"": ""time_limit""}]}, ""milestones"": []}",results/0.5s/RC207/ours-seed-0.json
pyvrp,RC207,0.5,0,25,12651626,feasible,True,4,1137374,1137.374,0.0012171999987913296,0.506696299999021,0.4980293000044185,0.0005298999967635609,0.510212799992587,,60,0.5096828999958234,0.0017693999980110675,5cab65f99b350cdb8fb1c4d0a12dde85eb4ff6a6d6daf292b182cb73de9a8b63,4ccf2642f91c10e5ef78d549cf8ed0088696fccc6f0da27cfce273e5cd458c2d,,"{""version"": ""0.13.0a0"", ""algorithm"": ""local checkout IteratedLocalSearch"", ""time_limit_clock"": ""anchored before solve(), including initial solution and search setup"", ""seed_supported"": true, ""fixed_vehicle_cost"": 12651626, ""internal_feasible"": true, ""scalar_objective"": 51743878, ""internal_distance_ticks"": 1137374, ""internal_vehicles"": 4}",results/0.5s/RC207/pyvrp-seed-0.json
gurobi,RC208,0.5,0,25,12651626,time_limit,True,25,4253337,4253.337,0.9795997999972315,0.5095827999975882,0.5090000629425049,0.0005204999979468994,1.5184106999950018,1.3021781999996165,,1.5178901999970549,0.028707600002235267,3d67d2a8e2758a324643f5d6c6ca87e8c56435273eaa04be33f213bb991f1f28,4ccf2642f91c10e5ef78d549cf8ed0088696fccc6f0da27cfce273e5cd458c2d,,"{""backend"": ""gurobi"", ""gurobi_version"": [13, 0, 0], ""vehicle_weight"": 12651626, ""max_vehicles"": 25, ""distance_upper_bound"": 12651625, ""objective_upper_bound"": 328942275, ""cold_start"": true, ""threads"": 1, ""seed"": 0, ""seed_supported"": true, ""mip_gap_target"": 0.0, ""variable_count"": 10391, ""constraint_count"": 30075, ""arc_count"": 10091, ""gurobi_status_code"": 9, ""status"": ""time_limit"", ""incumbent_count"": 1, ""node_count"": 1.0, ""iteration_count"": 575.0, ""objective_bound"": 530870.4651603681, ""objective_bound_continuous"": 530870.4651603681, ""objective"": 320543987.0, ""scalar_objective"": 320543987, ""raw_objective_minus_integral_route_objective"": 0.0, ""mip_gap"": 0.9983438451922657}",results/0.5s/RC208/gurobi-seed-0.json
ortools,RC208,0.5,0,25,12651626,found,True,3,1058876,1058.876,0.0022632999971392564,0.5004502000010689,0.5,0.000702800003637094,0.5054298000031849,0.025514900000416674,,0.5047269999995478,0.0020135000013397075,3d67d2a8e2758a324643f5d6c6ca87e8c56435273eaa04be33f213bb991f1f28,4ccf2642f91c10e5ef78d549cf8ed0088696fccc6f0da27cfce273e5cd458c2d,,"{""ortools_version"": ""9.15.6755"", ""requested_seed"": 0, ""cp_solver_reseed_applied"": true, ""seed_api"": ""pywrapcp.Solver.ReSeed"", ""seed_semantics"": ""Applied to the underlying CP Solver RNG; RoutingSearchParameters has no random_seed field. This does not claim control over every routing-search randomness source."", ""warm_start"": false, ""vehicle_limit"": 25, ""vehicle_fixed_cost"": 12651626, ""max_solution_distance_bound"": 12651625, ""objective_value"": 39013754, ""solver_assignment_objective"": 39013754, ""scalar_objective"": 39013754, ""objective_lower_bound"": 25762657, ""objective_gap_to_lower_bound"": 13251097, ""lower_bound_components"": {""vehicles"": 2, ""distance_ticks"": 459405, ""distance_bound_method"": ""sum of each customer's minimum incoming arc""}, ""routing_status_code"": 2, ""routing_status"": ""ROUTING_PARTIAL_SUCCESS_LOCAL_OPTIMUM_NOT_REACHED"", ""optimality_proven"": false, ""first_solution_strategy"": ""PARALLEL_CHEAPEST_INSERTION"", ""local_search_metaheuristic"": ""GUIDED_LOCAL_SEARCH"", ""search_workers"": 1, ""search_worker_setting"": ""Routing CP exposes no worker-count parameter; one CP search was run."", ""search_time_limit_seconds"": 0.5, ""time_limit_scope"": ""SolveWithParameters call only; model preparation is separate"", ""first_feasible_seconds"": 0.025514900000416674, ""distance_ticks"": 1058876}",results/0.5s/RC208/ortools-seed-0.json
ours,RC208,0.5,0,25,12651626,feasible,True,3,1232740,1232.74,5.3999996453057975e-05,0.5005907000013394,0.5005491999982041,0.0008050999967963435,0.5023518999951193,0.235339799997746,1,0.501546799998323,0.0009021000005304813,3d67d2a8e2758a324643f5d6c6ca87e8c56435273eaa04be33f213bb991f1f28,4ccf2642f91c10e5ef78d549cf8ed0088696fccc6f0da27cfce273e5cd458c2d,,"{""config"": {""seed"": 0, ""max_iterations"": null, ""time_limit_seconds"": 0.5, ""fleet_attempts_per_k"": 100, ""fleet_time_fraction"": 0.75, ""fleet_strategy"": ""hybrid"", ""fleet_repair_rounds"": 5, ""fleet_related_count"": 8, ""max_moves"": null, ""construction_order"": ""due"", ""repair_order"": ""due"", ""repair_strategy"": ""cheapest"", ""search_strategy"": ""first"", ""operators"": [""relocate"", ""swap"", ""two_opt"", ""two_opt_star""], ""remove_min"": 3, ""remove_max"": 8, ""restart_after"": 20, ""diagnostics"": false, ""evaluation_mode"": ""incremental"", ""search_backend"": ""native"", ""num_neighbours"": null, ""operator_schedule"": ""cyclic"", ""infeasible_search"": false, ""adaptive_penalties"": true, ""penalty_update_interval"": 10, ""penalty_target_feasible"": 0.5, ""penalty_max_moves"": 8}, ""backend"": ""native"", ""native"": {""api_version"": 1, ""build_info"": ""compiler=MSVC 195035722; cxx_standard=17; api_version=1"", ""binary"": ""_native.cp312-win_amd64.pyd"", ""binary_sha256"": ""604462f386c003e397cd55934c67735731d9683e762902ff4d23fad1f410c0bb""}, ""stop_reason"": ""time_limit"", ""initial_distance_ticks"": 1913075, ""fleet"": {""lower_bound"": 2, ""stop_reason"": ""fleet_budget"", ""targets"": [{""target"": 3, ""trials"": 1, ""repair_rounds"": 1, ""elapsed_seconds"": 0.012394199999107514, ""first_feasible_seconds"": 0.012394199999107514, ""status"": ""found""}, {""target"": 2, ""trials"": 6, ""repair_rounds"": 14, ""elapsed_seconds"": 0.1855978999956278, ""first_feasible_seconds"": null, ""status"": ""time_limit""}]}, ""milestones"": [{""vehicles"": 3, ""distance"": 1365201, ""elapsed_seconds"": 0.2482564999954775}]}",results/0.5s/RC208/ours-seed-0.json
pyvrp,RC208,0.5,0,25,12651626,feasible,True,4,927570,927.57,0.0018914000029326417,0.5071588999999221,0.49299140000221087,0.000752799998736009,0.5114507999969646,,54,0.5106979999982286,0.0016476999953738414,3d67d2a8e2758a324643f5d6c6ca87e8c56435273eaa04be33f213bb991f1f28,4ccf2642f91c10e5ef78d549cf8ed0088696fccc6f0da27cfce273e5cd458c2d,,"{""version"": ""0.13.0a0"", ""algorithm"": ""local checkout IteratedLocalSearch"", ""time_limit_clock"": ""anchored before solve(), including initial solution and search setup"", ""seed_supported"": true, ""fixed_vehicle_cost"": 12651626, ""internal_feasible"": true, ""scalar_objective"": 51534074, ""internal_distance_ticks"": 927570, ""internal_vehicles"": 4}",results/0.5s/RC208/pyvrp-seed-0.json
gurobi,C101,5.0,0,25,12022126,optimal,True,10,828937,828.937,0.4385264000011375,0.35926820000167936,0.35899996757507324,0.0004721999939647503,0.8173934999940684,0.7180919000020367,,0.8169213000001037,0.019126699997286778,a6da75152d182d60ecd2c6f854296f5be452f92282d096adebcf5d99a7f16516,4ccf2642f91c10e5ef78d549cf8ed0088696fccc6f0da27cfce273e5cd458c2d,,"{""backend"": ""gurobi"", ""gurobi_version"": [13, 0, 0], ""vehicle_weight"": 12022126, ""max_vehicles"": 25, ""distance_upper_bound"": 12022125, ""objective_upper_bound"": 312575275, ""cold_start"": true, ""threads"": 1, ""seed"": 0, ""seed_supported"": true, ""mip_gap_target"": 0.0, ""variable_count"": 4812, ""constraint_count"": 13338, ""arc_count"": 4512, ""gurobi_status_code"": 2, ""status"": ""optimal"", ""incumbent_count"": 4, ""node_count"": 1.0, ""iteration_count"": 343.0, ""objective_bound"": 121050197.0, ""objective_bound_continuous"": 121050197.0, ""objective"": 121050197.0, ""scalar_objective"": 121050197, ""raw_objective_minus_integral_route_objective"": 0.0, ""mip_gap"": 0.0}",results/5s/C101/gurobi-seed-0.json
ortools,C101,5.0,0,25,12022126,found,True,10,828937,828.937,0.002597899998363573,5.001297700000578,5.001,0.00044359999446896836,5.006477699993411,0.017974900001718197,,5.006034099998942,0.0021385000000009313,a6da75152d182d60ecd2c6f854296f5be452f92282d096adebcf5d99a7f16516,4ccf2642f91c10e5ef78d549cf8ed0088696fccc6f0da27cfce273e5cd458c2d,,"{""ortools_version"": ""9.15.6755"", ""requested_seed"": 0, ""cp_solver_reseed_applied"": true, ""seed_api"": ""pywrapcp.Solver.ReSeed"", ""seed_semantics"": ""Applied to the underlying CP Solver RNG; RoutingSearchParameters has no random_seed field. This does not claim control over every routing-search randomness source."", ""warm_start"": false, ""vehicle_limit"": 25, ""vehicle_fixed_cost"": 12022126, ""max_solution_distance_bound"": 12022125, ""objective_value"": 121050197, ""solver_assignment_objective"": 121050197, ""scalar_objective"": 121050197, ""objective_lower_bound"": 120486505, ""objective_gap_to_lower_bound"": 563692, ""lower_bound_components"": {""vehicles"": 10, ""distance_ticks"": 265245, ""distance_bound_method"": ""sum of each customer's minimum incoming arc""}, ""routing_status_code"": 1, ""routing_status"": ""ROUTING_SUCCESS"", ""optimality_proven"": false, ""first_solution_strategy"": ""PARALLEL_CHEAPEST_INSERTION"", ""local_search_metaheuristic"": ""GUIDED_LOCAL_SEARCH"", ""search_workers"": 1, ""search_worker_setting"": ""Routing CP exposes no worker-count parameter; one CP search was run."", ""search_time_limit_seconds"": 5.0, ""time_limit_scope"": ""SolveWithParameters call only; model preparation is separate"", ""first_feasible_seconds"": 0.017974900001718197, ""distance_ticks"": 828937}",results/5s/C101/ortools-seed-0.json
ours,C101,5.0,0,25,12022126,feasible,True,10,828937,828.937,6.140000186860561e-05,5.000958599994192,5.000902700005099,0.0008412999959546141,5.00264729999617,0.10193690000596689,157,5.001806000000215,0.00078600000415463,a6da75152d182d60ecd2c6f854296f5be452f92282d096adebcf5d99a7f16516,4ccf2642f91c10e5ef78d549cf8ed0088696fccc6f0da27cfce273e5cd458c2d,,"{""config"": {""seed"": 0, ""max_iterations"": null, ""time_limit_seconds"": 5.0, ""fleet_attempts_per_k"": 100, ""fleet_time_fraction"": 0.75, ""fleet_strategy"": ""hybrid"", ""fleet_repair_rounds"": 5, ""fleet_related_count"": 8, ""max_moves"": null, ""construction_order"": ""due"", ""repair_order"": ""due"", ""repair_strategy"": ""cheapest"", ""search_strategy"": ""first"", ""operators"": [""relocate"", ""swap"", ""two_opt"", ""two_opt_star""], ""remove_min"": 3, ""remove_max"": 8, ""restart_after"": 20, ""diagnostics"": false, ""evaluation_mode"": ""incremental"", ""search_backend"": ""native"", ""num_neighbours"": null, ""operator_schedule"": ""cyclic"", ""infeasible_search"": false, ""adaptive_penalties"": true, ""penalty_update_interval"": 10, ""penalty_target_feasible"": 0.5, ""penalty_max_moves"": 8}, ""backend"": ""native"", ""native"": {""api_version"": 1, ""build_info"": ""compiler=MSVC 195035722; cxx_standard=17; api_version=1"", ""binary"": ""_native.cp312-win_amd64.pyd"", ""binary_sha256"": ""604462f386c003e397cd55934c67735731d9683e762902ff4d23fad1f410c0bb""}, ""stop_reason"": ""time_limit"", ""initial_distance_ticks"": 983072, ""fleet"": {""lower_bound"": 10, ""stop_reason"": ""lower_bound"", ""targets"": [{""target"": 11, ""trials"": 1, ""repair_rounds"": 1, ""elapsed_seconds"": 0.00992930000211345, ""first_feasible_seconds"": 0.00992930000211345, ""status"": ""found""}, {""target"": 10, ""trials"": 45, ""repair_rounds"": 133, ""elapsed_seconds"": 0.4876451000018278, ""first_feasible_seconds"": 0.4876451000018278, ""status"": ""found""}]}, ""milestones"": [{""vehicles"": 11, ""distance"": 1015038, ""elapsed_seconds"": 0.11240710000129184}, {""vehicles"": 10, ""distance"": 828937, ""elapsed_seconds"": 0.6003354000058607}]}",results/5s/C101/ours-seed-0.json
pyvrp,C101,5.0,0,25,12022126,feasible,True,10,828937,828.937,0.0008327000032295473,5.000332899995556,4.9941734000021825,0.0004965999978594482,5.00283219999983,,1192,5.00233560000197,0.0011700000031851232,a6da75152d182d60ecd2c6f854296f5be452f92282d096adebcf5d99a7f16516,4ccf2642f91c10e5ef78d549cf8ed0088696fccc6f0da27cfce273e5cd458c2d,,"{""version"": ""0.13.0a0"", ""algorithm"": ""local checkout IteratedLocalSearch"", ""time_limit_clock"": ""anchored before solve(), including initial solution and search setup"", ""seed_supported"": true, ""fixed_vehicle_cost"": 12022126, ""internal_feasible"": true, ""scalar_objective"": 121050197, ""internal_distance_ticks"": 828937, ""internal_vehicles"": 10}",results/5s/C101/pyvrp-seed-0.json
gurobi,C102,5.0,0,25,12022126,time_limit,True,10,833126,833.126,0.6920132000013837,5.007311000001209,5.006999969482422,0.000782199997047428,5.722073199998704,1.2705567000011797,,5.721291000001656,0.02196679999906337,f89a0e2a760cc7448a4ca72b88e5b29b94d64b5548f3320f42a6230025ead653,4ccf2642f91c10e5ef78d549cf8ed0088696fccc6f0da27cfce273e5cd458c2d,,"{""backend"": ""gurobi"", ""gurobi_version"": [13, 0, 0], ""vehicle_weight"": 12022126, ""max_vehicles"": 25, ""distance_upper_bound"": 12022125, ""objective_upper_bound"": 312575275, ""cold_start"": true, ""threads"": 1, ""seed"": 0, ""seed_supported"": true, ""mip_gap_target"": 0.0, ""variable_count"": 6982, ""constraint_count"": 19848, ""arc_count"": 6682, ""gurobi_status_code"": 9, ""status"": ""time_limit"", ""incumbent_count"": 10, ""node_count"": 64.0, ""iteration_count"": 3369.0, ""objective_bound"": 96923871.0, ""objective_bound_continuous"": 96923871.0, ""objective"": 121054386.0, ""scalar_objective"": 121054386, ""raw_objective_minus_integral_route_objective"": 0.0, ""mip_gap"": 0.19933614796906243}",results/5s/C102/gurobi-seed-0.json
ortools,C102,5.0,0,25,12022126,found,True,10,828937,828.937,0.0037195000040810555,5.000509199999215,5.001,0.0003556000010576099,5.006566999996721,0.0268757999947411,,5.006211399995664,0.0019826999923679978,f89a0e2a760cc7448a4ca72b88e5b29b94d64b5548f3320f42a6230025ead653,4ccf2642f91c10e5ef78d549cf8ed0088696fccc6f0da27cfce273e5cd458c2d,,"{""ortools_version"": ""9.15.6755"", ""requested_seed"": 0, ""cp_solver_reseed_applied"": true, ""seed_api"": ""pywrapcp.Solver.ReSeed"", ""seed_semantics"": ""Applied to the underlying CP Solver RNG; RoutingSearchParameters has no random_seed field. This does not claim control over every routing-search randomness source."", ""warm_start"": false, ""vehicle_limit"": 25, ""vehicle_fixed_cost"": 12022126, ""max_solution_distance_bound"": 12022125, ""objective_value"": 121050197, ""solver_assignment_objective"": 121050197, ""scalar_objective"": 121050197, ""objective_lower_bound"": 120486505, ""objective_gap_to_lower_bound"": 563692, ""lower_bound_components"": {""vehicles"": 10, ""distance_ticks"": 265245, ""distance_bound_method"": ""sum of each customer's minimum incoming arc""}, ""routing_status_code"": 1, ""routing_status"": ""ROUTING_SUCCESS"", ""optimality_proven"": false, ""first_solution_strategy"": ""PARALLEL_CHEAPEST_INSERTION"", ""local_search_metaheuristic"": ""GUIDED_LOCAL_SEARCH"", ""search_workers"": 1, ""search_worker_setting"": ""Routing CP exposes no worker-count parameter; one CP search was run."", ""search_time_limit_seconds"": 5.0, ""time_limit_scope"": ""SolveWithParameters call only; model preparation is separate"", ""first_feasible_seconds"": 0.0268757999947411, ""distance_ticks"": 828937}",results/5s/C102/ortools-seed-0.json
ours,C102,5.0,0,25,12022126,feasible,True,10,984399,984.399,8.55999969644472e-05,5.000827700001537,5.000762800002121,0.0004700999998021871,5.002164699995774,0.12318370000139112,167,5.001694599995972,0.0007812999974703416,f89a0e2a760cc7448a4ca72b88e5b29b94d64b5548f3320f42a6230025ead653,4ccf2642f91c10e5ef78d549cf8ed0088696fccc6f0da27cfce273e5cd458c2d,,"{""config"": {""seed"": 0, ""max_iterations"": null, ""time_limit_seconds"": 5.0, ""fleet_attempts_per_k"": 100, ""fleet_time_fraction"": 0.75, ""fleet_strategy"": ""hybrid"", ""fleet_repair_rounds"": 5, ""fleet_related_count"": 8, ""max_moves"": null, ""construction_order"": ""due"", ""repair_order"": ""due"", ""repair_strategy"": ""cheapest"", ""search_strategy"": ""first"", ""operators"": [""relocate"", ""swap"", ""two_opt"", ""two_opt_star""], ""remove_min"": 3, ""remove_max"": 8, ""restart_after"": 20, ""diagnostics"": false, ""evaluation_mode"": ""incremental"", ""search_backend"": ""native"", ""num_neighbours"": null, ""operator_schedule"": ""cyclic"", ""infeasible_search"": false, ""adaptive_penalties"": true, ""penalty_update_interval"": 10, ""penalty_target_feasible"": 0.5, ""penalty_max_moves"": 8}, ""backend"": ""native"", ""native"": {""api_version"": 1, ""build_info"": ""compiler=MSVC 195035722; cxx_standard=17; api_version=1"", ""binary"": ""_native.cp312-win_amd64.pyd"", ""binary_sha256"": ""604462f386c003e397cd55934c67735731d9683e762902ff4d23fad1f410c0bb""}, ""stop_reason"": ""time_limit"", ""initial_distance_ticks"": 1259618, ""fleet"": {""lower_bound"": 10, ""stop_reason"": ""lower_bound"", ""targets"": []}, ""milestones"": []}",results/5s/C102/ours-seed-0.json
pyvrp,C102,5.0,0,25,12022126,feasible,True,11,921954,921.954,0.0015305000051739626,5.003376400003617,4.99294540000119,0.0006983999992371537,5.007125600001018,,526,5.006427200001781,0.0015202999929897487,f89a0e2a760cc7448a4ca72b88e5b29b94d64b5548f3320f42a6230025ead653,4ccf2642f91c10e5ef78d549cf8ed0088696fccc6f0da27cfce273e5cd458c2d,,"{""version"": ""0.13.0a0"", ""algorithm"": ""local checkout IteratedLocalSearch"", ""time_limit_clock"": ""anchored before solve(), including initial solution and search setup"", ""seed_supported"": true, ""fixed_vehicle_cost"": 12022126, ""internal_feasible"": true, ""scalar_objective"": 133165340, ""internal_distance_ticks"": 921954, ""internal_vehicles"": 11}",results/5s/C102/pyvrp-seed-0.json
gurobi,C103,5.0,0,25,12022126,time_limit,True,12,953813,953.813,0.8289259999946808,5.010443300001498,5.009999990463257,0.0008394999968004413,5.867175499995938,1.6111657000001287,,5.866335999999137,0.026966700002958532,a55cabf15e0da9d65696a5fb45c9852889479893f76f772a428ca15d1b415a51,4ccf2642f91c10e5ef78d549cf8ed0088696fccc6f0da27cfce273e5cd458c2d,,"{""backend"": ""gurobi"", ""gurobi_version"": [13, 0, 0], ""vehicle_weight"": 12022126, ""max_vehicles"": 25, ""distance_upper_bound"": 12022125, ""objective_upper_bound"": 312575275, ""cold_start"": true, ""threads"": 1, ""seed"": 0, ""seed_supported"": true, ""mip_gap_target"": 0.0, ""variable_count"": 8822, ""constraint_count"": 25368, ""arc_count"": 8522, ""gurobi_status_code"": 9, ""status"": ""time_limit"", ""incumbent_count"": 10, ""node_count"": 1.0, ""iteration_count"": 3534.0, ""objective_bound"": 24635383.194665395, ""objective_bound_continuous"": 24635383.194665395, ""objective"": 145219325.0, ""scalar_objective"": 145219325, ""raw_objective_minus_integral_route_objective"": 0.0, ""mip_gap"": 0.8303574046039299}",results/5s/C103/gurobi-seed-0.json
ortools,C103,5.0,0,25,12022126,found,True,10,853827,853.827,0.0033199000026797876,5.000042499996198,5.0,0.0003981000045314431,5.006227300000319,0.027466699997603428,,5.005829199995787,0.0024667999969096854,a55cabf15e0da9d65696a5fb45c9852889479893f76f772a428ca15d1b415a51,4ccf2642f91c10e5ef78d549cf8ed0088696fccc6f0da27cfce273e5cd458c2d,,"{""ortools_version"": ""9.15.6755"", ""requested_seed"": 0, ""cp_solver_reseed_applied"": true, ""seed_api"": ""pywrapcp.Solver.ReSeed"", ""seed_semantics"": ""Applied to the underlying CP Solver RNG; RoutingSearchParameters has no random_seed field. This does not claim control over every routing-search randomness source."", ""warm_start"": false, ""vehicle_limit"": 25, ""vehicle_fixed_cost"": 12022126, ""max_solution_distance_bound"": 12022125, ""objective_value"": 121075087, ""solver_assignment_objective"": 121075087, ""scalar_objective"": 121075087, ""objective_lower_bound"": 120486505, ""objective_gap_to_lower_bound"": 588582, ""lower_bound_components"": {""vehicles"": 10, ""distance_ticks"": 265245, ""distance_bound_method"": ""sum of each customer's minimum incoming arc""}, ""routing_status_code"": 1, ""routing_status"": ""ROUTING_SUCCESS"", ""optimality_proven"": false, ""first_solution_strategy"": ""PARALLEL_CHEAPEST_INSERTION"", ""local_search_metaheuristic"": ""GUIDED_LOCAL_SEARCH"", ""search_workers"": 1, ""search_worker_setting"": ""Routing CP exposes no worker-count parameter; one CP search was run."", ""search_time_limit_seconds"": 5.0, ""time_limit_scope"": ""SolveWithParameters call only; model preparation is separate"", ""first_feasible_seconds"": 0.027466699997603428, ""distance_ticks"": 853827}",results/5s/C103/ortools-seed-0.json
ours,C103,5.0,0,25,12022126,feasible,True,10,1213077,1213.077,6.839999696239829e-05,5.000799100002041,5.000745400000596,0.00047400000039488077,5.0021611000047415,0.12320829999953276,164,5.001687100004347,0.0008196000053430907,a55cabf15e0da9d65696a5fb45c9852889479893f76f772a428ca15d1b415a51,4ccf2642f91c10e5ef78d549cf8ed0088696fccc6f0da27cfce273e5cd458c2d,,"{""config"": {""seed"": 0, ""max_iterations"": null, ""time_limit_seconds"": 5.0, ""fleet_attempts_per_k"": 100, ""fleet_time_fraction"": 0.75, ""fleet_strategy"": ""hybrid"", ""fleet_repair_rounds"": 5, ""fleet_related_count"": 8, ""max_moves"": null, ""construction_order"": ""due"", ""repair_order"": ""due"", ""repair_strategy"": ""cheapest"", ""search_strategy"": ""first"", ""operators"": [""relocate"", ""swap"", ""two_opt"", ""two_opt_star""], ""remove_min"": 3, ""remove_max"": 8, ""restart_after"": 20, ""diagnostics"": false, ""evaluation_mode"": ""incremental"", ""search_backend"": ""native"", ""num_neighbours"": null, ""operator_schedule"": ""cyclic"", ""infeasible_search"": false, ""adaptive_penalties"": true, ""penalty_update_interval"": 10, ""penalty_target_feasible"": 0.5, ""penalty_max_moves"": 8}, ""backend"": ""native"", ""native"": {""api_version"": 1, ""build_info"": ""compiler=MSVC 195035722; cxx_standard=17; api_version=1"", ""binary"": ""_native.cp312-win_amd64.pyd"", ""binary_sha256"": ""604462f386c003e397cd55934c67735731d9683e762902ff4d23fad1f410c0bb""}, ""stop_reason"": ""time_limit"", ""initial_distance_ticks"": 1881698, ""fleet"": {""lower_bound"": 10, ""stop_reason"": ""lower_bound"", ""targets"": []}, ""milestones"": []}",results/5s/C103/ours-seed-0.json
pyvrp,C103,5.0,0,25,12022126,feasible,True,11,1002391,1002.391,0.0011960000047110952,5.0091720999989775,5.000052799994592,0.00039400000241585076,5.012364800000796,,574,5.01197079999838,0.0016026999946916476,a55cabf15e0da9d65696a5fb45c9852889479893f76f772a428ca15d1b415a51,4ccf2642f91c10e5ef78d549cf8ed0088696fccc6f0da27cfce273e5cd458c2d,,"{""version"": ""0.13.0a0"", ""algorithm"": ""local checkout IteratedLocalSearch"", ""time_limit_clock"": ""anchored before solve(), including initial solution and search setup"", ""seed_supported"": true, ""fixed_vehicle_cost"": 12022126, ""internal_feasible"": true, ""scalar_objective"": 133245777, ""internal_distance_ticks"": 1002391, ""internal_vehicles"": 11}",results/5s/C103/pyvrp-seed-0.json
gurobi,C104,5.0,0,25,12022126,time_limit,True,12,1054143,1054.143,0.9343326000016532,5.008392800002184,5.008000135421753,0.001658799999859184,5.9738552999988315,3.1066714000044158,,5.972196499998972,0.029471099995134864,fe333e81625ee5a75bb2ce98c2c9f356d07289237865b62a23ba2f32f0de5ee2,4ccf2642f91c10e5ef78d549cf8ed0088696fccc6f0da27cfce273e5cd458c2d,,"{""backend"": ""gurobi"", ""gurobi_version"": [13, 0, 0], ""vehicle_weight"": 12022126, ""max_vehicles"": 25, ""distance_upper_bound"": 12022125, ""objective_upper_bound"": 312575275, ""cold_start"": true, ""threads"": 1, ""seed"": 0, ""seed_supported"": true, ""mip_gap_target"": 0.0, ""variable_count"": 9888, ""constraint_count"": 28566, ""arc_count"": 9588, ""gurobi_status_code"": 9, ""status"": ""time_limit"", ""incumbent_count"": 10, ""node_count"": 1.0, ""iteration_count"": 1713.0, ""objective_bound"": 24478501.95802173, ""objective_bound_continuous"": 24478501.95802173, ""objective"": 145319655.0, ""scalar_objective"": 145319655, ""raw_objective_minus_integral_route_objective"": 0.0, ""mip_gap"": 0.8315540870364595}",results/5s/C104/gurobi-seed-0.json
ortools,C104,5.0,0,25,12022126,found,True,10,920839,920.839,0.005240699996647891,5.000752600004489,5.001,0.00047619999531889334,5.009053599998879,0.028570100002980325,,5.00857740000356,0.002584100002422929,fe333e81625ee5a75bb2ce98c2c9f356d07289237865b62a23ba2f32f0de5ee2,4ccf2642f91c10e5ef78d549cf8ed0088696fccc6f0da27cfce273e5cd458c2d,,"{""ortools_version"": ""9.15.6755"", ""requested_seed"": 0, ""cp_solver_reseed_applied"": true, ""seed_api"": ""pywrapcp.Solver.ReSeed"", ""seed_semantics"": ""Applied to the underlying CP Solver RNG; RoutingSearchParameters has no random_seed field. This does not claim control over every routing-search randomness source."", ""warm_start"": false, ""vehicle_limit"": 25, ""vehicle_fixed_cost"": 12022126, ""max_solution_distance_bound"": 12022125, ""objective_value"": 121142099, ""solver_assignment_objective"": 121142099, ""scalar_objective"": 121142099, ""objective_lower_bound"": 120486505, ""objective_gap_to_lower_bound"": 655594, ""lower_bound_components"": {""vehicles"": 10, ""distance_ticks"": 265245, ""distance_bound_method"": ""sum of each customer's minimum incoming arc""}, ""routing_status_code"": 1, ""routing_status"": ""ROUTING_SUCCESS"", ""optimality_proven"": false, ""first_solution_strategy"": ""PARALLEL_CHEAPEST_INSERTION"", ""local_search_metaheuristic"": ""GUIDED_LOCAL_SEARCH"", ""search_workers"": 1, ""search_worker_setting"": ""Routing CP exposes no worker-count parameter; one CP search was run."", ""search_time_limit_seconds"": 5.0, ""time_limit_scope"": ""SolveWithParameters call only; model preparation is separate"", ""first_feasible_seconds"": 0.028570100002980325, ""distance_ticks"": 920839}",results/5s/C104/ortools-seed-0.json
ours,C104,5.0,0,25,12022126,feasible,True,10,910373,910.373,8.399999933317304e-05,5.000794899999164,5.000742600001104,0.0005560999998124316,5.002218300003733,0.12622019999980694,180,5.001662200003921,0.0007833000054233707,fe333e81625ee5a75bb2ce98c2c9f356d07289237865b62a23ba2f32f0de5ee2,4ccf2642f91c10e5ef78d549cf8ed0088696fccc6f0da27cfce273e5cd458c2d,,"{""config"": {""seed"": 0, ""max_iterations"": null, ""time_limit_seconds"": 5.0, ""fleet_attempts_per_k"": 100, ""fleet_time_fraction"": 0.75, ""fleet_strategy"": ""hybrid"", ""fleet_repair_rounds"": 5, ""fleet_related_count"": 8, ""max_moves"": null, ""construction_order"": ""due"", ""repair_order"": ""due"", ""repair_strategy"": ""cheapest"", ""search_strategy"": ""first"", ""operators"": [""relocate"", ""swap"", ""two_opt"", ""two_opt_star""], ""remove_min"": 3, ""remove_max"": 8, ""restart_after"": 20, ""diagnostics"": false, ""evaluation_mode"": ""incremental"", ""search_backend"": ""native"", ""num_neighbours"": null, ""operator_schedule"": ""cyclic"", ""infeasible_search"": false, ""adaptive_penalties"": true, ""penalty_update_interval"": 10, ""penalty_target_feasible"": 0.5, ""penalty_max_moves"": 8}, ""backend"": ""native"", ""native"": {""api_version"": 1, ""build_info"": ""compiler=MSVC 195035722; cxx_standard=17; api_version=1"", ""binary"": ""_native.cp312-win_amd64.pyd"", ""binary_sha256"": ""604462f386c003e397cd55934c67735731d9683e762902ff4d23fad1f410c0bb""}, ""stop_reason"": ""time_limit"", ""initial_distance_ticks"": 2026228, ""fleet"": {""lower_bound"": 10, ""stop_reason"": ""lower_bound"", ""targets"": []}, ""milestones"": []}",results/5s/C104/ours-seed-0.json
pyvrp,C104,5.0,0,25,12022126,feasible,True,11,1096794,1096.794,0.000919999998586718,5.004089800000656,4.9938813999979175,0.0006080999955884181,5.007455999999365,,698,5.006847900003777,0.0018381000045337714,fe333e81625ee5a75bb2ce98c2c9f356d07289237865b62a23ba2f32f0de5ee2,4ccf2642f91c10e5ef78d549cf8ed0088696fccc6f0da27cfce273e5cd458c2d,,"{""version"": ""0.13.0a0"", ""algorithm"": ""local checkout IteratedLocalSearch"", ""time_limit_clock"": ""anchored before solve(), including initial solution and search setup"", ""seed_supported"": true, ""fixed_vehicle_cost"": 12022126, ""internal_feasible"": true, ""scalar_objective"": 133340180, ""internal_distance_ticks"": 1096794, ""internal_vehicles"": 11}",results/5s/C104/pyvrp-seed-0.json
gurobi,C105,5.0,0,25,12022126,time_limit,True,13,1916975,1916.975,0.4824908999944455,5.003087800003414,5.003000020980835,0.0005044999998062849,5.503040900002816,1.0734516999946209,,5.5025364000030095,0.0169577000051504,9a877a3a6fb922e7ad9297cc0308bc8a5652cb1495a0228ee6b81b2d938aa29f,4ccf2642f91c10e5ef78d549cf8ed0088696fccc6f0da27cfce273e5cd458c2d,,"{""backend"": ""gurobi"", ""gurobi_version"": [13, 0, 0], ""vehicle_weight"": 12022126, ""max_vehicles"": 25, ""distance_upper_bound"": 12022125, ""objective_upper_bound"": 312575275, ""cold_start"": true, ""threads"": 1, ""seed"": 0, ""seed_supported"": true, ""mip_gap_target"": 0.0, ""variable_count"": 5350, ""constraint_count"": 14952, ""arc_count"": 5050, ""gurobi_status_code"": 9, ""status"": ""time_limit"", ""incumbent_count"": 10, ""node_count"": 1.0, ""iteration_count"": 10943.0, ""objective_bound"": 75943977.01231506, ""objective_bound_continuous"": 75943977.01231506, ""objective"": 158204613.0, ""scalar_objective"": 158204613, ""raw_objective_minus_integral_route_objective"": 0.0, ""mip_gap"": 0.519963573929952}",results/5s/C105/gurobi-seed-0.json
ortools,C105,5.0,0,25,12022126,found,True,10,828937,828.937,0.002860799999325536,5.000600500003202,5.0,0.00048660000175004825,5.006014200000209,0.02477760000328999,,5.005527599998459,0.002066299995931331,9a877a3a6fb922e7ad9297cc0308bc8a5652cb1495a0228ee6b81b2d938aa29f,4ccf2642f91c10e5ef78d549cf8ed0088696fccc6f0da27cfce273e5cd458c2d,,"{""ortools_version"": ""9.15.6755"", ""requested_seed"": 0, ""cp_solver_reseed_applied"": true, ""seed_api"": ""pywrapcp.Solver.ReSeed"", ""seed_semantics"": ""Applied to the underlying CP Solver RNG; RoutingSearchParameters has no random_seed field. This does not claim control over every routing-search randomness source."", ""warm_start"": false, ""vehicle_limit"": 25, ""vehicle_fixed_cost"": 12022126, ""max_solution_distance_bound"": 12022125, ""objective_value"": 121050197, ""solver_assignment_objective"": 121050197, ""scalar_objective"": 121050197, ""objective_lower_bound"": 120486505, ""objective_gap_to_lower_bound"": 563692, ""lower_bound_components"": {""vehicles"": 10, ""distance_ticks"": 265245, ""distance_bound_method"": ""sum of each customer's minimum incoming arc""}, ""routing_status_code"": 1, ""routing_status"": ""ROUTING_SUCCESS"", ""optimality_proven"": false, ""first_solution_strategy"": ""PARALLEL_CHEAPEST_INSERTION"", ""local_search_metaheuristic"": ""GUIDED_LOCAL_SEARCH"", ""search_workers"": 1, ""search_worker_setting"": ""Routing CP exposes no worker-count parameter; one CP search was run."", ""search_time_limit_seconds"": 5.0, ""time_limit_scope"": ""SolveWithParameters call only; model preparation is separate"", ""first_feasible_seconds"": 0.02477760000328999, ""distance_ticks"": 828937}",results/5s/C105/ortools-seed-0.json
ours,C105,5.0,0,25,12022126,feasible,True,10,828937,828.937,5.650000093737617e-05,5.000348699999449,5.000300299994706,0.000483900003018789,5.001640100002987,0.11346849999972619,176,5.0011561999999685,0.0007509999995818362,9a877a3a6fb922e7ad9297cc0308bc8a5652cb1495a0228ee6b81b2d938aa29f,4ccf2642f91c10e5ef78d549cf8ed0088696fccc6f0da27cfce273e5cd458c2d,,"{""config"": {""seed"": 0, ""max_iterations"": null, ""time_limit_seconds"": 5.0, ""fleet_attempts_per_k"": 100, ""fleet_time_fraction"": 0.75, ""fleet_strategy"": ""hybrid"", ""fleet_repair_rounds"": 5, ""fleet_related_count"": 8, ""max_moves"": null, ""construction_order"": ""due"", ""repair_order"": ""due"", ""repair_strategy"": ""cheapest"", ""search_strategy"": ""first"", ""operators"": [""relocate"", ""swap"", ""two_opt"", ""two_opt_star""], ""remove_min"": 3, ""remove_max"": 8, ""restart_after"": 20, ""diagnostics"": false, ""evaluation_mode"": ""incremental"", ""search_backend"": ""native"", ""num_neighbours"": null, ""operator_schedule"": ""cyclic"", ""infeasible_search"": false, ""adaptive_penalties"": true, ""penalty_update_interval"": 10, ""penalty_target_feasible"": 0.5, ""penalty_max_moves"": 8}, ""backend"": ""native"", ""native"": {""api_version"": 1, ""build_info"": ""compiler=MSVC 195035722; cxx_standard=17; api_version=1"", ""binary"": ""_native.cp312-win_amd64.pyd"", ""binary_sha256"": ""604462f386c003e397cd55934c67735731d9683e762902ff4d23fad1f410c0bb""}, ""stop_reason"": ""time_limit"", ""initial_distance_ticks"": 1244285, ""fleet"": {""lower_bound"": 10, ""stop_reason"": ""lower_bound"", ""targets"": [{""target"": 10, ""trials"": 11, ""repair_rounds"": 31, ""elapsed_seconds"": 0.10392010000214214, ""first_feasible_seconds"": 0.10392010000214214, ""status"": ""found""}]}, ""milestones"": [{""vehicles"": 10, ""distance"": 1152670, ""elapsed_seconds"": 0.21784089999709977}]}",results/5s/C105/ours-seed-0.json
pyvrp,C105,5.0,0,25,12022126,feasible,True,10,828937,828.937,0.0011333000002196059,5.007992099999683,4.996468299999833,0.0005141000001458451,5.011191799996595,,828,5.0106776999964495,0.0015522999965469353,9a877a3a6fb922e7ad9297cc0308bc8a5652cb1495a0228ee6b81b2d938aa29f,4ccf2642f91c10e5ef78d549cf8ed0088696fccc6f0da27cfce273e5cd458c2d,,"{""version"": ""0.13.0a0"", ""algorithm"": ""local checkout IteratedLocalSearch"", ""time_limit_clock"": ""anchored before solve(), including initial solution and search setup"", ""seed_supported"": true, ""fixed_vehicle_cost"": 12022126, ""internal_feasible"": true, ""scalar_objective"": 121050197, ""internal_distance_ticks"": 828937, ""internal_vehicles"": 10}",results/5s/C105/pyvrp-seed-0.json
gurobi,C106,5.0,0,25,12022126,time_limit,True,14,2293238,2293.238,0.6218628999995417,5.002046900001005,5.002000093460083,0.0004897999970125966,5.644486600001983,1.2437187000032282,,5.64399680000497,0.020087000004423317,ec9b419bed53e9c607cce76e8c6bc59feb6e4d17646905601f008a4141ec7b40,4ccf2642f91c10e5ef78d549cf8ed0088696fccc6f0da27cfce273e5cd458c2d,,"{""backend"": ""gurobi"", ""gurobi_version"": [13, 0, 0], ""vehicle_weight"": 12022126, ""max_vehicles"": 25, ""distance_upper_bound"": 12022125, ""objective_upper_bound"": 312575275, ""cold_start"": true, ""threads"": 1, ""seed"": 0, ""seed_supported"": true, ""mip_gap_target"": 0.0, ""variable_count"": 5719, ""constraint_count"": 16059, ""arc_count"": 5419, ""gurobi_status_code"": 9, ""status"": ""time_limit"", ""incumbent_count"": 10, ""node_count"": 1.0, ""iteration_count"": 6761.0, ""objective_bound"": 42074074.70175647, ""objective_bound_continuous"": 42074074.70175647, ""objective"": 170603002.0, ""scalar_objective"": 170603002, ""raw_objective_minus_integral_route_objective"": 0.0, ""mip_gap"": 0.7533802206964888}",results/5s/C106/gurobi-seed-0.json
ortools,C106,5.0,0,25,12022126,found,True,10,828937,828.937,0.0034964000005857088,5.0002519999979995,5.001,0.00047539999650325626,5.006911299999047,0.02489369999966584,,5.006435900002543,0.002687500003958121,ec9b419bed53e9c607cce76e8c6bc59feb6e4d17646905601f008a4141ec7b40,4ccf2642f91c10e5ef78d549cf8ed0088696fccc6f0da27cfce273e5cd458c2d,,"{""ortools_version"": ""9.15.6755"", ""requested_seed"": 0, ""cp_solver_reseed_applied"": true, ""seed_api"": ""pywrapcp.Solver.ReSeed"", ""seed_semantics"": ""Applied to the underlying CP Solver RNG; RoutingSearchParameters has no random_seed field. This does not claim control over every routing-search randomness source."", ""warm_start"": false, ""vehicle_limit"": 25, ""vehicle_fixed_cost"": 12022126, ""max_solution_distance_bound"": 12022125, ""objective_value"": 121050197, ""solver_assignment_objective"": 121050197, ""scalar_objective"": 121050197, ""objective_lower_bound"": 120486505, ""objective_gap_to_lower_bound"": 563692, ""lower_bound_components"": {""vehicles"": 10, ""distance_ticks"": 265245, ""distance_bound_method"": ""sum of each customer's minimum incoming arc""}, ""routing_status_code"": 1, ""routing_status"": ""ROUTING_SUCCESS"", ""optimality_proven"": false, ""first_solution_strategy"": ""PARALLEL_CHEAPEST_INSERTION"", ""local_search_metaheuristic"": ""GUIDED_LOCAL_SEARCH"", ""search_workers"": 1, ""search_worker_setting"": ""Routing CP exposes no worker-count parameter; one CP search was run."", ""search_time_limit_seconds"": 5.0, ""time_limit_scope"": ""SolveWithParameters call only; model preparation is separate"", ""first_feasible_seconds"": 0.02489369999966584, ""distance_ticks"": 828937}",results/5s/C106/ortools-seed-0.json
ours,C106,5.0,0,25,12022126,feasible,True,10,891952,891.952,7.609999738633633e-05,5.000825800001621,5.000742600001104,0.000537899999471847,5.002165500001865,0.10005129999626661,173,5.001627600002394,0.0007257000033860095,ec9b419bed53e9c607cce76e8c6bc59feb6e4d17646905601f008a4141ec7b40,4ccf2642f91c10e5ef78d549cf8ed0088696fccc6f0da27cfce273e5cd458c2d,,"{""config"": {""seed"": 0, ""max_iterations"": null, ""time_limit_seconds"": 5.0, ""fleet_attempts_per_k"": 100, ""fleet_time_fraction"": 0.75, ""fleet_strategy"": ""hybrid"", ""fleet_repair_rounds"": 5, ""fleet_related_count"": 8, ""max_moves"": null, ""construction_order"": ""due"", ""repair_order"": ""due"", ""repair_strategy"": ""cheapest"", ""search_strategy"": ""first"", ""operators"": [""relocate"", ""swap"", ""two_opt"", ""two_opt_star""], ""remove_min"": 3, ""remove_max"": 8, ""restart_after"": 20, ""diagnostics"": false, ""evaluation_mode"": ""incremental"", ""search_backend"": ""native"", ""num_neighbours"": null, ""operator_schedule"": ""cyclic"", ""infeasible_search"": false, ""adaptive_penalties"": true, ""penalty_update_interval"": 10, ""penalty_target_feasible"": 0.5, ""penalty_max_moves"": 8}, ""backend"": ""native"", ""native"": {""api_version"": 1, ""build_info"": ""compiler=MSVC 195035722; cxx_standard=17; api_version=1"", ""binary"": ""_native.cp312-win_amd64.pyd"", ""binary_sha256"": ""604462f386c003e397cd55934c67735731d9683e762902ff4d23fad1f410c0bb""}, ""stop_reason"": ""time_limit"", ""initial_distance_ticks"": 1779739, ""fleet"": {""lower_bound"": 10, ""stop_reason"": ""lower_bound"", ""targets"": [{""target"": 11, ""trials"": 1, ""repair_rounds"": 1, ""elapsed_seconds"": 0.010055999999167398, ""first_feasible_seconds"": 0.010055999999167398, ""status"": ""found""}, {""target"": 10, ""trials"": 11, ""repair_rounds"": 31, ""elapsed_seconds"": 0.11428449999948498, ""first_feasible_seconds"": 0.11428449999948498, ""status"": ""found""}]}, ""milestones"": [{""vehicles"": 11, ""distance"": 1084360, ""elapsed_seconds"": 0.11091009999654489}, {""vehicles"": 10, ""distance"": 1155645, ""elapsed_seconds"": 0.22547969999868656}]}",results/5s/C106/ours-seed-0.json
pyvrp,C106,5.0,0,25,12022126,feasible,True,10,828937,828.937,0.001141199994890485,5.003115699997579,4.992291099995782,0.0004741000011563301,5.006615300007979,,701,5.006141200006823,0.0018843000143533573,ec9b419bed53e9c607cce76e8c6bc59feb6e4d17646905601f008a4141ec7b40,4ccf2642f91c10e5ef78d549cf8ed0088696fccc6f0da27cfce273e5cd458c2d,,"{""version"": ""0.13.0a0"", ""algorithm"": ""local checkout IteratedLocalSearch"", ""time_limit_clock"": ""anchored before solve(), including initial solution and search setup"", ""seed_supported"": true, ""fixed_vehicle_cost"": 12022126, ""internal_feasible"": true, ""scalar_objective"": 121050197, ""internal_distance_ticks"": 828937, ""internal_vehicles"": 10}",results/5s/C106/pyvrp-seed-0.json
gurobi,C107,5.0,0,25,12022126,time_limit,True,15,2083653,2083.653,0.525654700002633,5.006222800002433,5.00600004196167,0.0004992000031052157,5.553899300008197,1.3834619000044768,,5.553400100005092,0.021522600000025705,cb3cdc10d812fa17370eb52cb753b6b0574426dc6fabeb8b9076ed750ddf05ca,4ccf2642f91c10e5ef78d549cf8ed0088696fccc6f0da27cfce273e5cd458c2d,,"{""backend"": ""gurobi"", ""gurobi_version"": [13, 0, 0], ""vehicle_weight"": 12022126, ""max_vehicles"": 25, ""distance_upper_bound"": 12022125, ""objective_upper_bound"": 312575275, ""cold_start"": true, ""threads"": 1, ""seed"": 0, ""seed_supported"": true, ""mip_gap_target"": 0.0, ""variable_count"": 5917, ""constraint_count"": 16653, ""arc_count"": 5617, ""gurobi_status_code"": 9, ""status"": ""time_limit"", ""incumbent_count"": 10, ""node_count"": 1.0, ""iteration_count"": 7694.0, ""objective_bound"": 45123118.51422734, ""objective_bound_continuous"": 45123118.51422734, ""objective"": 182415543.0, ""scalar_objective"": 182415543, ""raw_objective_minus_integral_route_objective"": 0.0, ""mip_gap"": 0.7526355606976576}",results/5s/C107/gurobi-seed-0.json
ortools,C107,5.0,0,25,12022126,found,True,10,854315,854.315,0.003461399996012915,5.0006418999983,5.001,0.0006626000031246804,5.006708000000799,0.025990599999204278,,5.006045399997674,0.001942100003361702,cb3cdc10d812fa17370eb52cb753b6b0574426dc6fabeb8b9076ed750ddf05ca,4ccf2642f91c10e5ef78d549cf8ed0088696fccc6f0da27cfce273e5cd458c2d,,"{""ortools_version"": ""9.15.6755"", ""requested_seed"": 0, ""cp_solver_reseed_applied"": true, ""seed_api"": ""pywrapcp.Solver.ReSeed"", ""seed_semantics"": ""Applied to the underlying CP Solver RNG; RoutingSearchParameters has no random_seed field. This does not claim control over every routing-search randomness source."", ""warm_start"": false, ""vehicle_limit"": 25, ""vehicle_fixed_cost"": 12022126, ""max_solution_distance_bound"": 12022125, ""objective_value"": 121075575, ""solver_assignment_objective"": 121075575, ""scalar_objective"": 121075575, ""objective_lower_bound"": 120486505, ""objective_gap_to_lower_bound"": 589070, ""lower_bound_components"": {""vehicles"": 10, ""distance_ticks"": 265245, ""distance_bound_method"": ""sum of each customer's minimum incoming arc""}, ""routing_status_code"": 1, ""routing_status"": ""ROUTING_SUCCESS"", ""optimality_proven"": false, ""first_solution_strategy"": ""PARALLEL_CHEAPEST_INSERTION"", ""local_search_metaheuristic"": ""GUIDED_LOCAL_SEARCH"", ""search_workers"": 1, ""search_worker_setting"": ""Routing CP exposes no worker-count parameter; one CP search was run."", ""search_time_limit_seconds"": 5.0, ""time_limit_scope"": ""SolveWithParameters call only; model preparation is separate"", ""first_feasible_seconds"": 0.025990599999204278, ""distance_ticks"": 854315}",results/5s/C107/ortools-seed-0.json
ours,C107,5.0,0,25,12022126,feasible,True,10,828937,828.937,5.119999696034938e-05,5.000630200003798,5.000581000000238,0.0006942999971215613,5.002122300000337,0.12428319999889936,167,5.001428000003216,0.0007466000024578534,cb3cdc10d812fa17370eb52cb753b6b0574426dc6fabeb8b9076ed750ddf05ca,4ccf2642f91c10e5ef78d549cf8ed0088696fccc6f0da27cfce273e5cd458c2d,,"{""config"": {""seed"": 0, ""max_iterations"": null, ""time_limit_seconds"": 5.0, ""fleet_attempts_per_k"": 100, ""fleet_time_fraction"": 0.75, ""fleet_strategy"": ""hybrid"", ""fleet_repair_rounds"": 5, ""fleet_related_count"": 8, ""max_moves"": null, ""construction_order"": ""due"", ""repair_order"": ""due"", ""repair_strategy"": ""cheapest"", ""search_strategy"": ""first"", ""operators"": [""relocate"", ""swap"", ""two_opt"", ""two_opt_star""], ""remove_min"": 3, ""remove_max"": 8, ""restart_after"": 20, ""diagnostics"": false, ""evaluation_mode"": ""incremental"", ""search_backend"": ""native"", ""num_neighbours"": null, ""operator_schedule"": ""cyclic"", ""infeasible_search"": false, ""adaptive_penalties"": true, ""penalty_update_interval"": 10, ""penalty_target_feasible"": 0.5, ""penalty_max_moves"": 8}, ""backend"": ""native"", ""native"": {""api_version"": 1, ""build_info"": ""compiler=MSVC 195035722; cxx_standard=17; api_version=1"", ""binary"": ""_native.cp312-win_amd64.pyd"", ""binary_sha256"": ""604462f386c003e397cd55934c67735731d9683e762902ff4d23fad1f410c0bb""}, ""stop_reason"": ""time_limit"", ""initial_distance_ticks"": 1499375, ""fleet"": {""lower_bound"": 10, ""stop_reason"": ""lower_bound"", ""targets"": [{""target"": 10, ""trials"": 6, ""repair_rounds"": 17, ""elapsed_seconds"": 0.048168100001930725, ""first_feasible_seconds"": 0.048168100001930725, ""status"": ""found""}]}, ""milestones"": [{""vehicles"": 10, ""distance"": 1277707, ""elapsed_seconds"": 0.1731932999973651}]}",results/5s/C107/ours-seed-0.json
pyvrp,C107,5.0,0,25,12022126,feasible,True,10,863148,863.148,0.0010990000009769574,5.005378099995141,4.995700699997542,0.0004998000003979541,5.008554899999581,,769,5.008055099999183,0.001578000003064517,cb3cdc10d812fa17370eb52cb753b6b0574426dc6fabeb8b9076ed750ddf05ca,4ccf2642f91c10e5ef78d549cf8ed0088696fccc6f0da27cfce273e5cd458c2d,,"{""version"": ""0.13.0a0"", ""algorithm"": ""local checkout IteratedLocalSearch"", ""time_limit_clock"": ""anchored before solve(), including initial solution and search setup"", ""seed_supported"": true, ""fixed_vehicle_cost"": 12022126, ""internal_feasible"": true, ""scalar_objective"": 121084408, ""internal_distance_ticks"": 863148, ""internal_vehicles"": 10}",results/5s/C107/pyvrp-seed-0.json
gurobi,C108,5.0,0,25,12022126,time_limit,True,14,1574278,1574.278,0.6108989999993355,5.003204499997082,5.002000093460083,0.0004915000026812777,5.633553000006941,2.6460339999975986,,5.63306150000426,0.018958000007842202,b8c7e48f292b66b283d8e71511e3a4eccaa4c4bc66b9313c399e73b0226f5953,4ccf2642f91c10e5ef78d549cf8ed0088696fccc6f0da27cfce273e5cd458c2d,,"{""backend"": ""gurobi"", ""gurobi_version"": [13, 0, 0], ""vehicle_weight"": 12022126, ""max_vehicles"": 25, ""distance_upper_bound"": 12022125, ""objective_upper_bound"": 312575275, ""cold_start"": true, ""threads"": 1, ""seed"": 0, ""seed_supported"": true, ""mip_gap_target"": 0.0, ""variable_count"": 6641, ""constraint_count"": 18825, ""arc_count"": 6341, ""gurobi_status_code"": 9, ""status"": ""time_limit"", ""incumbent_count"": 10, ""node_count"": 1.0, ""iteration_count"": 4343.0, ""objective_bound"": 780372.1410554571, ""objective_bound_continuous"": 780372.1410554571, ""objective"": 169884042.0, ""scalar_objective"": 169884042, ""raw_objective_minus_integral_route_objective"": 0.0, ""mip_gap"": 0.995406442348155}",results/5s/C108/gurobi-seed-0.json
ortools,C108,5.0,0,25,12022126,found,True,10,854315,854.315,0.005220299994107336,5.000899099999515,5.001,0.00035119999665766954,5.008429399997112,0.026641399999789428,,5.008078200000455,0.001958800006832462,b8c7e48f292b66b283d8e71511e3a4eccaa4c4bc66b9313c399e73b0226f5953,4ccf2642f91c10e5ef78d549cf8ed0088696fccc6f0da27cfce273e5cd458c2d,,"{""ortools_version"": ""9.15.6755"", ""requested_seed"": 0, ""cp_solver_reseed_applied"": true, ""seed_api"": ""pywrapcp.Solver.ReSeed"", ""seed_semantics"": ""Applied to the underlying CP Solver RNG; RoutingSearchParameters has no random_seed field. This does not claim control over every routing-search randomness source."", ""warm_start"": false, ""vehicle_limit"": 25, ""vehicle_fixed_cost"": 12022126, ""max_solution_distance_bound"": 12022125, ""objective_value"": 121075575, ""solver_assignment_objective"": 121075575, ""scalar_objective"": 121075575, ""objective_lower_bound"": 120486505, ""objective_gap_to_lower_bound"": 589070, ""lower_bound_components"": {""vehicles"": 10, ""distance_ticks"": 265245, ""distance_bound_method"": ""sum of each customer's minimum incoming arc""}, ""routing_status_code"": 1, ""routing_status"": ""ROUTING_SUCCESS"", ""optimality_proven"": false, ""first_solution_strategy"": ""PARALLEL_CHEAPEST_INSERTION"", ""local_search_metaheuristic"": ""GUIDED_LOCAL_SEARCH"", ""search_workers"": 1, ""search_worker_setting"": ""Routing CP exposes no worker-count parameter; one CP search was run."", ""search_time_limit_seconds"": 5.0, ""time_limit_scope"": ""SolveWithParameters call only; model preparation is separate"", ""first_feasible_seconds"": 0.026641399999789428, ""distance_ticks"": 854315}",results/5s/C108/ortools-seed-0.json
ours,C108,5.0,0,25,12022126,feasible,True,10,1103256,1103.256,5.490000330610201e-05,5.000863699999172,5.000810700003058,0.000490999998874031,5.002184099997976,0.10866940000414615,163,5.001693099999102,0.00077449999662349,b8c7e48f292b66b283d8e71511e3a4eccaa4c4bc66b9313c399e73b0226f5953,4ccf2642f91c10e5ef78d549cf8ed0088696fccc6f0da27cfce273e5cd458c2d,,"{""config"": {""seed"": 0, ""max_iterations"": null, ""time_limit_seconds"": 5.0, ""fleet_attempts_per_k"": 100, ""fleet_time_fraction"": 0.75, ""fleet_strategy"": ""hybrid"", ""fleet_repair_rounds"": 5, ""fleet_related_count"": 8, ""max_moves"": null, ""construction_order"": ""due"", ""repair_order"": ""due"", ""repair_strategy"": ""cheapest"", ""search_strategy"": ""first"", ""operators"": [""relocate"", ""swap"", ""two_opt"", ""two_opt_star""], ""remove_min"": 3, ""remove_max"": 8, ""restart_after"": 20, ""diagnostics"": false, ""evaluation_mode"": ""incremental"", ""search_backend"": ""native"", ""num_neighbours"": null, ""operator_schedule"": ""cyclic"", ""infeasible_search"": false, ""adaptive_penalties"": true, ""penalty_update_interval"": 10, ""penalty_target_feasible"": 0.5, ""penalty_max_moves"": 8}, ""backend"": ""native"", ""native"": {""api_version"": 1, ""build_info"": ""compiler=MSVC 195035722; cxx_standard=17; api_version=1"", ""binary"": ""_native.cp312-win_amd64.pyd"", ""binary_sha256"": ""604462f386c003e397cd55934c67735731d9683e762902ff4d23fad1f410c0bb""}, ""stop_reason"": ""time_limit"", ""initial_distance_ticks"": 2132182, ""fleet"": {""lower_bound"": 10, ""stop_reason"": ""lower_bound"", ""targets"": [{""target"": 10, ""trials"": 27, ""repair_rounds"": 79, ""elapsed_seconds"": 0.34196309999970254, ""first_feasible_seconds"": 0.34196309999970254, ""status"": ""found""}]}, ""milestones"": [{""vehicles"": 10, ""distance"": 1389789, ""elapsed_seconds"": 0.45140250000258675}]}",results/5s/C108/ours-seed-0.json
pyvrp,C108,5.0,0,25,12022126,feasible,True,10,859803,859.803,0.0013502000001608394,5.005327800005034,4.996181800001068,0.0005654999986290932,5.0089114000002155,,741,5.008345900001586,0.0016678999963914976,b8c7e48f292b66b283d8e71511e3a4eccaa4c4bc66b9313c399e73b0226f5953,4ccf2642f91c10e5ef78d549cf8ed0088696fccc6f0da27cfce273e5cd458c2d,,"{""version"": ""0.13.0a0"", ""algorithm"": ""local checkout IteratedLocalSearch"", ""time_limit_clock"": ""anchored before solve(), including initial solution and search setup"", ""seed_supported"": true, ""fixed_vehicle_cost"": 12022126, ""internal_feasible"": true, ""scalar_objective"": 121081063, ""internal_distance_ticks"": 859803, ""internal_vehicles"": 10}",results/5s/C108/pyvrp-seed-0.json
gurobi,C109,5.0,0,25,12022126,time_limit,True,13,1039495,1039.495,0.7266736000019591,5.005661799994414,5.00600004196167,0.000833099998999387,5.75875869999436,1.1276318000018364,,5.75792559999536,0.025590199998987373,72d8489e14bf1bb18456f0b21b01110506cbcc2354719dae8481b480150f142a,4ccf2642f91c10e5ef78d549cf8ed0088696fccc6f0da27cfce273e5cd458c2d,,"{""backend"": ""gurobi"", ""gurobi_version"": [13, 0, 0], ""vehicle_weight"": 12022126, ""max_vehicles"": 25, ""distance_upper_bound"": 12022125, ""objective_upper_bound"": 312575275, ""cold_start"": true, ""threads"": 1, ""seed"": 0, ""seed_supported"": true, ""mip_gap_target"": 0.0, ""variable_count"": 7754, ""constraint_count"": 22164, ""arc_count"": 7454, ""gurobi_status_code"": 9, ""status"": ""time_limit"", ""incumbent_count"": 10, ""node_count"": 1.0, ""iteration_count"": 3678.0, ""objective_bound"": 439845.1846701145, ""objective_bound_continuous"": 439845.1846701145, ""objective"": 157327133.0, ""scalar_objective"": 157327133, ""raw_objective_minus_integral_route_objective"": 0.0, ""mip_gap"": 0.9972042636493597}",results/5s/C109/gurobi-seed-0.json
ortools,C109,5.0,0,25,12022126,found,True,10,873168,873.168,0.0031729000038467348,5.000569700001506,5.001,0.0007808000009390526,5.006809599995904,0.027866199998243246,,5.006028799994965,0.0022861999896122143,72d8489e14bf1bb18456f0b21b01110506cbcc2354719dae8481b480150f142a,4ccf2642f91c10e5ef78d549cf8ed0088696fccc6f0da27cfce273e5cd458c2d,,"{""ortools_version"": ""9.15.6755"", ""requested_seed"": 0, ""cp_solver_reseed_applied"": true, ""seed_api"": ""pywrapcp.Solver.ReSeed"", ""seed_semantics"": ""Applied to the underlying CP Solver RNG; RoutingSearchParameters has no random_seed field. This does not claim control over every routing-search randomness source."", ""warm_start"": false, ""vehicle_limit"": 25, ""vehicle_fixed_cost"": 12022126, ""max_solution_distance_bound"": 12022125, ""objective_value"": 121094428, ""solver_assignment_objective"": 121094428, ""scalar_objective"": 121094428, ""objective_lower_bound"": 120486505, ""objective_gap_to_lower_bound"": 607923, ""lower_bound_components"": {""vehicles"": 10, ""distance_ticks"": 265245, ""distance_bound_method"": ""sum of each customer's minimum incoming arc""}, ""routing_status_code"": 1, ""routing_status"": ""ROUTING_SUCCESS"", ""optimality_proven"": false, ""first_solution_strategy"": ""PARALLEL_CHEAPEST_INSERTION"", ""local_search_metaheuristic"": ""GUIDED_LOCAL_SEARCH"", ""search_workers"": 1, ""search_worker_setting"": ""Routing CP exposes no worker-count parameter; one CP search was run."", ""search_time_limit_seconds"": 5.0, ""time_limit_scope"": ""SolveWithParameters call only; model preparation is separate"", ""first_feasible_seconds"": 0.027866199998243246, ""distance_ticks"": 873168}",results/5s/C109/ortools-seed-0.json
ours,C109,5.0,0,25,12022126,feasible,True,10,896383,896.383,5.439999949885532e-05,5.000796500004071,5.000746199999412,0.0004867999959969893,5.002025699999649,0.11555280000175117,157,5.001538900003652,0.0006880000000819564,72d8489e14bf1bb18456f0b21b01110506cbcc2354719dae8481b480150f142a,4ccf2642f91c10e5ef78d549cf8ed0088696fccc6f0da27cfce273e5cd458c2d,,"{""config"": {""seed"": 0, ""max_iterations"": null, ""time_limit_seconds"": 5.0, ""fleet_attempts_per_k"": 100, ""fleet_time_fraction"": 0.75, ""fleet_strategy"": ""hybrid"", ""fleet_repair_rounds"": 5, ""fleet_related_count"": 8, ""max_moves"": null, ""construction_order"": ""due"", ""repair_order"": ""due"", ""repair_strategy"": ""cheapest"", ""search_strategy"": ""first"", ""operators"": [""relocate"", ""swap"", ""two_opt"", ""two_opt_star""], ""remove_min"": 3, ""remove_max"": 8, ""restart_after"": 20, ""diagnostics"": false, ""evaluation_mode"": ""incremental"", ""search_backend"": ""native"", ""num_neighbours"": null, ""operator_schedule"": ""cyclic"", ""infeasible_search"": false, ""adaptive_penalties"": true, ""penalty_update_interval"": 10, ""penalty_target_feasible"": 0.5, ""penalty_max_moves"": 8}, ""backend"": ""native"", ""native"": {""api_version"": 1, ""build_info"": ""compiler=MSVC 195035722; cxx_standard=17; api_version=1"", ""binary"": ""_native.cp312-win_amd64.pyd"", ""binary_sha256"": ""604462f386c003e397cd55934c67735731d9683e762902ff4d23fad1f410c0bb""}, ""stop_reason"": ""time_limit"", ""initial_distance_ticks"": 1676041, ""fleet"": {""lower_bound"": 10, ""stop_reason"": ""lower_bound"", ""targets"": []}, ""milestones"": []}",results/5s/C109/ours-seed-0.json
pyvrp,C109,5.0,0,25,12022126,feasible,True,10,884160,884.16,0.0008182000019587576,5.006650300005276,4.996095800001058,0.0004888000039500184,5.009395200009749,,722,5.008906400005799,0.0014378999985638075,72d8489e14bf1bb18456f0b21b01110506cbcc2354719dae8481b480150f142a,4ccf2642f91c10e5ef78d549cf8ed0088696fccc6f0da27cfce273e5cd458c2d,,"{""version"": ""0.13.0a0"", ""algorithm"": ""local checkout IteratedLocalSearch"", ""time_limit_clock"": ""anchored before solve(), including initial solution and search setup"", ""seed_supported"": true, ""fixed_vehicle_cost"": 12022126, ""internal_feasible"": true, ""scalar_objective"": 121105420, ""internal_distance_ticks"": 884160, ""internal_vehicles"": 10}",results/5s/C109/pyvrp-seed-0.json
gurobi,C201,5.0,0,25,12022126,optimal,True,3,591555,591.555,0.4984069000056479,2.2169192000001203,2.2170000076293945,0.0005353999949875288,2.7307318999955896,0.9477702000003774,,2.730196500000602,0.01487039999483386,d8d9834087ae2326fa23a8510533060233dc9fb481873be60956eb26a880ad63,4ccf2642f91c10e5ef78d549cf8ed0088696fccc6f0da27cfce273e5cd458c2d,,"{""backend"": ""gurobi"", ""gurobi_version"": [13, 0, 0], ""vehicle_weight"": 12022126, ""max_vehicles"": 25, ""distance_upper_bound"": 12022125, ""objective_upper_bound"": 312575275, ""cold_start"": true, ""threads"": 1, ""seed"": 0, ""seed_supported"": true, ""mip_gap_target"": 0.0, ""variable_count"": 5520, ""constraint_count"": 15462, ""arc_count"": 5220, ""gurobi_status_code"": 2, ""status"": ""optimal"", ""incumbent_count"": 8, ""node_count"": 1.0, ""iteration_count"": 3389.0, ""objective_bound"": 36657933.0, ""objective_bound_continuous"": 36657933.0, ""objective"": 36657933.0, ""scalar_objective"": 36657933, ""raw_objective_minus_integral_route_objective"": 0.0, ""mip_gap"": 0.0}",results/5s/C201/gurobi-seed-0.json
ortools,C201,5.0,0,25,12022126,found,True,3,591555,591.555,0.0031712000054540113,5.000221299997065,5.0,0.0006977000011829659,5.006167799998366,0.025836399996478576,,5.005470099997183,0.0020775999946636148,d8d9834087ae2326fa23a8510533060233dc9fb481873be60956eb26a880ad63,4ccf2642f91c10e5ef78d549cf8ed0088696fccc6f0da27cfce273e5cd458c2d,,"{""ortools_version"": ""9.15.6755"", ""requested_seed"": 0, ""cp_solver_reseed_applied"": true, ""seed_api"": ""pywrapcp.Solver.ReSeed"", ""seed_semantics"": ""Applied to the underlying CP Solver RNG; RoutingSearchParameters has no random_seed field. This does not claim control over every routing-search randomness source."", ""warm_start"": false, ""vehicle_limit"": 25, ""vehicle_fixed_cost"": 12022126, ""max_solution_distance_bound"": 12022125, ""objective_value"": 36657933, ""solver_assignment_objective"": 36657933, ""scalar_objective"": 36657933, ""objective_lower_bound"": 36477789, ""objective_gap_to_lower_bound"": 180144, ""lower_bound_components"": {""vehicles"": 3, ""distance_ticks"": 411411, ""distance_bound_method"": ""sum of each customer's minimum incoming arc""}, ""routing_status_code"": 1, ""routing_status"": ""ROUTING_SUCCESS"", ""optimality_proven"": false, ""first_solution_strategy"": ""PARALLEL_CHEAPEST_INSERTION"", ""local_search_metaheuristic"": ""GUIDED_LOCAL_SEARCH"", ""search_workers"": 1, ""search_worker_setting"": ""Routing CP exposes no worker-count parameter; one CP search was run."", ""search_time_limit_seconds"": 5.0, ""time_limit_scope"": ""SolveWithParameters call only; model preparation is separate"", ""first_feasible_seconds"": 0.025836399996478576, ""distance_ticks"": 591555}",results/5s/C201/ortools-seed-0.json
ours,C201,5.0,0,25,12022126,feasible,True,3,591555,591.555,4.889999399892986e-05,5.000405700004194,5.000359600002412,0.00046660000225529075,5.001722699998936,0.28225620000011986,89,5.001256099996681,0.0008014999984879978,d8d9834087ae2326fa23a8510533060233dc9fb481873be60956eb26a880ad63,4ccf2642f91c10e5ef78d549cf8ed0088696fccc6f0da27cfce273e5cd458c2d,,"{""config"": {""seed"": 0, ""max_iterations"": null, ""time_limit_seconds"": 5.0, ""fleet_attempts_per_k"": 100, ""fleet_time_fraction"": 0.75, ""fleet_strategy"": ""hybrid"", ""fleet_repair_rounds"": 5, ""fleet_related_count"": 8, ""max_moves"": null, ""construction_order"": ""due"", ""repair_order"": ""due"", ""repair_strategy"": ""cheapest"", ""search_strategy"": ""first"", ""operators"": [""relocate"", ""swap"", ""two_opt"", ""two_opt_star""], ""remove_min"": 3, ""remove_max"": 8, ""restart_after"": 20, ""diagnostics"": false, ""evaluation_mode"": ""incremental"", ""search_backend"": ""native"", ""num_neighbours"": null, ""operator_schedule"": ""cyclic"", ""infeasible_search"": false, ""adaptive_penalties"": true, ""penalty_update_interval"": 10, ""penalty_target_feasible"": 0.5, ""penalty_max_moves"": 8}, ""backend"": ""native"", ""native"": {""api_version"": 1, ""build_info"": ""compiler=MSVC 195035722; cxx_standard=17; api_version=1"", ""binary"": ""_native.cp312-win_amd64.pyd"", ""binary_sha256"": ""604462f386c003e397cd55934c67735731d9683e762902ff4d23fad1f410c0bb""}, ""stop_reason"": ""time_limit"", ""initial_distance_ticks"": 704252, ""fleet"": {""lower_bound"": 3, ""stop_reason"": ""lower_bound"", ""targets"": []}, ""milestones"": []}",results/5s/C201/ours-seed-0.json
pyvrp,C201,5.0,0,25,12022126,feasible,True,3,591555,591.555,0.0011383999953977764,5.000390799999877,4.993162600003416,0.0006630000061704777,5.003698800006532,,8247,5.003035800000362,0.0015066000050865114,d8d9834087ae2326fa23a8510533060233dc9fb481873be60956eb26a880ad63,4ccf2642f91c10e5ef78d549cf8ed0088696fccc6f0da27cfce273e5cd458c2d,,"{""version"": ""0.13.0a0"", ""algorithm"": ""local checkout IteratedLocalSearch"", ""time_limit_clock"": ""anchored before solve(), including initial solution and search setup"", ""seed_supported"": true, ""fixed_vehicle_cost"": 12022126, ""internal_feasible"": true, ""scalar_objective"": 36657933, ""internal_distance_ticks"": 591555, ""internal_vehicles"": 3}",results/5s/C201/pyvrp-seed-0.json
gurobi,C202,5.0,0,25,12022126,time_limit,True,3,591555,591.555,0.6819612999970559,5.003909800005204,5.003999948501587,0.00047339999582618475,5.7106552999975975,0.9327734999969834,,5.710181900001771,0.0243107999995118,dfc8ecad79f6c7ffb096cd36994143569f0babe284d5ad194683271d81063772,4ccf2642f91c10e5ef78d549cf8ed0088696fccc6f0da27cfce273e5cd458c2d,,"{""backend"": ""gurobi"", ""gurobi_version"": [13, 0, 0], ""vehicle_weight"": 12022126, ""max_vehicles"": 25, ""distance_upper_bound"": 12022125, ""objective_upper_bound"": 312575275, ""cold_start"": true, ""threads"": 1, ""seed"": 0, ""seed_supported"": true, ""mip_gap_target"": 0.0, ""variable_count"": 7662, ""constraint_count"": 21888, ""arc_count"": 7362, ""gurobi_status_code"": 9, ""status"": ""time_limit"", ""incumbent_count"": 10, ""node_count"": 1.0, ""iteration_count"": 5505.0, ""objective_bound"": 763511.3858734982, ""objective_bound_continuous"": 763511.3858734982, ""objective"": 36657933.0, ""scalar_objective"": 36657933, ""raw_objective_minus_integral_route_objective"": 0.0, ""mip_gap"": 0.9791720011634727}",results/5s/C202/gurobi-seed-0.json
ortools,C202,5.0,0,25,12022126,found,True,3,591555,591.555,0.003625199999078177,4.9998594999997295,5.0,0.0005013999980292283,5.0058862999940175,0.025102400002651848,,5.005384899995988,0.0019001999971806072,dfc8ecad79f6c7ffb096cd36994143569f0babe284d5ad194683271d81063772,4ccf2642f91c10e5ef78d549cf8ed0088696fccc6f0da27cfce273e5cd458c2d,,"{""ortools_version"": ""9.15.6755"", ""requested_seed"": 0, ""cp_solver_reseed_applied"": true, ""seed_api"": ""pywrapcp.Solver.ReSeed"", ""seed_semantics"": ""Applied to the underlying CP Solver RNG; RoutingSearchParameters has no random_seed field. This does not claim control over every routing-search randomness source."", ""warm_start"": false, ""vehicle_limit"": 25, ""vehicle_fixed_cost"": 12022126, ""max_solution_distance_bound"": 12022125, ""objective_value"": 36657933, ""solver_assignment_objective"": 36657933, ""scalar_objective"": 36657933, ""objective_lower_bound"": 36477789, ""objective_gap_to_lower_bound"": 180144, ""lower_bound_components"": {""vehicles"": 3, ""distance_ticks"": 411411, ""distance_bound_method"": ""sum of each customer's minimum incoming arc""}, ""routing_status_code"": 1, ""routing_status"": ""ROUTING_SUCCESS"", ""optimality_proven"": false, ""first_solution_strategy"": ""PARALLEL_CHEAPEST_INSERTION"", ""local_search_metaheuristic"": ""GUIDED_LOCAL_SEARCH"", ""search_workers"": 1, ""search_worker_setting"": ""Routing CP exposes no worker-count parameter; one CP search was run."", ""search_time_limit_seconds"": 5.0, ""time_limit_scope"": ""SolveWithParameters call only; model preparation is separate"", ""first_feasible_seconds"": 0.025102400002651848, ""distance_ticks"": 591555}",results/5s/C202/ortools-seed-0.json
ours,C202,5.0,0,25,12022126,feasible,True,3,620286,620.286,5.480000254465267e-05,5.000445999998192,5.0003925999990315,0.0005065000004833564,5.0017531999983476,0.260553300002357,90,5.001246699997864,0.000745899997127708,dfc8ecad79f6c7ffb096cd36994143569f0babe284d5ad194683271d81063772,4ccf2642f91c10e5ef78d549cf8ed0088696fccc6f0da27cfce273e5cd458c2d,,"{""config"": {""seed"": 0, ""max_iterations"": null, ""time_limit_seconds"": 5.0, ""fleet_attempts_per_k"": 100, ""fleet_time_fraction"": 0.75, ""fleet_strategy"": ""hybrid"", ""fleet_repair_rounds"": 5, ""fleet_related_count"": 8, ""max_moves"": null, ""construction_order"": ""due"", ""repair_order"": ""due"", ""repair_strategy"": ""cheapest"", ""search_strategy"": ""first"", ""operators"": [""relocate"", ""swap"", ""two_opt"", ""two_opt_star""], ""remove_min"": 3, ""remove_max"": 8, ""restart_after"": 20, ""diagnostics"": false, ""evaluation_mode"": ""incremental"", ""search_backend"": ""native"", ""num_neighbours"": null, ""operator_schedule"": ""cyclic"", ""infeasible_search"": false, ""adaptive_penalties"": true, ""penalty_update_interval"": 10, ""penalty_target_feasible"": 0.5, ""penalty_max_moves"": 8}, ""backend"": ""native"", ""native"": {""api_version"": 1, ""build_info"": ""compiler=MSVC 195035722; cxx_standard=17; api_version=1"", ""binary"": ""_native.cp312-win_amd64.pyd"", ""binary_sha256"": ""604462f386c003e397cd55934c67735731d9683e762902ff4d23fad1f410c0bb""}, ""stop_reason"": ""time_limit"", ""initial_distance_ticks"": 761778, ""fleet"": {""lower_bound"": 3, ""stop_reason"": ""lower_bound"", ""targets"": []}, ""milestones"": []}",results/5s/C202/ours-seed-0.json
pyvrp,C202,5.0,0,25,12022126,feasible,True,4,667320,667.32,0.0010636000006343238,5.014057300002605,5.006107100001827,0.0005499999970197678,5.01753039999312,,556,5.0169803999961005,0.0018594999928609468,dfc8ecad79f6c7ffb096cd36994143569f0babe284d5ad194683271d81063772,4ccf2642f91c10e5ef78d549cf8ed0088696fccc6f0da27cfce273e5cd458c2d,,"{""version"": ""0.13.0a0"", ""algorithm"": ""local checkout IteratedLocalSearch"", ""time_limit_clock"": ""anchored before solve(), including initial solution and search setup"", ""seed_supported"": true, ""fixed_vehicle_cost"": 12022126, ""internal_feasible"": true, ""scalar_objective"": 48755824, ""internal_distance_ticks"": 667320, ""internal_vehicles"": 4}",results/5s/C202/pyvrp-seed-0.json
gurobi,C203,5.0,0,25,12022126,time_limit,True,5,960816,960.816,0.8626548000029288,5.008507099999406,5.007999897003174,0.0004878999970969744,5.899730500001169,1.2368962000036845,,5.899242600004072,0.02808070000173757,2b79eea2962a848cb29f6153d4fb4ae725d35507686d937da6643b33fcd85062,4ccf2642f91c10e5ef78d549cf8ed0088696fccc6f0da27cfce273e5cd458c2d,,"{""backend"": ""gurobi"", ""gurobi_version"": [13, 0, 0], ""vehicle_weight"": 12022126, ""max_vehicles"": 25, ""distance_upper_bound"": 12022125, ""objective_upper_bound"": 312575275, ""cold_start"": true, ""threads"": 1, ""seed"": 0, ""seed_supported"": true, ""mip_gap_target"": 0.0, ""variable_count"": 9193, ""constraint_count"": 26481, ""arc_count"": 8893, ""gurobi_status_code"": 9, ""status"": ""time_limit"", ""incumbent_count"": 10, ""node_count"": 1.0, ""iteration_count"": 2666.0, ""objective_bound"": 577731.1872782446, ""objective_bound_continuous"": 577731.1872782446, ""objective"": 61071446.0, ""scalar_objective"": 61071446, ""raw_objective_minus_integral_route_objective"": 0.0, ""mip_gap"": 0.9905400768261121}",results/5s/C203/gurobi-seed-0.json
ortools,C203,5.0,0,25,12022126,found,True,3,600207,600.207,0.003231000002415385,5.0005667000004905,5.001,0.00046629999997094274,5.0063881000023684,0.02498629999900004,,5.0059218000023975,0.002124099999491591,2b79eea2962a848cb29f6153d4fb4ae725d35507686d937da6643b33fcd85062,4ccf2642f91c10e5ef78d549cf8ed0088696fccc6f0da27cfce273e5cd458c2d,,"{""ortools_version"": ""9.15.6755"", ""requested_seed"": 0, ""cp_solver_reseed_applied"": true, ""seed_api"": ""pywrapcp.Solver.ReSeed"", ""seed_semantics"": ""Applied to the underlying CP Solver RNG; RoutingSearchParameters has no random_seed field. This does not claim control over every routing-search randomness source."", ""warm_start"": false, ""vehicle_limit"": 25, ""vehicle_fixed_cost"": 12022126, ""max_solution_distance_bound"": 12022125, ""objective_value"": 36666585, ""solver_assignment_objective"": 36666585, ""scalar_objective"": 36666585, ""objective_lower_bound"": 36477789, ""objective_gap_to_lower_bound"": 188796, ""lower_bound_components"": {""vehicles"": 3, ""distance_ticks"": 411411, ""distance_bound_method"": ""sum of each customer's minimum incoming arc""}, ""routing_status_code"": 1, ""routing_status"": ""ROUTING_SUCCESS"", ""optimality_proven"": false, ""first_solution_strategy"": ""PARALLEL_CHEAPEST_INSERTION"", ""local_search_metaheuristic"": ""GUIDED_LOCAL_SEARCH"", ""search_workers"": 1, ""search_worker_setting"": ""Routing CP exposes no worker-count parameter; one CP search was run."", ""search_time_limit_seconds"": 5.0, ""time_limit_scope"": ""SolveWithParameters call only; model preparation is separate"", ""first_feasible_seconds"": 0.02498629999900004, ""distance_ticks"": 600207}",results/5s/C203/ortools-seed-0.json
ours,C203,5.0,0,25,12022126,feasible,True,3,600207,600.207,5.6899996707215905e-05,5.000493699997605,5.000440900003014,0.0003947999939555302,5.001807900000131,0.24724419999984093,92,5.001413100006175,0.0008625000118627213,2b79eea2962a848cb29f6153d4fb4ae725d35507686d937da6643b33fcd85062,4ccf2642f91c10e5ef78d549cf8ed0088696fccc6f0da27cfce273e5cd458c2d,,"{""config"": {""seed"": 0, ""max_iterations"": null, ""time_limit_seconds"": 5.0, ""fleet_attempts_per_k"": 100, ""fleet_time_fraction"": 0.75, ""fleet_strategy"": ""hybrid"", ""fleet_repair_rounds"": 5, ""fleet_related_count"": 8, ""max_moves"": null, ""construction_order"": ""due"", ""repair_order"": ""due"", ""repair_strategy"": ""cheapest"", ""search_strategy"": ""first"", ""operators"": [""relocate"", ""swap"", ""two_opt"", ""two_opt_star""], ""remove_min"": 3, ""remove_max"": 8, ""restart_after"": 20, ""diagnostics"": false, ""evaluation_mode"": ""incremental"", ""search_backend"": ""native"", ""num_neighbours"": null, ""operator_schedule"": ""cyclic"", ""infeasible_search"": false, ""adaptive_penalties"": true, ""penalty_update_interval"": 10, ""penalty_target_feasible"": 0.5, ""penalty_max_moves"": 8}, ""backend"": ""native"", ""native"": {""api_version"": 1, ""build_info"": ""compiler=MSVC 195035722; cxx_standard=17; api_version=1"", ""binary"": ""_native.cp312-win_amd64.pyd"", ""binary_sha256"": ""604462f386c003e397cd55934c67735731d9683e762902ff4d23fad1f410c0bb""}, ""stop_reason"": ""time_limit"", ""initial_distance_ticks"": 894861, ""fleet"": {""lower_bound"": 3, ""stop_reason"": ""lower_bound"", ""targets"": [{""target"": 3, ""trials"": 1, ""repair_rounds"": 1, ""elapsed_seconds"": 0.012071899996954016, ""first_feasible_seconds"": 0.012071899996954016, ""status"": ""found""}]}, ""milestones"": [{""vehicles"": 3, ""distance"": 690753, ""elapsed_seconds"": 0.25989970000227913}]}",results/5s/C203/ours-seed-0.json
pyvrp,C203,5.0,0,25,12022126,feasible,True,4,683398,683.398,0.0010133999967365526,5.000250799996138,4.99239099999977,0.0008744000006117858,5.003733400000783,,483,5.002859000000171,0.001594800007296726,2b79eea2962a848cb29f6153d4fb4ae725d35507686d937da6643b33fcd85062,4ccf2642f91c10e5ef78d549cf8ed0088696fccc6f0da27cfce273e5cd458c2d,,"{""version"": ""0.13.0a0"", ""algorithm"": ""local checkout IteratedLocalSearch"", ""time_limit_clock"": ""anchored before solve(), including initial solution and search setup"", ""seed_supported"": true, ""fixed_vehicle_cost"": 12022126, ""internal_feasible"": true, ""scalar_objective"": 48771902, ""internal_distance_ticks"": 683398, ""internal_vehicles"": 4}",results/5s/C203/pyvrp-seed-0.json
gurobi,C204,5.0,0,25,12022126,time_limit,True,7,1198936,1198.936,0.9213369999997667,5.006370800001605,5.005999803543091,0.000797100001364015,5.958548800001154,1.2982663000002503,,5.95775169999979,0.030043899998418055,4331b2744d34e32c2987e3fe8a82b782a2039d757d2aac818f7e0fd21117bfb4,4ccf2642f91c10e5ef78d549cf8ed0088696fccc6f0da27cfce273e5cd458c2d,,"{""backend"": ""gurobi"", ""gurobi_version"": [13, 0, 0], ""vehicle_weight"": 12022126, ""max_vehicles"": 25, ""distance_upper_bound"": 12022125, ""objective_upper_bound"": 312575275, ""cold_start"": true, ""threads"": 1, ""seed"": 0, ""seed_supported"": true, ""mip_gap_target"": 0.0, ""variable_count"": 10105, ""constraint_count"": 29217, ""arc_count"": 9805, ""gurobi_status_code"": 9, ""status"": ""time_limit"", ""incumbent_count"": 10, ""node_count"": 1.0, ""iteration_count"": 2045.0, ""objective_bound"": 535388.1920684024, ""objective_bound_continuous"": 535388.1920684024, ""objective"": 85353818.0, ""scalar_objective"": 85353818, ""raw_objective_minus_integral_route_objective"": 0.0, ""mip_gap"": 0.9937274253851375}",results/5s/C204/gurobi-seed-0.json
ortools,C204,5.0,0,25,12022126,found,True,3,616350,616.35,0.0036398999945959076,5.000208000004932,5.001,0.0004793999978573993,5.006356299993058,0.026835500000743195,,5.005876899995201,0.0020289999956730753,4331b2744d34e32c2987e3fe8a82b782a2039d757d2aac818f7e0fd21117bfb4,4ccf2642f91c10e5ef78d549cf8ed0088696fccc6f0da27cfce273e5cd458c2d,,"{""ortools_version"": ""9.15.6755"", ""requested_seed"": 0, ""cp_solver_reseed_applied"": true, ""seed_api"": ""pywrapcp.Solver.ReSeed"", ""seed_semantics"": ""Applied to the underlying CP Solver RNG; RoutingSearchParameters has no random_seed field. This does not claim control over every routing-search randomness source."", ""warm_start"": false, ""vehicle_limit"": 25, ""vehicle_fixed_cost"": 12022126, ""max_solution_distance_bound"": 12022125, ""objective_value"": 36682728, ""solver_assignment_objective"": 36682728, ""scalar_objective"": 36682728, ""objective_lower_bound"": 36477789, ""objective_gap_to_lower_bound"": 204939, ""lower_bound_components"": {""vehicles"": 3, ""distance_ticks"": 411411, ""distance_bound_method"": ""sum of each customer's minimum incoming arc""}, ""routing_status_code"": 1, ""routing_status"": ""ROUTING_SUCCESS"", ""optimality_proven"": false, ""first_solution_strategy"": ""PARALLEL_CHEAPEST_INSERTION"", ""local_search_metaheuristic"": ""GUIDED_LOCAL_SEARCH"", ""search_workers"": 1, ""search_worker_setting"": ""Routing CP exposes no worker-count parameter; one CP search was run."", ""search_time_limit_seconds"": 5.0, ""time_limit_scope"": ""SolveWithParameters call only; model preparation is separate"", ""first_feasible_seconds"": 0.026835500000743195, ""distance_ticks"": 616350}",results/5s/C204/ortools-seed-0.json
ours,C204,5.0,0,25,12022126,feasible,True,3,641760,641.76,5.679999594576657e-05,5.000775799999246,5.000725599995349,0.0004588000010699034,5.002003800000239,0.27361269999528304,90,5.001544999999169,0.0007124000039766543,4331b2744d34e32c2987e3fe8a82b782a2039d757d2aac818f7e0fd21117bfb4,4ccf2642f91c10e5ef78d549cf8ed0088696fccc6f0da27cfce273e5cd458c2d,,"{""config"": {""seed"": 0, ""max_iterations"": null, ""time_limit_seconds"": 5.0, ""fleet_attempts_per_k"": 100, ""fleet_time_fraction"": 0.75, ""fleet_strategy"": ""hybrid"", ""fleet_repair_rounds"": 5, ""fleet_related_count"": 8, ""max_moves"": null, ""construction_order"": ""due"", ""repair_order"": ""due"", ""repair_strategy"": ""cheapest"", ""search_strategy"": ""first"", ""operators"": [""relocate"", ""swap"", ""two_opt"", ""two_opt_star""], ""remove_min"": 3, ""remove_max"": 8, ""restart_after"": 20, ""diagnostics"": false, ""evaluation_mode"": ""incremental"", ""search_backend"": ""native"", ""num_neighbours"": null, ""operator_schedule"": ""cyclic"", ""infeasible_search"": false, ""adaptive_penalties"": true, ""penalty_update_interval"": 10, ""penalty_target_feasible"": 0.5, ""penalty_max_moves"": 8}, ""backend"": ""native"", ""native"": {""api_version"": 1, ""build_info"": ""compiler=MSVC 195035722; cxx_standard=17; api_version=1"", ""binary"": ""_native.cp312-win_amd64.pyd"", ""binary_sha256"": ""604462f386c003e397cd55934c67735731d9683e762902ff4d23fad1f410c0bb""}, ""stop_reason"": ""time_limit"", ""initial_distance_ticks"": 1439548, ""fleet"": {""lower_bound"": 3, ""stop_reason"": ""lower_bound"", ""targets"": [{""target"": 3, ""trials"": 1, ""repair_rounds"": 1, ""elapsed_seconds"": 0.011368599996785633, ""first_feasible_seconds"": 0.011368599996785633, ""status"": ""found""}]}, ""milestones"": [{""vehicles"": 3, ""distance"": 965970, ""elapsed_seconds"": 0.28546189999906346}]}",results/5s/C204/ours-seed-0.json
pyvrp,C204,5.0,0,25,12022126,feasible,True,4,717326,717.326,0.0011276000004727393,5.00273549999838,4.993045799994434,0.0005861999961780384,5.005716199993913,,636,5.005129999997735,0.0012668999988818541,4331b2744d34e32c2987e3fe8a82b782a2039d757d2aac818f7e0fd21117bfb4,4ccf2642f91c10e5ef78d549cf8ed0088696fccc6f0da27cfce273e5cd458c2d,,"{""version"": ""0.13.0a0"", ""algorithm"": ""local checkout IteratedLocalSearch"", ""time_limit_clock"": ""anchored before solve(), including initial solution and search setup"", ""seed_supported"": true, ""fixed_vehicle_cost"": 12022126, ""internal_feasible"": true, ""scalar_objective"": 48805830, ""internal_distance_ticks"": 717326, ""internal_vehicles"": 4}",results/5s/C204/pyvrp-seed-0.json
gurobi,C205,5.0,0,25,12022126,time_limit,True,3,633427,633.427,0.5397841000012704,5.007385500000964,5.006999969482422,0.0008300999979837798,5.568500299996231,1.7186230000006617,,5.567670199998247,0.02050059999601217,15be2bb8c3e4ad99a79d1e7ee0472223feb95a4f423d010e032bda0a87266ca5,4ccf2642f91c10e5ef78d549cf8ed0088696fccc6f0da27cfce273e5cd458c2d,,"{""backend"": ""gurobi"", ""gurobi_version"": [13, 0, 0], ""vehicle_weight"": 12022126, ""max_vehicles"": 25, ""distance_upper_bound"": 12022125, ""objective_upper_bound"": 312575275, ""cold_start"": true, ""threads"": 1, ""seed"": 0, ""seed_supported"": true, ""mip_gap_target"": 0.0, ""variable_count"": 5998, ""constraint_count"": 16896, ""arc_count"": 5698, ""gurobi_status_code"": 9, ""status"": ""time_limit"", ""incumbent_count"": 10, ""node_count"": 14.0, ""iteration_count"": 6075.0, ""objective_bound"": 635725.2760444696, ""objective_bound_continuous"": 635725.2760444696, ""objective"": 36699805.0, ""scalar_objective"": 36699805, ""raw_objective_minus_integral_route_objective"": 0.0, ""mip_gap"": 0.9826776933543796}",results/5s/C205/gurobi-seed-0.json
ortools,C205,5.0,0,25,12022126,found,True,3,588875,588.875,0.003653799998573959,5.00212730000203,5.003,0.0005762000000686385,5.008967200003099,0.02634030000626808,,5.00839100000303,0.002609900002426002,15be2bb8c3e4ad99a79d1e7ee0472223feb95a4f423d010e032bda0a87266ca5,4ccf2642f91c10e5ef78d549cf8ed0088696fccc6f0da27cfce273e5cd458c2d,,"{""ortools_version"": ""9.15.6755"", ""requested_seed"": 0, ""cp_solver_reseed_applied"": true, ""seed_api"": ""pywrapcp.Solver.ReSeed"", ""seed_semantics"": ""Applied to the underlying CP Solver RNG; RoutingSearchParameters has no random_seed field. This does not claim control over every routing-search randomness source."", ""warm_start"": false, ""vehicle_limit"": 25, ""vehicle_fixed_cost"": 12022126, ""max_solution_distance_bound"": 12022125, ""objective_value"": 36655253, ""solver_assignment_objective"": 36655253, ""scalar_objective"": 36655253, ""objective_lower_bound"": 36477789, ""objective_gap_to_lower_bound"": 177464, ""lower_bound_components"": {""vehicles"": 3, ""distance_ticks"": 411411, ""distance_bound_method"": ""sum of each customer's minimum incoming arc""}, ""routing_status_code"": 1, ""routing_status"": ""ROUTING_SUCCESS"", ""optimality_proven"": false, ""first_solution_strategy"": ""PARALLEL_CHEAPEST_INSERTION"", ""local_search_metaheuristic"": ""GUIDED_LOCAL_SEARCH"", ""search_workers"": 1, ""search_worker_setting"": ""Routing CP exposes no worker-count parameter; one CP search was run."", ""search_time_limit_seconds"": 5.0, ""time_limit_scope"": ""SolveWithParameters call only; model preparation is separate"", ""first_feasible_seconds"": 0.02634030000626808, ""distance_ticks"": 588875}",results/5s/C205/ortools-seed-0.json
ours,C205,5.0,0,25,12022126,feasible,True,3,588875,588.875,8.910000178730115e-05,5.00039470000047,5.000324399996316,0.0006460000004153699,5.001851100001659,0.2582622999980231,90,5.001205100001243,0.0007212999989860691,15be2bb8c3e4ad99a79d1e7ee0472223feb95a4f423d010e032bda0a87266ca5,4ccf2642f91c10e5ef78d549cf8ed0088696fccc6f0da27cfce273e5cd458c2d,,"{""config"": {""seed"": 0, ""max_iterations"": null, ""time_limit_seconds"": 5.0, ""fleet_attempts_per_k"": 100, ""fleet_time_fraction"": 0.75, ""fleet_strategy"": ""hybrid"", ""fleet_repair_rounds"": 5, ""fleet_related_count"": 8, ""max_moves"": null, ""construction_order"": ""due"", ""repair_order"": ""due"", ""repair_strategy"": ""cheapest"", ""search_strategy"": ""first"", ""operators"": [""relocate"", ""swap"", ""two_opt"", ""two_opt_star""], ""remove_min"": 3, ""remove_max"": 8, ""restart_after"": 20, ""diagnostics"": false, ""evaluation_mode"": ""incremental"", ""search_backend"": ""native"", ""num_neighbours"": null, ""operator_schedule"": ""cyclic"", ""infeasible_search"": false, ""adaptive_penalties"": true, ""penalty_update_interval"": 10, ""penalty_target_feasible"": 0.5, ""penalty_max_moves"": 8}, ""backend"": ""native"", ""native"": {""api_version"": 1, ""build_info"": ""compiler=MSVC 195035722; cxx_standard=17; api_version=1"", ""binary"": ""_native.cp312-win_amd64.pyd"", ""binary_sha256"": ""604462f386c003e397cd55934c67735731d9683e762902ff4d23fad1f410c0bb""}, ""stop_reason"": ""time_limit"", ""initial_distance_ticks"": 912158, ""fleet"": {""lower_bound"": 3, ""stop_reason"": ""lower_bound"", ""targets"": [{""target"": 3, ""trials"": 1, ""repair_rounds"": 1, ""elapsed_seconds"": 0.011836300000140909, ""first_feasible_seconds"": 0.011836300000140909, ""status"": ""found""}]}, ""milestones"": [{""vehicles"": 3, ""distance"": 786435, ""elapsed_seconds"": 0.27060830000118585}]}",results/5s/C205/ours-seed-0.json
pyvrp,C205,5.0,0,25,12022126,feasible,True,3,588875,588.875,0.0010800000018207356,5.0005429000011645,4.992383800003154,0.00046830000064801425,5.003509200003464,,8148,5.003040900002816,0.0014179999998304993,15be2bb8c3e4ad99a79d1e7ee0472223feb95a4f423d010e032bda0a87266ca5,4ccf2642f91c10e5ef78d549cf8ed0088696fccc6f0da27cfce273e5cd458c2d,,"{""version"": ""0.13.0a0"", ""algorithm"": ""local checkout IteratedLocalSearch"", ""time_limit_clock"": ""anchored before solve(), including initial solution and search setup"", ""seed_supported"": true, ""fixed_vehicle_cost"": 12022126, ""internal_feasible"": true, ""scalar_objective"": 36655253, ""internal_distance_ticks"": 588875, ""internal_vehicles"": 3}",results/5s/C205/pyvrp-seed-0.json
gurobi,C206,5.0,0,25,12022126,time_limit,True,5,819223,819.223,0.626545699997223,5.004071800001839,5.003000020980835,0.0005344000019249506,5.650610100004997,0.938549200000125,,5.650075700003072,0.019458200004009996,745b6c7042707ffbbfc4d681ee02a84431425f1dfb3c8aa85ecf003fec8f7e53,4ccf2642f91c10e5ef78d549cf8ed0088696fccc6f0da27cfce273e5cd458c2d,,"{""backend"": ""gurobi"", ""gurobi_version"": [13, 0, 0], ""vehicle_weight"": 12022126, ""max_vehicles"": 25, ""distance_upper_bound"": 12022125, ""objective_upper_bound"": 312575275, ""cold_start"": true, ""threads"": 1, ""seed"": 0, ""seed_supported"": true, ""mip_gap_target"": 0.0, ""variable_count"": 6512, ""constraint_count"": 18438, ""arc_count"": 6212, ""gurobi_status_code"": 9, ""status"": ""time_limit"", ""incumbent_count"": 10, ""node_count"": 24.0, ""iteration_count"": 4301.0, ""objective_bound"": 573912.2187554162, ""objective_bound_continuous"": 573912.2187554162, ""objective"": 60929853.0, ""scalar_objective"": 60929853, ""raw_objective_minus_integral_route_objective"": 0.0, ""mip_gap"": 0.9905807713214831}",results/5s/C206/gurobi-seed-0.json
ortools,C206,5.0,0,25,12022126,found,True,3,588493,588.493,0.0034604999964358285,5.00023979999969,5.001,0.00048009999591158703,5.0062053999936325,0.024484000001393724,,5.005725299997721,0.00202500000159489,745b6c7042707ffbbfc4d681ee02a84431425f1dfb3c8aa85ecf003fec8f7e53,4ccf2642f91c10e5ef78d549cf8ed0088696fccc6f0da27cfce273e5cd458c2d,,"{""ortools_version"": ""9.15.6755"", ""requested_seed"": 0, ""cp_solver_reseed_applied"": true, ""seed_api"": ""pywrapcp.Solver.ReSeed"", ""seed_semantics"": ""Applied to the underlying CP Solver RNG; RoutingSearchParameters has no random_seed field. This does not claim control over every routing-search randomness source."", ""warm_start"": false, ""vehicle_limit"": 25, ""vehicle_fixed_cost"": 12022126, ""max_solution_distance_bound"": 12022125, ""objective_value"": 36654871, ""solver_assignment_objective"": 36654871, ""scalar_objective"": 36654871, ""objective_lower_bound"": 36477789, ""objective_gap_to_lower_bound"": 177082, ""lower_bound_components"": {""vehicles"": 3, ""distance_ticks"": 411411, ""distance_bound_method"": ""sum of each customer's minimum incoming arc""}, ""routing_status_code"": 1, ""routing_status"": ""ROUTING_SUCCESS"", ""optimality_proven"": false, ""first_solution_strategy"": ""PARALLEL_CHEAPEST_INSERTION"", ""local_search_metaheuristic"": ""GUIDED_LOCAL_SEARCH"", ""search_workers"": 1, ""search_worker_setting"": ""Routing CP exposes no worker-count parameter; one CP search was run."", ""search_time_limit_seconds"": 5.0, ""time_limit_scope"": ""SolveWithParameters call only; model preparation is separate"", ""first_feasible_seconds"": 0.024484000001393724, ""distance_ticks"": 588493}",results/5s/C206/ortools-seed-0.json
ours,C206,5.0,0,25,12022126,feasible,True,3,588493,588.493,5.080000119050965e-05,5.00080010000238,5.000748399994336,0.000472699997771997,5.0024607999948785,0.35034149999410147,82,5.0019880999971065,0.001137199993536342,745b6c7042707ffbbfc4d681ee02a84431425f1dfb3c8aa85ecf003fec8f7e53,4ccf2642f91c10e5ef78d549cf8ed0088696fccc6f0da27cfce273e5cd458c2d,,"{""config"": {""seed"": 0, ""max_iterations"": null, ""time_limit_seconds"": 5.0, ""fleet_attempts_per_k"": 100, ""fleet_time_fraction"": 0.75, ""fleet_strategy"": ""hybrid"", ""fleet_repair_rounds"": 5, ""fleet_related_count"": 8, ""max_moves"": null, ""construction_order"": ""due"", ""repair_order"": ""due"", ""repair_strategy"": ""cheapest"", ""search_strategy"": ""first"", ""operators"": [""relocate"", ""swap"", ""two_opt"", ""two_opt_star""], ""remove_min"": 3, ""remove_max"": 8, ""restart_after"": 20, ""diagnostics"": false, ""evaluation_mode"": ""incremental"", ""search_backend"": ""native"", ""num_neighbours"": null, ""operator_schedule"": ""cyclic"", ""infeasible_search"": false, ""adaptive_penalties"": true, ""penalty_update_interval"": 10, ""penalty_target_feasible"": 0.5, ""penalty_max_moves"": 8}, ""backend"": ""native"", ""native"": {""api_version"": 1, ""build_info"": ""compiler=MSVC 195035722; cxx_standard=17; api_version=1"", ""binary"": ""_native.cp312-win_amd64.pyd"", ""binary_sha256"": ""604462f386c003e397cd55934c67735731d9683e762902ff4d23fad1f410c0bb""}, ""stop_reason"": ""time_limit"", ""initial_distance_ticks"": 1154595, ""fleet"": {""lower_bound"": 3, ""stop_reason"": ""lower_bound"", ""targets"": [{""target"": 3, ""trials"": 3, ""repair_rounds"": 7, ""elapsed_seconds"": 0.0869382000018959, ""first_feasible_seconds"": 0.0869382000018959, ""status"": ""found""}]}, ""milestones"": [{""vehicles"": 3, ""distance"": 671261, ""elapsed_seconds"": 0.4382019999975455}]}",results/5s/C206/ours-seed-0.json
pyvrp,C206,5.0,0,25,12022126,feasible,True,3,588493,588.493,0.0011967999962507747,5.0011086000013165,4.993250100000296,0.000651400005153846,5.004823700008274,,7718,5.00417230000312,0.001866900005552452,745b6c7042707ffbbfc4d681ee02a84431425f1dfb3c8aa85ecf003fec8f7e53,4ccf2642f91c10e5ef78d549cf8ed0088696fccc6f0da27cfce273e5cd458c2d,,"{""version"": ""0.13.0a0"", ""algorithm"": ""local checkout IteratedLocalSearch"", ""time_limit_clock"": ""anchored before solve(), including initial solution and search setup"", ""seed_supported"": true, ""fixed_vehicle_cost"": 12022126, ""internal_feasible"": true, ""scalar_objective"": 36654871, ""internal_distance_ticks"": 588493, ""internal_vehicles"": 3}",results/5s/C206/pyvrp-seed-0.json
gurobi,C207,5.0,0,25,12022126,time_limit,True,4,1154105,1154.105,0.8619743999952334,5.006338099999994,5.005000114440918,0.0007861999984015711,5.887572799998452,1.2609231999958865,,5.88678660000005,0.018474100004823413,a33f03570a944c8a6d185fd6a173e66c68e67c399a4958b2d5b6d49533ace4a4,4ccf2642f91c10e5ef78d549cf8ed0088696fccc6f0da27cfce273e5cd458c2d,,"{""backend"": ""gurobi"", ""gurobi_version"": [13, 0, 0], ""vehicle_weight"": 12022126, ""max_vehicles"": 25, ""distance_upper_bound"": 12022125, ""objective_upper_bound"": 312575275, ""cold_start"": true, ""threads"": 1, ""seed"": 0, ""seed_supported"": true, ""mip_gap_target"": 0.0, ""variable_count"": 6878, ""constraint_count"": 19536, ""arc_count"": 6578, ""gurobi_status_code"": 9, ""status"": ""time_limit"", ""incumbent_count"": 10, ""node_count"": 1.0, ""iteration_count"": 4833.0, ""objective_bound"": 1266185.4888650696, ""objective_bound_continuous"": 1266185.4888650696, ""objective"": 49242609.0, ""scalar_objective"": 49242609, ""raw_objective_minus_integral_route_objective"": 0.0, ""mip_gap"": 0.9742867911636227}",results/5s/C207/gurobi-seed-0.json
ortools,C207,5.0,0,25,12022126,found,True,3,588287,588.287,0.0033283000011579134,5.000091100002464,5.0,0.0005261999976937659,5.00586050000129,0.025184900005115196,,5.005334300003597,0.0019148999999742955,a33f03570a944c8a6d185fd6a173e66c68e67c399a4958b2d5b6d49533ace4a4,4ccf2642f91c10e5ef78d549cf8ed0088696fccc6f0da27cfce273e5cd458c2d,,"{""ortools_version"": ""9.15.6755"", ""requested_seed"": 0, ""cp_solver_reseed_applied"": true, ""seed_api"": ""pywrapcp.Solver.ReSeed"", ""seed_semantics"": ""Applied to the underlying CP Solver RNG; RoutingSearchParameters has no random_seed field. This does not claim control over every routing-search randomness source."", ""warm_start"": false, ""vehicle_limit"": 25, ""vehicle_fixed_cost"": 12022126, ""max_solution_distance_bound"": 12022125, ""objective_value"": 36654665, ""solver_assignment_objective"": 36654665, ""scalar_objective"": 36654665, ""objective_lower_bound"": 36477789, ""objective_gap_to_lower_bound"": 176876, ""lower_bound_components"": {""vehicles"": 3, ""distance_ticks"": 411411, ""distance_bound_method"": ""sum of each customer's minimum incoming arc""}, ""routing_status_code"": 1, ""routing_status"": ""ROUTING_SUCCESS"", ""optimality_proven"": false, ""first_solution_strategy"": ""PARALLEL_CHEAPEST_INSERTION"", ""local_search_metaheuristic"": ""GUIDED_LOCAL_SEARCH"", ""search_workers"": 1, ""search_worker_setting"": ""Routing CP exposes no worker-count parameter; one CP search was run."", ""search_time_limit_seconds"": 5.0, ""time_limit_scope"": ""SolveWithParameters call only; model preparation is separate"", ""first_feasible_seconds"": 0.025184900005115196, ""distance_ticks"": 588287}",results/5s/C207/ortools-seed-0.json
ours,C207,5.0,0,25,12022126,feasible,True,3,588287,588.287,5.709999823011458e-05,5.000756499997806,5.000699600001099,0.0005805999971926212,5.002264999995532,0.27208450000034645,84,5.001684399998339,0.0008708000023034401,a33f03570a944c8a6d185fd6a173e66c68e67c399a4958b2d5b6d49533ace4a4,4ccf2642f91c10e5ef78d549cf8ed0088696fccc6f0da27cfce273e5cd458c2d,,"{""config"": {""seed"": 0, ""max_iterations"": null, ""time_limit_seconds"": 5.0, ""fleet_attempts_per_k"": 100, ""fleet_time_fraction"": 0.75, ""fleet_strategy"": ""hybrid"", ""fleet_repair_rounds"": 5, ""fleet_related_count"": 8, ""max_moves"": null, ""construction_order"": ""due"", ""repair_order"": ""due"", ""repair_strategy"": ""cheapest"", ""search_strategy"": ""first"", ""operators"": [""relocate"", ""swap"", ""two_opt"", ""two_opt_star""], ""remove_min"": 3, ""remove_max"": 8, ""restart_after"": 20, ""diagnostics"": false, ""evaluation_mode"": ""incremental"", ""search_backend"": ""native"", ""num_neighbours"": null, ""operator_schedule"": ""cyclic"", ""infeasible_search"": false, ""adaptive_penalties"": true, ""penalty_update_interval"": 10, ""penalty_target_feasible"": 0.5, ""penalty_max_moves"": 8}, ""backend"": ""native"", ""native"": {""api_version"": 1, ""build_info"": ""compiler=MSVC 195035722; cxx_standard=17; api_version=1"", ""binary"": ""_native.cp312-win_amd64.pyd"", ""binary_sha256"": ""604462f386c003e397cd55934c67735731d9683e762902ff4d23fad1f410c0bb""}, ""stop_reason"": ""time_limit"", ""initial_distance_ticks"": 980937, ""fleet"": {""lower_bound"": 3, ""stop_reason"": ""lower_bound"", ""targets"": [{""target"": 3, ""trials"": 1, ""repair_rounds"": 1, ""elapsed_seconds"": 0.012206799998239148, ""first_feasible_seconds"": 0.012206799998239148, ""status"": ""found""}]}, ""milestones"": [{""vehicles"": 3, ""distance"": 935759, ""elapsed_seconds"": 0.2847417000011774}]}",results/5s/C207/ours-seed-0.json
pyvrp,C207,5.0,0,25,12022126,feasible,True,3,588287,588.287,0.0011763000002247281,5.000433399996837,4.994815400001244,0.0010076000035041943,5.004333100005169,,7670,5.003325500001665,0.0017158000046038069,a33f03570a944c8a6d185fd6a173e66c68e67c399a4958b2d5b6d49533ace4a4,4ccf2642f91c10e5ef78d549cf8ed0088696fccc6f0da27cfce273e5cd458c2d,,"{""version"": ""0.13.0a0"", ""algorithm"": ""local checkout IteratedLocalSearch"", ""time_limit_clock"": ""anchored before solve(), including initial solution and search setup"", ""seed_supported"": true, ""fixed_vehicle_cost"": 12022126, ""internal_feasible"": true, ""scalar_objective"": 36654665, ""internal_distance_ticks"": 588287, ""internal_vehicles"": 3}",results/5s/C207/pyvrp-seed-0.json
gurobi,C208,5.0,0,25,12022126,time_limit,True,5,1057586,1057.586,0.6399171000011847,5.0063188999993145,5.00600004196167,0.0004813000050489791,5.668308799999068,1.7074875000034808,,5.667827499994019,0.021591499993519392,1c2f2381b8743680dbeb34322869cbf5a6cdd8c281f4bcffdb99b533e601874b,4ccf2642f91c10e5ef78d549cf8ed0088696fccc6f0da27cfce273e5cd458c2d,,"{""backend"": ""gurobi"", ""gurobi_version"": [13, 0, 0], ""vehicle_weight"": 12022126, ""max_vehicles"": 25, ""distance_upper_bound"": 12022125, ""objective_upper_bound"": 312575275, ""cold_start"": true, ""threads"": 1, ""seed"": 0, ""seed_supported"": true, ""mip_gap_target"": 0.0, ""variable_count"": 6964, ""constraint_count"": 19794, ""arc_count"": 6664, ""gurobi_status_code"": 9, ""status"": ""time_limit"", ""incumbent_count"": 10, ""node_count"": 1.0, ""iteration_count"": 3118.0, ""objective_bound"": 544342.0765501078, ""objective_bound_continuous"": 544342.0765501078, ""objective"": 61168216.0, ""scalar_objective"": 61168216, ""raw_objective_minus_integral_route_objective"": 0.0, ""mip_gap"": 0.9911008999093563}",results/5s/C208/gurobi-seed-0.json
ortools,C208,5.0,0,25,12022126,found,True,3,591770,591.77,0.004136799994739704,5.000562599998375,5.0,0.00037370000063674524,5.007488999995985,0.026010399997176137,,5.007115299995348,0.002415900002233684,1c2f2381b8743680dbeb34322869cbf5a6cdd8c281f4bcffdb99b533e601874b,4ccf2642f91c10e5ef78d549cf8ed0088696fccc6f0da27cfce273e5cd458c2d,,"{""ortools_version"": ""9.15.6755"", ""requested_seed"": 0, ""cp_solver_reseed_applied"": true, ""seed_api"": ""pywrapcp.Solver.ReSeed"", ""seed_semantics"": ""Applied to the underlying CP Solver RNG; RoutingSearchParameters has no random_seed field. This does not claim control over every routing-search randomness source."", ""warm_start"": false, ""vehicle_limit"": 25, ""vehicle_fixed_cost"": 12022126, ""max_solution_distance_bound"": 12022125, ""objective_value"": 36658148, ""solver_assignment_objective"": 36658148, ""scalar_objective"": 36658148, ""objective_lower_bound"": 36477789, ""objective_gap_to_lower_bound"": 180359, ""lower_bound_components"": {""vehicles"": 3, ""distance_ticks"": 411411, ""distance_bound_method"": ""sum of each customer's minimum incoming arc""}, ""routing_status_code"": 1, ""routing_status"": ""ROUTING_SUCCESS"", ""optimality_proven"": false, ""first_solution_strategy"": ""PARALLEL_CHEAPEST_INSERTION"", ""local_search_metaheuristic"": ""GUIDED_LOCAL_SEARCH"", ""search_workers"": 1, ""search_worker_setting"": ""Routing CP exposes no worker-count parameter; one CP search was run."", ""search_time_limit_seconds"": 5.0, ""time_limit_scope"": ""SolveWithParameters call only; model preparation is separate"", ""first_feasible_seconds"": 0.026010399997176137, ""distance_ticks"": 591770}",results/5s/C208/ortools-seed-0.json
ours,C208,5.0,0,25,12022126,feasible,True,3,591394,591.394,5.339999916031957e-05,5.000408400002925,5.00035619999835,0.0004702000005636364,5.001668099997914,0.27963959999760846,89,5.001197899997351,0.0007360999952652492,1c2f2381b8743680dbeb34322869cbf5a6cdd8c281f4bcffdb99b533e601874b,4ccf2642f91c10e5ef78d549cf8ed0088696fccc6f0da27cfce273e5cd458c2d,,"{""config"": {""seed"": 0, ""max_iterations"": null, ""time_limit_seconds"": 5.0, ""fleet_attempts_per_k"": 100, ""fleet_time_fraction"": 0.75, ""fleet_strategy"": ""hybrid"", ""fleet_repair_rounds"": 5, ""fleet_related_count"": 8, ""max_moves"": null, ""construction_order"": ""due"", ""repair_order"": ""due"", ""repair_strategy"": ""cheapest"", ""search_strategy"": ""first"", ""operators"": [""relocate"", ""swap"", ""two_opt"", ""two_opt_star""], ""remove_min"": 3, ""remove_max"": 8, ""restart_after"": 20, ""diagnostics"": false, ""evaluation_mode"": ""incremental"", ""search_backend"": ""native"", ""num_neighbours"": null, ""operator_schedule"": ""cyclic"", ""infeasible_search"": false, ""adaptive_penalties"": true, ""penalty_update_interval"": 10, ""penalty_target_feasible"": 0.5, ""penalty_max_moves"": 8}, ""backend"": ""native"", ""native"": {""api_version"": 1, ""build_info"": ""compiler=MSVC 195035722; cxx_standard=17; api_version=1"", ""binary"": ""_native.cp312-win_amd64.pyd"", ""binary_sha256"": ""604462f386c003e397cd55934c67735731d9683e762902ff4d23fad1f410c0bb""}, ""stop_reason"": ""time_limit"", ""initial_distance_ticks"": 957831, ""fleet"": {""lower_bound"": 3, ""stop_reason"": ""lower_bound"", ""targets"": [{""target"": 3, ""trials"": 3, ""repair_rounds"": 7, ""elapsed_seconds"": 0.04766400000517024, ""first_feasible_seconds"": 0.04766400000517024, ""status"": ""found""}]}, ""milestones"": [{""vehicles"": 3, ""distance"": 717683, ""elapsed_seconds"": 0.32780999999522464}]}",results/5s/C208/ours-seed-0.json
pyvrp,C208,5.0,0,25,12022126,feasible,True,3,588324,588.324,0.0010371999960625544,5.000394299997424,4.992397000001802,0.00046719999954802915,5.003357599998708,,7680,5.00289039999916,0.0014589000056730583,1c2f2381b8743680dbeb34322869cbf5a6cdd8c281f4bcffdb99b533e601874b,4ccf2642f91c10e5ef78d549cf8ed0088696fccc6f0da27cfce273e5cd458c2d,,"{""version"": ""0.13.0a0"", ""algorithm"": ""local checkout IteratedLocalSearch"", ""time_limit_clock"": ""anchored before solve(), including initial solution and search setup"", ""seed_supported"": true, ""fixed_vehicle_cost"": 12022126, ""internal_feasible"": true, ""scalar_objective"": 36654702, ""internal_distance_ticks"": 588324, ""internal_vehicles"": 3}",results/5s/C208/pyvrp-seed-0.json
gurobi,R101,5.0,0,25,11478876,optimal,True,19,1650798,1650.798,0.3717523000013898,0.3747538000025088,0.37399983406066895,0.0008460000026389025,0.7616237999973237,0.4997688000003109,,0.7607777999946848,0.014271699990786146,3f3655182bc0fe44ce5de65fdcd2ee2f9c7fb9ed055f923635151d9d6f76d3ed,4ccf2642f91c10e5ef78d549cf8ed0088696fccc6f0da27cfce273e5cd458c2d,,"{""backend"": ""gurobi"", ""gurobi_version"": [13, 0, 0], ""vehicle_weight"": 11478876, ""max_vehicles"": 25, ""distance_upper_bound"": 11478875, ""objective_upper_bound"": 298450775, ""cold_start"": true, ""threads"": 1, ""seed"": 0, ""seed_supported"": true, ""mip_gap_target"": 0.0, ""variable_count"": 3533, ""constraint_count"": 9501, ""arc_count"": 3233, ""gurobi_status_code"": 2, ""status"": ""optimal"", ""incumbent_count"": 10, ""node_count"": 1.0, ""iteration_count"": 1823.0, ""objective_bound"": 219749442.0, ""objective_bound_continuous"": 219749442.0, ""objective"": 219749442.0, ""scalar_objective"": 219749442, ""raw_objective_minus_integral_route_objective"": 0.0, ""mip_gap"": 0.0}",results/5s/R101/gurobi-seed-0.json
ortools,R101,5.0,0,25,11478876,found,True,19,1680669,1680.669,0.0029997000019648112,5.000446700003522,5.0,0.0005176999984541908,5.005962299997918,0.025643100001616403,,5.005444599999464,0.001998199993977323,3f3655182bc0fe44ce5de65fdcd2ee2f9c7fb9ed055f923635151d9d6f76d3ed,4ccf2642f91c10e5ef78d549cf8ed0088696fccc6f0da27cfce273e5cd458c2d,,"{""ortools_version"": ""9.15.6755"", ""requested_seed"": 0, ""cp_solver_reseed_applied"": true, ""seed_api"": ""pywrapcp.Solver.ReSeed"", ""seed_semantics"": ""Applied to the underlying CP Solver RNG; RoutingSearchParameters has no random_seed field. This does not claim control over every routing-search randomness source."", ""warm_start"": false, ""vehicle_limit"": 25, ""vehicle_fixed_cost"": 11478876, ""max_solution_distance_bound"": 11478875, ""objective_value"": 219779313, ""solver_assignment_objective"": 219779313, ""scalar_objective"": 219779313, ""objective_lower_bound"": 92349355, ""objective_gap_to_lower_bound"": 127429958, ""lower_bound_components"": {""vehicles"": 8, ""distance_ticks"": 518347, ""distance_bound_method"": ""sum of each customer's minimum incoming arc""}, ""routing_status_code"": 1, ""routing_status"": ""ROUTING_SUCCESS"", ""optimality_proven"": false, ""first_solution_strategy"": ""PARALLEL_CHEAPEST_INSERTION"", ""local_search_metaheuristic"": ""GUIDED_LOCAL_SEARCH"", ""search_workers"": 1, ""search_worker_setting"": ""Routing CP exposes no worker-count parameter; one CP search was run."", ""search_time_limit_seconds"": 5.0, ""time_limit_scope"": ""SolveWithParameters call only; model preparation is separate"", ""first_feasible_seconds"": 0.025643100001616403, ""distance_ticks"": 1680669}",results/5s/R101/ortools-seed-0.json
ours,R101,5.0,0,25,11478876,feasible,True,20,1653810,1653.81,8.619999425718561e-05,5.000552800003788,5.000461499999801,0.0007639000032213517,5.002224500000011,0.10262489999877289,105,5.00146059999679,0.0008215999987442046,3f3655182bc0fe44ce5de65fdcd2ee2f9c7fb9ed055f923635151d9d6f76d3ed,4ccf2642f91c10e5ef78d549cf8ed0088696fccc6f0da27cfce273e5cd458c2d,,"{""config"": {""seed"": 0, ""max_iterations"": null, ""time_limit_seconds"": 5.0, ""fleet_attempts_per_k"": 100, ""fleet_time_fraction"": 0.75, ""fleet_strategy"": ""hybrid"", ""fleet_repair_rounds"": 5, ""fleet_related_count"": 8, ""max_moves"": null, ""construction_order"": ""due"", ""repair_order"": ""due"", ""repair_strategy"": ""cheapest"", ""search_strategy"": ""first"", ""operators"": [""relocate"", ""swap"", ""two_opt"", ""two_opt_star""], ""remove_min"": 3, ""remove_max"": 8, ""restart_after"": 20, ""diagnostics"": false, ""evaluation_mode"": ""incremental"", ""search_backend"": ""native"", ""num_neighbours"": null, ""operator_schedule"": ""cyclic"", ""infeasible_search"": false, ""adaptive_penalties"": true, ""penalty_update_interval"": 10, ""penalty_target_feasible"": 0.5, ""penalty_max_moves"": 8}, ""backend"": ""native"", ""native"": {""api_version"": 1, ""build_info"": ""compiler=MSVC 195035722; cxx_standard=17; api_version=1"", ""binary"": ""_native.cp312-win_amd64.pyd"", ""binary_sha256"": ""604462f386c003e397cd55934c67735731d9683e762902ff4d23fad1f410c0bb""}, ""stop_reason"": ""time_limit"", ""initial_distance_ticks"": 2019424, ""fleet"": {""lower_bound"": 8, ""stop_reason"": ""target_not_found"", ""targets"": [{""target"": 22, ""trials"": 1, ""repair_rounds"": 1, ""elapsed_seconds"": 0.017516699997941032, ""first_feasible_seconds"": 0.017516699997941032, ""status"": ""found""}, {""target"": 21, ""trials"": 8, ""repair_rounds"": 23, ""elapsed_seconds"": 0.11423239999567159, ""first_feasible_seconds"": 0.11423239999567159, ""status"": ""found""}, {""target"": 20, ""trials"": 27, ""repair_rounds"": 79, ""elapsed_seconds"": 0.37380750000011176, ""first_feasible_seconds"": 0.37380750000011176, ""status"": ""found""}, {""target"": 19, ""trials"": 100, ""repair_rounds"": 300, ""elapsed_seconds"": 1.1524138000022504, ""first_feasible_seconds"": null, ""status"": ""not_found""}]}, ""milestones"": [{""vehicles"": 22, ""distance"": 1914025, ""elapsed_seconds"": 0.12090629999875091}, {""vehicles"": 21, ""distance"": 1849577, ""elapsed_seconds"": 0.2354537999999593}, {""vehicles"": 20, ""distance"": 1933399, ""elapsed_seconds"": 0.6097821999937878}]}",results/5s/R101/ours-seed-0.json
pyvrp,R101,5.0,0,25,11478876,feasible,True,21,1680284,1680.284,0.001134099999035243,5.006467300001532,4.9992233000011765,0.0005334999950719066,5.009829999995418,,608,5.009296500000346,0.001695099999778904,3f3655182bc0fe44ce5de65fdcd2ee2f9c7fb9ed055f923635151d9d6f76d3ed,4ccf2642f91c10e5ef78d549cf8ed0088696fccc6f0da27cfce273e5cd458c2d,,"{""version"": ""0.13.0a0"", ""algorithm"": ""local checkout IteratedLocalSearch"", ""time_limit_clock"": ""anchored before solve(), including initial solution and search setup"", ""seed_supported"": true, ""fixed_vehicle_cost"": 11478876, ""internal_feasible"": true, ""scalar_objective"": 242736680, ""internal_distance_ticks"": 1680284, ""internal_vehicles"": 21}",results/5s/R101/pyvrp-seed-0.json
gurobi,R102,5.0,0,25,11478876,time_limit,True,23,1817031,1817.031,0.5450401999987662,5.001688899996225,5.000999927520752,0.0005175000042072497,5.565914700004214,4.03696449999552,,5.565397200000007,0.01866810000501573,eeb23171b7e4fbfc80bf000ca770329109900fbd7273fa8b9d1f95b7dfe683c3,4ccf2642f91c10e5ef78d549cf8ed0088696fccc6f0da27cfce273e5cd458c2d,,"{""backend"": ""gurobi"", ""gurobi_version"": [13, 0, 0], ""vehicle_weight"": 11478876, ""max_vehicles"": 25, ""distance_upper_bound"": 11478875, ""objective_upper_bound"": 298450775, ""cold_start"": true, ""threads"": 1, ""seed"": 0, ""seed_supported"": true, ""mip_gap_target"": 0.0, ""variable_count"": 6101, ""constraint_count"": 17205, ""arc_count"": 5801, ""gurobi_status_code"": 9, ""status"": ""time_limit"", ""incumbent_count"": 9, ""node_count"": 1.0, ""iteration_count"": 8135.0, ""objective_bound"": 60310622.89632032, ""objective_bound_continuous"": 60310622.89632032, ""objective"": 265831179.0, ""scalar_objective"": 265831179, ""raw_objective_minus_integral_route_objective"": 0.0, ""mip_gap"": 0.7731243448447396}",results/5s/R102/gurobi-seed-0.json
ortools,R102,5.0,0,25,11478876,found,True,18,1485007,1485.007,0.0029514999987441115,5.000508199998876,5.0,0.000691100001859013,5.005983099996229,0.02608460000192281,,5.00529199999437,0.001832299996749498,eeb23171b7e4fbfc80bf000ca770329109900fbd7273fa8b9d1f95b7dfe683c3,4ccf2642f91c10e5ef78d549cf8ed0088696fccc6f0da27cfce273e5cd458c2d,,"{""ortools_version"": ""9.15.6755"", ""requested_seed"": 0, ""cp_solver_reseed_applied"": true, ""seed_api"": ""pywrapcp.Solver.ReSeed"", ""seed_semantics"": ""Applied to the underlying CP Solver RNG; RoutingSearchParameters has no random_seed field. This does not claim control over every routing-search randomness source."", ""warm_start"": false, ""vehicle_limit"": 25, ""vehicle_fixed_cost"": 11478876, ""max_solution_distance_bound"": 11478875, ""objective_value"": 208104775, ""solver_assignment_objective"": 208104775, ""scalar_objective"": 208104775, ""objective_lower_bound"": 92349355, ""objective_gap_to_lower_bound"": 115755420, ""lower_bound_components"": {""vehicles"": 8, ""distance_ticks"": 518347, ""distance_bound_method"": ""sum of each customer's minimum incoming arc""}, ""routing_status_code"": 1, ""routing_status"": ""ROUTING_SUCCESS"", ""optimality_proven"": false, ""first_solution_strategy"": ""PARALLEL_CHEAPEST_INSERTION"", ""local_search_metaheuristic"": ""GUIDED_LOCAL_SEARCH"", ""search_workers"": 1, ""search_worker_setting"": ""Routing CP exposes no worker-count parameter; one CP search was run."", ""search_time_limit_seconds"": 5.0, ""time_limit_scope"": ""SolveWithParameters call only; model preparation is separate"", ""first_feasible_seconds"": 0.02608460000192281, ""distance_ticks"": 1485007}",results/5s/R102/ortools-seed-0.json
ours,R102,5.0,0,25,11478876,feasible,True,18,1485267,1485.267,5.579999560723081e-05,5.0004813999985345,5.000422600001912,0.0005975000021862797,5.001971900004719,0.09273140000004787,82,5.001374400002533,0.000837200008390937,eeb23171b7e4fbfc80bf000ca770329109900fbd7273fa8b9d1f95b7dfe683c3,4ccf2642f91c10e5ef78d549cf8ed0088696fccc6f0da27cfce273e5cd458c2d,,"{""config"": {""seed"": 0, ""max_iterations"": null, ""time_limit_seconds"": 5.0, ""fleet_attempts_per_k"": 100, ""fleet_time_fraction"": 0.75, ""fleet_strategy"": ""hybrid"", ""fleet_repair_rounds"": 5, ""fleet_related_count"": 8, ""max_moves"": null, ""construction_order"": ""due"", ""repair_order"": ""due"", ""repair_strategy"": ""cheapest"", ""search_strategy"": ""first"", ""operators"": [""relocate"", ""swap"", ""two_opt"", ""two_opt_star""], ""remove_min"": 3, ""remove_max"": 8, ""restart_after"": 20, ""diagnostics"": false, ""evaluation_mode"": ""incremental"", ""search_backend"": ""native"", ""num_neighbours"": null, ""operator_schedule"": ""cyclic"", ""infeasible_search"": false, ""adaptive_penalties"": true, ""penalty_update_interval"": 10, ""penalty_target_feasible"": 0.5, ""penalty_max_moves"": 8}, ""backend"": ""native"", ""native"": {""api_version"": 1, ""build_info"": ""compiler=MSVC 195035722; cxx_standard=17; api_version=1"", ""binary"": ""_native.cp312-win_amd64.pyd"", ""binary_sha256"": ""604462f386c003e397cd55934c67735731d9683e762902ff4d23fad1f410c0bb""}, ""stop_reason"": ""time_limit"", ""initial_distance_ticks"": 1655107, ""fleet"": {""lower_bound"": 8, ""stop_reason"": ""target_not_found"", ""targets"": [{""target"": 19, ""trials"": 2, ""repair_rounds"": 6, ""elapsed_seconds"": 0.024674599997524638, ""first_feasible_seconds"": 0.024674599997524638, ""status"": ""found""}, {""target"": 18, ""trials"": 4, ""repair_rounds"": 11, ""elapsed_seconds"": 0.03764390000287676, ""first_feasible_seconds"": 0.03764390000287676, ""status"": ""found""}, {""target"": 17, ""trials"": 100, ""repair_rounds"": 300, ""elapsed_seconds"": 1.146538099994359, ""first_feasible_seconds"": null, ""status"": ""not_found""}]}, ""milestones"": [{""vehicles"": 19, ""distance"": 1590286, ""elapsed_seconds"": 0.11823659999936353}, {""vehicles"": 18, ""distance"": 1548987, ""elapsed_seconds"": 0.1561777000024449}]}",results/5s/R102/ours-seed-0.json
pyvrp,R102,5.0,0,25,11478876,feasible,True,19,1510780,1510.78,0.0010611000034259632,5.004994499999157,4.9975642999997945,0.0005262000049697235,5.008161400000972,,636,5.0076351999960025,0.0015795999934198335,eeb23171b7e4fbfc80bf000ca770329109900fbd7273fa8b9d1f95b7dfe683c3,4ccf2642f91c10e5ef78d549cf8ed0088696fccc6f0da27cfce273e5cd458c2d,,"{""version"": ""0.13.0a0"", ""algorithm"": ""local checkout IteratedLocalSearch"", ""time_limit_clock"": ""anchored before solve(), including initial solution and search setup"", ""seed_supported"": true, ""fixed_vehicle_cost"": 11478876, ""internal_feasible"": true, ""scalar_objective"": 219609424, ""internal_distance_ticks"": 1510780, ""internal_vehicles"": 19}",results/5s/R102/pyvrp-seed-0.json
gurobi,R103,5.0,0,25,11478876,time_limit,True,18,1470450,1470.45,0.9194652999940445,5.0411110000059125,5.041000127792358,0.0005019999953219667,5.988893399997323,1.8423436999946716,,5.988391400002001,0.027815100002044346,1f833e8648ba39e0edc76754fb49e81777a7175cf7b084c3f60a12607bfb3991,4ccf2642f91c10e5ef78d549cf8ed0088696fccc6f0da27cfce273e5cd458c2d,,"{""backend"": ""gurobi"", ""gurobi_version"": [13, 0, 0], ""vehicle_weight"": 11478876, ""max_vehicles"": 25, ""distance_upper_bound"": 11478875, ""objective_upper_bound"": 298450775, ""cold_start"": true, ""threads"": 1, ""seed"": 0, ""seed_supported"": true, ""mip_gap_target"": 0.0, ""variable_count"": 7999, ""constraint_count"": 22899, ""arc_count"": 7699, ""gurobi_status_code"": 9, ""status"": ""time_limit"", ""incumbent_count"": 10, ""node_count"": 1.0, ""iteration_count"": 3779.0, ""objective_bound"": 24928422.372305553, ""objective_bound_continuous"": 24928422.372305553, ""objective"": 208090218.0, ""scalar_objective"": 208090218, ""raw_objective_minus_integral_route_objective"": 0.0, ""mip_gap"": 0.8802037759780446}",results/5s/R103/gurobi-seed-0.json
ortools,R103,5.0,0,25,11478876,found,True,14,1253046,1253.046,0.0033045000018319115,5.0009886999978335,5.001,0.0005062999989604577,5.006657799996901,0.0250951999987592,,5.006151499997941,0.00185829999827547,1f833e8648ba39e0edc76754fb49e81777a7175cf7b084c3f60a12607bfb3991,4ccf2642f91c10e5ef78d549cf8ed0088696fccc6f0da27cfce273e5cd458c2d,,"{""ortools_version"": ""9.15.6755"", ""requested_seed"": 0, ""cp_solver_reseed_applied"": true, ""seed_api"": ""pywrapcp.Solver.ReSeed"", ""seed_semantics"": ""Applied to the underlying CP Solver RNG; RoutingSearchParameters has no random_seed field. This does not claim control over every routing-search randomness source."", ""warm_start"": false, ""vehicle_limit"": 25, ""vehicle_fixed_cost"": 11478876, ""max_solution_distance_bound"": 11478875, ""objective_value"": 161957310, ""solver_assignment_objective"": 161957310, ""scalar_objective"": 161957310, ""objective_lower_bound"": 92349355, ""objective_gap_to_lower_bound"": 69607955, ""lower_bound_components"": {""vehicles"": 8, ""distance_ticks"": 518347, ""distance_bound_method"": ""sum of each customer's minimum incoming arc""}, ""routing_status_code"": 1, ""routing_status"": ""ROUTING_SUCCESS"", ""optimality_proven"": false, ""first_solution_strategy"": ""PARALLEL_CHEAPEST_INSERTION"", ""local_search_metaheuristic"": ""GUIDED_LOCAL_SEARCH"", ""search_workers"": 1, ""search_worker_setting"": ""Routing CP exposes no worker-count parameter; one CP search was run."", ""search_time_limit_seconds"": 5.0, ""time_limit_scope"": ""SolveWithParameters call only; model preparation is separate"", ""first_feasible_seconds"": 0.0250951999987592, ""distance_ticks"": 1253046}",results/5s/R103/ortools-seed-0.json
ours,R103,5.0,0,25,11478876,feasible,True,14,1270753,1270.753,5.0499998906161636e-05,5.00085869999748,5.000802100003057,0.0004972999959136359,5.00237379999453,0.10384960000374122,92,5.001876499998616,0.0009673000022303313,1f833e8648ba39e0edc76754fb49e81777a7175cf7b084c3f60a12607bfb3991,4ccf2642f91c10e5ef78d549cf8ed0088696fccc6f0da27cfce273e5cd458c2d,,"{""config"": {""seed"": 0, ""max_iterations"": null, ""time_limit_seconds"": 5.0, ""fleet_attempts_per_k"": 100, ""fleet_time_fraction"": 0.75, ""fleet_strategy"": ""hybrid"", ""fleet_repair_rounds"": 5, ""fleet_related_count"": 8, ""max_moves"": null, ""construction_order"": ""due"", ""repair_order"": ""due"", ""repair_strategy"": ""cheapest"", ""search_strategy"": ""first"", ""operators"": [""relocate"", ""swap"", ""two_opt"", ""two_opt_star""], ""remove_min"": 3, ""remove_max"": 8, ""restart_after"": 20, ""diagnostics"": false, ""evaluation_mode"": ""incremental"", ""search_backend"": ""native"", ""num_neighbours"": null, ""operator_schedule"": ""cyclic"", ""infeasible_search"": false, ""adaptive_penalties"": true, ""penalty_update_interval"": 10, ""penalty_target_feasible"": 0.5, ""penalty_max_moves"": 8}, ""backend"": ""native"", ""native"": {""api_version"": 1, ""build_info"": ""compiler=MSVC 195035722; cxx_standard=17; api_version=1"", ""binary"": ""_native.cp312-win_amd64.pyd"", ""binary_sha256"": ""604462f386c003e397cd55934c67735731d9683e762902ff4d23fad1f410c0bb""}, ""stop_reason"": ""time_limit"", ""initial_distance_ticks"": 1546015, ""fleet"": {""lower_bound"": 8, ""stop_reason"": ""target_not_found"", ""targets"": [{""target"": 13, ""trials"": 100, ""repair_rounds"": 300, ""elapsed_seconds"": 1.080671199997596, ""first_feasible_seconds"": null, ""status"": ""not_found""}]}, ""milestones"": []}",results/5s/R103/ours-seed-0.json
pyvrp,R103,5.0,0,25,11478876,feasible,True,16,1338818,1338.818,0.0011641999954008497,5.0116749000007985,5.003933399995731,0.0005446000068332069,5.014940400011255,,636,5.014395800004422,0.0015567000082228333,1f833e8648ba39e0edc76754fb49e81777a7175cf7b084c3f60a12607bfb3991,4ccf2642f91c10e5ef78d549cf8ed0088696fccc6f0da27cfce273e5cd458c2d,,"{""version"": ""0.13.0a0"", ""algorithm"": ""local checkout IteratedLocalSearch"", ""time_limit_clock"": ""anchored before solve(), including initial solution and search setup"", ""seed_supported"": true, ""fixed_vehicle_cost"": 11478876, ""internal_feasible"": true, ""scalar_objective"": 185000834, ""internal_distance_ticks"": 1338818, ""internal_vehicles"": 16}",results/5s/R103/pyvrp-seed-0.json
gurobi,R104,5.0,0,25,11478876,time_limit,True,16,1344962,1344.962,0.8767092999987653,5.0043846999979,5.004999876022339,0.0005160000000614673,5.911750100000063,5.616269199999806,,5.9112341000000015,0.030140100003336556,dd087124311d91facd81736debbfc7d0f351d27942917e2d76cbafd01e6183b7,4ccf2642f91c10e5ef78d549cf8ed0088696fccc6f0da27cfce273e5cd458c2d,,"{""backend"": ""gurobi"", ""gurobi_version"": [13, 0, 0], ""vehicle_weight"": 11478876, ""max_vehicles"": 25, ""distance_upper_bound"": 11478875, ""objective_upper_bound"": 298450775, ""cold_start"": true, ""threads"": 1, ""seed"": 0, ""seed_supported"": true, ""mip_gap_target"": 0.0, ""variable_count"": 9483, ""constraint_count"": 27351, ""arc_count"": 9183, ""gurobi_status_code"": 9, ""status"": ""time_limit"", ""incumbent_count"": 10, ""node_count"": 1.0, ""iteration_count"": 4866.0, ""objective_bound"": 35139830.72391701, ""objective_bound_continuous"": 35139830.72391701, ""objective"": 185006978.0, ""scalar_objective"": 185006978, ""raw_objective_minus_integral_route_objective"": 0.0, ""mip_gap"": 0.8100621333109014}",results/5s/R104/gurobi-seed-0.json
ortools,R104,5.0,0,25,11478876,found,True,11,1051847,1051.847,0.003351200000906829,5.000210600002902,5.0,0.0004981000020052306,5.006347700007609,0.02549159999762196,,5.005849600005604,0.0022878000017954037,dd087124311d91facd81736debbfc7d0f351d27942917e2d76cbafd01e6183b7,4ccf2642f91c10e5ef78d549cf8ed0088696fccc6f0da27cfce273e5cd458c2d,,"{""ortools_version"": ""9.15.6755"", ""requested_seed"": 0, ""cp_solver_reseed_applied"": true, ""seed_api"": ""pywrapcp.Solver.ReSeed"", ""seed_semantics"": ""Applied to the underlying CP Solver RNG; RoutingSearchParameters has no random_seed field. This does not claim control over every routing-search randomness source."", ""warm_start"": false, ""vehicle_limit"": 25, ""vehicle_fixed_cost"": 11478876, ""max_solution_distance_bound"": 11478875, ""objective_value"": 127319483, ""solver_assignment_objective"": 127319483, ""scalar_objective"": 127319483, ""objective_lower_bound"": 92349355, ""objective_gap_to_lower_bound"": 34970128, ""lower_bound_components"": {""vehicles"": 8, ""distance_ticks"": 518347, ""distance_bound_method"": ""sum of each customer's minimum incoming arc""}, ""routing_status_code"": 1, ""routing_status"": ""ROUTING_SUCCESS"", ""optimality_proven"": false, ""first_solution_strategy"": ""PARALLEL_CHEAPEST_INSERTION"", ""local_search_metaheuristic"": ""GUIDED_LOCAL_SEARCH"", ""search_workers"": 1, ""search_worker_setting"": ""Routing CP exposes no worker-count parameter; one CP search was run."", ""search_time_limit_seconds"": 5.0, ""time_limit_scope"": ""SolveWithParameters call only; model preparation is separate"", ""first_feasible_seconds"": 0.02549159999762196, ""distance_ticks"": 1051847}",results/5s/R104/ortools-seed-0.json
ours,R104,5.0,0,25,11478876,feasible,True,10,1081623,1081.623,5.570000212173909e-05,5.000813200000266,5.000758100002713,0.0005619000003207475,5.002177599999413,0.11466220000147587,83,5.001615699999093,0.0007467999967047945,dd087124311d91facd81736debbfc7d0f351d27942917e2d76cbafd01e6183b7,4ccf2642f91c10e5ef78d549cf8ed0088696fccc6f0da27cfce273e5cd458c2d,,"{""config"": {""seed"": 0, ""max_iterations"": null, ""time_limit_seconds"": 5.0, ""fleet_attempts_per_k"": 100, ""fleet_time_fraction"": 0.75, ""fleet_strategy"": ""hybrid"", ""fleet_repair_rounds"": 5, ""fleet_related_count"": 8, ""max_moves"": null, ""construction_order"": ""due"", ""repair_order"": ""due"", ""repair_strategy"": ""cheapest"", ""search_strategy"": ""first"", ""operators"": [""relocate"", ""swap"", ""two_opt"", ""two_opt_star""], ""remove_min"": 3, ""remove_max"": 8, ""restart_after"": 20, ""diagnostics"": false, ""evaluation_mode"": ""incremental"", ""search_backend"": ""native"", ""num_neighbours"": null, ""operator_schedule"": ""cyclic"", ""infeasible_search"": false, ""adaptive_penalties"": true, ""penalty_update_interval"": 10, ""penalty_target_feasible"": 0.5, ""penalty_max_moves"": 8}, ""backend"": ""native"", ""native"": {""api_version"": 1, ""build_info"": ""compiler=MSVC 195035722; cxx_standard=17; api_version=1"", ""binary"": ""_native.cp312-win_amd64.pyd"", ""binary_sha256"": ""604462f386c003e397cd55934c67735731d9683e762902ff4d23fad1f410c0bb""}, ""stop_reason"": ""time_limit"", ""initial_distance_ticks"": 1592207, ""fleet"": {""lower_bound"": 8, ""stop_reason"": ""target_not_found"", ""targets"": [{""target"": 11, ""trials"": 3, ""repair_rounds"": 7, ""elapsed_seconds"": 0.03949030000512721, ""first_feasible_seconds"": 0.03949030000512721, ""status"": ""found""}, {""target"": 10, ""trials"": 60, ""repair_rounds"": 179, ""elapsed_seconds"": 0.8219319000054384, ""first_feasible_seconds"": 0.8219319000054384, ""status"": ""found""}, {""target"": 9, ""trials"": 100, ""repair_rounds"": 300, ""elapsed_seconds"": 1.3080926000038744, ""first_feasible_seconds"": null, ""status"": ""not_found""}]}, ""milestones"": [{""vehicles"": 11, ""distance"": 1186697, ""elapsed_seconds"": 0.15472260000387905}, {""vehicles"": 10, ""distance"": 1181155, ""elapsed_seconds"": 0.9769315000012284}]}",results/5s/R104/ours-seed-0.json
pyvrp,R104,5.0,0,25,11478876,feasible,True,12,1051000,1051.0,0.001086700001906138,5.01256149999972,5.003751700001885,0.0005435999992187135,5.015728600003058,,735,5.015185000003839,0.0015368000022135675,dd087124311d91facd81736debbfc7d0f351d27942917e2d76cbafd01e6183b7,4ccf2642f91c10e5ef78d549cf8ed0088696fccc6f0da27cfce273e5cd458c2d,,"{""version"": ""0.13.0a0"", ""algorithm"": ""local checkout IteratedLocalSearch"", ""time_limit_clock"": ""anchored before solve(), including initial solution and search setup"", ""seed_supported"": true, ""fixed_vehicle_cost"": 11478876, ""internal_feasible"": true, ""scalar_objective"": 138797512, ""internal_distance_ticks"": 1051000, ""internal_vehicles"": 12}",results/5s/R104/pyvrp-seed-0.json
gurobi,R105,5.0,0,25,11478876,time_limit,False,,,,0.5174230999982683,5.001834099995904,5.002000093460083,2.3000029614195228e-06,5.529327399999602,,,5.52932509999664,0.010067900002468377,ff1a614f8458d6339b3f54d8e4ca2dcf0a35c96012f477f6a819ae481de85ca4,4ccf2642f91c10e5ef78d549cf8ed0088696fccc6f0da27cfce273e5cd458c2d,,"{""backend"": ""gurobi"", ""gurobi_version"": [13, 0, 0], ""vehicle_weight"": 11478876, ""max_vehicles"": 25, ""distance_upper_bound"": 11478875, ""objective_upper_bound"": 298450775, ""cold_start"": true, ""threads"": 1, ""seed"": 0, ""seed_supported"": true, ""mip_gap_target"": 0.0, ""variable_count"": 4553, ""constraint_count"": 12561, ""arc_count"": 4253, ""gurobi_status_code"": 9, ""status"": ""time_limit"", ""incumbent_count"": 0, ""node_count"": 1.0, ""iteration_count"": 11789.0, ""objective_bound"": 78326715.29219413, ""objective_bound_continuous"": 78326715.29219413}",results/5s/R105/gurobi-seed-0.json
ortools,R105,5.0,0,25,11478876,found,True,15,1417587,1417.587,0.003241799997340422,5.000634399999399,5.001,0.0005301999990479089,5.006434700000682,0.026286700005584862,,5.005904500001634,0.002028300004894845,ff1a614f8458d6339b3f54d8e4ca2dcf0a35c96012f477f6a819ae481de85ca4,4ccf2642f91c10e5ef78d549cf8ed0088696fccc6f0da27cfce273e5cd458c2d,,"{""ortools_version"": ""9.15.6755"", ""requested_seed"": 0, ""cp_solver_reseed_applied"": true, ""seed_api"": ""pywrapcp.Solver.ReSeed"", ""seed_semantics"": ""Applied to the underlying CP Solver RNG; RoutingSearchParameters has no random_seed field. This does not claim control over every routing-search randomness source."", ""warm_start"": false, ""vehicle_limit"": 25, ""vehicle_fixed_cost"": 11478876, ""max_solution_distance_bound"": 11478875, ""objective_value"": 173600727, ""solver_assignment_objective"": 173600727, ""scalar_objective"": 173600727, ""objective_lower_bound"": 92349355, ""objective_gap_to_lower_bound"": 81251372, ""lower_bound_components"": {""vehicles"": 8, ""distance_ticks"": 518347, ""distance_bound_method"": ""sum of each customer's minimum incoming arc""}, ""routing_status_code"": 1, ""routing_status"": ""ROUTING_SUCCESS"", ""optimality_proven"": false, ""first_solution_strategy"": ""PARALLEL_CHEAPEST_INSERTION"", ""local_search_metaheuristic"": ""GUIDED_LOCAL_SEARCH"", ""search_workers"": 1, ""search_worker_setting"": ""Routing CP exposes no worker-count parameter; one CP search was run."", ""search_time_limit_seconds"": 5.0, ""time_limit_scope"": ""SolveWithParameters call only; model preparation is separate"", ""first_feasible_seconds"": 0.026286700005584862, ""distance_ticks"": 1417587}",results/5s/R105/ortools-seed-0.json
ours,R105,5.0,0,25,11478876,feasible,True,16,1441797,1441.797,5.650000093737617e-05,5.000422400000389,5.000365399995644,0.0007179000022006221,5.001948199998878,0.08674949999840464,109,5.001230299996678,0.0007513999953516759,ff1a614f8458d6339b3f54d8e4ca2dcf0a35c96012f477f6a819ae481de85ca4,4ccf2642f91c10e5ef78d549cf8ed0088696fccc6f0da27cfce273e5cd458c2d,,"{""config"": {""seed"": 0, ""max_iterations"": null, ""time_limit_seconds"": 5.0, ""fleet_attempts_per_k"": 100, ""fleet_time_fraction"": 0.75, ""fleet_strategy"": ""hybrid"", ""fleet_repair_rounds"": 5, ""fleet_related_count"": 8, ""max_moves"": null, ""construction_order"": ""due"", ""repair_order"": ""due"", ""repair_strategy"": ""cheapest"", ""search_strategy"": ""first"", ""operators"": [""relocate"", ""swap"", ""two_opt"", ""two_opt_star""], ""remove_min"": 3, ""remove_max"": 8, ""restart_after"": 20, ""diagnostics"": false, ""evaluation_mode"": ""incremental"", ""search_backend"": ""native"", ""num_neighbours"": null, ""operator_schedule"": ""cyclic"", ""infeasible_search"": false, ""adaptive_penalties"": true, ""penalty_update_interval"": 10, ""penalty_target_feasible"": 0.5, ""penalty_max_moves"": 8}, ""backend"": ""native"", ""native"": {""api_version"": 1, ""build_info"": ""compiler=MSVC 195035722; cxx_standard=17; api_version=1"", ""binary"": ""_native.cp312-win_amd64.pyd"", ""binary_sha256"": ""604462f386c003e397cd55934c67735731d9683e762902ff4d23fad1f410c0bb""}, ""stop_reason"": ""time_limit"", ""initial_distance_ticks"": 1870310, ""fleet"": {""lower_bound"": 8, ""stop_reason"": ""target_not_found"", ""targets"": [{""target"": 17, ""trials"": 1, ""repair_rounds"": 1, ""elapsed_seconds"": 0.012136600002122577, ""first_feasible_seconds"": 0.012136600002122577, ""status"": ""found""}, {""target"": 16, ""trials"": 14, ""repair_rounds"": 39, ""elapsed_seconds"": 0.14534930000081658, ""first_feasible_seconds"": 0.14534930000081658, ""status"": ""found""}, {""target"": 15, ""trials"": 100, ""repair_rounds"": 300, ""elapsed_seconds"": 1.1840854000038235, ""first_feasible_seconds"": null, ""status"": ""not_found""}]}, ""milestones"": [{""vehicles"": 17, ""distance"": 1734216, ""elapsed_seconds"": 0.09948189999704482}, {""vehicles"": 16, ""distance"": 1757067, ""elapsed_seconds"": 0.24528799999825424}]}",results/5s/R105/ours-seed-0.json
pyvrp,R105,5.0,0,25,11478876,feasible,True,16,1451658,1451.658,0.0011353000008966774,5.004519699999946,4.995328500001051,0.000556200000573881,5.007736599996861,,664,5.007180399996287,0.0015253999954438768,ff1a614f8458d6339b3f54d8e4ca2dcf0a35c96012f477f6a819ae481de85ca4,4ccf2642f91c10e5ef78d549cf8ed0088696fccc6f0da27cfce273e5cd458c2d,,"{""version"": ""0.13.0a0"", ""algorithm"": ""local checkout IteratedLocalSearch"", ""time_limit_clock"": ""anchored before solve(), including initial solution and search setup"", ""seed_supported"": true, ""fixed_vehicle_cost"": 11478876, ""internal_feasible"": true, ""scalar_objective"": 185113674, ""internal_distance_ticks"": 1451658, ""internal_vehicles"": 16}",results/5s/R105/pyvrp-seed-0.json
gurobi,R106,5.0,0,25,11478876,time_limit,True,19,1941892,1941.892,0.6411617000048864,5.00690040000336,5.006999969482422,0.000603299995418638,5.670263699998031,1.5466018000006443,,5.669660400002613,0.021598299994366243,31b8783d177f0fbe1c84b8f085fbf28b1989a80e4c00f49f5654ebef99835e97,4ccf2642f91c10e5ef78d549cf8ed0088696fccc6f0da27cfce273e5cd458c2d,,"{""backend"": ""gurobi"", ""gurobi_version"": [13, 0, 0], ""vehicle_weight"": 11478876, ""max_vehicles"": 25, ""distance_upper_bound"": 11478875, ""objective_upper_bound"": 298450775, ""cold_start"": true, ""threads"": 1, ""seed"": 0, ""seed_supported"": true, ""mip_gap_target"": 0.0, ""variable_count"": 6854, ""constraint_count"": 19464, ""arc_count"": 6554, ""gurobi_status_code"": 9, ""status"": ""time_limit"", ""incumbent_count"": 10, ""node_count"": 1.0, ""iteration_count"": 4288.0, ""objective_bound"": 12353347.304165464, ""objective_bound_continuous"": 12353347.304165464, ""objective"": 220040536.0, ""scalar_objective"": 220040536, ""raw_objective_minus_integral_route_objective"": 0.0, ""mip_gap"": 0.943858765622324}",results/5s/R106/gurobi-seed-0.json
ortools,R106,5.0,0,25,11478876,found,True,13,1323770,1323.77,0.002940500002296176,5.000771999999415,5.001,0.0005371999941417016,5.005454899997858,0.025749299995368347,,5.004917700003716,0.001205200002004858,31b8783d177f0fbe1c84b8f085fbf28b1989a80e4c00f49f5654ebef99835e97,4ccf2642f91c10e5ef78d549cf8ed0088696fccc6f0da27cfce273e5cd458c2d,,"{""ortools_version"": ""9.15.6755"", ""requested_seed"": 0, ""cp_solver_reseed_applied"": true, ""seed_api"": ""pywrapcp.Solver.ReSeed"", ""seed_semantics"": ""Applied to the underlying CP Solver RNG; RoutingSearchParameters has no random_seed field. This does not claim control over every routing-search randomness source."", ""warm_start"": false, ""vehicle_limit"": 25, ""vehicle_fixed_cost"": 11478876, ""max_solution_distance_bound"": 11478875, ""objective_value"": 150549158, ""solver_assignment_objective"": 150549158, ""scalar_objective"": 150549158, ""objective_lower_bound"": 92349355, ""objective_gap_to_lower_bound"": 58199803, ""lower_bound_components"": {""vehicles"": 8, ""distance_ticks"": 518347, ""distance_bound_method"": ""sum of each customer's minimum incoming arc""}, ""routing_status_code"": 1, ""routing_status"": ""ROUTING_SUCCESS"", ""optimality_proven"": false, ""first_solution_strategy"": ""PARALLEL_CHEAPEST_INSERTION"", ""local_search_metaheuristic"": ""GUIDED_LOCAL_SEARCH"", ""search_workers"": 1, ""search_worker_setting"": ""Routing CP exposes no worker-count parameter; one CP search was run."", ""search_time_limit_seconds"": 5.0, ""time_limit_scope"": ""SolveWithParameters call only; model preparation is separate"", ""first_feasible_seconds"": 0.025749299995368347, ""distance_ticks"": 1323770}",results/5s/R106/ortools-seed-0.json
ours,R106,5.0,0,25,11478876,feasible,True,14,1327702,1327.702,6.0999998822808266e-05,5.000499499998114,5.00042360000225,0.0005006999999750406,5.001803500003007,0.09308660000533564,94,5.001302800003032,0.00074230000609532,31b8783d177f0fbe1c84b8f085fbf28b1989a80e4c00f49f5654ebef99835e97,4ccf2642f91c10e5ef78d549cf8ed0088696fccc6f0da27cfce273e5cd458c2d,,"{""config"": {""seed"": 0, ""max_iterations"": null, ""time_limit_seconds"": 5.0, ""fleet_attempts_per_k"": 100, ""fleet_time_fraction"": 0.75, ""fleet_strategy"": ""hybrid"", ""fleet_repair_rounds"": 5, ""fleet_related_count"": 8, ""max_moves"": null, ""construction_order"": ""due"", ""repair_order"": ""due"", ""repair_strategy"": ""cheapest"", ""search_strategy"": ""first"", ""operators"": [""relocate"", ""swap"", ""two_opt"", ""two_opt_star""], ""remove_min"": 3, ""remove_max"": 8, ""restart_after"": 20, ""diagnostics"": false, ""evaluation_mode"": ""incremental"", ""search_backend"": ""native"", ""num_neighbours"": null, ""operator_schedule"": ""cyclic"", ""infeasible_search"": false, ""adaptive_penalties"": true, ""penalty_update_interval"": 10, ""penalty_target_feasible"": 0.5, ""penalty_max_moves"": 8}, ""backend"": ""native"", ""native"": {""api_version"": 1, ""build_info"": ""compiler=MSVC 195035722; cxx_standard=17; api_version=1"", ""binary"": ""_native.cp312-win_amd64.pyd"", ""binary_sha256"": ""604462f386c003e397cd55934c67735731d9683e762902ff4d23fad1f410c0bb""}, ""stop_reason"": ""time_limit"", ""initial_distance_ticks"": 1652911, ""fleet"": {""lower_bound"": 8, ""stop_reason"": ""target_not_found"", ""targets"": [{""target"": 15, ""trials"": 1, ""repair_rounds"": 1, ""elapsed_seconds"": 0.0119498999993084, ""first_feasible_seconds"": 0.0119498999993084, ""status"": ""found""}, {""target"": 14, ""trials"": 2, ""repair_rounds"": 6, ""elapsed_seconds"": 0.02047830000083195, ""first_feasible_seconds"": 0.02047830000083195, ""status"": ""found""}, {""target"": 13, ""trials"": 100, ""repair_rounds"": 300, ""elapsed_seconds"": 1.158848900005978, ""first_feasible_seconds"": null, ""status"": ""not_found""}]}, ""milestones"": [{""vehicles"": 15, ""distance"": 1609339, ""elapsed_seconds"": 0.10560880000411998}, {""vehicles"": 14, ""distance"": 1578789, ""elapsed_seconds"": 0.1263814000049024}]}",results/5s/R106/ours-seed-0.json
pyvrp,R106,5.0,0,25,11478876,feasible,True,14,1326090,1326.09,0.0011051000037696213,5.006776099995477,4.997419600003923,0.0008208999934140593,5.0102417999951285,,693,5.0094209000017145,0.0015397000024677254,31b8783d177f0fbe1c84b8f085fbf28b1989a80e4c00f49f5654ebef99835e97,4ccf2642f91c10e5ef78d549cf8ed0088696fccc6f0da27cfce273e5cd458c2d,,"{""version"": ""0.13.0a0"", ""algorithm"": ""local checkout IteratedLocalSearch"", ""time_limit_clock"": ""anchored before solve(), including initial solution and search setup"", ""seed_supported"": true, ""fixed_vehicle_cost"": 11478876, ""internal_feasible"": true, ""scalar_objective"": 162030354, ""internal_distance_ticks"": 1326090, ""internal_vehicles"": 14}",results/5s/R106/pyvrp-seed-0.json
gurobi,R107,5.0,0,25,11478876,time_limit,True,18,2423595,2423.595,0.7652342000001227,5.005274800001644,5.005000114440918,0.0005519000042113476,5.795605400002387,1.4816839000050095,,5.7950534999981755,0.024544499996409286,dba2b257a1d43d7c78d5e3a9f09091a2b125d3fbec78c0c8a1782add669a1275,4ccf2642f91c10e5ef78d549cf8ed0088696fccc6f0da27cfce273e5cd458c2d,,"{""backend"": ""gurobi"", ""gurobi_version"": [13, 0, 0], ""vehicle_weight"": 11478876, ""max_vehicles"": 25, ""distance_upper_bound"": 11478875, ""objective_upper_bound"": 298450775, ""cold_start"": true, ""threads"": 1, ""seed"": 0, ""seed_supported"": true, ""mip_gap_target"": 0.0, ""variable_count"": 8501, ""constraint_count"": 24405, ""arc_count"": 8201, ""gurobi_status_code"": 9, ""status"": ""time_limit"", ""incumbent_count"": 10, ""node_count"": 1.0, ""iteration_count"": 1297.0, ""objective_bound"": 667949.8324713035, ""objective_bound_continuous"": 667949.8324713035, ""objective"": 209043363.0, ""scalar_objective"": 209043363, ""raw_objective_minus_integral_route_objective"": 0.0, ""mip_gap"": 0.9968047307367931}",results/5s/R107/gurobi-seed-0.json
ortools,R107,5.0,0,25,11478876,found,True,12,1151175,1151.175,0.0032289000009768642,5.0011238000006415,5.001,0.0004808000012417324,5.006636799997068,0.02560069999890402,,5.006155999995826,0.0018032999942079186,dba2b257a1d43d7c78d5e3a9f09091a2b125d3fbec78c0c8a1782add669a1275,4ccf2642f91c10e5ef78d549cf8ed0088696fccc6f0da27cfce273e5cd458c2d,,"{""ortools_version"": ""9.15.6755"", ""requested_seed"": 0, ""cp_solver_reseed_applied"": true, ""seed_api"": ""pywrapcp.Solver.ReSeed"", ""seed_semantics"": ""Applied to the underlying CP Solver RNG; RoutingSearchParameters has no random_seed field. This does not claim control over every routing-search randomness source."", ""warm_start"": false, ""vehicle_limit"": 25, ""vehicle_fixed_cost"": 11478876, ""max_solution_distance_bound"": 11478875, ""objective_value"": 138897687, ""solver_assignment_objective"": 138897687, ""scalar_objective"": 138897687, ""objective_lower_bound"": 92349355, ""objective_gap_to_lower_bound"": 46548332, ""lower_bound_components"": {""vehicles"": 8, ""distance_ticks"": 518347, ""distance_bound_method"": ""sum of each customer's minimum incoming arc""}, ""routing_status_code"": 1, ""routing_status"": ""ROUTING_SUCCESS"", ""optimality_proven"": false, ""first_solution_strategy"": ""PARALLEL_CHEAPEST_INSERTION"", ""local_search_metaheuristic"": ""GUIDED_LOCAL_SEARCH"", ""search_workers"": 1, ""search_worker_setting"": ""Routing CP exposes no worker-count parameter; one CP search was run."", ""search_time_limit_seconds"": 5.0, ""time_limit_scope"": ""SolveWithParameters call only; model preparation is separate"", ""first_feasible_seconds"": 0.02560069999890402, ""distance_ticks"": 1151175}",results/5s/R107/ortools-seed-0.json
ours,R107,5.0,0,25,11478876,feasible,True,11,1160624,1160.624,5.310000415192917e-05,5.000766199998907,5.0007126000054996,0.0004947999987052754,5.002146200000425,0.104357300006086,95,5.00165140000172,0.0008320999986608513,dba2b257a1d43d7c78d5e3a9f09091a2b125d3fbec78c0c8a1782add669a1275,4ccf2642f91c10e5ef78d549cf8ed0088696fccc6f0da27cfce273e5cd458c2d,,"{""config"": {""seed"": 0, ""max_iterations"": null, ""time_limit_seconds"": 5.0, ""fleet_attempts_per_k"": 100, ""fleet_time_fraction"": 0.75, ""fleet_strategy"": ""hybrid"", ""fleet_repair_rounds"": 5, ""fleet_related_count"": 8, ""max_moves"": null, ""construction_order"": ""due"", ""repair_order"": ""due"", ""repair_strategy"": ""cheapest"", ""search_strategy"": ""first"", ""operators"": [""relocate"", ""swap"", ""two_opt"", ""two_opt_star""], ""remove_min"": 3, ""remove_max"": 8, ""restart_after"": 20, ""diagnostics"": false, ""evaluation_mode"": ""incremental"", ""search_backend"": ""native"", ""num_neighbours"": null, ""operator_schedule"": ""cyclic"", ""infeasible_search"": false, ""adaptive_penalties"": true, ""penalty_update_interval"": 10, ""penalty_target_feasible"": 0.5, ""penalty_max_moves"": 8}, ""backend"": ""native"", ""native"": {""api_version"": 1, ""build_info"": ""compiler=MSVC 195035722; cxx_standard=17; api_version=1"", ""binary"": ""_native.cp312-win_amd64.pyd"", ""binary_sha256"": ""604462f386c003e397cd55934c67735731d9683e762902ff4d23fad1f410c0bb""}, ""stop_reason"": ""time_limit"", ""initial_distance_ticks"": 1776993, ""fleet"": {""lower_bound"": 8, ""stop_reason"": ""target_not_found"", ""targets"": [{""target"": 13, ""trials"": 1, ""repair_rounds"": 1, ""elapsed_seconds"": 0.011335300005157478, ""first_feasible_seconds"": 0.011335300005157478, ""status"": ""found""}, {""target"": 12, ""trials"": 2, ""repair_rounds"": 4, ""elapsed_seconds"": 0.016244800004642457, ""first_feasible_seconds"": 0.016244800004642457, ""status"": ""found""}, {""target"": 11, ""trials"": 21, ""repair_rounds"": 61, ""elapsed_seconds"": 0.2571267999956035, ""first_feasible_seconds"": 0.2571267999956035, ""status"": ""found""}, {""target"": 10, ""trials"": 100, ""repair_rounds"": 300, ""elapsed_seconds"": 1.2495159000027343, ""first_feasible_seconds"": null, ""status"": ""not_found""}]}, ""milestones"": [{""vehicles"": 13, ""distance"": 1331890, ""elapsed_seconds"": 0.11624470000242582}, {""vehicles"": 12, ""distance"": 1366078, ""elapsed_seconds"": 0.13275920000160113}, {""vehicles"": 11, ""distance"": 1344856, ""elapsed_seconds"": 0.3901657000023988}]}",results/5s/R107/ours-seed-0.json
pyvrp,R107,5.0,0,25,11478876,feasible,True,12,1131357,1131.357,0.0013325000036275014,5.008528099999239,4.999953500002448,0.000545900002180133,5.011907499996596,,735,5.011361599994416,0.001500999991549179,dba2b257a1d43d7c78d5e3a9f09091a2b125d3fbec78c0c8a1782add669a1275,4ccf2642f91c10e5ef78d549cf8ed0088696fccc6f0da27cfce273e5cd458c2d,,"{""version"": ""0.13.0a0"", ""algorithm"": ""local checkout IteratedLocalSearch"", ""time_limit_clock"": ""anchored before solve(), including initial solution and search setup"", ""seed_supported"": true, ""fixed_vehicle_cost"": 11478876, ""internal_feasible"": true, ""scalar_objective"": 138877869, ""internal_distance_ticks"": 1131357, ""internal_vehicles"": 12}",results/5s/R107/pyvrp-seed-0.json
gurobi,R108,5.0,0,25,11478876,time_limit,True,13,1287352,1287.352,0.9206039999990026,5.005596000002697,5.005000114440918,0.0007116000051610172,5.958886800006439,4.173905100004049,,5.958175200001278,0.03197519999957876,65cae09f4099b7e70d2b723e0e3a30aa1494c75a367bb894a3fd13241ee639d4,4ccf2642f91c10e5ef78d549cf8ed0088696fccc6f0da27cfce273e5cd458c2d,,"{""backend"": ""gurobi"", ""gurobi_version"": [13, 0, 0], ""vehicle_weight"": 11478876, ""max_vehicles"": 25, ""distance_upper_bound"": 11478875, ""objective_upper_bound"": 298450775, ""cold_start"": true, ""threads"": 1, ""seed"": 0, ""seed_supported"": true, ""mip_gap_target"": 0.0, ""variable_count"": 9706, ""constraint_count"": 28020, ""arc_count"": 9406, ""gurobi_status_code"": 9, ""status"": ""time_limit"", ""incumbent_count"": 10, ""node_count"": 1.0, ""iteration_count"": 2088.0, ""objective_bound"": 638989.0709302846, ""objective_bound_continuous"": 638989.0709302846, ""objective"": 150512740.0, ""scalar_objective"": 150512740, ""raw_objective_minus_integral_route_objective"": 0.0, ""mip_gap"": 0.9957545848216551}",results/5s/R108/gurobi-seed-0.json
ortools,R108,5.0,0,25,11478876,found,True,10,976398,976.398,0.0038724999976693653,5.0029355000006035,5.003,0.000684200000250712,5.008591900004831,0.02729209999961313,,5.00790770000458,0.0010997000063071027,65cae09f4099b7e70d2b723e0e3a30aa1494c75a367bb894a3fd13241ee639d4,4ccf2642f91c10e5ef78d549cf8ed0088696fccc6f0da27cfce273e5cd458c2d,,"{""ortools_version"": ""9.15.6755"", ""requested_seed"": 0, ""cp_solver_reseed_applied"": true, ""seed_api"": ""pywrapcp.Solver.ReSeed"", ""seed_semantics"": ""Applied to the underlying CP Solver RNG; RoutingSearchParameters has no random_seed field. This does not claim control over every routing-search randomness source."", ""warm_start"": false, ""vehicle_limit"": 25, ""vehicle_fixed_cost"": 11478876, ""max_solution_distance_bound"": 11478875, ""objective_value"": 115765158, ""solver_assignment_objective"": 115765158, ""scalar_objective"": 115765158, ""objective_lower_bound"": 92349355, ""objective_gap_to_lower_bound"": 23415803, ""lower_bound_components"": {""vehicles"": 8, ""distance_ticks"": 518347, ""distance_bound_method"": ""sum of each customer's minimum incoming arc""}, ""routing_status_code"": 1, ""routing_status"": ""ROUTING_SUCCESS"", ""optimality_proven"": false, ""first_solution_strategy"": ""PARALLEL_CHEAPEST_INSERTION"", ""local_search_metaheuristic"": ""GUIDED_LOCAL_SEARCH"", ""search_workers"": 1, ""search_worker_setting"": ""Routing CP exposes no worker-count parameter; one CP search was run."", ""search_time_limit_seconds"": 5.0, ""time_limit_scope"": ""SolveWithParameters call only; model preparation is separate"", ""first_feasible_seconds"": 0.02729209999961313, ""distance_ticks"": 976398}",results/5s/R108/ortools-seed-0.json
ours,R108,5.0,0,25,11478876,feasible,True,10,1033382,1033.382,5.249999958323315e-05,5.001168200004031,5.001106099996832,0.0008501000047544949,5.002981800003909,0.10889859999588225,87,5.002131699999154,0.0009109999955398962,65cae09f4099b7e70d2b723e0e3a30aa1494c75a367bb894a3fd13241ee639d4,4ccf2642f91c10e5ef78d549cf8ed0088696fccc6f0da27cfce273e5cd458c2d,,"{""config"": {""seed"": 0, ""max_iterations"": null, ""time_limit_seconds"": 5.0, ""fleet_attempts_per_k"": 100, ""fleet_time_fraction"": 0.75, ""fleet_strategy"": ""hybrid"", ""fleet_repair_rounds"": 5, ""fleet_related_count"": 8, ""max_moves"": null, ""construction_order"": ""due"", ""repair_order"": ""due"", ""repair_strategy"": ""cheapest"", ""search_strategy"": ""first"", ""operators"": [""relocate"", ""swap"", ""two_opt"", ""two_opt_star""], ""remove_min"": 3, ""remove_max"": 8, ""restart_after"": 20, ""diagnostics"": false, ""evaluation_mode"": ""incremental"", ""search_backend"": ""native"", ""num_neighbours"": null, ""operator_schedule"": ""cyclic"", ""infeasible_search"": false, ""adaptive_penalties"": true, ""penalty_update_interval"": 10, ""penalty_target_feasible"": 0.5, ""penalty_max_moves"": 8}, ""backend"": ""native"", ""native"": {""api_version"": 1, ""build_info"": ""compiler=MSVC 195035722; cxx_standard=17; api_version=1"", ""binary"": ""_native.cp312-win_amd64.pyd"", ""binary_sha256"": ""604462f386c003e397cd55934c67735731d9683e762902ff4d23fad1f410c0bb""}, ""stop_reason"": ""time_limit"", ""initial_distance_ticks"": 1744341, ""fleet"": {""lower_bound"": 8, ""stop_reason"": ""target_not_found"", ""targets"": [{""target"": 12, ""trials"": 1, ""repair_rounds"": 1, ""elapsed_seconds"": 0.010929899995971937, ""first_feasible_seconds"": 0.010929899995971937, ""status"": ""found""}, {""target"": 11, ""trials"": 1, ""repair_rounds"": 1, ""elapsed_seconds"": 0.00987390000227606, ""first_feasible_seconds"": 0.00987390000227606, ""status"": ""found""}, {""target"": 10, ""trials"": 19, ""repair_rounds"": 55, ""elapsed_seconds"": 0.2559618999948725, ""first_feasible_seconds"": 0.2559618999948725, ""status"": ""found""}, {""target"": 9, ""trials"": 100, ""repair_rounds"": 300, ""elapsed_seconds"": 1.7458318000062718, ""first_feasible_seconds"": null, ""status"": ""not_found""}]}, ""milestones"": [{""vehicles"": 12, ""distance"": 1145476, ""elapsed_seconds"": 0.12037659999623429}, {""vehicles"": 11, ""distance"": 1315436, ""elapsed_seconds"": 0.13053059999947436}, {""vehicles"": 10, ""distance"": 1217799, ""elapsed_seconds"": 0.38676180000038585}]}",results/5s/R108/ours-seed-0.json
pyvrp,R108,5.0,0,25,11478876,feasible,True,10,996254,996.254,0.0013389000014285557,5.001919499998621,4.991910300006566,0.0004989999943063594,5.0053269999916665,,747,5.00482799999736,0.0015695999973104335,65cae09f4099b7e70d2b723e0e3a30aa1494c75a367bb894a3fd13241ee639d4,4ccf2642f91c10e5ef78d549cf8ed0088696fccc6f0da27cfce273e5cd458c2d,,"{""version"": ""0.13.0a0"", ""algorithm"": ""local checkout IteratedLocalSearch"", ""time_limit_clock"": ""anchored before solve(), including initial solution and search setup"", ""seed_supported"": true, ""fixed_vehicle_cost"": 11478876, ""internal_feasible"": true, ""scalar_objective"": 115785014, ""internal_distance_ticks"": 996254, ""internal_vehicles"": 10}",results/5s/R108/pyvrp-seed-0.json
gurobi,R109,5.0,0,25,11478876,time_limit,True,18,2059011,2059.011,0.5892301999992924,5.019339200000104,5.019000053405762,0.0005698000022675842,5.6301668000014615,2.4580968000009307,,5.629596999999194,0.02102759999979753,4ef24030e8c48de5f85dcd90c5739186004fc8dec87533b6467013cf996f4777,4ccf2642f91c10e5ef78d549cf8ed0088696fccc6f0da27cfce273e5cd458c2d,,"{""backend"": ""gurobi"", ""gurobi_version"": [13, 0, 0], ""vehicle_weight"": 11478876, ""max_vehicles"": 25, ""distance_upper_bound"": 11478875, ""objective_upper_bound"": 298450775, ""cold_start"": true, ""threads"": 1, ""seed"": 0, ""seed_supported"": true, ""mip_gap_target"": 0.0, ""variable_count"": 6324, ""constraint_count"": 17874, ""arc_count"": 6024, ""gurobi_status_code"": 9, ""status"": ""time_limit"", ""incumbent_count"": 10, ""node_count"": 1.0, ""iteration_count"": 5804.0, ""objective_bound"": 872876.4203104376, ""objective_bound_continuous"": 872876.4203104376, ""objective"": 208678779.0, ""scalar_objective"": 208678779, ""raw_objective_minus_integral_route_objective"": 0.0, ""mip_gap"": 0.9958171289649417}",results/5s/R109/gurobi-seed-0.json
ortools,R109,5.0,0,25,11478876,found,True,13,1213330,1213.33,0.0022016000002622604,5.000588599999901,5.001,0.0005629000006592833,5.004672900002333,0.024264200001198333,,5.004110000001674,0.0013198000015108846,4ef24030e8c48de5f85dcd90c5739186004fc8dec87533b6467013cf996f4777,4ccf2642f91c10e5ef78d549cf8ed0088696fccc6f0da27cfce273e5cd458c2d,,"{""ortools_version"": ""9.15.6755"", ""requested_seed"": 0, ""cp_solver_reseed_applied"": true, ""seed_api"": ""pywrapcp.Solver.ReSeed"", ""seed_semantics"": ""Applied to the underlying CP Solver RNG; RoutingSearchParameters has no random_seed field. This does not claim control over every routing-search randomness source."", ""warm_start"": false, ""vehicle_limit"": 25, ""vehicle_fixed_cost"": 11478876, ""max_solution_distance_bound"": 11478875, ""objective_value"": 150438718, ""solver_assignment_objective"": 150438718, ""scalar_objective"": 150438718, ""objective_lower_bound"": 92349355, ""objective_gap_to_lower_bound"": 58089363, ""lower_bound_components"": {""vehicles"": 8, ""distance_ticks"": 518347, ""distance_bound_method"": ""sum of each customer's minimum incoming arc""}, ""routing_status_code"": 1, ""routing_status"": ""ROUTING_SUCCESS"", ""optimality_proven"": false, ""first_solution_strategy"": ""PARALLEL_CHEAPEST_INSERTION"", ""local_search_metaheuristic"": ""GUIDED_LOCAL_SEARCH"", ""search_workers"": 1, ""search_worker_setting"": ""Routing CP exposes no worker-count parameter; one CP search was run."", ""search_time_limit_seconds"": 5.0, ""time_limit_scope"": ""SolveWithParameters call only; model preparation is separate"", ""first_feasible_seconds"": 0.024264200001198333, ""distance_ticks"": 1213330}",results/5s/R109/ortools-seed-0.json
ours,R109,5.0,0,25,11478876,feasible,True,13,1235058,1235.058,5.919999966863543e-05,5.000831499994092,5.0007668000034755,0.0004922000007354654,5.00218699999823,0.09538869999960298,108,5.001694799997495,0.0008041000037337653,4ef24030e8c48de5f85dcd90c5739186004fc8dec87533b6467013cf996f4777,4ccf2642f91c10e5ef78d549cf8ed0088696fccc6f0da27cfce273e5cd458c2d,,"{""config"": {""seed"": 0, ""max_iterations"": null, ""time_limit_seconds"": 5.0, ""fleet_attempts_per_k"": 100, ""fleet_time_fraction"": 0.75, ""fleet_strategy"": ""hybrid"", ""fleet_repair_rounds"": 5, ""fleet_related_count"": 8, ""max_moves"": null, ""construction_order"": ""due"", ""repair_order"": ""due"", ""repair_strategy"": ""cheapest"", ""search_strategy"": ""first"", ""operators"": [""relocate"", ""swap"", ""two_opt"", ""two_opt_star""], ""remove_min"": 3, ""remove_max"": 8, ""restart_after"": 20, ""diagnostics"": false, ""evaluation_mode"": ""incremental"", ""search_backend"": ""native"", ""num_neighbours"": null, ""operator_schedule"": ""cyclic"", ""infeasible_search"": false, ""adaptive_penalties"": true, ""penalty_update_interval"": 10, ""penalty_target_feasible"": 0.5, ""penalty_max_moves"": 8}, ""backend"": ""native"", ""native"": {""api_version"": 1, ""build_info"": ""compiler=MSVC 195035722; cxx_standard=17; api_version=1"", ""binary"": ""_native.cp312-win_amd64.pyd"", ""binary_sha256"": ""604462f386c003e397cd55934c67735731d9683e762902ff4d23fad1f410c0bb""}, ""stop_reason"": ""time_limit"", ""initial_distance_ticks"": 2134608, ""fleet"": {""lower_bound"": 8, ""stop_reason"": ""target_not_found"", ""targets"": [{""target"": 18, ""trials"": 1, ""repair_rounds"": 1, ""elapsed_seconds"": 0.01198570000269683, ""first_feasible_seconds"": 0.01198570000269683, ""status"": ""found""}, {""target"": 17, ""trials"": 1, ""repair_rounds"": 1, ""elapsed_seconds"": 0.011911900000995956, ""first_feasible_seconds"": 0.011911900000995956, ""status"": ""found""}, {""target"": 16, ""trials"": 1, ""repair_rounds"": 1, ""elapsed_seconds"": 0.01117349999549333, ""first_feasible_seconds"": 0.01117349999549333, ""status"": ""found""}, {""target"": 15, ""trials"": 2, ""repair_rounds"": 4, ""elapsed_seconds"": 0.014073899998038542, ""first_feasible_seconds"": 0.014073899998038542, ""status"": ""found""}, {""target"": 14, ""trials"": 2, ""repair_rounds"": 4, ""elapsed_seconds"": 0.01260069999989355, ""first_feasible_seconds"": 0.01260069999989355, ""status"": ""found""}, {""target"": 13, ""trials"": 6, ""repair_rounds"": 17, ""elapsed_seconds"": 0.06549789999553468, ""first_feasible_seconds"": 0.06549789999553468, ""status"": ""found""}, {""target"": 12, ""trials"": 100, ""repair_rounds"": 300, ""elapsed_seconds"": 1.218039300001692, ""first_feasible_seconds"": null, ""status"": ""not_found""}]}, ""milestones"": [{""vehicles"": 18, ""distance"": 1598923, ""elapsed_seconds"": 0.1079706000018632}, {""vehicles"": 17, ""distance"": 1563711, ""elapsed_seconds"": 0.12018170000374084}, {""vehicles"": 16, ""distance"": 1621706, ""elapsed_seconds"": 0.13164680000045337}, {""vehicles"": 15, ""distance"": 1580866, ""elapsed_seconds"": 0.14601160000165692}, {""vehicles"": 14, ""distance"": 1585708, ""elapsed_seconds"": 0.15889830000378424}, {""vehicles"": 13, ""distance"": 1527854, ""elapsed_seconds"": 0.22467030000552768}]}",results/5s/R109/ours-seed-0.json
pyvrp,R109,5.0,0,25,11478876,feasible,True,14,1235038,1235.038,0.0013367999999900348,5.000394900001993,4.990329899999779,0.0005460999964270741,5.0038841999921715,,715,5.003338099995744,0.0016063999937614426,4ef24030e8c48de5f85dcd90c5739186004fc8dec87533b6467013cf996f4777,4ccf2642f91c10e5ef78d549cf8ed0088696fccc6f0da27cfce273e5cd458c2d,,"{""version"": ""0.13.0a0"", ""algorithm"": ""local checkout IteratedLocalSearch"", ""time_limit_clock"": ""anchored before solve(), including initial solution and search setup"", ""seed_supported"": true, ""fixed_vehicle_cost"": 11478876, ""internal_feasible"": true, ""scalar_objective"": 161939302, ""internal_distance_ticks"": 1235038, ""internal_vehicles"": 14}",results/5s/R109/pyvrp-seed-0.json
gurobi,R110,5.0,0,25,11478876,time_limit,True,17,1392763,1392.763,0.7910454000011669,5.002956999996968,5.003000020980835,0.0005416999993030913,5.818842900000163,1.4259281999984523,,5.81830120000086,0.02429880000272533,14cb53cb99af61d3d708f07564b9a72d146e7c26b4f10507cfaf3bc828f34bfa,4ccf2642f91c10e5ef78d549cf8ed0088696fccc6f0da27cfce273e5cd458c2d,,"{""backend"": ""gurobi"", ""gurobi_version"": [13, 0, 0], ""vehicle_weight"": 11478876, ""max_vehicles"": 25, ""distance_upper_bound"": 11478875, ""objective_upper_bound"": 298450775, ""cold_start"": true, ""threads"": 1, ""seed"": 0, ""seed_supported"": true, ""mip_gap_target"": 0.0, ""variable_count"": 8260, ""constraint_count"": 23682, ""arc_count"": 7960, ""gurobi_status_code"": 9, ""status"": ""time_limit"", ""incumbent_count"": 10, ""node_count"": 1.0, ""iteration_count"": 3238.0, ""objective_bound"": 680786.5691076483, ""objective_bound_continuous"": 680786.5691076483, ""objective"": 196533655.0, ""scalar_objective"": 196533655, ""raw_objective_minus_integral_route_objective"": 0.0, ""mip_gap"": 0.9965360305892258}",results/5s/R110/gurobi-seed-0.json
ortools,R110,5.0,0,25,11478876,found,True,12,1142539,1142.539,0.003067199999350123,5.000420900003519,5.0,0.0007150000019464642,5.005907400001888,0.025454100003116764,,5.005192399999942,0.0017042999970726669,14cb53cb99af61d3d708f07564b9a72d146e7c26b4f10507cfaf3bc828f34bfa,4ccf2642f91c10e5ef78d549cf8ed0088696fccc6f0da27cfce273e5cd458c2d,,"{""ortools_version"": ""9.15.6755"", ""requested_seed"": 0, ""cp_solver_reseed_applied"": true, ""seed_api"": ""pywrapcp.Solver.ReSeed"", ""seed_semantics"": ""Applied to the underlying CP Solver RNG; RoutingSearchParameters has no random_seed field. This does not claim control over every routing-search randomness source."", ""warm_start"": false, ""vehicle_limit"": 25, ""vehicle_fixed_cost"": 11478876, ""max_solution_distance_bound"": 11478875, ""objective_value"": 138889051, ""solver_assignment_objective"": 138889051, ""scalar_objective"": 138889051, ""objective_lower_bound"": 92349355, ""objective_gap_to_lower_bound"": 46539696, ""lower_bound_components"": {""vehicles"": 8, ""distance_ticks"": 518347, ""distance_bound_method"": ""sum of each customer's minimum incoming arc""}, ""routing_status_code"": 1, ""routing_status"": ""ROUTING_SUCCESS"", ""optimality_proven"": false, ""first_solution_strategy"": ""PARALLEL_CHEAPEST_INSERTION"", ""local_search_metaheuristic"": ""GUIDED_LOCAL_SEARCH"", ""search_workers"": 1, ""search_worker_setting"": ""Routing CP exposes no worker-count parameter; one CP search was run."", ""search_time_limit_seconds"": 5.0, ""time_limit_scope"": ""SolveWithParameters call only; model preparation is separate"", ""first_feasible_seconds"": 0.025454100003116764, ""distance_ticks"": 1142539}",results/5s/R110/ortools-seed-0.json
ours,R110,5.0,0,25,11478876,feasible,True,12,1160248,1160.248,5.5000004067551345e-05,5.0004495999965,5.000394499998947,0.0005039000025135465,5.001745600005961,0.09797110000363318,61,5.0012417000034475,0.0007371000028797425,14cb53cb99af61d3d708f07564b9a72d146e7c26b4f10507cfaf3bc828f34bfa,4ccf2642f91c10e5ef78d549cf8ed0088696fccc6f0da27cfce273e5cd458c2d,,"{""config"": {""seed"": 0, ""max_iterations"": null, ""time_limit_seconds"": 5.0, ""fleet_attempts_per_k"": 100, ""fleet_time_fraction"": 0.75, ""fleet_strategy"": ""hybrid"", ""fleet_repair_rounds"": 5, ""fleet_related_count"": 8, ""max_moves"": null, ""construction_order"": ""due"", ""repair_order"": ""due"", ""repair_strategy"": ""cheapest"", ""search_strategy"": ""first"", ""operators"": [""relocate"", ""swap"", ""two_opt"", ""two_opt_star""], ""remove_min"": 3, ""remove_max"": 8, ""restart_after"": 20, ""diagnostics"": false, ""evaluation_mode"": ""incremental"", ""search_backend"": ""native"", ""num_neighbours"": null, ""operator_schedule"": ""cyclic"", ""infeasible_search"": false, ""adaptive_penalties"": true, ""penalty_update_interval"": 10, ""penalty_target_feasible"": 0.5, ""penalty_max_moves"": 8}, ""backend"": ""native"", ""native"": {""api_version"": 1, ""build_info"": ""compiler=MSVC 195035722; cxx_standard=17; api_version=1"", ""binary"": ""_native.cp312-win_amd64.pyd"", ""binary_sha256"": ""604462f386c003e397cd55934c67735731d9683e762902ff4d23fad1f410c0bb""}, ""stop_reason"": ""time_limit"", ""initial_distance_ticks"": 2055346, ""fleet"": {""lower_bound"": 8, ""stop_reason"": ""target_not_found"", ""targets"": [{""target"": 14, ""trials"": 1, ""repair_rounds"": 1, ""elapsed_seconds"": 0.011595399999350775, ""first_feasible_seconds"": 0.011595399999350775, ""status"": ""found""}, {""target"": 13, ""trials"": 2, ""repair_rounds"": 2, ""elapsed_seconds"": 0.00842170000396436, ""first_feasible_seconds"": 0.00842170000396436, ""status"": ""found""}, {""target"": 12, ""trials"": 91, ""repair_rounds"": 271, ""elapsed_seconds"": 1.3513437999936286, ""first_feasible_seconds"": 1.3513437999936286, ""status"": ""found""}, {""target"": 11, ""trials"": 100, ""repair_rounds"": 300, ""elapsed_seconds"": 1.2869472000020323, ""first_feasible_seconds"": null, ""status"": ""not_found""}]}, ""milestones"": [{""vehicles"": 14, ""distance"": 1574826, ""elapsed_seconds"": 0.11013609999645269}, {""vehicles"": 13, ""distance"": 1598038, ""elapsed_seconds"": 0.11884250000002794}, {""vehicles"": 12, ""distance"": 1558169, ""elapsed_seconds"": 1.4704724999974133}]}",results/5s/R110/ours-seed-0.json
pyvrp,R110,5.0,0,25,11478876,feasible,True,14,1201092,1201.092,0.001141300002927892,5.006099699996412,4.996748599995044,0.0005210000017541461,5.009365099998831,,812,5.008844099997077,0.001603099997737445,14cb53cb99af61d3d708f07564b9a72d146e7c26b4f10507cfaf3bc828f34bfa,4ccf2642f91c10e5ef78d549cf8ed0088696fccc6f0da27cfce273e5cd458c2d,,"{""version"": ""0.13.0a0"", ""algorithm"": ""local checkout IteratedLocalSearch"", ""time_limit_clock"": ""anchored before solve(), including initial solution and search setup"", ""seed_supported"": true, ""fixed_vehicle_cost"": 11478876, ""internal_feasible"": true, ""scalar_objective"": 161905356, ""internal_distance_ticks"": 1201092, ""internal_vehicles"": 14}",results/5s/R110/pyvrp-seed-0.json
gurobi,R111,5.0,0,25,11478876,time_limit,True,19,2420212,2420.212,0.7924649999986286,5.005290099994454,5.00600004196167,0.0009486000053584576,5.8325639000031515,2.0343594000005396,,5.831615299997793,0.03386020000471035,3d94a73b1f2fe8aae4618b9d9ea254cff2e3924a6a841aa390096ec6c60f258d,4ccf2642f91c10e5ef78d549cf8ed0088696fccc6f0da27cfce273e5cd458c2d,,"{""backend"": ""gurobi"", ""gurobi_version"": [13, 0, 0], ""vehicle_weight"": 11478876, ""max_vehicles"": 25, ""distance_upper_bound"": 11478875, ""objective_upper_bound"": 298450775, ""cold_start"": true, ""threads"": 1, ""seed"": 0, ""seed_supported"": true, ""mip_gap_target"": 0.0, ""variable_count"": 8254, ""constraint_count"": 23664, ""arc_count"": 7954, ""gurobi_status_code"": 9, ""status"": ""time_limit"", ""incumbent_count"": 10, ""node_count"": 1.0, ""iteration_count"": 3222.0, ""objective_bound"": 687965.8991259317, ""objective_bound_continuous"": 687965.8991259317, ""objective"": 220518856.0, ""scalar_objective"": 220518856, ""raw_objective_minus_integral_route_objective"": 0.0, ""mip_gap"": 0.9968802400320546}",results/5s/R111/gurobi-seed-0.json
ortools,R111,5.0,0,25,11478876,found,True,12,1139811,1139.811,0.0032613000003038906,5.000333299998601,5.001,0.0005005999992135912,5.005278999997245,0.025556499997037463,,5.004778399998031,0.0011837999991257675,3d94a73b1f2fe8aae4618b9d9ea254cff2e3924a6a841aa390096ec6c60f258d,4ccf2642f91c10e5ef78d549cf8ed0088696fccc6f0da27cfce273e5cd458c2d,,"{""ortools_version"": ""9.15.6755"", ""requested_seed"": 0, ""cp_solver_reseed_applied"": true, ""seed_api"": ""pywrapcp.Solver.ReSeed"", ""seed_semantics"": ""Applied to the underlying CP Solver RNG; RoutingSearchParameters has no random_seed field. This does not claim control over every routing-search randomness source."", ""warm_start"": false, ""vehicle_limit"": 25, ""vehicle_fixed_cost"": 11478876, ""max_solution_distance_bound"": 11478875, ""objective_value"": 138886323, ""solver_assignment_objective"": 138886323, ""scalar_objective"": 138886323, ""objective_lower_bound"": 92349355, ""objective_gap_to_lower_bound"": 46536968, ""lower_bound_components"": {""vehicles"": 8, ""distance_ticks"": 518347, ""distance_bound_method"": ""sum of each customer's minimum incoming arc""}, ""routing_status_code"": 1, ""routing_status"": ""ROUTING_SUCCESS"", ""optimality_proven"": false, ""first_solution_strategy"": ""PARALLEL_CHEAPEST_INSERTION"", ""local_search_metaheuristic"": ""GUIDED_LOCAL_SEARCH"", ""search_workers"": 1, ""search_worker_setting"": ""Routing CP exposes no worker-count parameter; one CP search was run."", ""search_time_limit_seconds"": 5.0, ""time_limit_scope"": ""SolveWithParameters call only; model preparation is separate"", ""first_feasible_seconds"": 0.025556499997037463, ""distance_ticks"": 1139811}",results/5s/R111/ortools-seed-0.json
ours,R111,5.0,0,25,11478876,feasible,True,12,1141190,1141.19,8.299999899463728e-05,5.000818000000436,5.000745400000596,0.0005368999991333112,5.002172199994675,0.12334589999954915,106,5.001635299995542,0.0007342999961110763,3d94a73b1f2fe8aae4618b9d9ea254cff2e3924a6a841aa390096ec6c60f258d,4ccf2642f91c10e5ef78d549cf8ed0088696fccc6f0da27cfce273e5cd458c2d,,"{""config"": {""seed"": 0, ""max_iterations"": null, ""time_limit_seconds"": 5.0, ""fleet_attempts_per_k"": 100, ""fleet_time_fraction"": 0.75, ""fleet_strategy"": ""hybrid"", ""fleet_repair_rounds"": 5, ""fleet_related_count"": 8, ""max_moves"": null, ""construction_order"": ""due"", ""repair_order"": ""due"", ""repair_strategy"": ""cheapest"", ""search_strategy"": ""first"", ""operators"": [""relocate"", ""swap"", ""two_opt"", ""two_opt_star""], ""remove_min"": 3, ""remove_max"": 8, ""restart_after"": 20, ""diagnostics"": false, ""evaluation_mode"": ""incremental"", ""search_backend"": ""native"", ""num_neighbours"": null, ""operator_schedule"": ""cyclic"", ""infeasible_search"": false, ""adaptive_penalties"": true, ""penalty_update_interval"": 10, ""penalty_target_feasible"": 0.5, ""penalty_max_moves"": 8}, ""backend"": ""native"", ""native"": {""api_version"": 1, ""build_info"": ""compiler=MSVC 195035722; cxx_standard=17; api_version=1"", ""binary"": ""_native.cp312-win_amd64.pyd"", ""binary_sha256"": ""604462f386c003e397cd55934c67735731d9683e762902ff4d23fad1f410c0bb""}, ""stop_reason"": ""time_limit"", ""initial_distance_ticks"": 1675090, ""fleet"": {""lower_bound"": 8, ""stop_reason"": ""target_not_found"", ""targets"": [{""target"": 12, ""trials"": 1, ""repair_rounds"": 1, ""elapsed_seconds"": 0.010827999998582527, ""first_feasible_seconds"": 0.010827999998582527, ""status"": ""found""}, {""target"": 11, ""trials"": 100, ""repair_rounds"": 300, ""elapsed_seconds"": 1.2883253999971203, ""first_feasible_seconds"": null, ""status"": ""not_found""}]}, ""milestones"": [{""vehicles"": 12, ""distance"": 1406336, ""elapsed_seconds"": 0.1346724999966682}]}",results/5s/R111/ours-seed-0.json
pyvrp,R111,5.0,0,25,11478876,feasible,True,12,1160963,1160.963,0.0010301000002073124,5.0026141999987885,4.993322700000135,0.0005146999974385835,5.0056460999985575,,754,5.005131400001119,0.001487100002123043,3d94a73b1f2fe8aae4618b9d9ea254cff2e3924a6a841aa390096ec6c60f258d,4ccf2642f91c10e5ef78d549cf8ed0088696fccc6f0da27cfce273e5cd458c2d,,"{""version"": ""0.13.0a0"", ""algorithm"": ""local checkout IteratedLocalSearch"", ""time_limit_clock"": ""anchored before solve(), including initial solution and search setup"", ""seed_supported"": true, ""fixed_vehicle_cost"": 11478876, ""internal_feasible"": true, ""scalar_objective"": 138907475, ""internal_distance_ticks"": 1160963, ""internal_vehicles"": 12}",results/5s/R111/pyvrp-seed-0.json
gurobi,R112,5.0,0,25,11478876,time_limit,True,14,1314338,1314.338,0.9630293999944115,5.006982500002778,5.006999969482422,0.0007145000054151751,6.000637600001937,1.8578132999973604,,5.999923099996522,0.029911199999332894,a0e93149d59d30c356619891d192e86d0f16c3158e1dac3bd9f23c6deb718271,4ccf2642f91c10e5ef78d549cf8ed0088696fccc6f0da27cfce273e5cd458c2d,,"{""backend"": ""gurobi"", ""gurobi_version"": [13, 0, 0], ""vehicle_weight"": 11478876, ""max_vehicles"": 25, ""distance_upper_bound"": 11478875, ""objective_upper_bound"": 298450775, ""cold_start"": true, ""threads"": 1, ""seed"": 0, ""seed_supported"": true, ""mip_gap_target"": 0.0, ""variable_count"": 10311, ""constraint_count"": 29835, ""arc_count"": 10011, ""gurobi_status_code"": 9, ""status"": ""time_limit"", ""incumbent_count"": 10, ""node_count"": 1.0, ""iteration_count"": 1309.0, ""objective_bound"": 617296.0199797028, ""objective_bound_continuous"": 617296.0199797028, ""objective"": 162018602.0, ""scalar_objective"": 162018602, ""raw_objective_minus_integral_route_objective"": 0.0, ""mip_gap"": 0.9961899682359948}",results/5s/R112/gurobi-seed-0.json
ortools,R112,5.0,0,25,11478876,found,True,10,1017763,1017.763,0.002562699999543838,5.0012666000038735,5.001,0.0004897999970125966,5.006275399995502,0.0238415999992867,,5.0057855999984895,0.001956299995072186,a0e93149d59d30c356619891d192e86d0f16c3158e1dac3bd9f23c6deb718271,4ccf2642f91c10e5ef78d549cf8ed0088696fccc6f0da27cfce273e5cd458c2d,,"{""ortools_version"": ""9.15.6755"", ""requested_seed"": 0, ""cp_solver_reseed_applied"": true, ""seed_api"": ""pywrapcp.Solver.ReSeed"", ""seed_semantics"": ""Applied to the underlying CP Solver RNG; RoutingSearchParameters has no random_seed field. This does not claim control over every routing-search randomness source."", ""warm_start"": false, ""vehicle_limit"": 25, ""vehicle_fixed_cost"": 11478876, ""max_solution_distance_bound"": 11478875, ""objective_value"": 115806523, ""solver_assignment_objective"": 115806523, ""scalar_objective"": 115806523, ""objective_lower_bound"": 92349355, ""objective_gap_to_lower_bound"": 23457168, ""lower_bound_components"": {""vehicles"": 8, ""distance_ticks"": 518347, ""distance_bound_method"": ""sum of each customer's minimum incoming arc""}, ""routing_status_code"": 1, ""routing_status"": ""ROUTING_SUCCESS"", ""optimality_proven"": false, ""first_solution_strategy"": ""PARALLEL_CHEAPEST_INSERTION"", ""local_search_metaheuristic"": ""GUIDED_LOCAL_SEARCH"", ""search_workers"": 1, ""search_worker_setting"": ""Routing CP exposes no worker-count parameter; one CP search was run."", ""search_time_limit_seconds"": 5.0, ""time_limit_scope"": ""SolveWithParameters call only; model preparation is separate"", ""first_feasible_seconds"": 0.0238415999992867, ""distance_ticks"": 1017763}",results/5s/R112/ortools-seed-0.json
ours,R112,5.0,0,25,11478876,feasible,True,11,993495,993.495,5.5999997130129486e-05,5.000831500001368,5.000776300003054,0.0004991000023437664,5.002080200007185,0.09711729999980889,77,5.001581100004842,0.0006936000063433312,a0e93149d59d30c356619891d192e86d0f16c3158e1dac3bd9f23c6deb718271,4ccf2642f91c10e5ef78d549cf8ed0088696fccc6f0da27cfce273e5cd458c2d,,"{""config"": {""seed"": 0, ""max_iterations"": null, ""time_limit_seconds"": 5.0, ""fleet_attempts_per_k"": 100, ""fleet_time_fraction"": 0.75, ""fleet_strategy"": ""hybrid"", ""fleet_repair_rounds"": 5, ""fleet_related_count"": 8, ""max_moves"": null, ""construction_order"": ""due"", ""repair_order"": ""due"", ""repair_strategy"": ""cheapest"", ""search_strategy"": ""first"", ""operators"": [""relocate"", ""swap"", ""two_opt"", ""two_opt_star""], ""remove_min"": 3, ""remove_max"": 8, ""restart_after"": 20, ""diagnostics"": false, ""evaluation_mode"": ""incremental"", ""search_backend"": ""native"", ""num_neighbours"": null, ""operator_schedule"": ""cyclic"", ""infeasible_search"": false, ""adaptive_penalties"": true, ""penalty_update_interval"": 10, ""penalty_target_feasible"": 0.5, ""penalty_max_moves"": 8}, ""backend"": ""native"", ""native"": {""api_version"": 1, ""build_info"": ""compiler=MSVC 195035722; cxx_standard=17; api_version=1"", ""binary"": ""_native.cp312-win_amd64.pyd"", ""binary_sha256"": ""604462f386c003e397cd55934c67735731d9683e762902ff4d23fad1f410c0bb""}, ""stop_reason"": ""time_limit"", ""initial_distance_ticks"": 2198359, ""fleet"": {""lower_bound"": 8, ""stop_reason"": ""target_not_found"", ""targets"": [{""target"": 14, ""trials"": 1, ""repair_rounds"": 1, ""elapsed_seconds"": 0.010894400002143811, ""first_feasible_seconds"": 0.010894400002143811, ""status"": ""found""}, {""target"": 13, ""trials"": 1, ""repair_rounds"": 1, ""elapsed_seconds"": 0.010610900004394352, ""first_feasible_seconds"": 0.010610900004394352, ""status"": ""found""}, {""target"": 12, ""trials"": 2, ""repair_rounds"": 2, ""elapsed_seconds"": 0.010896100000536535, ""first_feasible_seconds"": 0.010896100000536535, ""status"": ""found""}, {""target"": 11, ""trials"": 48, ""repair_rounds"": 144, ""elapsed_seconds"": 0.6532253999976092, ""first_feasible_seconds"": 0.6532253999976092, ""status"": ""found""}, {""target"": 10, ""trials"": 100, ""repair_rounds"": 300, ""elapsed_seconds"": 1.3767702999975882, ""first_feasible_seconds"": null, ""status"": ""not_found""}]}, ""milestones"": [{""vehicles"": 14, ""distance"": 1526351, ""elapsed_seconds"": 0.10856820000481093}, {""vehicles"": 13, ""distance"": 1534215, ""elapsed_seconds"": 0.11945679999917047}, {""vehicles"": 12, ""distance"": 1561118, ""elapsed_seconds"": 0.13062860000354704}, {""vehicles"": 11, ""distance"": 1359760, ""elapsed_seconds"": 0.7841354999982286}]}",results/5s/R112/ours-seed-0.json
pyvrp,R112,5.0,0,25,11478876,feasible,True,11,1075358,1075.358,0.001108899996324908,5.007436100000632,4.9982866999998805,0.0005377999987103976,5.010685799999919,,800,5.010148000001209,0.0016030000042519532,a0e93149d59d30c356619891d192e86d0f16c3158e1dac3bd9f23c6deb718271,4ccf2642f91c10e5ef78d549cf8ed0088696fccc6f0da27cfce273e5cd458c2d,,"{""version"": ""0.13.0a0"", ""algorithm"": ""local checkout IteratedLocalSearch"", ""time_limit_clock"": ""anchored before solve(), including initial solution and search setup"", ""seed_supported"": true, ""fixed_vehicle_cost"": 11478876, ""internal_feasible"": true, ""scalar_objective"": 127342994, ""internal_distance_ticks"": 1075358, ""internal_vehicles"": 11}",results/5s/R112/pyvrp-seed-0.json
gurobi,R201,5.0,0,25,11478876,time_limit,True,7,1621349,1621.349,0.559984200001054,5.006225000004633,5.00600004196167,0.0007793000040692277,5.585795400002098,0.7553046000030008,,5.585016099998029,0.01880689999234164,0be960ec998fff2cab0bdbcc5194c617e5ca0a79c82c5b32b1d4bd98b2cae210,4ccf2642f91c10e5ef78d549cf8ed0088696fccc6f0da27cfce273e5cd458c2d,,"{""backend"": ""gurobi"", ""gurobi_version"": [13, 0, 0], ""vehicle_weight"": 11478876, ""max_vehicles"": 25, ""distance_upper_bound"": 11478875, ""objective_upper_bound"": 298450775, ""cold_start"": true, ""threads"": 1, ""seed"": 0, ""seed_supported"": true, ""mip_gap_target"": 0.0, ""variable_count"": 6217, ""constraint_count"": 17553, ""arc_count"": 5917, ""gurobi_status_code"": 9, ""status"": ""time_limit"", ""incumbent_count"": 10, ""node_count"": 1.0, ""iteration_count"": 5921.0, ""objective_bound"": 12738997.65795149, ""objective_bound_continuous"": 12738997.65795149, ""objective"": 81973481.0, ""scalar_objective"": 81973481, ""raw_objective_minus_integral_route_objective"": 0.0, ""mip_gap"": 0.844596112028578}",results/5s/R201/gurobi-seed-0.json
ortools,R201,5.0,0,25,11478876,found,True,4,1299670,1299.67,0.003143499998259358,5.00015120000171,5.0,0.0005549999987124465,5.005002099998819,0.02846290000161389,,5.004447100000107,0.001152400000137277,0be960ec998fff2cab0bdbcc5194c617e5ca0a79c82c5b32b1d4bd98b2cae210,4ccf2642f91c10e5ef78d549cf8ed0088696fccc6f0da27cfce273e5cd458c2d,,"{""ortools_version"": ""9.15.6755"", ""requested_seed"": 0, ""cp_solver_reseed_applied"": true, ""seed_api"": ""pywrapcp.Solver.ReSeed"", ""seed_semantics"": ""Applied to the underlying CP Solver RNG; RoutingSearchParameters has no random_seed field. This does not claim control over every routing-search randomness source."", ""warm_start"": false, ""vehicle_limit"": 25, ""vehicle_fixed_cost"": 11478876, ""max_solution_distance_bound"": 11478875, ""objective_value"": 47215174, ""solver_assignment_objective"": 47215174, ""scalar_objective"": 47215174, ""objective_lower_bound"": 23476099, ""objective_gap_to_lower_bound"": 23739075, ""lower_bound_components"": {""vehicles"": 2, ""distance_ticks"": 518347, ""distance_bound_method"": ""sum of each customer's minimum incoming arc""}, ""routing_status_code"": 1, ""routing_status"": ""ROUTING_SUCCESS"", ""optimality_proven"": false, ""first_solution_strategy"": ""PARALLEL_CHEAPEST_INSERTION"", ""local_search_metaheuristic"": ""GUIDED_LOCAL_SEARCH"", ""search_workers"": 1, ""search_worker_setting"": ""Routing CP exposes no worker-count parameter; one CP search was run."", ""search_time_limit_seconds"": 5.0, ""time_limit_scope"": ""SolveWithParameters call only; model preparation is separate"", ""first_feasible_seconds"": 0.02846290000161389, ""distance_ticks"": 1299670}",results/5s/R201/ortools-seed-0.json
ours,R201,5.0,0,25,11478876,feasible,True,4,1349321,1349.321,5.400000372901559e-05,5.000490099999297,5.000418499999796,0.0004878000036114827,5.001811500005715,0.21373049999965588,33,5.001323700002104,0.0007795999990776181,0be960ec998fff2cab0bdbcc5194c617e5ca0a79c82c5b32b1d4bd98b2cae210,4ccf2642f91c10e5ef78d549cf8ed0088696fccc6f0da27cfce273e5cd458c2d,,"{""config"": {""seed"": 0, ""max_iterations"": null, ""time_limit_seconds"": 5.0, ""fleet_attempts_per_k"": 100, ""fleet_time_fraction"": 0.75, ""fleet_strategy"": ""hybrid"", ""fleet_repair_rounds"": 5, ""fleet_related_count"": 8, ""max_moves"": null, ""construction_order"": ""due"", ""repair_order"": ""due"", ""repair_strategy"": ""cheapest"", ""search_strategy"": ""first"", ""operators"": [""relocate"", ""swap"", ""two_opt"", ""two_opt_star""], ""remove_min"": 3, ""remove_max"": 8, ""restart_after"": 20, ""diagnostics"": false, ""evaluation_mode"": ""incremental"", ""search_backend"": ""native"", ""num_neighbours"": null, ""operator_schedule"": ""cyclic"", ""infeasible_search"": false, ""adaptive_penalties"": true, ""penalty_update_interval"": 10, ""penalty_target_feasible"": 0.5, ""penalty_max_moves"": 8}, ""backend"": ""native"", ""native"": {""api_version"": 1, ""build_info"": ""compiler=MSVC 195035722; cxx_standard=17; api_version=1"", ""binary"": ""_native.cp312-win_amd64.pyd"", ""binary_sha256"": ""604462f386c003e397cd55934c67735731d9683e762902ff4d23fad1f410c0bb""}, ""stop_reason"": ""time_limit"", ""initial_distance_ticks"": 1726658, ""fleet"": {""lower_bound"": 2, ""stop_reason"": ""target_not_found"", ""targets"": [{""target"": 4, ""trials"": 4, ""repair_rounds"": 12, ""elapsed_seconds"": 0.06915270000172313, ""first_feasible_seconds"": 0.06915270000172313, ""status"": ""found""}, {""target"": 3, ""trials"": 100, ""repair_rounds"": 300, ""elapsed_seconds"": 2.863040700001875, ""first_feasible_seconds"": null, ""status"": ""not_found""}]}, ""milestones"": [{""vehicles"": 4, ""distance"": 1679869, ""elapsed_seconds"": 0.28335080000397284}]}",results/5s/R201/ours-seed-0.json
pyvrp,R201,5.0,0,25,11478876,feasible,True,6,1261177,1261.177,0.0011707999947248027,5.007263200001034,4.997712199998205,0.0004899000050500035,5.0103866000063135,,1560,5.0098967000012635,0.0014627000055043027,0be960ec998fff2cab0bdbcc5194c617e5ca0a79c82c5b32b1d4bd98b2cae210,4ccf2642f91c10e5ef78d549cf8ed0088696fccc6f0da27cfce273e5cd458c2d,,"{""version"": ""0.13.0a0"", ""algorithm"": ""local checkout IteratedLocalSearch"", ""time_limit_clock"": ""anchored before solve(), including initial solution and search setup"", ""seed_supported"": true, ""fixed_vehicle_cost"": 11478876, ""internal_feasible"": true, ""scalar_objective"": 70134433, ""internal_distance_ticks"": 1261177, ""internal_vehicles"": 6}",results/5s/R201/pyvrp-seed-0.json
gurobi,R202,5.0,0,25,11478876,time_limit,True,11,1419657,1419.657,0.779637300001923,5.009986899996875,5.009999990463257,0.0008526000019628555,5.819745500004501,1.0363359000039054,,5.818892900002538,0.029268700003740378,1f7761bb33e9dd0c94837b32c72280296ffc283dba997379c7ad75ce00dffc8d,4ccf2642f91c10e5ef78d549cf8ed0088696fccc6f0da27cfce273e5cd458c2d,,"{""backend"": ""gurobi"", ""gurobi_version"": [13, 0, 0], ""vehicle_weight"": 11478876, ""max_vehicles"": 25, ""distance_upper_bound"": 11478875, ""objective_upper_bound"": 298450775, ""cold_start"": true, ""threads"": 1, ""seed"": 0, ""seed_supported"": true, ""mip_gap_target"": 0.0, ""variable_count"": 8018, ""constraint_count"": 22956, ""arc_count"": 7718, ""gurobi_status_code"": 9, ""status"": ""time_limit"", ""incumbent_count"": 10, ""node_count"": 1.0, ""iteration_count"": 3048.0, ""objective_bound"": 832545.5431165295, ""objective_bound_continuous"": 832545.5431165295, ""objective"": 127687293.0, ""scalar_objective"": 127687293, ""raw_objective_minus_integral_route_objective"": 0.0, ""mip_gap"": 0.9934798089648864}",results/5s/R202/gurobi-seed-0.json
ortools,R202,5.0,0,25,11478876,found,True,4,1155290,1155.29,0.0034516000014264137,5.0012223000012455,5.001,0.0004334999975981191,5.007066799997119,0.0255883999998332,,5.006633299999521,0.0019593999968492426,1f7761bb33e9dd0c94837b32c72280296ffc283dba997379c7ad75ce00dffc8d,4ccf2642f91c10e5ef78d549cf8ed0088696fccc6f0da27cfce273e5cd458c2d,,"{""ortools_version"": ""9.15.6755"", ""requested_seed"": 0, ""cp_solver_reseed_applied"": true, ""seed_api"": ""pywrapcp.Solver.ReSeed"", ""seed_semantics"": ""Applied to the underlying CP Solver RNG; RoutingSearchParameters has no random_seed field. This does not claim control over every routing-search randomness source."", ""warm_start"": false, ""vehicle_limit"": 25, ""vehicle_fixed_cost"": 11478876, ""max_solution_distance_bound"": 11478875, ""objective_value"": 47070794, ""solver_assignment_objective"": 47070794, ""scalar_objective"": 47070794, ""objective_lower_bound"": 23476099, ""objective_gap_to_lower_bound"": 23594695, ""lower_bound_components"": {""vehicles"": 2, ""distance_ticks"": 518347, ""distance_bound_method"": ""sum of each customer's minimum incoming arc""}, ""routing_status_code"": 1, ""routing_status"": ""ROUTING_SUCCESS"", ""optimality_proven"": false, ""first_solution_strategy"": ""PARALLEL_CHEAPEST_INSERTION"", ""local_search_metaheuristic"": ""GUIDED_LOCAL_SEARCH"", ""search_workers"": 1, ""search_worker_setting"": ""Routing CP exposes no worker-count parameter; one CP search was run."", ""search_time_limit_seconds"": 5.0, ""time_limit_scope"": ""SolveWithParameters call only; model preparation is separate"", ""first_feasible_seconds"": 0.0255883999998332, ""distance_ticks"": 1155290}",results/5s/R202/ortools-seed-0.json
ours,R202,5.0,0,25,11478876,feasible,True,4,1277608,1277.608,5.389999569160864e-05,5.000730799998564,5.0006812999999966,0.0004888000039500184,5.001981800007343,0.23360590000083903,45,5.001493000003393,0.0007083000091370195,1f7761bb33e9dd0c94837b32c72280296ffc283dba997379c7ad75ce00dffc8d,4ccf2642f91c10e5ef78d549cf8ed0088696fccc6f0da27cfce273e5cd458c2d,,"{""config"": {""seed"": 0, ""max_iterations"": null, ""time_limit_seconds"": 5.0, ""fleet_attempts_per_k"": 100, ""fleet_time_fraction"": 0.75, ""fleet_strategy"": ""hybrid"", ""fleet_repair_rounds"": 5, ""fleet_related_count"": 8, ""max_moves"": null, ""construction_order"": ""due"", ""repair_order"": ""due"", ""repair_strategy"": ""cheapest"", ""search_strategy"": ""first"", ""operators"": [""relocate"", ""swap"", ""two_opt"", ""two_opt_star""], ""remove_min"": 3, ""remove_max"": 8, ""restart_after"": 20, ""diagnostics"": false, ""evaluation_mode"": ""incremental"", ""search_backend"": ""native"", ""num_neighbours"": null, ""operator_schedule"": ""cyclic"", ""infeasible_search"": false, ""adaptive_penalties"": true, ""penalty_update_interval"": 10, ""penalty_target_feasible"": 0.5, ""penalty_max_moves"": 8}, ""backend"": ""native"", ""native"": {""api_version"": 1, ""build_info"": ""compiler=MSVC 195035722; cxx_standard=17; api_version=1"", ""binary"": ""_native.cp312-win_amd64.pyd"", ""binary_sha256"": ""604462f386c003e397cd55934c67735731d9683e762902ff4d23fad1f410c0bb""}, ""stop_reason"": ""time_limit"", ""initial_distance_ticks"": 1622244, ""fleet"": {""lower_bound"": 2, ""stop_reason"": ""target_not_found"", ""targets"": [{""target"": 3, ""trials"": 100, ""repair_rounds"": 300, ""elapsed_seconds"": 2.3704572999995435, ""first_feasible_seconds"": null, ""status"": ""not_found""}]}, ""milestones"": []}",results/5s/R202/ours-seed-0.json
pyvrp,R202,5.0,0,25,11478876,feasible,True,6,1078523,1078.523,0.0011665999991237186,5.005513200005225,4.995380899999873,0.0007781000022077933,5.009133999999904,,503,5.008355899997696,0.0016760999933467247,1f7761bb33e9dd0c94837b32c72280296ffc283dba997379c7ad75ce00dffc8d,4ccf2642f91c10e5ef78d549cf8ed0088696fccc6f0da27cfce273e5cd458c2d,,"{""version"": ""0.13.0a0"", ""algorithm"": ""local checkout IteratedLocalSearch"", ""time_limit_clock"": ""anchored before solve(), including initial solution and search setup"", ""seed_supported"": true, ""fixed_vehicle_cost"": 11478876, ""internal_feasible"": true, ""scalar_objective"": 69951779, ""internal_distance_ticks"": 1078523, ""internal_vehicles"": 6}",results/5s/R202/pyvrp-seed-0.json
gurobi,R203,5.0,0,25,11478876,time_limit,True,10,1390711,1390.711,0.9040642000036314,5.007714599996689,5.006999969482422,0.0006184000012581237,5.940259400005743,1.2034015000026557,,5.939641000004485,0.02786220000416506,38c484db31bd7452a94d533e26a2348ef598df600b79d061d9ddc1c61466a731,4ccf2642f91c10e5ef78d549cf8ed0088696fccc6f0da27cfce273e5cd458c2d,,"{""backend"": ""gurobi"", ""gurobi_version"": [13, 0, 0], ""vehicle_weight"": 11478876, ""max_vehicles"": 25, ""distance_upper_bound"": 11478875, ""objective_upper_bound"": 298450775, ""cold_start"": true, ""threads"": 1, ""seed"": 0, ""seed_supported"": true, ""mip_gap_target"": 0.0, ""variable_count"": 9350, ""constraint_count"": 26952, ""arc_count"": 9050, ""gurobi_status_code"": 9, ""status"": ""time_limit"", ""incumbent_count"": 10, ""node_count"": 1.0, ""iteration_count"": 2402.0, ""objective_bound"": 676536.043400657, ""objective_bound_continuous"": 676536.043400657, ""objective"": 116179471.0, ""scalar_objective"": 116179471, ""raw_objective_minus_integral_route_objective"": 0.0, ""mip_gap"": 0.994176802170147}",results/5s/R203/gurobi-seed-0.json
ortools,R203,5.0,0,25,11478876,found,True,3,980959,980.959,0.003078299996559508,5.000691900000675,5.001,0.000491300001158379,5.006578299995454,0.02827439999964554,,5.006086999994295,0.0023167999970610254,38c484db31bd7452a94d533e26a2348ef598df600b79d061d9ddc1c61466a731,4ccf2642f91c10e5ef78d549cf8ed0088696fccc6f0da27cfce273e5cd458c2d,,"{""ortools_version"": ""9.15.6755"", ""requested_seed"": 0, ""cp_solver_reseed_applied"": true, ""seed_api"": ""pywrapcp.Solver.ReSeed"", ""seed_semantics"": ""Applied to the underlying CP Solver RNG; RoutingSearchParameters has no random_seed field. This does not claim control over every routing-search randomness source."", ""warm_start"": false, ""vehicle_limit"": 25, ""vehicle_fixed_cost"": 11478876, ""max_solution_distance_bound"": 11478875, ""objective_value"": 35417587, ""solver_assignment_objective"": 35417587, ""scalar_objective"": 35417587, ""objective_lower_bound"": 23476099, ""objective_gap_to_lower_bound"": 11941488, ""lower_bound_components"": {""vehicles"": 2, ""distance_ticks"": 518347, ""distance_bound_method"": ""sum of each customer's minimum incoming arc""}, ""routing_status_code"": 1, ""routing_status"": ""ROUTING_SUCCESS"", ""optimality_proven"": false, ""first_solution_strategy"": ""PARALLEL_CHEAPEST_INSERTION"", ""local_search_metaheuristic"": ""GUIDED_LOCAL_SEARCH"", ""search_workers"": 1, ""search_worker_setting"": ""Routing CP exposes no worker-count parameter; one CP search was run."", ""search_time_limit_seconds"": 5.0, ""time_limit_scope"": ""SolveWithParameters call only; model preparation is separate"", ""first_feasible_seconds"": 0.02827439999964554, ""distance_ticks"": 980959}",results/5s/R203/ortools-seed-0.json
ours,R203,5.0,0,25,11478876,feasible,True,3,1021325,1021.325,5.439999949885532e-05,5.000763299998653,5.000712399996701,0.0005732000063289888,5.002137700001185,0.24663399999553803,18,5.001564499994856,0.0007467999967047945,38c484db31bd7452a94d533e26a2348ef598df600b79d061d9ddc1c61466a731,4ccf2642f91c10e5ef78d549cf8ed0088696fccc6f0da27cfce273e5cd458c2d,,"{""config"": {""seed"": 0, ""max_iterations"": null, ""time_limit_seconds"": 5.0, ""fleet_attempts_per_k"": 100, ""fleet_time_fraction"": 0.75, ""fleet_strategy"": ""hybrid"", ""fleet_repair_rounds"": 5, ""fleet_related_count"": 8, ""max_moves"": null, ""construction_order"": ""due"", ""repair_order"": ""due"", ""repair_strategy"": ""cheapest"", ""search_strategy"": ""first"", ""operators"": [""relocate"", ""swap"", ""two_opt"", ""two_opt_star""], ""remove_min"": 3, ""remove_max"": 8, ""restart_after"": 20, ""diagnostics"": false, ""evaluation_mode"": ""incremental"", ""search_backend"": ""native"", ""num_neighbours"": null, ""operator_schedule"": ""cyclic"", ""infeasible_search"": false, ""adaptive_penalties"": true, ""penalty_update_interval"": 10, ""penalty_target_feasible"": 0.5, ""penalty_max_moves"": 8}, ""backend"": ""native"", ""native"": {""api_version"": 1, ""build_info"": ""compiler=MSVC 195035722; cxx_standard=17; api_version=1"", ""binary"": ""_native.cp312-win_amd64.pyd"", ""binary_sha256"": ""604462f386c003e397cd55934c67735731d9683e762902ff4d23fad1f410c0bb""}, ""stop_reason"": ""time_limit"", ""initial_distance_ticks"": 1300221, ""fleet"": {""lower_bound"": 2, ""stop_reason"": ""fleet_budget"", ""targets"": [{""target"": 2, ""trials"": 88, ""repair_rounds"": 264, ""elapsed_seconds"": 3.5647733000005246, ""first_feasible_seconds"": null, ""status"": ""time_limit""}]}, ""milestones"": []}",results/5s/R203/ours-seed-0.json
pyvrp,R203,5.0,0,25,11478876,feasible,True,4,958066,958.066,0.0010304999959771521,5.003017999995791,4.991283999996085,0.00040699999954085797,5.006894099999045,,524,5.006487099999504,0.0024386000077356584,38c484db31bd7452a94d533e26a2348ef598df600b79d061d9ddc1c61466a731,4ccf2642f91c10e5ef78d549cf8ed0088696fccc6f0da27cfce273e5cd458c2d,,"{""version"": ""0.13.0a0"", ""algorithm"": ""local checkout IteratedLocalSearch"", ""time_limit_clock"": ""anchored before solve(), including initial solution and search setup"", ""seed_supported"": true, ""fixed_vehicle_cost"": 11478876, ""internal_feasible"": true, ""scalar_objective"": 46873570, ""internal_distance_ticks"": 958066, ""internal_vehicles"": 4}",results/5s/R203/pyvrp-seed-0.json
gurobi,R204,5.0,0,25,11478876,time_limit,True,7,1081973,1081.973,0.9794506000034744,5.017890700000862,5.016999959945679,0.0006319000021903776,6.028423900002963,1.6699999999982538,,6.0277920000007725,0.030450699996436015,5349e37d8df99bcbee1efa2e970d2662b5265e5f82fc609343a6af0a60257abf,4ccf2642f91c10e5ef78d549cf8ed0088696fccc6f0da27cfce273e5cd458c2d,,"{""backend"": ""gurobi"", ""gurobi_version"": [13, 0, 0], ""vehicle_weight"": 11478876, ""max_vehicles"": 25, ""distance_upper_bound"": 11478875, ""objective_upper_bound"": 298450775, ""cold_start"": true, ""threads"": 1, ""seed"": 0, ""seed_supported"": true, ""mip_gap_target"": 0.0, ""variable_count"": 10145, ""constraint_count"": 29337, ""arc_count"": 9845, ""gurobi_status_code"": 9, ""status"": ""time_limit"", ""incumbent_count"": 10, ""node_count"": 1.0, ""iteration_count"": 1499.0, ""objective_bound"": 628918.8021099828, ""objective_bound_continuous"": 628918.8021099828, ""objective"": 81434105.0, ""scalar_objective"": 81434105, ""raw_objective_minus_integral_route_objective"": 0.0, ""mip_gap"": 0.9922769605915115}",results/5s/R204/gurobi-seed-0.json
ortools,R204,5.0,0,25,11478876,found,True,3,801105,801.105,0.003034900000784546,5.0010512999942875,5.001,0.0006232999949133955,5.005793999996968,0.02637299999332754,,5.005170700002054,0.0010845000069821253,5349e37d8df99bcbee1efa2e970d2662b5265e5f82fc609343a6af0a60257abf,4ccf2642f91c10e5ef78d549cf8ed0088696fccc6f0da27cfce273e5cd458c2d,,"{""ortools_version"": ""9.15.6755"", ""requested_seed"": 0, ""cp_solver_reseed_applied"": true, ""seed_api"": ""pywrapcp.Solver.ReSeed"", ""seed_semantics"": ""Applied to the underlying CP Solver RNG; RoutingSearchParameters has no random_seed field. This does not claim control over every routing-search randomness source."", ""warm_start"": false, ""vehicle_limit"": 25, ""vehicle_fixed_cost"": 11478876, ""max_solution_distance_bound"": 11478875, ""objective_value"": 35237733, ""solver_assignment_objective"": 35237733, ""scalar_objective"": 35237733, ""objective_lower_bound"": 23476099, ""objective_gap_to_lower_bound"": 11761634, ""lower_bound_components"": {""vehicles"": 2, ""distance_ticks"": 518347, ""distance_bound_method"": ""sum of each customer's minimum incoming arc""}, ""routing_status_code"": 1, ""routing_status"": ""ROUTING_SUCCESS"", ""optimality_proven"": false, ""first_solution_strategy"": ""PARALLEL_CHEAPEST_INSERTION"", ""local_search_metaheuristic"": ""GUIDED_LOCAL_SEARCH"", ""search_workers"": 1, ""search_worker_setting"": ""Routing CP exposes no worker-count parameter; one CP search was run."", ""search_time_limit_seconds"": 5.0, ""time_limit_scope"": ""SolveWithParameters call only; model preparation is separate"", ""first_feasible_seconds"": 0.02637299999332754, ""distance_ticks"": 801105}",results/5s/R204/ortools-seed-0.json
ours,R204,5.0,0,25,11478876,feasible,True,3,912861,912.861,5.1700000767596066e-05,5.00073859999975,5.000686700004735,0.0004934000025968999,5.001991500001168,0.3284144999997807,19,5.001498099998571,0.0007077999980538152,5349e37d8df99bcbee1efa2e970d2662b5265e5f82fc609343a6af0a60257abf,4ccf2642f91c10e5ef78d549cf8ed0088696fccc6f0da27cfce273e5cd458c2d,,"{""config"": {""seed"": 0, ""max_iterations"": null, ""time_limit_seconds"": 5.0, ""fleet_attempts_per_k"": 100, ""fleet_time_fraction"": 0.75, ""fleet_strategy"": ""hybrid"", ""fleet_repair_rounds"": 5, ""fleet_related_count"": 8, ""max_moves"": null, ""construction_order"": ""due"", ""repair_order"": ""due"", ""repair_strategy"": ""cheapest"", ""search_strategy"": ""first"", ""operators"": [""relocate"", ""swap"", ""two_opt"", ""two_opt_star""], ""remove_min"": 3, ""remove_max"": 8, ""restart_after"": 20, ""diagnostics"": false, ""evaluation_mode"": ""incremental"", ""search_backend"": ""native"", ""num_neighbours"": null, ""operator_schedule"": ""cyclic"", ""infeasible_search"": false, ""adaptive_penalties"": true, ""penalty_update_interval"": 10, ""penalty_target_feasible"": 0.5, ""penalty_max_moves"": 8}, ""backend"": ""native"", ""native"": {""api_version"": 1, ""build_info"": ""compiler=MSVC 195035722; cxx_standard=17; api_version=1"", ""binary"": ""_native.cp312-win_amd64.pyd"", ""binary_sha256"": ""604462f386c003e397cd55934c67735731d9683e762902ff4d23fad1f410c0bb""}, ""stop_reason"": ""time_limit"", ""initial_distance_ticks"": 1331038, ""fleet"": {""lower_bound"": 2, ""stop_reason"": ""fleet_budget"", ""targets"": [{""target"": 2, ""trials"": 80, ""repair_rounds"": 240, ""elapsed_seconds"": 3.5034346999964328, ""first_feasible_seconds"": null, ""status"": ""time_limit""}]}, ""milestones"": []}",results/5s/R204/ours-seed-0.json
pyvrp,R204,5.0,0,25,11478876,feasible,True,3,880278,880.278,0.0012552000043797307,5.01158569999825,5.001537999996799,0.0005125999960000627,5.014837199989415,,539,5.014324599993415,0.0014836999907856807,5349e37d8df99bcbee1efa2e970d2662b5265e5f82fc609343a6af0a60257abf,4ccf2642f91c10e5ef78d549cf8ed0088696fccc6f0da27cfce273e5cd458c2d,,"{""version"": ""0.13.0a0"", ""algorithm"": ""local checkout IteratedLocalSearch"", ""time_limit_clock"": ""anchored before solve(), including initial solution and search setup"", ""seed_supported"": true, ""fixed_vehicle_cost"": 11478876, ""internal_feasible"": true, ""scalar_objective"": 35316906, ""internal_distance_ticks"": 880278, ""internal_vehicles"": 3}",results/5s/R204/pyvrp-seed-0.json
gurobi,R205,5.0,0,25,11478876,time_limit,True,7,1275267,1275.267,0.7172484999973676,5.008592800004408,5.008000135421753,0.0005030000029364601,5.755010400003812,0.9268289000028744,,5.754507400000875,0.02866609999909997,1996bf8f10716fb8cfc1a585206a6a6e566f32347c1bb8f36c75ed6c887f77e3,4ccf2642f91c10e5ef78d549cf8ed0088696fccc6f0da27cfce273e5cd458c2d,,"{""backend"": ""gurobi"", ""gurobi_version"": [13, 0, 0], ""vehicle_weight"": 11478876, ""max_vehicles"": 25, ""distance_upper_bound"": 11478875, ""objective_upper_bound"": 298450775, ""cold_start"": true, ""threads"": 1, ""seed"": 0, ""seed_supported"": true, ""mip_gap_target"": 0.0, ""variable_count"": 7626, ""constraint_count"": 21780, ""arc_count"": 7326, ""gurobi_status_code"": 9, ""status"": ""time_limit"", ""incumbent_count"": 10, ""node_count"": 1.0, ""iteration_count"": 4455.0, ""objective_bound"": 863562.799942231, ""objective_bound_continuous"": 863562.799942231, ""objective"": 81627399.0, ""scalar_objective"": 81627399, ""raw_objective_minus_integral_route_objective"": 0.0, ""mip_gap"": 0.9894206747915338}",results/5s/R205/gurobi-seed-0.json
ortools,R205,5.0,0,25,11478876,found,True,3,1173134,1173.134,0.003577800001949072,5.0004564999981085,5.001,0.0005422999965958297,5.005734399994253,0.02601219999633031,,5.005192099997657,0.0011577999975997955,1996bf8f10716fb8cfc1a585206a6a6e566f32347c1bb8f36c75ed6c887f77e3,4ccf2642f91c10e5ef78d549cf8ed0088696fccc6f0da27cfce273e5cd458c2d,,"{""ortools_version"": ""9.15.6755"", ""requested_seed"": 0, ""cp_solver_reseed_applied"": true, ""seed_api"": ""pywrapcp.Solver.ReSeed"", ""seed_semantics"": ""Applied to the underlying CP Solver RNG; RoutingSearchParameters has no random_seed field. This does not claim control over every routing-search randomness source."", ""warm_start"": false, ""vehicle_limit"": 25, ""vehicle_fixed_cost"": 11478876, ""max_solution_distance_bound"": 11478875, ""objective_value"": 35609762, ""solver_assignment_objective"": 35609762, ""scalar_objective"": 35609762, ""objective_lower_bound"": 23476099, ""objective_gap_to_lower_bound"": 12133663, ""lower_bound_components"": {""vehicles"": 2, ""distance_ticks"": 518347, ""distance_bound_method"": ""sum of each customer's minimum incoming arc""}, ""routing_status_code"": 1, ""routing_status"": ""ROUTING_SUCCESS"", ""optimality_proven"": false, ""first_solution_strategy"": ""PARALLEL_CHEAPEST_INSERTION"", ""local_search_metaheuristic"": ""GUIDED_LOCAL_SEARCH"", ""search_workers"": 1, ""search_worker_setting"": ""Routing CP exposes no worker-count parameter; one CP search was run."", ""search_time_limit_seconds"": 5.0, ""time_limit_scope"": ""SolveWithParameters call only; model preparation is separate"", ""first_feasible_seconds"": 0.02601219999633031, ""distance_ticks"": 1173134}",results/5s/R205/ortools-seed-0.json
ours,R205,5.0,0,25,11478876,feasible,True,3,1091031,1091.031,5.480000254465267e-05,5.0005667000004905,5.000507600001583,0.0004887000031885691,5.001843799997005,0.25570190000144066,22,5.001355099993816,0.000733599990780931,1996bf8f10716fb8cfc1a585206a6a6e566f32347c1bb8f36c75ed6c887f77e3,4ccf2642f91c10e5ef78d549cf8ed0088696fccc6f0da27cfce273e5cd458c2d,,"{""config"": {""seed"": 0, ""max_iterations"": null, ""time_limit_seconds"": 5.0, ""fleet_attempts_per_k"": 100, ""fleet_time_fraction"": 0.75, ""fleet_strategy"": ""hybrid"", ""fleet_repair_rounds"": 5, ""fleet_related_count"": 8, ""max_moves"": null, ""construction_order"": ""due"", ""repair_order"": ""due"", ""repair_strategy"": ""cheapest"", ""search_strategy"": ""first"", ""operators"": [""relocate"", ""swap"", ""two_opt"", ""two_opt_star""], ""remove_min"": 3, ""remove_max"": 8, ""restart_after"": 20, ""diagnostics"": false, ""evaluation_mode"": ""incremental"", ""search_backend"": ""native"", ""num_neighbours"": null, ""operator_schedule"": ""cyclic"", ""infeasible_search"": false, ""adaptive_penalties"": true, ""penalty_update_interval"": 10, ""penalty_target_feasible"": 0.5, ""penalty_max_moves"": 8}, ""backend"": ""native"", ""native"": {""api_version"": 1, ""build_info"": ""compiler=MSVC 195035722; cxx_standard=17; api_version=1"", ""binary"": ""_native.cp312-win_amd64.pyd"", ""binary_sha256"": ""604462f386c003e397cd55934c67735731d9683e762902ff4d23fad1f410c0bb""}, ""stop_reason"": ""time_limit"", ""initial_distance_ticks"": 1700248, ""fleet"": {""lower_bound"": 2, ""stop_reason"": ""fleet_budget"", ""targets"": [{""target"": 3, ""trials"": 3, ""repair_rounds"": 7, ""elapsed_seconds"": 0.05490300000383286, ""first_feasible_seconds"": 0.05490300000383286, ""status"": ""found""}, {""target"": 2, ""trials"": 84, ""repair_rounds"": 248, ""elapsed_seconds"": 3.5028048000021954, ""first_feasible_seconds"": null, ""status"": ""time_limit""}]}, ""milestones"": [{""vehicles"": 3, ""distance"": 1303717, ""elapsed_seconds"": 0.311117799996282}]}",results/5s/R205/ours-seed-0.json
pyvrp,R205,5.0,0,25,11478876,feasible,True,3,1052667,1052.667,0.001040299997839611,5.000656899996102,4.9906136999998125,0.0005075000008218922,5.00383139999758,,1113,5.003323899996758,0.0016267000028165057,1996bf8f10716fb8cfc1a585206a6a6e566f32347c1bb8f36c75ed6c887f77e3,4ccf2642f91c10e5ef78d549cf8ed0088696fccc6f0da27cfce273e5cd458c2d,,"{""version"": ""0.13.0a0"", ""algorithm"": ""local checkout IteratedLocalSearch"", ""time_limit_clock"": ""anchored before solve(), including initial solution and search setup"", ""seed_supported"": true, ""fixed_vehicle_cost"": 11478876, ""internal_feasible"": true, ""scalar_objective"": 35489295, ""internal_distance_ticks"": 1052667, ""internal_vehicles"": 3}",results/5s/R205/pyvrp-seed-0.json
gurobi,R206,5.0,0,25,11478876,time_limit,True,9,1145258,1145.258,0.8131561000045622,5.0092511999973794,5.009000062942505,0.0006403000006685033,5.849756600000546,1.0960730000006151,,5.849116299999878,0.02670899999793619,c8754a0319264d076c038b1bf023c8c4710e8895fe3e03f485e9ae249f32fe43,4ccf2642f91c10e5ef78d549cf8ed0088696fccc6f0da27cfce273e5cd458c2d,,"{""backend"": ""gurobi"", ""gurobi_version"": [13, 0, 0], ""vehicle_weight"": 11478876, ""max_vehicles"": 25, ""distance_upper_bound"": 11478875, ""objective_upper_bound"": 298450775, ""cold_start"": true, ""threads"": 1, ""seed"": 0, ""seed_supported"": true, ""mip_gap_target"": 0.0, ""variable_count"": 8820, ""constraint_count"": 25362, ""arc_count"": 8520, ""gurobi_status_code"": 9, ""status"": ""time_limit"", ""incumbent_count"": 10, ""node_count"": 1.0, ""iteration_count"": 3471.0, ""objective_bound"": 729144.2637490137, ""objective_bound_continuous"": 729144.2637490137, ""objective"": 104455142.0, ""scalar_objective"": 104455142, ""raw_objective_minus_integral_route_objective"": 0.0, ""mip_gap"": 0.9930195464791095}",results/5s/R206/gurobi-seed-0.json
ortools,R206,5.0,0,25,11478876,found,True,3,1039510,1039.51,0.0036999000003561378,5.000422400000389,5.001,0.0004910000061499886,5.0065243000062765,0.026658900002075825,,5.0060333000001265,0.0019109999993816018,c8754a0319264d076c038b1bf023c8c4710e8895fe3e03f485e9ae249f32fe43,4ccf2642f91c10e5ef78d549cf8ed0088696fccc6f0da27cfce273e5cd458c2d,,"{""ortools_version"": ""9.15.6755"", ""requested_seed"": 0, ""cp_solver_reseed_applied"": true, ""seed_api"": ""pywrapcp.Solver.ReSeed"", ""seed_semantics"": ""Applied to the underlying CP Solver RNG; RoutingSearchParameters has no random_seed field. This does not claim control over every routing-search randomness source."", ""warm_start"": false, ""vehicle_limit"": 25, ""vehicle_fixed_cost"": 11478876, ""max_solution_distance_bound"": 11478875, ""objective_value"": 35476138, ""solver_assignment_objective"": 35476138, ""scalar_objective"": 35476138, ""objective_lower_bound"": 23476099, ""objective_gap_to_lower_bound"": 12000039, ""lower_bound_components"": {""vehicles"": 2, ""distance_ticks"": 518347, ""distance_bound_method"": ""sum of each customer's minimum incoming arc""}, ""routing_status_code"": 1, ""routing_status"": ""ROUTING_SUCCESS"", ""optimality_proven"": false, ""first_solution_strategy"": ""PARALLEL_CHEAPEST_INSERTION"", ""local_search_metaheuristic"": ""GUIDED_LOCAL_SEARCH"", ""search_workers"": 1, ""search_worker_setting"": ""Routing CP exposes no worker-count parameter; one CP search was run."", ""search_time_limit_seconds"": 5.0, ""time_limit_scope"": ""SolveWithParameters call only; model preparation is separate"", ""first_feasible_seconds"": 0.026658900002075825, ""distance_ticks"": 1039510}",results/5s/R206/ortools-seed-0.json
ours,R206,5.0,0,25,11478876,feasible,True,3,1094282,1094.282,5.619999865302816e-05,5.000612099996943,5.000566499998968,0.0004735000038635917,5.0018332000036025,0.25698559999727877,17,5.001359699999739,0.000691400004143361,c8754a0319264d076c038b1bf023c8c4710e8895fe3e03f485e9ae249f32fe43,4ccf2642f91c10e5ef78d549cf8ed0088696fccc6f0da27cfce273e5cd458c2d,,"{""config"": {""seed"": 0, ""max_iterations"": null, ""time_limit_seconds"": 5.0, ""fleet_attempts_per_k"": 100, ""fleet_time_fraction"": 0.75, ""fleet_strategy"": ""hybrid"", ""fleet_repair_rounds"": 5, ""fleet_related_count"": 8, ""max_moves"": null, ""construction_order"": ""due"", ""repair_order"": ""due"", ""repair_strategy"": ""cheapest"", ""search_strategy"": ""first"", ""operators"": [""relocate"", ""swap"", ""two_opt"", ""two_opt_star""], ""remove_min"": 3, ""remove_max"": 8, ""restart_after"": 20, ""diagnostics"": false, ""evaluation_mode"": ""incremental"", ""search_backend"": ""native"", ""num_neighbours"": null, ""operator_schedule"": ""cyclic"", ""infeasible_search"": false, ""adaptive_penalties"": true, ""penalty_update_interval"": 10, ""penalty_target_feasible"": 0.5, ""penalty_max_moves"": 8}, ""backend"": ""native"", ""native"": {""api_version"": 1, ""build_info"": ""compiler=MSVC 195035722; cxx_standard=17; api_version=1"", ""binary"": ""_native.cp312-win_amd64.pyd"", ""binary_sha256"": ""604462f386c003e397cd55934c67735731d9683e762902ff4d23fad1f410c0bb""}, ""stop_reason"": ""time_limit"", ""initial_distance_ticks"": 1533607, ""fleet"": {""lower_bound"": 2, ""stop_reason"": ""fleet_budget"", ""targets"": [{""target"": 2, ""trials"": 84, ""repair_rounds"": 250, ""elapsed_seconds"": 3.557024400004593, ""first_feasible_seconds"": null, ""status"": ""time_limit""}]}, ""milestones"": []}",results/5s/R206/ours-seed-0.json
pyvrp,R206,5.0,0,25,11478876,feasible,True,4,1021479,1021.479,0.0010505000027478673,5.020941599999787,5.013295200005814,0.0005488999959197827,5.024246299995866,,573,5.023697399999946,0.0017052999974112026,c8754a0319264d076c038b1bf023c8c4710e8895fe3e03f485e9ae249f32fe43,4ccf2642f91c10e5ef78d549cf8ed0088696fccc6f0da27cfce273e5cd458c2d,,"{""version"": ""0.13.0a0"", ""algorithm"": ""local checkout IteratedLocalSearch"", ""time_limit_clock"": ""anchored before solve(), including initial solution and search setup"", ""seed_supported"": true, ""fixed_vehicle_cost"": 11478876, ""internal_feasible"": true, ""scalar_objective"": 46936983, ""internal_distance_ticks"": 1021479, ""internal_vehicles"": 4}",results/5s/R206/pyvrp-seed-0.json
gurobi,R207,5.0,0,25,11478876,time_limit,True,7,1132313,1132.313,0.9531633999940823,5.008840900001815,5.008999824523926,0.0005097999965073541,5.992311599999084,1.2781681999986176,,5.991801800002577,0.02979750000667991,52dc8eebba43fdc67ca9aadab228b75a297acb55a87db3e4748e82f623e3cbe6,4ccf2642f91c10e5ef78d549cf8ed0088696fccc6f0da27cfce273e5cd458c2d,,"{""backend"": ""gurobi"", ""gurobi_version"": [13, 0, 0], ""vehicle_weight"": 11478876, ""max_vehicles"": 25, ""distance_upper_bound"": 11478875, ""objective_upper_bound"": 298450775, ""cold_start"": true, ""threads"": 1, ""seed"": 0, ""seed_supported"": true, ""mip_gap_target"": 0.0, ""variable_count"": 9677, ""constraint_count"": 27933, ""arc_count"": 9377, ""gurobi_status_code"": 9, ""status"": ""time_limit"", ""incumbent_count"": 10, ""node_count"": 1.0, ""iteration_count"": 1773.0, ""objective_bound"": 651089.5596044225, ""objective_bound_continuous"": 651089.5596044225, ""objective"": 81484445.0, ""scalar_objective"": 81484445, ""raw_objective_minus_integral_route_objective"": 0.0, ""mip_gap"": 0.9920096460176612}",results/5s/R207/gurobi-seed-0.json
ortools,R207,5.0,0,25,11478876,found,True,3,885790,885.79,0.0031893000050331466,5.000812000005681,5.001,0.0006158999967738055,5.005832499991811,0.02658260000316659,,5.0052165999950375,0.0012152999843237922,52dc8eebba43fdc67ca9aadab228b75a297acb55a87db3e4748e82f623e3cbe6,4ccf2642f91c10e5ef78d549cf8ed0088696fccc6f0da27cfce273e5cd458c2d,,"{""ortools_version"": ""9.15.6755"", ""requested_seed"": 0, ""cp_solver_reseed_applied"": true, ""seed_api"": ""pywrapcp.Solver.ReSeed"", ""seed_semantics"": ""Applied to the underlying CP Solver RNG; RoutingSearchParameters has no random_seed field. This does not claim control over every routing-search randomness source."", ""warm_start"": false, ""vehicle_limit"": 25, ""vehicle_fixed_cost"": 11478876, ""max_solution_distance_bound"": 11478875, ""objective_value"": 35322418, ""solver_assignment_objective"": 35322418, ""scalar_objective"": 35322418, ""objective_lower_bound"": 23476099, ""objective_gap_to_lower_bound"": 11846319, ""lower_bound_components"": {""vehicles"": 2, ""distance_ticks"": 518347, ""distance_bound_method"": ""sum of each customer's minimum incoming arc""}, ""routing_status_code"": 1, ""routing_status"": ""ROUTING_SUCCESS"", ""optimality_proven"": false, ""first_solution_strategy"": ""PARALLEL_CHEAPEST_INSERTION"", ""local_search_metaheuristic"": ""GUIDED_LOCAL_SEARCH"", ""search_workers"": 1, ""search_worker_setting"": ""Routing CP exposes no worker-count parameter; one CP search was run."", ""search_time_limit_seconds"": 5.0, ""time_limit_scope"": ""SolveWithParameters call only; model preparation is separate"", ""first_feasible_seconds"": 0.02658260000316659, ""distance_ticks"": 885790}",results/5s/R207/ortools-seed-0.json
ours,R207,5.0,0,25,11478876,feasible,True,3,954188,954.188,6.410000059986487e-05,5.000395300005039,5.00033760000224,0.0007980000009411015,5.002039999999397,0.3226183000006131,20,5.001241999998456,0.0007825999928172678,52dc8eebba43fdc67ca9aadab228b75a297acb55a87db3e4748e82f623e3cbe6,4ccf2642f91c10e5ef78d549cf8ed0088696fccc6f0da27cfce273e5cd458c2d,,"{""config"": {""seed"": 0, ""max_iterations"": null, ""time_limit_seconds"": 5.0, ""fleet_attempts_per_k"": 100, ""fleet_time_fraction"": 0.75, ""fleet_strategy"": ""hybrid"", ""fleet_repair_rounds"": 5, ""fleet_related_count"": 8, ""max_moves"": null, ""construction_order"": ""due"", ""repair_order"": ""due"", ""repair_strategy"": ""cheapest"", ""search_strategy"": ""first"", ""operators"": [""relocate"", ""swap"", ""two_opt"", ""two_opt_star""], ""remove_min"": 3, ""remove_max"": 8, ""restart_after"": 20, ""diagnostics"": false, ""evaluation_mode"": ""incremental"", ""search_backend"": ""native"", ""num_neighbours"": null, ""operator_schedule"": ""cyclic"", ""infeasible_search"": false, ""adaptive_penalties"": true, ""penalty_update_interval"": 10, ""penalty_target_feasible"": 0.5, ""penalty_max_moves"": 8}, ""backend"": ""native"", ""native"": {""api_version"": 1, ""build_info"": ""compiler=MSVC 195035722; cxx_standard=17; api_version=1"", ""binary"": ""_native.cp312-win_amd64.pyd"", ""binary_sha256"": ""604462f386c003e397cd55934c67735731d9683e762902ff4d23fad1f410c0bb""}, ""stop_reason"": ""time_limit"", ""initial_distance_ticks"": 1302528, ""fleet"": {""lower_bound"": 2, ""stop_reason"": ""fleet_budget"", ""targets"": [{""target"": 3, ""trials"": 1, ""repair_rounds"": 1, ""elapsed_seconds"": 0.012703199994575698, ""first_feasible_seconds"": 0.012703199994575698, ""status"": ""found""}, {""target"": 2, ""trials"": 88, ""repair_rounds"": 260, ""elapsed_seconds"": 3.4948402000009082, ""first_feasible_seconds"": null, ""status"": ""time_limit""}]}, ""milestones"": [{""vehicles"": 3, ""distance"": 1164515, ""elapsed_seconds"": 0.33583309999812627}]}",results/5s/R207/ours-seed-0.json
pyvrp,R207,5.0,0,25,11478876,feasible,True,3,947715,947.715,0.0011589999994612299,5.003901299998688,4.99511010000424,0.0005318000039551407,5.00720320000255,,562,5.006671399998595,0.001611100000445731,52dc8eebba43fdc67ca9aadab228b75a297acb55a87db3e4748e82f623e3cbe6,4ccf2642f91c10e5ef78d549cf8ed0088696fccc6f0da27cfce273e5cd458c2d,,"{""version"": ""0.13.0a0"", ""algorithm"": ""local checkout IteratedLocalSearch"", ""time_limit_clock"": ""anchored before solve(), including initial solution and search setup"", ""seed_supported"": true, ""fixed_vehicle_cost"": 11478876, ""internal_feasible"": true, ""scalar_objective"": 35384343, ""internal_distance_ticks"": 947715, ""internal_vehicles"": 3}",results/5s/R207/pyvrp-seed-0.json
gurobi,R208,5.0,0,25,11478876,time_limit,True,3,1018992,1018.992,0.9641514999966603,5.004879899999651,5.005000114440918,0.000573899997107219,5.995295900000201,1.320075600000564,,5.994722000003094,0.025690600006782915,7b4a95d500af9329dd08791d39898a619faec0f8fac039d57373e761545b980d,4ccf2642f91c10e5ef78d549cf8ed0088696fccc6f0da27cfce273e5cd458c2d,,"{""backend"": ""gurobi"", ""gurobi_version"": [13, 0, 0], ""vehicle_weight"": 11478876, ""max_vehicles"": 25, ""distance_upper_bound"": 11478875, ""objective_upper_bound"": 298450775, ""cold_start"": true, ""threads"": 1, ""seed"": 0, ""seed_supported"": true, ""mip_gap_target"": 0.0, ""variable_count"": 10236, ""constraint_count"": 29610, ""arc_count"": 9936, ""gurobi_status_code"": 9, ""status"": ""time_limit"", ""incumbent_count"": 10, ""node_count"": 1.0, ""iteration_count"": 1300.0, ""objective_bound"": 626474.8021099827, ""objective_bound_continuous"": 626474.8021099827, ""objective"": 35455620.0, ""scalar_objective"": 35455620, ""raw_objective_minus_integral_route_objective"": 0.0, ""mip_gap"": 0.982330733403901}",results/5s/R208/gurobi-seed-0.json
ortools,R208,5.0,0,25,11478876,found,True,2,799384,799.384,0.0022320999996736646,5.001618599999347,5.001,0.0006754000060027465,5.007300600002054,0.026174899998295587,,5.006625199996051,0.0027744999970309436,7b4a95d500af9329dd08791d39898a619faec0f8fac039d57373e761545b980d,4ccf2642f91c10e5ef78d549cf8ed0088696fccc6f0da27cfce273e5cd458c2d,,"{""ortools_version"": ""9.15.6755"", ""requested_seed"": 0, ""cp_solver_reseed_applied"": true, ""seed_api"": ""pywrapcp.Solver.ReSeed"", ""seed_semantics"": ""Applied to the underlying CP Solver RNG; RoutingSearchParameters has no random_seed field. This does not claim control over every routing-search randomness source."", ""warm_start"": false, ""vehicle_limit"": 25, ""vehicle_fixed_cost"": 11478876, ""max_solution_distance_bound"": 11478875, ""objective_value"": 23757136, ""solver_assignment_objective"": 23757136, ""scalar_objective"": 23757136, ""objective_lower_bound"": 23476099, ""objective_gap_to_lower_bound"": 281037, ""lower_bound_components"": {""vehicles"": 2, ""distance_ticks"": 518347, ""distance_bound_method"": ""sum of each customer's minimum incoming arc""}, ""routing_status_code"": 1, ""routing_status"": ""ROUTING_SUCCESS"", ""optimality_proven"": false, ""first_solution_strategy"": ""PARALLEL_CHEAPEST_INSERTION"", ""local_search_metaheuristic"": ""GUIDED_LOCAL_SEARCH"", ""search_workers"": 1, ""search_worker_setting"": ""Routing CP exposes no worker-count parameter; one CP search was run."", ""search_time_limit_seconds"": 5.0, ""time_limit_scope"": ""SolveWithParameters call only; model preparation is separate"", ""first_feasible_seconds"": 0.026174899998295587, ""distance_ticks"": 799384}",results/5s/R208/ortools-seed-0.json
ours,R208,5.0,0,25,11478876,feasible,True,2,833203,833.203,5.249999958323315e-05,5.0007927999977255,5.0007429999968736,0.00047199999971780926,5.002055400000245,0.3314006000000518,68,5.001583400000527,0.0007381000032182783,7b4a95d500af9329dd08791d39898a619faec0f8fac039d57373e761545b980d,4ccf2642f91c10e5ef78d549cf8ed0088696fccc6f0da27cfce273e5cd458c2d,,"{""config"": {""seed"": 0, ""max_iterations"": null, ""time_limit_seconds"": 5.0, ""fleet_attempts_per_k"": 100, ""fleet_time_fraction"": 0.75, ""fleet_strategy"": ""hybrid"", ""fleet_repair_rounds"": 5, ""fleet_related_count"": 8, ""max_moves"": null, ""construction_order"": ""due"", ""repair_order"": ""due"", ""repair_strategy"": ""cheapest"", ""search_strategy"": ""first"", ""operators"": [""relocate"", ""swap"", ""two_opt"", ""two_opt_star""], ""remove_min"": 3, ""remove_max"": 8, ""restart_after"": 20, ""diagnostics"": false, ""evaluation_mode"": ""incremental"", ""search_backend"": ""native"", ""num_neighbours"": null, ""operator_schedule"": ""cyclic"", ""infeasible_search"": false, ""adaptive_penalties"": true, ""penalty_update_interval"": 10, ""penalty_target_feasible"": 0.5, ""penalty_max_moves"": 8}, ""backend"": ""native"", ""native"": {""api_version"": 1, ""build_info"": ""compiler=MSVC 195035722; cxx_standard=17; api_version=1"", ""binary"": ""_native.cp312-win_amd64.pyd"", ""binary_sha256"": ""604462f386c003e397cd55934c67735731d9683e762902ff4d23fad1f410c0bb""}, ""stop_reason"": ""time_limit"", ""initial_distance_ticks"": 957965, ""fleet"": {""lower_bound"": 2, ""stop_reason"": ""lower_bound"", ""targets"": [{""target"": 2, ""trials"": 2, ""repair_rounds"": 5, ""elapsed_seconds"": 0.03748569999879692, ""first_feasible_seconds"": 0.03748569999879692, ""status"": ""found""}]}, ""milestones"": [{""vehicles"": 2, ""distance"": 946859, ""elapsed_seconds"": 0.3693877999976394}]}",results/5s/R208/ours-seed-0.json
pyvrp,R208,5.0,0,25,11478876,feasible,True,4,763235,763.235,0.001189800001156982,5.001165499998024,4.9899957000016,0.0005023999983677641,5.004482700001972,,635,5.0039803000036045,0.0016250000044237822,7b4a95d500af9329dd08791d39898a619faec0f8fac039d57373e761545b980d,4ccf2642f91c10e5ef78d549cf8ed0088696fccc6f0da27cfce273e5cd458c2d,,"{""version"": ""0.13.0a0"", ""algorithm"": ""local checkout IteratedLocalSearch"", ""time_limit_clock"": ""anchored before solve(), including initial solution and search setup"", ""seed_supported"": true, ""fixed_vehicle_cost"": 11478876, ""internal_feasible"": true, ""scalar_objective"": 46678739, ""internal_distance_ticks"": 763235, ""internal_vehicles"": 4}",results/5s/R208/pyvrp-seed-0.json
gurobi,R209,5.0,0,25,11478876,time_limit,True,12,1467760,1467.76,0.8520759999955771,5.0278126999983215,5.028000116348267,0.0005511999988812022,5.906994400000258,1.1124807999949553,,5.906443200001377,0.026554500007478055,5b74156d032babcff853ccc693f94463eca8333cd425aa99a39ed996f6258933,4ccf2642f91c10e5ef78d549cf8ed0088696fccc6f0da27cfce273e5cd458c2d,,"{""backend"": ""gurobi"", ""gurobi_version"": [13, 0, 0], ""vehicle_weight"": 11478876, ""max_vehicles"": 25, ""distance_upper_bound"": 11478875, ""objective_upper_bound"": 298450775, ""cold_start"": true, ""threads"": 1, ""seed"": 0, ""seed_supported"": true, ""mip_gap_target"": 0.0, ""variable_count"": 8816, ""constraint_count"": 25350, ""arc_count"": 8516, ""gurobi_status_code"": 9, ""status"": ""time_limit"", ""incumbent_count"": 10, ""node_count"": 1.0, ""iteration_count"": 3560.0, ""objective_bound"": 715884.396667272, ""objective_bound_continuous"": 715884.396667272, ""objective"": 139214272.0, ""scalar_objective"": 139214272, ""raw_objective_minus_integral_route_objective"": 0.0, ""mip_gap"": 0.9948576795584056}",results/5s/R209/gurobi-seed-0.json
ortools,R209,5.0,0,25,11478876,found,True,4,971527,971.527,0.002850400000170339,5.001010599997244,5.001,0.0005013999980292283,5.005714099992474,0.026515899997320957,,5.005212699994445,0.0013516999970306642,5b74156d032babcff853ccc693f94463eca8333cd425aa99a39ed996f6258933,4ccf2642f91c10e5ef78d549cf8ed0088696fccc6f0da27cfce273e5cd458c2d,,"{""ortools_version"": ""9.15.6755"", ""requested_seed"": 0, ""cp_solver_reseed_applied"": true, ""seed_api"": ""pywrapcp.Solver.ReSeed"", ""seed_semantics"": ""Applied to the underlying CP Solver RNG; RoutingSearchParameters has no random_seed field. This does not claim control over every routing-search randomness source."", ""warm_start"": false, ""vehicle_limit"": 25, ""vehicle_fixed_cost"": 11478876, ""max_solution_distance_bound"": 11478875, ""objective_value"": 46887031, ""solver_assignment_objective"": 46887031, ""scalar_objective"": 46887031, ""objective_lower_bound"": 23476099, ""objective_gap_to_lower_bound"": 23410932, ""lower_bound_components"": {""vehicles"": 2, ""distance_ticks"": 518347, ""distance_bound_method"": ""sum of each customer's minimum incoming arc""}, ""routing_status_code"": 1, ""routing_status"": ""ROUTING_SUCCESS"", ""optimality_proven"": false, ""first_solution_strategy"": ""PARALLEL_CHEAPEST_INSERTION"", ""local_search_metaheuristic"": ""GUIDED_LOCAL_SEARCH"", ""search_workers"": 1, ""search_worker_setting"": ""Routing CP exposes no worker-count parameter; one CP search was run."", ""search_time_limit_seconds"": 5.0, ""time_limit_scope"": ""SolveWithParameters call only; model preparation is separate"", ""first_feasible_seconds"": 0.026515899997320957, ""distance_ticks"": 971527}",results/5s/R209/ortools-seed-0.json
ours,R209,5.0,0,25,11478876,feasible,True,3,1061097,1061.097,5.5199998314492404e-05,5.000595800003794,5.0005409000004875,0.0005060999974375591,5.002051999996183,0.2506502999967779,17,5.001545899998746,0.0008948999966378324,5b74156d032babcff853ccc693f94463eca8333cd425aa99a39ed996f6258933,4ccf2642f91c10e5ef78d549cf8ed0088696fccc6f0da27cfce273e5cd458c2d,,"{""config"": {""seed"": 0, ""max_iterations"": null, ""time_limit_seconds"": 5.0, ""fleet_attempts_per_k"": 100, ""fleet_time_fraction"": 0.75, ""fleet_strategy"": ""hybrid"", ""fleet_repair_rounds"": 5, ""fleet_related_count"": 8, ""max_moves"": null, ""construction_order"": ""due"", ""repair_order"": ""due"", ""repair_strategy"": ""cheapest"", ""search_strategy"": ""first"", ""operators"": [""relocate"", ""swap"", ""two_opt"", ""two_opt_star""], ""remove_min"": 3, ""remove_max"": 8, ""restart_after"": 20, ""diagnostics"": false, ""evaluation_mode"": ""incremental"", ""search_backend"": ""native"", ""num_neighbours"": null, ""operator_schedule"": ""cyclic"", ""infeasible_search"": false, ""adaptive_penalties"": true, ""penalty_update_interval"": 10, ""penalty_target_feasible"": 0.5, ""penalty_max_moves"": 8}, ""backend"": ""native"", ""native"": {""api_version"": 1, ""build_info"": ""compiler=MSVC 195035722; cxx_standard=17; api_version=1"", ""binary"": ""_native.cp312-win_amd64.pyd"", ""binary_sha256"": ""604462f386c003e397cd55934c67735731d9683e762902ff4d23fad1f410c0bb""}, ""stop_reason"": ""time_limit"", ""initial_distance_ticks"": 1712415, ""fleet"": {""lower_bound"": 2, ""stop_reason"": ""fleet_budget"", ""targets"": [{""target"": 3, ""trials"": 2, ""repair_rounds"": 6, ""elapsed_seconds"": 0.047585000000253785, ""first_feasible_seconds"": 0.047585000000253785, ""status"": ""found""}, {""target"": 2, ""trials"": 78, ""repair_rounds"": 234, ""elapsed_seconds"": 3.5139243000012357, ""first_feasible_seconds"": null, ""status"": ""time_limit""}]}, ""milestones"": [{""vehicles"": 3, ""distance"": 1558059, ""elapsed_seconds"": 0.2987571999983629}]}",results/5s/R209/ours-seed-0.json
pyvrp,R209,5.0,0,25,11478876,feasible,True,5,958920,958.92,0.0012047999989590608,5.008631899996544,5.00149760000204,0.0007136999993235804,5.01204780000262,,608,5.011334100003296,0.0014974000077927485,5b74156d032babcff853ccc693f94463eca8333cd425aa99a39ed996f6258933,4ccf2642f91c10e5ef78d549cf8ed0088696fccc6f0da27cfce273e5cd458c2d,,"{""version"": ""0.13.0a0"", ""algorithm"": ""local checkout IteratedLocalSearch"", ""time_limit_clock"": ""anchored before solve(), including initial solution and search setup"", ""seed_supported"": true, ""fixed_vehicle_cost"": 11478876, ""internal_feasible"": true, ""scalar_objective"": 58353300, ""internal_distance_ticks"": 958920, ""internal_vehicles"": 5}",results/5s/R209/pyvrp-seed-0.json
gurobi,R210,5.0,0,25,11478876,time_limit,True,10,1364742,1364.742,0.8480961000022944,5.005608100000245,5.004999876022339,0.0005101000060676597,5.880801300001622,1.0973340999989887,,5.880291199995554,0.026586999993014615,4e5772f109fb6183e6a648d6a1edaba3435438c2dc11c42da370fecf7bdf3a14,4ccf2642f91c10e5ef78d549cf8ed0088696fccc6f0da27cfce273e5cd458c2d,,"{""backend"": ""gurobi"", ""gurobi_version"": [13, 0, 0], ""vehicle_weight"": 11478876, ""max_vehicles"": 25, ""distance_upper_bound"": 11478875, ""objective_upper_bound"": 298450775, ""cold_start"": true, ""threads"": 1, ""seed"": 0, ""seed_supported"": true, ""mip_gap_target"": 0.0, ""variable_count"": 8865, ""constraint_count"": 25497, ""arc_count"": 8565, ""gurobi_status_code"": 9, ""status"": ""time_limit"", ""incumbent_count"": 10, ""node_count"": 1.0, ""iteration_count"": 2824.0, ""objective_bound"": 702919.3317069588, ""objective_bound_continuous"": 702919.3317069588, ""objective"": 116153502.0, ""scalar_objective"": 116153502, ""raw_objective_minus_integral_route_objective"": 0.0, ""mip_gap"": 0.9939483586839513}",results/5s/R210/gurobi-seed-0.json
ortools,R210,5.0,0,25,11478876,found,True,4,1026305,1026.305,0.002880899999581743,5.000276999999187,5.0,0.000495000000228174,5.0050250999993295,0.026080100004037376,,5.004530099999101,0.0013722000003326684,4e5772f109fb6183e6a648d6a1edaba3435438c2dc11c42da370fecf7bdf3a14,4ccf2642f91c10e5ef78d549cf8ed0088696fccc6f0da27cfce273e5cd458c2d,,"{""ortools_version"": ""9.15.6755"", ""requested_seed"": 0, ""cp_solver_reseed_applied"": true, ""seed_api"": ""pywrapcp.Solver.ReSeed"", ""seed_semantics"": ""Applied to the underlying CP Solver RNG; RoutingSearchParameters has no random_seed field. This does not claim control over every routing-search randomness source."", ""warm_start"": false, ""vehicle_limit"": 25, ""vehicle_fixed_cost"": 11478876, ""max_solution_distance_bound"": 11478875, ""objective_value"": 46941809, ""solver_assignment_objective"": 46941809, ""scalar_objective"": 46941809, ""objective_lower_bound"": 23476099, ""objective_gap_to_lower_bound"": 23465710, ""lower_bound_components"": {""vehicles"": 2, ""distance_ticks"": 518347, ""distance_bound_method"": ""sum of each customer's minimum incoming arc""}, ""routing_status_code"": 1, ""routing_status"": ""ROUTING_SUCCESS"", ""optimality_proven"": false, ""first_solution_strategy"": ""PARALLEL_CHEAPEST_INSERTION"", ""local_search_metaheuristic"": ""GUIDED_LOCAL_SEARCH"", ""search_workers"": 1, ""search_worker_setting"": ""Routing CP exposes no worker-count parameter; one CP search was run."", ""search_time_limit_seconds"": 5.0, ""time_limit_scope"": ""SolveWithParameters call only; model preparation is separate"", ""first_feasible_seconds"": 0.026080100004037376, ""distance_ticks"": 1026305}",results/5s/R210/ortools-seed-0.json
ours,R210,5.0,0,25,11478876,feasible,True,3,1184255,1184.255,5.490000330610201e-05,5.000481900002342,5.000432299995737,0.0004848000025958754,5.00173370000266,0.25625039999431465,20,5.001248900000064,0.0007120999944163486,4e5772f109fb6183e6a648d6a1edaba3435438c2dc11c42da370fecf7bdf3a14,4ccf2642f91c10e5ef78d549cf8ed0088696fccc6f0da27cfce273e5cd458c2d,,"{""config"": {""seed"": 0, ""max_iterations"": null, ""time_limit_seconds"": 5.0, ""fleet_attempts_per_k"": 100, ""fleet_time_fraction"": 0.75, ""fleet_strategy"": ""hybrid"", ""fleet_repair_rounds"": 5, ""fleet_related_count"": 8, ""max_moves"": null, ""construction_order"": ""due"", ""repair_order"": ""due"", ""repair_strategy"": ""cheapest"", ""search_strategy"": ""first"", ""operators"": [""relocate"", ""swap"", ""two_opt"", ""two_opt_star""], ""remove_min"": 3, ""remove_max"": 8, ""restart_after"": 20, ""diagnostics"": false, ""evaluation_mode"": ""incremental"", ""search_backend"": ""native"", ""num_neighbours"": null, ""operator_schedule"": ""cyclic"", ""infeasible_search"": false, ""adaptive_penalties"": true, ""penalty_update_interval"": 10, ""penalty_target_feasible"": 0.5, ""penalty_max_moves"": 8}, ""backend"": ""native"", ""native"": {""api_version"": 1, ""build_info"": ""compiler=MSVC 195035722; cxx_standard=17; api_version=1"", ""binary"": ""_native.cp312-win_amd64.pyd"", ""binary_sha256"": ""604462f386c003e397cd55934c67735731d9683e762902ff4d23fad1f410c0bb""}, ""stop_reason"": ""time_limit"", ""initial_distance_ticks"": 1443660, ""fleet"": {""lower_bound"": 2, ""stop_reason"": ""fleet_budget"", ""targets"": [{""target"": 2, ""trials"": 86, ""repair_rounds"": 256, ""elapsed_seconds"": 3.5576139999975567, ""first_feasible_seconds"": null, ""status"": ""time_limit""}]}, ""milestones"": []}",results/5s/R210/ours-seed-0.json
pyvrp,R210,5.0,0,25,11478876,feasible,True,4,970113,970.113,0.0011605000036070123,5.010415099997772,5.000214300001971,0.0005820999940624461,5.013659499993082,,554,5.01307739999902,0.0015017999976407737,4e5772f109fb6183e6a648d6a1edaba3435438c2dc11c42da370fecf7bdf3a14,4ccf2642f91c10e5ef78d549cf8ed0088696fccc6f0da27cfce273e5cd458c2d,,"{""version"": ""0.13.0a0"", ""algorithm"": ""local checkout IteratedLocalSearch"", ""time_limit_clock"": ""anchored before solve(), including initial solution and search setup"", ""seed_supported"": true, ""fixed_vehicle_cost"": 11478876, ""internal_feasible"": true, ""scalar_objective"": 46885617, ""internal_distance_ticks"": 970113, ""internal_vehicles"": 4}",results/5s/R210/pyvrp-seed-0.json
gurobi,R211,5.0,0,25,11478876,time_limit,True,10,1056525,1056.525,0.9973747000040021,5.004317900005844,5.004000186920166,0.0009683000025688671,6.03350770000543,1.3176156000045012,,6.032539400002861,0.03084679999301443,2965507e467a2f92acd59035975910e36ae11e4f49590d4c7d20a883939227ad,4ccf2642f91c10e5ef78d549cf8ed0088696fccc6f0da27cfce273e5cd458c2d,,"{""backend"": ""gurobi"", ""gurobi_version"": [13, 0, 0], ""vehicle_weight"": 11478876, ""max_vehicles"": 25, ""distance_upper_bound"": 11478875, ""objective_upper_bound"": 298450775, ""cold_start"": true, ""threads"": 1, ""seed"": 0, ""seed_supported"": true, ""mip_gap_target"": 0.0, ""variable_count"": 10296, ""constraint_count"": 29790, ""arc_count"": 9996, ""gurobi_status_code"": 9, ""status"": ""time_limit"", ""incumbent_count"": 10, ""node_count"": 1.0, ""iteration_count"": 1351.0, ""objective_bound"": 624408.6531937821, ""objective_bound_continuous"": 624408.6531937821, ""objective"": 115845285.0, ""scalar_objective"": 115845285, ""raw_objective_minus_integral_route_objective"": 0.0, ""mip_gap"": 0.9946099778407573}",results/5s/R211/gurobi-seed-0.json
ortools,R211,5.0,0,25,11478876,found,True,3,885018,885.018,0.0023446999985026196,5.00149209999654,5.001,0.0005873000045539811,5.005879900003492,0.02500770000187913,,5.005292599998938,0.0014558000038960017,2965507e467a2f92acd59035975910e36ae11e4f49590d4c7d20a883939227ad,4ccf2642f91c10e5ef78d549cf8ed0088696fccc6f0da27cfce273e5cd458c2d,,"{""ortools_version"": ""9.15.6755"", ""requested_seed"": 0, ""cp_solver_reseed_applied"": true, ""seed_api"": ""pywrapcp.Solver.ReSeed"", ""seed_semantics"": ""Applied to the underlying CP Solver RNG; RoutingSearchParameters has no random_seed field. This does not claim control over every routing-search randomness source."", ""warm_start"": false, ""vehicle_limit"": 25, ""vehicle_fixed_cost"": 11478876, ""max_solution_distance_bound"": 11478875, ""objective_value"": 35321646, ""solver_assignment_objective"": 35321646, ""scalar_objective"": 35321646, ""objective_lower_bound"": 23476099, ""objective_gap_to_lower_bound"": 11845547, ""lower_bound_components"": {""vehicles"": 2, ""distance_ticks"": 518347, ""distance_bound_method"": ""sum of each customer's minimum incoming arc""}, ""routing_status_code"": 1, ""routing_status"": ""ROUTING_SUCCESS"", ""optimality_proven"": false, ""first_solution_strategy"": ""PARALLEL_CHEAPEST_INSERTION"", ""local_search_metaheuristic"": ""GUIDED_LOCAL_SEARCH"", ""search_workers"": 1, ""search_worker_setting"": ""Routing CP exposes no worker-count parameter; one CP search was run."", ""search_time_limit_seconds"": 5.0, ""time_limit_scope"": ""SolveWithParameters call only; model preparation is separate"", ""first_feasible_seconds"": 0.02500770000187913, ""distance_ticks"": 885018}",results/5s/R211/ortools-seed-0.json
ours,R211,5.0,0,25,11478876,feasible,True,3,855624,855.624,4.669999907491729e-05,5.0004186000005575,5.000372499998775,0.0007420999972964637,5.0019706999955815,0.28166119999514194,21,5.001228599998285,0.0007632999986526556,2965507e467a2f92acd59035975910e36ae11e4f49590d4c7d20a883939227ad,4ccf2642f91c10e5ef78d549cf8ed0088696fccc6f0da27cfce273e5cd458c2d,,"{""config"": {""seed"": 0, ""max_iterations"": null, ""time_limit_seconds"": 5.0, ""fleet_attempts_per_k"": 100, ""fleet_time_fraction"": 0.75, ""fleet_strategy"": ""hybrid"", ""fleet_repair_rounds"": 5, ""fleet_related_count"": 8, ""max_moves"": null, ""construction_order"": ""due"", ""repair_order"": ""due"", ""repair_strategy"": ""cheapest"", ""search_strategy"": ""first"", ""operators"": [""relocate"", ""swap"", ""two_opt"", ""two_opt_star""], ""remove_min"": 3, ""remove_max"": 8, ""restart_after"": 20, ""diagnostics"": false, ""evaluation_mode"": ""incremental"", ""search_backend"": ""native"", ""num_neighbours"": null, ""operator_schedule"": ""cyclic"", ""infeasible_search"": false, ""adaptive_penalties"": true, ""penalty_update_interval"": 10, ""penalty_target_feasible"": 0.5, ""penalty_max_moves"": 8}, ""backend"": ""native"", ""native"": {""api_version"": 1, ""build_info"": ""compiler=MSVC 195035722; cxx_standard=17; api_version=1"", ""binary"": ""_native.cp312-win_amd64.pyd"", ""binary_sha256"": ""604462f386c003e397cd55934c67735731d9683e762902ff4d23fad1f410c0bb""}, ""stop_reason"": ""time_limit"", ""initial_distance_ticks"": 1516434, ""fleet"": {""lower_bound"": 2, ""stop_reason"": ""fleet_budget"", ""targets"": [{""target"": 2, ""trials"": 80, ""repair_rounds"": 240, ""elapsed_seconds"": 3.5386524999994435, ""first_feasible_seconds"": null, ""status"": ""time_limit""}]}, ""milestones"": []}",results/5s/R211/ours-seed-0.json
pyvrp,R211,5.0,0,25,11478876,feasible,True,3,847927,847.927,0.001186900000902824,5.011575200005609,5.001372300001094,0.0005002999969292432,5.015085599996382,,623,5.014585299999453,0.0018231999929412268,2965507e467a2f92acd59035975910e36ae11e4f49590d4c7d20a883939227ad,4ccf2642f91c10e5ef78d549cf8ed0088696fccc6f0da27cfce273e5cd458c2d,,"{""version"": ""0.13.0a0"", ""algorithm"": ""local checkout IteratedLocalSearch"", ""time_limit_clock"": ""anchored before solve(), including initial solution and search setup"", ""seed_supported"": true, ""fixed_vehicle_cost"": 11478876, ""internal_feasible"": true, ""scalar_objective"": 35284555, ""internal_distance_ticks"": 847927, ""internal_vehicles"": 3}",results/5s/R211/pyvrp-seed-0.json
gurobi,RC101,5.0,0,25,12651626,time_limit,True,16,1801410,1801.41,0.3590963999959058,5.005742900000769,5.005000114440918,0.0005172999954083934,5.38184409999667,1.8327262999955565,,5.381326800001261,0.016487500004586764,ef6893ffd9746ad96de8e4da6e64e2c4ba6e08a1c7eb9457276a9f1caf01ca12,4ccf2642f91c10e5ef78d549cf8ed0088696fccc6f0da27cfce273e5cd458c2d,,"{""backend"": ""gurobi"", ""gurobi_version"": [13, 0, 0], ""vehicle_weight"": 12651626, ""max_vehicles"": 25, ""distance_upper_bound"": 12651625, ""objective_upper_bound"": 328942275, ""cold_start"": true, ""threads"": 1, ""seed"": 0, ""seed_supported"": true, ""mip_gap_target"": 0.0, ""variable_count"": 3937, ""constraint_count"": 10713, ""arc_count"": 3637, ""gurobi_status_code"": 9, ""status"": ""time_limit"", ""incumbent_count"": 10, ""node_count"": 1.0, ""iteration_count"": 9674.0, ""objective_bound"": 134375305.60430804, ""objective_bound_continuous"": 134375305.60430804, ""objective"": 204227426.0, ""scalar_objective"": 204227426, ""raw_objective_minus_integral_route_objective"": 0.0, ""mip_gap"": 0.34203104726831335}",results/5s/RC101/gurobi-seed-0.json
ortools,RC101,5.0,0,25,12651626,found,True,16,1682124,1682.124,0.002432799999951385,5.000976100003754,5.001,0.0004933000018354505,5.005126200005179,0.0251434000019799,,5.004632900003344,0.0012239999996381812,ef6893ffd9746ad96de8e4da6e64e2c4ba6e08a1c7eb9457276a9f1caf01ca12,4ccf2642f91c10e5ef78d549cf8ed0088696fccc6f0da27cfce273e5cd458c2d,,"{""ortools_version"": ""9.15.6755"", ""requested_seed"": 0, ""cp_solver_reseed_applied"": true, ""seed_api"": ""pywrapcp.Solver.ReSeed"", ""seed_semantics"": ""Applied to the underlying CP Solver RNG; RoutingSearchParameters has no random_seed field. This does not claim control over every routing-search randomness source."", ""warm_start"": false, ""vehicle_limit"": 25, ""vehicle_fixed_cost"": 12651626, ""max_solution_distance_bound"": 12651625, ""objective_value"": 204108140, ""solver_assignment_objective"": 204108140, ""scalar_objective"": 204108140, ""objective_lower_bound"": 114324039, ""objective_gap_to_lower_bound"": 89784101, ""lower_bound_components"": {""vehicles"": 9, ""distance_ticks"": 459405, ""distance_bound_method"": ""sum of each customer's minimum incoming arc""}, ""routing_status_code"": 1, ""routing_status"": ""ROUTING_SUCCESS"", ""optimality_proven"": false, ""first_solution_strategy"": ""PARALLEL_CHEAPEST_INSERTION"", ""local_search_metaheuristic"": ""GUIDED_LOCAL_SEARCH"", ""search_workers"": 1, ""search_worker_setting"": ""Routing CP exposes no worker-count parameter; one CP search was run."", ""search_time_limit_seconds"": 5.0, ""time_limit_scope"": ""SolveWithParameters call only; model preparation is separate"", ""first_feasible_seconds"": 0.0251434000019799, ""distance_ticks"": 1682124}",results/5s/RC101/ortools-seed-0.json
ours,RC101,5.0,0,25,12651626,feasible,True,16,1707734,1707.734,5.070000042906031e-05,5.000685899998643,5.0006339000028674,0.0005371000006562099,5.002119299999322,0.08943790000193985,113,5.001582199998666,0.0008455999995931052,ef6893ffd9746ad96de8e4da6e64e2c4ba6e08a1c7eb9457276a9f1caf01ca12,4ccf2642f91c10e5ef78d549cf8ed0088696fccc6f0da27cfce273e5cd458c2d,,"{""config"": {""seed"": 0, ""max_iterations"": null, ""time_limit_seconds"": 5.0, ""fleet_attempts_per_k"": 100, ""fleet_time_fraction"": 0.75, ""fleet_strategy"": ""hybrid"", ""fleet_repair_rounds"": 5, ""fleet_related_count"": 8, ""max_moves"": null, ""construction_order"": ""due"", ""repair_order"": ""due"", ""repair_strategy"": ""cheapest"", ""search_strategy"": ""first"", ""operators"": [""relocate"", ""swap"", ""two_opt"", ""two_opt_star""], ""remove_min"": 3, ""remove_max"": 8, ""restart_after"": 20, ""diagnostics"": false, ""evaluation_mode"": ""incremental"", ""search_backend"": ""native"", ""num_neighbours"": null, ""operator_schedule"": ""cyclic"", ""infeasible_search"": false, ""adaptive_penalties"": true, ""penalty_update_interval"": 10, ""penalty_target_feasible"": 0.5, ""penalty_max_moves"": 8}, ""backend"": ""native"", ""native"": {""api_version"": 1, ""build_info"": ""compiler=MSVC 195035722; cxx_standard=17; api_version=1"", ""binary"": ""_native.cp312-win_amd64.pyd"", ""binary_sha256"": ""604462f386c003e397cd55934c67735731d9683e762902ff4d23fad1f410c0bb""}, ""stop_reason"": ""time_limit"", ""initial_distance_ticks"": 2194583, ""fleet"": {""lower_bound"": 9, ""stop_reason"": ""target_not_found"", ""targets"": [{""target"": 19, ""trials"": 1, ""repair_rounds"": 1, ""elapsed_seconds"": 0.012367300005280413, ""first_feasible_seconds"": 0.012367300005280413, ""status"": ""found""}, {""target"": 18, ""trials"": 2, ""repair_rounds"": 2, ""elapsed_seconds"": 0.0073961000016424805, ""first_feasible_seconds"": 0.0073961000016424805, ""status"": ""found""}, {""target"": 17, ""trials"": 2, ""repair_rounds"": 2, ""elapsed_seconds"": 0.007070499996189028, ""first_feasible_seconds"": 0.007070499996189028, ""status"": ""found""}, {""target"": 16, ""trials"": 6, ""repair_rounds"": 18, ""elapsed_seconds"": 0.06298409999726573, ""first_feasible_seconds"": 0.06298409999726573, ""status"": ""found""}, {""target"": 15, ""trials"": 100, ""repair_rounds"": 300, ""elapsed_seconds"": 1.1534543000016129, ""first_feasible_seconds"": null, ""status"": ""not_found""}]}, ""milestones"": [{""vehicles"": 19, ""distance"": 2031958, ""elapsed_seconds"": 0.10238000000390457}, {""vehicles"": 18, ""distance"": 2061853, ""elapsed_seconds"": 0.11007280000194442}, {""vehicles"": 17, ""distance"": 2041527, ""elapsed_seconds"": 0.1174204999988433}, {""vehicles"": 16, ""distance"": 1964874, ""elapsed_seconds"": 0.18085200000496116}]}",results/5s/RC101/ours-seed-0.json
pyvrp,RC101,5.0,0,25,12651626,feasible,True,17,1751132,1751.132,0.0011875000054715201,5.007372400003078,4.999299700000847,0.0005352000007405877,5.010636999999406,,742,5.010101799998665,0.0015418999901157804,ef6893ffd9746ad96de8e4da6e64e2c4ba6e08a1c7eb9457276a9f1caf01ca12,4ccf2642f91c10e5ef78d549cf8ed0088696fccc6f0da27cfce273e5cd458c2d,,"{""version"": ""0.13.0a0"", ""algorithm"": ""local checkout IteratedLocalSearch"", ""time_limit_clock"": ""anchored before solve(), including initial solution and search setup"", ""seed_supported"": true, ""fixed_vehicle_cost"": 12651626, ""internal_feasible"": true, ""scalar_objective"": 216828774, ""internal_distance_ticks"": 1751132, ""internal_vehicles"": 17}",results/5s/RC101/pyvrp-seed-0.json
gurobi,RC102,5.0,0,25,12651626,time_limit,True,18,2411352,2411.352,0.6169650000010733,5.0023050000017975,5.002000093460083,0.0005948000034550205,5.639051600002858,1.6032220999986748,,5.638456799999403,0.0191867999965325,36acd349d34a577c7fadd61f78517c2cb74bd06a490273800c288f341e5785a4,4ccf2642f91c10e5ef78d549cf8ed0088696fccc6f0da27cfce273e5cd458c2d,,"{""backend"": ""gurobi"", ""gurobi_version"": [13, 0, 0], ""vehicle_weight"": 12651626, ""max_vehicles"": 25, ""distance_upper_bound"": 12651625, ""objective_upper_bound"": 328942275, ""cold_start"": true, ""threads"": 1, ""seed"": 0, ""seed_supported"": true, ""mip_gap_target"": 0.0, ""variable_count"": 6295, ""constraint_count"": 17787, ""arc_count"": 5995, ""gurobi_status_code"": 9, ""status"": ""time_limit"", ""incumbent_count"": 10, ""node_count"": 1.0, ""iteration_count"": 7120.0, ""objective_bound"": 14280408.006707545, ""objective_bound_continuous"": 14280408.006707545, ""objective"": 230140620.0, ""scalar_objective"": 230140620, ""raw_objective_minus_integral_route_objective"": 0.0, ""mip_gap"": 0.937949206851413}",results/5s/RC102/gurobi-seed-0.json
ortools,RC102,5.0,0,25,12651626,found,True,15,1551995,1551.995,0.00259129999903962,5.000167999998666,5.0,0.0005148999989614822,5.004433499998413,0.02423129999806406,,5.0039185999994515,0.001159300001745578,36acd349d34a577c7fadd61f78517c2cb74bd06a490273800c288f341e5785a4,4ccf2642f91c10e5ef78d549cf8ed0088696fccc6f0da27cfce273e5cd458c2d,,"{""ortools_version"": ""9.15.6755"", ""requested_seed"": 0, ""cp_solver_reseed_applied"": true, ""seed_api"": ""pywrapcp.Solver.ReSeed"", ""seed_semantics"": ""Applied to the underlying CP Solver RNG; RoutingSearchParameters has no random_seed field. This does not claim control over every routing-search randomness source."", ""warm_start"": false, ""vehicle_limit"": 25, ""vehicle_fixed_cost"": 12651626, ""max_solution_distance_bound"": 12651625, ""objective_value"": 191326385, ""solver_assignment_objective"": 191326385, ""scalar_objective"": 191326385, ""objective_lower_bound"": 114324039, ""objective_gap_to_lower_bound"": 77002346, ""lower_bound_components"": {""vehicles"": 9, ""distance_ticks"": 459405, ""distance_bound_method"": ""sum of each customer's minimum incoming arc""}, ""routing_status_code"": 1, ""routing_status"": ""ROUTING_SUCCESS"", ""optimality_proven"": false, ""first_solution_strategy"": ""PARALLEL_CHEAPEST_INSERTION"", ""local_search_metaheuristic"": ""GUIDED_LOCAL_SEARCH"", ""search_workers"": 1, ""search_worker_setting"": ""Routing CP exposes no worker-count parameter; one CP search was run."", ""search_time_limit_seconds"": 5.0, ""time_limit_scope"": ""SolveWithParameters call only; model preparation is separate"", ""first_feasible_seconds"": 0.02423129999806406, ""distance_ticks"": 1551995}",results/5s/RC102/ortools-seed-0.json
ours,RC102,5.0,0,25,12651626,feasible,True,14,1554957,1554.957,5.4600001021753997e-05,5.000671800000418,5.000603100001172,0.0004826000003959052,5.002172900000005,0.09394669999892358,101,5.001690299999609,0.0009638999981689267,36acd349d34a577c7fadd61f78517c2cb74bd06a490273800c288f341e5785a4,4ccf2642f91c10e5ef78d549cf8ed0088696fccc6f0da27cfce273e5cd458c2d,,"{""config"": {""seed"": 0, ""max_iterations"": null, ""time_limit_seconds"": 5.0, ""fleet_attempts_per_k"": 100, ""fleet_time_fraction"": 0.75, ""fleet_strategy"": ""hybrid"", ""fleet_repair_rounds"": 5, ""fleet_related_count"": 8, ""max_moves"": null, ""construction_order"": ""due"", ""repair_order"": ""due"", ""repair_strategy"": ""cheapest"", ""search_strategy"": ""first"", ""operators"": [""relocate"", ""swap"", ""two_opt"", ""two_opt_star""], ""remove_min"": 3, ""remove_max"": 8, ""restart_after"": 20, ""diagnostics"": false, ""evaluation_mode"": ""incremental"", ""search_backend"": ""native"", ""num_neighbours"": null, ""operator_schedule"": ""cyclic"", ""infeasible_search"": false, ""adaptive_penalties"": true, ""penalty_update_interval"": 10, ""penalty_target_feasible"": 0.5, ""penalty_max_moves"": 8}, ""backend"": ""native"", ""native"": {""api_version"": 1, ""build_info"": ""compiler=MSVC 195035722; cxx_standard=17; api_version=1"", ""binary"": ""_native.cp312-win_amd64.pyd"", ""binary_sha256"": ""604462f386c003e397cd55934c67735731d9683e762902ff4d23fad1f410c0bb""}, ""stop_reason"": ""time_limit"", ""initial_distance_ticks"": 1870139, ""fleet"": {""lower_bound"": 9, ""stop_reason"": ""target_not_found"", ""targets"": [{""target"": 16, ""trials"": 2, ""repair_rounds"": 2, ""elapsed_seconds"": 0.007011399997281842, ""first_feasible_seconds"": 0.007011399997281842, ""status"": ""found""}, {""target"": 15, ""trials"": 2, ""repair_rounds"": 5, ""elapsed_seconds"": 0.015442200005054474, ""first_feasible_seconds"": 0.015442200005054474, ""status"": ""found""}, {""target"": 14, ""trials"": 48, ""repair_rounds"": 143, ""elapsed_seconds"": 0.5080999000056181, ""first_feasible_seconds"": 0.5080999000056181, ""status"": ""found""}, {""target"": 13, ""trials"": 100, ""repair_rounds"": 300, ""elapsed_seconds"": 1.092245300002105, ""first_feasible_seconds"": null, ""status"": ""not_found""}]}, ""milestones"": [{""vehicles"": 16, ""distance"": 1800334, ""elapsed_seconds"": 0.10153590000118129}, {""vehicles"": 15, ""distance"": 1726598, ""elapsed_seconds"": 0.11726859999907902}, {""vehicles"": 14, ""distance"": 1716224, ""elapsed_seconds"": 0.6256575000006706}]}",results/5s/RC102/ours-seed-0.json
pyvrp,RC102,5.0,0,25,12651626,feasible,True,16,1611129,1611.129,0.0011114000008092262,5.002861599998141,4.995072900004743,0.00046659999497933313,5.006309499993222,,752,5.0058428999982425,0.0018698999992921017,36acd349d34a577c7fadd61f78517c2cb74bd06a490273800c288f341e5785a4,4ccf2642f91c10e5ef78d549cf8ed0088696fccc6f0da27cfce273e5cd458c2d,,"{""version"": ""0.13.0a0"", ""algorithm"": ""local checkout IteratedLocalSearch"", ""time_limit_clock"": ""anchored before solve(), including initial solution and search setup"", ""seed_supported"": true, ""fixed_vehicle_cost"": 12651626, ""internal_feasible"": true, ""scalar_objective"": 204037145, ""internal_distance_ticks"": 1611129, ""internal_vehicles"": 16}",results/5s/RC102/pyvrp-seed-0.json
gurobi,RC103,5.0,0,25,12651626,time_limit,True,17,1839651,1839.651,0.7733296999940649,5.002852099998563,5.004000186920166,0.0007923000011942349,5.799786999996286,2.8996225999944727,,5.798994699995092,0.02281290000246372,00f384138274d5d2bff5c41601db17cc4ad0cfc6315c27e223d4477bf435cc2d,4ccf2642f91c10e5ef78d549cf8ed0088696fccc6f0da27cfce273e5cd458c2d,,"{""backend"": ""gurobi"", ""gurobi_version"": [13, 0, 0], ""vehicle_weight"": 12651626, ""max_vehicles"": 25, ""distance_upper_bound"": 12651625, ""objective_upper_bound"": 328942275, ""cold_start"": true, ""threads"": 1, ""seed"": 0, ""seed_supported"": true, ""mip_gap_target"": 0.0, ""variable_count"": 8115, ""constraint_count"": 23247, ""arc_count"": 7815, ""gurobi_status_code"": 9, ""status"": ""time_limit"", ""incumbent_count"": 10, ""node_count"": 1.0, ""iteration_count"": 3714.0, ""objective_bound"": 19681844.94411467, ""objective_bound_continuous"": 19681844.94411467, ""objective"": 216917293.0, ""scalar_objective"": 216917293, ""raw_objective_minus_integral_route_objective"": 0.0, ""mip_gap"": 0.9092656713906406}",results/5s/RC103/gurobi-seed-0.json
ortools,RC103,5.0,0,25,12651626,found,True,12,1372419,1372.419,0.002807199998642318,5.000348399997165,5.0,0.0005085000011604279,5.0059110000001965,0.025761599994439166,,5.005402499999036,0.0022469000032288022,00f384138274d5d2bff5c41601db17cc4ad0cfc6315c27e223d4477bf435cc2d,4ccf2642f91c10e5ef78d549cf8ed0088696fccc6f0da27cfce273e5cd458c2d,,"{""ortools_version"": ""9.15.6755"", ""requested_seed"": 0, ""cp_solver_reseed_applied"": true, ""seed_api"": ""pywrapcp.Solver.ReSeed"", ""seed_semantics"": ""Applied to the underlying CP Solver RNG; RoutingSearchParameters has no random_seed field. This does not claim control over every routing-search randomness source."", ""warm_start"": false, ""vehicle_limit"": 25, ""vehicle_fixed_cost"": 12651626, ""max_solution_distance_bound"": 12651625, ""objective_value"": 153191931, ""solver_assignment_objective"": 153191931, ""scalar_objective"": 153191931, ""objective_lower_bound"": 114324039, ""objective_gap_to_lower_bound"": 38867892, ""lower_bound_components"": {""vehicles"": 9, ""distance_ticks"": 459405, ""distance_bound_method"": ""sum of each customer's minimum incoming arc""}, ""routing_status_code"": 1, ""routing_status"": ""ROUTING_SUCCESS"", ""optimality_proven"": false, ""first_solution_strategy"": ""PARALLEL_CHEAPEST_INSERTION"", ""local_search_metaheuristic"": ""GUIDED_LOCAL_SEARCH"", ""search_workers"": 1, ""search_worker_setting"": ""Routing CP exposes no worker-count parameter; one CP search was run."", ""search_time_limit_seconds"": 5.0, ""time_limit_scope"": ""SolveWithParameters call only; model preparation is separate"", ""first_feasible_seconds"": 0.025761599994439166, ""distance_ticks"": 1372419}",results/5s/RC103/ortools-seed-0.json
ours,RC103,5.0,0,25,12651626,feasible,True,12,1357957,1357.957,5.3499999921768904e-05,5.001283199999307,5.001203500003612,0.00040040000021690503,5.003128900003503,0.10410840000258759,88,5.002728500003286,0.0013918000040575862,00f384138274d5d2bff5c41601db17cc4ad0cfc6315c27e223d4477bf435cc2d,4ccf2642f91c10e5ef78d549cf8ed0088696fccc6f0da27cfce273e5cd458c2d,,"{""config"": {""seed"": 0, ""max_iterations"": null, ""time_limit_seconds"": 5.0, ""fleet_attempts_per_k"": 100, ""fleet_time_fraction"": 0.75, ""fleet_strategy"": ""hybrid"", ""fleet_repair_rounds"": 5, ""fleet_related_count"": 8, ""max_moves"": null, ""construction_order"": ""due"", ""repair_order"": ""due"", ""repair_strategy"": ""cheapest"", ""search_strategy"": ""first"", ""operators"": [""relocate"", ""swap"", ""two_opt"", ""two_opt_star""], ""remove_min"": 3, ""remove_max"": 8, ""restart_after"": 20, ""diagnostics"": false, ""evaluation_mode"": ""incremental"", ""search_backend"": ""native"", ""num_neighbours"": null, ""operator_schedule"": ""cyclic"", ""infeasible_search"": false, ""adaptive_penalties"": true, ""penalty_update_interval"": 10, ""penalty_target_feasible"": 0.5, ""penalty_max_moves"": 8}, ""backend"": ""native"", ""native"": {""api_version"": 1, ""build_info"": ""compiler=MSVC 195035722; cxx_standard=17; api_version=1"", ""binary"": ""_native.cp312-win_amd64.pyd"", ""binary_sha256"": ""604462f386c003e397cd55934c67735731d9683e762902ff4d23fad1f410c0bb""}, ""stop_reason"": ""time_limit"", ""initial_distance_ticks"": 1952068, ""fleet"": {""lower_bound"": 9, ""stop_reason"": ""target_not_found"", ""targets"": [{""target"": 12, ""trials"": 21, ""repair_rounds"": 61, ""elapsed_seconds"": 0.277778000003309, ""first_feasible_seconds"": 0.277778000003309, ""status"": ""found""}, {""target"": 11, ""trials"": 100, ""repair_rounds"": 300, ""elapsed_seconds"": 1.2411110000030021, ""first_feasible_seconds"": null, ""status"": ""not_found""}]}, ""milestones"": [{""vehicles"": 12, ""distance"": 1735736, ""elapsed_seconds"": 0.38244159999885596}]}",results/5s/RC103/ours-seed-0.json
pyvrp,RC103,5.0,0,25,12651626,feasible,True,16,1524202,1524.202,0.0011202000023331493,5.002144300000509,4.993698699996457,0.0013686000020243227,5.006375899996783,,761,5.005007299994759,0.0017427999919163994,00f384138274d5d2bff5c41601db17cc4ad0cfc6315c27e223d4477bf435cc2d,4ccf2642f91c10e5ef78d549cf8ed0088696fccc6f0da27cfce273e5cd458c2d,,"{""version"": ""0.13.0a0"", ""algorithm"": ""local checkout IteratedLocalSearch"", ""time_limit_clock"": ""anchored before solve(), including initial solution and search setup"", ""seed_supported"": true, ""fixed_vehicle_cost"": 12651626, ""internal_feasible"": true, ""scalar_objective"": 203950218, ""internal_distance_ticks"": 1524202, ""internal_vehicles"": 16}",results/5s/RC103/pyvrp-seed-0.json
gurobi,RC104,5.0,0,25,12651626,time_limit,True,15,1643714,1643.714,0.9071698999978253,5.0044324999980745,5.004999876022339,0.0007207999951788224,5.9571550999971805,5.177495800002362,,5.956434300002002,0.04483190000610193,d150b2d61049a488fb89a2320c197d81a7ef9a1864abbbaea1d13a2b451253ee,4ccf2642f91c10e5ef78d549cf8ed0088696fccc6f0da27cfce273e5cd458c2d,,"{""backend"": ""gurobi"", ""gurobi_version"": [13, 0, 0], ""vehicle_weight"": 12651626, ""max_vehicles"": 25, ""distance_upper_bound"": 12651625, ""objective_upper_bound"": 328942275, ""cold_start"": true, ""threads"": 1, ""seed"": 0, ""seed_supported"": true, ""mip_gap_target"": 0.0, ""variable_count"": 9569, ""constraint_count"": 27609, ""arc_count"": 9269, ""gurobi_status_code"": 9, ""status"": ""time_limit"", ""incumbent_count"": 10, ""node_count"": 1.0, ""iteration_count"": 2765.0, ""objective_bound"": 620103.4090908127, ""objective_bound_continuous"": 620103.4090908127, ""objective"": 191418104.0, ""scalar_objective"": 191418104, ""raw_objective_minus_integral_route_objective"": 0.0, ""mip_gap"": 0.9967604766940392}",results/5s/RC104/gurobi-seed-0.json
ortools,RC104,5.0,0,25,12651626,found,True,11,1216161,1216.161,0.003943499999877531,5.000298200000543,5.0,0.0005219000013312325,5.006017799998517,0.02632790000643581,,5.005495899997186,0.0012541999967652373,d150b2d61049a488fb89a2320c197d81a7ef9a1864abbbaea1d13a2b451253ee,4ccf2642f91c10e5ef78d549cf8ed0088696fccc6f0da27cfce273e5cd458c2d,,"{""ortools_version"": ""9.15.6755"", ""requested_seed"": 0, ""cp_solver_reseed_applied"": true, ""seed_api"": ""pywrapcp.Solver.ReSeed"", ""seed_semantics"": ""Applied to the underlying CP Solver RNG; RoutingSearchParameters has no random_seed field. This does not claim control over every routing-search randomness source."", ""warm_start"": false, ""vehicle_limit"": 25, ""vehicle_fixed_cost"": 12651626, ""max_solution_distance_bound"": 12651625, ""objective_value"": 140384047, ""solver_assignment_objective"": 140384047, ""scalar_objective"": 140384047, ""objective_lower_bound"": 114324039, ""objective_gap_to_lower_bound"": 26060008, ""lower_bound_components"": {""vehicles"": 9, ""distance_ticks"": 459405, ""distance_bound_method"": ""sum of each customer's minimum incoming arc""}, ""routing_status_code"": 1, ""routing_status"": ""ROUTING_SUCCESS"", ""optimality_proven"": false, ""first_solution_strategy"": ""PARALLEL_CHEAPEST_INSERTION"", ""local_search_metaheuristic"": ""GUIDED_LOCAL_SEARCH"", ""search_workers"": 1, ""search_worker_setting"": ""Routing CP exposes no worker-count parameter; one CP search was run."", ""search_time_limit_seconds"": 5.0, ""time_limit_scope"": ""SolveWithParameters call only; model preparation is separate"", ""first_feasible_seconds"": 0.02632790000643581, ""distance_ticks"": 1216161}",results/5s/RC104/ortools-seed-0.json
ours,RC104,5.0,0,25,12651626,feasible,True,11,1211293,1211.293,5.5900003644637764e-05,5.000815200000943,5.000759200003813,0.000491600003442727,5.002190999999584,0.10578890000033425,109,5.001699399996141,0.0008282999915536493,d150b2d61049a488fb89a2320c197d81a7ef9a1864abbbaea1d13a2b451253ee,4ccf2642f91c10e5ef78d549cf8ed0088696fccc6f0da27cfce273e5cd458c2d,,"{""config"": {""seed"": 0, ""max_iterations"": null, ""time_limit_seconds"": 5.0, ""fleet_attempts_per_k"": 100, ""fleet_time_fraction"": 0.75, ""fleet_strategy"": ""hybrid"", ""fleet_repair_rounds"": 5, ""fleet_related_count"": 8, ""max_moves"": null, ""construction_order"": ""due"", ""repair_order"": ""due"", ""repair_strategy"": ""cheapest"", ""search_strategy"": ""first"", ""operators"": [""relocate"", ""swap"", ""two_opt"", ""two_opt_star""], ""remove_min"": 3, ""remove_max"": 8, ""restart_after"": 20, ""diagnostics"": false, ""evaluation_mode"": ""incremental"", ""search_backend"": ""native"", ""num_neighbours"": null, ""operator_schedule"": ""cyclic"", ""infeasible_search"": false, ""adaptive_penalties"": true, ""penalty_update_interval"": 10, ""penalty_target_feasible"": 0.5, ""penalty_max_moves"": 8}, ""backend"": ""native"", ""native"": {""api_version"": 1, ""build_info"": ""compiler=MSVC 195035722; cxx_standard=17; api_version=1"", ""binary"": ""_native.cp312-win_amd64.pyd"", ""binary_sha256"": ""604462f386c003e397cd55934c67735731d9683e762902ff4d23fad1f410c0bb""}, ""stop_reason"": ""time_limit"", ""initial_distance_ticks"": 2168692, ""fleet"": {""lower_bound"": 9, ""stop_reason"": ""target_not_found"", ""targets"": [{""target"": 13, ""trials"": 1, ""repair_rounds"": 1, ""elapsed_seconds"": 0.011550000002898742, ""first_feasible_seconds"": 0.011550000002898742, ""status"": ""found""}, {""target"": 12, ""trials"": 1, ""repair_rounds"": 1, ""elapsed_seconds"": 0.011335800001688767, ""first_feasible_seconds"": 0.011335800001688767, ""status"": ""found""}, {""target"": 11, ""trials"": 23, ""repair_rounds"": 67, ""elapsed_seconds"": 0.30970739999611396, ""first_feasible_seconds"": 0.30970739999611396, ""status"": ""found""}, {""target"": 10, ""trials"": 100, ""repair_rounds"": 300, ""elapsed_seconds"": 1.3477143999989494, ""first_feasible_seconds"": null, ""status"": ""not_found""}]}, ""milestones"": [{""vehicles"": 13, ""distance"": 1605324, ""elapsed_seconds"": 0.11800100000255043}, {""vehicles"": 12, ""distance"": 1624060, ""elapsed_seconds"": 0.12966790000064066}, {""vehicles"": 11, ""distance"": 1465555, ""elapsed_seconds"": 0.43964710000000196}]}",results/5s/RC104/ours-seed-0.json
pyvrp,RC104,5.0,0,25,12651626,feasible,True,12,1262966,1262.966,0.0011067000014008954,5.0005192000026,4.99264409999887,0.0005326999962562695,5.004195899993647,,880,5.003663199997391,0.0020372999933897518,d150b2d61049a488fb89a2320c197d81a7ef9a1864abbbaea1d13a2b451253ee,4ccf2642f91c10e5ef78d549cf8ed0088696fccc6f0da27cfce273e5cd458c2d,,"{""version"": ""0.13.0a0"", ""algorithm"": ""local checkout IteratedLocalSearch"", ""time_limit_clock"": ""anchored before solve(), including initial solution and search setup"", ""seed_supported"": true, ""fixed_vehicle_cost"": 12651626, ""internal_feasible"": true, ""scalar_objective"": 153082478, ""internal_distance_ticks"": 1262966, ""internal_vehicles"": 12}",results/5s/RC104/pyvrp-seed-0.json
gurobi,RC105,5.0,0,25,12651626,time_limit,False,,,,0.5036955999967176,5.001190200004203,5.0,2.6999987312592566e-06,5.515428600003361,,,5.5154259000046295,0.010540100003709085,b9e912625c1ed80d2f565e0799ade2f4b17bf4f95056322ca23f1a21b37e7a49,4ccf2642f91c10e5ef78d549cf8ed0088696fccc6f0da27cfce273e5cd458c2d,,"{""backend"": ""gurobi"", ""gurobi_version"": [13, 0, 0], ""vehicle_weight"": 12651626, ""max_vehicles"": 25, ""distance_upper_bound"": 12651625, ""objective_upper_bound"": 328942275, ""cold_start"": true, ""threads"": 1, ""seed"": 0, ""seed_supported"": true, ""mip_gap_target"": 0.0, ""variable_count"": 5537, ""constraint_count"": 15513, ""arc_count"": 5237, ""gurobi_status_code"": 9, ""status"": ""time_limit"", ""incumbent_count"": 0, ""node_count"": 1.0, ""iteration_count"": 7658.0, ""objective_bound"": 61067066.682047665, ""objective_bound_continuous"": 61067066.682047665}",results/5s/RC105/gurobi-seed-0.json
ortools,RC105,5.0,0,25,12651626,found,True,16,1613306,1613.306,0.0024271000002045184,5.007477400002244,5.007,0.0005407999997260049,5.011615099996561,0.025492900000244845,,5.011074299996835,0.001169799994386267,b9e912625c1ed80d2f565e0799ade2f4b17bf4f95056322ca23f1a21b37e7a49,4ccf2642f91c10e5ef78d549cf8ed0088696fccc6f0da27cfce273e5cd458c2d,,"{""ortools_version"": ""9.15.6755"", ""requested_seed"": 0, ""cp_solver_reseed_applied"": true, ""seed_api"": ""pywrapcp.Solver.ReSeed"", ""seed_semantics"": ""Applied to the underlying CP Solver RNG; RoutingSearchParameters has no random_seed field. This does not claim control over every routing-search randomness source."", ""warm_start"": false, ""vehicle_limit"": 25, ""vehicle_fixed_cost"": 12651626, ""max_solution_distance_bound"": 12651625, ""objective_value"": 204039322, ""solver_assignment_objective"": 204039322, ""scalar_objective"": 204039322, ""objective_lower_bound"": 114324039, ""objective_gap_to_lower_bound"": 89715283, ""lower_bound_components"": {""vehicles"": 9, ""distance_ticks"": 459405, ""distance_bound_method"": ""sum of each customer's minimum incoming arc""}, ""routing_status_code"": 1, ""routing_status"": ""ROUTING_SUCCESS"", ""optimality_proven"": false, ""first_solution_strategy"": ""PARALLEL_CHEAPEST_INSERTION"", ""local_search_metaheuristic"": ""GUIDED_LOCAL_SEARCH"", ""search_workers"": 1, ""search_worker_setting"": ""Routing CP exposes no worker-count parameter; one CP search was run."", ""search_time_limit_seconds"": 5.0, ""time_limit_scope"": ""SolveWithParameters call only; model preparation is separate"", ""first_feasible_seconds"": 0.025492900000244845, ""distance_ticks"": 1613306}",results/5s/RC105/ortools-seed-0.json
ours,RC105,5.0,0,25,12651626,feasible,True,14,1727850,1727.85,7.840000034775585e-05,5.000503100003698,5.0004273999948055,0.0005253999988781288,5.001913699998113,0.09028579999721842,106,5.001388299999235,0.000806799995189067,b9e912625c1ed80d2f565e0799ade2f4b17bf4f95056322ca23f1a21b37e7a49,4ccf2642f91c10e5ef78d549cf8ed0088696fccc6f0da27cfce273e5cd458c2d,,"{""config"": {""seed"": 0, ""max_iterations"": null, ""time_limit_seconds"": 5.0, ""fleet_attempts_per_k"": 100, ""fleet_time_fraction"": 0.75, ""fleet_strategy"": ""hybrid"", ""fleet_repair_rounds"": 5, ""fleet_related_count"": 8, ""max_moves"": null, ""construction_order"": ""due"", ""repair_order"": ""due"", ""repair_strategy"": ""cheapest"", ""search_strategy"": ""first"", ""operators"": [""relocate"", ""swap"", ""two_opt"", ""two_opt_star""], ""remove_min"": 3, ""remove_max"": 8, ""restart_after"": 20, ""diagnostics"": false, ""evaluation_mode"": ""incremental"", ""search_backend"": ""native"", ""num_neighbours"": null, ""operator_schedule"": ""cyclic"", ""infeasible_search"": false, ""adaptive_penalties"": true, ""penalty_update_interval"": 10, ""penalty_target_feasible"": 0.5, ""penalty_max_moves"": 8}, ""backend"": ""native"", ""native"": {""api_version"": 1, ""build_info"": ""compiler=MSVC 195035722; cxx_standard=17; api_version=1"", ""binary"": ""_native.cp312-win_amd64.pyd"", ""binary_sha256"": ""604462f386c003e397cd55934c67735731d9683e762902ff4d23fad1f410c0bb""}, ""stop_reason"": ""time_limit"", ""initial_distance_ticks"": 2128736, ""fleet"": {""lower_bound"": 9, ""stop_reason"": ""target_not_found"", ""targets"": [{""target"": 16, ""trials"": 4, ""repair_rounds"": 11, ""elapsed_seconds"": 0.03957329999684589, ""first_feasible_seconds"": 0.03957329999684589, ""status"": ""found""}, {""target"": 15, ""trials"": 2, ""repair_rounds"": 4, ""elapsed_seconds"": 0.011161800000991207, ""first_feasible_seconds"": 0.011161800000991207, ""status"": ""found""}, {""target"": 14, ""trials"": 14, ""repair_rounds"": 41, ""elapsed_seconds"": 0.15158990000054473, ""first_feasible_seconds"": 0.15158990000054473, ""status"": ""found""}, {""target"": 13, ""trials"": 100, ""repair_rounds"": 300, ""elapsed_seconds"": 1.1506377000041539, ""first_feasible_seconds"": null, ""status"": ""not_found""}]}, ""milestones"": [{""vehicles"": 16, ""distance"": 2081591, ""elapsed_seconds"": 0.1304997999977786}, {""vehicles"": 15, ""distance"": 2030056, ""elapsed_seconds"": 0.14198339999711607}, {""vehicles"": 14, ""distance"": 1995938, ""elapsed_seconds"": 0.29384989999380196}]}",results/5s/RC105/ours-seed-0.json
pyvrp,RC105,5.0,0,25,12651626,feasible,True,18,1642197,1642.197,0.001193500000226777,5.005556699994486,4.997134600002028,0.0005458000014186837,5.009650200001488,,798,5.009104400000069,0.002354200005356688,b9e912625c1ed80d2f565e0799ade2f4b17bf4f95056322ca23f1a21b37e7a49,4ccf2642f91c10e5ef78d549cf8ed0088696fccc6f0da27cfce273e5cd458c2d,,"{""version"": ""0.13.0a0"", ""algorithm"": ""local checkout IteratedLocalSearch"", ""time_limit_clock"": ""anchored before solve(), including initial solution and search setup"", ""seed_supported"": true, ""fixed_vehicle_cost"": 12651626, ""internal_feasible"": true, ""scalar_objective"": 229371465, ""internal_distance_ticks"": 1642197, ""internal_vehicles"": 18}",results/5s/RC105/pyvrp-seed-0.json
gurobi,RC106,5.0,0,25,12651626,time_limit,True,18,1876861,1876.861,0.541634499997599,5.005844100000104,5.00600004196167,0.0009847999972407706,5.569518899996183,3.3298183000006247,,5.568534099998942,0.021055500001239125,bf016ffc567af2d108570357daf1d0cabb7f680c0bd977d2e4366787683fdbaf,4ccf2642f91c10e5ef78d549cf8ed0088696fccc6f0da27cfce273e5cd458c2d,,"{""backend"": ""gurobi"", ""gurobi_version"": [13, 0, 0], ""vehicle_weight"": 12651626, ""max_vehicles"": 25, ""distance_upper_bound"": 12651625, ""objective_upper_bound"": 328942275, ""cold_start"": true, ""threads"": 1, ""seed"": 0, ""seed_supported"": true, ""mip_gap_target"": 0.0, ""variable_count"": 5677, ""constraint_count"": 15933, ""arc_count"": 5377, ""gurobi_status_code"": 9, ""status"": ""time_limit"", ""incumbent_count"": 10, ""node_count"": 1.0, ""iteration_count"": 6611.0, ""objective_bound"": 887039.3266050266, ""objective_bound_continuous"": 887039.3266050266, ""objective"": 229606129.0, ""scalar_objective"": 229606129, ""raw_objective_minus_integral_route_objective"": 0.0, ""mip_gap"": 0.9961366914268869}",results/5s/RC106/gurobi-seed-0.json
ortools,RC106,5.0,0,25,12651626,found,True,14,1537327,1537.327,0.0023915999991004355,5.0008143999948516,5.001,0.0007583000042359345,5.005248700006632,0.023954699994646944,,5.004490400002396,0.0012844000084442087,bf016ffc567af2d108570357daf1d0cabb7f680c0bd977d2e4366787683fdbaf,4ccf2642f91c10e5ef78d549cf8ed0088696fccc6f0da27cfce273e5cd458c2d,,"{""ortools_version"": ""9.15.6755"", ""requested_seed"": 0, ""cp_solver_reseed_applied"": true, ""seed_api"": ""pywrapcp.Solver.ReSeed"", ""seed_semantics"": ""Applied to the underlying CP Solver RNG; RoutingSearchParameters has no random_seed field. This does not claim control over every routing-search randomness source."", ""warm_start"": false, ""vehicle_limit"": 25, ""vehicle_fixed_cost"": 12651626, ""max_solution_distance_bound"": 12651625, ""objective_value"": 178660091, ""solver_assignment_objective"": 178660091, ""scalar_objective"": 178660091, ""objective_lower_bound"": 114324039, ""objective_gap_to_lower_bound"": 64336052, ""lower_bound_components"": {""vehicles"": 9, ""distance_ticks"": 459405, ""distance_bound_method"": ""sum of each customer's minimum incoming arc""}, ""routing_status_code"": 1, ""routing_status"": ""ROUTING_SUCCESS"", ""optimality_proven"": false, ""first_solution_strategy"": ""PARALLEL_CHEAPEST_INSERTION"", ""local_search_metaheuristic"": ""GUIDED_LOCAL_SEARCH"", ""search_workers"": 1, ""search_worker_setting"": ""Routing CP exposes no worker-count parameter; one CP search was run."", ""search_time_limit_seconds"": 5.0, ""time_limit_scope"": ""SolveWithParameters call only; model preparation is separate"", ""first_feasible_seconds"": 0.023954699994646944, ""distance_ticks"": 1537327}",results/5s/RC106/ortools-seed-0.json
ours,RC106,5.0,0,25,12651626,feasible,True,14,1478872,1478.872,5.509999755304307e-05,5.000517299995408,5.00046250000014,0.0004957999990438111,5.0018733000033535,0.08950999999797205,120,5.00137750000431,0.0008051000113482587,bf016ffc567af2d108570357daf1d0cabb7f680c0bd977d2e4366787683fdbaf,4ccf2642f91c10e5ef78d549cf8ed0088696fccc6f0da27cfce273e5cd458c2d,,"{""config"": {""seed"": 0, ""max_iterations"": null, ""time_limit_seconds"": 5.0, ""fleet_attempts_per_k"": 100, ""fleet_time_fraction"": 0.75, ""fleet_strategy"": ""hybrid"", ""fleet_repair_rounds"": 5, ""fleet_related_count"": 8, ""max_moves"": null, ""construction_order"": ""due"", ""repair_order"": ""due"", ""repair_strategy"": ""cheapest"", ""search_strategy"": ""first"", ""operators"": [""relocate"", ""swap"", ""two_opt"", ""two_opt_star""], ""remove_min"": 3, ""remove_max"": 8, ""restart_after"": 20, ""diagnostics"": false, ""evaluation_mode"": ""incremental"", ""search_backend"": ""native"", ""num_neighbours"": null, ""operator_schedule"": ""cyclic"", ""infeasible_search"": false, ""adaptive_penalties"": true, ""penalty_update_interval"": 10, ""penalty_target_feasible"": 0.5, ""penalty_max_moves"": 8}, ""backend"": ""native"", ""native"": {""api_version"": 1, ""build_info"": ""compiler=MSVC 195035722; cxx_standard=17; api_version=1"", ""binary"": ""_native.cp312-win_amd64.pyd"", ""binary_sha256"": ""604462f386c003e397cd55934c67735731d9683e762902ff4d23fad1f410c0bb""}, ""stop_reason"": ""time_limit"", ""initial_distance_ticks"": 2338749, ""fleet"": {""lower_bound"": 9, ""stop_reason"": ""target_not_found"", ""targets"": [{""target"": 17, ""trials"": 1, ""repair_rounds"": 1, ""elapsed_seconds"": 0.01114640000014333, ""first_feasible_seconds"": 0.01114640000014333, ""status"": ""found""}, {""target"": 16, ""trials"": 1, ""repair_rounds"": 1, ""elapsed_seconds"": 0.010288800003763754, ""first_feasible_seconds"": 0.010288800003763754, ""status"": ""found""}, {""target"": 15, ""trials"": 2, ""repair_rounds"": 2, ""elapsed_seconds"": 0.007946499994432088, ""first_feasible_seconds"": 0.007946499994432088, ""status"": ""found""}, {""target"": 14, ""trials"": 2, ""repair_rounds"": 4, ""elapsed_seconds"": 0.012105100002372637, ""first_feasible_seconds"": 0.012105100002372637, ""status"": ""found""}, {""target"": 13, ""trials"": 100, ""repair_rounds"": 300, ""elapsed_seconds"": 1.1931889999978011, ""first_feasible_seconds"": null, ""status"": ""not_found""}]}, ""milestones"": [{""vehicles"": 17, ""distance"": 1687340, ""elapsed_seconds"": 0.10126469999522669}, {""vehicles"": 16, ""distance"": 1799128, ""elapsed_seconds"": 0.11183019999589305}, {""vehicles"": 15, ""distance"": 1798810, ""elapsed_seconds"": 0.12005469999712659}, {""vehicles"": 14, ""distance"": 1681259, ""elapsed_seconds"": 0.13243769999826327}]}",results/5s/RC106/ours-seed-0.json
pyvrp,RC106,5.0,0,25,12651626,feasible,True,14,1504648,1504.648,0.000913099996978417,5.000233999999182,4.992383600001631,0.0005244999993010424,5.003609999999753,,864,5.003085500000452,0.001938400004291907,bf016ffc567af2d108570357daf1d0cabb7f680c0bd977d2e4366787683fdbaf,4ccf2642f91c10e5ef78d549cf8ed0088696fccc6f0da27cfce273e5cd458c2d,,"{""version"": ""0.13.0a0"", ""algorithm"": ""local checkout IteratedLocalSearch"", ""time_limit_clock"": ""anchored before solve(), including initial solution and search setup"", ""seed_supported"": true, ""fixed_vehicle_cost"": 12651626, ""internal_feasible"": true, ""scalar_objective"": 178627412, ""internal_distance_ticks"": 1504648, ""internal_vehicles"": 14}",results/5s/RC106/pyvrp-seed-0.json
gurobi,RC107,5.0,0,25,12651626,time_limit,True,16,1624563,1624.563,0.73589670000365,5.002181399999245,5.002000093460083,0.0005246000000624917,5.765357900003437,1.3387520000032964,,5.7648333000033745,0.026755200000479817,fff3fd68d110671ed442575f07cc547291586f30b00c5f73934d521d31311582,4ccf2642f91c10e5ef78d549cf8ed0088696fccc6f0da27cfce273e5cd458c2d,,"{""backend"": ""gurobi"", ""gurobi_version"": [13, 0, 0], ""vehicle_weight"": 12651626, ""max_vehicles"": 25, ""distance_upper_bound"": 12651625, ""objective_upper_bound"": 328942275, ""cold_start"": true, ""threads"": 1, ""seed"": 0, ""seed_supported"": true, ""mip_gap_target"": 0.0, ""variable_count"": 7835, ""constraint_count"": 22407, ""arc_count"": 7535, ""gurobi_status_code"": 9, ""status"": ""time_limit"", ""incumbent_count"": 10, ""node_count"": 1.0, ""iteration_count"": 2730.0, ""objective_bound"": 642375.1395935925, ""objective_bound_continuous"": 642375.1395935925, ""objective"": 204050579.0, ""scalar_objective"": 204050579, ""raw_objective_minus_integral_route_objective"": 0.0, ""mip_gap"": 0.996851882789347}",results/5s/RC107/gurobi-seed-0.json
ortools,RC107,5.0,0,25,12651626,found,True,12,1403567,1403.567,0.0021447000035550445,4.999777599994559,5.0,0.0007001999983913265,5.003742299995793,0.02437639999698149,,5.003042099997401,0.001119799999287352,fff3fd68d110671ed442575f07cc547291586f30b00c5f73934d521d31311582,4ccf2642f91c10e5ef78d549cf8ed0088696fccc6f0da27cfce273e5cd458c2d,,"{""ortools_version"": ""9.15.6755"", ""requested_seed"": 0, ""cp_solver_reseed_applied"": true, ""seed_api"": ""pywrapcp.Solver.ReSeed"", ""seed_semantics"": ""Applied to the underlying CP Solver RNG; RoutingSearchParameters has no random_seed field. This does not claim control over every routing-search randomness source."", ""warm_start"": false, ""vehicle_limit"": 25, ""vehicle_fixed_cost"": 12651626, ""max_solution_distance_bound"": 12651625, ""objective_value"": 153223079, ""solver_assignment_objective"": 153223079, ""scalar_objective"": 153223079, ""objective_lower_bound"": 114324039, ""objective_gap_to_lower_bound"": 38899040, ""lower_bound_components"": {""vehicles"": 9, ""distance_ticks"": 459405, ""distance_bound_method"": ""sum of each customer's minimum incoming arc""}, ""routing_status_code"": 1, ""routing_status"": ""ROUTING_SUCCESS"", ""optimality_proven"": false, ""first_solution_strategy"": ""PARALLEL_CHEAPEST_INSERTION"", ""local_search_metaheuristic"": ""GUIDED_LOCAL_SEARCH"", ""search_workers"": 1, ""search_worker_setting"": ""Routing CP exposes no worker-count parameter; one CP search was run."", ""search_time_limit_seconds"": 5.0, ""time_limit_scope"": ""SolveWithParameters call only; model preparation is separate"", ""first_feasible_seconds"": 0.02437639999698149, ""distance_ticks"": 1403567}",results/5s/RC107/ortools-seed-0.json
ours,RC107,5.0,0,25,12651626,feasible,True,12,1346825,1346.825,6.22000006842427e-05,5.000868299997819,5.000807900003565,0.0005537000033655204,5.002250600002299,0.11023949999798788,88,5.001696899998933,0.0007664000004297122,fff3fd68d110671ed442575f07cc547291586f30b00c5f73934d521d31311582,4ccf2642f91c10e5ef78d549cf8ed0088696fccc6f0da27cfce273e5cd458c2d,,"{""config"": {""seed"": 0, ""max_iterations"": null, ""time_limit_seconds"": 5.0, ""fleet_attempts_per_k"": 100, ""fleet_time_fraction"": 0.75, ""fleet_strategy"": ""hybrid"", ""fleet_repair_rounds"": 5, ""fleet_related_count"": 8, ""max_moves"": null, ""construction_order"": ""due"", ""repair_order"": ""due"", ""repair_strategy"": ""cheapest"", ""search_strategy"": ""first"", ""operators"": [""relocate"", ""swap"", ""two_opt"", ""two_opt_star""], ""remove_min"": 3, ""remove_max"": 8, ""restart_after"": 20, ""diagnostics"": false, ""evaluation_mode"": ""incremental"", ""search_backend"": ""native"", ""num_neighbours"": null, ""operator_schedule"": ""cyclic"", ""infeasible_search"": false, ""adaptive_penalties"": true, ""penalty_update_interval"": 10, ""penalty_target_feasible"": 0.5, ""penalty_max_moves"": 8}, ""backend"": ""native"", ""native"": {""api_version"": 1, ""build_info"": ""compiler=MSVC 195035722; cxx_standard=17; api_version=1"", ""binary"": ""_native.cp312-win_amd64.pyd"", ""binary_sha256"": ""604462f386c003e397cd55934c67735731d9683e762902ff4d23fad1f410c0bb""}, ""stop_reason"": ""time_limit"", ""initial_distance_ticks"": 2430363, ""fleet"": {""lower_bound"": 9, ""stop_reason"": ""target_not_found"", ""targets"": [{""target"": 16, ""trials"": 1, ""repair_rounds"": 1, ""elapsed_seconds"": 0.01143949999823235, ""first_feasible_seconds"": 0.01143949999823235, ""status"": ""found""}, {""target"": 15, ""trials"": 1, ""repair_rounds"": 1, ""elapsed_seconds"": 0.011532600001373794, ""first_feasible_seconds"": 0.011532600001373794, ""status"": ""found""}, {""target"": 14, ""trials"": 1, ""repair_rounds"": 1, ""elapsed_seconds"": 0.010925299997325055, ""first_feasible_seconds"": 0.010925299997325055, ""status"": ""found""}, {""target"": 13, ""trials"": 6, ""repair_rounds"": 14, ""elapsed_seconds"": 0.05498570000054315, ""first_feasible_seconds"": 0.05498570000054315, ""status"": ""found""}, {""target"": 12, ""trials"": 64, ""repair_rounds"": 192, ""elapsed_seconds"": 0.7669138999990537, ""first_feasible_seconds"": 0.7669138999990537, ""status"": ""found""}, {""target"": 11, ""trials"": 100, ""repair_rounds"": 300, ""elapsed_seconds"": 1.2273701000012807, ""first_feasible_seconds"": null, ""status"": ""not_found""}]}, ""milestones"": [{""vehicles"": 16, ""distance"": 1697325, ""elapsed_seconds"": 0.12222859999747016}, {""vehicles"": 15, ""distance"": 1977716, ""elapsed_seconds"": 0.13404760000412352}, {""vehicles"": 14, ""distance"": 1708249, ""elapsed_seconds"": 0.1452519000013126}, {""vehicles"": 13, ""distance"": 1705395, ""elapsed_seconds"": 0.2005074999979115}, {""vehicles"": 12, ""distance"": 1579713, ""elapsed_seconds"": 0.967697500003851}]}",results/5s/RC107/ours-seed-0.json
pyvrp,RC107,5.0,0,25,12651626,feasible,True,13,1341952,1341.952,0.001015500005451031,5.002789300000586,4.991565900003479,0.0005070999977760948,5.0058677999913925,,843,5.005360699993616,0.0015558999875793234,fff3fd68d110671ed442575f07cc547291586f30b00c5f73934d521d31311582,4ccf2642f91c10e5ef78d549cf8ed0088696fccc6f0da27cfce273e5cd458c2d,,"{""version"": ""0.13.0a0"", ""algorithm"": ""local checkout IteratedLocalSearch"", ""time_limit_clock"": ""anchored before solve(), including initial solution and search setup"", ""seed_supported"": true, ""fixed_vehicle_cost"": 12651626, ""internal_feasible"": true, ""scalar_objective"": 165813090, ""internal_distance_ticks"": 1341952, ""internal_vehicles"": 13}",results/5s/RC107/pyvrp-seed-0.json
gurobi,RC108,5.0,0,25,12651626,time_limit,True,17,1576325,1576.325,0.8965357999986736,5.0039110999932745,5.003000020980835,0.0007269999987329356,5.934467699997185,1.5782382000033977,,5.933740699998452,0.03329380000650417,006bc8817bf09f9a8c66af8d6f088bdec239b2eb435556e9d11193cf456f7aeb,4ccf2642f91c10e5ef78d549cf8ed0088696fccc6f0da27cfce273e5cd458c2d,,"{""backend"": ""gurobi"", ""gurobi_version"": [13, 0, 0], ""vehicle_weight"": 12651626, ""max_vehicles"": 25, ""distance_upper_bound"": 12651625, ""objective_upper_bound"": 328942275, ""cold_start"": true, ""threads"": 1, ""seed"": 0, ""seed_supported"": true, ""mip_gap_target"": 0.0, ""variable_count"": 9605, ""constraint_count"": 27717, ""arc_count"": 9305, ""gurobi_status_code"": 9, ""status"": ""time_limit"", ""incumbent_count"": 10, ""node_count"": 1.0, ""iteration_count"": 1779.0, ""objective_bound"": 578704.244273421, ""objective_bound_continuous"": 578704.244273421, ""objective"": 216653967.0, ""scalar_objective"": 216653967, ""raw_objective_minus_integral_route_objective"": 0.0, ""mip_gap"": 0.9973289007707233}",results/5s/RC108/gurobi-seed-0.json
ortools,RC108,5.0,0,25,12651626,found,True,11,1262519,1262.519,0.002269299999170471,5.008985599997686,5.009,0.0005094000007375143,5.013715900000534,0.025507499995001126,,5.0132064999997965,0.0019516000029398128,006bc8817bf09f9a8c66af8d6f088bdec239b2eb435556e9d11193cf456f7aeb,4ccf2642f91c10e5ef78d549cf8ed0088696fccc6f0da27cfce273e5cd458c2d,,"{""ortools_version"": ""9.15.6755"", ""requested_seed"": 0, ""cp_solver_reseed_applied"": true, ""seed_api"": ""pywrapcp.Solver.ReSeed"", ""seed_semantics"": ""Applied to the underlying CP Solver RNG; RoutingSearchParameters has no random_seed field. This does not claim control over every routing-search randomness source."", ""warm_start"": false, ""vehicle_limit"": 25, ""vehicle_fixed_cost"": 12651626, ""max_solution_distance_bound"": 12651625, ""objective_value"": 140430405, ""solver_assignment_objective"": 140430405, ""scalar_objective"": 140430405, ""objective_lower_bound"": 114324039, ""objective_gap_to_lower_bound"": 26106366, ""lower_bound_components"": {""vehicles"": 9, ""distance_ticks"": 459405, ""distance_bound_method"": ""sum of each customer's minimum incoming arc""}, ""routing_status_code"": 1, ""routing_status"": ""ROUTING_SUCCESS"", ""optimality_proven"": false, ""first_solution_strategy"": ""PARALLEL_CHEAPEST_INSERTION"", ""local_search_metaheuristic"": ""GUIDED_LOCAL_SEARCH"", ""search_workers"": 1, ""search_worker_setting"": ""Routing CP exposes no worker-count parameter; one CP search was run."", ""search_time_limit_seconds"": 5.0, ""time_limit_scope"": ""SolveWithParameters call only; model preparation is separate"", ""first_feasible_seconds"": 0.025507499995001126, ""distance_ticks"": 1262519}",results/5s/RC108/ortools-seed-0.json
ours,RC108,5.0,0,25,12651626,feasible,True,12,1254252,1254.252,5.680000322172418e-05,5.001145700000052,5.001073100000212,0.0005067999954917468,5.002770299994154,0.11557770000217715,100,5.002263499998662,0.0010609999953885563,006bc8817bf09f9a8c66af8d6f088bdec239b2eb435556e9d11193cf456f7aeb,4ccf2642f91c10e5ef78d549cf8ed0088696fccc6f0da27cfce273e5cd458c2d,,"{""config"": {""seed"": 0, ""max_iterations"": null, ""time_limit_seconds"": 5.0, ""fleet_attempts_per_k"": 100, ""fleet_time_fraction"": 0.75, ""fleet_strategy"": ""hybrid"", ""fleet_repair_rounds"": 5, ""fleet_related_count"": 8, ""max_moves"": null, ""construction_order"": ""due"", ""repair_order"": ""due"", ""repair_strategy"": ""cheapest"", ""search_strategy"": ""first"", ""operators"": [""relocate"", ""swap"", ""two_opt"", ""two_opt_star""], ""remove_min"": 3, ""remove_max"": 8, ""restart_after"": 20, ""diagnostics"": false, ""evaluation_mode"": ""incremental"", ""search_backend"": ""native"", ""num_neighbours"": null, ""operator_schedule"": ""cyclic"", ""infeasible_search"": false, ""adaptive_penalties"": true, ""penalty_update_interval"": 10, ""penalty_target_feasible"": 0.5, ""penalty_max_moves"": 8}, ""backend"": ""native"", ""native"": {""api_version"": 1, ""build_info"": ""compiler=MSVC 195035722; cxx_standard=17; api_version=1"", ""binary"": ""_native.cp312-win_amd64.pyd"", ""binary_sha256"": ""604462f386c003e397cd55934c67735731d9683e762902ff4d23fad1f410c0bb""}, ""stop_reason"": ""time_limit"", ""initial_distance_ticks"": 2327764, ""fleet"": {""lower_bound"": 9, ""stop_reason"": ""target_not_found"", ""targets"": [{""target"": 14, ""trials"": 1, ""repair_rounds"": 1, ""elapsed_seconds"": 0.010998900004778989, ""first_feasible_seconds"": 0.010998900004778989, ""status"": ""found""}, {""target"": 13, ""trials"": 10, ""repair_rounds"": 29, ""elapsed_seconds"": 0.11499869999533985, ""first_feasible_seconds"": 0.11499869999533985, ""status"": ""found""}, {""target"": 12, ""trials"": 4, ""repair_rounds"": 12, ""elapsed_seconds"": 0.0531297000052291, ""first_feasible_seconds"": 0.0531297000052291, ""status"": ""found""}, {""target"": 11, ""trials"": 100, ""repair_rounds"": 300, ""elapsed_seconds"": 1.2578164000005927, ""first_feasible_seconds"": null, ""status"": ""not_found""}]}, ""milestones"": [{""vehicles"": 14, ""distance"": 1963672, ""elapsed_seconds"": 0.12712520000059158}, {""vehicles"": 13, ""distance"": 1764248, ""elapsed_seconds"": 0.24247060000197962}, {""vehicles"": 12, ""distance"": 1623966, ""elapsed_seconds"": 0.29586679999920307}]}",results/5s/RC108/ours-seed-0.json
pyvrp,RC108,5.0,0,25,12651626,feasible,True,12,1211672,1211.672,0.0011710999970091507,5.002600899999379,4.993237900001986,0.0005196999991312623,5.005915599998843,,882,5.005395899999712,0.0016239000033237971,006bc8817bf09f9a8c66af8d6f088bdec239b2eb435556e9d11193cf456f7aeb,4ccf2642f91c10e5ef78d549cf8ed0088696fccc6f0da27cfce273e5cd458c2d,,"{""version"": ""0.13.0a0"", ""algorithm"": ""local checkout IteratedLocalSearch"", ""time_limit_clock"": ""anchored before solve(), including initial solution and search setup"", ""seed_supported"": true, ""fixed_vehicle_cost"": 12651626, ""internal_feasible"": true, ""scalar_objective"": 153031184, ""internal_distance_ticks"": 1211672, ""internal_vehicles"": 12}",results/5s/RC108/pyvrp-seed-0.json
gurobi,RC201,5.0,0,25,12651626,time_limit,True,8,2016707,2016.707,0.5816575000062585,5.004464600002393,5.003999948501587,0.0005344000019249506,5.606426200007263,0.7373788000040804,,5.605891800005338,0.01976969999668654,288836e2d8c2ace83ebbff77e03ac8cdffc574fc134cade21ef92713f8c52d44,4ccf2642f91c10e5ef78d549cf8ed0088696fccc6f0da27cfce273e5cd458c2d,,"{""backend"": ""gurobi"", ""gurobi_version"": [13, 0, 0], ""vehicle_weight"": 12651626, ""max_vehicles"": 25, ""distance_upper_bound"": 12651625, ""objective_upper_bound"": 328942275, ""cold_start"": true, ""threads"": 1, ""seed"": 0, ""seed_supported"": true, ""mip_gap_target"": 0.0, ""variable_count"": 6214, ""constraint_count"": 17544, ""arc_count"": 5914, ""gurobi_status_code"": 9, ""status"": ""time_limit"", ""incumbent_count"": 10, ""node_count"": 1.0, ""iteration_count"": 7911.0, ""objective_bound"": 1518704.716336714, ""objective_bound_continuous"": 1518704.716336714, ""objective"": 103229715.0, ""scalar_objective"": 103229715, ""raw_objective_minus_integral_route_objective"": 0.0, ""mip_gap"": 0.9852881051125956}",results/5s/RC201/gurobi-seed-0.json
ortools,RC201,5.0,0,25,12651626,found,True,4,1563167,1563.167,0.0035821999990730546,5.000654499999655,5.001,0.0006977000011829659,5.0061629000047105,0.03581359999952838,,5.005465200003528,0.0012285000047995709,288836e2d8c2ace83ebbff77e03ac8cdffc574fc134cade21ef92713f8c52d44,4ccf2642f91c10e5ef78d549cf8ed0088696fccc6f0da27cfce273e5cd458c2d,,"{""ortools_version"": ""9.15.6755"", ""requested_seed"": 0, ""cp_solver_reseed_applied"": true, ""seed_api"": ""pywrapcp.Solver.ReSeed"", ""seed_semantics"": ""Applied to the underlying CP Solver RNG; RoutingSearchParameters has no random_seed field. This does not claim control over every routing-search randomness source."", ""warm_start"": false, ""vehicle_limit"": 25, ""vehicle_fixed_cost"": 12651626, ""max_solution_distance_bound"": 12651625, ""objective_value"": 52169671, ""solver_assignment_objective"": 52169671, ""scalar_objective"": 52169671, ""objective_lower_bound"": 25762657, ""objective_gap_to_lower_bound"": 26407014, ""lower_bound_components"": {""vehicles"": 2, ""distance_ticks"": 459405, ""distance_bound_method"": ""sum of each customer's minimum incoming arc""}, ""routing_status_code"": 1, ""routing_status"": ""ROUTING_SUCCESS"", ""optimality_proven"": false, ""first_solution_strategy"": ""PARALLEL_CHEAPEST_INSERTION"", ""local_search_metaheuristic"": ""GUIDED_LOCAL_SEARCH"", ""search_workers"": 1, ""search_worker_setting"": ""Routing CP exposes no worker-count parameter; one CP search was run."", ""search_time_limit_seconds"": 5.0, ""time_limit_scope"": ""SolveWithParameters call only; model preparation is separate"", ""first_feasible_seconds"": 0.03581359999952838, ""distance_ticks"": 1563167}",results/5s/RC201/ortools-seed-0.json
ours,RC201,5.0,0,25,12651626,feasible,True,4,1591465,1591.465,5.950000195298344e-05,5.000428999999713,5.000375700001314,0.00046940000174799934,5.001683199996478,0.199406400002772,27,5.00121379999473,0.0007252999930642545,288836e2d8c2ace83ebbff77e03ac8cdffc574fc134cade21ef92713f8c52d44,4ccf2642f91c10e5ef78d549cf8ed0088696fccc6f0da27cfce273e5cd458c2d,,"{""config"": {""seed"": 0, ""max_iterations"": null, ""time_limit_seconds"": 5.0, ""fleet_attempts_per_k"": 100, ""fleet_time_fraction"": 0.75, ""fleet_strategy"": ""hybrid"", ""fleet_repair_rounds"": 5, ""fleet_related_count"": 8, ""max_moves"": null, ""construction_order"": ""due"", ""repair_order"": ""due"", ""repair_strategy"": ""cheapest"", ""search_strategy"": ""first"", ""operators"": [""relocate"", ""swap"", ""two_opt"", ""two_opt_star""], ""remove_min"": 3, ""remove_max"": 8, ""restart_after"": 20, ""diagnostics"": false, ""evaluation_mode"": ""incremental"", ""search_backend"": ""native"", ""num_neighbours"": null, ""operator_schedule"": ""cyclic"", ""infeasible_search"": false, ""adaptive_penalties"": true, ""penalty_update_interval"": 10, ""penalty_target_feasible"": 0.5, ""penalty_max_moves"": 8}, ""backend"": ""native"", ""native"": {""api_version"": 1, ""build_info"": ""compiler=MSVC 195035722; cxx_standard=17; api_version=1"", ""binary"": ""_native.cp312-win_amd64.pyd"", ""binary_sha256"": ""604462f386c003e397cd55934c67735731d9683e762902ff4d23fad1f410c0bb""}, ""stop_reason"": ""time_limit"", ""initial_distance_ticks"": 2429811, ""fleet"": {""lower_bound"": 2, ""stop_reason"": ""target_not_found"", ""targets"": [{""target"": 4, ""trials"": 43, ""repair_rounds"": 127, ""elapsed_seconds"": 0.8217789000045741, ""first_feasible_seconds"": 0.8217789000045741, ""status"": ""found""}, {""target"": 3, ""trials"": 100, ""repair_rounds"": 300, ""elapsed_seconds"": 2.7333749999961583, ""first_feasible_seconds"": null, ""status"": ""not_found""}]}, ""milestones"": [{""vehicles"": 4, ""distance"": 2009651, ""elapsed_seconds"": 1.0216221000009682}]}",results/5s/RC201/ours-seed-0.json
pyvrp,RC201,5.0,0,25,12651626,feasible,True,5,1370022,1370.022,0.001184699998702854,5.001070199999958,4.991831100000127,0.0004287999981897883,5.004573199999868,,1308,5.004144400001678,0.0018895000030170195,288836e2d8c2ace83ebbff77e03ac8cdffc574fc134cade21ef92713f8c52d44,4ccf2642f91c10e5ef78d549cf8ed0088696fccc6f0da27cfce273e5cd458c2d,,"{""version"": ""0.13.0a0"", ""algorithm"": ""local checkout IteratedLocalSearch"", ""time_limit_clock"": ""anchored before solve(), including initial solution and search setup"", ""seed_supported"": true, ""fixed_vehicle_cost"": 12651626, ""internal_feasible"": true, ""scalar_objective"": 64628152, ""internal_distance_ticks"": 1370022, ""internal_vehicles"": 5}",results/5s/RC201/pyvrp-seed-0.json
gurobi,RC202,5.0,0,25,12651626,time_limit,True,13,2163309,2163.309,0.7801719999988563,5.004804099997273,5.004999876022339,0.0007799000013619661,5.814234000004944,1.023292699996091,,5.813454100003582,0.028478000007453375,5a1dee2017ab0ca4fe280b392678c96e8b5bc71f22d02c8058fbde7c4cfebcf4,4ccf2642f91c10e5ef78d549cf8ed0088696fccc6f0da27cfce273e5cd458c2d,,"{""backend"": ""gurobi"", ""gurobi_version"": [13, 0, 0], ""vehicle_weight"": 12651626, ""max_vehicles"": 25, ""distance_upper_bound"": 12651625, ""objective_upper_bound"": 328942275, ""cold_start"": true, ""threads"": 1, ""seed"": 0, ""seed_supported"": true, ""mip_gap_target"": 0.0, ""variable_count"": 8055, ""constraint_count"": 23067, ""arc_count"": 7755, ""gurobi_status_code"": 9, ""status"": ""time_limit"", ""incumbent_count"": 10, ""node_count"": 1.0, ""iteration_count"": 4065.0, ""objective_bound"": 813043.7430979852, ""objective_bound_continuous"": 813043.7430979852, ""objective"": 166634447.0, ""scalar_objective"": 166634447, ""raw_objective_minus_integral_route_objective"": 0.0, ""mip_gap"": 0.9951207943031252}",results/5s/RC202/gurobi-seed-0.json
ortools,RC202,5.0,0,25,12651626,found,True,4,1267963,1267.963,0.0026823000007425435,5.000309700000798,5.0,0.0005084999938844703,5.004603099994711,0.02443399999901885,,5.004094600000826,0.001102599999285303,5a1dee2017ab0ca4fe280b392678c96e8b5bc71f22d02c8058fbde7c4cfebcf4,4ccf2642f91c10e5ef78d549cf8ed0088696fccc6f0da27cfce273e5cd458c2d,,"{""ortools_version"": ""9.15.6755"", ""requested_seed"": 0, ""cp_solver_reseed_applied"": true, ""seed_api"": ""pywrapcp.Solver.ReSeed"", ""seed_semantics"": ""Applied to the underlying CP Solver RNG; RoutingSearchParameters has no random_seed field. This does not claim control over every routing-search randomness source."", ""warm_start"": false, ""vehicle_limit"": 25, ""vehicle_fixed_cost"": 12651626, ""max_solution_distance_bound"": 12651625, ""objective_value"": 51874467, ""solver_assignment_objective"": 51874467, ""scalar_objective"": 51874467, ""objective_lower_bound"": 25762657, ""objective_gap_to_lower_bound"": 26111810, ""lower_bound_components"": {""vehicles"": 2, ""distance_ticks"": 459405, ""distance_bound_method"": ""sum of each customer's minimum incoming arc""}, ""routing_status_code"": 1, ""routing_status"": ""ROUTING_SUCCESS"", ""optimality_proven"": false, ""first_solution_strategy"": ""PARALLEL_CHEAPEST_INSERTION"", ""local_search_metaheuristic"": ""GUIDED_LOCAL_SEARCH"", ""search_workers"": 1, ""search_worker_setting"": ""Routing CP exposes no worker-count parameter; one CP search was run."", ""search_time_limit_seconds"": 5.0, ""time_limit_scope"": ""SolveWithParameters call only; model preparation is separate"", ""first_feasible_seconds"": 0.02443399999901885, ""distance_ticks"": 1267963}",results/5s/RC202/ortools-seed-0.json
ours,RC202,5.0,0,25,12651626,feasible,True,4,1353824,1353.824,5.4600001021753997e-05,5.000401499994041,5.000349100002495,0.0005130999998073094,5.001730899995891,0.18723850000242237,46,5.001217799996084,0.0007617000010213815,5a1dee2017ab0ca4fe280b392678c96e8b5bc71f22d02c8058fbde7c4cfebcf4,4ccf2642f91c10e5ef78d549cf8ed0088696fccc6f0da27cfce273e5cd458c2d,,"{""config"": {""seed"": 0, ""max_iterations"": null, ""time_limit_seconds"": 5.0, ""fleet_attempts_per_k"": 100, ""fleet_time_fraction"": 0.75, ""fleet_strategy"": ""hybrid"", ""fleet_repair_rounds"": 5, ""fleet_related_count"": 8, ""max_moves"": null, ""construction_order"": ""due"", ""repair_order"": ""due"", ""repair_strategy"": ""cheapest"", ""search_strategy"": ""first"", ""operators"": [""relocate"", ""swap"", ""two_opt"", ""two_opt_star""], ""remove_min"": 3, ""remove_max"": 8, ""restart_after"": 20, ""diagnostics"": false, ""evaluation_mode"": ""incremental"", ""search_backend"": ""native"", ""num_neighbours"": null, ""operator_schedule"": ""cyclic"", ""infeasible_search"": false, ""adaptive_penalties"": true, ""penalty_update_interval"": 10, ""penalty_target_feasible"": 0.5, ""penalty_max_moves"": 8}, ""backend"": ""native"", ""native"": {""api_version"": 1, ""build_info"": ""compiler=MSVC 195035722; cxx_standard=17; api_version=1"", ""binary"": ""_native.cp312-win_amd64.pyd"", ""binary_sha256"": ""604462f386c003e397cd55934c67735731d9683e762902ff4d23fad1f410c0bb""}, ""stop_reason"": ""time_limit"", ""initial_distance_ticks"": 1998260, ""fleet"": {""lower_bound"": 2, ""stop_reason"": ""target_not_found"", ""targets"": [{""target"": 4, ""trials"": 1, ""repair_rounds"": 1, ""elapsed_seconds"": 0.01323180000326829, ""first_feasible_seconds"": 0.01323180000326829, ""status"": ""found""}, {""target"": 3, ""trials"": 100, ""repair_rounds"": 300, ""elapsed_seconds"": 2.5418336000002455, ""first_feasible_seconds"": null, ""status"": ""not_found""}]}, ""milestones"": [{""vehicles"": 4, ""distance"": 1920411, ""elapsed_seconds"": 0.20100600000296254}]}",results/5s/RC202/ours-seed-0.json
pyvrp,RC202,5.0,0,25,12651626,feasible,True,5,1236694,1236.694,0.0011186000047018752,5.003677299995616,4.992422200004512,0.0005350999999791384,5.0070120000018505,,583,5.006476900001871,0.0016810000015539117,5a1dee2017ab0ca4fe280b392678c96e8b5bc71f22d02c8058fbde7c4cfebcf4,4ccf2642f91c10e5ef78d549cf8ed0088696fccc6f0da27cfce273e5cd458c2d,,"{""version"": ""0.13.0a0"", ""algorithm"": ""local checkout IteratedLocalSearch"", ""time_limit_clock"": ""anchored before solve(), including initial solution and search setup"", ""seed_supported"": true, ""fixed_vehicle_cost"": 12651626, ""internal_feasible"": true, ""scalar_objective"": 64494824, ""internal_distance_ticks"": 1236694, ""internal_vehicles"": 5}",results/5s/RC202/pyvrp-seed-0.json
gurobi,RC203,5.0,0,25,12651626,time_limit,True,6,1348153,1348.153,0.8941896000033012,5.006240499998967,5.00600004196167,0.0004925000030198134,5.93100640000921,1.2172751999969478,,5.93051390000619,0.03008380000392208,4adcb362c23df91f14b828d4964e9383ffb02ee74217afc2d84571f83ed91f8b,4ccf2642f91c10e5ef78d549cf8ed0088696fccc6f0da27cfce273e5cd458c2d,,"{""backend"": ""gurobi"", ""gurobi_version"": [13, 0, 0], ""vehicle_weight"": 12651626, ""max_vehicles"": 25, ""distance_upper_bound"": 12651625, ""objective_upper_bound"": 328942275, ""cold_start"": true, ""threads"": 1, ""seed"": 0, ""seed_supported"": true, ""mip_gap_target"": 0.0, ""variable_count"": 9359, ""constraint_count"": 26979, ""arc_count"": 9059, ""gurobi_status_code"": 9, ""status"": ""time_limit"", ""incumbent_count"": 10, ""node_count"": 1.0, ""iteration_count"": 2295.0, ""objective_bound"": 646019.5633387091, ""objective_bound_continuous"": 646019.5633387091, ""objective"": 77257909.0, ""scalar_objective"": 77257909, ""raw_objective_minus_integral_route_objective"": 0.0, ""mip_gap"": 0.9916381433085548}",results/5s/RC203/gurobi-seed-0.json
ortools,RC203,5.0,0,25,12651626,found,True,4,1103735,1103.735,0.002396500000031665,5.00072600000567,5.0,0.0006953999982215464,5.005053499997302,0.029107800000929274,,5.004358099999081,0.0012355999933788553,4adcb362c23df91f14b828d4964e9383ffb02ee74217afc2d84571f83ed91f8b,4ccf2642f91c10e5ef78d549cf8ed0088696fccc6f0da27cfce273e5cd458c2d,,"{""ortools_version"": ""9.15.6755"", ""requested_seed"": 0, ""cp_solver_reseed_applied"": true, ""seed_api"": ""pywrapcp.Solver.ReSeed"", ""seed_semantics"": ""Applied to the underlying CP Solver RNG; RoutingSearchParameters has no random_seed field. This does not claim control over every routing-search randomness source."", ""warm_start"": false, ""vehicle_limit"": 25, ""vehicle_fixed_cost"": 12651626, ""max_solution_distance_bound"": 12651625, ""objective_value"": 51710239, ""solver_assignment_objective"": 51710239, ""scalar_objective"": 51710239, ""objective_lower_bound"": 25762657, ""objective_gap_to_lower_bound"": 25947582, ""lower_bound_components"": {""vehicles"": 2, ""distance_ticks"": 459405, ""distance_bound_method"": ""sum of each customer's minimum incoming arc""}, ""routing_status_code"": 1, ""routing_status"": ""ROUTING_SUCCESS"", ""optimality_proven"": false, ""first_solution_strategy"": ""PARALLEL_CHEAPEST_INSERTION"", ""local_search_metaheuristic"": ""GUIDED_LOCAL_SEARCH"", ""search_workers"": 1, ""search_worker_setting"": ""Routing CP exposes no worker-count parameter; one CP search was run."", ""search_time_limit_seconds"": 5.0, ""time_limit_scope"": ""SolveWithParameters call only; model preparation is separate"", ""first_feasible_seconds"": 0.029107800000929274, ""distance_ticks"": 1103735}",results/5s/RC203/ortools-seed-0.json
ours,RC203,5.0,0,25,12651626,feasible,True,3,1112829,1112.829,7.530000584665686e-05,5.001072600003681,5.001010199994198,0.0004839999965042807,5.002606599999126,0.20209809999505524,22,5.002122600002622,0.0009746999930939637,4adcb362c23df91f14b828d4964e9383ffb02ee74217afc2d84571f83ed91f8b,4ccf2642f91c10e5ef78d549cf8ed0088696fccc6f0da27cfce273e5cd458c2d,,"{""config"": {""seed"": 0, ""max_iterations"": null, ""time_limit_seconds"": 5.0, ""fleet_attempts_per_k"": 100, ""fleet_time_fraction"": 0.75, ""fleet_strategy"": ""hybrid"", ""fleet_repair_rounds"": 5, ""fleet_related_count"": 8, ""max_moves"": null, ""construction_order"": ""due"", ""repair_order"": ""due"", ""repair_strategy"": ""cheapest"", ""search_strategy"": ""first"", ""operators"": [""relocate"", ""swap"", ""two_opt"", ""two_opt_star""], ""remove_min"": 3, ""remove_max"": 8, ""restart_after"": 20, ""diagnostics"": false, ""evaluation_mode"": ""incremental"", ""search_backend"": ""native"", ""num_neighbours"": null, ""operator_schedule"": ""cyclic"", ""infeasible_search"": false, ""adaptive_penalties"": true, ""penalty_update_interval"": 10, ""penalty_target_feasible"": 0.5, ""penalty_max_moves"": 8}, ""backend"": ""native"", ""native"": {""api_version"": 1, ""build_info"": ""compiler=MSVC 195035722; cxx_standard=17; api_version=1"", ""binary"": ""_native.cp312-win_amd64.pyd"", ""binary_sha256"": ""604462f386c003e397cd55934c67735731d9683e762902ff4d23fad1f410c0bb""}, ""stop_reason"": ""time_limit"", ""initial_distance_ticks"": 1766955, ""fleet"": {""lower_bound"": 2, ""stop_reason"": ""fleet_budget"", ""targets"": [{""target"": 4, ""trials"": 1, ""repair_rounds"": 1, ""elapsed_seconds"": 0.011782000001403503, ""first_feasible_seconds"": 0.011782000001403503, ""status"": ""found""}, {""target"": 3, ""trials"": 2, ""repair_rounds"": 2, ""elapsed_seconds"": 0.009233999997377396, ""first_feasible_seconds"": 0.009233999997377396, ""status"": ""found""}, {""target"": 2, ""trials"": 86, ""repair_rounds"": 258, ""elapsed_seconds"": 3.5766161999999895, ""first_feasible_seconds"": null, ""status"": ""time_limit""}]}, ""milestones"": [{""vehicles"": 4, ""distance"": 1158154, ""elapsed_seconds"": 0.21440889999939827}, {""vehicles"": 3, ""distance"": 1217194, ""elapsed_seconds"": 0.22390549999545328}]}",results/5s/RC203/ours-seed-0.json
pyvrp,RC203,5.0,0,25,12651626,feasible,True,5,1033393,1033.393,0.0010045000017271377,5.001100299996324,4.989210200001253,0.0005172999954083934,5.004208499995002,,502,5.003691199999594,0.0015864000015426427,4adcb362c23df91f14b828d4964e9383ffb02ee74217afc2d84571f83ed91f8b,4ccf2642f91c10e5ef78d549cf8ed0088696fccc6f0da27cfce273e5cd458c2d,,"{""version"": ""0.13.0a0"", ""algorithm"": ""local checkout IteratedLocalSearch"", ""time_limit_clock"": ""anchored before solve(), including initial solution and search setup"", ""seed_supported"": true, ""fixed_vehicle_cost"": 12651626, ""internal_feasible"": true, ""scalar_objective"": 64291523, ""internal_distance_ticks"": 1033393, ""internal_vehicles"": 5}",results/5s/RC203/pyvrp-seed-0.json
gurobi,RC204,5.0,0,25,12651626,time_limit,True,7,1336624,1336.624,0.9468829999968875,5.008009099998162,5.006999969482422,0.0005116999964229763,5.9858577999984846,1.287854199996218,,5.985346100002062,0.030454000007011928,11e827eab51a959ebab66344e7b7cfd1aeed895287653b36a72c86a4440ecd77,4ccf2642f91c10e5ef78d549cf8ed0088696fccc6f0da27cfce273e5cd458c2d,,"{""backend"": ""gurobi"", ""gurobi_version"": [13, 0, 0], ""vehicle_weight"": 12651626, ""max_vehicles"": 25, ""distance_upper_bound"": 12651625, ""objective_upper_bound"": 328942275, ""cold_start"": true, ""threads"": 1, ""seed"": 0, ""seed_supported"": true, ""mip_gap_target"": 0.0, ""variable_count"": 10154, ""constraint_count"": 29364, ""arc_count"": 9854, ""gurobi_status_code"": 9, ""status"": ""time_limit"", ""incumbent_count"": 10, ""node_count"": 1.0, ""iteration_count"": 1125.0, ""objective_bound"": 582511.0649102873, ""objective_bound_continuous"": 582511.0649102873, ""objective"": 89898006.0, ""scalar_objective"": 89898006, ""raw_objective_minus_integral_route_objective"": 0.0, ""mip_gap"": 0.9935203116194781}",results/5s/RC204/gurobi-seed-0.json
ortools,RC204,5.0,0,25,12651626,found,True,3,906318,906.318,0.0025355000034323893,5.000854199999594,5.001,0.0005030999964219518,5.006995099996857,0.02437120000104187,,5.006492000000435,0.0031022999974084087,11e827eab51a959ebab66344e7b7cfd1aeed895287653b36a72c86a4440ecd77,4ccf2642f91c10e5ef78d549cf8ed0088696fccc6f0da27cfce273e5cd458c2d,,"{""ortools_version"": ""9.15.6755"", ""requested_seed"": 0, ""cp_solver_reseed_applied"": true, ""seed_api"": ""pywrapcp.Solver.ReSeed"", ""seed_semantics"": ""Applied to the underlying CP Solver RNG; RoutingSearchParameters has no random_seed field. This does not claim control over every routing-search randomness source."", ""warm_start"": false, ""vehicle_limit"": 25, ""vehicle_fixed_cost"": 12651626, ""max_solution_distance_bound"": 12651625, ""objective_value"": 38861196, ""solver_assignment_objective"": 38861196, ""scalar_objective"": 38861196, ""objective_lower_bound"": 25762657, ""objective_gap_to_lower_bound"": 13098539, ""lower_bound_components"": {""vehicles"": 2, ""distance_ticks"": 459405, ""distance_bound_method"": ""sum of each customer's minimum incoming arc""}, ""routing_status_code"": 1, ""routing_status"": ""ROUTING_SUCCESS"", ""optimality_proven"": false, ""first_solution_strategy"": ""PARALLEL_CHEAPEST_INSERTION"", ""local_search_metaheuristic"": ""GUIDED_LOCAL_SEARCH"", ""search_workers"": 1, ""search_worker_setting"": ""Routing CP exposes no worker-count parameter; one CP search was run."", ""search_time_limit_seconds"": 5.0, ""time_limit_scope"": ""SolveWithParameters call only; model preparation is separate"", ""first_feasible_seconds"": 0.02437120000104187, ""distance_ticks"": 906318}",results/5s/RC204/ortools-seed-0.json
ours,RC204,5.0,0,25,12651626,feasible,True,3,912495,912.495,5.5999997130129486e-05,5.000441399999545,5.000385200000892,0.0005617999995592982,5.001892400003271,0.28700849999586353,19,5.001330600003712,0.000833200007036794,11e827eab51a959ebab66344e7b7cfd1aeed895287653b36a72c86a4440ecd77,4ccf2642f91c10e5ef78d549cf8ed0088696fccc6f0da27cfce273e5cd458c2d,,"{""config"": {""seed"": 0, ""max_iterations"": null, ""time_limit_seconds"": 5.0, ""fleet_attempts_per_k"": 100, ""fleet_time_fraction"": 0.75, ""fleet_strategy"": ""hybrid"", ""fleet_repair_rounds"": 5, ""fleet_related_count"": 8, ""max_moves"": null, ""construction_order"": ""due"", ""repair_order"": ""due"", ""repair_strategy"": ""cheapest"", ""search_strategy"": ""first"", ""operators"": [""relocate"", ""swap"", ""two_opt"", ""two_opt_star""], ""remove_min"": 3, ""remove_max"": 8, ""restart_after"": 20, ""diagnostics"": false, ""evaluation_mode"": ""incremental"", ""search_backend"": ""native"", ""num_neighbours"": null, ""operator_schedule"": ""cyclic"", ""infeasible_search"": false, ""adaptive_penalties"": true, ""penalty_update_interval"": 10, ""penalty_target_feasible"": 0.5, ""penalty_max_moves"": 8}, ""backend"": ""native"", ""native"": {""api_version"": 1, ""build_info"": ""compiler=MSVC 195035722; cxx_standard=17; api_version=1"", ""binary"": ""_native.cp312-win_amd64.pyd"", ""binary_sha256"": ""604462f386c003e397cd55934c67735731d9683e762902ff4d23fad1f410c0bb""}, ""stop_reason"": ""time_limit"", ""initial_distance_ticks"": 1500593, ""fleet"": {""lower_bound"": 2, ""stop_reason"": ""fleet_budget"", ""targets"": [{""target"": 2, ""trials"": 82, ""repair_rounds"": 245, ""elapsed_seconds"": 3.534410400003253, ""first_feasible_seconds"": null, ""status"": ""time_limit""}]}, ""milestones"": []}",results/5s/RC204/ours-seed-0.json
pyvrp,RC204,5.0,0,25,12651626,feasible,True,3,945057,945.057,0.0010121000013896264,5.004676999997173,4.995549499995832,0.0004969000001437962,5.0077788999988115,,646,5.007281999998668,0.0015929000001051463,11e827eab51a959ebab66344e7b7cfd1aeed895287653b36a72c86a4440ecd77,4ccf2642f91c10e5ef78d549cf8ed0088696fccc6f0da27cfce273e5cd458c2d,,"{""version"": ""0.13.0a0"", ""algorithm"": ""local checkout IteratedLocalSearch"", ""time_limit_clock"": ""anchored before solve(), including initial solution and search setup"", ""seed_supported"": true, ""fixed_vehicle_cost"": 12651626, ""internal_feasible"": true, ""scalar_objective"": 38899935, ""internal_distance_ticks"": 945057, ""internal_vehicles"": 3}",results/5s/RC204/pyvrp-seed-0.json
gurobi,RC205,5.0,0,25,12651626,time_limit,True,10,1385648,1385.648,0.7012582999959704,5.004971800000931,5.003999948501587,0.0005225999993854202,5.730661199995666,0.9039592999979504,,5.73013859999628,0.023908499999379274,c061d306cf42310b0f3ca15612089f6c5a8d5604c0733bf26852477c787662c9,4ccf2642f91c10e5ef78d549cf8ed0088696fccc6f0da27cfce273e5cd458c2d,,"{""backend"": ""gurobi"", ""gurobi_version"": [13, 0, 0], ""vehicle_weight"": 12651626, ""max_vehicles"": 25, ""distance_upper_bound"": 12651625, ""objective_upper_bound"": 328942275, ""cold_start"": true, ""threads"": 1, ""seed"": 0, ""seed_supported"": true, ""mip_gap_target"": 0.0, ""variable_count"": 7472, ""constraint_count"": 21318, ""arc_count"": 7172, ""gurobi_status_code"": 9, ""status"": ""time_limit"", ""incumbent_count"": 10, ""node_count"": 1.0, ""iteration_count"": 5418.0, ""objective_bound"": 971865.5987779384, ""objective_bound_continuous"": 971865.5987779384, ""objective"": 127901908.0, ""scalar_objective"": 127901908, ""raw_objective_minus_integral_route_objective"": 0.0, ""mip_gap"": 0.9924014769288826}",results/5s/RC205/gurobi-seed-0.json
ortools,RC205,5.0,0,25,12651626,found,True,5,1357642,1357.642,0.003018899995367974,5.000411399996665,5.0,0.0006311999968602322,5.005185900001379,0.02577230000315467,,5.004554700004519,0.0011244000124861486,c061d306cf42310b0f3ca15612089f6c5a8d5604c0733bf26852477c787662c9,4ccf2642f91c10e5ef78d549cf8ed0088696fccc6f0da27cfce273e5cd458c2d,,"{""ortools_version"": ""9.15.6755"", ""requested_seed"": 0, ""cp_solver_reseed_applied"": true, ""seed_api"": ""pywrapcp.Solver.ReSeed"", ""seed_semantics"": ""Applied to the underlying CP Solver RNG; RoutingSearchParameters has no random_seed field. This does not claim control over every routing-search randomness source."", ""warm_start"": false, ""vehicle_limit"": 25, ""vehicle_fixed_cost"": 12651626, ""max_solution_distance_bound"": 12651625, ""objective_value"": 64615772, ""solver_assignment_objective"": 64615772, ""scalar_objective"": 64615772, ""objective_lower_bound"": 25762657, ""objective_gap_to_lower_bound"": 38853115, ""lower_bound_components"": {""vehicles"": 2, ""distance_ticks"": 459405, ""distance_bound_method"": ""sum of each customer's minimum incoming arc""}, ""routing_status_code"": 1, ""routing_status"": ""ROUTING_SUCCESS"", ""optimality_proven"": false, ""first_solution_strategy"": ""PARALLEL_CHEAPEST_INSERTION"", ""local_search_metaheuristic"": ""GUIDED_LOCAL_SEARCH"", ""search_workers"": 1, ""search_worker_setting"": ""Routing CP exposes no worker-count parameter; one CP search was run."", ""search_time_limit_seconds"": 5.0, ""time_limit_scope"": ""SolveWithParameters call only; model preparation is separate"", ""first_feasible_seconds"": 0.02577230000315467, ""distance_ticks"": 1357642}",results/5s/RC205/ortools-seed-0.json
ours,RC205,5.0,0,25,12651626,feasible,True,4,1410721,1410.721,6.830000347690657e-05,5.0008339999985765,5.00076860000263,0.0005335999958333559,5.00221220000094,0.22901680000359192,42,5.001678600005107,0.0007763000030536205,c061d306cf42310b0f3ca15612089f6c5a8d5604c0733bf26852477c787662c9,4ccf2642f91c10e5ef78d549cf8ed0088696fccc6f0da27cfce273e5cd458c2d,,"{""config"": {""seed"": 0, ""max_iterations"": null, ""time_limit_seconds"": 5.0, ""fleet_attempts_per_k"": 100, ""fleet_time_fraction"": 0.75, ""fleet_strategy"": ""hybrid"", ""fleet_repair_rounds"": 5, ""fleet_related_count"": 8, ""max_moves"": null, ""construction_order"": ""due"", ""repair_order"": ""due"", ""repair_strategy"": ""cheapest"", ""search_strategy"": ""first"", ""operators"": [""relocate"", ""swap"", ""two_opt"", ""two_opt_star""], ""remove_min"": 3, ""remove_max"": 8, ""restart_after"": 20, ""diagnostics"": false, ""evaluation_mode"": ""incremental"", ""search_backend"": ""native"", ""num_neighbours"": null, ""operator_schedule"": ""cyclic"", ""infeasible_search"": false, ""adaptive_penalties"": true, ""penalty_update_interval"": 10, ""penalty_target_feasible"": 0.5, ""penalty_max_moves"": 8}, ""backend"": ""native"", ""native"": {""api_version"": 1, ""build_info"": ""compiler=MSVC 195035722; cxx_standard=17; api_version=1"", ""binary"": ""_native.cp312-win_amd64.pyd"", ""binary_sha256"": ""604462f386c003e397cd55934c67735731d9683e762902ff4d23fad1f410c0bb""}, ""stop_reason"": ""time_limit"", ""initial_distance_ticks"": 2063021, ""fleet"": {""lower_bound"": 2, ""stop_reason"": ""target_not_found"", ""targets"": [{""target"": 4, ""trials"": 1, ""repair_rounds"": 1, ""elapsed_seconds"": 0.011455899999418762, ""first_feasible_seconds"": 0.011455899999418762, ""status"": ""found""}, {""target"": 3, ""trials"": 100, ""repair_rounds"": 300, ""elapsed_seconds"": 2.6374788000030094, ""first_feasible_seconds"": null, ""status"": ""not_found""}]}, ""milestones"": [{""vehicles"": 4, ""distance"": 1959415, ""elapsed_seconds"": 0.24112769999919692}]}",results/5s/RC205/ours-seed-0.json
pyvrp,RC205,5.0,0,25,12651626,feasible,True,5,1346850,1346.85,0.0013895999945816584,5.00313169999572,4.994538300001295,0.0006027999988873489,5.007110300000932,,604,5.006507500002044,0.001986200011742767,c061d306cf42310b0f3ca15612089f6c5a8d5604c0733bf26852477c787662c9,4ccf2642f91c10e5ef78d549cf8ed0088696fccc6f0da27cfce273e5cd458c2d,,"{""version"": ""0.13.0a0"", ""algorithm"": ""local checkout IteratedLocalSearch"", ""time_limit_clock"": ""anchored before solve(), including initial solution and search setup"", ""seed_supported"": true, ""fixed_vehicle_cost"": 12651626, ""internal_feasible"": true, ""scalar_objective"": 64604980, ""internal_distance_ticks"": 1346850, ""internal_vehicles"": 5}",results/5s/RC205/pyvrp-seed-0.json
gurobi,RC206,5.0,0,25,12651626,time_limit,True,8,1501311,1501.311,0.7284380000055535,5.005590499997197,5.005000114440918,0.0005215999990468845,5.757673399995838,0.9427340000038384,,5.757151799996791,0.02312329999404028,5203aecf67c84df49e152645312a837ffefde529314ff892ca061538816e43a9,4ccf2642f91c10e5ef78d549cf8ed0088696fccc6f0da27cfce273e5cd458c2d,,"{""backend"": ""gurobi"", ""gurobi_version"": [13, 0, 0], ""vehicle_weight"": 12651626, ""max_vehicles"": 25, ""distance_upper_bound"": 12651625, ""objective_upper_bound"": 328942275, ""cold_start"": true, ""threads"": 1, ""seed"": 0, ""seed_supported"": true, ""mip_gap_target"": 0.0, ""variable_count"": 7665, ""constraint_count"": 21897, ""arc_count"": 7365, ""gurobi_status_code"": 9, ""status"": ""time_limit"", ""incumbent_count"": 10, ""node_count"": 1.0, ""iteration_count"": 3990.0, ""objective_bound"": 849794.4193940528, ""objective_bound_continuous"": 849794.4193940528, ""objective"": 102714319.0, ""scalar_objective"": 102714319, ""raw_objective_minus_integral_route_objective"": 0.0, ""mip_gap"": 0.9917266216855894}",results/5s/RC206/gurobi-seed-0.json
ortools,RC206,5.0,0,25,12651626,found,True,4,1230892,1230.892,0.003105200004938524,5.002748599996266,5.003,0.0005762000000686385,5.0076578999942285,0.025280599998950493,,5.00708169999416,0.0012278999929549173,5203aecf67c84df49e152645312a837ffefde529314ff892ca061538816e43a9,4ccf2642f91c10e5ef78d549cf8ed0088696fccc6f0da27cfce273e5cd458c2d,,"{""ortools_version"": ""9.15.6755"", ""requested_seed"": 0, ""cp_solver_reseed_applied"": true, ""seed_api"": ""pywrapcp.Solver.ReSeed"", ""seed_semantics"": ""Applied to the underlying CP Solver RNG; RoutingSearchParameters has no random_seed field. This does not claim control over every routing-search randomness source."", ""warm_start"": false, ""vehicle_limit"": 25, ""vehicle_fixed_cost"": 12651626, ""max_solution_distance_bound"": 12651625, ""objective_value"": 51837396, ""solver_assignment_objective"": 51837396, ""scalar_objective"": 51837396, ""objective_lower_bound"": 25762657, ""objective_gap_to_lower_bound"": 26074739, ""lower_bound_components"": {""vehicles"": 2, ""distance_ticks"": 459405, ""distance_bound_method"": ""sum of each customer's minimum incoming arc""}, ""routing_status_code"": 1, ""routing_status"": ""ROUTING_SUCCESS"", ""optimality_proven"": false, ""first_solution_strategy"": ""PARALLEL_CHEAPEST_INSERTION"", ""local_search_metaheuristic"": ""GUIDED_LOCAL_SEARCH"", ""search_workers"": 1, ""search_worker_setting"": ""Routing CP exposes no worker-count parameter; one CP search was run."", ""search_time_limit_seconds"": 5.0, ""time_limit_scope"": ""SolveWithParameters call only; model preparation is separate"", ""first_feasible_seconds"": 0.025280599998950493, ""distance_ticks"": 1230892}",results/5s/RC206/ortools-seed-0.json
ours,RC206,5.0,0,25,12651626,feasible,True,4,1151722,1151.722,4.960000660503283e-05,5.000455600005807,5.000403800004278,0.0006896000049891882,5.002032900010818,0.201474400004372,42,5.0013433000058285,0.0008380999934161082,5203aecf67c84df49e152645312a837ffefde529314ff892ca061538816e43a9,4ccf2642f91c10e5ef78d549cf8ed0088696fccc6f0da27cfce273e5cd458c2d,,"{""config"": {""seed"": 0, ""max_iterations"": null, ""time_limit_seconds"": 5.0, ""fleet_attempts_per_k"": 100, ""fleet_time_fraction"": 0.75, ""fleet_strategy"": ""hybrid"", ""fleet_repair_rounds"": 5, ""fleet_related_count"": 8, ""max_moves"": null, ""construction_order"": ""due"", ""repair_order"": ""due"", ""repair_strategy"": ""cheapest"", ""search_strategy"": ""first"", ""operators"": [""relocate"", ""swap"", ""two_opt"", ""two_opt_star""], ""remove_min"": 3, ""remove_max"": 8, ""restart_after"": 20, ""diagnostics"": false, ""evaluation_mode"": ""incremental"", ""search_backend"": ""native"", ""num_neighbours"": null, ""operator_schedule"": ""cyclic"", ""infeasible_search"": false, ""adaptive_penalties"": true, ""penalty_update_interval"": 10, ""penalty_target_feasible"": 0.5, ""penalty_max_moves"": 8}, ""backend"": ""native"", ""native"": {""api_version"": 1, ""build_info"": ""compiler=MSVC 195035722; cxx_standard=17; api_version=1"", ""binary"": ""_native.cp312-win_amd64.pyd"", ""binary_sha256"": ""604462f386c003e397cd55934c67735731d9683e762902ff4d23fad1f410c0bb""}, ""stop_reason"": ""time_limit"", ""initial_distance_ticks"": 2062880, ""fleet"": {""lower_bound"": 2, ""stop_reason"": ""target_not_found"", ""targets"": [{""target"": 4, ""trials"": 1, ""repair_rounds"": 1, ""elapsed_seconds"": 0.015626699998392724, ""first_feasible_seconds"": 0.015626699998392724, ""status"": ""found""}, {""target"": 3, ""trials"": 100, ""repair_rounds"": 300, ""elapsed_seconds"": 2.6505774000033853, ""first_feasible_seconds"": null, ""status"": ""not_found""}]}, ""milestones"": [{""vehicles"": 4, ""distance"": 2080287, ""elapsed_seconds"": 0.21766800000477815}]}",results/5s/RC206/ours-seed-0.json
pyvrp,RC206,5.0,0,25,12651626,feasible,True,5,1140747,1140.747,0.001237199998286087,5.0062386999998125,4.9966058999998495,0.0005299999975250103,5.009542699997837,,736,5.009012700000312,0.0015368000022135675,5203aecf67c84df49e152645312a837ffefde529314ff892ca061538816e43a9,4ccf2642f91c10e5ef78d549cf8ed0088696fccc6f0da27cfce273e5cd458c2d,,"{""version"": ""0.13.0a0"", ""algorithm"": ""local checkout IteratedLocalSearch"", ""time_limit_clock"": ""anchored before solve(), including initial solution and search setup"", ""seed_supported"": true, ""fixed_vehicle_cost"": 12651626, ""internal_feasible"": true, ""scalar_objective"": 64398877, ""internal_distance_ticks"": 1140747, ""internal_vehicles"": 5}",results/5s/RC206/pyvrp-seed-0.json
gurobi,RC207,5.0,0,25,12651626,time_limit,True,11,1631657,1631.657,0.8301837999970303,5.100971299994853,5.101000070571899,0.0005264999999781139,5.960741200004122,1.1012504999962403,,5.960214700004144,0.02905960001226049,5cab65f99b350cdb8fb1c4d0a12dde85eb4ff6a6d6daf292b182cb73de9a8b63,4ccf2642f91c10e5ef78d549cf8ed0088696fccc6f0da27cfce273e5cd458c2d,,"{""backend"": ""gurobi"", ""gurobi_version"": [13, 0, 0], ""vehicle_weight"": 12651626, ""max_vehicles"": 25, ""distance_upper_bound"": 12651625, ""objective_upper_bound"": 328942275, ""cold_start"": true, ""threads"": 1, ""seed"": 0, ""seed_supported"": true, ""mip_gap_target"": 0.0, ""variable_count"": 8918, ""constraint_count"": 25656, ""arc_count"": 8618, ""gurobi_status_code"": 9, ""status"": ""time_limit"", ""incumbent_count"": 10, ""node_count"": 1.0, ""iteration_count"": 2700.0, ""objective_bound"": 678539.3356045269, ""objective_bound_continuous"": 678539.3356045269, ""objective"": 140799543.0, ""scalar_objective"": 140799543, ""raw_objective_minus_integral_route_objective"": 0.0, ""mip_gap"": 0.9951808129405326}",results/5s/RC207/gurobi-seed-0.json
ortools,RC207,5.0,0,25,12651626,found,True,4,1147189,1147.189,0.0027041000066674314,5.001971899997443,5.002,0.0005144000024301931,5.006223899996257,0.028623999998671934,,5.005709499993827,0.0010334999897168018,5cab65f99b350cdb8fb1c4d0a12dde85eb4ff6a6d6daf292b182cb73de9a8b63,4ccf2642f91c10e5ef78d549cf8ed0088696fccc6f0da27cfce273e5cd458c2d,,"{""ortools_version"": ""9.15.6755"", ""requested_seed"": 0, ""cp_solver_reseed_applied"": true, ""seed_api"": ""pywrapcp.Solver.ReSeed"", ""seed_semantics"": ""Applied to the underlying CP Solver RNG; RoutingSearchParameters has no random_seed field. This does not claim control over every routing-search randomness source."", ""warm_start"": false, ""vehicle_limit"": 25, ""vehicle_fixed_cost"": 12651626, ""max_solution_distance_bound"": 12651625, ""objective_value"": 51753693, ""solver_assignment_objective"": 51753693, ""scalar_objective"": 51753693, ""objective_lower_bound"": 25762657, ""objective_gap_to_lower_bound"": 25991036, ""lower_bound_components"": {""vehicles"": 2, ""distance_ticks"": 459405, ""distance_bound_method"": ""sum of each customer's minimum incoming arc""}, ""routing_status_code"": 1, ""routing_status"": ""ROUTING_SUCCESS"", ""optimality_proven"": false, ""first_solution_strategy"": ""PARALLEL_CHEAPEST_INSERTION"", ""local_search_metaheuristic"": ""GUIDED_LOCAL_SEARCH"", ""search_workers"": 1, ""search_worker_setting"": ""Routing CP exposes no worker-count parameter; one CP search was run."", ""search_time_limit_seconds"": 5.0, ""time_limit_scope"": ""SolveWithParameters call only; model preparation is separate"", ""first_feasible_seconds"": 0.028623999998671934, ""distance_ticks"": 1147189}",results/5s/RC207/ortools-seed-0.json
ours,RC207,5.0,0,25,12651626,feasible,True,4,1186311,1186.311,5.5500000598840415e-05,5.000588099996094,5.000537100000656,0.0005094000007375143,5.001935300002515,0.22885349999705795,37,5.001425900001777,0.000782300005084835,5cab65f99b350cdb8fb1c4d0a12dde85eb4ff6a6d6daf292b182cb73de9a8b63,4ccf2642f91c10e5ef78d549cf8ed0088696fccc6f0da27cfce273e5cd458c2d,,"{""config"": {""seed"": 0, ""max_iterations"": null, ""time_limit_seconds"": 5.0, ""fleet_attempts_per_k"": 100, ""fleet_time_fraction"": 0.75, ""fleet_strategy"": ""hybrid"", ""fleet_repair_rounds"": 5, ""fleet_related_count"": 8, ""max_moves"": null, ""construction_order"": ""due"", ""repair_order"": ""due"", ""repair_strategy"": ""cheapest"", ""search_strategy"": ""first"", ""operators"": [""relocate"", ""swap"", ""two_opt"", ""two_opt_star""], ""remove_min"": 3, ""remove_max"": 8, ""restart_after"": 20, ""diagnostics"": false, ""evaluation_mode"": ""incremental"", ""search_backend"": ""native"", ""num_neighbours"": null, ""operator_schedule"": ""cyclic"", ""infeasible_search"": false, ""adaptive_penalties"": true, ""penalty_update_interval"": 10, ""penalty_target_feasible"": 0.5, ""penalty_max_moves"": 8}, ""backend"": ""native"", ""native"": {""api_version"": 1, ""build_info"": ""compiler=MSVC 195035722; cxx_standard=17; api_version=1"", ""binary"": ""_native.cp312-win_amd64.pyd"", ""binary_sha256"": ""604462f386c003e397cd55934c67735731d9683e762902ff4d23fad1f410c0bb""}, ""stop_reason"": ""time_limit"", ""initial_distance_ticks"": 1907431, ""fleet"": {""lower_bound"": 2, ""stop_reason"": ""target_not_found"", ""targets"": [{""target"": 3, ""trials"": 100, ""repair_rounds"": 300, ""elapsed_seconds"": 2.7246869999944465, ""first_feasible_seconds"": null, ""status"": ""not_found""}]}, ""milestones"": []}",results/5s/RC207/ours-seed-0.json
pyvrp,RC207,5.0,0,25,12651626,feasible,True,4,1137374,1137.374,0.0013173999977880158,5.001640900001803,4.992605399995227,0.0005103000003146008,5.005601199998637,,619,5.005090899998322,0.002132599998731166,5cab65f99b350cdb8fb1c4d0a12dde85eb4ff6a6d6daf292b182cb73de9a8b63,4ccf2642f91c10e5ef78d549cf8ed0088696fccc6f0da27cfce273e5cd458c2d,,"{""version"": ""0.13.0a0"", ""algorithm"": ""local checkout IteratedLocalSearch"", ""time_limit_clock"": ""anchored before solve(), including initial solution and search setup"", ""seed_supported"": true, ""fixed_vehicle_cost"": 12651626, ""internal_feasible"": true, ""scalar_objective"": 51743878, ""internal_distance_ticks"": 1137374, ""internal_vehicles"": 4}",results/5s/RC207/pyvrp-seed-0.json
gurobi,RC208,5.0,0,25,12651626,time_limit,True,8,1143521,1143.521,1.0284348000059254,5.005787999994936,5.005999803543091,0.0005394999971031211,6.065537499998754,1.3617895999996108,,6.064998000001651,0.030775200000789482,3d67d2a8e2758a324643f5d6c6ca87e8c56435273eaa04be33f213bb991f1f28,4ccf2642f91c10e5ef78d549cf8ed0088696fccc6f0da27cfce273e5cd458c2d,,"{""backend"": ""gurobi"", ""gurobi_version"": [13, 0, 0], ""vehicle_weight"": 12651626, ""max_vehicles"": 25, ""distance_upper_bound"": 12651625, ""objective_upper_bound"": 328942275, ""cold_start"": true, ""threads"": 1, ""seed"": 0, ""seed_supported"": true, ""mip_gap_target"": 0.0, ""variable_count"": 10391, ""constraint_count"": 30075, ""arc_count"": 10091, ""gurobi_status_code"": 9, ""status"": ""time_limit"", ""incumbent_count"": 10, ""node_count"": 1.0, ""iteration_count"": 1134.0, ""objective_bound"": 574061.3396192178, ""objective_bound_continuous"": 574061.3396192178, ""objective"": 102356529.0, ""scalar_objective"": 102356529, ""raw_objective_minus_integral_route_objective"": 0.0, ""mip_gap"": 0.9943915513233238}",results/5s/RC208/gurobi-seed-0.json
ortools,RC208,5.0,0,25,12651626,found,True,3,1006717,1006.717,0.002925699998741038,5.00100659999589,5.001,0.0006462000019382685,5.005932400003076,0.028352599998470396,,5.005286200001137,0.001353900006506592,3d67d2a8e2758a324643f5d6c6ca87e8c56435273eaa04be33f213bb991f1f28,4ccf2642f91c10e5ef78d549cf8ed0088696fccc6f0da27cfce273e5cd458c2d,,"{""ortools_version"": ""9.15.6755"", ""requested_seed"": 0, ""cp_solver_reseed_applied"": true, ""seed_api"": ""pywrapcp.Solver.ReSeed"", ""seed_semantics"": ""Applied to the underlying CP Solver RNG; RoutingSearchParameters has no random_seed field. This does not claim control over every routing-search randomness source."", ""warm_start"": false, ""vehicle_limit"": 25, ""vehicle_fixed_cost"": 12651626, ""max_solution_distance_bound"": 12651625, ""objective_value"": 38961595, ""solver_assignment_objective"": 38961595, ""scalar_objective"": 38961595, ""objective_lower_bound"": 25762657, ""objective_gap_to_lower_bound"": 13198938, ""lower_bound_components"": {""vehicles"": 2, ""distance_ticks"": 459405, ""distance_bound_method"": ""sum of each customer's minimum incoming arc""}, ""routing_status_code"": 1, ""routing_status"": ""ROUTING_SUCCESS"", ""optimality_proven"": false, ""first_solution_strategy"": ""PARALLEL_CHEAPEST_INSERTION"", ""local_search_metaheuristic"": ""GUIDED_LOCAL_SEARCH"", ""search_workers"": 1, ""search_worker_setting"": ""Routing CP exposes no worker-count parameter; one CP search was run."", ""search_time_limit_seconds"": 5.0, ""time_limit_scope"": ""SolveWithParameters call only; model preparation is separate"", ""first_feasible_seconds"": 0.028352599998470396, ""distance_ticks"": 1006717}",results/5s/RC208/ortools-seed-0.json
ours,RC208,5.0,0,25,12651626,feasible,True,3,1009125,1009.125,6.719999510096386e-05,5.000439600000391,5.000372200003767,0.0011482000045361929,5.002773800006253,0.23091160000331,22,5.0016256000017165,0.0011188000062247738,3d67d2a8e2758a324643f5d6c6ca87e8c56435273eaa04be33f213bb991f1f28,4ccf2642f91c10e5ef78d549cf8ed0088696fccc6f0da27cfce273e5cd458c2d,,"{""config"": {""seed"": 0, ""max_iterations"": null, ""time_limit_seconds"": 5.0, ""fleet_attempts_per_k"": 100, ""fleet_time_fraction"": 0.75, ""fleet_strategy"": ""hybrid"", ""fleet_repair_rounds"": 5, ""fleet_related_count"": 8, ""max_moves"": null, ""construction_order"": ""due"", ""repair_order"": ""due"", ""repair_strategy"": ""cheapest"", ""search_strategy"": ""first"", ""operators"": [""relocate"", ""swap"", ""two_opt"", ""two_opt_star""], ""remove_min"": 3, ""remove_max"": 8, ""restart_after"": 20, ""diagnostics"": false, ""evaluation_mode"": ""incremental"", ""search_backend"": ""native"", ""num_neighbours"": null, ""operator_schedule"": ""cyclic"", ""infeasible_search"": false, ""adaptive_penalties"": true, ""penalty_update_interval"": 10, ""penalty_target_feasible"": 0.5, ""penalty_max_moves"": 8}, ""backend"": ""native"", ""native"": {""api_version"": 1, ""build_info"": ""compiler=MSVC 195035722; cxx_standard=17; api_version=1"", ""binary"": ""_native.cp312-win_amd64.pyd"", ""binary_sha256"": ""604462f386c003e397cd55934c67735731d9683e762902ff4d23fad1f410c0bb""}, ""stop_reason"": ""time_limit"", ""initial_distance_ticks"": 1913075, ""fleet"": {""lower_bound"": 2, ""stop_reason"": ""fleet_budget"", ""targets"": [{""target"": 3, ""trials"": 1, ""repair_rounds"": 1, ""elapsed_seconds"": 0.011953600005654152, ""first_feasible_seconds"": 0.011953600005654152, ""status"": ""found""}, {""target"": 2, ""trials"": 84, ""repair_rounds"": 250, ""elapsed_seconds"": 3.564827399997739, ""first_feasible_seconds"": null, ""status"": ""time_limit""}]}, ""milestones"": [{""vehicles"": 3, ""distance"": 1365201, ""elapsed_seconds"": 0.2433822000020882}]}",results/5s/RC208/ours-seed-0.json
pyvrp,RC208,5.0,0,25,12651626,feasible,True,4,927570,927.57,0.0011790999997174367,5.002035900004557,4.992840300001262,0.0005127999975229613,5.0053280999927665,,730,5.0048152999952435,0.0016002999909687787,3d67d2a8e2758a324643f5d6c6ca87e8c56435273eaa04be33f213bb991f1f28,4ccf2642f91c10e5ef78d549cf8ed0088696fccc6f0da27cfce273e5cd458c2d,,"{""version"": ""0.13.0a0"", ""algorithm"": ""local checkout IteratedLocalSearch"", ""time_limit_clock"": ""anchored before solve(), including initial solution and search setup"", ""seed_supported"": true, ""fixed_vehicle_cost"": 12651626, ""internal_feasible"": true, ""scalar_objective"": 51534074, ""internal_distance_ticks"": 927570, ""internal_vehicles"": 4}",results/5s/RC208/pyvrp-seed-0.json
