instance,input_format,input_sha256,seed,threads,status,feasible,vehicles,distance_ticks,distance,first_feasible_seconds,runtime_seconds,iterations,stop_reason,numeric_rule,reference_status,reference_vehicles,reference_distance,distance_gap_percent,error,time_limit_seconds,max_iterations,fleet_attempts_per_k,max_moves,vehicle_limit,code_sha256,diagnostics_enabled,variant,config_sha256
C101,solomon_txt,a6da75152d182d60ecd2c6f854296f5be452f92282d096adebcf5d99a7f16516,0,1,ok,True,10,828937,828.937,0.071235,0.500716,1,time_limit,solomon_exact_1000_v1,,,,,,0.5,,100,2,25,5d3f56a8df0d9ba91e368d7f3a64e9028fef5c9e1a9bdeff889848baf2b8ab27,False,baseline,034a9f2ddc1163af93aedef194b85dba0d917316921d81894ea9f955e988b8de
C101,solomon_txt,a6da75152d182d60ecd2c6f854296f5be452f92282d096adebcf5d99a7f16516,1,1,ok,True,10,828937,828.937,0.067951,0.500492,2,time_limit,solomon_exact_1000_v1,,,,,,0.5,,100,2,25,5d3f56a8df0d9ba91e368d7f3a64e9028fef5c9e1a9bdeff889848baf2b8ab27,False,baseline,034a9f2ddc1163af93aedef194b85dba0d917316921d81894ea9f955e988b8de
C101,solomon_txt,a6da75152d182d60ecd2c6f854296f5be452f92282d096adebcf5d99a7f16516,2,1,ok,True,10,828937,828.937,0.068353,0.500501,2,time_limit,solomon_exact_1000_v1,,,,,,0.5,,100,2,25,5d3f56a8df0d9ba91e368d7f3a64e9028fef5c9e1a9bdeff889848baf2b8ab27,False,baseline,034a9f2ddc1163af93aedef194b85dba0d917316921d81894ea9f955e988b8de
C102,solomon_txt,f89a0e2a760cc7448a4ca72b88e5b29b94d64b5548f3320f42a6230025ead653,0,1,ok,True,10,1161933,1161.933,0.070036,0.500409,8,time_limit,solomon_exact_1000_v1,,,,,,0.5,,100,2,25,5d3f56a8df0d9ba91e368d7f3a64e9028fef5c9e1a9bdeff889848baf2b8ab27,False,baseline,034a9f2ddc1163af93aedef194b85dba0d917316921d81894ea9f955e988b8de
C102,solomon_txt,f89a0e2a760cc7448a4ca72b88e5b29b94d64b5548f3320f42a6230025ead653,1,1,ok,True,10,1156940,1156.94,0.071703,0.500453,6,time_limit,solomon_exact_1000_v1,,,,,,0.5,,100,2,25,5d3f56a8df0d9ba91e368d7f3a64e9028fef5c9e1a9bdeff889848baf2b8ab27,False,baseline,034a9f2ddc1163af93aedef194b85dba0d917316921d81894ea9f955e988b8de
C102,solomon_txt,f89a0e2a760cc7448a4ca72b88e5b29b94d64b5548f3320f42a6230025ead653,2,1,ok,True,10,1124285,1124.285,0.074547,0.500493,6,time_limit,solomon_exact_1000_v1,,,,,,0.5,,100,2,25,5d3f56a8df0d9ba91e368d7f3a64e9028fef5c9e1a9bdeff889848baf2b8ab27,False,baseline,034a9f2ddc1163af93aedef194b85dba0d917316921d81894ea9f955e988b8de
C103,solomon_txt,a55cabf15e0da9d65696a5fb45c9852889479893f76f772a428ca15d1b415a51,0,1,ok,True,10,1722756,1722.756,0.084919,0.500378,11,time_limit,solomon_exact_1000_v1,,,,,,0.5,,100,2,25,5d3f56a8df0d9ba91e368d7f3a64e9028fef5c9e1a9bdeff889848baf2b8ab27,False,baseline,034a9f2ddc1163af93aedef194b85dba0d917316921d81894ea9f955e988b8de
C103,solomon_txt,a55cabf15e0da9d65696a5fb45c9852889479893f76f772a428ca15d1b415a51,1,1,ok,True,10,1696806,1696.806,0.077907,0.500485,9,time_limit,solomon_exact_1000_v1,,,,,,0.5,,100,2,25,5d3f56a8df0d9ba91e368d7f3a64e9028fef5c9e1a9bdeff889848baf2b8ab27,False,baseline,034a9f2ddc1163af93aedef194b85dba0d917316921d81894ea9f955e988b8de
C103,solomon_txt,a55cabf15e0da9d65696a5fb45c9852889479893f76f772a428ca15d1b415a51,2,1,ok,True,10,1659401,1659.401,0.078516,0.500486,12,time_limit,solomon_exact_1000_v1,,,,,,0.5,,100,2,25,5d3f56a8df0d9ba91e368d7f3a64e9028fef5c9e1a9bdeff889848baf2b8ab27,False,baseline,034a9f2ddc1163af93aedef194b85dba0d917316921d81894ea9f955e988b8de
C104,solomon_txt,fe333e81625ee5a75bb2ce98c2c9f356d07289237865b62a23ba2f32f0de5ee2,0,1,ok,True,10,1563333,1563.333,0.08118,0.500554,13,time_limit,solomon_exact_1000_v1,,,,,,0.5,,100,2,25,5d3f56a8df0d9ba91e368d7f3a64e9028fef5c9e1a9bdeff889848baf2b8ab27,False,baseline,034a9f2ddc1163af93aedef194b85dba0d917316921d81894ea9f955e988b8de
C104,solomon_txt,fe333e81625ee5a75bb2ce98c2c9f356d07289237865b62a23ba2f32f0de5ee2,1,1,ok,True,10,1625049,1625.049,0.084422,0.500485,10,time_limit,solomon_exact_1000_v1,,,,,,0.5,,100,2,25,5d3f56a8df0d9ba91e368d7f3a64e9028fef5c9e1a9bdeff889848baf2b8ab27,False,baseline,034a9f2ddc1163af93aedef194b85dba0d917316921d81894ea9f955e988b8de
C104,solomon_txt,fe333e81625ee5a75bb2ce98c2c9f356d07289237865b62a23ba2f32f0de5ee2,2,1,ok,True,10,1546725,1546.725,0.082391,0.500465,13,time_limit,solomon_exact_1000_v1,,,,,,0.5,,100,2,25,5d3f56a8df0d9ba91e368d7f3a64e9028fef5c9e1a9bdeff889848baf2b8ab27,False,baseline,034a9f2ddc1163af93aedef194b85dba0d917316921d81894ea9f955e988b8de
C105,solomon_txt,9a877a3a6fb922e7ad9297cc0308bc8a5652cb1495a0228ee6b81b2d938aa29f,0,1,ok,True,10,1045194,1045.194,0.068351,0.500493,3,time_limit,solomon_exact_1000_v1,,,,,,0.5,,100,2,25,5d3f56a8df0d9ba91e368d7f3a64e9028fef5c9e1a9bdeff889848baf2b8ab27,False,baseline,034a9f2ddc1163af93aedef194b85dba0d917316921d81894ea9f955e988b8de
C105,solomon_txt,9a877a3a6fb922e7ad9297cc0308bc8a5652cb1495a0228ee6b81b2d938aa29f,1,1,ok,True,10,962806,962.806,0.069181,0.500497,2,time_limit,solomon_exact_1000_v1,,,,,,0.5,,100,2,25,5d3f56a8df0d9ba91e368d7f3a64e9028fef5c9e1a9bdeff889848baf2b8ab27,False,baseline,034a9f2ddc1163af93aedef194b85dba0d917316921d81894ea9f955e988b8de
C105,solomon_txt,9a877a3a6fb922e7ad9297cc0308bc8a5652cb1495a0228ee6b81b2d938aa29f,2,1,ok,True,10,988185,988.185,0.072268,0.500463,2,time_limit,solomon_exact_1000_v1,,,,,,0.5,,100,2,25,5d3f56a8df0d9ba91e368d7f3a64e9028fef5c9e1a9bdeff889848baf2b8ab27,False,baseline,034a9f2ddc1163af93aedef194b85dba0d917316921d81894ea9f955e988b8de
C106,solomon_txt,ec9b419bed53e9c607cce76e8c6bc59feb6e4d17646905601f008a4141ec7b40,0,1,ok,True,10,1084295,1084.295,0.070398,0.500497,3,time_limit,solomon_exact_1000_v1,,,,,,0.5,,100,2,25,5d3f56a8df0d9ba91e368d7f3a64e9028fef5c9e1a9bdeff889848baf2b8ab27,False,baseline,034a9f2ddc1163af93aedef194b85dba0d917316921d81894ea9f955e988b8de
C106,solomon_txt,ec9b419bed53e9c607cce76e8c6bc59feb6e4d17646905601f008a4141ec7b40,1,1,ok,True,10,1052640,1052.64,0.067118,0.500547,5,time_limit,solomon_exact_1000_v1,,,,,,0.5,,100,2,25,5d3f56a8df0d9ba91e368d7f3a64e9028fef5c9e1a9bdeff889848baf2b8ab27,False,baseline,034a9f2ddc1163af93aedef194b85dba0d917316921d81894ea9f955e988b8de
C106,solomon_txt,ec9b419bed53e9c607cce76e8c6bc59feb6e4d17646905601f008a4141ec7b40,2,1,ok,True,10,1081917,1081.917,0.066184,0.500479,2,time_limit,solomon_exact_1000_v1,,,,,,0.5,,100,2,25,5d3f56a8df0d9ba91e368d7f3a64e9028fef5c9e1a9bdeff889848baf2b8ab27,False,baseline,034a9f2ddc1163af93aedef194b85dba0d917316921d81894ea9f955e988b8de
C107,solomon_txt,cb3cdc10d812fa17370eb52cb753b6b0574426dc6fabeb8b9076ed750ddf05ca,0,1,ok,True,10,1080990,1080.99,0.071319,0.500463,2,time_limit,solomon_exact_1000_v1,,,,,,0.5,,100,2,25,5d3f56a8df0d9ba91e368d7f3a64e9028fef5c9e1a9bdeff889848baf2b8ab27,False,baseline,034a9f2ddc1163af93aedef194b85dba0d917316921d81894ea9f955e988b8de
C107,solomon_txt,cb3cdc10d812fa17370eb52cb753b6b0574426dc6fabeb8b9076ed750ddf05ca,1,1,ok,True,10,1009102,1009.102,0.077327,0.500455,2,time_limit,solomon_exact_1000_v1,,,,,,0.5,,100,2,25,5d3f56a8df0d9ba91e368d7f3a64e9028fef5c9e1a9bdeff889848baf2b8ab27,False,baseline,034a9f2ddc1163af93aedef194b85dba0d917316921d81894ea9f955e988b8de
C107,solomon_txt,cb3cdc10d812fa17370eb52cb753b6b0574426dc6fabeb8b9076ed750ddf05ca,2,1,ok,True,10,1075784,1075.784,0.071982,0.500524,3,time_limit,solomon_exact_1000_v1,,,,,,0.5,,100,2,25,5d3f56a8df0d9ba91e368d7f3a64e9028fef5c9e1a9bdeff889848baf2b8ab27,False,baseline,034a9f2ddc1163af93aedef194b85dba0d917316921d81894ea9f955e988b8de
C108,solomon_txt,b8c7e48f292b66b283d8e71511e3a4eccaa4c4bc66b9313c399e73b0226f5953,0,1,ok,True,10,1388641,1388.641,0.06776,0.500485,1,time_limit,solomon_exact_1000_v1,,,,,,0.5,,100,2,25,5d3f56a8df0d9ba91e368d7f3a64e9028fef5c9e1a9bdeff889848baf2b8ab27,False,baseline,034a9f2ddc1163af93aedef194b85dba0d917316921d81894ea9f955e988b8de
C108,solomon_txt,b8c7e48f292b66b283d8e71511e3a4eccaa4c4bc66b9313c399e73b0226f5953,1,1,ok,True,10,1505660,1505.66,0.067186,0.500486,4,time_limit,solomon_exact_1000_v1,,,,,,0.5,,100,2,25,5d3f56a8df0d9ba91e368d7f3a64e9028fef5c9e1a9bdeff889848baf2b8ab27,False,baseline,034a9f2ddc1163af93aedef194b85dba0d917316921d81894ea9f955e988b8de
C108,solomon_txt,b8c7e48f292b66b283d8e71511e3a4eccaa4c4bc66b9313c399e73b0226f5953,2,1,ok,True,10,1356311,1356.311,0.070871,0.500524,5,time_limit,solomon_exact_1000_v1,,,,,,0.5,,100,2,25,5d3f56a8df0d9ba91e368d7f3a64e9028fef5c9e1a9bdeff889848baf2b8ab27,False,baseline,034a9f2ddc1163af93aedef194b85dba0d917316921d81894ea9f955e988b8de
C109,solomon_txt,72d8489e14bf1bb18456f0b21b01110506cbcc2354719dae8481b480150f142a,0,1,ok,True,10,1548350,1548.35,0.079419,0.500513,11,time_limit,solomon_exact_1000_v1,,,,,,0.5,,100,2,25,5d3f56a8df0d9ba91e368d7f3a64e9028fef5c9e1a9bdeff889848baf2b8ab27,False,baseline,034a9f2ddc1163af93aedef194b85dba0d917316921d81894ea9f955e988b8de
C109,solomon_txt,72d8489e14bf1bb18456f0b21b01110506cbcc2354719dae8481b480150f142a,1,1,ok,True,10,1469424,1469.424,0.077335,0.500424,13,time_limit,solomon_exact_1000_v1,,,,,,0.5,,100,2,25,5d3f56a8df0d9ba91e368d7f3a64e9028fef5c9e1a9bdeff889848baf2b8ab27,False,baseline,034a9f2ddc1163af93aedef194b85dba0d917316921d81894ea9f955e988b8de
C109,solomon_txt,72d8489e14bf1bb18456f0b21b01110506cbcc2354719dae8481b480150f142a,2,1,ok,True,10,1601745,1601.745,0.073968,0.500499,9,time_limit,solomon_exact_1000_v1,,,,,,0.5,,100,2,25,5d3f56a8df0d9ba91e368d7f3a64e9028fef5c9e1a9bdeff889848baf2b8ab27,False,baseline,034a9f2ddc1163af93aedef194b85dba0d917316921d81894ea9f955e988b8de
C201,solomon_txt,d8d9834087ae2326fa23a8510533060233dc9fb481873be60956eb26a880ad63,0,1,ok,True,3,700711,700.711,0.199648,0.500282,2,time_limit,solomon_exact_1000_v1,,,,,,0.5,,100,2,25,5d3f56a8df0d9ba91e368d7f3a64e9028fef5c9e1a9bdeff889848baf2b8ab27,False,baseline,034a9f2ddc1163af93aedef194b85dba0d917316921d81894ea9f955e988b8de
C201,solomon_txt,d8d9834087ae2326fa23a8510533060233dc9fb481873be60956eb26a880ad63,1,1,ok,True,3,698733,698.733,0.180684,0.500465,2,time_limit,solomon_exact_1000_v1,,,,,,0.5,,100,2,25,5d3f56a8df0d9ba91e368d7f3a64e9028fef5c9e1a9bdeff889848baf2b8ab27,False,baseline,034a9f2ddc1163af93aedef194b85dba0d917316921d81894ea9f955e988b8de
C201,solomon_txt,d8d9834087ae2326fa23a8510533060233dc9fb481873be60956eb26a880ad63,2,1,ok,True,3,698733,698.733,0.188957,0.500473,2,time_limit,solomon_exact_1000_v1,,,,,,0.5,,100,2,25,5d3f56a8df0d9ba91e368d7f3a64e9028fef5c9e1a9bdeff889848baf2b8ab27,False,baseline,034a9f2ddc1163af93aedef194b85dba0d917316921d81894ea9f955e988b8de
C202,solomon_txt,dfc8ecad79f6c7ffb096cd36994143569f0babe284d5ad194683271d81063772,0,1,ok,True,3,740497,740.497,0.175918,0.500443,3,time_limit,solomon_exact_1000_v1,,,,,,0.5,,100,2,25,5d3f56a8df0d9ba91e368d7f3a64e9028fef5c9e1a9bdeff889848baf2b8ab27,False,baseline,034a9f2ddc1163af93aedef194b85dba0d917316921d81894ea9f955e988b8de
C202,solomon_txt,dfc8ecad79f6c7ffb096cd36994143569f0babe284d5ad194683271d81063772,1,1,ok,True,3,722457,722.457,0.171385,0.500285,4,time_limit,solomon_exact_1000_v1,,,,,,0.5,,100,2,25,5d3f56a8df0d9ba91e368d7f3a64e9028fef5c9e1a9bdeff889848baf2b8ab27,False,baseline,034a9f2ddc1163af93aedef194b85dba0d917316921d81894ea9f955e988b8de
C202,solomon_txt,dfc8ecad79f6c7ffb096cd36994143569f0babe284d5ad194683271d81063772,2,1,ok,True,3,740497,740.497,0.176644,0.500508,3,time_limit,solomon_exact_1000_v1,,,,,,0.5,,100,2,25,5d3f56a8df0d9ba91e368d7f3a64e9028fef5c9e1a9bdeff889848baf2b8ab27,False,baseline,034a9f2ddc1163af93aedef194b85dba0d917316921d81894ea9f955e988b8de
C203,solomon_txt,2b79eea2962a848cb29f6153d4fb4ae725d35507686d937da6643b33fcd85062,0,1,ok,True,3,668425,668.425,0.171879,0.500256,3,time_limit,solomon_exact_1000_v1,,,,,,0.5,,100,2,25,5d3f56a8df0d9ba91e368d7f3a64e9028fef5c9e1a9bdeff889848baf2b8ab27,False,baseline,034a9f2ddc1163af93aedef194b85dba0d917316921d81894ea9f955e988b8de
C203,solomon_txt,2b79eea2962a848cb29f6153d4fb4ae725d35507686d937da6643b33fcd85062,1,1,ok,True,3,722690,722.69,0.163726,0.500586,4,time_limit,solomon_exact_1000_v1,,,,,,0.5,,100,2,25,5d3f56a8df0d9ba91e368d7f3a64e9028fef5c9e1a9bdeff889848baf2b8ab27,False,baseline,034a9f2ddc1163af93aedef194b85dba0d917316921d81894ea9f955e988b8de
C203,solomon_txt,2b79eea2962a848cb29f6153d4fb4ae725d35507686d937da6643b33fcd85062,2,1,ok,True,3,682261,682.261,0.165264,0.500274,3,time_limit,solomon_exact_1000_v1,,,,,,0.5,,100,2,25,5d3f56a8df0d9ba91e368d7f3a64e9028fef5c9e1a9bdeff889848baf2b8ab27,False,baseline,034a9f2ddc1163af93aedef194b85dba0d917316921d81894ea9f955e988b8de
C204,solomon_txt,4331b2744d34e32c2987e3fe8a82b782a2039d757d2aac818f7e0fd21117bfb4,0,1,ok,True,3,925884,925.884,0.180335,0.500376,4,time_limit,solomon_exact_1000_v1,,,,,,0.5,,100,2,25,5d3f56a8df0d9ba91e368d7f3a64e9028fef5c9e1a9bdeff889848baf2b8ab27,False,baseline,034a9f2ddc1163af93aedef194b85dba0d917316921d81894ea9f955e988b8de
C204,solomon_txt,4331b2744d34e32c2987e3fe8a82b782a2039d757d2aac818f7e0fd21117bfb4,1,1,ok,True,3,775848,775.848,0.180307,0.500284,2,time_limit,solomon_exact_1000_v1,,,,,,0.5,,100,2,25,5d3f56a8df0d9ba91e368d7f3a64e9028fef5c9e1a9bdeff889848baf2b8ab27,False,baseline,034a9f2ddc1163af93aedef194b85dba0d917316921d81894ea9f955e988b8de
C204,solomon_txt,4331b2744d34e32c2987e3fe8a82b782a2039d757d2aac818f7e0fd21117bfb4,2,1,ok,True,3,741054,741.054,0.1822,0.500462,2,time_limit,solomon_exact_1000_v1,,,,,,0.5,,100,2,25,5d3f56a8df0d9ba91e368d7f3a64e9028fef5c9e1a9bdeff889848baf2b8ab27,False,baseline,034a9f2ddc1163af93aedef194b85dba0d917316921d81894ea9f955e988b8de
C205,solomon_txt,15be2bb8c3e4ad99a79d1e7ee0472223feb95a4f423d010e032bda0a87266ca5,0,1,ok,True,3,760498,760.498,0.190253,0.500485,3,time_limit,solomon_exact_1000_v1,,,,,,0.5,,100,2,25,5d3f56a8df0d9ba91e368d7f3a64e9028fef5c9e1a9bdeff889848baf2b8ab27,False,baseline,034a9f2ddc1163af93aedef194b85dba0d917316921d81894ea9f955e988b8de
C205,solomon_txt,15be2bb8c3e4ad99a79d1e7ee0472223feb95a4f423d010e032bda0a87266ca5,1,1,ok,True,3,725194,725.194,0.162248,0.500455,3,time_limit,solomon_exact_1000_v1,,,,,,0.5,,100,2,25,5d3f56a8df0d9ba91e368d7f3a64e9028fef5c9e1a9bdeff889848baf2b8ab27,False,baseline,034a9f2ddc1163af93aedef194b85dba0d917316921d81894ea9f955e988b8de
C205,solomon_txt,15be2bb8c3e4ad99a79d1e7ee0472223feb95a4f423d010e032bda0a87266ca5,2,1,ok,True,3,714897,714.897,0.159279,0.500262,4,time_limit,solomon_exact_1000_v1,,,,,,0.5,,100,2,25,5d3f56a8df0d9ba91e368d7f3a64e9028fef5c9e1a9bdeff889848baf2b8ab27,False,baseline,034a9f2ddc1163af93aedef194b85dba0d917316921d81894ea9f955e988b8de
C206,solomon_txt,745b6c7042707ffbbfc4d681ee02a84431425f1dfb3c8aa85ecf003fec8f7e53,0,1,ok,True,3,653578,653.578,0.174892,0.500255,2,time_limit,solomon_exact_1000_v1,,,,,,0.5,,100,2,25,5d3f56a8df0d9ba91e368d7f3a64e9028fef5c9e1a9bdeff889848baf2b8ab27,False,baseline,034a9f2ddc1163af93aedef194b85dba0d917316921d81894ea9f955e988b8de
C206,solomon_txt,745b6c7042707ffbbfc4d681ee02a84431425f1dfb3c8aa85ecf003fec8f7e53,1,1,ok,True,3,925521,925.521,0.1793,0.500462,3,time_limit,solomon_exact_1000_v1,,,,,,0.5,,100,2,25,5d3f56a8df0d9ba91e368d7f3a64e9028fef5c9e1a9bdeff889848baf2b8ab27,False,baseline,034a9f2ddc1163af93aedef194b85dba0d917316921d81894ea9f955e988b8de
C206,solomon_txt,745b6c7042707ffbbfc4d681ee02a84431425f1dfb3c8aa85ecf003fec8f7e53,2,1,ok,True,3,661284,661.284,0.175096,0.500439,4,time_limit,solomon_exact_1000_v1,,,,,,0.5,,100,2,25,5d3f56a8df0d9ba91e368d7f3a64e9028fef5c9e1a9bdeff889848baf2b8ab27,False,baseline,034a9f2ddc1163af93aedef194b85dba0d917316921d81894ea9f955e988b8de
C207,solomon_txt,a33f03570a944c8a6d185fd6a173e66c68e67c399a4958b2d5b6d49533ace4a4,0,1,ok,True,3,909394,909.394,0.190132,0.500289,3,time_limit,solomon_exact_1000_v1,,,,,,0.5,,100,2,25,5d3f56a8df0d9ba91e368d7f3a64e9028fef5c9e1a9bdeff889848baf2b8ab27,False,baseline,034a9f2ddc1163af93aedef194b85dba0d917316921d81894ea9f955e988b8de
C207,solomon_txt,a33f03570a944c8a6d185fd6a173e66c68e67c399a4958b2d5b6d49533ace4a4,1,1,ok,True,3,831675,831.675,0.179739,0.500437,3,time_limit,solomon_exact_1000_v1,,,,,,0.5,,100,2,25,5d3f56a8df0d9ba91e368d7f3a64e9028fef5c9e1a9bdeff889848baf2b8ab27,False,baseline,034a9f2ddc1163af93aedef194b85dba0d917316921d81894ea9f955e988b8de
C207,solomon_txt,a33f03570a944c8a6d185fd6a173e66c68e67c399a4958b2d5b6d49533ace4a4,2,1,ok,True,3,632687,632.687,0.180429,0.500442,3,time_limit,solomon_exact_1000_v1,,,,,,0.5,,100,2,25,5d3f56a8df0d9ba91e368d7f3a64e9028fef5c9e1a9bdeff889848baf2b8ab27,False,baseline,034a9f2ddc1163af93aedef194b85dba0d917316921d81894ea9f955e988b8de
C208,solomon_txt,1c2f2381b8743680dbeb34322869cbf5a6cdd8c281f4bcffdb99b533e601874b,0,1,ok,True,4,957831,957.831,0.18244,0.500257,1,time_limit,solomon_exact_1000_v1,,,,,,0.5,,100,2,25,5d3f56a8df0d9ba91e368d7f3a64e9028fef5c9e1a9bdeff889848baf2b8ab27,False,baseline,034a9f2ddc1163af93aedef194b85dba0d917316921d81894ea9f955e988b8de
C208,solomon_txt,1c2f2381b8743680dbeb34322869cbf5a6cdd8c281f4bcffdb99b533e601874b,1,1,ok,True,4,957831,957.831,0.180784,0.500282,1,time_limit,solomon_exact_1000_v1,,,,,,0.5,,100,2,25,5d3f56a8df0d9ba91e368d7f3a64e9028fef5c9e1a9bdeff889848baf2b8ab27,False,baseline,034a9f2ddc1163af93aedef194b85dba0d917316921d81894ea9f955e988b8de
C208,solomon_txt,1c2f2381b8743680dbeb34322869cbf5a6cdd8c281f4bcffdb99b533e601874b,2,1,ok,True,3,708664,708.664,0.208258,0.500433,3,time_limit,solomon_exact_1000_v1,,,,,,0.5,,100,2,25,5d3f56a8df0d9ba91e368d7f3a64e9028fef5c9e1a9bdeff889848baf2b8ab27,False,baseline,034a9f2ddc1163af93aedef194b85dba0d917316921d81894ea9f955e988b8de
R101,solomon_txt,3f3655182bc0fe44ce5de65fdcd2ee2f9c7fb9ed055f923635151d9d6f76d3ed,0,1,ok,True,22,1906195,1906.195,0.059004,0.500232,2,time_limit,solomon_exact_1000_v1,,,,,,0.5,,100,2,25,5d3f56a8df0d9ba91e368d7f3a64e9028fef5c9e1a9bdeff889848baf2b8ab27,False,baseline,034a9f2ddc1163af93aedef194b85dba0d917316921d81894ea9f955e988b8de
R101,solomon_txt,3f3655182bc0fe44ce5de65fdcd2ee2f9c7fb9ed055f923635151d9d6f76d3ed,1,1,ok,True,21,1903068,1903.068,0.05134,0.500477,1,time_limit,solomon_exact_1000_v1,,,,,,0.5,,100,2,25,5d3f56a8df0d9ba91e368d7f3a64e9028fef5c9e1a9bdeff889848baf2b8ab27,False,baseline,034a9f2ddc1163af93aedef194b85dba0d917316921d81894ea9f955e988b8de
R101,solomon_txt,3f3655182bc0fe44ce5de65fdcd2ee2f9c7fb9ed055f923635151d9d6f76d3ed,2,1,ok,True,21,1855132,1855.132,0.051048,0.500879,2,time_limit,solomon_exact_1000_v1,,,,,,0.5,,100,2,25,5d3f56a8df0d9ba91e368d7f3a64e9028fef5c9e1a9bdeff889848baf2b8ab27,False,baseline,034a9f2ddc1163af93aedef194b85dba0d917316921d81894ea9f955e988b8de
R102,solomon_txt,eeb23171b7e4fbfc80bf000ca770329109900fbd7273fa8b9d1f95b7dfe683c3,0,1,ok,True,19,1640559,1640.559,0.061003,0.500461,1,time_limit,solomon_exact_1000_v1,,,,,,0.5,,100,2,25,5d3f56a8df0d9ba91e368d7f3a64e9028fef5c9e1a9bdeff889848baf2b8ab27,False,baseline,034a9f2ddc1163af93aedef194b85dba0d917316921d81894ea9f955e988b8de
R102,solomon_txt,eeb23171b7e4fbfc80bf000ca770329109900fbd7273fa8b9d1f95b7dfe683c3,1,1,ok,True,19,1684944,1684.944,0.055586,0.500461,2,time_limit,solomon_exact_1000_v1,,,,,,0.5,,100,2,25,5d3f56a8df0d9ba91e368d7f3a64e9028fef5c9e1a9bdeff889848baf2b8ab27,False,baseline,034a9f2ddc1163af93aedef194b85dba0d917316921d81894ea9f955e988b8de
R102,solomon_txt,eeb23171b7e4fbfc80bf000ca770329109900fbd7273fa8b9d1f95b7dfe683c3,2,1,ok,True,19,1606305,1606.305,0.057246,0.500539,1,time_limit,solomon_exact_1000_v1,,,,,,0.5,,100,2,25,5d3f56a8df0d9ba91e368d7f3a64e9028fef5c9e1a9bdeff889848baf2b8ab27,False,baseline,034a9f2ddc1163af93aedef194b85dba0d917316921d81894ea9f955e988b8de
R103,solomon_txt,1f833e8648ba39e0edc76754fb49e81777a7175cf7b084c3f60a12607bfb3991,0,1,ok,True,14,1543269,1543.269,0.06311,0.500237,2,time_limit,solomon_exact_1000_v1,,,,,,0.5,,100,2,25,5d3f56a8df0d9ba91e368d7f3a64e9028fef5c9e1a9bdeff889848baf2b8ab27,False,baseline,034a9f2ddc1163af93aedef194b85dba0d917316921d81894ea9f955e988b8de
R103,solomon_txt,1f833e8648ba39e0edc76754fb49e81777a7175cf7b084c3f60a12607bfb3991,1,1,ok,True,14,1543269,1543.269,0.062633,0.500252,2,time_limit,solomon_exact_1000_v1,,,,,,0.5,,100,2,25,5d3f56a8df0d9ba91e368d7f3a64e9028fef5c9e1a9bdeff889848baf2b8ab27,False,baseline,034a9f2ddc1163af93aedef194b85dba0d917316921d81894ea9f955e988b8de
R103,solomon_txt,1f833e8648ba39e0edc76754fb49e81777a7175cf7b084c3f60a12607bfb3991,2,1,ok,True,14,1540040,1540.04,0.062057,0.500401,2,time_limit,solomon_exact_1000_v1,,,,,,0.5,,100,2,25,5d3f56a8df0d9ba91e368d7f3a64e9028fef5c9e1a9bdeff889848baf2b8ab27,False,baseline,034a9f2ddc1163af93aedef194b85dba0d917316921d81894ea9f955e988b8de
R104,solomon_txt,dd087124311d91facd81736debbfc7d0f351d27942917e2d76cbafd01e6183b7,0,1,ok,True,11,1179639,1179.639,0.076396,0.500518,2,time_limit,solomon_exact_1000_v1,,,,,,0.5,,100,2,25,5d3f56a8df0d9ba91e368d7f3a64e9028fef5c9e1a9bdeff889848baf2b8ab27,False,baseline,034a9f2ddc1163af93aedef194b85dba0d917316921d81894ea9f955e988b8de
R104,solomon_txt,dd087124311d91facd81736debbfc7d0f351d27942917e2d76cbafd01e6183b7,1,1,ok,True,11,1210304,1210.304,0.092929,0.500474,1,time_limit,solomon_exact_1000_v1,,,,,,0.5,,100,2,25,5d3f56a8df0d9ba91e368d7f3a64e9028fef5c9e1a9bdeff889848baf2b8ab27,False,baseline,034a9f2ddc1163af93aedef194b85dba0d917316921d81894ea9f955e988b8de
R104,solomon_txt,dd087124311d91facd81736debbfc7d0f351d27942917e2d76cbafd01e6183b7,2,1,ok,True,11,1321819,1321.819,0.075112,0.500505,1,time_limit,solomon_exact_1000_v1,,,,,,0.5,,100,2,25,5d3f56a8df0d9ba91e368d7f3a64e9028fef5c9e1a9bdeff889848baf2b8ab27,False,baseline,034a9f2ddc1163af93aedef194b85dba0d917316921d81894ea9f955e988b8de
R105,solomon_txt,ff1a614f8458d6339b3f54d8e4ca2dcf0a35c96012f477f6a819ae481de85ca4,0,1,ok,True,16,1693787,1693.787,0.057683,0.500476,1,time_limit,solomon_exact_1000_v1,,,,,,0.5,,100,2,25,5d3f56a8df0d9ba91e368d7f3a64e9028fef5c9e1a9bdeff889848baf2b8ab27,False,baseline,034a9f2ddc1163af93aedef194b85dba0d917316921d81894ea9f955e988b8de
R105,solomon_txt,ff1a614f8458d6339b3f54d8e4ca2dcf0a35c96012f477f6a819ae481de85ca4,1,1,ok,True,17,1669389,1669.389,0.05974,0.50047,1,time_limit,solomon_exact_1000_v1,,,,,,0.5,,100,2,25,5d3f56a8df0d9ba91e368d7f3a64e9028fef5c9e1a9bdeff889848baf2b8ab27,False,baseline,034a9f2ddc1163af93aedef194b85dba0d917316921d81894ea9f955e988b8de
R105,solomon_txt,ff1a614f8458d6339b3f54d8e4ca2dcf0a35c96012f477f6a819ae481de85ca4,2,1,ok,True,16,1694139,1694.139,0.056394,0.500615,1,time_limit,solomon_exact_1000_v1,,,,,,0.5,,100,2,25,5d3f56a8df0d9ba91e368d7f3a64e9028fef5c9e1a9bdeff889848baf2b8ab27,False,baseline,034a9f2ddc1163af93aedef194b85dba0d917316921d81894ea9f955e988b8de
R106,solomon_txt,31b8783d177f0fbe1c84b8f085fbf28b1989a80e4c00f49f5654ebef99835e97,0,1,ok,True,14,1539783,1539.783,0.06006,0.500429,1,time_limit,solomon_exact_1000_v1,,,,,,0.5,,100,2,25,5d3f56a8df0d9ba91e368d7f3a64e9028fef5c9e1a9bdeff889848baf2b8ab27,False,baseline,034a9f2ddc1163af93aedef194b85dba0d917316921d81894ea9f955e988b8de
R106,solomon_txt,31b8783d177f0fbe1c84b8f085fbf28b1989a80e4c00f49f5654ebef99835e97,1,1,ok,True,14,1639333,1639.333,0.059215,0.500275,2,time_limit,solomon_exact_1000_v1,,,,,,0.5,,100,2,25,5d3f56a8df0d9ba91e368d7f3a64e9028fef5c9e1a9bdeff889848baf2b8ab27,False,baseline,034a9f2ddc1163af93aedef194b85dba0d917316921d81894ea9f955e988b8de
R106,solomon_txt,31b8783d177f0fbe1c84b8f085fbf28b1989a80e4c00f49f5654ebef99835e97,2,1,ok,True,14,1556870,1556.87,0.060075,0.500484,1,time_limit,solomon_exact_1000_v1,,,,,,0.5,,100,2,25,5d3f56a8df0d9ba91e368d7f3a64e9028fef5c9e1a9bdeff889848baf2b8ab27,False,baseline,034a9f2ddc1163af93aedef194b85dba0d917316921d81894ea9f955e988b8de
R107,solomon_txt,dba2b257a1d43d7c78d5e3a9f09091a2b125d3fbec78c0c8a1782add669a1275,0,1,ok,True,12,1281479,1281.479,0.068207,0.500591,1,time_limit,solomon_exact_1000_v1,,,,,,0.5,,100,2,25,5d3f56a8df0d9ba91e368d7f3a64e9028fef5c9e1a9bdeff889848baf2b8ab27,False,baseline,034a9f2ddc1163af93aedef194b85dba0d917316921d81894ea9f955e988b8de
R107,solomon_txt,dba2b257a1d43d7c78d5e3a9f09091a2b125d3fbec78c0c8a1782add669a1275,1,1,ok,True,12,1510233,1510.233,0.068313,0.500223,2,time_limit,solomon_exact_1000_v1,,,,,,0.5,,100,2,25,5d3f56a8df0d9ba91e368d7f3a64e9028fef5c9e1a9bdeff889848baf2b8ab27,False,baseline,034a9f2ddc1163af93aedef194b85dba0d917316921d81894ea9f955e988b8de
R107,solomon_txt,dba2b257a1d43d7c78d5e3a9f09091a2b125d3fbec78c0c8a1782add669a1275,2,1,ok,True,12,1486083,1486.083,0.069384,0.500501,1,time_limit,solomon_exact_1000_v1,,,,,,0.5,,100,2,25,5d3f56a8df0d9ba91e368d7f3a64e9028fef5c9e1a9bdeff889848baf2b8ab27,False,baseline,034a9f2ddc1163af93aedef194b85dba0d917316921d81894ea9f955e988b8de
R108,solomon_txt,65cae09f4099b7e70d2b723e0e3a30aa1494c75a367bb894a3fd13241ee639d4,0,1,ok,True,11,1315436,1315.436,0.073989,0.500474,1,time_limit,solomon_exact_1000_v1,,,,,,0.5,,100,2,25,5d3f56a8df0d9ba91e368d7f3a64e9028fef5c9e1a9bdeff889848baf2b8ab27,False,baseline,034a9f2ddc1163af93aedef194b85dba0d917316921d81894ea9f955e988b8de
R108,solomon_txt,65cae09f4099b7e70d2b723e0e3a30aa1494c75a367bb894a3fd13241ee639d4,1,1,ok,True,10,1128679,1128.679,0.075111,0.500407,1,time_limit,solomon_exact_1000_v1,,,,,,0.5,,100,2,25,5d3f56a8df0d9ba91e368d7f3a64e9028fef5c9e1a9bdeff889848baf2b8ab27,False,baseline,034a9f2ddc1163af93aedef194b85dba0d917316921d81894ea9f955e988b8de
R108,solomon_txt,65cae09f4099b7e70d2b723e0e3a30aa1494c75a367bb894a3fd13241ee639d4,2,1,ok,True,11,1356219,1356.219,0.072972,0.500489,1,time_limit,solomon_exact_1000_v1,,,,,,0.5,,100,2,25,5d3f56a8df0d9ba91e368d7f3a64e9028fef5c9e1a9bdeff889848baf2b8ab27,False,baseline,034a9f2ddc1163af93aedef194b85dba0d917316921d81894ea9f955e988b8de
R109,solomon_txt,4ef24030e8c48de5f85dcd90c5739186004fc8dec87533b6467013cf996f4777,0,1,ok,True,14,1518740,1518.74,0.057431,0.500427,1,time_limit,solomon_exact_1000_v1,,,,,,0.5,,100,2,25,5d3f56a8df0d9ba91e368d7f3a64e9028fef5c9e1a9bdeff889848baf2b8ab27,False,baseline,034a9f2ddc1163af93aedef194b85dba0d917316921d81894ea9f955e988b8de
R109,solomon_txt,4ef24030e8c48de5f85dcd90c5739186004fc8dec87533b6467013cf996f4777,1,1,ok,True,15,1605356,1605.356,0.05711,0.500442,2,time_limit,solomon_exact_1000_v1,,,,,,0.5,,100,2,25,5d3f56a8df0d9ba91e368d7f3a64e9028fef5c9e1a9bdeff889848baf2b8ab27,False,baseline,034a9f2ddc1163af93aedef194b85dba0d917316921d81894ea9f955e988b8de
R109,solomon_txt,4ef24030e8c48de5f85dcd90c5739186004fc8dec87533b6467013cf996f4777,2,1,ok,True,14,1548429,1548.429,0.057305,0.500415,2,time_limit,solomon_exact_1000_v1,,,,,,0.5,,100,2,25,5d3f56a8df0d9ba91e368d7f3a64e9028fef5c9e1a9bdeff889848baf2b8ab27,False,baseline,034a9f2ddc1163af93aedef194b85dba0d917316921d81894ea9f955e988b8de
R110,solomon_txt,14cb53cb99af61d3d708f07564b9a72d146e7c26b4f10507cfaf3bc828f34bfa,0,1,ok,True,13,1561904,1561.904,0.063528,0.500483,1,time_limit,solomon_exact_1000_v1,,,,,,0.5,,100,2,25,5d3f56a8df0d9ba91e368d7f3a64e9028fef5c9e1a9bdeff889848baf2b8ab27,False,baseline,034a9f2ddc1163af93aedef194b85dba0d917316921d81894ea9f955e988b8de
R110,solomon_txt,14cb53cb99af61d3d708f07564b9a72d146e7c26b4f10507cfaf3bc828f34bfa,1,1,ok,True,13,1523085,1523.085,0.063438,0.500219,2,time_limit,solomon_exact_1000_v1,,,,,,0.5,,100,2,25,5d3f56a8df0d9ba91e368d7f3a64e9028fef5c9e1a9bdeff889848baf2b8ab27,False,baseline,034a9f2ddc1163af93aedef194b85dba0d917316921d81894ea9f955e988b8de
R110,solomon_txt,14cb53cb99af61d3d708f07564b9a72d146e7c26b4f10507cfaf3bc828f34bfa,2,1,ok,True,13,1564765,1564.765,0.065497,0.500469,1,time_limit,solomon_exact_1000_v1,,,,,,0.5,,100,2,25,5d3f56a8df0d9ba91e368d7f3a64e9028fef5c9e1a9bdeff889848baf2b8ab27,False,baseline,034a9f2ddc1163af93aedef194b85dba0d917316921d81894ea9f955e988b8de
R111,solomon_txt,3d94a73b1f2fe8aae4618b9d9ea254cff2e3924a6a841aa390096ec6c60f258d,0,1,ok,True,12,1400068,1400.068,0.065092,0.500443,1,time_limit,solomon_exact_1000_v1,,,,,,0.5,,100,2,25,5d3f56a8df0d9ba91e368d7f3a64e9028fef5c9e1a9bdeff889848baf2b8ab27,False,baseline,034a9f2ddc1163af93aedef194b85dba0d917316921d81894ea9f955e988b8de
R111,solomon_txt,3d94a73b1f2fe8aae4618b9d9ea254cff2e3924a6a841aa390096ec6c60f258d,1,1,ok,True,12,1449491,1449.491,0.068764,0.500223,2,time_limit,solomon_exact_1000_v1,,,,,,0.5,,100,2,25,5d3f56a8df0d9ba91e368d7f3a64e9028fef5c9e1a9bdeff889848baf2b8ab27,False,baseline,034a9f2ddc1163af93aedef194b85dba0d917316921d81894ea9f955e988b8de
R111,solomon_txt,3d94a73b1f2fe8aae4618b9d9ea254cff2e3924a6a841aa390096ec6c60f258d,2,1,ok,True,12,1307212,1307.212,0.066138,0.500422,1,time_limit,solomon_exact_1000_v1,,,,,,0.5,,100,2,25,5d3f56a8df0d9ba91e368d7f3a64e9028fef5c9e1a9bdeff889848baf2b8ab27,False,baseline,034a9f2ddc1163af93aedef194b85dba0d917316921d81894ea9f955e988b8de
R112,solomon_txt,a0e93149d59d30c356619891d192e86d0f16c3158e1dac3bd9f23c6deb718271,0,1,ok,True,12,1466116,1466.116,0.0641,0.500229,2,time_limit,solomon_exact_1000_v1,,,,,,0.5,,100,2,25,5d3f56a8df0d9ba91e368d7f3a64e9028fef5c9e1a9bdeff889848baf2b8ab27,False,baseline,034a9f2ddc1163af93aedef194b85dba0d917316921d81894ea9f955e988b8de
R112,solomon_txt,a0e93149d59d30c356619891d192e86d0f16c3158e1dac3bd9f23c6deb718271,1,1,ok,True,13,1429350,1429.35,0.064196,0.500595,1,time_limit,solomon_exact_1000_v1,,,,,,0.5,,100,2,25,5d3f56a8df0d9ba91e368d7f3a64e9028fef5c9e1a9bdeff889848baf2b8ab27,False,baseline,034a9f2ddc1163af93aedef194b85dba0d917316921d81894ea9f955e988b8de
R112,solomon_txt,a0e93149d59d30c356619891d192e86d0f16c3158e1dac3bd9f23c6deb718271,2,1,ok,True,12,1368199,1368.199,0.064184,0.500413,2,time_limit,solomon_exact_1000_v1,,,,,,0.5,,100,2,25,5d3f56a8df0d9ba91e368d7f3a64e9028fef5c9e1a9bdeff889848baf2b8ab27,False,baseline,034a9f2ddc1163af93aedef194b85dba0d917316921d81894ea9f955e988b8de
R201,solomon_txt,0be960ec998fff2cab0bdbcc5194c617e5ca0a79c82c5b32b1d4bd98b2cae210,0,1,ok,True,5,1726658,1726.658,0.134175,0.500295,1,time_limit,solomon_exact_1000_v1,,,,,,0.5,,100,2,25,5d3f56a8df0d9ba91e368d7f3a64e9028fef5c9e1a9bdeff889848baf2b8ab27,False,baseline,034a9f2ddc1163af93aedef194b85dba0d917316921d81894ea9f955e988b8de
R201,solomon_txt,0be960ec998fff2cab0bdbcc5194c617e5ca0a79c82c5b32b1d4bd98b2cae210,1,1,ok,True,4,1665126,1665.126,0.129329,0.500437,1,time_limit,solomon_exact_1000_v1,,,,,,0.5,,100,2,25,5d3f56a8df0d9ba91e368d7f3a64e9028fef5c9e1a9bdeff889848baf2b8ab27,False,baseline,034a9f2ddc1163af93aedef194b85dba0d917316921d81894ea9f955e988b8de
R201,solomon_txt,0be960ec998fff2cab0bdbcc5194c617e5ca0a79c82c5b32b1d4bd98b2cae210,2,1,ok,True,4,1605282,1605.282,0.141295,0.500418,1,time_limit,solomon_exact_1000_v1,,,,,,0.5,,100,2,25,5d3f56a8df0d9ba91e368d7f3a64e9028fef5c9e1a9bdeff889848baf2b8ab27,False,baseline,034a9f2ddc1163af93aedef194b85dba0d917316921d81894ea9f955e988b8de
R202,solomon_txt,1f7761bb33e9dd0c94837b32c72280296ffc283dba997379c7ad75ce00dffc8d,0,1,ok,True,4,1622244,1622.244,0.155812,0.500255,1,time_limit,solomon_exact_1000_v1,,,,,,0.5,,100,2,25,5d3f56a8df0d9ba91e368d7f3a64e9028fef5c9e1a9bdeff889848baf2b8ab27,False,baseline,034a9f2ddc1163af93aedef194b85dba0d917316921d81894ea9f955e988b8de
R202,solomon_txt,1f7761bb33e9dd0c94837b32c72280296ffc283dba997379c7ad75ce00dffc8d,1,1,ok,True,4,1622244,1622.244,0.155414,0.500374,1,time_limit,solomon_exact_1000_v1,,,,,,0.5,,100,2,25,5d3f56a8df0d9ba91e368d7f3a64e9028fef5c9e1a9bdeff889848baf2b8ab27,False,baseline,034a9f2ddc1163af93aedef194b85dba0d917316921d81894ea9f955e988b8de
R202,solomon_txt,1f7761bb33e9dd0c94837b32c72280296ffc283dba997379c7ad75ce00dffc8d,2,1,ok,True,4,1622244,1622.244,0.158056,0.500399,1,time_limit,solomon_exact_1000_v1,,,,,,0.5,,100,2,25,5d3f56a8df0d9ba91e368d7f3a64e9028fef5c9e1a9bdeff889848baf2b8ab27,False,baseline,034a9f2ddc1163af93aedef194b85dba0d917316921d81894ea9f955e988b8de
R203,solomon_txt,38c484db31bd7452a94d533e26a2348ef598df600b79d061d9ddc1c61466a731,0,1,ok,True,3,1243037,1243.037,0.169896,0.500435,2,time_limit,solomon_exact_1000_v1,,,,,,0.5,,100,2,25,5d3f56a8df0d9ba91e368d7f3a64e9028fef5c9e1a9bdeff889848baf2b8ab27,False,baseline,034a9f2ddc1163af93aedef194b85dba0d917316921d81894ea9f955e988b8de
R203,solomon_txt,38c484db31bd7452a94d533e26a2348ef598df600b79d061d9ddc1c61466a731,1,1,ok,True,3,1240938,1240.938,0.164393,0.500455,2,time_limit,solomon_exact_1000_v1,,,,,,0.5,,100,2,25,5d3f56a8df0d9ba91e368d7f3a64e9028fef5c9e1a9bdeff889848baf2b8ab27,False,baseline,034a9f2ddc1163af93aedef194b85dba0d917316921d81894ea9f955e988b8de
R203,solomon_txt,38c484db31bd7452a94d533e26a2348ef598df600b79d061d9ddc1c61466a731,2,1,ok,True,3,1290510,1290.51,0.194828,0.500873,1,time_limit,solomon_exact_1000_v1,,,,,,0.5,,100,2,25,5d3f56a8df0d9ba91e368d7f3a64e9028fef5c9e1a9bdeff889848baf2b8ab27,False,baseline,034a9f2ddc1163af93aedef194b85dba0d917316921d81894ea9f955e988b8de
R204,solomon_txt,5349e37d8df99bcbee1efa2e970d2662b5265e5f82fc609343a6af0a60257abf,0,1,ok,True,3,1331038,1331.038,0.207683,0.500266,1,time_limit,solomon_exact_1000_v1,,,,,,0.5,,100,2,25,5d3f56a8df0d9ba91e368d7f3a64e9028fef5c9e1a9bdeff889848baf2b8ab27,False,baseline,034a9f2ddc1163af93aedef194b85dba0d917316921d81894ea9f955e988b8de
R204,solomon_txt,5349e37d8df99bcbee1efa2e970d2662b5265e5f82fc609343a6af0a60257abf,1,1,ok,True,3,1331038,1331.038,0.203128,0.500257,1,time_limit,solomon_exact_1000_v1,,,,,,0.5,,100,2,25,5d3f56a8df0d9ba91e368d7f3a64e9028fef5c9e1a9bdeff889848baf2b8ab27,False,baseline,034a9f2ddc1163af93aedef194b85dba0d917316921d81894ea9f955e988b8de
R204,solomon_txt,5349e37d8df99bcbee1efa2e970d2662b5265e5f82fc609343a6af0a60257abf,2,1,ok,True,3,1331038,1331.038,0.214941,0.50023,1,time_limit,solomon_exact_1000_v1,,,,,,0.5,,100,2,25,5d3f56a8df0d9ba91e368d7f3a64e9028fef5c9e1a9bdeff889848baf2b8ab27,False,baseline,034a9f2ddc1163af93aedef194b85dba0d917316921d81894ea9f955e988b8de
R205,solomon_txt,1996bf8f10716fb8cfc1a585206a6a6e566f32347c1bb8f36c75ed6c887f77e3,0,1,ok,True,3,1303717,1303.717,0.161112,0.500232,1,time_limit,solomon_exact_1000_v1,,,,,,0.5,,100,2,25,5d3f56a8df0d9ba91e368d7f3a64e9028fef5c9e1a9bdeff889848baf2b8ab27,False,baseline,034a9f2ddc1163af93aedef194b85dba0d917316921d81894ea9f955e988b8de
R205,solomon_txt,1996bf8f10716fb8cfc1a585206a6a6e566f32347c1bb8f36c75ed6c887f77e3,1,1,ok,True,4,1700248,1700.248,0.166466,0.500243,1,time_limit,solomon_exact_1000_v1,,,,,,0.5,,100,2,25,5d3f56a8df0d9ba91e368d7f3a64e9028fef5c9e1a9bdeff889848baf2b8ab27,False,baseline,034a9f2ddc1163af93aedef194b85dba0d917316921d81894ea9f955e988b8de
R205,solomon_txt,1996bf8f10716fb8cfc1a585206a6a6e566f32347c1bb8f36c75ed6c887f77e3,2,1,ok,True,3,1408809,1408.809,0.159363,0.500611,1,time_limit,solomon_exact_1000_v1,,,,,,0.5,,100,2,25,5d3f56a8df0d9ba91e368d7f3a64e9028fef5c9e1a9bdeff889848baf2b8ab27,False,baseline,034a9f2ddc1163af93aedef194b85dba0d917316921d81894ea9f955e988b8de
R206,solomon_txt,c8754a0319264d076c038b1bf023c8c4710e8895fe3e03f485e9ae249f32fe43,0,1,ok,True,3,1533607,1533.607,0.170268,0.50027,1,time_limit,solomon_exact_1000_v1,,,,,,0.5,,100,2,25,5d3f56a8df0d9ba91e368d7f3a64e9028fef5c9e1a9bdeff889848baf2b8ab27,False,baseline,034a9f2ddc1163af93aedef194b85dba0d917316921d81894ea9f955e988b8de
R206,solomon_txt,c8754a0319264d076c038b1bf023c8c4710e8895fe3e03f485e9ae249f32fe43,1,1,ok,True,3,1533607,1533.607,0.176032,0.50028,1,time_limit,solomon_exact_1000_v1,,,,,,0.5,,100,2,25,5d3f56a8df0d9ba91e368d7f3a64e9028fef5c9e1a9bdeff889848baf2b8ab27,False,baseline,034a9f2ddc1163af93aedef194b85dba0d917316921d81894ea9f955e988b8de
R206,solomon_txt,c8754a0319264d076c038b1bf023c8c4710e8895fe3e03f485e9ae249f32fe43,2,1,ok,True,3,1531545,1531.545,0.173089,0.500378,1,time_limit,solomon_exact_1000_v1,,,,,,0.5,,100,2,25,5d3f56a8df0d9ba91e368d7f3a64e9028fef5c9e1a9bdeff889848baf2b8ab27,False,baseline,034a9f2ddc1163af93aedef194b85dba0d917316921d81894ea9f955e988b8de
R207,solomon_txt,52dc8eebba43fdc67ca9aadab228b75a297acb55a87db3e4748e82f623e3cbe6,0,1,ok,True,3,1164515,1164.515,0.205393,0.500249,1,time_limit,solomon_exact_1000_v1,,,,,,0.5,,100,2,25,5d3f56a8df0d9ba91e368d7f3a64e9028fef5c9e1a9bdeff889848baf2b8ab27,False,baseline,034a9f2ddc1163af93aedef194b85dba0d917316921d81894ea9f955e988b8de
R207,solomon_txt,52dc8eebba43fdc67ca9aadab228b75a297acb55a87db3e4748e82f623e3cbe6,1,1,ok,True,3,1102590,1102.59,0.204567,0.500328,1,time_limit,solomon_exact_1000_v1,,,,,,0.5,,100,2,25,5d3f56a8df0d9ba91e368d7f3a64e9028fef5c9e1a9bdeff889848baf2b8ab27,False,baseline,034a9f2ddc1163af93aedef194b85dba0d917316921d81894ea9f955e988b8de
R207,solomon_txt,52dc8eebba43fdc67ca9aadab228b75a297acb55a87db3e4748e82f623e3cbe6,2,1,ok,True,3,1035427,1035.427,0.196125,0.500744,1,time_limit,solomon_exact_1000_v1,,,,,,0.5,,100,2,25,5d3f56a8df0d9ba91e368d7f3a64e9028fef5c9e1a9bdeff889848baf2b8ab27,False,baseline,034a9f2ddc1163af93aedef194b85dba0d917316921d81894ea9f955e988b8de
R208,solomon_txt,7b4a95d500af9329dd08791d39898a619faec0f8fac039d57373e761545b980d,0,1,ok,True,3,957965,957.965,0.220859,0.500271,1,time_limit,solomon_exact_1000_v1,,,,,,0.5,,100,2,25,5d3f56a8df0d9ba91e368d7f3a64e9028fef5c9e1a9bdeff889848baf2b8ab27,False,baseline,034a9f2ddc1163af93aedef194b85dba0d917316921d81894ea9f955e988b8de
R208,solomon_txt,7b4a95d500af9329dd08791d39898a619faec0f8fac039d57373e761545b980d,1,1,ok,True,3,957965,957.965,0.219043,0.50025,1,time_limit,solomon_exact_1000_v1,,,,,,0.5,,100,2,25,5d3f56a8df0d9ba91e368d7f3a64e9028fef5c9e1a9bdeff889848baf2b8ab27,False,baseline,034a9f2ddc1163af93aedef194b85dba0d917316921d81894ea9f955e988b8de
R208,solomon_txt,7b4a95d500af9329dd08791d39898a619faec0f8fac039d57373e761545b980d,2,1,ok,True,3,957965,957.965,0.223453,0.500365,1,time_limit,solomon_exact_1000_v1,,,,,,0.5,,100,2,25,5d3f56a8df0d9ba91e368d7f3a64e9028fef5c9e1a9bdeff889848baf2b8ab27,False,baseline,034a9f2ddc1163af93aedef194b85dba0d917316921d81894ea9f955e988b8de
R209,solomon_txt,5b74156d032babcff853ccc693f94463eca8333cd425aa99a39ed996f6258933,0,1,ok,True,3,1278206,1278.206,0.160465,0.500255,1,time_limit,solomon_exact_1000_v1,,,,,,0.5,,100,2,25,5d3f56a8df0d9ba91e368d7f3a64e9028fef5c9e1a9bdeff889848baf2b8ab27,False,baseline,034a9f2ddc1163af93aedef194b85dba0d917316921d81894ea9f955e988b8de
R209,solomon_txt,5b74156d032babcff853ccc693f94463eca8333cd425aa99a39ed996f6258933,1,1,ok,True,3,1303297,1303.297,0.160682,0.50028,1,time_limit,solomon_exact_1000_v1,,,,,,0.5,,100,2,25,5d3f56a8df0d9ba91e368d7f3a64e9028fef5c9e1a9bdeff889848baf2b8ab27,False,baseline,034a9f2ddc1163af93aedef194b85dba0d917316921d81894ea9f955e988b8de
R209,solomon_txt,5b74156d032babcff853ccc693f94463eca8333cd425aa99a39ed996f6258933,2,1,ok,True,3,1388821,1388.821,0.160578,0.500427,1,time_limit,solomon_exact_1000_v1,,,,,,0.5,,100,2,25,5d3f56a8df0d9ba91e368d7f3a64e9028fef5c9e1a9bdeff889848baf2b8ab27,False,baseline,034a9f2ddc1163af93aedef194b85dba0d917316921d81894ea9f955e988b8de
R210,solomon_txt,4e5772f109fb6183e6a648d6a1edaba3435438c2dc11c42da370fecf7bdf3a14,0,1,ok,True,3,1407802,1407.802,0.174293,0.50045,3,time_limit,solomon_exact_1000_v1,,,,,,0.5,,100,2,25,5d3f56a8df0d9ba91e368d7f3a64e9028fef5c9e1a9bdeff889848baf2b8ab27,False,baseline,034a9f2ddc1163af93aedef194b85dba0d917316921d81894ea9f955e988b8de
R210,solomon_txt,4e5772f109fb6183e6a648d6a1edaba3435438c2dc11c42da370fecf7bdf3a14,1,1,ok,True,3,1418833,1418.833,0.183149,0.500323,3,time_limit,solomon_exact_1000_v1,,,,,,0.5,,100,2,25,5d3f56a8df0d9ba91e368d7f3a64e9028fef5c9e1a9bdeff889848baf2b8ab27,False,baseline,034a9f2ddc1163af93aedef194b85dba0d917316921d81894ea9f955e988b8de
R210,solomon_txt,4e5772f109fb6183e6a648d6a1edaba3435438c2dc11c42da370fecf7bdf3a14,2,1,ok,True,3,1417810,1417.81,0.196636,0.500335,4,time_limit,solomon_exact_1000_v1,,,,,,0.5,,100,2,25,5d3f56a8df0d9ba91e368d7f3a64e9028fef5c9e1a9bdeff889848baf2b8ab27,False,baseline,034a9f2ddc1163af93aedef194b85dba0d917316921d81894ea9f955e988b8de
R211,solomon_txt,2965507e467a2f92acd59035975910e36ae11e4f49590d4c7d20a883939227ad,0,1,ok,True,3,1516434,1516.434,0.223614,0.500306,1,time_limit,solomon_exact_1000_v1,,,,,,0.5,,100,2,25,5d3f56a8df0d9ba91e368d7f3a64e9028fef5c9e1a9bdeff889848baf2b8ab27,False,baseline,034a9f2ddc1163af93aedef194b85dba0d917316921d81894ea9f955e988b8de
R211,solomon_txt,2965507e467a2f92acd59035975910e36ae11e4f49590d4c7d20a883939227ad,1,1,ok,True,3,1516434,1516.434,0.185517,0.500277,1,time_limit,solomon_exact_1000_v1,,,,,,0.5,,100,2,25,5d3f56a8df0d9ba91e368d7f3a64e9028fef5c9e1a9bdeff889848baf2b8ab27,False,baseline,034a9f2ddc1163af93aedef194b85dba0d917316921d81894ea9f955e988b8de
R211,solomon_txt,2965507e467a2f92acd59035975910e36ae11e4f49590d4c7d20a883939227ad,2,1,ok,True,3,1506201,1506.201,0.190591,0.500502,1,time_limit,solomon_exact_1000_v1,,,,,,0.5,,100,2,25,5d3f56a8df0d9ba91e368d7f3a64e9028fef5c9e1a9bdeff889848baf2b8ab27,False,baseline,034a9f2ddc1163af93aedef194b85dba0d917316921d81894ea9f955e988b8de
RC101,solomon_txt,ef6893ffd9746ad96de8e4da6e64e2c4ba6e08a1c7eb9457276a9f1caf01ca12,0,1,ok,True,17,2170091,2170.091,0.058162,0.500239,3,time_limit,solomon_exact_1000_v1,,,,,,0.5,,100,2,25,5d3f56a8df0d9ba91e368d7f3a64e9028fef5c9e1a9bdeff889848baf2b8ab27,False,baseline,034a9f2ddc1163af93aedef194b85dba0d917316921d81894ea9f955e988b8de
RC101,solomon_txt,ef6893ffd9746ad96de8e4da6e64e2c4ba6e08a1c7eb9457276a9f1caf01ca12,1,1,ok,True,18,2074763,2074.763,0.058124,0.500468,1,time_limit,solomon_exact_1000_v1,,,,,,0.5,,100,2,25,5d3f56a8df0d9ba91e368d7f3a64e9028fef5c9e1a9bdeff889848baf2b8ab27,False,baseline,034a9f2ddc1163af93aedef194b85dba0d917316921d81894ea9f955e988b8de
RC101,solomon_txt,ef6893ffd9746ad96de8e4da6e64e2c4ba6e08a1c7eb9457276a9f1caf01ca12,2,1,ok,True,18,1980569,1980.569,0.057943,0.500382,2,time_limit,solomon_exact_1000_v1,,,,,,0.5,,100,2,25,5d3f56a8df0d9ba91e368d7f3a64e9028fef5c9e1a9bdeff889848baf2b8ab27,False,baseline,034a9f2ddc1163af93aedef194b85dba0d917316921d81894ea9f955e988b8de
RC102,solomon_txt,36acd349d34a577c7fadd61f78517c2cb74bd06a490273800c288f341e5785a4,0,1,ok,True,15,1754491,1754.491,0.059507,0.500233,3,time_limit,solomon_exact_1000_v1,,,,,,0.5,,100,2,25,5d3f56a8df0d9ba91e368d7f3a64e9028fef5c9e1a9bdeff889848baf2b8ab27,False,baseline,034a9f2ddc1163af93aedef194b85dba0d917316921d81894ea9f955e988b8de
RC102,solomon_txt,36acd349d34a577c7fadd61f78517c2cb74bd06a490273800c288f341e5785a4,1,1,ok,True,15,1830274,1830.274,0.086045,0.500468,1,time_limit,solomon_exact_1000_v1,,,,,,0.5,,100,2,25,5d3f56a8df0d9ba91e368d7f3a64e9028fef5c9e1a9bdeff889848baf2b8ab27,False,baseline,034a9f2ddc1163af93aedef194b85dba0d917316921d81894ea9f955e988b8de
RC102,solomon_txt,36acd349d34a577c7fadd61f78517c2cb74bd06a490273800c288f341e5785a4,2,1,ok,True,16,1812496,1812.496,0.059898,0.500496,1,time_limit,solomon_exact_1000_v1,,,,,,0.5,,100,2,25,5d3f56a8df0d9ba91e368d7f3a64e9028fef5c9e1a9bdeff889848baf2b8ab27,False,baseline,034a9f2ddc1163af93aedef194b85dba0d917316921d81894ea9f955e988b8de
RC103,solomon_txt,00f384138274d5d2bff5c41601db17cc4ad0cfc6315c27e223d4477bf435cc2d,0,1,ok,True,12,1733037,1733.037,0.067254,0.50044,1,time_limit,solomon_exact_1000_v1,,,,,,0.5,,100,2,25,5d3f56a8df0d9ba91e368d7f3a64e9028fef5c9e1a9bdeff889848baf2b8ab27,False,baseline,034a9f2ddc1163af93aedef194b85dba0d917316921d81894ea9f955e988b8de
RC103,solomon_txt,00f384138274d5d2bff5c41601db17cc4ad0cfc6315c27e223d4477bf435cc2d,1,1,ok,True,12,1702989,1702.989,0.06934,0.500442,1,time_limit,solomon_exact_1000_v1,,,,,,0.5,,100,2,25,5d3f56a8df0d9ba91e368d7f3a64e9028fef5c9e1a9bdeff889848baf2b8ab27,False,baseline,034a9f2ddc1163af93aedef194b85dba0d917316921d81894ea9f955e988b8de
RC103,solomon_txt,00f384138274d5d2bff5c41601db17cc4ad0cfc6315c27e223d4477bf435cc2d,2,1,ok,True,13,1947404,1947.404,0.070857,0.500472,1,time_limit,solomon_exact_1000_v1,,,,,,0.5,,100,2,25,5d3f56a8df0d9ba91e368d7f3a64e9028fef5c9e1a9bdeff889848baf2b8ab27,False,baseline,034a9f2ddc1163af93aedef194b85dba0d917316921d81894ea9f955e988b8de
RC104,solomon_txt,d150b2d61049a488fb89a2320c197d81a7ef9a1864abbbaea1d13a2b451253ee,0,1,ok,True,12,1589309,1589.309,0.070428,0.500243,2,time_limit,solomon_exact_1000_v1,,,,,,0.5,,100,2,25,5d3f56a8df0d9ba91e368d7f3a64e9028fef5c9e1a9bdeff889848baf2b8ab27,False,baseline,034a9f2ddc1163af93aedef194b85dba0d917316921d81894ea9f955e988b8de
RC104,solomon_txt,d150b2d61049a488fb89a2320c197d81a7ef9a1864abbbaea1d13a2b451253ee,1,1,ok,True,12,1624080,1624.08,0.070272,0.500502,2,time_limit,solomon_exact_1000_v1,,,,,,0.5,,100,2,25,5d3f56a8df0d9ba91e368d7f3a64e9028fef5c9e1a9bdeff889848baf2b8ab27,False,baseline,034a9f2ddc1163af93aedef194b85dba0d917316921d81894ea9f955e988b8de
RC104,solomon_txt,d150b2d61049a488fb89a2320c197d81a7ef9a1864abbbaea1d13a2b451253ee,2,1,ok,True,11,1479156,1479.156,0.068866,0.500427,1,time_limit,solomon_exact_1000_v1,,,,,,0.5,,100,2,25,5d3f56a8df0d9ba91e368d7f3a64e9028fef5c9e1a9bdeff889848baf2b8ab27,False,baseline,034a9f2ddc1163af93aedef194b85dba0d917316921d81894ea9f955e988b8de
RC105,solomon_txt,b9e912625c1ed80d2f565e0799ade2f4b17bf4f95056322ca23f1a21b37e7a49,0,1,ok,True,16,1898283,1898.283,0.061257,0.500547,1,time_limit,solomon_exact_1000_v1,,,,,,0.5,,100,2,25,5d3f56a8df0d9ba91e368d7f3a64e9028fef5c9e1a9bdeff889848baf2b8ab27,False,baseline,034a9f2ddc1163af93aedef194b85dba0d917316921d81894ea9f955e988b8de
RC105,solomon_txt,b9e912625c1ed80d2f565e0799ade2f4b17bf4f95056322ca23f1a21b37e7a49,1,1,ok,True,16,2115609,2115.609,0.061436,0.500481,1,time_limit,solomon_exact_1000_v1,,,,,,0.5,,100,2,25,5d3f56a8df0d9ba91e368d7f3a64e9028fef5c9e1a9bdeff889848baf2b8ab27,False,baseline,034a9f2ddc1163af93aedef194b85dba0d917316921d81894ea9f955e988b8de
RC105,solomon_txt,b9e912625c1ed80d2f565e0799ade2f4b17bf4f95056322ca23f1a21b37e7a49,2,1,ok,True,16,1888042,1888.042,0.061251,0.500481,2,time_limit,solomon_exact_1000_v1,,,,,,0.5,,100,2,25,5d3f56a8df0d9ba91e368d7f3a64e9028fef5c9e1a9bdeff889848baf2b8ab27,False,baseline,034a9f2ddc1163af93aedef194b85dba0d917316921d81894ea9f955e988b8de
RC106,solomon_txt,bf016ffc567af2d108570357daf1d0cabb7f680c0bd977d2e4366787683fdbaf,0,1,ok,True,15,2117387,2117.387,0.059602,0.500488,1,time_limit,solomon_exact_1000_v1,,,,,,0.5,,100,2,25,5d3f56a8df0d9ba91e368d7f3a64e9028fef5c9e1a9bdeff889848baf2b8ab27,False,baseline,034a9f2ddc1163af93aedef194b85dba0d917316921d81894ea9f955e988b8de
RC106,solomon_txt,bf016ffc567af2d108570357daf1d0cabb7f680c0bd977d2e4366787683fdbaf,1,1,ok,True,15,1915368,1915.368,0.059715,0.500303,3,time_limit,solomon_exact_1000_v1,,,,,,0.5,,100,2,25,5d3f56a8df0d9ba91e368d7f3a64e9028fef5c9e1a9bdeff889848baf2b8ab27,False,baseline,034a9f2ddc1163af93aedef194b85dba0d917316921d81894ea9f955e988b8de
RC106,solomon_txt,bf016ffc567af2d108570357daf1d0cabb7f680c0bd977d2e4366787683fdbaf,2,1,ok,True,15,1988965,1988.965,0.057931,0.500354,1,time_limit,solomon_exact_1000_v1,,,,,,0.5,,100,2,25,5d3f56a8df0d9ba91e368d7f3a64e9028fef5c9e1a9bdeff889848baf2b8ab27,False,baseline,034a9f2ddc1163af93aedef194b85dba0d917316921d81894ea9f955e988b8de
RC107,solomon_txt,fff3fd68d110671ed442575f07cc547291586f30b00c5f73934d521d31311582,0,1,ok,True,14,1708249,1708.249,0.064831,0.500214,2,time_limit,solomon_exact_1000_v1,,,,,,0.5,,100,2,25,5d3f56a8df0d9ba91e368d7f3a64e9028fef5c9e1a9bdeff889848baf2b8ab27,False,baseline,034a9f2ddc1163af93aedef194b85dba0d917316921d81894ea9f955e988b8de
RC107,solomon_txt,fff3fd68d110671ed442575f07cc547291586f30b00c5f73934d521d31311582,1,1,ok,True,14,1787020,1787.02,0.063062,0.500233,3,time_limit,solomon_exact_1000_v1,,,,,,0.5,,100,2,25,5d3f56a8df0d9ba91e368d7f3a64e9028fef5c9e1a9bdeff889848baf2b8ab27,False,baseline,034a9f2ddc1163af93aedef194b85dba0d917316921d81894ea9f955e988b8de
RC107,solomon_txt,fff3fd68d110671ed442575f07cc547291586f30b00c5f73934d521d31311582,2,1,ok,True,14,1879873,1879.873,0.069808,0.500442,2,time_limit,solomon_exact_1000_v1,,,,,,0.5,,100,2,25,5d3f56a8df0d9ba91e368d7f3a64e9028fef5c9e1a9bdeff889848baf2b8ab27,False,baseline,034a9f2ddc1163af93aedef194b85dba0d917316921d81894ea9f955e988b8de
RC108,solomon_txt,006bc8817bf09f9a8c66af8d6f088bdec239b2eb435556e9d11193cf456f7aeb,0,1,ok,True,14,1950039,1950.039,0.063421,0.500282,2,time_limit,solomon_exact_1000_v1,,,,,,0.5,,100,2,25,5d3f56a8df0d9ba91e368d7f3a64e9028fef5c9e1a9bdeff889848baf2b8ab27,False,baseline,034a9f2ddc1163af93aedef194b85dba0d917316921d81894ea9f955e988b8de
RC108,solomon_txt,006bc8817bf09f9a8c66af8d6f088bdec239b2eb435556e9d11193cf456f7aeb,1,1,ok,True,14,1694123,1694.123,0.063483,0.500231,3,time_limit,solomon_exact_1000_v1,,,,,,0.5,,100,2,25,5d3f56a8df0d9ba91e368d7f3a64e9028fef5c9e1a9bdeff889848baf2b8ab27,False,baseline,034a9f2ddc1163af93aedef194b85dba0d917316921d81894ea9f955e988b8de
RC108,solomon_txt,006bc8817bf09f9a8c66af8d6f088bdec239b2eb435556e9d11193cf456f7aeb,2,1,ok,True,14,1711913,1711.913,0.064105,0.500279,2,time_limit,solomon_exact_1000_v1,,,,,,0.5,,100,2,25,5d3f56a8df0d9ba91e368d7f3a64e9028fef5c9e1a9bdeff889848baf2b8ab27,False,baseline,034a9f2ddc1163af93aedef194b85dba0d917316921d81894ea9f955e988b8de
RC201,solomon_txt,288836e2d8c2ace83ebbff77e03ac8cdffc574fc134cade21ef92713f8c52d44,0,1,ok,True,5,2429811,2429.811,0.127387,0.500251,1,time_limit,solomon_exact_1000_v1,,,,,,0.5,,100,2,25,5d3f56a8df0d9ba91e368d7f3a64e9028fef5c9e1a9bdeff889848baf2b8ab27,False,baseline,034a9f2ddc1163af93aedef194b85dba0d917316921d81894ea9f955e988b8de
RC201,solomon_txt,288836e2d8c2ace83ebbff77e03ac8cdffc574fc134cade21ef92713f8c52d44,1,1,ok,True,5,2384112,2384.112,0.128583,0.500236,2,time_limit,solomon_exact_1000_v1,,,,,,0.5,,100,2,25,5d3f56a8df0d9ba91e368d7f3a64e9028fef5c9e1a9bdeff889848baf2b8ab27,False,baseline,034a9f2ddc1163af93aedef194b85dba0d917316921d81894ea9f955e988b8de
RC201,solomon_txt,288836e2d8c2ace83ebbff77e03ac8cdffc574fc134cade21ef92713f8c52d44,2,1,ok,True,5,2387667,2387.667,0.13114,0.500252,2,time_limit,solomon_exact_1000_v1,,,,,,0.5,,100,2,25,5d3f56a8df0d9ba91e368d7f3a64e9028fef5c9e1a9bdeff889848baf2b8ab27,False,baseline,034a9f2ddc1163af93aedef194b85dba0d917316921d81894ea9f955e988b8de
RC202,solomon_txt,5a1dee2017ab0ca4fe280b392678c96e8b5bc71f22d02c8058fbde7c4cfebcf4,0,1,ok,True,4,1920411,1920.411,0.121537,0.500243,1,time_limit,solomon_exact_1000_v1,,,,,,0.5,,100,2,25,5d3f56a8df0d9ba91e368d7f3a64e9028fef5c9e1a9bdeff889848baf2b8ab27,False,baseline,034a9f2ddc1163af93aedef194b85dba0d917316921d81894ea9f955e988b8de
RC202,solomon_txt,5a1dee2017ab0ca4fe280b392678c96e8b5bc71f22d02c8058fbde7c4cfebcf4,1,1,ok,True,4,1818035,1818.035,0.140705,0.500403,1,time_limit,solomon_exact_1000_v1,,,,,,0.5,,100,2,25,5d3f56a8df0d9ba91e368d7f3a64e9028fef5c9e1a9bdeff889848baf2b8ab27,False,baseline,034a9f2ddc1163af93aedef194b85dba0d917316921d81894ea9f955e988b8de
RC202,solomon_txt,5a1dee2017ab0ca4fe280b392678c96e8b5bc71f22d02c8058fbde7c4cfebcf4,2,1,ok,True,4,1619243,1619.243,0.120181,0.50044,1,time_limit,solomon_exact_1000_v1,,,,,,0.5,,100,2,25,5d3f56a8df0d9ba91e368d7f3a64e9028fef5c9e1a9bdeff889848baf2b8ab27,False,baseline,034a9f2ddc1163af93aedef194b85dba0d917316921d81894ea9f955e988b8de
RC203,solomon_txt,4adcb362c23df91f14b828d4964e9383ffb02ee74217afc2d84571f83ed91f8b,0,1,ok,True,3,1400007,1400.007,0.125166,0.500264,1,time_limit,solomon_exact_1000_v1,,,,,,0.5,,100,2,25,5d3f56a8df0d9ba91e368d7f3a64e9028fef5c9e1a9bdeff889848baf2b8ab27,False,baseline,034a9f2ddc1163af93aedef194b85dba0d917316921d81894ea9f955e988b8de
RC203,solomon_txt,4adcb362c23df91f14b828d4964e9383ffb02ee74217afc2d84571f83ed91f8b,1,1,ok,True,3,1545417,1545.417,0.1304,0.50025,1,time_limit,solomon_exact_1000_v1,,,,,,0.5,,100,2,25,5d3f56a8df0d9ba91e368d7f3a64e9028fef5c9e1a9bdeff889848baf2b8ab27,False,baseline,034a9f2ddc1163af93aedef194b85dba0d917316921d81894ea9f955e988b8de
RC203,solomon_txt,4adcb362c23df91f14b828d4964e9383ffb02ee74217afc2d84571f83ed91f8b,2,1,ok,True,3,1516613,1516.613,0.125688,0.500277,2,time_limit,solomon_exact_1000_v1,,,,,,0.5,,100,2,25,5d3f56a8df0d9ba91e368d7f3a64e9028fef5c9e1a9bdeff889848baf2b8ab27,False,baseline,034a9f2ddc1163af93aedef194b85dba0d917316921d81894ea9f955e988b8de
RC204,solomon_txt,11e827eab51a959ebab66344e7b7cfd1aeed895287653b36a72c86a4440ecd77,0,1,ok,True,3,1500593,1500.593,0.1939,0.500277,1,time_limit,solomon_exact_1000_v1,,,,,,0.5,,100,2,25,5d3f56a8df0d9ba91e368d7f3a64e9028fef5c9e1a9bdeff889848baf2b8ab27,False,baseline,034a9f2ddc1163af93aedef194b85dba0d917316921d81894ea9f955e988b8de
RC204,solomon_txt,11e827eab51a959ebab66344e7b7cfd1aeed895287653b36a72c86a4440ecd77,1,1,ok,True,3,1500593,1500.593,0.190923,0.50025,1,time_limit,solomon_exact_1000_v1,,,,,,0.5,,100,2,25,5d3f56a8df0d9ba91e368d7f3a64e9028fef5c9e1a9bdeff889848baf2b8ab27,False,baseline,034a9f2ddc1163af93aedef194b85dba0d917316921d81894ea9f955e988b8de
RC204,solomon_txt,11e827eab51a959ebab66344e7b7cfd1aeed895287653b36a72c86a4440ecd77,2,1,ok,True,3,1500132,1500.132,0.187643,0.500373,1,time_limit,solomon_exact_1000_v1,,,,,,0.5,,100,2,25,5d3f56a8df0d9ba91e368d7f3a64e9028fef5c9e1a9bdeff889848baf2b8ab27,False,baseline,034a9f2ddc1163af93aedef194b85dba0d917316921d81894ea9f955e988b8de
RC205,solomon_txt,c061d306cf42310b0f3ca15612089f6c5a8d5604c0733bf26852477c787662c9,0,1,ok,True,4,1959415,1959.415,0.137793,0.500246,1,time_limit,solomon_exact_1000_v1,,,,,,0.5,,100,2,25,5d3f56a8df0d9ba91e368d7f3a64e9028fef5c9e1a9bdeff889848baf2b8ab27,False,baseline,034a9f2ddc1163af93aedef194b85dba0d917316921d81894ea9f955e988b8de
RC205,solomon_txt,c061d306cf42310b0f3ca15612089f6c5a8d5604c0733bf26852477c787662c9,1,1,ok,True,4,1741837,1741.837,0.13701,0.500377,1,time_limit,solomon_exact_1000_v1,,,,,,0.5,,100,2,25,5d3f56a8df0d9ba91e368d7f3a64e9028fef5c9e1a9bdeff889848baf2b8ab27,False,baseline,034a9f2ddc1163af93aedef194b85dba0d917316921d81894ea9f955e988b8de
RC205,solomon_txt,c061d306cf42310b0f3ca15612089f6c5a8d5604c0733bf26852477c787662c9,2,1,ok,True,4,1695820,1695.82,0.135925,0.500267,1,time_limit,solomon_exact_1000_v1,,,,,,0.5,,100,2,25,5d3f56a8df0d9ba91e368d7f3a64e9028fef5c9e1a9bdeff889848baf2b8ab27,False,baseline,034a9f2ddc1163af93aedef194b85dba0d917316921d81894ea9f955e988b8de
RC206,solomon_txt,5203aecf67c84df49e152645312a837ffefde529314ff892ca061538816e43a9,0,1,ok,True,4,2080287,2080.287,0.135763,0.500229,1,time_limit,solomon_exact_1000_v1,,,,,,0.5,,100,2,25,5d3f56a8df0d9ba91e368d7f3a64e9028fef5c9e1a9bdeff889848baf2b8ab27,False,baseline,034a9f2ddc1163af93aedef194b85dba0d917316921d81894ea9f955e988b8de
RC206,solomon_txt,5203aecf67c84df49e152645312a837ffefde529314ff892ca061538816e43a9,1,1,ok,True,4,1771858,1771.858,0.133872,0.500437,1,time_limit,solomon_exact_1000_v1,,,,,,0.5,,100,2,25,5d3f56a8df0d9ba91e368d7f3a64e9028fef5c9e1a9bdeff889848baf2b8ab27,False,baseline,034a9f2ddc1163af93aedef194b85dba0d917316921d81894ea9f955e988b8de
RC206,solomon_txt,5203aecf67c84df49e152645312a837ffefde529314ff892ca061538816e43a9,2,1,ok,True,4,1725004,1725.004,0.13646,0.500445,1,time_limit,solomon_exact_1000_v1,,,,,,0.5,,100,2,25,5d3f56a8df0d9ba91e368d7f3a64e9028fef5c9e1a9bdeff889848baf2b8ab27,False,baseline,034a9f2ddc1163af93aedef194b85dba0d917316921d81894ea9f955e988b8de
RC207,solomon_txt,5cab65f99b350cdb8fb1c4d0a12dde85eb4ff6a6d6daf292b182cb73de9a8b63,0,1,ok,True,4,1907431,1907.431,0.161554,0.500246,1,time_limit,solomon_exact_1000_v1,,,,,,0.5,,100,2,25,5d3f56a8df0d9ba91e368d7f3a64e9028fef5c9e1a9bdeff889848baf2b8ab27,False,baseline,034a9f2ddc1163af93aedef194b85dba0d917316921d81894ea9f955e988b8de
RC207,solomon_txt,5cab65f99b350cdb8fb1c4d0a12dde85eb4ff6a6d6daf292b182cb73de9a8b63,1,1,ok,True,3,1405392,1405.392,0.149481,0.500236,1,time_limit,solomon_exact_1000_v1,,,,,,0.5,,100,2,25,5d3f56a8df0d9ba91e368d7f3a64e9028fef5c9e1a9bdeff889848baf2b8ab27,False,baseline,034a9f2ddc1163af93aedef194b85dba0d917316921d81894ea9f955e988b8de
RC207,solomon_txt,5cab65f99b350cdb8fb1c4d0a12dde85eb4ff6a6d6daf292b182cb73de9a8b63,2,1,ok,True,4,1871849,1871.849,0.15072,0.500383,1,time_limit,solomon_exact_1000_v1,,,,,,0.5,,100,2,25,5d3f56a8df0d9ba91e368d7f3a64e9028fef5c9e1a9bdeff889848baf2b8ab27,False,baseline,034a9f2ddc1163af93aedef194b85dba0d917316921d81894ea9f955e988b8de
RC208,solomon_txt,3d67d2a8e2758a324643f5d6c6ca87e8c56435273eaa04be33f213bb991f1f28,0,1,ok,True,3,1365201,1365.201,0.145895,0.50026,1,time_limit,solomon_exact_1000_v1,,,,,,0.5,,100,2,25,5d3f56a8df0d9ba91e368d7f3a64e9028fef5c9e1a9bdeff889848baf2b8ab27,False,baseline,034a9f2ddc1163af93aedef194b85dba0d917316921d81894ea9f955e988b8de
RC208,solomon_txt,3d67d2a8e2758a324643f5d6c6ca87e8c56435273eaa04be33f213bb991f1f28,1,1,ok,True,4,1913075,1913.075,0.156297,0.500381,1,time_limit,solomon_exact_1000_v1,,,,,,0.5,,100,2,25,5d3f56a8df0d9ba91e368d7f3a64e9028fef5c9e1a9bdeff889848baf2b8ab27,False,baseline,034a9f2ddc1163af93aedef194b85dba0d917316921d81894ea9f955e988b8de
RC208,solomon_txt,3d67d2a8e2758a324643f5d6c6ca87e8c56435273eaa04be33f213bb991f1f28,2,1,ok,True,4,1886903,1886.903,0.157758,0.500397,1,time_limit,solomon_exact_1000_v1,,,,,,0.5,,100,2,25,5d3f56a8df0d9ba91e368d7f3a64e9028fef5c9e1a9bdeff889848baf2b8ab27,False,baseline,034a9f2ddc1163af93aedef194b85dba0d917316921d81894ea9f955e988b8de
C101,solomon_txt,a6da75152d182d60ecd2c6f854296f5be452f92282d096adebcf5d99a7f16516,0,1,ok,True,10,828937,828.937,0.069886,0.500478,1,time_limit,solomon_exact_1000_v1,,,,,,0.5,,100,,25,fb929496ff25d75a23a6c92e658e328e744854f9461343284195d63b3cc2e764,False,uncapped,492f395d05583f6701ed9e74cd21094a42b7f1c517856a9c96e3fbeac77f4612
C101,solomon_txt,a6da75152d182d60ecd2c6f854296f5be452f92282d096adebcf5d99a7f16516,1,1,ok,True,10,828937,828.937,0.070513,0.500509,2,time_limit,solomon_exact_1000_v1,,,,,,0.5,,100,,25,fb929496ff25d75a23a6c92e658e328e744854f9461343284195d63b3cc2e764,False,uncapped,492f395d05583f6701ed9e74cd21094a42b7f1c517856a9c96e3fbeac77f4612
C101,solomon_txt,a6da75152d182d60ecd2c6f854296f5be452f92282d096adebcf5d99a7f16516,2,1,ok,True,10,828937,828.937,0.06859,0.500443,2,time_limit,solomon_exact_1000_v1,,,,,,0.5,,100,,25,fb929496ff25d75a23a6c92e658e328e744854f9461343284195d63b3cc2e764,False,uncapped,492f395d05583f6701ed9e74cd21094a42b7f1c517856a9c96e3fbeac77f4612
C102,solomon_txt,f89a0e2a760cc7448a4ca72b88e5b29b94d64b5548f3320f42a6230025ead653,0,1,ok,True,10,1146433,1146.433,0.072903,0.500497,1,time_limit,solomon_exact_1000_v1,,,,,,0.5,,100,,25,fb929496ff25d75a23a6c92e658e328e744854f9461343284195d63b3cc2e764,False,uncapped,492f395d05583f6701ed9e74cd21094a42b7f1c517856a9c96e3fbeac77f4612
C102,solomon_txt,f89a0e2a760cc7448a4ca72b88e5b29b94d64b5548f3320f42a6230025ead653,1,1,ok,True,10,1146433,1146.433,0.071047,0.50049,1,time_limit,solomon_exact_1000_v1,,,,,,0.5,,100,,25,fb929496ff25d75a23a6c92e658e328e744854f9461343284195d63b3cc2e764,False,uncapped,492f395d05583f6701ed9e74cd21094a42b7f1c517856a9c96e3fbeac77f4612
C102,solomon_txt,f89a0e2a760cc7448a4ca72b88e5b29b94d64b5548f3320f42a6230025ead653,2,1,ok,True,10,1146433,1146.433,0.072413,0.500462,1,time_limit,solomon_exact_1000_v1,,,,,,0.5,,100,,25,fb929496ff25d75a23a6c92e658e328e744854f9461343284195d63b3cc2e764,False,uncapped,492f395d05583f6701ed9e74cd21094a42b7f1c517856a9c96e3fbeac77f4612
C103,solomon_txt,a55cabf15e0da9d65696a5fb45c9852889479893f76f772a428ca15d1b415a51,0,1,ok,True,10,1758292,1758.292,0.08345,0.500481,1,time_limit,solomon_exact_1000_v1,,,,,,0.5,,100,,25,fb929496ff25d75a23a6c92e658e328e744854f9461343284195d63b3cc2e764,False,uncapped,492f395d05583f6701ed9e74cd21094a42b7f1c517856a9c96e3fbeac77f4612
C103,solomon_txt,a55cabf15e0da9d65696a5fb45c9852889479893f76f772a428ca15d1b415a51,1,1,ok,True,10,1758292,1758.292,0.07847,0.500508,1,time_limit,solomon_exact_1000_v1,,,,,,0.5,,100,,25,fb929496ff25d75a23a6c92e658e328e744854f9461343284195d63b3cc2e764,False,uncapped,492f395d05583f6701ed9e74cd21094a42b7f1c517856a9c96e3fbeac77f4612
C103,solomon_txt,a55cabf15e0da9d65696a5fb45c9852889479893f76f772a428ca15d1b415a51,2,1,ok,True,10,1758292,1758.292,0.07791,0.500498,1,time_limit,solomon_exact_1000_v1,,,,,,0.5,,100,,25,fb929496ff25d75a23a6c92e658e328e744854f9461343284195d63b3cc2e764,False,uncapped,492f395d05583f6701ed9e74cd21094a42b7f1c517856a9c96e3fbeac77f4612
C104,solomon_txt,fe333e81625ee5a75bb2ce98c2c9f356d07289237865b62a23ba2f32f0de5ee2,0,1,ok,True,10,1771960,1771.96,0.084798,0.500486,1,time_limit,solomon_exact_1000_v1,,,,,,0.5,,100,,25,fb929496ff25d75a23a6c92e658e328e744854f9461343284195d63b3cc2e764,False,uncapped,492f395d05583f6701ed9e74cd21094a42b7f1c517856a9c96e3fbeac77f4612
C104,solomon_txt,fe333e81625ee5a75bb2ce98c2c9f356d07289237865b62a23ba2f32f0de5ee2,1,1,ok,True,10,1770335,1770.335,0.084714,0.500491,1,time_limit,solomon_exact_1000_v1,,,,,,0.5,,100,,25,fb929496ff25d75a23a6c92e658e328e744854f9461343284195d63b3cc2e764,False,uncapped,492f395d05583f6701ed9e74cd21094a42b7f1c517856a9c96e3fbeac77f4612
C104,solomon_txt,fe333e81625ee5a75bb2ce98c2c9f356d07289237865b62a23ba2f32f0de5ee2,2,1,ok,True,10,1740095,1740.095,0.082088,0.500506,1,time_limit,solomon_exact_1000_v1,,,,,,0.5,,100,,25,fb929496ff25d75a23a6c92e658e328e744854f9461343284195d63b3cc2e764,False,uncapped,492f395d05583f6701ed9e74cd21094a42b7f1c517856a9c96e3fbeac77f4612
C105,solomon_txt,9a877a3a6fb922e7ad9297cc0308bc8a5652cb1495a0228ee6b81b2d938aa29f,0,1,ok,True,10,1045194,1045.194,0.069925,0.500498,1,time_limit,solomon_exact_1000_v1,,,,,,0.5,,100,,25,fb929496ff25d75a23a6c92e658e328e744854f9461343284195d63b3cc2e764,False,uncapped,492f395d05583f6701ed9e74cd21094a42b7f1c517856a9c96e3fbeac77f4612
C105,solomon_txt,9a877a3a6fb922e7ad9297cc0308bc8a5652cb1495a0228ee6b81b2d938aa29f,1,1,ok,True,10,962806,962.806,0.071655,0.500496,1,time_limit,solomon_exact_1000_v1,,,,,,0.5,,100,,25,fb929496ff25d75a23a6c92e658e328e744854f9461343284195d63b3cc2e764,False,uncapped,492f395d05583f6701ed9e74cd21094a42b7f1c517856a9c96e3fbeac77f4612
C105,solomon_txt,9a877a3a6fb922e7ad9297cc0308bc8a5652cb1495a0228ee6b81b2d938aa29f,2,1,ok,True,10,988185,988.185,0.073545,0.500498,1,time_limit,solomon_exact_1000_v1,,,,,,0.5,,100,,25,fb929496ff25d75a23a6c92e658e328e744854f9461343284195d63b3cc2e764,False,uncapped,492f395d05583f6701ed9e74cd21094a42b7f1c517856a9c96e3fbeac77f4612
C106,solomon_txt,ec9b419bed53e9c607cce76e8c6bc59feb6e4d17646905601f008a4141ec7b40,0,1,ok,True,10,1085649,1085.649,0.066745,0.500496,1,time_limit,solomon_exact_1000_v1,,,,,,0.5,,100,,25,fb929496ff25d75a23a6c92e658e328e744854f9461343284195d63b3cc2e764,False,uncapped,492f395d05583f6701ed9e74cd21094a42b7f1c517856a9c96e3fbeac77f4612
C106,solomon_txt,ec9b419bed53e9c607cce76e8c6bc59feb6e4d17646905601f008a4141ec7b40,1,1,ok,True,10,1035361,1035.361,0.067702,0.500418,1,time_limit,solomon_exact_1000_v1,,,,,,0.5,,100,,25,fb929496ff25d75a23a6c92e658e328e744854f9461343284195d63b3cc2e764,False,uncapped,492f395d05583f6701ed9e74cd21094a42b7f1c517856a9c96e3fbeac77f4612
C106,solomon_txt,ec9b419bed53e9c607cce76e8c6bc59feb6e4d17646905601f008a4141ec7b40,2,1,ok,True,10,1081917,1081.917,0.065393,0.500505,1,time_limit,solomon_exact_1000_v1,,,,,,0.5,,100,,25,fb929496ff25d75a23a6c92e658e328e744854f9461343284195d63b3cc2e764,False,uncapped,492f395d05583f6701ed9e74cd21094a42b7f1c517856a9c96e3fbeac77f4612
C107,solomon_txt,cb3cdc10d812fa17370eb52cb753b6b0574426dc6fabeb8b9076ed750ddf05ca,0,1,ok,True,10,1080990,1080.99,0.073302,0.500465,1,time_limit,solomon_exact_1000_v1,,,,,,0.5,,100,,25,fb929496ff25d75a23a6c92e658e328e744854f9461343284195d63b3cc2e764,False,uncapped,492f395d05583f6701ed9e74cd21094a42b7f1c517856a9c96e3fbeac77f4612
C107,solomon_txt,cb3cdc10d812fa17370eb52cb753b6b0574426dc6fabeb8b9076ed750ddf05ca,1,1,ok,True,10,1009102,1009.102,0.071663,0.500494,1,time_limit,solomon_exact_1000_v1,,,,,,0.5,,100,,25,fb929496ff25d75a23a6c92e658e328e744854f9461343284195d63b3cc2e764,False,uncapped,492f395d05583f6701ed9e74cd21094a42b7f1c517856a9c96e3fbeac77f4612
C107,solomon_txt,cb3cdc10d812fa17370eb52cb753b6b0574426dc6fabeb8b9076ed750ddf05ca,2,1,ok,True,10,1075784,1075.784,0.070301,0.500493,1,time_limit,solomon_exact_1000_v1,,,,,,0.5,,100,,25,fb929496ff25d75a23a6c92e658e328e744854f9461343284195d63b3cc2e764,False,uncapped,492f395d05583f6701ed9e74cd21094a42b7f1c517856a9c96e3fbeac77f4612
C108,solomon_txt,b8c7e48f292b66b283d8e71511e3a4eccaa4c4bc66b9313c399e73b0226f5953,0,1,ok,True,10,1388641,1388.641,0.069676,0.500626,1,time_limit,solomon_exact_1000_v1,,,,,,0.5,,100,,25,fb929496ff25d75a23a6c92e658e328e744854f9461343284195d63b3cc2e764,False,uncapped,492f395d05583f6701ed9e74cd21094a42b7f1c517856a9c96e3fbeac77f4612
C108,solomon_txt,b8c7e48f292b66b283d8e71511e3a4eccaa4c4bc66b9313c399e73b0226f5953,1,1,ok,True,10,1505660,1505.66,0.069888,0.500503,1,time_limit,solomon_exact_1000_v1,,,,,,0.5,,100,,25,fb929496ff25d75a23a6c92e658e328e744854f9461343284195d63b3cc2e764,False,uncapped,492f395d05583f6701ed9e74cd21094a42b7f1c517856a9c96e3fbeac77f4612
C108,solomon_txt,b8c7e48f292b66b283d8e71511e3a4eccaa4c4bc66b9313c399e73b0226f5953,2,1,ok,True,10,1361793,1361.793,0.068562,0.500415,2,time_limit,solomon_exact_1000_v1,,,,,,0.5,,100,,25,fb929496ff25d75a23a6c92e658e328e744854f9461343284195d63b3cc2e764,False,uncapped,492f395d05583f6701ed9e74cd21094a42b7f1c517856a9c96e3fbeac77f4612
C109,solomon_txt,72d8489e14bf1bb18456f0b21b01110506cbcc2354719dae8481b480150f142a,0,1,ok,True,10,1647858,1647.858,0.076686,0.500483,1,time_limit,solomon_exact_1000_v1,,,,,,0.5,,100,,25,fb929496ff25d75a23a6c92e658e328e744854f9461343284195d63b3cc2e764,False,uncapped,492f395d05583f6701ed9e74cd21094a42b7f1c517856a9c96e3fbeac77f4612
C109,solomon_txt,72d8489e14bf1bb18456f0b21b01110506cbcc2354719dae8481b480150f142a,1,1,ok,True,10,1645342,1645.342,0.075029,0.500462,1,time_limit,solomon_exact_1000_v1,,,,,,0.5,,100,,25,fb929496ff25d75a23a6c92e658e328e744854f9461343284195d63b3cc2e764,False,uncapped,492f395d05583f6701ed9e74cd21094a42b7f1c517856a9c96e3fbeac77f4612
C109,solomon_txt,72d8489e14bf1bb18456f0b21b01110506cbcc2354719dae8481b480150f142a,2,1,ok,True,10,1647858,1647.858,0.077052,0.500444,1,time_limit,solomon_exact_1000_v1,,,,,,0.5,,100,,25,fb929496ff25d75a23a6c92e658e328e744854f9461343284195d63b3cc2e764,False,uncapped,492f395d05583f6701ed9e74cd21094a42b7f1c517856a9c96e3fbeac77f4612
C201,solomon_txt,d8d9834087ae2326fa23a8510533060233dc9fb481873be60956eb26a880ad63,0,1,ok,True,3,698733,698.733,0.181091,0.500454,1,time_limit,solomon_exact_1000_v1,,,,,,0.5,,100,,25,fb929496ff25d75a23a6c92e658e328e744854f9461343284195d63b3cc2e764,False,uncapped,492f395d05583f6701ed9e74cd21094a42b7f1c517856a9c96e3fbeac77f4612
C201,solomon_txt,d8d9834087ae2326fa23a8510533060233dc9fb481873be60956eb26a880ad63,1,1,ok,True,3,698733,698.733,0.189567,0.500507,1,time_limit,solomon_exact_1000_v1,,,,,,0.5,,100,,25,fb929496ff25d75a23a6c92e658e328e744854f9461343284195d63b3cc2e764,False,uncapped,492f395d05583f6701ed9e74cd21094a42b7f1c517856a9c96e3fbeac77f4612
C201,solomon_txt,d8d9834087ae2326fa23a8510533060233dc9fb481873be60956eb26a880ad63,2,1,ok,True,3,698733,698.733,0.184451,0.500468,1,time_limit,solomon_exact_1000_v1,,,,,,0.5,,100,,25,fb929496ff25d75a23a6c92e658e328e744854f9461343284195d63b3cc2e764,False,uncapped,492f395d05583f6701ed9e74cd21094a42b7f1c517856a9c96e3fbeac77f4612
C202,solomon_txt,dfc8ecad79f6c7ffb096cd36994143569f0babe284d5ad194683271d81063772,0,1,ok,True,3,740262,740.262,0.178879,0.500451,1,time_limit,solomon_exact_1000_v1,,,,,,0.5,,100,,25,fb929496ff25d75a23a6c92e658e328e744854f9461343284195d63b3cc2e764,False,uncapped,492f395d05583f6701ed9e74cd21094a42b7f1c517856a9c96e3fbeac77f4612
C202,solomon_txt,dfc8ecad79f6c7ffb096cd36994143569f0babe284d5ad194683271d81063772,1,1,ok,True,3,740262,740.262,0.178712,0.500489,1,time_limit,solomon_exact_1000_v1,,,,,,0.5,,100,,25,fb929496ff25d75a23a6c92e658e328e744854f9461343284195d63b3cc2e764,False,uncapped,492f395d05583f6701ed9e74cd21094a42b7f1c517856a9c96e3fbeac77f4612
C202,solomon_txt,dfc8ecad79f6c7ffb096cd36994143569f0babe284d5ad194683271d81063772,2,1,ok,True,3,740262,740.262,0.178634,0.500498,1,time_limit,solomon_exact_1000_v1,,,,,,0.5,,100,,25,fb929496ff25d75a23a6c92e658e328e744854f9461343284195d63b3cc2e764,False,uncapped,492f395d05583f6701ed9e74cd21094a42b7f1c517856a9c96e3fbeac77f4612
C203,solomon_txt,2b79eea2962a848cb29f6153d4fb4ae725d35507686d937da6643b33fcd85062,0,1,ok,True,3,649126,649.126,0.164004,0.500437,1,time_limit,solomon_exact_1000_v1,,,,,,0.5,,100,,25,fb929496ff25d75a23a6c92e658e328e744854f9461343284195d63b3cc2e764,False,uncapped,492f395d05583f6701ed9e74cd21094a42b7f1c517856a9c96e3fbeac77f4612
C203,solomon_txt,2b79eea2962a848cb29f6153d4fb4ae725d35507686d937da6643b33fcd85062,1,1,ok,True,3,706970,706.97,0.173667,0.500707,1,time_limit,solomon_exact_1000_v1,,,,,,0.5,,100,,25,fb929496ff25d75a23a6c92e658e328e744854f9461343284195d63b3cc2e764,False,uncapped,492f395d05583f6701ed9e74cd21094a42b7f1c517856a9c96e3fbeac77f4612
C203,solomon_txt,2b79eea2962a848cb29f6153d4fb4ae725d35507686d937da6643b33fcd85062,2,1,ok,True,3,682261,682.261,0.169239,0.500437,1,time_limit,solomon_exact_1000_v1,,,,,,0.5,,100,,25,fb929496ff25d75a23a6c92e658e328e744854f9461343284195d63b3cc2e764,False,uncapped,492f395d05583f6701ed9e74cd21094a42b7f1c517856a9c96e3fbeac77f4612
C204,solomon_txt,4331b2744d34e32c2987e3fe8a82b782a2039d757d2aac818f7e0fd21117bfb4,0,1,ok,True,3,921834,921.834,0.182018,0.500438,1,time_limit,solomon_exact_1000_v1,,,,,,0.5,,100,,25,fb929496ff25d75a23a6c92e658e328e744854f9461343284195d63b3cc2e764,False,uncapped,492f395d05583f6701ed9e74cd21094a42b7f1c517856a9c96e3fbeac77f4612
C204,solomon_txt,4331b2744d34e32c2987e3fe8a82b782a2039d757d2aac818f7e0fd21117bfb4,1,1,ok,True,3,775848,775.848,0.175795,0.500434,1,time_limit,solomon_exact_1000_v1,,,,,,0.5,,100,,25,fb929496ff25d75a23a6c92e658e328e744854f9461343284195d63b3cc2e764,False,uncapped,492f395d05583f6701ed9e74cd21094a42b7f1c517856a9c96e3fbeac77f4612
C204,solomon_txt,4331b2744d34e32c2987e3fe8a82b782a2039d757d2aac818f7e0fd21117bfb4,2,1,ok,True,3,729890,729.89,0.178589,0.50042,1,time_limit,solomon_exact_1000_v1,,,,,,0.5,,100,,25,fb929496ff25d75a23a6c92e658e328e744854f9461343284195d63b3cc2e764,False,uncapped,492f395d05583f6701ed9e74cd21094a42b7f1c517856a9c96e3fbeac77f4612
C205,solomon_txt,15be2bb8c3e4ad99a79d1e7ee0472223feb95a4f423d010e032bda0a87266ca5,0,1,ok,True,3,765036,765.036,0.159496,0.500441,1,time_limit,solomon_exact_1000_v1,,,,,,0.5,,100,,25,fb929496ff25d75a23a6c92e658e328e744854f9461343284195d63b3cc2e764,False,uncapped,492f395d05583f6701ed9e74cd21094a42b7f1c517856a9c96e3fbeac77f4612
C205,solomon_txt,15be2bb8c3e4ad99a79d1e7ee0472223feb95a4f423d010e032bda0a87266ca5,1,1,ok,True,3,762188,762.188,0.158839,0.500473,1,time_limit,solomon_exact_1000_v1,,,,,,0.5,,100,,25,fb929496ff25d75a23a6c92e658e328e744854f9461343284195d63b3cc2e764,False,uncapped,492f395d05583f6701ed9e74cd21094a42b7f1c517856a9c96e3fbeac77f4612
C205,solomon_txt,15be2bb8c3e4ad99a79d1e7ee0472223feb95a4f423d010e032bda0a87266ca5,2,1,ok,True,3,715300,715.3,0.158493,0.500382,1,time_limit,solomon_exact_1000_v1,,,,,,0.5,,100,,25,fb929496ff25d75a23a6c92e658e328e744854f9461343284195d63b3cc2e764,False,uncapped,492f395d05583f6701ed9e74cd21094a42b7f1c517856a9c96e3fbeac77f4612
C206,solomon_txt,745b6c7042707ffbbfc4d681ee02a84431425f1dfb3c8aa85ecf003fec8f7e53,0,1,ok,True,3,656919,656.919,0.178679,0.500426,1,time_limit,solomon_exact_1000_v1,,,,,,0.5,,100,,25,fb929496ff25d75a23a6c92e658e328e744854f9461343284195d63b3cc2e764,False,uncapped,492f395d05583f6701ed9e74cd21094a42b7f1c517856a9c96e3fbeac77f4612
C206,solomon_txt,745b6c7042707ffbbfc4d681ee02a84431425f1dfb3c8aa85ecf003fec8f7e53,1,1,ok,True,3,947130,947.13,0.193155,0.500371,1,time_limit,solomon_exact_1000_v1,,,,,,0.5,,100,,25,fb929496ff25d75a23a6c92e658e328e744854f9461343284195d63b3cc2e764,False,uncapped,492f395d05583f6701ed9e74cd21094a42b7f1c517856a9c96e3fbeac77f4612
C206,solomon_txt,745b6c7042707ffbbfc4d681ee02a84431425f1dfb3c8aa85ecf003fec8f7e53,2,1,ok,True,3,705598,705.598,0.180761,0.500389,1,time_limit,solomon_exact_1000_v1,,,,,,0.5,,100,,25,fb929496ff25d75a23a6c92e658e328e744854f9461343284195d63b3cc2e764,False,uncapped,492f395d05583f6701ed9e74cd21094a42b7f1c517856a9c96e3fbeac77f4612
C207,solomon_txt,a33f03570a944c8a6d185fd6a173e66c68e67c399a4958b2d5b6d49533ace4a4,0,1,ok,True,3,907985,907.985,0.183435,0.500501,1,time_limit,solomon_exact_1000_v1,,,,,,0.5,,100,,25,fb929496ff25d75a23a6c92e658e328e744854f9461343284195d63b3cc2e764,False,uncapped,492f395d05583f6701ed9e74cd21094a42b7f1c517856a9c96e3fbeac77f4612
C207,solomon_txt,a33f03570a944c8a6d185fd6a173e66c68e67c399a4958b2d5b6d49533ace4a4,1,1,ok,True,3,842317,842.317,0.181306,0.500414,1,time_limit,solomon_exact_1000_v1,,,,,,0.5,,100,,25,fb929496ff25d75a23a6c92e658e328e744854f9461343284195d63b3cc2e764,False,uncapped,492f395d05583f6701ed9e74cd21094a42b7f1c517856a9c96e3fbeac77f4612
C207,solomon_txt,a33f03570a944c8a6d185fd6a173e66c68e67c399a4958b2d5b6d49533ace4a4,2,1,ok,True,3,652564,652.564,0.188787,0.500454,1,time_limit,solomon_exact_1000_v1,,,,,,0.5,,100,,25,fb929496ff25d75a23a6c92e658e328e744854f9461343284195d63b3cc2e764,False,uncapped,492f395d05583f6701ed9e74cd21094a42b7f1c517856a9c96e3fbeac77f4612
C208,solomon_txt,1c2f2381b8743680dbeb34322869cbf5a6cdd8c281f4bcffdb99b533e601874b,0,1,ok,True,4,957831,957.831,0.187448,0.500261,1,time_limit,solomon_exact_1000_v1,,,,,,0.5,,100,,25,fb929496ff25d75a23a6c92e658e328e744854f9461343284195d63b3cc2e764,False,uncapped,492f395d05583f6701ed9e74cd21094a42b7f1c517856a9c96e3fbeac77f4612
C208,solomon_txt,1c2f2381b8743680dbeb34322869cbf5a6cdd8c281f4bcffdb99b533e601874b,1,1,ok,True,4,957831,957.831,0.19774,0.500275,1,time_limit,solomon_exact_1000_v1,,,,,,0.5,,100,,25,fb929496ff25d75a23a6c92e658e328e744854f9461343284195d63b3cc2e764,False,uncapped,492f395d05583f6701ed9e74cd21094a42b7f1c517856a9c96e3fbeac77f4612
C208,solomon_txt,1c2f2381b8743680dbeb34322869cbf5a6cdd8c281f4bcffdb99b533e601874b,2,1,ok,True,3,684020,684.02,0.181881,0.500451,1,time_limit,solomon_exact_1000_v1,,,,,,0.5,,100,,25,fb929496ff25d75a23a6c92e658e328e744854f9461343284195d63b3cc2e764,False,uncapped,492f395d05583f6701ed9e74cd21094a42b7f1c517856a9c96e3fbeac77f4612
R101,solomon_txt,3f3655182bc0fe44ce5de65fdcd2ee2f9c7fb9ed055f923635151d9d6f76d3ed,0,1,ok,True,22,1906195,1906.195,0.053343,0.500561,1,time_limit,solomon_exact_1000_v1,,,,,,0.5,,100,,25,fb929496ff25d75a23a6c92e658e328e744854f9461343284195d63b3cc2e764,False,uncapped,492f395d05583f6701ed9e74cd21094a42b7f1c517856a9c96e3fbeac77f4612
R101,solomon_txt,3f3655182bc0fe44ce5de65fdcd2ee2f9c7fb9ed055f923635151d9d6f76d3ed,1,1,ok,True,21,1903068,1903.068,0.05387,0.500578,1,time_limit,solomon_exact_1000_v1,,,,,,0.5,,100,,25,fb929496ff25d75a23a6c92e658e328e744854f9461343284195d63b3cc2e764,False,uncapped,492f395d05583f6701ed9e74cd21094a42b7f1c517856a9c96e3fbeac77f4612
R101,solomon_txt,3f3655182bc0fe44ce5de65fdcd2ee2f9c7fb9ed055f923635151d9d6f76d3ed,2,1,ok,True,21,1860657,1860.657,0.052718,0.500482,1,time_limit,solomon_exact_1000_v1,,,,,,0.5,,100,,25,fb929496ff25d75a23a6c92e658e328e744854f9461343284195d63b3cc2e764,False,uncapped,492f395d05583f6701ed9e74cd21094a42b7f1c517856a9c96e3fbeac77f4612
R102,solomon_txt,eeb23171b7e4fbfc80bf000ca770329109900fbd7273fa8b9d1f95b7dfe683c3,0,1,ok,True,19,1640559,1640.559,0.055825,0.500479,1,time_limit,solomon_exact_1000_v1,,,,,,0.5,,100,,25,fb929496ff25d75a23a6c92e658e328e744854f9461343284195d63b3cc2e764,False,uncapped,492f395d05583f6701ed9e74cd21094a42b7f1c517856a9c96e3fbeac77f4612
R102,solomon_txt,eeb23171b7e4fbfc80bf000ca770329109900fbd7273fa8b9d1f95b7dfe683c3,1,1,ok,True,19,1689866,1689.866,0.057188,0.500516,1,time_limit,solomon_exact_1000_v1,,,,,,0.5,,100,,25,fb929496ff25d75a23a6c92e658e328e744854f9461343284195d63b3cc2e764,False,uncapped,492f395d05583f6701ed9e74cd21094a42b7f1c517856a9c96e3fbeac77f4612
R102,solomon_txt,eeb23171b7e4fbfc80bf000ca770329109900fbd7273fa8b9d1f95b7dfe683c3,2,1,ok,True,19,1606305,1606.305,0.057739,0.500605,1,time_limit,solomon_exact_1000_v1,,,,,,0.5,,100,,25,fb929496ff25d75a23a6c92e658e328e744854f9461343284195d63b3cc2e764,False,uncapped,492f395d05583f6701ed9e74cd21094a42b7f1c517856a9c96e3fbeac77f4612
R103,solomon_txt,1f833e8648ba39e0edc76754fb49e81777a7175cf7b084c3f60a12607bfb3991,0,1,ok,True,14,1543269,1543.269,0.062654,0.500552,1,time_limit,solomon_exact_1000_v1,,,,,,0.5,,100,,25,fb929496ff25d75a23a6c92e658e328e744854f9461343284195d63b3cc2e764,False,uncapped,492f395d05583f6701ed9e74cd21094a42b7f1c517856a9c96e3fbeac77f4612
R103,solomon_txt,1f833e8648ba39e0edc76754fb49e81777a7175cf7b084c3f60a12607bfb3991,1,1,ok,True,14,1543269,1543.269,0.062999,0.500469,1,time_limit,solomon_exact_1000_v1,,,,,,0.5,,100,,25,fb929496ff25d75a23a6c92e658e328e744854f9461343284195d63b3cc2e764,False,uncapped,492f395d05583f6701ed9e74cd21094a42b7f1c517856a9c96e3fbeac77f4612
R103,solomon_txt,1f833e8648ba39e0edc76754fb49e81777a7175cf7b084c3f60a12607bfb3991,2,1,ok,True,14,1540040,1540.04,0.068485,0.500455,1,time_limit,solomon_exact_1000_v1,,,,,,0.5,,100,,25,fb929496ff25d75a23a6c92e658e328e744854f9461343284195d63b3cc2e764,False,uncapped,492f395d05583f6701ed9e74cd21094a42b7f1c517856a9c96e3fbeac77f4612
R104,solomon_txt,dd087124311d91facd81736debbfc7d0f351d27942917e2d76cbafd01e6183b7,0,1,ok,True,11,1179639,1179.639,0.073234,0.500434,2,time_limit,solomon_exact_1000_v1,,,,,,0.5,,100,,25,fb929496ff25d75a23a6c92e658e328e744854f9461343284195d63b3cc2e764,False,uncapped,492f395d05583f6701ed9e74cd21094a42b7f1c517856a9c96e3fbeac77f4612
R104,solomon_txt,dd087124311d91facd81736debbfc7d0f351d27942917e2d76cbafd01e6183b7,1,1,ok,True,11,1210304,1210.304,0.07682,0.500451,1,time_limit,solomon_exact_1000_v1,,,,,,0.5,,100,,25,fb929496ff25d75a23a6c92e658e328e744854f9461343284195d63b3cc2e764,False,uncapped,492f395d05583f6701ed9e74cd21094a42b7f1c517856a9c96e3fbeac77f4612
R104,solomon_txt,dd087124311d91facd81736debbfc7d0f351d27942917e2d76cbafd01e6183b7,2,1,ok,True,11,1321819,1321.819,0.072915,0.500708,1,time_limit,solomon_exact_1000_v1,,,,,,0.5,,100,,25,fb929496ff25d75a23a6c92e658e328e744854f9461343284195d63b3cc2e764,False,uncapped,492f395d05583f6701ed9e74cd21094a42b7f1c517856a9c96e3fbeac77f4612
R105,solomon_txt,ff1a614f8458d6339b3f54d8e4ca2dcf0a35c96012f477f6a819ae481de85ca4,0,1,ok,True,16,1693787,1693.787,0.056358,0.500585,1,time_limit,solomon_exact_1000_v1,,,,,,0.5,,100,,25,fb929496ff25d75a23a6c92e658e328e744854f9461343284195d63b3cc2e764,False,uncapped,492f395d05583f6701ed9e74cd21094a42b7f1c517856a9c96e3fbeac77f4612
R105,solomon_txt,ff1a614f8458d6339b3f54d8e4ca2dcf0a35c96012f477f6a819ae481de85ca4,1,1,ok,True,17,1669389,1669.389,0.056364,0.500455,1,time_limit,solomon_exact_1000_v1,,,,,,0.5,,100,,25,fb929496ff25d75a23a6c92e658e328e744854f9461343284195d63b3cc2e764,False,uncapped,492f395d05583f6701ed9e74cd21094a42b7f1c517856a9c96e3fbeac77f4612
R105,solomon_txt,ff1a614f8458d6339b3f54d8e4ca2dcf0a35c96012f477f6a819ae481de85ca4,2,1,ok,True,16,1694139,1694.139,0.058251,0.500476,1,time_limit,solomon_exact_1000_v1,,,,,,0.5,,100,,25,fb929496ff25d75a23a6c92e658e328e744854f9461343284195d63b3cc2e764,False,uncapped,492f395d05583f6701ed9e74cd21094a42b7f1c517856a9c96e3fbeac77f4612
R106,solomon_txt,31b8783d177f0fbe1c84b8f085fbf28b1989a80e4c00f49f5654ebef99835e97,0,1,ok,True,14,1539783,1539.783,0.061043,0.500392,1,time_limit,solomon_exact_1000_v1,,,,,,0.5,,100,,25,fb929496ff25d75a23a6c92e658e328e744854f9461343284195d63b3cc2e764,False,uncapped,492f395d05583f6701ed9e74cd21094a42b7f1c517856a9c96e3fbeac77f4612
R106,solomon_txt,31b8783d177f0fbe1c84b8f085fbf28b1989a80e4c00f49f5654ebef99835e97,1,1,ok,True,14,1635680,1635.68,0.061535,0.500447,1,time_limit,solomon_exact_1000_v1,,,,,,0.5,,100,,25,fb929496ff25d75a23a6c92e658e328e744854f9461343284195d63b3cc2e764,False,uncapped,492f395d05583f6701ed9e74cd21094a42b7f1c517856a9c96e3fbeac77f4612
R106,solomon_txt,31b8783d177f0fbe1c84b8f085fbf28b1989a80e4c00f49f5654ebef99835e97,2,1,ok,True,14,1556870,1556.87,0.059919,0.500488,1,time_limit,solomon_exact_1000_v1,,,,,,0.5,,100,,25,fb929496ff25d75a23a6c92e658e328e744854f9461343284195d63b3cc2e764,False,uncapped,492f395d05583f6701ed9e74cd21094a42b7f1c517856a9c96e3fbeac77f4612
R107,solomon_txt,dba2b257a1d43d7c78d5e3a9f09091a2b125d3fbec78c0c8a1782add669a1275,0,1,ok,True,12,1281479,1281.479,0.069677,0.500504,1,time_limit,solomon_exact_1000_v1,,,,,,0.5,,100,,25,fb929496ff25d75a23a6c92e658e328e744854f9461343284195d63b3cc2e764,False,uncapped,492f395d05583f6701ed9e74cd21094a42b7f1c517856a9c96e3fbeac77f4612
R107,solomon_txt,dba2b257a1d43d7c78d5e3a9f09091a2b125d3fbec78c0c8a1782add669a1275,1,1,ok,True,12,1510233,1510.233,0.068255,0.500412,1,time_limit,solomon_exact_1000_v1,,,,,,0.5,,100,,25,fb929496ff25d75a23a6c92e658e328e744854f9461343284195d63b3cc2e764,False,uncapped,492f395d05583f6701ed9e74cd21094a42b7f1c517856a9c96e3fbeac77f4612
R107,solomon_txt,dba2b257a1d43d7c78d5e3a9f09091a2b125d3fbec78c0c8a1782add669a1275,2,1,ok,True,12,1467872,1467.872,0.067689,0.500424,1,time_limit,solomon_exact_1000_v1,,,,,,0.5,,100,,25,fb929496ff25d75a23a6c92e658e328e744854f9461343284195d63b3cc2e764,False,uncapped,492f395d05583f6701ed9e74cd21094a42b7f1c517856a9c96e3fbeac77f4612
R108,solomon_txt,65cae09f4099b7e70d2b723e0e3a30aa1494c75a367bb894a3fd13241ee639d4,0,1,ok,True,11,1315436,1315.436,0.071528,0.500506,1,time_limit,solomon_exact_1000_v1,,,,,,0.5,,100,,25,fb929496ff25d75a23a6c92e658e328e744854f9461343284195d63b3cc2e764,False,uncapped,492f395d05583f6701ed9e74cd21094a42b7f1c517856a9c96e3fbeac77f4612
R108,solomon_txt,65cae09f4099b7e70d2b723e0e3a30aa1494c75a367bb894a3fd13241ee639d4,1,1,ok,True,10,1128679,1128.679,0.074131,0.500433,1,time_limit,solomon_exact_1000_v1,,,,,,0.5,,100,,25,fb929496ff25d75a23a6c92e658e328e744854f9461343284195d63b3cc2e764,False,uncapped,492f395d05583f6701ed9e74cd21094a42b7f1c517856a9c96e3fbeac77f4612
R108,solomon_txt,65cae09f4099b7e70d2b723e0e3a30aa1494c75a367bb894a3fd13241ee639d4,2,1,ok,True,11,1356219,1356.219,0.071566,0.500467,1,time_limit,solomon_exact_1000_v1,,,,,,0.5,,100,,25,fb929496ff25d75a23a6c92e658e328e744854f9461343284195d63b3cc2e764,False,uncapped,492f395d05583f6701ed9e74cd21094a42b7f1c517856a9c96e3fbeac77f4612
R109,solomon_txt,4ef24030e8c48de5f85dcd90c5739186004fc8dec87533b6467013cf996f4777,0,1,ok,True,14,1518740,1518.74,0.05669,0.500453,1,time_limit,solomon_exact_1000_v1,,,,,,0.5,,100,,25,fb929496ff25d75a23a6c92e658e328e744854f9461343284195d63b3cc2e764,False,uncapped,492f395d05583f6701ed9e74cd21094a42b7f1c517856a9c96e3fbeac77f4612
R109,solomon_txt,4ef24030e8c48de5f85dcd90c5739186004fc8dec87533b6467013cf996f4777,1,1,ok,True,15,1594359,1594.359,0.055999,0.500469,1,time_limit,solomon_exact_1000_v1,,,,,,0.5,,100,,25,fb929496ff25d75a23a6c92e658e328e744854f9461343284195d63b3cc2e764,False,uncapped,492f395d05583f6701ed9e74cd21094a42b7f1c517856a9c96e3fbeac77f4612
R109,solomon_txt,4ef24030e8c48de5f85dcd90c5739186004fc8dec87533b6467013cf996f4777,2,1,ok,True,15,1643460,1643.46,0.06456,0.500501,1,time_limit,solomon_exact_1000_v1,,,,,,0.5,,100,,25,fb929496ff25d75a23a6c92e658e328e744854f9461343284195d63b3cc2e764,False,uncapped,492f395d05583f6701ed9e74cd21094a42b7f1c517856a9c96e3fbeac77f4612
R110,solomon_txt,14cb53cb99af61d3d708f07564b9a72d146e7c26b4f10507cfaf3bc828f34bfa,0,1,ok,True,13,1561904,1561.904,0.06406,0.500509,1,time_limit,solomon_exact_1000_v1,,,,,,0.5,,100,,25,fb929496ff25d75a23a6c92e658e328e744854f9461343284195d63b3cc2e764,False,uncapped,492f395d05583f6701ed9e74cd21094a42b7f1c517856a9c96e3fbeac77f4612
R110,solomon_txt,14cb53cb99af61d3d708f07564b9a72d146e7c26b4f10507cfaf3bc828f34bfa,1,1,ok,True,13,1523085,1523.085,0.064026,0.500478,1,time_limit,solomon_exact_1000_v1,,,,,,0.5,,100,,25,fb929496ff25d75a23a6c92e658e328e744854f9461343284195d63b3cc2e764,False,uncapped,492f395d05583f6701ed9e74cd21094a42b7f1c517856a9c96e3fbeac77f4612
R110,solomon_txt,14cb53cb99af61d3d708f07564b9a72d146e7c26b4f10507cfaf3bc828f34bfa,2,1,ok,True,13,1564564,1564.564,0.063884,0.500481,1,time_limit,solomon_exact_1000_v1,,,,,,0.5,,100,,25,fb929496ff25d75a23a6c92e658e328e744854f9461343284195d63b3cc2e764,False,uncapped,492f395d05583f6701ed9e74cd21094a42b7f1c517856a9c96e3fbeac77f4612
R111,solomon_txt,3d94a73b1f2fe8aae4618b9d9ea254cff2e3924a6a841aa390096ec6c60f258d,0,1,ok,True,12,1400068,1400.068,0.066891,0.500463,1,time_limit,solomon_exact_1000_v1,,,,,,0.5,,100,,25,fb929496ff25d75a23a6c92e658e328e744854f9461343284195d63b3cc2e764,False,uncapped,492f395d05583f6701ed9e74cd21094a42b7f1c517856a9c96e3fbeac77f4612
R111,solomon_txt,3d94a73b1f2fe8aae4618b9d9ea254cff2e3924a6a841aa390096ec6c60f258d,1,1,ok,True,12,1449491,1449.491,0.067794,0.50048,1,time_limit,solomon_exact_1000_v1,,,,,,0.5,,100,,25,fb929496ff25d75a23a6c92e658e328e744854f9461343284195d63b3cc2e764,False,uncapped,492f395d05583f6701ed9e74cd21094a42b7f1c517856a9c96e3fbeac77f4612
R111,solomon_txt,3d94a73b1f2fe8aae4618b9d9ea254cff2e3924a6a841aa390096ec6c60f258d,2,1,ok,True,12,1307212,1307.212,0.065411,0.500455,1,time_limit,solomon_exact_1000_v1,,,,,,0.5,,100,,25,fb929496ff25d75a23a6c92e658e328e744854f9461343284195d63b3cc2e764,False,uncapped,492f395d05583f6701ed9e74cd21094a42b7f1c517856a9c96e3fbeac77f4612
R112,solomon_txt,a0e93149d59d30c356619891d192e86d0f16c3158e1dac3bd9f23c6deb718271,0,1,ok,True,12,1466116,1466.116,0.063803,0.500456,1,time_limit,solomon_exact_1000_v1,,,,,,0.5,,100,,25,fb929496ff25d75a23a6c92e658e328e744854f9461343284195d63b3cc2e764,False,uncapped,492f395d05583f6701ed9e74cd21094a42b7f1c517856a9c96e3fbeac77f4612
R112,solomon_txt,a0e93149d59d30c356619891d192e86d0f16c3158e1dac3bd9f23c6deb718271,1,1,ok,True,13,1429350,1429.35,0.065361,0.500463,1,time_limit,solomon_exact_1000_v1,,,,,,0.5,,100,,25,fb929496ff25d75a23a6c92e658e328e744854f9461343284195d63b3cc2e764,False,uncapped,492f395d05583f6701ed9e74cd21094a42b7f1c517856a9c96e3fbeac77f4612
R112,solomon_txt,a0e93149d59d30c356619891d192e86d0f16c3158e1dac3bd9f23c6deb718271,2,1,ok,True,12,1346285,1346.285,0.065175,0.500408,1,time_limit,solomon_exact_1000_v1,,,,,,0.5,,100,,25,fb929496ff25d75a23a6c92e658e328e744854f9461343284195d63b3cc2e764,False,uncapped,492f395d05583f6701ed9e74cd21094a42b7f1c517856a9c96e3fbeac77f4612
R201,solomon_txt,0be960ec998fff2cab0bdbcc5194c617e5ca0a79c82c5b32b1d4bd98b2cae210,0,1,ok,True,5,1726658,1726.658,0.132937,0.500254,1,time_limit,solomon_exact_1000_v1,,,,,,0.5,,100,,25,fb929496ff25d75a23a6c92e658e328e744854f9461343284195d63b3cc2e764,False,uncapped,492f395d05583f6701ed9e74cd21094a42b7f1c517856a9c96e3fbeac77f4612
R201,solomon_txt,0be960ec998fff2cab0bdbcc5194c617e5ca0a79c82c5b32b1d4bd98b2cae210,1,1,ok,True,4,1665126,1665.126,0.138416,0.50037,1,time_limit,solomon_exact_1000_v1,,,,,,0.5,,100,,25,fb929496ff25d75a23a6c92e658e328e744854f9461343284195d63b3cc2e764,False,uncapped,492f395d05583f6701ed9e74cd21094a42b7f1c517856a9c96e3fbeac77f4612
R201,solomon_txt,0be960ec998fff2cab0bdbcc5194c617e5ca0a79c82c5b32b1d4bd98b2cae210,2,1,ok,True,4,1605282,1605.282,0.129272,0.500408,1,time_limit,solomon_exact_1000_v1,,,,,,0.5,,100,,25,fb929496ff25d75a23a6c92e658e328e744854f9461343284195d63b3cc2e764,False,uncapped,492f395d05583f6701ed9e74cd21094a42b7f1c517856a9c96e3fbeac77f4612
R202,solomon_txt,1f7761bb33e9dd0c94837b32c72280296ffc283dba997379c7ad75ce00dffc8d,0,1,ok,True,4,1622244,1622.244,0.156596,0.500592,1,time_limit,solomon_exact_1000_v1,,,,,,0.5,,100,,25,fb929496ff25d75a23a6c92e658e328e744854f9461343284195d63b3cc2e764,False,uncapped,492f395d05583f6701ed9e74cd21094a42b7f1c517856a9c96e3fbeac77f4612
R202,solomon_txt,1f7761bb33e9dd0c94837b32c72280296ffc283dba997379c7ad75ce00dffc8d,1,1,ok,True,4,1622244,1622.244,0.151209,0.500452,1,time_limit,solomon_exact_1000_v1,,,,,,0.5,,100,,25,fb929496ff25d75a23a6c92e658e328e744854f9461343284195d63b3cc2e764,False,uncapped,492f395d05583f6701ed9e74cd21094a42b7f1c517856a9c96e3fbeac77f4612
R202,solomon_txt,1f7761bb33e9dd0c94837b32c72280296ffc283dba997379c7ad75ce00dffc8d,2,1,ok,True,4,1622244,1622.244,0.159238,0.500431,1,time_limit,solomon_exact_1000_v1,,,,,,0.5,,100,,25,fb929496ff25d75a23a6c92e658e328e744854f9461343284195d63b3cc2e764,False,uncapped,492f395d05583f6701ed9e74cd21094a42b7f1c517856a9c96e3fbeac77f4612
R203,solomon_txt,38c484db31bd7452a94d533e26a2348ef598df600b79d061d9ddc1c61466a731,0,1,ok,True,3,1239151,1239.151,0.164574,0.500454,1,time_limit,solomon_exact_1000_v1,,,,,,0.5,,100,,25,fb929496ff25d75a23a6c92e658e328e744854f9461343284195d63b3cc2e764,False,uncapped,492f395d05583f6701ed9e74cd21094a42b7f1c517856a9c96e3fbeac77f4612
R203,solomon_txt,38c484db31bd7452a94d533e26a2348ef598df600b79d061d9ddc1c61466a731,1,1,ok,True,3,1237636,1237.636,0.166307,0.500411,1,time_limit,solomon_exact_1000_v1,,,,,,0.5,,100,,25,fb929496ff25d75a23a6c92e658e328e744854f9461343284195d63b3cc2e764,False,uncapped,492f395d05583f6701ed9e74cd21094a42b7f1c517856a9c96e3fbeac77f4612
R203,solomon_txt,38c484db31bd7452a94d533e26a2348ef598df600b79d061d9ddc1c61466a731,2,1,ok,True,3,1238984,1238.984,0.168868,0.500412,1,time_limit,solomon_exact_1000_v1,,,,,,0.5,,100,,25,fb929496ff25d75a23a6c92e658e328e744854f9461343284195d63b3cc2e764,False,uncapped,492f395d05583f6701ed9e74cd21094a42b7f1c517856a9c96e3fbeac77f4612
R204,solomon_txt,5349e37d8df99bcbee1efa2e970d2662b5265e5f82fc609343a6af0a60257abf,0,1,ok,True,3,1331038,1331.038,0.208083,0.500242,1,time_limit,solomon_exact_1000_v1,,,,,,0.5,,100,,25,fb929496ff25d75a23a6c92e658e328e744854f9461343284195d63b3cc2e764,False,uncapped,492f395d05583f6701ed9e74cd21094a42b7f1c517856a9c96e3fbeac77f4612
R204,solomon_txt,5349e37d8df99bcbee1efa2e970d2662b5265e5f82fc609343a6af0a60257abf,1,1,ok,True,3,1331038,1331.038,0.206041,0.50027,1,time_limit,solomon_exact_1000_v1,,,,,,0.5,,100,,25,fb929496ff25d75a23a6c92e658e328e744854f9461343284195d63b3cc2e764,False,uncapped,492f395d05583f6701ed9e74cd21094a42b7f1c517856a9c96e3fbeac77f4612
R204,solomon_txt,5349e37d8df99bcbee1efa2e970d2662b5265e5f82fc609343a6af0a60257abf,2,1,ok,True,3,1301248,1301.248,0.204161,0.500554,1,time_limit,solomon_exact_1000_v1,,,,,,0.5,,100,,25,fb929496ff25d75a23a6c92e658e328e744854f9461343284195d63b3cc2e764,False,uncapped,492f395d05583f6701ed9e74cd21094a42b7f1c517856a9c96e3fbeac77f4612
R205,solomon_txt,1996bf8f10716fb8cfc1a585206a6a6e566f32347c1bb8f36c75ed6c887f77e3,0,1,ok,True,3,1303717,1303.717,0.161462,0.500249,1,time_limit,solomon_exact_1000_v1,,,,,,0.5,,100,,25,fb929496ff25d75a23a6c92e658e328e744854f9461343284195d63b3cc2e764,False,uncapped,492f395d05583f6701ed9e74cd21094a42b7f1c517856a9c96e3fbeac77f4612
R205,solomon_txt,1996bf8f10716fb8cfc1a585206a6a6e566f32347c1bb8f36c75ed6c887f77e3,1,1,ok,True,4,1700248,1700.248,0.161212,0.500238,1,time_limit,solomon_exact_1000_v1,,,,,,0.5,,100,,25,fb929496ff25d75a23a6c92e658e328e744854f9461343284195d63b3cc2e764,False,uncapped,492f395d05583f6701ed9e74cd21094a42b7f1c517856a9c96e3fbeac77f4612
R205,solomon_txt,1996bf8f10716fb8cfc1a585206a6a6e566f32347c1bb8f36c75ed6c887f77e3,2,1,ok,True,3,1408809,1408.809,0.168552,0.500373,1,time_limit,solomon_exact_1000_v1,,,,,,0.5,,100,,25,fb929496ff25d75a23a6c92e658e328e744854f9461343284195d63b3cc2e764,False,uncapped,492f395d05583f6701ed9e74cd21094a42b7f1c517856a9c96e3fbeac77f4612
R206,solomon_txt,c8754a0319264d076c038b1bf023c8c4710e8895fe3e03f485e9ae249f32fe43,0,1,ok,True,3,1533607,1533.607,0.179538,0.500254,1,time_limit,solomon_exact_1000_v1,,,,,,0.5,,100,,25,fb929496ff25d75a23a6c92e658e328e744854f9461343284195d63b3cc2e764,False,uncapped,492f395d05583f6701ed9e74cd21094a42b7f1c517856a9c96e3fbeac77f4612
R206,solomon_txt,c8754a0319264d076c038b1bf023c8c4710e8895fe3e03f485e9ae249f32fe43,1,1,ok,True,3,1533607,1533.607,0.174882,0.500241,1,time_limit,solomon_exact_1000_v1,,,,,,0.5,,100,,25,fb929496ff25d75a23a6c92e658e328e744854f9461343284195d63b3cc2e764,False,uncapped,492f395d05583f6701ed9e74cd21094a42b7f1c517856a9c96e3fbeac77f4612
R206,solomon_txt,c8754a0319264d076c038b1bf023c8c4710e8895fe3e03f485e9ae249f32fe43,2,1,ok,True,3,1531545,1531.545,0.16772,0.500376,1,time_limit,solomon_exact_1000_v1,,,,,,0.5,,100,,25,fb929496ff25d75a23a6c92e658e328e744854f9461343284195d63b3cc2e764,False,uncapped,492f395d05583f6701ed9e74cd21094a42b7f1c517856a9c96e3fbeac77f4612
R207,solomon_txt,52dc8eebba43fdc67ca9aadab228b75a297acb55a87db3e4748e82f623e3cbe6,0,1,ok,True,3,1164515,1164.515,0.221938,0.500247,1,time_limit,solomon_exact_1000_v1,,,,,,0.5,,100,,25,fb929496ff25d75a23a6c92e658e328e744854f9461343284195d63b3cc2e764,False,uncapped,492f395d05583f6701ed9e74cd21094a42b7f1c517856a9c96e3fbeac77f4612
R207,solomon_txt,52dc8eebba43fdc67ca9aadab228b75a297acb55a87db3e4748e82f623e3cbe6,1,1,ok,True,3,1102590,1102.59,0.20789,0.500273,1,time_limit,solomon_exact_1000_v1,,,,,,0.5,,100,,25,fb929496ff25d75a23a6c92e658e328e744854f9461343284195d63b3cc2e764,False,uncapped,492f395d05583f6701ed9e74cd21094a42b7f1c517856a9c96e3fbeac77f4612
R207,solomon_txt,52dc8eebba43fdc67ca9aadab228b75a297acb55a87db3e4748e82f623e3cbe6,2,1,ok,True,3,1035524,1035.524,0.198033,0.500374,1,time_limit,solomon_exact_1000_v1,,,,,,0.5,,100,,25,fb929496ff25d75a23a6c92e658e328e744854f9461343284195d63b3cc2e764,False,uncapped,492f395d05583f6701ed9e74cd21094a42b7f1c517856a9c96e3fbeac77f4612
R208,solomon_txt,7b4a95d500af9329dd08791d39898a619faec0f8fac039d57373e761545b980d,0,1,ok,True,3,957965,957.965,0.228523,0.500238,1,time_limit,solomon_exact_1000_v1,,,,,,0.5,,100,,25,fb929496ff25d75a23a6c92e658e328e744854f9461343284195d63b3cc2e764,False,uncapped,492f395d05583f6701ed9e74cd21094a42b7f1c517856a9c96e3fbeac77f4612
R208,solomon_txt,7b4a95d500af9329dd08791d39898a619faec0f8fac039d57373e761545b980d,1,1,ok,True,3,957965,957.965,0.212538,0.500239,1,time_limit,solomon_exact_1000_v1,,,,,,0.5,,100,,25,fb929496ff25d75a23a6c92e658e328e744854f9461343284195d63b3cc2e764,False,uncapped,492f395d05583f6701ed9e74cd21094a42b7f1c517856a9c96e3fbeac77f4612
R208,solomon_txt,7b4a95d500af9329dd08791d39898a619faec0f8fac039d57373e761545b980d,2,1,ok,True,3,957965,957.965,0.221047,0.500331,1,time_limit,solomon_exact_1000_v1,,,,,,0.5,,100,,25,fb929496ff25d75a23a6c92e658e328e744854f9461343284195d63b3cc2e764,False,uncapped,492f395d05583f6701ed9e74cd21094a42b7f1c517856a9c96e3fbeac77f4612
R209,solomon_txt,5b74156d032babcff853ccc693f94463eca8333cd425aa99a39ed996f6258933,0,1,ok,True,3,1278206,1278.206,0.156294,0.500333,1,time_limit,solomon_exact_1000_v1,,,,,,0.5,,100,,25,fb929496ff25d75a23a6c92e658e328e744854f9461343284195d63b3cc2e764,False,uncapped,492f395d05583f6701ed9e74cd21094a42b7f1c517856a9c96e3fbeac77f4612
R209,solomon_txt,5b74156d032babcff853ccc693f94463eca8333cd425aa99a39ed996f6258933,1,1,ok,True,3,1303297,1303.297,0.162873,0.500291,1,time_limit,solomon_exact_1000_v1,,,,,,0.5,,100,,25,fb929496ff25d75a23a6c92e658e328e744854f9461343284195d63b3cc2e764,False,uncapped,492f395d05583f6701ed9e74cd21094a42b7f1c517856a9c96e3fbeac77f4612
R209,solomon_txt,5b74156d032babcff853ccc693f94463eca8333cd425aa99a39ed996f6258933,2,1,ok,True,3,1388821,1388.821,0.159132,0.500438,1,time_limit,solomon_exact_1000_v1,,,,,,0.5,,100,,25,fb929496ff25d75a23a6c92e658e328e744854f9461343284195d63b3cc2e764,False,uncapped,492f395d05583f6701ed9e74cd21094a42b7f1c517856a9c96e3fbeac77f4612
R210,solomon_txt,4e5772f109fb6183e6a648d6a1edaba3435438c2dc11c42da370fecf7bdf3a14,0,1,ok,True,3,1410302,1410.302,0.177657,0.500552,1,time_limit,solomon_exact_1000_v1,,,,,,0.5,,100,,25,fb929496ff25d75a23a6c92e658e328e744854f9461343284195d63b3cc2e764,False,uncapped,492f395d05583f6701ed9e74cd21094a42b7f1c517856a9c96e3fbeac77f4612
R210,solomon_txt,4e5772f109fb6183e6a648d6a1edaba3435438c2dc11c42da370fecf7bdf3a14,1,1,ok,True,3,1417659,1417.659,0.175561,0.500824,1,time_limit,solomon_exact_1000_v1,,,,,,0.5,,100,,25,fb929496ff25d75a23a6c92e658e328e744854f9461343284195d63b3cc2e764,False,uncapped,492f395d05583f6701ed9e74cd21094a42b7f1c517856a9c96e3fbeac77f4612
R210,solomon_txt,4e5772f109fb6183e6a648d6a1edaba3435438c2dc11c42da370fecf7bdf3a14,2,1,ok,True,3,1397208,1397.208,0.216106,0.500472,1,time_limit,solomon_exact_1000_v1,,,,,,0.5,,100,,25,fb929496ff25d75a23a6c92e658e328e744854f9461343284195d63b3cc2e764,False,uncapped,492f395d05583f6701ed9e74cd21094a42b7f1c517856a9c96e3fbeac77f4612
R211,solomon_txt,2965507e467a2f92acd59035975910e36ae11e4f49590d4c7d20a883939227ad,0,1,ok,True,3,1516434,1516.434,0.219742,0.500284,1,time_limit,solomon_exact_1000_v1,,,,,,0.5,,100,,25,fb929496ff25d75a23a6c92e658e328e744854f9461343284195d63b3cc2e764,False,uncapped,492f395d05583f6701ed9e74cd21094a42b7f1c517856a9c96e3fbeac77f4612
R211,solomon_txt,2965507e467a2f92acd59035975910e36ae11e4f49590d4c7d20a883939227ad,1,1,ok,True,3,1516434,1516.434,0.184487,0.500247,1,time_limit,solomon_exact_1000_v1,,,,,,0.5,,100,,25,fb929496ff25d75a23a6c92e658e328e744854f9461343284195d63b3cc2e764,False,uncapped,492f395d05583f6701ed9e74cd21094a42b7f1c517856a9c96e3fbeac77f4612
R211,solomon_txt,2965507e467a2f92acd59035975910e36ae11e4f49590d4c7d20a883939227ad,2,1,ok,True,3,1516434,1516.434,0.196763,0.50038,1,time_limit,solomon_exact_1000_v1,,,,,,0.5,,100,,25,fb929496ff25d75a23a6c92e658e328e744854f9461343284195d63b3cc2e764,False,uncapped,492f395d05583f6701ed9e74cd21094a42b7f1c517856a9c96e3fbeac77f4612
RC101,solomon_txt,ef6893ffd9746ad96de8e4da6e64e2c4ba6e08a1c7eb9457276a9f1caf01ca12,0,1,ok,True,17,2170091,2170.091,0.068829,0.500454,2,time_limit,solomon_exact_1000_v1,,,,,,0.5,,100,,25,fb929496ff25d75a23a6c92e658e328e744854f9461343284195d63b3cc2e764,False,uncapped,492f395d05583f6701ed9e74cd21094a42b7f1c517856a9c96e3fbeac77f4612
RC101,solomon_txt,ef6893ffd9746ad96de8e4da6e64e2c4ba6e08a1c7eb9457276a9f1caf01ca12,1,1,ok,True,18,2074763,2074.763,0.057758,0.500621,1,time_limit,solomon_exact_1000_v1,,,,,,0.5,,100,,25,fb929496ff25d75a23a6c92e658e328e744854f9461343284195d63b3cc2e764,False,uncapped,492f395d05583f6701ed9e74cd21094a42b7f1c517856a9c96e3fbeac77f4612
RC101,solomon_txt,ef6893ffd9746ad96de8e4da6e64e2c4ba6e08a1c7eb9457276a9f1caf01ca12,2,1,ok,True,18,1980569,1980.569,0.058666,0.500521,1,time_limit,solomon_exact_1000_v1,,,,,,0.5,,100,,25,fb929496ff25d75a23a6c92e658e328e744854f9461343284195d63b3cc2e764,False,uncapped,492f395d05583f6701ed9e74cd21094a42b7f1c517856a9c96e3fbeac77f4612
RC102,solomon_txt,36acd349d34a577c7fadd61f78517c2cb74bd06a490273800c288f341e5785a4,0,1,ok,True,15,1749811,1749.811,0.059774,0.500451,2,time_limit,solomon_exact_1000_v1,,,,,,0.5,,100,,25,fb929496ff25d75a23a6c92e658e328e744854f9461343284195d63b3cc2e764,False,uncapped,492f395d05583f6701ed9e74cd21094a42b7f1c517856a9c96e3fbeac77f4612
RC102,solomon_txt,36acd349d34a577c7fadd61f78517c2cb74bd06a490273800c288f341e5785a4,1,1,ok,True,15,1830274,1830.274,0.059653,0.500461,1,time_limit,solomon_exact_1000_v1,,,,,,0.5,,100,,25,fb929496ff25d75a23a6c92e658e328e744854f9461343284195d63b3cc2e764,False,uncapped,492f395d05583f6701ed9e74cd21094a42b7f1c517856a9c96e3fbeac77f4612
RC102,solomon_txt,36acd349d34a577c7fadd61f78517c2cb74bd06a490273800c288f341e5785a4,2,1,ok,True,16,1812496,1812.496,0.066933,0.500493,1,time_limit,solomon_exact_1000_v1,,,,,,0.5,,100,,25,fb929496ff25d75a23a6c92e658e328e744854f9461343284195d63b3cc2e764,False,uncapped,492f395d05583f6701ed9e74cd21094a42b7f1c517856a9c96e3fbeac77f4612
RC103,solomon_txt,00f384138274d5d2bff5c41601db17cc4ad0cfc6315c27e223d4477bf435cc2d,0,1,ok,True,12,1733037,1733.037,0.06697,0.500476,1,time_limit,solomon_exact_1000_v1,,,,,,0.5,,100,,25,fb929496ff25d75a23a6c92e658e328e744854f9461343284195d63b3cc2e764,False,uncapped,492f395d05583f6701ed9e74cd21094a42b7f1c517856a9c96e3fbeac77f4612
RC103,solomon_txt,00f384138274d5d2bff5c41601db17cc4ad0cfc6315c27e223d4477bf435cc2d,1,1,ok,True,12,1702989,1702.989,0.067637,0.500463,1,time_limit,solomon_exact_1000_v1,,,,,,0.5,,100,,25,fb929496ff25d75a23a6c92e658e328e744854f9461343284195d63b3cc2e764,False,uncapped,492f395d05583f6701ed9e74cd21094a42b7f1c517856a9c96e3fbeac77f4612
RC103,solomon_txt,00f384138274d5d2bff5c41601db17cc4ad0cfc6315c27e223d4477bf435cc2d,2,1,ok,True,13,1947404,1947.404,0.067699,0.500435,1,time_limit,solomon_exact_1000_v1,,,,,,0.5,,100,,25,fb929496ff25d75a23a6c92e658e328e744854f9461343284195d63b3cc2e764,False,uncapped,492f395d05583f6701ed9e74cd21094a42b7f1c517856a9c96e3fbeac77f4612
RC104,solomon_txt,d150b2d61049a488fb89a2320c197d81a7ef9a1864abbbaea1d13a2b451253ee,0,1,ok,True,12,1589309,1589.309,0.068863,0.50049,1,time_limit,solomon_exact_1000_v1,,,,,,0.5,,100,,25,fb929496ff25d75a23a6c92e658e328e744854f9461343284195d63b3cc2e764,False,uncapped,492f395d05583f6701ed9e74cd21094a42b7f1c517856a9c96e3fbeac77f4612
RC104,solomon_txt,d150b2d61049a488fb89a2320c197d81a7ef9a1864abbbaea1d13a2b451253ee,1,1,ok,True,12,1623714,1623.714,0.070339,0.500481,1,time_limit,solomon_exact_1000_v1,,,,,,0.5,,100,,25,fb929496ff25d75a23a6c92e658e328e744854f9461343284195d63b3cc2e764,False,uncapped,492f395d05583f6701ed9e74cd21094a42b7f1c517856a9c96e3fbeac77f4612
RC104,solomon_txt,d150b2d61049a488fb89a2320c197d81a7ef9a1864abbbaea1d13a2b451253ee,2,1,ok,True,11,1479156,1479.156,0.071957,0.500432,1,time_limit,solomon_exact_1000_v1,,,,,,0.5,,100,,25,fb929496ff25d75a23a6c92e658e328e744854f9461343284195d63b3cc2e764,False,uncapped,492f395d05583f6701ed9e74cd21094a42b7f1c517856a9c96e3fbeac77f4612
RC105,solomon_txt,b9e912625c1ed80d2f565e0799ade2f4b17bf4f95056322ca23f1a21b37e7a49,0,1,ok,True,16,1898283,1898.283,0.05846,0.500482,1,time_limit,solomon_exact_1000_v1,,,,,,0.5,,100,,25,fb929496ff25d75a23a6c92e658e328e744854f9461343284195d63b3cc2e764,False,uncapped,492f395d05583f6701ed9e74cd21094a42b7f1c517856a9c96e3fbeac77f4612
RC105,solomon_txt,b9e912625c1ed80d2f565e0799ade2f4b17bf4f95056322ca23f1a21b37e7a49,1,1,ok,True,16,2115223,2115.223,0.061897,0.500447,1,time_limit,solomon_exact_1000_v1,,,,,,0.5,,100,,25,fb929496ff25d75a23a6c92e658e328e744854f9461343284195d63b3cc2e764,False,uncapped,492f395d05583f6701ed9e74cd21094a42b7f1c517856a9c96e3fbeac77f4612
RC105,solomon_txt,b9e912625c1ed80d2f565e0799ade2f4b17bf4f95056322ca23f1a21b37e7a49,2,1,ok,True,16,1886845,1886.845,0.05974,0.500445,1,time_limit,solomon_exact_1000_v1,,,,,,0.5,,100,,25,fb929496ff25d75a23a6c92e658e328e744854f9461343284195d63b3cc2e764,False,uncapped,492f395d05583f6701ed9e74cd21094a42b7f1c517856a9c96e3fbeac77f4612
RC106,solomon_txt,bf016ffc567af2d108570357daf1d0cabb7f680c0bd977d2e4366787683fdbaf,0,1,ok,True,15,2117387,2117.387,0.057922,0.500473,1,time_limit,solomon_exact_1000_v1,,,,,,0.5,,100,,25,fb929496ff25d75a23a6c92e658e328e744854f9461343284195d63b3cc2e764,False,uncapped,492f395d05583f6701ed9e74cd21094a42b7f1c517856a9c96e3fbeac77f4612
RC106,solomon_txt,bf016ffc567af2d108570357daf1d0cabb7f680c0bd977d2e4366787683fdbaf,1,1,ok,True,15,1905001,1905.001,0.058001,0.500487,1,time_limit,solomon_exact_1000_v1,,,,,,0.5,,100,,25,fb929496ff25d75a23a6c92e658e328e744854f9461343284195d63b3cc2e764,False,uncapped,492f395d05583f6701ed9e74cd21094a42b7f1c517856a9c96e3fbeac77f4612
RC106,solomon_txt,bf016ffc567af2d108570357daf1d0cabb7f680c0bd977d2e4366787683fdbaf,2,1,ok,True,15,1988965,1988.965,0.058999,0.500429,1,time_limit,solomon_exact_1000_v1,,,,,,0.5,,100,,25,fb929496ff25d75a23a6c92e658e328e744854f9461343284195d63b3cc2e764,False,uncapped,492f395d05583f6701ed9e74cd21094a42b7f1c517856a9c96e3fbeac77f4612
RC107,solomon_txt,fff3fd68d110671ed442575f07cc547291586f30b00c5f73934d521d31311582,0,1,ok,True,14,1708249,1708.249,0.064062,0.500438,1,time_limit,solomon_exact_1000_v1,,,,,,0.5,,100,,25,fb929496ff25d75a23a6c92e658e328e744854f9461343284195d63b3cc2e764,False,uncapped,492f395d05583f6701ed9e74cd21094a42b7f1c517856a9c96e3fbeac77f4612
RC107,solomon_txt,fff3fd68d110671ed442575f07cc547291586f30b00c5f73934d521d31311582,1,1,ok,True,14,1793892,1793.892,0.065297,0.500521,1,time_limit,solomon_exact_1000_v1,,,,,,0.5,,100,,25,fb929496ff25d75a23a6c92e658e328e744854f9461343284195d63b3cc2e764,False,uncapped,492f395d05583f6701ed9e74cd21094a42b7f1c517856a9c96e3fbeac77f4612
RC107,solomon_txt,fff3fd68d110671ed442575f07cc547291586f30b00c5f73934d521d31311582,2,1,ok,True,14,1879393,1879.393,0.062876,0.500436,1,time_limit,solomon_exact_1000_v1,,,,,,0.5,,100,,25,fb929496ff25d75a23a6c92e658e328e744854f9461343284195d63b3cc2e764,False,uncapped,492f395d05583f6701ed9e74cd21094a42b7f1c517856a9c96e3fbeac77f4612
RC108,solomon_txt,006bc8817bf09f9a8c66af8d6f088bdec239b2eb435556e9d11193cf456f7aeb,0,1,ok,True,14,1950039,1950.039,0.063505,0.500493,1,time_limit,solomon_exact_1000_v1,,,,,,0.5,,100,,25,fb929496ff25d75a23a6c92e658e328e744854f9461343284195d63b3cc2e764,False,uncapped,492f395d05583f6701ed9e74cd21094a42b7f1c517856a9c96e3fbeac77f4612
RC108,solomon_txt,006bc8817bf09f9a8c66af8d6f088bdec239b2eb435556e9d11193cf456f7aeb,1,1,ok,True,14,1680401,1680.401,0.06271,0.500477,1,time_limit,solomon_exact_1000_v1,,,,,,0.5,,100,,25,fb929496ff25d75a23a6c92e658e328e744854f9461343284195d63b3cc2e764,False,uncapped,492f395d05583f6701ed9e74cd21094a42b7f1c517856a9c96e3fbeac77f4612
RC108,solomon_txt,006bc8817bf09f9a8c66af8d6f088bdec239b2eb435556e9d11193cf456f7aeb,2,1,ok,True,14,1711913,1711.913,0.070248,0.500507,1,time_limit,solomon_exact_1000_v1,,,,,,0.5,,100,,25,fb929496ff25d75a23a6c92e658e328e744854f9461343284195d63b3cc2e764,False,uncapped,492f395d05583f6701ed9e74cd21094a42b7f1c517856a9c96e3fbeac77f4612
RC201,solomon_txt,288836e2d8c2ace83ebbff77e03ac8cdffc574fc134cade21ef92713f8c52d44,0,1,ok,True,5,2429811,2429.811,0.140143,0.500251,1,time_limit,solomon_exact_1000_v1,,,,,,0.5,,100,,25,fb929496ff25d75a23a6c92e658e328e744854f9461343284195d63b3cc2e764,False,uncapped,492f395d05583f6701ed9e74cd21094a42b7f1c517856a9c96e3fbeac77f4612
RC201,solomon_txt,288836e2d8c2ace83ebbff77e03ac8cdffc574fc134cade21ef92713f8c52d44,1,1,ok,True,5,2384112,2384.112,0.132004,0.500384,1,time_limit,solomon_exact_1000_v1,,,,,,0.5,,100,,25,fb929496ff25d75a23a6c92e658e328e744854f9461343284195d63b3cc2e764,False,uncapped,492f395d05583f6701ed9e74cd21094a42b7f1c517856a9c96e3fbeac77f4612
RC201,solomon_txt,288836e2d8c2ace83ebbff77e03ac8cdffc574fc134cade21ef92713f8c52d44,2,1,ok,True,5,2387667,2387.667,0.128522,0.50038,1,time_limit,solomon_exact_1000_v1,,,,,,0.5,,100,,25,fb929496ff25d75a23a6c92e658e328e744854f9461343284195d63b3cc2e764,False,uncapped,492f395d05583f6701ed9e74cd21094a42b7f1c517856a9c96e3fbeac77f4612
RC202,solomon_txt,5a1dee2017ab0ca4fe280b392678c96e8b5bc71f22d02c8058fbde7c4cfebcf4,0,1,ok,True,4,1920411,1920.411,0.123133,0.500251,1,time_limit,solomon_exact_1000_v1,,,,,,0.5,,100,,25,fb929496ff25d75a23a6c92e658e328e744854f9461343284195d63b3cc2e764,False,uncapped,492f395d05583f6701ed9e74cd21094a42b7f1c517856a9c96e3fbeac77f4612
RC202,solomon_txt,5a1dee2017ab0ca4fe280b392678c96e8b5bc71f22d02c8058fbde7c4cfebcf4,1,1,ok,True,4,1818035,1818.035,0.124236,0.500393,1,time_limit,solomon_exact_1000_v1,,,,,,0.5,,100,,25,fb929496ff25d75a23a6c92e658e328e744854f9461343284195d63b3cc2e764,False,uncapped,492f395d05583f6701ed9e74cd21094a42b7f1c517856a9c96e3fbeac77f4612
RC202,solomon_txt,5a1dee2017ab0ca4fe280b392678c96e8b5bc71f22d02c8058fbde7c4cfebcf4,2,1,ok,True,4,1619243,1619.243,0.123718,0.500532,1,time_limit,solomon_exact_1000_v1,,,,,,0.5,,100,,25,fb929496ff25d75a23a6c92e658e328e744854f9461343284195d63b3cc2e764,False,uncapped,492f395d05583f6701ed9e74cd21094a42b7f1c517856a9c96e3fbeac77f4612
RC203,solomon_txt,4adcb362c23df91f14b828d4964e9383ffb02ee74217afc2d84571f83ed91f8b,0,1,ok,True,3,1400007,1400.007,0.12539,0.50027,1,time_limit,solomon_exact_1000_v1,,,,,,0.5,,100,,25,fb929496ff25d75a23a6c92e658e328e744854f9461343284195d63b3cc2e764,False,uncapped,492f395d05583f6701ed9e74cd21094a42b7f1c517856a9c96e3fbeac77f4612
RC203,solomon_txt,4adcb362c23df91f14b828d4964e9383ffb02ee74217afc2d84571f83ed91f8b,1,1,ok,True,3,1545417,1545.417,0.126687,0.500278,1,time_limit,solomon_exact_1000_v1,,,,,,0.5,,100,,25,fb929496ff25d75a23a6c92e658e328e744854f9461343284195d63b3cc2e764,False,uncapped,492f395d05583f6701ed9e74cd21094a42b7f1c517856a9c96e3fbeac77f4612
RC203,solomon_txt,4adcb362c23df91f14b828d4964e9383ffb02ee74217afc2d84571f83ed91f8b,2,1,ok,True,3,1516613,1516.613,0.126394,0.500265,2,time_limit,solomon_exact_1000_v1,,,,,,0.5,,100,,25,fb929496ff25d75a23a6c92e658e328e744854f9461343284195d63b3cc2e764,False,uncapped,492f395d05583f6701ed9e74cd21094a42b7f1c517856a9c96e3fbeac77f4612
RC204,solomon_txt,11e827eab51a959ebab66344e7b7cfd1aeed895287653b36a72c86a4440ecd77,0,1,ok,True,3,1500593,1500.593,0.190271,0.50024,1,time_limit,solomon_exact_1000_v1,,,,,,0.5,,100,,25,fb929496ff25d75a23a6c92e658e328e744854f9461343284195d63b3cc2e764,False,uncapped,492f395d05583f6701ed9e74cd21094a42b7f1c517856a9c96e3fbeac77f4612
RC204,solomon_txt,11e827eab51a959ebab66344e7b7cfd1aeed895287653b36a72c86a4440ecd77,1,1,ok,True,3,1500593,1500.593,0.195195,0.500266,1,time_limit,solomon_exact_1000_v1,,,,,,0.5,,100,,25,fb929496ff25d75a23a6c92e658e328e744854f9461343284195d63b3cc2e764,False,uncapped,492f395d05583f6701ed9e74cd21094a42b7f1c517856a9c96e3fbeac77f4612
RC204,solomon_txt,11e827eab51a959ebab66344e7b7cfd1aeed895287653b36a72c86a4440ecd77,2,1,ok,True,3,1500132,1500.132,0.196419,0.500371,1,time_limit,solomon_exact_1000_v1,,,,,,0.5,,100,,25,fb929496ff25d75a23a6c92e658e328e744854f9461343284195d63b3cc2e764,False,uncapped,492f395d05583f6701ed9e74cd21094a42b7f1c517856a9c96e3fbeac77f4612
RC205,solomon_txt,c061d306cf42310b0f3ca15612089f6c5a8d5604c0733bf26852477c787662c9,0,1,ok,True,4,1959415,1959.415,0.139883,0.500266,1,time_limit,solomon_exact_1000_v1,,,,,,0.5,,100,,25,fb929496ff25d75a23a6c92e658e328e744854f9461343284195d63b3cc2e764,False,uncapped,492f395d05583f6701ed9e74cd21094a42b7f1c517856a9c96e3fbeac77f4612
RC205,solomon_txt,c061d306cf42310b0f3ca15612089f6c5a8d5604c0733bf26852477c787662c9,1,1,ok,True,4,1741837,1741.837,0.13692,0.500378,1,time_limit,solomon_exact_1000_v1,,,,,,0.5,,100,,25,fb929496ff25d75a23a6c92e658e328e744854f9461343284195d63b3cc2e764,False,uncapped,492f395d05583f6701ed9e74cd21094a42b7f1c517856a9c96e3fbeac77f4612
RC205,solomon_txt,c061d306cf42310b0f3ca15612089f6c5a8d5604c0733bf26852477c787662c9,2,1,ok,True,4,1695424,1695.424,0.140688,0.500403,1,time_limit,solomon_exact_1000_v1,,,,,,0.5,,100,,25,fb929496ff25d75a23a6c92e658e328e744854f9461343284195d63b3cc2e764,False,uncapped,492f395d05583f6701ed9e74cd21094a42b7f1c517856a9c96e3fbeac77f4612
RC206,solomon_txt,5203aecf67c84df49e152645312a837ffefde529314ff892ca061538816e43a9,0,1,ok,True,4,2080287,2080.287,0.141077,0.500245,1,time_limit,solomon_exact_1000_v1,,,,,,0.5,,100,,25,fb929496ff25d75a23a6c92e658e328e744854f9461343284195d63b3cc2e764,False,uncapped,492f395d05583f6701ed9e74cd21094a42b7f1c517856a9c96e3fbeac77f4612
RC206,solomon_txt,5203aecf67c84df49e152645312a837ffefde529314ff892ca061538816e43a9,1,1,ok,True,4,1771858,1771.858,0.143272,0.500388,1,time_limit,solomon_exact_1000_v1,,,,,,0.5,,100,,25,fb929496ff25d75a23a6c92e658e328e744854f9461343284195d63b3cc2e764,False,uncapped,492f395d05583f6701ed9e74cd21094a42b7f1c517856a9c96e3fbeac77f4612
RC206,solomon_txt,5203aecf67c84df49e152645312a837ffefde529314ff892ca061538816e43a9,2,1,ok,True,4,1725004,1725.004,0.136196,0.500448,1,time_limit,solomon_exact_1000_v1,,,,,,0.5,,100,,25,fb929496ff25d75a23a6c92e658e328e744854f9461343284195d63b3cc2e764,False,uncapped,492f395d05583f6701ed9e74cd21094a42b7f1c517856a9c96e3fbeac77f4612
RC207,solomon_txt,5cab65f99b350cdb8fb1c4d0a12dde85eb4ff6a6d6daf292b182cb73de9a8b63,0,1,ok,True,4,1907431,1907.431,0.154548,0.500273,1,time_limit,solomon_exact_1000_v1,,,,,,0.5,,100,,25,fb929496ff25d75a23a6c92e658e328e744854f9461343284195d63b3cc2e764,False,uncapped,492f395d05583f6701ed9e74cd21094a42b7f1c517856a9c96e3fbeac77f4612
RC207,solomon_txt,5cab65f99b350cdb8fb1c4d0a12dde85eb4ff6a6d6daf292b182cb73de9a8b63,1,1,ok,True,3,1405392,1405.392,0.151817,0.500261,1,time_limit,solomon_exact_1000_v1,,,,,,0.5,,100,,25,fb929496ff25d75a23a6c92e658e328e744854f9461343284195d63b3cc2e764,False,uncapped,492f395d05583f6701ed9e74cd21094a42b7f1c517856a9c96e3fbeac77f4612
RC207,solomon_txt,5cab65f99b350cdb8fb1c4d0a12dde85eb4ff6a6d6daf292b182cb73de9a8b63,2,1,ok,True,4,1871849,1871.849,0.152062,0.500372,1,time_limit,solomon_exact_1000_v1,,,,,,0.5,,100,,25,fb929496ff25d75a23a6c92e658e328e744854f9461343284195d63b3cc2e764,False,uncapped,492f395d05583f6701ed9e74cd21094a42b7f1c517856a9c96e3fbeac77f4612
RC208,solomon_txt,3d67d2a8e2758a324643f5d6c6ca87e8c56435273eaa04be33f213bb991f1f28,0,1,ok,True,3,1365201,1365.201,0.147256,0.500258,1,time_limit,solomon_exact_1000_v1,,,,,,0.5,,100,,25,fb929496ff25d75a23a6c92e658e328e744854f9461343284195d63b3cc2e764,False,uncapped,492f395d05583f6701ed9e74cd21094a42b7f1c517856a9c96e3fbeac77f4612
RC208,solomon_txt,3d67d2a8e2758a324643f5d6c6ca87e8c56435273eaa04be33f213bb991f1f28,1,1,ok,True,4,1913075,1913.075,0.154737,0.500371,1,time_limit,solomon_exact_1000_v1,,,,,,0.5,,100,,25,fb929496ff25d75a23a6c92e658e328e744854f9461343284195d63b3cc2e764,False,uncapped,492f395d05583f6701ed9e74cd21094a42b7f1c517856a9c96e3fbeac77f4612
RC208,solomon_txt,3d67d2a8e2758a324643f5d6c6ca87e8c56435273eaa04be33f213bb991f1f28,2,1,ok,True,4,1886903,1886.903,0.151847,0.500367,1,time_limit,solomon_exact_1000_v1,,,,,,0.5,,100,,25,fb929496ff25d75a23a6c92e658e328e744854f9461343284195d63b3cc2e764,False,uncapped,492f395d05583f6701ed9e74cd21094a42b7f1c517856a9c96e3fbeac77f4612
C101,solomon_txt,a6da75152d182d60ecd2c6f854296f5be452f92282d096adebcf5d99a7f16516,0,1,ok,True,10,828937,828.937,0.07012,0.500455,1,time_limit,solomon_exact_1000_v1,,,,,,0.5,,100,,25,fb929496ff25d75a23a6c92e658e328e744854f9461343284195d63b3cc2e764,False,exchange_pair_single,bc958c8917d658214adf2f1fd600dcc1eb4cae2641dab8dc7e2acbd11b5ac873
C101,solomon_txt,a6da75152d182d60ecd2c6f854296f5be452f92282d096adebcf5d99a7f16516,1,1,ok,True,10,828937,828.937,0.069077,0.500242,2,time_limit,solomon_exact_1000_v1,,,,,,0.5,,100,,25,fb929496ff25d75a23a6c92e658e328e744854f9461343284195d63b3cc2e764,False,exchange_pair_single,bc958c8917d658214adf2f1fd600dcc1eb4cae2641dab8dc7e2acbd11b5ac873
C101,solomon_txt,a6da75152d182d60ecd2c6f854296f5be452f92282d096adebcf5d99a7f16516,2,1,ok,True,10,828937,828.937,0.076156,0.500456,1,time_limit,solomon_exact_1000_v1,,,,,,0.5,,100,,25,fb929496ff25d75a23a6c92e658e328e744854f9461343284195d63b3cc2e764,False,exchange_pair_single,bc958c8917d658214adf2f1fd600dcc1eb4cae2641dab8dc7e2acbd11b5ac873
C102,solomon_txt,f89a0e2a760cc7448a4ca72b88e5b29b94d64b5548f3320f42a6230025ead653,0,1,ok,True,10,1186508,1186.508,0.070535,0.500456,1,time_limit,solomon_exact_1000_v1,,,,,,0.5,,100,,25,fb929496ff25d75a23a6c92e658e328e744854f9461343284195d63b3cc2e764,False,exchange_pair_single,bc958c8917d658214adf2f1fd600dcc1eb4cae2641dab8dc7e2acbd11b5ac873
C102,solomon_txt,f89a0e2a760cc7448a4ca72b88e5b29b94d64b5548f3320f42a6230025ead653,1,1,ok,True,10,1186508,1186.508,0.072993,0.500431,1,time_limit,solomon_exact_1000_v1,,,,,,0.5,,100,,25,fb929496ff25d75a23a6c92e658e328e744854f9461343284195d63b3cc2e764,False,exchange_pair_single,bc958c8917d658214adf2f1fd600dcc1eb4cae2641dab8dc7e2acbd11b5ac873
C102,solomon_txt,f89a0e2a760cc7448a4ca72b88e5b29b94d64b5548f3320f42a6230025ead653,2,1,ok,True,10,1193871,1193.871,0.079995,0.500476,1,time_limit,solomon_exact_1000_v1,,,,,,0.5,,100,,25,fb929496ff25d75a23a6c92e658e328e744854f9461343284195d63b3cc2e764,False,exchange_pair_single,bc958c8917d658214adf2f1fd600dcc1eb4cae2641dab8dc7e2acbd11b5ac873
C103,solomon_txt,a55cabf15e0da9d65696a5fb45c9852889479893f76f772a428ca15d1b415a51,0,1,ok,True,10,1718885,1718.885,0.07835,0.500468,1,time_limit,solomon_exact_1000_v1,,,,,,0.5,,100,,25,fb929496ff25d75a23a6c92e658e328e744854f9461343284195d63b3cc2e764,False,exchange_pair_single,bc958c8917d658214adf2f1fd600dcc1eb4cae2641dab8dc7e2acbd11b5ac873
C103,solomon_txt,a55cabf15e0da9d65696a5fb45c9852889479893f76f772a428ca15d1b415a51,1,1,ok,True,10,1718885,1718.885,0.079241,0.500481,1,time_limit,solomon_exact_1000_v1,,,,,,0.5,,100,,25,fb929496ff25d75a23a6c92e658e328e744854f9461343284195d63b3cc2e764,False,exchange_pair_single,bc958c8917d658214adf2f1fd600dcc1eb4cae2641dab8dc7e2acbd11b5ac873
C103,solomon_txt,a55cabf15e0da9d65696a5fb45c9852889479893f76f772a428ca15d1b415a51,2,1,ok,True,10,1718885,1718.885,0.079881,0.500512,1,time_limit,solomon_exact_1000_v1,,,,,,0.5,,100,,25,fb929496ff25d75a23a6c92e658e328e744854f9461343284195d63b3cc2e764,False,exchange_pair_single,bc958c8917d658214adf2f1fd600dcc1eb4cae2641dab8dc7e2acbd11b5ac873
C104,solomon_txt,fe333e81625ee5a75bb2ce98c2c9f356d07289237865b62a23ba2f32f0de5ee2,0,1,ok,True,10,1718246,1718.246,0.081924,0.500463,1,time_limit,solomon_exact_1000_v1,,,,,,0.5,,100,,25,fb929496ff25d75a23a6c92e658e328e744854f9461343284195d63b3cc2e764,False,exchange_pair_single,bc958c8917d658214adf2f1fd600dcc1eb4cae2641dab8dc7e2acbd11b5ac873
C104,solomon_txt,fe333e81625ee5a75bb2ce98c2c9f356d07289237865b62a23ba2f32f0de5ee2,1,1,ok,True,10,1716621,1716.621,0.082177,0.50048,1,time_limit,solomon_exact_1000_v1,,,,,,0.5,,100,,25,fb929496ff25d75a23a6c92e658e328e744854f9461343284195d63b3cc2e764,False,exchange_pair_single,bc958c8917d658214adf2f1fd600dcc1eb4cae2641dab8dc7e2acbd11b5ac873
C104,solomon_txt,fe333e81625ee5a75bb2ce98c2c9f356d07289237865b62a23ba2f32f0de5ee2,2,1,ok,True,10,1763650,1763.65,0.085201,0.500477,1,time_limit,solomon_exact_1000_v1,,,,,,0.5,,100,,25,fb929496ff25d75a23a6c92e658e328e744854f9461343284195d63b3cc2e764,False,exchange_pair_single,bc958c8917d658214adf2f1fd600dcc1eb4cae2641dab8dc7e2acbd11b5ac873
C105,solomon_txt,9a877a3a6fb922e7ad9297cc0308bc8a5652cb1495a0228ee6b81b2d938aa29f,0,1,ok,True,10,1099952,1099.952,0.068343,0.500529,1,time_limit,solomon_exact_1000_v1,,,,,,0.5,,100,,25,fb929496ff25d75a23a6c92e658e328e744854f9461343284195d63b3cc2e764,False,exchange_pair_single,bc958c8917d658214adf2f1fd600dcc1eb4cae2641dab8dc7e2acbd11b5ac873
C105,solomon_txt,9a877a3a6fb922e7ad9297cc0308bc8a5652cb1495a0228ee6b81b2d938aa29f,1,1,ok,True,10,961649,961.649,0.069554,0.500499,1,time_limit,solomon_exact_1000_v1,,,,,,0.5,,100,,25,fb929496ff25d75a23a6c92e658e328e744854f9461343284195d63b3cc2e764,False,exchange_pair_single,bc958c8917d658214adf2f1fd600dcc1eb4cae2641dab8dc7e2acbd11b5ac873
C105,solomon_txt,9a877a3a6fb922e7ad9297cc0308bc8a5652cb1495a0228ee6b81b2d938aa29f,2,1,ok,True,10,989499,989.499,0.067479,0.500514,1,time_limit,solomon_exact_1000_v1,,,,,,0.5,,100,,25,fb929496ff25d75a23a6c92e658e328e744854f9461343284195d63b3cc2e764,False,exchange_pair_single,bc958c8917d658214adf2f1fd600dcc1eb4cae2641dab8dc7e2acbd11b5ac873
C106,solomon_txt,ec9b419bed53e9c607cce76e8c6bc59feb6e4d17646905601f008a4141ec7b40,0,1,ok,True,10,1148581,1148.581,0.101877,0.500468,1,time_limit,solomon_exact_1000_v1,,,,,,0.5,,100,,25,fb929496ff25d75a23a6c92e658e328e744854f9461343284195d63b3cc2e764,False,exchange_pair_single,bc958c8917d658214adf2f1fd600dcc1eb4cae2641dab8dc7e2acbd11b5ac873
C106,solomon_txt,ec9b419bed53e9c607cce76e8c6bc59feb6e4d17646905601f008a4141ec7b40,1,1,ok,True,10,1018820,1018.82,0.071065,0.500479,1,time_limit,solomon_exact_1000_v1,,,,,,0.5,,100,,25,fb929496ff25d75a23a6c92e658e328e744854f9461343284195d63b3cc2e764,False,exchange_pair_single,bc958c8917d658214adf2f1fd600dcc1eb4cae2641dab8dc7e2acbd11b5ac873
C106,solomon_txt,ec9b419bed53e9c607cce76e8c6bc59feb6e4d17646905601f008a4141ec7b40,2,1,ok,True,10,1081917,1081.917,0.068162,0.500518,1,time_limit,solomon_exact_1000_v1,,,,,,0.5,,100,,25,fb929496ff25d75a23a6c92e658e328e744854f9461343284195d63b3cc2e764,False,exchange_pair_single,bc958c8917d658214adf2f1fd600dcc1eb4cae2641dab8dc7e2acbd11b5ac873
C107,solomon_txt,cb3cdc10d812fa17370eb52cb753b6b0574426dc6fabeb8b9076ed750ddf05ca,0,1,ok,True,10,1085067,1085.067,0.072057,0.500475,1,time_limit,solomon_exact_1000_v1,,,,,,0.5,,100,,25,fb929496ff25d75a23a6c92e658e328e744854f9461343284195d63b3cc2e764,False,exchange_pair_single,bc958c8917d658214adf2f1fd600dcc1eb4cae2641dab8dc7e2acbd11b5ac873
C107,solomon_txt,cb3cdc10d812fa17370eb52cb753b6b0574426dc6fabeb8b9076ed750ddf05ca,1,1,ok,True,10,1043317,1043.317,0.073462,0.500415,1,time_limit,solomon_exact_1000_v1,,,,,,0.5,,100,,25,fb929496ff25d75a23a6c92e658e328e744854f9461343284195d63b3cc2e764,False,exchange_pair_single,bc958c8917d658214adf2f1fd600dcc1eb4cae2641dab8dc7e2acbd11b5ac873
C107,solomon_txt,cb3cdc10d812fa17370eb52cb753b6b0574426dc6fabeb8b9076ed750ddf05ca,2,1,ok,True,10,1068659,1068.659,0.072422,0.500815,1,time_limit,solomon_exact_1000_v1,,,,,,0.5,,100,,25,fb929496ff25d75a23a6c92e658e328e744854f9461343284195d63b3cc2e764,False,exchange_pair_single,bc958c8917d658214adf2f1fd600dcc1eb4cae2641dab8dc7e2acbd11b5ac873
C108,solomon_txt,b8c7e48f292b66b283d8e71511e3a4eccaa4c4bc66b9313c399e73b0226f5953,0,1,ok,True,10,1385709,1385.709,0.070772,0.500406,1,time_limit,solomon_exact_1000_v1,,,,,,0.5,,100,,25,fb929496ff25d75a23a6c92e658e328e744854f9461343284195d63b3cc2e764,False,exchange_pair_single,bc958c8917d658214adf2f1fd600dcc1eb4cae2641dab8dc7e2acbd11b5ac873
C108,solomon_txt,b8c7e48f292b66b283d8e71511e3a4eccaa4c4bc66b9313c399e73b0226f5953,1,1,ok,True,10,1495570,1495.57,0.069174,0.500409,1,time_limit,solomon_exact_1000_v1,,,,,,0.5,,100,,25,fb929496ff25d75a23a6c92e658e328e744854f9461343284195d63b3cc2e764,False,exchange_pair_single,bc958c8917d658214adf2f1fd600dcc1eb4cae2641dab8dc7e2acbd11b5ac873
C108,solomon_txt,b8c7e48f292b66b283d8e71511e3a4eccaa4c4bc66b9313c399e73b0226f5953,2,1,ok,True,10,1293778,1293.778,0.068536,0.500455,2,time_limit,solomon_exact_1000_v1,,,,,,0.5,,100,,25,fb929496ff25d75a23a6c92e658e328e744854f9461343284195d63b3cc2e764,False,exchange_pair_single,bc958c8917d658214adf2f1fd600dcc1eb4cae2641dab8dc7e2acbd11b5ac873
C109,solomon_txt,72d8489e14bf1bb18456f0b21b01110506cbcc2354719dae8481b480150f142a,0,1,ok,True,10,1484067,1484.067,0.073517,0.500463,1,time_limit,solomon_exact_1000_v1,,,,,,0.5,,100,,25,fb929496ff25d75a23a6c92e658e328e744854f9461343284195d63b3cc2e764,False,exchange_pair_single,bc958c8917d658214adf2f1fd600dcc1eb4cae2641dab8dc7e2acbd11b5ac873
C109,solomon_txt,72d8489e14bf1bb18456f0b21b01110506cbcc2354719dae8481b480150f142a,1,1,ok,True,10,1506869,1506.869,0.076453,0.500456,1,time_limit,solomon_exact_1000_v1,,,,,,0.5,,100,,25,fb929496ff25d75a23a6c92e658e328e744854f9461343284195d63b3cc2e764,False,exchange_pair_single,bc958c8917d658214adf2f1fd600dcc1eb4cae2641dab8dc7e2acbd11b5ac873
C109,solomon_txt,72d8489e14bf1bb18456f0b21b01110506cbcc2354719dae8481b480150f142a,2,1,ok,True,10,1484067,1484.067,0.077032,0.500474,1,time_limit,solomon_exact_1000_v1,,,,,,0.5,,100,,25,fb929496ff25d75a23a6c92e658e328e744854f9461343284195d63b3cc2e764,False,exchange_pair_single,bc958c8917d658214adf2f1fd600dcc1eb4cae2641dab8dc7e2acbd11b5ac873
C201,solomon_txt,d8d9834087ae2326fa23a8510533060233dc9fb481873be60956eb26a880ad63,0,1,ok,True,3,702313,702.313,0.180474,0.500449,1,time_limit,solomon_exact_1000_v1,,,,,,0.5,,100,,25,fb929496ff25d75a23a6c92e658e328e744854f9461343284195d63b3cc2e764,False,exchange_pair_single,bc958c8917d658214adf2f1fd600dcc1eb4cae2641dab8dc7e2acbd11b5ac873
C201,solomon_txt,d8d9834087ae2326fa23a8510533060233dc9fb481873be60956eb26a880ad63,1,1,ok,True,3,702313,702.313,0.189631,0.500815,1,time_limit,solomon_exact_1000_v1,,,,,,0.5,,100,,25,fb929496ff25d75a23a6c92e658e328e744854f9461343284195d63b3cc2e764,False,exchange_pair_single,bc958c8917d658214adf2f1fd600dcc1eb4cae2641dab8dc7e2acbd11b5ac873
C201,solomon_txt,d8d9834087ae2326fa23a8510533060233dc9fb481873be60956eb26a880ad63,2,1,ok,True,3,702313,702.313,0.188211,0.500427,1,time_limit,solomon_exact_1000_v1,,,,,,0.5,,100,,25,fb929496ff25d75a23a6c92e658e328e744854f9461343284195d63b3cc2e764,False,exchange_pair_single,bc958c8917d658214adf2f1fd600dcc1eb4cae2641dab8dc7e2acbd11b5ac873
C202,solomon_txt,dfc8ecad79f6c7ffb096cd36994143569f0babe284d5ad194683271d81063772,0,1,ok,True,3,746236,746.236,0.171248,0.500432,1,time_limit,solomon_exact_1000_v1,,,,,,0.5,,100,,25,fb929496ff25d75a23a6c92e658e328e744854f9461343284195d63b3cc2e764,False,exchange_pair_single,bc958c8917d658214adf2f1fd600dcc1eb4cae2641dab8dc7e2acbd11b5ac873
C202,solomon_txt,dfc8ecad79f6c7ffb096cd36994143569f0babe284d5ad194683271d81063772,1,1,ok,True,3,746236,746.236,0.181422,0.500449,1,time_limit,solomon_exact_1000_v1,,,,,,0.5,,100,,25,fb929496ff25d75a23a6c92e658e328e744854f9461343284195d63b3cc2e764,False,exchange_pair_single,bc958c8917d658214adf2f1fd600dcc1eb4cae2641dab8dc7e2acbd11b5ac873
C202,solomon_txt,dfc8ecad79f6c7ffb096cd36994143569f0babe284d5ad194683271d81063772,2,1,ok,True,3,745233,745.233,0.172866,0.500389,1,time_limit,solomon_exact_1000_v1,,,,,,0.5,,100,,25,fb929496ff25d75a23a6c92e658e328e744854f9461343284195d63b3cc2e764,False,exchange_pair_single,bc958c8917d658214adf2f1fd600dcc1eb4cae2641dab8dc7e2acbd11b5ac873
C203,solomon_txt,2b79eea2962a848cb29f6153d4fb4ae725d35507686d937da6643b33fcd85062,0,1,ok,True,3,672340,672.34,0.16297,0.500435,1,time_limit,solomon_exact_1000_v1,,,,,,0.5,,100,,25,fb929496ff25d75a23a6c92e658e328e744854f9461343284195d63b3cc2e764,False,exchange_pair_single,bc958c8917d658214adf2f1fd600dcc1eb4cae2641dab8dc7e2acbd11b5ac873
C203,solomon_txt,2b79eea2962a848cb29f6153d4fb4ae725d35507686d937da6643b33fcd85062,1,1,ok,True,3,763671,763.671,0.169753,0.500439,1,time_limit,solomon_exact_1000_v1,,,,,,0.5,,100,,25,fb929496ff25d75a23a6c92e658e328e744854f9461343284195d63b3cc2e764,False,exchange_pair_single,bc958c8917d658214adf2f1fd600dcc1eb4cae2641dab8dc7e2acbd11b5ac873
C203,solomon_txt,2b79eea2962a848cb29f6153d4fb4ae725d35507686d937da6643b33fcd85062,2,1,ok,True,3,686424,686.424,0.171414,0.500447,1,time_limit,solomon_exact_1000_v1,,,,,,0.5,,100,,25,fb929496ff25d75a23a6c92e658e328e744854f9461343284195d63b3cc2e764,False,exchange_pair_single,bc958c8917d658214adf2f1fd600dcc1eb4cae2641dab8dc7e2acbd11b5ac873
C204,solomon_txt,4331b2744d34e32c2987e3fe8a82b782a2039d757d2aac818f7e0fd21117bfb4,0,1,ok,True,3,941449,941.449,0.178846,0.500441,1,time_limit,solomon_exact_1000_v1,,,,,,0.5,,100,,25,fb929496ff25d75a23a6c92e658e328e744854f9461343284195d63b3cc2e764,False,exchange_pair_single,bc958c8917d658214adf2f1fd600dcc1eb4cae2641dab8dc7e2acbd11b5ac873
C204,solomon_txt,4331b2744d34e32c2987e3fe8a82b782a2039d757d2aac818f7e0fd21117bfb4,1,1,ok,True,3,769862,769.862,0.193048,0.500468,1,time_limit,solomon_exact_1000_v1,,,,,,0.5,,100,,25,fb929496ff25d75a23a6c92e658e328e744854f9461343284195d63b3cc2e764,False,exchange_pair_single,bc958c8917d658214adf2f1fd600dcc1eb4cae2641dab8dc7e2acbd11b5ac873
C204,solomon_txt,4331b2744d34e32c2987e3fe8a82b782a2039d757d2aac818f7e0fd21117bfb4,2,1,ok,True,3,742912,742.912,0.183866,0.500444,1,time_limit,solomon_exact_1000_v1,,,,,,0.5,,100,,25,fb929496ff25d75a23a6c92e658e328e744854f9461343284195d63b3cc2e764,False,exchange_pair_single,bc958c8917d658214adf2f1fd600dcc1eb4cae2641dab8dc7e2acbd11b5ac873
C205,solomon_txt,15be2bb8c3e4ad99a79d1e7ee0472223feb95a4f423d010e032bda0a87266ca5,0,1,ok,True,3,776009,776.009,0.16315,0.500441,1,time_limit,solomon_exact_1000_v1,,,,,,0.5,,100,,25,fb929496ff25d75a23a6c92e658e328e744854f9461343284195d63b3cc2e764,False,exchange_pair_single,bc958c8917d658214adf2f1fd600dcc1eb4cae2641dab8dc7e2acbd11b5ac873
C205,solomon_txt,15be2bb8c3e4ad99a79d1e7ee0472223feb95a4f423d010e032bda0a87266ca5,1,1,ok,True,3,781733,781.733,0.167306,0.500426,1,time_limit,solomon_exact_1000_v1,,,,,,0.5,,100,,25,fb929496ff25d75a23a6c92e658e328e744854f9461343284195d63b3cc2e764,False,exchange_pair_single,bc958c8917d658214adf2f1fd600dcc1eb4cae2641dab8dc7e2acbd11b5ac873
C205,solomon_txt,15be2bb8c3e4ad99a79d1e7ee0472223feb95a4f423d010e032bda0a87266ca5,2,1,ok,True,3,682202,682.202,0.165365,0.500379,1,time_limit,solomon_exact_1000_v1,,,,,,0.5,,100,,25,fb929496ff25d75a23a6c92e658e328e744854f9461343284195d63b3cc2e764,False,exchange_pair_single,bc958c8917d658214adf2f1fd600dcc1eb4cae2641dab8dc7e2acbd11b5ac873
C206,solomon_txt,745b6c7042707ffbbfc4d681ee02a84431425f1dfb3c8aa85ecf003fec8f7e53,0,1,ok,True,3,658328,658.328,0.182063,0.500384,1,time_limit,solomon_exact_1000_v1,,,,,,0.5,,100,,25,fb929496ff25d75a23a6c92e658e328e744854f9461343284195d63b3cc2e764,False,exchange_pair_single,bc958c8917d658214adf2f1fd600dcc1eb4cae2641dab8dc7e2acbd11b5ac873
C206,solomon_txt,745b6c7042707ffbbfc4d681ee02a84431425f1dfb3c8aa85ecf003fec8f7e53,1,1,ok,True,3,944745,944.745,0.175083,0.500393,1,time_limit,solomon_exact_1000_v1,,,,,,0.5,,100,,25,fb929496ff25d75a23a6c92e658e328e744854f9461343284195d63b3cc2e764,False,exchange_pair_single,bc958c8917d658214adf2f1fd600dcc1eb4cae2641dab8dc7e2acbd11b5ac873
C206,solomon_txt,745b6c7042707ffbbfc4d681ee02a84431425f1dfb3c8aa85ecf003fec8f7e53,2,1,ok,True,3,700080,700.08,0.180326,0.500425,1,time_limit,solomon_exact_1000_v1,,,,,,0.5,,100,,25,fb929496ff25d75a23a6c92e658e328e744854f9461343284195d63b3cc2e764,False,exchange_pair_single,bc958c8917d658214adf2f1fd600dcc1eb4cae2641dab8dc7e2acbd11b5ac873
C207,solomon_txt,a33f03570a944c8a6d185fd6a173e66c68e67c399a4958b2d5b6d49533ace4a4,0,1,ok,True,3,913778,913.778,0.191693,0.500502,1,time_limit,solomon_exact_1000_v1,,,,,,0.5,,100,,25,fb929496ff25d75a23a6c92e658e328e744854f9461343284195d63b3cc2e764,False,exchange_pair_single,bc958c8917d658214adf2f1fd600dcc1eb4cae2641dab8dc7e2acbd11b5ac873
C207,solomon_txt,a33f03570a944c8a6d185fd6a173e66c68e67c399a4958b2d5b6d49533ace4a4,1,1,ok,True,3,843767,843.767,0.19588,0.500505,1,time_limit,solomon_exact_1000_v1,,,,,,0.5,,100,,25,fb929496ff25d75a23a6c92e658e328e744854f9461343284195d63b3cc2e764,False,exchange_pair_single,bc958c8917d658214adf2f1fd600dcc1eb4cae2641dab8dc7e2acbd11b5ac873
C207,solomon_txt,a33f03570a944c8a6d185fd6a173e66c68e67c399a4958b2d5b6d49533ace4a4,2,1,ok,True,3,675953,675.953,0.186701,0.500391,1,time_limit,solomon_exact_1000_v1,,,,,,0.5,,100,,25,fb929496ff25d75a23a6c92e658e328e744854f9461343284195d63b3cc2e764,False,exchange_pair_single,bc958c8917d658214adf2f1fd600dcc1eb4cae2641dab8dc7e2acbd11b5ac873
C208,solomon_txt,1c2f2381b8743680dbeb34322869cbf5a6cdd8c281f4bcffdb99b533e601874b,0,1,ok,True,4,957831,957.831,0.177722,0.500228,1,time_limit,solomon_exact_1000_v1,,,,,,0.5,,100,,25,fb929496ff25d75a23a6c92e658e328e744854f9461343284195d63b3cc2e764,False,exchange_pair_single,bc958c8917d658214adf2f1fd600dcc1eb4cae2641dab8dc7e2acbd11b5ac873
C208,solomon_txt,1c2f2381b8743680dbeb34322869cbf5a6cdd8c281f4bcffdb99b533e601874b,1,1,ok,True,4,957831,957.831,0.183164,0.500231,1,time_limit,solomon_exact_1000_v1,,,,,,0.5,,100,,25,fb929496ff25d75a23a6c92e658e328e744854f9461343284195d63b3cc2e764,False,exchange_pair_single,bc958c8917d658214adf2f1fd600dcc1eb4cae2641dab8dc7e2acbd11b5ac873
C208,solomon_txt,1c2f2381b8743680dbeb34322869cbf5a6cdd8c281f4bcffdb99b533e601874b,2,1,ok,True,3,671078,671.078,0.181766,0.500585,1,time_limit,solomon_exact_1000_v1,,,,,,0.5,,100,,25,fb929496ff25d75a23a6c92e658e328e744854f9461343284195d63b3cc2e764,False,exchange_pair_single,bc958c8917d658214adf2f1fd600dcc1eb4cae2641dab8dc7e2acbd11b5ac873
R101,solomon_txt,3f3655182bc0fe44ce5de65fdcd2ee2f9c7fb9ed055f923635151d9d6f76d3ed,0,1,ok,True,22,1911474,1911.474,0.051415,0.500478,1,time_limit,solomon_exact_1000_v1,,,,,,0.5,,100,,25,fb929496ff25d75a23a6c92e658e328e744854f9461343284195d63b3cc2e764,False,exchange_pair_single,bc958c8917d658214adf2f1fd600dcc1eb4cae2641dab8dc7e2acbd11b5ac873
R101,solomon_txt,3f3655182bc0fe44ce5de65fdcd2ee2f9c7fb9ed055f923635151d9d6f76d3ed,1,1,ok,True,21,1901501,1901.501,0.054594,0.500462,1,time_limit,solomon_exact_1000_v1,,,,,,0.5,,100,,25,fb929496ff25d75a23a6c92e658e328e744854f9461343284195d63b3cc2e764,False,exchange_pair_single,bc958c8917d658214adf2f1fd600dcc1eb4cae2641dab8dc7e2acbd11b5ac873
R101,solomon_txt,3f3655182bc0fe44ce5de65fdcd2ee2f9c7fb9ed055f923635151d9d6f76d3ed,2,1,ok,True,21,1846097,1846.097,0.053177,0.500469,1,time_limit,solomon_exact_1000_v1,,,,,,0.5,,100,,25,fb929496ff25d75a23a6c92e658e328e744854f9461343284195d63b3cc2e764,False,exchange_pair_single,bc958c8917d658214adf2f1fd600dcc1eb4cae2641dab8dc7e2acbd11b5ac873
R102,solomon_txt,eeb23171b7e4fbfc80bf000ca770329109900fbd7273fa8b9d1f95b7dfe683c3,0,1,ok,True,19,1639416,1639.416,0.057582,0.50049,1,time_limit,solomon_exact_1000_v1,,,,,,0.5,,100,,25,fb929496ff25d75a23a6c92e658e328e744854f9461343284195d63b3cc2e764,False,exchange_pair_single,bc958c8917d658214adf2f1fd600dcc1eb4cae2641dab8dc7e2acbd11b5ac873
R102,solomon_txt,eeb23171b7e4fbfc80bf000ca770329109900fbd7273fa8b9d1f95b7dfe683c3,1,1,ok,True,19,1683415,1683.415,0.055065,0.500433,1,time_limit,solomon_exact_1000_v1,,,,,,0.5,,100,,25,fb929496ff25d75a23a6c92e658e328e744854f9461343284195d63b3cc2e764,False,exchange_pair_single,bc958c8917d658214adf2f1fd600dcc1eb4cae2641dab8dc7e2acbd11b5ac873
R102,solomon_txt,eeb23171b7e4fbfc80bf000ca770329109900fbd7273fa8b9d1f95b7dfe683c3,2,1,ok,True,19,1604374,1604.374,0.057447,0.500439,1,time_limit,solomon_exact_1000_v1,,,,,,0.5,,100,,25,fb929496ff25d75a23a6c92e658e328e744854f9461343284195d63b3cc2e764,False,exchange_pair_single,bc958c8917d658214adf2f1fd600dcc1eb4cae2641dab8dc7e2acbd11b5ac873
R103,solomon_txt,1f833e8648ba39e0edc76754fb49e81777a7175cf7b084c3f60a12607bfb3991,0,1,ok,True,14,1545715,1545.715,0.063448,0.500457,1,time_limit,solomon_exact_1000_v1,,,,,,0.5,,100,,25,fb929496ff25d75a23a6c92e658e328e744854f9461343284195d63b3cc2e764,False,exchange_pair_single,bc958c8917d658214adf2f1fd600dcc1eb4cae2641dab8dc7e2acbd11b5ac873
R103,solomon_txt,1f833e8648ba39e0edc76754fb49e81777a7175cf7b084c3f60a12607bfb3991,1,1,ok,True,14,1545715,1545.715,0.064095,0.500484,1,time_limit,solomon_exact_1000_v1,,,,,,0.5,,100,,25,fb929496ff25d75a23a6c92e658e328e744854f9461343284195d63b3cc2e764,False,exchange_pair_single,bc958c8917d658214adf2f1fd600dcc1eb4cae2641dab8dc7e2acbd11b5ac873
R103,solomon_txt,1f833e8648ba39e0edc76754fb49e81777a7175cf7b084c3f60a12607bfb3991,2,1,ok,True,14,1542486,1542.486,0.067009,0.500458,1,time_limit,solomon_exact_1000_v1,,,,,,0.5,,100,,25,fb929496ff25d75a23a6c92e658e328e744854f9461343284195d63b3cc2e764,False,exchange_pair_single,bc958c8917d658214adf2f1fd600dcc1eb4cae2641dab8dc7e2acbd11b5ac873
R104,solomon_txt,dd087124311d91facd81736debbfc7d0f351d27942917e2d76cbafd01e6183b7,0,1,ok,True,11,1184423,1184.423,0.0729,0.500419,2,time_limit,solomon_exact_1000_v1,,,,,,0.5,,100,,25,fb929496ff25d75a23a6c92e658e328e744854f9461343284195d63b3cc2e764,False,exchange_pair_single,bc958c8917d658214adf2f1fd600dcc1eb4cae2641dab8dc7e2acbd11b5ac873
R104,solomon_txt,dd087124311d91facd81736debbfc7d0f351d27942917e2d76cbafd01e6183b7,1,1,ok,True,11,1211176,1211.176,0.074042,0.500445,1,time_limit,solomon_exact_1000_v1,,,,,,0.5,,100,,25,fb929496ff25d75a23a6c92e658e328e744854f9461343284195d63b3cc2e764,False,exchange_pair_single,bc958c8917d658214adf2f1fd600dcc1eb4cae2641dab8dc7e2acbd11b5ac873
R104,solomon_txt,dd087124311d91facd81736debbfc7d0f351d27942917e2d76cbafd01e6183b7,2,1,ok,True,11,1317362,1317.362,0.071709,0.500574,1,time_limit,solomon_exact_1000_v1,,,,,,0.5,,100,,25,fb929496ff25d75a23a6c92e658e328e744854f9461343284195d63b3cc2e764,False,exchange_pair_single,bc958c8917d658214adf2f1fd600dcc1eb4cae2641dab8dc7e2acbd11b5ac873
R105,solomon_txt,ff1a614f8458d6339b3f54d8e4ca2dcf0a35c96012f477f6a819ae481de85ca4,0,1,ok,True,16,1682938,1682.938,0.057808,0.500447,1,time_limit,solomon_exact_1000_v1,,,,,,0.5,,100,,25,fb929496ff25d75a23a6c92e658e328e744854f9461343284195d63b3cc2e764,False,exchange_pair_single,bc958c8917d658214adf2f1fd600dcc1eb4cae2641dab8dc7e2acbd11b5ac873
R105,solomon_txt,ff1a614f8458d6339b3f54d8e4ca2dcf0a35c96012f477f6a819ae481de85ca4,1,1,ok,True,17,1666261,1666.261,0.056384,0.50044,1,time_limit,solomon_exact_1000_v1,,,,,,0.5,,100,,25,fb929496ff25d75a23a6c92e658e328e744854f9461343284195d63b3cc2e764,False,exchange_pair_single,bc958c8917d658214adf2f1fd600dcc1eb4cae2641dab8dc7e2acbd11b5ac873
R105,solomon_txt,ff1a614f8458d6339b3f54d8e4ca2dcf0a35c96012f477f6a819ae481de85ca4,2,1,ok,True,16,1694139,1694.139,0.055768,0.500463,1,time_limit,solomon_exact_1000_v1,,,,,,0.5,,100,,25,fb929496ff25d75a23a6c92e658e328e744854f9461343284195d63b3cc2e764,False,exchange_pair_single,bc958c8917d658214adf2f1fd600dcc1eb4cae2641dab8dc7e2acbd11b5ac873
R106,solomon_txt,31b8783d177f0fbe1c84b8f085fbf28b1989a80e4c00f49f5654ebef99835e97,0,1,ok,True,14,1540595,1540.595,0.062062,0.500439,1,time_limit,solomon_exact_1000_v1,,,,,,0.5,,100,,25,fb929496ff25d75a23a6c92e658e328e744854f9461343284195d63b3cc2e764,False,exchange_pair_single,bc958c8917d658214adf2f1fd600dcc1eb4cae2641dab8dc7e2acbd11b5ac873
R106,solomon_txt,31b8783d177f0fbe1c84b8f085fbf28b1989a80e4c00f49f5654ebef99835e97,1,1,ok,True,14,1642440,1642.44,0.059806,0.500669,1,time_limit,solomon_exact_1000_v1,,,,,,0.5,,100,,25,fb929496ff25d75a23a6c92e658e328e744854f9461343284195d63b3cc2e764,False,exchange_pair_single,bc958c8917d658214adf2f1fd600dcc1eb4cae2641dab8dc7e2acbd11b5ac873
R106,solomon_txt,31b8783d177f0fbe1c84b8f085fbf28b1989a80e4c00f49f5654ebef99835e97,2,1,ok,True,14,1555391,1555.391,0.061889,0.500405,1,time_limit,solomon_exact_1000_v1,,,,,,0.5,,100,,25,fb929496ff25d75a23a6c92e658e328e744854f9461343284195d63b3cc2e764,False,exchange_pair_single,bc958c8917d658214adf2f1fd600dcc1eb4cae2641dab8dc7e2acbd11b5ac873
R107,solomon_txt,dba2b257a1d43d7c78d5e3a9f09091a2b125d3fbec78c0c8a1782add669a1275,0,1,ok,True,12,1282468,1282.468,0.069742,0.50042,1,time_limit,solomon_exact_1000_v1,,,,,,0.5,,100,,25,fb929496ff25d75a23a6c92e658e328e744854f9461343284195d63b3cc2e764,False,exchange_pair_single,bc958c8917d658214adf2f1fd600dcc1eb4cae2641dab8dc7e2acbd11b5ac873
R107,solomon_txt,dba2b257a1d43d7c78d5e3a9f09091a2b125d3fbec78c0c8a1782add669a1275,1,1,ok,True,12,1490176,1490.176,0.066851,0.500426,1,time_limit,solomon_exact_1000_v1,,,,,,0.5,,100,,25,fb929496ff25d75a23a6c92e658e328e744854f9461343284195d63b3cc2e764,False,exchange_pair_single,bc958c8917d658214adf2f1fd600dcc1eb4cae2641dab8dc7e2acbd11b5ac873
R107,solomon_txt,dba2b257a1d43d7c78d5e3a9f09091a2b125d3fbec78c0c8a1782add669a1275,2,1,ok,True,12,1486083,1486.083,0.06703,0.500535,1,time_limit,solomon_exact_1000_v1,,,,,,0.5,,100,,25,fb929496ff25d75a23a6c92e658e328e744854f9461343284195d63b3cc2e764,False,exchange_pair_single,bc958c8917d658214adf2f1fd600dcc1eb4cae2641dab8dc7e2acbd11b5ac873
R108,solomon_txt,65cae09f4099b7e70d2b723e0e3a30aa1494c75a367bb894a3fd13241ee639d4,0,1,ok,True,11,1308613,1308.613,0.074726,0.500425,1,time_limit,solomon_exact_1000_v1,,,,,,0.5,,100,,25,fb929496ff25d75a23a6c92e658e328e744854f9461343284195d63b3cc2e764,False,exchange_pair_single,bc958c8917d658214adf2f1fd600dcc1eb4cae2641dab8dc7e2acbd11b5ac873
R108,solomon_txt,65cae09f4099b7e70d2b723e0e3a30aa1494c75a367bb894a3fd13241ee639d4,1,1,ok,True,10,1128679,1128.679,0.071543,0.500451,1,time_limit,solomon_exact_1000_v1,,,,,,0.5,,100,,25,fb929496ff25d75a23a6c92e658e328e744854f9461343284195d63b3cc2e764,False,exchange_pair_single,bc958c8917d658214adf2f1fd600dcc1eb4cae2641dab8dc7e2acbd11b5ac873
R108,solomon_txt,65cae09f4099b7e70d2b723e0e3a30aa1494c75a367bb894a3fd13241ee639d4,2,1,ok,True,11,1356475,1356.475,0.071962,0.500438,1,time_limit,solomon_exact_1000_v1,,,,,,0.5,,100,,25,fb929496ff25d75a23a6c92e658e328e744854f9461343284195d63b3cc2e764,False,exchange_pair_single,bc958c8917d658214adf2f1fd600dcc1eb4cae2641dab8dc7e2acbd11b5ac873
R109,solomon_txt,4ef24030e8c48de5f85dcd90c5739186004fc8dec87533b6467013cf996f4777,0,1,ok,True,14,1489757,1489.757,0.057619,0.500646,1,time_limit,solomon_exact_1000_v1,,,,,,0.5,,100,,25,fb929496ff25d75a23a6c92e658e328e744854f9461343284195d63b3cc2e764,False,exchange_pair_single,bc958c8917d658214adf2f1fd600dcc1eb4cae2641dab8dc7e2acbd11b5ac873
R109,solomon_txt,4ef24030e8c48de5f85dcd90c5739186004fc8dec87533b6467013cf996f4777,1,1,ok,True,15,1603830,1603.83,0.057109,0.50042,1,time_limit,solomon_exact_1000_v1,,,,,,0.5,,100,,25,fb929496ff25d75a23a6c92e658e328e744854f9461343284195d63b3cc2e764,False,exchange_pair_single,bc958c8917d658214adf2f1fd600dcc1eb4cae2641dab8dc7e2acbd11b5ac873
R109,solomon_txt,4ef24030e8c48de5f85dcd90c5739186004fc8dec87533b6467013cf996f4777,2,1,ok,True,15,1618743,1618.743,0.060414,0.500468,1,time_limit,solomon_exact_1000_v1,,,,,,0.5,,100,,25,fb929496ff25d75a23a6c92e658e328e744854f9461343284195d63b3cc2e764,False,exchange_pair_single,bc958c8917d658214adf2f1fd600dcc1eb4cae2641dab8dc7e2acbd11b5ac873
R110,solomon_txt,14cb53cb99af61d3d708f07564b9a72d146e7c26b4f10507cfaf3bc828f34bfa,0,1,ok,True,13,1554036,1554.036,0.063001,0.500423,1,time_limit,solomon_exact_1000_v1,,,,,,0.5,,100,,25,fb929496ff25d75a23a6c92e658e328e744854f9461343284195d63b3cc2e764,False,exchange_pair_single,bc958c8917d658214adf2f1fd600dcc1eb4cae2641dab8dc7e2acbd11b5ac873
R110,solomon_txt,14cb53cb99af61d3d708f07564b9a72d146e7c26b4f10507cfaf3bc828f34bfa,1,1,ok,True,13,1518903,1518.903,0.069227,0.500444,1,time_limit,solomon_exact_1000_v1,,,,,,0.5,,100,,25,fb929496ff25d75a23a6c92e658e328e744854f9461343284195d63b3cc2e764,False,exchange_pair_single,bc958c8917d658214adf2f1fd600dcc1eb4cae2641dab8dc7e2acbd11b5ac873
R110,solomon_txt,14cb53cb99af61d3d708f07564b9a72d146e7c26b4f10507cfaf3bc828f34bfa,2,1,ok,True,13,1564762,1564.762,0.065038,0.500481,1,time_limit,solomon_exact_1000_v1,,,,,,0.5,,100,,25,fb929496ff25d75a23a6c92e658e328e744854f9461343284195d63b3cc2e764,False,exchange_pair_single,bc958c8917d658214adf2f1fd600dcc1eb4cae2641dab8dc7e2acbd11b5ac873
R111,solomon_txt,3d94a73b1f2fe8aae4618b9d9ea254cff2e3924a6a841aa390096ec6c60f258d,0,1,ok,True,12,1396328,1396.328,0.067119,0.500443,1,time_limit,solomon_exact_1000_v1,,,,,,0.5,,100,,25,fb929496ff25d75a23a6c92e658e328e744854f9461343284195d63b3cc2e764,False,exchange_pair_single,bc958c8917d658214adf2f1fd600dcc1eb4cae2641dab8dc7e2acbd11b5ac873
R111,solomon_txt,3d94a73b1f2fe8aae4618b9d9ea254cff2e3924a6a841aa390096ec6c60f258d,1,1,ok,True,12,1449603,1449.603,0.068004,0.500478,1,time_limit,solomon_exact_1000_v1,,,,,,0.5,,100,,25,fb929496ff25d75a23a6c92e658e328e744854f9461343284195d63b3cc2e764,False,exchange_pair_single,bc958c8917d658214adf2f1fd600dcc1eb4cae2641dab8dc7e2acbd11b5ac873
R111,solomon_txt,3d94a73b1f2fe8aae4618b9d9ea254cff2e3924a6a841aa390096ec6c60f258d,2,1,ok,True,12,1294942,1294.942,0.068295,0.500432,1,time_limit,solomon_exact_1000_v1,,,,,,0.5,,100,,25,fb929496ff25d75a23a6c92e658e328e744854f9461343284195d63b3cc2e764,False,exchange_pair_single,bc958c8917d658214adf2f1fd600dcc1eb4cae2641dab8dc7e2acbd11b5ac873
R112,solomon_txt,a0e93149d59d30c356619891d192e86d0f16c3158e1dac3bd9f23c6deb718271,0,1,ok,True,12,1457442,1457.442,0.069788,0.500473,1,time_limit,solomon_exact_1000_v1,,,,,,0.5,,100,,25,fb929496ff25d75a23a6c92e658e328e744854f9461343284195d63b3cc2e764,False,exchange_pair_single,bc958c8917d658214adf2f1fd600dcc1eb4cae2641dab8dc7e2acbd11b5ac873
R112,solomon_txt,a0e93149d59d30c356619891d192e86d0f16c3158e1dac3bd9f23c6deb718271,1,1,ok,True,13,1417159,1417.159,0.064373,0.500446,1,time_limit,solomon_exact_1000_v1,,,,,,0.5,,100,,25,fb929496ff25d75a23a6c92e658e328e744854f9461343284195d63b3cc2e764,False,exchange_pair_single,bc958c8917d658214adf2f1fd600dcc1eb4cae2641dab8dc7e2acbd11b5ac873
R112,solomon_txt,a0e93149d59d30c356619891d192e86d0f16c3158e1dac3bd9f23c6deb718271,2,1,ok,True,12,1345991,1345.991,0.064491,0.500444,1,time_limit,solomon_exact_1000_v1,,,,,,0.5,,100,,25,fb929496ff25d75a23a6c92e658e328e744854f9461343284195d63b3cc2e764,False,exchange_pair_single,bc958c8917d658214adf2f1fd600dcc1eb4cae2641dab8dc7e2acbd11b5ac873
R201,solomon_txt,0be960ec998fff2cab0bdbcc5194c617e5ca0a79c82c5b32b1d4bd98b2cae210,0,1,ok,True,5,1726658,1726.658,0.12955,0.500299,1,time_limit,solomon_exact_1000_v1,,,,,,0.5,,100,,25,fb929496ff25d75a23a6c92e658e328e744854f9461343284195d63b3cc2e764,False,exchange_pair_single,bc958c8917d658214adf2f1fd600dcc1eb4cae2641dab8dc7e2acbd11b5ac873
R201,solomon_txt,0be960ec998fff2cab0bdbcc5194c617e5ca0a79c82c5b32b1d4bd98b2cae210,1,1,ok,True,4,1665126,1665.126,0.130874,0.500444,1,time_limit,solomon_exact_1000_v1,,,,,,0.5,,100,,25,fb929496ff25d75a23a6c92e658e328e744854f9461343284195d63b3cc2e764,False,exchange_pair_single,bc958c8917d658214adf2f1fd600dcc1eb4cae2641dab8dc7e2acbd11b5ac873
R201,solomon_txt,0be960ec998fff2cab0bdbcc5194c617e5ca0a79c82c5b32b1d4bd98b2cae210,2,1,ok,True,4,1605282,1605.282,0.132481,0.500437,1,time_limit,solomon_exact_1000_v1,,,,,,0.5,,100,,25,fb929496ff25d75a23a6c92e658e328e744854f9461343284195d63b3cc2e764,False,exchange_pair_single,bc958c8917d658214adf2f1fd600dcc1eb4cae2641dab8dc7e2acbd11b5ac873
R202,solomon_txt,1f7761bb33e9dd0c94837b32c72280296ffc283dba997379c7ad75ce00dffc8d,0,1,ok,True,4,1622244,1622.244,0.158329,0.500258,1,time_limit,solomon_exact_1000_v1,,,,,,0.5,,100,,25,fb929496ff25d75a23a6c92e658e328e744854f9461343284195d63b3cc2e764,False,exchange_pair_single,bc958c8917d658214adf2f1fd600dcc1eb4cae2641dab8dc7e2acbd11b5ac873
R202,solomon_txt,1f7761bb33e9dd0c94837b32c72280296ffc283dba997379c7ad75ce00dffc8d,1,1,ok,True,4,1622244,1622.244,0.153337,0.500384,1,time_limit,solomon_exact_1000_v1,,,,,,0.5,,100,,25,fb929496ff25d75a23a6c92e658e328e744854f9461343284195d63b3cc2e764,False,exchange_pair_single,bc958c8917d658214adf2f1fd600dcc1eb4cae2641dab8dc7e2acbd11b5ac873
R202,solomon_txt,1f7761bb33e9dd0c94837b32c72280296ffc283dba997379c7ad75ce00dffc8d,2,1,ok,True,4,1622244,1622.244,0.156571,0.500489,1,time_limit,solomon_exact_1000_v1,,,,,,0.5,,100,,25,fb929496ff25d75a23a6c92e658e328e744854f9461343284195d63b3cc2e764,False,exchange_pair_single,bc958c8917d658214adf2f1fd600dcc1eb4cae2641dab8dc7e2acbd11b5ac873
R203,solomon_txt,38c484db31bd7452a94d533e26a2348ef598df600b79d061d9ddc1c61466a731,0,1,ok,True,3,1293066,1293.066,0.164404,0.500476,1,time_limit,solomon_exact_1000_v1,,,,,,0.5,,100,,25,fb929496ff25d75a23a6c92e658e328e744854f9461343284195d63b3cc2e764,False,exchange_pair_single,bc958c8917d658214adf2f1fd600dcc1eb4cae2641dab8dc7e2acbd11b5ac873
R203,solomon_txt,38c484db31bd7452a94d533e26a2348ef598df600b79d061d9ddc1c61466a731,1,1,ok,True,3,1291551,1291.551,0.176199,0.500411,1,time_limit,solomon_exact_1000_v1,,,,,,0.5,,100,,25,fb929496ff25d75a23a6c92e658e328e744854f9461343284195d63b3cc2e764,False,exchange_pair_single,bc958c8917d658214adf2f1fd600dcc1eb4cae2641dab8dc7e2acbd11b5ac873
R203,solomon_txt,38c484db31bd7452a94d533e26a2348ef598df600b79d061d9ddc1c61466a731,2,1,ok,True,3,1275696,1275.696,0.165091,0.500396,1,time_limit,solomon_exact_1000_v1,,,,,,0.5,,100,,25,fb929496ff25d75a23a6c92e658e328e744854f9461343284195d63b3cc2e764,False,exchange_pair_single,bc958c8917d658214adf2f1fd600dcc1eb4cae2641dab8dc7e2acbd11b5ac873
R204,solomon_txt,5349e37d8df99bcbee1efa2e970d2662b5265e5f82fc609343a6af0a60257abf,0,1,ok,True,3,1331038,1331.038,0.206015,0.500249,1,time_limit,solomon_exact_1000_v1,,,,,,0.5,,100,,25,fb929496ff25d75a23a6c92e658e328e744854f9461343284195d63b3cc2e764,False,exchange_pair_single,bc958c8917d658214adf2f1fd600dcc1eb4cae2641dab8dc7e2acbd11b5ac873
R204,solomon_txt,5349e37d8df99bcbee1efa2e970d2662b5265e5f82fc609343a6af0a60257abf,1,1,ok,True,3,1331038,1331.038,0.215867,0.500263,1,time_limit,solomon_exact_1000_v1,,,,,,0.5,,100,,25,fb929496ff25d75a23a6c92e658e328e744854f9461343284195d63b3cc2e764,False,exchange_pair_single,bc958c8917d658214adf2f1fd600dcc1eb4cae2641dab8dc7e2acbd11b5ac873
R204,solomon_txt,5349e37d8df99bcbee1efa2e970d2662b5265e5f82fc609343a6af0a60257abf,2,1,ok,True,3,1331038,1331.038,0.199984,0.500242,1,time_limit,solomon_exact_1000_v1,,,,,,0.5,,100,,25,fb929496ff25d75a23a6c92e658e328e744854f9461343284195d63b3cc2e764,False,exchange_pair_single,bc958c8917d658214adf2f1fd600dcc1eb4cae2641dab8dc7e2acbd11b5ac873
R205,solomon_txt,1996bf8f10716fb8cfc1a585206a6a6e566f32347c1bb8f36c75ed6c887f77e3,0,1,ok,True,3,1303717,1303.717,0.163358,0.500247,1,time_limit,solomon_exact_1000_v1,,,,,,0.5,,100,,25,fb929496ff25d75a23a6c92e658e328e744854f9461343284195d63b3cc2e764,False,exchange_pair_single,bc958c8917d658214adf2f1fd600dcc1eb4cae2641dab8dc7e2acbd11b5ac873
R205,solomon_txt,1996bf8f10716fb8cfc1a585206a6a6e566f32347c1bb8f36c75ed6c887f77e3,1,1,ok,True,4,1700248,1700.248,0.18098,0.500248,1,time_limit,solomon_exact_1000_v1,,,,,,0.5,,100,,25,fb929496ff25d75a23a6c92e658e328e744854f9461343284195d63b3cc2e764,False,exchange_pair_single,bc958c8917d658214adf2f1fd600dcc1eb4cae2641dab8dc7e2acbd11b5ac873
R205,solomon_txt,1996bf8f10716fb8cfc1a585206a6a6e566f32347c1bb8f36c75ed6c887f77e3,2,1,ok,True,3,1408809,1408.809,0.160139,0.500371,1,time_limit,solomon_exact_1000_v1,,,,,,0.5,,100,,25,fb929496ff25d75a23a6c92e658e328e744854f9461343284195d63b3cc2e764,False,exchange_pair_single,bc958c8917d658214adf2f1fd600dcc1eb4cae2641dab8dc7e2acbd11b5ac873
R206,solomon_txt,c8754a0319264d076c038b1bf023c8c4710e8895fe3e03f485e9ae249f32fe43,0,1,ok,True,3,1533607,1533.607,0.168184,0.500237,1,time_limit,solomon_exact_1000_v1,,,,,,0.5,,100,,25,fb929496ff25d75a23a6c92e658e328e744854f9461343284195d63b3cc2e764,False,exchange_pair_single,bc958c8917d658214adf2f1fd600dcc1eb4cae2641dab8dc7e2acbd11b5ac873
R206,solomon_txt,c8754a0319264d076c038b1bf023c8c4710e8895fe3e03f485e9ae249f32fe43,1,1,ok,True,3,1533607,1533.607,0.166529,0.500245,1,time_limit,solomon_exact_1000_v1,,,,,,0.5,,100,,25,fb929496ff25d75a23a6c92e658e328e744854f9461343284195d63b3cc2e764,False,exchange_pair_single,bc958c8917d658214adf2f1fd600dcc1eb4cae2641dab8dc7e2acbd11b5ac873
R206,solomon_txt,c8754a0319264d076c038b1bf023c8c4710e8895fe3e03f485e9ae249f32fe43,2,1,ok,True,3,1531545,1531.545,0.168256,0.50036,1,time_limit,solomon_exact_1000_v1,,,,,,0.5,,100,,25,fb929496ff25d75a23a6c92e658e328e744854f9461343284195d63b3cc2e764,False,exchange_pair_single,bc958c8917d658214adf2f1fd600dcc1eb4cae2641dab8dc7e2acbd11b5ac873
R207,solomon_txt,52dc8eebba43fdc67ca9aadab228b75a297acb55a87db3e4748e82f623e3cbe6,0,1,ok,True,3,1164515,1164.515,0.200689,0.50025,1,time_limit,solomon_exact_1000_v1,,,,,,0.5,,100,,25,fb929496ff25d75a23a6c92e658e328e744854f9461343284195d63b3cc2e764,False,exchange_pair_single,bc958c8917d658214adf2f1fd600dcc1eb4cae2641dab8dc7e2acbd11b5ac873
R207,solomon_txt,52dc8eebba43fdc67ca9aadab228b75a297acb55a87db3e4748e82f623e3cbe6,1,1,ok,True,3,1102590,1102.59,0.200017,0.50025,1,time_limit,solomon_exact_1000_v1,,,,,,0.5,,100,,25,fb929496ff25d75a23a6c92e658e328e744854f9461343284195d63b3cc2e764,False,exchange_pair_single,bc958c8917d658214adf2f1fd600dcc1eb4cae2641dab8dc7e2acbd11b5ac873
R207,solomon_txt,52dc8eebba43fdc67ca9aadab228b75a297acb55a87db3e4748e82f623e3cbe6,2,1,ok,True,3,1035524,1035.524,0.203907,0.500366,1,time_limit,solomon_exact_1000_v1,,,,,,0.5,,100,,25,fb929496ff25d75a23a6c92e658e328e744854f9461343284195d63b3cc2e764,False,exchange_pair_single,bc958c8917d658214adf2f1fd600dcc1eb4cae2641dab8dc7e2acbd11b5ac873
R208,solomon_txt,7b4a95d500af9329dd08791d39898a619faec0f8fac039d57373e761545b980d,0,1,ok,True,3,957965,957.965,0.217727,0.500373,1,time_limit,solomon_exact_1000_v1,,,,,,0.5,,100,,25,fb929496ff25d75a23a6c92e658e328e744854f9461343284195d63b3cc2e764,False,exchange_pair_single,bc958c8917d658214adf2f1fd600dcc1eb4cae2641dab8dc7e2acbd11b5ac873
R208,solomon_txt,7b4a95d500af9329dd08791d39898a619faec0f8fac039d57373e761545b980d,1,1,ok,True,3,957965,957.965,0.221436,0.500257,1,time_limit,solomon_exact_1000_v1,,,,,,0.5,,100,,25,fb929496ff25d75a23a6c92e658e328e744854f9461343284195d63b3cc2e764,False,exchange_pair_single,bc958c8917d658214adf2f1fd600dcc1eb4cae2641dab8dc7e2acbd11b5ac873
R208,solomon_txt,7b4a95d500af9329dd08791d39898a619faec0f8fac039d57373e761545b980d,2,1,ok,True,3,957965,957.965,0.243088,0.50028,1,time_limit,solomon_exact_1000_v1,,,,,,0.5,,100,,25,fb929496ff25d75a23a6c92e658e328e744854f9461343284195d63b3cc2e764,False,exchange_pair_single,bc958c8917d658214adf2f1fd600dcc1eb4cae2641dab8dc7e2acbd11b5ac873
R209,solomon_txt,5b74156d032babcff853ccc693f94463eca8333cd425aa99a39ed996f6258933,0,1,ok,True,3,1278206,1278.206,0.154616,0.500576,1,time_limit,solomon_exact_1000_v1,,,,,,0.5,,100,,25,fb929496ff25d75a23a6c92e658e328e744854f9461343284195d63b3cc2e764,False,exchange_pair_single,bc958c8917d658214adf2f1fd600dcc1eb4cae2641dab8dc7e2acbd11b5ac873
R209,solomon_txt,5b74156d032babcff853ccc693f94463eca8333cd425aa99a39ed996f6258933,1,1,ok,True,3,1303297,1303.297,0.15937,0.500268,1,time_limit,solomon_exact_1000_v1,,,,,,0.5,,100,,25,fb929496ff25d75a23a6c92e658e328e744854f9461343284195d63b3cc2e764,False,exchange_pair_single,bc958c8917d658214adf2f1fd600dcc1eb4cae2641dab8dc7e2acbd11b5ac873
R209,solomon_txt,5b74156d032babcff853ccc693f94463eca8333cd425aa99a39ed996f6258933,2,1,ok,True,3,1387395,1387.395,0.156668,0.500391,1,time_limit,solomon_exact_1000_v1,,,,,,0.5,,100,,25,fb929496ff25d75a23a6c92e658e328e744854f9461343284195d63b3cc2e764,False,exchange_pair_single,bc958c8917d658214adf2f1fd600dcc1eb4cae2641dab8dc7e2acbd11b5ac873
R210,solomon_txt,4e5772f109fb6183e6a648d6a1edaba3435438c2dc11c42da370fecf7bdf3a14,0,1,ok,True,3,1423941,1423.941,0.177306,0.50044,1,time_limit,solomon_exact_1000_v1,,,,,,0.5,,100,,25,fb929496ff25d75a23a6c92e658e328e744854f9461343284195d63b3cc2e764,False,exchange_pair_single,bc958c8917d658214adf2f1fd600dcc1eb4cae2641dab8dc7e2acbd11b5ac873
R210,solomon_txt,4e5772f109fb6183e6a648d6a1edaba3435438c2dc11c42da370fecf7bdf3a14,1,1,ok,True,3,1428416,1428.416,0.202178,0.500832,1,time_limit,solomon_exact_1000_v1,,,,,,0.5,,100,,25,fb929496ff25d75a23a6c92e658e328e744854f9461343284195d63b3cc2e764,False,exchange_pair_single,bc958c8917d658214adf2f1fd600dcc1eb4cae2641dab8dc7e2acbd11b5ac873
R210,solomon_txt,4e5772f109fb6183e6a648d6a1edaba3435438c2dc11c42da370fecf7bdf3a14,2,1,ok,True,3,1419224,1419.224,0.177311,0.500456,1,time_limit,solomon_exact_1000_v1,,,,,,0.5,,100,,25,fb929496ff25d75a23a6c92e658e328e744854f9461343284195d63b3cc2e764,False,exchange_pair_single,bc958c8917d658214adf2f1fd600dcc1eb4cae2641dab8dc7e2acbd11b5ac873
R211,solomon_txt,2965507e467a2f92acd59035975910e36ae11e4f49590d4c7d20a883939227ad,0,1,ok,True,3,1516434,1516.434,0.260271,0.500483,1,time_limit,solomon_exact_1000_v1,,,,,,0.5,,100,,25,fb929496ff25d75a23a6c92e658e328e744854f9461343284195d63b3cc2e764,False,exchange_pair_single,bc958c8917d658214adf2f1fd600dcc1eb4cae2641dab8dc7e2acbd11b5ac873
R211,solomon_txt,2965507e467a2f92acd59035975910e36ae11e4f49590d4c7d20a883939227ad,1,1,ok,True,3,1516434,1516.434,0.189129,0.50024,1,time_limit,solomon_exact_1000_v1,,,,,,0.5,,100,,25,fb929496ff25d75a23a6c92e658e328e744854f9461343284195d63b3cc2e764,False,exchange_pair_single,bc958c8917d658214adf2f1fd600dcc1eb4cae2641dab8dc7e2acbd11b5ac873
R211,solomon_txt,2965507e467a2f92acd59035975910e36ae11e4f49590d4c7d20a883939227ad,2,1,ok,True,3,1506201,1506.201,0.184697,0.500397,1,time_limit,solomon_exact_1000_v1,,,,,,0.5,,100,,25,fb929496ff25d75a23a6c92e658e328e744854f9461343284195d63b3cc2e764,False,exchange_pair_single,bc958c8917d658214adf2f1fd600dcc1eb4cae2641dab8dc7e2acbd11b5ac873
RC101,solomon_txt,ef6893ffd9746ad96de8e4da6e64e2c4ba6e08a1c7eb9457276a9f1caf01ca12,0,1,ok,True,17,2197881,2197.881,0.069343,0.500476,2,time_limit,solomon_exact_1000_v1,,,,,,0.5,,100,,25,fb929496ff25d75a23a6c92e658e328e744854f9461343284195d63b3cc2e764,False,exchange_pair_single,bc958c8917d658214adf2f1fd600dcc1eb4cae2641dab8dc7e2acbd11b5ac873
RC101,solomon_txt,ef6893ffd9746ad96de8e4da6e64e2c4ba6e08a1c7eb9457276a9f1caf01ca12,1,1,ok,True,18,2056098,2056.098,0.060843,0.500714,1,time_limit,solomon_exact_1000_v1,,,,,,0.5,,100,,25,fb929496ff25d75a23a6c92e658e328e744854f9461343284195d63b3cc2e764,False,exchange_pair_single,bc958c8917d658214adf2f1fd600dcc1eb4cae2641dab8dc7e2acbd11b5ac873
RC101,solomon_txt,ef6893ffd9746ad96de8e4da6e64e2c4ba6e08a1c7eb9457276a9f1caf01ca12,2,1,ok,True,18,1979789,1979.789,0.059067,0.500427,1,time_limit,solomon_exact_1000_v1,,,,,,0.5,,100,,25,fb929496ff25d75a23a6c92e658e328e744854f9461343284195d63b3cc2e764,False,exchange_pair_single,bc958c8917d658214adf2f1fd600dcc1eb4cae2641dab8dc7e2acbd11b5ac873
RC102,solomon_txt,36acd349d34a577c7fadd61f78517c2cb74bd06a490273800c288f341e5785a4,0,1,ok,True,15,1755362,1755.362,0.068381,0.500448,2,time_limit,solomon_exact_1000_v1,,,,,,0.5,,100,,25,fb929496ff25d75a23a6c92e658e328e744854f9461343284195d63b3cc2e764,False,exchange_pair_single,bc958c8917d658214adf2f1fd600dcc1eb4cae2641dab8dc7e2acbd11b5ac873
RC102,solomon_txt,36acd349d34a577c7fadd61f78517c2cb74bd06a490273800c288f341e5785a4,1,1,ok,True,15,1834933,1834.933,0.062733,0.500535,1,time_limit,solomon_exact_1000_v1,,,,,,0.5,,100,,25,fb929496ff25d75a23a6c92e658e328e744854f9461343284195d63b3cc2e764,False,exchange_pair_single,bc958c8917d658214adf2f1fd600dcc1eb4cae2641dab8dc7e2acbd11b5ac873
RC102,solomon_txt,36acd349d34a577c7fadd61f78517c2cb74bd06a490273800c288f341e5785a4,2,1,ok,True,16,1812496,1812.496,0.062957,0.500456,1,time_limit,solomon_exact_1000_v1,,,,,,0.5,,100,,25,fb929496ff25d75a23a6c92e658e328e744854f9461343284195d63b3cc2e764,False,exchange_pair_single,bc958c8917d658214adf2f1fd600dcc1eb4cae2641dab8dc7e2acbd11b5ac873
RC103,solomon_txt,00f384138274d5d2bff5c41601db17cc4ad0cfc6315c27e223d4477bf435cc2d,0,1,ok,True,12,1725563,1725.563,0.066638,0.500435,1,time_limit,solomon_exact_1000_v1,,,,,,0.5,,100,,25,fb929496ff25d75a23a6c92e658e328e744854f9461343284195d63b3cc2e764,False,exchange_pair_single,bc958c8917d658214adf2f1fd600dcc1eb4cae2641dab8dc7e2acbd11b5ac873
RC103,solomon_txt,00f384138274d5d2bff5c41601db17cc4ad0cfc6315c27e223d4477bf435cc2d,1,1,ok,True,12,1703532,1703.532,0.067512,0.500498,1,time_limit,solomon_exact_1000_v1,,,,,,0.5,,100,,25,fb929496ff25d75a23a6c92e658e328e744854f9461343284195d63b3cc2e764,False,exchange_pair_single,bc958c8917d658214adf2f1fd600dcc1eb4cae2641dab8dc7e2acbd11b5ac873
RC103,solomon_txt,00f384138274d5d2bff5c41601db17cc4ad0cfc6315c27e223d4477bf435cc2d,2,1,ok,True,13,1922550,1922.55,0.072559,0.500486,1,time_limit,solomon_exact_1000_v1,,,,,,0.5,,100,,25,fb929496ff25d75a23a6c92e658e328e744854f9461343284195d63b3cc2e764,False,exchange_pair_single,bc958c8917d658214adf2f1fd600dcc1eb4cae2641dab8dc7e2acbd11b5ac873
RC104,solomon_txt,d150b2d61049a488fb89a2320c197d81a7ef9a1864abbbaea1d13a2b451253ee,0,1,ok,True,12,1607831,1607.831,0.07002,0.500452,1,time_limit,solomon_exact_1000_v1,,,,,,0.5,,100,,25,fb929496ff25d75a23a6c92e658e328e744854f9461343284195d63b3cc2e764,False,exchange_pair_single,bc958c8917d658214adf2f1fd600dcc1eb4cae2641dab8dc7e2acbd11b5ac873
RC104,solomon_txt,d150b2d61049a488fb89a2320c197d81a7ef9a1864abbbaea1d13a2b451253ee,1,1,ok,True,12,1620614,1620.614,0.068574,0.500495,1,time_limit,solomon_exact_1000_v1,,,,,,0.5,,100,,25,fb929496ff25d75a23a6c92e658e328e744854f9461343284195d63b3cc2e764,False,exchange_pair_single,bc958c8917d658214adf2f1fd600dcc1eb4cae2641dab8dc7e2acbd11b5ac873
RC104,solomon_txt,d150b2d61049a488fb89a2320c197d81a7ef9a1864abbbaea1d13a2b451253ee,2,1,ok,True,11,1467229,1467.229,0.069821,0.500419,1,time_limit,solomon_exact_1000_v1,,,,,,0.5,,100,,25,fb929496ff25d75a23a6c92e658e328e744854f9461343284195d63b3cc2e764,False,exchange_pair_single,bc958c8917d658214adf2f1fd600dcc1eb4cae2641dab8dc7e2acbd11b5ac873
RC105,solomon_txt,b9e912625c1ed80d2f565e0799ade2f4b17bf4f95056322ca23f1a21b37e7a49,0,1,ok,True,16,1911643,1911.643,0.061133,0.500529,1,time_limit,solomon_exact_1000_v1,,,,,,0.5,,100,,25,fb929496ff25d75a23a6c92e658e328e744854f9461343284195d63b3cc2e764,False,exchange_pair_single,bc958c8917d658214adf2f1fd600dcc1eb4cae2641dab8dc7e2acbd11b5ac873
RC105,solomon_txt,b9e912625c1ed80d2f565e0799ade2f4b17bf4f95056322ca23f1a21b37e7a49,1,1,ok,True,16,2089506,2089.506,0.058036,0.500455,1,time_limit,solomon_exact_1000_v1,,,,,,0.5,,100,,25,fb929496ff25d75a23a6c92e658e328e744854f9461343284195d63b3cc2e764,False,exchange_pair_single,bc958c8917d658214adf2f1fd600dcc1eb4cae2641dab8dc7e2acbd11b5ac873
RC105,solomon_txt,b9e912625c1ed80d2f565e0799ade2f4b17bf4f95056322ca23f1a21b37e7a49,2,1,ok,True,16,1886996,1886.996,0.060807,0.500492,1,time_limit,solomon_exact_1000_v1,,,,,,0.5,,100,,25,fb929496ff25d75a23a6c92e658e328e744854f9461343284195d63b3cc2e764,False,exchange_pair_single,bc958c8917d658214adf2f1fd600dcc1eb4cae2641dab8dc7e2acbd11b5ac873
RC106,solomon_txt,bf016ffc567af2d108570357daf1d0cabb7f680c0bd977d2e4366787683fdbaf,0,1,ok,True,15,2116512,2116.512,0.060429,0.500632,1,time_limit,solomon_exact_1000_v1,,,,,,0.5,,100,,25,fb929496ff25d75a23a6c92e658e328e744854f9461343284195d63b3cc2e764,False,exchange_pair_single,bc958c8917d658214adf2f1fd600dcc1eb4cae2641dab8dc7e2acbd11b5ac873
RC106,solomon_txt,bf016ffc567af2d108570357daf1d0cabb7f680c0bd977d2e4366787683fdbaf,1,1,ok,True,15,1911418,1911.418,0.05742,0.50044,1,time_limit,solomon_exact_1000_v1,,,,,,0.5,,100,,25,fb929496ff25d75a23a6c92e658e328e744854f9461343284195d63b3cc2e764,False,exchange_pair_single,bc958c8917d658214adf2f1fd600dcc1eb4cae2641dab8dc7e2acbd11b5ac873
RC106,solomon_txt,bf016ffc567af2d108570357daf1d0cabb7f680c0bd977d2e4366787683fdbaf,2,1,ok,True,15,1973738,1973.738,0.05859,0.500483,1,time_limit,solomon_exact_1000_v1,,,,,,0.5,,100,,25,fb929496ff25d75a23a6c92e658e328e744854f9461343284195d63b3cc2e764,False,exchange_pair_single,bc958c8917d658214adf2f1fd600dcc1eb4cae2641dab8dc7e2acbd11b5ac873
RC107,solomon_txt,fff3fd68d110671ed442575f07cc547291586f30b00c5f73934d521d31311582,0,1,ok,True,14,1708249,1708.249,0.063233,0.500472,1,time_limit,solomon_exact_1000_v1,,,,,,0.5,,100,,25,fb929496ff25d75a23a6c92e658e328e744854f9461343284195d63b3cc2e764,False,exchange_pair_single,bc958c8917d658214adf2f1fd600dcc1eb4cae2641dab8dc7e2acbd11b5ac873
RC107,solomon_txt,fff3fd68d110671ed442575f07cc547291586f30b00c5f73934d521d31311582,1,1,ok,True,14,1781373,1781.373,0.063184,0.500488,1,time_limit,solomon_exact_1000_v1,,,,,,0.5,,100,,25,fb929496ff25d75a23a6c92e658e328e744854f9461343284195d63b3cc2e764,False,exchange_pair_single,bc958c8917d658214adf2f1fd600dcc1eb4cae2641dab8dc7e2acbd11b5ac873
RC107,solomon_txt,fff3fd68d110671ed442575f07cc547291586f30b00c5f73934d521d31311582,2,1,ok,True,14,1915870,1915.87,0.06155,0.500524,1,time_limit,solomon_exact_1000_v1,,,,,,0.5,,100,,25,fb929496ff25d75a23a6c92e658e328e744854f9461343284195d63b3cc2e764,False,exchange_pair_single,bc958c8917d658214adf2f1fd600dcc1eb4cae2641dab8dc7e2acbd11b5ac873
RC108,solomon_txt,006bc8817bf09f9a8c66af8d6f088bdec239b2eb435556e9d11193cf456f7aeb,0,1,ok,True,14,1949385,1949.385,0.063766,0.500493,1,time_limit,solomon_exact_1000_v1,,,,,,0.5,,100,,25,fb929496ff25d75a23a6c92e658e328e744854f9461343284195d63b3cc2e764,False,exchange_pair_single,bc958c8917d658214adf2f1fd600dcc1eb4cae2641dab8dc7e2acbd11b5ac873
RC108,solomon_txt,006bc8817bf09f9a8c66af8d6f088bdec239b2eb435556e9d11193cf456f7aeb,1,1,ok,True,14,1678822,1678.822,0.065897,0.500453,1,time_limit,solomon_exact_1000_v1,,,,,,0.5,,100,,25,fb929496ff25d75a23a6c92e658e328e744854f9461343284195d63b3cc2e764,False,exchange_pair_single,bc958c8917d658214adf2f1fd600dcc1eb4cae2641dab8dc7e2acbd11b5ac873
RC108,solomon_txt,006bc8817bf09f9a8c66af8d6f088bdec239b2eb435556e9d11193cf456f7aeb,2,1,ok,True,14,1701297,1701.297,0.065783,0.500494,1,time_limit,solomon_exact_1000_v1,,,,,,0.5,,100,,25,fb929496ff25d75a23a6c92e658e328e744854f9461343284195d63b3cc2e764,False,exchange_pair_single,bc958c8917d658214adf2f1fd600dcc1eb4cae2641dab8dc7e2acbd11b5ac873
RC201,solomon_txt,288836e2d8c2ace83ebbff77e03ac8cdffc574fc134cade21ef92713f8c52d44,0,1,ok,True,5,2429811,2429.811,0.129257,0.500255,1,time_limit,solomon_exact_1000_v1,,,,,,0.5,,100,,25,fb929496ff25d75a23a6c92e658e328e744854f9461343284195d63b3cc2e764,False,exchange_pair_single,bc958c8917d658214adf2f1fd600dcc1eb4cae2641dab8dc7e2acbd11b5ac873
RC201,solomon_txt,288836e2d8c2ace83ebbff77e03ac8cdffc574fc134cade21ef92713f8c52d44,1,1,ok,True,5,2387121,2387.121,0.12999,0.500374,1,time_limit,solomon_exact_1000_v1,,,,,,0.5,,100,,25,fb929496ff25d75a23a6c92e658e328e744854f9461343284195d63b3cc2e764,False,exchange_pair_single,bc958c8917d658214adf2f1fd600dcc1eb4cae2641dab8dc7e2acbd11b5ac873
RC201,solomon_txt,288836e2d8c2ace83ebbff77e03ac8cdffc574fc134cade21ef92713f8c52d44,2,1,ok,True,5,2375539,2375.539,0.13342,0.500431,1,time_limit,solomon_exact_1000_v1,,,,,,0.5,,100,,25,fb929496ff25d75a23a6c92e658e328e744854f9461343284195d63b3cc2e764,False,exchange_pair_single,bc958c8917d658214adf2f1fd600dcc1eb4cae2641dab8dc7e2acbd11b5ac873
RC202,solomon_txt,5a1dee2017ab0ca4fe280b392678c96e8b5bc71f22d02c8058fbde7c4cfebcf4,0,1,ok,True,4,1920411,1920.411,0.124279,0.500241,1,time_limit,solomon_exact_1000_v1,,,,,,0.5,,100,,25,fb929496ff25d75a23a6c92e658e328e744854f9461343284195d63b3cc2e764,False,exchange_pair_single,bc958c8917d658214adf2f1fd600dcc1eb4cae2641dab8dc7e2acbd11b5ac873
RC202,solomon_txt,5a1dee2017ab0ca4fe280b392678c96e8b5bc71f22d02c8058fbde7c4cfebcf4,1,1,ok,True,4,1818035,1818.035,0.118865,0.50043,1,time_limit,solomon_exact_1000_v1,,,,,,0.5,,100,,25,fb929496ff25d75a23a6c92e658e328e744854f9461343284195d63b3cc2e764,False,exchange_pair_single,bc958c8917d658214adf2f1fd600dcc1eb4cae2641dab8dc7e2acbd11b5ac873
RC202,solomon_txt,5a1dee2017ab0ca4fe280b392678c96e8b5bc71f22d02c8058fbde7c4cfebcf4,2,1,ok,True,4,1581624,1581.624,0.123012,0.500629,1,time_limit,solomon_exact_1000_v1,,,,,,0.5,,100,,25,fb929496ff25d75a23a6c92e658e328e744854f9461343284195d63b3cc2e764,False,exchange_pair_single,bc958c8917d658214adf2f1fd600dcc1eb4cae2641dab8dc7e2acbd11b5ac873
RC203,solomon_txt,4adcb362c23df91f14b828d4964e9383ffb02ee74217afc2d84571f83ed91f8b,0,1,ok,True,3,1400007,1400.007,0.130514,0.500221,1,time_limit,solomon_exact_1000_v1,,,,,,0.5,,100,,25,fb929496ff25d75a23a6c92e658e328e744854f9461343284195d63b3cc2e764,False,exchange_pair_single,bc958c8917d658214adf2f1fd600dcc1eb4cae2641dab8dc7e2acbd11b5ac873
RC203,solomon_txt,4adcb362c23df91f14b828d4964e9383ffb02ee74217afc2d84571f83ed91f8b,1,1,ok,True,3,1545417,1545.417,0.13392,0.500267,1,time_limit,solomon_exact_1000_v1,,,,,,0.5,,100,,25,fb929496ff25d75a23a6c92e658e328e744854f9461343284195d63b3cc2e764,False,exchange_pair_single,bc958c8917d658214adf2f1fd600dcc1eb4cae2641dab8dc7e2acbd11b5ac873
RC203,solomon_txt,4adcb362c23df91f14b828d4964e9383ffb02ee74217afc2d84571f83ed91f8b,2,1,ok,True,3,1516613,1516.613,0.125894,0.500281,2,time_limit,solomon_exact_1000_v1,,,,,,0.5,,100,,25,fb929496ff25d75a23a6c92e658e328e744854f9461343284195d63b3cc2e764,False,exchange_pair_single,bc958c8917d658214adf2f1fd600dcc1eb4cae2641dab8dc7e2acbd11b5ac873
RC204,solomon_txt,11e827eab51a959ebab66344e7b7cfd1aeed895287653b36a72c86a4440ecd77,0,1,ok,True,3,1500593,1500.593,0.192484,0.500239,1,time_limit,solomon_exact_1000_v1,,,,,,0.5,,100,,25,fb929496ff25d75a23a6c92e658e328e744854f9461343284195d63b3cc2e764,False,exchange_pair_single,bc958c8917d658214adf2f1fd600dcc1eb4cae2641dab8dc7e2acbd11b5ac873
RC204,solomon_txt,11e827eab51a959ebab66344e7b7cfd1aeed895287653b36a72c86a4440ecd77,1,1,ok,True,3,1500593,1500.593,0.192199,0.500269,1,time_limit,solomon_exact_1000_v1,,,,,,0.5,,100,,25,fb929496ff25d75a23a6c92e658e328e744854f9461343284195d63b3cc2e764,False,exchange_pair_single,bc958c8917d658214adf2f1fd600dcc1eb4cae2641dab8dc7e2acbd11b5ac873
RC204,solomon_txt,11e827eab51a959ebab66344e7b7cfd1aeed895287653b36a72c86a4440ecd77,2,1,ok,True,3,1500132,1500.132,0.194578,0.500376,1,time_limit,solomon_exact_1000_v1,,,,,,0.5,,100,,25,fb929496ff25d75a23a6c92e658e328e744854f9461343284195d63b3cc2e764,False,exchange_pair_single,bc958c8917d658214adf2f1fd600dcc1eb4cae2641dab8dc7e2acbd11b5ac873
RC205,solomon_txt,c061d306cf42310b0f3ca15612089f6c5a8d5604c0733bf26852477c787662c9,0,1,ok,True,4,1959415,1959.415,0.140881,0.50026,1,time_limit,solomon_exact_1000_v1,,,,,,0.5,,100,,25,fb929496ff25d75a23a6c92e658e328e744854f9461343284195d63b3cc2e764,False,exchange_pair_single,bc958c8917d658214adf2f1fd600dcc1eb4cae2641dab8dc7e2acbd11b5ac873
RC205,solomon_txt,c061d306cf42310b0f3ca15612089f6c5a8d5604c0733bf26852477c787662c9,1,1,ok,True,4,1744421,1744.421,0.137152,0.500427,1,time_limit,solomon_exact_1000_v1,,,,,,0.5,,100,,25,fb929496ff25d75a23a6c92e658e328e744854f9461343284195d63b3cc2e764,False,exchange_pair_single,bc958c8917d658214adf2f1fd600dcc1eb4cae2641dab8dc7e2acbd11b5ac873
RC205,solomon_txt,c061d306cf42310b0f3ca15612089f6c5a8d5604c0733bf26852477c787662c9,2,1,ok,True,4,1689765,1689.765,0.145077,0.500384,1,time_limit,solomon_exact_1000_v1,,,,,,0.5,,100,,25,fb929496ff25d75a23a6c92e658e328e744854f9461343284195d63b3cc2e764,False,exchange_pair_single,bc958c8917d658214adf2f1fd600dcc1eb4cae2641dab8dc7e2acbd11b5ac873
RC206,solomon_txt,5203aecf67c84df49e152645312a837ffefde529314ff892ca061538816e43a9,0,1,ok,True,4,2080287,2080.287,0.135486,0.500246,1,time_limit,solomon_exact_1000_v1,,,,,,0.5,,100,,25,fb929496ff25d75a23a6c92e658e328e744854f9461343284195d63b3cc2e764,False,exchange_pair_single,bc958c8917d658214adf2f1fd600dcc1eb4cae2641dab8dc7e2acbd11b5ac873
RC206,solomon_txt,5203aecf67c84df49e152645312a837ffefde529314ff892ca061538816e43a9,1,1,ok,True,4,1771858,1771.858,0.135837,0.500372,1,time_limit,solomon_exact_1000_v1,,,,,,0.5,,100,,25,fb929496ff25d75a23a6c92e658e328e744854f9461343284195d63b3cc2e764,False,exchange_pair_single,bc958c8917d658214adf2f1fd600dcc1eb4cae2641dab8dc7e2acbd11b5ac873
RC206,solomon_txt,5203aecf67c84df49e152645312a837ffefde529314ff892ca061538816e43a9,2,1,ok,True,4,1694940,1694.94,0.133851,0.500384,1,time_limit,solomon_exact_1000_v1,,,,,,0.5,,100,,25,fb929496ff25d75a23a6c92e658e328e744854f9461343284195d63b3cc2e764,False,exchange_pair_single,bc958c8917d658214adf2f1fd600dcc1eb4cae2641dab8dc7e2acbd11b5ac873
RC207,solomon_txt,5cab65f99b350cdb8fb1c4d0a12dde85eb4ff6a6d6daf292b182cb73de9a8b63,0,1,ok,True,4,1907431,1907.431,0.159838,0.500261,1,time_limit,solomon_exact_1000_v1,,,,,,0.5,,100,,25,fb929496ff25d75a23a6c92e658e328e744854f9461343284195d63b3cc2e764,False,exchange_pair_single,bc958c8917d658214adf2f1fd600dcc1eb4cae2641dab8dc7e2acbd11b5ac873
RC207,solomon_txt,5cab65f99b350cdb8fb1c4d0a12dde85eb4ff6a6d6daf292b182cb73de9a8b63,1,1,ok,True,4,1907431,1907.431,0.154279,0.500391,1,time_limit,solomon_exact_1000_v1,,,,,,0.5,,100,,25,fb929496ff25d75a23a6c92e658e328e744854f9461343284195d63b3cc2e764,False,exchange_pair_single,bc958c8917d658214adf2f1fd600dcc1eb4cae2641dab8dc7e2acbd11b5ac873
RC207,solomon_txt,5cab65f99b350cdb8fb1c4d0a12dde85eb4ff6a6d6daf292b182cb73de9a8b63,2,1,ok,True,4,1907431,1907.431,0.151011,0.500417,1,time_limit,solomon_exact_1000_v1,,,,,,0.5,,100,,25,fb929496ff25d75a23a6c92e658e328e744854f9461343284195d63b3cc2e764,False,exchange_pair_single,bc958c8917d658214adf2f1fd600dcc1eb4cae2641dab8dc7e2acbd11b5ac873
RC208,solomon_txt,3d67d2a8e2758a324643f5d6c6ca87e8c56435273eaa04be33f213bb991f1f28,0,1,ok,True,3,1365201,1365.201,0.147272,0.500254,1,time_limit,solomon_exact_1000_v1,,,,,,0.5,,100,,25,fb929496ff25d75a23a6c92e658e328e744854f9461343284195d63b3cc2e764,False,exchange_pair_single,bc958c8917d658214adf2f1fd600dcc1eb4cae2641dab8dc7e2acbd11b5ac873
RC208,solomon_txt,3d67d2a8e2758a324643f5d6c6ca87e8c56435273eaa04be33f213bb991f1f28,1,1,ok,True,4,1913075,1913.075,0.156228,0.500381,1,time_limit,solomon_exact_1000_v1,,,,,,0.5,,100,,25,fb929496ff25d75a23a6c92e658e328e744854f9461343284195d63b3cc2e764,False,exchange_pair_single,bc958c8917d658214adf2f1fd600dcc1eb4cae2641dab8dc7e2acbd11b5ac873
RC208,solomon_txt,3d67d2a8e2758a324643f5d6c6ca87e8c56435273eaa04be33f213bb991f1f28,2,1,ok,True,4,1905334,1905.334,0.147486,0.500458,1,time_limit,solomon_exact_1000_v1,,,,,,0.5,,100,,25,fb929496ff25d75a23a6c92e658e328e744854f9461343284195d63b3cc2e764,False,exchange_pair_single,bc958c8917d658214adf2f1fd600dcc1eb4cae2641dab8dc7e2acbd11b5ac873
C101,solomon_txt,a6da75152d182d60ecd2c6f854296f5be452f92282d096adebcf5d99a7f16516,0,1,ok,True,10,828937,828.937,0.068435,0.500456,1,time_limit,solomon_exact_1000_v1,,,,,,0.5,,100,,25,fb929496ff25d75a23a6c92e658e328e744854f9461343284195d63b3cc2e764,False,cyclic,e8333e7b809fd1e9e3461ccae56cbf8ff8fca35f919b007888b943c5205b69c5
C101,solomon_txt,a6da75152d182d60ecd2c6f854296f5be452f92282d096adebcf5d99a7f16516,1,1,ok,True,10,828937,828.937,0.070204,0.500521,2,time_limit,solomon_exact_1000_v1,,,,,,0.5,,100,,25,fb929496ff25d75a23a6c92e658e328e744854f9461343284195d63b3cc2e764,False,cyclic,e8333e7b809fd1e9e3461ccae56cbf8ff8fca35f919b007888b943c5205b69c5
C101,solomon_txt,a6da75152d182d60ecd2c6f854296f5be452f92282d096adebcf5d99a7f16516,2,1,ok,True,10,828937,828.937,0.070628,0.500263,2,time_limit,solomon_exact_1000_v1,,,,,,0.5,,100,,25,fb929496ff25d75a23a6c92e658e328e744854f9461343284195d63b3cc2e764,False,cyclic,e8333e7b809fd1e9e3461ccae56cbf8ff8fca35f919b007888b943c5205b69c5
C102,solomon_txt,f89a0e2a760cc7448a4ca72b88e5b29b94d64b5548f3320f42a6230025ead653,0,1,ok,True,10,1103932,1103.932,0.07344,0.500509,1,time_limit,solomon_exact_1000_v1,,,,,,0.5,,100,,25,fb929496ff25d75a23a6c92e658e328e744854f9461343284195d63b3cc2e764,False,cyclic,e8333e7b809fd1e9e3461ccae56cbf8ff8fca35f919b007888b943c5205b69c5
C102,solomon_txt,f89a0e2a760cc7448a4ca72b88e5b29b94d64b5548f3320f42a6230025ead653,1,1,ok,True,10,1103932,1103.932,0.072279,0.500501,1,time_limit,solomon_exact_1000_v1,,,,,,0.5,,100,,25,fb929496ff25d75a23a6c92e658e328e744854f9461343284195d63b3cc2e764,False,cyclic,e8333e7b809fd1e9e3461ccae56cbf8ff8fca35f919b007888b943c5205b69c5
C102,solomon_txt,f89a0e2a760cc7448a4ca72b88e5b29b94d64b5548f3320f42a6230025ead653,2,1,ok,True,10,1103932,1103.932,0.073539,0.500493,1,time_limit,solomon_exact_1000_v1,,,,,,0.5,,100,,25,fb929496ff25d75a23a6c92e658e328e744854f9461343284195d63b3cc2e764,False,cyclic,e8333e7b809fd1e9e3461ccae56cbf8ff8fca35f919b007888b943c5205b69c5
C103,solomon_txt,a55cabf15e0da9d65696a5fb45c9852889479893f76f772a428ca15d1b415a51,0,1,ok,True,10,1662172,1662.172,0.080535,0.500498,1,time_limit,solomon_exact_1000_v1,,,,,,0.5,,100,,25,fb929496ff25d75a23a6c92e658e328e744854f9461343284195d63b3cc2e764,False,cyclic,e8333e7b809fd1e9e3461ccae56cbf8ff8fca35f919b007888b943c5205b69c5
C103,solomon_txt,a55cabf15e0da9d65696a5fb45c9852889479893f76f772a428ca15d1b415a51,1,1,ok,True,10,1658323,1658.323,0.081839,0.500506,1,time_limit,solomon_exact_1000_v1,,,,,,0.5,,100,,25,fb929496ff25d75a23a6c92e658e328e744854f9461343284195d63b3cc2e764,False,cyclic,e8333e7b809fd1e9e3461ccae56cbf8ff8fca35f919b007888b943c5205b69c5
C103,solomon_txt,a55cabf15e0da9d65696a5fb45c9852889479893f76f772a428ca15d1b415a51,2,1,ok,True,10,1658323,1658.323,0.078867,0.500652,1,time_limit,solomon_exact_1000_v1,,,,,,0.5,,100,,25,fb929496ff25d75a23a6c92e658e328e744854f9461343284195d63b3cc2e764,False,cyclic,e8333e7b809fd1e9e3461ccae56cbf8ff8fca35f919b007888b943c5205b69c5
C104,solomon_txt,fe333e81625ee5a75bb2ce98c2c9f356d07289237865b62a23ba2f32f0de5ee2,0,1,ok,True,10,1400897,1400.897,0.08191,0.500558,1,time_limit,solomon_exact_1000_v1,,,,,,0.5,,100,,25,fb929496ff25d75a23a6c92e658e328e744854f9461343284195d63b3cc2e764,False,cyclic,e8333e7b809fd1e9e3461ccae56cbf8ff8fca35f919b007888b943c5205b69c5
C104,solomon_txt,fe333e81625ee5a75bb2ce98c2c9f356d07289237865b62a23ba2f32f0de5ee2,1,1,ok,True,10,1468450,1468.45,0.081424,0.500456,1,time_limit,solomon_exact_1000_v1,,,,,,0.5,,100,,25,fb929496ff25d75a23a6c92e658e328e744854f9461343284195d63b3cc2e764,False,cyclic,e8333e7b809fd1e9e3461ccae56cbf8ff8fca35f919b007888b943c5205b69c5
C104,solomon_txt,fe333e81625ee5a75bb2ce98c2c9f356d07289237865b62a23ba2f32f0de5ee2,2,1,ok,True,10,1473299,1473.299,0.088329,0.500435,1,time_limit,solomon_exact_1000_v1,,,,,,0.5,,100,,25,fb929496ff25d75a23a6c92e658e328e744854f9461343284195d63b3cc2e764,False,cyclic,e8333e7b809fd1e9e3461ccae56cbf8ff8fca35f919b007888b943c5205b69c5
C105,solomon_txt,9a877a3a6fb922e7ad9297cc0308bc8a5652cb1495a0228ee6b81b2d938aa29f,0,1,ok,True,10,949422,949.422,0.069795,0.500487,1,time_limit,solomon_exact_1000_v1,,,,,,0.5,,100,,25,fb929496ff25d75a23a6c92e658e328e744854f9461343284195d63b3cc2e764,False,cyclic,e8333e7b809fd1e9e3461ccae56cbf8ff8fca35f919b007888b943c5205b69c5
C105,solomon_txt,9a877a3a6fb922e7ad9297cc0308bc8a5652cb1495a0228ee6b81b2d938aa29f,1,1,ok,True,10,920905,920.905,0.06873,0.500478,1,time_limit,solomon_exact_1000_v1,,,,,,0.5,,100,,25,fb929496ff25d75a23a6c92e658e328e744854f9461343284195d63b3cc2e764,False,cyclic,e8333e7b809fd1e9e3461ccae56cbf8ff8fca35f919b007888b943c5205b69c5
C105,solomon_txt,9a877a3a6fb922e7ad9297cc0308bc8a5652cb1495a0228ee6b81b2d938aa29f,2,1,ok,True,10,874895,874.895,0.069547,0.500443,1,time_limit,solomon_exact_1000_v1,,,,,,0.5,,100,,25,fb929496ff25d75a23a6c92e658e328e744854f9461343284195d63b3cc2e764,False,cyclic,e8333e7b809fd1e9e3461ccae56cbf8ff8fca35f919b007888b943c5205b69c5
C106,solomon_txt,ec9b419bed53e9c607cce76e8c6bc59feb6e4d17646905601f008a4141ec7b40,0,1,ok,True,10,1072424,1072.424,0.065922,0.500479,1,time_limit,solomon_exact_1000_v1,,,,,,0.5,,100,,25,fb929496ff25d75a23a6c92e658e328e744854f9461343284195d63b3cc2e764,False,cyclic,e8333e7b809fd1e9e3461ccae56cbf8ff8fca35f919b007888b943c5205b69c5
C106,solomon_txt,ec9b419bed53e9c607cce76e8c6bc59feb6e4d17646905601f008a4141ec7b40,1,1,ok,True,10,992685,992.685,0.066145,0.500506,1,time_limit,solomon_exact_1000_v1,,,,,,0.5,,100,,25,fb929496ff25d75a23a6c92e658e328e744854f9461343284195d63b3cc2e764,False,cyclic,e8333e7b809fd1e9e3461ccae56cbf8ff8fca35f919b007888b943c5205b69c5
C106,solomon_txt,ec9b419bed53e9c607cce76e8c6bc59feb6e4d17646905601f008a4141ec7b40,2,1,ok,True,10,1037941,1037.941,0.067475,0.500491,1,time_limit,solomon_exact_1000_v1,,,,,,0.5,,100,,25,fb929496ff25d75a23a6c92e658e328e744854f9461343284195d63b3cc2e764,False,cyclic,e8333e7b809fd1e9e3461ccae56cbf8ff8fca35f919b007888b943c5205b69c5
C107,solomon_txt,cb3cdc10d812fa17370eb52cb753b6b0574426dc6fabeb8b9076ed750ddf05ca,0,1,ok,True,10,1019069,1019.069,0.070713,0.500561,1,time_limit,solomon_exact_1000_v1,,,,,,0.5,,100,,25,fb929496ff25d75a23a6c92e658e328e744854f9461343284195d63b3cc2e764,False,cyclic,e8333e7b809fd1e9e3461ccae56cbf8ff8fca35f919b007888b943c5205b69c5
C107,solomon_txt,cb3cdc10d812fa17370eb52cb753b6b0574426dc6fabeb8b9076ed750ddf05ca,1,1,ok,True,10,922315,922.315,0.072079,0.5005,1,time_limit,solomon_exact_1000_v1,,,,,,0.5,,100,,25,fb929496ff25d75a23a6c92e658e328e744854f9461343284195d63b3cc2e764,False,cyclic,e8333e7b809fd1e9e3461ccae56cbf8ff8fca35f919b007888b943c5205b69c5
C107,solomon_txt,cb3cdc10d812fa17370eb52cb753b6b0574426dc6fabeb8b9076ed750ddf05ca,2,1,ok,True,10,892591,892.591,0.073338,0.500483,1,time_limit,solomon_exact_1000_v1,,,,,,0.5,,100,,25,fb929496ff25d75a23a6c92e658e328e744854f9461343284195d63b3cc2e764,False,cyclic,e8333e7b809fd1e9e3461ccae56cbf8ff8fca35f919b007888b943c5205b69c5
C108,solomon_txt,b8c7e48f292b66b283d8e71511e3a4eccaa4c4bc66b9313c399e73b0226f5953,0,1,ok,True,10,1386721,1386.721,0.07266,0.500699,1,time_limit,solomon_exact_1000_v1,,,,,,0.5,,100,,25,fb929496ff25d75a23a6c92e658e328e744854f9461343284195d63b3cc2e764,False,cyclic,e8333e7b809fd1e9e3461ccae56cbf8ff8fca35f919b007888b943c5205b69c5
C108,solomon_txt,b8c7e48f292b66b283d8e71511e3a4eccaa4c4bc66b9313c399e73b0226f5953,1,1,ok,True,10,1365869,1365.869,0.068445,0.500606,1,time_limit,solomon_exact_1000_v1,,,,,,0.5,,100,,25,fb929496ff25d75a23a6c92e658e328e744854f9461343284195d63b3cc2e764,False,cyclic,e8333e7b809fd1e9e3461ccae56cbf8ff8fca35f919b007888b943c5205b69c5
C108,solomon_txt,b8c7e48f292b66b283d8e71511e3a4eccaa4c4bc66b9313c399e73b0226f5953,2,1,ok,True,10,1210187,1210.187,0.067825,0.50049,2,time_limit,solomon_exact_1000_v1,,,,,,0.5,,100,,25,fb929496ff25d75a23a6c92e658e328e744854f9461343284195d63b3cc2e764,False,cyclic,e8333e7b809fd1e9e3461ccae56cbf8ff8fca35f919b007888b943c5205b69c5
C109,solomon_txt,72d8489e14bf1bb18456f0b21b01110506cbcc2354719dae8481b480150f142a,0,1,ok,True,10,1320706,1320.706,0.074147,0.500468,1,time_limit,solomon_exact_1000_v1,,,,,,0.5,,100,,25,fb929496ff25d75a23a6c92e658e328e744854f9461343284195d63b3cc2e764,False,cyclic,e8333e7b809fd1e9e3461ccae56cbf8ff8fca35f919b007888b943c5205b69c5
C109,solomon_txt,72d8489e14bf1bb18456f0b21b01110506cbcc2354719dae8481b480150f142a,1,1,ok,True,10,1333838,1333.838,0.079486,0.500419,1,time_limit,solomon_exact_1000_v1,,,,,,0.5,,100,,25,fb929496ff25d75a23a6c92e658e328e744854f9461343284195d63b3cc2e764,False,cyclic,e8333e7b809fd1e9e3461ccae56cbf8ff8fca35f919b007888b943c5205b69c5
C109,solomon_txt,72d8489e14bf1bb18456f0b21b01110506cbcc2354719dae8481b480150f142a,2,1,ok,True,10,1321055,1321.055,0.074723,0.500486,1,time_limit,solomon_exact_1000_v1,,,,,,0.5,,100,,25,fb929496ff25d75a23a6c92e658e328e744854f9461343284195d63b3cc2e764,False,cyclic,e8333e7b809fd1e9e3461ccae56cbf8ff8fca35f919b007888b943c5205b69c5
C201,solomon_txt,d8d9834087ae2326fa23a8510533060233dc9fb481873be60956eb26a880ad63,0,1,ok,True,3,626335,626.335,0.185378,0.500456,1,time_limit,solomon_exact_1000_v1,,,,,,0.5,,100,,25,fb929496ff25d75a23a6c92e658e328e744854f9461343284195d63b3cc2e764,False,cyclic,e8333e7b809fd1e9e3461ccae56cbf8ff8fca35f919b007888b943c5205b69c5
C201,solomon_txt,d8d9834087ae2326fa23a8510533060233dc9fb481873be60956eb26a880ad63,1,1,ok,True,3,626335,626.335,0.186942,0.500499,1,time_limit,solomon_exact_1000_v1,,,,,,0.5,,100,,25,fb929496ff25d75a23a6c92e658e328e744854f9461343284195d63b3cc2e764,False,cyclic,e8333e7b809fd1e9e3461ccae56cbf8ff8fca35f919b007888b943c5205b69c5
C201,solomon_txt,d8d9834087ae2326fa23a8510533060233dc9fb481873be60956eb26a880ad63,2,1,ok,True,3,626335,626.335,0.176975,0.500464,1,time_limit,solomon_exact_1000_v1,,,,,,0.5,,100,,25,fb929496ff25d75a23a6c92e658e328e744854f9461343284195d63b3cc2e764,False,cyclic,e8333e7b809fd1e9e3461ccae56cbf8ff8fca35f919b007888b943c5205b69c5
C202,solomon_txt,dfc8ecad79f6c7ffb096cd36994143569f0babe284d5ad194683271d81063772,0,1,ok,True,3,717867,717.867,0.170809,0.500405,1,time_limit,solomon_exact_1000_v1,,,,,,0.5,,100,,25,fb929496ff25d75a23a6c92e658e328e744854f9461343284195d63b3cc2e764,False,cyclic,e8333e7b809fd1e9e3461ccae56cbf8ff8fca35f919b007888b943c5205b69c5
C202,solomon_txt,dfc8ecad79f6c7ffb096cd36994143569f0babe284d5ad194683271d81063772,1,1,ok,True,3,717867,717.867,0.174653,0.500415,1,time_limit,solomon_exact_1000_v1,,,,,,0.5,,100,,25,fb929496ff25d75a23a6c92e658e328e744854f9461343284195d63b3cc2e764,False,cyclic,e8333e7b809fd1e9e3461ccae56cbf8ff8fca35f919b007888b943c5205b69c5
C202,solomon_txt,dfc8ecad79f6c7ffb096cd36994143569f0babe284d5ad194683271d81063772,2,1,ok,True,3,717363,717.363,0.179301,0.500708,1,time_limit,solomon_exact_1000_v1,,,,,,0.5,,100,,25,fb929496ff25d75a23a6c92e658e328e744854f9461343284195d63b3cc2e764,False,cyclic,e8333e7b809fd1e9e3461ccae56cbf8ff8fca35f919b007888b943c5205b69c5
C203,solomon_txt,2b79eea2962a848cb29f6153d4fb4ae725d35507686d937da6643b33fcd85062,0,1,ok,True,3,632006,632.006,0.164566,0.500479,1,time_limit,solomon_exact_1000_v1,,,,,,0.5,,100,,25,fb929496ff25d75a23a6c92e658e328e744854f9461343284195d63b3cc2e764,False,cyclic,e8333e7b809fd1e9e3461ccae56cbf8ff8fca35f919b007888b943c5205b69c5
C203,solomon_txt,2b79eea2962a848cb29f6153d4fb4ae725d35507686d937da6643b33fcd85062,1,1,ok,True,3,716777,716.777,0.164167,0.500443,1,time_limit,solomon_exact_1000_v1,,,,,,0.5,,100,,25,fb929496ff25d75a23a6c92e658e328e744854f9461343284195d63b3cc2e764,False,cyclic,e8333e7b809fd1e9e3461ccae56cbf8ff8fca35f919b007888b943c5205b69c5
C203,solomon_txt,2b79eea2962a848cb29f6153d4fb4ae725d35507686d937da6643b33fcd85062,2,1,ok,True,3,670577,670.577,0.180662,0.500477,1,time_limit,solomon_exact_1000_v1,,,,,,0.5,,100,,25,fb929496ff25d75a23a6c92e658e328e744854f9461343284195d63b3cc2e764,False,cyclic,e8333e7b809fd1e9e3461ccae56cbf8ff8fca35f919b007888b943c5205b69c5
C204,solomon_txt,4331b2744d34e32c2987e3fe8a82b782a2039d757d2aac818f7e0fd21117bfb4,0,1,ok,True,3,942593,942.593,0.178217,0.500453,1,time_limit,solomon_exact_1000_v1,,,,,,0.5,,100,,25,fb929496ff25d75a23a6c92e658e328e744854f9461343284195d63b3cc2e764,False,cyclic,e8333e7b809fd1e9e3461ccae56cbf8ff8fca35f919b007888b943c5205b69c5
C204,solomon_txt,4331b2744d34e32c2987e3fe8a82b782a2039d757d2aac818f7e0fd21117bfb4,1,1,ok,True,3,774487,774.487,0.177975,0.500526,1,time_limit,solomon_exact_1000_v1,,,,,,0.5,,100,,25,fb929496ff25d75a23a6c92e658e328e744854f9461343284195d63b3cc2e764,False,cyclic,e8333e7b809fd1e9e3461ccae56cbf8ff8fca35f919b007888b943c5205b69c5
C204,solomon_txt,4331b2744d34e32c2987e3fe8a82b782a2039d757d2aac818f7e0fd21117bfb4,2,1,ok,True,3,737208,737.208,0.206165,0.500504,1,time_limit,solomon_exact_1000_v1,,,,,,0.5,,100,,25,fb929496ff25d75a23a6c92e658e328e744854f9461343284195d63b3cc2e764,False,cyclic,e8333e7b809fd1e9e3461ccae56cbf8ff8fca35f919b007888b943c5205b69c5
C205,solomon_txt,15be2bb8c3e4ad99a79d1e7ee0472223feb95a4f423d010e032bda0a87266ca5,0,1,ok,True,3,735813,735.813,0.161384,0.500468,1,time_limit,solomon_exact_1000_v1,,,,,,0.5,,100,,25,fb929496ff25d75a23a6c92e658e328e744854f9461343284195d63b3cc2e764,False,cyclic,e8333e7b809fd1e9e3461ccae56cbf8ff8fca35f919b007888b943c5205b69c5
C205,solomon_txt,15be2bb8c3e4ad99a79d1e7ee0472223feb95a4f423d010e032bda0a87266ca5,1,1,ok,True,3,651569,651.569,0.162565,0.500508,1,time_limit,solomon_exact_1000_v1,,,,,,0.5,,100,,25,fb929496ff25d75a23a6c92e658e328e744854f9461343284195d63b3cc2e764,False,cyclic,e8333e7b809fd1e9e3461ccae56cbf8ff8fca35f919b007888b943c5205b69c5
C205,solomon_txt,15be2bb8c3e4ad99a79d1e7ee0472223feb95a4f423d010e032bda0a87266ca5,2,1,ok,True,3,645504,645.504,0.160455,0.500453,1,time_limit,solomon_exact_1000_v1,,,,,,0.5,,100,,25,fb929496ff25d75a23a6c92e658e328e744854f9461343284195d63b3cc2e764,False,cyclic,e8333e7b809fd1e9e3461ccae56cbf8ff8fca35f919b007888b943c5205b69c5
C206,solomon_txt,745b6c7042707ffbbfc4d681ee02a84431425f1dfb3c8aa85ecf003fec8f7e53,0,1,ok,True,3,653578,653.578,0.175117,0.500429,1,time_limit,solomon_exact_1000_v1,,,,,,0.5,,100,,25,fb929496ff25d75a23a6c92e658e328e744854f9461343284195d63b3cc2e764,False,cyclic,e8333e7b809fd1e9e3461ccae56cbf8ff8fca35f919b007888b943c5205b69c5
C206,solomon_txt,745b6c7042707ffbbfc4d681ee02a84431425f1dfb3c8aa85ecf003fec8f7e53,1,1,ok,True,3,911170,911.17,0.173407,0.500442,1,time_limit,solomon_exact_1000_v1,,,,,,0.5,,100,,25,fb929496ff25d75a23a6c92e658e328e744854f9461343284195d63b3cc2e764,False,cyclic,e8333e7b809fd1e9e3461ccae56cbf8ff8fca35f919b007888b943c5205b69c5
C206,solomon_txt,745b6c7042707ffbbfc4d681ee02a84431425f1dfb3c8aa85ecf003fec8f7e53,2,1,ok,True,3,661153,661.153,0.192283,0.500447,1,time_limit,solomon_exact_1000_v1,,,,,,0.5,,100,,25,fb929496ff25d75a23a6c92e658e328e744854f9461343284195d63b3cc2e764,False,cyclic,e8333e7b809fd1e9e3461ccae56cbf8ff8fca35f919b007888b943c5205b69c5
C207,solomon_txt,a33f03570a944c8a6d185fd6a173e66c68e67c399a4958b2d5b6d49533ace4a4,0,1,ok,True,3,773023,773.023,0.184973,0.500439,1,time_limit,solomon_exact_1000_v1,,,,,,0.5,,100,,25,fb929496ff25d75a23a6c92e658e328e744854f9461343284195d63b3cc2e764,False,cyclic,e8333e7b809fd1e9e3461ccae56cbf8ff8fca35f919b007888b943c5205b69c5
C207,solomon_txt,a33f03570a944c8a6d185fd6a173e66c68e67c399a4958b2d5b6d49533ace4a4,1,1,ok,True,3,756163,756.163,0.201254,0.50045,1,time_limit,solomon_exact_1000_v1,,,,,,0.5,,100,,25,fb929496ff25d75a23a6c92e658e328e744854f9461343284195d63b3cc2e764,False,cyclic,e8333e7b809fd1e9e3461ccae56cbf8ff8fca35f919b007888b943c5205b69c5
C207,solomon_txt,a33f03570a944c8a6d185fd6a173e66c68e67c399a4958b2d5b6d49533ace4a4,2,1,ok,True,3,632687,632.687,0.18688,0.500457,1,time_limit,solomon_exact_1000_v1,,,,,,0.5,,100,,25,fb929496ff25d75a23a6c92e658e328e744854f9461343284195d63b3cc2e764,False,cyclic,e8333e7b809fd1e9e3461ccae56cbf8ff8fca35f919b007888b943c5205b69c5
C208,solomon_txt,1c2f2381b8743680dbeb34322869cbf5a6cdd8c281f4bcffdb99b533e601874b,0,1,ok,True,4,957831,957.831,0.180161,0.500225,1,time_limit,solomon_exact_1000_v1,,,,,,0.5,,100,,25,fb929496ff25d75a23a6c92e658e328e744854f9461343284195d63b3cc2e764,False,cyclic,e8333e7b809fd1e9e3461ccae56cbf8ff8fca35f919b007888b943c5205b69c5
C208,solomon_txt,1c2f2381b8743680dbeb34322869cbf5a6cdd8c281f4bcffdb99b533e601874b,1,1,ok,True,4,957831,957.831,0.183129,0.500275,1,time_limit,solomon_exact_1000_v1,,,,,,0.5,,100,,25,fb929496ff25d75a23a6c92e658e328e744854f9461343284195d63b3cc2e764,False,cyclic,e8333e7b809fd1e9e3461ccae56cbf8ff8fca35f919b007888b943c5205b69c5
C208,solomon_txt,1c2f2381b8743680dbeb34322869cbf5a6cdd8c281f4bcffdb99b533e601874b,2,1,ok,True,3,657968,657.968,0.177797,0.500447,1,time_limit,solomon_exact_1000_v1,,,,,,0.5,,100,,25,fb929496ff25d75a23a6c92e658e328e744854f9461343284195d63b3cc2e764,False,cyclic,e8333e7b809fd1e9e3461ccae56cbf8ff8fca35f919b007888b943c5205b69c5
R101,solomon_txt,3f3655182bc0fe44ce5de65fdcd2ee2f9c7fb9ed055f923635151d9d6f76d3ed,0,1,ok,True,22,1899753,1899.753,0.054374,0.500487,1,time_limit,solomon_exact_1000_v1,,,,,,0.5,,100,,25,fb929496ff25d75a23a6c92e658e328e744854f9461343284195d63b3cc2e764,False,cyclic,e8333e7b809fd1e9e3461ccae56cbf8ff8fca35f919b007888b943c5205b69c5
R101,solomon_txt,3f3655182bc0fe44ce5de65fdcd2ee2f9c7fb9ed055f923635151d9d6f76d3ed,1,1,ok,True,21,1900515,1900.515,0.052268,0.500451,1,time_limit,solomon_exact_1000_v1,,,,,,0.5,,100,,25,fb929496ff25d75a23a6c92e658e328e744854f9461343284195d63b3cc2e764,False,cyclic,e8333e7b809fd1e9e3461ccae56cbf8ff8fca35f919b007888b943c5205b69c5
R101,solomon_txt,3f3655182bc0fe44ce5de65fdcd2ee2f9c7fb9ed055f923635151d9d6f76d3ed,2,1,ok,True,21,1852524,1852.524,0.051224,0.500479,1,time_limit,solomon_exact_1000_v1,,,,,,0.5,,100,,25,fb929496ff25d75a23a6c92e658e328e744854f9461343284195d63b3cc2e764,False,cyclic,e8333e7b809fd1e9e3461ccae56cbf8ff8fca35f919b007888b943c5205b69c5
R102,solomon_txt,eeb23171b7e4fbfc80bf000ca770329109900fbd7273fa8b9d1f95b7dfe683c3,0,1,ok,True,19,1640559,1640.559,0.056446,0.500494,1,time_limit,solomon_exact_1000_v1,,,,,,0.5,,100,,25,fb929496ff25d75a23a6c92e658e328e744854f9461343284195d63b3cc2e764,False,cyclic,e8333e7b809fd1e9e3461ccae56cbf8ff8fca35f919b007888b943c5205b69c5
R102,solomon_txt,eeb23171b7e4fbfc80bf000ca770329109900fbd7273fa8b9d1f95b7dfe683c3,1,1,ok,True,19,1674630,1674.63,0.054871,0.50047,1,time_limit,solomon_exact_1000_v1,,,,,,0.5,,100,,25,fb929496ff25d75a23a6c92e658e328e744854f9461343284195d63b3cc2e764,False,cyclic,e8333e7b809fd1e9e3461ccae56cbf8ff8fca35f919b007888b943c5205b69c5
R102,solomon_txt,eeb23171b7e4fbfc80bf000ca770329109900fbd7273fa8b9d1f95b7dfe683c3,2,1,ok,True,19,1606305,1606.305,0.057319,0.50048,1,time_limit,solomon_exact_1000_v1,,,,,,0.5,,100,,25,fb929496ff25d75a23a6c92e658e328e744854f9461343284195d63b3cc2e764,False,cyclic,e8333e7b809fd1e9e3461ccae56cbf8ff8fca35f919b007888b943c5205b69c5
R103,solomon_txt,1f833e8648ba39e0edc76754fb49e81777a7175cf7b084c3f60a12607bfb3991,0,1,ok,True,14,1507486,1507.486,0.066103,0.500399,1,time_limit,solomon_exact_1000_v1,,,,,,0.5,,100,,25,fb929496ff25d75a23a6c92e658e328e744854f9461343284195d63b3cc2e764,False,cyclic,e8333e7b809fd1e9e3461ccae56cbf8ff8fca35f919b007888b943c5205b69c5
R103,solomon_txt,1f833e8648ba39e0edc76754fb49e81777a7175cf7b084c3f60a12607bfb3991,1,1,ok,True,14,1507486,1507.486,0.065347,0.500444,1,time_limit,solomon_exact_1000_v1,,,,,,0.5,,100,,25,fb929496ff25d75a23a6c92e658e328e744854f9461343284195d63b3cc2e764,False,cyclic,e8333e7b809fd1e9e3461ccae56cbf8ff8fca35f919b007888b943c5205b69c5
R103,solomon_txt,1f833e8648ba39e0edc76754fb49e81777a7175cf7b084c3f60a12607bfb3991,2,1,ok,True,14,1504257,1504.257,0.063502,0.500428,1,time_limit,solomon_exact_1000_v1,,,,,,0.5,,100,,25,fb929496ff25d75a23a6c92e658e328e744854f9461343284195d63b3cc2e764,False,cyclic,e8333e7b809fd1e9e3461ccae56cbf8ff8fca35f919b007888b943c5205b69c5
R104,solomon_txt,dd087124311d91facd81736debbfc7d0f351d27942917e2d76cbafd01e6183b7,0,1,ok,True,11,1159238,1159.238,0.072499,0.500874,2,time_limit,solomon_exact_1000_v1,,,,,,0.5,,100,,25,fb929496ff25d75a23a6c92e658e328e744854f9461343284195d63b3cc2e764,False,cyclic,e8333e7b809fd1e9e3461ccae56cbf8ff8fca35f919b007888b943c5205b69c5
R104,solomon_txt,dd087124311d91facd81736debbfc7d0f351d27942917e2d76cbafd01e6183b7,1,1,ok,True,11,1210304,1210.304,0.0748,0.500462,1,time_limit,solomon_exact_1000_v1,,,,,,0.5,,100,,25,fb929496ff25d75a23a6c92e658e328e744854f9461343284195d63b3cc2e764,False,cyclic,e8333e7b809fd1e9e3461ccae56cbf8ff8fca35f919b007888b943c5205b69c5
R104,solomon_txt,dd087124311d91facd81736debbfc7d0f351d27942917e2d76cbafd01e6183b7,2,1,ok,True,10,1146095,1146.095,0.072901,0.50061,2,time_limit,solomon_exact_1000_v1,,,,,,0.5,,100,,25,fb929496ff25d75a23a6c92e658e328e744854f9461343284195d63b3cc2e764,False,cyclic,e8333e7b809fd1e9e3461ccae56cbf8ff8fca35f919b007888b943c5205b69c5
R105,solomon_txt,ff1a614f8458d6339b3f54d8e4ca2dcf0a35c96012f477f6a819ae481de85ca4,0,1,ok,True,16,1693787,1693.787,0.057669,0.500464,1,time_limit,solomon_exact_1000_v1,,,,,,0.5,,100,,25,fb929496ff25d75a23a6c92e658e328e744854f9461343284195d63b3cc2e764,False,cyclic,e8333e7b809fd1e9e3461ccae56cbf8ff8fca35f919b007888b943c5205b69c5
R105,solomon_txt,ff1a614f8458d6339b3f54d8e4ca2dcf0a35c96012f477f6a819ae481de85ca4,1,1,ok,True,17,1669389,1669.389,0.05623,0.50046,1,time_limit,solomon_exact_1000_v1,,,,,,0.5,,100,,25,fb929496ff25d75a23a6c92e658e328e744854f9461343284195d63b3cc2e764,False,cyclic,e8333e7b809fd1e9e3461ccae56cbf8ff8fca35f919b007888b943c5205b69c5
R105,solomon_txt,ff1a614f8458d6339b3f54d8e4ca2dcf0a35c96012f477f6a819ae481de85ca4,2,1,ok,True,16,1694139,1694.139,0.05864,0.500473,1,time_limit,solomon_exact_1000_v1,,,,,,0.5,,100,,25,fb929496ff25d75a23a6c92e658e328e744854f9461343284195d63b3cc2e764,False,cyclic,e8333e7b809fd1e9e3461ccae56cbf8ff8fca35f919b007888b943c5205b69c5
R106,solomon_txt,31b8783d177f0fbe1c84b8f085fbf28b1989a80e4c00f49f5654ebef99835e97,0,1,ok,True,14,1539783,1539.783,0.064737,0.500437,1,time_limit,solomon_exact_1000_v1,,,,,,0.5,,100,,25,fb929496ff25d75a23a6c92e658e328e744854f9461343284195d63b3cc2e764,False,cyclic,e8333e7b809fd1e9e3461ccae56cbf8ff8fca35f919b007888b943c5205b69c5
R106,solomon_txt,31b8783d177f0fbe1c84b8f085fbf28b1989a80e4c00f49f5654ebef99835e97,1,1,ok,True,14,1642384,1642.384,0.067399,0.500949,1,time_limit,solomon_exact_1000_v1,,,,,,0.5,,100,,25,fb929496ff25d75a23a6c92e658e328e744854f9461343284195d63b3cc2e764,False,cyclic,e8333e7b809fd1e9e3461ccae56cbf8ff8fca35f919b007888b943c5205b69c5
R106,solomon_txt,31b8783d177f0fbe1c84b8f085fbf28b1989a80e4c00f49f5654ebef99835e97,2,1,ok,True,14,1526260,1526.26,0.061734,0.500412,1,time_limit,solomon_exact_1000_v1,,,,,,0.5,,100,,25,fb929496ff25d75a23a6c92e658e328e744854f9461343284195d63b3cc2e764,False,cyclic,e8333e7b809fd1e9e3461ccae56cbf8ff8fca35f919b007888b943c5205b69c5
R107,solomon_txt,dba2b257a1d43d7c78d5e3a9f09091a2b125d3fbec78c0c8a1782add669a1275,0,1,ok,True,12,1274963,1274.963,0.066491,0.500408,1,time_limit,solomon_exact_1000_v1,,,,,,0.5,,100,,25,fb929496ff25d75a23a6c92e658e328e744854f9461343284195d63b3cc2e764,False,cyclic,e8333e7b809fd1e9e3461ccae56cbf8ff8fca35f919b007888b943c5205b69c5
R107,solomon_txt,dba2b257a1d43d7c78d5e3a9f09091a2b125d3fbec78c0c8a1782add669a1275,1,1,ok,True,12,1502317,1502.317,0.068763,0.500405,1,time_limit,solomon_exact_1000_v1,,,,,,0.5,,100,,25,fb929496ff25d75a23a6c92e658e328e744854f9461343284195d63b3cc2e764,False,cyclic,e8333e7b809fd1e9e3461ccae56cbf8ff8fca35f919b007888b943c5205b69c5
R107,solomon_txt,dba2b257a1d43d7c78d5e3a9f09091a2b125d3fbec78c0c8a1782add669a1275,2,1,ok,True,12,1467872,1467.872,0.069848,0.500379,1,time_limit,solomon_exact_1000_v1,,,,,,0.5,,100,,25,fb929496ff25d75a23a6c92e658e328e744854f9461343284195d63b3cc2e764,False,cyclic,e8333e7b809fd1e9e3461ccae56cbf8ff8fca35f919b007888b943c5205b69c5
R108,solomon_txt,65cae09f4099b7e70d2b723e0e3a30aa1494c75a367bb894a3fd13241ee639d4,0,1,ok,True,11,1315436,1315.436,0.072262,0.500426,1,time_limit,solomon_exact_1000_v1,,,,,,0.5,,100,,25,fb929496ff25d75a23a6c92e658e328e744854f9461343284195d63b3cc2e764,False,cyclic,e8333e7b809fd1e9e3461ccae56cbf8ff8fca35f919b007888b943c5205b69c5
R108,solomon_txt,65cae09f4099b7e70d2b723e0e3a30aa1494c75a367bb894a3fd13241ee639d4,1,1,ok,True,10,1128679,1128.679,0.075933,0.500409,1,time_limit,solomon_exact_1000_v1,,,,,,0.5,,100,,25,fb929496ff25d75a23a6c92e658e328e744854f9461343284195d63b3cc2e764,False,cyclic,e8333e7b809fd1e9e3461ccae56cbf8ff8fca35f919b007888b943c5205b69c5
R108,solomon_txt,65cae09f4099b7e70d2b723e0e3a30aa1494c75a367bb894a3fd13241ee639d4,2,1,ok,True,11,1351941,1351.941,0.072912,0.500846,1,time_limit,solomon_exact_1000_v1,,,,,,0.5,,100,,25,fb929496ff25d75a23a6c92e658e328e744854f9461343284195d63b3cc2e764,False,cyclic,e8333e7b809fd1e9e3461ccae56cbf8ff8fca35f919b007888b943c5205b69c5
R109,solomon_txt,4ef24030e8c48de5f85dcd90c5739186004fc8dec87533b6467013cf996f4777,0,1,ok,True,14,1518740,1518.74,0.057713,0.50047,1,time_limit,solomon_exact_1000_v1,,,,,,0.5,,100,,25,fb929496ff25d75a23a6c92e658e328e744854f9461343284195d63b3cc2e764,False,cyclic,e8333e7b809fd1e9e3461ccae56cbf8ff8fca35f919b007888b943c5205b69c5
R109,solomon_txt,4ef24030e8c48de5f85dcd90c5739186004fc8dec87533b6467013cf996f4777,1,1,ok,True,15,1559208,1559.208,0.058355,0.500427,1,time_limit,solomon_exact_1000_v1,,,,,,0.5,,100,,25,fb929496ff25d75a23a6c92e658e328e744854f9461343284195d63b3cc2e764,False,cyclic,e8333e7b809fd1e9e3461ccae56cbf8ff8fca35f919b007888b943c5205b69c5
R109,solomon_txt,4ef24030e8c48de5f85dcd90c5739186004fc8dec87533b6467013cf996f4777,2,1,ok,True,14,1517484,1517.484,0.05851,0.50049,1,time_limit,solomon_exact_1000_v1,,,,,,0.5,,100,,25,fb929496ff25d75a23a6c92e658e328e744854f9461343284195d63b3cc2e764,False,cyclic,e8333e7b809fd1e9e3461ccae56cbf8ff8fca35f919b007888b943c5205b69c5
R110,solomon_txt,14cb53cb99af61d3d708f07564b9a72d146e7c26b4f10507cfaf3bc828f34bfa,0,1,ok,True,13,1561904,1561.904,0.06358,0.50046,1,time_limit,solomon_exact_1000_v1,,,,,,0.5,,100,,25,fb929496ff25d75a23a6c92e658e328e744854f9461343284195d63b3cc2e764,False,cyclic,e8333e7b809fd1e9e3461ccae56cbf8ff8fca35f919b007888b943c5205b69c5
R110,solomon_txt,14cb53cb99af61d3d708f07564b9a72d146e7c26b4f10507cfaf3bc828f34bfa,1,1,ok,True,13,1502973,1502.973,0.065747,0.500416,1,time_limit,solomon_exact_1000_v1,,,,,,0.5,,100,,25,fb929496ff25d75a23a6c92e658e328e744854f9461343284195d63b3cc2e764,False,cyclic,e8333e7b809fd1e9e3461ccae56cbf8ff8fca35f919b007888b943c5205b69c5
R110,solomon_txt,14cb53cb99af61d3d708f07564b9a72d146e7c26b4f10507cfaf3bc828f34bfa,2,1,ok,True,13,1564564,1564.564,0.062628,0.500401,1,time_limit,solomon_exact_1000_v1,,,,,,0.5,,100,,25,fb929496ff25d75a23a6c92e658e328e744854f9461343284195d63b3cc2e764,False,cyclic,e8333e7b809fd1e9e3461ccae56cbf8ff8fca35f919b007888b943c5205b69c5
R111,solomon_txt,3d94a73b1f2fe8aae4618b9d9ea254cff2e3924a6a841aa390096ec6c60f258d,0,1,ok,True,12,1400068,1400.068,0.068577,0.500455,1,time_limit,solomon_exact_1000_v1,,,,,,0.5,,100,,25,fb929496ff25d75a23a6c92e658e328e744854f9461343284195d63b3cc2e764,False,cyclic,e8333e7b809fd1e9e3461ccae56cbf8ff8fca35f919b007888b943c5205b69c5
R111,solomon_txt,3d94a73b1f2fe8aae4618b9d9ea254cff2e3924a6a841aa390096ec6c60f258d,1,1,ok,True,12,1408117,1408.117,0.067874,0.500431,1,time_limit,solomon_exact_1000_v1,,,,,,0.5,,100,,25,fb929496ff25d75a23a6c92e658e328e744854f9461343284195d63b3cc2e764,False,cyclic,e8333e7b809fd1e9e3461ccae56cbf8ff8fca35f919b007888b943c5205b69c5
R111,solomon_txt,3d94a73b1f2fe8aae4618b9d9ea254cff2e3924a6a841aa390096ec6c60f258d,2,1,ok,True,12,1307212,1307.212,0.070066,0.50065,1,time_limit,solomon_exact_1000_v1,,,,,,0.5,,100,,25,fb929496ff25d75a23a6c92e658e328e744854f9461343284195d63b3cc2e764,False,cyclic,e8333e7b809fd1e9e3461ccae56cbf8ff8fca35f919b007888b943c5205b69c5
R112,solomon_txt,a0e93149d59d30c356619891d192e86d0f16c3158e1dac3bd9f23c6deb718271,0,1,ok,True,12,1467289,1467.289,0.066232,0.50046,1,time_limit,solomon_exact_1000_v1,,,,,,0.5,,100,,25,fb929496ff25d75a23a6c92e658e328e744854f9461343284195d63b3cc2e764,False,cyclic,e8333e7b809fd1e9e3461ccae56cbf8ff8fca35f919b007888b943c5205b69c5
R112,solomon_txt,a0e93149d59d30c356619891d192e86d0f16c3158e1dac3bd9f23c6deb718271,1,1,ok,True,13,1421115,1421.115,0.080502,0.500495,1,time_limit,solomon_exact_1000_v1,,,,,,0.5,,100,,25,fb929496ff25d75a23a6c92e658e328e744854f9461343284195d63b3cc2e764,False,cyclic,e8333e7b809fd1e9e3461ccae56cbf8ff8fca35f919b007888b943c5205b69c5
R112,solomon_txt,a0e93149d59d30c356619891d192e86d0f16c3158e1dac3bd9f23c6deb718271,2,1,ok,True,12,1340286,1340.286,0.063913,0.50044,1,time_limit,solomon_exact_1000_v1,,,,,,0.5,,100,,25,fb929496ff25d75a23a6c92e658e328e744854f9461343284195d63b3cc2e764,False,cyclic,e8333e7b809fd1e9e3461ccae56cbf8ff8fca35f919b007888b943c5205b69c5
R201,solomon_txt,0be960ec998fff2cab0bdbcc5194c617e5ca0a79c82c5b32b1d4bd98b2cae210,0,1,ok,True,5,1726658,1726.658,0.135429,0.500248,1,time_limit,solomon_exact_1000_v1,,,,,,0.5,,100,,25,fb929496ff25d75a23a6c92e658e328e744854f9461343284195d63b3cc2e764,False,cyclic,e8333e7b809fd1e9e3461ccae56cbf8ff8fca35f919b007888b943c5205b69c5
R201,solomon_txt,0be960ec998fff2cab0bdbcc5194c617e5ca0a79c82c5b32b1d4bd98b2cae210,1,1,ok,True,4,1665126,1665.126,0.140511,0.50037,1,time_limit,solomon_exact_1000_v1,,,,,,0.5,,100,,25,fb929496ff25d75a23a6c92e658e328e744854f9461343284195d63b3cc2e764,False,cyclic,e8333e7b809fd1e9e3461ccae56cbf8ff8fca35f919b007888b943c5205b69c5
R201,solomon_txt,0be960ec998fff2cab0bdbcc5194c617e5ca0a79c82c5b32b1d4bd98b2cae210,2,1,ok,True,4,1605282,1605.282,0.133319,0.500419,1,time_limit,solomon_exact_1000_v1,,,,,,0.5,,100,,25,fb929496ff25d75a23a6c92e658e328e744854f9461343284195d63b3cc2e764,False,cyclic,e8333e7b809fd1e9e3461ccae56cbf8ff8fca35f919b007888b943c5205b69c5
R202,solomon_txt,1f7761bb33e9dd0c94837b32c72280296ffc283dba997379c7ad75ce00dffc8d,0,1,ok,True,4,1622244,1622.244,0.150286,0.500272,1,time_limit,solomon_exact_1000_v1,,,,,,0.5,,100,,25,fb929496ff25d75a23a6c92e658e328e744854f9461343284195d63b3cc2e764,False,cyclic,e8333e7b809fd1e9e3461ccae56cbf8ff8fca35f919b007888b943c5205b69c5
R202,solomon_txt,1f7761bb33e9dd0c94837b32c72280296ffc283dba997379c7ad75ce00dffc8d,1,1,ok,True,4,1622244,1622.244,0.155795,0.500384,1,time_limit,solomon_exact_1000_v1,,,,,,0.5,,100,,25,fb929496ff25d75a23a6c92e658e328e744854f9461343284195d63b3cc2e764,False,cyclic,e8333e7b809fd1e9e3461ccae56cbf8ff8fca35f919b007888b943c5205b69c5
R202,solomon_txt,1f7761bb33e9dd0c94837b32c72280296ffc283dba997379c7ad75ce00dffc8d,2,1,ok,True,4,1622244,1622.244,0.154885,0.500386,1,time_limit,solomon_exact_1000_v1,,,,,,0.5,,100,,25,fb929496ff25d75a23a6c92e658e328e744854f9461343284195d63b3cc2e764,False,cyclic,e8333e7b809fd1e9e3461ccae56cbf8ff8fca35f919b007888b943c5205b69c5
R203,solomon_txt,38c484db31bd7452a94d533e26a2348ef598df600b79d061d9ddc1c61466a731,0,1,ok,True,3,1241514,1241.514,0.165039,0.500419,1,time_limit,solomon_exact_1000_v1,,,,,,0.5,,100,,25,fb929496ff25d75a23a6c92e658e328e744854f9461343284195d63b3cc2e764,False,cyclic,e8333e7b809fd1e9e3461ccae56cbf8ff8fca35f919b007888b943c5205b69c5
R203,solomon_txt,38c484db31bd7452a94d533e26a2348ef598df600b79d061d9ddc1c61466a731,1,1,ok,True,3,1249403,1249.403,0.163898,0.500418,1,time_limit,solomon_exact_1000_v1,,,,,,0.5,,100,,25,fb929496ff25d75a23a6c92e658e328e744854f9461343284195d63b3cc2e764,False,cyclic,e8333e7b809fd1e9e3461ccae56cbf8ff8fca35f919b007888b943c5205b69c5
R203,solomon_txt,38c484db31bd7452a94d533e26a2348ef598df600b79d061d9ddc1c61466a731,2,1,ok,True,3,1204657,1204.657,0.166399,0.500465,1,time_limit,solomon_exact_1000_v1,,,,,,0.5,,100,,25,fb929496ff25d75a23a6c92e658e328e744854f9461343284195d63b3cc2e764,False,cyclic,e8333e7b809fd1e9e3461ccae56cbf8ff8fca35f919b007888b943c5205b69c5
R204,solomon_txt,5349e37d8df99bcbee1efa2e970d2662b5265e5f82fc609343a6af0a60257abf,0,1,ok,True,3,1331038,1331.038,0.209326,0.500242,1,time_limit,solomon_exact_1000_v1,,,,,,0.5,,100,,25,fb929496ff25d75a23a6c92e658e328e744854f9461343284195d63b3cc2e764,False,cyclic,e8333e7b809fd1e9e3461ccae56cbf8ff8fca35f919b007888b943c5205b69c5
R204,solomon_txt,5349e37d8df99bcbee1efa2e970d2662b5265e5f82fc609343a6af0a60257abf,1,1,ok,True,3,1331038,1331.038,0.216589,0.500238,1,time_limit,solomon_exact_1000_v1,,,,,,0.5,,100,,25,fb929496ff25d75a23a6c92e658e328e744854f9461343284195d63b3cc2e764,False,cyclic,e8333e7b809fd1e9e3461ccae56cbf8ff8fca35f919b007888b943c5205b69c5
R204,solomon_txt,5349e37d8df99bcbee1efa2e970d2662b5265e5f82fc609343a6af0a60257abf,2,1,ok,True,3,1310217,1310.217,0.209499,0.500362,1,time_limit,solomon_exact_1000_v1,,,,,,0.5,,100,,25,fb929496ff25d75a23a6c92e658e328e744854f9461343284195d63b3cc2e764,False,cyclic,e8333e7b809fd1e9e3461ccae56cbf8ff8fca35f919b007888b943c5205b69c5
R205,solomon_txt,1996bf8f10716fb8cfc1a585206a6a6e566f32347c1bb8f36c75ed6c887f77e3,0,1,ok,True,3,1303717,1303.717,0.158444,0.500289,1,time_limit,solomon_exact_1000_v1,,,,,,0.5,,100,,25,fb929496ff25d75a23a6c92e658e328e744854f9461343284195d63b3cc2e764,False,cyclic,e8333e7b809fd1e9e3461ccae56cbf8ff8fca35f919b007888b943c5205b69c5
R205,solomon_txt,1996bf8f10716fb8cfc1a585206a6a6e566f32347c1bb8f36c75ed6c887f77e3,1,1,ok,True,4,1700248,1700.248,0.166305,0.500255,1,time_limit,solomon_exact_1000_v1,,,,,,0.5,,100,,25,fb929496ff25d75a23a6c92e658e328e744854f9461343284195d63b3cc2e764,False,cyclic,e8333e7b809fd1e9e3461ccae56cbf8ff8fca35f919b007888b943c5205b69c5
R205,solomon_txt,1996bf8f10716fb8cfc1a585206a6a6e566f32347c1bb8f36c75ed6c887f77e3,2,1,ok,True,3,1408809,1408.809,0.173629,0.500402,1,time_limit,solomon_exact_1000_v1,,,,,,0.5,,100,,25,fb929496ff25d75a23a6c92e658e328e744854f9461343284195d63b3cc2e764,False,cyclic,e8333e7b809fd1e9e3461ccae56cbf8ff8fca35f919b007888b943c5205b69c5
R206,solomon_txt,c8754a0319264d076c038b1bf023c8c4710e8895fe3e03f485e9ae249f32fe43,0,1,ok,True,3,1533607,1533.607,0.173592,0.50026,1,time_limit,solomon_exact_1000_v1,,,,,,0.5,,100,,25,fb929496ff25d75a23a6c92e658e328e744854f9461343284195d63b3cc2e764,False,cyclic,e8333e7b809fd1e9e3461ccae56cbf8ff8fca35f919b007888b943c5205b69c5
R206,solomon_txt,c8754a0319264d076c038b1bf023c8c4710e8895fe3e03f485e9ae249f32fe43,1,1,ok,True,3,1533607,1533.607,0.166331,0.500241,1,time_limit,solomon_exact_1000_v1,,,,,,0.5,,100,,25,fb929496ff25d75a23a6c92e658e328e744854f9461343284195d63b3cc2e764,False,cyclic,e8333e7b809fd1e9e3461ccae56cbf8ff8fca35f919b007888b943c5205b69c5
R206,solomon_txt,c8754a0319264d076c038b1bf023c8c4710e8895fe3e03f485e9ae249f32fe43,2,1,ok,True,3,1531545,1531.545,0.167364,0.500446,1,time_limit,solomon_exact_1000_v1,,,,,,0.5,,100,,25,fb929496ff25d75a23a6c92e658e328e744854f9461343284195d63b3cc2e764,False,cyclic,e8333e7b809fd1e9e3461ccae56cbf8ff8fca35f919b007888b943c5205b69c5
R207,solomon_txt,52dc8eebba43fdc67ca9aadab228b75a297acb55a87db3e4748e82f623e3cbe6,0,1,ok,True,3,1164515,1164.515,0.197665,0.500227,1,time_limit,solomon_exact_1000_v1,,,,,,0.5,,100,,25,fb929496ff25d75a23a6c92e658e328e744854f9461343284195d63b3cc2e764,False,cyclic,e8333e7b809fd1e9e3461ccae56cbf8ff8fca35f919b007888b943c5205b69c5
R207,solomon_txt,52dc8eebba43fdc67ca9aadab228b75a297acb55a87db3e4748e82f623e3cbe6,1,1,ok,True,3,1102590,1102.59,0.205441,0.500241,1,time_limit,solomon_exact_1000_v1,,,,,,0.5,,100,,25,fb929496ff25d75a23a6c92e658e328e744854f9461343284195d63b3cc2e764,False,cyclic,e8333e7b809fd1e9e3461ccae56cbf8ff8fca35f919b007888b943c5205b69c5
R207,solomon_txt,52dc8eebba43fdc67ca9aadab228b75a297acb55a87db3e4748e82f623e3cbe6,2,1,ok,True,3,1035524,1035.524,0.203086,0.500388,1,time_limit,solomon_exact_1000_v1,,,,,,0.5,,100,,25,fb929496ff25d75a23a6c92e658e328e744854f9461343284195d63b3cc2e764,False,cyclic,e8333e7b809fd1e9e3461ccae56cbf8ff8fca35f919b007888b943c5205b69c5
R208,solomon_txt,7b4a95d500af9329dd08791d39898a619faec0f8fac039d57373e761545b980d,0,1,ok,True,3,957965,957.965,0.226361,0.500303,1,time_limit,solomon_exact_1000_v1,,,,,,0.5,,100,,25,fb929496ff25d75a23a6c92e658e328e744854f9461343284195d63b3cc2e764,False,cyclic,e8333e7b809fd1e9e3461ccae56cbf8ff8fca35f919b007888b943c5205b69c5
R208,solomon_txt,7b4a95d500af9329dd08791d39898a619faec0f8fac039d57373e761545b980d,1,1,ok,True,3,957965,957.965,0.218369,0.500289,1,time_limit,solomon_exact_1000_v1,,,,,,0.5,,100,,25,fb929496ff25d75a23a6c92e658e328e744854f9461343284195d63b3cc2e764,False,cyclic,e8333e7b809fd1e9e3461ccae56cbf8ff8fca35f919b007888b943c5205b69c5
R208,solomon_txt,7b4a95d500af9329dd08791d39898a619faec0f8fac039d57373e761545b980d,2,1,ok,True,3,957965,957.965,0.246767,0.500275,1,time_limit,solomon_exact_1000_v1,,,,,,0.5,,100,,25,fb929496ff25d75a23a6c92e658e328e744854f9461343284195d63b3cc2e764,False,cyclic,e8333e7b809fd1e9e3461ccae56cbf8ff8fca35f919b007888b943c5205b69c5
R209,solomon_txt,5b74156d032babcff853ccc693f94463eca8333cd425aa99a39ed996f6258933,0,1,ok,True,3,1278206,1278.206,0.154616,0.500349,1,time_limit,solomon_exact_1000_v1,,,,,,0.5,,100,,25,fb929496ff25d75a23a6c92e658e328e744854f9461343284195d63b3cc2e764,False,cyclic,e8333e7b809fd1e9e3461ccae56cbf8ff8fca35f919b007888b943c5205b69c5
R209,solomon_txt,5b74156d032babcff853ccc693f94463eca8333cd425aa99a39ed996f6258933,1,1,ok,True,3,1303297,1303.297,0.163105,0.500276,1,time_limit,solomon_exact_1000_v1,,,,,,0.5,,100,,25,fb929496ff25d75a23a6c92e658e328e744854f9461343284195d63b3cc2e764,False,cyclic,e8333e7b809fd1e9e3461ccae56cbf8ff8fca35f919b007888b943c5205b69c5
R209,solomon_txt,5b74156d032babcff853ccc693f94463eca8333cd425aa99a39ed996f6258933,2,1,ok,True,3,1388821,1388.821,0.157076,0.500373,1,time_limit,solomon_exact_1000_v1,,,,,,0.5,,100,,25,fb929496ff25d75a23a6c92e658e328e744854f9461343284195d63b3cc2e764,False,cyclic,e8333e7b809fd1e9e3461ccae56cbf8ff8fca35f919b007888b943c5205b69c5
R210,solomon_txt,4e5772f109fb6183e6a648d6a1edaba3435438c2dc11c42da370fecf7bdf3a14,0,1,ok,True,3,1373763,1373.763,0.174656,0.500398,1,time_limit,solomon_exact_1000_v1,,,,,,0.5,,100,,25,fb929496ff25d75a23a6c92e658e328e744854f9461343284195d63b3cc2e764,False,cyclic,e8333e7b809fd1e9e3461ccae56cbf8ff8fca35f919b007888b943c5205b69c5
R210,solomon_txt,4e5772f109fb6183e6a648d6a1edaba3435438c2dc11c42da370fecf7bdf3a14,1,1,ok,True,3,1394449,1394.449,0.196318,0.500438,1,time_limit,solomon_exact_1000_v1,,,,,,0.5,,100,,25,fb929496ff25d75a23a6c92e658e328e744854f9461343284195d63b3cc2e764,False,cyclic,e8333e7b809fd1e9e3461ccae56cbf8ff8fca35f919b007888b943c5205b69c5
R210,solomon_txt,4e5772f109fb6183e6a648d6a1edaba3435438c2dc11c42da370fecf7bdf3a14,2,1,ok,True,3,1364687,1364.687,0.187015,0.500434,1,time_limit,solomon_exact_1000_v1,,,,,,0.5,,100,,25,fb929496ff25d75a23a6c92e658e328e744854f9461343284195d63b3cc2e764,False,cyclic,e8333e7b809fd1e9e3461ccae56cbf8ff8fca35f919b007888b943c5205b69c5
R211,solomon_txt,2965507e467a2f92acd59035975910e36ae11e4f49590d4c7d20a883939227ad,0,1,ok,True,3,1516434,1516.434,0.203589,0.500254,1,time_limit,solomon_exact_1000_v1,,,,,,0.5,,100,,25,fb929496ff25d75a23a6c92e658e328e744854f9461343284195d63b3cc2e764,False,cyclic,e8333e7b809fd1e9e3461ccae56cbf8ff8fca35f919b007888b943c5205b69c5
R211,solomon_txt,2965507e467a2f92acd59035975910e36ae11e4f49590d4c7d20a883939227ad,1,1,ok,True,3,1516434,1516.434,0.18511,0.500427,1,time_limit,solomon_exact_1000_v1,,,,,,0.5,,100,,25,fb929496ff25d75a23a6c92e658e328e744854f9461343284195d63b3cc2e764,False,cyclic,e8333e7b809fd1e9e3461ccae56cbf8ff8fca35f919b007888b943c5205b69c5
R211,solomon_txt,2965507e467a2f92acd59035975910e36ae11e4f49590d4c7d20a883939227ad,2,1,ok,True,3,1506201,1506.201,0.196822,0.50042,1,time_limit,solomon_exact_1000_v1,,,,,,0.5,,100,,25,fb929496ff25d75a23a6c92e658e328e744854f9461343284195d63b3cc2e764,False,cyclic,e8333e7b809fd1e9e3461ccae56cbf8ff8fca35f919b007888b943c5205b69c5
RC101,solomon_txt,ef6893ffd9746ad96de8e4da6e64e2c4ba6e08a1c7eb9457276a9f1caf01ca12,0,1,ok,True,17,2170071,2170.071,0.059648,0.500443,2,time_limit,solomon_exact_1000_v1,,,,,,0.5,,100,,25,fb929496ff25d75a23a6c92e658e328e744854f9461343284195d63b3cc2e764,False,cyclic,e8333e7b809fd1e9e3461ccae56cbf8ff8fca35f919b007888b943c5205b69c5
RC101,solomon_txt,ef6893ffd9746ad96de8e4da6e64e2c4ba6e08a1c7eb9457276a9f1caf01ca12,1,1,ok,True,18,2074763,2074.763,0.056902,0.50048,1,time_limit,solomon_exact_1000_v1,,,,,,0.5,,100,,25,fb929496ff25d75a23a6c92e658e328e744854f9461343284195d63b3cc2e764,False,cyclic,e8333e7b809fd1e9e3461ccae56cbf8ff8fca35f919b007888b943c5205b69c5
RC101,solomon_txt,ef6893ffd9746ad96de8e4da6e64e2c4ba6e08a1c7eb9457276a9f1caf01ca12,2,1,ok,True,18,1980193,1980.193,0.060041,0.500455,1,time_limit,solomon_exact_1000_v1,,,,,,0.5,,100,,25,fb929496ff25d75a23a6c92e658e328e744854f9461343284195d63b3cc2e764,False,cyclic,e8333e7b809fd1e9e3461ccae56cbf8ff8fca35f919b007888b943c5205b69c5
RC102,solomon_txt,36acd349d34a577c7fadd61f78517c2cb74bd06a490273800c288f341e5785a4,0,1,ok,True,15,1753640,1753.64,0.061734,0.50046,2,time_limit,solomon_exact_1000_v1,,,,,,0.5,,100,,25,fb929496ff25d75a23a6c92e658e328e744854f9461343284195d63b3cc2e764,False,cyclic,e8333e7b809fd1e9e3461ccae56cbf8ff8fca35f919b007888b943c5205b69c5
RC102,solomon_txt,36acd349d34a577c7fadd61f78517c2cb74bd06a490273800c288f341e5785a4,1,1,ok,True,15,1830274,1830.274,0.060441,0.500433,1,time_limit,solomon_exact_1000_v1,,,,,,0.5,,100,,25,fb929496ff25d75a23a6c92e658e328e744854f9461343284195d63b3cc2e764,False,cyclic,e8333e7b809fd1e9e3461ccae56cbf8ff8fca35f919b007888b943c5205b69c5
RC102,solomon_txt,36acd349d34a577c7fadd61f78517c2cb74bd06a490273800c288f341e5785a4,2,1,ok,True,16,1812496,1812.496,0.060192,0.500486,1,time_limit,solomon_exact_1000_v1,,,,,,0.5,,100,,25,fb929496ff25d75a23a6c92e658e328e744854f9461343284195d63b3cc2e764,False,cyclic,e8333e7b809fd1e9e3461ccae56cbf8ff8fca35f919b007888b943c5205b69c5
RC103,solomon_txt,00f384138274d5d2bff5c41601db17cc4ad0cfc6315c27e223d4477bf435cc2d,0,1,ok,True,12,1733037,1733.037,0.067535,0.50046,1,time_limit,solomon_exact_1000_v1,,,,,,0.5,,100,,25,fb929496ff25d75a23a6c92e658e328e744854f9461343284195d63b3cc2e764,False,cyclic,e8333e7b809fd1e9e3461ccae56cbf8ff8fca35f919b007888b943c5205b69c5
RC103,solomon_txt,00f384138274d5d2bff5c41601db17cc4ad0cfc6315c27e223d4477bf435cc2d,1,1,ok,True,12,1694862,1694.862,0.068119,0.500517,1,time_limit,solomon_exact_1000_v1,,,,,,0.5,,100,,25,fb929496ff25d75a23a6c92e658e328e744854f9461343284195d63b3cc2e764,False,cyclic,e8333e7b809fd1e9e3461ccae56cbf8ff8fca35f919b007888b943c5205b69c5
RC103,solomon_txt,00f384138274d5d2bff5c41601db17cc4ad0cfc6315c27e223d4477bf435cc2d,2,1,ok,True,13,1938302,1938.302,0.068365,0.500424,1,time_limit,solomon_exact_1000_v1,,,,,,0.5,,100,,25,fb929496ff25d75a23a6c92e658e328e744854f9461343284195d63b3cc2e764,False,cyclic,e8333e7b809fd1e9e3461ccae56cbf8ff8fca35f919b007888b943c5205b69c5
RC104,solomon_txt,d150b2d61049a488fb89a2320c197d81a7ef9a1864abbbaea1d13a2b451253ee,0,1,ok,True,12,1599560,1599.56,0.068493,0.500436,1,time_limit,solomon_exact_1000_v1,,,,,,0.5,,100,,25,fb929496ff25d75a23a6c92e658e328e744854f9461343284195d63b3cc2e764,False,cyclic,e8333e7b809fd1e9e3461ccae56cbf8ff8fca35f919b007888b943c5205b69c5
RC104,solomon_txt,d150b2d61049a488fb89a2320c197d81a7ef9a1864abbbaea1d13a2b451253ee,1,1,ok,True,12,1615654,1615.654,0.070954,0.500478,1,time_limit,solomon_exact_1000_v1,,,,,,0.5,,100,,25,fb929496ff25d75a23a6c92e658e328e744854f9461343284195d63b3cc2e764,False,cyclic,e8333e7b809fd1e9e3461ccae56cbf8ff8fca35f919b007888b943c5205b69c5
RC104,solomon_txt,d150b2d61049a488fb89a2320c197d81a7ef9a1864abbbaea1d13a2b451253ee,2,1,ok,True,11,1476557,1476.557,0.069089,0.500384,1,time_limit,solomon_exact_1000_v1,,,,,,0.5,,100,,25,fb929496ff25d75a23a6c92e658e328e744854f9461343284195d63b3cc2e764,False,cyclic,e8333e7b809fd1e9e3461ccae56cbf8ff8fca35f919b007888b943c5205b69c5
RC105,solomon_txt,b9e912625c1ed80d2f565e0799ade2f4b17bf4f95056322ca23f1a21b37e7a49,0,1,ok,True,16,1886908,1886.908,0.058902,0.500446,1,time_limit,solomon_exact_1000_v1,,,,,,0.5,,100,,25,fb929496ff25d75a23a6c92e658e328e744854f9461343284195d63b3cc2e764,False,cyclic,e8333e7b809fd1e9e3461ccae56cbf8ff8fca35f919b007888b943c5205b69c5
RC105,solomon_txt,b9e912625c1ed80d2f565e0799ade2f4b17bf4f95056322ca23f1a21b37e7a49,1,1,ok,True,16,2098732,2098.732,0.058858,0.500463,1,time_limit,solomon_exact_1000_v1,,,,,,0.5,,100,,25,fb929496ff25d75a23a6c92e658e328e744854f9461343284195d63b3cc2e764,False,cyclic,e8333e7b809fd1e9e3461ccae56cbf8ff8fca35f919b007888b943c5205b69c5
RC105,solomon_txt,b9e912625c1ed80d2f565e0799ade2f4b17bf4f95056322ca23f1a21b37e7a49,2,1,ok,True,16,1879240,1879.24,0.059477,0.500493,1,time_limit,solomon_exact_1000_v1,,,,,,0.5,,100,,25,fb929496ff25d75a23a6c92e658e328e744854f9461343284195d63b3cc2e764,False,cyclic,e8333e7b809fd1e9e3461ccae56cbf8ff8fca35f919b007888b943c5205b69c5
RC106,solomon_txt,bf016ffc567af2d108570357daf1d0cabb7f680c0bd977d2e4366787683fdbaf,0,1,ok,True,15,2117387,2117.387,0.059028,0.500492,1,time_limit,solomon_exact_1000_v1,,,,,,0.5,,100,,25,fb929496ff25d75a23a6c92e658e328e744854f9461343284195d63b3cc2e764,False,cyclic,e8333e7b809fd1e9e3461ccae56cbf8ff8fca35f919b007888b943c5205b69c5
RC106,solomon_txt,bf016ffc567af2d108570357daf1d0cabb7f680c0bd977d2e4366787683fdbaf,1,1,ok,True,15,1846886,1846.886,0.065606,0.50054,1,time_limit,solomon_exact_1000_v1,,,,,,0.5,,100,,25,fb929496ff25d75a23a6c92e658e328e744854f9461343284195d63b3cc2e764,False,cyclic,e8333e7b809fd1e9e3461ccae56cbf8ff8fca35f919b007888b943c5205b69c5
RC106,solomon_txt,bf016ffc567af2d108570357daf1d0cabb7f680c0bd977d2e4366787683fdbaf,2,1,ok,True,15,1949415,1949.415,0.057885,0.50044,1,time_limit,solomon_exact_1000_v1,,,,,,0.5,,100,,25,fb929496ff25d75a23a6c92e658e328e744854f9461343284195d63b3cc2e764,False,cyclic,e8333e7b809fd1e9e3461ccae56cbf8ff8fca35f919b007888b943c5205b69c5
RC107,solomon_txt,fff3fd68d110671ed442575f07cc547291586f30b00c5f73934d521d31311582,0,1,ok,True,14,1674969,1674.969,0.064961,0.500435,1,time_limit,solomon_exact_1000_v1,,,,,,0.5,,100,,25,fb929496ff25d75a23a6c92e658e328e744854f9461343284195d63b3cc2e764,False,cyclic,e8333e7b809fd1e9e3461ccae56cbf8ff8fca35f919b007888b943c5205b69c5
RC107,solomon_txt,fff3fd68d110671ed442575f07cc547291586f30b00c5f73934d521d31311582,1,1,ok,True,14,1790871,1790.871,0.061931,0.500469,1,time_limit,solomon_exact_1000_v1,,,,,,0.5,,100,,25,fb929496ff25d75a23a6c92e658e328e744854f9461343284195d63b3cc2e764,False,cyclic,e8333e7b809fd1e9e3461ccae56cbf8ff8fca35f919b007888b943c5205b69c5
RC107,solomon_txt,fff3fd68d110671ed442575f07cc547291586f30b00c5f73934d521d31311582,2,1,ok,True,14,1819837,1819.837,0.07632,0.500433,1,time_limit,solomon_exact_1000_v1,,,,,,0.5,,100,,25,fb929496ff25d75a23a6c92e658e328e744854f9461343284195d63b3cc2e764,False,cyclic,e8333e7b809fd1e9e3461ccae56cbf8ff8fca35f919b007888b943c5205b69c5
RC108,solomon_txt,006bc8817bf09f9a8c66af8d6f088bdec239b2eb435556e9d11193cf456f7aeb,0,1,ok,True,14,1939901,1939.901,0.064697,0.500485,1,time_limit,solomon_exact_1000_v1,,,,,,0.5,,100,,25,fb929496ff25d75a23a6c92e658e328e744854f9461343284195d63b3cc2e764,False,cyclic,e8333e7b809fd1e9e3461ccae56cbf8ff8fca35f919b007888b943c5205b69c5
RC108,solomon_txt,006bc8817bf09f9a8c66af8d6f088bdec239b2eb435556e9d11193cf456f7aeb,1,1,ok,True,14,1613794,1613.794,0.063276,0.500444,1,time_limit,solomon_exact_1000_v1,,,,,,0.5,,100,,25,fb929496ff25d75a23a6c92e658e328e744854f9461343284195d63b3cc2e764,False,cyclic,e8333e7b809fd1e9e3461ccae56cbf8ff8fca35f919b007888b943c5205b69c5
RC108,solomon_txt,006bc8817bf09f9a8c66af8d6f088bdec239b2eb435556e9d11193cf456f7aeb,2,1,ok,True,14,1689690,1689.69,0.066138,0.500718,1,time_limit,solomon_exact_1000_v1,,,,,,0.5,,100,,25,fb929496ff25d75a23a6c92e658e328e744854f9461343284195d63b3cc2e764,False,cyclic,e8333e7b809fd1e9e3461ccae56cbf8ff8fca35f919b007888b943c5205b69c5
RC201,solomon_txt,288836e2d8c2ace83ebbff77e03ac8cdffc574fc134cade21ef92713f8c52d44,0,1,ok,True,5,2429811,2429.811,0.125141,0.500259,1,time_limit,solomon_exact_1000_v1,,,,,,0.5,,100,,25,fb929496ff25d75a23a6c92e658e328e744854f9461343284195d63b3cc2e764,False,cyclic,e8333e7b809fd1e9e3461ccae56cbf8ff8fca35f919b007888b943c5205b69c5
RC201,solomon_txt,288836e2d8c2ace83ebbff77e03ac8cdffc574fc134cade21ef92713f8c52d44,1,1,ok,True,5,2298475,2298.475,0.12605,0.500409,1,time_limit,solomon_exact_1000_v1,,,,,,0.5,,100,,25,fb929496ff25d75a23a6c92e658e328e744854f9461343284195d63b3cc2e764,False,cyclic,e8333e7b809fd1e9e3461ccae56cbf8ff8fca35f919b007888b943c5205b69c5
RC201,solomon_txt,288836e2d8c2ace83ebbff77e03ac8cdffc574fc134cade21ef92713f8c52d44,2,1,ok,True,5,2378874,2378.874,0.130542,0.500389,1,time_limit,solomon_exact_1000_v1,,,,,,0.5,,100,,25,fb929496ff25d75a23a6c92e658e328e744854f9461343284195d63b3cc2e764,False,cyclic,e8333e7b809fd1e9e3461ccae56cbf8ff8fca35f919b007888b943c5205b69c5
RC202,solomon_txt,5a1dee2017ab0ca4fe280b392678c96e8b5bc71f22d02c8058fbde7c4cfebcf4,0,1,ok,True,4,1920411,1920.411,0.1192,0.500281,1,time_limit,solomon_exact_1000_v1,,,,,,0.5,,100,,25,fb929496ff25d75a23a6c92e658e328e744854f9461343284195d63b3cc2e764,False,cyclic,e8333e7b809fd1e9e3461ccae56cbf8ff8fca35f919b007888b943c5205b69c5
RC202,solomon_txt,5a1dee2017ab0ca4fe280b392678c96e8b5bc71f22d02c8058fbde7c4cfebcf4,1,1,ok,True,4,1818035,1818.035,0.123027,0.500458,1,time_limit,solomon_exact_1000_v1,,,,,,0.5,,100,,25,fb929496ff25d75a23a6c92e658e328e744854f9461343284195d63b3cc2e764,False,cyclic,e8333e7b809fd1e9e3461ccae56cbf8ff8fca35f919b007888b943c5205b69c5
RC202,solomon_txt,5a1dee2017ab0ca4fe280b392678c96e8b5bc71f22d02c8058fbde7c4cfebcf4,2,1,ok,True,4,1619243,1619.243,0.125286,0.500425,1,time_limit,solomon_exact_1000_v1,,,,,,0.5,,100,,25,fb929496ff25d75a23a6c92e658e328e744854f9461343284195d63b3cc2e764,False,cyclic,e8333e7b809fd1e9e3461ccae56cbf8ff8fca35f919b007888b943c5205b69c5
RC203,solomon_txt,4adcb362c23df91f14b828d4964e9383ffb02ee74217afc2d84571f83ed91f8b,0,1,ok,True,3,1400007,1400.007,0.134031,0.500392,1,time_limit,solomon_exact_1000_v1,,,,,,0.5,,100,,25,fb929496ff25d75a23a6c92e658e328e744854f9461343284195d63b3cc2e764,False,cyclic,e8333e7b809fd1e9e3461ccae56cbf8ff8fca35f919b007888b943c5205b69c5
RC203,solomon_txt,4adcb362c23df91f14b828d4964e9383ffb02ee74217afc2d84571f83ed91f8b,1,1,ok,True,3,1545417,1545.417,0.127024,0.500245,1,time_limit,solomon_exact_1000_v1,,,,,,0.5,,100,,25,fb929496ff25d75a23a6c92e658e328e744854f9461343284195d63b3cc2e764,False,cyclic,e8333e7b809fd1e9e3461ccae56cbf8ff8fca35f919b007888b943c5205b69c5
RC203,solomon_txt,4adcb362c23df91f14b828d4964e9383ffb02ee74217afc2d84571f83ed91f8b,2,1,ok,True,3,1516613,1516.613,0.129461,0.500262,2,time_limit,solomon_exact_1000_v1,,,,,,0.5,,100,,25,fb929496ff25d75a23a6c92e658e328e744854f9461343284195d63b3cc2e764,False,cyclic,e8333e7b809fd1e9e3461ccae56cbf8ff8fca35f919b007888b943c5205b69c5
RC204,solomon_txt,11e827eab51a959ebab66344e7b7cfd1aeed895287653b36a72c86a4440ecd77,0,1,ok,True,3,1500593,1500.593,0.197335,0.500253,1,time_limit,solomon_exact_1000_v1,,,,,,0.5,,100,,25,fb929496ff25d75a23a6c92e658e328e744854f9461343284195d63b3cc2e764,False,cyclic,e8333e7b809fd1e9e3461ccae56cbf8ff8fca35f919b007888b943c5205b69c5
RC204,solomon_txt,11e827eab51a959ebab66344e7b7cfd1aeed895287653b36a72c86a4440ecd77,1,1,ok,True,3,1500593,1500.593,0.196961,0.500246,1,time_limit,solomon_exact_1000_v1,,,,,,0.5,,100,,25,fb929496ff25d75a23a6c92e658e328e744854f9461343284195d63b3cc2e764,False,cyclic,e8333e7b809fd1e9e3461ccae56cbf8ff8fca35f919b007888b943c5205b69c5
RC204,solomon_txt,11e827eab51a959ebab66344e7b7cfd1aeed895287653b36a72c86a4440ecd77,2,1,ok,True,3,1500132,1500.132,0.186021,0.500366,1,time_limit,solomon_exact_1000_v1,,,,,,0.5,,100,,25,fb929496ff25d75a23a6c92e658e328e744854f9461343284195d63b3cc2e764,False,cyclic,e8333e7b809fd1e9e3461ccae56cbf8ff8fca35f919b007888b943c5205b69c5
RC205,solomon_txt,c061d306cf42310b0f3ca15612089f6c5a8d5604c0733bf26852477c787662c9,0,1,ok,True,4,1959415,1959.415,0.139276,0.500268,1,time_limit,solomon_exact_1000_v1,,,,,,0.5,,100,,25,fb929496ff25d75a23a6c92e658e328e744854f9461343284195d63b3cc2e764,False,cyclic,e8333e7b809fd1e9e3461ccae56cbf8ff8fca35f919b007888b943c5205b69c5
RC205,solomon_txt,c061d306cf42310b0f3ca15612089f6c5a8d5604c0733bf26852477c787662c9,1,1,ok,True,4,1741837,1741.837,0.142133,0.500392,1,time_limit,solomon_exact_1000_v1,,,,,,0.5,,100,,25,fb929496ff25d75a23a6c92e658e328e744854f9461343284195d63b3cc2e764,False,cyclic,e8333e7b809fd1e9e3461ccae56cbf8ff8fca35f919b007888b943c5205b69c5
RC205,solomon_txt,c061d306cf42310b0f3ca15612089f6c5a8d5604c0733bf26852477c787662c9,2,1,ok,True,4,1689643,1689.643,0.138783,0.500428,1,time_limit,solomon_exact_1000_v1,,,,,,0.5,,100,,25,fb929496ff25d75a23a6c92e658e328e744854f9461343284195d63b3cc2e764,False,cyclic,e8333e7b809fd1e9e3461ccae56cbf8ff8fca35f919b007888b943c5205b69c5
RC206,solomon_txt,5203aecf67c84df49e152645312a837ffefde529314ff892ca061538816e43a9,0,1,ok,True,4,2080287,2080.287,0.142928,0.500331,1,time_limit,solomon_exact_1000_v1,,,,,,0.5,,100,,25,fb929496ff25d75a23a6c92e658e328e744854f9461343284195d63b3cc2e764,False,cyclic,e8333e7b809fd1e9e3461ccae56cbf8ff8fca35f919b007888b943c5205b69c5
RC206,solomon_txt,5203aecf67c84df49e152645312a837ffefde529314ff892ca061538816e43a9,1,1,ok,True,4,1771858,1771.858,0.142482,0.500421,1,time_limit,solomon_exact_1000_v1,,,,,,0.5,,100,,25,fb929496ff25d75a23a6c92e658e328e744854f9461343284195d63b3cc2e764,False,cyclic,e8333e7b809fd1e9e3461ccae56cbf8ff8fca35f919b007888b943c5205b69c5
RC206,solomon_txt,5203aecf67c84df49e152645312a837ffefde529314ff892ca061538816e43a9,2,1,ok,True,4,1725004,1725.004,0.14108,0.5004,1,time_limit,solomon_exact_1000_v1,,,,,,0.5,,100,,25,fb929496ff25d75a23a6c92e658e328e744854f9461343284195d63b3cc2e764,False,cyclic,e8333e7b809fd1e9e3461ccae56cbf8ff8fca35f919b007888b943c5205b69c5
RC207,solomon_txt,5cab65f99b350cdb8fb1c4d0a12dde85eb4ff6a6d6daf292b182cb73de9a8b63,0,1,ok,True,4,1907431,1907.431,0.147759,0.500285,1,time_limit,solomon_exact_1000_v1,,,,,,0.5,,100,,25,fb929496ff25d75a23a6c92e658e328e744854f9461343284195d63b3cc2e764,False,cyclic,e8333e7b809fd1e9e3461ccae56cbf8ff8fca35f919b007888b943c5205b69c5
RC207,solomon_txt,5cab65f99b350cdb8fb1c4d0a12dde85eb4ff6a6d6daf292b182cb73de9a8b63,1,1,ok,True,3,1405392,1405.392,0.15343,0.500285,1,time_limit,solomon_exact_1000_v1,,,,,,0.5,,100,,25,fb929496ff25d75a23a6c92e658e328e744854f9461343284195d63b3cc2e764,False,cyclic,e8333e7b809fd1e9e3461ccae56cbf8ff8fca35f919b007888b943c5205b69c5
RC207,solomon_txt,5cab65f99b350cdb8fb1c4d0a12dde85eb4ff6a6d6daf292b182cb73de9a8b63,2,1,ok,True,4,1865317,1865.317,0.150738,0.500373,1,time_limit,solomon_exact_1000_v1,,,,,,0.5,,100,,25,fb929496ff25d75a23a6c92e658e328e744854f9461343284195d63b3cc2e764,False,cyclic,e8333e7b809fd1e9e3461ccae56cbf8ff8fca35f919b007888b943c5205b69c5
RC208,solomon_txt,3d67d2a8e2758a324643f5d6c6ca87e8c56435273eaa04be33f213bb991f1f28,0,1,ok,True,3,1365201,1365.201,0.150426,0.500264,1,time_limit,solomon_exact_1000_v1,,,,,,0.5,,100,,25,fb929496ff25d75a23a6c92e658e328e744854f9461343284195d63b3cc2e764,False,cyclic,e8333e7b809fd1e9e3461ccae56cbf8ff8fca35f919b007888b943c5205b69c5
RC208,solomon_txt,3d67d2a8e2758a324643f5d6c6ca87e8c56435273eaa04be33f213bb991f1f28,1,1,ok,True,4,1913075,1913.075,0.153854,0.500375,1,time_limit,solomon_exact_1000_v1,,,,,,0.5,,100,,25,fb929496ff25d75a23a6c92e658e328e744854f9461343284195d63b3cc2e764,False,cyclic,e8333e7b809fd1e9e3461ccae56cbf8ff8fca35f919b007888b943c5205b69c5
RC208,solomon_txt,3d67d2a8e2758a324643f5d6c6ca87e8c56435273eaa04be33f213bb991f1f28,2,1,ok,True,4,1909257,1909.257,0.151907,0.500398,1,time_limit,solomon_exact_1000_v1,,,,,,0.5,,100,,25,fb929496ff25d75a23a6c92e658e328e744854f9461343284195d63b3cc2e764,False,cyclic,e8333e7b809fd1e9e3461ccae56cbf8ff8fca35f919b007888b943c5205b69c5
C101,solomon_txt,a6da75152d182d60ecd2c6f854296f5be452f92282d096adebcf5d99a7f16516,0,1,ok,True,10,828937,828.937,0.071859,0.500479,1,time_limit,solomon_exact_1000_v1,,,,,,0.5,,100,,25,fb929496ff25d75a23a6c92e658e328e744854f9461343284195d63b3cc2e764,False,cyclic_single,b569614c59042f14debf4911c0d05092dff69bec7f0512f8207a04bd457d4dd0
C101,solomon_txt,a6da75152d182d60ecd2c6f854296f5be452f92282d096adebcf5d99a7f16516,1,1,ok,True,10,828937,828.937,0.068611,0.500463,1,time_limit,solomon_exact_1000_v1,,,,,,0.5,,100,,25,fb929496ff25d75a23a6c92e658e328e744854f9461343284195d63b3cc2e764,False,cyclic_single,b569614c59042f14debf4911c0d05092dff69bec7f0512f8207a04bd457d4dd0
C101,solomon_txt,a6da75152d182d60ecd2c6f854296f5be452f92282d096adebcf5d99a7f16516,2,1,ok,True,10,828937,828.937,0.070075,0.500601,1,time_limit,solomon_exact_1000_v1,,,,,,0.5,,100,,25,fb929496ff25d75a23a6c92e658e328e744854f9461343284195d63b3cc2e764,False,cyclic_single,b569614c59042f14debf4911c0d05092dff69bec7f0512f8207a04bd457d4dd0
C102,solomon_txt,f89a0e2a760cc7448a4ca72b88e5b29b94d64b5548f3320f42a6230025ead653,0,1,ok,True,10,1133544,1133.544,0.070713,0.500531,1,time_limit,solomon_exact_1000_v1,,,,,,0.5,,100,,25,fb929496ff25d75a23a6c92e658e328e744854f9461343284195d63b3cc2e764,False,cyclic_single,b569614c59042f14debf4911c0d05092dff69bec7f0512f8207a04bd457d4dd0
C102,solomon_txt,f89a0e2a760cc7448a4ca72b88e5b29b94d64b5548f3320f42a6230025ead653,1,1,ok,True,10,1133544,1133.544,0.07506,0.50043,1,time_limit,solomon_exact_1000_v1,,,,,,0.5,,100,,25,fb929496ff25d75a23a6c92e658e328e744854f9461343284195d63b3cc2e764,False,cyclic_single,b569614c59042f14debf4911c0d05092dff69bec7f0512f8207a04bd457d4dd0
C102,solomon_txt,f89a0e2a760cc7448a4ca72b88e5b29b94d64b5548f3320f42a6230025ead653,2,1,ok,True,10,1123602,1123.602,0.071278,0.500451,1,time_limit,solomon_exact_1000_v1,,,,,,0.5,,100,,25,fb929496ff25d75a23a6c92e658e328e744854f9461343284195d63b3cc2e764,False,cyclic_single,b569614c59042f14debf4911c0d05092dff69bec7f0512f8207a04bd457d4dd0
C103,solomon_txt,a55cabf15e0da9d65696a5fb45c9852889479893f76f772a428ca15d1b415a51,0,1,ok,True,10,1473307,1473.307,0.080678,0.500462,1,time_limit,solomon_exact_1000_v1,,,,,,0.5,,100,,25,fb929496ff25d75a23a6c92e658e328e744854f9461343284195d63b3cc2e764,False,cyclic_single,b569614c59042f14debf4911c0d05092dff69bec7f0512f8207a04bd457d4dd0
C103,solomon_txt,a55cabf15e0da9d65696a5fb45c9852889479893f76f772a428ca15d1b415a51,1,1,ok,True,10,1473307,1473.307,0.079852,0.500482,1,time_limit,solomon_exact_1000_v1,,,,,,0.5,,100,,25,fb929496ff25d75a23a6c92e658e328e744854f9461343284195d63b3cc2e764,False,cyclic_single,b569614c59042f14debf4911c0d05092dff69bec7f0512f8207a04bd457d4dd0
C103,solomon_txt,a55cabf15e0da9d65696a5fb45c9852889479893f76f772a428ca15d1b415a51,2,1,ok,True,10,1473307,1473.307,0.079628,0.500535,1,time_limit,solomon_exact_1000_v1,,,,,,0.5,,100,,25,fb929496ff25d75a23a6c92e658e328e744854f9461343284195d63b3cc2e764,False,cyclic_single,b569614c59042f14debf4911c0d05092dff69bec7f0512f8207a04bd457d4dd0
C104,solomon_txt,fe333e81625ee5a75bb2ce98c2c9f356d07289237865b62a23ba2f32f0de5ee2,0,1,ok,True,10,1674077,1674.077,0.082675,0.500483,1,time_limit,solomon_exact_1000_v1,,,,,,0.5,,100,,25,fb929496ff25d75a23a6c92e658e328e744854f9461343284195d63b3cc2e764,False,cyclic_single,b569614c59042f14debf4911c0d05092dff69bec7f0512f8207a04bd457d4dd0
C104,solomon_txt,fe333e81625ee5a75bb2ce98c2c9f356d07289237865b62a23ba2f32f0de5ee2,1,1,ok,True,10,1611474,1611.474,0.081161,0.500481,1,time_limit,solomon_exact_1000_v1,,,,,,0.5,,100,,25,fb929496ff25d75a23a6c92e658e328e744854f9461343284195d63b3cc2e764,False,cyclic_single,b569614c59042f14debf4911c0d05092dff69bec7f0512f8207a04bd457d4dd0
C104,solomon_txt,fe333e81625ee5a75bb2ce98c2c9f356d07289237865b62a23ba2f32f0de5ee2,2,1,ok,True,10,1282597,1282.597,0.081313,0.500465,1,time_limit,solomon_exact_1000_v1,,,,,,0.5,,100,,25,fb929496ff25d75a23a6c92e658e328e744854f9461343284195d63b3cc2e764,False,cyclic_single,b569614c59042f14debf4911c0d05092dff69bec7f0512f8207a04bd457d4dd0
C105,solomon_txt,9a877a3a6fb922e7ad9297cc0308bc8a5652cb1495a0228ee6b81b2d938aa29f,0,1,ok,True,10,1021844,1021.844,0.069184,0.500455,1,time_limit,solomon_exact_1000_v1,,,,,,0.5,,100,,25,fb929496ff25d75a23a6c92e658e328e744854f9461343284195d63b3cc2e764,False,cyclic_single,b569614c59042f14debf4911c0d05092dff69bec7f0512f8207a04bd457d4dd0
C105,solomon_txt,9a877a3a6fb922e7ad9297cc0308bc8a5652cb1495a0228ee6b81b2d938aa29f,1,1,ok,True,10,920905,920.905,0.070296,0.500479,1,time_limit,solomon_exact_1000_v1,,,,,,0.5,,100,,25,fb929496ff25d75a23a6c92e658e328e744854f9461343284195d63b3cc2e764,False,cyclic_single,b569614c59042f14debf4911c0d05092dff69bec7f0512f8207a04bd457d4dd0
C105,solomon_txt,9a877a3a6fb922e7ad9297cc0308bc8a5652cb1495a0228ee6b81b2d938aa29f,2,1,ok,True,10,946284,946.284,0.0849,0.500508,1,time_limit,solomon_exact_1000_v1,,,,,,0.5,,100,,25,fb929496ff25d75a23a6c92e658e328e744854f9461343284195d63b3cc2e764,False,cyclic_single,b569614c59042f14debf4911c0d05092dff69bec7f0512f8207a04bd457d4dd0
C106,solomon_txt,ec9b419bed53e9c607cce76e8c6bc59feb6e4d17646905601f008a4141ec7b40,0,1,ok,True,10,1139253,1139.253,0.066626,0.500518,1,time_limit,solomon_exact_1000_v1,,,,,,0.5,,100,,25,fb929496ff25d75a23a6c92e658e328e744854f9461343284195d63b3cc2e764,False,cyclic_single,b569614c59042f14debf4911c0d05092dff69bec7f0512f8207a04bd457d4dd0
C106,solomon_txt,ec9b419bed53e9c607cce76e8c6bc59feb6e4d17646905601f008a4141ec7b40,1,1,ok,True,10,973978,973.978,0.067954,0.500488,1,time_limit,solomon_exact_1000_v1,,,,,,0.5,,100,,25,fb929496ff25d75a23a6c92e658e328e744854f9461343284195d63b3cc2e764,False,cyclic_single,b569614c59042f14debf4911c0d05092dff69bec7f0512f8207a04bd457d4dd0
C106,solomon_txt,ec9b419bed53e9c607cce76e8c6bc59feb6e4d17646905601f008a4141ec7b40,2,1,ok,True,10,1037941,1037.941,0.068032,0.500499,1,time_limit,solomon_exact_1000_v1,,,,,,0.5,,100,,25,fb929496ff25d75a23a6c92e658e328e744854f9461343284195d63b3cc2e764,False,cyclic_single,b569614c59042f14debf4911c0d05092dff69bec7f0512f8207a04bd457d4dd0
C107,solomon_txt,cb3cdc10d812fa17370eb52cb753b6b0574426dc6fabeb8b9076ed750ddf05ca,0,1,ok,True,10,1025383,1025.383,0.072924,0.50052,1,time_limit,solomon_exact_1000_v1,,,,,,0.5,,100,,25,fb929496ff25d75a23a6c92e658e328e744854f9461343284195d63b3cc2e764,False,cyclic_single,b569614c59042f14debf4911c0d05092dff69bec7f0512f8207a04bd457d4dd0
C107,solomon_txt,cb3cdc10d812fa17370eb52cb753b6b0574426dc6fabeb8b9076ed750ddf05ca,1,1,ok,True,10,994907,994.907,0.083139,0.500487,1,time_limit,solomon_exact_1000_v1,,,,,,0.5,,100,,25,fb929496ff25d75a23a6c92e658e328e744854f9461343284195d63b3cc2e764,False,cyclic_single,b569614c59042f14debf4911c0d05092dff69bec7f0512f8207a04bd457d4dd0
C107,solomon_txt,cb3cdc10d812fa17370eb52cb753b6b0574426dc6fabeb8b9076ed750ddf05ca,2,1,ok,True,10,985121,985.121,0.069699,0.500531,1,time_limit,solomon_exact_1000_v1,,,,,,0.5,,100,,25,fb929496ff25d75a23a6c92e658e328e744854f9461343284195d63b3cc2e764,False,cyclic_single,b569614c59042f14debf4911c0d05092dff69bec7f0512f8207a04bd457d4dd0
C108,solomon_txt,b8c7e48f292b66b283d8e71511e3a4eccaa4c4bc66b9313c399e73b0226f5953,0,1,ok,True,10,1385709,1385.709,0.067581,0.500484,1,time_limit,solomon_exact_1000_v1,,,,,,0.5,,100,,25,fb929496ff25d75a23a6c92e658e328e744854f9461343284195d63b3cc2e764,False,cyclic_single,b569614c59042f14debf4911c0d05092dff69bec7f0512f8207a04bd457d4dd0
C108,solomon_txt,b8c7e48f292b66b283d8e71511e3a4eccaa4c4bc66b9313c399e73b0226f5953,1,1,ok,True,10,1446904,1446.904,0.069711,0.50048,1,time_limit,solomon_exact_1000_v1,,,,,,0.5,,100,,25,fb929496ff25d75a23a6c92e658e328e744854f9461343284195d63b3cc2e764,False,cyclic_single,b569614c59042f14debf4911c0d05092dff69bec7f0512f8207a04bd457d4dd0
C108,solomon_txt,b8c7e48f292b66b283d8e71511e3a4eccaa4c4bc66b9313c399e73b0226f5953,2,1,ok,True,10,1159137,1159.137,0.068293,0.500464,2,time_limit,solomon_exact_1000_v1,,,,,,0.5,,100,,25,fb929496ff25d75a23a6c92e658e328e744854f9461343284195d63b3cc2e764,False,cyclic_single,b569614c59042f14debf4911c0d05092dff69bec7f0512f8207a04bd457d4dd0
C109,solomon_txt,72d8489e14bf1bb18456f0b21b01110506cbcc2354719dae8481b480150f142a,0,1,ok,True,10,1236518,1236.518,0.076219,0.500519,1,time_limit,solomon_exact_1000_v1,,,,,,0.5,,100,,25,fb929496ff25d75a23a6c92e658e328e744854f9461343284195d63b3cc2e764,False,cyclic_single,b569614c59042f14debf4911c0d05092dff69bec7f0512f8207a04bd457d4dd0
C109,solomon_txt,72d8489e14bf1bb18456f0b21b01110506cbcc2354719dae8481b480150f142a,1,1,ok,True,10,1365428,1365.428,0.074047,0.500461,1,time_limit,solomon_exact_1000_v1,,,,,,0.5,,100,,25,fb929496ff25d75a23a6c92e658e328e744854f9461343284195d63b3cc2e764,False,cyclic_single,b569614c59042f14debf4911c0d05092dff69bec7f0512f8207a04bd457d4dd0
C109,solomon_txt,72d8489e14bf1bb18456f0b21b01110506cbcc2354719dae8481b480150f142a,2,1,ok,True,10,1234518,1234.518,0.078999,0.500468,1,time_limit,solomon_exact_1000_v1,,,,,,0.5,,100,,25,fb929496ff25d75a23a6c92e658e328e744854f9461343284195d63b3cc2e764,False,cyclic_single,b569614c59042f14debf4911c0d05092dff69bec7f0512f8207a04bd457d4dd0
C201,solomon_txt,d8d9834087ae2326fa23a8510533060233dc9fb481873be60956eb26a880ad63,0,1,ok,True,3,699635,699.635,0.187077,0.500465,1,time_limit,solomon_exact_1000_v1,,,,,,0.5,,100,,25,fb929496ff25d75a23a6c92e658e328e744854f9461343284195d63b3cc2e764,False,cyclic_single,b569614c59042f14debf4911c0d05092dff69bec7f0512f8207a04bd457d4dd0
C201,solomon_txt,d8d9834087ae2326fa23a8510533060233dc9fb481873be60956eb26a880ad63,1,1,ok,True,3,699635,699.635,0.183233,0.50044,1,time_limit,solomon_exact_1000_v1,,,,,,0.5,,100,,25,fb929496ff25d75a23a6c92e658e328e744854f9461343284195d63b3cc2e764,False,cyclic_single,b569614c59042f14debf4911c0d05092dff69bec7f0512f8207a04bd457d4dd0
C201,solomon_txt,d8d9834087ae2326fa23a8510533060233dc9fb481873be60956eb26a880ad63,2,1,ok,True,3,699635,699.635,0.183549,0.500755,1,time_limit,solomon_exact_1000_v1,,,,,,0.5,,100,,25,fb929496ff25d75a23a6c92e658e328e744854f9461343284195d63b3cc2e764,False,cyclic_single,b569614c59042f14debf4911c0d05092dff69bec7f0512f8207a04bd457d4dd0
C202,solomon_txt,dfc8ecad79f6c7ffb096cd36994143569f0babe284d5ad194683271d81063772,0,1,ok,True,3,725217,725.217,0.176549,0.500444,1,time_limit,solomon_exact_1000_v1,,,,,,0.5,,100,,25,fb929496ff25d75a23a6c92e658e328e744854f9461343284195d63b3cc2e764,False,cyclic_single,b569614c59042f14debf4911c0d05092dff69bec7f0512f8207a04bd457d4dd0
C202,solomon_txt,dfc8ecad79f6c7ffb096cd36994143569f0babe284d5ad194683271d81063772,1,1,ok,True,3,725217,725.217,0.183382,0.500492,1,time_limit,solomon_exact_1000_v1,,,,,,0.5,,100,,25,fb929496ff25d75a23a6c92e658e328e744854f9461343284195d63b3cc2e764,False,cyclic_single,b569614c59042f14debf4911c0d05092dff69bec7f0512f8207a04bd457d4dd0
C202,solomon_txt,dfc8ecad79f6c7ffb096cd36994143569f0babe284d5ad194683271d81063772,2,1,ok,True,3,725217,725.217,0.186516,0.500465,1,time_limit,solomon_exact_1000_v1,,,,,,0.5,,100,,25,fb929496ff25d75a23a6c92e658e328e744854f9461343284195d63b3cc2e764,False,cyclic_single,b569614c59042f14debf4911c0d05092dff69bec7f0512f8207a04bd457d4dd0
C203,solomon_txt,2b79eea2962a848cb29f6153d4fb4ae725d35507686d937da6643b33fcd85062,0,1,ok,True,3,641136,641.136,0.168348,0.500457,1,time_limit,solomon_exact_1000_v1,,,,,,0.5,,100,,25,fb929496ff25d75a23a6c92e658e328e744854f9461343284195d63b3cc2e764,False,cyclic_single,b569614c59042f14debf4911c0d05092dff69bec7f0512f8207a04bd457d4dd0
C203,solomon_txt,2b79eea2962a848cb29f6153d4fb4ae725d35507686d937da6643b33fcd85062,1,1,ok,True,3,757101,757.101,0.16403,0.500438,1,time_limit,solomon_exact_1000_v1,,,,,,0.5,,100,,25,fb929496ff25d75a23a6c92e658e328e744854f9461343284195d63b3cc2e764,False,cyclic_single,b569614c59042f14debf4911c0d05092dff69bec7f0512f8207a04bd457d4dd0
C203,solomon_txt,2b79eea2962a848cb29f6153d4fb4ae725d35507686d937da6643b33fcd85062,2,1,ok,True,3,668237,668.237,0.168993,0.500421,1,time_limit,solomon_exact_1000_v1,,,,,,0.5,,100,,25,fb929496ff25d75a23a6c92e658e328e744854f9461343284195d63b3cc2e764,False,cyclic_single,b569614c59042f14debf4911c0d05092dff69bec7f0512f8207a04bd457d4dd0
C204,solomon_txt,4331b2744d34e32c2987e3fe8a82b782a2039d757d2aac818f7e0fd21117bfb4,0,1,ok,True,3,935920,935.92,0.182109,0.500582,1,time_limit,solomon_exact_1000_v1,,,,,,0.5,,100,,25,fb929496ff25d75a23a6c92e658e328e744854f9461343284195d63b3cc2e764,False,cyclic_single,b569614c59042f14debf4911c0d05092dff69bec7f0512f8207a04bd457d4dd0
C204,solomon_txt,4331b2744d34e32c2987e3fe8a82b782a2039d757d2aac818f7e0fd21117bfb4,1,1,ok,True,3,769862,769.862,0.18295,0.500442,1,time_limit,solomon_exact_1000_v1,,,,,,0.5,,100,,25,fb929496ff25d75a23a6c92e658e328e744854f9461343284195d63b3cc2e764,False,cyclic_single,b569614c59042f14debf4911c0d05092dff69bec7f0512f8207a04bd457d4dd0
C204,solomon_txt,4331b2744d34e32c2987e3fe8a82b782a2039d757d2aac818f7e0fd21117bfb4,2,1,ok,True,3,731614,731.614,0.181492,0.50043,1,time_limit,solomon_exact_1000_v1,,,,,,0.5,,100,,25,fb929496ff25d75a23a6c92e658e328e744854f9461343284195d63b3cc2e764,False,cyclic_single,b569614c59042f14debf4911c0d05092dff69bec7f0512f8207a04bd457d4dd0
C205,solomon_txt,15be2bb8c3e4ad99a79d1e7ee0472223feb95a4f423d010e032bda0a87266ca5,0,1,ok,True,3,739912,739.912,0.165101,0.500399,1,time_limit,solomon_exact_1000_v1,,,,,,0.5,,100,,25,fb929496ff25d75a23a6c92e658e328e744854f9461343284195d63b3cc2e764,False,cyclic_single,b569614c59042f14debf4911c0d05092dff69bec7f0512f8207a04bd457d4dd0
C205,solomon_txt,15be2bb8c3e4ad99a79d1e7ee0472223feb95a4f423d010e032bda0a87266ca5,1,1,ok,True,3,760490,760.49,0.167188,0.500416,1,time_limit,solomon_exact_1000_v1,,,,,,0.5,,100,,25,fb929496ff25d75a23a6c92e658e328e744854f9461343284195d63b3cc2e764,False,cyclic_single,b569614c59042f14debf4911c0d05092dff69bec7f0512f8207a04bd457d4dd0
C205,solomon_txt,15be2bb8c3e4ad99a79d1e7ee0472223feb95a4f423d010e032bda0a87266ca5,2,1,ok,True,3,641484,641.484,0.159276,0.50058,1,time_limit,solomon_exact_1000_v1,,,,,,0.5,,100,,25,fb929496ff25d75a23a6c92e658e328e744854f9461343284195d63b3cc2e764,False,cyclic_single,b569614c59042f14debf4911c0d05092dff69bec7f0512f8207a04bd457d4dd0
C206,solomon_txt,745b6c7042707ffbbfc4d681ee02a84431425f1dfb3c8aa85ecf003fec8f7e53,0,1,ok,True,3,652936,652.936,0.175188,0.500392,1,time_limit,solomon_exact_1000_v1,,,,,,0.5,,100,,25,fb929496ff25d75a23a6c92e658e328e744854f9461343284195d63b3cc2e764,False,cyclic_single,b569614c59042f14debf4911c0d05092dff69bec7f0512f8207a04bd457d4dd0
C206,solomon_txt,745b6c7042707ffbbfc4d681ee02a84431425f1dfb3c8aa85ecf003fec8f7e53,1,1,ok,True,3,945438,945.438,0.176627,0.500478,1,time_limit,solomon_exact_1000_v1,,,,,,0.5,,100,,25,fb929496ff25d75a23a6c92e658e328e744854f9461343284195d63b3cc2e764,False,cyclic_single,b569614c59042f14debf4911c0d05092dff69bec7f0512f8207a04bd457d4dd0
C206,solomon_txt,745b6c7042707ffbbfc4d681ee02a84431425f1dfb3c8aa85ecf003fec8f7e53,2,1,ok,True,3,653867,653.867,0.189536,0.500426,1,time_limit,solomon_exact_1000_v1,,,,,,0.5,,100,,25,fb929496ff25d75a23a6c92e658e328e744854f9461343284195d63b3cc2e764,False,cyclic_single,b569614c59042f14debf4911c0d05092dff69bec7f0512f8207a04bd457d4dd0
C207,solomon_txt,a33f03570a944c8a6d185fd6a173e66c68e67c399a4958b2d5b6d49533ace4a4,0,1,ok,True,3,874618,874.618,0.182966,0.500448,1,time_limit,solomon_exact_1000_v1,,,,,,0.5,,100,,25,fb929496ff25d75a23a6c92e658e328e744854f9461343284195d63b3cc2e764,False,cyclic_single,b569614c59042f14debf4911c0d05092dff69bec7f0512f8207a04bd457d4dd0
C207,solomon_txt,a33f03570a944c8a6d185fd6a173e66c68e67c399a4958b2d5b6d49533ace4a4,1,1,ok,True,3,754743,754.743,0.189064,0.500439,1,time_limit,solomon_exact_1000_v1,,,,,,0.5,,100,,25,fb929496ff25d75a23a6c92e658e328e744854f9461343284195d63b3cc2e764,False,cyclic_single,b569614c59042f14debf4911c0d05092dff69bec7f0512f8207a04bd457d4dd0
C207,solomon_txt,a33f03570a944c8a6d185fd6a173e66c68e67c399a4958b2d5b6d49533ace4a4,2,1,ok,True,3,652359,652.359,0.188721,0.500555,1,time_limit,solomon_exact_1000_v1,,,,,,0.5,,100,,25,fb929496ff25d75a23a6c92e658e328e744854f9461343284195d63b3cc2e764,False,cyclic_single,b569614c59042f14debf4911c0d05092dff69bec7f0512f8207a04bd457d4dd0
C208,solomon_txt,1c2f2381b8743680dbeb34322869cbf5a6cdd8c281f4bcffdb99b533e601874b,0,1,ok,True,4,957831,957.831,0.187988,0.500255,1,time_limit,solomon_exact_1000_v1,,,,,,0.5,,100,,25,fb929496ff25d75a23a6c92e658e328e744854f9461343284195d63b3cc2e764,False,cyclic_single,b569614c59042f14debf4911c0d05092dff69bec7f0512f8207a04bd457d4dd0
C208,solomon_txt,1c2f2381b8743680dbeb34322869cbf5a6cdd8c281f4bcffdb99b533e601874b,1,1,ok,True,4,957831,957.831,0.182136,0.500261,1,time_limit,solomon_exact_1000_v1,,,,,,0.5,,100,,25,fb929496ff25d75a23a6c92e658e328e744854f9461343284195d63b3cc2e764,False,cyclic_single,b569614c59042f14debf4911c0d05092dff69bec7f0512f8207a04bd457d4dd0
C208,solomon_txt,1c2f2381b8743680dbeb34322869cbf5a6cdd8c281f4bcffdb99b533e601874b,2,1,ok,True,3,655750,655.75,0.186181,0.500401,1,time_limit,solomon_exact_1000_v1,,,,,,0.5,,100,,25,fb929496ff25d75a23a6c92e658e328e744854f9461343284195d63b3cc2e764,False,cyclic_single,b569614c59042f14debf4911c0d05092dff69bec7f0512f8207a04bd457d4dd0
R101,solomon_txt,3f3655182bc0fe44ce5de65fdcd2ee2f9c7fb9ed055f923635151d9d6f76d3ed,0,1,ok,True,22,1889448,1889.448,0.051776,0.500488,1,time_limit,solomon_exact_1000_v1,,,,,,0.5,,100,,25,fb929496ff25d75a23a6c92e658e328e744854f9461343284195d63b3cc2e764,False,cyclic_single,b569614c59042f14debf4911c0d05092dff69bec7f0512f8207a04bd457d4dd0
R101,solomon_txt,3f3655182bc0fe44ce5de65fdcd2ee2f9c7fb9ed055f923635151d9d6f76d3ed,1,1,ok,True,21,1901501,1901.501,0.051515,0.500459,1,time_limit,solomon_exact_1000_v1,,,,,,0.5,,100,,25,fb929496ff25d75a23a6c92e658e328e744854f9461343284195d63b3cc2e764,False,cyclic_single,b569614c59042f14debf4911c0d05092dff69bec7f0512f8207a04bd457d4dd0
R101,solomon_txt,3f3655182bc0fe44ce5de65fdcd2ee2f9c7fb9ed055f923635151d9d6f76d3ed,2,1,ok,True,21,1852250,1852.25,0.052635,0.500464,1,time_limit,solomon_exact_1000_v1,,,,,,0.5,,100,,25,fb929496ff25d75a23a6c92e658e328e744854f9461343284195d63b3cc2e764,False,cyclic_single,b569614c59042f14debf4911c0d05092dff69bec7f0512f8207a04bd457d4dd0
R102,solomon_txt,eeb23171b7e4fbfc80bf000ca770329109900fbd7273fa8b9d1f95b7dfe683c3,0,1,ok,True,19,1639416,1639.416,0.06032,0.500492,1,time_limit,solomon_exact_1000_v1,,,,,,0.5,,100,,25,fb929496ff25d75a23a6c92e658e328e744854f9461343284195d63b3cc2e764,False,cyclic_single,b569614c59042f14debf4911c0d05092dff69bec7f0512f8207a04bd457d4dd0
R102,solomon_txt,eeb23171b7e4fbfc80bf000ca770329109900fbd7273fa8b9d1f95b7dfe683c3,1,1,ok,True,19,1683755,1683.755,0.056305,0.500481,1,time_limit,solomon_exact_1000_v1,,,,,,0.5,,100,,25,fb929496ff25d75a23a6c92e658e328e744854f9461343284195d63b3cc2e764,False,cyclic_single,b569614c59042f14debf4911c0d05092dff69bec7f0512f8207a04bd457d4dd0
R102,solomon_txt,eeb23171b7e4fbfc80bf000ca770329109900fbd7273fa8b9d1f95b7dfe683c3,2,1,ok,True,19,1604374,1604.374,0.055727,0.500485,1,time_limit,solomon_exact_1000_v1,,,,,,0.5,,100,,25,fb929496ff25d75a23a6c92e658e328e744854f9461343284195d63b3cc2e764,False,cyclic_single,b569614c59042f14debf4911c0d05092dff69bec7f0512f8207a04bd457d4dd0
R103,solomon_txt,1f833e8648ba39e0edc76754fb49e81777a7175cf7b084c3f60a12607bfb3991,0,1,ok,True,14,1504209,1504.209,0.065282,0.50042,1,time_limit,solomon_exact_1000_v1,,,,,,0.5,,100,,25,fb929496ff25d75a23a6c92e658e328e744854f9461343284195d63b3cc2e764,False,cyclic_single,b569614c59042f14debf4911c0d05092dff69bec7f0512f8207a04bd457d4dd0
R103,solomon_txt,1f833e8648ba39e0edc76754fb49e81777a7175cf7b084c3f60a12607bfb3991,1,1,ok,True,14,1504209,1504.209,0.063012,0.500446,1,time_limit,solomon_exact_1000_v1,,,,,,0.5,,100,,25,fb929496ff25d75a23a6c92e658e328e744854f9461343284195d63b3cc2e764,False,cyclic_single,b569614c59042f14debf4911c0d05092dff69bec7f0512f8207a04bd457d4dd0
R103,solomon_txt,1f833e8648ba39e0edc76754fb49e81777a7175cf7b084c3f60a12607bfb3991,2,1,ok,True,14,1500980,1500.98,0.062968,0.500483,1,time_limit,solomon_exact_1000_v1,,,,,,0.5,,100,,25,fb929496ff25d75a23a6c92e658e328e744854f9461343284195d63b3cc2e764,False,cyclic_single,b569614c59042f14debf4911c0d05092dff69bec7f0512f8207a04bd457d4dd0
R104,solomon_txt,dd087124311d91facd81736debbfc7d0f351d27942917e2d76cbafd01e6183b7,0,1,ok,True,11,1184423,1184.423,0.072944,0.500462,2,time_limit,solomon_exact_1000_v1,,,,,,0.5,,100,,25,fb929496ff25d75a23a6c92e658e328e744854f9461343284195d63b3cc2e764,False,cyclic_single,b569614c59042f14debf4911c0d05092dff69bec7f0512f8207a04bd457d4dd0
R104,solomon_txt,dd087124311d91facd81736debbfc7d0f351d27942917e2d76cbafd01e6183b7,1,1,ok,True,11,1211176,1211.176,0.074176,0.500432,1,time_limit,solomon_exact_1000_v1,,,,,,0.5,,100,,25,fb929496ff25d75a23a6c92e658e328e744854f9461343284195d63b3cc2e764,False,cyclic_single,b569614c59042f14debf4911c0d05092dff69bec7f0512f8207a04bd457d4dd0
R104,solomon_txt,dd087124311d91facd81736debbfc7d0f351d27942917e2d76cbafd01e6183b7,2,1,ok,True,11,1317362,1317.362,0.076471,0.500429,1,time_limit,solomon_exact_1000_v1,,,,,,0.5,,100,,25,fb929496ff25d75a23a6c92e658e328e744854f9461343284195d63b3cc2e764,False,cyclic_single,b569614c59042f14debf4911c0d05092dff69bec7f0512f8207a04bd457d4dd0
R105,solomon_txt,ff1a614f8458d6339b3f54d8e4ca2dcf0a35c96012f477f6a819ae481de85ca4,0,1,ok,True,16,1682938,1682.938,0.056505,0.500397,1,time_limit,solomon_exact_1000_v1,,,,,,0.5,,100,,25,fb929496ff25d75a23a6c92e658e328e744854f9461343284195d63b3cc2e764,False,cyclic_single,b569614c59042f14debf4911c0d05092dff69bec7f0512f8207a04bd457d4dd0
R105,solomon_txt,ff1a614f8458d6339b3f54d8e4ca2dcf0a35c96012f477f6a819ae481de85ca4,1,1,ok,True,17,1666261,1666.261,0.058627,0.500594,1,time_limit,solomon_exact_1000_v1,,,,,,0.5,,100,,25,fb929496ff25d75a23a6c92e658e328e744854f9461343284195d63b3cc2e764,False,cyclic_single,b569614c59042f14debf4911c0d05092dff69bec7f0512f8207a04bd457d4dd0
R105,solomon_txt,ff1a614f8458d6339b3f54d8e4ca2dcf0a35c96012f477f6a819ae481de85ca4,2,1,ok,True,16,1694139,1694.139,0.056631,0.500492,1,time_limit,solomon_exact_1000_v1,,,,,,0.5,,100,,25,fb929496ff25d75a23a6c92e658e328e744854f9461343284195d63b3cc2e764,False,cyclic_single,b569614c59042f14debf4911c0d05092dff69bec7f0512f8207a04bd457d4dd0
R106,solomon_txt,31b8783d177f0fbe1c84b8f085fbf28b1989a80e4c00f49f5654ebef99835e97,0,1,ok,True,14,1540595,1540.595,0.064677,0.501069,1,time_limit,solomon_exact_1000_v1,,,,,,0.5,,100,,25,fb929496ff25d75a23a6c92e658e328e744854f9461343284195d63b3cc2e764,False,cyclic_single,b569614c59042f14debf4911c0d05092dff69bec7f0512f8207a04bd457d4dd0
R106,solomon_txt,31b8783d177f0fbe1c84b8f085fbf28b1989a80e4c00f49f5654ebef99835e97,1,1,ok,True,14,1635680,1635.68,0.060184,0.500447,1,time_limit,solomon_exact_1000_v1,,,,,,0.5,,100,,25,fb929496ff25d75a23a6c92e658e328e744854f9461343284195d63b3cc2e764,False,cyclic_single,b569614c59042f14debf4911c0d05092dff69bec7f0512f8207a04bd457d4dd0
R106,solomon_txt,31b8783d177f0fbe1c84b8f085fbf28b1989a80e4c00f49f5654ebef99835e97,2,1,ok,True,14,1555391,1555.391,0.05996,0.500428,1,time_limit,solomon_exact_1000_v1,,,,,,0.5,,100,,25,fb929496ff25d75a23a6c92e658e328e744854f9461343284195d63b3cc2e764,False,cyclic_single,b569614c59042f14debf4911c0d05092dff69bec7f0512f8207a04bd457d4dd0
R107,solomon_txt,dba2b257a1d43d7c78d5e3a9f09091a2b125d3fbec78c0c8a1782add669a1275,0,1,ok,True,12,1282468,1282.468,0.070758,0.500453,1,time_limit,solomon_exact_1000_v1,,,,,,0.5,,100,,25,fb929496ff25d75a23a6c92e658e328e744854f9461343284195d63b3cc2e764,False,cyclic_single,b569614c59042f14debf4911c0d05092dff69bec7f0512f8207a04bd457d4dd0
R107,solomon_txt,dba2b257a1d43d7c78d5e3a9f09091a2b125d3fbec78c0c8a1782add669a1275,1,1,ok,True,12,1502317,1502.317,0.067387,0.500438,1,time_limit,solomon_exact_1000_v1,,,,,,0.5,,100,,25,fb929496ff25d75a23a6c92e658e328e744854f9461343284195d63b3cc2e764,False,cyclic_single,b569614c59042f14debf4911c0d05092dff69bec7f0512f8207a04bd457d4dd0
R107,solomon_txt,dba2b257a1d43d7c78d5e3a9f09091a2b125d3fbec78c0c8a1782add669a1275,2,1,ok,True,12,1486083,1486.083,0.068631,0.500446,1,time_limit,solomon_exact_1000_v1,,,,,,0.5,,100,,25,fb929496ff25d75a23a6c92e658e328e744854f9461343284195d63b3cc2e764,False,cyclic_single,b569614c59042f14debf4911c0d05092dff69bec7f0512f8207a04bd457d4dd0
R108,solomon_txt,65cae09f4099b7e70d2b723e0e3a30aa1494c75a367bb894a3fd13241ee639d4,0,1,ok,True,11,1308296,1308.296,0.072676,0.500383,1,time_limit,solomon_exact_1000_v1,,,,,,0.5,,100,,25,fb929496ff25d75a23a6c92e658e328e744854f9461343284195d63b3cc2e764,False,cyclic_single,b569614c59042f14debf4911c0d05092dff69bec7f0512f8207a04bd457d4dd0
R108,solomon_txt,65cae09f4099b7e70d2b723e0e3a30aa1494c75a367bb894a3fd13241ee639d4,1,1,ok,True,10,1128679,1128.679,0.074482,0.500455,1,time_limit,solomon_exact_1000_v1,,,,,,0.5,,100,,25,fb929496ff25d75a23a6c92e658e328e744854f9461343284195d63b3cc2e764,False,cyclic_single,b569614c59042f14debf4911c0d05092dff69bec7f0512f8207a04bd457d4dd0
R108,solomon_txt,65cae09f4099b7e70d2b723e0e3a30aa1494c75a367bb894a3fd13241ee639d4,2,1,ok,True,11,1356475,1356.475,0.071954,0.500444,1,time_limit,solomon_exact_1000_v1,,,,,,0.5,,100,,25,fb929496ff25d75a23a6c92e658e328e744854f9461343284195d63b3cc2e764,False,cyclic_single,b569614c59042f14debf4911c0d05092dff69bec7f0512f8207a04bd457d4dd0
R109,solomon_txt,4ef24030e8c48de5f85dcd90c5739186004fc8dec87533b6467013cf996f4777,0,1,ok,True,14,1486606,1486.606,0.056594,0.500412,1,time_limit,solomon_exact_1000_v1,,,,,,0.5,,100,,25,fb929496ff25d75a23a6c92e658e328e744854f9461343284195d63b3cc2e764,False,cyclic_single,b569614c59042f14debf4911c0d05092dff69bec7f0512f8207a04bd457d4dd0
R109,solomon_txt,4ef24030e8c48de5f85dcd90c5739186004fc8dec87533b6467013cf996f4777,1,1,ok,True,15,1550578,1550.578,0.057141,0.500451,1,time_limit,solomon_exact_1000_v1,,,,,,0.5,,100,,25,fb929496ff25d75a23a6c92e658e328e744854f9461343284195d63b3cc2e764,False,cyclic_single,b569614c59042f14debf4911c0d05092dff69bec7f0512f8207a04bd457d4dd0
R109,solomon_txt,4ef24030e8c48de5f85dcd90c5739186004fc8dec87533b6467013cf996f4777,2,1,ok,True,15,1620291,1620.291,0.056348,0.500617,1,time_limit,solomon_exact_1000_v1,,,,,,0.5,,100,,25,fb929496ff25d75a23a6c92e658e328e744854f9461343284195d63b3cc2e764,False,cyclic_single,b569614c59042f14debf4911c0d05092dff69bec7f0512f8207a04bd457d4dd0
R110,solomon_txt,14cb53cb99af61d3d708f07564b9a72d146e7c26b4f10507cfaf3bc828f34bfa,0,1,ok,True,13,1554026,1554.026,0.064406,0.500475,1,time_limit,solomon_exact_1000_v1,,,,,,0.5,,100,,25,fb929496ff25d75a23a6c92e658e328e744854f9461343284195d63b3cc2e764,False,cyclic_single,b569614c59042f14debf4911c0d05092dff69bec7f0512f8207a04bd457d4dd0
R110,solomon_txt,14cb53cb99af61d3d708f07564b9a72d146e7c26b4f10507cfaf3bc828f34bfa,1,1,ok,True,13,1518728,1518.728,0.063419,0.500422,1,time_limit,solomon_exact_1000_v1,,,,,,0.5,,100,,25,fb929496ff25d75a23a6c92e658e328e744854f9461343284195d63b3cc2e764,False,cyclic_single,b569614c59042f14debf4911c0d05092dff69bec7f0512f8207a04bd457d4dd0
R110,solomon_txt,14cb53cb99af61d3d708f07564b9a72d146e7c26b4f10507cfaf3bc828f34bfa,2,1,ok,True,13,1564762,1564.762,0.063455,0.500416,1,time_limit,solomon_exact_1000_v1,,,,,,0.5,,100,,25,fb929496ff25d75a23a6c92e658e328e744854f9461343284195d63b3cc2e764,False,cyclic_single,b569614c59042f14debf4911c0d05092dff69bec7f0512f8207a04bd457d4dd0
R111,solomon_txt,3d94a73b1f2fe8aae4618b9d9ea254cff2e3924a6a841aa390096ec6c60f258d,0,1,ok,True,12,1396328,1396.328,0.073589,0.500463,1,time_limit,solomon_exact_1000_v1,,,,,,0.5,,100,,25,fb929496ff25d75a23a6c92e658e328e744854f9461343284195d63b3cc2e764,False,cyclic_single,b569614c59042f14debf4911c0d05092dff69bec7f0512f8207a04bd457d4dd0
R111,solomon_txt,3d94a73b1f2fe8aae4618b9d9ea254cff2e3924a6a841aa390096ec6c60f258d,1,1,ok,True,12,1394620,1394.62,0.067044,0.5005,1,time_limit,solomon_exact_1000_v1,,,,,,0.5,,100,,25,fb929496ff25d75a23a6c92e658e328e744854f9461343284195d63b3cc2e764,False,cyclic_single,b569614c59042f14debf4911c0d05092dff69bec7f0512f8207a04bd457d4dd0
R111,solomon_txt,3d94a73b1f2fe8aae4618b9d9ea254cff2e3924a6a841aa390096ec6c60f258d,2,1,ok,True,12,1294942,1294.942,0.073622,0.500433,1,time_limit,solomon_exact_1000_v1,,,,,,0.5,,100,,25,fb929496ff25d75a23a6c92e658e328e744854f9461343284195d63b3cc2e764,False,cyclic_single,b569614c59042f14debf4911c0d05092dff69bec7f0512f8207a04bd457d4dd0
R112,solomon_txt,a0e93149d59d30c356619891d192e86d0f16c3158e1dac3bd9f23c6deb718271,0,1,ok,True,12,1457442,1457.442,0.065242,0.50045,1,time_limit,solomon_exact_1000_v1,,,,,,0.5,,100,,25,fb929496ff25d75a23a6c92e658e328e744854f9461343284195d63b3cc2e764,False,cyclic_single,b569614c59042f14debf4911c0d05092dff69bec7f0512f8207a04bd457d4dd0
R112,solomon_txt,a0e93149d59d30c356619891d192e86d0f16c3158e1dac3bd9f23c6deb718271,1,1,ok,True,13,1417159,1417.159,0.065716,0.500651,1,time_limit,solomon_exact_1000_v1,,,,,,0.5,,100,,25,fb929496ff25d75a23a6c92e658e328e744854f9461343284195d63b3cc2e764,False,cyclic_single,b569614c59042f14debf4911c0d05092dff69bec7f0512f8207a04bd457d4dd0
R112,solomon_txt,a0e93149d59d30c356619891d192e86d0f16c3158e1dac3bd9f23c6deb718271,2,1,ok,True,12,1342290,1342.29,0.065239,0.500443,1,time_limit,solomon_exact_1000_v1,,,,,,0.5,,100,,25,fb929496ff25d75a23a6c92e658e328e744854f9461343284195d63b3cc2e764,False,cyclic_single,b569614c59042f14debf4911c0d05092dff69bec7f0512f8207a04bd457d4dd0
R201,solomon_txt,0be960ec998fff2cab0bdbcc5194c617e5ca0a79c82c5b32b1d4bd98b2cae210,0,1,ok,True,5,1726658,1726.658,0.144285,0.500267,1,time_limit,solomon_exact_1000_v1,,,,,,0.5,,100,,25,fb929496ff25d75a23a6c92e658e328e744854f9461343284195d63b3cc2e764,False,cyclic_single,b569614c59042f14debf4911c0d05092dff69bec7f0512f8207a04bd457d4dd0
R201,solomon_txt,0be960ec998fff2cab0bdbcc5194c617e5ca0a79c82c5b32b1d4bd98b2cae210,1,1,ok,True,4,1671680,1671.68,0.131378,0.500241,1,time_limit,solomon_exact_1000_v1,,,,,,0.5,,100,,25,fb929496ff25d75a23a6c92e658e328e744854f9461343284195d63b3cc2e764,False,cyclic_single,b569614c59042f14debf4911c0d05092dff69bec7f0512f8207a04bd457d4dd0
R201,solomon_txt,0be960ec998fff2cab0bdbcc5194c617e5ca0a79c82c5b32b1d4bd98b2cae210,2,1,ok,True,4,1605282,1605.282,0.139322,0.500429,1,time_limit,solomon_exact_1000_v1,,,,,,0.5,,100,,25,fb929496ff25d75a23a6c92e658e328e744854f9461343284195d63b3cc2e764,False,cyclic_single,b569614c59042f14debf4911c0d05092dff69bec7f0512f8207a04bd457d4dd0
R202,solomon_txt,1f7761bb33e9dd0c94837b32c72280296ffc283dba997379c7ad75ce00dffc8d,0,1,ok,True,4,1622244,1622.244,0.159314,0.500273,1,time_limit,solomon_exact_1000_v1,,,,,,0.5,,100,,25,fb929496ff25d75a23a6c92e658e328e744854f9461343284195d63b3cc2e764,False,cyclic_single,b569614c59042f14debf4911c0d05092dff69bec7f0512f8207a04bd457d4dd0
R202,solomon_txt,1f7761bb33e9dd0c94837b32c72280296ffc283dba997379c7ad75ce00dffc8d,1,1,ok,True,4,1622244,1622.244,0.155074,0.500452,1,time_limit,solomon_exact_1000_v1,,,,,,0.5,,100,,25,fb929496ff25d75a23a6c92e658e328e744854f9461343284195d63b3cc2e764,False,cyclic_single,b569614c59042f14debf4911c0d05092dff69bec7f0512f8207a04bd457d4dd0
R202,solomon_txt,1f7761bb33e9dd0c94837b32c72280296ffc283dba997379c7ad75ce00dffc8d,2,1,ok,True,4,1622244,1622.244,0.153845,0.500421,1,time_limit,solomon_exact_1000_v1,,,,,,0.5,,100,,25,fb929496ff25d75a23a6c92e658e328e744854f9461343284195d63b3cc2e764,False,cyclic_single,b569614c59042f14debf4911c0d05092dff69bec7f0512f8207a04bd457d4dd0
R203,solomon_txt,38c484db31bd7452a94d533e26a2348ef598df600b79d061d9ddc1c61466a731,0,1,ok,True,3,1292066,1292.066,0.165204,0.500499,1,time_limit,solomon_exact_1000_v1,,,,,,0.5,,100,,25,fb929496ff25d75a23a6c92e658e328e744854f9461343284195d63b3cc2e764,False,cyclic_single,b569614c59042f14debf4911c0d05092dff69bec7f0512f8207a04bd457d4dd0
R203,solomon_txt,38c484db31bd7452a94d533e26a2348ef598df600b79d061d9ddc1c61466a731,1,1,ok,True,3,1290551,1290.551,0.172791,0.500482,1,time_limit,solomon_exact_1000_v1,,,,,,0.5,,100,,25,fb929496ff25d75a23a6c92e658e328e744854f9461343284195d63b3cc2e764,False,cyclic_single,b569614c59042f14debf4911c0d05092dff69bec7f0512f8207a04bd457d4dd0
R203,solomon_txt,38c484db31bd7452a94d533e26a2348ef598df600b79d061d9ddc1c61466a731,2,1,ok,True,3,1290510,1290.51,0.185073,0.500451,1,time_limit,solomon_exact_1000_v1,,,,,,0.5,,100,,25,fb929496ff25d75a23a6c92e658e328e744854f9461343284195d63b3cc2e764,False,cyclic_single,b569614c59042f14debf4911c0d05092dff69bec7f0512f8207a04bd457d4dd0
R204,solomon_txt,5349e37d8df99bcbee1efa2e970d2662b5265e5f82fc609343a6af0a60257abf,0,1,ok,True,3,1331038,1331.038,0.2123,0.50027,1,time_limit,solomon_exact_1000_v1,,,,,,0.5,,100,,25,fb929496ff25d75a23a6c92e658e328e744854f9461343284195d63b3cc2e764,False,cyclic_single,b569614c59042f14debf4911c0d05092dff69bec7f0512f8207a04bd457d4dd0
R204,solomon_txt,5349e37d8df99bcbee1efa2e970d2662b5265e5f82fc609343a6af0a60257abf,1,1,ok,True,3,1331038,1331.038,0.214917,0.500265,1,time_limit,solomon_exact_1000_v1,,,,,,0.5,,100,,25,fb929496ff25d75a23a6c92e658e328e744854f9461343284195d63b3cc2e764,False,cyclic_single,b569614c59042f14debf4911c0d05092dff69bec7f0512f8207a04bd457d4dd0
R204,solomon_txt,5349e37d8df99bcbee1efa2e970d2662b5265e5f82fc609343a6af0a60257abf,2,1,ok,True,3,1331038,1331.038,0.204915,0.500273,1,time_limit,solomon_exact_1000_v1,,,,,,0.5,,100,,25,fb929496ff25d75a23a6c92e658e328e744854f9461343284195d63b3cc2e764,False,cyclic_single,b569614c59042f14debf4911c0d05092dff69bec7f0512f8207a04bd457d4dd0
R205,solomon_txt,1996bf8f10716fb8cfc1a585206a6a6e566f32347c1bb8f36c75ed6c887f77e3,0,1,ok,True,3,1303717,1303.717,0.165808,0.500304,1,time_limit,solomon_exact_1000_v1,,,,,,0.5,,100,,25,fb929496ff25d75a23a6c92e658e328e744854f9461343284195d63b3cc2e764,False,cyclic_single,b569614c59042f14debf4911c0d05092dff69bec7f0512f8207a04bd457d4dd0
R205,solomon_txt,1996bf8f10716fb8cfc1a585206a6a6e566f32347c1bb8f36c75ed6c887f77e3,1,1,ok,True,4,1700248,1700.248,0.167372,0.500376,1,time_limit,solomon_exact_1000_v1,,,,,,0.5,,100,,25,fb929496ff25d75a23a6c92e658e328e744854f9461343284195d63b3cc2e764,False,cyclic_single,b569614c59042f14debf4911c0d05092dff69bec7f0512f8207a04bd457d4dd0
R205,solomon_txt,1996bf8f10716fb8cfc1a585206a6a6e566f32347c1bb8f36c75ed6c887f77e3,2,1,ok,True,3,1408809,1408.809,0.166628,0.500379,1,time_limit,solomon_exact_1000_v1,,,,,,0.5,,100,,25,fb929496ff25d75a23a6c92e658e328e744854f9461343284195d63b3cc2e764,False,cyclic_single,b569614c59042f14debf4911c0d05092dff69bec7f0512f8207a04bd457d4dd0
R206,solomon_txt,c8754a0319264d076c038b1bf023c8c4710e8895fe3e03f485e9ae249f32fe43,0,1,ok,True,3,1533607,1533.607,0.173426,0.500273,1,time_limit,solomon_exact_1000_v1,,,,,,0.5,,100,,25,fb929496ff25d75a23a6c92e658e328e744854f9461343284195d63b3cc2e764,False,cyclic_single,b569614c59042f14debf4911c0d05092dff69bec7f0512f8207a04bd457d4dd0
R206,solomon_txt,c8754a0319264d076c038b1bf023c8c4710e8895fe3e03f485e9ae249f32fe43,1,1,ok,True,3,1533607,1533.607,0.170218,0.500287,1,time_limit,solomon_exact_1000_v1,,,,,,0.5,,100,,25,fb929496ff25d75a23a6c92e658e328e744854f9461343284195d63b3cc2e764,False,cyclic_single,b569614c59042f14debf4911c0d05092dff69bec7f0512f8207a04bd457d4dd0
R206,solomon_txt,c8754a0319264d076c038b1bf023c8c4710e8895fe3e03f485e9ae249f32fe43,2,1,ok,True,3,1531545,1531.545,0.173977,0.500438,1,time_limit,solomon_exact_1000_v1,,,,,,0.5,,100,,25,fb929496ff25d75a23a6c92e658e328e744854f9461343284195d63b3cc2e764,False,cyclic_single,b569614c59042f14debf4911c0d05092dff69bec7f0512f8207a04bd457d4dd0
R207,solomon_txt,52dc8eebba43fdc67ca9aadab228b75a297acb55a87db3e4748e82f623e3cbe6,0,1,ok,True,3,1164515,1164.515,0.196619,0.500274,1,time_limit,solomon_exact_1000_v1,,,,,,0.5,,100,,25,fb929496ff25d75a23a6c92e658e328e744854f9461343284195d63b3cc2e764,False,cyclic_single,b569614c59042f14debf4911c0d05092dff69bec7f0512f8207a04bd457d4dd0
R207,solomon_txt,52dc8eebba43fdc67ca9aadab228b75a297acb55a87db3e4748e82f623e3cbe6,1,1,ok,True,3,1102590,1102.59,0.20496,0.500265,1,time_limit,solomon_exact_1000_v1,,,,,,0.5,,100,,25,fb929496ff25d75a23a6c92e658e328e744854f9461343284195d63b3cc2e764,False,cyclic_single,b569614c59042f14debf4911c0d05092dff69bec7f0512f8207a04bd457d4dd0
R207,solomon_txt,52dc8eebba43fdc67ca9aadab228b75a297acb55a87db3e4748e82f623e3cbe6,2,1,ok,True,3,1035524,1035.524,0.204282,0.500615,1,time_limit,solomon_exact_1000_v1,,,,,,0.5,,100,,25,fb929496ff25d75a23a6c92e658e328e744854f9461343284195d63b3cc2e764,False,cyclic_single,b569614c59042f14debf4911c0d05092dff69bec7f0512f8207a04bd457d4dd0
R208,solomon_txt,7b4a95d500af9329dd08791d39898a619faec0f8fac039d57373e761545b980d,0,1,ok,True,3,957965,957.965,0.224144,0.500223,1,time_limit,solomon_exact_1000_v1,,,,,,0.5,,100,,25,fb929496ff25d75a23a6c92e658e328e744854f9461343284195d63b3cc2e764,False,cyclic_single,b569614c59042f14debf4911c0d05092dff69bec7f0512f8207a04bd457d4dd0
R208,solomon_txt,7b4a95d500af9329dd08791d39898a619faec0f8fac039d57373e761545b980d,1,1,ok,True,3,957965,957.965,0.22624,0.500251,1,time_limit,solomon_exact_1000_v1,,,,,,0.5,,100,,25,fb929496ff25d75a23a6c92e658e328e744854f9461343284195d63b3cc2e764,False,cyclic_single,b569614c59042f14debf4911c0d05092dff69bec7f0512f8207a04bd457d4dd0
R208,solomon_txt,7b4a95d500af9329dd08791d39898a619faec0f8fac039d57373e761545b980d,2,1,ok,True,3,957965,957.965,0.218847,0.500266,1,time_limit,solomon_exact_1000_v1,,,,,,0.5,,100,,25,fb929496ff25d75a23a6c92e658e328e744854f9461343284195d63b3cc2e764,False,cyclic_single,b569614c59042f14debf4911c0d05092dff69bec7f0512f8207a04bd457d4dd0
R209,solomon_txt,5b74156d032babcff853ccc693f94463eca8333cd425aa99a39ed996f6258933,0,1,ok,True,3,1278206,1278.206,0.156259,0.50028,1,time_limit,solomon_exact_1000_v1,,,,,,0.5,,100,,25,fb929496ff25d75a23a6c92e658e328e744854f9461343284195d63b3cc2e764,False,cyclic_single,b569614c59042f14debf4911c0d05092dff69bec7f0512f8207a04bd457d4dd0
R209,solomon_txt,5b74156d032babcff853ccc693f94463eca8333cd425aa99a39ed996f6258933,1,1,ok,True,3,1303297,1303.297,0.165173,0.50028,1,time_limit,solomon_exact_1000_v1,,,,,,0.5,,100,,25,fb929496ff25d75a23a6c92e658e328e744854f9461343284195d63b3cc2e764,False,cyclic_single,b569614c59042f14debf4911c0d05092dff69bec7f0512f8207a04bd457d4dd0
R209,solomon_txt,5b74156d032babcff853ccc693f94463eca8333cd425aa99a39ed996f6258933,2,1,ok,True,3,1387395,1387.395,0.160086,0.50062,1,time_limit,solomon_exact_1000_v1,,,,,,0.5,,100,,25,fb929496ff25d75a23a6c92e658e328e744854f9461343284195d63b3cc2e764,False,cyclic_single,b569614c59042f14debf4911c0d05092dff69bec7f0512f8207a04bd457d4dd0
R210,solomon_txt,4e5772f109fb6183e6a648d6a1edaba3435438c2dc11c42da370fecf7bdf3a14,0,1,ok,True,3,1418639,1418.639,0.17305,0.500472,1,time_limit,solomon_exact_1000_v1,,,,,,0.5,,100,,25,fb929496ff25d75a23a6c92e658e328e744854f9461343284195d63b3cc2e764,False,cyclic_single,b569614c59042f14debf4911c0d05092dff69bec7f0512f8207a04bd457d4dd0
R210,solomon_txt,4e5772f109fb6183e6a648d6a1edaba3435438c2dc11c42da370fecf7bdf3a14,1,1,ok,True,3,1423944,1423.944,0.208724,0.500521,1,time_limit,solomon_exact_1000_v1,,,,,,0.5,,100,,25,fb929496ff25d75a23a6c92e658e328e744854f9461343284195d63b3cc2e764,False,cyclic_single,b569614c59042f14debf4911c0d05092dff69bec7f0512f8207a04bd457d4dd0
R210,solomon_txt,4e5772f109fb6183e6a648d6a1edaba3435438c2dc11c42da370fecf7bdf3a14,2,1,ok,True,3,1419138,1419.138,0.226744,0.500829,1,time_limit,solomon_exact_1000_v1,,,,,,0.5,,100,,25,fb929496ff25d75a23a6c92e658e328e744854f9461343284195d63b3cc2e764,False,cyclic_single,b569614c59042f14debf4911c0d05092dff69bec7f0512f8207a04bd457d4dd0
R211,solomon_txt,2965507e467a2f92acd59035975910e36ae11e4f49590d4c7d20a883939227ad,0,1,ok,True,3,1516434,1516.434,0.231774,0.5003,1,time_limit,solomon_exact_1000_v1,,,,,,0.5,,100,,25,fb929496ff25d75a23a6c92e658e328e744854f9461343284195d63b3cc2e764,False,cyclic_single,b569614c59042f14debf4911c0d05092dff69bec7f0512f8207a04bd457d4dd0
R211,solomon_txt,2965507e467a2f92acd59035975910e36ae11e4f49590d4c7d20a883939227ad,1,1,ok,True,3,1516434,1516.434,0.205425,0.500454,1,time_limit,solomon_exact_1000_v1,,,,,,0.5,,100,,25,fb929496ff25d75a23a6c92e658e328e744854f9461343284195d63b3cc2e764,False,cyclic_single,b569614c59042f14debf4911c0d05092dff69bec7f0512f8207a04bd457d4dd0
R211,solomon_txt,2965507e467a2f92acd59035975910e36ae11e4f49590d4c7d20a883939227ad,2,1,ok,True,3,1506201,1506.201,0.183777,0.500381,1,time_limit,solomon_exact_1000_v1,,,,,,0.5,,100,,25,fb929496ff25d75a23a6c92e658e328e744854f9461343284195d63b3cc2e764,False,cyclic_single,b569614c59042f14debf4911c0d05092dff69bec7f0512f8207a04bd457d4dd0
RC101,solomon_txt,ef6893ffd9746ad96de8e4da6e64e2c4ba6e08a1c7eb9457276a9f1caf01ca12,0,1,ok,True,17,2197881,2197.881,0.05993,0.500426,2,time_limit,solomon_exact_1000_v1,,,,,,0.5,,100,,25,fb929496ff25d75a23a6c92e658e328e744854f9461343284195d63b3cc2e764,False,cyclic_single,b569614c59042f14debf4911c0d05092dff69bec7f0512f8207a04bd457d4dd0
RC101,solomon_txt,ef6893ffd9746ad96de8e4da6e64e2c4ba6e08a1c7eb9457276a9f1caf01ca12,1,1,ok,True,18,2062023,2062.023,0.058158,0.500554,1,time_limit,solomon_exact_1000_v1,,,,,,0.5,,100,,25,fb929496ff25d75a23a6c92e658e328e744854f9461343284195d63b3cc2e764,False,cyclic_single,b569614c59042f14debf4911c0d05092dff69bec7f0512f8207a04bd457d4dd0
RC101,solomon_txt,ef6893ffd9746ad96de8e4da6e64e2c4ba6e08a1c7eb9457276a9f1caf01ca12,2,1,ok,True,18,1979789,1979.789,0.062022,0.500448,1,time_limit,solomon_exact_1000_v1,,,,,,0.5,,100,,25,fb929496ff25d75a23a6c92e658e328e744854f9461343284195d63b3cc2e764,False,cyclic_single,b569614c59042f14debf4911c0d05092dff69bec7f0512f8207a04bd457d4dd0
RC102,solomon_txt,36acd349d34a577c7fadd61f78517c2cb74bd06a490273800c288f341e5785a4,0,1,ok,True,15,1749811,1749.811,0.061877,0.500448,2,time_limit,solomon_exact_1000_v1,,,,,,0.5,,100,,25,fb929496ff25d75a23a6c92e658e328e744854f9461343284195d63b3cc2e764,False,cyclic_single,b569614c59042f14debf4911c0d05092dff69bec7f0512f8207a04bd457d4dd0
RC102,solomon_txt,36acd349d34a577c7fadd61f78517c2cb74bd06a490273800c288f341e5785a4,1,1,ok,True,15,1834933,1834.933,0.059233,0.500478,1,time_limit,solomon_exact_1000_v1,,,,,,0.5,,100,,25,fb929496ff25d75a23a6c92e658e328e744854f9461343284195d63b3cc2e764,False,cyclic_single,b569614c59042f14debf4911c0d05092dff69bec7f0512f8207a04bd457d4dd0
RC102,solomon_txt,36acd349d34a577c7fadd61f78517c2cb74bd06a490273800c288f341e5785a4,2,1,ok,True,16,1812496,1812.496,0.061553,0.50046,1,time_limit,solomon_exact_1000_v1,,,,,,0.5,,100,,25,fb929496ff25d75a23a6c92e658e328e744854f9461343284195d63b3cc2e764,False,cyclic_single,b569614c59042f14debf4911c0d05092dff69bec7f0512f8207a04bd457d4dd0
RC103,solomon_txt,00f384138274d5d2bff5c41601db17cc4ad0cfc6315c27e223d4477bf435cc2d,0,1,ok,True,12,1725563,1725.563,0.082223,0.500424,1,time_limit,solomon_exact_1000_v1,,,,,,0.5,,100,,25,fb929496ff25d75a23a6c92e658e328e744854f9461343284195d63b3cc2e764,False,cyclic_single,b569614c59042f14debf4911c0d05092dff69bec7f0512f8207a04bd457d4dd0
RC103,solomon_txt,00f384138274d5d2bff5c41601db17cc4ad0cfc6315c27e223d4477bf435cc2d,1,1,ok,True,12,1703532,1703.532,0.066426,0.500497,1,time_limit,solomon_exact_1000_v1,,,,,,0.5,,100,,25,fb929496ff25d75a23a6c92e658e328e744854f9461343284195d63b3cc2e764,False,cyclic_single,b569614c59042f14debf4911c0d05092dff69bec7f0512f8207a04bd457d4dd0
RC103,solomon_txt,00f384138274d5d2bff5c41601db17cc4ad0cfc6315c27e223d4477bf435cc2d,2,1,ok,True,13,1916216,1916.216,0.088226,0.500409,1,time_limit,solomon_exact_1000_v1,,,,,,0.5,,100,,25,fb929496ff25d75a23a6c92e658e328e744854f9461343284195d63b3cc2e764,False,cyclic_single,b569614c59042f14debf4911c0d05092dff69bec7f0512f8207a04bd457d4dd0
RC104,solomon_txt,d150b2d61049a488fb89a2320c197d81a7ef9a1864abbbaea1d13a2b451253ee,0,1,ok,True,12,1548077,1548.077,0.073852,0.500417,1,time_limit,solomon_exact_1000_v1,,,,,,0.5,,100,,25,fb929496ff25d75a23a6c92e658e328e744854f9461343284195d63b3cc2e764,False,cyclic_single,b569614c59042f14debf4911c0d05092dff69bec7f0512f8207a04bd457d4dd0
RC104,solomon_txt,d150b2d61049a488fb89a2320c197d81a7ef9a1864abbbaea1d13a2b451253ee,1,1,ok,True,12,1619955,1619.955,0.071074,0.500396,1,time_limit,solomon_exact_1000_v1,,,,,,0.5,,100,,25,fb929496ff25d75a23a6c92e658e328e744854f9461343284195d63b3cc2e764,False,cyclic_single,b569614c59042f14debf4911c0d05092dff69bec7f0512f8207a04bd457d4dd0
RC104,solomon_txt,d150b2d61049a488fb89a2320c197d81a7ef9a1864abbbaea1d13a2b451253ee,2,1,ok,True,11,1475389,1475.389,0.068126,0.500546,1,time_limit,solomon_exact_1000_v1,,,,,,0.5,,100,,25,fb929496ff25d75a23a6c92e658e328e744854f9461343284195d63b3cc2e764,False,cyclic_single,b569614c59042f14debf4911c0d05092dff69bec7f0512f8207a04bd457d4dd0
RC105,solomon_txt,b9e912625c1ed80d2f565e0799ade2f4b17bf4f95056322ca23f1a21b37e7a49,0,1,ok,True,16,1911643,1911.643,0.060143,0.500477,1,time_limit,solomon_exact_1000_v1,,,,,,0.5,,100,,25,fb929496ff25d75a23a6c92e658e328e744854f9461343284195d63b3cc2e764,False,cyclic_single,b569614c59042f14debf4911c0d05092dff69bec7f0512f8207a04bd457d4dd0
RC105,solomon_txt,b9e912625c1ed80d2f565e0799ade2f4b17bf4f95056322ca23f1a21b37e7a49,1,1,ok,True,16,2084350,2084.35,0.061177,0.500423,1,time_limit,solomon_exact_1000_v1,,,,,,0.5,,100,,25,fb929496ff25d75a23a6c92e658e328e744854f9461343284195d63b3cc2e764,False,cyclic_single,b569614c59042f14debf4911c0d05092dff69bec7f0512f8207a04bd457d4dd0
RC105,solomon_txt,b9e912625c1ed80d2f565e0799ade2f4b17bf4f95056322ca23f1a21b37e7a49,2,1,ok,True,16,1873864,1873.864,0.058521,0.500442,1,time_limit,solomon_exact_1000_v1,,,,,,0.5,,100,,25,fb929496ff25d75a23a6c92e658e328e744854f9461343284195d63b3cc2e764,False,cyclic_single,b569614c59042f14debf4911c0d05092dff69bec7f0512f8207a04bd457d4dd0
RC106,solomon_txt,bf016ffc567af2d108570357daf1d0cabb7f680c0bd977d2e4366787683fdbaf,0,1,ok,True,15,2079649,2079.649,0.058115,0.500437,1,time_limit,solomon_exact_1000_v1,,,,,,0.5,,100,,25,fb929496ff25d75a23a6c92e658e328e744854f9461343284195d63b3cc2e764,False,cyclic_single,b569614c59042f14debf4911c0d05092dff69bec7f0512f8207a04bd457d4dd0
RC106,solomon_txt,bf016ffc567af2d108570357daf1d0cabb7f680c0bd977d2e4366787683fdbaf,1,1,ok,True,15,1882433,1882.433,0.057664,0.500603,1,time_limit,solomon_exact_1000_v1,,,,,,0.5,,100,,25,fb929496ff25d75a23a6c92e658e328e744854f9461343284195d63b3cc2e764,False,cyclic_single,b569614c59042f14debf4911c0d05092dff69bec7f0512f8207a04bd457d4dd0
RC106,solomon_txt,bf016ffc567af2d108570357daf1d0cabb7f680c0bd977d2e4366787683fdbaf,2,1,ok,True,15,1985770,1985.77,0.059968,0.500461,1,time_limit,solomon_exact_1000_v1,,,,,,0.5,,100,,25,fb929496ff25d75a23a6c92e658e328e744854f9461343284195d63b3cc2e764,False,cyclic_single,b569614c59042f14debf4911c0d05092dff69bec7f0512f8207a04bd457d4dd0
RC107,solomon_txt,fff3fd68d110671ed442575f07cc547291586f30b00c5f73934d521d31311582,0,1,ok,True,14,1708249,1708.249,0.061674,0.500449,1,time_limit,solomon_exact_1000_v1,,,,,,0.5,,100,,25,fb929496ff25d75a23a6c92e658e328e744854f9461343284195d63b3cc2e764,False,cyclic_single,b569614c59042f14debf4911c0d05092dff69bec7f0512f8207a04bd457d4dd0
RC107,solomon_txt,fff3fd68d110671ed442575f07cc547291586f30b00c5f73934d521d31311582,1,1,ok,True,14,1781373,1781.373,0.064446,0.500438,1,time_limit,solomon_exact_1000_v1,,,,,,0.5,,100,,25,fb929496ff25d75a23a6c92e658e328e744854f9461343284195d63b3cc2e764,False,cyclic_single,b569614c59042f14debf4911c0d05092dff69bec7f0512f8207a04bd457d4dd0
RC107,solomon_txt,fff3fd68d110671ed442575f07cc547291586f30b00c5f73934d521d31311582,2,1,ok,True,14,1840982,1840.982,0.060996,0.500437,1,time_limit,solomon_exact_1000_v1,,,,,,0.5,,100,,25,fb929496ff25d75a23a6c92e658e328e744854f9461343284195d63b3cc2e764,False,cyclic_single,b569614c59042f14debf4911c0d05092dff69bec7f0512f8207a04bd457d4dd0
RC108,solomon_txt,006bc8817bf09f9a8c66af8d6f088bdec239b2eb435556e9d11193cf456f7aeb,0,1,ok,True,14,1925858,1925.858,0.062799,0.500571,1,time_limit,solomon_exact_1000_v1,,,,,,0.5,,100,,25,fb929496ff25d75a23a6c92e658e328e744854f9461343284195d63b3cc2e764,False,cyclic_single,b569614c59042f14debf4911c0d05092dff69bec7f0512f8207a04bd457d4dd0
RC108,solomon_txt,006bc8817bf09f9a8c66af8d6f088bdec239b2eb435556e9d11193cf456f7aeb,1,1,ok,True,14,1601118,1601.118,0.063081,0.500421,1,time_limit,solomon_exact_1000_v1,,,,,,0.5,,100,,25,fb929496ff25d75a23a6c92e658e328e744854f9461343284195d63b3cc2e764,False,cyclic_single,b569614c59042f14debf4911c0d05092dff69bec7f0512f8207a04bd457d4dd0
RC108,solomon_txt,006bc8817bf09f9a8c66af8d6f088bdec239b2eb435556e9d11193cf456f7aeb,2,1,ok,True,14,1687814,1687.814,0.073174,0.500513,1,time_limit,solomon_exact_1000_v1,,,,,,0.5,,100,,25,fb929496ff25d75a23a6c92e658e328e744854f9461343284195d63b3cc2e764,False,cyclic_single,b569614c59042f14debf4911c0d05092dff69bec7f0512f8207a04bd457d4dd0
RC201,solomon_txt,288836e2d8c2ace83ebbff77e03ac8cdffc574fc134cade21ef92713f8c52d44,0,1,ok,True,5,2429811,2429.811,0.13119,0.500232,1,time_limit,solomon_exact_1000_v1,,,,,,0.5,,100,,25,fb929496ff25d75a23a6c92e658e328e744854f9461343284195d63b3cc2e764,False,cyclic_single,b569614c59042f14debf4911c0d05092dff69bec7f0512f8207a04bd457d4dd0
RC201,solomon_txt,288836e2d8c2ace83ebbff77e03ac8cdffc574fc134cade21ef92713f8c52d44,1,1,ok,True,5,2379584,2379.584,0.139362,0.500376,1,time_limit,solomon_exact_1000_v1,,,,,,0.5,,100,,25,fb929496ff25d75a23a6c92e658e328e744854f9461343284195d63b3cc2e764,False,cyclic_single,b569614c59042f14debf4911c0d05092dff69bec7f0512f8207a04bd457d4dd0
RC201,solomon_txt,288836e2d8c2ace83ebbff77e03ac8cdffc574fc134cade21ef92713f8c52d44,2,1,ok,True,5,2375539,2375.539,0.135706,0.500414,1,time_limit,solomon_exact_1000_v1,,,,,,0.5,,100,,25,fb929496ff25d75a23a6c92e658e328e744854f9461343284195d63b3cc2e764,False,cyclic_single,b569614c59042f14debf4911c0d05092dff69bec7f0512f8207a04bd457d4dd0
RC202,solomon_txt,5a1dee2017ab0ca4fe280b392678c96e8b5bc71f22d02c8058fbde7c4cfebcf4,0,1,ok,True,4,1920411,1920.411,0.122223,0.50032,1,time_limit,solomon_exact_1000_v1,,,,,,0.5,,100,,25,fb929496ff25d75a23a6c92e658e328e744854f9461343284195d63b3cc2e764,False,cyclic_single,b569614c59042f14debf4911c0d05092dff69bec7f0512f8207a04bd457d4dd0
RC202,solomon_txt,5a1dee2017ab0ca4fe280b392678c96e8b5bc71f22d02c8058fbde7c4cfebcf4,1,1,ok,True,4,1818035,1818.035,0.124449,0.500408,1,time_limit,solomon_exact_1000_v1,,,,,,0.5,,100,,25,fb929496ff25d75a23a6c92e658e328e744854f9461343284195d63b3cc2e764,False,cyclic_single,b569614c59042f14debf4911c0d05092dff69bec7f0512f8207a04bd457d4dd0
RC202,solomon_txt,5a1dee2017ab0ca4fe280b392678c96e8b5bc71f22d02c8058fbde7c4cfebcf4,2,1,ok,True,4,1580976,1580.976,0.123474,0.500443,1,time_limit,solomon_exact_1000_v1,,,,,,0.5,,100,,25,fb929496ff25d75a23a6c92e658e328e744854f9461343284195d63b3cc2e764,False,cyclic_single,b569614c59042f14debf4911c0d05092dff69bec7f0512f8207a04bd457d4dd0
RC203,solomon_txt,4adcb362c23df91f14b828d4964e9383ffb02ee74217afc2d84571f83ed91f8b,0,1,ok,True,3,1400007,1400.007,0.129884,0.500259,1,time_limit,solomon_exact_1000_v1,,,,,,0.5,,100,,25,fb929496ff25d75a23a6c92e658e328e744854f9461343284195d63b3cc2e764,False,cyclic_single,b569614c59042f14debf4911c0d05092dff69bec7f0512f8207a04bd457d4dd0
RC203,solomon_txt,4adcb362c23df91f14b828d4964e9383ffb02ee74217afc2d84571f83ed91f8b,1,1,ok,True,3,1545417,1545.417,0.131318,0.50057,1,time_limit,solomon_exact_1000_v1,,,,,,0.5,,100,,25,fb929496ff25d75a23a6c92e658e328e744854f9461343284195d63b3cc2e764,False,cyclic_single,b569614c59042f14debf4911c0d05092dff69bec7f0512f8207a04bd457d4dd0
RC203,solomon_txt,4adcb362c23df91f14b828d4964e9383ffb02ee74217afc2d84571f83ed91f8b,2,1,ok,True,3,1516613,1516.613,0.12991,0.500244,2,time_limit,solomon_exact_1000_v1,,,,,,0.5,,100,,25,fb929496ff25d75a23a6c92e658e328e744854f9461343284195d63b3cc2e764,False,cyclic_single,b569614c59042f14debf4911c0d05092dff69bec7f0512f8207a04bd457d4dd0
RC204,solomon_txt,11e827eab51a959ebab66344e7b7cfd1aeed895287653b36a72c86a4440ecd77,0,1,ok,True,3,1500593,1500.593,0.194516,0.500266,1,time_limit,solomon_exact_1000_v1,,,,,,0.5,,100,,25,fb929496ff25d75a23a6c92e658e328e744854f9461343284195d63b3cc2e764,False,cyclic_single,b569614c59042f14debf4911c0d05092dff69bec7f0512f8207a04bd457d4dd0
RC204,solomon_txt,11e827eab51a959ebab66344e7b7cfd1aeed895287653b36a72c86a4440ecd77,1,1,ok,True,3,1500593,1500.593,0.187641,0.500235,1,time_limit,solomon_exact_1000_v1,,,,,,0.5,,100,,25,fb929496ff25d75a23a6c92e658e328e744854f9461343284195d63b3cc2e764,False,cyclic_single,b569614c59042f14debf4911c0d05092dff69bec7f0512f8207a04bd457d4dd0
RC204,solomon_txt,11e827eab51a959ebab66344e7b7cfd1aeed895287653b36a72c86a4440ecd77,2,1,ok,True,3,1500132,1500.132,0.198413,0.500385,1,time_limit,solomon_exact_1000_v1,,,,,,0.5,,100,,25,fb929496ff25d75a23a6c92e658e328e744854f9461343284195d63b3cc2e764,False,cyclic_single,b569614c59042f14debf4911c0d05092dff69bec7f0512f8207a04bd457d4dd0
RC205,solomon_txt,c061d306cf42310b0f3ca15612089f6c5a8d5604c0733bf26852477c787662c9,0,1,ok,True,4,1959415,1959.415,0.138402,0.500267,1,time_limit,solomon_exact_1000_v1,,,,,,0.5,,100,,25,fb929496ff25d75a23a6c92e658e328e744854f9461343284195d63b3cc2e764,False,cyclic_single,b569614c59042f14debf4911c0d05092dff69bec7f0512f8207a04bd457d4dd0
RC205,solomon_txt,c061d306cf42310b0f3ca15612089f6c5a8d5604c0733bf26852477c787662c9,1,1,ok,True,4,1744421,1744.421,0.13794,0.500451,1,time_limit,solomon_exact_1000_v1,,,,,,0.5,,100,,25,fb929496ff25d75a23a6c92e658e328e744854f9461343284195d63b3cc2e764,False,cyclic_single,b569614c59042f14debf4911c0d05092dff69bec7f0512f8207a04bd457d4dd0
RC205,solomon_txt,c061d306cf42310b0f3ca15612089f6c5a8d5604c0733bf26852477c787662c9,2,1,ok,True,4,1689765,1689.765,0.164062,0.500411,1,time_limit,solomon_exact_1000_v1,,,,,,0.5,,100,,25,fb929496ff25d75a23a6c92e658e328e744854f9461343284195d63b3cc2e764,False,cyclic_single,b569614c59042f14debf4911c0d05092dff69bec7f0512f8207a04bd457d4dd0
RC206,solomon_txt,5203aecf67c84df49e152645312a837ffefde529314ff892ca061538816e43a9,0,1,ok,True,4,2080287,2080.287,0.144534,0.50026,1,time_limit,solomon_exact_1000_v1,,,,,,0.5,,100,,25,fb929496ff25d75a23a6c92e658e328e744854f9461343284195d63b3cc2e764,False,cyclic_single,b569614c59042f14debf4911c0d05092dff69bec7f0512f8207a04bd457d4dd0
RC206,solomon_txt,5203aecf67c84df49e152645312a837ffefde529314ff892ca061538816e43a9,1,1,ok,True,4,1771858,1771.858,0.170101,0.500394,1,time_limit,solomon_exact_1000_v1,,,,,,0.5,,100,,25,fb929496ff25d75a23a6c92e658e328e744854f9461343284195d63b3cc2e764,False,cyclic_single,b569614c59042f14debf4911c0d05092dff69bec7f0512f8207a04bd457d4dd0
RC206,solomon_txt,5203aecf67c84df49e152645312a837ffefde529314ff892ca061538816e43a9,2,1,ok,True,4,1718320,1718.32,0.134343,0.500371,1,time_limit,solomon_exact_1000_v1,,,,,,0.5,,100,,25,fb929496ff25d75a23a6c92e658e328e744854f9461343284195d63b3cc2e764,False,cyclic_single,b569614c59042f14debf4911c0d05092dff69bec7f0512f8207a04bd457d4dd0
RC207,solomon_txt,5cab65f99b350cdb8fb1c4d0a12dde85eb4ff6a6d6daf292b182cb73de9a8b63,0,1,ok,True,4,1907431,1907.431,0.14624,0.500264,1,time_limit,solomon_exact_1000_v1,,,,,,0.5,,100,,25,fb929496ff25d75a23a6c92e658e328e744854f9461343284195d63b3cc2e764,False,cyclic_single,b569614c59042f14debf4911c0d05092dff69bec7f0512f8207a04bd457d4dd0
RC207,solomon_txt,5cab65f99b350cdb8fb1c4d0a12dde85eb4ff6a6d6daf292b182cb73de9a8b63,1,1,ok,True,3,1405392,1405.392,0.15367,0.500261,1,time_limit,solomon_exact_1000_v1,,,,,,0.5,,100,,25,fb929496ff25d75a23a6c92e658e328e744854f9461343284195d63b3cc2e764,False,cyclic_single,b569614c59042f14debf4911c0d05092dff69bec7f0512f8207a04bd457d4dd0
RC207,solomon_txt,5cab65f99b350cdb8fb1c4d0a12dde85eb4ff6a6d6daf292b182cb73de9a8b63,2,1,ok,True,4,1907431,1907.431,0.15212,0.500448,1,time_limit,solomon_exact_1000_v1,,,,,,0.5,,100,,25,fb929496ff25d75a23a6c92e658e328e744854f9461343284195d63b3cc2e764,False,cyclic_single,b569614c59042f14debf4911c0d05092dff69bec7f0512f8207a04bd457d4dd0
RC208,solomon_txt,3d67d2a8e2758a324643f5d6c6ca87e8c56435273eaa04be33f213bb991f1f28,0,1,ok,True,3,1365201,1365.201,0.150243,0.500258,1,time_limit,solomon_exact_1000_v1,,,,,,0.5,,100,,25,fb929496ff25d75a23a6c92e658e328e744854f9461343284195d63b3cc2e764,False,cyclic_single,b569614c59042f14debf4911c0d05092dff69bec7f0512f8207a04bd457d4dd0
RC208,solomon_txt,3d67d2a8e2758a324643f5d6c6ca87e8c56435273eaa04be33f213bb991f1f28,1,1,ok,True,4,1913075,1913.075,0.155805,0.500381,1,time_limit,solomon_exact_1000_v1,,,,,,0.5,,100,,25,fb929496ff25d75a23a6c92e658e328e744854f9461343284195d63b3cc2e764,False,cyclic_single,b569614c59042f14debf4911c0d05092dff69bec7f0512f8207a04bd457d4dd0
RC208,solomon_txt,3d67d2a8e2758a324643f5d6c6ca87e8c56435273eaa04be33f213bb991f1f28,2,1,ok,True,4,1886820,1886.82,0.146117,0.500373,1,time_limit,solomon_exact_1000_v1,,,,,,0.5,,100,,25,fb929496ff25d75a23a6c92e658e328e744854f9461343284195d63b3cc2e764,False,cyclic_single,b569614c59042f14debf4911c0d05092dff69bec7f0512f8207a04bd457d4dd0
C101,solomon_txt,a6da75152d182d60ecd2c6f854296f5be452f92282d096adebcf5d99a7f16516,0,1,ok,True,10,828937,828.937,0.071724,0.500466,1,time_limit,solomon_exact_1000_v1,,,,,,0.5,,100,,25,fb929496ff25d75a23a6c92e658e328e744854f9461343284195d63b3cc2e764,False,cyclic_pairs,722b229e0a9e40df4eddeddf0b987a103cf066b1baea48147c896270661c5b2d
C101,solomon_txt,a6da75152d182d60ecd2c6f854296f5be452f92282d096adebcf5d99a7f16516,1,1,ok,True,10,828937,828.937,0.06896,0.500476,2,time_limit,solomon_exact_1000_v1,,,,,,0.5,,100,,25,fb929496ff25d75a23a6c92e658e328e744854f9461343284195d63b3cc2e764,False,cyclic_pairs,722b229e0a9e40df4eddeddf0b987a103cf066b1baea48147c896270661c5b2d
C101,solomon_txt,a6da75152d182d60ecd2c6f854296f5be452f92282d096adebcf5d99a7f16516,2,1,ok,True,10,828937,828.937,0.067467,0.500447,1,time_limit,solomon_exact_1000_v1,,,,,,0.5,,100,,25,fb929496ff25d75a23a6c92e658e328e744854f9461343284195d63b3cc2e764,False,cyclic_pairs,722b229e0a9e40df4eddeddf0b987a103cf066b1baea48147c896270661c5b2d
C102,solomon_txt,f89a0e2a760cc7448a4ca72b88e5b29b94d64b5548f3320f42a6230025ead653,0,1,ok,True,10,1116935,1116.935,0.071681,0.500457,1,time_limit,solomon_exact_1000_v1,,,,,,0.5,,100,,25,fb929496ff25d75a23a6c92e658e328e744854f9461343284195d63b3cc2e764,False,cyclic_pairs,722b229e0a9e40df4eddeddf0b987a103cf066b1baea48147c896270661c5b2d
C102,solomon_txt,f89a0e2a760cc7448a4ca72b88e5b29b94d64b5548f3320f42a6230025ead653,1,1,ok,True,10,1116935,1116.935,0.073466,0.500454,1,time_limit,solomon_exact_1000_v1,,,,,,0.5,,100,,25,fb929496ff25d75a23a6c92e658e328e744854f9461343284195d63b3cc2e764,False,cyclic_pairs,722b229e0a9e40df4eddeddf0b987a103cf066b1baea48147c896270661c5b2d
C102,solomon_txt,f89a0e2a760cc7448a4ca72b88e5b29b94d64b5548f3320f42a6230025ead653,2,1,ok,True,10,1116935,1116.935,0.076106,0.500453,1,time_limit,solomon_exact_1000_v1,,,,,,0.5,,100,,25,fb929496ff25d75a23a6c92e658e328e744854f9461343284195d63b3cc2e764,False,cyclic_pairs,722b229e0a9e40df4eddeddf0b987a103cf066b1baea48147c896270661c5b2d
C103,solomon_txt,a55cabf15e0da9d65696a5fb45c9852889479893f76f772a428ca15d1b415a51,0,1,ok,True,10,1572350,1572.35,0.079785,0.500538,1,time_limit,solomon_exact_1000_v1,,,,,,0.5,,100,,25,fb929496ff25d75a23a6c92e658e328e744854f9461343284195d63b3cc2e764,False,cyclic_pairs,722b229e0a9e40df4eddeddf0b987a103cf066b1baea48147c896270661c5b2d
C103,solomon_txt,a55cabf15e0da9d65696a5fb45c9852889479893f76f772a428ca15d1b415a51,1,1,ok,True,10,1572350,1572.35,0.078755,0.500461,1,time_limit,solomon_exact_1000_v1,,,,,,0.5,,100,,25,fb929496ff25d75a23a6c92e658e328e744854f9461343284195d63b3cc2e764,False,cyclic_pairs,722b229e0a9e40df4eddeddf0b987a103cf066b1baea48147c896270661c5b2d
C103,solomon_txt,a55cabf15e0da9d65696a5fb45c9852889479893f76f772a428ca15d1b415a51,2,1,ok,True,10,1572483,1572.483,0.079261,0.500526,1,time_limit,solomon_exact_1000_v1,,,,,,0.5,,100,,25,fb929496ff25d75a23a6c92e658e328e744854f9461343284195d63b3cc2e764,False,cyclic_pairs,722b229e0a9e40df4eddeddf0b987a103cf066b1baea48147c896270661c5b2d
C104,solomon_txt,fe333e81625ee5a75bb2ce98c2c9f356d07289237865b62a23ba2f32f0de5ee2,0,1,ok,True,10,1322474,1322.474,0.082616,0.500451,1,time_limit,solomon_exact_1000_v1,,,,,,0.5,,100,,25,fb929496ff25d75a23a6c92e658e328e744854f9461343284195d63b3cc2e764,False,cyclic_pairs,722b229e0a9e40df4eddeddf0b987a103cf066b1baea48147c896270661c5b2d
C104,solomon_txt,fe333e81625ee5a75bb2ce98c2c9f356d07289237865b62a23ba2f32f0de5ee2,1,1,ok,True,10,1299112,1299.112,0.082609,0.500475,1,time_limit,solomon_exact_1000_v1,,,,,,0.5,,100,,25,fb929496ff25d75a23a6c92e658e328e744854f9461343284195d63b3cc2e764,False,cyclic_pairs,722b229e0a9e40df4eddeddf0b987a103cf066b1baea48147c896270661c5b2d
C104,solomon_txt,fe333e81625ee5a75bb2ce98c2c9f356d07289237865b62a23ba2f32f0de5ee2,2,1,ok,True,10,1476245,1476.245,0.082813,0.500482,1,time_limit,solomon_exact_1000_v1,,,,,,0.5,,100,,25,fb929496ff25d75a23a6c92e658e328e744854f9461343284195d63b3cc2e764,False,cyclic_pairs,722b229e0a9e40df4eddeddf0b987a103cf066b1baea48147c896270661c5b2d
C105,solomon_txt,9a877a3a6fb922e7ad9297cc0308bc8a5652cb1495a0228ee6b81b2d938aa29f,0,1,ok,True,10,1024154,1024.154,0.070654,0.500556,1,time_limit,solomon_exact_1000_v1,,,,,,0.5,,100,,25,fb929496ff25d75a23a6c92e658e328e744854f9461343284195d63b3cc2e764,False,cyclic_pairs,722b229e0a9e40df4eddeddf0b987a103cf066b1baea48147c896270661c5b2d
C105,solomon_txt,9a877a3a6fb922e7ad9297cc0308bc8a5652cb1495a0228ee6b81b2d938aa29f,1,1,ok,True,10,913867,913.867,0.067737,0.500472,1,time_limit,solomon_exact_1000_v1,,,,,,0.5,,100,,25,fb929496ff25d75a23a6c92e658e328e744854f9461343284195d63b3cc2e764,False,cyclic_pairs,722b229e0a9e40df4eddeddf0b987a103cf066b1baea48147c896270661c5b2d
C105,solomon_txt,9a877a3a6fb922e7ad9297cc0308bc8a5652cb1495a0228ee6b81b2d938aa29f,2,1,ok,True,10,874895,874.895,0.075875,0.5005,1,time_limit,solomon_exact_1000_v1,,,,,,0.5,,100,,25,fb929496ff25d75a23a6c92e658e328e744854f9461343284195d63b3cc2e764,False,cyclic_pairs,722b229e0a9e40df4eddeddf0b987a103cf066b1baea48147c896270661c5b2d
C106,solomon_txt,ec9b419bed53e9c607cce76e8c6bc59feb6e4d17646905601f008a4141ec7b40,0,1,ok,True,10,962249,962.249,0.0661,0.50046,1,time_limit,solomon_exact_1000_v1,,,,,,0.5,,100,,25,fb929496ff25d75a23a6c92e658e328e744854f9461343284195d63b3cc2e764,False,cyclic_pairs,722b229e0a9e40df4eddeddf0b987a103cf066b1baea48147c896270661c5b2d
C106,solomon_txt,ec9b419bed53e9c607cce76e8c6bc59feb6e4d17646905601f008a4141ec7b40,1,1,ok,True,10,963988,963.988,0.065502,0.500479,1,time_limit,solomon_exact_1000_v1,,,,,,0.5,,100,,25,fb929496ff25d75a23a6c92e658e328e744854f9461343284195d63b3cc2e764,False,cyclic_pairs,722b229e0a9e40df4eddeddf0b987a103cf066b1baea48147c896270661c5b2d
C106,solomon_txt,ec9b419bed53e9c607cce76e8c6bc59feb6e4d17646905601f008a4141ec7b40,2,1,ok,True,10,880926,880.926,0.064921,0.500561,1,time_limit,solomon_exact_1000_v1,,,,,,0.5,,100,,25,fb929496ff25d75a23a6c92e658e328e744854f9461343284195d63b3cc2e764,False,cyclic_pairs,722b229e0a9e40df4eddeddf0b987a103cf066b1baea48147c896270661c5b2d
C107,solomon_txt,cb3cdc10d812fa17370eb52cb753b6b0574426dc6fabeb8b9076ed750ddf05ca,0,1,ok,True,10,1014869,1014.869,0.071314,0.50047,1,time_limit,solomon_exact_1000_v1,,,,,,0.5,,100,,25,fb929496ff25d75a23a6c92e658e328e744854f9461343284195d63b3cc2e764,False,cyclic_pairs,722b229e0a9e40df4eddeddf0b987a103cf066b1baea48147c896270661c5b2d
C107,solomon_txt,cb3cdc10d812fa17370eb52cb753b6b0574426dc6fabeb8b9076ed750ddf05ca,1,1,ok,True,10,907592,907.592,0.072296,0.50049,1,time_limit,solomon_exact_1000_v1,,,,,,0.5,,100,,25,fb929496ff25d75a23a6c92e658e328e744854f9461343284195d63b3cc2e764,False,cyclic_pairs,722b229e0a9e40df4eddeddf0b987a103cf066b1baea48147c896270661c5b2d
C107,solomon_txt,cb3cdc10d812fa17370eb52cb753b6b0574426dc6fabeb8b9076ed750ddf05ca,2,1,ok,True,10,867177,867.177,0.072415,0.500467,1,time_limit,solomon_exact_1000_v1,,,,,,0.5,,100,,25,fb929496ff25d75a23a6c92e658e328e744854f9461343284195d63b3cc2e764,False,cyclic_pairs,722b229e0a9e40df4eddeddf0b987a103cf066b1baea48147c896270661c5b2d
C108,solomon_txt,b8c7e48f292b66b283d8e71511e3a4eccaa4c4bc66b9313c399e73b0226f5953,0,1,ok,True,10,1389789,1389.789,0.069772,0.500449,1,time_limit,solomon_exact_1000_v1,,,,,,0.5,,100,,25,fb929496ff25d75a23a6c92e658e328e744854f9461343284195d63b3cc2e764,False,cyclic_pairs,722b229e0a9e40df4eddeddf0b987a103cf066b1baea48147c896270661c5b2d
C108,solomon_txt,b8c7e48f292b66b283d8e71511e3a4eccaa4c4bc66b9313c399e73b0226f5953,1,1,ok,True,10,1405681,1405.681,0.066842,0.500484,1,time_limit,solomon_exact_1000_v1,,,,,,0.5,,100,,25,fb929496ff25d75a23a6c92e658e328e744854f9461343284195d63b3cc2e764,False,cyclic_pairs,722b229e0a9e40df4eddeddf0b987a103cf066b1baea48147c896270661c5b2d
C108,solomon_txt,b8c7e48f292b66b283d8e71511e3a4eccaa4c4bc66b9313c399e73b0226f5953,2,1,ok,True,10,1193163,1193.163,0.0677,0.500458,2,time_limit,solomon_exact_1000_v1,,,,,,0.5,,100,,25,fb929496ff25d75a23a6c92e658e328e744854f9461343284195d63b3cc2e764,False,cyclic_pairs,722b229e0a9e40df4eddeddf0b987a103cf066b1baea48147c896270661c5b2d
C109,solomon_txt,72d8489e14bf1bb18456f0b21b01110506cbcc2354719dae8481b480150f142a,0,1,ok,True,10,1157101,1157.101,0.074886,0.500502,1,time_limit,solomon_exact_1000_v1,,,,,,0.5,,100,,25,fb929496ff25d75a23a6c92e658e328e744854f9461343284195d63b3cc2e764,False,cyclic_pairs,722b229e0a9e40df4eddeddf0b987a103cf066b1baea48147c896270661c5b2d
C109,solomon_txt,72d8489e14bf1bb18456f0b21b01110506cbcc2354719dae8481b480150f142a,1,1,ok,True,10,1380210,1380.21,0.073468,0.500433,1,time_limit,solomon_exact_1000_v1,,,,,,0.5,,100,,25,fb929496ff25d75a23a6c92e658e328e744854f9461343284195d63b3cc2e764,False,cyclic_pairs,722b229e0a9e40df4eddeddf0b987a103cf066b1baea48147c896270661c5b2d
C109,solomon_txt,72d8489e14bf1bb18456f0b21b01110506cbcc2354719dae8481b480150f142a,2,1,ok,True,10,1157101,1157.101,0.075461,0.500442,1,time_limit,solomon_exact_1000_v1,,,,,,0.5,,100,,25,fb929496ff25d75a23a6c92e658e328e744854f9461343284195d63b3cc2e764,False,cyclic_pairs,722b229e0a9e40df4eddeddf0b987a103cf066b1baea48147c896270661c5b2d
C201,solomon_txt,d8d9834087ae2326fa23a8510533060233dc9fb481873be60956eb26a880ad63,0,1,ok,True,3,623569,623.569,0.184573,0.500476,1,time_limit,solomon_exact_1000_v1,,,,,,0.5,,100,,25,fb929496ff25d75a23a6c92e658e328e744854f9461343284195d63b3cc2e764,False,cyclic_pairs,722b229e0a9e40df4eddeddf0b987a103cf066b1baea48147c896270661c5b2d
C201,solomon_txt,d8d9834087ae2326fa23a8510533060233dc9fb481873be60956eb26a880ad63,1,1,ok,True,3,623569,623.569,0.179068,0.500444,1,time_limit,solomon_exact_1000_v1,,,,,,0.5,,100,,25,fb929496ff25d75a23a6c92e658e328e744854f9461343284195d63b3cc2e764,False,cyclic_pairs,722b229e0a9e40df4eddeddf0b987a103cf066b1baea48147c896270661c5b2d
C201,solomon_txt,d8d9834087ae2326fa23a8510533060233dc9fb481873be60956eb26a880ad63,2,1,ok,True,3,623569,623.569,0.188637,0.500467,1,time_limit,solomon_exact_1000_v1,,,,,,0.5,,100,,25,fb929496ff25d75a23a6c92e658e328e744854f9461343284195d63b3cc2e764,False,cyclic_pairs,722b229e0a9e40df4eddeddf0b987a103cf066b1baea48147c896270661c5b2d
C202,solomon_txt,dfc8ecad79f6c7ffb096cd36994143569f0babe284d5ad194683271d81063772,0,1,ok,True,3,720767,720.767,0.171226,0.500489,1,time_limit,solomon_exact_1000_v1,,,,,,0.5,,100,,25,fb929496ff25d75a23a6c92e658e328e744854f9461343284195d63b3cc2e764,False,cyclic_pairs,722b229e0a9e40df4eddeddf0b987a103cf066b1baea48147c896270661c5b2d
C202,solomon_txt,dfc8ecad79f6c7ffb096cd36994143569f0babe284d5ad194683271d81063772,1,1,ok,True,3,720767,720.767,0.175751,0.500439,1,time_limit,solomon_exact_1000_v1,,,,,,0.5,,100,,25,fb929496ff25d75a23a6c92e658e328e744854f9461343284195d63b3cc2e764,False,cyclic_pairs,722b229e0a9e40df4eddeddf0b987a103cf066b1baea48147c896270661c5b2d
C202,solomon_txt,dfc8ecad79f6c7ffb096cd36994143569f0babe284d5ad194683271d81063772,2,1,ok,True,3,720767,720.767,0.174272,0.50045,1,time_limit,solomon_exact_1000_v1,,,,,,0.5,,100,,25,fb929496ff25d75a23a6c92e658e328e744854f9461343284195d63b3cc2e764,False,cyclic_pairs,722b229e0a9e40df4eddeddf0b987a103cf066b1baea48147c896270661c5b2d
C203,solomon_txt,2b79eea2962a848cb29f6153d4fb4ae725d35507686d937da6643b33fcd85062,0,1,ok,True,3,662379,662.379,0.173796,0.500468,1,time_limit,solomon_exact_1000_v1,,,,,,0.5,,100,,25,fb929496ff25d75a23a6c92e658e328e744854f9461343284195d63b3cc2e764,False,cyclic_pairs,722b229e0a9e40df4eddeddf0b987a103cf066b1baea48147c896270661c5b2d
C203,solomon_txt,2b79eea2962a848cb29f6153d4fb4ae725d35507686d937da6643b33fcd85062,1,1,ok,True,3,740343,740.343,0.163998,0.500457,1,time_limit,solomon_exact_1000_v1,,,,,,0.5,,100,,25,fb929496ff25d75a23a6c92e658e328e744854f9461343284195d63b3cc2e764,False,cyclic_pairs,722b229e0a9e40df4eddeddf0b987a103cf066b1baea48147c896270661c5b2d
C203,solomon_txt,2b79eea2962a848cb29f6153d4fb4ae725d35507686d937da6643b33fcd85062,2,1,ok,True,3,678728,678.728,0.166837,0.500444,1,time_limit,solomon_exact_1000_v1,,,,,,0.5,,100,,25,fb929496ff25d75a23a6c92e658e328e744854f9461343284195d63b3cc2e764,False,cyclic_pairs,722b229e0a9e40df4eddeddf0b987a103cf066b1baea48147c896270661c5b2d
C204,solomon_txt,4331b2744d34e32c2987e3fe8a82b782a2039d757d2aac818f7e0fd21117bfb4,0,1,ok,True,3,938779,938.779,0.186507,0.500469,1,time_limit,solomon_exact_1000_v1,,,,,,0.5,,100,,25,fb929496ff25d75a23a6c92e658e328e744854f9461343284195d63b3cc2e764,False,cyclic_pairs,722b229e0a9e40df4eddeddf0b987a103cf066b1baea48147c896270661c5b2d
C204,solomon_txt,4331b2744d34e32c2987e3fe8a82b782a2039d757d2aac818f7e0fd21117bfb4,1,1,ok,True,3,769589,769.589,0.177826,0.500448,1,time_limit,solomon_exact_1000_v1,,,,,,0.5,,100,,25,fb929496ff25d75a23a6c92e658e328e744854f9461343284195d63b3cc2e764,False,cyclic_pairs,722b229e0a9e40df4eddeddf0b987a103cf066b1baea48147c896270661c5b2d
C204,solomon_txt,4331b2744d34e32c2987e3fe8a82b782a2039d757d2aac818f7e0fd21117bfb4,2,1,ok,True,3,716436,716.436,0.178107,0.50045,1,time_limit,solomon_exact_1000_v1,,,,,,0.5,,100,,25,fb929496ff25d75a23a6c92e658e328e744854f9461343284195d63b3cc2e764,False,cyclic_pairs,722b229e0a9e40df4eddeddf0b987a103cf066b1baea48147c896270661c5b2d
C205,solomon_txt,15be2bb8c3e4ad99a79d1e7ee0472223feb95a4f423d010e032bda0a87266ca5,0,1,ok,True,3,745574,745.574,0.168539,0.500466,1,time_limit,solomon_exact_1000_v1,,,,,,0.5,,100,,25,fb929496ff25d75a23a6c92e658e328e744854f9461343284195d63b3cc2e764,False,cyclic_pairs,722b229e0a9e40df4eddeddf0b987a103cf066b1baea48147c896270661c5b2d
C205,solomon_txt,15be2bb8c3e4ad99a79d1e7ee0472223feb95a4f423d010e032bda0a87266ca5,1,1,ok,True,3,738893,738.893,0.1652,0.500443,1,time_limit,solomon_exact_1000_v1,,,,,,0.5,,100,,25,fb929496ff25d75a23a6c92e658e328e744854f9461343284195d63b3cc2e764,False,cyclic_pairs,722b229e0a9e40df4eddeddf0b987a103cf066b1baea48147c896270661c5b2d
C205,solomon_txt,15be2bb8c3e4ad99a79d1e7ee0472223feb95a4f423d010e032bda0a87266ca5,2,1,ok,True,3,691501,691.501,0.161034,0.500469,1,time_limit,solomon_exact_1000_v1,,,,,,0.5,,100,,25,fb929496ff25d75a23a6c92e658e328e744854f9461343284195d63b3cc2e764,False,cyclic_pairs,722b229e0a9e40df4eddeddf0b987a103cf066b1baea48147c896270661c5b2d
C206,solomon_txt,745b6c7042707ffbbfc4d681ee02a84431425f1dfb3c8aa85ecf003fec8f7e53,0,1,ok,True,3,653578,653.578,0.175747,0.500432,1,time_limit,solomon_exact_1000_v1,,,,,,0.5,,100,,25,fb929496ff25d75a23a6c92e658e328e744854f9461343284195d63b3cc2e764,False,cyclic_pairs,722b229e0a9e40df4eddeddf0b987a103cf066b1baea48147c896270661c5b2d
C206,solomon_txt,745b6c7042707ffbbfc4d681ee02a84431425f1dfb3c8aa85ecf003fec8f7e53,1,1,ok,True,3,944609,944.609,0.179214,0.500442,1,time_limit,solomon_exact_1000_v1,,,,,,0.5,,100,,25,fb929496ff25d75a23a6c92e658e328e744854f9461343284195d63b3cc2e764,False,cyclic_pairs,722b229e0a9e40df4eddeddf0b987a103cf066b1baea48147c896270661c5b2d
C206,solomon_txt,745b6c7042707ffbbfc4d681ee02a84431425f1dfb3c8aa85ecf003fec8f7e53,2,1,ok,True,3,679736,679.736,0.185033,0.500418,1,time_limit,solomon_exact_1000_v1,,,,,,0.5,,100,,25,fb929496ff25d75a23a6c92e658e328e744854f9461343284195d63b3cc2e764,False,cyclic_pairs,722b229e0a9e40df4eddeddf0b987a103cf066b1baea48147c896270661c5b2d
C207,solomon_txt,a33f03570a944c8a6d185fd6a173e66c68e67c399a4958b2d5b6d49533ace4a4,0,1,ok,True,3,865413,865.413,0.184153,0.500394,1,time_limit,solomon_exact_1000_v1,,,,,,0.5,,100,,25,fb929496ff25d75a23a6c92e658e328e744854f9461343284195d63b3cc2e764,False,cyclic_pairs,722b229e0a9e40df4eddeddf0b987a103cf066b1baea48147c896270661c5b2d
C207,solomon_txt,a33f03570a944c8a6d185fd6a173e66c68e67c399a4958b2d5b6d49533ace4a4,1,1,ok,True,3,781671,781.671,0.181731,0.500456,1,time_limit,solomon_exact_1000_v1,,,,,,0.5,,100,,25,fb929496ff25d75a23a6c92e658e328e744854f9461343284195d63b3cc2e764,False,cyclic_pairs,722b229e0a9e40df4eddeddf0b987a103cf066b1baea48147c896270661c5b2d
C207,solomon_txt,a33f03570a944c8a6d185fd6a173e66c68e67c399a4958b2d5b6d49533ace4a4,2,1,ok,True,3,648744,648.744,0.187039,0.500465,1,time_limit,solomon_exact_1000_v1,,,,,,0.5,,100,,25,fb929496ff25d75a23a6c92e658e328e744854f9461343284195d63b3cc2e764,False,cyclic_pairs,722b229e0a9e40df4eddeddf0b987a103cf066b1baea48147c896270661c5b2d
C208,solomon_txt,1c2f2381b8743680dbeb34322869cbf5a6cdd8c281f4bcffdb99b533e601874b,0,1,ok,True,4,957831,957.831,0.190494,0.500232,1,time_limit,solomon_exact_1000_v1,,,,,,0.5,,100,,25,fb929496ff25d75a23a6c92e658e328e744854f9461343284195d63b3cc2e764,False,cyclic_pairs,722b229e0a9e40df4eddeddf0b987a103cf066b1baea48147c896270661c5b2d
C208,solomon_txt,1c2f2381b8743680dbeb34322869cbf5a6cdd8c281f4bcffdb99b533e601874b,1,1,ok,True,4,957831,957.831,0.180663,0.500272,1,time_limit,solomon_exact_1000_v1,,,,,,0.5,,100,,25,fb929496ff25d75a23a6c92e658e328e744854f9461343284195d63b3cc2e764,False,cyclic_pairs,722b229e0a9e40df4eddeddf0b987a103cf066b1baea48147c896270661c5b2d
C208,solomon_txt,1c2f2381b8743680dbeb34322869cbf5a6cdd8c281f4bcffdb99b533e601874b,2,1,ok,True,3,664453,664.453,0.179916,0.500449,1,time_limit,solomon_exact_1000_v1,,,,,,0.5,,100,,25,fb929496ff25d75a23a6c92e658e328e744854f9461343284195d63b3cc2e764,False,cyclic_pairs,722b229e0a9e40df4eddeddf0b987a103cf066b1baea48147c896270661c5b2d
R101,solomon_txt,3f3655182bc0fe44ce5de65fdcd2ee2f9c7fb9ed055f923635151d9d6f76d3ed,0,1,ok,True,22,1914025,1914.025,0.053963,0.500502,1,time_limit,solomon_exact_1000_v1,,,,,,0.5,,100,,25,fb929496ff25d75a23a6c92e658e328e744854f9461343284195d63b3cc2e764,False,cyclic_pairs,722b229e0a9e40df4eddeddf0b987a103cf066b1baea48147c896270661c5b2d
R101,solomon_txt,3f3655182bc0fe44ce5de65fdcd2ee2f9c7fb9ed055f923635151d9d6f76d3ed,1,1,ok,True,21,1902128,1902.128,0.052325,0.500459,1,time_limit,solomon_exact_1000_v1,,,,,,0.5,,100,,25,fb929496ff25d75a23a6c92e658e328e744854f9461343284195d63b3cc2e764,False,cyclic_pairs,722b229e0a9e40df4eddeddf0b987a103cf066b1baea48147c896270661c5b2d
R101,solomon_txt,3f3655182bc0fe44ce5de65fdcd2ee2f9c7fb9ed055f923635151d9d6f76d3ed,2,1,ok,True,21,1846534,1846.534,0.050929,0.500473,1,time_limit,solomon_exact_1000_v1,,,,,,0.5,,100,,25,fb929496ff25d75a23a6c92e658e328e744854f9461343284195d63b3cc2e764,False,cyclic_pairs,722b229e0a9e40df4eddeddf0b987a103cf066b1baea48147c896270661c5b2d
R102,solomon_txt,eeb23171b7e4fbfc80bf000ca770329109900fbd7273fa8b9d1f95b7dfe683c3,0,1,ok,True,19,1631281,1631.281,0.05627,0.500466,1,time_limit,solomon_exact_1000_v1,,,,,,0.5,,100,,25,fb929496ff25d75a23a6c92e658e328e744854f9461343284195d63b3cc2e764,False,cyclic_pairs,722b229e0a9e40df4eddeddf0b987a103cf066b1baea48147c896270661c5b2d
R102,solomon_txt,eeb23171b7e4fbfc80bf000ca770329109900fbd7273fa8b9d1f95b7dfe683c3,1,1,ok,True,19,1689512,1689.512,0.056489,0.500511,1,time_limit,solomon_exact_1000_v1,,,,,,0.5,,100,,25,fb929496ff25d75a23a6c92e658e328e744854f9461343284195d63b3cc2e764,False,cyclic_pairs,722b229e0a9e40df4eddeddf0b987a103cf066b1baea48147c896270661c5b2d
R102,solomon_txt,eeb23171b7e4fbfc80bf000ca770329109900fbd7273fa8b9d1f95b7dfe683c3,2,1,ok,True,19,1605808,1605.808,0.0556,0.5005,1,time_limit,solomon_exact_1000_v1,,,,,,0.5,,100,,25,fb929496ff25d75a23a6c92e658e328e744854f9461343284195d63b3cc2e764,False,cyclic_pairs,722b229e0a9e40df4eddeddf0b987a103cf066b1baea48147c896270661c5b2d
R103,solomon_txt,1f833e8648ba39e0edc76754fb49e81777a7175cf7b084c3f60a12607bfb3991,0,1,ok,True,14,1546015,1546.015,0.062743,0.500456,1,time_limit,solomon_exact_1000_v1,,,,,,0.5,,100,,25,fb929496ff25d75a23a6c92e658e328e744854f9461343284195d63b3cc2e764,False,cyclic_pairs,722b229e0a9e40df4eddeddf0b987a103cf066b1baea48147c896270661c5b2d
R103,solomon_txt,1f833e8648ba39e0edc76754fb49e81777a7175cf7b084c3f60a12607bfb3991,1,1,ok,True,14,1546015,1546.015,0.062753,0.500449,1,time_limit,solomon_exact_1000_v1,,,,,,0.5,,100,,25,fb929496ff25d75a23a6c92e658e328e744854f9461343284195d63b3cc2e764,False,cyclic_pairs,722b229e0a9e40df4eddeddf0b987a103cf066b1baea48147c896270661c5b2d
R103,solomon_txt,1f833e8648ba39e0edc76754fb49e81777a7175cf7b084c3f60a12607bfb3991,2,1,ok,True,14,1542786,1542.786,0.065193,0.50046,1,time_limit,solomon_exact_1000_v1,,,,,,0.5,,100,,25,fb929496ff25d75a23a6c92e658e328e744854f9461343284195d63b3cc2e764,False,cyclic_pairs,722b229e0a9e40df4eddeddf0b987a103cf066b1baea48147c896270661c5b2d
R104,solomon_txt,dd087124311d91facd81736debbfc7d0f351d27942917e2d76cbafd01e6183b7,0,1,ok,True,11,1184423,1184.423,0.072859,0.50051,2,time_limit,solomon_exact_1000_v1,,,,,,0.5,,100,,25,fb929496ff25d75a23a6c92e658e328e744854f9461343284195d63b3cc2e764,False,cyclic_pairs,722b229e0a9e40df4eddeddf0b987a103cf066b1baea48147c896270661c5b2d
R104,solomon_txt,dd087124311d91facd81736debbfc7d0f351d27942917e2d76cbafd01e6183b7,1,1,ok,True,11,1211176,1211.176,0.07816,0.500473,1,time_limit,solomon_exact_1000_v1,,,,,,0.5,,100,,25,fb929496ff25d75a23a6c92e658e328e744854f9461343284195d63b3cc2e764,False,cyclic_pairs,722b229e0a9e40df4eddeddf0b987a103cf066b1baea48147c896270661c5b2d
R104,solomon_txt,dd087124311d91facd81736debbfc7d0f351d27942917e2d76cbafd01e6183b7,2,1,ok,True,10,1146095,1146.095,0.07189,0.500423,2,time_limit,solomon_exact_1000_v1,,,,,,0.5,,100,,25,fb929496ff25d75a23a6c92e658e328e744854f9461343284195d63b3cc2e764,False,cyclic_pairs,722b229e0a9e40df4eddeddf0b987a103cf066b1baea48147c896270661c5b2d
R105,solomon_txt,ff1a614f8458d6339b3f54d8e4ca2dcf0a35c96012f477f6a819ae481de85ca4,0,1,ok,True,16,1686761,1686.761,0.057181,0.500458,1,time_limit,solomon_exact_1000_v1,,,,,,0.5,,100,,25,fb929496ff25d75a23a6c92e658e328e744854f9461343284195d63b3cc2e764,False,cyclic_pairs,722b229e0a9e40df4eddeddf0b987a103cf066b1baea48147c896270661c5b2d
R105,solomon_txt,ff1a614f8458d6339b3f54d8e4ca2dcf0a35c96012f477f6a819ae481de85ca4,1,1,ok,True,17,1661220,1661.22,0.05732,0.500494,1,time_limit,solomon_exact_1000_v1,,,,,,0.5,,100,,25,fb929496ff25d75a23a6c92e658e328e744854f9461343284195d63b3cc2e764,False,cyclic_pairs,722b229e0a9e40df4eddeddf0b987a103cf066b1baea48147c896270661c5b2d
R105,solomon_txt,ff1a614f8458d6339b3f54d8e4ca2dcf0a35c96012f477f6a819ae481de85ca4,2,1,ok,True,16,1693739,1693.739,0.058076,0.500482,1,time_limit,solomon_exact_1000_v1,,,,,,0.5,,100,,25,fb929496ff25d75a23a6c92e658e328e744854f9461343284195d63b3cc2e764,False,cyclic_pairs,722b229e0a9e40df4eddeddf0b987a103cf066b1baea48147c896270661c5b2d
R106,solomon_txt,31b8783d177f0fbe1c84b8f085fbf28b1989a80e4c00f49f5654ebef99835e97,0,1,ok,True,14,1540595,1540.595,0.061606,0.500465,1,time_limit,solomon_exact_1000_v1,,,,,,0.5,,100,,25,fb929496ff25d75a23a6c92e658e328e744854f9461343284195d63b3cc2e764,False,cyclic_pairs,722b229e0a9e40df4eddeddf0b987a103cf066b1baea48147c896270661c5b2d
R106,solomon_txt,31b8783d177f0fbe1c84b8f085fbf28b1989a80e4c00f49f5654ebef99835e97,1,1,ok,True,14,1639047,1639.047,0.059287,0.500421,1,time_limit,solomon_exact_1000_v1,,,,,,0.5,,100,,25,fb929496ff25d75a23a6c92e658e328e744854f9461343284195d63b3cc2e764,False,cyclic_pairs,722b229e0a9e40df4eddeddf0b987a103cf066b1baea48147c896270661c5b2d
R106,solomon_txt,31b8783d177f0fbe1c84b8f085fbf28b1989a80e4c00f49f5654ebef99835e97,2,1,ok,True,14,1558635,1558.635,0.066053,0.500416,1,time_limit,solomon_exact_1000_v1,,,,,,0.5,,100,,25,fb929496ff25d75a23a6c92e658e328e744854f9461343284195d63b3cc2e764,False,cyclic_pairs,722b229e0a9e40df4eddeddf0b987a103cf066b1baea48147c896270661c5b2d
R107,solomon_txt,dba2b257a1d43d7c78d5e3a9f09091a2b125d3fbec78c0c8a1782add669a1275,0,1,ok,True,12,1283469,1283.469,0.066527,0.500655,1,time_limit,solomon_exact_1000_v1,,,,,,0.5,,100,,25,fb929496ff25d75a23a6c92e658e328e744854f9461343284195d63b3cc2e764,False,cyclic_pairs,722b229e0a9e40df4eddeddf0b987a103cf066b1baea48147c896270661c5b2d
R107,solomon_txt,dba2b257a1d43d7c78d5e3a9f09091a2b125d3fbec78c0c8a1782add669a1275,1,1,ok,True,12,1519231,1519.231,0.072595,0.500413,1,time_limit,solomon_exact_1000_v1,,,,,,0.5,,100,,25,fb929496ff25d75a23a6c92e658e328e744854f9461343284195d63b3cc2e764,False,cyclic_pairs,722b229e0a9e40df4eddeddf0b987a103cf066b1baea48147c896270661c5b2d
R107,solomon_txt,dba2b257a1d43d7c78d5e3a9f09091a2b125d3fbec78c0c8a1782add669a1275,2,1,ok,True,12,1486083,1486.083,0.070733,0.500454,1,time_limit,solomon_exact_1000_v1,,,,,,0.5,,100,,25,fb929496ff25d75a23a6c92e658e328e744854f9461343284195d63b3cc2e764,False,cyclic_pairs,722b229e0a9e40df4eddeddf0b987a103cf066b1baea48147c896270661c5b2d
R108,solomon_txt,65cae09f4099b7e70d2b723e0e3a30aa1494c75a367bb894a3fd13241ee639d4,0,1,ok,True,11,1315436,1315.436,0.079147,0.500442,1,time_limit,solomon_exact_1000_v1,,,,,,0.5,,100,,25,fb929496ff25d75a23a6c92e658e328e744854f9461343284195d63b3cc2e764,False,cyclic_pairs,722b229e0a9e40df4eddeddf0b987a103cf066b1baea48147c896270661c5b2d
R108,solomon_txt,65cae09f4099b7e70d2b723e0e3a30aa1494c75a367bb894a3fd13241ee639d4,1,1,ok,True,10,1128679,1128.679,0.076617,0.500393,1,time_limit,solomon_exact_1000_v1,,,,,,0.5,,100,,25,fb929496ff25d75a23a6c92e658e328e744854f9461343284195d63b3cc2e764,False,cyclic_pairs,722b229e0a9e40df4eddeddf0b987a103cf066b1baea48147c896270661c5b2d
R108,solomon_txt,65cae09f4099b7e70d2b723e0e3a30aa1494c75a367bb894a3fd13241ee639d4,2,1,ok,True,11,1356475,1356.475,0.074082,0.500564,1,time_limit,solomon_exact_1000_v1,,,,,,0.5,,100,,25,fb929496ff25d75a23a6c92e658e328e744854f9461343284195d63b3cc2e764,False,cyclic_pairs,722b229e0a9e40df4eddeddf0b987a103cf066b1baea48147c896270661c5b2d
R109,solomon_txt,4ef24030e8c48de5f85dcd90c5739186004fc8dec87533b6467013cf996f4777,0,1,ok,True,14,1518493,1518.493,0.056233,0.500435,1,time_limit,solomon_exact_1000_v1,,,,,,0.5,,100,,25,fb929496ff25d75a23a6c92e658e328e744854f9461343284195d63b3cc2e764,False,cyclic_pairs,722b229e0a9e40df4eddeddf0b987a103cf066b1baea48147c896270661c5b2d
R109,solomon_txt,4ef24030e8c48de5f85dcd90c5739186004fc8dec87533b6467013cf996f4777,1,1,ok,True,15,1559697,1559.697,0.057071,0.500449,1,time_limit,solomon_exact_1000_v1,,,,,,0.5,,100,,25,fb929496ff25d75a23a6c92e658e328e744854f9461343284195d63b3cc2e764,False,cyclic_pairs,722b229e0a9e40df4eddeddf0b987a103cf066b1baea48147c896270661c5b2d
R109,solomon_txt,4ef24030e8c48de5f85dcd90c5739186004fc8dec87533b6467013cf996f4777,2,1,ok,True,15,1655650,1655.65,0.057815,0.500459,1,time_limit,solomon_exact_1000_v1,,,,,,0.5,,100,,25,fb929496ff25d75a23a6c92e658e328e744854f9461343284195d63b3cc2e764,False,cyclic_pairs,722b229e0a9e40df4eddeddf0b987a103cf066b1baea48147c896270661c5b2d
R110,solomon_txt,14cb53cb99af61d3d708f07564b9a72d146e7c26b4f10507cfaf3bc828f34bfa,0,1,ok,True,13,1561904,1561.904,0.064889,0.500442,1,time_limit,solomon_exact_1000_v1,,,,,,0.5,,100,,25,fb929496ff25d75a23a6c92e658e328e744854f9461343284195d63b3cc2e764,False,cyclic_pairs,722b229e0a9e40df4eddeddf0b987a103cf066b1baea48147c896270661c5b2d
R110,solomon_txt,14cb53cb99af61d3d708f07564b9a72d146e7c26b4f10507cfaf3bc828f34bfa,1,1,ok,True,13,1523698,1523.698,0.064228,0.500456,1,time_limit,solomon_exact_1000_v1,,,,,,0.5,,100,,25,fb929496ff25d75a23a6c92e658e328e744854f9461343284195d63b3cc2e764,False,cyclic_pairs,722b229e0a9e40df4eddeddf0b987a103cf066b1baea48147c896270661c5b2d
R110,solomon_txt,14cb53cb99af61d3d708f07564b9a72d146e7c26b4f10507cfaf3bc828f34bfa,2,1,ok,True,13,1559998,1559.998,0.064275,0.500448,1,time_limit,solomon_exact_1000_v1,,,,,,0.5,,100,,25,fb929496ff25d75a23a6c92e658e328e744854f9461343284195d63b3cc2e764,False,cyclic_pairs,722b229e0a9e40df4eddeddf0b987a103cf066b1baea48147c896270661c5b2d
R111,solomon_txt,3d94a73b1f2fe8aae4618b9d9ea254cff2e3924a6a841aa390096ec6c60f258d,0,1,ok,True,12,1400068,1400.068,0.068743,0.500822,1,time_limit,solomon_exact_1000_v1,,,,,,0.5,,100,,25,fb929496ff25d75a23a6c92e658e328e744854f9461343284195d63b3cc2e764,False,cyclic_pairs,722b229e0a9e40df4eddeddf0b987a103cf066b1baea48147c896270661c5b2d
R111,solomon_txt,3d94a73b1f2fe8aae4618b9d9ea254cff2e3924a6a841aa390096ec6c60f258d,1,1,ok,True,12,1465449,1465.449,0.070769,0.500436,1,time_limit,solomon_exact_1000_v1,,,,,,0.5,,100,,25,fb929496ff25d75a23a6c92e658e328e744854f9461343284195d63b3cc2e764,False,cyclic_pairs,722b229e0a9e40df4eddeddf0b987a103cf066b1baea48147c896270661c5b2d
R111,solomon_txt,3d94a73b1f2fe8aae4618b9d9ea254cff2e3924a6a841aa390096ec6c60f258d,2,1,ok,True,12,1307395,1307.395,0.065067,0.500457,1,time_limit,solomon_exact_1000_v1,,,,,,0.5,,100,,25,fb929496ff25d75a23a6c92e658e328e744854f9461343284195d63b3cc2e764,False,cyclic_pairs,722b229e0a9e40df4eddeddf0b987a103cf066b1baea48147c896270661c5b2d
R112,solomon_txt,a0e93149d59d30c356619891d192e86d0f16c3158e1dac3bd9f23c6deb718271,0,1,ok,True,12,1461952,1461.952,0.065192,0.500445,1,time_limit,solomon_exact_1000_v1,,,,,,0.5,,100,,25,fb929496ff25d75a23a6c92e658e328e744854f9461343284195d63b3cc2e764,False,cyclic_pairs,722b229e0a9e40df4eddeddf0b987a103cf066b1baea48147c896270661c5b2d
R112,solomon_txt,a0e93149d59d30c356619891d192e86d0f16c3158e1dac3bd9f23c6deb718271,1,1,ok,True,13,1390564,1390.564,0.067236,0.50042,1,time_limit,solomon_exact_1000_v1,,,,,,0.5,,100,,25,fb929496ff25d75a23a6c92e658e328e744854f9461343284195d63b3cc2e764,False,cyclic_pairs,722b229e0a9e40df4eddeddf0b987a103cf066b1baea48147c896270661c5b2d
R112,solomon_txt,a0e93149d59d30c356619891d192e86d0f16c3158e1dac3bd9f23c6deb718271,2,1,ok,True,12,1333975,1333.975,0.064503,0.500425,1,time_limit,solomon_exact_1000_v1,,,,,,0.5,,100,,25,fb929496ff25d75a23a6c92e658e328e744854f9461343284195d63b3cc2e764,False,cyclic_pairs,722b229e0a9e40df4eddeddf0b987a103cf066b1baea48147c896270661c5b2d
R201,solomon_txt,0be960ec998fff2cab0bdbcc5194c617e5ca0a79c82c5b32b1d4bd98b2cae210,0,1,ok,True,5,1726658,1726.658,0.13021,0.500273,1,time_limit,solomon_exact_1000_v1,,,,,,0.5,,100,,25,fb929496ff25d75a23a6c92e658e328e744854f9461343284195d63b3cc2e764,False,cyclic_pairs,722b229e0a9e40df4eddeddf0b987a103cf066b1baea48147c896270661c5b2d
R201,solomon_txt,0be960ec998fff2cab0bdbcc5194c617e5ca0a79c82c5b32b1d4bd98b2cae210,1,1,ok,True,4,1665126,1665.126,0.134059,0.50038,1,time_limit,solomon_exact_1000_v1,,,,,,0.5,,100,,25,fb929496ff25d75a23a6c92e658e328e744854f9461343284195d63b3cc2e764,False,cyclic_pairs,722b229e0a9e40df4eddeddf0b987a103cf066b1baea48147c896270661c5b2d
R201,solomon_txt,0be960ec998fff2cab0bdbcc5194c617e5ca0a79c82c5b32b1d4bd98b2cae210,2,1,ok,True,4,1605282,1605.282,0.137185,0.500421,1,time_limit,solomon_exact_1000_v1,,,,,,0.5,,100,,25,fb929496ff25d75a23a6c92e658e328e744854f9461343284195d63b3cc2e764,False,cyclic_pairs,722b229e0a9e40df4eddeddf0b987a103cf066b1baea48147c896270661c5b2d
R202,solomon_txt,1f7761bb33e9dd0c94837b32c72280296ffc283dba997379c7ad75ce00dffc8d,0,1,ok,True,4,1622244,1622.244,0.157512,0.500256,1,time_limit,solomon_exact_1000_v1,,,,,,0.5,,100,,25,fb929496ff25d75a23a6c92e658e328e744854f9461343284195d63b3cc2e764,False,cyclic_pairs,722b229e0a9e40df4eddeddf0b987a103cf066b1baea48147c896270661c5b2d
R202,solomon_txt,1f7761bb33e9dd0c94837b32c72280296ffc283dba997379c7ad75ce00dffc8d,1,1,ok,True,4,1622244,1622.244,0.154991,0.500377,1,time_limit,solomon_exact_1000_v1,,,,,,0.5,,100,,25,fb929496ff25d75a23a6c92e658e328e744854f9461343284195d63b3cc2e764,False,cyclic_pairs,722b229e0a9e40df4eddeddf0b987a103cf066b1baea48147c896270661c5b2d
R202,solomon_txt,1f7761bb33e9dd0c94837b32c72280296ffc283dba997379c7ad75ce00dffc8d,2,1,ok,True,4,1622244,1622.244,0.155838,0.500405,1,time_limit,solomon_exact_1000_v1,,,,,,0.5,,100,,25,fb929496ff25d75a23a6c92e658e328e744854f9461343284195d63b3cc2e764,False,cyclic_pairs,722b229e0a9e40df4eddeddf0b987a103cf066b1baea48147c896270661c5b2d
R203,solomon_txt,38c484db31bd7452a94d533e26a2348ef598df600b79d061d9ddc1c61466a731,0,1,ok,True,3,1276138,1276.138,0.17512,0.50042,1,time_limit,solomon_exact_1000_v1,,,,,,0.5,,100,,25,fb929496ff25d75a23a6c92e658e328e744854f9461343284195d63b3cc2e764,False,cyclic_pairs,722b229e0a9e40df4eddeddf0b987a103cf066b1baea48147c896270661c5b2d
R203,solomon_txt,38c484db31bd7452a94d533e26a2348ef598df600b79d061d9ddc1c61466a731,1,1,ok,True,3,1261667,1261.667,0.164425,0.500595,1,time_limit,solomon_exact_1000_v1,,,,,,0.5,,100,,25,fb929496ff25d75a23a6c92e658e328e744854f9461343284195d63b3cc2e764,False,cyclic_pairs,722b229e0a9e40df4eddeddf0b987a103cf066b1baea48147c896270661c5b2d
R203,solomon_txt,38c484db31bd7452a94d533e26a2348ef598df600b79d061d9ddc1c61466a731,2,1,ok,True,3,1238861,1238.861,0.178913,0.500426,1,time_limit,solomon_exact_1000_v1,,,,,,0.5,,100,,25,fb929496ff25d75a23a6c92e658e328e744854f9461343284195d63b3cc2e764,False,cyclic_pairs,722b229e0a9e40df4eddeddf0b987a103cf066b1baea48147c896270661c5b2d
R204,solomon_txt,5349e37d8df99bcbee1efa2e970d2662b5265e5f82fc609343a6af0a60257abf,0,1,ok,True,3,1331038,1331.038,0.202939,0.500256,1,time_limit,solomon_exact_1000_v1,,,,,,0.5,,100,,25,fb929496ff25d75a23a6c92e658e328e744854f9461343284195d63b3cc2e764,False,cyclic_pairs,722b229e0a9e40df4eddeddf0b987a103cf066b1baea48147c896270661c5b2d
R204,solomon_txt,5349e37d8df99bcbee1efa2e970d2662b5265e5f82fc609343a6af0a60257abf,1,1,ok,True,3,1331038,1331.038,0.204111,0.500222,1,time_limit,solomon_exact_1000_v1,,,,,,0.5,,100,,25,fb929496ff25d75a23a6c92e658e328e744854f9461343284195d63b3cc2e764,False,cyclic_pairs,722b229e0a9e40df4eddeddf0b987a103cf066b1baea48147c896270661c5b2d
R204,solomon_txt,5349e37d8df99bcbee1efa2e970d2662b5265e5f82fc609343a6af0a60257abf,2,1,ok,True,3,1331038,1331.038,0.218286,0.500228,1,time_limit,solomon_exact_1000_v1,,,,,,0.5,,100,,25,fb929496ff25d75a23a6c92e658e328e744854f9461343284195d63b3cc2e764,False,cyclic_pairs,722b229e0a9e40df4eddeddf0b987a103cf066b1baea48147c896270661c5b2d
R205,solomon_txt,1996bf8f10716fb8cfc1a585206a6a6e566f32347c1bb8f36c75ed6c887f77e3,0,1,ok,True,3,1303717,1303.717,0.160141,0.500263,1,time_limit,solomon_exact_1000_v1,,,,,,0.5,,100,,25,fb929496ff25d75a23a6c92e658e328e744854f9461343284195d63b3cc2e764,False,cyclic_pairs,722b229e0a9e40df4eddeddf0b987a103cf066b1baea48147c896270661c5b2d
R205,solomon_txt,1996bf8f10716fb8cfc1a585206a6a6e566f32347c1bb8f36c75ed6c887f77e3,1,1,ok,True,4,1673993,1673.993,0.160661,0.500373,1,time_limit,solomon_exact_1000_v1,,,,,,0.5,,100,,25,fb929496ff25d75a23a6c92e658e328e744854f9461343284195d63b3cc2e764,False,cyclic_pairs,722b229e0a9e40df4eddeddf0b987a103cf066b1baea48147c896270661c5b2d
R205,solomon_txt,1996bf8f10716fb8cfc1a585206a6a6e566f32347c1bb8f36c75ed6c887f77e3,2,1,ok,True,3,1408809,1408.809,0.162154,0.500366,1,time_limit,solomon_exact_1000_v1,,,,,,0.5,,100,,25,fb929496ff25d75a23a6c92e658e328e744854f9461343284195d63b3cc2e764,False,cyclic_pairs,722b229e0a9e40df4eddeddf0b987a103cf066b1baea48147c896270661c5b2d
R206,solomon_txt,c8754a0319264d076c038b1bf023c8c4710e8895fe3e03f485e9ae249f32fe43,0,1,ok,True,3,1533607,1533.607,0.170624,0.500247,1,time_limit,solomon_exact_1000_v1,,,,,,0.5,,100,,25,fb929496ff25d75a23a6c92e658e328e744854f9461343284195d63b3cc2e764,False,cyclic_pairs,722b229e0a9e40df4eddeddf0b987a103cf066b1baea48147c896270661c5b2d
R206,solomon_txt,c8754a0319264d076c038b1bf023c8c4710e8895fe3e03f485e9ae249f32fe43,1,1,ok,True,3,1533607,1533.607,0.178167,0.500249,1,time_limit,solomon_exact_1000_v1,,,,,,0.5,,100,,25,fb929496ff25d75a23a6c92e658e328e744854f9461343284195d63b3cc2e764,False,cyclic_pairs,722b229e0a9e40df4eddeddf0b987a103cf066b1baea48147c896270661c5b2d
R206,solomon_txt,c8754a0319264d076c038b1bf023c8c4710e8895fe3e03f485e9ae249f32fe43,2,1,ok,True,3,1531545,1531.545,0.167818,0.500383,1,time_limit,solomon_exact_1000_v1,,,,,,0.5,,100,,25,fb929496ff25d75a23a6c92e658e328e744854f9461343284195d63b3cc2e764,False,cyclic_pairs,722b229e0a9e40df4eddeddf0b987a103cf066b1baea48147c896270661c5b2d
R207,solomon_txt,52dc8eebba43fdc67ca9aadab228b75a297acb55a87db3e4748e82f623e3cbe6,0,1,ok,True,3,1164515,1164.515,0.200423,0.500405,1,time_limit,solomon_exact_1000_v1,,,,,,0.5,,100,,25,fb929496ff25d75a23a6c92e658e328e744854f9461343284195d63b3cc2e764,False,cyclic_pairs,722b229e0a9e40df4eddeddf0b987a103cf066b1baea48147c896270661c5b2d
R207,solomon_txt,52dc8eebba43fdc67ca9aadab228b75a297acb55a87db3e4748e82f623e3cbe6,1,1,ok,True,3,1102590,1102.59,0.209805,0.500273,1,time_limit,solomon_exact_1000_v1,,,,,,0.5,,100,,25,fb929496ff25d75a23a6c92e658e328e744854f9461343284195d63b3cc2e764,False,cyclic_pairs,722b229e0a9e40df4eddeddf0b987a103cf066b1baea48147c896270661c5b2d
R207,solomon_txt,52dc8eebba43fdc67ca9aadab228b75a297acb55a87db3e4748e82f623e3cbe6,2,1,ok,True,3,1035524,1035.524,0.203591,0.500394,1,time_limit,solomon_exact_1000_v1,,,,,,0.5,,100,,25,fb929496ff25d75a23a6c92e658e328e744854f9461343284195d63b3cc2e764,False,cyclic_pairs,722b229e0a9e40df4eddeddf0b987a103cf066b1baea48147c896270661c5b2d
R208,solomon_txt,7b4a95d500af9329dd08791d39898a619faec0f8fac039d57373e761545b980d,0,1,ok,True,3,957965,957.965,0.227114,0.500274,1,time_limit,solomon_exact_1000_v1,,,,,,0.5,,100,,25,fb929496ff25d75a23a6c92e658e328e744854f9461343284195d63b3cc2e764,False,cyclic_pairs,722b229e0a9e40df4eddeddf0b987a103cf066b1baea48147c896270661c5b2d
R208,solomon_txt,7b4a95d500af9329dd08791d39898a619faec0f8fac039d57373e761545b980d,1,1,ok,True,3,957965,957.965,0.228075,0.500289,1,time_limit,solomon_exact_1000_v1,,,,,,0.5,,100,,25,fb929496ff25d75a23a6c92e658e328e744854f9461343284195d63b3cc2e764,False,cyclic_pairs,722b229e0a9e40df4eddeddf0b987a103cf066b1baea48147c896270661c5b2d
R208,solomon_txt,7b4a95d500af9329dd08791d39898a619faec0f8fac039d57373e761545b980d,2,1,ok,True,3,957965,957.965,0.2311,0.500287,1,time_limit,solomon_exact_1000_v1,,,,,,0.5,,100,,25,fb929496ff25d75a23a6c92e658e328e744854f9461343284195d63b3cc2e764,False,cyclic_pairs,722b229e0a9e40df4eddeddf0b987a103cf066b1baea48147c896270661c5b2d
R209,solomon_txt,5b74156d032babcff853ccc693f94463eca8333cd425aa99a39ed996f6258933,0,1,ok,True,3,1278206,1278.206,0.159504,0.500275,1,time_limit,solomon_exact_1000_v1,,,,,,0.5,,100,,25,fb929496ff25d75a23a6c92e658e328e744854f9461343284195d63b3cc2e764,False,cyclic_pairs,722b229e0a9e40df4eddeddf0b987a103cf066b1baea48147c896270661c5b2d
R209,solomon_txt,5b74156d032babcff853ccc693f94463eca8333cd425aa99a39ed996f6258933,1,1,ok,True,3,1303297,1303.297,0.158355,0.500257,1,time_limit,solomon_exact_1000_v1,,,,,,0.5,,100,,25,fb929496ff25d75a23a6c92e658e328e744854f9461343284195d63b3cc2e764,False,cyclic_pairs,722b229e0a9e40df4eddeddf0b987a103cf066b1baea48147c896270661c5b2d
R209,solomon_txt,5b74156d032babcff853ccc693f94463eca8333cd425aa99a39ed996f6258933,2,1,ok,True,3,1388821,1388.821,0.155812,0.500633,1,time_limit,solomon_exact_1000_v1,,,,,,0.5,,100,,25,fb929496ff25d75a23a6c92e658e328e744854f9461343284195d63b3cc2e764,False,cyclic_pairs,722b229e0a9e40df4eddeddf0b987a103cf066b1baea48147c896270661c5b2d
R210,solomon_txt,4e5772f109fb6183e6a648d6a1edaba3435438c2dc11c42da370fecf7bdf3a14,0,1,ok,True,3,1399849,1399.849,0.170816,0.500696,1,time_limit,solomon_exact_1000_v1,,,,,,0.5,,100,,25,fb929496ff25d75a23a6c92e658e328e744854f9461343284195d63b3cc2e764,False,cyclic_pairs,722b229e0a9e40df4eddeddf0b987a103cf066b1baea48147c896270661c5b2d
R210,solomon_txt,4e5772f109fb6183e6a648d6a1edaba3435438c2dc11c42da370fecf7bdf3a14,1,1,ok,True,3,1443660,1443.66,0.215444,0.500434,1,time_limit,solomon_exact_1000_v1,,,,,,0.5,,100,,25,fb929496ff25d75a23a6c92e658e328e744854f9461343284195d63b3cc2e764,False,cyclic_pairs,722b229e0a9e40df4eddeddf0b987a103cf066b1baea48147c896270661c5b2d
R210,solomon_txt,4e5772f109fb6183e6a648d6a1edaba3435438c2dc11c42da370fecf7bdf3a14,2,1,ok,True,3,1443660,1443.66,0.219668,0.500353,1,time_limit,solomon_exact_1000_v1,,,,,,0.5,,100,,25,fb929496ff25d75a23a6c92e658e328e744854f9461343284195d63b3cc2e764,False,cyclic_pairs,722b229e0a9e40df4eddeddf0b987a103cf066b1baea48147c896270661c5b2d
R211,solomon_txt,2965507e467a2f92acd59035975910e36ae11e4f49590d4c7d20a883939227ad,0,1,ok,True,3,1516434,1516.434,0.183321,0.500302,1,time_limit,solomon_exact_1000_v1,,,,,,0.5,,100,,25,fb929496ff25d75a23a6c92e658e328e744854f9461343284195d63b3cc2e764,False,cyclic_pairs,722b229e0a9e40df4eddeddf0b987a103cf066b1baea48147c896270661c5b2d
R211,solomon_txt,2965507e467a2f92acd59035975910e36ae11e4f49590d4c7d20a883939227ad,1,1,ok,True,3,1516434,1516.434,0.192606,0.500262,1,time_limit,solomon_exact_1000_v1,,,,,,0.5,,100,,25,fb929496ff25d75a23a6c92e658e328e744854f9461343284195d63b3cc2e764,False,cyclic_pairs,722b229e0a9e40df4eddeddf0b987a103cf066b1baea48147c896270661c5b2d
R211,solomon_txt,2965507e467a2f92acd59035975910e36ae11e4f49590d4c7d20a883939227ad,2,1,ok,True,3,1507534,1507.534,0.181888,0.500417,1,time_limit,solomon_exact_1000_v1,,,,,,0.5,,100,,25,fb929496ff25d75a23a6c92e658e328e744854f9461343284195d63b3cc2e764,False,cyclic_pairs,722b229e0a9e40df4eddeddf0b987a103cf066b1baea48147c896270661c5b2d
RC101,solomon_txt,ef6893ffd9746ad96de8e4da6e64e2c4ba6e08a1c7eb9457276a9f1caf01ca12,0,1,ok,True,17,2178930,2178.93,0.058959,0.500453,2,time_limit,solomon_exact_1000_v1,,,,,,0.5,,100,,25,fb929496ff25d75a23a6c92e658e328e744854f9461343284195d63b3cc2e764,False,cyclic_pairs,722b229e0a9e40df4eddeddf0b987a103cf066b1baea48147c896270661c5b2d
RC101,solomon_txt,ef6893ffd9746ad96de8e4da6e64e2c4ba6e08a1c7eb9457276a9f1caf01ca12,1,1,ok,True,18,2055153,2055.153,0.059012,0.500495,1,time_limit,solomon_exact_1000_v1,,,,,,0.5,,100,,25,fb929496ff25d75a23a6c92e658e328e744854f9461343284195d63b3cc2e764,False,cyclic_pairs,722b229e0a9e40df4eddeddf0b987a103cf066b1baea48147c896270661c5b2d
RC101,solomon_txt,ef6893ffd9746ad96de8e4da6e64e2c4ba6e08a1c7eb9457276a9f1caf01ca12,2,1,ok,True,18,1983759,1983.759,0.062492,0.500521,1,time_limit,solomon_exact_1000_v1,,,,,,0.5,,100,,25,fb929496ff25d75a23a6c92e658e328e744854f9461343284195d63b3cc2e764,False,cyclic_pairs,722b229e0a9e40df4eddeddf0b987a103cf066b1baea48147c896270661c5b2d
RC102,solomon_txt,36acd349d34a577c7fadd61f78517c2cb74bd06a490273800c288f341e5785a4,0,1,ok,True,15,1756601,1756.601,0.060939,0.500444,2,time_limit,solomon_exact_1000_v1,,,,,,0.5,,100,,25,fb929496ff25d75a23a6c92e658e328e744854f9461343284195d63b3cc2e764,False,cyclic_pairs,722b229e0a9e40df4eddeddf0b987a103cf066b1baea48147c896270661c5b2d
RC102,solomon_txt,36acd349d34a577c7fadd61f78517c2cb74bd06a490273800c288f341e5785a4,1,1,ok,True,15,1832717,1832.717,0.059556,0.500851,1,time_limit,solomon_exact_1000_v1,,,,,,0.5,,100,,25,fb929496ff25d75a23a6c92e658e328e744854f9461343284195d63b3cc2e764,False,cyclic_pairs,722b229e0a9e40df4eddeddf0b987a103cf066b1baea48147c896270661c5b2d
RC102,solomon_txt,36acd349d34a577c7fadd61f78517c2cb74bd06a490273800c288f341e5785a4,2,1,ok,True,16,1812496,1812.496,0.059381,0.500459,1,time_limit,solomon_exact_1000_v1,,,,,,0.5,,100,,25,fb929496ff25d75a23a6c92e658e328e744854f9461343284195d63b3cc2e764,False,cyclic_pairs,722b229e0a9e40df4eddeddf0b987a103cf066b1baea48147c896270661c5b2d
RC103,solomon_txt,00f384138274d5d2bff5c41601db17cc4ad0cfc6315c27e223d4477bf435cc2d,0,1,ok,True,12,1733037,1733.037,0.068772,0.500433,1,time_limit,solomon_exact_1000_v1,,,,,,0.5,,100,,25,fb929496ff25d75a23a6c92e658e328e744854f9461343284195d63b3cc2e764,False,cyclic_pairs,722b229e0a9e40df4eddeddf0b987a103cf066b1baea48147c896270661c5b2d
RC103,solomon_txt,00f384138274d5d2bff5c41601db17cc4ad0cfc6315c27e223d4477bf435cc2d,1,1,ok,True,12,1694976,1694.976,0.068758,0.500455,1,time_limit,solomon_exact_1000_v1,,,,,,0.5,,100,,25,fb929496ff25d75a23a6c92e658e328e744854f9461343284195d63b3cc2e764,False,cyclic_pairs,722b229e0a9e40df4eddeddf0b987a103cf066b1baea48147c896270661c5b2d
RC103,solomon_txt,00f384138274d5d2bff5c41601db17cc4ad0cfc6315c27e223d4477bf435cc2d,2,1,ok,True,13,1899771,1899.771,0.066783,0.500463,1,time_limit,solomon_exact_1000_v1,,,,,,0.5,,100,,25,fb929496ff25d75a23a6c92e658e328e744854f9461343284195d63b3cc2e764,False,cyclic_pairs,722b229e0a9e40df4eddeddf0b987a103cf066b1baea48147c896270661c5b2d
RC104,solomon_txt,d150b2d61049a488fb89a2320c197d81a7ef9a1864abbbaea1d13a2b451253ee,0,1,ok,True,12,1624060,1624.06,0.067674,0.500459,1,time_limit,solomon_exact_1000_v1,,,,,,0.5,,100,,25,fb929496ff25d75a23a6c92e658e328e744854f9461343284195d63b3cc2e764,False,cyclic_pairs,722b229e0a9e40df4eddeddf0b987a103cf066b1baea48147c896270661c5b2d
RC104,solomon_txt,d150b2d61049a488fb89a2320c197d81a7ef9a1864abbbaea1d13a2b451253ee,1,1,ok,True,12,1620403,1620.403,0.068611,0.500485,1,time_limit,solomon_exact_1000_v1,,,,,,0.5,,100,,25,fb929496ff25d75a23a6c92e658e328e744854f9461343284195d63b3cc2e764,False,cyclic_pairs,722b229e0a9e40df4eddeddf0b987a103cf066b1baea48147c896270661c5b2d
RC104,solomon_txt,d150b2d61049a488fb89a2320c197d81a7ef9a1864abbbaea1d13a2b451253ee,2,1,ok,True,11,1482630,1482.63,0.066581,0.50042,1,time_limit,solomon_exact_1000_v1,,,,,,0.5,,100,,25,fb929496ff25d75a23a6c92e658e328e744854f9461343284195d63b3cc2e764,False,cyclic_pairs,722b229e0a9e40df4eddeddf0b987a103cf066b1baea48147c896270661c5b2d
RC105,solomon_txt,b9e912625c1ed80d2f565e0799ade2f4b17bf4f95056322ca23f1a21b37e7a49,0,1,ok,True,16,1896171,1896.171,0.059066,0.500446,1,time_limit,solomon_exact_1000_v1,,,,,,0.5,,100,,25,fb929496ff25d75a23a6c92e658e328e744854f9461343284195d63b3cc2e764,False,cyclic_pairs,722b229e0a9e40df4eddeddf0b987a103cf066b1baea48147c896270661c5b2d
RC105,solomon_txt,b9e912625c1ed80d2f565e0799ade2f4b17bf4f95056322ca23f1a21b37e7a49,1,1,ok,True,16,2097405,2097.405,0.05932,0.500428,1,time_limit,solomon_exact_1000_v1,,,,,,0.5,,100,,25,fb929496ff25d75a23a6c92e658e328e744854f9461343284195d63b3cc2e764,False,cyclic_pairs,722b229e0a9e40df4eddeddf0b987a103cf066b1baea48147c896270661c5b2d
RC105,solomon_txt,b9e912625c1ed80d2f565e0799ade2f4b17bf4f95056322ca23f1a21b37e7a49,2,1,ok,True,16,1896495,1896.495,0.059036,0.500449,1,time_limit,solomon_exact_1000_v1,,,,,,0.5,,100,,25,fb929496ff25d75a23a6c92e658e328e744854f9461343284195d63b3cc2e764,False,cyclic_pairs,722b229e0a9e40df4eddeddf0b987a103cf066b1baea48147c896270661c5b2d
RC106,solomon_txt,bf016ffc567af2d108570357daf1d0cabb7f680c0bd977d2e4366787683fdbaf,0,1,ok,True,15,2080752,2080.752,0.057999,0.500452,1,time_limit,solomon_exact_1000_v1,,,,,,0.5,,100,,25,fb929496ff25d75a23a6c92e658e328e744854f9461343284195d63b3cc2e764,False,cyclic_pairs,722b229e0a9e40df4eddeddf0b987a103cf066b1baea48147c896270661c5b2d
RC106,solomon_txt,bf016ffc567af2d108570357daf1d0cabb7f680c0bd977d2e4366787683fdbaf,1,1,ok,True,15,1899324,1899.324,0.059671,0.500504,1,time_limit,solomon_exact_1000_v1,,,,,,0.5,,100,,25,fb929496ff25d75a23a6c92e658e328e744854f9461343284195d63b3cc2e764,False,cyclic_pairs,722b229e0a9e40df4eddeddf0b987a103cf066b1baea48147c896270661c5b2d
RC106,solomon_txt,bf016ffc567af2d108570357daf1d0cabb7f680c0bd977d2e4366787683fdbaf,2,1,ok,True,15,1949713,1949.713,0.059763,0.500512,1,time_limit,solomon_exact_1000_v1,,,,,,0.5,,100,,25,fb929496ff25d75a23a6c92e658e328e744854f9461343284195d63b3cc2e764,False,cyclic_pairs,722b229e0a9e40df4eddeddf0b987a103cf066b1baea48147c896270661c5b2d
RC107,solomon_txt,fff3fd68d110671ed442575f07cc547291586f30b00c5f73934d521d31311582,0,1,ok,True,14,1708249,1708.249,0.064797,0.500462,1,time_limit,solomon_exact_1000_v1,,,,,,0.5,,100,,25,fb929496ff25d75a23a6c92e658e328e744854f9461343284195d63b3cc2e764,False,cyclic_pairs,722b229e0a9e40df4eddeddf0b987a103cf066b1baea48147c896270661c5b2d
RC107,solomon_txt,fff3fd68d110671ed442575f07cc547291586f30b00c5f73934d521d31311582,1,1,ok,True,14,1764508,1764.508,0.062643,0.500461,1,time_limit,solomon_exact_1000_v1,,,,,,0.5,,100,,25,fb929496ff25d75a23a6c92e658e328e744854f9461343284195d63b3cc2e764,False,cyclic_pairs,722b229e0a9e40df4eddeddf0b987a103cf066b1baea48147c896270661c5b2d
RC107,solomon_txt,fff3fd68d110671ed442575f07cc547291586f30b00c5f73934d521d31311582,2,1,ok,True,14,1810568,1810.568,0.06308,0.500463,1,time_limit,solomon_exact_1000_v1,,,,,,0.5,,100,,25,fb929496ff25d75a23a6c92e658e328e744854f9461343284195d63b3cc2e764,False,cyclic_pairs,722b229e0a9e40df4eddeddf0b987a103cf066b1baea48147c896270661c5b2d
RC108,solomon_txt,006bc8817bf09f9a8c66af8d6f088bdec239b2eb435556e9d11193cf456f7aeb,0,1,ok,True,14,1955495,1955.495,0.064022,0.500446,1,time_limit,solomon_exact_1000_v1,,,,,,0.5,,100,,25,fb929496ff25d75a23a6c92e658e328e744854f9461343284195d63b3cc2e764,False,cyclic_pairs,722b229e0a9e40df4eddeddf0b987a103cf066b1baea48147c896270661c5b2d
RC108,solomon_txt,006bc8817bf09f9a8c66af8d6f088bdec239b2eb435556e9d11193cf456f7aeb,1,1,ok,True,14,1653819,1653.819,0.065244,0.500454,1,time_limit,solomon_exact_1000_v1,,,,,,0.5,,100,,25,fb929496ff25d75a23a6c92e658e328e744854f9461343284195d63b3cc2e764,False,cyclic_pairs,722b229e0a9e40df4eddeddf0b987a103cf066b1baea48147c896270661c5b2d
RC108,solomon_txt,006bc8817bf09f9a8c66af8d6f088bdec239b2eb435556e9d11193cf456f7aeb,2,1,ok,True,14,1686778,1686.778,0.066183,0.500445,1,time_limit,solomon_exact_1000_v1,,,,,,0.5,,100,,25,fb929496ff25d75a23a6c92e658e328e744854f9461343284195d63b3cc2e764,False,cyclic_pairs,722b229e0a9e40df4eddeddf0b987a103cf066b1baea48147c896270661c5b2d
RC201,solomon_txt,288836e2d8c2ace83ebbff77e03ac8cdffc574fc134cade21ef92713f8c52d44,0,1,ok,True,5,2429811,2429.811,0.125331,0.500263,1,time_limit,solomon_exact_1000_v1,,,,,,0.5,,100,,25,fb929496ff25d75a23a6c92e658e328e744854f9461343284195d63b3cc2e764,False,cyclic_pairs,722b229e0a9e40df4eddeddf0b987a103cf066b1baea48147c896270661c5b2d
RC201,solomon_txt,288836e2d8c2ace83ebbff77e03ac8cdffc574fc134cade21ef92713f8c52d44,1,1,ok,True,5,2381827,2381.827,0.132748,0.500388,1,time_limit,solomon_exact_1000_v1,,,,,,0.5,,100,,25,fb929496ff25d75a23a6c92e658e328e744854f9461343284195d63b3cc2e764,False,cyclic_pairs,722b229e0a9e40df4eddeddf0b987a103cf066b1baea48147c896270661c5b2d
RC201,solomon_txt,288836e2d8c2ace83ebbff77e03ac8cdffc574fc134cade21ef92713f8c52d44,2,1,ok,True,5,2411572,2411.572,0.127408,0.500444,1,time_limit,solomon_exact_1000_v1,,,,,,0.5,,100,,25,fb929496ff25d75a23a6c92e658e328e744854f9461343284195d63b3cc2e764,False,cyclic_pairs,722b229e0a9e40df4eddeddf0b987a103cf066b1baea48147c896270661c5b2d
RC202,solomon_txt,5a1dee2017ab0ca4fe280b392678c96e8b5bc71f22d02c8058fbde7c4cfebcf4,0,1,ok,True,4,1920411,1920.411,0.124768,0.50025,1,time_limit,solomon_exact_1000_v1,,,,,,0.5,,100,,25,fb929496ff25d75a23a6c92e658e328e744854f9461343284195d63b3cc2e764,False,cyclic_pairs,722b229e0a9e40df4eddeddf0b987a103cf066b1baea48147c896270661c5b2d
RC202,solomon_txt,5a1dee2017ab0ca4fe280b392678c96e8b5bc71f22d02c8058fbde7c4cfebcf4,1,1,ok,True,4,1818035,1818.035,0.131433,0.500396,1,time_limit,solomon_exact_1000_v1,,,,,,0.5,,100,,25,fb929496ff25d75a23a6c92e658e328e744854f9461343284195d63b3cc2e764,False,cyclic_pairs,722b229e0a9e40df4eddeddf0b987a103cf066b1baea48147c896270661c5b2d
RC202,solomon_txt,5a1dee2017ab0ca4fe280b392678c96e8b5bc71f22d02c8058fbde7c4cfebcf4,2,1,ok,True,4,1564356,1564.356,0.124896,0.500471,1,time_limit,solomon_exact_1000_v1,,,,,,0.5,,100,,25,fb929496ff25d75a23a6c92e658e328e744854f9461343284195d63b3cc2e764,False,cyclic_pairs,722b229e0a9e40df4eddeddf0b987a103cf066b1baea48147c896270661c5b2d
RC203,solomon_txt,4adcb362c23df91f14b828d4964e9383ffb02ee74217afc2d84571f83ed91f8b,0,1,ok,True,3,1400007,1400.007,0.124957,0.500278,1,time_limit,solomon_exact_1000_v1,,,,,,0.5,,100,,25,fb929496ff25d75a23a6c92e658e328e744854f9461343284195d63b3cc2e764,False,cyclic_pairs,722b229e0a9e40df4eddeddf0b987a103cf066b1baea48147c896270661c5b2d
RC203,solomon_txt,4adcb362c23df91f14b828d4964e9383ffb02ee74217afc2d84571f83ed91f8b,1,1,ok,True,3,1545417,1545.417,0.142167,0.500277,1,time_limit,solomon_exact_1000_v1,,,,,,0.5,,100,,25,fb929496ff25d75a23a6c92e658e328e744854f9461343284195d63b3cc2e764,False,cyclic_pairs,722b229e0a9e40df4eddeddf0b987a103cf066b1baea48147c896270661c5b2d
RC203,solomon_txt,4adcb362c23df91f14b828d4964e9383ffb02ee74217afc2d84571f83ed91f8b,2,1,ok,True,3,1516613,1516.613,0.127138,0.50027,2,time_limit,solomon_exact_1000_v1,,,,,,0.5,,100,,25,fb929496ff25d75a23a6c92e658e328e744854f9461343284195d63b3cc2e764,False,cyclic_pairs,722b229e0a9e40df4eddeddf0b987a103cf066b1baea48147c896270661c5b2d
RC204,solomon_txt,11e827eab51a959ebab66344e7b7cfd1aeed895287653b36a72c86a4440ecd77,0,1,ok,True,3,1500593,1500.593,0.188429,0.500238,1,time_limit,solomon_exact_1000_v1,,,,,,0.5,,100,,25,fb929496ff25d75a23a6c92e658e328e744854f9461343284195d63b3cc2e764,False,cyclic_pairs,722b229e0a9e40df4eddeddf0b987a103cf066b1baea48147c896270661c5b2d
RC204,solomon_txt,11e827eab51a959ebab66344e7b7cfd1aeed895287653b36a72c86a4440ecd77,1,1,ok,True,3,1500593,1500.593,0.186816,0.50024,1,time_limit,solomon_exact_1000_v1,,,,,,0.5,,100,,25,fb929496ff25d75a23a6c92e658e328e744854f9461343284195d63b3cc2e764,False,cyclic_pairs,722b229e0a9e40df4eddeddf0b987a103cf066b1baea48147c896270661c5b2d
RC204,solomon_txt,11e827eab51a959ebab66344e7b7cfd1aeed895287653b36a72c86a4440ecd77,2,1,ok,True,3,1500132,1500.132,0.186402,0.500381,1,time_limit,solomon_exact_1000_v1,,,,,,0.5,,100,,25,fb929496ff25d75a23a6c92e658e328e744854f9461343284195d63b3cc2e764,False,cyclic_pairs,722b229e0a9e40df4eddeddf0b987a103cf066b1baea48147c896270661c5b2d
RC205,solomon_txt,c061d306cf42310b0f3ca15612089f6c5a8d5604c0733bf26852477c787662c9,0,1,ok,True,4,1959415,1959.415,0.140513,0.500257,1,time_limit,solomon_exact_1000_v1,,,,,,0.5,,100,,25,fb929496ff25d75a23a6c92e658e328e744854f9461343284195d63b3cc2e764,False,cyclic_pairs,722b229e0a9e40df4eddeddf0b987a103cf066b1baea48147c896270661c5b2d
RC205,solomon_txt,c061d306cf42310b0f3ca15612089f6c5a8d5604c0733bf26852477c787662c9,1,1,ok,True,4,1744421,1744.421,0.141112,0.500446,1,time_limit,solomon_exact_1000_v1,,,,,,0.5,,100,,25,fb929496ff25d75a23a6c92e658e328e744854f9461343284195d63b3cc2e764,False,cyclic_pairs,722b229e0a9e40df4eddeddf0b987a103cf066b1baea48147c896270661c5b2d
RC205,solomon_txt,c061d306cf42310b0f3ca15612089f6c5a8d5604c0733bf26852477c787662c9,2,1,ok,True,4,1695820,1695.82,0.140391,0.50046,1,time_limit,solomon_exact_1000_v1,,,,,,0.5,,100,,25,fb929496ff25d75a23a6c92e658e328e744854f9461343284195d63b3cc2e764,False,cyclic_pairs,722b229e0a9e40df4eddeddf0b987a103cf066b1baea48147c896270661c5b2d
RC206,solomon_txt,5203aecf67c84df49e152645312a837ffefde529314ff892ca061538816e43a9,0,1,ok,True,4,2080287,2080.287,0.137916,0.500267,1,time_limit,solomon_exact_1000_v1,,,,,,0.5,,100,,25,fb929496ff25d75a23a6c92e658e328e744854f9461343284195d63b3cc2e764,False,cyclic_pairs,722b229e0a9e40df4eddeddf0b987a103cf066b1baea48147c896270661c5b2d
RC206,solomon_txt,5203aecf67c84df49e152645312a837ffefde529314ff892ca061538816e43a9,1,1,ok,True,4,1771858,1771.858,0.134838,0.500398,1,time_limit,solomon_exact_1000_v1,,,,,,0.5,,100,,25,fb929496ff25d75a23a6c92e658e328e744854f9461343284195d63b3cc2e764,False,cyclic_pairs,722b229e0a9e40df4eddeddf0b987a103cf066b1baea48147c896270661c5b2d
RC206,solomon_txt,5203aecf67c84df49e152645312a837ffefde529314ff892ca061538816e43a9,2,1,ok,True,4,1719168,1719.168,0.134982,0.500403,1,time_limit,solomon_exact_1000_v1,,,,,,0.5,,100,,25,fb929496ff25d75a23a6c92e658e328e744854f9461343284195d63b3cc2e764,False,cyclic_pairs,722b229e0a9e40df4eddeddf0b987a103cf066b1baea48147c896270661c5b2d
RC207,solomon_txt,5cab65f99b350cdb8fb1c4d0a12dde85eb4ff6a6d6daf292b182cb73de9a8b63,0,1,ok,True,4,1907431,1907.431,0.148206,0.500254,1,time_limit,solomon_exact_1000_v1,,,,,,0.5,,100,,25,fb929496ff25d75a23a6c92e658e328e744854f9461343284195d63b3cc2e764,False,cyclic_pairs,722b229e0a9e40df4eddeddf0b987a103cf066b1baea48147c896270661c5b2d
RC207,solomon_txt,5cab65f99b350cdb8fb1c4d0a12dde85eb4ff6a6d6daf292b182cb73de9a8b63,1,1,ok,True,3,1405392,1405.392,0.154333,0.500289,1,time_limit,solomon_exact_1000_v1,,,,,,0.5,,100,,25,fb929496ff25d75a23a6c92e658e328e744854f9461343284195d63b3cc2e764,False,cyclic_pairs,722b229e0a9e40df4eddeddf0b987a103cf066b1baea48147c896270661c5b2d
RC207,solomon_txt,5cab65f99b350cdb8fb1c4d0a12dde85eb4ff6a6d6daf292b182cb73de9a8b63,2,1,ok,True,4,1907431,1907.431,0.158036,0.500411,1,time_limit,solomon_exact_1000_v1,,,,,,0.5,,100,,25,fb929496ff25d75a23a6c92e658e328e744854f9461343284195d63b3cc2e764,False,cyclic_pairs,722b229e0a9e40df4eddeddf0b987a103cf066b1baea48147c896270661c5b2d
RC208,solomon_txt,3d67d2a8e2758a324643f5d6c6ca87e8c56435273eaa04be33f213bb991f1f28,0,1,ok,True,3,1365201,1365.201,0.149312,0.500265,1,time_limit,solomon_exact_1000_v1,,,,,,0.5,,100,,25,fb929496ff25d75a23a6c92e658e328e744854f9461343284195d63b3cc2e764,False,cyclic_pairs,722b229e0a9e40df4eddeddf0b987a103cf066b1baea48147c896270661c5b2d
RC208,solomon_txt,3d67d2a8e2758a324643f5d6c6ca87e8c56435273eaa04be33f213bb991f1f28,1,1,ok,True,4,1913075,1913.075,0.158122,0.50038,1,time_limit,solomon_exact_1000_v1,,,,,,0.5,,100,,25,fb929496ff25d75a23a6c92e658e328e744854f9461343284195d63b3cc2e764,False,cyclic_pairs,722b229e0a9e40df4eddeddf0b987a103cf066b1baea48147c896270661c5b2d
RC208,solomon_txt,3d67d2a8e2758a324643f5d6c6ca87e8c56435273eaa04be33f213bb991f1f28,2,1,ok,True,4,1909257,1909.257,0.148081,0.500403,1,time_limit,solomon_exact_1000_v1,,,,,,0.5,,100,,25,fb929496ff25d75a23a6c92e658e328e744854f9461343284195d63b3cc2e764,False,cyclic_pairs,722b229e0a9e40df4eddeddf0b987a103cf066b1baea48147c896270661c5b2d
C101,solomon_txt,a6da75152d182d60ecd2c6f854296f5be452f92282d096adebcf5d99a7f16516,0,1,ok,True,10,828937,828.937,0.070496,0.50058,1,time_limit,solomon_exact_1000_v1,,,,,,0.5,,100,,25,fb929496ff25d75a23a6c92e658e328e744854f9461343284195d63b3cc2e764,False,cyclic_combined,854a05c238a845576b76850c163a5c36ab2d90ca279e02ea667d8933dc3b15de
C101,solomon_txt,a6da75152d182d60ecd2c6f854296f5be452f92282d096adebcf5d99a7f16516,1,1,ok,True,10,828937,828.937,0.07033,0.500477,1,time_limit,solomon_exact_1000_v1,,,,,,0.5,,100,,25,fb929496ff25d75a23a6c92e658e328e744854f9461343284195d63b3cc2e764,False,cyclic_combined,854a05c238a845576b76850c163a5c36ab2d90ca279e02ea667d8933dc3b15de
C101,solomon_txt,a6da75152d182d60ecd2c6f854296f5be452f92282d096adebcf5d99a7f16516,2,1,ok,True,10,828937,828.937,0.069071,0.500639,1,time_limit,solomon_exact_1000_v1,,,,,,0.5,,100,,25,fb929496ff25d75a23a6c92e658e328e744854f9461343284195d63b3cc2e764,False,cyclic_combined,854a05c238a845576b76850c163a5c36ab2d90ca279e02ea667d8933dc3b15de
C102,solomon_txt,f89a0e2a760cc7448a4ca72b88e5b29b94d64b5548f3320f42a6230025ead653,0,1,ok,True,10,1152845,1152.845,0.073986,0.500475,1,time_limit,solomon_exact_1000_v1,,,,,,0.5,,100,,25,fb929496ff25d75a23a6c92e658e328e744854f9461343284195d63b3cc2e764,False,cyclic_combined,854a05c238a845576b76850c163a5c36ab2d90ca279e02ea667d8933dc3b15de
C102,solomon_txt,f89a0e2a760cc7448a4ca72b88e5b29b94d64b5548f3320f42a6230025ead653,1,1,ok,True,10,1144957,1144.957,0.073089,0.500438,1,time_limit,solomon_exact_1000_v1,,,,,,0.5,,100,,25,fb929496ff25d75a23a6c92e658e328e744854f9461343284195d63b3cc2e764,False,cyclic_combined,854a05c238a845576b76850c163a5c36ab2d90ca279e02ea667d8933dc3b15de
C102,solomon_txt,f89a0e2a760cc7448a4ca72b88e5b29b94d64b5548f3320f42a6230025ead653,2,1,ok,True,10,1142791,1142.791,0.07111,0.500788,1,time_limit,solomon_exact_1000_v1,,,,,,0.5,,100,,25,fb929496ff25d75a23a6c92e658e328e744854f9461343284195d63b3cc2e764,False,cyclic_combined,854a05c238a845576b76850c163a5c36ab2d90ca279e02ea667d8933dc3b15de
C103,solomon_txt,a55cabf15e0da9d65696a5fb45c9852889479893f76f772a428ca15d1b415a51,0,1,ok,True,10,1563866,1563.866,0.080885,0.500494,1,time_limit,solomon_exact_1000_v1,,,,,,0.5,,100,,25,fb929496ff25d75a23a6c92e658e328e744854f9461343284195d63b3cc2e764,False,cyclic_combined,854a05c238a845576b76850c163a5c36ab2d90ca279e02ea667d8933dc3b15de
C103,solomon_txt,a55cabf15e0da9d65696a5fb45c9852889479893f76f772a428ca15d1b415a51,1,1,ok,True,10,1563866,1563.866,0.079544,0.500658,1,time_limit,solomon_exact_1000_v1,,,,,,0.5,,100,,25,fb929496ff25d75a23a6c92e658e328e744854f9461343284195d63b3cc2e764,False,cyclic_combined,854a05c238a845576b76850c163a5c36ab2d90ca279e02ea667d8933dc3b15de
C103,solomon_txt,a55cabf15e0da9d65696a5fb45c9852889479893f76f772a428ca15d1b415a51,2,1,ok,True,10,1563866,1563.866,0.080249,0.500607,1,time_limit,solomon_exact_1000_v1,,,,,,0.5,,100,,25,fb929496ff25d75a23a6c92e658e328e744854f9461343284195d63b3cc2e764,False,cyclic_combined,854a05c238a845576b76850c163a5c36ab2d90ca279e02ea667d8933dc3b15de
C104,solomon_txt,fe333e81625ee5a75bb2ce98c2c9f356d07289237865b62a23ba2f32f0de5ee2,0,1,ok,True,10,1695869,1695.869,0.080612,0.500484,1,time_limit,solomon_exact_1000_v1,,,,,,0.5,,100,,25,fb929496ff25d75a23a6c92e658e328e744854f9461343284195d63b3cc2e764,False,cyclic_combined,854a05c238a845576b76850c163a5c36ab2d90ca279e02ea667d8933dc3b15de
C104,solomon_txt,fe333e81625ee5a75bb2ce98c2c9f356d07289237865b62a23ba2f32f0de5ee2,1,1,ok,True,10,1695456,1695.456,0.081463,0.500464,1,time_limit,solomon_exact_1000_v1,,,,,,0.5,,100,,25,fb929496ff25d75a23a6c92e658e328e744854f9461343284195d63b3cc2e764,False,cyclic_combined,854a05c238a845576b76850c163a5c36ab2d90ca279e02ea667d8933dc3b15de
C104,solomon_txt,fe333e81625ee5a75bb2ce98c2c9f356d07289237865b62a23ba2f32f0de5ee2,2,1,ok,True,10,1463624,1463.624,0.082508,0.500491,1,time_limit,solomon_exact_1000_v1,,,,,,0.5,,100,,25,fb929496ff25d75a23a6c92e658e328e744854f9461343284195d63b3cc2e764,False,cyclic_combined,854a05c238a845576b76850c163a5c36ab2d90ca279e02ea667d8933dc3b15de
C105,solomon_txt,9a877a3a6fb922e7ad9297cc0308bc8a5652cb1495a0228ee6b81b2d938aa29f,0,1,ok,True,10,1102146,1102.146,0.083427,0.500842,1,time_limit,solomon_exact_1000_v1,,,,,,0.5,,100,,25,fb929496ff25d75a23a6c92e658e328e744854f9461343284195d63b3cc2e764,False,cyclic_combined,854a05c238a845576b76850c163a5c36ab2d90ca279e02ea667d8933dc3b15de
C105,solomon_txt,9a877a3a6fb922e7ad9297cc0308bc8a5652cb1495a0228ee6b81b2d938aa29f,1,1,ok,True,10,921650,921.65,0.078598,0.500508,1,time_limit,solomon_exact_1000_v1,,,,,,0.5,,100,,25,fb929496ff25d75a23a6c92e658e328e744854f9461343284195d63b3cc2e764,False,cyclic_combined,854a05c238a845576b76850c163a5c36ab2d90ca279e02ea667d8933dc3b15de
C105,solomon_txt,9a877a3a6fb922e7ad9297cc0308bc8a5652cb1495a0228ee6b81b2d938aa29f,2,1,ok,True,10,952059,952.059,0.06884,0.500465,1,time_limit,solomon_exact_1000_v1,,,,,,0.5,,100,,25,fb929496ff25d75a23a6c92e658e328e744854f9461343284195d63b3cc2e764,False,cyclic_combined,854a05c238a845576b76850c163a5c36ab2d90ca279e02ea667d8933dc3b15de
C106,solomon_txt,ec9b419bed53e9c607cce76e8c6bc59feb6e4d17646905601f008a4141ec7b40,0,1,ok,True,10,1138450,1138.45,0.066086,0.500615,1,time_limit,solomon_exact_1000_v1,,,,,,0.5,,100,,25,fb929496ff25d75a23a6c92e658e328e744854f9461343284195d63b3cc2e764,False,cyclic_combined,854a05c238a845576b76850c163a5c36ab2d90ca279e02ea667d8933dc3b15de
C106,solomon_txt,ec9b419bed53e9c607cce76e8c6bc59feb6e4d17646905601f008a4141ec7b40,1,1,ok,True,10,1043747,1043.747,0.06777,0.500452,1,time_limit,solomon_exact_1000_v1,,,,,,0.5,,100,,25,fb929496ff25d75a23a6c92e658e328e744854f9461343284195d63b3cc2e764,False,cyclic_combined,854a05c238a845576b76850c163a5c36ab2d90ca279e02ea667d8933dc3b15de
C106,solomon_txt,ec9b419bed53e9c607cce76e8c6bc59feb6e4d17646905601f008a4141ec7b40,2,1,ok,True,10,1027862,1027.862,0.072489,0.500481,1,time_limit,solomon_exact_1000_v1,,,,,,0.5,,100,,25,fb929496ff25d75a23a6c92e658e328e744854f9461343284195d63b3cc2e764,False,cyclic_combined,854a05c238a845576b76850c163a5c36ab2d90ca279e02ea667d8933dc3b15de
C107,solomon_txt,cb3cdc10d812fa17370eb52cb753b6b0574426dc6fabeb8b9076ed750ddf05ca,0,1,ok,True,10,1071044,1071.044,0.072981,0.500453,1,time_limit,solomon_exact_1000_v1,,,,,,0.5,,100,,25,fb929496ff25d75a23a6c92e658e328e744854f9461343284195d63b3cc2e764,False,cyclic_combined,854a05c238a845576b76850c163a5c36ab2d90ca279e02ea667d8933dc3b15de
C107,solomon_txt,cb3cdc10d812fa17370eb52cb753b6b0574426dc6fabeb8b9076ed750ddf05ca,1,1,ok,True,10,1040576,1040.576,0.093818,0.500492,1,time_limit,solomon_exact_1000_v1,,,,,,0.5,,100,,25,fb929496ff25d75a23a6c92e658e328e744854f9461343284195d63b3cc2e764,False,cyclic_combined,854a05c238a845576b76850c163a5c36ab2d90ca279e02ea667d8933dc3b15de
C107,solomon_txt,cb3cdc10d812fa17370eb52cb753b6b0574426dc6fabeb8b9076ed750ddf05ca,2,1,ok,True,10,1017123,1017.123,0.073191,0.500481,1,time_limit,solomon_exact_1000_v1,,,,,,0.5,,100,,25,fb929496ff25d75a23a6c92e658e328e744854f9461343284195d63b3cc2e764,False,cyclic_combined,854a05c238a845576b76850c163a5c36ab2d90ca279e02ea667d8933dc3b15de
C108,solomon_txt,b8c7e48f292b66b283d8e71511e3a4eccaa4c4bc66b9313c399e73b0226f5953,0,1,ok,True,10,1385709,1385.709,0.070001,0.500499,1,time_limit,solomon_exact_1000_v1,,,,,,0.5,,100,,25,fb929496ff25d75a23a6c92e658e328e744854f9461343284195d63b3cc2e764,False,cyclic_combined,854a05c238a845576b76850c163a5c36ab2d90ca279e02ea667d8933dc3b15de
C108,solomon_txt,b8c7e48f292b66b283d8e71511e3a4eccaa4c4bc66b9313c399e73b0226f5953,1,1,ok,True,10,1418971,1418.971,0.067441,0.500506,1,time_limit,solomon_exact_1000_v1,,,,,,0.5,,100,,25,fb929496ff25d75a23a6c92e658e328e744854f9461343284195d63b3cc2e764,False,cyclic_combined,854a05c238a845576b76850c163a5c36ab2d90ca279e02ea667d8933dc3b15de
C108,solomon_txt,b8c7e48f292b66b283d8e71511e3a4eccaa4c4bc66b9313c399e73b0226f5953,2,1,ok,True,10,1288065,1288.065,0.069545,0.500484,2,time_limit,solomon_exact_1000_v1,,,,,,0.5,,100,,25,fb929496ff25d75a23a6c92e658e328e744854f9461343284195d63b3cc2e764,False,cyclic_combined,854a05c238a845576b76850c163a5c36ab2d90ca279e02ea667d8933dc3b15de
C109,solomon_txt,72d8489e14bf1bb18456f0b21b01110506cbcc2354719dae8481b480150f142a,0,1,ok,True,10,1446098,1446.098,0.083353,0.500496,1,time_limit,solomon_exact_1000_v1,,,,,,0.5,,100,,25,fb929496ff25d75a23a6c92e658e328e744854f9461343284195d63b3cc2e764,False,cyclic_combined,854a05c238a845576b76850c163a5c36ab2d90ca279e02ea667d8933dc3b15de
C109,solomon_txt,72d8489e14bf1bb18456f0b21b01110506cbcc2354719dae8481b480150f142a,1,1,ok,True,10,1301225,1301.225,0.076039,0.500423,1,time_limit,solomon_exact_1000_v1,,,,,,0.5,,100,,25,fb929496ff25d75a23a6c92e658e328e744854f9461343284195d63b3cc2e764,False,cyclic_combined,854a05c238a845576b76850c163a5c36ab2d90ca279e02ea667d8933dc3b15de
C109,solomon_txt,72d8489e14bf1bb18456f0b21b01110506cbcc2354719dae8481b480150f142a,2,1,ok,True,10,1364300,1364.3,0.074377,0.500481,1,time_limit,solomon_exact_1000_v1,,,,,,0.5,,100,,25,fb929496ff25d75a23a6c92e658e328e744854f9461343284195d63b3cc2e764,False,cyclic_combined,854a05c238a845576b76850c163a5c36ab2d90ca279e02ea667d8933dc3b15de
C201,solomon_txt,d8d9834087ae2326fa23a8510533060233dc9fb481873be60956eb26a880ad63,0,1,ok,True,3,695752,695.752,0.190005,0.500459,1,time_limit,solomon_exact_1000_v1,,,,,,0.5,,100,,25,fb929496ff25d75a23a6c92e658e328e744854f9461343284195d63b3cc2e764,False,cyclic_combined,854a05c238a845576b76850c163a5c36ab2d90ca279e02ea667d8933dc3b15de
C201,solomon_txt,d8d9834087ae2326fa23a8510533060233dc9fb481873be60956eb26a880ad63,1,1,ok,True,3,695752,695.752,0.179893,0.500451,1,time_limit,solomon_exact_1000_v1,,,,,,0.5,,100,,25,fb929496ff25d75a23a6c92e658e328e744854f9461343284195d63b3cc2e764,False,cyclic_combined,854a05c238a845576b76850c163a5c36ab2d90ca279e02ea667d8933dc3b15de
C201,solomon_txt,d8d9834087ae2326fa23a8510533060233dc9fb481873be60956eb26a880ad63,2,1,ok,True,3,695752,695.752,0.180229,0.500469,1,time_limit,solomon_exact_1000_v1,,,,,,0.5,,100,,25,fb929496ff25d75a23a6c92e658e328e744854f9461343284195d63b3cc2e764,False,cyclic_combined,854a05c238a845576b76850c163a5c36ab2d90ca279e02ea667d8933dc3b15de
C202,solomon_txt,dfc8ecad79f6c7ffb096cd36994143569f0babe284d5ad194683271d81063772,0,1,ok,True,3,719007,719.007,0.169974,0.500432,1,time_limit,solomon_exact_1000_v1,,,,,,0.5,,100,,25,fb929496ff25d75a23a6c92e658e328e744854f9461343284195d63b3cc2e764,False,cyclic_combined,854a05c238a845576b76850c163a5c36ab2d90ca279e02ea667d8933dc3b15de
C202,solomon_txt,dfc8ecad79f6c7ffb096cd36994143569f0babe284d5ad194683271d81063772,1,1,ok,True,3,719007,719.007,0.174348,0.500489,1,time_limit,solomon_exact_1000_v1,,,,,,0.5,,100,,25,fb929496ff25d75a23a6c92e658e328e744854f9461343284195d63b3cc2e764,False,cyclic_combined,854a05c238a845576b76850c163a5c36ab2d90ca279e02ea667d8933dc3b15de
C202,solomon_txt,dfc8ecad79f6c7ffb096cd36994143569f0babe284d5ad194683271d81063772,2,1,ok,True,3,719007,719.007,0.175807,0.500459,1,time_limit,solomon_exact_1000_v1,,,,,,0.5,,100,,25,fb929496ff25d75a23a6c92e658e328e744854f9461343284195d63b3cc2e764,False,cyclic_combined,854a05c238a845576b76850c163a5c36ab2d90ca279e02ea667d8933dc3b15de
C203,solomon_txt,2b79eea2962a848cb29f6153d4fb4ae725d35507686d937da6643b33fcd85062,0,1,ok,True,3,646512,646.512,0.169695,0.500505,1,time_limit,solomon_exact_1000_v1,,,,,,0.5,,100,,25,fb929496ff25d75a23a6c92e658e328e744854f9461343284195d63b3cc2e764,False,cyclic_combined,854a05c238a845576b76850c163a5c36ab2d90ca279e02ea667d8933dc3b15de
C203,solomon_txt,2b79eea2962a848cb29f6153d4fb4ae725d35507686d937da6643b33fcd85062,1,1,ok,True,3,696212,696.212,0.168552,0.500506,1,time_limit,solomon_exact_1000_v1,,,,,,0.5,,100,,25,fb929496ff25d75a23a6c92e658e328e744854f9461343284195d63b3cc2e764,False,cyclic_combined,854a05c238a845576b76850c163a5c36ab2d90ca279e02ea667d8933dc3b15de
C203,solomon_txt,2b79eea2962a848cb29f6153d4fb4ae725d35507686d937da6643b33fcd85062,2,1,ok,True,3,684125,684.125,0.167209,0.500457,1,time_limit,solomon_exact_1000_v1,,,,,,0.5,,100,,25,fb929496ff25d75a23a6c92e658e328e744854f9461343284195d63b3cc2e764,False,cyclic_combined,854a05c238a845576b76850c163a5c36ab2d90ca279e02ea667d8933dc3b15de
C204,solomon_txt,4331b2744d34e32c2987e3fe8a82b782a2039d757d2aac818f7e0fd21117bfb4,0,1,ok,True,3,935721,935.721,0.185898,0.500455,1,time_limit,solomon_exact_1000_v1,,,,,,0.5,,100,,25,fb929496ff25d75a23a6c92e658e328e744854f9461343284195d63b3cc2e764,False,cyclic_combined,854a05c238a845576b76850c163a5c36ab2d90ca279e02ea667d8933dc3b15de
C204,solomon_txt,4331b2744d34e32c2987e3fe8a82b782a2039d757d2aac818f7e0fd21117bfb4,1,1,ok,True,3,778732,778.732,0.184496,0.500448,1,time_limit,solomon_exact_1000_v1,,,,,,0.5,,100,,25,fb929496ff25d75a23a6c92e658e328e744854f9461343284195d63b3cc2e764,False,cyclic_combined,854a05c238a845576b76850c163a5c36ab2d90ca279e02ea667d8933dc3b15de
C204,solomon_txt,4331b2744d34e32c2987e3fe8a82b782a2039d757d2aac818f7e0fd21117bfb4,2,1,ok,True,3,740777,740.777,0.181078,0.500416,1,time_limit,solomon_exact_1000_v1,,,,,,0.5,,100,,25,fb929496ff25d75a23a6c92e658e328e744854f9461343284195d63b3cc2e764,False,cyclic_combined,854a05c238a845576b76850c163a5c36ab2d90ca279e02ea667d8933dc3b15de
C205,solomon_txt,15be2bb8c3e4ad99a79d1e7ee0472223feb95a4f423d010e032bda0a87266ca5,0,1,ok,True,3,745574,745.574,0.163544,0.500428,1,time_limit,solomon_exact_1000_v1,,,,,,0.5,,100,,25,fb929496ff25d75a23a6c92e658e328e744854f9461343284195d63b3cc2e764,False,cyclic_combined,854a05c238a845576b76850c163a5c36ab2d90ca279e02ea667d8933dc3b15de
C205,solomon_txt,15be2bb8c3e4ad99a79d1e7ee0472223feb95a4f423d010e032bda0a87266ca5,1,1,ok,True,3,781733,781.733,0.166897,0.500473,1,time_limit,solomon_exact_1000_v1,,,,,,0.5,,100,,25,fb929496ff25d75a23a6c92e658e328e744854f9461343284195d63b3cc2e764,False,cyclic_combined,854a05c238a845576b76850c163a5c36ab2d90ca279e02ea667d8933dc3b15de
C205,solomon_txt,15be2bb8c3e4ad99a79d1e7ee0472223feb95a4f423d010e032bda0a87266ca5,2,1,ok,True,3,674761,674.761,0.163583,0.500448,1,time_limit,solomon_exact_1000_v1,,,,,,0.5,,100,,25,fb929496ff25d75a23a6c92e658e328e744854f9461343284195d63b3cc2e764,False,cyclic_combined,854a05c238a845576b76850c163a5c36ab2d90ca279e02ea667d8933dc3b15de
C206,solomon_txt,745b6c7042707ffbbfc4d681ee02a84431425f1dfb3c8aa85ecf003fec8f7e53,0,1,ok,True,3,658328,658.328,0.186059,0.500384,1,time_limit,solomon_exact_1000_v1,,,,,,0.5,,100,,25,fb929496ff25d75a23a6c92e658e328e744854f9461343284195d63b3cc2e764,False,cyclic_combined,854a05c238a845576b76850c163a5c36ab2d90ca279e02ea667d8933dc3b15de
C206,solomon_txt,745b6c7042707ffbbfc4d681ee02a84431425f1dfb3c8aa85ecf003fec8f7e53,1,1,ok,True,3,934098,934.098,0.189613,0.500418,1,time_limit,solomon_exact_1000_v1,,,,,,0.5,,100,,25,fb929496ff25d75a23a6c92e658e328e744854f9461343284195d63b3cc2e764,False,cyclic_combined,854a05c238a845576b76850c163a5c36ab2d90ca279e02ea667d8933dc3b15de
C206,solomon_txt,745b6c7042707ffbbfc4d681ee02a84431425f1dfb3c8aa85ecf003fec8f7e53,2,1,ok,True,3,681376,681.376,0.177916,0.50045,1,time_limit,solomon_exact_1000_v1,,,,,,0.5,,100,,25,fb929496ff25d75a23a6c92e658e328e744854f9461343284195d63b3cc2e764,False,cyclic_combined,854a05c238a845576b76850c163a5c36ab2d90ca279e02ea667d8933dc3b15de
C207,solomon_txt,a33f03570a944c8a6d185fd6a173e66c68e67c399a4958b2d5b6d49533ace4a4,0,1,ok,True,3,871095,871.095,0.184482,0.500448,1,time_limit,solomon_exact_1000_v1,,,,,,0.5,,100,,25,fb929496ff25d75a23a6c92e658e328e744854f9461343284195d63b3cc2e764,False,cyclic_combined,854a05c238a845576b76850c163a5c36ab2d90ca279e02ea667d8933dc3b15de
C207,solomon_txt,a33f03570a944c8a6d185fd6a173e66c68e67c399a4958b2d5b6d49533ace4a4,1,1,ok,True,3,778254,778.254,0.184058,0.500501,1,time_limit,solomon_exact_1000_v1,,,,,,0.5,,100,,25,fb929496ff25d75a23a6c92e658e328e744854f9461343284195d63b3cc2e764,False,cyclic_combined,854a05c238a845576b76850c163a5c36ab2d90ca279e02ea667d8933dc3b15de
C207,solomon_txt,a33f03570a944c8a6d185fd6a173e66c68e67c399a4958b2d5b6d49533ace4a4,2,1,ok,True,3,675953,675.953,0.178789,0.500424,1,time_limit,solomon_exact_1000_v1,,,,,,0.5,,100,,25,fb929496ff25d75a23a6c92e658e328e744854f9461343284195d63b3cc2e764,False,cyclic_combined,854a05c238a845576b76850c163a5c36ab2d90ca279e02ea667d8933dc3b15de
C208,solomon_txt,1c2f2381b8743680dbeb34322869cbf5a6cdd8c281f4bcffdb99b533e601874b,0,1,ok,True,4,957831,957.831,0.185712,0.500363,1,time_limit,solomon_exact_1000_v1,,,,,,0.5,,100,,25,fb929496ff25d75a23a6c92e658e328e744854f9461343284195d63b3cc2e764,False,cyclic_combined,854a05c238a845576b76850c163a5c36ab2d90ca279e02ea667d8933dc3b15de
C208,solomon_txt,1c2f2381b8743680dbeb34322869cbf5a6cdd8c281f4bcffdb99b533e601874b,1,1,ok,True,4,957831,957.831,0.188845,0.500212,1,time_limit,solomon_exact_1000_v1,,,,,,0.5,,100,,25,fb929496ff25d75a23a6c92e658e328e744854f9461343284195d63b3cc2e764,False,cyclic_combined,854a05c238a845576b76850c163a5c36ab2d90ca279e02ea667d8933dc3b15de
C208,solomon_txt,1c2f2381b8743680dbeb34322869cbf5a6cdd8c281f4bcffdb99b533e601874b,2,1,ok,True,3,653223,653.223,0.184963,0.500474,1,time_limit,solomon_exact_1000_v1,,,,,,0.5,,100,,25,fb929496ff25d75a23a6c92e658e328e744854f9461343284195d63b3cc2e764,False,cyclic_combined,854a05c238a845576b76850c163a5c36ab2d90ca279e02ea667d8933dc3b15de
R101,solomon_txt,3f3655182bc0fe44ce5de65fdcd2ee2f9c7fb9ed055f923635151d9d6f76d3ed,0,1,ok,True,22,1911568,1911.568,0.055628,0.500511,1,time_limit,solomon_exact_1000_v1,,,,,,0.5,,100,,25,fb929496ff25d75a23a6c92e658e328e744854f9461343284195d63b3cc2e764,False,cyclic_combined,854a05c238a845576b76850c163a5c36ab2d90ca279e02ea667d8933dc3b15de
R101,solomon_txt,3f3655182bc0fe44ce5de65fdcd2ee2f9c7fb9ed055f923635151d9d6f76d3ed,1,1,ok,True,21,1903068,1903.068,0.054176,0.500551,1,time_limit,solomon_exact_1000_v1,,,,,,0.5,,100,,25,fb929496ff25d75a23a6c92e658e328e744854f9461343284195d63b3cc2e764,False,cyclic_combined,854a05c238a845576b76850c163a5c36ab2d90ca279e02ea667d8933dc3b15de
R101,solomon_txt,3f3655182bc0fe44ce5de65fdcd2ee2f9c7fb9ed055f923635151d9d6f76d3ed,2,1,ok,True,21,1850800,1850.8,0.052395,0.50049,1,time_limit,solomon_exact_1000_v1,,,,,,0.5,,100,,25,fb929496ff25d75a23a6c92e658e328e744854f9461343284195d63b3cc2e764,False,cyclic_combined,854a05c238a845576b76850c163a5c36ab2d90ca279e02ea667d8933dc3b15de
R102,solomon_txt,eeb23171b7e4fbfc80bf000ca770329109900fbd7273fa8b9d1f95b7dfe683c3,0,1,ok,True,19,1640559,1640.559,0.0567,0.500485,1,time_limit,solomon_exact_1000_v1,,,,,,0.5,,100,,25,fb929496ff25d75a23a6c92e658e328e744854f9461343284195d63b3cc2e764,False,cyclic_combined,854a05c238a845576b76850c163a5c36ab2d90ca279e02ea667d8933dc3b15de
R102,solomon_txt,eeb23171b7e4fbfc80bf000ca770329109900fbd7273fa8b9d1f95b7dfe683c3,1,1,ok,True,19,1672979,1672.979,0.057173,0.500479,1,time_limit,solomon_exact_1000_v1,,,,,,0.5,,100,,25,fb929496ff25d75a23a6c92e658e328e744854f9461343284195d63b3cc2e764,False,cyclic_combined,854a05c238a845576b76850c163a5c36ab2d90ca279e02ea667d8933dc3b15de
R102,solomon_txt,eeb23171b7e4fbfc80bf000ca770329109900fbd7273fa8b9d1f95b7dfe683c3,2,1,ok,True,19,1606305,1606.305,0.055445,0.500562,1,time_limit,solomon_exact_1000_v1,,,,,,0.5,,100,,25,fb929496ff25d75a23a6c92e658e328e744854f9461343284195d63b3cc2e764,False,cyclic_combined,854a05c238a845576b76850c163a5c36ab2d90ca279e02ea667d8933dc3b15de
R103,solomon_txt,1f833e8648ba39e0edc76754fb49e81777a7175cf7b084c3f60a12607bfb3991,0,1,ok,True,14,1545189,1545.189,0.065265,0.500445,1,time_limit,solomon_exact_1000_v1,,,,,,0.5,,100,,25,fb929496ff25d75a23a6c92e658e328e744854f9461343284195d63b3cc2e764,False,cyclic_combined,854a05c238a845576b76850c163a5c36ab2d90ca279e02ea667d8933dc3b15de
R103,solomon_txt,1f833e8648ba39e0edc76754fb49e81777a7175cf7b084c3f60a12607bfb3991,1,1,ok,True,14,1545189,1545.189,0.063999,0.500464,1,time_limit,solomon_exact_1000_v1,,,,,,0.5,,100,,25,fb929496ff25d75a23a6c92e658e328e744854f9461343284195d63b3cc2e764,False,cyclic_combined,854a05c238a845576b76850c163a5c36ab2d90ca279e02ea667d8933dc3b15de
R103,solomon_txt,1f833e8648ba39e0edc76754fb49e81777a7175cf7b084c3f60a12607bfb3991,2,1,ok,True,14,1541960,1541.96,0.062401,0.500465,1,time_limit,solomon_exact_1000_v1,,,,,,0.5,,100,,25,fb929496ff25d75a23a6c92e658e328e744854f9461343284195d63b3cc2e764,False,cyclic_combined,854a05c238a845576b76850c163a5c36ab2d90ca279e02ea667d8933dc3b15de
R104,solomon_txt,dd087124311d91facd81736debbfc7d0f351d27942917e2d76cbafd01e6183b7,0,1,ok,True,11,1184423,1184.423,0.073283,0.500414,2,time_limit,solomon_exact_1000_v1,,,,,,0.5,,100,,25,fb929496ff25d75a23a6c92e658e328e744854f9461343284195d63b3cc2e764,False,cyclic_combined,854a05c238a845576b76850c163a5c36ab2d90ca279e02ea667d8933dc3b15de
R104,solomon_txt,dd087124311d91facd81736debbfc7d0f351d27942917e2d76cbafd01e6183b7,1,1,ok,True,11,1211176,1211.176,0.075084,0.500468,1,time_limit,solomon_exact_1000_v1,,,,,,0.5,,100,,25,fb929496ff25d75a23a6c92e658e328e744854f9461343284195d63b3cc2e764,False,cyclic_combined,854a05c238a845576b76850c163a5c36ab2d90ca279e02ea667d8933dc3b15de
R104,solomon_txt,dd087124311d91facd81736debbfc7d0f351d27942917e2d76cbafd01e6183b7,2,1,ok,True,11,1321819,1321.819,0.075986,0.500482,1,time_limit,solomon_exact_1000_v1,,,,,,0.5,,100,,25,fb929496ff25d75a23a6c92e658e328e744854f9461343284195d63b3cc2e764,False,cyclic_combined,854a05c238a845576b76850c163a5c36ab2d90ca279e02ea667d8933dc3b15de
R105,solomon_txt,ff1a614f8458d6339b3f54d8e4ca2dcf0a35c96012f477f6a819ae481de85ca4,0,1,ok,True,16,1693787,1693.787,0.058968,0.500461,1,time_limit,solomon_exact_1000_v1,,,,,,0.5,,100,,25,fb929496ff25d75a23a6c92e658e328e744854f9461343284195d63b3cc2e764,False,cyclic_combined,854a05c238a845576b76850c163a5c36ab2d90ca279e02ea667d8933dc3b15de
R105,solomon_txt,ff1a614f8458d6339b3f54d8e4ca2dcf0a35c96012f477f6a819ae481de85ca4,1,1,ok,True,17,1670400,1670.4,0.060243,0.500487,1,time_limit,solomon_exact_1000_v1,,,,,,0.5,,100,,25,fb929496ff25d75a23a6c92e658e328e744854f9461343284195d63b3cc2e764,False,cyclic_combined,854a05c238a845576b76850c163a5c36ab2d90ca279e02ea667d8933dc3b15de
R105,solomon_txt,ff1a614f8458d6339b3f54d8e4ca2dcf0a35c96012f477f6a819ae481de85ca4,2,1,ok,True,16,1694139,1694.139,0.057432,0.500491,1,time_limit,solomon_exact_1000_v1,,,,,,0.5,,100,,25,fb929496ff25d75a23a6c92e658e328e744854f9461343284195d63b3cc2e764,False,cyclic_combined,854a05c238a845576b76850c163a5c36ab2d90ca279e02ea667d8933dc3b15de
R106,solomon_txt,31b8783d177f0fbe1c84b8f085fbf28b1989a80e4c00f49f5654ebef99835e97,0,1,ok,True,14,1540595,1540.595,0.062979,0.50059,1,time_limit,solomon_exact_1000_v1,,,,,,0.5,,100,,25,fb929496ff25d75a23a6c92e658e328e744854f9461343284195d63b3cc2e764,False,cyclic_combined,854a05c238a845576b76850c163a5c36ab2d90ca279e02ea667d8933dc3b15de
R106,solomon_txt,31b8783d177f0fbe1c84b8f085fbf28b1989a80e4c00f49f5654ebef99835e97,1,1,ok,True,14,1642821,1642.821,0.05907,0.500447,1,time_limit,solomon_exact_1000_v1,,,,,,0.5,,100,,25,fb929496ff25d75a23a6c92e658e328e744854f9461343284195d63b3cc2e764,False,cyclic_combined,854a05c238a845576b76850c163a5c36ab2d90ca279e02ea667d8933dc3b15de
R106,solomon_txt,31b8783d177f0fbe1c84b8f085fbf28b1989a80e4c00f49f5654ebef99835e97,2,1,ok,True,14,1559373,1559.373,0.058873,0.500495,1,time_limit,solomon_exact_1000_v1,,,,,,0.5,,100,,25,fb929496ff25d75a23a6c92e658e328e744854f9461343284195d63b3cc2e764,False,cyclic_combined,854a05c238a845576b76850c163a5c36ab2d90ca279e02ea667d8933dc3b15de
R107,solomon_txt,dba2b257a1d43d7c78d5e3a9f09091a2b125d3fbec78c0c8a1782add669a1275,0,1,ok,True,12,1283469,1283.469,0.067867,0.500475,1,time_limit,solomon_exact_1000_v1,,,,,,0.5,,100,,25,fb929496ff25d75a23a6c92e658e328e744854f9461343284195d63b3cc2e764,False,cyclic_combined,854a05c238a845576b76850c163a5c36ab2d90ca279e02ea667d8933dc3b15de
R107,solomon_txt,dba2b257a1d43d7c78d5e3a9f09091a2b125d3fbec78c0c8a1782add669a1275,1,1,ok,True,12,1487657,1487.657,0.068814,0.500418,1,time_limit,solomon_exact_1000_v1,,,,,,0.5,,100,,25,fb929496ff25d75a23a6c92e658e328e744854f9461343284195d63b3cc2e764,False,cyclic_combined,854a05c238a845576b76850c163a5c36ab2d90ca279e02ea667d8933dc3b15de
R107,solomon_txt,dba2b257a1d43d7c78d5e3a9f09091a2b125d3fbec78c0c8a1782add669a1275,2,1,ok,True,12,1486083,1486.083,0.066961,0.500448,1,time_limit,solomon_exact_1000_v1,,,,,,0.5,,100,,25,fb929496ff25d75a23a6c92e658e328e744854f9461343284195d63b3cc2e764,False,cyclic_combined,854a05c238a845576b76850c163a5c36ab2d90ca279e02ea667d8933dc3b15de
R108,solomon_txt,65cae09f4099b7e70d2b723e0e3a30aa1494c75a367bb894a3fd13241ee639d4,0,1,ok,True,11,1315436,1315.436,0.076514,0.500457,1,time_limit,solomon_exact_1000_v1,,,,,,0.5,,100,,25,fb929496ff25d75a23a6c92e658e328e744854f9461343284195d63b3cc2e764,False,cyclic_combined,854a05c238a845576b76850c163a5c36ab2d90ca279e02ea667d8933dc3b15de
R108,solomon_txt,65cae09f4099b7e70d2b723e0e3a30aa1494c75a367bb894a3fd13241ee639d4,1,1,ok,True,10,1128679,1128.679,0.074477,0.500529,1,time_limit,solomon_exact_1000_v1,,,,,,0.5,,100,,25,fb929496ff25d75a23a6c92e658e328e744854f9461343284195d63b3cc2e764,False,cyclic_combined,854a05c238a845576b76850c163a5c36ab2d90ca279e02ea667d8933dc3b15de
R108,solomon_txt,65cae09f4099b7e70d2b723e0e3a30aa1494c75a367bb894a3fd13241ee639d4,2,1,ok,True,11,1356475,1356.475,0.07279,0.500467,1,time_limit,solomon_exact_1000_v1,,,,,,0.5,,100,,25,fb929496ff25d75a23a6c92e658e328e744854f9461343284195d63b3cc2e764,False,cyclic_combined,854a05c238a845576b76850c163a5c36ab2d90ca279e02ea667d8933dc3b15de
R109,solomon_txt,4ef24030e8c48de5f85dcd90c5739186004fc8dec87533b6467013cf996f4777,0,1,ok,True,14,1518755,1518.755,0.055556,0.500461,1,time_limit,solomon_exact_1000_v1,,,,,,0.5,,100,,25,fb929496ff25d75a23a6c92e658e328e744854f9461343284195d63b3cc2e764,False,cyclic_combined,854a05c238a845576b76850c163a5c36ab2d90ca279e02ea667d8933dc3b15de
R109,solomon_txt,4ef24030e8c48de5f85dcd90c5739186004fc8dec87533b6467013cf996f4777,1,1,ok,True,15,1623315,1623.315,0.068318,0.500796,1,time_limit,solomon_exact_1000_v1,,,,,,0.5,,100,,25,fb929496ff25d75a23a6c92e658e328e744854f9461343284195d63b3cc2e764,False,cyclic_combined,854a05c238a845576b76850c163a5c36ab2d90ca279e02ea667d8933dc3b15de
R109,solomon_txt,4ef24030e8c48de5f85dcd90c5739186004fc8dec87533b6467013cf996f4777,2,1,ok,True,14,1525694,1525.694,0.06009,0.500423,1,time_limit,solomon_exact_1000_v1,,,,,,0.5,,100,,25,fb929496ff25d75a23a6c92e658e328e744854f9461343284195d63b3cc2e764,False,cyclic_combined,854a05c238a845576b76850c163a5c36ab2d90ca279e02ea667d8933dc3b15de
R110,solomon_txt,14cb53cb99af61d3d708f07564b9a72d146e7c26b4f10507cfaf3bc828f34bfa,0,1,ok,True,13,1561904,1561.904,0.063988,0.500493,1,time_limit,solomon_exact_1000_v1,,,,,,0.5,,100,,25,fb929496ff25d75a23a6c92e658e328e744854f9461343284195d63b3cc2e764,False,cyclic_combined,854a05c238a845576b76850c163a5c36ab2d90ca279e02ea667d8933dc3b15de
R110,solomon_txt,14cb53cb99af61d3d708f07564b9a72d146e7c26b4f10507cfaf3bc828f34bfa,1,1,ok,True,13,1522613,1522.613,0.065404,0.500594,1,time_limit,solomon_exact_1000_v1,,,,,,0.5,,100,,25,fb929496ff25d75a23a6c92e658e328e744854f9461343284195d63b3cc2e764,False,cyclic_combined,854a05c238a845576b76850c163a5c36ab2d90ca279e02ea667d8933dc3b15de
R110,solomon_txt,14cb53cb99af61d3d708f07564b9a72d146e7c26b4f10507cfaf3bc828f34bfa,2,1,ok,True,13,1564765,1564.765,0.064958,0.500489,1,time_limit,solomon_exact_1000_v1,,,,,,0.5,,100,,25,fb929496ff25d75a23a6c92e658e328e744854f9461343284195d63b3cc2e764,False,cyclic_combined,854a05c238a845576b76850c163a5c36ab2d90ca279e02ea667d8933dc3b15de
R111,solomon_txt,3d94a73b1f2fe8aae4618b9d9ea254cff2e3924a6a841aa390096ec6c60f258d,0,1,ok,True,12,1400068,1400.068,0.066382,0.500429,1,time_limit,solomon_exact_1000_v1,,,,,,0.5,,100,,25,fb929496ff25d75a23a6c92e658e328e744854f9461343284195d63b3cc2e764,False,cyclic_combined,854a05c238a845576b76850c163a5c36ab2d90ca279e02ea667d8933dc3b15de
R111,solomon_txt,3d94a73b1f2fe8aae4618b9d9ea254cff2e3924a6a841aa390096ec6c60f258d,1,1,ok,True,12,1466398,1466.398,0.068514,0.500448,1,time_limit,solomon_exact_1000_v1,,,,,,0.5,,100,,25,fb929496ff25d75a23a6c92e658e328e744854f9461343284195d63b3cc2e764,False,cyclic_combined,854a05c238a845576b76850c163a5c36ab2d90ca279e02ea667d8933dc3b15de
R111,solomon_txt,3d94a73b1f2fe8aae4618b9d9ea254cff2e3924a6a841aa390096ec6c60f258d,2,1,ok,True,12,1307395,1307.395,0.068098,0.50047,1,time_limit,solomon_exact_1000_v1,,,,,,0.5,,100,,25,fb929496ff25d75a23a6c92e658e328e744854f9461343284195d63b3cc2e764,False,cyclic_combined,854a05c238a845576b76850c163a5c36ab2d90ca279e02ea667d8933dc3b15de
R112,solomon_txt,a0e93149d59d30c356619891d192e86d0f16c3158e1dac3bd9f23c6deb718271,0,1,ok,True,12,1464429,1464.429,0.065025,0.500411,1,time_limit,solomon_exact_1000_v1,,,,,,0.5,,100,,25,fb929496ff25d75a23a6c92e658e328e744854f9461343284195d63b3cc2e764,False,cyclic_combined,854a05c238a845576b76850c163a5c36ab2d90ca279e02ea667d8933dc3b15de
R112,solomon_txt,a0e93149d59d30c356619891d192e86d0f16c3158e1dac3bd9f23c6deb718271,1,1,ok,True,13,1426235,1426.235,0.066675,0.500413,1,time_limit,solomon_exact_1000_v1,,,,,,0.5,,100,,25,fb929496ff25d75a23a6c92e658e328e744854f9461343284195d63b3cc2e764,False,cyclic_combined,854a05c238a845576b76850c163a5c36ab2d90ca279e02ea667d8933dc3b15de
R112,solomon_txt,a0e93149d59d30c356619891d192e86d0f16c3158e1dac3bd9f23c6deb718271,2,1,ok,True,12,1357200,1357.2,0.066723,0.500466,1,time_limit,solomon_exact_1000_v1,,,,,,0.5,,100,,25,fb929496ff25d75a23a6c92e658e328e744854f9461343284195d63b3cc2e764,False,cyclic_combined,854a05c238a845576b76850c163a5c36ab2d90ca279e02ea667d8933dc3b15de
R201,solomon_txt,0be960ec998fff2cab0bdbcc5194c617e5ca0a79c82c5b32b1d4bd98b2cae210,0,1,ok,True,5,1726658,1726.658,0.135426,0.500243,1,time_limit,solomon_exact_1000_v1,,,,,,0.5,,100,,25,fb929496ff25d75a23a6c92e658e328e744854f9461343284195d63b3cc2e764,False,cyclic_combined,854a05c238a845576b76850c163a5c36ab2d90ca279e02ea667d8933dc3b15de
R201,solomon_txt,0be960ec998fff2cab0bdbcc5194c617e5ca0a79c82c5b32b1d4bd98b2cae210,1,1,ok,True,4,1665126,1665.126,0.130868,0.500377,1,time_limit,solomon_exact_1000_v1,,,,,,0.5,,100,,25,fb929496ff25d75a23a6c92e658e328e744854f9461343284195d63b3cc2e764,False,cyclic_combined,854a05c238a845576b76850c163a5c36ab2d90ca279e02ea667d8933dc3b15de
R201,solomon_txt,0be960ec998fff2cab0bdbcc5194c617e5ca0a79c82c5b32b1d4bd98b2cae210,2,1,ok,True,4,1605282,1605.282,0.13162,0.500423,1,time_limit,solomon_exact_1000_v1,,,,,,0.5,,100,,25,fb929496ff25d75a23a6c92e658e328e744854f9461343284195d63b3cc2e764,False,cyclic_combined,854a05c238a845576b76850c163a5c36ab2d90ca279e02ea667d8933dc3b15de
R202,solomon_txt,1f7761bb33e9dd0c94837b32c72280296ffc283dba997379c7ad75ce00dffc8d,0,1,ok,True,4,1622244,1622.244,0.153963,0.50027,1,time_limit,solomon_exact_1000_v1,,,,,,0.5,,100,,25,fb929496ff25d75a23a6c92e658e328e744854f9461343284195d63b3cc2e764,False,cyclic_combined,854a05c238a845576b76850c163a5c36ab2d90ca279e02ea667d8933dc3b15de
R202,solomon_txt,1f7761bb33e9dd0c94837b32c72280296ffc283dba997379c7ad75ce00dffc8d,1,1,ok,True,4,1622244,1622.244,0.158242,0.500396,1,time_limit,solomon_exact_1000_v1,,,,,,0.5,,100,,25,fb929496ff25d75a23a6c92e658e328e744854f9461343284195d63b3cc2e764,False,cyclic_combined,854a05c238a845576b76850c163a5c36ab2d90ca279e02ea667d8933dc3b15de
R202,solomon_txt,1f7761bb33e9dd0c94837b32c72280296ffc283dba997379c7ad75ce00dffc8d,2,1,ok,True,4,1611623,1611.623,0.160017,0.500433,1,time_limit,solomon_exact_1000_v1,,,,,,0.5,,100,,25,fb929496ff25d75a23a6c92e658e328e744854f9461343284195d63b3cc2e764,False,cyclic_combined,854a05c238a845576b76850c163a5c36ab2d90ca279e02ea667d8933dc3b15de
R203,solomon_txt,38c484db31bd7452a94d533e26a2348ef598df600b79d061d9ddc1c61466a731,0,1,ok,True,3,1286562,1286.562,0.166861,0.500474,1,time_limit,solomon_exact_1000_v1,,,,,,0.5,,100,,25,fb929496ff25d75a23a6c92e658e328e744854f9461343284195d63b3cc2e764,False,cyclic_combined,854a05c238a845576b76850c163a5c36ab2d90ca279e02ea667d8933dc3b15de
R203,solomon_txt,38c484db31bd7452a94d533e26a2348ef598df600b79d061d9ddc1c61466a731,1,1,ok,True,3,1285047,1285.047,0.17358,0.500428,1,time_limit,solomon_exact_1000_v1,,,,,,0.5,,100,,25,fb929496ff25d75a23a6c92e658e328e744854f9461343284195d63b3cc2e764,False,cyclic_combined,854a05c238a845576b76850c163a5c36ab2d90ca279e02ea667d8933dc3b15de
R203,solomon_txt,38c484db31bd7452a94d533e26a2348ef598df600b79d061d9ddc1c61466a731,2,1,ok,True,3,1217617,1217.617,0.164588,0.500488,1,time_limit,solomon_exact_1000_v1,,,,,,0.5,,100,,25,fb929496ff25d75a23a6c92e658e328e744854f9461343284195d63b3cc2e764,False,cyclic_combined,854a05c238a845576b76850c163a5c36ab2d90ca279e02ea667d8933dc3b15de
R204,solomon_txt,5349e37d8df99bcbee1efa2e970d2662b5265e5f82fc609343a6af0a60257abf,0,1,ok,True,3,1331038,1331.038,0.204464,0.500278,1,time_limit,solomon_exact_1000_v1,,,,,,0.5,,100,,25,fb929496ff25d75a23a6c92e658e328e744854f9461343284195d63b3cc2e764,False,cyclic_combined,854a05c238a845576b76850c163a5c36ab2d90ca279e02ea667d8933dc3b15de
R204,solomon_txt,5349e37d8df99bcbee1efa2e970d2662b5265e5f82fc609343a6af0a60257abf,1,1,ok,True,3,1331038,1331.038,0.209227,0.500277,1,time_limit,solomon_exact_1000_v1,,,,,,0.5,,100,,25,fb929496ff25d75a23a6c92e658e328e744854f9461343284195d63b3cc2e764,False,cyclic_combined,854a05c238a845576b76850c163a5c36ab2d90ca279e02ea667d8933dc3b15de
R204,solomon_txt,5349e37d8df99bcbee1efa2e970d2662b5265e5f82fc609343a6af0a60257abf,2,1,ok,True,3,1331038,1331.038,0.214292,0.500238,1,time_limit,solomon_exact_1000_v1,,,,,,0.5,,100,,25,fb929496ff25d75a23a6c92e658e328e744854f9461343284195d63b3cc2e764,False,cyclic_combined,854a05c238a845576b76850c163a5c36ab2d90ca279e02ea667d8933dc3b15de
R205,solomon_txt,1996bf8f10716fb8cfc1a585206a6a6e566f32347c1bb8f36c75ed6c887f77e3,0,1,ok,True,3,1303717,1303.717,0.162515,0.500247,1,time_limit,solomon_exact_1000_v1,,,,,,0.5,,100,,25,fb929496ff25d75a23a6c92e658e328e744854f9461343284195d63b3cc2e764,False,cyclic_combined,854a05c238a845576b76850c163a5c36ab2d90ca279e02ea667d8933dc3b15de
R205,solomon_txt,1996bf8f10716fb8cfc1a585206a6a6e566f32347c1bb8f36c75ed6c887f77e3,1,1,ok,True,4,1673993,1673.993,0.159313,0.500396,1,time_limit,solomon_exact_1000_v1,,,,,,0.5,,100,,25,fb929496ff25d75a23a6c92e658e328e744854f9461343284195d63b3cc2e764,False,cyclic_combined,854a05c238a845576b76850c163a5c36ab2d90ca279e02ea667d8933dc3b15de
R205,solomon_txt,1996bf8f10716fb8cfc1a585206a6a6e566f32347c1bb8f36c75ed6c887f77e3,2,1,ok,True,3,1408809,1408.809,0.15911,0.500531,1,time_limit,solomon_exact_1000_v1,,,,,,0.5,,100,,25,fb929496ff25d75a23a6c92e658e328e744854f9461343284195d63b3cc2e764,False,cyclic_combined,854a05c238a845576b76850c163a5c36ab2d90ca279e02ea667d8933dc3b15de
R206,solomon_txt,c8754a0319264d076c038b1bf023c8c4710e8895fe3e03f485e9ae249f32fe43,0,1,ok,True,3,1533607,1533.607,0.176246,0.500256,1,time_limit,solomon_exact_1000_v1,,,,,,0.5,,100,,25,fb929496ff25d75a23a6c92e658e328e744854f9461343284195d63b3cc2e764,False,cyclic_combined,854a05c238a845576b76850c163a5c36ab2d90ca279e02ea667d8933dc3b15de
R206,solomon_txt,c8754a0319264d076c038b1bf023c8c4710e8895fe3e03f485e9ae249f32fe43,1,1,ok,True,3,1533607,1533.607,0.169163,0.500283,1,time_limit,solomon_exact_1000_v1,,,,,,0.5,,100,,25,fb929496ff25d75a23a6c92e658e328e744854f9461343284195d63b3cc2e764,False,cyclic_combined,854a05c238a845576b76850c163a5c36ab2d90ca279e02ea667d8933dc3b15de
R206,solomon_txt,c8754a0319264d076c038b1bf023c8c4710e8895fe3e03f485e9ae249f32fe43,2,1,ok,True,3,1531545,1531.545,0.174908,0.500384,1,time_limit,solomon_exact_1000_v1,,,,,,0.5,,100,,25,fb929496ff25d75a23a6c92e658e328e744854f9461343284195d63b3cc2e764,False,cyclic_combined,854a05c238a845576b76850c163a5c36ab2d90ca279e02ea667d8933dc3b15de
R207,solomon_txt,52dc8eebba43fdc67ca9aadab228b75a297acb55a87db3e4748e82f623e3cbe6,0,1,ok,True,3,1164515,1164.515,0.199777,0.500282,1,time_limit,solomon_exact_1000_v1,,,,,,0.5,,100,,25,fb929496ff25d75a23a6c92e658e328e744854f9461343284195d63b3cc2e764,False,cyclic_combined,854a05c238a845576b76850c163a5c36ab2d90ca279e02ea667d8933dc3b15de
R207,solomon_txt,52dc8eebba43fdc67ca9aadab228b75a297acb55a87db3e4748e82f623e3cbe6,1,1,ok,True,3,1102590,1102.59,0.198651,0.50024,1,time_limit,solomon_exact_1000_v1,,,,,,0.5,,100,,25,fb929496ff25d75a23a6c92e658e328e744854f9461343284195d63b3cc2e764,False,cyclic_combined,854a05c238a845576b76850c163a5c36ab2d90ca279e02ea667d8933dc3b15de
R207,solomon_txt,52dc8eebba43fdc67ca9aadab228b75a297acb55a87db3e4748e82f623e3cbe6,2,1,ok,True,3,1035524,1035.524,0.19815,0.500359,1,time_limit,solomon_exact_1000_v1,,,,,,0.5,,100,,25,fb929496ff25d75a23a6c92e658e328e744854f9461343284195d63b3cc2e764,False,cyclic_combined,854a05c238a845576b76850c163a5c36ab2d90ca279e02ea667d8933dc3b15de
R208,solomon_txt,7b4a95d500af9329dd08791d39898a619faec0f8fac039d57373e761545b980d,0,1,ok,True,3,957965,957.965,0.224998,0.500241,1,time_limit,solomon_exact_1000_v1,,,,,,0.5,,100,,25,fb929496ff25d75a23a6c92e658e328e744854f9461343284195d63b3cc2e764,False,cyclic_combined,854a05c238a845576b76850c163a5c36ab2d90ca279e02ea667d8933dc3b15de
R208,solomon_txt,7b4a95d500af9329dd08791d39898a619faec0f8fac039d57373e761545b980d,1,1,ok,True,3,957965,957.965,0.218444,0.500262,1,time_limit,solomon_exact_1000_v1,,,,,,0.5,,100,,25,fb929496ff25d75a23a6c92e658e328e744854f9461343284195d63b3cc2e764,False,cyclic_combined,854a05c238a845576b76850c163a5c36ab2d90ca279e02ea667d8933dc3b15de
R208,solomon_txt,7b4a95d500af9329dd08791d39898a619faec0f8fac039d57373e761545b980d,2,1,ok,True,3,957965,957.965,0.217518,0.500258,1,time_limit,solomon_exact_1000_v1,,,,,,0.5,,100,,25,fb929496ff25d75a23a6c92e658e328e744854f9461343284195d63b3cc2e764,False,cyclic_combined,854a05c238a845576b76850c163a5c36ab2d90ca279e02ea667d8933dc3b15de
R209,solomon_txt,5b74156d032babcff853ccc693f94463eca8333cd425aa99a39ed996f6258933,0,1,ok,True,3,1278206,1278.206,0.162847,0.500271,1,time_limit,solomon_exact_1000_v1,,,,,,0.5,,100,,25,fb929496ff25d75a23a6c92e658e328e744854f9461343284195d63b3cc2e764,False,cyclic_combined,854a05c238a845576b76850c163a5c36ab2d90ca279e02ea667d8933dc3b15de
R209,solomon_txt,5b74156d032babcff853ccc693f94463eca8333cd425aa99a39ed996f6258933,1,1,ok,True,3,1303297,1303.297,0.157723,0.500226,1,time_limit,solomon_exact_1000_v1,,,,,,0.5,,100,,25,fb929496ff25d75a23a6c92e658e328e744854f9461343284195d63b3cc2e764,False,cyclic_combined,854a05c238a845576b76850c163a5c36ab2d90ca279e02ea667d8933dc3b15de
R209,solomon_txt,5b74156d032babcff853ccc693f94463eca8333cd425aa99a39ed996f6258933,2,1,ok,True,3,1388821,1388.821,0.159616,0.500408,1,time_limit,solomon_exact_1000_v1,,,,,,0.5,,100,,25,fb929496ff25d75a23a6c92e658e328e744854f9461343284195d63b3cc2e764,False,cyclic_combined,854a05c238a845576b76850c163a5c36ab2d90ca279e02ea667d8933dc3b15de
R210,solomon_txt,4e5772f109fb6183e6a648d6a1edaba3435438c2dc11c42da370fecf7bdf3a14,0,1,ok,True,3,1424736,1424.736,0.173443,0.500458,1,time_limit,solomon_exact_1000_v1,,,,,,0.5,,100,,25,fb929496ff25d75a23a6c92e658e328e744854f9461343284195d63b3cc2e764,False,cyclic_combined,854a05c238a845576b76850c163a5c36ab2d90ca279e02ea667d8933dc3b15de
R210,solomon_txt,4e5772f109fb6183e6a648d6a1edaba3435438c2dc11c42da370fecf7bdf3a14,1,1,ok,True,3,1428416,1428.416,0.214815,0.500515,1,time_limit,solomon_exact_1000_v1,,,,,,0.5,,100,,25,fb929496ff25d75a23a6c92e658e328e744854f9461343284195d63b3cc2e764,False,cyclic_combined,854a05c238a845576b76850c163a5c36ab2d90ca279e02ea667d8933dc3b15de
R210,solomon_txt,4e5772f109fb6183e6a648d6a1edaba3435438c2dc11c42da370fecf7bdf3a14,2,1,ok,True,3,1443660,1443.66,0.315391,0.50028,1,time_limit,solomon_exact_1000_v1,,,,,,0.5,,100,,25,fb929496ff25d75a23a6c92e658e328e744854f9461343284195d63b3cc2e764,False,cyclic_combined,854a05c238a845576b76850c163a5c36ab2d90ca279e02ea667d8933dc3b15de
R211,solomon_txt,2965507e467a2f92acd59035975910e36ae11e4f49590d4c7d20a883939227ad,0,1,ok,True,3,1516434,1516.434,0.199433,0.500448,1,time_limit,solomon_exact_1000_v1,,,,,,0.5,,100,,25,fb929496ff25d75a23a6c92e658e328e744854f9461343284195d63b3cc2e764,False,cyclic_combined,854a05c238a845576b76850c163a5c36ab2d90ca279e02ea667d8933dc3b15de
R211,solomon_txt,2965507e467a2f92acd59035975910e36ae11e4f49590d4c7d20a883939227ad,1,1,ok,True,3,1516434,1516.434,0.20179,0.50026,1,time_limit,solomon_exact_1000_v1,,,,,,0.5,,100,,25,fb929496ff25d75a23a6c92e658e328e744854f9461343284195d63b3cc2e764,False,cyclic_combined,854a05c238a845576b76850c163a5c36ab2d90ca279e02ea667d8933dc3b15de
R211,solomon_txt,2965507e467a2f92acd59035975910e36ae11e4f49590d4c7d20a883939227ad,2,1,ok,True,3,1507534,1507.534,0.192396,0.50044,1,time_limit,solomon_exact_1000_v1,,,,,,0.5,,100,,25,fb929496ff25d75a23a6c92e658e328e744854f9461343284195d63b3cc2e764,False,cyclic_combined,854a05c238a845576b76850c163a5c36ab2d90ca279e02ea667d8933dc3b15de
RC101,solomon_txt,ef6893ffd9746ad96de8e4da6e64e2c4ba6e08a1c7eb9457276a9f1caf01ca12,0,1,ok,True,17,2197881,2197.881,0.058768,0.50046,2,time_limit,solomon_exact_1000_v1,,,,,,0.5,,100,,25,fb929496ff25d75a23a6c92e658e328e744854f9461343284195d63b3cc2e764,False,cyclic_combined,854a05c238a845576b76850c163a5c36ab2d90ca279e02ea667d8933dc3b15de
RC101,solomon_txt,ef6893ffd9746ad96de8e4da6e64e2c4ba6e08a1c7eb9457276a9f1caf01ca12,1,1,ok,True,18,2074763,2074.763,0.060341,0.50052,1,time_limit,solomon_exact_1000_v1,,,,,,0.5,,100,,25,fb929496ff25d75a23a6c92e658e328e744854f9461343284195d63b3cc2e764,False,cyclic_combined,854a05c238a845576b76850c163a5c36ab2d90ca279e02ea667d8933dc3b15de
RC101,solomon_txt,ef6893ffd9746ad96de8e4da6e64e2c4ba6e08a1c7eb9457276a9f1caf01ca12,2,1,ok,True,18,1983759,1983.759,0.069886,0.500489,1,time_limit,solomon_exact_1000_v1,,,,,,0.5,,100,,25,fb929496ff25d75a23a6c92e658e328e744854f9461343284195d63b3cc2e764,False,cyclic_combined,854a05c238a845576b76850c163a5c36ab2d90ca279e02ea667d8933dc3b15de
RC102,solomon_txt,36acd349d34a577c7fadd61f78517c2cb74bd06a490273800c288f341e5785a4,0,1,ok,True,15,1754491,1754.491,0.060764,0.500467,2,time_limit,solomon_exact_1000_v1,,,,,,0.5,,100,,25,fb929496ff25d75a23a6c92e658e328e744854f9461343284195d63b3cc2e764,False,cyclic_combined,854a05c238a845576b76850c163a5c36ab2d90ca279e02ea667d8933dc3b15de
RC102,solomon_txt,36acd349d34a577c7fadd61f78517c2cb74bd06a490273800c288f341e5785a4,1,1,ok,True,15,1834933,1834.933,0.064536,0.500472,1,time_limit,solomon_exact_1000_v1,,,,,,0.5,,100,,25,fb929496ff25d75a23a6c92e658e328e744854f9461343284195d63b3cc2e764,False,cyclic_combined,854a05c238a845576b76850c163a5c36ab2d90ca279e02ea667d8933dc3b15de
RC102,solomon_txt,36acd349d34a577c7fadd61f78517c2cb74bd06a490273800c288f341e5785a4,2,1,ok,True,16,1812496,1812.496,0.059946,0.500508,1,time_limit,solomon_exact_1000_v1,,,,,,0.5,,100,,25,fb929496ff25d75a23a6c92e658e328e744854f9461343284195d63b3cc2e764,False,cyclic_combined,854a05c238a845576b76850c163a5c36ab2d90ca279e02ea667d8933dc3b15de
RC103,solomon_txt,00f384138274d5d2bff5c41601db17cc4ad0cfc6315c27e223d4477bf435cc2d,0,1,ok,True,12,1733037,1733.037,0.067028,0.500541,1,time_limit,solomon_exact_1000_v1,,,,,,0.5,,100,,25,fb929496ff25d75a23a6c92e658e328e744854f9461343284195d63b3cc2e764,False,cyclic_combined,854a05c238a845576b76850c163a5c36ab2d90ca279e02ea667d8933dc3b15de
RC103,solomon_txt,00f384138274d5d2bff5c41601db17cc4ad0cfc6315c27e223d4477bf435cc2d,1,1,ok,True,12,1703532,1703.532,0.067916,0.500477,1,time_limit,solomon_exact_1000_v1,,,,,,0.5,,100,,25,fb929496ff25d75a23a6c92e658e328e744854f9461343284195d63b3cc2e764,False,cyclic_combined,854a05c238a845576b76850c163a5c36ab2d90ca279e02ea667d8933dc3b15de
RC103,solomon_txt,00f384138274d5d2bff5c41601db17cc4ad0cfc6315c27e223d4477bf435cc2d,2,1,ok,True,13,1952068,1952.068,0.066761,0.500477,1,time_limit,solomon_exact_1000_v1,,,,,,0.5,,100,,25,fb929496ff25d75a23a6c92e658e328e744854f9461343284195d63b3cc2e764,False,cyclic_combined,854a05c238a845576b76850c163a5c36ab2d90ca279e02ea667d8933dc3b15de
RC104,solomon_txt,d150b2d61049a488fb89a2320c197d81a7ef9a1864abbbaea1d13a2b451253ee,0,1,ok,True,12,1605068,1605.068,0.069333,0.500392,1,time_limit,solomon_exact_1000_v1,,,,,,0.5,,100,,25,fb929496ff25d75a23a6c92e658e328e744854f9461343284195d63b3cc2e764,False,cyclic_combined,854a05c238a845576b76850c163a5c36ab2d90ca279e02ea667d8933dc3b15de
RC104,solomon_txt,d150b2d61049a488fb89a2320c197d81a7ef9a1864abbbaea1d13a2b451253ee,1,1,ok,True,12,1620614,1620.614,0.071377,0.500485,1,time_limit,solomon_exact_1000_v1,,,,,,0.5,,100,,25,fb929496ff25d75a23a6c92e658e328e744854f9461343284195d63b3cc2e764,False,cyclic_combined,854a05c238a845576b76850c163a5c36ab2d90ca279e02ea667d8933dc3b15de
RC104,solomon_txt,d150b2d61049a488fb89a2320c197d81a7ef9a1864abbbaea1d13a2b451253ee,2,1,ok,True,11,1474470,1474.47,0.068501,0.500447,1,time_limit,solomon_exact_1000_v1,,,,,,0.5,,100,,25,fb929496ff25d75a23a6c92e658e328e744854f9461343284195d63b3cc2e764,False,cyclic_combined,854a05c238a845576b76850c163a5c36ab2d90ca279e02ea667d8933dc3b15de
RC105,solomon_txt,b9e912625c1ed80d2f565e0799ade2f4b17bf4f95056322ca23f1a21b37e7a49,0,1,ok,True,16,1911643,1911.643,0.060572,0.500507,1,time_limit,solomon_exact_1000_v1,,,,,,0.5,,100,,25,fb929496ff25d75a23a6c92e658e328e744854f9461343284195d63b3cc2e764,False,cyclic_combined,854a05c238a845576b76850c163a5c36ab2d90ca279e02ea667d8933dc3b15de
RC105,solomon_txt,b9e912625c1ed80d2f565e0799ade2f4b17bf4f95056322ca23f1a21b37e7a49,1,1,ok,True,16,2118579,2118.579,0.058197,0.500483,1,time_limit,solomon_exact_1000_v1,,,,,,0.5,,100,,25,fb929496ff25d75a23a6c92e658e328e744854f9461343284195d63b3cc2e764,False,cyclic_combined,854a05c238a845576b76850c163a5c36ab2d90ca279e02ea667d8933dc3b15de
RC105,solomon_txt,b9e912625c1ed80d2f565e0799ade2f4b17bf4f95056322ca23f1a21b37e7a49,2,1,ok,True,16,1886996,1886.996,0.060036,0.500543,1,time_limit,solomon_exact_1000_v1,,,,,,0.5,,100,,25,fb929496ff25d75a23a6c92e658e328e744854f9461343284195d63b3cc2e764,False,cyclic_combined,854a05c238a845576b76850c163a5c36ab2d90ca279e02ea667d8933dc3b15de
RC106,solomon_txt,bf016ffc567af2d108570357daf1d0cabb7f680c0bd977d2e4366787683fdbaf,0,1,ok,True,15,2117387,2117.387,0.056956,0.500465,1,time_limit,solomon_exact_1000_v1,,,,,,0.5,,100,,25,fb929496ff25d75a23a6c92e658e328e744854f9461343284195d63b3cc2e764,False,cyclic_combined,854a05c238a845576b76850c163a5c36ab2d90ca279e02ea667d8933dc3b15de
RC106,solomon_txt,bf016ffc567af2d108570357daf1d0cabb7f680c0bd977d2e4366787683fdbaf,1,1,ok,True,15,1771784,1771.784,0.058039,0.500938,1,time_limit,solomon_exact_1000_v1,,,,,,0.5,,100,,25,fb929496ff25d75a23a6c92e658e328e744854f9461343284195d63b3cc2e764,False,cyclic_combined,854a05c238a845576b76850c163a5c36ab2d90ca279e02ea667d8933dc3b15de
RC106,solomon_txt,bf016ffc567af2d108570357daf1d0cabb7f680c0bd977d2e4366787683fdbaf,2,1,ok,True,15,1969456,1969.456,0.058909,0.500427,1,time_limit,solomon_exact_1000_v1,,,,,,0.5,,100,,25,fb929496ff25d75a23a6c92e658e328e744854f9461343284195d63b3cc2e764,False,cyclic_combined,854a05c238a845576b76850c163a5c36ab2d90ca279e02ea667d8933dc3b15de
RC107,solomon_txt,fff3fd68d110671ed442575f07cc547291586f30b00c5f73934d521d31311582,0,1,ok,True,14,1708249,1708.249,0.062752,0.500506,1,time_limit,solomon_exact_1000_v1,,,,,,0.5,,100,,25,fb929496ff25d75a23a6c92e658e328e744854f9461343284195d63b3cc2e764,False,cyclic_combined,854a05c238a845576b76850c163a5c36ab2d90ca279e02ea667d8933dc3b15de
RC107,solomon_txt,fff3fd68d110671ed442575f07cc547291586f30b00c5f73934d521d31311582,1,1,ok,True,14,1778730,1778.73,0.061213,0.500446,1,time_limit,solomon_exact_1000_v1,,,,,,0.5,,100,,25,fb929496ff25d75a23a6c92e658e328e744854f9461343284195d63b3cc2e764,False,cyclic_combined,854a05c238a845576b76850c163a5c36ab2d90ca279e02ea667d8933dc3b15de
RC107,solomon_txt,fff3fd68d110671ed442575f07cc547291586f30b00c5f73934d521d31311582,2,1,ok,True,14,1915870,1915.87,0.062505,0.500485,1,time_limit,solomon_exact_1000_v1,,,,,,0.5,,100,,25,fb929496ff25d75a23a6c92e658e328e744854f9461343284195d63b3cc2e764,False,cyclic_combined,854a05c238a845576b76850c163a5c36ab2d90ca279e02ea667d8933dc3b15de
RC108,solomon_txt,006bc8817bf09f9a8c66af8d6f088bdec239b2eb435556e9d11193cf456f7aeb,0,1,ok,True,14,1950039,1950.039,0.063879,0.500568,1,time_limit,solomon_exact_1000_v1,,,,,,0.5,,100,,25,fb929496ff25d75a23a6c92e658e328e744854f9461343284195d63b3cc2e764,False,cyclic_combined,854a05c238a845576b76850c163a5c36ab2d90ca279e02ea667d8933dc3b15de
RC108,solomon_txt,006bc8817bf09f9a8c66af8d6f088bdec239b2eb435556e9d11193cf456f7aeb,1,1,ok,True,14,1680430,1680.43,0.066022,0.500423,1,time_limit,solomon_exact_1000_v1,,,,,,0.5,,100,,25,fb929496ff25d75a23a6c92e658e328e744854f9461343284195d63b3cc2e764,False,cyclic_combined,854a05c238a845576b76850c163a5c36ab2d90ca279e02ea667d8933dc3b15de
RC108,solomon_txt,006bc8817bf09f9a8c66af8d6f088bdec239b2eb435556e9d11193cf456f7aeb,2,1,ok,True,14,1715089,1715.089,0.063887,0.500484,1,time_limit,solomon_exact_1000_v1,,,,,,0.5,,100,,25,fb929496ff25d75a23a6c92e658e328e744854f9461343284195d63b3cc2e764,False,cyclic_combined,854a05c238a845576b76850c163a5c36ab2d90ca279e02ea667d8933dc3b15de
RC201,solomon_txt,288836e2d8c2ace83ebbff77e03ac8cdffc574fc134cade21ef92713f8c52d44,0,1,ok,True,5,2429811,2429.811,0.152934,0.500232,1,time_limit,solomon_exact_1000_v1,,,,,,0.5,,100,,25,fb929496ff25d75a23a6c92e658e328e744854f9461343284195d63b3cc2e764,False,cyclic_combined,854a05c238a845576b76850c163a5c36ab2d90ca279e02ea667d8933dc3b15de
RC201,solomon_txt,288836e2d8c2ace83ebbff77e03ac8cdffc574fc134cade21ef92713f8c52d44,1,1,ok,True,5,2396597,2396.597,0.128029,0.500405,1,time_limit,solomon_exact_1000_v1,,,,,,0.5,,100,,25,fb929496ff25d75a23a6c92e658e328e744854f9461343284195d63b3cc2e764,False,cyclic_combined,854a05c238a845576b76850c163a5c36ab2d90ca279e02ea667d8933dc3b15de
RC201,solomon_txt,288836e2d8c2ace83ebbff77e03ac8cdffc574fc134cade21ef92713f8c52d44,2,1,ok,True,5,2411572,2411.572,0.126789,0.50042,1,time_limit,solomon_exact_1000_v1,,,,,,0.5,,100,,25,fb929496ff25d75a23a6c92e658e328e744854f9461343284195d63b3cc2e764,False,cyclic_combined,854a05c238a845576b76850c163a5c36ab2d90ca279e02ea667d8933dc3b15de
RC202,solomon_txt,5a1dee2017ab0ca4fe280b392678c96e8b5bc71f22d02c8058fbde7c4cfebcf4,0,1,ok,True,4,1920411,1920.411,0.12361,0.500238,1,time_limit,solomon_exact_1000_v1,,,,,,0.5,,100,,25,fb929496ff25d75a23a6c92e658e328e744854f9461343284195d63b3cc2e764,False,cyclic_combined,854a05c238a845576b76850c163a5c36ab2d90ca279e02ea667d8933dc3b15de
RC202,solomon_txt,5a1dee2017ab0ca4fe280b392678c96e8b5bc71f22d02c8058fbde7c4cfebcf4,1,1,ok,True,4,1818035,1818.035,0.120201,0.500453,1,time_limit,solomon_exact_1000_v1,,,,,,0.5,,100,,25,fb929496ff25d75a23a6c92e658e328e744854f9461343284195d63b3cc2e764,False,cyclic_combined,854a05c238a845576b76850c163a5c36ab2d90ca279e02ea667d8933dc3b15de
RC202,solomon_txt,5a1dee2017ab0ca4fe280b392678c96e8b5bc71f22d02c8058fbde7c4cfebcf4,2,1,ok,True,4,1586173,1586.173,0.124585,0.500413,1,time_limit,solomon_exact_1000_v1,,,,,,0.5,,100,,25,fb929496ff25d75a23a6c92e658e328e744854f9461343284195d63b3cc2e764,False,cyclic_combined,854a05c238a845576b76850c163a5c36ab2d90ca279e02ea667d8933dc3b15de
RC203,solomon_txt,4adcb362c23df91f14b828d4964e9383ffb02ee74217afc2d84571f83ed91f8b,0,1,ok,True,3,1400007,1400.007,0.125644,0.500221,1,time_limit,solomon_exact_1000_v1,,,,,,0.5,,100,,25,fb929496ff25d75a23a6c92e658e328e744854f9461343284195d63b3cc2e764,False,cyclic_combined,854a05c238a845576b76850c163a5c36ab2d90ca279e02ea667d8933dc3b15de
RC203,solomon_txt,4adcb362c23df91f14b828d4964e9383ffb02ee74217afc2d84571f83ed91f8b,1,1,ok,True,3,1545417,1545.417,0.127149,0.50025,1,time_limit,solomon_exact_1000_v1,,,,,,0.5,,100,,25,fb929496ff25d75a23a6c92e658e328e744854f9461343284195d63b3cc2e764,False,cyclic_combined,854a05c238a845576b76850c163a5c36ab2d90ca279e02ea667d8933dc3b15de
RC203,solomon_txt,4adcb362c23df91f14b828d4964e9383ffb02ee74217afc2d84571f83ed91f8b,2,1,ok,True,3,1516613,1516.613,0.130811,0.500236,2,time_limit,solomon_exact_1000_v1,,,,,,0.5,,100,,25,fb929496ff25d75a23a6c92e658e328e744854f9461343284195d63b3cc2e764,False,cyclic_combined,854a05c238a845576b76850c163a5c36ab2d90ca279e02ea667d8933dc3b15de
RC204,solomon_txt,11e827eab51a959ebab66344e7b7cfd1aeed895287653b36a72c86a4440ecd77,0,1,ok,True,3,1500593,1500.593,0.188345,0.500285,1,time_limit,solomon_exact_1000_v1,,,,,,0.5,,100,,25,fb929496ff25d75a23a6c92e658e328e744854f9461343284195d63b3cc2e764,False,cyclic_combined,854a05c238a845576b76850c163a5c36ab2d90ca279e02ea667d8933dc3b15de
RC204,solomon_txt,11e827eab51a959ebab66344e7b7cfd1aeed895287653b36a72c86a4440ecd77,1,1,ok,True,3,1500593,1500.593,0.193993,0.500245,1,time_limit,solomon_exact_1000_v1,,,,,,0.5,,100,,25,fb929496ff25d75a23a6c92e658e328e744854f9461343284195d63b3cc2e764,False,cyclic_combined,854a05c238a845576b76850c163a5c36ab2d90ca279e02ea667d8933dc3b15de
RC204,solomon_txt,11e827eab51a959ebab66344e7b7cfd1aeed895287653b36a72c86a4440ecd77,2,1,ok,True,3,1500132,1500.132,0.194885,0.500399,1,time_limit,solomon_exact_1000_v1,,,,,,0.5,,100,,25,fb929496ff25d75a23a6c92e658e328e744854f9461343284195d63b3cc2e764,False,cyclic_combined,854a05c238a845576b76850c163a5c36ab2d90ca279e02ea667d8933dc3b15de
RC205,solomon_txt,c061d306cf42310b0f3ca15612089f6c5a8d5604c0733bf26852477c787662c9,0,1,ok,True,4,1959415,1959.415,0.138496,0.500273,1,time_limit,solomon_exact_1000_v1,,,,,,0.5,,100,,25,fb929496ff25d75a23a6c92e658e328e744854f9461343284195d63b3cc2e764,False,cyclic_combined,854a05c238a845576b76850c163a5c36ab2d90ca279e02ea667d8933dc3b15de
RC205,solomon_txt,c061d306cf42310b0f3ca15612089f6c5a8d5604c0733bf26852477c787662c9,1,1,ok,True,4,1744421,1744.421,0.141523,0.500392,1,time_limit,solomon_exact_1000_v1,,,,,,0.5,,100,,25,fb929496ff25d75a23a6c92e658e328e744854f9461343284195d63b3cc2e764,False,cyclic_combined,854a05c238a845576b76850c163a5c36ab2d90ca279e02ea667d8933dc3b15de
RC205,solomon_txt,c061d306cf42310b0f3ca15612089f6c5a8d5604c0733bf26852477c787662c9,2,1,ok,True,4,1695820,1695.82,0.162105,0.500457,1,time_limit,solomon_exact_1000_v1,,,,,,0.5,,100,,25,fb929496ff25d75a23a6c92e658e328e744854f9461343284195d63b3cc2e764,False,cyclic_combined,854a05c238a845576b76850c163a5c36ab2d90ca279e02ea667d8933dc3b15de
RC206,solomon_txt,5203aecf67c84df49e152645312a837ffefde529314ff892ca061538816e43a9,0,1,ok,True,4,2080287,2080.287,0.136053,0.500244,1,time_limit,solomon_exact_1000_v1,,,,,,0.5,,100,,25,fb929496ff25d75a23a6c92e658e328e744854f9461343284195d63b3cc2e764,False,cyclic_combined,854a05c238a845576b76850c163a5c36ab2d90ca279e02ea667d8933dc3b15de
RC206,solomon_txt,5203aecf67c84df49e152645312a837ffefde529314ff892ca061538816e43a9,1,1,ok,True,4,1771858,1771.858,0.140654,0.50039,1,time_limit,solomon_exact_1000_v1,,,,,,0.5,,100,,25,fb929496ff25d75a23a6c92e658e328e744854f9461343284195d63b3cc2e764,False,cyclic_combined,854a05c238a845576b76850c163a5c36ab2d90ca279e02ea667d8933dc3b15de
RC206,solomon_txt,5203aecf67c84df49e152645312a837ffefde529314ff892ca061538816e43a9,2,1,ok,True,4,1725004,1725.004,0.132995,0.500441,1,time_limit,solomon_exact_1000_v1,,,,,,0.5,,100,,25,fb929496ff25d75a23a6c92e658e328e744854f9461343284195d63b3cc2e764,False,cyclic_combined,854a05c238a845576b76850c163a5c36ab2d90ca279e02ea667d8933dc3b15de
RC207,solomon_txt,5cab65f99b350cdb8fb1c4d0a12dde85eb4ff6a6d6daf292b182cb73de9a8b63,0,1,ok,True,4,1907431,1907.431,0.147062,0.500242,1,time_limit,solomon_exact_1000_v1,,,,,,0.5,,100,,25,fb929496ff25d75a23a6c92e658e328e744854f9461343284195d63b3cc2e764,False,cyclic_combined,854a05c238a845576b76850c163a5c36ab2d90ca279e02ea667d8933dc3b15de
RC207,solomon_txt,5cab65f99b350cdb8fb1c4d0a12dde85eb4ff6a6d6daf292b182cb73de9a8b63,1,1,ok,True,3,1405392,1405.392,0.148767,0.500217,1,time_limit,solomon_exact_1000_v1,,,,,,0.5,,100,,25,fb929496ff25d75a23a6c92e658e328e744854f9461343284195d63b3cc2e764,False,cyclic_combined,854a05c238a845576b76850c163a5c36ab2d90ca279e02ea667d8933dc3b15de
RC207,solomon_txt,5cab65f99b350cdb8fb1c4d0a12dde85eb4ff6a6d6daf292b182cb73de9a8b63,2,1,ok,True,4,1907431,1907.431,0.161607,0.500425,1,time_limit,solomon_exact_1000_v1,,,,,,0.5,,100,,25,fb929496ff25d75a23a6c92e658e328e744854f9461343284195d63b3cc2e764,False,cyclic_combined,854a05c238a845576b76850c163a5c36ab2d90ca279e02ea667d8933dc3b15de
RC208,solomon_txt,3d67d2a8e2758a324643f5d6c6ca87e8c56435273eaa04be33f213bb991f1f28,0,1,ok,True,3,1365201,1365.201,0.152405,0.500266,1,time_limit,solomon_exact_1000_v1,,,,,,0.5,,100,,25,fb929496ff25d75a23a6c92e658e328e744854f9461343284195d63b3cc2e764,False,cyclic_combined,854a05c238a845576b76850c163a5c36ab2d90ca279e02ea667d8933dc3b15de
RC208,solomon_txt,3d67d2a8e2758a324643f5d6c6ca87e8c56435273eaa04be33f213bb991f1f28,1,1,ok,True,4,1913075,1913.075,0.147615,0.500379,1,time_limit,solomon_exact_1000_v1,,,,,,0.5,,100,,25,fb929496ff25d75a23a6c92e658e328e744854f9461343284195d63b3cc2e764,False,cyclic_combined,854a05c238a845576b76850c163a5c36ab2d90ca279e02ea667d8933dc3b15de
RC208,solomon_txt,3d67d2a8e2758a324643f5d6c6ca87e8c56435273eaa04be33f213bb991f1f28,2,1,ok,True,4,1909257,1909.257,0.150476,0.500457,1,time_limit,solomon_exact_1000_v1,,,,,,0.5,,100,,25,fb929496ff25d75a23a6c92e658e328e744854f9461343284195d63b3cc2e764,False,cyclic_combined,854a05c238a845576b76850c163a5c36ab2d90ca279e02ea667d8933dc3b15de
