instance,input_format,input_sha256,seed,threads,status,feasible,vehicles,distance_ticks,distance,first_feasible_seconds,runtime_seconds,iterations,stop_reason,numeric_rule,reference_status,reference_vehicles,reference_distance,distance_gap_percent,error,time_limit_seconds,max_iterations,fleet_attempts_per_k,max_moves,vehicle_limit,code_sha256,diagnostics_enabled,variant,config_sha256
C101,solomon_txt,a6da75152d182d60ecd2c6f854296f5be452f92282d096adebcf5d99a7f16516,0,1,ok,True,10,828937,828.937,0.067909,0.50047,1,time_limit,solomon_exact_1000_v1,,,,,,0.5,,100,,25,f5dbbefc3ae22bb6d00b5d163622c793b753a410a3f9c2988d5f6174cecde83a,False,baseline,e8333e7b809fd1e9e3461ccae56cbf8ff8fca35f919b007888b943c5205b69c5
C101,solomon_txt,a6da75152d182d60ecd2c6f854296f5be452f92282d096adebcf5d99a7f16516,1,1,ok,True,10,828937,828.937,0.068733,0.500488,2,time_limit,solomon_exact_1000_v1,,,,,,0.5,,100,,25,f5dbbefc3ae22bb6d00b5d163622c793b753a410a3f9c2988d5f6174cecde83a,False,baseline,e8333e7b809fd1e9e3461ccae56cbf8ff8fca35f919b007888b943c5205b69c5
C101,solomon_txt,a6da75152d182d60ecd2c6f854296f5be452f92282d096adebcf5d99a7f16516,2,1,ok,True,10,828937,828.937,0.078301,0.500471,1,time_limit,solomon_exact_1000_v1,,,,,,0.5,,100,,25,f5dbbefc3ae22bb6d00b5d163622c793b753a410a3f9c2988d5f6174cecde83a,False,baseline,e8333e7b809fd1e9e3461ccae56cbf8ff8fca35f919b007888b943c5205b69c5
C102,solomon_txt,f89a0e2a760cc7448a4ca72b88e5b29b94d64b5548f3320f42a6230025ead653,0,1,ok,True,10,1103932,1103.932,0.07256,0.500479,1,time_limit,solomon_exact_1000_v1,,,,,,0.5,,100,,25,f5dbbefc3ae22bb6d00b5d163622c793b753a410a3f9c2988d5f6174cecde83a,False,baseline,e8333e7b809fd1e9e3461ccae56cbf8ff8fca35f919b007888b943c5205b69c5
C102,solomon_txt,f89a0e2a760cc7448a4ca72b88e5b29b94d64b5548f3320f42a6230025ead653,1,1,ok,True,10,1103932,1103.932,0.071572,0.500427,1,time_limit,solomon_exact_1000_v1,,,,,,0.5,,100,,25,f5dbbefc3ae22bb6d00b5d163622c793b753a410a3f9c2988d5f6174cecde83a,False,baseline,e8333e7b809fd1e9e3461ccae56cbf8ff8fca35f919b007888b943c5205b69c5
C102,solomon_txt,f89a0e2a760cc7448a4ca72b88e5b29b94d64b5548f3320f42a6230025ead653,2,1,ok,True,10,1103932,1103.932,0.069459,0.500414,1,time_limit,solomon_exact_1000_v1,,,,,,0.5,,100,,25,f5dbbefc3ae22bb6d00b5d163622c793b753a410a3f9c2988d5f6174cecde83a,False,baseline,e8333e7b809fd1e9e3461ccae56cbf8ff8fca35f919b007888b943c5205b69c5
C103,solomon_txt,a55cabf15e0da9d65696a5fb45c9852889479893f76f772a428ca15d1b415a51,0,1,ok,True,10,1617749,1617.749,0.075628,0.500414,1,time_limit,solomon_exact_1000_v1,,,,,,0.5,,100,,25,f5dbbefc3ae22bb6d00b5d163622c793b753a410a3f9c2988d5f6174cecde83a,False,baseline,e8333e7b809fd1e9e3461ccae56cbf8ff8fca35f919b007888b943c5205b69c5
C103,solomon_txt,a55cabf15e0da9d65696a5fb45c9852889479893f76f772a428ca15d1b415a51,1,1,ok,True,10,1662172,1662.172,0.087708,0.50045,1,time_limit,solomon_exact_1000_v1,,,,,,0.5,,100,,25,f5dbbefc3ae22bb6d00b5d163622c793b753a410a3f9c2988d5f6174cecde83a,False,baseline,e8333e7b809fd1e9e3461ccae56cbf8ff8fca35f919b007888b943c5205b69c5
C103,solomon_txt,a55cabf15e0da9d65696a5fb45c9852889479893f76f772a428ca15d1b415a51,2,1,ok,True,10,1658323,1658.323,0.0767,0.500406,1,time_limit,solomon_exact_1000_v1,,,,,,0.5,,100,,25,f5dbbefc3ae22bb6d00b5d163622c793b753a410a3f9c2988d5f6174cecde83a,False,baseline,e8333e7b809fd1e9e3461ccae56cbf8ff8fca35f919b007888b943c5205b69c5
C104,solomon_txt,fe333e81625ee5a75bb2ce98c2c9f356d07289237865b62a23ba2f32f0de5ee2,0,1,ok,True,10,1393869,1393.869,0.079684,0.500396,1,time_limit,solomon_exact_1000_v1,,,,,,0.5,,100,,25,f5dbbefc3ae22bb6d00b5d163622c793b753a410a3f9c2988d5f6174cecde83a,False,baseline,e8333e7b809fd1e9e3461ccae56cbf8ff8fca35f919b007888b943c5205b69c5
C104,solomon_txt,fe333e81625ee5a75bb2ce98c2c9f356d07289237865b62a23ba2f32f0de5ee2,1,1,ok,True,10,1402094,1402.094,0.079047,0.500404,1,time_limit,solomon_exact_1000_v1,,,,,,0.5,,100,,25,f5dbbefc3ae22bb6d00b5d163622c793b753a410a3f9c2988d5f6174cecde83a,False,baseline,e8333e7b809fd1e9e3461ccae56cbf8ff8fca35f919b007888b943c5205b69c5
C104,solomon_txt,fe333e81625ee5a75bb2ce98c2c9f356d07289237865b62a23ba2f32f0de5ee2,2,1,ok,True,10,1473214,1473.214,0.080119,0.500516,1,time_limit,solomon_exact_1000_v1,,,,,,0.5,,100,,25,f5dbbefc3ae22bb6d00b5d163622c793b753a410a3f9c2988d5f6174cecde83a,False,baseline,e8333e7b809fd1e9e3461ccae56cbf8ff8fca35f919b007888b943c5205b69c5
C105,solomon_txt,9a877a3a6fb922e7ad9297cc0308bc8a5652cb1495a0228ee6b81b2d938aa29f,0,1,ok,True,10,949422,949.422,0.067459,0.500461,1,time_limit,solomon_exact_1000_v1,,,,,,0.5,,100,,25,f5dbbefc3ae22bb6d00b5d163622c793b753a410a3f9c2988d5f6174cecde83a,False,baseline,e8333e7b809fd1e9e3461ccae56cbf8ff8fca35f919b007888b943c5205b69c5
C105,solomon_txt,9a877a3a6fb922e7ad9297cc0308bc8a5652cb1495a0228ee6b81b2d938aa29f,1,1,ok,True,10,920905,920.905,0.07398,0.500449,1,time_limit,solomon_exact_1000_v1,,,,,,0.5,,100,,25,f5dbbefc3ae22bb6d00b5d163622c793b753a410a3f9c2988d5f6174cecde83a,False,baseline,e8333e7b809fd1e9e3461ccae56cbf8ff8fca35f919b007888b943c5205b69c5
C105,solomon_txt,9a877a3a6fb922e7ad9297cc0308bc8a5652cb1495a0228ee6b81b2d938aa29f,2,1,ok,True,10,874895,874.895,0.067787,0.500459,1,time_limit,solomon_exact_1000_v1,,,,,,0.5,,100,,25,f5dbbefc3ae22bb6d00b5d163622c793b753a410a3f9c2988d5f6174cecde83a,False,baseline,e8333e7b809fd1e9e3461ccae56cbf8ff8fca35f919b007888b943c5205b69c5
C106,solomon_txt,ec9b419bed53e9c607cce76e8c6bc59feb6e4d17646905601f008a4141ec7b40,0,1,ok,True,10,1072424,1072.424,0.06893,0.50045,1,time_limit,solomon_exact_1000_v1,,,,,,0.5,,100,,25,f5dbbefc3ae22bb6d00b5d163622c793b753a410a3f9c2988d5f6174cecde83a,False,baseline,e8333e7b809fd1e9e3461ccae56cbf8ff8fca35f919b007888b943c5205b69c5
C106,solomon_txt,ec9b419bed53e9c607cce76e8c6bc59feb6e4d17646905601f008a4141ec7b40,1,1,ok,True,10,992685,992.685,0.072159,0.500483,1,time_limit,solomon_exact_1000_v1,,,,,,0.5,,100,,25,f5dbbefc3ae22bb6d00b5d163622c793b753a410a3f9c2988d5f6174cecde83a,False,baseline,e8333e7b809fd1e9e3461ccae56cbf8ff8fca35f919b007888b943c5205b69c5
C106,solomon_txt,ec9b419bed53e9c607cce76e8c6bc59feb6e4d17646905601f008a4141ec7b40,2,1,ok,True,10,1037941,1037.941,0.063682,0.50049,1,time_limit,solomon_exact_1000_v1,,,,,,0.5,,100,,25,f5dbbefc3ae22bb6d00b5d163622c793b753a410a3f9c2988d5f6174cecde83a,False,baseline,e8333e7b809fd1e9e3461ccae56cbf8ff8fca35f919b007888b943c5205b69c5
C107,solomon_txt,cb3cdc10d812fa17370eb52cb753b6b0574426dc6fabeb8b9076ed750ddf05ca,0,1,ok,True,10,1019069,1019.069,0.069082,0.500418,1,time_limit,solomon_exact_1000_v1,,,,,,0.5,,100,,25,f5dbbefc3ae22bb6d00b5d163622c793b753a410a3f9c2988d5f6174cecde83a,False,baseline,e8333e7b809fd1e9e3461ccae56cbf8ff8fca35f919b007888b943c5205b69c5
C107,solomon_txt,cb3cdc10d812fa17370eb52cb753b6b0574426dc6fabeb8b9076ed750ddf05ca,1,1,ok,True,10,922315,922.315,0.068809,0.500411,1,time_limit,solomon_exact_1000_v1,,,,,,0.5,,100,,25,f5dbbefc3ae22bb6d00b5d163622c793b753a410a3f9c2988d5f6174cecde83a,False,baseline,e8333e7b809fd1e9e3461ccae56cbf8ff8fca35f919b007888b943c5205b69c5
C107,solomon_txt,cb3cdc10d812fa17370eb52cb753b6b0574426dc6fabeb8b9076ed750ddf05ca,2,1,ok,True,10,892555,892.555,0.068814,0.500414,1,time_limit,solomon_exact_1000_v1,,,,,,0.5,,100,,25,f5dbbefc3ae22bb6d00b5d163622c793b753a410a3f9c2988d5f6174cecde83a,False,baseline,e8333e7b809fd1e9e3461ccae56cbf8ff8fca35f919b007888b943c5205b69c5
C108,solomon_txt,b8c7e48f292b66b283d8e71511e3a4eccaa4c4bc66b9313c399e73b0226f5953,0,1,ok,True,10,1358317,1358.317,0.065464,0.500412,1,time_limit,solomon_exact_1000_v1,,,,,,0.5,,100,,25,f5dbbefc3ae22bb6d00b5d163622c793b753a410a3f9c2988d5f6174cecde83a,False,baseline,e8333e7b809fd1e9e3461ccae56cbf8ff8fca35f919b007888b943c5205b69c5
C108,solomon_txt,b8c7e48f292b66b283d8e71511e3a4eccaa4c4bc66b9313c399e73b0226f5953,1,1,ok,True,10,1365869,1365.869,0.066648,0.500398,1,time_limit,solomon_exact_1000_v1,,,,,,0.5,,100,,25,f5dbbefc3ae22bb6d00b5d163622c793b753a410a3f9c2988d5f6174cecde83a,False,baseline,e8333e7b809fd1e9e3461ccae56cbf8ff8fca35f919b007888b943c5205b69c5
C108,solomon_txt,b8c7e48f292b66b283d8e71511e3a4eccaa4c4bc66b9313c399e73b0226f5953,2,1,ok,True,10,1132569,1132.569,0.069566,0.500399,2,time_limit,solomon_exact_1000_v1,,,,,,0.5,,100,,25,f5dbbefc3ae22bb6d00b5d163622c793b753a410a3f9c2988d5f6174cecde83a,False,baseline,e8333e7b809fd1e9e3461ccae56cbf8ff8fca35f919b007888b943c5205b69c5
C109,solomon_txt,72d8489e14bf1bb18456f0b21b01110506cbcc2354719dae8481b480150f142a,0,1,ok,True,10,1313440,1313.44,0.071793,0.500455,1,time_limit,solomon_exact_1000_v1,,,,,,0.5,,100,,25,f5dbbefc3ae22bb6d00b5d163622c793b753a410a3f9c2988d5f6174cecde83a,False,baseline,e8333e7b809fd1e9e3461ccae56cbf8ff8fca35f919b007888b943c5205b69c5
C109,solomon_txt,72d8489e14bf1bb18456f0b21b01110506cbcc2354719dae8481b480150f142a,1,1,ok,True,10,1326293,1326.293,0.074462,0.50043,1,time_limit,solomon_exact_1000_v1,,,,,,0.5,,100,,25,f5dbbefc3ae22bb6d00b5d163622c793b753a410a3f9c2988d5f6174cecde83a,False,baseline,e8333e7b809fd1e9e3461ccae56cbf8ff8fca35f919b007888b943c5205b69c5
C109,solomon_txt,72d8489e14bf1bb18456f0b21b01110506cbcc2354719dae8481b480150f142a,2,1,ok,True,10,1308492,1308.492,0.072179,0.500413,1,time_limit,solomon_exact_1000_v1,,,,,,0.5,,100,,25,f5dbbefc3ae22bb6d00b5d163622c793b753a410a3f9c2988d5f6174cecde83a,False,baseline,e8333e7b809fd1e9e3461ccae56cbf8ff8fca35f919b007888b943c5205b69c5
C201,solomon_txt,d8d9834087ae2326fa23a8510533060233dc9fb481873be60956eb26a880ad63,0,1,ok,True,3,626335,626.335,0.180077,0.500409,1,time_limit,solomon_exact_1000_v1,,,,,,0.5,,100,,25,f5dbbefc3ae22bb6d00b5d163622c793b753a410a3f9c2988d5f6174cecde83a,False,baseline,e8333e7b809fd1e9e3461ccae56cbf8ff8fca35f919b007888b943c5205b69c5
C201,solomon_txt,d8d9834087ae2326fa23a8510533060233dc9fb481873be60956eb26a880ad63,1,1,ok,True,3,626335,626.335,0.179877,0.500408,1,time_limit,solomon_exact_1000_v1,,,,,,0.5,,100,,25,f5dbbefc3ae22bb6d00b5d163622c793b753a410a3f9c2988d5f6174cecde83a,False,baseline,e8333e7b809fd1e9e3461ccae56cbf8ff8fca35f919b007888b943c5205b69c5
C201,solomon_txt,d8d9834087ae2326fa23a8510533060233dc9fb481873be60956eb26a880ad63,2,1,ok,True,3,623569,623.569,0.175256,0.500392,1,time_limit,solomon_exact_1000_v1,,,,,,0.5,,100,,25,f5dbbefc3ae22bb6d00b5d163622c793b753a410a3f9c2988d5f6174cecde83a,False,baseline,e8333e7b809fd1e9e3461ccae56cbf8ff8fca35f919b007888b943c5205b69c5
C202,solomon_txt,dfc8ecad79f6c7ffb096cd36994143569f0babe284d5ad194683271d81063772,0,1,ok,True,3,717867,717.867,0.169782,0.50039,1,time_limit,solomon_exact_1000_v1,,,,,,0.5,,100,,25,f5dbbefc3ae22bb6d00b5d163622c793b753a410a3f9c2988d5f6174cecde83a,False,baseline,e8333e7b809fd1e9e3461ccae56cbf8ff8fca35f919b007888b943c5205b69c5
C202,solomon_txt,dfc8ecad79f6c7ffb096cd36994143569f0babe284d5ad194683271d81063772,1,1,ok,True,3,717363,717.363,0.171284,0.500453,1,time_limit,solomon_exact_1000_v1,,,,,,0.5,,100,,25,f5dbbefc3ae22bb6d00b5d163622c793b753a410a3f9c2988d5f6174cecde83a,False,baseline,e8333e7b809fd1e9e3461ccae56cbf8ff8fca35f919b007888b943c5205b69c5
C202,solomon_txt,dfc8ecad79f6c7ffb096cd36994143569f0babe284d5ad194683271d81063772,2,1,ok,True,3,717363,717.363,0.167825,0.500419,1,time_limit,solomon_exact_1000_v1,,,,,,0.5,,100,,25,f5dbbefc3ae22bb6d00b5d163622c793b753a410a3f9c2988d5f6174cecde83a,False,baseline,e8333e7b809fd1e9e3461ccae56cbf8ff8fca35f919b007888b943c5205b69c5
C203,solomon_txt,2b79eea2962a848cb29f6153d4fb4ae725d35507686d937da6643b33fcd85062,0,1,ok,True,3,625423,625.423,0.165644,0.500377,1,time_limit,solomon_exact_1000_v1,,,,,,0.5,,100,,25,f5dbbefc3ae22bb6d00b5d163622c793b753a410a3f9c2988d5f6174cecde83a,False,baseline,e8333e7b809fd1e9e3461ccae56cbf8ff8fca35f919b007888b943c5205b69c5
C203,solomon_txt,2b79eea2962a848cb29f6153d4fb4ae725d35507686d937da6643b33fcd85062,1,1,ok,True,3,716777,716.777,0.161222,0.500387,1,time_limit,solomon_exact_1000_v1,,,,,,0.5,,100,,25,f5dbbefc3ae22bb6d00b5d163622c793b753a410a3f9c2988d5f6174cecde83a,False,baseline,e8333e7b809fd1e9e3461ccae56cbf8ff8fca35f919b007888b943c5205b69c5
C203,solomon_txt,2b79eea2962a848cb29f6153d4fb4ae725d35507686d937da6643b33fcd85062,2,1,ok,True,3,669177,669.177,0.161399,0.50038,1,time_limit,solomon_exact_1000_v1,,,,,,0.5,,100,,25,f5dbbefc3ae22bb6d00b5d163622c793b753a410a3f9c2988d5f6174cecde83a,False,baseline,e8333e7b809fd1e9e3461ccae56cbf8ff8fca35f919b007888b943c5205b69c5
C204,solomon_txt,4331b2744d34e32c2987e3fe8a82b782a2039d757d2aac818f7e0fd21117bfb4,0,1,ok,True,3,942593,942.593,0.180345,0.500444,1,time_limit,solomon_exact_1000_v1,,,,,,0.5,,100,,25,f5dbbefc3ae22bb6d00b5d163622c793b753a410a3f9c2988d5f6174cecde83a,False,baseline,e8333e7b809fd1e9e3461ccae56cbf8ff8fca35f919b007888b943c5205b69c5
C204,solomon_txt,4331b2744d34e32c2987e3fe8a82b782a2039d757d2aac818f7e0fd21117bfb4,1,1,ok,True,3,774487,774.487,0.187691,0.500428,1,time_limit,solomon_exact_1000_v1,,,,,,0.5,,100,,25,f5dbbefc3ae22bb6d00b5d163622c793b753a410a3f9c2988d5f6174cecde83a,False,baseline,e8333e7b809fd1e9e3461ccae56cbf8ff8fca35f919b007888b943c5205b69c5
C204,solomon_txt,4331b2744d34e32c2987e3fe8a82b782a2039d757d2aac818f7e0fd21117bfb4,2,1,ok,True,3,737208,737.208,0.186286,0.500493,1,time_limit,solomon_exact_1000_v1,,,,,,0.5,,100,,25,f5dbbefc3ae22bb6d00b5d163622c793b753a410a3f9c2988d5f6174cecde83a,False,baseline,e8333e7b809fd1e9e3461ccae56cbf8ff8fca35f919b007888b943c5205b69c5
C205,solomon_txt,15be2bb8c3e4ad99a79d1e7ee0472223feb95a4f423d010e032bda0a87266ca5,0,1,ok,True,3,735813,735.813,0.156547,0.500446,1,time_limit,solomon_exact_1000_v1,,,,,,0.5,,100,,25,f5dbbefc3ae22bb6d00b5d163622c793b753a410a3f9c2988d5f6174cecde83a,False,baseline,e8333e7b809fd1e9e3461ccae56cbf8ff8fca35f919b007888b943c5205b69c5
C205,solomon_txt,15be2bb8c3e4ad99a79d1e7ee0472223feb95a4f423d010e032bda0a87266ca5,1,1,ok,True,3,651569,651.569,0.161372,0.500452,1,time_limit,solomon_exact_1000_v1,,,,,,0.5,,100,,25,f5dbbefc3ae22bb6d00b5d163622c793b753a410a3f9c2988d5f6174cecde83a,False,baseline,e8333e7b809fd1e9e3461ccae56cbf8ff8fca35f919b007888b943c5205b69c5
C205,solomon_txt,15be2bb8c3e4ad99a79d1e7ee0472223feb95a4f423d010e032bda0a87266ca5,2,1,ok,True,3,645504,645.504,0.175334,0.500422,1,time_limit,solomon_exact_1000_v1,,,,,,0.5,,100,,25,f5dbbefc3ae22bb6d00b5d163622c793b753a410a3f9c2988d5f6174cecde83a,False,baseline,e8333e7b809fd1e9e3461ccae56cbf8ff8fca35f919b007888b943c5205b69c5
C206,solomon_txt,745b6c7042707ffbbfc4d681ee02a84431425f1dfb3c8aa85ecf003fec8f7e53,0,1,ok,True,3,658328,658.328,0.180614,0.500361,1,time_limit,solomon_exact_1000_v1,,,,,,0.5,,100,,25,f5dbbefc3ae22bb6d00b5d163622c793b753a410a3f9c2988d5f6174cecde83a,False,baseline,e8333e7b809fd1e9e3461ccae56cbf8ff8fca35f919b007888b943c5205b69c5
C206,solomon_txt,745b6c7042707ffbbfc4d681ee02a84431425f1dfb3c8aa85ecf003fec8f7e53,1,1,ok,True,3,911170,911.17,0.177659,0.500391,1,time_limit,solomon_exact_1000_v1,,,,,,0.5,,100,,25,f5dbbefc3ae22bb6d00b5d163622c793b753a410a3f9c2988d5f6174cecde83a,False,baseline,e8333e7b809fd1e9e3461ccae56cbf8ff8fca35f919b007888b943c5205b69c5
C206,solomon_txt,745b6c7042707ffbbfc4d681ee02a84431425f1dfb3c8aa85ecf003fec8f7e53,2,1,ok,True,3,661153,661.153,0.17994,0.500389,1,time_limit,solomon_exact_1000_v1,,,,,,0.5,,100,,25,f5dbbefc3ae22bb6d00b5d163622c793b753a410a3f9c2988d5f6174cecde83a,False,baseline,e8333e7b809fd1e9e3461ccae56cbf8ff8fca35f919b007888b943c5205b69c5
C207,solomon_txt,a33f03570a944c8a6d185fd6a173e66c68e67c399a4958b2d5b6d49533ace4a4,0,1,ok,True,3,773023,773.023,0.185144,0.500396,1,time_limit,solomon_exact_1000_v1,,,,,,0.5,,100,,25,f5dbbefc3ae22bb6d00b5d163622c793b753a410a3f9c2988d5f6174cecde83a,False,baseline,e8333e7b809fd1e9e3461ccae56cbf8ff8fca35f919b007888b943c5205b69c5
C207,solomon_txt,a33f03570a944c8a6d185fd6a173e66c68e67c399a4958b2d5b6d49533ace4a4,1,1,ok,True,3,756163,756.163,0.193585,0.500485,1,time_limit,solomon_exact_1000_v1,,,,,,0.5,,100,,25,f5dbbefc3ae22bb6d00b5d163622c793b753a410a3f9c2988d5f6174cecde83a,False,baseline,e8333e7b809fd1e9e3461ccae56cbf8ff8fca35f919b007888b943c5205b69c5
C207,solomon_txt,a33f03570a944c8a6d185fd6a173e66c68e67c399a4958b2d5b6d49533ace4a4,2,1,ok,True,3,632687,632.687,0.186411,0.500409,1,time_limit,solomon_exact_1000_v1,,,,,,0.5,,100,,25,f5dbbefc3ae22bb6d00b5d163622c793b753a410a3f9c2988d5f6174cecde83a,False,baseline,e8333e7b809fd1e9e3461ccae56cbf8ff8fca35f919b007888b943c5205b69c5
C208,solomon_txt,1c2f2381b8743680dbeb34322869cbf5a6cdd8c281f4bcffdb99b533e601874b,0,1,ok,True,4,957831,957.831,0.180976,0.500205,1,time_limit,solomon_exact_1000_v1,,,,,,0.5,,100,,25,f5dbbefc3ae22bb6d00b5d163622c793b753a410a3f9c2988d5f6174cecde83a,False,baseline,e8333e7b809fd1e9e3461ccae56cbf8ff8fca35f919b007888b943c5205b69c5
C208,solomon_txt,1c2f2381b8743680dbeb34322869cbf5a6cdd8c281f4bcffdb99b533e601874b,1,1,ok,True,4,957831,957.831,0.189669,0.500195,1,time_limit,solomon_exact_1000_v1,,,,,,0.5,,100,,25,f5dbbefc3ae22bb6d00b5d163622c793b753a410a3f9c2988d5f6174cecde83a,False,baseline,e8333e7b809fd1e9e3461ccae56cbf8ff8fca35f919b007888b943c5205b69c5
C208,solomon_txt,1c2f2381b8743680dbeb34322869cbf5a6cdd8c281f4bcffdb99b533e601874b,2,1,ok,True,3,657968,657.968,0.177756,0.500386,1,time_limit,solomon_exact_1000_v1,,,,,,0.5,,100,,25,f5dbbefc3ae22bb6d00b5d163622c793b753a410a3f9c2988d5f6174cecde83a,False,baseline,e8333e7b809fd1e9e3461ccae56cbf8ff8fca35f919b007888b943c5205b69c5
R101,solomon_txt,3f3655182bc0fe44ce5de65fdcd2ee2f9c7fb9ed055f923635151d9d6f76d3ed,0,1,ok,True,22,1899753,1899.753,0.053971,0.500451,1,time_limit,solomon_exact_1000_v1,,,,,,0.5,,100,,25,f5dbbefc3ae22bb6d00b5d163622c793b753a410a3f9c2988d5f6174cecde83a,False,baseline,e8333e7b809fd1e9e3461ccae56cbf8ff8fca35f919b007888b943c5205b69c5
R101,solomon_txt,3f3655182bc0fe44ce5de65fdcd2ee2f9c7fb9ed055f923635151d9d6f76d3ed,1,1,ok,True,21,1900515,1900.515,0.054348,0.500432,1,time_limit,solomon_exact_1000_v1,,,,,,0.5,,100,,25,f5dbbefc3ae22bb6d00b5d163622c793b753a410a3f9c2988d5f6174cecde83a,False,baseline,e8333e7b809fd1e9e3461ccae56cbf8ff8fca35f919b007888b943c5205b69c5
R101,solomon_txt,3f3655182bc0fe44ce5de65fdcd2ee2f9c7fb9ed055f923635151d9d6f76d3ed,2,1,ok,True,21,1852524,1852.524,0.050673,0.500752,1,time_limit,solomon_exact_1000_v1,,,,,,0.5,,100,,25,f5dbbefc3ae22bb6d00b5d163622c793b753a410a3f9c2988d5f6174cecde83a,False,baseline,e8333e7b809fd1e9e3461ccae56cbf8ff8fca35f919b007888b943c5205b69c5
R102,solomon_txt,eeb23171b7e4fbfc80bf000ca770329109900fbd7273fa8b9d1f95b7dfe683c3,0,1,ok,True,19,1640559,1640.559,0.055018,0.500486,1,time_limit,solomon_exact_1000_v1,,,,,,0.5,,100,,25,f5dbbefc3ae22bb6d00b5d163622c793b753a410a3f9c2988d5f6174cecde83a,False,baseline,e8333e7b809fd1e9e3461ccae56cbf8ff8fca35f919b007888b943c5205b69c5
R102,solomon_txt,eeb23171b7e4fbfc80bf000ca770329109900fbd7273fa8b9d1f95b7dfe683c3,1,1,ok,True,19,1674630,1674.63,0.055293,0.500431,1,time_limit,solomon_exact_1000_v1,,,,,,0.5,,100,,25,f5dbbefc3ae22bb6d00b5d163622c793b753a410a3f9c2988d5f6174cecde83a,False,baseline,e8333e7b809fd1e9e3461ccae56cbf8ff8fca35f919b007888b943c5205b69c5
R102,solomon_txt,eeb23171b7e4fbfc80bf000ca770329109900fbd7273fa8b9d1f95b7dfe683c3,2,1,ok,True,19,1606305,1606.305,0.054306,0.500493,1,time_limit,solomon_exact_1000_v1,,,,,,0.5,,100,,25,f5dbbefc3ae22bb6d00b5d163622c793b753a410a3f9c2988d5f6174cecde83a,False,baseline,e8333e7b809fd1e9e3461ccae56cbf8ff8fca35f919b007888b943c5205b69c5
R103,solomon_txt,1f833e8648ba39e0edc76754fb49e81777a7175cf7b084c3f60a12607bfb3991,0,1,ok,True,14,1507486,1507.486,0.065332,0.500401,1,time_limit,solomon_exact_1000_v1,,,,,,0.5,,100,,25,f5dbbefc3ae22bb6d00b5d163622c793b753a410a3f9c2988d5f6174cecde83a,False,baseline,e8333e7b809fd1e9e3461ccae56cbf8ff8fca35f919b007888b943c5205b69c5
R103,solomon_txt,1f833e8648ba39e0edc76754fb49e81777a7175cf7b084c3f60a12607bfb3991,1,1,ok,True,14,1507486,1507.486,0.061859,0.500387,1,time_limit,solomon_exact_1000_v1,,,,,,0.5,,100,,25,f5dbbefc3ae22bb6d00b5d163622c793b753a410a3f9c2988d5f6174cecde83a,False,baseline,e8333e7b809fd1e9e3461ccae56cbf8ff8fca35f919b007888b943c5205b69c5
R103,solomon_txt,1f833e8648ba39e0edc76754fb49e81777a7175cf7b084c3f60a12607bfb3991,2,1,ok,True,14,1504257,1504.257,0.061446,0.500417,1,time_limit,solomon_exact_1000_v1,,,,,,0.5,,100,,25,f5dbbefc3ae22bb6d00b5d163622c793b753a410a3f9c2988d5f6174cecde83a,False,baseline,e8333e7b809fd1e9e3461ccae56cbf8ff8fca35f919b007888b943c5205b69c5
R104,solomon_txt,dd087124311d91facd81736debbfc7d0f351d27942917e2d76cbafd01e6183b7,0,1,ok,True,11,1159238,1159.238,0.072057,0.50039,2,time_limit,solomon_exact_1000_v1,,,,,,0.5,,100,,25,f5dbbefc3ae22bb6d00b5d163622c793b753a410a3f9c2988d5f6174cecde83a,False,baseline,e8333e7b809fd1e9e3461ccae56cbf8ff8fca35f919b007888b943c5205b69c5
R104,solomon_txt,dd087124311d91facd81736debbfc7d0f351d27942917e2d76cbafd01e6183b7,1,1,ok,True,11,1210304,1210.304,0.072382,0.500387,1,time_limit,solomon_exact_1000_v1,,,,,,0.5,,100,,25,f5dbbefc3ae22bb6d00b5d163622c793b753a410a3f9c2988d5f6174cecde83a,False,baseline,e8333e7b809fd1e9e3461ccae56cbf8ff8fca35f919b007888b943c5205b69c5
R104,solomon_txt,dd087124311d91facd81736debbfc7d0f351d27942917e2d76cbafd01e6183b7,2,1,ok,True,10,1146095,1146.095,0.072097,0.500368,2,time_limit,solomon_exact_1000_v1,,,,,,0.5,,100,,25,f5dbbefc3ae22bb6d00b5d163622c793b753a410a3f9c2988d5f6174cecde83a,False,baseline,e8333e7b809fd1e9e3461ccae56cbf8ff8fca35f919b007888b943c5205b69c5
R105,solomon_txt,ff1a614f8458d6339b3f54d8e4ca2dcf0a35c96012f477f6a819ae481de85ca4,0,1,ok,True,16,1693787,1693.787,0.057625,0.500426,1,time_limit,solomon_exact_1000_v1,,,,,,0.5,,100,,25,f5dbbefc3ae22bb6d00b5d163622c793b753a410a3f9c2988d5f6174cecde83a,False,baseline,e8333e7b809fd1e9e3461ccae56cbf8ff8fca35f919b007888b943c5205b69c5
R105,solomon_txt,ff1a614f8458d6339b3f54d8e4ca2dcf0a35c96012f477f6a819ae481de85ca4,1,1,ok,True,17,1669389,1669.389,0.058231,0.500437,1,time_limit,solomon_exact_1000_v1,,,,,,0.5,,100,,25,f5dbbefc3ae22bb6d00b5d163622c793b753a410a3f9c2988d5f6174cecde83a,False,baseline,e8333e7b809fd1e9e3461ccae56cbf8ff8fca35f919b007888b943c5205b69c5
R105,solomon_txt,ff1a614f8458d6339b3f54d8e4ca2dcf0a35c96012f477f6a819ae481de85ca4,2,1,ok,True,16,1694139,1694.139,0.057338,0.500396,1,time_limit,solomon_exact_1000_v1,,,,,,0.5,,100,,25,f5dbbefc3ae22bb6d00b5d163622c793b753a410a3f9c2988d5f6174cecde83a,False,baseline,e8333e7b809fd1e9e3461ccae56cbf8ff8fca35f919b007888b943c5205b69c5
R106,solomon_txt,31b8783d177f0fbe1c84b8f085fbf28b1989a80e4c00f49f5654ebef99835e97,0,1,ok,True,14,1539783,1539.783,0.057655,0.500403,1,time_limit,solomon_exact_1000_v1,,,,,,0.5,,100,,25,f5dbbefc3ae22bb6d00b5d163622c793b753a410a3f9c2988d5f6174cecde83a,False,baseline,e8333e7b809fd1e9e3461ccae56cbf8ff8fca35f919b007888b943c5205b69c5
R106,solomon_txt,31b8783d177f0fbe1c84b8f085fbf28b1989a80e4c00f49f5654ebef99835e97,1,1,ok,True,14,1641031,1641.031,0.057493,0.500385,1,time_limit,solomon_exact_1000_v1,,,,,,0.5,,100,,25,f5dbbefc3ae22bb6d00b5d163622c793b753a410a3f9c2988d5f6174cecde83a,False,baseline,e8333e7b809fd1e9e3461ccae56cbf8ff8fca35f919b007888b943c5205b69c5
R106,solomon_txt,31b8783d177f0fbe1c84b8f085fbf28b1989a80e4c00f49f5654ebef99835e97,2,1,ok,True,14,1526260,1526.26,0.060022,0.500393,1,time_limit,solomon_exact_1000_v1,,,,,,0.5,,100,,25,f5dbbefc3ae22bb6d00b5d163622c793b753a410a3f9c2988d5f6174cecde83a,False,baseline,e8333e7b809fd1e9e3461ccae56cbf8ff8fca35f919b007888b943c5205b69c5
R107,solomon_txt,dba2b257a1d43d7c78d5e3a9f09091a2b125d3fbec78c0c8a1782add669a1275,0,1,ok,True,12,1274963,1274.963,0.067543,0.500388,1,time_limit,solomon_exact_1000_v1,,,,,,0.5,,100,,25,f5dbbefc3ae22bb6d00b5d163622c793b753a410a3f9c2988d5f6174cecde83a,False,baseline,e8333e7b809fd1e9e3461ccae56cbf8ff8fca35f919b007888b943c5205b69c5
R107,solomon_txt,dba2b257a1d43d7c78d5e3a9f09091a2b125d3fbec78c0c8a1782add669a1275,1,1,ok,True,12,1502317,1502.317,0.065777,0.50041,1,time_limit,solomon_exact_1000_v1,,,,,,0.5,,100,,25,f5dbbefc3ae22bb6d00b5d163622c793b753a410a3f9c2988d5f6174cecde83a,False,baseline,e8333e7b809fd1e9e3461ccae56cbf8ff8fca35f919b007888b943c5205b69c5
R107,solomon_txt,dba2b257a1d43d7c78d5e3a9f09091a2b125d3fbec78c0c8a1782add669a1275,2,1,ok,True,12,1456866,1456.866,0.068854,0.500369,1,time_limit,solomon_exact_1000_v1,,,,,,0.5,,100,,25,f5dbbefc3ae22bb6d00b5d163622c793b753a410a3f9c2988d5f6174cecde83a,False,baseline,e8333e7b809fd1e9e3461ccae56cbf8ff8fca35f919b007888b943c5205b69c5
R108,solomon_txt,65cae09f4099b7e70d2b723e0e3a30aa1494c75a367bb894a3fd13241ee639d4,0,1,ok,True,11,1315436,1315.436,0.072441,0.50045,1,time_limit,solomon_exact_1000_v1,,,,,,0.5,,100,,25,f5dbbefc3ae22bb6d00b5d163622c793b753a410a3f9c2988d5f6174cecde83a,False,baseline,e8333e7b809fd1e9e3461ccae56cbf8ff8fca35f919b007888b943c5205b69c5
R108,solomon_txt,65cae09f4099b7e70d2b723e0e3a30aa1494c75a367bb894a3fd13241ee639d4,1,1,ok,True,10,1128679,1128.679,0.076106,0.500377,1,time_limit,solomon_exact_1000_v1,,,,,,0.5,,100,,25,f5dbbefc3ae22bb6d00b5d163622c793b753a410a3f9c2988d5f6174cecde83a,False,baseline,e8333e7b809fd1e9e3461ccae56cbf8ff8fca35f919b007888b943c5205b69c5
R108,solomon_txt,65cae09f4099b7e70d2b723e0e3a30aa1494c75a367bb894a3fd13241ee639d4,2,1,ok,True,11,1351941,1351.941,0.071487,0.500373,1,time_limit,solomon_exact_1000_v1,,,,,,0.5,,100,,25,f5dbbefc3ae22bb6d00b5d163622c793b753a410a3f9c2988d5f6174cecde83a,False,baseline,e8333e7b809fd1e9e3461ccae56cbf8ff8fca35f919b007888b943c5205b69c5
R109,solomon_txt,4ef24030e8c48de5f85dcd90c5739186004fc8dec87533b6467013cf996f4777,0,1,ok,True,14,1518740,1518.74,0.055541,0.50042,1,time_limit,solomon_exact_1000_v1,,,,,,0.5,,100,,25,f5dbbefc3ae22bb6d00b5d163622c793b753a410a3f9c2988d5f6174cecde83a,False,baseline,e8333e7b809fd1e9e3461ccae56cbf8ff8fca35f919b007888b943c5205b69c5
R109,solomon_txt,4ef24030e8c48de5f85dcd90c5739186004fc8dec87533b6467013cf996f4777,1,1,ok,True,15,1559208,1559.208,0.05752,0.500393,1,time_limit,solomon_exact_1000_v1,,,,,,0.5,,100,,25,f5dbbefc3ae22bb6d00b5d163622c793b753a410a3f9c2988d5f6174cecde83a,False,baseline,e8333e7b809fd1e9e3461ccae56cbf8ff8fca35f919b007888b943c5205b69c5
R109,solomon_txt,4ef24030e8c48de5f85dcd90c5739186004fc8dec87533b6467013cf996f4777,2,1,ok,True,14,1517484,1517.484,0.057226,0.500387,1,time_limit,solomon_exact_1000_v1,,,,,,0.5,,100,,25,f5dbbefc3ae22bb6d00b5d163622c793b753a410a3f9c2988d5f6174cecde83a,False,baseline,e8333e7b809fd1e9e3461ccae56cbf8ff8fca35f919b007888b943c5205b69c5
R110,solomon_txt,14cb53cb99af61d3d708f07564b9a72d146e7c26b4f10507cfaf3bc828f34bfa,0,1,ok,True,13,1561904,1561.904,0.066508,0.500437,1,time_limit,solomon_exact_1000_v1,,,,,,0.5,,100,,25,f5dbbefc3ae22bb6d00b5d163622c793b753a410a3f9c2988d5f6174cecde83a,False,baseline,e8333e7b809fd1e9e3461ccae56cbf8ff8fca35f919b007888b943c5205b69c5
R110,solomon_txt,14cb53cb99af61d3d708f07564b9a72d146e7c26b4f10507cfaf3bc828f34bfa,1,1,ok,True,13,1502973,1502.973,0.062261,0.500396,1,time_limit,solomon_exact_1000_v1,,,,,,0.5,,100,,25,f5dbbefc3ae22bb6d00b5d163622c793b753a410a3f9c2988d5f6174cecde83a,False,baseline,e8333e7b809fd1e9e3461ccae56cbf8ff8fca35f919b007888b943c5205b69c5
R110,solomon_txt,14cb53cb99af61d3d708f07564b9a72d146e7c26b4f10507cfaf3bc828f34bfa,2,1,ok,True,13,1564564,1564.564,0.062547,0.500395,1,time_limit,solomon_exact_1000_v1,,,,,,0.5,,100,,25,f5dbbefc3ae22bb6d00b5d163622c793b753a410a3f9c2988d5f6174cecde83a,False,baseline,e8333e7b809fd1e9e3461ccae56cbf8ff8fca35f919b007888b943c5205b69c5
R111,solomon_txt,3d94a73b1f2fe8aae4618b9d9ea254cff2e3924a6a841aa390096ec6c60f258d,0,1,ok,True,12,1400068,1400.068,0.064713,0.500737,1,time_limit,solomon_exact_1000_v1,,,,,,0.5,,100,,25,f5dbbefc3ae22bb6d00b5d163622c793b753a410a3f9c2988d5f6174cecde83a,False,baseline,e8333e7b809fd1e9e3461ccae56cbf8ff8fca35f919b007888b943c5205b69c5
R111,solomon_txt,3d94a73b1f2fe8aae4618b9d9ea254cff2e3924a6a841aa390096ec6c60f258d,1,1,ok,True,12,1408010,1408.01,0.066272,0.500377,1,time_limit,solomon_exact_1000_v1,,,,,,0.5,,100,,25,f5dbbefc3ae22bb6d00b5d163622c793b753a410a3f9c2988d5f6174cecde83a,False,baseline,e8333e7b809fd1e9e3461ccae56cbf8ff8fca35f919b007888b943c5205b69c5
R111,solomon_txt,3d94a73b1f2fe8aae4618b9d9ea254cff2e3924a6a841aa390096ec6c60f258d,2,1,ok,True,12,1307212,1307.212,0.064446,0.500384,1,time_limit,solomon_exact_1000_v1,,,,,,0.5,,100,,25,f5dbbefc3ae22bb6d00b5d163622c793b753a410a3f9c2988d5f6174cecde83a,False,baseline,e8333e7b809fd1e9e3461ccae56cbf8ff8fca35f919b007888b943c5205b69c5
R112,solomon_txt,a0e93149d59d30c356619891d192e86d0f16c3158e1dac3bd9f23c6deb718271,0,1,ok,True,12,1467289,1467.289,0.064964,0.500404,1,time_limit,solomon_exact_1000_v1,,,,,,0.5,,100,,25,f5dbbefc3ae22bb6d00b5d163622c793b753a410a3f9c2988d5f6174cecde83a,False,baseline,e8333e7b809fd1e9e3461ccae56cbf8ff8fca35f919b007888b943c5205b69c5
R112,solomon_txt,a0e93149d59d30c356619891d192e86d0f16c3158e1dac3bd9f23c6deb718271,1,1,ok,True,13,1421115,1421.115,0.064818,0.500402,1,time_limit,solomon_exact_1000_v1,,,,,,0.5,,100,,25,f5dbbefc3ae22bb6d00b5d163622c793b753a410a3f9c2988d5f6174cecde83a,False,baseline,e8333e7b809fd1e9e3461ccae56cbf8ff8fca35f919b007888b943c5205b69c5
R112,solomon_txt,a0e93149d59d30c356619891d192e86d0f16c3158e1dac3bd9f23c6deb718271,2,1,ok,True,12,1340286,1340.286,0.065476,0.500396,1,time_limit,solomon_exact_1000_v1,,,,,,0.5,,100,,25,f5dbbefc3ae22bb6d00b5d163622c793b753a410a3f9c2988d5f6174cecde83a,False,baseline,e8333e7b809fd1e9e3461ccae56cbf8ff8fca35f919b007888b943c5205b69c5
R201,solomon_txt,0be960ec998fff2cab0bdbcc5194c617e5ca0a79c82c5b32b1d4bd98b2cae210,0,1,ok,True,5,1726658,1726.658,0.130839,0.500252,1,time_limit,solomon_exact_1000_v1,,,,,,0.5,,100,,25,f5dbbefc3ae22bb6d00b5d163622c793b753a410a3f9c2988d5f6174cecde83a,False,baseline,e8333e7b809fd1e9e3461ccae56cbf8ff8fca35f919b007888b943c5205b69c5
R201,solomon_txt,0be960ec998fff2cab0bdbcc5194c617e5ca0a79c82c5b32b1d4bd98b2cae210,1,1,ok,True,4,1665126,1665.126,0.135428,0.500411,1,time_limit,solomon_exact_1000_v1,,,,,,0.5,,100,,25,f5dbbefc3ae22bb6d00b5d163622c793b753a410a3f9c2988d5f6174cecde83a,False,baseline,e8333e7b809fd1e9e3461ccae56cbf8ff8fca35f919b007888b943c5205b69c5
R201,solomon_txt,0be960ec998fff2cab0bdbcc5194c617e5ca0a79c82c5b32b1d4bd98b2cae210,2,1,ok,True,4,1605282,1605.282,0.132206,0.500357,1,time_limit,solomon_exact_1000_v1,,,,,,0.5,,100,,25,f5dbbefc3ae22bb6d00b5d163622c793b753a410a3f9c2988d5f6174cecde83a,False,baseline,e8333e7b809fd1e9e3461ccae56cbf8ff8fca35f919b007888b943c5205b69c5
R202,solomon_txt,1f7761bb33e9dd0c94837b32c72280296ffc283dba997379c7ad75ce00dffc8d,0,1,ok,True,4,1622244,1622.244,0.150334,0.500211,1,time_limit,solomon_exact_1000_v1,,,,,,0.5,,100,,25,f5dbbefc3ae22bb6d00b5d163622c793b753a410a3f9c2988d5f6174cecde83a,False,baseline,e8333e7b809fd1e9e3461ccae56cbf8ff8fca35f919b007888b943c5205b69c5
R202,solomon_txt,1f7761bb33e9dd0c94837b32c72280296ffc283dba997379c7ad75ce00dffc8d,1,1,ok,True,4,1622244,1622.244,0.152364,0.500364,1,time_limit,solomon_exact_1000_v1,,,,,,0.5,,100,,25,f5dbbefc3ae22bb6d00b5d163622c793b753a410a3f9c2988d5f6174cecde83a,False,baseline,e8333e7b809fd1e9e3461ccae56cbf8ff8fca35f919b007888b943c5205b69c5
R202,solomon_txt,1f7761bb33e9dd0c94837b32c72280296ffc283dba997379c7ad75ce00dffc8d,2,1,ok,True,4,1622145,1622.145,0.152301,0.500362,1,time_limit,solomon_exact_1000_v1,,,,,,0.5,,100,,25,f5dbbefc3ae22bb6d00b5d163622c793b753a410a3f9c2988d5f6174cecde83a,False,baseline,e8333e7b809fd1e9e3461ccae56cbf8ff8fca35f919b007888b943c5205b69c5
R203,solomon_txt,38c484db31bd7452a94d533e26a2348ef598df600b79d061d9ddc1c61466a731,0,1,ok,True,3,1241514,1241.514,0.163929,0.500415,1,time_limit,solomon_exact_1000_v1,,,,,,0.5,,100,,25,f5dbbefc3ae22bb6d00b5d163622c793b753a410a3f9c2988d5f6174cecde83a,False,baseline,e8333e7b809fd1e9e3461ccae56cbf8ff8fca35f919b007888b943c5205b69c5
R203,solomon_txt,38c484db31bd7452a94d533e26a2348ef598df600b79d061d9ddc1c61466a731,1,1,ok,True,3,1239999,1239.999,0.174072,0.5004,1,time_limit,solomon_exact_1000_v1,,,,,,0.5,,100,,25,f5dbbefc3ae22bb6d00b5d163622c793b753a410a3f9c2988d5f6174cecde83a,False,baseline,e8333e7b809fd1e9e3461ccae56cbf8ff8fca35f919b007888b943c5205b69c5
R203,solomon_txt,38c484db31bd7452a94d533e26a2348ef598df600b79d061d9ddc1c61466a731,2,1,ok,True,3,1204657,1204.657,0.159234,0.500436,1,time_limit,solomon_exact_1000_v1,,,,,,0.5,,100,,25,f5dbbefc3ae22bb6d00b5d163622c793b753a410a3f9c2988d5f6174cecde83a,False,baseline,e8333e7b809fd1e9e3461ccae56cbf8ff8fca35f919b007888b943c5205b69c5
R204,solomon_txt,5349e37d8df99bcbee1efa2e970d2662b5265e5f82fc609343a6af0a60257abf,0,1,ok,True,3,1331038,1331.038,0.199228,0.500221,1,time_limit,solomon_exact_1000_v1,,,,,,0.5,,100,,25,f5dbbefc3ae22bb6d00b5d163622c793b753a410a3f9c2988d5f6174cecde83a,False,baseline,e8333e7b809fd1e9e3461ccae56cbf8ff8fca35f919b007888b943c5205b69c5
R204,solomon_txt,5349e37d8df99bcbee1efa2e970d2662b5265e5f82fc609343a6af0a60257abf,1,1,ok,True,3,1331038,1331.038,0.205375,0.500207,1,time_limit,solomon_exact_1000_v1,,,,,,0.5,,100,,25,f5dbbefc3ae22bb6d00b5d163622c793b753a410a3f9c2988d5f6174cecde83a,False,baseline,e8333e7b809fd1e9e3461ccae56cbf8ff8fca35f919b007888b943c5205b69c5
R204,solomon_txt,5349e37d8df99bcbee1efa2e970d2662b5265e5f82fc609343a6af0a60257abf,2,1,ok,True,3,1301248,1301.248,0.196658,0.500351,1,time_limit,solomon_exact_1000_v1,,,,,,0.5,,100,,25,f5dbbefc3ae22bb6d00b5d163622c793b753a410a3f9c2988d5f6174cecde83a,False,baseline,e8333e7b809fd1e9e3461ccae56cbf8ff8fca35f919b007888b943c5205b69c5
R205,solomon_txt,1996bf8f10716fb8cfc1a585206a6a6e566f32347c1bb8f36c75ed6c887f77e3,0,1,ok,True,3,1303717,1303.717,0.155423,0.500221,1,time_limit,solomon_exact_1000_v1,,,,,,0.5,,100,,25,f5dbbefc3ae22bb6d00b5d163622c793b753a410a3f9c2988d5f6174cecde83a,False,baseline,e8333e7b809fd1e9e3461ccae56cbf8ff8fca35f919b007888b943c5205b69c5
R205,solomon_txt,1996bf8f10716fb8cfc1a585206a6a6e566f32347c1bb8f36c75ed6c887f77e3,1,1,ok,True,4,1671892,1671.892,0.15439,0.500609,1,time_limit,solomon_exact_1000_v1,,,,,,0.5,,100,,25,f5dbbefc3ae22bb6d00b5d163622c793b753a410a3f9c2988d5f6174cecde83a,False,baseline,e8333e7b809fd1e9e3461ccae56cbf8ff8fca35f919b007888b943c5205b69c5
R205,solomon_txt,1996bf8f10716fb8cfc1a585206a6a6e566f32347c1bb8f36c75ed6c887f77e3,2,1,ok,True,3,1408809,1408.809,0.1579,0.500351,1,time_limit,solomon_exact_1000_v1,,,,,,0.5,,100,,25,f5dbbefc3ae22bb6d00b5d163622c793b753a410a3f9c2988d5f6174cecde83a,False,baseline,e8333e7b809fd1e9e3461ccae56cbf8ff8fca35f919b007888b943c5205b69c5
R206,solomon_txt,c8754a0319264d076c038b1bf023c8c4710e8895fe3e03f485e9ae249f32fe43,0,1,ok,True,3,1533607,1533.607,0.166352,0.500201,1,time_limit,solomon_exact_1000_v1,,,,,,0.5,,100,,25,f5dbbefc3ae22bb6d00b5d163622c793b753a410a3f9c2988d5f6174cecde83a,False,baseline,e8333e7b809fd1e9e3461ccae56cbf8ff8fca35f919b007888b943c5205b69c5
R206,solomon_txt,c8754a0319264d076c038b1bf023c8c4710e8895fe3e03f485e9ae249f32fe43,1,1,ok,True,3,1533607,1533.607,0.167123,0.500273,1,time_limit,solomon_exact_1000_v1,,,,,,0.5,,100,,25,f5dbbefc3ae22bb6d00b5d163622c793b753a410a3f9c2988d5f6174cecde83a,False,baseline,e8333e7b809fd1e9e3461ccae56cbf8ff8fca35f919b007888b943c5205b69c5
R206,solomon_txt,c8754a0319264d076c038b1bf023c8c4710e8895fe3e03f485e9ae249f32fe43,2,1,ok,True,3,1531545,1531.545,0.164954,0.500364,1,time_limit,solomon_exact_1000_v1,,,,,,0.5,,100,,25,f5dbbefc3ae22bb6d00b5d163622c793b753a410a3f9c2988d5f6174cecde83a,False,baseline,e8333e7b809fd1e9e3461ccae56cbf8ff8fca35f919b007888b943c5205b69c5
R207,solomon_txt,52dc8eebba43fdc67ca9aadab228b75a297acb55a87db3e4748e82f623e3cbe6,0,1,ok,True,3,1164515,1164.515,0.199765,0.500236,1,time_limit,solomon_exact_1000_v1,,,,,,0.5,,100,,25,f5dbbefc3ae22bb6d00b5d163622c793b753a410a3f9c2988d5f6174cecde83a,False,baseline,e8333e7b809fd1e9e3461ccae56cbf8ff8fca35f919b007888b943c5205b69c5
R207,solomon_txt,52dc8eebba43fdc67ca9aadab228b75a297acb55a87db3e4748e82f623e3cbe6,1,1,ok,True,3,1102590,1102.59,0.199488,0.5002,1,time_limit,solomon_exact_1000_v1,,,,,,0.5,,100,,25,f5dbbefc3ae22bb6d00b5d163622c793b753a410a3f9c2988d5f6174cecde83a,False,baseline,e8333e7b809fd1e9e3461ccae56cbf8ff8fca35f919b007888b943c5205b69c5
R207,solomon_txt,52dc8eebba43fdc67ca9aadab228b75a297acb55a87db3e4748e82f623e3cbe6,2,1,ok,True,3,1035427,1035.427,0.200542,0.500361,1,time_limit,solomon_exact_1000_v1,,,,,,0.5,,100,,25,f5dbbefc3ae22bb6d00b5d163622c793b753a410a3f9c2988d5f6174cecde83a,False,baseline,e8333e7b809fd1e9e3461ccae56cbf8ff8fca35f919b007888b943c5205b69c5
R208,solomon_txt,7b4a95d500af9329dd08791d39898a619faec0f8fac039d57373e761545b980d,0,1,ok,True,3,957965,957.965,0.217331,0.50019,1,time_limit,solomon_exact_1000_v1,,,,,,0.5,,100,,25,f5dbbefc3ae22bb6d00b5d163622c793b753a410a3f9c2988d5f6174cecde83a,False,baseline,e8333e7b809fd1e9e3461ccae56cbf8ff8fca35f919b007888b943c5205b69c5
R208,solomon_txt,7b4a95d500af9329dd08791d39898a619faec0f8fac039d57373e761545b980d,1,1,ok,True,3,957965,957.965,0.210329,0.500226,1,time_limit,solomon_exact_1000_v1,,,,,,0.5,,100,,25,f5dbbefc3ae22bb6d00b5d163622c793b753a410a3f9c2988d5f6174cecde83a,False,baseline,e8333e7b809fd1e9e3461ccae56cbf8ff8fca35f919b007888b943c5205b69c5
R208,solomon_txt,7b4a95d500af9329dd08791d39898a619faec0f8fac039d57373e761545b980d,2,1,ok,True,3,957965,957.965,0.213174,0.500269,1,time_limit,solomon_exact_1000_v1,,,,,,0.5,,100,,25,f5dbbefc3ae22bb6d00b5d163622c793b753a410a3f9c2988d5f6174cecde83a,False,baseline,e8333e7b809fd1e9e3461ccae56cbf8ff8fca35f919b007888b943c5205b69c5
R209,solomon_txt,5b74156d032babcff853ccc693f94463eca8333cd425aa99a39ed996f6258933,0,1,ok,True,3,1278206,1278.206,0.153552,0.500246,1,time_limit,solomon_exact_1000_v1,,,,,,0.5,,100,,25,f5dbbefc3ae22bb6d00b5d163622c793b753a410a3f9c2988d5f6174cecde83a,False,baseline,e8333e7b809fd1e9e3461ccae56cbf8ff8fca35f919b007888b943c5205b69c5
R209,solomon_txt,5b74156d032babcff853ccc693f94463eca8333cd425aa99a39ed996f6258933,1,1,ok,True,3,1303297,1303.297,0.151488,0.500231,1,time_limit,solomon_exact_1000_v1,,,,,,0.5,,100,,25,f5dbbefc3ae22bb6d00b5d163622c793b753a410a3f9c2988d5f6174cecde83a,False,baseline,e8333e7b809fd1e9e3461ccae56cbf8ff8fca35f919b007888b943c5205b69c5
R209,solomon_txt,5b74156d032babcff853ccc693f94463eca8333cd425aa99a39ed996f6258933,2,1,ok,True,3,1388821,1388.821,0.15083,0.500332,1,time_limit,solomon_exact_1000_v1,,,,,,0.5,,100,,25,f5dbbefc3ae22bb6d00b5d163622c793b753a410a3f9c2988d5f6174cecde83a,False,baseline,e8333e7b809fd1e9e3461ccae56cbf8ff8fca35f919b007888b943c5205b69c5
R210,solomon_txt,4e5772f109fb6183e6a648d6a1edaba3435438c2dc11c42da370fecf7bdf3a14,0,1,ok,True,3,1373763,1373.763,0.171969,0.500389,1,time_limit,solomon_exact_1000_v1,,,,,,0.5,,100,,25,f5dbbefc3ae22bb6d00b5d163622c793b753a410a3f9c2988d5f6174cecde83a,False,baseline,e8333e7b809fd1e9e3461ccae56cbf8ff8fca35f919b007888b943c5205b69c5
R210,solomon_txt,4e5772f109fb6183e6a648d6a1edaba3435438c2dc11c42da370fecf7bdf3a14,1,1,ok,True,3,1381982,1381.982,0.169666,0.500418,1,time_limit,solomon_exact_1000_v1,,,,,,0.5,,100,,25,f5dbbefc3ae22bb6d00b5d163622c793b753a410a3f9c2988d5f6174cecde83a,False,baseline,e8333e7b809fd1e9e3461ccae56cbf8ff8fca35f919b007888b943c5205b69c5
R210,solomon_txt,4e5772f109fb6183e6a648d6a1edaba3435438c2dc11c42da370fecf7bdf3a14,2,1,ok,True,3,1364687,1364.687,0.17297,0.500405,1,time_limit,solomon_exact_1000_v1,,,,,,0.5,,100,,25,f5dbbefc3ae22bb6d00b5d163622c793b753a410a3f9c2988d5f6174cecde83a,False,baseline,e8333e7b809fd1e9e3461ccae56cbf8ff8fca35f919b007888b943c5205b69c5
R211,solomon_txt,2965507e467a2f92acd59035975910e36ae11e4f49590d4c7d20a883939227ad,0,1,ok,True,3,1516434,1516.434,0.184562,0.500195,1,time_limit,solomon_exact_1000_v1,,,,,,0.5,,100,,25,f5dbbefc3ae22bb6d00b5d163622c793b753a410a3f9c2988d5f6174cecde83a,False,baseline,e8333e7b809fd1e9e3461ccae56cbf8ff8fca35f919b007888b943c5205b69c5
R211,solomon_txt,2965507e467a2f92acd59035975910e36ae11e4f49590d4c7d20a883939227ad,1,1,ok,True,3,1516434,1516.434,0.187246,0.500213,1,time_limit,solomon_exact_1000_v1,,,,,,0.5,,100,,25,f5dbbefc3ae22bb6d00b5d163622c793b753a410a3f9c2988d5f6174cecde83a,False,baseline,e8333e7b809fd1e9e3461ccae56cbf8ff8fca35f919b007888b943c5205b69c5
R211,solomon_txt,2965507e467a2f92acd59035975910e36ae11e4f49590d4c7d20a883939227ad,2,1,ok,True,3,1506201,1506.201,0.189393,0.500363,1,time_limit,solomon_exact_1000_v1,,,,,,0.5,,100,,25,f5dbbefc3ae22bb6d00b5d163622c793b753a410a3f9c2988d5f6174cecde83a,False,baseline,e8333e7b809fd1e9e3461ccae56cbf8ff8fca35f919b007888b943c5205b69c5
RC101,solomon_txt,ef6893ffd9746ad96de8e4da6e64e2c4ba6e08a1c7eb9457276a9f1caf01ca12,0,1,ok,True,17,2170071,2170.071,0.055879,0.500411,2,time_limit,solomon_exact_1000_v1,,,,,,0.5,,100,,25,f5dbbefc3ae22bb6d00b5d163622c793b753a410a3f9c2988d5f6174cecde83a,False,baseline,e8333e7b809fd1e9e3461ccae56cbf8ff8fca35f919b007888b943c5205b69c5
RC101,solomon_txt,ef6893ffd9746ad96de8e4da6e64e2c4ba6e08a1c7eb9457276a9f1caf01ca12,1,1,ok,True,18,2074763,2074.763,0.055176,0.500423,1,time_limit,solomon_exact_1000_v1,,,,,,0.5,,100,,25,f5dbbefc3ae22bb6d00b5d163622c793b753a410a3f9c2988d5f6174cecde83a,False,baseline,e8333e7b809fd1e9e3461ccae56cbf8ff8fca35f919b007888b943c5205b69c5
RC101,solomon_txt,ef6893ffd9746ad96de8e4da6e64e2c4ba6e08a1c7eb9457276a9f1caf01ca12,2,1,ok,True,18,1980193,1980.193,0.057503,0.500409,1,time_limit,solomon_exact_1000_v1,,,,,,0.5,,100,,25,f5dbbefc3ae22bb6d00b5d163622c793b753a410a3f9c2988d5f6174cecde83a,False,baseline,e8333e7b809fd1e9e3461ccae56cbf8ff8fca35f919b007888b943c5205b69c5
RC102,solomon_txt,36acd349d34a577c7fadd61f78517c2cb74bd06a490273800c288f341e5785a4,0,1,ok,True,15,1756383,1756.383,0.061639,0.500435,2,time_limit,solomon_exact_1000_v1,,,,,,0.5,,100,,25,f5dbbefc3ae22bb6d00b5d163622c793b753a410a3f9c2988d5f6174cecde83a,False,baseline,e8333e7b809fd1e9e3461ccae56cbf8ff8fca35f919b007888b943c5205b69c5
RC102,solomon_txt,36acd349d34a577c7fadd61f78517c2cb74bd06a490273800c288f341e5785a4,1,1,ok,True,15,1828911,1828.911,0.058107,0.500382,1,time_limit,solomon_exact_1000_v1,,,,,,0.5,,100,,25,f5dbbefc3ae22bb6d00b5d163622c793b753a410a3f9c2988d5f6174cecde83a,False,baseline,e8333e7b809fd1e9e3461ccae56cbf8ff8fca35f919b007888b943c5205b69c5
RC102,solomon_txt,36acd349d34a577c7fadd61f78517c2cb74bd06a490273800c288f341e5785a4,2,1,ok,True,16,1812496,1812.496,0.05948,0.500402,1,time_limit,solomon_exact_1000_v1,,,,,,0.5,,100,,25,f5dbbefc3ae22bb6d00b5d163622c793b753a410a3f9c2988d5f6174cecde83a,False,baseline,e8333e7b809fd1e9e3461ccae56cbf8ff8fca35f919b007888b943c5205b69c5
RC103,solomon_txt,00f384138274d5d2bff5c41601db17cc4ad0cfc6315c27e223d4477bf435cc2d,0,1,ok,True,12,1733037,1733.037,0.066012,0.50041,1,time_limit,solomon_exact_1000_v1,,,,,,0.5,,100,,25,f5dbbefc3ae22bb6d00b5d163622c793b753a410a3f9c2988d5f6174cecde83a,False,baseline,e8333e7b809fd1e9e3461ccae56cbf8ff8fca35f919b007888b943c5205b69c5
RC103,solomon_txt,00f384138274d5d2bff5c41601db17cc4ad0cfc6315c27e223d4477bf435cc2d,1,1,ok,True,12,1694862,1694.862,0.068144,0.500386,1,time_limit,solomon_exact_1000_v1,,,,,,0.5,,100,,25,f5dbbefc3ae22bb6d00b5d163622c793b753a410a3f9c2988d5f6174cecde83a,False,baseline,e8333e7b809fd1e9e3461ccae56cbf8ff8fca35f919b007888b943c5205b69c5
RC103,solomon_txt,00f384138274d5d2bff5c41601db17cc4ad0cfc6315c27e223d4477bf435cc2d,2,1,ok,True,13,1938302,1938.302,0.065602,0.50041,1,time_limit,solomon_exact_1000_v1,,,,,,0.5,,100,,25,f5dbbefc3ae22bb6d00b5d163622c793b753a410a3f9c2988d5f6174cecde83a,False,baseline,e8333e7b809fd1e9e3461ccae56cbf8ff8fca35f919b007888b943c5205b69c5
RC104,solomon_txt,d150b2d61049a488fb89a2320c197d81a7ef9a1864abbbaea1d13a2b451253ee,0,1,ok,True,12,1599560,1599.56,0.066502,0.500371,1,time_limit,solomon_exact_1000_v1,,,,,,0.5,,100,,25,f5dbbefc3ae22bb6d00b5d163622c793b753a410a3f9c2988d5f6174cecde83a,False,baseline,e8333e7b809fd1e9e3461ccae56cbf8ff8fca35f919b007888b943c5205b69c5
RC104,solomon_txt,d150b2d61049a488fb89a2320c197d81a7ef9a1864abbbaea1d13a2b451253ee,1,1,ok,True,12,1615654,1615.654,0.067237,0.500372,1,time_limit,solomon_exact_1000_v1,,,,,,0.5,,100,,25,f5dbbefc3ae22bb6d00b5d163622c793b753a410a3f9c2988d5f6174cecde83a,False,baseline,e8333e7b809fd1e9e3461ccae56cbf8ff8fca35f919b007888b943c5205b69c5
RC104,solomon_txt,d150b2d61049a488fb89a2320c197d81a7ef9a1864abbbaea1d13a2b451253ee,2,1,ok,True,11,1476557,1476.557,0.066033,0.500383,1,time_limit,solomon_exact_1000_v1,,,,,,0.5,,100,,25,f5dbbefc3ae22bb6d00b5d163622c793b753a410a3f9c2988d5f6174cecde83a,False,baseline,e8333e7b809fd1e9e3461ccae56cbf8ff8fca35f919b007888b943c5205b69c5
RC105,solomon_txt,b9e912625c1ed80d2f565e0799ade2f4b17bf4f95056322ca23f1a21b37e7a49,0,1,ok,True,16,1886908,1886.908,0.060198,0.500427,1,time_limit,solomon_exact_1000_v1,,,,,,0.5,,100,,25,f5dbbefc3ae22bb6d00b5d163622c793b753a410a3f9c2988d5f6174cecde83a,False,baseline,e8333e7b809fd1e9e3461ccae56cbf8ff8fca35f919b007888b943c5205b69c5
RC105,solomon_txt,b9e912625c1ed80d2f565e0799ade2f4b17bf4f95056322ca23f1a21b37e7a49,1,1,ok,True,16,2098732,2098.732,0.061755,0.500448,1,time_limit,solomon_exact_1000_v1,,,,,,0.5,,100,,25,f5dbbefc3ae22bb6d00b5d163622c793b753a410a3f9c2988d5f6174cecde83a,False,baseline,e8333e7b809fd1e9e3461ccae56cbf8ff8fca35f919b007888b943c5205b69c5
RC105,solomon_txt,b9e912625c1ed80d2f565e0799ade2f4b17bf4f95056322ca23f1a21b37e7a49,2,1,ok,True,16,1879240,1879.24,0.059426,0.500405,1,time_limit,solomon_exact_1000_v1,,,,,,0.5,,100,,25,f5dbbefc3ae22bb6d00b5d163622c793b753a410a3f9c2988d5f6174cecde83a,False,baseline,e8333e7b809fd1e9e3461ccae56cbf8ff8fca35f919b007888b943c5205b69c5
RC106,solomon_txt,bf016ffc567af2d108570357daf1d0cabb7f680c0bd977d2e4366787683fdbaf,0,1,ok,True,15,2117387,2117.387,0.057893,0.50044,1,time_limit,solomon_exact_1000_v1,,,,,,0.5,,100,,25,f5dbbefc3ae22bb6d00b5d163622c793b753a410a3f9c2988d5f6174cecde83a,False,baseline,e8333e7b809fd1e9e3461ccae56cbf8ff8fca35f919b007888b943c5205b69c5
RC106,solomon_txt,bf016ffc567af2d108570357daf1d0cabb7f680c0bd977d2e4366787683fdbaf,1,1,ok,True,15,1846886,1846.886,0.056906,0.500419,1,time_limit,solomon_exact_1000_v1,,,,,,0.5,,100,,25,f5dbbefc3ae22bb6d00b5d163622c793b753a410a3f9c2988d5f6174cecde83a,False,baseline,e8333e7b809fd1e9e3461ccae56cbf8ff8fca35f919b007888b943c5205b69c5
RC106,solomon_txt,bf016ffc567af2d108570357daf1d0cabb7f680c0bd977d2e4366787683fdbaf,2,1,ok,True,15,1991209,1991.209,0.060389,0.500494,1,time_limit,solomon_exact_1000_v1,,,,,,0.5,,100,,25,f5dbbefc3ae22bb6d00b5d163622c793b753a410a3f9c2988d5f6174cecde83a,False,baseline,e8333e7b809fd1e9e3461ccae56cbf8ff8fca35f919b007888b943c5205b69c5
RC107,solomon_txt,fff3fd68d110671ed442575f07cc547291586f30b00c5f73934d521d31311582,0,1,ok,True,14,1674969,1674.969,0.062534,0.500388,1,time_limit,solomon_exact_1000_v1,,,,,,0.5,,100,,25,f5dbbefc3ae22bb6d00b5d163622c793b753a410a3f9c2988d5f6174cecde83a,False,baseline,e8333e7b809fd1e9e3461ccae56cbf8ff8fca35f919b007888b943c5205b69c5
RC107,solomon_txt,fff3fd68d110671ed442575f07cc547291586f30b00c5f73934d521d31311582,1,1,ok,True,14,1790871,1790.871,0.063527,0.500821,1,time_limit,solomon_exact_1000_v1,,,,,,0.5,,100,,25,f5dbbefc3ae22bb6d00b5d163622c793b753a410a3f9c2988d5f6174cecde83a,False,baseline,e8333e7b809fd1e9e3461ccae56cbf8ff8fca35f919b007888b943c5205b69c5
RC107,solomon_txt,fff3fd68d110671ed442575f07cc547291586f30b00c5f73934d521d31311582,2,1,ok,True,14,1819837,1819.837,0.065508,0.500402,1,time_limit,solomon_exact_1000_v1,,,,,,0.5,,100,,25,f5dbbefc3ae22bb6d00b5d163622c793b753a410a3f9c2988d5f6174cecde83a,False,baseline,e8333e7b809fd1e9e3461ccae56cbf8ff8fca35f919b007888b943c5205b69c5
RC108,solomon_txt,006bc8817bf09f9a8c66af8d6f088bdec239b2eb435556e9d11193cf456f7aeb,0,1,ok,True,14,1939901,1939.901,0.06216,0.5004,1,time_limit,solomon_exact_1000_v1,,,,,,0.5,,100,,25,f5dbbefc3ae22bb6d00b5d163622c793b753a410a3f9c2988d5f6174cecde83a,False,baseline,e8333e7b809fd1e9e3461ccae56cbf8ff8fca35f919b007888b943c5205b69c5
RC108,solomon_txt,006bc8817bf09f9a8c66af8d6f088bdec239b2eb435556e9d11193cf456f7aeb,1,1,ok,True,14,1613794,1613.794,0.06184,0.500394,1,time_limit,solomon_exact_1000_v1,,,,,,0.5,,100,,25,f5dbbefc3ae22bb6d00b5d163622c793b753a410a3f9c2988d5f6174cecde83a,False,baseline,e8333e7b809fd1e9e3461ccae56cbf8ff8fca35f919b007888b943c5205b69c5
RC108,solomon_txt,006bc8817bf09f9a8c66af8d6f088bdec239b2eb435556e9d11193cf456f7aeb,2,1,ok,True,14,1689690,1689.69,0.062334,0.500411,1,time_limit,solomon_exact_1000_v1,,,,,,0.5,,100,,25,f5dbbefc3ae22bb6d00b5d163622c793b753a410a3f9c2988d5f6174cecde83a,False,baseline,e8333e7b809fd1e9e3461ccae56cbf8ff8fca35f919b007888b943c5205b69c5
RC201,solomon_txt,288836e2d8c2ace83ebbff77e03ac8cdffc574fc134cade21ef92713f8c52d44,0,1,ok,True,5,2429811,2429.811,0.130367,0.500241,1,time_limit,solomon_exact_1000_v1,,,,,,0.5,,100,,25,f5dbbefc3ae22bb6d00b5d163622c793b753a410a3f9c2988d5f6174cecde83a,False,baseline,e8333e7b809fd1e9e3461ccae56cbf8ff8fca35f919b007888b943c5205b69c5
RC201,solomon_txt,288836e2d8c2ace83ebbff77e03ac8cdffc574fc134cade21ef92713f8c52d44,1,1,ok,True,5,2291678,2291.678,0.124025,0.500398,1,time_limit,solomon_exact_1000_v1,,,,,,0.5,,100,,25,f5dbbefc3ae22bb6d00b5d163622c793b753a410a3f9c2988d5f6174cecde83a,False,baseline,e8333e7b809fd1e9e3461ccae56cbf8ff8fca35f919b007888b943c5205b69c5
RC201,solomon_txt,288836e2d8c2ace83ebbff77e03ac8cdffc574fc134cade21ef92713f8c52d44,2,1,ok,True,5,2378874,2378.874,0.126855,0.500377,1,time_limit,solomon_exact_1000_v1,,,,,,0.5,,100,,25,f5dbbefc3ae22bb6d00b5d163622c793b753a410a3f9c2988d5f6174cecde83a,False,baseline,e8333e7b809fd1e9e3461ccae56cbf8ff8fca35f919b007888b943c5205b69c5
RC202,solomon_txt,5a1dee2017ab0ca4fe280b392678c96e8b5bc71f22d02c8058fbde7c4cfebcf4,0,1,ok,True,4,1920411,1920.411,0.116312,0.500226,1,time_limit,solomon_exact_1000_v1,,,,,,0.5,,100,,25,f5dbbefc3ae22bb6d00b5d163622c793b753a410a3f9c2988d5f6174cecde83a,False,baseline,e8333e7b809fd1e9e3461ccae56cbf8ff8fca35f919b007888b943c5205b69c5
RC202,solomon_txt,5a1dee2017ab0ca4fe280b392678c96e8b5bc71f22d02c8058fbde7c4cfebcf4,1,1,ok,True,4,1818035,1818.035,0.116103,0.500364,1,time_limit,solomon_exact_1000_v1,,,,,,0.5,,100,,25,f5dbbefc3ae22bb6d00b5d163622c793b753a410a3f9c2988d5f6174cecde83a,False,baseline,e8333e7b809fd1e9e3461ccae56cbf8ff8fca35f919b007888b943c5205b69c5
RC202,solomon_txt,5a1dee2017ab0ca4fe280b392678c96e8b5bc71f22d02c8058fbde7c4cfebcf4,2,1,ok,True,4,1619243,1619.243,0.116275,0.500358,1,time_limit,solomon_exact_1000_v1,,,,,,0.5,,100,,25,f5dbbefc3ae22bb6d00b5d163622c793b753a410a3f9c2988d5f6174cecde83a,False,baseline,e8333e7b809fd1e9e3461ccae56cbf8ff8fca35f919b007888b943c5205b69c5
RC203,solomon_txt,4adcb362c23df91f14b828d4964e9383ffb02ee74217afc2d84571f83ed91f8b,0,1,ok,True,3,1400007,1400.007,0.125388,0.500219,1,time_limit,solomon_exact_1000_v1,,,,,,0.5,,100,,25,f5dbbefc3ae22bb6d00b5d163622c793b753a410a3f9c2988d5f6174cecde83a,False,baseline,e8333e7b809fd1e9e3461ccae56cbf8ff8fca35f919b007888b943c5205b69c5
RC203,solomon_txt,4adcb362c23df91f14b828d4964e9383ffb02ee74217afc2d84571f83ed91f8b,1,1,ok,True,3,1545417,1545.417,0.128647,0.500365,1,time_limit,solomon_exact_1000_v1,,,,,,0.5,,100,,25,f5dbbefc3ae22bb6d00b5d163622c793b753a410a3f9c2988d5f6174cecde83a,False,baseline,e8333e7b809fd1e9e3461ccae56cbf8ff8fca35f919b007888b943c5205b69c5
RC203,solomon_txt,4adcb362c23df91f14b828d4964e9383ffb02ee74217afc2d84571f83ed91f8b,2,1,ok,True,3,1516613,1516.613,0.131042,0.500235,2,time_limit,solomon_exact_1000_v1,,,,,,0.5,,100,,25,f5dbbefc3ae22bb6d00b5d163622c793b753a410a3f9c2988d5f6174cecde83a,False,baseline,e8333e7b809fd1e9e3461ccae56cbf8ff8fca35f919b007888b943c5205b69c5
RC204,solomon_txt,11e827eab51a959ebab66344e7b7cfd1aeed895287653b36a72c86a4440ecd77,0,1,ok,True,3,1500593,1500.593,0.191005,0.500239,1,time_limit,solomon_exact_1000_v1,,,,,,0.5,,100,,25,f5dbbefc3ae22bb6d00b5d163622c793b753a410a3f9c2988d5f6174cecde83a,False,baseline,e8333e7b809fd1e9e3461ccae56cbf8ff8fca35f919b007888b943c5205b69c5
RC204,solomon_txt,11e827eab51a959ebab66344e7b7cfd1aeed895287653b36a72c86a4440ecd77,1,1,ok,True,3,1500593,1500.593,0.182502,0.500224,1,time_limit,solomon_exact_1000_v1,,,,,,0.5,,100,,25,f5dbbefc3ae22bb6d00b5d163622c793b753a410a3f9c2988d5f6174cecde83a,False,baseline,e8333e7b809fd1e9e3461ccae56cbf8ff8fca35f919b007888b943c5205b69c5
RC204,solomon_txt,11e827eab51a959ebab66344e7b7cfd1aeed895287653b36a72c86a4440ecd77,2,1,ok,True,3,1500132,1500.132,0.18567,0.500337,1,time_limit,solomon_exact_1000_v1,,,,,,0.5,,100,,25,f5dbbefc3ae22bb6d00b5d163622c793b753a410a3f9c2988d5f6174cecde83a,False,baseline,e8333e7b809fd1e9e3461ccae56cbf8ff8fca35f919b007888b943c5205b69c5
RC205,solomon_txt,c061d306cf42310b0f3ca15612089f6c5a8d5604c0733bf26852477c787662c9,0,1,ok,True,4,1959415,1959.415,0.131668,0.50021,1,time_limit,solomon_exact_1000_v1,,,,,,0.5,,100,,25,f5dbbefc3ae22bb6d00b5d163622c793b753a410a3f9c2988d5f6174cecde83a,False,baseline,e8333e7b809fd1e9e3461ccae56cbf8ff8fca35f919b007888b943c5205b69c5
RC205,solomon_txt,c061d306cf42310b0f3ca15612089f6c5a8d5604c0733bf26852477c787662c9,1,1,ok,True,4,1741837,1741.837,0.132967,0.500357,1,time_limit,solomon_exact_1000_v1,,,,,,0.5,,100,,25,f5dbbefc3ae22bb6d00b5d163622c793b753a410a3f9c2988d5f6174cecde83a,False,baseline,e8333e7b809fd1e9e3461ccae56cbf8ff8fca35f919b007888b943c5205b69c5
RC205,solomon_txt,c061d306cf42310b0f3ca15612089f6c5a8d5604c0733bf26852477c787662c9,2,1,ok,True,4,1689369,1689.369,0.134948,0.500466,1,time_limit,solomon_exact_1000_v1,,,,,,0.5,,100,,25,f5dbbefc3ae22bb6d00b5d163622c793b753a410a3f9c2988d5f6174cecde83a,False,baseline,e8333e7b809fd1e9e3461ccae56cbf8ff8fca35f919b007888b943c5205b69c5
RC206,solomon_txt,5203aecf67c84df49e152645312a837ffefde529314ff892ca061538816e43a9,0,1,ok,True,4,2080287,2080.287,0.134299,0.500228,1,time_limit,solomon_exact_1000_v1,,,,,,0.5,,100,,25,f5dbbefc3ae22bb6d00b5d163622c793b753a410a3f9c2988d5f6174cecde83a,False,baseline,e8333e7b809fd1e9e3461ccae56cbf8ff8fca35f919b007888b943c5205b69c5
RC206,solomon_txt,5203aecf67c84df49e152645312a837ffefde529314ff892ca061538816e43a9,1,1,ok,True,4,1771858,1771.858,0.131837,0.500365,1,time_limit,solomon_exact_1000_v1,,,,,,0.5,,100,,25,f5dbbefc3ae22bb6d00b5d163622c793b753a410a3f9c2988d5f6174cecde83a,False,baseline,e8333e7b809fd1e9e3461ccae56cbf8ff8fca35f919b007888b943c5205b69c5
RC206,solomon_txt,5203aecf67c84df49e152645312a837ffefde529314ff892ca061538816e43a9,2,1,ok,True,4,1725004,1725.004,0.135291,0.500377,1,time_limit,solomon_exact_1000_v1,,,,,,0.5,,100,,25,f5dbbefc3ae22bb6d00b5d163622c793b753a410a3f9c2988d5f6174cecde83a,False,baseline,e8333e7b809fd1e9e3461ccae56cbf8ff8fca35f919b007888b943c5205b69c5
RC207,solomon_txt,5cab65f99b350cdb8fb1c4d0a12dde85eb4ff6a6d6daf292b182cb73de9a8b63,0,1,ok,True,4,1907431,1907.431,0.148554,0.500216,1,time_limit,solomon_exact_1000_v1,,,,,,0.5,,100,,25,f5dbbefc3ae22bb6d00b5d163622c793b753a410a3f9c2988d5f6174cecde83a,False,baseline,e8333e7b809fd1e9e3461ccae56cbf8ff8fca35f919b007888b943c5205b69c5
RC207,solomon_txt,5cab65f99b350cdb8fb1c4d0a12dde85eb4ff6a6d6daf292b182cb73de9a8b63,1,1,ok,True,3,1405392,1405.392,0.149635,0.500197,1,time_limit,solomon_exact_1000_v1,,,,,,0.5,,100,,25,f5dbbefc3ae22bb6d00b5d163622c793b753a410a3f9c2988d5f6174cecde83a,False,baseline,e8333e7b809fd1e9e3461ccae56cbf8ff8fca35f919b007888b943c5205b69c5
RC207,solomon_txt,5cab65f99b350cdb8fb1c4d0a12dde85eb4ff6a6d6daf292b182cb73de9a8b63,2,1,ok,True,4,1865317,1865.317,0.144806,0.500388,1,time_limit,solomon_exact_1000_v1,,,,,,0.5,,100,,25,f5dbbefc3ae22bb6d00b5d163622c793b753a410a3f9c2988d5f6174cecde83a,False,baseline,e8333e7b809fd1e9e3461ccae56cbf8ff8fca35f919b007888b943c5205b69c5
RC208,solomon_txt,3d67d2a8e2758a324643f5d6c6ca87e8c56435273eaa04be33f213bb991f1f28,0,1,ok,True,3,1365201,1365.201,0.149131,0.500213,1,time_limit,solomon_exact_1000_v1,,,,,,0.5,,100,,25,f5dbbefc3ae22bb6d00b5d163622c793b753a410a3f9c2988d5f6174cecde83a,False,baseline,e8333e7b809fd1e9e3461ccae56cbf8ff8fca35f919b007888b943c5205b69c5
RC208,solomon_txt,3d67d2a8e2758a324643f5d6c6ca87e8c56435273eaa04be33f213bb991f1f28,1,1,ok,True,4,1913075,1913.075,0.144273,0.500348,1,time_limit,solomon_exact_1000_v1,,,,,,0.5,,100,,25,f5dbbefc3ae22bb6d00b5d163622c793b753a410a3f9c2988d5f6174cecde83a,False,baseline,e8333e7b809fd1e9e3461ccae56cbf8ff8fca35f919b007888b943c5205b69c5
RC208,solomon_txt,3d67d2a8e2758a324643f5d6c6ca87e8c56435273eaa04be33f213bb991f1f28,2,1,ok,True,4,1884112,1884.112,0.150376,0.500359,1,time_limit,solomon_exact_1000_v1,,,,,,0.5,,100,,25,f5dbbefc3ae22bb6d00b5d163622c793b753a410a3f9c2988d5f6174cecde83a,False,baseline,e8333e7b809fd1e9e3461ccae56cbf8ff8fca35f919b007888b943c5205b69c5
C101,solomon_txt,a6da75152d182d60ecd2c6f854296f5be452f92282d096adebcf5d99a7f16516,0,1,ok,True,10,828937,828.937,0.068893,0.500455,1,time_limit,solomon_exact_1000_v1,,,,,,0.5,,100,,25,1c005bcbef3a2cc7c3c99f5013487a5a902fde9aca9c42e62b9da2eeda38c14c,False,reconstruct,4cea95795e2341a20777d6362e0c94658044568247045d7b4a4297ccff0bb981
C101,solomon_txt,a6da75152d182d60ecd2c6f854296f5be452f92282d096adebcf5d99a7f16516,1,1,ok,True,10,828937,828.937,0.067679,0.500445,2,time_limit,solomon_exact_1000_v1,,,,,,0.5,,100,,25,1c005bcbef3a2cc7c3c99f5013487a5a902fde9aca9c42e62b9da2eeda38c14c,False,reconstruct,4cea95795e2341a20777d6362e0c94658044568247045d7b4a4297ccff0bb981
C101,solomon_txt,a6da75152d182d60ecd2c6f854296f5be452f92282d096adebcf5d99a7f16516,2,1,ok,True,10,828937,828.937,0.080118,0.50046,1,time_limit,solomon_exact_1000_v1,,,,,,0.5,,100,,25,1c005bcbef3a2cc7c3c99f5013487a5a902fde9aca9c42e62b9da2eeda38c14c,False,reconstruct,4cea95795e2341a20777d6362e0c94658044568247045d7b4a4297ccff0bb981
C102,solomon_txt,f89a0e2a760cc7448a4ca72b88e5b29b94d64b5548f3320f42a6230025ead653,0,1,ok,True,10,1103932,1103.932,0.069047,0.500455,1,time_limit,solomon_exact_1000_v1,,,,,,0.5,,100,,25,1c005bcbef3a2cc7c3c99f5013487a5a902fde9aca9c42e62b9da2eeda38c14c,False,reconstruct,4cea95795e2341a20777d6362e0c94658044568247045d7b4a4297ccff0bb981
C102,solomon_txt,f89a0e2a760cc7448a4ca72b88e5b29b94d64b5548f3320f42a6230025ead653,1,1,ok,True,10,1103932,1103.932,0.071555,0.500431,1,time_limit,solomon_exact_1000_v1,,,,,,0.5,,100,,25,1c005bcbef3a2cc7c3c99f5013487a5a902fde9aca9c42e62b9da2eeda38c14c,False,reconstruct,4cea95795e2341a20777d6362e0c94658044568247045d7b4a4297ccff0bb981
C102,solomon_txt,f89a0e2a760cc7448a4ca72b88e5b29b94d64b5548f3320f42a6230025ead653,2,1,ok,True,10,1103932,1103.932,0.069367,0.500408,1,time_limit,solomon_exact_1000_v1,,,,,,0.5,,100,,25,1c005bcbef3a2cc7c3c99f5013487a5a902fde9aca9c42e62b9da2eeda38c14c,False,reconstruct,4cea95795e2341a20777d6362e0c94658044568247045d7b4a4297ccff0bb981
C103,solomon_txt,a55cabf15e0da9d65696a5fb45c9852889479893f76f772a428ca15d1b415a51,0,1,ok,True,10,1658323,1658.323,0.075836,0.500454,1,time_limit,solomon_exact_1000_v1,,,,,,0.5,,100,,25,1c005bcbef3a2cc7c3c99f5013487a5a902fde9aca9c42e62b9da2eeda38c14c,False,reconstruct,4cea95795e2341a20777d6362e0c94658044568247045d7b4a4297ccff0bb981
C103,solomon_txt,a55cabf15e0da9d65696a5fb45c9852889479893f76f772a428ca15d1b415a51,1,1,ok,True,10,1617749,1617.749,0.076895,0.500408,1,time_limit,solomon_exact_1000_v1,,,,,,0.5,,100,,25,1c005bcbef3a2cc7c3c99f5013487a5a902fde9aca9c42e62b9da2eeda38c14c,False,reconstruct,4cea95795e2341a20777d6362e0c94658044568247045d7b4a4297ccff0bb981
C103,solomon_txt,a55cabf15e0da9d65696a5fb45c9852889479893f76f772a428ca15d1b415a51,2,1,ok,True,10,1658323,1658.323,0.075497,0.500454,1,time_limit,solomon_exact_1000_v1,,,,,,0.5,,100,,25,1c005bcbef3a2cc7c3c99f5013487a5a902fde9aca9c42e62b9da2eeda38c14c,False,reconstruct,4cea95795e2341a20777d6362e0c94658044568247045d7b4a4297ccff0bb981
C104,solomon_txt,fe333e81625ee5a75bb2ce98c2c9f356d07289237865b62a23ba2f32f0de5ee2,0,1,ok,True,10,1395233,1395.233,0.079476,0.500428,1,time_limit,solomon_exact_1000_v1,,,,,,0.5,,100,,25,1c005bcbef3a2cc7c3c99f5013487a5a902fde9aca9c42e62b9da2eeda38c14c,False,reconstruct,4cea95795e2341a20777d6362e0c94658044568247045d7b4a4297ccff0bb981
C104,solomon_txt,fe333e81625ee5a75bb2ce98c2c9f356d07289237865b62a23ba2f32f0de5ee2,1,1,ok,True,10,1402161,1402.161,0.079079,0.500398,1,time_limit,solomon_exact_1000_v1,,,,,,0.5,,100,,25,1c005bcbef3a2cc7c3c99f5013487a5a902fde9aca9c42e62b9da2eeda38c14c,False,reconstruct,4cea95795e2341a20777d6362e0c94658044568247045d7b4a4297ccff0bb981
C104,solomon_txt,fe333e81625ee5a75bb2ce98c2c9f356d07289237865b62a23ba2f32f0de5ee2,2,1,ok,True,10,1467600,1467.6,0.078422,0.500418,1,time_limit,solomon_exact_1000_v1,,,,,,0.5,,100,,25,1c005bcbef3a2cc7c3c99f5013487a5a902fde9aca9c42e62b9da2eeda38c14c,False,reconstruct,4cea95795e2341a20777d6362e0c94658044568247045d7b4a4297ccff0bb981
C105,solomon_txt,9a877a3a6fb922e7ad9297cc0308bc8a5652cb1495a0228ee6b81b2d938aa29f,0,1,ok,True,10,949422,949.422,0.067996,0.500453,1,time_limit,solomon_exact_1000_v1,,,,,,0.5,,100,,25,1c005bcbef3a2cc7c3c99f5013487a5a902fde9aca9c42e62b9da2eeda38c14c,False,reconstruct,4cea95795e2341a20777d6362e0c94658044568247045d7b4a4297ccff0bb981
C105,solomon_txt,9a877a3a6fb922e7ad9297cc0308bc8a5652cb1495a0228ee6b81b2d938aa29f,1,1,ok,True,10,920905,920.905,0.06723,0.500471,1,time_limit,solomon_exact_1000_v1,,,,,,0.5,,100,,25,1c005bcbef3a2cc7c3c99f5013487a5a902fde9aca9c42e62b9da2eeda38c14c,False,reconstruct,4cea95795e2341a20777d6362e0c94658044568247045d7b4a4297ccff0bb981
C105,solomon_txt,9a877a3a6fb922e7ad9297cc0308bc8a5652cb1495a0228ee6b81b2d938aa29f,2,1,ok,True,10,874895,874.895,0.067943,0.5006,1,time_limit,solomon_exact_1000_v1,,,,,,0.5,,100,,25,1c005bcbef3a2cc7c3c99f5013487a5a902fde9aca9c42e62b9da2eeda38c14c,False,reconstruct,4cea95795e2341a20777d6362e0c94658044568247045d7b4a4297ccff0bb981
C106,solomon_txt,ec9b419bed53e9c607cce76e8c6bc59feb6e4d17646905601f008a4141ec7b40,0,1,ok,True,10,1072424,1072.424,0.068705,0.500463,1,time_limit,solomon_exact_1000_v1,,,,,,0.5,,100,,25,1c005bcbef3a2cc7c3c99f5013487a5a902fde9aca9c42e62b9da2eeda38c14c,False,reconstruct,4cea95795e2341a20777d6362e0c94658044568247045d7b4a4297ccff0bb981
C106,solomon_txt,ec9b419bed53e9c607cce76e8c6bc59feb6e4d17646905601f008a4141ec7b40,1,1,ok,True,10,992685,992.685,0.067417,0.500486,1,time_limit,solomon_exact_1000_v1,,,,,,0.5,,100,,25,1c005bcbef3a2cc7c3c99f5013487a5a902fde9aca9c42e62b9da2eeda38c14c,False,reconstruct,4cea95795e2341a20777d6362e0c94658044568247045d7b4a4297ccff0bb981
C106,solomon_txt,ec9b419bed53e9c607cce76e8c6bc59feb6e4d17646905601f008a4141ec7b40,2,1,ok,True,10,1037941,1037.941,0.065742,0.500443,1,time_limit,solomon_exact_1000_v1,,,,,,0.5,,100,,25,1c005bcbef3a2cc7c3c99f5013487a5a902fde9aca9c42e62b9da2eeda38c14c,False,reconstruct,4cea95795e2341a20777d6362e0c94658044568247045d7b4a4297ccff0bb981
C107,solomon_txt,cb3cdc10d812fa17370eb52cb753b6b0574426dc6fabeb8b9076ed750ddf05ca,0,1,ok,True,10,1019069,1019.069,0.069469,0.500483,1,time_limit,solomon_exact_1000_v1,,,,,,0.5,,100,,25,1c005bcbef3a2cc7c3c99f5013487a5a902fde9aca9c42e62b9da2eeda38c14c,False,reconstruct,4cea95795e2341a20777d6362e0c94658044568247045d7b4a4297ccff0bb981
C107,solomon_txt,cb3cdc10d812fa17370eb52cb753b6b0574426dc6fabeb8b9076ed750ddf05ca,1,1,ok,True,10,922315,922.315,0.068582,0.500458,1,time_limit,solomon_exact_1000_v1,,,,,,0.5,,100,,25,1c005bcbef3a2cc7c3c99f5013487a5a902fde9aca9c42e62b9da2eeda38c14c,False,reconstruct,4cea95795e2341a20777d6362e0c94658044568247045d7b4a4297ccff0bb981
C107,solomon_txt,cb3cdc10d812fa17370eb52cb753b6b0574426dc6fabeb8b9076ed750ddf05ca,2,1,ok,True,10,892555,892.555,0.07009,0.500407,1,time_limit,solomon_exact_1000_v1,,,,,,0.5,,100,,25,1c005bcbef3a2cc7c3c99f5013487a5a902fde9aca9c42e62b9da2eeda38c14c,False,reconstruct,4cea95795e2341a20777d6362e0c94658044568247045d7b4a4297ccff0bb981
C108,solomon_txt,b8c7e48f292b66b283d8e71511e3a4eccaa4c4bc66b9313c399e73b0226f5953,0,1,ok,True,10,1358317,1358.317,0.065882,0.500401,1,time_limit,solomon_exact_1000_v1,,,,,,0.5,,100,,25,1c005bcbef3a2cc7c3c99f5013487a5a902fde9aca9c42e62b9da2eeda38c14c,False,reconstruct,4cea95795e2341a20777d6362e0c94658044568247045d7b4a4297ccff0bb981
C108,solomon_txt,b8c7e48f292b66b283d8e71511e3a4eccaa4c4bc66b9313c399e73b0226f5953,1,1,ok,True,10,1365869,1365.869,0.067557,0.500415,1,time_limit,solomon_exact_1000_v1,,,,,,0.5,,100,,25,1c005bcbef3a2cc7c3c99f5013487a5a902fde9aca9c42e62b9da2eeda38c14c,False,reconstruct,4cea95795e2341a20777d6362e0c94658044568247045d7b4a4297ccff0bb981
C108,solomon_txt,b8c7e48f292b66b283d8e71511e3a4eccaa4c4bc66b9313c399e73b0226f5953,2,1,ok,True,10,1207324,1207.324,0.066885,0.500414,2,time_limit,solomon_exact_1000_v1,,,,,,0.5,,100,,25,1c005bcbef3a2cc7c3c99f5013487a5a902fde9aca9c42e62b9da2eeda38c14c,False,reconstruct,4cea95795e2341a20777d6362e0c94658044568247045d7b4a4297ccff0bb981
C109,solomon_txt,72d8489e14bf1bb18456f0b21b01110506cbcc2354719dae8481b480150f142a,0,1,ok,True,10,1321055,1321.055,0.078576,0.500449,1,time_limit,solomon_exact_1000_v1,,,,,,0.5,,100,,25,1c005bcbef3a2cc7c3c99f5013487a5a902fde9aca9c42e62b9da2eeda38c14c,False,reconstruct,4cea95795e2341a20777d6362e0c94658044568247045d7b4a4297ccff0bb981
C109,solomon_txt,72d8489e14bf1bb18456f0b21b01110506cbcc2354719dae8481b480150f142a,1,1,ok,True,10,1326293,1326.293,0.073022,0.500444,1,time_limit,solomon_exact_1000_v1,,,,,,0.5,,100,,25,1c005bcbef3a2cc7c3c99f5013487a5a902fde9aca9c42e62b9da2eeda38c14c,False,reconstruct,4cea95795e2341a20777d6362e0c94658044568247045d7b4a4297ccff0bb981
C109,solomon_txt,72d8489e14bf1bb18456f0b21b01110506cbcc2354719dae8481b480150f142a,2,1,ok,True,10,1320706,1320.706,0.073216,0.500426,1,time_limit,solomon_exact_1000_v1,,,,,,0.5,,100,,25,1c005bcbef3a2cc7c3c99f5013487a5a902fde9aca9c42e62b9da2eeda38c14c,False,reconstruct,4cea95795e2341a20777d6362e0c94658044568247045d7b4a4297ccff0bb981
C201,solomon_txt,d8d9834087ae2326fa23a8510533060233dc9fb481873be60956eb26a880ad63,0,1,ok,True,3,626335,626.335,0.17768,0.500431,1,time_limit,solomon_exact_1000_v1,,,,,,0.5,,100,,25,1c005bcbef3a2cc7c3c99f5013487a5a902fde9aca9c42e62b9da2eeda38c14c,False,reconstruct,4cea95795e2341a20777d6362e0c94658044568247045d7b4a4297ccff0bb981
C201,solomon_txt,d8d9834087ae2326fa23a8510533060233dc9fb481873be60956eb26a880ad63,1,1,ok,True,3,623569,623.569,0.174449,0.500379,1,time_limit,solomon_exact_1000_v1,,,,,,0.5,,100,,25,1c005bcbef3a2cc7c3c99f5013487a5a902fde9aca9c42e62b9da2eeda38c14c,False,reconstruct,4cea95795e2341a20777d6362e0c94658044568247045d7b4a4297ccff0bb981
C201,solomon_txt,d8d9834087ae2326fa23a8510533060233dc9fb481873be60956eb26a880ad63,2,1,ok,True,3,623569,623.569,0.179852,0.50037,1,time_limit,solomon_exact_1000_v1,,,,,,0.5,,100,,25,1c005bcbef3a2cc7c3c99f5013487a5a902fde9aca9c42e62b9da2eeda38c14c,False,reconstruct,4cea95795e2341a20777d6362e0c94658044568247045d7b4a4297ccff0bb981
C202,solomon_txt,dfc8ecad79f6c7ffb096cd36994143569f0babe284d5ad194683271d81063772,0,1,ok,True,3,718254,718.254,0.185922,0.500392,1,time_limit,solomon_exact_1000_v1,,,,,,0.5,,100,,25,1c005bcbef3a2cc7c3c99f5013487a5a902fde9aca9c42e62b9da2eeda38c14c,False,reconstruct,4cea95795e2341a20777d6362e0c94658044568247045d7b4a4297ccff0bb981
C202,solomon_txt,dfc8ecad79f6c7ffb096cd36994143569f0babe284d5ad194683271d81063772,1,1,ok,True,3,717363,717.363,0.16875,0.500367,1,time_limit,solomon_exact_1000_v1,,,,,,0.5,,100,,25,1c005bcbef3a2cc7c3c99f5013487a5a902fde9aca9c42e62b9da2eeda38c14c,False,reconstruct,4cea95795e2341a20777d6362e0c94658044568247045d7b4a4297ccff0bb981
C202,solomon_txt,dfc8ecad79f6c7ffb096cd36994143569f0babe284d5ad194683271d81063772,2,1,ok,True,3,717363,717.363,0.16647,0.500403,1,time_limit,solomon_exact_1000_v1,,,,,,0.5,,100,,25,1c005bcbef3a2cc7c3c99f5013487a5a902fde9aca9c42e62b9da2eeda38c14c,False,reconstruct,4cea95795e2341a20777d6362e0c94658044568247045d7b4a4297ccff0bb981
C203,solomon_txt,2b79eea2962a848cb29f6153d4fb4ae725d35507686d937da6643b33fcd85062,0,1,ok,True,3,625423,625.423,0.159494,0.500393,1,time_limit,solomon_exact_1000_v1,,,,,,0.5,,100,,25,1c005bcbef3a2cc7c3c99f5013487a5a902fde9aca9c42e62b9da2eeda38c14c,False,reconstruct,4cea95795e2341a20777d6362e0c94658044568247045d7b4a4297ccff0bb981
C203,solomon_txt,2b79eea2962a848cb29f6153d4fb4ae725d35507686d937da6643b33fcd85062,1,1,ok,True,3,716777,716.777,0.165643,0.500426,1,time_limit,solomon_exact_1000_v1,,,,,,0.5,,100,,25,1c005bcbef3a2cc7c3c99f5013487a5a902fde9aca9c42e62b9da2eeda38c14c,False,reconstruct,4cea95795e2341a20777d6362e0c94658044568247045d7b4a4297ccff0bb981
C203,solomon_txt,2b79eea2962a848cb29f6153d4fb4ae725d35507686d937da6643b33fcd85062,2,1,ok,True,3,670577,670.577,0.166634,0.50041,1,time_limit,solomon_exact_1000_v1,,,,,,0.5,,100,,25,1c005bcbef3a2cc7c3c99f5013487a5a902fde9aca9c42e62b9da2eeda38c14c,False,reconstruct,4cea95795e2341a20777d6362e0c94658044568247045d7b4a4297ccff0bb981
C204,solomon_txt,4331b2744d34e32c2987e3fe8a82b782a2039d757d2aac818f7e0fd21117bfb4,0,1,ok,True,3,942593,942.593,0.174155,0.500399,1,time_limit,solomon_exact_1000_v1,,,,,,0.5,,100,,25,1c005bcbef3a2cc7c3c99f5013487a5a902fde9aca9c42e62b9da2eeda38c14c,False,reconstruct,4cea95795e2341a20777d6362e0c94658044568247045d7b4a4297ccff0bb981
C204,solomon_txt,4331b2744d34e32c2987e3fe8a82b782a2039d757d2aac818f7e0fd21117bfb4,1,1,ok,True,3,774487,774.487,0.18293,0.500451,1,time_limit,solomon_exact_1000_v1,,,,,,0.5,,100,,25,1c005bcbef3a2cc7c3c99f5013487a5a902fde9aca9c42e62b9da2eeda38c14c,False,reconstruct,4cea95795e2341a20777d6362e0c94658044568247045d7b4a4297ccff0bb981
C204,solomon_txt,4331b2744d34e32c2987e3fe8a82b782a2039d757d2aac818f7e0fd21117bfb4,2,1,ok,True,3,736631,736.631,0.175742,0.500414,1,time_limit,solomon_exact_1000_v1,,,,,,0.5,,100,,25,1c005bcbef3a2cc7c3c99f5013487a5a902fde9aca9c42e62b9da2eeda38c14c,False,reconstruct,4cea95795e2341a20777d6362e0c94658044568247045d7b4a4297ccff0bb981
C205,solomon_txt,15be2bb8c3e4ad99a79d1e7ee0472223feb95a4f423d010e032bda0a87266ca5,0,1,ok,True,3,735813,735.813,0.165682,0.500412,1,time_limit,solomon_exact_1000_v1,,,,,,0.5,,100,,25,1c005bcbef3a2cc7c3c99f5013487a5a902fde9aca9c42e62b9da2eeda38c14c,False,reconstruct,4cea95795e2341a20777d6362e0c94658044568247045d7b4a4297ccff0bb981
C205,solomon_txt,15be2bb8c3e4ad99a79d1e7ee0472223feb95a4f423d010e032bda0a87266ca5,1,1,ok,True,3,651569,651.569,0.164377,0.500385,1,time_limit,solomon_exact_1000_v1,,,,,,0.5,,100,,25,1c005bcbef3a2cc7c3c99f5013487a5a902fde9aca9c42e62b9da2eeda38c14c,False,reconstruct,4cea95795e2341a20777d6362e0c94658044568247045d7b4a4297ccff0bb981
C205,solomon_txt,15be2bb8c3e4ad99a79d1e7ee0472223feb95a4f423d010e032bda0a87266ca5,2,1,ok,True,3,645504,645.504,0.163829,0.500445,1,time_limit,solomon_exact_1000_v1,,,,,,0.5,,100,,25,1c005bcbef3a2cc7c3c99f5013487a5a902fde9aca9c42e62b9da2eeda38c14c,False,reconstruct,4cea95795e2341a20777d6362e0c94658044568247045d7b4a4297ccff0bb981
C206,solomon_txt,745b6c7042707ffbbfc4d681ee02a84431425f1dfb3c8aa85ecf003fec8f7e53,0,1,ok,True,3,653578,653.578,0.169059,0.500471,1,time_limit,solomon_exact_1000_v1,,,,,,0.5,,100,,25,1c005bcbef3a2cc7c3c99f5013487a5a902fde9aca9c42e62b9da2eeda38c14c,False,reconstruct,4cea95795e2341a20777d6362e0c94658044568247045d7b4a4297ccff0bb981
C206,solomon_txt,745b6c7042707ffbbfc4d681ee02a84431425f1dfb3c8aa85ecf003fec8f7e53,1,1,ok,True,3,911170,911.17,0.184016,0.500379,1,time_limit,solomon_exact_1000_v1,,,,,,0.5,,100,,25,1c005bcbef3a2cc7c3c99f5013487a5a902fde9aca9c42e62b9da2eeda38c14c,False,reconstruct,4cea95795e2341a20777d6362e0c94658044568247045d7b4a4297ccff0bb981
C206,solomon_txt,745b6c7042707ffbbfc4d681ee02a84431425f1dfb3c8aa85ecf003fec8f7e53,2,1,ok,True,3,661153,661.153,0.179561,0.500371,1,time_limit,solomon_exact_1000_v1,,,,,,0.5,,100,,25,1c005bcbef3a2cc7c3c99f5013487a5a902fde9aca9c42e62b9da2eeda38c14c,False,reconstruct,4cea95795e2341a20777d6362e0c94658044568247045d7b4a4297ccff0bb981
C207,solomon_txt,a33f03570a944c8a6d185fd6a173e66c68e67c399a4958b2d5b6d49533ace4a4,0,1,ok,True,3,773023,773.023,0.185724,0.500397,1,time_limit,solomon_exact_1000_v1,,,,,,0.5,,100,,25,1c005bcbef3a2cc7c3c99f5013487a5a902fde9aca9c42e62b9da2eeda38c14c,False,reconstruct,4cea95795e2341a20777d6362e0c94658044568247045d7b4a4297ccff0bb981
C207,solomon_txt,a33f03570a944c8a6d185fd6a173e66c68e67c399a4958b2d5b6d49533ace4a4,1,1,ok,True,3,756163,756.163,0.185861,0.500402,1,time_limit,solomon_exact_1000_v1,,,,,,0.5,,100,,25,1c005bcbef3a2cc7c3c99f5013487a5a902fde9aca9c42e62b9da2eeda38c14c,False,reconstruct,4cea95795e2341a20777d6362e0c94658044568247045d7b4a4297ccff0bb981
C207,solomon_txt,a33f03570a944c8a6d185fd6a173e66c68e67c399a4958b2d5b6d49533ace4a4,2,1,ok,True,3,632687,632.687,0.185941,0.500404,1,time_limit,solomon_exact_1000_v1,,,,,,0.5,,100,,25,1c005bcbef3a2cc7c3c99f5013487a5a902fde9aca9c42e62b9da2eeda38c14c,False,reconstruct,4cea95795e2341a20777d6362e0c94658044568247045d7b4a4297ccff0bb981
C208,solomon_txt,1c2f2381b8743680dbeb34322869cbf5a6cdd8c281f4bcffdb99b533e601874b,0,1,ok,True,4,957831,957.831,0.182958,0.500248,1,time_limit,solomon_exact_1000_v1,,,,,,0.5,,100,,25,1c005bcbef3a2cc7c3c99f5013487a5a902fde9aca9c42e62b9da2eeda38c14c,False,reconstruct,4cea95795e2341a20777d6362e0c94658044568247045d7b4a4297ccff0bb981
C208,solomon_txt,1c2f2381b8743680dbeb34322869cbf5a6cdd8c281f4bcffdb99b533e601874b,1,1,ok,True,4,957831,957.831,0.177288,0.500239,1,time_limit,solomon_exact_1000_v1,,,,,,0.5,,100,,25,1c005bcbef3a2cc7c3c99f5013487a5a902fde9aca9c42e62b9da2eeda38c14c,False,reconstruct,4cea95795e2341a20777d6362e0c94658044568247045d7b4a4297ccff0bb981
C208,solomon_txt,1c2f2381b8743680dbeb34322869cbf5a6cdd8c281f4bcffdb99b533e601874b,2,1,ok,True,3,668515,668.515,0.187576,0.50037,1,time_limit,solomon_exact_1000_v1,,,,,,0.5,,100,,25,1c005bcbef3a2cc7c3c99f5013487a5a902fde9aca9c42e62b9da2eeda38c14c,False,reconstruct,4cea95795e2341a20777d6362e0c94658044568247045d7b4a4297ccff0bb981
R101,solomon_txt,3f3655182bc0fe44ce5de65fdcd2ee2f9c7fb9ed055f923635151d9d6f76d3ed,0,1,ok,True,22,1899753,1899.753,0.050187,0.500413,1,time_limit,solomon_exact_1000_v1,,,,,,0.5,,100,,25,1c005bcbef3a2cc7c3c99f5013487a5a902fde9aca9c42e62b9da2eeda38c14c,False,reconstruct,4cea95795e2341a20777d6362e0c94658044568247045d7b4a4297ccff0bb981
R101,solomon_txt,3f3655182bc0fe44ce5de65fdcd2ee2f9c7fb9ed055f923635151d9d6f76d3ed,1,1,ok,True,21,1900515,1900.515,0.052376,0.50044,1,time_limit,solomon_exact_1000_v1,,,,,,0.5,,100,,25,1c005bcbef3a2cc7c3c99f5013487a5a902fde9aca9c42e62b9da2eeda38c14c,False,reconstruct,4cea95795e2341a20777d6362e0c94658044568247045d7b4a4297ccff0bb981
R101,solomon_txt,3f3655182bc0fe44ce5de65fdcd2ee2f9c7fb9ed055f923635151d9d6f76d3ed,2,1,ok,True,21,1852524,1852.524,0.054256,0.500443,1,time_limit,solomon_exact_1000_v1,,,,,,0.5,,100,,25,1c005bcbef3a2cc7c3c99f5013487a5a902fde9aca9c42e62b9da2eeda38c14c,False,reconstruct,4cea95795e2341a20777d6362e0c94658044568247045d7b4a4297ccff0bb981
R102,solomon_txt,eeb23171b7e4fbfc80bf000ca770329109900fbd7273fa8b9d1f95b7dfe683c3,0,1,ok,True,19,1640559,1640.559,0.059361,0.500422,1,time_limit,solomon_exact_1000_v1,,,,,,0.5,,100,,25,1c005bcbef3a2cc7c3c99f5013487a5a902fde9aca9c42e62b9da2eeda38c14c,False,reconstruct,4cea95795e2341a20777d6362e0c94658044568247045d7b4a4297ccff0bb981
R102,solomon_txt,eeb23171b7e4fbfc80bf000ca770329109900fbd7273fa8b9d1f95b7dfe683c3,1,1,ok,True,19,1674630,1674.63,0.058889,0.5005,1,time_limit,solomon_exact_1000_v1,,,,,,0.5,,100,,25,1c005bcbef3a2cc7c3c99f5013487a5a902fde9aca9c42e62b9da2eeda38c14c,False,reconstruct,4cea95795e2341a20777d6362e0c94658044568247045d7b4a4297ccff0bb981
R102,solomon_txt,eeb23171b7e4fbfc80bf000ca770329109900fbd7273fa8b9d1f95b7dfe683c3,2,1,ok,True,19,1606305,1606.305,0.05647,0.500484,1,time_limit,solomon_exact_1000_v1,,,,,,0.5,,100,,25,1c005bcbef3a2cc7c3c99f5013487a5a902fde9aca9c42e62b9da2eeda38c14c,False,reconstruct,4cea95795e2341a20777d6362e0c94658044568247045d7b4a4297ccff0bb981
R103,solomon_txt,1f833e8648ba39e0edc76754fb49e81777a7175cf7b084c3f60a12607bfb3991,0,1,ok,True,14,1507486,1507.486,0.064162,0.500402,1,time_limit,solomon_exact_1000_v1,,,,,,0.5,,100,,25,1c005bcbef3a2cc7c3c99f5013487a5a902fde9aca9c42e62b9da2eeda38c14c,False,reconstruct,4cea95795e2341a20777d6362e0c94658044568247045d7b4a4297ccff0bb981
R103,solomon_txt,1f833e8648ba39e0edc76754fb49e81777a7175cf7b084c3f60a12607bfb3991,1,1,ok,True,14,1507486,1507.486,0.06124,0.500389,1,time_limit,solomon_exact_1000_v1,,,,,,0.5,,100,,25,1c005bcbef3a2cc7c3c99f5013487a5a902fde9aca9c42e62b9da2eeda38c14c,False,reconstruct,4cea95795e2341a20777d6362e0c94658044568247045d7b4a4297ccff0bb981
R103,solomon_txt,1f833e8648ba39e0edc76754fb49e81777a7175cf7b084c3f60a12607bfb3991,2,1,ok,True,14,1504257,1504.257,0.06221,0.500406,1,time_limit,solomon_exact_1000_v1,,,,,,0.5,,100,,25,1c005bcbef3a2cc7c3c99f5013487a5a902fde9aca9c42e62b9da2eeda38c14c,False,reconstruct,4cea95795e2341a20777d6362e0c94658044568247045d7b4a4297ccff0bb981
R104,solomon_txt,dd087124311d91facd81736debbfc7d0f351d27942917e2d76cbafd01e6183b7,0,1,ok,True,11,1159238,1159.238,0.075105,0.500392,2,time_limit,solomon_exact_1000_v1,,,,,,0.5,,100,,25,1c005bcbef3a2cc7c3c99f5013487a5a902fde9aca9c42e62b9da2eeda38c14c,False,reconstruct,4cea95795e2341a20777d6362e0c94658044568247045d7b4a4297ccff0bb981
R104,solomon_txt,dd087124311d91facd81736debbfc7d0f351d27942917e2d76cbafd01e6183b7,1,1,ok,True,11,1210304,1210.304,0.074992,0.50038,1,time_limit,solomon_exact_1000_v1,,,,,,0.5,,100,,25,1c005bcbef3a2cc7c3c99f5013487a5a902fde9aca9c42e62b9da2eeda38c14c,False,reconstruct,4cea95795e2341a20777d6362e0c94658044568247045d7b4a4297ccff0bb981
R104,solomon_txt,dd087124311d91facd81736debbfc7d0f351d27942917e2d76cbafd01e6183b7,2,1,ok,True,11,1321819,1321.819,0.074082,0.500423,1,time_limit,solomon_exact_1000_v1,,,,,,0.5,,100,,25,1c005bcbef3a2cc7c3c99f5013487a5a902fde9aca9c42e62b9da2eeda38c14c,False,reconstruct,4cea95795e2341a20777d6362e0c94658044568247045d7b4a4297ccff0bb981
R105,solomon_txt,ff1a614f8458d6339b3f54d8e4ca2dcf0a35c96012f477f6a819ae481de85ca4,0,1,ok,True,16,1693787,1693.787,0.056623,0.500409,1,time_limit,solomon_exact_1000_v1,,,,,,0.5,,100,,25,1c005bcbef3a2cc7c3c99f5013487a5a902fde9aca9c42e62b9da2eeda38c14c,False,reconstruct,4cea95795e2341a20777d6362e0c94658044568247045d7b4a4297ccff0bb981
R105,solomon_txt,ff1a614f8458d6339b3f54d8e4ca2dcf0a35c96012f477f6a819ae481de85ca4,1,1,ok,True,17,1669389,1669.389,0.058038,0.500398,1,time_limit,solomon_exact_1000_v1,,,,,,0.5,,100,,25,1c005bcbef3a2cc7c3c99f5013487a5a902fde9aca9c42e62b9da2eeda38c14c,False,reconstruct,4cea95795e2341a20777d6362e0c94658044568247045d7b4a4297ccff0bb981
R105,solomon_txt,ff1a614f8458d6339b3f54d8e4ca2dcf0a35c96012f477f6a819ae481de85ca4,2,1,ok,True,16,1694139,1694.139,0.055948,0.500492,1,time_limit,solomon_exact_1000_v1,,,,,,0.5,,100,,25,1c005bcbef3a2cc7c3c99f5013487a5a902fde9aca9c42e62b9da2eeda38c14c,False,reconstruct,4cea95795e2341a20777d6362e0c94658044568247045d7b4a4297ccff0bb981
R106,solomon_txt,31b8783d177f0fbe1c84b8f085fbf28b1989a80e4c00f49f5654ebef99835e97,0,1,ok,True,14,1539783,1539.783,0.061572,0.500406,1,time_limit,solomon_exact_1000_v1,,,,,,0.5,,100,,25,1c005bcbef3a2cc7c3c99f5013487a5a902fde9aca9c42e62b9da2eeda38c14c,False,reconstruct,4cea95795e2341a20777d6362e0c94658044568247045d7b4a4297ccff0bb981
R106,solomon_txt,31b8783d177f0fbe1c84b8f085fbf28b1989a80e4c00f49f5654ebef99835e97,1,1,ok,True,14,1641031,1641.031,0.058372,0.500396,1,time_limit,solomon_exact_1000_v1,,,,,,0.5,,100,,25,1c005bcbef3a2cc7c3c99f5013487a5a902fde9aca9c42e62b9da2eeda38c14c,False,reconstruct,4cea95795e2341a20777d6362e0c94658044568247045d7b4a4297ccff0bb981
R106,solomon_txt,31b8783d177f0fbe1c84b8f085fbf28b1989a80e4c00f49f5654ebef99835e97,2,1,ok,True,14,1526260,1526.26,0.058029,0.500389,1,time_limit,solomon_exact_1000_v1,,,,,,0.5,,100,,25,1c005bcbef3a2cc7c3c99f5013487a5a902fde9aca9c42e62b9da2eeda38c14c,False,reconstruct,4cea95795e2341a20777d6362e0c94658044568247045d7b4a4297ccff0bb981
R107,solomon_txt,dba2b257a1d43d7c78d5e3a9f09091a2b125d3fbec78c0c8a1782add669a1275,0,1,ok,True,12,1265608,1265.608,0.067144,0.500483,1,time_limit,solomon_exact_1000_v1,,,,,,0.5,,100,,25,1c005bcbef3a2cc7c3c99f5013487a5a902fde9aca9c42e62b9da2eeda38c14c,False,reconstruct,4cea95795e2341a20777d6362e0c94658044568247045d7b4a4297ccff0bb981
R107,solomon_txt,dba2b257a1d43d7c78d5e3a9f09091a2b125d3fbec78c0c8a1782add669a1275,1,1,ok,True,12,1502317,1502.317,0.066944,0.500408,1,time_limit,solomon_exact_1000_v1,,,,,,0.5,,100,,25,1c005bcbef3a2cc7c3c99f5013487a5a902fde9aca9c42e62b9da2eeda38c14c,False,reconstruct,4cea95795e2341a20777d6362e0c94658044568247045d7b4a4297ccff0bb981
R107,solomon_txt,dba2b257a1d43d7c78d5e3a9f09091a2b125d3fbec78c0c8a1782add669a1275,2,1,ok,True,12,1456866,1456.866,0.070048,0.500385,1,time_limit,solomon_exact_1000_v1,,,,,,0.5,,100,,25,1c005bcbef3a2cc7c3c99f5013487a5a902fde9aca9c42e62b9da2eeda38c14c,False,reconstruct,4cea95795e2341a20777d6362e0c94658044568247045d7b4a4297ccff0bb981
R108,solomon_txt,65cae09f4099b7e70d2b723e0e3a30aa1494c75a367bb894a3fd13241ee639d4,0,1,ok,True,11,1315436,1315.436,0.074001,0.500415,1,time_limit,solomon_exact_1000_v1,,,,,,0.5,,100,,25,1c005bcbef3a2cc7c3c99f5013487a5a902fde9aca9c42e62b9da2eeda38c14c,False,reconstruct,4cea95795e2341a20777d6362e0c94658044568247045d7b4a4297ccff0bb981
R108,solomon_txt,65cae09f4099b7e70d2b723e0e3a30aa1494c75a367bb894a3fd13241ee639d4,1,1,ok,True,10,1128679,1128.679,0.073805,0.500413,1,time_limit,solomon_exact_1000_v1,,,,,,0.5,,100,,25,1c005bcbef3a2cc7c3c99f5013487a5a902fde9aca9c42e62b9da2eeda38c14c,False,reconstruct,4cea95795e2341a20777d6362e0c94658044568247045d7b4a4297ccff0bb981
R108,solomon_txt,65cae09f4099b7e70d2b723e0e3a30aa1494c75a367bb894a3fd13241ee639d4,2,1,ok,True,11,1351941,1351.941,0.069151,0.500416,1,time_limit,solomon_exact_1000_v1,,,,,,0.5,,100,,25,1c005bcbef3a2cc7c3c99f5013487a5a902fde9aca9c42e62b9da2eeda38c14c,False,reconstruct,4cea95795e2341a20777d6362e0c94658044568247045d7b4a4297ccff0bb981
R109,solomon_txt,4ef24030e8c48de5f85dcd90c5739186004fc8dec87533b6467013cf996f4777,0,1,ok,True,14,1518740,1518.74,0.059278,0.500398,1,time_limit,solomon_exact_1000_v1,,,,,,0.5,,100,,25,1c005bcbef3a2cc7c3c99f5013487a5a902fde9aca9c42e62b9da2eeda38c14c,False,reconstruct,4cea95795e2341a20777d6362e0c94658044568247045d7b4a4297ccff0bb981
R109,solomon_txt,4ef24030e8c48de5f85dcd90c5739186004fc8dec87533b6467013cf996f4777,1,1,ok,True,15,1559208,1559.208,0.054793,0.500397,1,time_limit,solomon_exact_1000_v1,,,,,,0.5,,100,,25,1c005bcbef3a2cc7c3c99f5013487a5a902fde9aca9c42e62b9da2eeda38c14c,False,reconstruct,4cea95795e2341a20777d6362e0c94658044568247045d7b4a4297ccff0bb981
R109,solomon_txt,4ef24030e8c48de5f85dcd90c5739186004fc8dec87533b6467013cf996f4777,2,1,ok,True,14,1517484,1517.484,0.056385,0.500399,1,time_limit,solomon_exact_1000_v1,,,,,,0.5,,100,,25,1c005bcbef3a2cc7c3c99f5013487a5a902fde9aca9c42e62b9da2eeda38c14c,False,reconstruct,4cea95795e2341a20777d6362e0c94658044568247045d7b4a4297ccff0bb981
R110,solomon_txt,14cb53cb99af61d3d708f07564b9a72d146e7c26b4f10507cfaf3bc828f34bfa,0,1,ok,True,13,1561904,1561.904,0.062031,0.500384,1,time_limit,solomon_exact_1000_v1,,,,,,0.5,,100,,25,1c005bcbef3a2cc7c3c99f5013487a5a902fde9aca9c42e62b9da2eeda38c14c,False,reconstruct,4cea95795e2341a20777d6362e0c94658044568247045d7b4a4297ccff0bb981
R110,solomon_txt,14cb53cb99af61d3d708f07564b9a72d146e7c26b4f10507cfaf3bc828f34bfa,1,1,ok,True,13,1502973,1502.973,0.062827,0.500403,1,time_limit,solomon_exact_1000_v1,,,,,,0.5,,100,,25,1c005bcbef3a2cc7c3c99f5013487a5a902fde9aca9c42e62b9da2eeda38c14c,False,reconstruct,4cea95795e2341a20777d6362e0c94658044568247045d7b4a4297ccff0bb981
R110,solomon_txt,14cb53cb99af61d3d708f07564b9a72d146e7c26b4f10507cfaf3bc828f34bfa,2,1,ok,True,13,1564564,1564.564,0.06307,0.500385,1,time_limit,solomon_exact_1000_v1,,,,,,0.5,,100,,25,1c005bcbef3a2cc7c3c99f5013487a5a902fde9aca9c42e62b9da2eeda38c14c,False,reconstruct,4cea95795e2341a20777d6362e0c94658044568247045d7b4a4297ccff0bb981
R111,solomon_txt,3d94a73b1f2fe8aae4618b9d9ea254cff2e3924a6a841aa390096ec6c60f258d,0,1,ok,True,12,1400068,1400.068,0.065548,0.500419,1,time_limit,solomon_exact_1000_v1,,,,,,0.5,,100,,25,1c005bcbef3a2cc7c3c99f5013487a5a902fde9aca9c42e62b9da2eeda38c14c,False,reconstruct,4cea95795e2341a20777d6362e0c94658044568247045d7b4a4297ccff0bb981
R111,solomon_txt,3d94a73b1f2fe8aae4618b9d9ea254cff2e3924a6a841aa390096ec6c60f258d,1,1,ok,True,12,1412662,1412.662,0.066094,0.500513,1,time_limit,solomon_exact_1000_v1,,,,,,0.5,,100,,25,1c005bcbef3a2cc7c3c99f5013487a5a902fde9aca9c42e62b9da2eeda38c14c,False,reconstruct,4cea95795e2341a20777d6362e0c94658044568247045d7b4a4297ccff0bb981
R111,solomon_txt,3d94a73b1f2fe8aae4618b9d9ea254cff2e3924a6a841aa390096ec6c60f258d,2,1,ok,True,12,1307212,1307.212,0.064086,0.500372,1,time_limit,solomon_exact_1000_v1,,,,,,0.5,,100,,25,1c005bcbef3a2cc7c3c99f5013487a5a902fde9aca9c42e62b9da2eeda38c14c,False,reconstruct,4cea95795e2341a20777d6362e0c94658044568247045d7b4a4297ccff0bb981
R112,solomon_txt,a0e93149d59d30c356619891d192e86d0f16c3158e1dac3bd9f23c6deb718271,0,1,ok,True,12,1467289,1467.289,0.063539,0.500404,1,time_limit,solomon_exact_1000_v1,,,,,,0.5,,100,,25,1c005bcbef3a2cc7c3c99f5013487a5a902fde9aca9c42e62b9da2eeda38c14c,False,reconstruct,4cea95795e2341a20777d6362e0c94658044568247045d7b4a4297ccff0bb981
R112,solomon_txt,a0e93149d59d30c356619891d192e86d0f16c3158e1dac3bd9f23c6deb718271,1,1,ok,True,13,1424650,1424.65,0.0649,0.500619,1,time_limit,solomon_exact_1000_v1,,,,,,0.5,,100,,25,1c005bcbef3a2cc7c3c99f5013487a5a902fde9aca9c42e62b9da2eeda38c14c,False,reconstruct,4cea95795e2341a20777d6362e0c94658044568247045d7b4a4297ccff0bb981
R112,solomon_txt,a0e93149d59d30c356619891d192e86d0f16c3158e1dac3bd9f23c6deb718271,2,1,ok,True,12,1340286,1340.286,0.062048,0.500434,1,time_limit,solomon_exact_1000_v1,,,,,,0.5,,100,,25,1c005bcbef3a2cc7c3c99f5013487a5a902fde9aca9c42e62b9da2eeda38c14c,False,reconstruct,4cea95795e2341a20777d6362e0c94658044568247045d7b4a4297ccff0bb981
R201,solomon_txt,0be960ec998fff2cab0bdbcc5194c617e5ca0a79c82c5b32b1d4bd98b2cae210,0,1,ok,True,5,1726658,1726.658,0.131995,0.50024,1,time_limit,solomon_exact_1000_v1,,,,,,0.5,,100,,25,1c005bcbef3a2cc7c3c99f5013487a5a902fde9aca9c42e62b9da2eeda38c14c,False,reconstruct,4cea95795e2341a20777d6362e0c94658044568247045d7b4a4297ccff0bb981
R201,solomon_txt,0be960ec998fff2cab0bdbcc5194c617e5ca0a79c82c5b32b1d4bd98b2cae210,1,1,ok,True,4,1671680,1671.68,0.137245,0.500574,1,time_limit,solomon_exact_1000_v1,,,,,,0.5,,100,,25,1c005bcbef3a2cc7c3c99f5013487a5a902fde9aca9c42e62b9da2eeda38c14c,False,reconstruct,4cea95795e2341a20777d6362e0c94658044568247045d7b4a4297ccff0bb981
R201,solomon_txt,0be960ec998fff2cab0bdbcc5194c617e5ca0a79c82c5b32b1d4bd98b2cae210,2,1,ok,True,4,1605282,1605.282,0.129649,0.500381,1,time_limit,solomon_exact_1000_v1,,,,,,0.5,,100,,25,1c005bcbef3a2cc7c3c99f5013487a5a902fde9aca9c42e62b9da2eeda38c14c,False,reconstruct,4cea95795e2341a20777d6362e0c94658044568247045d7b4a4297ccff0bb981
R202,solomon_txt,1f7761bb33e9dd0c94837b32c72280296ffc283dba997379c7ad75ce00dffc8d,0,1,ok,True,4,1622244,1622.244,0.149931,0.500223,1,time_limit,solomon_exact_1000_v1,,,,,,0.5,,100,,25,1c005bcbef3a2cc7c3c99f5013487a5a902fde9aca9c42e62b9da2eeda38c14c,False,reconstruct,4cea95795e2341a20777d6362e0c94658044568247045d7b4a4297ccff0bb981
R202,solomon_txt,1f7761bb33e9dd0c94837b32c72280296ffc283dba997379c7ad75ce00dffc8d,1,1,ok,True,4,1622244,1622.244,0.147971,0.500365,1,time_limit,solomon_exact_1000_v1,,,,,,0.5,,100,,25,1c005bcbef3a2cc7c3c99f5013487a5a902fde9aca9c42e62b9da2eeda38c14c,False,reconstruct,4cea95795e2341a20777d6362e0c94658044568247045d7b4a4297ccff0bb981
R202,solomon_txt,1f7761bb33e9dd0c94837b32c72280296ffc283dba997379c7ad75ce00dffc8d,2,1,ok,True,4,1622145,1622.145,0.147013,0.50038,1,time_limit,solomon_exact_1000_v1,,,,,,0.5,,100,,25,1c005bcbef3a2cc7c3c99f5013487a5a902fde9aca9c42e62b9da2eeda38c14c,False,reconstruct,4cea95795e2341a20777d6362e0c94658044568247045d7b4a4297ccff0bb981
R203,solomon_txt,38c484db31bd7452a94d533e26a2348ef598df600b79d061d9ddc1c61466a731,0,1,ok,True,3,1241514,1241.514,0.157859,0.500396,1,time_limit,solomon_exact_1000_v1,,,,,,0.5,,100,,25,1c005bcbef3a2cc7c3c99f5013487a5a902fde9aca9c42e62b9da2eeda38c14c,False,reconstruct,4cea95795e2341a20777d6362e0c94658044568247045d7b4a4297ccff0bb981
R203,solomon_txt,38c484db31bd7452a94d533e26a2348ef598df600b79d061d9ddc1c61466a731,1,1,ok,True,3,1239999,1239.999,0.156216,0.50039,1,time_limit,solomon_exact_1000_v1,,,,,,0.5,,100,,25,1c005bcbef3a2cc7c3c99f5013487a5a902fde9aca9c42e62b9da2eeda38c14c,False,reconstruct,4cea95795e2341a20777d6362e0c94658044568247045d7b4a4297ccff0bb981
R203,solomon_txt,38c484db31bd7452a94d533e26a2348ef598df600b79d061d9ddc1c61466a731,2,1,ok,True,3,1204657,1204.657,0.16484,0.500376,1,time_limit,solomon_exact_1000_v1,,,,,,0.5,,100,,25,1c005bcbef3a2cc7c3c99f5013487a5a902fde9aca9c42e62b9da2eeda38c14c,False,reconstruct,4cea95795e2341a20777d6362e0c94658044568247045d7b4a4297ccff0bb981
R204,solomon_txt,5349e37d8df99bcbee1efa2e970d2662b5265e5f82fc609343a6af0a60257abf,0,1,ok,True,3,1331038,1331.038,0.20503,0.500182,1,time_limit,solomon_exact_1000_v1,,,,,,0.5,,100,,25,1c005bcbef3a2cc7c3c99f5013487a5a902fde9aca9c42e62b9da2eeda38c14c,False,reconstruct,4cea95795e2341a20777d6362e0c94658044568247045d7b4a4297ccff0bb981
R204,solomon_txt,5349e37d8df99bcbee1efa2e970d2662b5265e5f82fc609343a6af0a60257abf,1,1,ok,True,3,1331038,1331.038,0.203575,0.500195,1,time_limit,solomon_exact_1000_v1,,,,,,0.5,,100,,25,1c005bcbef3a2cc7c3c99f5013487a5a902fde9aca9c42e62b9da2eeda38c14c,False,reconstruct,4cea95795e2341a20777d6362e0c94658044568247045d7b4a4297ccff0bb981
R204,solomon_txt,5349e37d8df99bcbee1efa2e970d2662b5265e5f82fc609343a6af0a60257abf,2,1,ok,True,3,1331038,1331.038,0.199813,0.500253,1,time_limit,solomon_exact_1000_v1,,,,,,0.5,,100,,25,1c005bcbef3a2cc7c3c99f5013487a5a902fde9aca9c42e62b9da2eeda38c14c,False,reconstruct,4cea95795e2341a20777d6362e0c94658044568247045d7b4a4297ccff0bb981
R205,solomon_txt,1996bf8f10716fb8cfc1a585206a6a6e566f32347c1bb8f36c75ed6c887f77e3,0,1,ok,True,3,1303717,1303.717,0.159244,0.500191,1,time_limit,solomon_exact_1000_v1,,,,,,0.5,,100,,25,1c005bcbef3a2cc7c3c99f5013487a5a902fde9aca9c42e62b9da2eeda38c14c,False,reconstruct,4cea95795e2341a20777d6362e0c94658044568247045d7b4a4297ccff0bb981
R205,solomon_txt,1996bf8f10716fb8cfc1a585206a6a6e566f32347c1bb8f36c75ed6c887f77e3,1,1,ok,True,4,1700248,1700.248,0.165378,0.500231,1,time_limit,solomon_exact_1000_v1,,,,,,0.5,,100,,25,1c005bcbef3a2cc7c3c99f5013487a5a902fde9aca9c42e62b9da2eeda38c14c,False,reconstruct,4cea95795e2341a20777d6362e0c94658044568247045d7b4a4297ccff0bb981
R205,solomon_txt,1996bf8f10716fb8cfc1a585206a6a6e566f32347c1bb8f36c75ed6c887f77e3,2,1,ok,True,3,1408809,1408.809,0.159358,0.500344,1,time_limit,solomon_exact_1000_v1,,,,,,0.5,,100,,25,1c005bcbef3a2cc7c3c99f5013487a5a902fde9aca9c42e62b9da2eeda38c14c,False,reconstruct,4cea95795e2341a20777d6362e0c94658044568247045d7b4a4297ccff0bb981
R206,solomon_txt,c8754a0319264d076c038b1bf023c8c4710e8895fe3e03f485e9ae249f32fe43,0,1,ok,True,3,1533607,1533.607,0.163112,0.500186,1,time_limit,solomon_exact_1000_v1,,,,,,0.5,,100,,25,1c005bcbef3a2cc7c3c99f5013487a5a902fde9aca9c42e62b9da2eeda38c14c,False,reconstruct,4cea95795e2341a20777d6362e0c94658044568247045d7b4a4297ccff0bb981
R206,solomon_txt,c8754a0319264d076c038b1bf023c8c4710e8895fe3e03f485e9ae249f32fe43,1,1,ok,True,3,1533607,1533.607,0.177598,0.500244,1,time_limit,solomon_exact_1000_v1,,,,,,0.5,,100,,25,1c005bcbef3a2cc7c3c99f5013487a5a902fde9aca9c42e62b9da2eeda38c14c,False,reconstruct,4cea95795e2341a20777d6362e0c94658044568247045d7b4a4297ccff0bb981
R206,solomon_txt,c8754a0319264d076c038b1bf023c8c4710e8895fe3e03f485e9ae249f32fe43,2,1,ok,True,3,1531545,1531.545,0.169942,0.50036,1,time_limit,solomon_exact_1000_v1,,,,,,0.5,,100,,25,1c005bcbef3a2cc7c3c99f5013487a5a902fde9aca9c42e62b9da2eeda38c14c,False,reconstruct,4cea95795e2341a20777d6362e0c94658044568247045d7b4a4297ccff0bb981
R207,solomon_txt,52dc8eebba43fdc67ca9aadab228b75a297acb55a87db3e4748e82f623e3cbe6,0,1,ok,True,3,1164515,1164.515,0.192667,0.500266,1,time_limit,solomon_exact_1000_v1,,,,,,0.5,,100,,25,1c005bcbef3a2cc7c3c99f5013487a5a902fde9aca9c42e62b9da2eeda38c14c,False,reconstruct,4cea95795e2341a20777d6362e0c94658044568247045d7b4a4297ccff0bb981
R207,solomon_txt,52dc8eebba43fdc67ca9aadab228b75a297acb55a87db3e4748e82f623e3cbe6,1,1,ok,True,3,1102590,1102.59,0.193918,0.500294,1,time_limit,solomon_exact_1000_v1,,,,,,0.5,,100,,25,1c005bcbef3a2cc7c3c99f5013487a5a902fde9aca9c42e62b9da2eeda38c14c,False,reconstruct,4cea95795e2341a20777d6362e0c94658044568247045d7b4a4297ccff0bb981
R207,solomon_txt,52dc8eebba43fdc67ca9aadab228b75a297acb55a87db3e4748e82f623e3cbe6,2,1,ok,True,3,1035427,1035.427,0.193535,0.500354,1,time_limit,solomon_exact_1000_v1,,,,,,0.5,,100,,25,1c005bcbef3a2cc7c3c99f5013487a5a902fde9aca9c42e62b9da2eeda38c14c,False,reconstruct,4cea95795e2341a20777d6362e0c94658044568247045d7b4a4297ccff0bb981
R208,solomon_txt,7b4a95d500af9329dd08791d39898a619faec0f8fac039d57373e761545b980d,0,1,ok,True,3,957965,957.965,0.215647,0.500223,1,time_limit,solomon_exact_1000_v1,,,,,,0.5,,100,,25,1c005bcbef3a2cc7c3c99f5013487a5a902fde9aca9c42e62b9da2eeda38c14c,False,reconstruct,4cea95795e2341a20777d6362e0c94658044568247045d7b4a4297ccff0bb981
R208,solomon_txt,7b4a95d500af9329dd08791d39898a619faec0f8fac039d57373e761545b980d,1,1,ok,True,3,957965,957.965,0.21019,0.500226,1,time_limit,solomon_exact_1000_v1,,,,,,0.5,,100,,25,1c005bcbef3a2cc7c3c99f5013487a5a902fde9aca9c42e62b9da2eeda38c14c,False,reconstruct,4cea95795e2341a20777d6362e0c94658044568247045d7b4a4297ccff0bb981
R208,solomon_txt,7b4a95d500af9329dd08791d39898a619faec0f8fac039d57373e761545b980d,2,1,ok,True,3,957965,957.965,0.220951,0.500219,1,time_limit,solomon_exact_1000_v1,,,,,,0.5,,100,,25,1c005bcbef3a2cc7c3c99f5013487a5a902fde9aca9c42e62b9da2eeda38c14c,False,reconstruct,4cea95795e2341a20777d6362e0c94658044568247045d7b4a4297ccff0bb981
R209,solomon_txt,5b74156d032babcff853ccc693f94463eca8333cd425aa99a39ed996f6258933,0,1,ok,True,3,1278206,1278.206,0.152691,0.500209,1,time_limit,solomon_exact_1000_v1,,,,,,0.5,,100,,25,1c005bcbef3a2cc7c3c99f5013487a5a902fde9aca9c42e62b9da2eeda38c14c,False,reconstruct,4cea95795e2341a20777d6362e0c94658044568247045d7b4a4297ccff0bb981
R209,solomon_txt,5b74156d032babcff853ccc693f94463eca8333cd425aa99a39ed996f6258933,1,1,ok,True,3,1303297,1303.297,0.153574,0.500218,1,time_limit,solomon_exact_1000_v1,,,,,,0.5,,100,,25,1c005bcbef3a2cc7c3c99f5013487a5a902fde9aca9c42e62b9da2eeda38c14c,False,reconstruct,4cea95795e2341a20777d6362e0c94658044568247045d7b4a4297ccff0bb981
R209,solomon_txt,5b74156d032babcff853ccc693f94463eca8333cd425aa99a39ed996f6258933,2,1,ok,True,3,1388821,1388.821,0.153729,0.500362,1,time_limit,solomon_exact_1000_v1,,,,,,0.5,,100,,25,1c005bcbef3a2cc7c3c99f5013487a5a902fde9aca9c42e62b9da2eeda38c14c,False,reconstruct,4cea95795e2341a20777d6362e0c94658044568247045d7b4a4297ccff0bb981
R210,solomon_txt,4e5772f109fb6183e6a648d6a1edaba3435438c2dc11c42da370fecf7bdf3a14,0,1,ok,True,3,1399538,1399.538,0.173891,0.500454,1,time_limit,solomon_exact_1000_v1,,,,,,0.5,,100,,25,1c005bcbef3a2cc7c3c99f5013487a5a902fde9aca9c42e62b9da2eeda38c14c,False,reconstruct,4cea95795e2341a20777d6362e0c94658044568247045d7b4a4297ccff0bb981
R210,solomon_txt,4e5772f109fb6183e6a648d6a1edaba3435438c2dc11c42da370fecf7bdf3a14,1,1,ok,True,3,1366975,1366.975,0.172762,0.500408,1,time_limit,solomon_exact_1000_v1,,,,,,0.5,,100,,25,1c005bcbef3a2cc7c3c99f5013487a5a902fde9aca9c42e62b9da2eeda38c14c,False,reconstruct,4cea95795e2341a20777d6362e0c94658044568247045d7b4a4297ccff0bb981
R210,solomon_txt,4e5772f109fb6183e6a648d6a1edaba3435438c2dc11c42da370fecf7bdf3a14,2,1,ok,True,3,1364687,1364.687,0.177759,0.500466,1,time_limit,solomon_exact_1000_v1,,,,,,0.5,,100,,25,1c005bcbef3a2cc7c3c99f5013487a5a902fde9aca9c42e62b9da2eeda38c14c,False,reconstruct,4cea95795e2341a20777d6362e0c94658044568247045d7b4a4297ccff0bb981
R211,solomon_txt,2965507e467a2f92acd59035975910e36ae11e4f49590d4c7d20a883939227ad,0,1,ok,True,3,1516434,1516.434,0.187753,0.500237,1,time_limit,solomon_exact_1000_v1,,,,,,0.5,,100,,25,1c005bcbef3a2cc7c3c99f5013487a5a902fde9aca9c42e62b9da2eeda38c14c,False,reconstruct,4cea95795e2341a20777d6362e0c94658044568247045d7b4a4297ccff0bb981
R211,solomon_txt,2965507e467a2f92acd59035975910e36ae11e4f49590d4c7d20a883939227ad,1,1,ok,True,3,1516434,1516.434,0.183747,0.500201,1,time_limit,solomon_exact_1000_v1,,,,,,0.5,,100,,25,1c005bcbef3a2cc7c3c99f5013487a5a902fde9aca9c42e62b9da2eeda38c14c,False,reconstruct,4cea95795e2341a20777d6362e0c94658044568247045d7b4a4297ccff0bb981
R211,solomon_txt,2965507e467a2f92acd59035975910e36ae11e4f49590d4c7d20a883939227ad,2,1,ok,True,3,1506201,1506.201,0.181142,0.500354,1,time_limit,solomon_exact_1000_v1,,,,,,0.5,,100,,25,1c005bcbef3a2cc7c3c99f5013487a5a902fde9aca9c42e62b9da2eeda38c14c,False,reconstruct,4cea95795e2341a20777d6362e0c94658044568247045d7b4a4297ccff0bb981
RC101,solomon_txt,ef6893ffd9746ad96de8e4da6e64e2c4ba6e08a1c7eb9457276a9f1caf01ca12,0,1,ok,True,17,2170071,2170.071,0.055992,0.50041,2,time_limit,solomon_exact_1000_v1,,,,,,0.5,,100,,25,1c005bcbef3a2cc7c3c99f5013487a5a902fde9aca9c42e62b9da2eeda38c14c,False,reconstruct,4cea95795e2341a20777d6362e0c94658044568247045d7b4a4297ccff0bb981
RC101,solomon_txt,ef6893ffd9746ad96de8e4da6e64e2c4ba6e08a1c7eb9457276a9f1caf01ca12,1,1,ok,True,18,2074763,2074.763,0.058547,0.500445,1,time_limit,solomon_exact_1000_v1,,,,,,0.5,,100,,25,1c005bcbef3a2cc7c3c99f5013487a5a902fde9aca9c42e62b9da2eeda38c14c,False,reconstruct,4cea95795e2341a20777d6362e0c94658044568247045d7b4a4297ccff0bb981
RC101,solomon_txt,ef6893ffd9746ad96de8e4da6e64e2c4ba6e08a1c7eb9457276a9f1caf01ca12,2,1,ok,True,18,1980193,1980.193,0.05925,0.500449,1,time_limit,solomon_exact_1000_v1,,,,,,0.5,,100,,25,1c005bcbef3a2cc7c3c99f5013487a5a902fde9aca9c42e62b9da2eeda38c14c,False,reconstruct,4cea95795e2341a20777d6362e0c94658044568247045d7b4a4297ccff0bb981
RC102,solomon_txt,36acd349d34a577c7fadd61f78517c2cb74bd06a490273800c288f341e5785a4,0,1,ok,True,15,1756383,1756.383,0.058244,0.500425,2,time_limit,solomon_exact_1000_v1,,,,,,0.5,,100,,25,1c005bcbef3a2cc7c3c99f5013487a5a902fde9aca9c42e62b9da2eeda38c14c,False,reconstruct,4cea95795e2341a20777d6362e0c94658044568247045d7b4a4297ccff0bb981
RC102,solomon_txt,36acd349d34a577c7fadd61f78517c2cb74bd06a490273800c288f341e5785a4,1,1,ok,True,15,1830274,1830.274,0.057393,0.500452,1,time_limit,solomon_exact_1000_v1,,,,,,0.5,,100,,25,1c005bcbef3a2cc7c3c99f5013487a5a902fde9aca9c42e62b9da2eeda38c14c,False,reconstruct,4cea95795e2341a20777d6362e0c94658044568247045d7b4a4297ccff0bb981
RC102,solomon_txt,36acd349d34a577c7fadd61f78517c2cb74bd06a490273800c288f341e5785a4,2,1,ok,True,16,1812496,1812.496,0.058171,0.500424,1,time_limit,solomon_exact_1000_v1,,,,,,0.5,,100,,25,1c005bcbef3a2cc7c3c99f5013487a5a902fde9aca9c42e62b9da2eeda38c14c,False,reconstruct,4cea95795e2341a20777d6362e0c94658044568247045d7b4a4297ccff0bb981
RC103,solomon_txt,00f384138274d5d2bff5c41601db17cc4ad0cfc6315c27e223d4477bf435cc2d,0,1,ok,True,12,1733037,1733.037,0.065904,0.500407,1,time_limit,solomon_exact_1000_v1,,,,,,0.5,,100,,25,1c005bcbef3a2cc7c3c99f5013487a5a902fde9aca9c42e62b9da2eeda38c14c,False,reconstruct,4cea95795e2341a20777d6362e0c94658044568247045d7b4a4297ccff0bb981
RC103,solomon_txt,00f384138274d5d2bff5c41601db17cc4ad0cfc6315c27e223d4477bf435cc2d,1,1,ok,True,12,1701616,1701.616,0.065697,0.500392,1,time_limit,solomon_exact_1000_v1,,,,,,0.5,,100,,25,1c005bcbef3a2cc7c3c99f5013487a5a902fde9aca9c42e62b9da2eeda38c14c,False,reconstruct,4cea95795e2341a20777d6362e0c94658044568247045d7b4a4297ccff0bb981
RC103,solomon_txt,00f384138274d5d2bff5c41601db17cc4ad0cfc6315c27e223d4477bf435cc2d,2,1,ok,True,13,1938302,1938.302,0.065921,0.500394,1,time_limit,solomon_exact_1000_v1,,,,,,0.5,,100,,25,1c005bcbef3a2cc7c3c99f5013487a5a902fde9aca9c42e62b9da2eeda38c14c,False,reconstruct,4cea95795e2341a20777d6362e0c94658044568247045d7b4a4297ccff0bb981
RC104,solomon_txt,d150b2d61049a488fb89a2320c197d81a7ef9a1864abbbaea1d13a2b451253ee,0,1,ok,True,12,1599560,1599.56,0.07003,0.500419,1,time_limit,solomon_exact_1000_v1,,,,,,0.5,,100,,25,1c005bcbef3a2cc7c3c99f5013487a5a902fde9aca9c42e62b9da2eeda38c14c,False,reconstruct,4cea95795e2341a20777d6362e0c94658044568247045d7b4a4297ccff0bb981
RC104,solomon_txt,d150b2d61049a488fb89a2320c197d81a7ef9a1864abbbaea1d13a2b451253ee,1,1,ok,True,12,1615654,1615.654,0.071187,0.500409,1,time_limit,solomon_exact_1000_v1,,,,,,0.5,,100,,25,1c005bcbef3a2cc7c3c99f5013487a5a902fde9aca9c42e62b9da2eeda38c14c,False,reconstruct,4cea95795e2341a20777d6362e0c94658044568247045d7b4a4297ccff0bb981
RC104,solomon_txt,d150b2d61049a488fb89a2320c197d81a7ef9a1864abbbaea1d13a2b451253ee,2,1,ok,True,11,1476557,1476.557,0.070164,0.500402,1,time_limit,solomon_exact_1000_v1,,,,,,0.5,,100,,25,1c005bcbef3a2cc7c3c99f5013487a5a902fde9aca9c42e62b9da2eeda38c14c,False,reconstruct,4cea95795e2341a20777d6362e0c94658044568247045d7b4a4297ccff0bb981
RC105,solomon_txt,b9e912625c1ed80d2f565e0799ade2f4b17bf4f95056322ca23f1a21b37e7a49,0,1,ok,True,16,1886908,1886.908,0.05836,0.500414,1,time_limit,solomon_exact_1000_v1,,,,,,0.5,,100,,25,1c005bcbef3a2cc7c3c99f5013487a5a902fde9aca9c42e62b9da2eeda38c14c,False,reconstruct,4cea95795e2341a20777d6362e0c94658044568247045d7b4a4297ccff0bb981
RC105,solomon_txt,b9e912625c1ed80d2f565e0799ade2f4b17bf4f95056322ca23f1a21b37e7a49,1,1,ok,True,16,2098732,2098.732,0.061922,0.500407,1,time_limit,solomon_exact_1000_v1,,,,,,0.5,,100,,25,1c005bcbef3a2cc7c3c99f5013487a5a902fde9aca9c42e62b9da2eeda38c14c,False,reconstruct,4cea95795e2341a20777d6362e0c94658044568247045d7b4a4297ccff0bb981
RC105,solomon_txt,b9e912625c1ed80d2f565e0799ade2f4b17bf4f95056322ca23f1a21b37e7a49,2,1,ok,True,16,1879240,1879.24,0.059263,0.500422,1,time_limit,solomon_exact_1000_v1,,,,,,0.5,,100,,25,1c005bcbef3a2cc7c3c99f5013487a5a902fde9aca9c42e62b9da2eeda38c14c,False,reconstruct,4cea95795e2341a20777d6362e0c94658044568247045d7b4a4297ccff0bb981
RC106,solomon_txt,bf016ffc567af2d108570357daf1d0cabb7f680c0bd977d2e4366787683fdbaf,0,1,ok,True,15,2117387,2117.387,0.056817,0.500406,1,time_limit,solomon_exact_1000_v1,,,,,,0.5,,100,,25,1c005bcbef3a2cc7c3c99f5013487a5a902fde9aca9c42e62b9da2eeda38c14c,False,reconstruct,4cea95795e2341a20777d6362e0c94658044568247045d7b4a4297ccff0bb981
RC106,solomon_txt,bf016ffc567af2d108570357daf1d0cabb7f680c0bd977d2e4366787683fdbaf,1,1,ok,True,15,1846886,1846.886,0.058752,0.500404,1,time_limit,solomon_exact_1000_v1,,,,,,0.5,,100,,25,1c005bcbef3a2cc7c3c99f5013487a5a902fde9aca9c42e62b9da2eeda38c14c,False,reconstruct,4cea95795e2341a20777d6362e0c94658044568247045d7b4a4297ccff0bb981
RC106,solomon_txt,bf016ffc567af2d108570357daf1d0cabb7f680c0bd977d2e4366787683fdbaf,2,1,ok,True,15,1949415,1949.415,0.05953,0.500455,1,time_limit,solomon_exact_1000_v1,,,,,,0.5,,100,,25,1c005bcbef3a2cc7c3c99f5013487a5a902fde9aca9c42e62b9da2eeda38c14c,False,reconstruct,4cea95795e2341a20777d6362e0c94658044568247045d7b4a4297ccff0bb981
RC107,solomon_txt,fff3fd68d110671ed442575f07cc547291586f30b00c5f73934d521d31311582,0,1,ok,True,14,1674969,1674.969,0.060611,0.500405,1,time_limit,solomon_exact_1000_v1,,,,,,0.5,,100,,25,1c005bcbef3a2cc7c3c99f5013487a5a902fde9aca9c42e62b9da2eeda38c14c,False,reconstruct,4cea95795e2341a20777d6362e0c94658044568247045d7b4a4297ccff0bb981
RC107,solomon_txt,fff3fd68d110671ed442575f07cc547291586f30b00c5f73934d521d31311582,1,1,ok,True,14,1790871,1790.871,0.06738,0.500435,1,time_limit,solomon_exact_1000_v1,,,,,,0.5,,100,,25,1c005bcbef3a2cc7c3c99f5013487a5a902fde9aca9c42e62b9da2eeda38c14c,False,reconstruct,4cea95795e2341a20777d6362e0c94658044568247045d7b4a4297ccff0bb981
RC107,solomon_txt,fff3fd68d110671ed442575f07cc547291586f30b00c5f73934d521d31311582,2,1,ok,True,14,1819837,1819.837,0.061311,0.50039,1,time_limit,solomon_exact_1000_v1,,,,,,0.5,,100,,25,1c005bcbef3a2cc7c3c99f5013487a5a902fde9aca9c42e62b9da2eeda38c14c,False,reconstruct,4cea95795e2341a20777d6362e0c94658044568247045d7b4a4297ccff0bb981
RC108,solomon_txt,006bc8817bf09f9a8c66af8d6f088bdec239b2eb435556e9d11193cf456f7aeb,0,1,ok,True,14,1939901,1939.901,0.062509,0.500375,1,time_limit,solomon_exact_1000_v1,,,,,,0.5,,100,,25,1c005bcbef3a2cc7c3c99f5013487a5a902fde9aca9c42e62b9da2eeda38c14c,False,reconstruct,4cea95795e2341a20777d6362e0c94658044568247045d7b4a4297ccff0bb981
RC108,solomon_txt,006bc8817bf09f9a8c66af8d6f088bdec239b2eb435556e9d11193cf456f7aeb,1,1,ok,True,14,1613794,1613.794,0.061963,0.500421,1,time_limit,solomon_exact_1000_v1,,,,,,0.5,,100,,25,1c005bcbef3a2cc7c3c99f5013487a5a902fde9aca9c42e62b9da2eeda38c14c,False,reconstruct,4cea95795e2341a20777d6362e0c94658044568247045d7b4a4297ccff0bb981
RC108,solomon_txt,006bc8817bf09f9a8c66af8d6f088bdec239b2eb435556e9d11193cf456f7aeb,2,1,ok,True,14,1689690,1689.69,0.061231,0.500398,1,time_limit,solomon_exact_1000_v1,,,,,,0.5,,100,,25,1c005bcbef3a2cc7c3c99f5013487a5a902fde9aca9c42e62b9da2eeda38c14c,False,reconstruct,4cea95795e2341a20777d6362e0c94658044568247045d7b4a4297ccff0bb981
RC201,solomon_txt,288836e2d8c2ace83ebbff77e03ac8cdffc574fc134cade21ef92713f8c52d44,0,1,ok,True,5,2429811,2429.811,0.123209,0.500219,1,time_limit,solomon_exact_1000_v1,,,,,,0.5,,100,,25,1c005bcbef3a2cc7c3c99f5013487a5a902fde9aca9c42e62b9da2eeda38c14c,False,reconstruct,4cea95795e2341a20777d6362e0c94658044568247045d7b4a4297ccff0bb981
RC201,solomon_txt,288836e2d8c2ace83ebbff77e03ac8cdffc574fc134cade21ef92713f8c52d44,1,1,ok,True,5,2297466,2297.466,0.128674,0.500362,1,time_limit,solomon_exact_1000_v1,,,,,,0.5,,100,,25,1c005bcbef3a2cc7c3c99f5013487a5a902fde9aca9c42e62b9da2eeda38c14c,False,reconstruct,4cea95795e2341a20777d6362e0c94658044568247045d7b4a4297ccff0bb981
RC201,solomon_txt,288836e2d8c2ace83ebbff77e03ac8cdffc574fc134cade21ef92713f8c52d44,2,1,ok,True,5,2376396,2376.396,0.122875,0.500556,1,time_limit,solomon_exact_1000_v1,,,,,,0.5,,100,,25,1c005bcbef3a2cc7c3c99f5013487a5a902fde9aca9c42e62b9da2eeda38c14c,False,reconstruct,4cea95795e2341a20777d6362e0c94658044568247045d7b4a4297ccff0bb981
RC202,solomon_txt,5a1dee2017ab0ca4fe280b392678c96e8b5bc71f22d02c8058fbde7c4cfebcf4,0,1,ok,True,4,1920411,1920.411,0.118863,0.500227,1,time_limit,solomon_exact_1000_v1,,,,,,0.5,,100,,25,1c005bcbef3a2cc7c3c99f5013487a5a902fde9aca9c42e62b9da2eeda38c14c,False,reconstruct,4cea95795e2341a20777d6362e0c94658044568247045d7b4a4297ccff0bb981
RC202,solomon_txt,5a1dee2017ab0ca4fe280b392678c96e8b5bc71f22d02c8058fbde7c4cfebcf4,1,1,ok,True,4,1818035,1818.035,0.120396,0.500371,1,time_limit,solomon_exact_1000_v1,,,,,,0.5,,100,,25,1c005bcbef3a2cc7c3c99f5013487a5a902fde9aca9c42e62b9da2eeda38c14c,False,reconstruct,4cea95795e2341a20777d6362e0c94658044568247045d7b4a4297ccff0bb981
RC202,solomon_txt,5a1dee2017ab0ca4fe280b392678c96e8b5bc71f22d02c8058fbde7c4cfebcf4,2,1,ok,True,4,1619243,1619.243,0.120967,0.500359,1,time_limit,solomon_exact_1000_v1,,,,,,0.5,,100,,25,1c005bcbef3a2cc7c3c99f5013487a5a902fde9aca9c42e62b9da2eeda38c14c,False,reconstruct,4cea95795e2341a20777d6362e0c94658044568247045d7b4a4297ccff0bb981
RC203,solomon_txt,4adcb362c23df91f14b828d4964e9383ffb02ee74217afc2d84571f83ed91f8b,0,1,ok,True,3,1400007,1400.007,0.126691,0.500241,1,time_limit,solomon_exact_1000_v1,,,,,,0.5,,100,,25,1c005bcbef3a2cc7c3c99f5013487a5a902fde9aca9c42e62b9da2eeda38c14c,False,reconstruct,4cea95795e2341a20777d6362e0c94658044568247045d7b4a4297ccff0bb981
RC203,solomon_txt,4adcb362c23df91f14b828d4964e9383ffb02ee74217afc2d84571f83ed91f8b,1,1,ok,True,3,1545417,1545.417,0.122929,0.500347,1,time_limit,solomon_exact_1000_v1,,,,,,0.5,,100,,25,1c005bcbef3a2cc7c3c99f5013487a5a902fde9aca9c42e62b9da2eeda38c14c,False,reconstruct,4cea95795e2341a20777d6362e0c94658044568247045d7b4a4297ccff0bb981
RC203,solomon_txt,4adcb362c23df91f14b828d4964e9383ffb02ee74217afc2d84571f83ed91f8b,2,1,ok,True,3,1516613,1516.613,0.121022,0.500225,2,time_limit,solomon_exact_1000_v1,,,,,,0.5,,100,,25,1c005bcbef3a2cc7c3c99f5013487a5a902fde9aca9c42e62b9da2eeda38c14c,False,reconstruct,4cea95795e2341a20777d6362e0c94658044568247045d7b4a4297ccff0bb981
RC204,solomon_txt,11e827eab51a959ebab66344e7b7cfd1aeed895287653b36a72c86a4440ecd77,0,1,ok,True,3,1500593,1500.593,0.189301,0.500216,1,time_limit,solomon_exact_1000_v1,,,,,,0.5,,100,,25,1c005bcbef3a2cc7c3c99f5013487a5a902fde9aca9c42e62b9da2eeda38c14c,False,reconstruct,4cea95795e2341a20777d6362e0c94658044568247045d7b4a4297ccff0bb981
RC204,solomon_txt,11e827eab51a959ebab66344e7b7cfd1aeed895287653b36a72c86a4440ecd77,1,1,ok,True,3,1500593,1500.593,0.190314,0.500454,1,time_limit,solomon_exact_1000_v1,,,,,,0.5,,100,,25,1c005bcbef3a2cc7c3c99f5013487a5a902fde9aca9c42e62b9da2eeda38c14c,False,reconstruct,4cea95795e2341a20777d6362e0c94658044568247045d7b4a4297ccff0bb981
RC204,solomon_txt,11e827eab51a959ebab66344e7b7cfd1aeed895287653b36a72c86a4440ecd77,2,1,ok,True,3,1500132,1500.132,0.182923,0.500341,1,time_limit,solomon_exact_1000_v1,,,,,,0.5,,100,,25,1c005bcbef3a2cc7c3c99f5013487a5a902fde9aca9c42e62b9da2eeda38c14c,False,reconstruct,4cea95795e2341a20777d6362e0c94658044568247045d7b4a4297ccff0bb981
RC205,solomon_txt,c061d306cf42310b0f3ca15612089f6c5a8d5604c0733bf26852477c787662c9,0,1,ok,True,4,1959415,1959.415,0.135692,0.500201,1,time_limit,solomon_exact_1000_v1,,,,,,0.5,,100,,25,1c005bcbef3a2cc7c3c99f5013487a5a902fde9aca9c42e62b9da2eeda38c14c,False,reconstruct,4cea95795e2341a20777d6362e0c94658044568247045d7b4a4297ccff0bb981
RC205,solomon_txt,c061d306cf42310b0f3ca15612089f6c5a8d5604c0733bf26852477c787662c9,1,1,ok,True,4,1741837,1741.837,0.1319,0.50036,1,time_limit,solomon_exact_1000_v1,,,,,,0.5,,100,,25,1c005bcbef3a2cc7c3c99f5013487a5a902fde9aca9c42e62b9da2eeda38c14c,False,reconstruct,4cea95795e2341a20777d6362e0c94658044568247045d7b4a4297ccff0bb981
RC205,solomon_txt,c061d306cf42310b0f3ca15612089f6c5a8d5604c0733bf26852477c787662c9,2,1,ok,True,4,1689369,1689.369,0.133171,0.500367,1,time_limit,solomon_exact_1000_v1,,,,,,0.5,,100,,25,1c005bcbef3a2cc7c3c99f5013487a5a902fde9aca9c42e62b9da2eeda38c14c,False,reconstruct,4cea95795e2341a20777d6362e0c94658044568247045d7b4a4297ccff0bb981
RC206,solomon_txt,5203aecf67c84df49e152645312a837ffefde529314ff892ca061538816e43a9,0,1,ok,True,4,2080287,2080.287,0.132285,0.500236,1,time_limit,solomon_exact_1000_v1,,,,,,0.5,,100,,25,1c005bcbef3a2cc7c3c99f5013487a5a902fde9aca9c42e62b9da2eeda38c14c,False,reconstruct,4cea95795e2341a20777d6362e0c94658044568247045d7b4a4297ccff0bb981
RC206,solomon_txt,5203aecf67c84df49e152645312a837ffefde529314ff892ca061538816e43a9,1,1,ok,True,4,1771858,1771.858,0.134099,0.500371,1,time_limit,solomon_exact_1000_v1,,,,,,0.5,,100,,25,1c005bcbef3a2cc7c3c99f5013487a5a902fde9aca9c42e62b9da2eeda38c14c,False,reconstruct,4cea95795e2341a20777d6362e0c94658044568247045d7b4a4297ccff0bb981
RC206,solomon_txt,5203aecf67c84df49e152645312a837ffefde529314ff892ca061538816e43a9,2,1,ok,True,4,1725004,1725.004,0.132039,0.500342,1,time_limit,solomon_exact_1000_v1,,,,,,0.5,,100,,25,1c005bcbef3a2cc7c3c99f5013487a5a902fde9aca9c42e62b9da2eeda38c14c,False,reconstruct,4cea95795e2341a20777d6362e0c94658044568247045d7b4a4297ccff0bb981
RC207,solomon_txt,5cab65f99b350cdb8fb1c4d0a12dde85eb4ff6a6d6daf292b182cb73de9a8b63,0,1,ok,True,4,1907431,1907.431,0.147906,0.50023,1,time_limit,solomon_exact_1000_v1,,,,,,0.5,,100,,25,1c005bcbef3a2cc7c3c99f5013487a5a902fde9aca9c42e62b9da2eeda38c14c,False,reconstruct,4cea95795e2341a20777d6362e0c94658044568247045d7b4a4297ccff0bb981
RC207,solomon_txt,5cab65f99b350cdb8fb1c4d0a12dde85eb4ff6a6d6daf292b182cb73de9a8b63,1,1,ok,True,3,1405392,1405.392,0.14404,0.500259,1,time_limit,solomon_exact_1000_v1,,,,,,0.5,,100,,25,1c005bcbef3a2cc7c3c99f5013487a5a902fde9aca9c42e62b9da2eeda38c14c,False,reconstruct,4cea95795e2341a20777d6362e0c94658044568247045d7b4a4297ccff0bb981
RC207,solomon_txt,5cab65f99b350cdb8fb1c4d0a12dde85eb4ff6a6d6daf292b182cb73de9a8b63,2,1,ok,True,4,1865317,1865.317,0.143789,0.50036,1,time_limit,solomon_exact_1000_v1,,,,,,0.5,,100,,25,1c005bcbef3a2cc7c3c99f5013487a5a902fde9aca9c42e62b9da2eeda38c14c,False,reconstruct,4cea95795e2341a20777d6362e0c94658044568247045d7b4a4297ccff0bb981
RC208,solomon_txt,3d67d2a8e2758a324643f5d6c6ca87e8c56435273eaa04be33f213bb991f1f28,0,1,ok,True,3,1365201,1365.201,0.143088,0.500222,1,time_limit,solomon_exact_1000_v1,,,,,,0.5,,100,,25,1c005bcbef3a2cc7c3c99f5013487a5a902fde9aca9c42e62b9da2eeda38c14c,False,reconstruct,4cea95795e2341a20777d6362e0c94658044568247045d7b4a4297ccff0bb981
RC208,solomon_txt,3d67d2a8e2758a324643f5d6c6ca87e8c56435273eaa04be33f213bb991f1f28,1,1,ok,True,4,1913075,1913.075,0.143971,0.500369,1,time_limit,solomon_exact_1000_v1,,,,,,0.5,,100,,25,1c005bcbef3a2cc7c3c99f5013487a5a902fde9aca9c42e62b9da2eeda38c14c,False,reconstruct,4cea95795e2341a20777d6362e0c94658044568247045d7b4a4297ccff0bb981
RC208,solomon_txt,3d67d2a8e2758a324643f5d6c6ca87e8c56435273eaa04be33f213bb991f1f28,2,1,ok,True,4,1884112,1884.112,0.14448,0.500359,1,time_limit,solomon_exact_1000_v1,,,,,,0.5,,100,,25,1c005bcbef3a2cc7c3c99f5013487a5a902fde9aca9c42e62b9da2eeda38c14c,False,reconstruct,4cea95795e2341a20777d6362e0c94658044568247045d7b4a4297ccff0bb981
C101,solomon_txt,a6da75152d182d60ecd2c6f854296f5be452f92282d096adebcf5d99a7f16516,0,1,ok,True,11,852950,852.95,0.068193,0.500443,1,time_limit,solomon_exact_1000_v1,,,,,,0.5,,100,,25,1c005bcbef3a2cc7c3c99f5013487a5a902fde9aca9c42e62b9da2eeda38c14c,False,route_removal,1cf296f3821f9ea54bc16c5d9f5036871da19d7f82f45b8859659e97d1c8dfc9
C101,solomon_txt,a6da75152d182d60ecd2c6f854296f5be452f92282d096adebcf5d99a7f16516,1,1,ok,True,11,852950,852.95,0.069444,0.50043,1,time_limit,solomon_exact_1000_v1,,,,,,0.5,,100,,25,1c005bcbef3a2cc7c3c99f5013487a5a902fde9aca9c42e62b9da2eeda38c14c,False,route_removal,1cf296f3821f9ea54bc16c5d9f5036871da19d7f82f45b8859659e97d1c8dfc9
C101,solomon_txt,a6da75152d182d60ecd2c6f854296f5be452f92282d096adebcf5d99a7f16516,2,1,ok,True,11,854549,854.549,0.071029,0.500412,1,time_limit,solomon_exact_1000_v1,,,,,,0.5,,100,,25,1c005bcbef3a2cc7c3c99f5013487a5a902fde9aca9c42e62b9da2eeda38c14c,False,route_removal,1cf296f3821f9ea54bc16c5d9f5036871da19d7f82f45b8859659e97d1c8dfc9
C102,solomon_txt,f89a0e2a760cc7448a4ca72b88e5b29b94d64b5548f3320f42a6230025ead653,0,1,ok,True,10,1103932,1103.932,0.073006,0.500476,1,time_limit,solomon_exact_1000_v1,,,,,,0.5,,100,,25,1c005bcbef3a2cc7c3c99f5013487a5a902fde9aca9c42e62b9da2eeda38c14c,False,route_removal,1cf296f3821f9ea54bc16c5d9f5036871da19d7f82f45b8859659e97d1c8dfc9
C102,solomon_txt,f89a0e2a760cc7448a4ca72b88e5b29b94d64b5548f3320f42a6230025ead653,1,1,ok,True,10,1103932,1103.932,0.069195,0.500471,1,time_limit,solomon_exact_1000_v1,,,,,,0.5,,100,,25,1c005bcbef3a2cc7c3c99f5013487a5a902fde9aca9c42e62b9da2eeda38c14c,False,route_removal,1cf296f3821f9ea54bc16c5d9f5036871da19d7f82f45b8859659e97d1c8dfc9
C102,solomon_txt,f89a0e2a760cc7448a4ca72b88e5b29b94d64b5548f3320f42a6230025ead653,2,1,ok,True,10,1103932,1103.932,0.068574,0.500446,1,time_limit,solomon_exact_1000_v1,,,,,,0.5,,100,,25,1c005bcbef3a2cc7c3c99f5013487a5a902fde9aca9c42e62b9da2eeda38c14c,False,route_removal,1cf296f3821f9ea54bc16c5d9f5036871da19d7f82f45b8859659e97d1c8dfc9
C103,solomon_txt,a55cabf15e0da9d65696a5fb45c9852889479893f76f772a428ca15d1b415a51,0,1,ok,True,10,1658323,1658.323,0.079395,0.500596,1,time_limit,solomon_exact_1000_v1,,,,,,0.5,,100,,25,1c005bcbef3a2cc7c3c99f5013487a5a902fde9aca9c42e62b9da2eeda38c14c,False,route_removal,1cf296f3821f9ea54bc16c5d9f5036871da19d7f82f45b8859659e97d1c8dfc9
C103,solomon_txt,a55cabf15e0da9d65696a5fb45c9852889479893f76f772a428ca15d1b415a51,1,1,ok,True,10,1617749,1617.749,0.077094,0.5004,1,time_limit,solomon_exact_1000_v1,,,,,,0.5,,100,,25,1c005bcbef3a2cc7c3c99f5013487a5a902fde9aca9c42e62b9da2eeda38c14c,False,route_removal,1cf296f3821f9ea54bc16c5d9f5036871da19d7f82f45b8859659e97d1c8dfc9
C103,solomon_txt,a55cabf15e0da9d65696a5fb45c9852889479893f76f772a428ca15d1b415a51,2,1,ok,True,10,1617749,1617.749,0.076477,0.50041,1,time_limit,solomon_exact_1000_v1,,,,,,0.5,,100,,25,1c005bcbef3a2cc7c3c99f5013487a5a902fde9aca9c42e62b9da2eeda38c14c,False,route_removal,1cf296f3821f9ea54bc16c5d9f5036871da19d7f82f45b8859659e97d1c8dfc9
C104,solomon_txt,fe333e81625ee5a75bb2ce98c2c9f356d07289237865b62a23ba2f32f0de5ee2,0,1,ok,True,10,1405918,1405.918,0.082357,0.500411,1,time_limit,solomon_exact_1000_v1,,,,,,0.5,,100,,25,1c005bcbef3a2cc7c3c99f5013487a5a902fde9aca9c42e62b9da2eeda38c14c,False,route_removal,1cf296f3821f9ea54bc16c5d9f5036871da19d7f82f45b8859659e97d1c8dfc9
C104,solomon_txt,fe333e81625ee5a75bb2ce98c2c9f356d07289237865b62a23ba2f32f0de5ee2,1,1,ok,True,10,1431249,1431.249,0.079834,0.500413,1,time_limit,solomon_exact_1000_v1,,,,,,0.5,,100,,25,1c005bcbef3a2cc7c3c99f5013487a5a902fde9aca9c42e62b9da2eeda38c14c,False,route_removal,1cf296f3821f9ea54bc16c5d9f5036871da19d7f82f45b8859659e97d1c8dfc9
C104,solomon_txt,fe333e81625ee5a75bb2ce98c2c9f356d07289237865b62a23ba2f32f0de5ee2,2,1,ok,True,10,1473252,1473.252,0.07835,0.500445,1,time_limit,solomon_exact_1000_v1,,,,,,0.5,,100,,25,1c005bcbef3a2cc7c3c99f5013487a5a902fde9aca9c42e62b9da2eeda38c14c,False,route_removal,1cf296f3821f9ea54bc16c5d9f5036871da19d7f82f45b8859659e97d1c8dfc9
C105,solomon_txt,9a877a3a6fb922e7ad9297cc0308bc8a5652cb1495a0228ee6b81b2d938aa29f,0,1,ok,True,11,978503,978.503,0.066576,0.500471,1,time_limit,solomon_exact_1000_v1,,,,,,0.5,,100,,25,1c005bcbef3a2cc7c3c99f5013487a5a902fde9aca9c42e62b9da2eeda38c14c,False,route_removal,1cf296f3821f9ea54bc16c5d9f5036871da19d7f82f45b8859659e97d1c8dfc9
C105,solomon_txt,9a877a3a6fb922e7ad9297cc0308bc8a5652cb1495a0228ee6b81b2d938aa29f,1,1,ok,True,11,978503,978.503,0.069359,0.500496,1,time_limit,solomon_exact_1000_v1,,,,,,0.5,,100,,25,1c005bcbef3a2cc7c3c99f5013487a5a902fde9aca9c42e62b9da2eeda38c14c,False,route_removal,1cf296f3821f9ea54bc16c5d9f5036871da19d7f82f45b8859659e97d1c8dfc9
C105,solomon_txt,9a877a3a6fb922e7ad9297cc0308bc8a5652cb1495a0228ee6b81b2d938aa29f,2,1,ok,True,11,978503,978.503,0.068478,0.500463,1,time_limit,solomon_exact_1000_v1,,,,,,0.5,,100,,25,1c005bcbef3a2cc7c3c99f5013487a5a902fde9aca9c42e62b9da2eeda38c14c,False,route_removal,1cf296f3821f9ea54bc16c5d9f5036871da19d7f82f45b8859659e97d1c8dfc9
C106,solomon_txt,ec9b419bed53e9c607cce76e8c6bc59feb6e4d17646905601f008a4141ec7b40,0,1,ok,True,11,1713730,1713.73,0.070485,0.500464,1,time_limit,solomon_exact_1000_v1,,,,,,0.5,,100,,25,1c005bcbef3a2cc7c3c99f5013487a5a902fde9aca9c42e62b9da2eeda38c14c,False,route_removal,1cf296f3821f9ea54bc16c5d9f5036871da19d7f82f45b8859659e97d1c8dfc9
C106,solomon_txt,ec9b419bed53e9c607cce76e8c6bc59feb6e4d17646905601f008a4141ec7b40,1,1,ok,True,11,1707426,1707.426,0.066846,0.50042,1,time_limit,solomon_exact_1000_v1,,,,,,0.5,,100,,25,1c005bcbef3a2cc7c3c99f5013487a5a902fde9aca9c42e62b9da2eeda38c14c,False,route_removal,1cf296f3821f9ea54bc16c5d9f5036871da19d7f82f45b8859659e97d1c8dfc9
C106,solomon_txt,ec9b419bed53e9c607cce76e8c6bc59feb6e4d17646905601f008a4141ec7b40,2,1,ok,True,11,1713730,1713.73,0.06609,0.500453,1,time_limit,solomon_exact_1000_v1,,,,,,0.5,,100,,25,1c005bcbef3a2cc7c3c99f5013487a5a902fde9aca9c42e62b9da2eeda38c14c,False,route_removal,1cf296f3821f9ea54bc16c5d9f5036871da19d7f82f45b8859659e97d1c8dfc9
C107,solomon_txt,cb3cdc10d812fa17370eb52cb753b6b0574426dc6fabeb8b9076ed750ddf05ca,0,1,ok,True,11,1011824,1011.824,0.071537,0.500445,1,time_limit,solomon_exact_1000_v1,,,,,,0.5,,100,,25,1c005bcbef3a2cc7c3c99f5013487a5a902fde9aca9c42e62b9da2eeda38c14c,False,route_removal,1cf296f3821f9ea54bc16c5d9f5036871da19d7f82f45b8859659e97d1c8dfc9
C107,solomon_txt,cb3cdc10d812fa17370eb52cb753b6b0574426dc6fabeb8b9076ed750ddf05ca,1,1,ok,True,11,1021560,1021.56,0.071482,0.500441,1,time_limit,solomon_exact_1000_v1,,,,,,0.5,,100,,25,1c005bcbef3a2cc7c3c99f5013487a5a902fde9aca9c42e62b9da2eeda38c14c,False,route_removal,1cf296f3821f9ea54bc16c5d9f5036871da19d7f82f45b8859659e97d1c8dfc9
C107,solomon_txt,cb3cdc10d812fa17370eb52cb753b6b0574426dc6fabeb8b9076ed750ddf05ca,2,1,ok,True,11,1123740,1123.74,0.068816,0.500426,1,time_limit,solomon_exact_1000_v1,,,,,,0.5,,100,,25,1c005bcbef3a2cc7c3c99f5013487a5a902fde9aca9c42e62b9da2eeda38c14c,False,route_removal,1cf296f3821f9ea54bc16c5d9f5036871da19d7f82f45b8859659e97d1c8dfc9
C108,solomon_txt,b8c7e48f292b66b283d8e71511e3a4eccaa4c4bc66b9313c399e73b0226f5953,0,1,ok,True,11,1695422,1695.422,0.065498,0.500464,1,time_limit,solomon_exact_1000_v1,,,,,,0.5,,100,,25,1c005bcbef3a2cc7c3c99f5013487a5a902fde9aca9c42e62b9da2eeda38c14c,False,route_removal,1cf296f3821f9ea54bc16c5d9f5036871da19d7f82f45b8859659e97d1c8dfc9
C108,solomon_txt,b8c7e48f292b66b283d8e71511e3a4eccaa4c4bc66b9313c399e73b0226f5953,1,1,ok,True,11,1695422,1695.422,0.066062,0.500414,1,time_limit,solomon_exact_1000_v1,,,,,,0.5,,100,,25,1c005bcbef3a2cc7c3c99f5013487a5a902fde9aca9c42e62b9da2eeda38c14c,False,route_removal,1cf296f3821f9ea54bc16c5d9f5036871da19d7f82f45b8859659e97d1c8dfc9
C108,solomon_txt,b8c7e48f292b66b283d8e71511e3a4eccaa4c4bc66b9313c399e73b0226f5953,2,1,ok,True,11,1689465,1689.465,0.066492,0.500396,1,time_limit,solomon_exact_1000_v1,,,,,,0.5,,100,,25,1c005bcbef3a2cc7c3c99f5013487a5a902fde9aca9c42e62b9da2eeda38c14c,False,route_removal,1cf296f3821f9ea54bc16c5d9f5036871da19d7f82f45b8859659e97d1c8dfc9
C109,solomon_txt,72d8489e14bf1bb18456f0b21b01110506cbcc2354719dae8481b480150f142a,0,1,ok,True,10,1320706,1320.706,0.072783,0.500411,1,time_limit,solomon_exact_1000_v1,,,,,,0.5,,100,,25,1c005bcbef3a2cc7c3c99f5013487a5a902fde9aca9c42e62b9da2eeda38c14c,False,route_removal,1cf296f3821f9ea54bc16c5d9f5036871da19d7f82f45b8859659e97d1c8dfc9
C109,solomon_txt,72d8489e14bf1bb18456f0b21b01110506cbcc2354719dae8481b480150f142a,1,1,ok,True,10,1327864,1327.864,0.077394,0.500421,1,time_limit,solomon_exact_1000_v1,,,,,,0.5,,100,,25,1c005bcbef3a2cc7c3c99f5013487a5a902fde9aca9c42e62b9da2eeda38c14c,False,route_removal,1cf296f3821f9ea54bc16c5d9f5036871da19d7f82f45b8859659e97d1c8dfc9
C109,solomon_txt,72d8489e14bf1bb18456f0b21b01110506cbcc2354719dae8481b480150f142a,2,1,ok,True,10,1321055,1321.055,0.075718,0.500453,1,time_limit,solomon_exact_1000_v1,,,,,,0.5,,100,,25,1c005bcbef3a2cc7c3c99f5013487a5a902fde9aca9c42e62b9da2eeda38c14c,False,route_removal,1cf296f3821f9ea54bc16c5d9f5036871da19d7f82f45b8859659e97d1c8dfc9
C201,solomon_txt,d8d9834087ae2326fa23a8510533060233dc9fb481873be60956eb26a880ad63,0,1,ok,True,3,623569,623.569,0.175518,0.500387,1,time_limit,solomon_exact_1000_v1,,,,,,0.5,,100,,25,1c005bcbef3a2cc7c3c99f5013487a5a902fde9aca9c42e62b9da2eeda38c14c,False,route_removal,1cf296f3821f9ea54bc16c5d9f5036871da19d7f82f45b8859659e97d1c8dfc9
C201,solomon_txt,d8d9834087ae2326fa23a8510533060233dc9fb481873be60956eb26a880ad63,1,1,ok,True,3,623569,623.569,0.176041,0.500405,1,time_limit,solomon_exact_1000_v1,,,,,,0.5,,100,,25,1c005bcbef3a2cc7c3c99f5013487a5a902fde9aca9c42e62b9da2eeda38c14c,False,route_removal,1cf296f3821f9ea54bc16c5d9f5036871da19d7f82f45b8859659e97d1c8dfc9
C201,solomon_txt,d8d9834087ae2326fa23a8510533060233dc9fb481873be60956eb26a880ad63,2,1,ok,True,3,623569,623.569,0.175923,0.500367,1,time_limit,solomon_exact_1000_v1,,,,,,0.5,,100,,25,1c005bcbef3a2cc7c3c99f5013487a5a902fde9aca9c42e62b9da2eeda38c14c,False,route_removal,1cf296f3821f9ea54bc16c5d9f5036871da19d7f82f45b8859659e97d1c8dfc9
C202,solomon_txt,dfc8ecad79f6c7ffb096cd36994143569f0babe284d5ad194683271d81063772,0,1,ok,True,3,717867,717.867,0.17263,0.500408,1,time_limit,solomon_exact_1000_v1,,,,,,0.5,,100,,25,1c005bcbef3a2cc7c3c99f5013487a5a902fde9aca9c42e62b9da2eeda38c14c,False,route_removal,1cf296f3821f9ea54bc16c5d9f5036871da19d7f82f45b8859659e97d1c8dfc9
C202,solomon_txt,dfc8ecad79f6c7ffb096cd36994143569f0babe284d5ad194683271d81063772,1,1,ok,True,3,717867,717.867,0.177681,0.500382,1,time_limit,solomon_exact_1000_v1,,,,,,0.5,,100,,25,1c005bcbef3a2cc7c3c99f5013487a5a902fde9aca9c42e62b9da2eeda38c14c,False,route_removal,1cf296f3821f9ea54bc16c5d9f5036871da19d7f82f45b8859659e97d1c8dfc9
C202,solomon_txt,dfc8ecad79f6c7ffb096cd36994143569f0babe284d5ad194683271d81063772,2,1,ok,True,3,717363,717.363,0.170052,0.500392,1,time_limit,solomon_exact_1000_v1,,,,,,0.5,,100,,25,1c005bcbef3a2cc7c3c99f5013487a5a902fde9aca9c42e62b9da2eeda38c14c,False,route_removal,1cf296f3821f9ea54bc16c5d9f5036871da19d7f82f45b8859659e97d1c8dfc9
C203,solomon_txt,2b79eea2962a848cb29f6153d4fb4ae725d35507686d937da6643b33fcd85062,0,1,ok,True,4,894861,894.861,0.164185,0.500217,1,time_limit,solomon_exact_1000_v1,,,,,,0.5,,100,,25,1c005bcbef3a2cc7c3c99f5013487a5a902fde9aca9c42e62b9da2eeda38c14c,False,route_removal,1cf296f3821f9ea54bc16c5d9f5036871da19d7f82f45b8859659e97d1c8dfc9
C203,solomon_txt,2b79eea2962a848cb29f6153d4fb4ae725d35507686d937da6643b33fcd85062,1,1,ok,True,4,893332,893.332,0.167602,0.500391,1,time_limit,solomon_exact_1000_v1,,,,,,0.5,,100,,25,1c005bcbef3a2cc7c3c99f5013487a5a902fde9aca9c42e62b9da2eeda38c14c,False,route_removal,1cf296f3821f9ea54bc16c5d9f5036871da19d7f82f45b8859659e97d1c8dfc9
C203,solomon_txt,2b79eea2962a848cb29f6153d4fb4ae725d35507686d937da6643b33fcd85062,2,1,ok,True,4,894148,894.148,0.163908,0.500376,1,time_limit,solomon_exact_1000_v1,,,,,,0.5,,100,,25,1c005bcbef3a2cc7c3c99f5013487a5a902fde9aca9c42e62b9da2eeda38c14c,False,route_removal,1cf296f3821f9ea54bc16c5d9f5036871da19d7f82f45b8859659e97d1c8dfc9
C204,solomon_txt,4331b2744d34e32c2987e3fe8a82b782a2039d757d2aac818f7e0fd21117bfb4,0,1,ok,True,4,1439548,1439.548,0.174543,0.500255,1,time_limit,solomon_exact_1000_v1,,,,,,0.5,,100,,25,1c005bcbef3a2cc7c3c99f5013487a5a902fde9aca9c42e62b9da2eeda38c14c,False,route_removal,1cf296f3821f9ea54bc16c5d9f5036871da19d7f82f45b8859659e97d1c8dfc9
C204,solomon_txt,4331b2744d34e32c2987e3fe8a82b782a2039d757d2aac818f7e0fd21117bfb4,1,1,ok,True,4,1439548,1439.548,0.187887,0.500187,1,time_limit,solomon_exact_1000_v1,,,,,,0.5,,100,,25,1c005bcbef3a2cc7c3c99f5013487a5a902fde9aca9c42e62b9da2eeda38c14c,False,route_removal,1cf296f3821f9ea54bc16c5d9f5036871da19d7f82f45b8859659e97d1c8dfc9
C204,solomon_txt,4331b2744d34e32c2987e3fe8a82b782a2039d757d2aac818f7e0fd21117bfb4,2,1,ok,True,4,1400607,1400.607,0.17614,0.500384,1,time_limit,solomon_exact_1000_v1,,,,,,0.5,,100,,25,1c005bcbef3a2cc7c3c99f5013487a5a902fde9aca9c42e62b9da2eeda38c14c,False,route_removal,1cf296f3821f9ea54bc16c5d9f5036871da19d7f82f45b8859659e97d1c8dfc9
C205,solomon_txt,15be2bb8c3e4ad99a79d1e7ee0472223feb95a4f423d010e032bda0a87266ca5,0,1,ok,True,4,912158,912.158,0.154973,0.500233,1,time_limit,solomon_exact_1000_v1,,,,,,0.5,,100,,25,1c005bcbef3a2cc7c3c99f5013487a5a902fde9aca9c42e62b9da2eeda38c14c,False,route_removal,1cf296f3821f9ea54bc16c5d9f5036871da19d7f82f45b8859659e97d1c8dfc9
C205,solomon_txt,15be2bb8c3e4ad99a79d1e7ee0472223feb95a4f423d010e032bda0a87266ca5,1,1,ok,True,4,912158,912.158,0.164132,0.500201,1,time_limit,solomon_exact_1000_v1,,,,,,0.5,,100,,25,1c005bcbef3a2cc7c3c99f5013487a5a902fde9aca9c42e62b9da2eeda38c14c,False,route_removal,1cf296f3821f9ea54bc16c5d9f5036871da19d7f82f45b8859659e97d1c8dfc9
C205,solomon_txt,15be2bb8c3e4ad99a79d1e7ee0472223feb95a4f423d010e032bda0a87266ca5,2,1,ok,True,4,912151,912.151,0.170519,0.500392,1,time_limit,solomon_exact_1000_v1,,,,,,0.5,,100,,25,1c005bcbef3a2cc7c3c99f5013487a5a902fde9aca9c42e62b9da2eeda38c14c,False,route_removal,1cf296f3821f9ea54bc16c5d9f5036871da19d7f82f45b8859659e97d1c8dfc9
C206,solomon_txt,745b6c7042707ffbbfc4d681ee02a84431425f1dfb3c8aa85ecf003fec8f7e53,0,1,ok,True,4,1154595,1154.595,0.176246,0.500251,1,time_limit,solomon_exact_1000_v1,,,,,,0.5,,100,,25,1c005bcbef3a2cc7c3c99f5013487a5a902fde9aca9c42e62b9da2eeda38c14c,False,route_removal,1cf296f3821f9ea54bc16c5d9f5036871da19d7f82f45b8859659e97d1c8dfc9
C206,solomon_txt,745b6c7042707ffbbfc4d681ee02a84431425f1dfb3c8aa85ecf003fec8f7e53,1,1,ok,True,4,1154595,1154.595,0.181506,0.500224,1,time_limit,solomon_exact_1000_v1,,,,,,0.5,,100,,25,1c005bcbef3a2cc7c3c99f5013487a5a902fde9aca9c42e62b9da2eeda38c14c,False,route_removal,1cf296f3821f9ea54bc16c5d9f5036871da19d7f82f45b8859659e97d1c8dfc9
C206,solomon_txt,745b6c7042707ffbbfc4d681ee02a84431425f1dfb3c8aa85ecf003fec8f7e53,2,1,ok,True,4,1149109,1149.109,0.178611,0.500497,1,time_limit,solomon_exact_1000_v1,,,,,,0.5,,100,,25,1c005bcbef3a2cc7c3c99f5013487a5a902fde9aca9c42e62b9da2eeda38c14c,False,route_removal,1cf296f3821f9ea54bc16c5d9f5036871da19d7f82f45b8859659e97d1c8dfc9
C207,solomon_txt,a33f03570a944c8a6d185fd6a173e66c68e67c399a4958b2d5b6d49533ace4a4,0,1,ok,True,3,786276,786.276,0.175802,0.500402,1,time_limit,solomon_exact_1000_v1,,,,,,0.5,,100,,25,1c005bcbef3a2cc7c3c99f5013487a5a902fde9aca9c42e62b9da2eeda38c14c,False,route_removal,1cf296f3821f9ea54bc16c5d9f5036871da19d7f82f45b8859659e97d1c8dfc9
C207,solomon_txt,a33f03570a944c8a6d185fd6a173e66c68e67c399a4958b2d5b6d49533ace4a4,1,1,ok,True,3,707227,707.227,0.185595,0.500422,1,time_limit,solomon_exact_1000_v1,,,,,,0.5,,100,,25,1c005bcbef3a2cc7c3c99f5013487a5a902fde9aca9c42e62b9da2eeda38c14c,False,route_removal,1cf296f3821f9ea54bc16c5d9f5036871da19d7f82f45b8859659e97d1c8dfc9
C207,solomon_txt,a33f03570a944c8a6d185fd6a173e66c68e67c399a4958b2d5b6d49533ace4a4,2,1,ok,True,3,707227,707.227,0.181488,0.500425,1,time_limit,solomon_exact_1000_v1,,,,,,0.5,,100,,25,1c005bcbef3a2cc7c3c99f5013487a5a902fde9aca9c42e62b9da2eeda38c14c,False,route_removal,1cf296f3821f9ea54bc16c5d9f5036871da19d7f82f45b8859659e97d1c8dfc9
C208,solomon_txt,1c2f2381b8743680dbeb34322869cbf5a6cdd8c281f4bcffdb99b533e601874b,0,1,ok,True,4,957831,957.831,0.18827,0.5002,1,time_limit,solomon_exact_1000_v1,,,,,,0.5,,100,,25,1c005bcbef3a2cc7c3c99f5013487a5a902fde9aca9c42e62b9da2eeda38c14c,False,route_removal,1cf296f3821f9ea54bc16c5d9f5036871da19d7f82f45b8859659e97d1c8dfc9
C208,solomon_txt,1c2f2381b8743680dbeb34322869cbf5a6cdd8c281f4bcffdb99b533e601874b,1,1,ok,True,4,957831,957.831,0.178095,0.500218,1,time_limit,solomon_exact_1000_v1,,,,,,0.5,,100,,25,1c005bcbef3a2cc7c3c99f5013487a5a902fde9aca9c42e62b9da2eeda38c14c,False,route_removal,1cf296f3821f9ea54bc16c5d9f5036871da19d7f82f45b8859659e97d1c8dfc9
C208,solomon_txt,1c2f2381b8743680dbeb34322869cbf5a6cdd8c281f4bcffdb99b533e601874b,2,1,ok,True,4,957515,957.515,0.181544,0.500372,1,time_limit,solomon_exact_1000_v1,,,,,,0.5,,100,,25,1c005bcbef3a2cc7c3c99f5013487a5a902fde9aca9c42e62b9da2eeda38c14c,False,route_removal,1cf296f3821f9ea54bc16c5d9f5036871da19d7f82f45b8859659e97d1c8dfc9
R101,solomon_txt,3f3655182bc0fe44ce5de65fdcd2ee2f9c7fb9ed055f923635151d9d6f76d3ed,0,1,ok,True,20,1771210,1771.21,0.052498,0.500512,1,time_limit,solomon_exact_1000_v1,,,,,,0.5,,100,,25,1c005bcbef3a2cc7c3c99f5013487a5a902fde9aca9c42e62b9da2eeda38c14c,False,route_removal,1cf296f3821f9ea54bc16c5d9f5036871da19d7f82f45b8859659e97d1c8dfc9
R101,solomon_txt,3f3655182bc0fe44ce5de65fdcd2ee2f9c7fb9ed055f923635151d9d6f76d3ed,1,1,ok,True,20,1788487,1788.487,0.053933,0.500464,1,time_limit,solomon_exact_1000_v1,,,,,,0.5,,100,,25,1c005bcbef3a2cc7c3c99f5013487a5a902fde9aca9c42e62b9da2eeda38c14c,False,route_removal,1cf296f3821f9ea54bc16c5d9f5036871da19d7f82f45b8859659e97d1c8dfc9
R101,solomon_txt,3f3655182bc0fe44ce5de65fdcd2ee2f9c7fb9ed055f923635151d9d6f76d3ed,2,1,ok,True,20,1788487,1788.487,0.050688,0.500487,1,time_limit,solomon_exact_1000_v1,,,,,,0.5,,100,,25,1c005bcbef3a2cc7c3c99f5013487a5a902fde9aca9c42e62b9da2eeda38c14c,False,route_removal,1cf296f3821f9ea54bc16c5d9f5036871da19d7f82f45b8859659e97d1c8dfc9
R102,solomon_txt,eeb23171b7e4fbfc80bf000ca770329109900fbd7273fa8b9d1f95b7dfe683c3,0,1,ok,True,19,1545836,1545.836,0.054404,0.500477,1,time_limit,solomon_exact_1000_v1,,,,,,0.5,,100,,25,1c005bcbef3a2cc7c3c99f5013487a5a902fde9aca9c42e62b9da2eeda38c14c,False,route_removal,1cf296f3821f9ea54bc16c5d9f5036871da19d7f82f45b8859659e97d1c8dfc9
R102,solomon_txt,eeb23171b7e4fbfc80bf000ca770329109900fbd7273fa8b9d1f95b7dfe683c3,1,1,ok,True,19,1543548,1543.548,0.056117,0.500469,1,time_limit,solomon_exact_1000_v1,,,,,,0.5,,100,,25,1c005bcbef3a2cc7c3c99f5013487a5a902fde9aca9c42e62b9da2eeda38c14c,False,route_removal,1cf296f3821f9ea54bc16c5d9f5036871da19d7f82f45b8859659e97d1c8dfc9
R102,solomon_txt,eeb23171b7e4fbfc80bf000ca770329109900fbd7273fa8b9d1f95b7dfe683c3,2,1,ok,True,19,1543548,1543.548,0.056591,0.500472,1,time_limit,solomon_exact_1000_v1,,,,,,0.5,,100,,25,1c005bcbef3a2cc7c3c99f5013487a5a902fde9aca9c42e62b9da2eeda38c14c,False,route_removal,1cf296f3821f9ea54bc16c5d9f5036871da19d7f82f45b8859659e97d1c8dfc9
R103,solomon_txt,1f833e8648ba39e0edc76754fb49e81777a7175cf7b084c3f60a12607bfb3991,0,1,ok,True,14,1436768,1436.768,0.064143,0.500452,1,time_limit,solomon_exact_1000_v1,,,,,,0.5,,100,,25,1c005bcbef3a2cc7c3c99f5013487a5a902fde9aca9c42e62b9da2eeda38c14c,False,route_removal,1cf296f3821f9ea54bc16c5d9f5036871da19d7f82f45b8859659e97d1c8dfc9
R103,solomon_txt,1f833e8648ba39e0edc76754fb49e81777a7175cf7b084c3f60a12607bfb3991,1,1,ok,True,14,1430983,1430.983,0.062493,0.500436,1,time_limit,solomon_exact_1000_v1,,,,,,0.5,,100,,25,1c005bcbef3a2cc7c3c99f5013487a5a902fde9aca9c42e62b9da2eeda38c14c,False,route_removal,1cf296f3821f9ea54bc16c5d9f5036871da19d7f82f45b8859659e97d1c8dfc9
R103,solomon_txt,1f833e8648ba39e0edc76754fb49e81777a7175cf7b084c3f60a12607bfb3991,2,1,ok,True,14,1435795,1435.795,0.06226,0.500477,1,time_limit,solomon_exact_1000_v1,,,,,,0.5,,100,,25,1c005bcbef3a2cc7c3c99f5013487a5a902fde9aca9c42e62b9da2eeda38c14c,False,route_removal,1cf296f3821f9ea54bc16c5d9f5036871da19d7f82f45b8859659e97d1c8dfc9
R104,solomon_txt,dd087124311d91facd81736debbfc7d0f351d27942917e2d76cbafd01e6183b7,0,1,ok,True,12,1245019,1245.019,0.071019,0.500429,1,time_limit,solomon_exact_1000_v1,,,,,,0.5,,100,,25,1c005bcbef3a2cc7c3c99f5013487a5a902fde9aca9c42e62b9da2eeda38c14c,False,route_removal,1cf296f3821f9ea54bc16c5d9f5036871da19d7f82f45b8859659e97d1c8dfc9
R104,solomon_txt,dd087124311d91facd81736debbfc7d0f351d27942917e2d76cbafd01e6183b7,1,1,ok,True,12,1171492,1171.492,0.072326,0.500431,1,time_limit,solomon_exact_1000_v1,,,,,,0.5,,100,,25,1c005bcbef3a2cc7c3c99f5013487a5a902fde9aca9c42e62b9da2eeda38c14c,False,route_removal,1cf296f3821f9ea54bc16c5d9f5036871da19d7f82f45b8859659e97d1c8dfc9
R104,solomon_txt,dd087124311d91facd81736debbfc7d0f351d27942917e2d76cbafd01e6183b7,2,1,ok,True,12,1305701,1305.701,0.070966,0.500422,1,time_limit,solomon_exact_1000_v1,,,,,,0.5,,100,,25,1c005bcbef3a2cc7c3c99f5013487a5a902fde9aca9c42e62b9da2eeda38c14c,False,route_removal,1cf296f3821f9ea54bc16c5d9f5036871da19d7f82f45b8859659e97d1c8dfc9
R105,solomon_txt,ff1a614f8458d6339b3f54d8e4ca2dcf0a35c96012f477f6a819ae481de85ca4,0,1,ok,True,17,1570866,1570.866,0.055609,0.500467,1,time_limit,solomon_exact_1000_v1,,,,,,0.5,,100,,25,1c005bcbef3a2cc7c3c99f5013487a5a902fde9aca9c42e62b9da2eeda38c14c,False,route_removal,1cf296f3821f9ea54bc16c5d9f5036871da19d7f82f45b8859659e97d1c8dfc9
R105,solomon_txt,ff1a614f8458d6339b3f54d8e4ca2dcf0a35c96012f477f6a819ae481de85ca4,1,1,ok,True,17,1570866,1570.866,0.058097,0.500436,1,time_limit,solomon_exact_1000_v1,,,,,,0.5,,100,,25,1c005bcbef3a2cc7c3c99f5013487a5a902fde9aca9c42e62b9da2eeda38c14c,False,route_removal,1cf296f3821f9ea54bc16c5d9f5036871da19d7f82f45b8859659e97d1c8dfc9
R105,solomon_txt,ff1a614f8458d6339b3f54d8e4ca2dcf0a35c96012f477f6a819ae481de85ca4,2,1,ok,True,17,1666334,1666.334,0.058772,0.500527,1,time_limit,solomon_exact_1000_v1,,,,,,0.5,,100,,25,1c005bcbef3a2cc7c3c99f5013487a5a902fde9aca9c42e62b9da2eeda38c14c,False,route_removal,1cf296f3821f9ea54bc16c5d9f5036871da19d7f82f45b8859659e97d1c8dfc9
R106,solomon_txt,31b8783d177f0fbe1c84b8f085fbf28b1989a80e4c00f49f5654ebef99835e97,0,1,ok,True,15,1457927,1457.927,0.060109,0.50047,1,time_limit,solomon_exact_1000_v1,,,,,,0.5,,100,,25,1c005bcbef3a2cc7c3c99f5013487a5a902fde9aca9c42e62b9da2eeda38c14c,False,route_removal,1cf296f3821f9ea54bc16c5d9f5036871da19d7f82f45b8859659e97d1c8dfc9
R106,solomon_txt,31b8783d177f0fbe1c84b8f085fbf28b1989a80e4c00f49f5654ebef99835e97,1,1,ok,True,15,1457927,1457.927,0.060044,0.500553,1,time_limit,solomon_exact_1000_v1,,,,,,0.5,,100,,25,1c005bcbef3a2cc7c3c99f5013487a5a902fde9aca9c42e62b9da2eeda38c14c,False,route_removal,1cf296f3821f9ea54bc16c5d9f5036871da19d7f82f45b8859659e97d1c8dfc9
R106,solomon_txt,31b8783d177f0fbe1c84b8f085fbf28b1989a80e4c00f49f5654ebef99835e97,2,1,ok,True,15,1435333,1435.333,0.058018,0.500448,1,time_limit,solomon_exact_1000_v1,,,,,,0.5,,100,,25,1c005bcbef3a2cc7c3c99f5013487a5a902fde9aca9c42e62b9da2eeda38c14c,False,route_removal,1cf296f3821f9ea54bc16c5d9f5036871da19d7f82f45b8859659e97d1c8dfc9
R107,solomon_txt,dba2b257a1d43d7c78d5e3a9f09091a2b125d3fbec78c0c8a1782add669a1275,0,1,ok,True,13,1488104,1488.104,0.065928,0.500435,1,time_limit,solomon_exact_1000_v1,,,,,,0.5,,100,,25,1c005bcbef3a2cc7c3c99f5013487a5a902fde9aca9c42e62b9da2eeda38c14c,False,route_removal,1cf296f3821f9ea54bc16c5d9f5036871da19d7f82f45b8859659e97d1c8dfc9
R107,solomon_txt,dba2b257a1d43d7c78d5e3a9f09091a2b125d3fbec78c0c8a1782add669a1275,1,1,ok,True,13,1422516,1422.516,0.065199,0.500426,1,time_limit,solomon_exact_1000_v1,,,,,,0.5,,100,,25,1c005bcbef3a2cc7c3c99f5013487a5a902fde9aca9c42e62b9da2eeda38c14c,False,route_removal,1cf296f3821f9ea54bc16c5d9f5036871da19d7f82f45b8859659e97d1c8dfc9
R107,solomon_txt,dba2b257a1d43d7c78d5e3a9f09091a2b125d3fbec78c0c8a1782add669a1275,2,1,ok,True,13,1407176,1407.176,0.065898,0.500425,1,time_limit,solomon_exact_1000_v1,,,,,,0.5,,100,,25,1c005bcbef3a2cc7c3c99f5013487a5a902fde9aca9c42e62b9da2eeda38c14c,False,route_removal,1cf296f3821f9ea54bc16c5d9f5036871da19d7f82f45b8859659e97d1c8dfc9
R108,solomon_txt,65cae09f4099b7e70d2b723e0e3a30aa1494c75a367bb894a3fd13241ee639d4,0,1,ok,True,12,1382575,1382.575,0.073468,0.500476,1,time_limit,solomon_exact_1000_v1,,,,,,0.5,,100,,25,1c005bcbef3a2cc7c3c99f5013487a5a902fde9aca9c42e62b9da2eeda38c14c,False,route_removal,1cf296f3821f9ea54bc16c5d9f5036871da19d7f82f45b8859659e97d1c8dfc9
R108,solomon_txt,65cae09f4099b7e70d2b723e0e3a30aa1494c75a367bb894a3fd13241ee639d4,1,1,ok,True,12,1382575,1382.575,0.073578,0.50044,1,time_limit,solomon_exact_1000_v1,,,,,,0.5,,100,,25,1c005bcbef3a2cc7c3c99f5013487a5a902fde9aca9c42e62b9da2eeda38c14c,False,route_removal,1cf296f3821f9ea54bc16c5d9f5036871da19d7f82f45b8859659e97d1c8dfc9
R108,solomon_txt,65cae09f4099b7e70d2b723e0e3a30aa1494c75a367bb894a3fd13241ee639d4,2,1,ok,True,12,1383324,1383.324,0.072472,0.500446,1,time_limit,solomon_exact_1000_v1,,,,,,0.5,,100,,25,1c005bcbef3a2cc7c3c99f5013487a5a902fde9aca9c42e62b9da2eeda38c14c,False,route_removal,1cf296f3821f9ea54bc16c5d9f5036871da19d7f82f45b8859659e97d1c8dfc9
R109,solomon_txt,4ef24030e8c48de5f85dcd90c5739186004fc8dec87533b6467013cf996f4777,0,1,ok,True,18,1776933,1776.933,0.057144,0.500471,1,time_limit,solomon_exact_1000_v1,,,,,,0.5,,100,,25,1c005bcbef3a2cc7c3c99f5013487a5a902fde9aca9c42e62b9da2eeda38c14c,False,route_removal,1cf296f3821f9ea54bc16c5d9f5036871da19d7f82f45b8859659e97d1c8dfc9
R109,solomon_txt,4ef24030e8c48de5f85dcd90c5739186004fc8dec87533b6467013cf996f4777,1,1,ok,True,18,1735233,1735.233,0.054917,0.500469,1,time_limit,solomon_exact_1000_v1,,,,,,0.5,,100,,25,1c005bcbef3a2cc7c3c99f5013487a5a902fde9aca9c42e62b9da2eeda38c14c,False,route_removal,1cf296f3821f9ea54bc16c5d9f5036871da19d7f82f45b8859659e97d1c8dfc9
R109,solomon_txt,4ef24030e8c48de5f85dcd90c5739186004fc8dec87533b6467013cf996f4777,2,1,ok,True,18,1605328,1605.328,0.057049,0.500461,1,time_limit,solomon_exact_1000_v1,,,,,,0.5,,100,,25,1c005bcbef3a2cc7c3c99f5013487a5a902fde9aca9c42e62b9da2eeda38c14c,False,route_removal,1cf296f3821f9ea54bc16c5d9f5036871da19d7f82f45b8859659e97d1c8dfc9
R110,solomon_txt,14cb53cb99af61d3d708f07564b9a72d146e7c26b4f10507cfaf3bc828f34bfa,0,1,ok,True,14,1426470,1426.47,0.063019,0.50045,1,time_limit,solomon_exact_1000_v1,,,,,,0.5,,100,,25,1c005bcbef3a2cc7c3c99f5013487a5a902fde9aca9c42e62b9da2eeda38c14c,False,route_removal,1cf296f3821f9ea54bc16c5d9f5036871da19d7f82f45b8859659e97d1c8dfc9
R110,solomon_txt,14cb53cb99af61d3d708f07564b9a72d146e7c26b4f10507cfaf3bc828f34bfa,1,1,ok,True,14,1433411,1433.411,0.06957,0.500454,1,time_limit,solomon_exact_1000_v1,,,,,,0.5,,100,,25,1c005bcbef3a2cc7c3c99f5013487a5a902fde9aca9c42e62b9da2eeda38c14c,False,route_removal,1cf296f3821f9ea54bc16c5d9f5036871da19d7f82f45b8859659e97d1c8dfc9
R110,solomon_txt,14cb53cb99af61d3d708f07564b9a72d146e7c26b4f10507cfaf3bc828f34bfa,2,1,ok,True,14,1426470,1426.47,0.06238,0.500439,1,time_limit,solomon_exact_1000_v1,,,,,,0.5,,100,,25,1c005bcbef3a2cc7c3c99f5013487a5a902fde9aca9c42e62b9da2eeda38c14c,False,route_removal,1cf296f3821f9ea54bc16c5d9f5036871da19d7f82f45b8859659e97d1c8dfc9
R111,solomon_txt,3d94a73b1f2fe8aae4618b9d9ea254cff2e3924a6a841aa390096ec6c60f258d,0,1,ok,True,13,1389645,1389.645,0.066025,0.500436,1,time_limit,solomon_exact_1000_v1,,,,,,0.5,,100,,25,1c005bcbef3a2cc7c3c99f5013487a5a902fde9aca9c42e62b9da2eeda38c14c,False,route_removal,1cf296f3821f9ea54bc16c5d9f5036871da19d7f82f45b8859659e97d1c8dfc9
R111,solomon_txt,3d94a73b1f2fe8aae4618b9d9ea254cff2e3924a6a841aa390096ec6c60f258d,1,1,ok,True,13,1373095,1373.095,0.066247,0.500467,1,time_limit,solomon_exact_1000_v1,,,,,,0.5,,100,,25,1c005bcbef3a2cc7c3c99f5013487a5a902fde9aca9c42e62b9da2eeda38c14c,False,route_removal,1cf296f3821f9ea54bc16c5d9f5036871da19d7f82f45b8859659e97d1c8dfc9
R111,solomon_txt,3d94a73b1f2fe8aae4618b9d9ea254cff2e3924a6a841aa390096ec6c60f258d,2,1,ok,True,13,1366171,1366.171,0.063551,0.500432,1,time_limit,solomon_exact_1000_v1,,,,,,0.5,,100,,25,1c005bcbef3a2cc7c3c99f5013487a5a902fde9aca9c42e62b9da2eeda38c14c,False,route_removal,1cf296f3821f9ea54bc16c5d9f5036871da19d7f82f45b8859659e97d1c8dfc9
R112,solomon_txt,a0e93149d59d30c356619891d192e86d0f16c3158e1dac3bd9f23c6deb718271,0,1,ok,True,15,1453239,1453.239,0.062458,0.500761,1,time_limit,solomon_exact_1000_v1,,,,,,0.5,,100,,25,1c005bcbef3a2cc7c3c99f5013487a5a902fde9aca9c42e62b9da2eeda38c14c,False,route_removal,1cf296f3821f9ea54bc16c5d9f5036871da19d7f82f45b8859659e97d1c8dfc9
R112,solomon_txt,a0e93149d59d30c356619891d192e86d0f16c3158e1dac3bd9f23c6deb718271,1,1,ok,True,15,1392757,1392.757,0.06487,0.500638,1,time_limit,solomon_exact_1000_v1,,,,,,0.5,,100,,25,1c005bcbef3a2cc7c3c99f5013487a5a902fde9aca9c42e62b9da2eeda38c14c,False,route_removal,1cf296f3821f9ea54bc16c5d9f5036871da19d7f82f45b8859659e97d1c8dfc9
R112,solomon_txt,a0e93149d59d30c356619891d192e86d0f16c3158e1dac3bd9f23c6deb718271,2,1,ok,True,15,1433614,1433.614,0.061936,0.500486,1,time_limit,solomon_exact_1000_v1,,,,,,0.5,,100,,25,1c005bcbef3a2cc7c3c99f5013487a5a902fde9aca9c42e62b9da2eeda38c14c,False,route_removal,1cf296f3821f9ea54bc16c5d9f5036871da19d7f82f45b8859659e97d1c8dfc9
R201,solomon_txt,0be960ec998fff2cab0bdbcc5194c617e5ca0a79c82c5b32b1d4bd98b2cae210,0,1,ok,True,5,1726658,1726.658,0.141009,0.500225,1,time_limit,solomon_exact_1000_v1,,,,,,0.5,,100,,25,1c005bcbef3a2cc7c3c99f5013487a5a902fde9aca9c42e62b9da2eeda38c14c,False,route_removal,1cf296f3821f9ea54bc16c5d9f5036871da19d7f82f45b8859659e97d1c8dfc9
R201,solomon_txt,0be960ec998fff2cab0bdbcc5194c617e5ca0a79c82c5b32b1d4bd98b2cae210,1,1,ok,True,5,1711592,1711.592,0.166697,0.50038,1,time_limit,solomon_exact_1000_v1,,,,,,0.5,,100,,25,1c005bcbef3a2cc7c3c99f5013487a5a902fde9aca9c42e62b9da2eeda38c14c,False,route_removal,1cf296f3821f9ea54bc16c5d9f5036871da19d7f82f45b8859659e97d1c8dfc9
R201,solomon_txt,0be960ec998fff2cab0bdbcc5194c617e5ca0a79c82c5b32b1d4bd98b2cae210,2,1,ok,True,5,1723023,1723.023,0.13284,0.500405,1,time_limit,solomon_exact_1000_v1,,,,,,0.5,,100,,25,1c005bcbef3a2cc7c3c99f5013487a5a902fde9aca9c42e62b9da2eeda38c14c,False,route_removal,1cf296f3821f9ea54bc16c5d9f5036871da19d7f82f45b8859659e97d1c8dfc9
R202,solomon_txt,1f7761bb33e9dd0c94837b32c72280296ffc283dba997379c7ad75ce00dffc8d,0,1,ok,True,4,1622244,1622.244,0.152375,0.500189,1,time_limit,solomon_exact_1000_v1,,,,,,0.5,,100,,25,1c005bcbef3a2cc7c3c99f5013487a5a902fde9aca9c42e62b9da2eeda38c14c,False,route_removal,1cf296f3821f9ea54bc16c5d9f5036871da19d7f82f45b8859659e97d1c8dfc9
R202,solomon_txt,1f7761bb33e9dd0c94837b32c72280296ffc283dba997379c7ad75ce00dffc8d,1,1,ok,True,4,1622244,1622.244,0.151778,0.5006,1,time_limit,solomon_exact_1000_v1,,,,,,0.5,,100,,25,1c005bcbef3a2cc7c3c99f5013487a5a902fde9aca9c42e62b9da2eeda38c14c,False,route_removal,1cf296f3821f9ea54bc16c5d9f5036871da19d7f82f45b8859659e97d1c8dfc9
R202,solomon_txt,1f7761bb33e9dd0c94837b32c72280296ffc283dba997379c7ad75ce00dffc8d,2,1,ok,True,4,1622244,1622.244,0.158896,0.500356,1,time_limit,solomon_exact_1000_v1,,,,,,0.5,,100,,25,1c005bcbef3a2cc7c3c99f5013487a5a902fde9aca9c42e62b9da2eeda38c14c,False,route_removal,1cf296f3821f9ea54bc16c5d9f5036871da19d7f82f45b8859659e97d1c8dfc9
R203,solomon_txt,38c484db31bd7452a94d533e26a2348ef598df600b79d061d9ddc1c61466a731,0,1,ok,True,3,1300221,1300.221,0.162521,0.500194,1,time_limit,solomon_exact_1000_v1,,,,,,0.5,,100,,25,1c005bcbef3a2cc7c3c99f5013487a5a902fde9aca9c42e62b9da2eeda38c14c,False,route_removal,1cf296f3821f9ea54bc16c5d9f5036871da19d7f82f45b8859659e97d1c8dfc9
R203,solomon_txt,38c484db31bd7452a94d533e26a2348ef598df600b79d061d9ddc1c61466a731,1,1,ok,True,3,1300221,1300.221,0.162094,0.50036,1,time_limit,solomon_exact_1000_v1,,,,,,0.5,,100,,25,1c005bcbef3a2cc7c3c99f5013487a5a902fde9aca9c42e62b9da2eeda38c14c,False,route_removal,1cf296f3821f9ea54bc16c5d9f5036871da19d7f82f45b8859659e97d1c8dfc9
R203,solomon_txt,38c484db31bd7452a94d533e26a2348ef598df600b79d061d9ddc1c61466a731,2,1,ok,True,3,1290510,1290.51,0.157561,0.500349,1,time_limit,solomon_exact_1000_v1,,,,,,0.5,,100,,25,1c005bcbef3a2cc7c3c99f5013487a5a902fde9aca9c42e62b9da2eeda38c14c,False,route_removal,1cf296f3821f9ea54bc16c5d9f5036871da19d7f82f45b8859659e97d1c8dfc9
R204,solomon_txt,5349e37d8df99bcbee1efa2e970d2662b5265e5f82fc609343a6af0a60257abf,0,1,ok,True,3,1331038,1331.038,0.203756,0.500191,1,time_limit,solomon_exact_1000_v1,,,,,,0.5,,100,,25,1c005bcbef3a2cc7c3c99f5013487a5a902fde9aca9c42e62b9da2eeda38c14c,False,route_removal,1cf296f3821f9ea54bc16c5d9f5036871da19d7f82f45b8859659e97d1c8dfc9
R204,solomon_txt,5349e37d8df99bcbee1efa2e970d2662b5265e5f82fc609343a6af0a60257abf,1,1,ok,True,3,1331038,1331.038,0.201144,0.50027,1,time_limit,solomon_exact_1000_v1,,,,,,0.5,,100,,25,1c005bcbef3a2cc7c3c99f5013487a5a902fde9aca9c42e62b9da2eeda38c14c,False,route_removal,1cf296f3821f9ea54bc16c5d9f5036871da19d7f82f45b8859659e97d1c8dfc9
R204,solomon_txt,5349e37d8df99bcbee1efa2e970d2662b5265e5f82fc609343a6af0a60257abf,2,1,ok,True,3,1331038,1331.038,0.200161,0.500248,1,time_limit,solomon_exact_1000_v1,,,,,,0.5,,100,,25,1c005bcbef3a2cc7c3c99f5013487a5a902fde9aca9c42e62b9da2eeda38c14c,False,route_removal,1cf296f3821f9ea54bc16c5d9f5036871da19d7f82f45b8859659e97d1c8dfc9
R205,solomon_txt,1996bf8f10716fb8cfc1a585206a6a6e566f32347c1bb8f36c75ed6c887f77e3,0,1,ok,True,4,1700248,1700.248,0.154801,0.500203,1,time_limit,solomon_exact_1000_v1,,,,,,0.5,,100,,25,1c005bcbef3a2cc7c3c99f5013487a5a902fde9aca9c42e62b9da2eeda38c14c,False,route_removal,1cf296f3821f9ea54bc16c5d9f5036871da19d7f82f45b8859659e97d1c8dfc9
R205,solomon_txt,1996bf8f10716fb8cfc1a585206a6a6e566f32347c1bb8f36c75ed6c887f77e3,1,1,ok,True,4,1673993,1673.993,0.158487,0.500371,1,time_limit,solomon_exact_1000_v1,,,,,,0.5,,100,,25,1c005bcbef3a2cc7c3c99f5013487a5a902fde9aca9c42e62b9da2eeda38c14c,False,route_removal,1cf296f3821f9ea54bc16c5d9f5036871da19d7f82f45b8859659e97d1c8dfc9
R205,solomon_txt,1996bf8f10716fb8cfc1a585206a6a6e566f32347c1bb8f36c75ed6c887f77e3,2,1,ok,True,4,1671815,1671.815,0.15842,0.500374,1,time_limit,solomon_exact_1000_v1,,,,,,0.5,,100,,25,1c005bcbef3a2cc7c3c99f5013487a5a902fde9aca9c42e62b9da2eeda38c14c,False,route_removal,1cf296f3821f9ea54bc16c5d9f5036871da19d7f82f45b8859659e97d1c8dfc9
R206,solomon_txt,c8754a0319264d076c038b1bf023c8c4710e8895fe3e03f485e9ae249f32fe43,0,1,ok,True,3,1533607,1533.607,0.165061,0.500224,1,time_limit,solomon_exact_1000_v1,,,,,,0.5,,100,,25,1c005bcbef3a2cc7c3c99f5013487a5a902fde9aca9c42e62b9da2eeda38c14c,False,route_removal,1cf296f3821f9ea54bc16c5d9f5036871da19d7f82f45b8859659e97d1c8dfc9
R206,solomon_txt,c8754a0319264d076c038b1bf023c8c4710e8895fe3e03f485e9ae249f32fe43,1,1,ok,True,3,1533607,1533.607,0.164381,0.500178,1,time_limit,solomon_exact_1000_v1,,,,,,0.5,,100,,25,1c005bcbef3a2cc7c3c99f5013487a5a902fde9aca9c42e62b9da2eeda38c14c,False,route_removal,1cf296f3821f9ea54bc16c5d9f5036871da19d7f82f45b8859659e97d1c8dfc9
R206,solomon_txt,c8754a0319264d076c038b1bf023c8c4710e8895fe3e03f485e9ae249f32fe43,2,1,ok,True,3,1531545,1531.545,0.168848,0.500357,1,time_limit,solomon_exact_1000_v1,,,,,,0.5,,100,,25,1c005bcbef3a2cc7c3c99f5013487a5a902fde9aca9c42e62b9da2eeda38c14c,False,route_removal,1cf296f3821f9ea54bc16c5d9f5036871da19d7f82f45b8859659e97d1c8dfc9
R207,solomon_txt,52dc8eebba43fdc67ca9aadab228b75a297acb55a87db3e4748e82f623e3cbe6,0,1,ok,True,3,1297058,1297.058,0.196731,0.500249,1,time_limit,solomon_exact_1000_v1,,,,,,0.5,,100,,25,1c005bcbef3a2cc7c3c99f5013487a5a902fde9aca9c42e62b9da2eeda38c14c,False,route_removal,1cf296f3821f9ea54bc16c5d9f5036871da19d7f82f45b8859659e97d1c8dfc9
R207,solomon_txt,52dc8eebba43fdc67ca9aadab228b75a297acb55a87db3e4748e82f623e3cbe6,1,1,ok,True,3,1297058,1297.058,0.198999,0.500221,1,time_limit,solomon_exact_1000_v1,,,,,,0.5,,100,,25,1c005bcbef3a2cc7c3c99f5013487a5a902fde9aca9c42e62b9da2eeda38c14c,False,route_removal,1cf296f3821f9ea54bc16c5d9f5036871da19d7f82f45b8859659e97d1c8dfc9
R207,solomon_txt,52dc8eebba43fdc67ca9aadab228b75a297acb55a87db3e4748e82f623e3cbe6,2,1,ok,True,3,1297058,1297.058,0.2081,0.500194,1,time_limit,solomon_exact_1000_v1,,,,,,0.5,,100,,25,1c005bcbef3a2cc7c3c99f5013487a5a902fde9aca9c42e62b9da2eeda38c14c,False,route_removal,1cf296f3821f9ea54bc16c5d9f5036871da19d7f82f45b8859659e97d1c8dfc9
R208,solomon_txt,7b4a95d500af9329dd08791d39898a619faec0f8fac039d57373e761545b980d,0,1,ok,True,3,957965,957.965,0.215505,0.500212,1,time_limit,solomon_exact_1000_v1,,,,,,0.5,,100,,25,1c005bcbef3a2cc7c3c99f5013487a5a902fde9aca9c42e62b9da2eeda38c14c,False,route_removal,1cf296f3821f9ea54bc16c5d9f5036871da19d7f82f45b8859659e97d1c8dfc9
R208,solomon_txt,7b4a95d500af9329dd08791d39898a619faec0f8fac039d57373e761545b980d,1,1,ok,True,3,957965,957.965,0.219553,0.500209,1,time_limit,solomon_exact_1000_v1,,,,,,0.5,,100,,25,1c005bcbef3a2cc7c3c99f5013487a5a902fde9aca9c42e62b9da2eeda38c14c,False,route_removal,1cf296f3821f9ea54bc16c5d9f5036871da19d7f82f45b8859659e97d1c8dfc9
R208,solomon_txt,7b4a95d500af9329dd08791d39898a619faec0f8fac039d57373e761545b980d,2,1,ok,True,3,957965,957.965,0.208533,0.500231,1,time_limit,solomon_exact_1000_v1,,,,,,0.5,,100,,25,1c005bcbef3a2cc7c3c99f5013487a5a902fde9aca9c42e62b9da2eeda38c14c,False,route_removal,1cf296f3821f9ea54bc16c5d9f5036871da19d7f82f45b8859659e97d1c8dfc9
R209,solomon_txt,5b74156d032babcff853ccc693f94463eca8333cd425aa99a39ed996f6258933,0,1,ok,True,4,1712415,1712.415,0.163044,0.500213,1,time_limit,solomon_exact_1000_v1,,,,,,0.5,,100,,25,1c005bcbef3a2cc7c3c99f5013487a5a902fde9aca9c42e62b9da2eeda38c14c,False,route_removal,1cf296f3821f9ea54bc16c5d9f5036871da19d7f82f45b8859659e97d1c8dfc9
R209,solomon_txt,5b74156d032babcff853ccc693f94463eca8333cd425aa99a39ed996f6258933,1,1,ok,True,4,1708477,1708.477,0.161034,0.50037,1,time_limit,solomon_exact_1000_v1,,,,,,0.5,,100,,25,1c005bcbef3a2cc7c3c99f5013487a5a902fde9aca9c42e62b9da2eeda38c14c,False,route_removal,1cf296f3821f9ea54bc16c5d9f5036871da19d7f82f45b8859659e97d1c8dfc9
R209,solomon_txt,5b74156d032babcff853ccc693f94463eca8333cd425aa99a39ed996f6258933,2,1,ok,True,4,1699944,1699.944,0.156033,0.500366,1,time_limit,solomon_exact_1000_v1,,,,,,0.5,,100,,25,1c005bcbef3a2cc7c3c99f5013487a5a902fde9aca9c42e62b9da2eeda38c14c,False,route_removal,1cf296f3821f9ea54bc16c5d9f5036871da19d7f82f45b8859659e97d1c8dfc9
R210,solomon_txt,4e5772f109fb6183e6a648d6a1edaba3435438c2dc11c42da370fecf7bdf3a14,0,1,ok,True,3,1443660,1443.66,0.175177,0.500249,1,time_limit,solomon_exact_1000_v1,,,,,,0.5,,100,,25,1c005bcbef3a2cc7c3c99f5013487a5a902fde9aca9c42e62b9da2eeda38c14c,False,route_removal,1cf296f3821f9ea54bc16c5d9f5036871da19d7f82f45b8859659e97d1c8dfc9
R210,solomon_txt,4e5772f109fb6183e6a648d6a1edaba3435438c2dc11c42da370fecf7bdf3a14,1,1,ok,True,3,1443660,1443.66,0.170243,0.500243,1,time_limit,solomon_exact_1000_v1,,,,,,0.5,,100,,25,1c005bcbef3a2cc7c3c99f5013487a5a902fde9aca9c42e62b9da2eeda38c14c,False,route_removal,1cf296f3821f9ea54bc16c5d9f5036871da19d7f82f45b8859659e97d1c8dfc9
R210,solomon_txt,4e5772f109fb6183e6a648d6a1edaba3435438c2dc11c42da370fecf7bdf3a14,2,1,ok,True,3,1437062,1437.062,0.175132,0.500364,1,time_limit,solomon_exact_1000_v1,,,,,,0.5,,100,,25,1c005bcbef3a2cc7c3c99f5013487a5a902fde9aca9c42e62b9da2eeda38c14c,False,route_removal,1cf296f3821f9ea54bc16c5d9f5036871da19d7f82f45b8859659e97d1c8dfc9
R211,solomon_txt,2965507e467a2f92acd59035975910e36ae11e4f49590d4c7d20a883939227ad,0,1,ok,True,3,1516434,1516.434,0.186359,0.500216,1,time_limit,solomon_exact_1000_v1,,,,,,0.5,,100,,25,1c005bcbef3a2cc7c3c99f5013487a5a902fde9aca9c42e62b9da2eeda38c14c,False,route_removal,1cf296f3821f9ea54bc16c5d9f5036871da19d7f82f45b8859659e97d1c8dfc9
R211,solomon_txt,2965507e467a2f92acd59035975910e36ae11e4f49590d4c7d20a883939227ad,1,1,ok,True,3,1516434,1516.434,0.186301,0.500205,1,time_limit,solomon_exact_1000_v1,,,,,,0.5,,100,,25,1c005bcbef3a2cc7c3c99f5013487a5a902fde9aca9c42e62b9da2eeda38c14c,False,route_removal,1cf296f3821f9ea54bc16c5d9f5036871da19d7f82f45b8859659e97d1c8dfc9
R211,solomon_txt,2965507e467a2f92acd59035975910e36ae11e4f49590d4c7d20a883939227ad,2,1,ok,True,3,1504482,1504.482,0.178777,0.500459,1,time_limit,solomon_exact_1000_v1,,,,,,0.5,,100,,25,1c005bcbef3a2cc7c3c99f5013487a5a902fde9aca9c42e62b9da2eeda38c14c,False,route_removal,1cf296f3821f9ea54bc16c5d9f5036871da19d7f82f45b8859659e97d1c8dfc9
RC101,solomon_txt,ef6893ffd9746ad96de8e4da6e64e2c4ba6e08a1c7eb9457276a9f1caf01ca12,0,1,ok,True,19,1988295,1988.295,0.055478,0.500482,1,time_limit,solomon_exact_1000_v1,,,,,,0.5,,100,,25,1c005bcbef3a2cc7c3c99f5013487a5a902fde9aca9c42e62b9da2eeda38c14c,False,route_removal,1cf296f3821f9ea54bc16c5d9f5036871da19d7f82f45b8859659e97d1c8dfc9
RC101,solomon_txt,ef6893ffd9746ad96de8e4da6e64e2c4ba6e08a1c7eb9457276a9f1caf01ca12,1,1,ok,True,19,1992288,1992.288,0.057847,0.500492,1,time_limit,solomon_exact_1000_v1,,,,,,0.5,,100,,25,1c005bcbef3a2cc7c3c99f5013487a5a902fde9aca9c42e62b9da2eeda38c14c,False,route_removal,1cf296f3821f9ea54bc16c5d9f5036871da19d7f82f45b8859659e97d1c8dfc9
RC101,solomon_txt,ef6893ffd9746ad96de8e4da6e64e2c4ba6e08a1c7eb9457276a9f1caf01ca12,2,1,ok,True,19,1992288,1992.288,0.0584,0.500534,1,time_limit,solomon_exact_1000_v1,,,,,,0.5,,100,,25,1c005bcbef3a2cc7c3c99f5013487a5a902fde9aca9c42e62b9da2eeda38c14c,False,route_removal,1cf296f3821f9ea54bc16c5d9f5036871da19d7f82f45b8859659e97d1c8dfc9
RC102,solomon_txt,36acd349d34a577c7fadd61f78517c2cb74bd06a490273800c288f341e5785a4,0,1,ok,True,15,1639349,1639.349,0.058178,0.500467,1,time_limit,solomon_exact_1000_v1,,,,,,0.5,,100,,25,1c005bcbef3a2cc7c3c99f5013487a5a902fde9aca9c42e62b9da2eeda38c14c,False,route_removal,1cf296f3821f9ea54bc16c5d9f5036871da19d7f82f45b8859659e97d1c8dfc9
RC102,solomon_txt,36acd349d34a577c7fadd61f78517c2cb74bd06a490273800c288f341e5785a4,1,1,ok,True,15,1639946,1639.946,0.059027,0.500518,1,time_limit,solomon_exact_1000_v1,,,,,,0.5,,100,,25,1c005bcbef3a2cc7c3c99f5013487a5a902fde9aca9c42e62b9da2eeda38c14c,False,route_removal,1cf296f3821f9ea54bc16c5d9f5036871da19d7f82f45b8859659e97d1c8dfc9
RC102,solomon_txt,36acd349d34a577c7fadd61f78517c2cb74bd06a490273800c288f341e5785a4,2,1,ok,True,15,1639883,1639.883,0.060413,0.500429,1,time_limit,solomon_exact_1000_v1,,,,,,0.5,,100,,25,1c005bcbef3a2cc7c3c99f5013487a5a902fde9aca9c42e62b9da2eeda38c14c,False,route_removal,1cf296f3821f9ea54bc16c5d9f5036871da19d7f82f45b8859659e97d1c8dfc9
RC103,solomon_txt,00f384138274d5d2bff5c41601db17cc4ad0cfc6315c27e223d4477bf435cc2d,0,1,ok,True,13,1714518,1714.518,0.069641,0.500427,1,time_limit,solomon_exact_1000_v1,,,,,,0.5,,100,,25,1c005bcbef3a2cc7c3c99f5013487a5a902fde9aca9c42e62b9da2eeda38c14c,False,route_removal,1cf296f3821f9ea54bc16c5d9f5036871da19d7f82f45b8859659e97d1c8dfc9
RC103,solomon_txt,00f384138274d5d2bff5c41601db17cc4ad0cfc6315c27e223d4477bf435cc2d,1,1,ok,True,13,1712609,1712.609,0.064585,0.500438,1,time_limit,solomon_exact_1000_v1,,,,,,0.5,,100,,25,1c005bcbef3a2cc7c3c99f5013487a5a902fde9aca9c42e62b9da2eeda38c14c,False,route_removal,1cf296f3821f9ea54bc16c5d9f5036871da19d7f82f45b8859659e97d1c8dfc9
RC103,solomon_txt,00f384138274d5d2bff5c41601db17cc4ad0cfc6315c27e223d4477bf435cc2d,2,1,ok,True,13,1714518,1714.518,0.068407,0.500439,1,time_limit,solomon_exact_1000_v1,,,,,,0.5,,100,,25,1c005bcbef3a2cc7c3c99f5013487a5a902fde9aca9c42e62b9da2eeda38c14c,False,route_removal,1cf296f3821f9ea54bc16c5d9f5036871da19d7f82f45b8859659e97d1c8dfc9
RC104,solomon_txt,d150b2d61049a488fb89a2320c197d81a7ef9a1864abbbaea1d13a2b451253ee,0,1,ok,True,14,1810474,1810.474,0.070312,0.500477,1,time_limit,solomon_exact_1000_v1,,,,,,0.5,,100,,25,1c005bcbef3a2cc7c3c99f5013487a5a902fde9aca9c42e62b9da2eeda38c14c,False,route_removal,1cf296f3821f9ea54bc16c5d9f5036871da19d7f82f45b8859659e97d1c8dfc9
RC104,solomon_txt,d150b2d61049a488fb89a2320c197d81a7ef9a1864abbbaea1d13a2b451253ee,1,1,ok,True,14,1771402,1771.402,0.0676,0.500488,1,time_limit,solomon_exact_1000_v1,,,,,,0.5,,100,,25,1c005bcbef3a2cc7c3c99f5013487a5a902fde9aca9c42e62b9da2eeda38c14c,False,route_removal,1cf296f3821f9ea54bc16c5d9f5036871da19d7f82f45b8859659e97d1c8dfc9
RC104,solomon_txt,d150b2d61049a488fb89a2320c197d81a7ef9a1864abbbaea1d13a2b451253ee,2,1,ok,True,14,1768162,1768.162,0.067242,0.500452,1,time_limit,solomon_exact_1000_v1,,,,,,0.5,,100,,25,1c005bcbef3a2cc7c3c99f5013487a5a902fde9aca9c42e62b9da2eeda38c14c,False,route_removal,1cf296f3821f9ea54bc16c5d9f5036871da19d7f82f45b8859659e97d1c8dfc9
RC105,solomon_txt,b9e912625c1ed80d2f565e0799ade2f4b17bf4f95056322ca23f1a21b37e7a49,0,1,ok,True,16,1922808,1922.808,0.059133,0.500453,1,time_limit,solomon_exact_1000_v1,,,,,,0.5,,100,,25,1c005bcbef3a2cc7c3c99f5013487a5a902fde9aca9c42e62b9da2eeda38c14c,False,route_removal,1cf296f3821f9ea54bc16c5d9f5036871da19d7f82f45b8859659e97d1c8dfc9
RC105,solomon_txt,b9e912625c1ed80d2f565e0799ade2f4b17bf4f95056322ca23f1a21b37e7a49,1,1,ok,True,16,1946086,1946.086,0.058262,0.500452,1,time_limit,solomon_exact_1000_v1,,,,,,0.5,,100,,25,1c005bcbef3a2cc7c3c99f5013487a5a902fde9aca9c42e62b9da2eeda38c14c,False,route_removal,1cf296f3821f9ea54bc16c5d9f5036871da19d7f82f45b8859659e97d1c8dfc9
RC105,solomon_txt,b9e912625c1ed80d2f565e0799ade2f4b17bf4f95056322ca23f1a21b37e7a49,2,1,ok,True,16,1964117,1964.117,0.057793,0.50046,1,time_limit,solomon_exact_1000_v1,,,,,,0.5,,100,,25,1c005bcbef3a2cc7c3c99f5013487a5a902fde9aca9c42e62b9da2eeda38c14c,False,route_removal,1cf296f3821f9ea54bc16c5d9f5036871da19d7f82f45b8859659e97d1c8dfc9
RC106,solomon_txt,bf016ffc567af2d108570357daf1d0cabb7f680c0bd977d2e4366787683fdbaf,0,1,ok,True,17,1689742,1689.742,0.056489,0.500478,1,time_limit,solomon_exact_1000_v1,,,,,,0.5,,100,,25,1c005bcbef3a2cc7c3c99f5013487a5a902fde9aca9c42e62b9da2eeda38c14c,False,route_removal,1cf296f3821f9ea54bc16c5d9f5036871da19d7f82f45b8859659e97d1c8dfc9
RC106,solomon_txt,bf016ffc567af2d108570357daf1d0cabb7f680c0bd977d2e4366787683fdbaf,1,1,ok,True,17,1819703,1819.703,0.059705,0.500485,1,time_limit,solomon_exact_1000_v1,,,,,,0.5,,100,,25,1c005bcbef3a2cc7c3c99f5013487a5a902fde9aca9c42e62b9da2eeda38c14c,False,route_removal,1cf296f3821f9ea54bc16c5d9f5036871da19d7f82f45b8859659e97d1c8dfc9
RC106,solomon_txt,bf016ffc567af2d108570357daf1d0cabb7f680c0bd977d2e4366787683fdbaf,2,1,ok,True,17,1898321,1898.321,0.061851,0.500493,1,time_limit,solomon_exact_1000_v1,,,,,,0.5,,100,,25,1c005bcbef3a2cc7c3c99f5013487a5a902fde9aca9c42e62b9da2eeda38c14c,False,route_removal,1cf296f3821f9ea54bc16c5d9f5036871da19d7f82f45b8859659e97d1c8dfc9
RC107,solomon_txt,fff3fd68d110671ed442575f07cc547291586f30b00c5f73934d521d31311582,0,1,ok,True,16,1715159,1715.159,0.063473,0.500531,1,time_limit,solomon_exact_1000_v1,,,,,,0.5,,100,,25,1c005bcbef3a2cc7c3c99f5013487a5a902fde9aca9c42e62b9da2eeda38c14c,False,route_removal,1cf296f3821f9ea54bc16c5d9f5036871da19d7f82f45b8859659e97d1c8dfc9
RC107,solomon_txt,fff3fd68d110671ed442575f07cc547291586f30b00c5f73934d521d31311582,1,1,ok,True,16,1850495,1850.495,0.064291,0.500483,1,time_limit,solomon_exact_1000_v1,,,,,,0.5,,100,,25,1c005bcbef3a2cc7c3c99f5013487a5a902fde9aca9c42e62b9da2eeda38c14c,False,route_removal,1cf296f3821f9ea54bc16c5d9f5036871da19d7f82f45b8859659e97d1c8dfc9
RC107,solomon_txt,fff3fd68d110671ed442575f07cc547291586f30b00c5f73934d521d31311582,2,1,ok,True,16,1765811,1765.811,0.063424,0.500468,1,time_limit,solomon_exact_1000_v1,,,,,,0.5,,100,,25,1c005bcbef3a2cc7c3c99f5013487a5a902fde9aca9c42e62b9da2eeda38c14c,False,route_removal,1cf296f3821f9ea54bc16c5d9f5036871da19d7f82f45b8859659e97d1c8dfc9
RC108,solomon_txt,006bc8817bf09f9a8c66af8d6f088bdec239b2eb435556e9d11193cf456f7aeb,0,1,ok,True,15,1682115,1682.115,0.061239,0.500457,1,time_limit,solomon_exact_1000_v1,,,,,,0.5,,100,,25,1c005bcbef3a2cc7c3c99f5013487a5a902fde9aca9c42e62b9da2eeda38c14c,False,route_removal,1cf296f3821f9ea54bc16c5d9f5036871da19d7f82f45b8859659e97d1c8dfc9
RC108,solomon_txt,006bc8817bf09f9a8c66af8d6f088bdec239b2eb435556e9d11193cf456f7aeb,1,1,ok,True,15,1632679,1632.679,0.061959,0.500439,2,time_limit,solomon_exact_1000_v1,,,,,,0.5,,100,,25,1c005bcbef3a2cc7c3c99f5013487a5a902fde9aca9c42e62b9da2eeda38c14c,False,route_removal,1cf296f3821f9ea54bc16c5d9f5036871da19d7f82f45b8859659e97d1c8dfc9
RC108,solomon_txt,006bc8817bf09f9a8c66af8d6f088bdec239b2eb435556e9d11193cf456f7aeb,2,1,ok,True,15,1631026,1631.026,0.06167,0.500447,1,time_limit,solomon_exact_1000_v1,,,,,,0.5,,100,,25,1c005bcbef3a2cc7c3c99f5013487a5a902fde9aca9c42e62b9da2eeda38c14c,False,route_removal,1cf296f3821f9ea54bc16c5d9f5036871da19d7f82f45b8859659e97d1c8dfc9
RC201,solomon_txt,288836e2d8c2ace83ebbff77e03ac8cdffc574fc134cade21ef92713f8c52d44,0,1,ok,True,5,2429811,2429.811,0.127975,0.500194,1,time_limit,solomon_exact_1000_v1,,,,,,0.5,,100,,25,1c005bcbef3a2cc7c3c99f5013487a5a902fde9aca9c42e62b9da2eeda38c14c,False,route_removal,1cf296f3821f9ea54bc16c5d9f5036871da19d7f82f45b8859659e97d1c8dfc9
RC201,solomon_txt,288836e2d8c2ace83ebbff77e03ac8cdffc574fc134cade21ef92713f8c52d44,1,1,ok,True,5,2297466,2297.466,0.12839,0.500417,1,time_limit,solomon_exact_1000_v1,,,,,,0.5,,100,,25,1c005bcbef3a2cc7c3c99f5013487a5a902fde9aca9c42e62b9da2eeda38c14c,False,route_removal,1cf296f3821f9ea54bc16c5d9f5036871da19d7f82f45b8859659e97d1c8dfc9
RC201,solomon_txt,288836e2d8c2ace83ebbff77e03ac8cdffc574fc134cade21ef92713f8c52d44,2,1,ok,True,5,2376396,2376.396,0.127569,0.500348,1,time_limit,solomon_exact_1000_v1,,,,,,0.5,,100,,25,1c005bcbef3a2cc7c3c99f5013487a5a902fde9aca9c42e62b9da2eeda38c14c,False,route_removal,1cf296f3821f9ea54bc16c5d9f5036871da19d7f82f45b8859659e97d1c8dfc9
RC202,solomon_txt,5a1dee2017ab0ca4fe280b392678c96e8b5bc71f22d02c8058fbde7c4cfebcf4,0,1,ok,True,5,1944915,1944.915,0.121405,0.500491,1,time_limit,solomon_exact_1000_v1,,,,,,0.5,,100,,25,1c005bcbef3a2cc7c3c99f5013487a5a902fde9aca9c42e62b9da2eeda38c14c,False,route_removal,1cf296f3821f9ea54bc16c5d9f5036871da19d7f82f45b8859659e97d1c8dfc9
RC202,solomon_txt,5a1dee2017ab0ca4fe280b392678c96e8b5bc71f22d02c8058fbde7c4cfebcf4,1,1,ok,True,5,1905947,1905.947,0.121795,0.500383,1,time_limit,solomon_exact_1000_v1,,,,,,0.5,,100,,25,1c005bcbef3a2cc7c3c99f5013487a5a902fde9aca9c42e62b9da2eeda38c14c,False,route_removal,1cf296f3821f9ea54bc16c5d9f5036871da19d7f82f45b8859659e97d1c8dfc9
RC202,solomon_txt,5a1dee2017ab0ca4fe280b392678c96e8b5bc71f22d02c8058fbde7c4cfebcf4,2,1,ok,True,5,1927993,1927.993,0.120943,0.500368,1,time_limit,solomon_exact_1000_v1,,,,,,0.5,,100,,25,1c005bcbef3a2cc7c3c99f5013487a5a902fde9aca9c42e62b9da2eeda38c14c,False,route_removal,1cf296f3821f9ea54bc16c5d9f5036871da19d7f82f45b8859659e97d1c8dfc9
RC203,solomon_txt,4adcb362c23df91f14b828d4964e9383ffb02ee74217afc2d84571f83ed91f8b,0,1,ok,True,5,1757725,1757.725,0.121819,0.500363,1,time_limit,solomon_exact_1000_v1,,,,,,0.5,,100,,25,1c005bcbef3a2cc7c3c99f5013487a5a902fde9aca9c42e62b9da2eeda38c14c,False,route_removal,1cf296f3821f9ea54bc16c5d9f5036871da19d7f82f45b8859659e97d1c8dfc9
RC203,solomon_txt,4adcb362c23df91f14b828d4964e9383ffb02ee74217afc2d84571f83ed91f8b,1,1,ok,True,5,1713615,1713.615,0.124569,0.500424,1,time_limit,solomon_exact_1000_v1,,,,,,0.5,,100,,25,1c005bcbef3a2cc7c3c99f5013487a5a902fde9aca9c42e62b9da2eeda38c14c,False,route_removal,1cf296f3821f9ea54bc16c5d9f5036871da19d7f82f45b8859659e97d1c8dfc9
RC203,solomon_txt,4adcb362c23df91f14b828d4964e9383ffb02ee74217afc2d84571f83ed91f8b,2,1,ok,True,5,1743066,1743.066,0.125602,0.500402,1,time_limit,solomon_exact_1000_v1,,,,,,0.5,,100,,25,1c005bcbef3a2cc7c3c99f5013487a5a902fde9aca9c42e62b9da2eeda38c14c,False,route_removal,1cf296f3821f9ea54bc16c5d9f5036871da19d7f82f45b8859659e97d1c8dfc9
RC204,solomon_txt,11e827eab51a959ebab66344e7b7cfd1aeed895287653b36a72c86a4440ecd77,0,1,ok,True,3,1500593,1500.593,0.185954,0.500394,1,time_limit,solomon_exact_1000_v1,,,,,,0.5,,100,,25,1c005bcbef3a2cc7c3c99f5013487a5a902fde9aca9c42e62b9da2eeda38c14c,False,route_removal,1cf296f3821f9ea54bc16c5d9f5036871da19d7f82f45b8859659e97d1c8dfc9
RC204,solomon_txt,11e827eab51a959ebab66344e7b7cfd1aeed895287653b36a72c86a4440ecd77,1,1,ok,True,3,1500593,1500.593,0.187069,0.500293,1,time_limit,solomon_exact_1000_v1,,,,,,0.5,,100,,25,1c005bcbef3a2cc7c3c99f5013487a5a902fde9aca9c42e62b9da2eeda38c14c,False,route_removal,1cf296f3821f9ea54bc16c5d9f5036871da19d7f82f45b8859659e97d1c8dfc9
RC204,solomon_txt,11e827eab51a959ebab66344e7b7cfd1aeed895287653b36a72c86a4440ecd77,2,1,ok,True,3,1500132,1500.132,0.183547,0.50037,1,time_limit,solomon_exact_1000_v1,,,,,,0.5,,100,,25,1c005bcbef3a2cc7c3c99f5013487a5a902fde9aca9c42e62b9da2eeda38c14c,False,route_removal,1cf296f3821f9ea54bc16c5d9f5036871da19d7f82f45b8859659e97d1c8dfc9
RC205,solomon_txt,c061d306cf42310b0f3ca15612089f6c5a8d5604c0733bf26852477c787662c9,0,1,ok,True,5,2063021,2063.021,0.13377,0.500277,1,time_limit,solomon_exact_1000_v1,,,,,,0.5,,100,,25,1c005bcbef3a2cc7c3c99f5013487a5a902fde9aca9c42e62b9da2eeda38c14c,False,route_removal,1cf296f3821f9ea54bc16c5d9f5036871da19d7f82f45b8859659e97d1c8dfc9
RC205,solomon_txt,c061d306cf42310b0f3ca15612089f6c5a8d5604c0733bf26852477c787662c9,1,1,ok,True,5,2058064,2058.064,0.135225,0.500385,1,time_limit,solomon_exact_1000_v1,,,,,,0.5,,100,,25,1c005bcbef3a2cc7c3c99f5013487a5a902fde9aca9c42e62b9da2eeda38c14c,False,route_removal,1cf296f3821f9ea54bc16c5d9f5036871da19d7f82f45b8859659e97d1c8dfc9
RC205,solomon_txt,c061d306cf42310b0f3ca15612089f6c5a8d5604c0733bf26852477c787662c9,2,1,ok,True,5,2051448,2051.448,0.134057,0.500353,1,time_limit,solomon_exact_1000_v1,,,,,,0.5,,100,,25,1c005bcbef3a2cc7c3c99f5013487a5a902fde9aca9c42e62b9da2eeda38c14c,False,route_removal,1cf296f3821f9ea54bc16c5d9f5036871da19d7f82f45b8859659e97d1c8dfc9
RC206,solomon_txt,5203aecf67c84df49e152645312a837ffefde529314ff892ca061538816e43a9,0,1,ok,True,4,1939777,1939.777,0.133519,0.500213,1,time_limit,solomon_exact_1000_v1,,,,,,0.5,,100,,25,1c005bcbef3a2cc7c3c99f5013487a5a902fde9aca9c42e62b9da2eeda38c14c,False,route_removal,1cf296f3821f9ea54bc16c5d9f5036871da19d7f82f45b8859659e97d1c8dfc9
RC206,solomon_txt,5203aecf67c84df49e152645312a837ffefde529314ff892ca061538816e43a9,1,1,ok,True,4,1912300,1912.3,0.129697,0.500383,1,time_limit,solomon_exact_1000_v1,,,,,,0.5,,100,,25,1c005bcbef3a2cc7c3c99f5013487a5a902fde9aca9c42e62b9da2eeda38c14c,False,route_removal,1cf296f3821f9ea54bc16c5d9f5036871da19d7f82f45b8859659e97d1c8dfc9
RC206,solomon_txt,5203aecf67c84df49e152645312a837ffefde529314ff892ca061538816e43a9,2,1,ok,True,4,1935757,1935.757,0.135415,0.500372,1,time_limit,solomon_exact_1000_v1,,,,,,0.5,,100,,25,1c005bcbef3a2cc7c3c99f5013487a5a902fde9aca9c42e62b9da2eeda38c14c,False,route_removal,1cf296f3821f9ea54bc16c5d9f5036871da19d7f82f45b8859659e97d1c8dfc9
RC207,solomon_txt,5cab65f99b350cdb8fb1c4d0a12dde85eb4ff6a6d6daf292b182cb73de9a8b63,0,1,ok,True,4,1907431,1907.431,0.14621,0.500218,1,time_limit,solomon_exact_1000_v1,,,,,,0.5,,100,,25,1c005bcbef3a2cc7c3c99f5013487a5a902fde9aca9c42e62b9da2eeda38c14c,False,route_removal,1cf296f3821f9ea54bc16c5d9f5036871da19d7f82f45b8859659e97d1c8dfc9
RC207,solomon_txt,5cab65f99b350cdb8fb1c4d0a12dde85eb4ff6a6d6daf292b182cb73de9a8b63,1,1,ok,True,4,1871849,1871.849,0.148164,0.500369,1,time_limit,solomon_exact_1000_v1,,,,,,0.5,,100,,25,1c005bcbef3a2cc7c3c99f5013487a5a902fde9aca9c42e62b9da2eeda38c14c,False,route_removal,1cf296f3821f9ea54bc16c5d9f5036871da19d7f82f45b8859659e97d1c8dfc9
RC207,solomon_txt,5cab65f99b350cdb8fb1c4d0a12dde85eb4ff6a6d6daf292b182cb73de9a8b63,2,1,ok,True,4,1865317,1865.317,0.145816,0.500376,1,time_limit,solomon_exact_1000_v1,,,,,,0.5,,100,,25,1c005bcbef3a2cc7c3c99f5013487a5a902fde9aca9c42e62b9da2eeda38c14c,False,route_removal,1cf296f3821f9ea54bc16c5d9f5036871da19d7f82f45b8859659e97d1c8dfc9
RC208,solomon_txt,3d67d2a8e2758a324643f5d6c6ca87e8c56435273eaa04be33f213bb991f1f28,0,1,ok,True,4,1913075,1913.075,0.144526,0.50024,1,time_limit,solomon_exact_1000_v1,,,,,,0.5,,100,,25,1c005bcbef3a2cc7c3c99f5013487a5a902fde9aca9c42e62b9da2eeda38c14c,False,route_removal,1cf296f3821f9ea54bc16c5d9f5036871da19d7f82f45b8859659e97d1c8dfc9
RC208,solomon_txt,3d67d2a8e2758a324643f5d6c6ca87e8c56435273eaa04be33f213bb991f1f28,1,1,ok,True,4,1913075,1913.075,0.147252,0.500357,1,time_limit,solomon_exact_1000_v1,,,,,,0.5,,100,,25,1c005bcbef3a2cc7c3c99f5013487a5a902fde9aca9c42e62b9da2eeda38c14c,False,route_removal,1cf296f3821f9ea54bc16c5d9f5036871da19d7f82f45b8859659e97d1c8dfc9
RC208,solomon_txt,3d67d2a8e2758a324643f5d6c6ca87e8c56435273eaa04be33f213bb991f1f28,2,1,ok,True,4,1883037,1883.037,0.141929,0.500366,1,time_limit,solomon_exact_1000_v1,,,,,,0.5,,100,,25,1c005bcbef3a2cc7c3c99f5013487a5a902fde9aca9c42e62b9da2eeda38c14c,False,route_removal,1cf296f3821f9ea54bc16c5d9f5036871da19d7f82f45b8859659e97d1c8dfc9
C101,solomon_txt,a6da75152d182d60ecd2c6f854296f5be452f92282d096adebcf5d99a7f16516,0,1,ok,True,10,828937,828.937,0.070235,0.500469,2,time_limit,solomon_exact_1000_v1,,,,,,0.5,,100,,25,1c005bcbef3a2cc7c3c99f5013487a5a902fde9aca9c42e62b9da2eeda38c14c,False,related,c5a26f16145fab0a2c8b7cb34a1c92f303a53d3fd840c521f9647eb14c436bc6
C101,solomon_txt,a6da75152d182d60ecd2c6f854296f5be452f92282d096adebcf5d99a7f16516,1,1,ok,True,10,828937,828.937,0.068394,0.50047,2,time_limit,solomon_exact_1000_v1,,,,,,0.5,,100,,25,1c005bcbef3a2cc7c3c99f5013487a5a902fde9aca9c42e62b9da2eeda38c14c,False,related,c5a26f16145fab0a2c8b7cb34a1c92f303a53d3fd840c521f9647eb14c436bc6
C101,solomon_txt,a6da75152d182d60ecd2c6f854296f5be452f92282d096adebcf5d99a7f16516,2,1,ok,True,10,828937,828.937,0.072353,0.50048,2,time_limit,solomon_exact_1000_v1,,,,,,0.5,,100,,25,1c005bcbef3a2cc7c3c99f5013487a5a902fde9aca9c42e62b9da2eeda38c14c,False,related,c5a26f16145fab0a2c8b7cb34a1c92f303a53d3fd840c521f9647eb14c436bc6
C102,solomon_txt,f89a0e2a760cc7448a4ca72b88e5b29b94d64b5548f3320f42a6230025ead653,0,1,ok,True,10,1103932,1103.932,0.072104,0.500482,1,time_limit,solomon_exact_1000_v1,,,,,,0.5,,100,,25,1c005bcbef3a2cc7c3c99f5013487a5a902fde9aca9c42e62b9da2eeda38c14c,False,related,c5a26f16145fab0a2c8b7cb34a1c92f303a53d3fd840c521f9647eb14c436bc6
C102,solomon_txt,f89a0e2a760cc7448a4ca72b88e5b29b94d64b5548f3320f42a6230025ead653,1,1,ok,True,10,1103932,1103.932,0.069517,0.500438,1,time_limit,solomon_exact_1000_v1,,,,,,0.5,,100,,25,1c005bcbef3a2cc7c3c99f5013487a5a902fde9aca9c42e62b9da2eeda38c14c,False,related,c5a26f16145fab0a2c8b7cb34a1c92f303a53d3fd840c521f9647eb14c436bc6
C102,solomon_txt,f89a0e2a760cc7448a4ca72b88e5b29b94d64b5548f3320f42a6230025ead653,2,1,ok,True,10,1103932,1103.932,0.071185,0.500473,1,time_limit,solomon_exact_1000_v1,,,,,,0.5,,100,,25,1c005bcbef3a2cc7c3c99f5013487a5a902fde9aca9c42e62b9da2eeda38c14c,False,related,c5a26f16145fab0a2c8b7cb34a1c92f303a53d3fd840c521f9647eb14c436bc6
C103,solomon_txt,a55cabf15e0da9d65696a5fb45c9852889479893f76f772a428ca15d1b415a51,0,1,ok,True,10,1658323,1658.323,0.075997,0.500426,1,time_limit,solomon_exact_1000_v1,,,,,,0.5,,100,,25,1c005bcbef3a2cc7c3c99f5013487a5a902fde9aca9c42e62b9da2eeda38c14c,False,related,c5a26f16145fab0a2c8b7cb34a1c92f303a53d3fd840c521f9647eb14c436bc6
C103,solomon_txt,a55cabf15e0da9d65696a5fb45c9852889479893f76f772a428ca15d1b415a51,1,1,ok,True,10,1658323,1658.323,0.079189,0.500414,1,time_limit,solomon_exact_1000_v1,,,,,,0.5,,100,,25,1c005bcbef3a2cc7c3c99f5013487a5a902fde9aca9c42e62b9da2eeda38c14c,False,related,c5a26f16145fab0a2c8b7cb34a1c92f303a53d3fd840c521f9647eb14c436bc6
C103,solomon_txt,a55cabf15e0da9d65696a5fb45c9852889479893f76f772a428ca15d1b415a51,2,1,ok,True,10,1658323,1658.323,0.079698,0.500422,1,time_limit,solomon_exact_1000_v1,,,,,,0.5,,100,,25,1c005bcbef3a2cc7c3c99f5013487a5a902fde9aca9c42e62b9da2eeda38c14c,False,related,c5a26f16145fab0a2c8b7cb34a1c92f303a53d3fd840c521f9647eb14c436bc6
C104,solomon_txt,fe333e81625ee5a75bb2ce98c2c9f356d07289237865b62a23ba2f32f0de5ee2,0,1,ok,True,10,1407727,1407.727,0.082093,0.500427,1,time_limit,solomon_exact_1000_v1,,,,,,0.5,,100,,25,1c005bcbef3a2cc7c3c99f5013487a5a902fde9aca9c42e62b9da2eeda38c14c,False,related,c5a26f16145fab0a2c8b7cb34a1c92f303a53d3fd840c521f9647eb14c436bc6
C104,solomon_txt,fe333e81625ee5a75bb2ce98c2c9f356d07289237865b62a23ba2f32f0de5ee2,1,1,ok,True,10,1446918,1446.918,0.093732,0.500437,1,time_limit,solomon_exact_1000_v1,,,,,,0.5,,100,,25,1c005bcbef3a2cc7c3c99f5013487a5a902fde9aca9c42e62b9da2eeda38c14c,False,related,c5a26f16145fab0a2c8b7cb34a1c92f303a53d3fd840c521f9647eb14c436bc6
C104,solomon_txt,fe333e81625ee5a75bb2ce98c2c9f356d07289237865b62a23ba2f32f0de5ee2,2,1,ok,True,10,1473252,1473.252,0.081564,0.500429,1,time_limit,solomon_exact_1000_v1,,,,,,0.5,,100,,25,1c005bcbef3a2cc7c3c99f5013487a5a902fde9aca9c42e62b9da2eeda38c14c,False,related,c5a26f16145fab0a2c8b7cb34a1c92f303a53d3fd840c521f9647eb14c436bc6
C105,solomon_txt,9a877a3a6fb922e7ad9297cc0308bc8a5652cb1495a0228ee6b81b2d938aa29f,0,1,ok,True,11,1182303,1182.303,0.068656,0.500432,1,time_limit,solomon_exact_1000_v1,,,,,,0.5,,100,,25,1c005bcbef3a2cc7c3c99f5013487a5a902fde9aca9c42e62b9da2eeda38c14c,False,related,c5a26f16145fab0a2c8b7cb34a1c92f303a53d3fd840c521f9647eb14c436bc6
C105,solomon_txt,9a877a3a6fb922e7ad9297cc0308bc8a5652cb1495a0228ee6b81b2d938aa29f,1,1,ok,True,11,1182303,1182.303,0.070408,0.500425,1,time_limit,solomon_exact_1000_v1,,,,,,0.5,,100,,25,1c005bcbef3a2cc7c3c99f5013487a5a902fde9aca9c42e62b9da2eeda38c14c,False,related,c5a26f16145fab0a2c8b7cb34a1c92f303a53d3fd840c521f9647eb14c436bc6
C105,solomon_txt,9a877a3a6fb922e7ad9297cc0308bc8a5652cb1495a0228ee6b81b2d938aa29f,2,1,ok,True,11,1182303,1182.303,0.067691,0.500387,1,time_limit,solomon_exact_1000_v1,,,,,,0.5,,100,,25,1c005bcbef3a2cc7c3c99f5013487a5a902fde9aca9c42e62b9da2eeda38c14c,False,related,c5a26f16145fab0a2c8b7cb34a1c92f303a53d3fd840c521f9647eb14c436bc6
C106,solomon_txt,ec9b419bed53e9c607cce76e8c6bc59feb6e4d17646905601f008a4141ec7b40,0,1,ok,True,11,1789870,1789.87,0.06874,0.500478,1,time_limit,solomon_exact_1000_v1,,,,,,0.5,,100,,25,1c005bcbef3a2cc7c3c99f5013487a5a902fde9aca9c42e62b9da2eeda38c14c,False,related,c5a26f16145fab0a2c8b7cb34a1c92f303a53d3fd840c521f9647eb14c436bc6
C106,solomon_txt,ec9b419bed53e9c607cce76e8c6bc59feb6e4d17646905601f008a4141ec7b40,1,1,ok,True,11,1770889,1770.889,0.067966,0.500367,1,time_limit,solomon_exact_1000_v1,,,,,,0.5,,100,,25,1c005bcbef3a2cc7c3c99f5013487a5a902fde9aca9c42e62b9da2eeda38c14c,False,related,c5a26f16145fab0a2c8b7cb34a1c92f303a53d3fd840c521f9647eb14c436bc6
C106,solomon_txt,ec9b419bed53e9c607cce76e8c6bc59feb6e4d17646905601f008a4141ec7b40,2,1,ok,True,11,1797168,1797.168,0.065764,0.500392,1,time_limit,solomon_exact_1000_v1,,,,,,0.5,,100,,25,1c005bcbef3a2cc7c3c99f5013487a5a902fde9aca9c42e62b9da2eeda38c14c,False,related,c5a26f16145fab0a2c8b7cb34a1c92f303a53d3fd840c521f9647eb14c436bc6
C107,solomon_txt,cb3cdc10d812fa17370eb52cb753b6b0574426dc6fabeb8b9076ed750ddf05ca,0,1,ok,True,10,1051870,1051.87,0.069244,0.500427,1,time_limit,solomon_exact_1000_v1,,,,,,0.5,,100,,25,1c005bcbef3a2cc7c3c99f5013487a5a902fde9aca9c42e62b9da2eeda38c14c,False,related,c5a26f16145fab0a2c8b7cb34a1c92f303a53d3fd840c521f9647eb14c436bc6
C107,solomon_txt,cb3cdc10d812fa17370eb52cb753b6b0574426dc6fabeb8b9076ed750ddf05ca,1,1,ok,True,10,1410403,1410.403,0.070531,0.500438,1,time_limit,solomon_exact_1000_v1,,,,,,0.5,,100,,25,1c005bcbef3a2cc7c3c99f5013487a5a902fde9aca9c42e62b9da2eeda38c14c,False,related,c5a26f16145fab0a2c8b7cb34a1c92f303a53d3fd840c521f9647eb14c436bc6
C107,solomon_txt,cb3cdc10d812fa17370eb52cb753b6b0574426dc6fabeb8b9076ed750ddf05ca,2,1,ok,True,10,1227159,1227.159,0.070058,0.50046,1,time_limit,solomon_exact_1000_v1,,,,,,0.5,,100,,25,1c005bcbef3a2cc7c3c99f5013487a5a902fde9aca9c42e62b9da2eeda38c14c,False,related,c5a26f16145fab0a2c8b7cb34a1c92f303a53d3fd840c521f9647eb14c436bc6
C108,solomon_txt,b8c7e48f292b66b283d8e71511e3a4eccaa4c4bc66b9313c399e73b0226f5953,0,1,ok,True,11,2015097,2015.097,0.068126,0.500401,1,time_limit,solomon_exact_1000_v1,,,,,,0.5,,100,,25,1c005bcbef3a2cc7c3c99f5013487a5a902fde9aca9c42e62b9da2eeda38c14c,False,related,c5a26f16145fab0a2c8b7cb34a1c92f303a53d3fd840c521f9647eb14c436bc6
C108,solomon_txt,b8c7e48f292b66b283d8e71511e3a4eccaa4c4bc66b9313c399e73b0226f5953,1,1,ok,True,11,2015097,2015.097,0.066484,0.500395,1,time_limit,solomon_exact_1000_v1,,,,,,0.5,,100,,25,1c005bcbef3a2cc7c3c99f5013487a5a902fde9aca9c42e62b9da2eeda38c14c,False,related,c5a26f16145fab0a2c8b7cb34a1c92f303a53d3fd840c521f9647eb14c436bc6
C108,solomon_txt,b8c7e48f292b66b283d8e71511e3a4eccaa4c4bc66b9313c399e73b0226f5953,2,1,ok,True,11,2015097,2015.097,0.06943,0.500385,1,time_limit,solomon_exact_1000_v1,,,,,,0.5,,100,,25,1c005bcbef3a2cc7c3c99f5013487a5a902fde9aca9c42e62b9da2eeda38c14c,False,related,c5a26f16145fab0a2c8b7cb34a1c92f303a53d3fd840c521f9647eb14c436bc6
C109,solomon_txt,72d8489e14bf1bb18456f0b21b01110506cbcc2354719dae8481b480150f142a,0,1,ok,True,10,1320706,1320.706,0.073027,0.500423,1,time_limit,solomon_exact_1000_v1,,,,,,0.5,,100,,25,1c005bcbef3a2cc7c3c99f5013487a5a902fde9aca9c42e62b9da2eeda38c14c,False,related,c5a26f16145fab0a2c8b7cb34a1c92f303a53d3fd840c521f9647eb14c436bc6
C109,solomon_txt,72d8489e14bf1bb18456f0b21b01110506cbcc2354719dae8481b480150f142a,1,1,ok,True,10,1325177,1325.177,0.074157,0.500408,1,time_limit,solomon_exact_1000_v1,,,,,,0.5,,100,,25,1c005bcbef3a2cc7c3c99f5013487a5a902fde9aca9c42e62b9da2eeda38c14c,False,related,c5a26f16145fab0a2c8b7cb34a1c92f303a53d3fd840c521f9647eb14c436bc6
C109,solomon_txt,72d8489e14bf1bb18456f0b21b01110506cbcc2354719dae8481b480150f142a,2,1,ok,True,10,1313440,1313.44,0.07355,0.500416,1,time_limit,solomon_exact_1000_v1,,,,,,0.5,,100,,25,1c005bcbef3a2cc7c3c99f5013487a5a902fde9aca9c42e62b9da2eeda38c14c,False,related,c5a26f16145fab0a2c8b7cb34a1c92f303a53d3fd840c521f9647eb14c436bc6
C201,solomon_txt,d8d9834087ae2326fa23a8510533060233dc9fb481873be60956eb26a880ad63,0,1,ok,True,3,623569,623.569,0.175902,0.500364,1,time_limit,solomon_exact_1000_v1,,,,,,0.5,,100,,25,1c005bcbef3a2cc7c3c99f5013487a5a902fde9aca9c42e62b9da2eeda38c14c,False,related,c5a26f16145fab0a2c8b7cb34a1c92f303a53d3fd840c521f9647eb14c436bc6
C201,solomon_txt,d8d9834087ae2326fa23a8510533060233dc9fb481873be60956eb26a880ad63,1,1,ok,True,3,626335,626.335,0.186163,0.500426,1,time_limit,solomon_exact_1000_v1,,,,,,0.5,,100,,25,1c005bcbef3a2cc7c3c99f5013487a5a902fde9aca9c42e62b9da2eeda38c14c,False,related,c5a26f16145fab0a2c8b7cb34a1c92f303a53d3fd840c521f9647eb14c436bc6
C201,solomon_txt,d8d9834087ae2326fa23a8510533060233dc9fb481873be60956eb26a880ad63,2,1,ok,True,3,623569,623.569,0.175802,0.500389,1,time_limit,solomon_exact_1000_v1,,,,,,0.5,,100,,25,1c005bcbef3a2cc7c3c99f5013487a5a902fde9aca9c42e62b9da2eeda38c14c,False,related,c5a26f16145fab0a2c8b7cb34a1c92f303a53d3fd840c521f9647eb14c436bc6
C202,solomon_txt,dfc8ecad79f6c7ffb096cd36994143569f0babe284d5ad194683271d81063772,0,1,ok,True,3,717363,717.363,0.165602,0.500436,1,time_limit,solomon_exact_1000_v1,,,,,,0.5,,100,,25,1c005bcbef3a2cc7c3c99f5013487a5a902fde9aca9c42e62b9da2eeda38c14c,False,related,c5a26f16145fab0a2c8b7cb34a1c92f303a53d3fd840c521f9647eb14c436bc6
C202,solomon_txt,dfc8ecad79f6c7ffb096cd36994143569f0babe284d5ad194683271d81063772,1,1,ok,True,3,717363,717.363,0.166741,0.500382,1,time_limit,solomon_exact_1000_v1,,,,,,0.5,,100,,25,1c005bcbef3a2cc7c3c99f5013487a5a902fde9aca9c42e62b9da2eeda38c14c,False,related,c5a26f16145fab0a2c8b7cb34a1c92f303a53d3fd840c521f9647eb14c436bc6
C202,solomon_txt,dfc8ecad79f6c7ffb096cd36994143569f0babe284d5ad194683271d81063772,2,1,ok,True,3,717363,717.363,0.166595,0.500373,1,time_limit,solomon_exact_1000_v1,,,,,,0.5,,100,,25,1c005bcbef3a2cc7c3c99f5013487a5a902fde9aca9c42e62b9da2eeda38c14c,False,related,c5a26f16145fab0a2c8b7cb34a1c92f303a53d3fd840c521f9647eb14c436bc6
C203,solomon_txt,2b79eea2962a848cb29f6153d4fb4ae725d35507686d937da6643b33fcd85062,0,1,ok,True,3,726626,726.626,0.184277,0.500429,1,time_limit,solomon_exact_1000_v1,,,,,,0.5,,100,,25,1c005bcbef3a2cc7c3c99f5013487a5a902fde9aca9c42e62b9da2eeda38c14c,False,related,c5a26f16145fab0a2c8b7cb34a1c92f303a53d3fd840c521f9647eb14c436bc6
C203,solomon_txt,2b79eea2962a848cb29f6153d4fb4ae725d35507686d937da6643b33fcd85062,1,1,ok,True,3,772280,772.28,0.163959,0.500372,1,time_limit,solomon_exact_1000_v1,,,,,,0.5,,100,,25,1c005bcbef3a2cc7c3c99f5013487a5a902fde9aca9c42e62b9da2eeda38c14c,False,related,c5a26f16145fab0a2c8b7cb34a1c92f303a53d3fd840c521f9647eb14c436bc6
C203,solomon_txt,2b79eea2962a848cb29f6153d4fb4ae725d35507686d937da6643b33fcd85062,2,1,ok,True,3,692786,692.786,0.170704,0.500405,1,time_limit,solomon_exact_1000_v1,,,,,,0.5,,100,,25,1c005bcbef3a2cc7c3c99f5013487a5a902fde9aca9c42e62b9da2eeda38c14c,False,related,c5a26f16145fab0a2c8b7cb34a1c92f303a53d3fd840c521f9647eb14c436bc6
C204,solomon_txt,4331b2744d34e32c2987e3fe8a82b782a2039d757d2aac818f7e0fd21117bfb4,0,1,ok,True,4,1439548,1439.548,0.178957,0.50054,1,time_limit,solomon_exact_1000_v1,,,,,,0.5,,100,,25,1c005bcbef3a2cc7c3c99f5013487a5a902fde9aca9c42e62b9da2eeda38c14c,False,related,c5a26f16145fab0a2c8b7cb34a1c92f303a53d3fd840c521f9647eb14c436bc6
C204,solomon_txt,4331b2744d34e32c2987e3fe8a82b782a2039d757d2aac818f7e0fd21117bfb4,1,1,ok,True,4,1439548,1439.548,0.172747,0.500364,1,time_limit,solomon_exact_1000_v1,,,,,,0.5,,100,,25,1c005bcbef3a2cc7c3c99f5013487a5a902fde9aca9c42e62b9da2eeda38c14c,False,related,c5a26f16145fab0a2c8b7cb34a1c92f303a53d3fd840c521f9647eb14c436bc6
C204,solomon_txt,4331b2744d34e32c2987e3fe8a82b782a2039d757d2aac818f7e0fd21117bfb4,2,1,ok,True,4,1400607,1400.607,0.179255,0.500399,1,time_limit,solomon_exact_1000_v1,,,,,,0.5,,100,,25,1c005bcbef3a2cc7c3c99f5013487a5a902fde9aca9c42e62b9da2eeda38c14c,False,related,c5a26f16145fab0a2c8b7cb34a1c92f303a53d3fd840c521f9647eb14c436bc6
C205,solomon_txt,15be2bb8c3e4ad99a79d1e7ee0472223feb95a4f423d010e032bda0a87266ca5,0,1,ok,True,3,655388,655.388,0.15708,0.500406,1,time_limit,solomon_exact_1000_v1,,,,,,0.5,,100,,25,1c005bcbef3a2cc7c3c99f5013487a5a902fde9aca9c42e62b9da2eeda38c14c,False,related,c5a26f16145fab0a2c8b7cb34a1c92f303a53d3fd840c521f9647eb14c436bc6
C205,solomon_txt,15be2bb8c3e4ad99a79d1e7ee0472223feb95a4f423d010e032bda0a87266ca5,1,1,ok,True,3,626808,626.808,0.164001,0.500374,1,time_limit,solomon_exact_1000_v1,,,,,,0.5,,100,,25,1c005bcbef3a2cc7c3c99f5013487a5a902fde9aca9c42e62b9da2eeda38c14c,False,related,c5a26f16145fab0a2c8b7cb34a1c92f303a53d3fd840c521f9647eb14c436bc6
C205,solomon_txt,15be2bb8c3e4ad99a79d1e7ee0472223feb95a4f423d010e032bda0a87266ca5,2,1,ok,True,3,622382,622.382,0.171167,0.500413,1,time_limit,solomon_exact_1000_v1,,,,,,0.5,,100,,25,1c005bcbef3a2cc7c3c99f5013487a5a902fde9aca9c42e62b9da2eeda38c14c,False,related,c5a26f16145fab0a2c8b7cb34a1c92f303a53d3fd840c521f9647eb14c436bc6
C206,solomon_txt,745b6c7042707ffbbfc4d681ee02a84431425f1dfb3c8aa85ecf003fec8f7e53,0,1,ok,True,4,1154595,1154.595,0.176641,0.500206,1,time_limit,solomon_exact_1000_v1,,,,,,0.5,,100,,25,1c005bcbef3a2cc7c3c99f5013487a5a902fde9aca9c42e62b9da2eeda38c14c,False,related,c5a26f16145fab0a2c8b7cb34a1c92f303a53d3fd840c521f9647eb14c436bc6
C206,solomon_txt,745b6c7042707ffbbfc4d681ee02a84431425f1dfb3c8aa85ecf003fec8f7e53,1,1,ok,True,4,1154595,1154.595,0.182968,0.500241,1,time_limit,solomon_exact_1000_v1,,,,,,0.5,,100,,25,1c005bcbef3a2cc7c3c99f5013487a5a902fde9aca9c42e62b9da2eeda38c14c,False,related,c5a26f16145fab0a2c8b7cb34a1c92f303a53d3fd840c521f9647eb14c436bc6
C206,solomon_txt,745b6c7042707ffbbfc4d681ee02a84431425f1dfb3c8aa85ecf003fec8f7e53,2,1,ok,True,3,742029,742.029,0.172773,0.500509,1,time_limit,solomon_exact_1000_v1,,,,,,0.5,,100,,25,1c005bcbef3a2cc7c3c99f5013487a5a902fde9aca9c42e62b9da2eeda38c14c,False,related,c5a26f16145fab0a2c8b7cb34a1c92f303a53d3fd840c521f9647eb14c436bc6
C207,solomon_txt,a33f03570a944c8a6d185fd6a173e66c68e67c399a4958b2d5b6d49533ace4a4,0,1,ok,True,3,761147,761.147,0.18527,0.500441,1,time_limit,solomon_exact_1000_v1,,,,,,0.5,,100,,25,1c005bcbef3a2cc7c3c99f5013487a5a902fde9aca9c42e62b9da2eeda38c14c,False,related,c5a26f16145fab0a2c8b7cb34a1c92f303a53d3fd840c521f9647eb14c436bc6
C207,solomon_txt,a33f03570a944c8a6d185fd6a173e66c68e67c399a4958b2d5b6d49533ace4a4,1,1,ok,True,3,801140,801.14,0.184752,0.500402,1,time_limit,solomon_exact_1000_v1,,,,,,0.5,,100,,25,1c005bcbef3a2cc7c3c99f5013487a5a902fde9aca9c42e62b9da2eeda38c14c,False,related,c5a26f16145fab0a2c8b7cb34a1c92f303a53d3fd840c521f9647eb14c436bc6
C207,solomon_txt,a33f03570a944c8a6d185fd6a173e66c68e67c399a4958b2d5b6d49533ace4a4,2,1,ok,True,3,791538,791.538,0.179816,0.500415,1,time_limit,solomon_exact_1000_v1,,,,,,0.5,,100,,25,1c005bcbef3a2cc7c3c99f5013487a5a902fde9aca9c42e62b9da2eeda38c14c,False,related,c5a26f16145fab0a2c8b7cb34a1c92f303a53d3fd840c521f9647eb14c436bc6
C208,solomon_txt,1c2f2381b8743680dbeb34322869cbf5a6cdd8c281f4bcffdb99b533e601874b,0,1,ok,True,3,783971,783.971,0.180045,0.500404,1,time_limit,solomon_exact_1000_v1,,,,,,0.5,,100,,25,1c005bcbef3a2cc7c3c99f5013487a5a902fde9aca9c42e62b9da2eeda38c14c,False,related,c5a26f16145fab0a2c8b7cb34a1c92f303a53d3fd840c521f9647eb14c436bc6
C208,solomon_txt,1c2f2381b8743680dbeb34322869cbf5a6cdd8c281f4bcffdb99b533e601874b,1,1,ok,True,3,756006,756.006,0.176668,0.500375,1,time_limit,solomon_exact_1000_v1,,,,,,0.5,,100,,25,1c005bcbef3a2cc7c3c99f5013487a5a902fde9aca9c42e62b9da2eeda38c14c,False,related,c5a26f16145fab0a2c8b7cb34a1c92f303a53d3fd840c521f9647eb14c436bc6
C208,solomon_txt,1c2f2381b8743680dbeb34322869cbf5a6cdd8c281f4bcffdb99b533e601874b,2,1,ok,True,3,807083,807.083,0.185537,0.500436,1,time_limit,solomon_exact_1000_v1,,,,,,0.5,,100,,25,1c005bcbef3a2cc7c3c99f5013487a5a902fde9aca9c42e62b9da2eeda38c14c,False,related,c5a26f16145fab0a2c8b7cb34a1c92f303a53d3fd840c521f9647eb14c436bc6
R101,solomon_txt,3f3655182bc0fe44ce5de65fdcd2ee2f9c7fb9ed055f923635151d9d6f76d3ed,0,1,ok,True,20,1917579,1917.579,0.050743,0.500507,1,time_limit,solomon_exact_1000_v1,,,,,,0.5,,100,,25,1c005bcbef3a2cc7c3c99f5013487a5a902fde9aca9c42e62b9da2eeda38c14c,False,related,c5a26f16145fab0a2c8b7cb34a1c92f303a53d3fd840c521f9647eb14c436bc6
R101,solomon_txt,3f3655182bc0fe44ce5de65fdcd2ee2f9c7fb9ed055f923635151d9d6f76d3ed,1,1,ok,True,20,1862368,1862.368,0.05116,0.500442,1,time_limit,solomon_exact_1000_v1,,,,,,0.5,,100,,25,1c005bcbef3a2cc7c3c99f5013487a5a902fde9aca9c42e62b9da2eeda38c14c,False,related,c5a26f16145fab0a2c8b7cb34a1c92f303a53d3fd840c521f9647eb14c436bc6
R101,solomon_txt,3f3655182bc0fe44ce5de65fdcd2ee2f9c7fb9ed055f923635151d9d6f76d3ed,2,1,ok,True,19,1855507,1855.507,0.04996,0.500452,1,time_limit,solomon_exact_1000_v1,,,,,,0.5,,100,,25,1c005bcbef3a2cc7c3c99f5013487a5a902fde9aca9c42e62b9da2eeda38c14c,False,related,c5a26f16145fab0a2c8b7cb34a1c92f303a53d3fd840c521f9647eb14c436bc6
R102,solomon_txt,eeb23171b7e4fbfc80bf000ca770329109900fbd7273fa8b9d1f95b7dfe683c3,0,1,ok,True,18,1547543,1547.543,0.054153,0.500435,1,time_limit,solomon_exact_1000_v1,,,,,,0.5,,100,,25,1c005bcbef3a2cc7c3c99f5013487a5a902fde9aca9c42e62b9da2eeda38c14c,False,related,c5a26f16145fab0a2c8b7cb34a1c92f303a53d3fd840c521f9647eb14c436bc6
R102,solomon_txt,eeb23171b7e4fbfc80bf000ca770329109900fbd7273fa8b9d1f95b7dfe683c3,1,1,ok,True,18,1589312,1589.312,0.057764,0.500427,1,time_limit,solomon_exact_1000_v1,,,,,,0.5,,100,,25,1c005bcbef3a2cc7c3c99f5013487a5a902fde9aca9c42e62b9da2eeda38c14c,False,related,c5a26f16145fab0a2c8b7cb34a1c92f303a53d3fd840c521f9647eb14c436bc6
R102,solomon_txt,eeb23171b7e4fbfc80bf000ca770329109900fbd7273fa8b9d1f95b7dfe683c3,2,1,ok,True,18,1561232,1561.232,0.058451,0.50056,1,time_limit,solomon_exact_1000_v1,,,,,,0.5,,100,,25,1c005bcbef3a2cc7c3c99f5013487a5a902fde9aca9c42e62b9da2eeda38c14c,False,related,c5a26f16145fab0a2c8b7cb34a1c92f303a53d3fd840c521f9647eb14c436bc6
R103,solomon_txt,1f833e8648ba39e0edc76754fb49e81777a7175cf7b084c3f60a12607bfb3991,0,1,ok,True,14,1507486,1507.486,0.061363,0.500412,1,time_limit,solomon_exact_1000_v1,,,,,,0.5,,100,,25,1c005bcbef3a2cc7c3c99f5013487a5a902fde9aca9c42e62b9da2eeda38c14c,False,related,c5a26f16145fab0a2c8b7cb34a1c92f303a53d3fd840c521f9647eb14c436bc6
R103,solomon_txt,1f833e8648ba39e0edc76754fb49e81777a7175cf7b084c3f60a12607bfb3991,1,1,ok,True,14,1507486,1507.486,0.065654,0.5004,1,time_limit,solomon_exact_1000_v1,,,,,,0.5,,100,,25,1c005bcbef3a2cc7c3c99f5013487a5a902fde9aca9c42e62b9da2eeda38c14c,False,related,c5a26f16145fab0a2c8b7cb34a1c92f303a53d3fd840c521f9647eb14c436bc6
R103,solomon_txt,1f833e8648ba39e0edc76754fb49e81777a7175cf7b084c3f60a12607bfb3991,2,1,ok,True,14,1504257,1504.257,0.063196,0.50043,1,time_limit,solomon_exact_1000_v1,,,,,,0.5,,100,,25,1c005bcbef3a2cc7c3c99f5013487a5a902fde9aca9c42e62b9da2eeda38c14c,False,related,c5a26f16145fab0a2c8b7cb34a1c92f303a53d3fd840c521f9647eb14c436bc6
R104,solomon_txt,dd087124311d91facd81736debbfc7d0f351d27942917e2d76cbafd01e6183b7,0,1,ok,True,11,1411162,1411.162,0.072323,0.500417,1,time_limit,solomon_exact_1000_v1,,,,,,0.5,,100,,25,1c005bcbef3a2cc7c3c99f5013487a5a902fde9aca9c42e62b9da2eeda38c14c,False,related,c5a26f16145fab0a2c8b7cb34a1c92f303a53d3fd840c521f9647eb14c436bc6
R104,solomon_txt,dd087124311d91facd81736debbfc7d0f351d27942917e2d76cbafd01e6183b7,1,1,ok,True,11,1454451,1454.451,0.071651,0.500456,1,time_limit,solomon_exact_1000_v1,,,,,,0.5,,100,,25,1c005bcbef3a2cc7c3c99f5013487a5a902fde9aca9c42e62b9da2eeda38c14c,False,related,c5a26f16145fab0a2c8b7cb34a1c92f303a53d3fd840c521f9647eb14c436bc6
R104,solomon_txt,dd087124311d91facd81736debbfc7d0f351d27942917e2d76cbafd01e6183b7,2,1,ok,True,11,1469203,1469.203,0.071504,0.500395,1,time_limit,solomon_exact_1000_v1,,,,,,0.5,,100,,25,1c005bcbef3a2cc7c3c99f5013487a5a902fde9aca9c42e62b9da2eeda38c14c,False,related,c5a26f16145fab0a2c8b7cb34a1c92f303a53d3fd840c521f9647eb14c436bc6
R105,solomon_txt,ff1a614f8458d6339b3f54d8e4ca2dcf0a35c96012f477f6a819ae481de85ca4,0,1,ok,True,16,1726096,1726.096,0.058091,0.500413,1,time_limit,solomon_exact_1000_v1,,,,,,0.5,,100,,25,1c005bcbef3a2cc7c3c99f5013487a5a902fde9aca9c42e62b9da2eeda38c14c,False,related,c5a26f16145fab0a2c8b7cb34a1c92f303a53d3fd840c521f9647eb14c436bc6
R105,solomon_txt,ff1a614f8458d6339b3f54d8e4ca2dcf0a35c96012f477f6a819ae481de85ca4,1,1,ok,True,15,1618938,1618.938,0.057451,0.5007,1,time_limit,solomon_exact_1000_v1,,,,,,0.5,,100,,25,1c005bcbef3a2cc7c3c99f5013487a5a902fde9aca9c42e62b9da2eeda38c14c,False,related,c5a26f16145fab0a2c8b7cb34a1c92f303a53d3fd840c521f9647eb14c436bc6
R105,solomon_txt,ff1a614f8458d6339b3f54d8e4ca2dcf0a35c96012f477f6a819ae481de85ca4,2,1,ok,True,15,1664539,1664.539,0.055967,0.500387,1,time_limit,solomon_exact_1000_v1,,,,,,0.5,,100,,25,1c005bcbef3a2cc7c3c99f5013487a5a902fde9aca9c42e62b9da2eeda38c14c,False,related,c5a26f16145fab0a2c8b7cb34a1c92f303a53d3fd840c521f9647eb14c436bc6
R106,solomon_txt,31b8783d177f0fbe1c84b8f085fbf28b1989a80e4c00f49f5654ebef99835e97,0,1,ok,True,13,1481110,1481.11,0.057617,0.500391,1,time_limit,solomon_exact_1000_v1,,,,,,0.5,,100,,25,1c005bcbef3a2cc7c3c99f5013487a5a902fde9aca9c42e62b9da2eeda38c14c,False,related,c5a26f16145fab0a2c8b7cb34a1c92f303a53d3fd840c521f9647eb14c436bc6
R106,solomon_txt,31b8783d177f0fbe1c84b8f085fbf28b1989a80e4c00f49f5654ebef99835e97,1,1,ok,True,14,1527319,1527.319,0.05978,0.500458,1,time_limit,solomon_exact_1000_v1,,,,,,0.5,,100,,25,1c005bcbef3a2cc7c3c99f5013487a5a902fde9aca9c42e62b9da2eeda38c14c,False,related,c5a26f16145fab0a2c8b7cb34a1c92f303a53d3fd840c521f9647eb14c436bc6
R106,solomon_txt,31b8783d177f0fbe1c84b8f085fbf28b1989a80e4c00f49f5654ebef99835e97,2,1,ok,True,14,1569420,1569.42,0.057888,0.50041,1,time_limit,solomon_exact_1000_v1,,,,,,0.5,,100,,25,1c005bcbef3a2cc7c3c99f5013487a5a902fde9aca9c42e62b9da2eeda38c14c,False,related,c5a26f16145fab0a2c8b7cb34a1c92f303a53d3fd840c521f9647eb14c436bc6
R107,solomon_txt,dba2b257a1d43d7c78d5e3a9f09091a2b125d3fbec78c0c8a1782add669a1275,0,1,ok,True,13,1681065,1681.065,0.065773,0.5004,1,time_limit,solomon_exact_1000_v1,,,,,,0.5,,100,,25,1c005bcbef3a2cc7c3c99f5013487a5a902fde9aca9c42e62b9da2eeda38c14c,False,related,c5a26f16145fab0a2c8b7cb34a1c92f303a53d3fd840c521f9647eb14c436bc6
R107,solomon_txt,dba2b257a1d43d7c78d5e3a9f09091a2b125d3fbec78c0c8a1782add669a1275,1,1,ok,True,12,1646358,1646.358,0.067725,0.500388,2,time_limit,solomon_exact_1000_v1,,,,,,0.5,,100,,25,1c005bcbef3a2cc7c3c99f5013487a5a902fde9aca9c42e62b9da2eeda38c14c,False,related,c5a26f16145fab0a2c8b7cb34a1c92f303a53d3fd840c521f9647eb14c436bc6
R107,solomon_txt,dba2b257a1d43d7c78d5e3a9f09091a2b125d3fbec78c0c8a1782add669a1275,2,1,ok,True,13,1733350,1733.35,0.066041,0.500406,1,time_limit,solomon_exact_1000_v1,,,,,,0.5,,100,,25,1c005bcbef3a2cc7c3c99f5013487a5a902fde9aca9c42e62b9da2eeda38c14c,False,related,c5a26f16145fab0a2c8b7cb34a1c92f303a53d3fd840c521f9647eb14c436bc6
R108,solomon_txt,65cae09f4099b7e70d2b723e0e3a30aa1494c75a367bb894a3fd13241ee639d4,0,1,ok,True,12,1573115,1573.115,0.072195,0.500364,1,time_limit,solomon_exact_1000_v1,,,,,,0.5,,100,,25,1c005bcbef3a2cc7c3c99f5013487a5a902fde9aca9c42e62b9da2eeda38c14c,False,related,c5a26f16145fab0a2c8b7cb34a1c92f303a53d3fd840c521f9647eb14c436bc6
R108,solomon_txt,65cae09f4099b7e70d2b723e0e3a30aa1494c75a367bb894a3fd13241ee639d4,1,1,ok,True,12,1583793,1583.793,0.073619,0.500392,1,time_limit,solomon_exact_1000_v1,,,,,,0.5,,100,,25,1c005bcbef3a2cc7c3c99f5013487a5a902fde9aca9c42e62b9da2eeda38c14c,False,related,c5a26f16145fab0a2c8b7cb34a1c92f303a53d3fd840c521f9647eb14c436bc6
R108,solomon_txt,65cae09f4099b7e70d2b723e0e3a30aa1494c75a367bb894a3fd13241ee639d4,2,1,ok,True,12,1699000,1699.0,0.072584,0.500389,1,time_limit,solomon_exact_1000_v1,,,,,,0.5,,100,,25,1c005bcbef3a2cc7c3c99f5013487a5a902fde9aca9c42e62b9da2eeda38c14c,False,related,c5a26f16145fab0a2c8b7cb34a1c92f303a53d3fd840c521f9647eb14c436bc6
R109,solomon_txt,4ef24030e8c48de5f85dcd90c5739186004fc8dec87533b6467013cf996f4777,0,1,ok,True,14,1599472,1599.472,0.054906,0.500413,2,time_limit,solomon_exact_1000_v1,,,,,,0.5,,100,,25,1c005bcbef3a2cc7c3c99f5013487a5a902fde9aca9c42e62b9da2eeda38c14c,False,related,c5a26f16145fab0a2c8b7cb34a1c92f303a53d3fd840c521f9647eb14c436bc6
R109,solomon_txt,4ef24030e8c48de5f85dcd90c5739186004fc8dec87533b6467013cf996f4777,1,1,ok,True,13,1607795,1607.795,0.057071,0.500469,1,time_limit,solomon_exact_1000_v1,,,,,,0.5,,100,,25,1c005bcbef3a2cc7c3c99f5013487a5a902fde9aca9c42e62b9da2eeda38c14c,False,related,c5a26f16145fab0a2c8b7cb34a1c92f303a53d3fd840c521f9647eb14c436bc6
R109,solomon_txt,4ef24030e8c48de5f85dcd90c5739186004fc8dec87533b6467013cf996f4777,2,1,ok,True,14,1649854,1649.854,0.056694,0.500415,1,time_limit,solomon_exact_1000_v1,,,,,,0.5,,100,,25,1c005bcbef3a2cc7c3c99f5013487a5a902fde9aca9c42e62b9da2eeda38c14c,False,related,c5a26f16145fab0a2c8b7cb34a1c92f303a53d3fd840c521f9647eb14c436bc6
R110,solomon_txt,14cb53cb99af61d3d708f07564b9a72d146e7c26b4f10507cfaf3bc828f34bfa,0,1,ok,True,14,1868187,1868.187,0.06389,0.500384,1,time_limit,solomon_exact_1000_v1,,,,,,0.5,,100,,25,1c005bcbef3a2cc7c3c99f5013487a5a902fde9aca9c42e62b9da2eeda38c14c,False,related,c5a26f16145fab0a2c8b7cb34a1c92f303a53d3fd840c521f9647eb14c436bc6
R110,solomon_txt,14cb53cb99af61d3d708f07564b9a72d146e7c26b4f10507cfaf3bc828f34bfa,1,1,ok,True,12,1503205,1503.205,0.063044,0.500453,2,time_limit,solomon_exact_1000_v1,,,,,,0.5,,100,,25,1c005bcbef3a2cc7c3c99f5013487a5a902fde9aca9c42e62b9da2eeda38c14c,False,related,c5a26f16145fab0a2c8b7cb34a1c92f303a53d3fd840c521f9647eb14c436bc6
R110,solomon_txt,14cb53cb99af61d3d708f07564b9a72d146e7c26b4f10507cfaf3bc828f34bfa,2,1,ok,True,13,1783415,1783.415,0.062107,0.50041,1,time_limit,solomon_exact_1000_v1,,,,,,0.5,,100,,25,1c005bcbef3a2cc7c3c99f5013487a5a902fde9aca9c42e62b9da2eeda38c14c,False,related,c5a26f16145fab0a2c8b7cb34a1c92f303a53d3fd840c521f9647eb14c436bc6
R111,solomon_txt,3d94a73b1f2fe8aae4618b9d9ea254cff2e3924a6a841aa390096ec6c60f258d,0,1,ok,True,12,1515473,1515.473,0.073024,0.500395,1,time_limit,solomon_exact_1000_v1,,,,,,0.5,,100,,25,1c005bcbef3a2cc7c3c99f5013487a5a902fde9aca9c42e62b9da2eeda38c14c,False,related,c5a26f16145fab0a2c8b7cb34a1c92f303a53d3fd840c521f9647eb14c436bc6
R111,solomon_txt,3d94a73b1f2fe8aae4618b9d9ea254cff2e3924a6a841aa390096ec6c60f258d,1,1,ok,True,12,1523325,1523.325,0.06912,0.500457,1,time_limit,solomon_exact_1000_v1,,,,,,0.5,,100,,25,1c005bcbef3a2cc7c3c99f5013487a5a902fde9aca9c42e62b9da2eeda38c14c,False,related,c5a26f16145fab0a2c8b7cb34a1c92f303a53d3fd840c521f9647eb14c436bc6
R111,solomon_txt,3d94a73b1f2fe8aae4618b9d9ea254cff2e3924a6a841aa390096ec6c60f258d,2,1,ok,True,12,1483537,1483.537,0.066089,0.500489,1,time_limit,solomon_exact_1000_v1,,,,,,0.5,,100,,25,1c005bcbef3a2cc7c3c99f5013487a5a902fde9aca9c42e62b9da2eeda38c14c,False,related,c5a26f16145fab0a2c8b7cb34a1c92f303a53d3fd840c521f9647eb14c436bc6
R112,solomon_txt,a0e93149d59d30c356619891d192e86d0f16c3158e1dac3bd9f23c6deb718271,0,1,ok,True,12,1630193,1630.193,0.063558,0.503839,1,time_limit,solomon_exact_1000_v1,,,,,,0.5,,100,,25,1c005bcbef3a2cc7c3c99f5013487a5a902fde9aca9c42e62b9da2eeda38c14c,False,related,c5a26f16145fab0a2c8b7cb34a1c92f303a53d3fd840c521f9647eb14c436bc6
R112,solomon_txt,a0e93149d59d30c356619891d192e86d0f16c3158e1dac3bd9f23c6deb718271,1,1,ok,True,12,1543934,1543.934,0.066399,0.500396,2,time_limit,solomon_exact_1000_v1,,,,,,0.5,,100,,25,1c005bcbef3a2cc7c3c99f5013487a5a902fde9aca9c42e62b9da2eeda38c14c,False,related,c5a26f16145fab0a2c8b7cb34a1c92f303a53d3fd840c521f9647eb14c436bc6
R112,solomon_txt,a0e93149d59d30c356619891d192e86d0f16c3158e1dac3bd9f23c6deb718271,2,1,ok,True,13,1819722,1819.722,0.062429,0.500438,1,time_limit,solomon_exact_1000_v1,,,,,,0.5,,100,,25,1c005bcbef3a2cc7c3c99f5013487a5a902fde9aca9c42e62b9da2eeda38c14c,False,related,c5a26f16145fab0a2c8b7cb34a1c92f303a53d3fd840c521f9647eb14c436bc6
R201,solomon_txt,0be960ec998fff2cab0bdbcc5194c617e5ca0a79c82c5b32b1d4bd98b2cae210,0,1,ok,True,4,1679869,1679.869,0.126926,0.500211,1,time_limit,solomon_exact_1000_v1,,,,,,0.5,,100,,25,1c005bcbef3a2cc7c3c99f5013487a5a902fde9aca9c42e62b9da2eeda38c14c,False,related,c5a26f16145fab0a2c8b7cb34a1c92f303a53d3fd840c521f9647eb14c436bc6
R201,solomon_txt,0be960ec998fff2cab0bdbcc5194c617e5ca0a79c82c5b32b1d4bd98b2cae210,1,1,ok,True,4,1646310,1646.31,0.131512,0.500356,1,time_limit,solomon_exact_1000_v1,,,,,,0.5,,100,,25,1c005bcbef3a2cc7c3c99f5013487a5a902fde9aca9c42e62b9da2eeda38c14c,False,related,c5a26f16145fab0a2c8b7cb34a1c92f303a53d3fd840c521f9647eb14c436bc6
R201,solomon_txt,0be960ec998fff2cab0bdbcc5194c617e5ca0a79c82c5b32b1d4bd98b2cae210,2,1,ok,True,4,1612110,1612.11,0.130338,0.500362,1,time_limit,solomon_exact_1000_v1,,,,,,0.5,,100,,25,1c005bcbef3a2cc7c3c99f5013487a5a902fde9aca9c42e62b9da2eeda38c14c,False,related,c5a26f16145fab0a2c8b7cb34a1c92f303a53d3fd840c521f9647eb14c436bc6
R202,solomon_txt,1f7761bb33e9dd0c94837b32c72280296ffc283dba997379c7ad75ce00dffc8d,0,1,ok,True,4,1622244,1622.244,0.152962,0.500197,1,time_limit,solomon_exact_1000_v1,,,,,,0.5,,100,,25,1c005bcbef3a2cc7c3c99f5013487a5a902fde9aca9c42e62b9da2eeda38c14c,False,related,c5a26f16145fab0a2c8b7cb34a1c92f303a53d3fd840c521f9647eb14c436bc6
R202,solomon_txt,1f7761bb33e9dd0c94837b32c72280296ffc283dba997379c7ad75ce00dffc8d,1,1,ok,True,4,1622244,1622.244,0.157315,0.50038,1,time_limit,solomon_exact_1000_v1,,,,,,0.5,,100,,25,1c005bcbef3a2cc7c3c99f5013487a5a902fde9aca9c42e62b9da2eeda38c14c,False,related,c5a26f16145fab0a2c8b7cb34a1c92f303a53d3fd840c521f9647eb14c436bc6
R202,solomon_txt,1f7761bb33e9dd0c94837b32c72280296ffc283dba997379c7ad75ce00dffc8d,2,1,ok,True,4,1622145,1622.145,0.152317,0.500364,1,time_limit,solomon_exact_1000_v1,,,,,,0.5,,100,,25,1c005bcbef3a2cc7c3c99f5013487a5a902fde9aca9c42e62b9da2eeda38c14c,False,related,c5a26f16145fab0a2c8b7cb34a1c92f303a53d3fd840c521f9647eb14c436bc6
R203,solomon_txt,38c484db31bd7452a94d533e26a2348ef598df600b79d061d9ddc1c61466a731,0,1,ok,True,3,1300221,1300.221,0.16263,0.500246,1,time_limit,solomon_exact_1000_v1,,,,,,0.5,,100,,25,1c005bcbef3a2cc7c3c99f5013487a5a902fde9aca9c42e62b9da2eeda38c14c,False,related,c5a26f16145fab0a2c8b7cb34a1c92f303a53d3fd840c521f9647eb14c436bc6
R203,solomon_txt,38c484db31bd7452a94d533e26a2348ef598df600b79d061d9ddc1c61466a731,1,1,ok,True,3,1300221,1300.221,0.157375,0.500212,1,time_limit,solomon_exact_1000_v1,,,,,,0.5,,100,,25,1c005bcbef3a2cc7c3c99f5013487a5a902fde9aca9c42e62b9da2eeda38c14c,False,related,c5a26f16145fab0a2c8b7cb34a1c92f303a53d3fd840c521f9647eb14c436bc6
R203,solomon_txt,38c484db31bd7452a94d533e26a2348ef598df600b79d061d9ddc1c61466a731,2,1,ok,True,3,1290510,1290.51,0.15816,0.500355,1,time_limit,solomon_exact_1000_v1,,,,,,0.5,,100,,25,1c005bcbef3a2cc7c3c99f5013487a5a902fde9aca9c42e62b9da2eeda38c14c,False,related,c5a26f16145fab0a2c8b7cb34a1c92f303a53d3fd840c521f9647eb14c436bc6
R204,solomon_txt,5349e37d8df99bcbee1efa2e970d2662b5265e5f82fc609343a6af0a60257abf,0,1,ok,True,3,1331038,1331.038,0.208162,0.500201,1,time_limit,solomon_exact_1000_v1,,,,,,0.5,,100,,25,1c005bcbef3a2cc7c3c99f5013487a5a902fde9aca9c42e62b9da2eeda38c14c,False,related,c5a26f16145fab0a2c8b7cb34a1c92f303a53d3fd840c521f9647eb14c436bc6
R204,solomon_txt,5349e37d8df99bcbee1efa2e970d2662b5265e5f82fc609343a6af0a60257abf,1,1,ok,True,3,1331038,1331.038,0.215948,0.500234,1,time_limit,solomon_exact_1000_v1,,,,,,0.5,,100,,25,1c005bcbef3a2cc7c3c99f5013487a5a902fde9aca9c42e62b9da2eeda38c14c,False,related,c5a26f16145fab0a2c8b7cb34a1c92f303a53d3fd840c521f9647eb14c436bc6
R204,solomon_txt,5349e37d8df99bcbee1efa2e970d2662b5265e5f82fc609343a6af0a60257abf,2,1,ok,True,3,1301248,1301.248,0.201774,0.500362,1,time_limit,solomon_exact_1000_v1,,,,,,0.5,,100,,25,1c005bcbef3a2cc7c3c99f5013487a5a902fde9aca9c42e62b9da2eeda38c14c,False,related,c5a26f16145fab0a2c8b7cb34a1c92f303a53d3fd840c521f9647eb14c436bc6
R205,solomon_txt,1996bf8f10716fb8cfc1a585206a6a6e566f32347c1bb8f36c75ed6c887f77e3,0,1,ok,True,3,1610634,1610.634,0.158615,0.500257,1,time_limit,solomon_exact_1000_v1,,,,,,0.5,,100,,25,1c005bcbef3a2cc7c3c99f5013487a5a902fde9aca9c42e62b9da2eeda38c14c,False,related,c5a26f16145fab0a2c8b7cb34a1c92f303a53d3fd840c521f9647eb14c436bc6
R205,solomon_txt,1996bf8f10716fb8cfc1a585206a6a6e566f32347c1bb8f36c75ed6c887f77e3,1,1,ok,True,3,1567369,1567.369,0.158742,0.500221,1,time_limit,solomon_exact_1000_v1,,,,,,0.5,,100,,25,1c005bcbef3a2cc7c3c99f5013487a5a902fde9aca9c42e62b9da2eeda38c14c,False,related,c5a26f16145fab0a2c8b7cb34a1c92f303a53d3fd840c521f9647eb14c436bc6
R205,solomon_txt,1996bf8f10716fb8cfc1a585206a6a6e566f32347c1bb8f36c75ed6c887f77e3,2,1,ok,True,3,1573732,1573.732,0.158603,0.500343,1,time_limit,solomon_exact_1000_v1,,,,,,0.5,,100,,25,1c005bcbef3a2cc7c3c99f5013487a5a902fde9aca9c42e62b9da2eeda38c14c,False,related,c5a26f16145fab0a2c8b7cb34a1c92f303a53d3fd840c521f9647eb14c436bc6
R206,solomon_txt,c8754a0319264d076c038b1bf023c8c4710e8895fe3e03f485e9ae249f32fe43,0,1,ok,True,3,1533607,1533.607,0.169492,0.500205,1,time_limit,solomon_exact_1000_v1,,,,,,0.5,,100,,25,1c005bcbef3a2cc7c3c99f5013487a5a902fde9aca9c42e62b9da2eeda38c14c,False,related,c5a26f16145fab0a2c8b7cb34a1c92f303a53d3fd840c521f9647eb14c436bc6
R206,solomon_txt,c8754a0319264d076c038b1bf023c8c4710e8895fe3e03f485e9ae249f32fe43,1,1,ok,True,3,1533607,1533.607,0.162291,0.500219,1,time_limit,solomon_exact_1000_v1,,,,,,0.5,,100,,25,1c005bcbef3a2cc7c3c99f5013487a5a902fde9aca9c42e62b9da2eeda38c14c,False,related,c5a26f16145fab0a2c8b7cb34a1c92f303a53d3fd840c521f9647eb14c436bc6
R206,solomon_txt,c8754a0319264d076c038b1bf023c8c4710e8895fe3e03f485e9ae249f32fe43,2,1,ok,True,3,1531545,1531.545,0.169957,0.500352,1,time_limit,solomon_exact_1000_v1,,,,,,0.5,,100,,25,1c005bcbef3a2cc7c3c99f5013487a5a902fde9aca9c42e62b9da2eeda38c14c,False,related,c5a26f16145fab0a2c8b7cb34a1c92f303a53d3fd840c521f9647eb14c436bc6
R207,solomon_txt,52dc8eebba43fdc67ca9aadab228b75a297acb55a87db3e4748e82f623e3cbe6,0,1,ok,True,3,1274300,1274.3,0.194074,0.50021,1,time_limit,solomon_exact_1000_v1,,,,,,0.5,,100,,25,1c005bcbef3a2cc7c3c99f5013487a5a902fde9aca9c42e62b9da2eeda38c14c,False,related,c5a26f16145fab0a2c8b7cb34a1c92f303a53d3fd840c521f9647eb14c436bc6
R207,solomon_txt,52dc8eebba43fdc67ca9aadab228b75a297acb55a87db3e4748e82f623e3cbe6,1,1,ok,True,3,1302260,1302.26,0.197186,0.500249,1,time_limit,solomon_exact_1000_v1,,,,,,0.5,,100,,25,1c005bcbef3a2cc7c3c99f5013487a5a902fde9aca9c42e62b9da2eeda38c14c,False,related,c5a26f16145fab0a2c8b7cb34a1c92f303a53d3fd840c521f9647eb14c436bc6
R207,solomon_txt,52dc8eebba43fdc67ca9aadab228b75a297acb55a87db3e4748e82f623e3cbe6,2,1,ok,True,3,1294069,1294.069,0.205983,0.500197,1,time_limit,solomon_exact_1000_v1,,,,,,0.5,,100,,25,1c005bcbef3a2cc7c3c99f5013487a5a902fde9aca9c42e62b9da2eeda38c14c,False,related,c5a26f16145fab0a2c8b7cb34a1c92f303a53d3fd840c521f9647eb14c436bc6
R208,solomon_txt,7b4a95d500af9329dd08791d39898a619faec0f8fac039d57373e761545b980d,0,1,ok,True,2,922412,922.412,0.214621,0.500451,1,time_limit,solomon_exact_1000_v1,,,,,,0.5,,100,,25,1c005bcbef3a2cc7c3c99f5013487a5a902fde9aca9c42e62b9da2eeda38c14c,False,related,c5a26f16145fab0a2c8b7cb34a1c92f303a53d3fd840c521f9647eb14c436bc6
R208,solomon_txt,7b4a95d500af9329dd08791d39898a619faec0f8fac039d57373e761545b980d,1,1,ok,True,2,914568,914.568,0.219129,0.500435,1,time_limit,solomon_exact_1000_v1,,,,,,0.5,,100,,25,1c005bcbef3a2cc7c3c99f5013487a5a902fde9aca9c42e62b9da2eeda38c14c,False,related,c5a26f16145fab0a2c8b7cb34a1c92f303a53d3fd840c521f9647eb14c436bc6
R208,solomon_txt,7b4a95d500af9329dd08791d39898a619faec0f8fac039d57373e761545b980d,2,1,ok,True,2,937048,937.048,0.213688,0.500398,1,time_limit,solomon_exact_1000_v1,,,,,,0.5,,100,,25,1c005bcbef3a2cc7c3c99f5013487a5a902fde9aca9c42e62b9da2eeda38c14c,False,related,c5a26f16145fab0a2c8b7cb34a1c92f303a53d3fd840c521f9647eb14c436bc6
R209,solomon_txt,5b74156d032babcff853ccc693f94463eca8333cd425aa99a39ed996f6258933,0,1,ok,True,3,1558059,1558.059,0.157225,0.500205,1,time_limit,solomon_exact_1000_v1,,,,,,0.5,,100,,25,1c005bcbef3a2cc7c3c99f5013487a5a902fde9aca9c42e62b9da2eeda38c14c,False,related,c5a26f16145fab0a2c8b7cb34a1c92f303a53d3fd840c521f9647eb14c436bc6
R209,solomon_txt,5b74156d032babcff853ccc693f94463eca8333cd425aa99a39ed996f6258933,1,1,ok,True,3,1524233,1524.233,0.159958,0.500189,1,time_limit,solomon_exact_1000_v1,,,,,,0.5,,100,,25,1c005bcbef3a2cc7c3c99f5013487a5a902fde9aca9c42e62b9da2eeda38c14c,False,related,c5a26f16145fab0a2c8b7cb34a1c92f303a53d3fd840c521f9647eb14c436bc6
R209,solomon_txt,5b74156d032babcff853ccc693f94463eca8333cd425aa99a39ed996f6258933,2,1,ok,True,3,1495836,1495.836,0.157177,0.50036,1,time_limit,solomon_exact_1000_v1,,,,,,0.5,,100,,25,1c005bcbef3a2cc7c3c99f5013487a5a902fde9aca9c42e62b9da2eeda38c14c,False,related,c5a26f16145fab0a2c8b7cb34a1c92f303a53d3fd840c521f9647eb14c436bc6
R210,solomon_txt,4e5772f109fb6183e6a648d6a1edaba3435438c2dc11c42da370fecf7bdf3a14,0,1,ok,True,3,1443660,1443.66,0.176142,0.50021,1,time_limit,solomon_exact_1000_v1,,,,,,0.5,,100,,25,1c005bcbef3a2cc7c3c99f5013487a5a902fde9aca9c42e62b9da2eeda38c14c,False,related,c5a26f16145fab0a2c8b7cb34a1c92f303a53d3fd840c521f9647eb14c436bc6
R210,solomon_txt,4e5772f109fb6183e6a648d6a1edaba3435438c2dc11c42da370fecf7bdf3a14,1,1,ok,True,3,1443660,1443.66,0.179057,0.500228,1,time_limit,solomon_exact_1000_v1,,,,,,0.5,,100,,25,1c005bcbef3a2cc7c3c99f5013487a5a902fde9aca9c42e62b9da2eeda38c14c,False,related,c5a26f16145fab0a2c8b7cb34a1c92f303a53d3fd840c521f9647eb14c436bc6
R210,solomon_txt,4e5772f109fb6183e6a648d6a1edaba3435438c2dc11c42da370fecf7bdf3a14,2,1,ok,True,3,1437062,1437.062,0.166345,0.500378,1,time_limit,solomon_exact_1000_v1,,,,,,0.5,,100,,25,1c005bcbef3a2cc7c3c99f5013487a5a902fde9aca9c42e62b9da2eeda38c14c,False,related,c5a26f16145fab0a2c8b7cb34a1c92f303a53d3fd840c521f9647eb14c436bc6
R211,solomon_txt,2965507e467a2f92acd59035975910e36ae11e4f49590d4c7d20a883939227ad,0,1,ok,True,3,1516434,1516.434,0.184142,0.500223,1,time_limit,solomon_exact_1000_v1,,,,,,0.5,,100,,25,1c005bcbef3a2cc7c3c99f5013487a5a902fde9aca9c42e62b9da2eeda38c14c,False,related,c5a26f16145fab0a2c8b7cb34a1c92f303a53d3fd840c521f9647eb14c436bc6
R211,solomon_txt,2965507e467a2f92acd59035975910e36ae11e4f49590d4c7d20a883939227ad,1,1,ok,True,3,1516434,1516.434,0.187391,0.500211,1,time_limit,solomon_exact_1000_v1,,,,,,0.5,,100,,25,1c005bcbef3a2cc7c3c99f5013487a5a902fde9aca9c42e62b9da2eeda38c14c,False,related,c5a26f16145fab0a2c8b7cb34a1c92f303a53d3fd840c521f9647eb14c436bc6
R211,solomon_txt,2965507e467a2f92acd59035975910e36ae11e4f49590d4c7d20a883939227ad,2,1,ok,True,3,1506201,1506.201,0.187018,0.50035,1,time_limit,solomon_exact_1000_v1,,,,,,0.5,,100,,25,1c005bcbef3a2cc7c3c99f5013487a5a902fde9aca9c42e62b9da2eeda38c14c,False,related,c5a26f16145fab0a2c8b7cb34a1c92f303a53d3fd840c521f9647eb14c436bc6
RC101,solomon_txt,ef6893ffd9746ad96de8e4da6e64e2c4ba6e08a1c7eb9457276a9f1caf01ca12,0,1,ok,True,16,1985870,1985.87,0.05506,0.500418,2,time_limit,solomon_exact_1000_v1,,,,,,0.5,,100,,25,1c005bcbef3a2cc7c3c99f5013487a5a902fde9aca9c42e62b9da2eeda38c14c,False,related,c5a26f16145fab0a2c8b7cb34a1c92f303a53d3fd840c521f9647eb14c436bc6
RC101,solomon_txt,ef6893ffd9746ad96de8e4da6e64e2c4ba6e08a1c7eb9457276a9f1caf01ca12,1,1,ok,True,17,2095011,2095.011,0.057757,0.500432,1,time_limit,solomon_exact_1000_v1,,,,,,0.5,,100,,25,1c005bcbef3a2cc7c3c99f5013487a5a902fde9aca9c42e62b9da2eeda38c14c,False,related,c5a26f16145fab0a2c8b7cb34a1c92f303a53d3fd840c521f9647eb14c436bc6
RC101,solomon_txt,ef6893ffd9746ad96de8e4da6e64e2c4ba6e08a1c7eb9457276a9f1caf01ca12,2,1,ok,True,16,1888172,1888.172,0.057549,0.500409,1,time_limit,solomon_exact_1000_v1,,,,,,0.5,,100,,25,1c005bcbef3a2cc7c3c99f5013487a5a902fde9aca9c42e62b9da2eeda38c14c,False,related,c5a26f16145fab0a2c8b7cb34a1c92f303a53d3fd840c521f9647eb14c436bc6
RC102,solomon_txt,36acd349d34a577c7fadd61f78517c2cb74bd06a490273800c288f341e5785a4,0,1,ok,True,14,1709365,1709.365,0.061852,0.500494,1,time_limit,solomon_exact_1000_v1,,,,,,0.5,,100,,25,1c005bcbef3a2cc7c3c99f5013487a5a902fde9aca9c42e62b9da2eeda38c14c,False,related,c5a26f16145fab0a2c8b7cb34a1c92f303a53d3fd840c521f9647eb14c436bc6
RC102,solomon_txt,36acd349d34a577c7fadd61f78517c2cb74bd06a490273800c288f341e5785a4,1,1,ok,True,14,1758699,1758.699,0.058977,0.500436,1,time_limit,solomon_exact_1000_v1,,,,,,0.5,,100,,25,1c005bcbef3a2cc7c3c99f5013487a5a902fde9aca9c42e62b9da2eeda38c14c,False,related,c5a26f16145fab0a2c8b7cb34a1c92f303a53d3fd840c521f9647eb14c436bc6
RC102,solomon_txt,36acd349d34a577c7fadd61f78517c2cb74bd06a490273800c288f341e5785a4,2,1,ok,True,14,1710031,1710.031,0.064673,0.500441,1,time_limit,solomon_exact_1000_v1,,,,,,0.5,,100,,25,1c005bcbef3a2cc7c3c99f5013487a5a902fde9aca9c42e62b9da2eeda38c14c,False,related,c5a26f16145fab0a2c8b7cb34a1c92f303a53d3fd840c521f9647eb14c436bc6
RC103,solomon_txt,00f384138274d5d2bff5c41601db17cc4ad0cfc6315c27e223d4477bf435cc2d,0,1,ok,True,12,1698475,1698.475,0.068579,0.500454,1,time_limit,solomon_exact_1000_v1,,,,,,0.5,,100,,25,1c005bcbef3a2cc7c3c99f5013487a5a902fde9aca9c42e62b9da2eeda38c14c,False,related,c5a26f16145fab0a2c8b7cb34a1c92f303a53d3fd840c521f9647eb14c436bc6
RC103,solomon_txt,00f384138274d5d2bff5c41601db17cc4ad0cfc6315c27e223d4477bf435cc2d,1,1,ok,True,13,1938302,1938.302,0.069322,0.500421,1,time_limit,solomon_exact_1000_v1,,,,,,0.5,,100,,25,1c005bcbef3a2cc7c3c99f5013487a5a902fde9aca9c42e62b9da2eeda38c14c,False,related,c5a26f16145fab0a2c8b7cb34a1c92f303a53d3fd840c521f9647eb14c436bc6
RC103,solomon_txt,00f384138274d5d2bff5c41601db17cc4ad0cfc6315c27e223d4477bf435cc2d,2,1,ok,True,13,1938302,1938.302,0.066667,0.500411,1,time_limit,solomon_exact_1000_v1,,,,,,0.5,,100,,25,1c005bcbef3a2cc7c3c99f5013487a5a902fde9aca9c42e62b9da2eeda38c14c,False,related,c5a26f16145fab0a2c8b7cb34a1c92f303a53d3fd840c521f9647eb14c436bc6
RC104,solomon_txt,d150b2d61049a488fb89a2320c197d81a7ef9a1864abbbaea1d13a2b451253ee,0,1,ok,True,13,1969132,1969.132,0.067447,0.50041,1,time_limit,solomon_exact_1000_v1,,,,,,0.5,,100,,25,1c005bcbef3a2cc7c3c99f5013487a5a902fde9aca9c42e62b9da2eeda38c14c,False,related,c5a26f16145fab0a2c8b7cb34a1c92f303a53d3fd840c521f9647eb14c436bc6
RC104,solomon_txt,d150b2d61049a488fb89a2320c197d81a7ef9a1864abbbaea1d13a2b451253ee,1,1,ok,True,13,2035866,2035.866,0.065423,0.500375,1,time_limit,solomon_exact_1000_v1,,,,,,0.5,,100,,25,1c005bcbef3a2cc7c3c99f5013487a5a902fde9aca9c42e62b9da2eeda38c14c,False,related,c5a26f16145fab0a2c8b7cb34a1c92f303a53d3fd840c521f9647eb14c436bc6
RC104,solomon_txt,d150b2d61049a488fb89a2320c197d81a7ef9a1864abbbaea1d13a2b451253ee,2,1,ok,True,14,2135518,2135.518,0.074932,0.500402,1,time_limit,solomon_exact_1000_v1,,,,,,0.5,,100,,25,1c005bcbef3a2cc7c3c99f5013487a5a902fde9aca9c42e62b9da2eeda38c14c,False,related,c5a26f16145fab0a2c8b7cb34a1c92f303a53d3fd840c521f9647eb14c436bc6
RC105,solomon_txt,b9e912625c1ed80d2f565e0799ade2f4b17bf4f95056322ca23f1a21b37e7a49,0,1,ok,True,14,1975660,1975.66,0.058299,0.500409,1,time_limit,solomon_exact_1000_v1,,,,,,0.5,,100,,25,1c005bcbef3a2cc7c3c99f5013487a5a902fde9aca9c42e62b9da2eeda38c14c,False,related,c5a26f16145fab0a2c8b7cb34a1c92f303a53d3fd840c521f9647eb14c436bc6
RC105,solomon_txt,b9e912625c1ed80d2f565e0799ade2f4b17bf4f95056322ca23f1a21b37e7a49,1,1,ok,True,15,2053444,2053.444,0.058126,0.500473,1,time_limit,solomon_exact_1000_v1,,,,,,0.5,,100,,25,1c005bcbef3a2cc7c3c99f5013487a5a902fde9aca9c42e62b9da2eeda38c14c,False,related,c5a26f16145fab0a2c8b7cb34a1c92f303a53d3fd840c521f9647eb14c436bc6
RC105,solomon_txt,b9e912625c1ed80d2f565e0799ade2f4b17bf4f95056322ca23f1a21b37e7a49,2,1,ok,True,15,1978017,1978.017,0.058228,0.500404,1,time_limit,solomon_exact_1000_v1,,,,,,0.5,,100,,25,1c005bcbef3a2cc7c3c99f5013487a5a902fde9aca9c42e62b9da2eeda38c14c,False,related,c5a26f16145fab0a2c8b7cb34a1c92f303a53d3fd840c521f9647eb14c436bc6
RC106,solomon_txt,bf016ffc567af2d108570357daf1d0cabb7f680c0bd977d2e4366787683fdbaf,0,1,ok,True,15,1874708,1874.708,0.056359,0.500392,1,time_limit,solomon_exact_1000_v1,,,,,,0.5,,100,,25,1c005bcbef3a2cc7c3c99f5013487a5a902fde9aca9c42e62b9da2eeda38c14c,False,related,c5a26f16145fab0a2c8b7cb34a1c92f303a53d3fd840c521f9647eb14c436bc6
RC106,solomon_txt,bf016ffc567af2d108570357daf1d0cabb7f680c0bd977d2e4366787683fdbaf,1,1,ok,True,15,2130005,2130.005,0.057097,0.50045,1,time_limit,solomon_exact_1000_v1,,,,,,0.5,,100,,25,1c005bcbef3a2cc7c3c99f5013487a5a902fde9aca9c42e62b9da2eeda38c14c,False,related,c5a26f16145fab0a2c8b7cb34a1c92f303a53d3fd840c521f9647eb14c436bc6
RC106,solomon_txt,bf016ffc567af2d108570357daf1d0cabb7f680c0bd977d2e4366787683fdbaf,2,1,ok,True,15,1924387,1924.387,0.056947,0.500395,1,time_limit,solomon_exact_1000_v1,,,,,,0.5,,100,,25,1c005bcbef3a2cc7c3c99f5013487a5a902fde9aca9c42e62b9da2eeda38c14c,False,related,c5a26f16145fab0a2c8b7cb34a1c92f303a53d3fd840c521f9647eb14c436bc6
RC107,solomon_txt,fff3fd68d110671ed442575f07cc547291586f30b00c5f73934d521d31311582,0,1,ok,True,14,1893611,1893.611,0.062477,0.500424,1,time_limit,solomon_exact_1000_v1,,,,,,0.5,,100,,25,1c005bcbef3a2cc7c3c99f5013487a5a902fde9aca9c42e62b9da2eeda38c14c,False,related,c5a26f16145fab0a2c8b7cb34a1c92f303a53d3fd840c521f9647eb14c436bc6
RC107,solomon_txt,fff3fd68d110671ed442575f07cc547291586f30b00c5f73934d521d31311582,1,1,ok,True,13,1942828,1942.828,0.061423,0.500463,1,time_limit,solomon_exact_1000_v1,,,,,,0.5,,100,,25,1c005bcbef3a2cc7c3c99f5013487a5a902fde9aca9c42e62b9da2eeda38c14c,False,related,c5a26f16145fab0a2c8b7cb34a1c92f303a53d3fd840c521f9647eb14c436bc6
RC107,solomon_txt,fff3fd68d110671ed442575f07cc547291586f30b00c5f73934d521d31311582,2,1,ok,True,15,2208581,2208.581,0.062818,0.500395,1,time_limit,solomon_exact_1000_v1,,,,,,0.5,,100,,25,1c005bcbef3a2cc7c3c99f5013487a5a902fde9aca9c42e62b9da2eeda38c14c,False,related,c5a26f16145fab0a2c8b7cb34a1c92f303a53d3fd840c521f9647eb14c436bc6
RC108,solomon_txt,006bc8817bf09f9a8c66af8d6f088bdec239b2eb435556e9d11193cf456f7aeb,0,1,ok,True,13,1858321,1858.321,0.065372,0.500451,1,time_limit,solomon_exact_1000_v1,,,,,,0.5,,100,,25,1c005bcbef3a2cc7c3c99f5013487a5a902fde9aca9c42e62b9da2eeda38c14c,False,related,c5a26f16145fab0a2c8b7cb34a1c92f303a53d3fd840c521f9647eb14c436bc6
RC108,solomon_txt,006bc8817bf09f9a8c66af8d6f088bdec239b2eb435556e9d11193cf456f7aeb,1,1,ok,True,13,1813454,1813.454,0.062198,0.500383,1,time_limit,solomon_exact_1000_v1,,,,,,0.5,,100,,25,1c005bcbef3a2cc7c3c99f5013487a5a902fde9aca9c42e62b9da2eeda38c14c,False,related,c5a26f16145fab0a2c8b7cb34a1c92f303a53d3fd840c521f9647eb14c436bc6
RC108,solomon_txt,006bc8817bf09f9a8c66af8d6f088bdec239b2eb435556e9d11193cf456f7aeb,2,1,ok,True,12,1555813,1555.813,0.060961,0.500394,1,time_limit,solomon_exact_1000_v1,,,,,,0.5,,100,,25,1c005bcbef3a2cc7c3c99f5013487a5a902fde9aca9c42e62b9da2eeda38c14c,False,related,c5a26f16145fab0a2c8b7cb34a1c92f303a53d3fd840c521f9647eb14c436bc6
RC201,solomon_txt,288836e2d8c2ace83ebbff77e03ac8cdffc574fc134cade21ef92713f8c52d44,0,1,ok,True,5,2418737,2418.737,0.120949,0.500365,1,time_limit,solomon_exact_1000_v1,,,,,,0.5,,100,,25,1c005bcbef3a2cc7c3c99f5013487a5a902fde9aca9c42e62b9da2eeda38c14c,False,related,c5a26f16145fab0a2c8b7cb34a1c92f303a53d3fd840c521f9647eb14c436bc6
RC201,solomon_txt,288836e2d8c2ace83ebbff77e03ac8cdffc574fc134cade21ef92713f8c52d44,1,1,ok,True,5,2291678,2291.678,0.122324,0.500363,1,time_limit,solomon_exact_1000_v1,,,,,,0.5,,100,,25,1c005bcbef3a2cc7c3c99f5013487a5a902fde9aca9c42e62b9da2eeda38c14c,False,related,c5a26f16145fab0a2c8b7cb34a1c92f303a53d3fd840c521f9647eb14c436bc6
RC201,solomon_txt,288836e2d8c2ace83ebbff77e03ac8cdffc574fc134cade21ef92713f8c52d44,2,1,ok,True,5,2378874,2378.874,0.127342,0.500364,1,time_limit,solomon_exact_1000_v1,,,,,,0.5,,100,,25,1c005bcbef3a2cc7c3c99f5013487a5a902fde9aca9c42e62b9da2eeda38c14c,False,related,c5a26f16145fab0a2c8b7cb34a1c92f303a53d3fd840c521f9647eb14c436bc6
RC202,solomon_txt,5a1dee2017ab0ca4fe280b392678c96e8b5bc71f22d02c8058fbde7c4cfebcf4,0,1,ok,True,4,1944288,1944.288,0.117772,0.500191,1,time_limit,solomon_exact_1000_v1,,,,,,0.5,,100,,25,1c005bcbef3a2cc7c3c99f5013487a5a902fde9aca9c42e62b9da2eeda38c14c,False,related,c5a26f16145fab0a2c8b7cb34a1c92f303a53d3fd840c521f9647eb14c436bc6
RC202,solomon_txt,5a1dee2017ab0ca4fe280b392678c96e8b5bc71f22d02c8058fbde7c4cfebcf4,1,1,ok,True,4,1862360,1862.36,0.116831,0.500362,1,time_limit,solomon_exact_1000_v1,,,,,,0.5,,100,,25,1c005bcbef3a2cc7c3c99f5013487a5a902fde9aca9c42e62b9da2eeda38c14c,False,related,c5a26f16145fab0a2c8b7cb34a1c92f303a53d3fd840c521f9647eb14c436bc6
RC202,solomon_txt,5a1dee2017ab0ca4fe280b392678c96e8b5bc71f22d02c8058fbde7c4cfebcf4,2,1,ok,True,4,1977790,1977.79,0.114587,0.500383,1,time_limit,solomon_exact_1000_v1,,,,,,0.5,,100,,25,1c005bcbef3a2cc7c3c99f5013487a5a902fde9aca9c42e62b9da2eeda38c14c,False,related,c5a26f16145fab0a2c8b7cb34a1c92f303a53d3fd840c521f9647eb14c436bc6
RC203,solomon_txt,4adcb362c23df91f14b828d4964e9383ffb02ee74217afc2d84571f83ed91f8b,0,1,ok,True,3,1566780,1566.78,0.121849,0.500204,1,time_limit,solomon_exact_1000_v1,,,,,,0.5,,100,,25,1c005bcbef3a2cc7c3c99f5013487a5a902fde9aca9c42e62b9da2eeda38c14c,False,related,c5a26f16145fab0a2c8b7cb34a1c92f303a53d3fd840c521f9647eb14c436bc6
RC203,solomon_txt,4adcb362c23df91f14b828d4964e9383ffb02ee74217afc2d84571f83ed91f8b,1,1,ok,True,4,1732941,1732.941,0.128653,0.500376,1,time_limit,solomon_exact_1000_v1,,,,,,0.5,,100,,25,1c005bcbef3a2cc7c3c99f5013487a5a902fde9aca9c42e62b9da2eeda38c14c,False,related,c5a26f16145fab0a2c8b7cb34a1c92f303a53d3fd840c521f9647eb14c436bc6
RC203,solomon_txt,4adcb362c23df91f14b828d4964e9383ffb02ee74217afc2d84571f83ed91f8b,2,1,ok,True,3,1517681,1517.681,0.126189,0.50035,1,time_limit,solomon_exact_1000_v1,,,,,,0.5,,100,,25,1c005bcbef3a2cc7c3c99f5013487a5a902fde9aca9c42e62b9da2eeda38c14c,False,related,c5a26f16145fab0a2c8b7cb34a1c92f303a53d3fd840c521f9647eb14c436bc6
RC204,solomon_txt,11e827eab51a959ebab66344e7b7cfd1aeed895287653b36a72c86a4440ecd77,0,1,ok,True,3,1500593,1500.593,0.192329,0.500243,1,time_limit,solomon_exact_1000_v1,,,,,,0.5,,100,,25,1c005bcbef3a2cc7c3c99f5013487a5a902fde9aca9c42e62b9da2eeda38c14c,False,related,c5a26f16145fab0a2c8b7cb34a1c92f303a53d3fd840c521f9647eb14c436bc6
RC204,solomon_txt,11e827eab51a959ebab66344e7b7cfd1aeed895287653b36a72c86a4440ecd77,1,1,ok,True,3,1500593,1500.593,0.191596,0.500239,1,time_limit,solomon_exact_1000_v1,,,,,,0.5,,100,,25,1c005bcbef3a2cc7c3c99f5013487a5a902fde9aca9c42e62b9da2eeda38c14c,False,related,c5a26f16145fab0a2c8b7cb34a1c92f303a53d3fd840c521f9647eb14c436bc6
RC204,solomon_txt,11e827eab51a959ebab66344e7b7cfd1aeed895287653b36a72c86a4440ecd77,2,1,ok,True,3,1500132,1500.132,0.181231,0.500347,1,time_limit,solomon_exact_1000_v1,,,,,,0.5,,100,,25,1c005bcbef3a2cc7c3c99f5013487a5a902fde9aca9c42e62b9da2eeda38c14c,False,related,c5a26f16145fab0a2c8b7cb34a1c92f303a53d3fd840c521f9647eb14c436bc6
RC205,solomon_txt,c061d306cf42310b0f3ca15612089f6c5a8d5604c0733bf26852477c787662c9,0,1,ok,True,4,2036824,2036.824,0.13982,0.500211,1,time_limit,solomon_exact_1000_v1,,,,,,0.5,,100,,25,1c005bcbef3a2cc7c3c99f5013487a5a902fde9aca9c42e62b9da2eeda38c14c,False,related,c5a26f16145fab0a2c8b7cb34a1c92f303a53d3fd840c521f9647eb14c436bc6
RC205,solomon_txt,c061d306cf42310b0f3ca15612089f6c5a8d5604c0733bf26852477c787662c9,1,1,ok,True,4,2005413,2005.413,0.141444,0.500392,1,time_limit,solomon_exact_1000_v1,,,,,,0.5,,100,,25,1c005bcbef3a2cc7c3c99f5013487a5a902fde9aca9c42e62b9da2eeda38c14c,False,related,c5a26f16145fab0a2c8b7cb34a1c92f303a53d3fd840c521f9647eb14c436bc6
RC205,solomon_txt,c061d306cf42310b0f3ca15612089f6c5a8d5604c0733bf26852477c787662c9,2,1,ok,True,4,2034157,2034.157,0.133942,0.5004,1,time_limit,solomon_exact_1000_v1,,,,,,0.5,,100,,25,1c005bcbef3a2cc7c3c99f5013487a5a902fde9aca9c42e62b9da2eeda38c14c,False,related,c5a26f16145fab0a2c8b7cb34a1c92f303a53d3fd840c521f9647eb14c436bc6
RC206,solomon_txt,5203aecf67c84df49e152645312a837ffefde529314ff892ca061538816e43a9,0,1,ok,True,4,2017276,2017.276,0.129125,0.500212,1,time_limit,solomon_exact_1000_v1,,,,,,0.5,,100,,25,1c005bcbef3a2cc7c3c99f5013487a5a902fde9aca9c42e62b9da2eeda38c14c,False,related,c5a26f16145fab0a2c8b7cb34a1c92f303a53d3fd840c521f9647eb14c436bc6
RC206,solomon_txt,5203aecf67c84df49e152645312a837ffefde529314ff892ca061538816e43a9,1,1,ok,True,4,1977763,1977.763,0.132679,0.500358,1,time_limit,solomon_exact_1000_v1,,,,,,0.5,,100,,25,1c005bcbef3a2cc7c3c99f5013487a5a902fde9aca9c42e62b9da2eeda38c14c,False,related,c5a26f16145fab0a2c8b7cb34a1c92f303a53d3fd840c521f9647eb14c436bc6
RC206,solomon_txt,5203aecf67c84df49e152645312a837ffefde529314ff892ca061538816e43a9,2,1,ok,True,4,1857314,1857.314,0.132007,0.500548,1,time_limit,solomon_exact_1000_v1,,,,,,0.5,,100,,25,1c005bcbef3a2cc7c3c99f5013487a5a902fde9aca9c42e62b9da2eeda38c14c,False,related,c5a26f16145fab0a2c8b7cb34a1c92f303a53d3fd840c521f9647eb14c436bc6
RC207,solomon_txt,5cab65f99b350cdb8fb1c4d0a12dde85eb4ff6a6d6daf292b182cb73de9a8b63,0,1,ok,True,4,1907431,1907.431,0.144667,0.500231,1,time_limit,solomon_exact_1000_v1,,,,,,0.5,,100,,25,1c005bcbef3a2cc7c3c99f5013487a5a902fde9aca9c42e62b9da2eeda38c14c,False,related,c5a26f16145fab0a2c8b7cb34a1c92f303a53d3fd840c521f9647eb14c436bc6
RC207,solomon_txt,5cab65f99b350cdb8fb1c4d0a12dde85eb4ff6a6d6daf292b182cb73de9a8b63,1,1,ok,True,4,1871849,1871.849,0.144772,0.500354,1,time_limit,solomon_exact_1000_v1,,,,,,0.5,,100,,25,1c005bcbef3a2cc7c3c99f5013487a5a902fde9aca9c42e62b9da2eeda38c14c,False,related,c5a26f16145fab0a2c8b7cb34a1c92f303a53d3fd840c521f9647eb14c436bc6
RC207,solomon_txt,5cab65f99b350cdb8fb1c4d0a12dde85eb4ff6a6d6daf292b182cb73de9a8b63,2,1,ok,True,4,1865317,1865.317,0.148834,0.500372,1,time_limit,solomon_exact_1000_v1,,,,,,0.5,,100,,25,1c005bcbef3a2cc7c3c99f5013487a5a902fde9aca9c42e62b9da2eeda38c14c,False,related,c5a26f16145fab0a2c8b7cb34a1c92f303a53d3fd840c521f9647eb14c436bc6
RC208,solomon_txt,3d67d2a8e2758a324643f5d6c6ca87e8c56435273eaa04be33f213bb991f1f28,0,1,ok,True,3,1661784,1661.784,0.145424,0.500258,1,time_limit,solomon_exact_1000_v1,,,,,,0.5,,100,,25,1c005bcbef3a2cc7c3c99f5013487a5a902fde9aca9c42e62b9da2eeda38c14c,False,related,c5a26f16145fab0a2c8b7cb34a1c92f303a53d3fd840c521f9647eb14c436bc6
RC208,solomon_txt,3d67d2a8e2758a324643f5d6c6ca87e8c56435273eaa04be33f213bb991f1f28,1,1,ok,True,3,1629233,1629.233,0.149566,0.500241,1,time_limit,solomon_exact_1000_v1,,,,,,0.5,,100,,25,1c005bcbef3a2cc7c3c99f5013487a5a902fde9aca9c42e62b9da2eeda38c14c,False,related,c5a26f16145fab0a2c8b7cb34a1c92f303a53d3fd840c521f9647eb14c436bc6
RC208,solomon_txt,3d67d2a8e2758a324643f5d6c6ca87e8c56435273eaa04be33f213bb991f1f28,2,1,ok,True,3,1587686,1587.686,0.144505,0.500368,1,time_limit,solomon_exact_1000_v1,,,,,,0.5,,100,,25,1c005bcbef3a2cc7c3c99f5013487a5a902fde9aca9c42e62b9da2eeda38c14c,False,related,c5a26f16145fab0a2c8b7cb34a1c92f303a53d3fd840c521f9647eb14c436bc6
C101,solomon_txt,a6da75152d182d60ecd2c6f854296f5be452f92282d096adebcf5d99a7f16516,0,1,ok,True,11,1015038,1015.038,0.06908,0.500435,1,time_limit,solomon_exact_1000_v1,,,,,,0.5,,100,,25,1c005bcbef3a2cc7c3c99f5013487a5a902fde9aca9c42e62b9da2eeda38c14c,False,hybrid,0c5fcbdd03bb3b33b2c32fec5dd2f8eedcae60201d9a156fca5950a560033586
C101,solomon_txt,a6da75152d182d60ecd2c6f854296f5be452f92282d096adebcf5d99a7f16516,1,1,ok,True,10,828937,828.937,0.069675,0.500481,2,time_limit,solomon_exact_1000_v1,,,,,,0.5,,100,,25,1c005bcbef3a2cc7c3c99f5013487a5a902fde9aca9c42e62b9da2eeda38c14c,False,hybrid,0c5fcbdd03bb3b33b2c32fec5dd2f8eedcae60201d9a156fca5950a560033586
C101,solomon_txt,a6da75152d182d60ecd2c6f854296f5be452f92282d096adebcf5d99a7f16516,2,1,ok,True,10,828937,828.937,0.070512,0.500449,1,time_limit,solomon_exact_1000_v1,,,,,,0.5,,100,,25,1c005bcbef3a2cc7c3c99f5013487a5a902fde9aca9c42e62b9da2eeda38c14c,False,hybrid,0c5fcbdd03bb3b33b2c32fec5dd2f8eedcae60201d9a156fca5950a560033586
C102,solomon_txt,f89a0e2a760cc7448a4ca72b88e5b29b94d64b5548f3320f42a6230025ead653,0,1,ok,True,10,1103932,1103.932,0.075005,0.500517,1,time_limit,solomon_exact_1000_v1,,,,,,0.5,,100,,25,1c005bcbef3a2cc7c3c99f5013487a5a902fde9aca9c42e62b9da2eeda38c14c,False,hybrid,0c5fcbdd03bb3b33b2c32fec5dd2f8eedcae60201d9a156fca5950a560033586
C102,solomon_txt,f89a0e2a760cc7448a4ca72b88e5b29b94d64b5548f3320f42a6230025ead653,1,1,ok,True,10,1103932,1103.932,0.070046,0.500462,1,time_limit,solomon_exact_1000_v1,,,,,,0.5,,100,,25,1c005bcbef3a2cc7c3c99f5013487a5a902fde9aca9c42e62b9da2eeda38c14c,False,hybrid,0c5fcbdd03bb3b33b2c32fec5dd2f8eedcae60201d9a156fca5950a560033586
C102,solomon_txt,f89a0e2a760cc7448a4ca72b88e5b29b94d64b5548f3320f42a6230025ead653,2,1,ok,True,10,1103932,1103.932,0.069204,0.500442,1,time_limit,solomon_exact_1000_v1,,,,,,0.5,,100,,25,1c005bcbef3a2cc7c3c99f5013487a5a902fde9aca9c42e62b9da2eeda38c14c,False,hybrid,0c5fcbdd03bb3b33b2c32fec5dd2f8eedcae60201d9a156fca5950a560033586
C103,solomon_txt,a55cabf15e0da9d65696a5fb45c9852889479893f76f772a428ca15d1b415a51,0,1,ok,True,10,1658323,1658.323,0.078354,0.500418,1,time_limit,solomon_exact_1000_v1,,,,,,0.5,,100,,25,1c005bcbef3a2cc7c3c99f5013487a5a902fde9aca9c42e62b9da2eeda38c14c,False,hybrid,0c5fcbdd03bb3b33b2c32fec5dd2f8eedcae60201d9a156fca5950a560033586
C103,solomon_txt,a55cabf15e0da9d65696a5fb45c9852889479893f76f772a428ca15d1b415a51,1,1,ok,True,10,1658323,1658.323,0.079699,0.500461,1,time_limit,solomon_exact_1000_v1,,,,,,0.5,,100,,25,1c005bcbef3a2cc7c3c99f5013487a5a902fde9aca9c42e62b9da2eeda38c14c,False,hybrid,0c5fcbdd03bb3b33b2c32fec5dd2f8eedcae60201d9a156fca5950a560033586
C103,solomon_txt,a55cabf15e0da9d65696a5fb45c9852889479893f76f772a428ca15d1b415a51,2,1,ok,True,10,1658323,1658.323,0.076125,0.500449,1,time_limit,solomon_exact_1000_v1,,,,,,0.5,,100,,25,1c005bcbef3a2cc7c3c99f5013487a5a902fde9aca9c42e62b9da2eeda38c14c,False,hybrid,0c5fcbdd03bb3b33b2c32fec5dd2f8eedcae60201d9a156fca5950a560033586
C104,solomon_txt,fe333e81625ee5a75bb2ce98c2c9f356d07289237865b62a23ba2f32f0de5ee2,0,1,ok,True,10,1393869,1393.869,0.079841,0.500403,1,time_limit,solomon_exact_1000_v1,,,,,,0.5,,100,,25,1c005bcbef3a2cc7c3c99f5013487a5a902fde9aca9c42e62b9da2eeda38c14c,False,hybrid,0c5fcbdd03bb3b33b2c32fec5dd2f8eedcae60201d9a156fca5950a560033586
C104,solomon_txt,fe333e81625ee5a75bb2ce98c2c9f356d07289237865b62a23ba2f32f0de5ee2,1,1,ok,True,10,1434256,1434.256,0.078764,0.500402,1,time_limit,solomon_exact_1000_v1,,,,,,0.5,,100,,25,1c005bcbef3a2cc7c3c99f5013487a5a902fde9aca9c42e62b9da2eeda38c14c,False,hybrid,0c5fcbdd03bb3b33b2c32fec5dd2f8eedcae60201d9a156fca5950a560033586
C104,solomon_txt,fe333e81625ee5a75bb2ce98c2c9f356d07289237865b62a23ba2f32f0de5ee2,2,1,ok,True,10,1467600,1467.6,0.081164,0.500415,1,time_limit,solomon_exact_1000_v1,,,,,,0.5,,100,,25,1c005bcbef3a2cc7c3c99f5013487a5a902fde9aca9c42e62b9da2eeda38c14c,False,hybrid,0c5fcbdd03bb3b33b2c32fec5dd2f8eedcae60201d9a156fca5950a560033586
C105,solomon_txt,9a877a3a6fb922e7ad9297cc0308bc8a5652cb1495a0228ee6b81b2d938aa29f,0,1,ok,True,10,949458,949.458,0.06935,0.500445,1,time_limit,solomon_exact_1000_v1,,,,,,0.5,,100,,25,1c005bcbef3a2cc7c3c99f5013487a5a902fde9aca9c42e62b9da2eeda38c14c,False,hybrid,0c5fcbdd03bb3b33b2c32fec5dd2f8eedcae60201d9a156fca5950a560033586
C105,solomon_txt,9a877a3a6fb922e7ad9297cc0308bc8a5652cb1495a0228ee6b81b2d938aa29f,1,1,ok,True,10,920905,920.905,0.069923,0.500467,1,time_limit,solomon_exact_1000_v1,,,,,,0.5,,100,,25,1c005bcbef3a2cc7c3c99f5013487a5a902fde9aca9c42e62b9da2eeda38c14c,False,hybrid,0c5fcbdd03bb3b33b2c32fec5dd2f8eedcae60201d9a156fca5950a560033586
C105,solomon_txt,9a877a3a6fb922e7ad9297cc0308bc8a5652cb1495a0228ee6b81b2d938aa29f,2,1,ok,True,10,874895,874.895,0.06989,0.500413,1,time_limit,solomon_exact_1000_v1,,,,,,0.5,,100,,25,1c005bcbef3a2cc7c3c99f5013487a5a902fde9aca9c42e62b9da2eeda38c14c,False,hybrid,0c5fcbdd03bb3b33b2c32fec5dd2f8eedcae60201d9a156fca5950a560033586
C106,solomon_txt,ec9b419bed53e9c607cce76e8c6bc59feb6e4d17646905601f008a4141ec7b40,0,1,ok,True,10,1075244,1075.244,0.064479,0.500452,1,time_limit,solomon_exact_1000_v1,,,,,,0.5,,100,,25,1c005bcbef3a2cc7c3c99f5013487a5a902fde9aca9c42e62b9da2eeda38c14c,False,hybrid,0c5fcbdd03bb3b33b2c32fec5dd2f8eedcae60201d9a156fca5950a560033586
C106,solomon_txt,ec9b419bed53e9c607cce76e8c6bc59feb6e4d17646905601f008a4141ec7b40,1,1,ok,True,10,992685,992.685,0.065087,0.500427,1,time_limit,solomon_exact_1000_v1,,,,,,0.5,,100,,25,1c005bcbef3a2cc7c3c99f5013487a5a902fde9aca9c42e62b9da2eeda38c14c,False,hybrid,0c5fcbdd03bb3b33b2c32fec5dd2f8eedcae60201d9a156fca5950a560033586
C106,solomon_txt,ec9b419bed53e9c607cce76e8c6bc59feb6e4d17646905601f008a4141ec7b40,2,1,ok,True,10,1037941,1037.941,0.063534,0.50037,2,time_limit,solomon_exact_1000_v1,,,,,,0.5,,100,,25,1c005bcbef3a2cc7c3c99f5013487a5a902fde9aca9c42e62b9da2eeda38c14c,False,hybrid,0c5fcbdd03bb3b33b2c32fec5dd2f8eedcae60201d9a156fca5950a560033586
C107,solomon_txt,cb3cdc10d812fa17370eb52cb753b6b0574426dc6fabeb8b9076ed750ddf05ca,0,1,ok,True,10,1051870,1051.87,0.070309,0.500413,1,time_limit,solomon_exact_1000_v1,,,,,,0.5,,100,,25,1c005bcbef3a2cc7c3c99f5013487a5a902fde9aca9c42e62b9da2eeda38c14c,False,hybrid,0c5fcbdd03bb3b33b2c32fec5dd2f8eedcae60201d9a156fca5950a560033586
C107,solomon_txt,cb3cdc10d812fa17370eb52cb753b6b0574426dc6fabeb8b9076ed750ddf05ca,1,1,ok,True,10,922315,922.315,0.071574,0.50041,1,time_limit,solomon_exact_1000_v1,,,,,,0.5,,100,,25,1c005bcbef3a2cc7c3c99f5013487a5a902fde9aca9c42e62b9da2eeda38c14c,False,hybrid,0c5fcbdd03bb3b33b2c32fec5dd2f8eedcae60201d9a156fca5950a560033586
C107,solomon_txt,cb3cdc10d812fa17370eb52cb753b6b0574426dc6fabeb8b9076ed750ddf05ca,2,1,ok,True,10,892555,892.555,0.070392,0.500402,1,time_limit,solomon_exact_1000_v1,,,,,,0.5,,100,,25,1c005bcbef3a2cc7c3c99f5013487a5a902fde9aca9c42e62b9da2eeda38c14c,False,hybrid,0c5fcbdd03bb3b33b2c32fec5dd2f8eedcae60201d9a156fca5950a560033586
C108,solomon_txt,b8c7e48f292b66b283d8e71511e3a4eccaa4c4bc66b9313c399e73b0226f5953,0,1,ok,True,11,2015097,2015.097,0.067623,0.500371,1,time_limit,solomon_exact_1000_v1,,,,,,0.5,,100,,25,1c005bcbef3a2cc7c3c99f5013487a5a902fde9aca9c42e62b9da2eeda38c14c,False,hybrid,0c5fcbdd03bb3b33b2c32fec5dd2f8eedcae60201d9a156fca5950a560033586
C108,solomon_txt,b8c7e48f292b66b283d8e71511e3a4eccaa4c4bc66b9313c399e73b0226f5953,1,1,ok,True,10,1365869,1365.869,0.065655,0.500419,1,time_limit,solomon_exact_1000_v1,,,,,,0.5,,100,,25,1c005bcbef3a2cc7c3c99f5013487a5a902fde9aca9c42e62b9da2eeda38c14c,False,hybrid,0c5fcbdd03bb3b33b2c32fec5dd2f8eedcae60201d9a156fca5950a560033586
C108,solomon_txt,b8c7e48f292b66b283d8e71511e3a4eccaa4c4bc66b9313c399e73b0226f5953,2,1,ok,True,10,1207324,1207.324,0.066064,0.50043,2,time_limit,solomon_exact_1000_v1,,,,,,0.5,,100,,25,1c005bcbef3a2cc7c3c99f5013487a5a902fde9aca9c42e62b9da2eeda38c14c,False,hybrid,0c5fcbdd03bb3b33b2c32fec5dd2f8eedcae60201d9a156fca5950a560033586
C109,solomon_txt,72d8489e14bf1bb18456f0b21b01110506cbcc2354719dae8481b480150f142a,0,1,ok,True,10,1307742,1307.742,0.072165,0.500415,1,time_limit,solomon_exact_1000_v1,,,,,,0.5,,100,,25,1c005bcbef3a2cc7c3c99f5013487a5a902fde9aca9c42e62b9da2eeda38c14c,False,hybrid,0c5fcbdd03bb3b33b2c32fec5dd2f8eedcae60201d9a156fca5950a560033586
C109,solomon_txt,72d8489e14bf1bb18456f0b21b01110506cbcc2354719dae8481b480150f142a,1,1,ok,True,10,1309031,1309.031,0.072072,0.50047,1,time_limit,solomon_exact_1000_v1,,,,,,0.5,,100,,25,1c005bcbef3a2cc7c3c99f5013487a5a902fde9aca9c42e62b9da2eeda38c14c,False,hybrid,0c5fcbdd03bb3b33b2c32fec5dd2f8eedcae60201d9a156fca5950a560033586
C109,solomon_txt,72d8489e14bf1bb18456f0b21b01110506cbcc2354719dae8481b480150f142a,2,1,ok,True,10,1320706,1320.706,0.072344,0.500417,1,time_limit,solomon_exact_1000_v1,,,,,,0.5,,100,,25,1c005bcbef3a2cc7c3c99f5013487a5a902fde9aca9c42e62b9da2eeda38c14c,False,hybrid,0c5fcbdd03bb3b33b2c32fec5dd2f8eedcae60201d9a156fca5950a560033586
C201,solomon_txt,d8d9834087ae2326fa23a8510533060233dc9fb481873be60956eb26a880ad63,0,1,ok,True,3,626335,626.335,0.175857,0.5004,1,time_limit,solomon_exact_1000_v1,,,,,,0.5,,100,,25,1c005bcbef3a2cc7c3c99f5013487a5a902fde9aca9c42e62b9da2eeda38c14c,False,hybrid,0c5fcbdd03bb3b33b2c32fec5dd2f8eedcae60201d9a156fca5950a560033586
C201,solomon_txt,d8d9834087ae2326fa23a8510533060233dc9fb481873be60956eb26a880ad63,1,1,ok,True,3,623569,623.569,0.178095,0.500386,1,time_limit,solomon_exact_1000_v1,,,,,,0.5,,100,,25,1c005bcbef3a2cc7c3c99f5013487a5a902fde9aca9c42e62b9da2eeda38c14c,False,hybrid,0c5fcbdd03bb3b33b2c32fec5dd2f8eedcae60201d9a156fca5950a560033586
C201,solomon_txt,d8d9834087ae2326fa23a8510533060233dc9fb481873be60956eb26a880ad63,2,1,ok,True,3,623569,623.569,0.176041,0.500404,1,time_limit,solomon_exact_1000_v1,,,,,,0.5,,100,,25,1c005bcbef3a2cc7c3c99f5013487a5a902fde9aca9c42e62b9da2eeda38c14c,False,hybrid,0c5fcbdd03bb3b33b2c32fec5dd2f8eedcae60201d9a156fca5950a560033586
C202,solomon_txt,dfc8ecad79f6c7ffb096cd36994143569f0babe284d5ad194683271d81063772,0,1,ok,True,3,717363,717.363,0.167081,0.500403,1,time_limit,solomon_exact_1000_v1,,,,,,0.5,,100,,25,1c005bcbef3a2cc7c3c99f5013487a5a902fde9aca9c42e62b9da2eeda38c14c,False,hybrid,0c5fcbdd03bb3b33b2c32fec5dd2f8eedcae60201d9a156fca5950a560033586
C202,solomon_txt,dfc8ecad79f6c7ffb096cd36994143569f0babe284d5ad194683271d81063772,1,1,ok,True,3,717363,717.363,0.166469,0.500402,1,time_limit,solomon_exact_1000_v1,,,,,,0.5,,100,,25,1c005bcbef3a2cc7c3c99f5013487a5a902fde9aca9c42e62b9da2eeda38c14c,False,hybrid,0c5fcbdd03bb3b33b2c32fec5dd2f8eedcae60201d9a156fca5950a560033586
C202,solomon_txt,dfc8ecad79f6c7ffb096cd36994143569f0babe284d5ad194683271d81063772,2,1,ok,True,3,717363,717.363,0.165775,0.500384,1,time_limit,solomon_exact_1000_v1,,,,,,0.5,,100,,25,1c005bcbef3a2cc7c3c99f5013487a5a902fde9aca9c42e62b9da2eeda38c14c,False,hybrid,0c5fcbdd03bb3b33b2c32fec5dd2f8eedcae60201d9a156fca5950a560033586
C203,solomon_txt,2b79eea2962a848cb29f6153d4fb4ae725d35507686d937da6643b33fcd85062,0,1,ok,True,3,625423,625.423,0.159871,0.500396,1,time_limit,solomon_exact_1000_v1,,,,,,0.5,,100,,25,1c005bcbef3a2cc7c3c99f5013487a5a902fde9aca9c42e62b9da2eeda38c14c,False,hybrid,0c5fcbdd03bb3b33b2c32fec5dd2f8eedcae60201d9a156fca5950a560033586
C203,solomon_txt,2b79eea2962a848cb29f6153d4fb4ae725d35507686d937da6643b33fcd85062,1,1,ok,True,3,716777,716.777,0.166204,0.500385,1,time_limit,solomon_exact_1000_v1,,,,,,0.5,,100,,25,1c005bcbef3a2cc7c3c99f5013487a5a902fde9aca9c42e62b9da2eeda38c14c,False,hybrid,0c5fcbdd03bb3b33b2c32fec5dd2f8eedcae60201d9a156fca5950a560033586
C203,solomon_txt,2b79eea2962a848cb29f6153d4fb4ae725d35507686d937da6643b33fcd85062,2,1,ok,True,3,669177,669.177,0.165572,0.50039,1,time_limit,solomon_exact_1000_v1,,,,,,0.5,,100,,25,1c005bcbef3a2cc7c3c99f5013487a5a902fde9aca9c42e62b9da2eeda38c14c,False,hybrid,0c5fcbdd03bb3b33b2c32fec5dd2f8eedcae60201d9a156fca5950a560033586
C204,solomon_txt,4331b2744d34e32c2987e3fe8a82b782a2039d757d2aac818f7e0fd21117bfb4,0,1,ok,True,3,942593,942.593,0.180313,0.500464,1,time_limit,solomon_exact_1000_v1,,,,,,0.5,,100,,25,1c005bcbef3a2cc7c3c99f5013487a5a902fde9aca9c42e62b9da2eeda38c14c,False,hybrid,0c5fcbdd03bb3b33b2c32fec5dd2f8eedcae60201d9a156fca5950a560033586
C204,solomon_txt,4331b2744d34e32c2987e3fe8a82b782a2039d757d2aac818f7e0fd21117bfb4,1,1,ok,True,3,774487,774.487,0.176243,0.500474,1,time_limit,solomon_exact_1000_v1,,,,,,0.5,,100,,25,1c005bcbef3a2cc7c3c99f5013487a5a902fde9aca9c42e62b9da2eeda38c14c,False,hybrid,0c5fcbdd03bb3b33b2c32fec5dd2f8eedcae60201d9a156fca5950a560033586
C204,solomon_txt,4331b2744d34e32c2987e3fe8a82b782a2039d757d2aac818f7e0fd21117bfb4,2,1,ok,True,3,737060,737.06,0.187483,0.500463,1,time_limit,solomon_exact_1000_v1,,,,,,0.5,,100,,25,1c005bcbef3a2cc7c3c99f5013487a5a902fde9aca9c42e62b9da2eeda38c14c,False,hybrid,0c5fcbdd03bb3b33b2c32fec5dd2f8eedcae60201d9a156fca5950a560033586
C205,solomon_txt,15be2bb8c3e4ad99a79d1e7ee0472223feb95a4f423d010e032bda0a87266ca5,0,1,ok,True,3,735813,735.813,0.163535,0.5004,1,time_limit,solomon_exact_1000_v1,,,,,,0.5,,100,,25,1c005bcbef3a2cc7c3c99f5013487a5a902fde9aca9c42e62b9da2eeda38c14c,False,hybrid,0c5fcbdd03bb3b33b2c32fec5dd2f8eedcae60201d9a156fca5950a560033586
C205,solomon_txt,15be2bb8c3e4ad99a79d1e7ee0472223feb95a4f423d010e032bda0a87266ca5,1,1,ok,True,3,651569,651.569,0.155471,0.500382,1,time_limit,solomon_exact_1000_v1,,,,,,0.5,,100,,25,1c005bcbef3a2cc7c3c99f5013487a5a902fde9aca9c42e62b9da2eeda38c14c,False,hybrid,0c5fcbdd03bb3b33b2c32fec5dd2f8eedcae60201d9a156fca5950a560033586
C205,solomon_txt,15be2bb8c3e4ad99a79d1e7ee0472223feb95a4f423d010e032bda0a87266ca5,2,1,ok,True,3,645504,645.504,0.168482,0.500389,1,time_limit,solomon_exact_1000_v1,,,,,,0.5,,100,,25,1c005bcbef3a2cc7c3c99f5013487a5a902fde9aca9c42e62b9da2eeda38c14c,False,hybrid,0c5fcbdd03bb3b33b2c32fec5dd2f8eedcae60201d9a156fca5950a560033586
C206,solomon_txt,745b6c7042707ffbbfc4d681ee02a84431425f1dfb3c8aa85ecf003fec8f7e53,0,1,ok,True,4,1154595,1154.595,0.189778,0.500223,1,time_limit,solomon_exact_1000_v1,,,,,,0.5,,100,,25,1c005bcbef3a2cc7c3c99f5013487a5a902fde9aca9c42e62b9da2eeda38c14c,False,hybrid,0c5fcbdd03bb3b33b2c32fec5dd2f8eedcae60201d9a156fca5950a560033586
C206,solomon_txt,745b6c7042707ffbbfc4d681ee02a84431425f1dfb3c8aa85ecf003fec8f7e53,1,1,ok,True,3,946293,946.293,0.174659,0.500449,1,time_limit,solomon_exact_1000_v1,,,,,,0.5,,100,,25,1c005bcbef3a2cc7c3c99f5013487a5a902fde9aca9c42e62b9da2eeda38c14c,False,hybrid,0c5fcbdd03bb3b33b2c32fec5dd2f8eedcae60201d9a156fca5950a560033586
C206,solomon_txt,745b6c7042707ffbbfc4d681ee02a84431425f1dfb3c8aa85ecf003fec8f7e53,2,1,ok,True,3,661153,661.153,0.180034,0.500398,1,time_limit,solomon_exact_1000_v1,,,,,,0.5,,100,,25,1c005bcbef3a2cc7c3c99f5013487a5a902fde9aca9c42e62b9da2eeda38c14c,False,hybrid,0c5fcbdd03bb3b33b2c32fec5dd2f8eedcae60201d9a156fca5950a560033586
C207,solomon_txt,a33f03570a944c8a6d185fd6a173e66c68e67c399a4958b2d5b6d49533ace4a4,0,1,ok,True,3,773023,773.023,0.187143,0.500406,1,time_limit,solomon_exact_1000_v1,,,,,,0.5,,100,,25,1c005bcbef3a2cc7c3c99f5013487a5a902fde9aca9c42e62b9da2eeda38c14c,False,hybrid,0c5fcbdd03bb3b33b2c32fec5dd2f8eedcae60201d9a156fca5950a560033586
C207,solomon_txt,a33f03570a944c8a6d185fd6a173e66c68e67c399a4958b2d5b6d49533ace4a4,1,1,ok,True,3,756163,756.163,0.175201,0.500439,1,time_limit,solomon_exact_1000_v1,,,,,,0.5,,100,,25,1c005bcbef3a2cc7c3c99f5013487a5a902fde9aca9c42e62b9da2eeda38c14c,False,hybrid,0c5fcbdd03bb3b33b2c32fec5dd2f8eedcae60201d9a156fca5950a560033586
C207,solomon_txt,a33f03570a944c8a6d185fd6a173e66c68e67c399a4958b2d5b6d49533ace4a4,2,1,ok,True,3,632687,632.687,0.182585,0.500441,1,time_limit,solomon_exact_1000_v1,,,,,,0.5,,100,,25,1c005bcbef3a2cc7c3c99f5013487a5a902fde9aca9c42e62b9da2eeda38c14c,False,hybrid,0c5fcbdd03bb3b33b2c32fec5dd2f8eedcae60201d9a156fca5950a560033586
C208,solomon_txt,1c2f2381b8743680dbeb34322869cbf5a6cdd8c281f4bcffdb99b533e601874b,0,1,ok,True,4,957831,957.831,0.177131,0.500246,1,time_limit,solomon_exact_1000_v1,,,,,,0.5,,100,,25,1c005bcbef3a2cc7c3c99f5013487a5a902fde9aca9c42e62b9da2eeda38c14c,False,hybrid,0c5fcbdd03bb3b33b2c32fec5dd2f8eedcae60201d9a156fca5950a560033586
C208,solomon_txt,1c2f2381b8743680dbeb34322869cbf5a6cdd8c281f4bcffdb99b533e601874b,1,1,ok,True,3,869839,869.839,0.176779,0.500385,1,time_limit,solomon_exact_1000_v1,,,,,,0.5,,100,,25,1c005bcbef3a2cc7c3c99f5013487a5a902fde9aca9c42e62b9da2eeda38c14c,False,hybrid,0c5fcbdd03bb3b33b2c32fec5dd2f8eedcae60201d9a156fca5950a560033586
C208,solomon_txt,1c2f2381b8743680dbeb34322869cbf5a6cdd8c281f4bcffdb99b533e601874b,2,1,ok,True,3,681025,681.025,0.187188,0.500397,1,time_limit,solomon_exact_1000_v1,,,,,,0.5,,100,,25,1c005bcbef3a2cc7c3c99f5013487a5a902fde9aca9c42e62b9da2eeda38c14c,False,hybrid,0c5fcbdd03bb3b33b2c32fec5dd2f8eedcae60201d9a156fca5950a560033586
R101,solomon_txt,3f3655182bc0fe44ce5de65fdcd2ee2f9c7fb9ed055f923635151d9d6f76d3ed,0,1,ok,True,21,1818300,1818.3,0.052334,0.500428,1,time_limit,solomon_exact_1000_v1,,,,,,0.5,,100,,25,1c005bcbef3a2cc7c3c99f5013487a5a902fde9aca9c42e62b9da2eeda38c14c,False,hybrid,0c5fcbdd03bb3b33b2c32fec5dd2f8eedcae60201d9a156fca5950a560033586
R101,solomon_txt,3f3655182bc0fe44ce5de65fdcd2ee2f9c7fb9ed055f923635151d9d6f76d3ed,1,1,ok,True,20,1862368,1862.368,0.051532,0.500432,1,time_limit,solomon_exact_1000_v1,,,,,,0.5,,100,,25,1c005bcbef3a2cc7c3c99f5013487a5a902fde9aca9c42e62b9da2eeda38c14c,False,hybrid,0c5fcbdd03bb3b33b2c32fec5dd2f8eedcae60201d9a156fca5950a560033586
R101,solomon_txt,3f3655182bc0fe44ce5de65fdcd2ee2f9c7fb9ed055f923635151d9d6f76d3ed,2,1,ok,True,20,1851895,1851.895,0.054199,0.500455,1,time_limit,solomon_exact_1000_v1,,,,,,0.5,,100,,25,1c005bcbef3a2cc7c3c99f5013487a5a902fde9aca9c42e62b9da2eeda38c14c,False,hybrid,0c5fcbdd03bb3b33b2c32fec5dd2f8eedcae60201d9a156fca5950a560033586
R102,solomon_txt,eeb23171b7e4fbfc80bf000ca770329109900fbd7273fa8b9d1f95b7dfe683c3,0,1,ok,True,18,1547543,1547.543,0.053996,0.500457,1,time_limit,solomon_exact_1000_v1,,,,,,0.5,,100,,25,1c005bcbef3a2cc7c3c99f5013487a5a902fde9aca9c42e62b9da2eeda38c14c,False,hybrid,0c5fcbdd03bb3b33b2c32fec5dd2f8eedcae60201d9a156fca5950a560033586
R102,solomon_txt,eeb23171b7e4fbfc80bf000ca770329109900fbd7273fa8b9d1f95b7dfe683c3,1,1,ok,True,18,1586599,1586.599,0.057307,0.500576,1,time_limit,solomon_exact_1000_v1,,,,,,0.5,,100,,25,1c005bcbef3a2cc7c3c99f5013487a5a902fde9aca9c42e62b9da2eeda38c14c,False,hybrid,0c5fcbdd03bb3b33b2c32fec5dd2f8eedcae60201d9a156fca5950a560033586
R102,solomon_txt,eeb23171b7e4fbfc80bf000ca770329109900fbd7273fa8b9d1f95b7dfe683c3,2,1,ok,True,18,1561232,1561.232,0.054167,0.500407,1,time_limit,solomon_exact_1000_v1,,,,,,0.5,,100,,25,1c005bcbef3a2cc7c3c99f5013487a5a902fde9aca9c42e62b9da2eeda38c14c,False,hybrid,0c5fcbdd03bb3b33b2c32fec5dd2f8eedcae60201d9a156fca5950a560033586
R103,solomon_txt,1f833e8648ba39e0edc76754fb49e81777a7175cf7b084c3f60a12607bfb3991,0,1,ok,True,14,1507486,1507.486,0.064296,0.500404,1,time_limit,solomon_exact_1000_v1,,,,,,0.5,,100,,25,1c005bcbef3a2cc7c3c99f5013487a5a902fde9aca9c42e62b9da2eeda38c14c,False,hybrid,0c5fcbdd03bb3b33b2c32fec5dd2f8eedcae60201d9a156fca5950a560033586
R103,solomon_txt,1f833e8648ba39e0edc76754fb49e81777a7175cf7b084c3f60a12607bfb3991,1,1,ok,True,14,1507486,1507.486,0.062112,0.500384,1,time_limit,solomon_exact_1000_v1,,,,,,0.5,,100,,25,1c005bcbef3a2cc7c3c99f5013487a5a902fde9aca9c42e62b9da2eeda38c14c,False,hybrid,0c5fcbdd03bb3b33b2c32fec5dd2f8eedcae60201d9a156fca5950a560033586
R103,solomon_txt,1f833e8648ba39e0edc76754fb49e81777a7175cf7b084c3f60a12607bfb3991,2,1,ok,True,14,1504257,1504.257,0.061338,0.500385,1,time_limit,solomon_exact_1000_v1,,,,,,0.5,,100,,25,1c005bcbef3a2cc7c3c99f5013487a5a902fde9aca9c42e62b9da2eeda38c14c,False,hybrid,0c5fcbdd03bb3b33b2c32fec5dd2f8eedcae60201d9a156fca5950a560033586
R104,solomon_txt,dd087124311d91facd81736debbfc7d0f351d27942917e2d76cbafd01e6183b7,0,1,ok,True,11,1159238,1159.238,0.072488,0.500389,2,time_limit,solomon_exact_1000_v1,,,,,,0.5,,100,,25,1c005bcbef3a2cc7c3c99f5013487a5a902fde9aca9c42e62b9da2eeda38c14c,False,hybrid,0c5fcbdd03bb3b33b2c32fec5dd2f8eedcae60201d9a156fca5950a560033586
R104,solomon_txt,dd087124311d91facd81736debbfc7d0f351d27942917e2d76cbafd01e6183b7,1,1,ok,True,11,1210304,1210.304,0.075173,0.500402,1,time_limit,solomon_exact_1000_v1,,,,,,0.5,,100,,25,1c005bcbef3a2cc7c3c99f5013487a5a902fde9aca9c42e62b9da2eeda38c14c,False,hybrid,0c5fcbdd03bb3b33b2c32fec5dd2f8eedcae60201d9a156fca5950a560033586
R104,solomon_txt,dd087124311d91facd81736debbfc7d0f351d27942917e2d76cbafd01e6183b7,2,1,ok,True,11,1321819,1321.819,0.070339,0.500443,1,time_limit,solomon_exact_1000_v1,,,,,,0.5,,100,,25,1c005bcbef3a2cc7c3c99f5013487a5a902fde9aca9c42e62b9da2eeda38c14c,False,hybrid,0c5fcbdd03bb3b33b2c32fec5dd2f8eedcae60201d9a156fca5950a560033586
R105,solomon_txt,ff1a614f8458d6339b3f54d8e4ca2dcf0a35c96012f477f6a819ae481de85ca4,0,1,ok,True,16,1723161,1723.161,0.055565,0.50042,1,time_limit,solomon_exact_1000_v1,,,,,,0.5,,100,,25,1c005bcbef3a2cc7c3c99f5013487a5a902fde9aca9c42e62b9da2eeda38c14c,False,hybrid,0c5fcbdd03bb3b33b2c32fec5dd2f8eedcae60201d9a156fca5950a560033586
R105,solomon_txt,ff1a614f8458d6339b3f54d8e4ca2dcf0a35c96012f477f6a819ae481de85ca4,1,1,ok,True,16,1624608,1624.608,0.055845,0.5004,1,time_limit,solomon_exact_1000_v1,,,,,,0.5,,100,,25,1c005bcbef3a2cc7c3c99f5013487a5a902fde9aca9c42e62b9da2eeda38c14c,False,hybrid,0c5fcbdd03bb3b33b2c32fec5dd2f8eedcae60201d9a156fca5950a560033586
R105,solomon_txt,ff1a614f8458d6339b3f54d8e4ca2dcf0a35c96012f477f6a819ae481de85ca4,2,1,ok,True,15,1702105,1702.105,0.055358,0.500405,1,time_limit,solomon_exact_1000_v1,,,,,,0.5,,100,,25,1c005bcbef3a2cc7c3c99f5013487a5a902fde9aca9c42e62b9da2eeda38c14c,False,hybrid,0c5fcbdd03bb3b33b2c32fec5dd2f8eedcae60201d9a156fca5950a560033586
R106,solomon_txt,31b8783d177f0fbe1c84b8f085fbf28b1989a80e4c00f49f5654ebef99835e97,0,1,ok,True,14,1576653,1576.653,0.058108,0.500413,1,time_limit,solomon_exact_1000_v1,,,,,,0.5,,100,,25,1c005bcbef3a2cc7c3c99f5013487a5a902fde9aca9c42e62b9da2eeda38c14c,False,hybrid,0c5fcbdd03bb3b33b2c32fec5dd2f8eedcae60201d9a156fca5950a560033586
R106,solomon_txt,31b8783d177f0fbe1c84b8f085fbf28b1989a80e4c00f49f5654ebef99835e97,1,1,ok,True,14,1574823,1574.823,0.059654,0.500406,1,time_limit,solomon_exact_1000_v1,,,,,,0.5,,100,,25,1c005bcbef3a2cc7c3c99f5013487a5a902fde9aca9c42e62b9da2eeda38c14c,False,hybrid,0c5fcbdd03bb3b33b2c32fec5dd2f8eedcae60201d9a156fca5950a560033586
R106,solomon_txt,31b8783d177f0fbe1c84b8f085fbf28b1989a80e4c00f49f5654ebef99835e97,2,1,ok,True,13,1558157,1558.157,0.058585,0.500401,1,time_limit,solomon_exact_1000_v1,,,,,,0.5,,100,,25,1c005bcbef3a2cc7c3c99f5013487a5a902fde9aca9c42e62b9da2eeda38c14c,False,hybrid,0c5fcbdd03bb3b33b2c32fec5dd2f8eedcae60201d9a156fca5950a560033586
R107,solomon_txt,dba2b257a1d43d7c78d5e3a9f09091a2b125d3fbec78c0c8a1782add669a1275,0,1,ok,True,12,1352231,1352.231,0.067246,0.500421,1,time_limit,solomon_exact_1000_v1,,,,,,0.5,,100,,25,1c005bcbef3a2cc7c3c99f5013487a5a902fde9aca9c42e62b9da2eeda38c14c,False,hybrid,0c5fcbdd03bb3b33b2c32fec5dd2f8eedcae60201d9a156fca5950a560033586
R107,solomon_txt,dba2b257a1d43d7c78d5e3a9f09091a2b125d3fbec78c0c8a1782add669a1275,1,1,ok,True,12,1502317,1502.317,0.06519,0.500393,1,time_limit,solomon_exact_1000_v1,,,,,,0.5,,100,,25,1c005bcbef3a2cc7c3c99f5013487a5a902fde9aca9c42e62b9da2eeda38c14c,False,hybrid,0c5fcbdd03bb3b33b2c32fec5dd2f8eedcae60201d9a156fca5950a560033586
R107,solomon_txt,dba2b257a1d43d7c78d5e3a9f09091a2b125d3fbec78c0c8a1782add669a1275,2,1,ok,True,12,1467872,1467.872,0.068715,0.500673,1,time_limit,solomon_exact_1000_v1,,,,,,0.5,,100,,25,1c005bcbef3a2cc7c3c99f5013487a5a902fde9aca9c42e62b9da2eeda38c14c,False,hybrid,0c5fcbdd03bb3b33b2c32fec5dd2f8eedcae60201d9a156fca5950a560033586
R108,solomon_txt,65cae09f4099b7e70d2b723e0e3a30aa1494c75a367bb894a3fd13241ee639d4,0,1,ok,True,11,1315436,1315.436,0.070846,0.500375,1,time_limit,solomon_exact_1000_v1,,,,,,0.5,,100,,25,1c005bcbef3a2cc7c3c99f5013487a5a902fde9aca9c42e62b9da2eeda38c14c,False,hybrid,0c5fcbdd03bb3b33b2c32fec5dd2f8eedcae60201d9a156fca5950a560033586
R108,solomon_txt,65cae09f4099b7e70d2b723e0e3a30aa1494c75a367bb894a3fd13241ee639d4,1,1,ok,True,10,1128679,1128.679,0.072652,0.500426,1,time_limit,solomon_exact_1000_v1,,,,,,0.5,,100,,25,1c005bcbef3a2cc7c3c99f5013487a5a902fde9aca9c42e62b9da2eeda38c14c,False,hybrid,0c5fcbdd03bb3b33b2c32fec5dd2f8eedcae60201d9a156fca5950a560033586
R108,solomon_txt,65cae09f4099b7e70d2b723e0e3a30aa1494c75a367bb894a3fd13241ee639d4,2,1,ok,True,11,1351941,1351.941,0.075604,0.500409,1,time_limit,solomon_exact_1000_v1,,,,,,0.5,,100,,25,1c005bcbef3a2cc7c3c99f5013487a5a902fde9aca9c42e62b9da2eeda38c14c,False,hybrid,0c5fcbdd03bb3b33b2c32fec5dd2f8eedcae60201d9a156fca5950a560033586
R109,solomon_txt,4ef24030e8c48de5f85dcd90c5739186004fc8dec87533b6467013cf996f4777,0,1,ok,True,13,1527854,1527.854,0.056619,0.500391,1,time_limit,solomon_exact_1000_v1,,,,,,0.5,,100,,25,1c005bcbef3a2cc7c3c99f5013487a5a902fde9aca9c42e62b9da2eeda38c14c,False,hybrid,0c5fcbdd03bb3b33b2c32fec5dd2f8eedcae60201d9a156fca5950a560033586
R109,solomon_txt,4ef24030e8c48de5f85dcd90c5739186004fc8dec87533b6467013cf996f4777,1,1,ok,True,14,1611887,1611.887,0.056976,0.500386,1,time_limit,solomon_exact_1000_v1,,,,,,0.5,,100,,25,1c005bcbef3a2cc7c3c99f5013487a5a902fde9aca9c42e62b9da2eeda38c14c,False,hybrid,0c5fcbdd03bb3b33b2c32fec5dd2f8eedcae60201d9a156fca5950a560033586
R109,solomon_txt,4ef24030e8c48de5f85dcd90c5739186004fc8dec87533b6467013cf996f4777,2,1,ok,True,14,1549682,1549.682,0.055084,0.500412,1,time_limit,solomon_exact_1000_v1,,,,,,0.5,,100,,25,1c005bcbef3a2cc7c3c99f5013487a5a902fde9aca9c42e62b9da2eeda38c14c,False,hybrid,0c5fcbdd03bb3b33b2c32fec5dd2f8eedcae60201d9a156fca5950a560033586
R110,solomon_txt,14cb53cb99af61d3d708f07564b9a72d146e7c26b4f10507cfaf3bc828f34bfa,0,1,ok,True,13,1564362,1564.362,0.062832,0.500401,1,time_limit,solomon_exact_1000_v1,,,,,,0.5,,100,,25,1c005bcbef3a2cc7c3c99f5013487a5a902fde9aca9c42e62b9da2eeda38c14c,False,hybrid,0c5fcbdd03bb3b33b2c32fec5dd2f8eedcae60201d9a156fca5950a560033586
R110,solomon_txt,14cb53cb99af61d3d708f07564b9a72d146e7c26b4f10507cfaf3bc828f34bfa,1,1,ok,True,12,1450758,1450.758,0.061993,0.50039,1,time_limit,solomon_exact_1000_v1,,,,,,0.5,,100,,25,1c005bcbef3a2cc7c3c99f5013487a5a902fde9aca9c42e62b9da2eeda38c14c,False,hybrid,0c5fcbdd03bb3b33b2c32fec5dd2f8eedcae60201d9a156fca5950a560033586
R110,solomon_txt,14cb53cb99af61d3d708f07564b9a72d146e7c26b4f10507cfaf3bc828f34bfa,2,1,ok,True,13,1564564,1564.564,0.060779,0.50039,1,time_limit,solomon_exact_1000_v1,,,,,,0.5,,100,,25,1c005bcbef3a2cc7c3c99f5013487a5a902fde9aca9c42e62b9da2eeda38c14c,False,hybrid,0c5fcbdd03bb3b33b2c32fec5dd2f8eedcae60201d9a156fca5950a560033586
R111,solomon_txt,3d94a73b1f2fe8aae4618b9d9ea254cff2e3924a6a841aa390096ec6c60f258d,0,1,ok,True,12,1400068,1400.068,0.066277,0.500474,1,time_limit,solomon_exact_1000_v1,,,,,,0.5,,100,,25,1c005bcbef3a2cc7c3c99f5013487a5a902fde9aca9c42e62b9da2eeda38c14c,False,hybrid,0c5fcbdd03bb3b33b2c32fec5dd2f8eedcae60201d9a156fca5950a560033586
R111,solomon_txt,3d94a73b1f2fe8aae4618b9d9ea254cff2e3924a6a841aa390096ec6c60f258d,1,1,ok,True,12,1408117,1408.117,0.067048,0.500427,1,time_limit,solomon_exact_1000_v1,,,,,,0.5,,100,,25,1c005bcbef3a2cc7c3c99f5013487a5a902fde9aca9c42e62b9da2eeda38c14c,False,hybrid,0c5fcbdd03bb3b33b2c32fec5dd2f8eedcae60201d9a156fca5950a560033586
R111,solomon_txt,3d94a73b1f2fe8aae4618b9d9ea254cff2e3924a6a841aa390096ec6c60f258d,2,1,ok,True,12,1485470,1485.47,0.067262,0.500388,1,time_limit,solomon_exact_1000_v1,,,,,,0.5,,100,,25,1c005bcbef3a2cc7c3c99f5013487a5a902fde9aca9c42e62b9da2eeda38c14c,False,hybrid,0c5fcbdd03bb3b33b2c32fec5dd2f8eedcae60201d9a156fca5950a560033586
R112,solomon_txt,a0e93149d59d30c356619891d192e86d0f16c3158e1dac3bd9f23c6deb718271,0,1,ok,True,12,1529350,1529.35,0.062924,0.500461,1,time_limit,solomon_exact_1000_v1,,,,,,0.5,,100,,25,1c005bcbef3a2cc7c3c99f5013487a5a902fde9aca9c42e62b9da2eeda38c14c,False,hybrid,0c5fcbdd03bb3b33b2c32fec5dd2f8eedcae60201d9a156fca5950a560033586
R112,solomon_txt,a0e93149d59d30c356619891d192e86d0f16c3158e1dac3bd9f23c6deb718271,1,1,ok,True,11,1192818,1192.818,0.062598,0.500453,1,time_limit,solomon_exact_1000_v1,,,,,,0.5,,100,,25,1c005bcbef3a2cc7c3c99f5013487a5a902fde9aca9c42e62b9da2eeda38c14c,False,hybrid,0c5fcbdd03bb3b33b2c32fec5dd2f8eedcae60201d9a156fca5950a560033586
R112,solomon_txt,a0e93149d59d30c356619891d192e86d0f16c3158e1dac3bd9f23c6deb718271,2,1,ok,True,12,1518594,1518.594,0.06423,0.500484,1,time_limit,solomon_exact_1000_v1,,,,,,0.5,,100,,25,1c005bcbef3a2cc7c3c99f5013487a5a902fde9aca9c42e62b9da2eeda38c14c,False,hybrid,0c5fcbdd03bb3b33b2c32fec5dd2f8eedcae60201d9a156fca5950a560033586
R201,solomon_txt,0be960ec998fff2cab0bdbcc5194c617e5ca0a79c82c5b32b1d4bd98b2cae210,0,1,ok,True,4,1679869,1679.869,0.132843,0.500239,1,time_limit,solomon_exact_1000_v1,,,,,,0.5,,100,,25,1c005bcbef3a2cc7c3c99f5013487a5a902fde9aca9c42e62b9da2eeda38c14c,False,hybrid,0c5fcbdd03bb3b33b2c32fec5dd2f8eedcae60201d9a156fca5950a560033586
R201,solomon_txt,0be960ec998fff2cab0bdbcc5194c617e5ca0a79c82c5b32b1d4bd98b2cae210,1,1,ok,True,4,1646310,1646.31,0.126697,0.500386,1,time_limit,solomon_exact_1000_v1,,,,,,0.5,,100,,25,1c005bcbef3a2cc7c3c99f5013487a5a902fde9aca9c42e62b9da2eeda38c14c,False,hybrid,0c5fcbdd03bb3b33b2c32fec5dd2f8eedcae60201d9a156fca5950a560033586
R201,solomon_txt,0be960ec998fff2cab0bdbcc5194c617e5ca0a79c82c5b32b1d4bd98b2cae210,2,1,ok,True,4,1605282,1605.282,0.12836,0.500342,1,time_limit,solomon_exact_1000_v1,,,,,,0.5,,100,,25,1c005bcbef3a2cc7c3c99f5013487a5a902fde9aca9c42e62b9da2eeda38c14c,False,hybrid,0c5fcbdd03bb3b33b2c32fec5dd2f8eedcae60201d9a156fca5950a560033586
R202,solomon_txt,1f7761bb33e9dd0c94837b32c72280296ffc283dba997379c7ad75ce00dffc8d,0,1,ok,True,4,1622244,1622.244,0.147715,0.500182,1,time_limit,solomon_exact_1000_v1,,,,,,0.5,,100,,25,1c005bcbef3a2cc7c3c99f5013487a5a902fde9aca9c42e62b9da2eeda38c14c,False,hybrid,0c5fcbdd03bb3b33b2c32fec5dd2f8eedcae60201d9a156fca5950a560033586
R202,solomon_txt,1f7761bb33e9dd0c94837b32c72280296ffc283dba997379c7ad75ce00dffc8d,1,1,ok,True,4,1622244,1622.244,0.149766,0.500367,1,time_limit,solomon_exact_1000_v1,,,,,,0.5,,100,,25,1c005bcbef3a2cc7c3c99f5013487a5a902fde9aca9c42e62b9da2eeda38c14c,False,hybrid,0c5fcbdd03bb3b33b2c32fec5dd2f8eedcae60201d9a156fca5950a560033586
R202,solomon_txt,1f7761bb33e9dd0c94837b32c72280296ffc283dba997379c7ad75ce00dffc8d,2,1,ok,True,4,1622145,1622.145,0.149621,0.500347,1,time_limit,solomon_exact_1000_v1,,,,,,0.5,,100,,25,1c005bcbef3a2cc7c3c99f5013487a5a902fde9aca9c42e62b9da2eeda38c14c,False,hybrid,0c5fcbdd03bb3b33b2c32fec5dd2f8eedcae60201d9a156fca5950a560033586
R203,solomon_txt,38c484db31bd7452a94d533e26a2348ef598df600b79d061d9ddc1c61466a731,0,1,ok,True,3,1300221,1300.221,0.16179,0.500321,1,time_limit,solomon_exact_1000_v1,,,,,,0.5,,100,,25,1c005bcbef3a2cc7c3c99f5013487a5a902fde9aca9c42e62b9da2eeda38c14c,False,hybrid,0c5fcbdd03bb3b33b2c32fec5dd2f8eedcae60201d9a156fca5950a560033586
R203,solomon_txt,38c484db31bd7452a94d533e26a2348ef598df600b79d061d9ddc1c61466a731,1,1,ok,True,3,1300221,1300.221,0.1662,0.500257,1,time_limit,solomon_exact_1000_v1,,,,,,0.5,,100,,25,1c005bcbef3a2cc7c3c99f5013487a5a902fde9aca9c42e62b9da2eeda38c14c,False,hybrid,0c5fcbdd03bb3b33b2c32fec5dd2f8eedcae60201d9a156fca5950a560033586
R203,solomon_txt,38c484db31bd7452a94d533e26a2348ef598df600b79d061d9ddc1c61466a731,2,1,ok,True,3,1290510,1290.51,0.160141,0.500386,1,time_limit,solomon_exact_1000_v1,,,,,,0.5,,100,,25,1c005bcbef3a2cc7c3c99f5013487a5a902fde9aca9c42e62b9da2eeda38c14c,False,hybrid,0c5fcbdd03bb3b33b2c32fec5dd2f8eedcae60201d9a156fca5950a560033586
R204,solomon_txt,5349e37d8df99bcbee1efa2e970d2662b5265e5f82fc609343a6af0a60257abf,0,1,ok,True,3,1331038,1331.038,0.197725,0.500233,1,time_limit,solomon_exact_1000_v1,,,,,,0.5,,100,,25,1c005bcbef3a2cc7c3c99f5013487a5a902fde9aca9c42e62b9da2eeda38c14c,False,hybrid,0c5fcbdd03bb3b33b2c32fec5dd2f8eedcae60201d9a156fca5950a560033586
R204,solomon_txt,5349e37d8df99bcbee1efa2e970d2662b5265e5f82fc609343a6af0a60257abf,1,1,ok,True,3,1331038,1331.038,0.202461,0.500207,1,time_limit,solomon_exact_1000_v1,,,,,,0.5,,100,,25,1c005bcbef3a2cc7c3c99f5013487a5a902fde9aca9c42e62b9da2eeda38c14c,False,hybrid,0c5fcbdd03bb3b33b2c32fec5dd2f8eedcae60201d9a156fca5950a560033586
R204,solomon_txt,5349e37d8df99bcbee1efa2e970d2662b5265e5f82fc609343a6af0a60257abf,2,1,ok,True,3,1310217,1310.217,0.202585,0.500462,1,time_limit,solomon_exact_1000_v1,,,,,,0.5,,100,,25,1c005bcbef3a2cc7c3c99f5013487a5a902fde9aca9c42e62b9da2eeda38c14c,False,hybrid,0c5fcbdd03bb3b33b2c32fec5dd2f8eedcae60201d9a156fca5950a560033586
R205,solomon_txt,1996bf8f10716fb8cfc1a585206a6a6e566f32347c1bb8f36c75ed6c887f77e3,0,1,ok,True,3,1303717,1303.717,0.163616,0.500224,1,time_limit,solomon_exact_1000_v1,,,,,,0.5,,100,,25,1c005bcbef3a2cc7c3c99f5013487a5a902fde9aca9c42e62b9da2eeda38c14c,False,hybrid,0c5fcbdd03bb3b33b2c32fec5dd2f8eedcae60201d9a156fca5950a560033586
R205,solomon_txt,1996bf8f10716fb8cfc1a585206a6a6e566f32347c1bb8f36c75ed6c887f77e3,1,1,ok,True,4,1700248,1700.248,0.160472,0.500443,1,time_limit,solomon_exact_1000_v1,,,,,,0.5,,100,,25,1c005bcbef3a2cc7c3c99f5013487a5a902fde9aca9c42e62b9da2eeda38c14c,False,hybrid,0c5fcbdd03bb3b33b2c32fec5dd2f8eedcae60201d9a156fca5950a560033586
R205,solomon_txt,1996bf8f10716fb8cfc1a585206a6a6e566f32347c1bb8f36c75ed6c887f77e3,2,1,ok,True,4,1671815,1671.815,0.160289,0.500371,1,time_limit,solomon_exact_1000_v1,,,,,,0.5,,100,,25,1c005bcbef3a2cc7c3c99f5013487a5a902fde9aca9c42e62b9da2eeda38c14c,False,hybrid,0c5fcbdd03bb3b33b2c32fec5dd2f8eedcae60201d9a156fca5950a560033586
R206,solomon_txt,c8754a0319264d076c038b1bf023c8c4710e8895fe3e03f485e9ae249f32fe43,0,1,ok,True,3,1533607,1533.607,0.168647,0.500224,1,time_limit,solomon_exact_1000_v1,,,,,,0.5,,100,,25,1c005bcbef3a2cc7c3c99f5013487a5a902fde9aca9c42e62b9da2eeda38c14c,False,hybrid,0c5fcbdd03bb3b33b2c32fec5dd2f8eedcae60201d9a156fca5950a560033586
R206,solomon_txt,c8754a0319264d076c038b1bf023c8c4710e8895fe3e03f485e9ae249f32fe43,1,1,ok,True,3,1533607,1533.607,0.167376,0.500229,1,time_limit,solomon_exact_1000_v1,,,,,,0.5,,100,,25,1c005bcbef3a2cc7c3c99f5013487a5a902fde9aca9c42e62b9da2eeda38c14c,False,hybrid,0c5fcbdd03bb3b33b2c32fec5dd2f8eedcae60201d9a156fca5950a560033586
R206,solomon_txt,c8754a0319264d076c038b1bf023c8c4710e8895fe3e03f485e9ae249f32fe43,2,1,ok,True,3,1531545,1531.545,0.163492,0.500346,1,time_limit,solomon_exact_1000_v1,,,,,,0.5,,100,,25,1c005bcbef3a2cc7c3c99f5013487a5a902fde9aca9c42e62b9da2eeda38c14c,False,hybrid,0c5fcbdd03bb3b33b2c32fec5dd2f8eedcae60201d9a156fca5950a560033586
R207,solomon_txt,52dc8eebba43fdc67ca9aadab228b75a297acb55a87db3e4748e82f623e3cbe6,0,1,ok,True,3,1164515,1164.515,0.195748,0.500225,1,time_limit,solomon_exact_1000_v1,,,,,,0.5,,100,,25,1c005bcbef3a2cc7c3c99f5013487a5a902fde9aca9c42e62b9da2eeda38c14c,False,hybrid,0c5fcbdd03bb3b33b2c32fec5dd2f8eedcae60201d9a156fca5950a560033586
R207,solomon_txt,52dc8eebba43fdc67ca9aadab228b75a297acb55a87db3e4748e82f623e3cbe6,1,1,ok,True,3,1102590,1102.59,0.208115,0.500189,1,time_limit,solomon_exact_1000_v1,,,,,,0.5,,100,,25,1c005bcbef3a2cc7c3c99f5013487a5a902fde9aca9c42e62b9da2eeda38c14c,False,hybrid,0c5fcbdd03bb3b33b2c32fec5dd2f8eedcae60201d9a156fca5950a560033586
R207,solomon_txt,52dc8eebba43fdc67ca9aadab228b75a297acb55a87db3e4748e82f623e3cbe6,2,1,ok,True,3,1035427,1035.427,0.192999,0.500349,1,time_limit,solomon_exact_1000_v1,,,,,,0.5,,100,,25,1c005bcbef3a2cc7c3c99f5013487a5a902fde9aca9c42e62b9da2eeda38c14c,False,hybrid,0c5fcbdd03bb3b33b2c32fec5dd2f8eedcae60201d9a156fca5950a560033586
R208,solomon_txt,7b4a95d500af9329dd08791d39898a619faec0f8fac039d57373e761545b980d,0,1,ok,True,2,944115,944.115,0.209792,0.500375,1,time_limit,solomon_exact_1000_v1,,,,,,0.5,,100,,25,1c005bcbef3a2cc7c3c99f5013487a5a902fde9aca9c42e62b9da2eeda38c14c,False,hybrid,0c5fcbdd03bb3b33b2c32fec5dd2f8eedcae60201d9a156fca5950a560033586
R208,solomon_txt,7b4a95d500af9329dd08791d39898a619faec0f8fac039d57373e761545b980d,1,1,ok,True,2,923508,923.508,0.212176,0.500566,1,time_limit,solomon_exact_1000_v1,,,,,,0.5,,100,,25,1c005bcbef3a2cc7c3c99f5013487a5a902fde9aca9c42e62b9da2eeda38c14c,False,hybrid,0c5fcbdd03bb3b33b2c32fec5dd2f8eedcae60201d9a156fca5950a560033586
R208,solomon_txt,7b4a95d500af9329dd08791d39898a619faec0f8fac039d57373e761545b980d,2,1,ok,True,2,980976,980.976,0.210145,0.500438,1,time_limit,solomon_exact_1000_v1,,,,,,0.5,,100,,25,1c005bcbef3a2cc7c3c99f5013487a5a902fde9aca9c42e62b9da2eeda38c14c,False,hybrid,0c5fcbdd03bb3b33b2c32fec5dd2f8eedcae60201d9a156fca5950a560033586
R209,solomon_txt,5b74156d032babcff853ccc693f94463eca8333cd425aa99a39ed996f6258933,0,1,ok,True,3,1558059,1558.059,0.150107,0.500234,1,time_limit,solomon_exact_1000_v1,,,,,,0.5,,100,,25,1c005bcbef3a2cc7c3c99f5013487a5a902fde9aca9c42e62b9da2eeda38c14c,False,hybrid,0c5fcbdd03bb3b33b2c32fec5dd2f8eedcae60201d9a156fca5950a560033586
R209,solomon_txt,5b74156d032babcff853ccc693f94463eca8333cd425aa99a39ed996f6258933,1,1,ok,True,3,1303297,1303.297,0.152491,0.500185,1,time_limit,solomon_exact_1000_v1,,,,,,0.5,,100,,25,1c005bcbef3a2cc7c3c99f5013487a5a902fde9aca9c42e62b9da2eeda38c14c,False,hybrid,0c5fcbdd03bb3b33b2c32fec5dd2f8eedcae60201d9a156fca5950a560033586
R209,solomon_txt,5b74156d032babcff853ccc693f94463eca8333cd425aa99a39ed996f6258933,2,1,ok,True,3,1388821,1388.821,0.150764,0.500369,1,time_limit,solomon_exact_1000_v1,,,,,,0.5,,100,,25,1c005bcbef3a2cc7c3c99f5013487a5a902fde9aca9c42e62b9da2eeda38c14c,False,hybrid,0c5fcbdd03bb3b33b2c32fec5dd2f8eedcae60201d9a156fca5950a560033586
R210,solomon_txt,4e5772f109fb6183e6a648d6a1edaba3435438c2dc11c42da370fecf7bdf3a14,0,1,ok,True,3,1443660,1443.66,0.163869,0.500207,1,time_limit,solomon_exact_1000_v1,,,,,,0.5,,100,,25,1c005bcbef3a2cc7c3c99f5013487a5a902fde9aca9c42e62b9da2eeda38c14c,False,hybrid,0c5fcbdd03bb3b33b2c32fec5dd2f8eedcae60201d9a156fca5950a560033586
R210,solomon_txt,4e5772f109fb6183e6a648d6a1edaba3435438c2dc11c42da370fecf7bdf3a14,1,1,ok,True,3,1443660,1443.66,0.17238,0.500227,1,time_limit,solomon_exact_1000_v1,,,,,,0.5,,100,,25,1c005bcbef3a2cc7c3c99f5013487a5a902fde9aca9c42e62b9da2eeda38c14c,False,hybrid,0c5fcbdd03bb3b33b2c32fec5dd2f8eedcae60201d9a156fca5950a560033586
R210,solomon_txt,4e5772f109fb6183e6a648d6a1edaba3435438c2dc11c42da370fecf7bdf3a14,2,1,ok,True,3,1437062,1437.062,0.166128,0.500379,1,time_limit,solomon_exact_1000_v1,,,,,,0.5,,100,,25,1c005bcbef3a2cc7c3c99f5013487a5a902fde9aca9c42e62b9da2eeda38c14c,False,hybrid,0c5fcbdd03bb3b33b2c32fec5dd2f8eedcae60201d9a156fca5950a560033586
R211,solomon_txt,2965507e467a2f92acd59035975910e36ae11e4f49590d4c7d20a883939227ad,0,1,ok,True,3,1516434,1516.434,0.180119,0.500212,1,time_limit,solomon_exact_1000_v1,,,,,,0.5,,100,,25,1c005bcbef3a2cc7c3c99f5013487a5a902fde9aca9c42e62b9da2eeda38c14c,False,hybrid,0c5fcbdd03bb3b33b2c32fec5dd2f8eedcae60201d9a156fca5950a560033586
R211,solomon_txt,2965507e467a2f92acd59035975910e36ae11e4f49590d4c7d20a883939227ad,1,1,ok,True,3,1516434,1516.434,0.187478,0.500232,1,time_limit,solomon_exact_1000_v1,,,,,,0.5,,100,,25,1c005bcbef3a2cc7c3c99f5013487a5a902fde9aca9c42e62b9da2eeda38c14c,False,hybrid,0c5fcbdd03bb3b33b2c32fec5dd2f8eedcae60201d9a156fca5950a560033586
R211,solomon_txt,2965507e467a2f92acd59035975910e36ae11e4f49590d4c7d20a883939227ad,2,1,ok,True,3,1506201,1506.201,0.187046,0.500363,1,time_limit,solomon_exact_1000_v1,,,,,,0.5,,100,,25,1c005bcbef3a2cc7c3c99f5013487a5a902fde9aca9c42e62b9da2eeda38c14c,False,hybrid,0c5fcbdd03bb3b33b2c32fec5dd2f8eedcae60201d9a156fca5950a560033586
RC101,solomon_txt,ef6893ffd9746ad96de8e4da6e64e2c4ba6e08a1c7eb9457276a9f1caf01ca12,0,1,ok,True,16,1955482,1955.482,0.058214,0.500394,1,time_limit,solomon_exact_1000_v1,,,,,,0.5,,100,,25,1c005bcbef3a2cc7c3c99f5013487a5a902fde9aca9c42e62b9da2eeda38c14c,False,hybrid,0c5fcbdd03bb3b33b2c32fec5dd2f8eedcae60201d9a156fca5950a560033586
RC101,solomon_txt,ef6893ffd9746ad96de8e4da6e64e2c4ba6e08a1c7eb9457276a9f1caf01ca12,1,1,ok,True,17,2095011,2095.011,0.055178,0.500424,1,time_limit,solomon_exact_1000_v1,,,,,,0.5,,100,,25,1c005bcbef3a2cc7c3c99f5013487a5a902fde9aca9c42e62b9da2eeda38c14c,False,hybrid,0c5fcbdd03bb3b33b2c32fec5dd2f8eedcae60201d9a156fca5950a560033586
RC101,solomon_txt,ef6893ffd9746ad96de8e4da6e64e2c4ba6e08a1c7eb9457276a9f1caf01ca12,2,1,ok,True,16,1888172,1888.172,0.05748,0.500393,1,time_limit,solomon_exact_1000_v1,,,,,,0.5,,100,,25,1c005bcbef3a2cc7c3c99f5013487a5a902fde9aca9c42e62b9da2eeda38c14c,False,hybrid,0c5fcbdd03bb3b33b2c32fec5dd2f8eedcae60201d9a156fca5950a560033586
RC102,solomon_txt,36acd349d34a577c7fadd61f78517c2cb74bd06a490273800c288f341e5785a4,0,1,ok,True,15,1707941,1707.941,0.062444,0.500438,1,time_limit,solomon_exact_1000_v1,,,,,,0.5,,100,,25,1c005bcbef3a2cc7c3c99f5013487a5a902fde9aca9c42e62b9da2eeda38c14c,False,hybrid,0c5fcbdd03bb3b33b2c32fec5dd2f8eedcae60201d9a156fca5950a560033586
RC102,solomon_txt,36acd349d34a577c7fadd61f78517c2cb74bd06a490273800c288f341e5785a4,1,1,ok,True,14,1749179,1749.179,0.059628,0.500388,2,time_limit,solomon_exact_1000_v1,,,,,,0.5,,100,,25,1c005bcbef3a2cc7c3c99f5013487a5a902fde9aca9c42e62b9da2eeda38c14c,False,hybrid,0c5fcbdd03bb3b33b2c32fec5dd2f8eedcae60201d9a156fca5950a560033586
RC102,solomon_txt,36acd349d34a577c7fadd61f78517c2cb74bd06a490273800c288f341e5785a4,2,1,ok,True,14,1710031,1710.031,0.061423,0.500447,1,time_limit,solomon_exact_1000_v1,,,,,,0.5,,100,,25,1c005bcbef3a2cc7c3c99f5013487a5a902fde9aca9c42e62b9da2eeda38c14c,False,hybrid,0c5fcbdd03bb3b33b2c32fec5dd2f8eedcae60201d9a156fca5950a560033586
RC103,solomon_txt,00f384138274d5d2bff5c41601db17cc4ad0cfc6315c27e223d4477bf435cc2d,0,1,ok,True,13,1947404,1947.404,0.068135,0.500417,1,time_limit,solomon_exact_1000_v1,,,,,,0.5,,100,,25,1c005bcbef3a2cc7c3c99f5013487a5a902fde9aca9c42e62b9da2eeda38c14c,False,hybrid,0c5fcbdd03bb3b33b2c32fec5dd2f8eedcae60201d9a156fca5950a560033586
RC103,solomon_txt,00f384138274d5d2bff5c41601db17cc4ad0cfc6315c27e223d4477bf435cc2d,1,1,ok,True,12,1702989,1702.989,0.065574,0.500423,1,time_limit,solomon_exact_1000_v1,,,,,,0.5,,100,,25,1c005bcbef3a2cc7c3c99f5013487a5a902fde9aca9c42e62b9da2eeda38c14c,False,hybrid,0c5fcbdd03bb3b33b2c32fec5dd2f8eedcae60201d9a156fca5950a560033586
RC103,solomon_txt,00f384138274d5d2bff5c41601db17cc4ad0cfc6315c27e223d4477bf435cc2d,2,1,ok,True,13,1938302,1938.302,0.066797,0.500389,1,time_limit,solomon_exact_1000_v1,,,,,,0.5,,100,,25,1c005bcbef3a2cc7c3c99f5013487a5a902fde9aca9c42e62b9da2eeda38c14c,False,hybrid,0c5fcbdd03bb3b33b2c32fec5dd2f8eedcae60201d9a156fca5950a560033586
RC104,solomon_txt,d150b2d61049a488fb89a2320c197d81a7ef9a1864abbbaea1d13a2b451253ee,0,1,ok,True,12,1599560,1599.56,0.070344,0.500417,1,time_limit,solomon_exact_1000_v1,,,,,,0.5,,100,,25,1c005bcbef3a2cc7c3c99f5013487a5a902fde9aca9c42e62b9da2eeda38c14c,False,hybrid,0c5fcbdd03bb3b33b2c32fec5dd2f8eedcae60201d9a156fca5950a560033586
RC104,solomon_txt,d150b2d61049a488fb89a2320c197d81a7ef9a1864abbbaea1d13a2b451253ee,1,1,ok,True,12,1615654,1615.654,0.066722,0.500397,1,time_limit,solomon_exact_1000_v1,,,,,,0.5,,100,,25,1c005bcbef3a2cc7c3c99f5013487a5a902fde9aca9c42e62b9da2eeda38c14c,False,hybrid,0c5fcbdd03bb3b33b2c32fec5dd2f8eedcae60201d9a156fca5950a560033586
RC104,solomon_txt,d150b2d61049a488fb89a2320c197d81a7ef9a1864abbbaea1d13a2b451253ee,2,1,ok,True,11,1279955,1279.955,0.066231,0.500378,1,time_limit,solomon_exact_1000_v1,,,,,,0.5,,100,,25,1c005bcbef3a2cc7c3c99f5013487a5a902fde9aca9c42e62b9da2eeda38c14c,False,hybrid,0c5fcbdd03bb3b33b2c32fec5dd2f8eedcae60201d9a156fca5950a560033586
RC105,solomon_txt,b9e912625c1ed80d2f565e0799ade2f4b17bf4f95056322ca23f1a21b37e7a49,0,1,ok,True,14,1973656,1973.656,0.059632,0.500406,1,time_limit,solomon_exact_1000_v1,,,,,,0.5,,100,,25,1c005bcbef3a2cc7c3c99f5013487a5a902fde9aca9c42e62b9da2eeda38c14c,False,hybrid,0c5fcbdd03bb3b33b2c32fec5dd2f8eedcae60201d9a156fca5950a560033586
RC105,solomon_txt,b9e912625c1ed80d2f565e0799ade2f4b17bf4f95056322ca23f1a21b37e7a49,1,1,ok,True,16,2072997,2072.997,0.060943,0.5004,1,time_limit,solomon_exact_1000_v1,,,,,,0.5,,100,,25,1c005bcbef3a2cc7c3c99f5013487a5a902fde9aca9c42e62b9da2eeda38c14c,False,hybrid,0c5fcbdd03bb3b33b2c32fec5dd2f8eedcae60201d9a156fca5950a560033586
RC105,solomon_txt,b9e912625c1ed80d2f565e0799ade2f4b17bf4f95056322ca23f1a21b37e7a49,2,1,ok,True,15,1855367,1855.367,0.057771,0.500433,1,time_limit,solomon_exact_1000_v1,,,,,,0.5,,100,,25,1c005bcbef3a2cc7c3c99f5013487a5a902fde9aca9c42e62b9da2eeda38c14c,False,hybrid,0c5fcbdd03bb3b33b2c32fec5dd2f8eedcae60201d9a156fca5950a560033586
RC106,solomon_txt,bf016ffc567af2d108570357daf1d0cabb7f680c0bd977d2e4366787683fdbaf,0,1,ok,True,14,1681259,1681.259,0.0631,0.500437,1,time_limit,solomon_exact_1000_v1,,,,,,0.5,,100,,25,1c005bcbef3a2cc7c3c99f5013487a5a902fde9aca9c42e62b9da2eeda38c14c,False,hybrid,0c5fcbdd03bb3b33b2c32fec5dd2f8eedcae60201d9a156fca5950a560033586
RC106,solomon_txt,bf016ffc567af2d108570357daf1d0cabb7f680c0bd977d2e4366787683fdbaf,1,1,ok,True,14,1733054,1733.054,0.060244,0.500407,1,time_limit,solomon_exact_1000_v1,,,,,,0.5,,100,,25,1c005bcbef3a2cc7c3c99f5013487a5a902fde9aca9c42e62b9da2eeda38c14c,False,hybrid,0c5fcbdd03bb3b33b2c32fec5dd2f8eedcae60201d9a156fca5950a560033586
RC106,solomon_txt,bf016ffc567af2d108570357daf1d0cabb7f680c0bd977d2e4366787683fdbaf,2,1,ok,True,14,1772382,1772.382,0.056684,0.500409,1,time_limit,solomon_exact_1000_v1,,,,,,0.5,,100,,25,1c005bcbef3a2cc7c3c99f5013487a5a902fde9aca9c42e62b9da2eeda38c14c,False,hybrid,0c5fcbdd03bb3b33b2c32fec5dd2f8eedcae60201d9a156fca5950a560033586
RC107,solomon_txt,fff3fd68d110671ed442575f07cc547291586f30b00c5f73934d521d31311582,0,1,ok,True,13,1648186,1648.186,0.060255,0.500404,1,time_limit,solomon_exact_1000_v1,,,,,,0.5,,100,,25,1c005bcbef3a2cc7c3c99f5013487a5a902fde9aca9c42e62b9da2eeda38c14c,False,hybrid,0c5fcbdd03bb3b33b2c32fec5dd2f8eedcae60201d9a156fca5950a560033586
RC107,solomon_txt,fff3fd68d110671ed442575f07cc547291586f30b00c5f73934d521d31311582,1,1,ok,True,13,1859136,1859.136,0.061614,0.500461,1,time_limit,solomon_exact_1000_v1,,,,,,0.5,,100,,25,1c005bcbef3a2cc7c3c99f5013487a5a902fde9aca9c42e62b9da2eeda38c14c,False,hybrid,0c5fcbdd03bb3b33b2c32fec5dd2f8eedcae60201d9a156fca5950a560033586
RC107,solomon_txt,fff3fd68d110671ed442575f07cc547291586f30b00c5f73934d521d31311582,2,1,ok,True,13,1817849,1817.849,0.059997,0.500382,1,time_limit,solomon_exact_1000_v1,,,,,,0.5,,100,,25,1c005bcbef3a2cc7c3c99f5013487a5a902fde9aca9c42e62b9da2eeda38c14c,False,hybrid,0c5fcbdd03bb3b33b2c32fec5dd2f8eedcae60201d9a156fca5950a560033586
RC108,solomon_txt,006bc8817bf09f9a8c66af8d6f088bdec239b2eb435556e9d11193cf456f7aeb,0,1,ok,True,12,1605379,1605.379,0.063053,0.500398,1,time_limit,solomon_exact_1000_v1,,,,,,0.5,,100,,25,1c005bcbef3a2cc7c3c99f5013487a5a902fde9aca9c42e62b9da2eeda38c14c,False,hybrid,0c5fcbdd03bb3b33b2c32fec5dd2f8eedcae60201d9a156fca5950a560033586
RC108,solomon_txt,006bc8817bf09f9a8c66af8d6f088bdec239b2eb435556e9d11193cf456f7aeb,1,1,ok,True,12,1620833,1620.833,0.0627,0.500402,1,time_limit,solomon_exact_1000_v1,,,,,,0.5,,100,,25,1c005bcbef3a2cc7c3c99f5013487a5a902fde9aca9c42e62b9da2eeda38c14c,False,hybrid,0c5fcbdd03bb3b33b2c32fec5dd2f8eedcae60201d9a156fca5950a560033586
RC108,solomon_txt,006bc8817bf09f9a8c66af8d6f088bdec239b2eb435556e9d11193cf456f7aeb,2,1,ok,True,12,1582628,1582.628,0.061203,0.500408,1,time_limit,solomon_exact_1000_v1,,,,,,0.5,,100,,25,1c005bcbef3a2cc7c3c99f5013487a5a902fde9aca9c42e62b9da2eeda38c14c,False,hybrid,0c5fcbdd03bb3b33b2c32fec5dd2f8eedcae60201d9a156fca5950a560033586
RC201,solomon_txt,288836e2d8c2ace83ebbff77e03ac8cdffc574fc134cade21ef92713f8c52d44,0,1,ok,True,5,2429811,2429.811,0.136564,0.50021,1,time_limit,solomon_exact_1000_v1,,,,,,0.5,,100,,25,1c005bcbef3a2cc7c3c99f5013487a5a902fde9aca9c42e62b9da2eeda38c14c,False,hybrid,0c5fcbdd03bb3b33b2c32fec5dd2f8eedcae60201d9a156fca5950a560033586
RC201,solomon_txt,288836e2d8c2ace83ebbff77e03ac8cdffc574fc134cade21ef92713f8c52d44,1,1,ok,True,5,2291678,2291.678,0.125911,0.500358,1,time_limit,solomon_exact_1000_v1,,,,,,0.5,,100,,25,1c005bcbef3a2cc7c3c99f5013487a5a902fde9aca9c42e62b9da2eeda38c14c,False,hybrid,0c5fcbdd03bb3b33b2c32fec5dd2f8eedcae60201d9a156fca5950a560033586
RC201,solomon_txt,288836e2d8c2ace83ebbff77e03ac8cdffc574fc134cade21ef92713f8c52d44,2,1,ok,True,5,2378874,2378.874,0.126962,0.500402,1,time_limit,solomon_exact_1000_v1,,,,,,0.5,,100,,25,1c005bcbef3a2cc7c3c99f5013487a5a902fde9aca9c42e62b9da2eeda38c14c,False,hybrid,0c5fcbdd03bb3b33b2c32fec5dd2f8eedcae60201d9a156fca5950a560033586
RC202,solomon_txt,5a1dee2017ab0ca4fe280b392678c96e8b5bc71f22d02c8058fbde7c4cfebcf4,0,1,ok,True,4,1920411,1920.411,0.120164,0.500217,1,time_limit,solomon_exact_1000_v1,,,,,,0.5,,100,,25,1c005bcbef3a2cc7c3c99f5013487a5a902fde9aca9c42e62b9da2eeda38c14c,False,hybrid,0c5fcbdd03bb3b33b2c32fec5dd2f8eedcae60201d9a156fca5950a560033586
RC202,solomon_txt,5a1dee2017ab0ca4fe280b392678c96e8b5bc71f22d02c8058fbde7c4cfebcf4,1,1,ok,True,4,1818035,1818.035,0.123615,0.500379,1,time_limit,solomon_exact_1000_v1,,,,,,0.5,,100,,25,1c005bcbef3a2cc7c3c99f5013487a5a902fde9aca9c42e62b9da2eeda38c14c,False,hybrid,0c5fcbdd03bb3b33b2c32fec5dd2f8eedcae60201d9a156fca5950a560033586
RC202,solomon_txt,5a1dee2017ab0ca4fe280b392678c96e8b5bc71f22d02c8058fbde7c4cfebcf4,2,1,ok,True,4,1619243,1619.243,0.123326,0.500365,1,time_limit,solomon_exact_1000_v1,,,,,,0.5,,100,,25,1c005bcbef3a2cc7c3c99f5013487a5a902fde9aca9c42e62b9da2eeda38c14c,False,hybrid,0c5fcbdd03bb3b33b2c32fec5dd2f8eedcae60201d9a156fca5950a560033586
RC203,solomon_txt,4adcb362c23df91f14b828d4964e9383ffb02ee74217afc2d84571f83ed91f8b,0,1,ok,True,3,1217194,1217.194,0.129123,0.500201,1,time_limit,solomon_exact_1000_v1,,,,,,0.5,,100,,25,1c005bcbef3a2cc7c3c99f5013487a5a902fde9aca9c42e62b9da2eeda38c14c,False,hybrid,0c5fcbdd03bb3b33b2c32fec5dd2f8eedcae60201d9a156fca5950a560033586
RC203,solomon_txt,4adcb362c23df91f14b828d4964e9383ffb02ee74217afc2d84571f83ed91f8b,1,1,ok,True,3,1545417,1545.417,0.120662,0.500241,1,time_limit,solomon_exact_1000_v1,,,,,,0.5,,100,,25,1c005bcbef3a2cc7c3c99f5013487a5a902fde9aca9c42e62b9da2eeda38c14c,False,hybrid,0c5fcbdd03bb3b33b2c32fec5dd2f8eedcae60201d9a156fca5950a560033586
RC203,solomon_txt,4adcb362c23df91f14b828d4964e9383ffb02ee74217afc2d84571f83ed91f8b,2,1,ok,True,3,1516613,1516.613,0.121675,0.500232,2,time_limit,solomon_exact_1000_v1,,,,,,0.5,,100,,25,1c005bcbef3a2cc7c3c99f5013487a5a902fde9aca9c42e62b9da2eeda38c14c,False,hybrid,0c5fcbdd03bb3b33b2c32fec5dd2f8eedcae60201d9a156fca5950a560033586
RC204,solomon_txt,11e827eab51a959ebab66344e7b7cfd1aeed895287653b36a72c86a4440ecd77,0,1,ok,True,3,1500593,1500.593,0.184842,0.500253,1,time_limit,solomon_exact_1000_v1,,,,,,0.5,,100,,25,1c005bcbef3a2cc7c3c99f5013487a5a902fde9aca9c42e62b9da2eeda38c14c,False,hybrid,0c5fcbdd03bb3b33b2c32fec5dd2f8eedcae60201d9a156fca5950a560033586
RC204,solomon_txt,11e827eab51a959ebab66344e7b7cfd1aeed895287653b36a72c86a4440ecd77,1,1,ok,True,3,1500593,1500.593,0.185485,0.500195,1,time_limit,solomon_exact_1000_v1,,,,,,0.5,,100,,25,1c005bcbef3a2cc7c3c99f5013487a5a902fde9aca9c42e62b9da2eeda38c14c,False,hybrid,0c5fcbdd03bb3b33b2c32fec5dd2f8eedcae60201d9a156fca5950a560033586
RC204,solomon_txt,11e827eab51a959ebab66344e7b7cfd1aeed895287653b36a72c86a4440ecd77,2,1,ok,True,3,1500593,1500.593,0.182732,0.500259,1,time_limit,solomon_exact_1000_v1,,,,,,0.5,,100,,25,1c005bcbef3a2cc7c3c99f5013487a5a902fde9aca9c42e62b9da2eeda38c14c,False,hybrid,0c5fcbdd03bb3b33b2c32fec5dd2f8eedcae60201d9a156fca5950a560033586
RC205,solomon_txt,c061d306cf42310b0f3ca15612089f6c5a8d5604c0733bf26852477c787662c9,0,1,ok,True,4,1959415,1959.415,0.133072,0.500222,1,time_limit,solomon_exact_1000_v1,,,,,,0.5,,100,,25,1c005bcbef3a2cc7c3c99f5013487a5a902fde9aca9c42e62b9da2eeda38c14c,False,hybrid,0c5fcbdd03bb3b33b2c32fec5dd2f8eedcae60201d9a156fca5950a560033586
RC205,solomon_txt,c061d306cf42310b0f3ca15612089f6c5a8d5604c0733bf26852477c787662c9,1,1,ok,True,4,2005413,2005.413,0.136371,0.500371,1,time_limit,solomon_exact_1000_v1,,,,,,0.5,,100,,25,1c005bcbef3a2cc7c3c99f5013487a5a902fde9aca9c42e62b9da2eeda38c14c,False,hybrid,0c5fcbdd03bb3b33b2c32fec5dd2f8eedcae60201d9a156fca5950a560033586
RC205,solomon_txt,c061d306cf42310b0f3ca15612089f6c5a8d5604c0733bf26852477c787662c9,2,1,ok,True,4,2034157,2034.157,0.138132,0.500346,1,time_limit,solomon_exact_1000_v1,,,,,,0.5,,100,,25,1c005bcbef3a2cc7c3c99f5013487a5a902fde9aca9c42e62b9da2eeda38c14c,False,hybrid,0c5fcbdd03bb3b33b2c32fec5dd2f8eedcae60201d9a156fca5950a560033586
RC206,solomon_txt,5203aecf67c84df49e152645312a837ffefde529314ff892ca061538816e43a9,0,1,ok,True,4,2080287,2080.287,0.130457,0.500258,1,time_limit,solomon_exact_1000_v1,,,,,,0.5,,100,,25,1c005bcbef3a2cc7c3c99f5013487a5a902fde9aca9c42e62b9da2eeda38c14c,False,hybrid,0c5fcbdd03bb3b33b2c32fec5dd2f8eedcae60201d9a156fca5950a560033586
RC206,solomon_txt,5203aecf67c84df49e152645312a837ffefde529314ff892ca061538816e43a9,1,1,ok,True,4,1771858,1771.858,0.134849,0.500375,1,time_limit,solomon_exact_1000_v1,,,,,,0.5,,100,,25,1c005bcbef3a2cc7c3c99f5013487a5a902fde9aca9c42e62b9da2eeda38c14c,False,hybrid,0c5fcbdd03bb3b33b2c32fec5dd2f8eedcae60201d9a156fca5950a560033586
RC206,solomon_txt,5203aecf67c84df49e152645312a837ffefde529314ff892ca061538816e43a9,2,1,ok,True,4,1725004,1725.004,0.133725,0.500373,1,time_limit,solomon_exact_1000_v1,,,,,,0.5,,100,,25,1c005bcbef3a2cc7c3c99f5013487a5a902fde9aca9c42e62b9da2eeda38c14c,False,hybrid,0c5fcbdd03bb3b33b2c32fec5dd2f8eedcae60201d9a156fca5950a560033586
RC207,solomon_txt,5cab65f99b350cdb8fb1c4d0a12dde85eb4ff6a6d6daf292b182cb73de9a8b63,0,1,ok,True,4,1907431,1907.431,0.15374,0.500267,1,time_limit,solomon_exact_1000_v1,,,,,,0.5,,100,,25,1c005bcbef3a2cc7c3c99f5013487a5a902fde9aca9c42e62b9da2eeda38c14c,False,hybrid,0c5fcbdd03bb3b33b2c32fec5dd2f8eedcae60201d9a156fca5950a560033586
RC207,solomon_txt,5cab65f99b350cdb8fb1c4d0a12dde85eb4ff6a6d6daf292b182cb73de9a8b63,1,1,ok,True,4,1907431,1907.431,0.147919,0.500361,1,time_limit,solomon_exact_1000_v1,,,,,,0.5,,100,,25,1c005bcbef3a2cc7c3c99f5013487a5a902fde9aca9c42e62b9da2eeda38c14c,False,hybrid,0c5fcbdd03bb3b33b2c32fec5dd2f8eedcae60201d9a156fca5950a560033586
RC207,solomon_txt,5cab65f99b350cdb8fb1c4d0a12dde85eb4ff6a6d6daf292b182cb73de9a8b63,2,1,ok,True,4,1865317,1865.317,0.149381,0.500378,1,time_limit,solomon_exact_1000_v1,,,,,,0.5,,100,,25,1c005bcbef3a2cc7c3c99f5013487a5a902fde9aca9c42e62b9da2eeda38c14c,False,hybrid,0c5fcbdd03bb3b33b2c32fec5dd2f8eedcae60201d9a156fca5950a560033586
RC208,solomon_txt,3d67d2a8e2758a324643f5d6c6ca87e8c56435273eaa04be33f213bb991f1f28,0,1,ok,True,3,1365201,1365.201,0.144447,0.500213,1,time_limit,solomon_exact_1000_v1,,,,,,0.5,,100,,25,1c005bcbef3a2cc7c3c99f5013487a5a902fde9aca9c42e62b9da2eeda38c14c,False,hybrid,0c5fcbdd03bb3b33b2c32fec5dd2f8eedcae60201d9a156fca5950a560033586
RC208,solomon_txt,3d67d2a8e2758a324643f5d6c6ca87e8c56435273eaa04be33f213bb991f1f28,1,1,ok,True,4,1913075,1913.075,0.144839,0.500349,1,time_limit,solomon_exact_1000_v1,,,,,,0.5,,100,,25,1c005bcbef3a2cc7c3c99f5013487a5a902fde9aca9c42e62b9da2eeda38c14c,False,hybrid,0c5fcbdd03bb3b33b2c32fec5dd2f8eedcae60201d9a156fca5950a560033586
RC208,solomon_txt,3d67d2a8e2758a324643f5d6c6ca87e8c56435273eaa04be33f213bb991f1f28,2,1,ok,True,3,1587686,1587.686,0.149663,0.500365,1,time_limit,solomon_exact_1000_v1,,,,,,0.5,,100,,25,1c005bcbef3a2cc7c3c99f5013487a5a902fde9aca9c42e62b9da2eeda38c14c,False,hybrid,0c5fcbdd03bb3b33b2c32fec5dd2f8eedcae60201d9a156fca5950a560033586
