instance,seed,phase,elapsed_seconds,inclusive_seconds,calls,candidates,feasible_candidates,infeasible_candidates,route_evaluations,validation_calls,accepted,capacity_prefilter_skips,rejected_capacity,rejected_time_window,rejected_depot_close,rejected_empty_route,trials,failures,removed_customers
C101,0,construction,0.07467550000001211,0.07467550000001211,1,6060,341,5719,6160,1,100,0,184,5710,1717,0,0,0,0
C101,0,fleet_reduction,0.013397199999417353,0.44928619999973307,1,0,0,0,235,3,0,0,0,0,0,0,20,19,0
C101,0,perturbation,0,0,0,0,0,0,0,0,0,0,0,0,0,0,0,0,0
C101,0,repair,0.4358890000003157,0.4358890000003157,20,37490,3266,34224,37691,0,785,111,0,34224,6064,0,0,19,0
C101,0,local_search,0,0,0,0,0,0,0,0,0,0,0,0,0,0,0,0,0
C101,0,ils_control,0.0002457999999023741,0.0002457999999023741,1,0,0,0,11,1,0,0,0,0,0,0,0,0,0
C101,0,validation,0.00034449999930075137,0.00034449999930075137,2,0,0,0,23,2,0,0,0,0,0,0,0,0,0
C101,0,other,6.650000159424962e-05,6.650000159424962e-05,0,0,0,0,0,0,0,0,0,0,0,0,0,0,0
C101,1,construction,0.07471019999957207,0.07471019999957207,1,6060,341,5719,6160,1,100,0,184,5710,1717,0,0,0,0
C101,1,fleet_reduction,0.0023716000005151727,0.13963969999986148,1,0,0,0,75,5,0,0,0,0,0,0,2,0,0
C101,1,perturbation,8.830000024317997e-05,0.006739299999935611,1,0,0,0,0,0,0,0,0,0,0,0,0,0,4
C101,1,repair,0.14391909999903874,0.14391909999903874,3,11097,460,10637,11128,0,183,107,0,10637,3099,0,0,0,0
C101,1,local_search,0.2785382000001846,0.2785382000001846,1,4695,11,4684,17976,1,0,0,1769,4672,2162,0,0,0,0
C101,1,ils_control,0.00041899999996530823,0.2856965000000855,1,0,0,0,20,2,0,0,0,0,0,0,0,0,0
C101,1,validation,0.00032870000086404616,0.00032870000086404616,2,0,0,0,22,2,0,0,0,0,0,0,0,0,0
C101,1,other,7.060000007186318e-05,7.060000007186318e-05,0,0,0,0,0,0,0,0,0,0,0,0,0,0,0
C101,2,construction,0.07738740000058897,0.07738740000058897,1,6060,341,5719,6160,1,100,0,184,5710,1717,0,0,0,0
C101,2,fleet_reduction,0.00668630000018311,0.2580484999998589,1,0,0,0,145,5,0,0,0,0,0,0,9,7,0
C101,2,perturbation,9.060000047611538e-05,0.004261800000676885,1,0,0,0,0,0,0,0,0,0,0,0,0,0,3
C101,2,repair,0.25553339999987656,0.25553339999987656,10,22846,1698,21148,22947,0,461,115,0,21148,4061,0,0,7,0
C101,2,local_search,0.15997130000050674,0.15997130000050674,1,2664,7,2657,10150,1,0,0,996,2642,1260,0,0,0,0
C101,2,ils_control,0.00041119999877992086,0.16464429999996355,1,0,0,0,20,2,0,0,0,0,0,0,0,0,0
C101,2,validation,0.00031989999934012303,0.00031989999934012303,2,0,0,0,22,2,0,0,0,0,0,0,0,0,0
C101,2,other,6.089999988034833e-05,6.089999988034833e-05,0,0,0,0,0,0,0,0,0,0,0,0,0,0,0
C102,0,construction,0.07940979999966657,0.07940979999966657,1,5887,459,5428,5987,1,100,0,1035,5270,1236,0,0,0,0
C102,0,fleet_reduction,0.00019299999985378236,0.00019299999985378236,1,0,0,0,10,1,0,0,0,0,0,0,0,0,0
C102,0,perturbation,0.00016980000054900302,0.011392200000045705,2,0,0,0,0,0,0,0,0,0,0,0,0,0,11
C102,0,repair,0.011222399999496702,0.011222399999496702,2,604,17,587,624,0,11,51,0,587,353,0,0,0,0
C102,0,local_search,0.40845400000034715,0.40845400000034715,2,6753,84,6669,25970,4,2,0,4080,6592,3790,0,0,0,0
C102,0,ils_control,0.0006589999993593665,0.4205051999997522,1,0,0,0,30,3,0,0,0,0,0,0,0,0,0
C102,0,validation,0.0003375000005689799,0.0003375000005689799,2,0,0,0,20,2,0,0,0,0,0,0,0,0,0
C102,0,other,5.400000009103678e-05,5.400000009103678e-05,0,0,0,0,0,0,0,0,0,0,0,0,0,0,0
C102,1,construction,0.07844290000048204,0.07844290000048204,1,5887,459,5428,5987,1,100,0,1035,5270,1236,0,0,0,0
C102,1,fleet_reduction,0.00018709999949351186,0.00018709999949351186,1,0,0,0,10,1,0,0,0,0,0,0,0,0,0
C102,1,perturbation,0.0003040999990844284,0.019570699999349017,4,0,0,0,0,0,0,0,0,0,0,0,0,0,20
C102,1,repair,0.01926660000026459,0.01926660000026459,4,1078,73,1005,1118,0,19,97,0,1005,531,0,0,1,0
C102,1,local_search,0.401044200000797,0.401044200000797,3,6854,95,6759,26402,7,4,0,4224,6670,3891,0,0,0,0
C102,1,ils_control,0.000825500000246393,0.4214404000003924,1,0,0,0,40,4,0,0,0,0,0,0,0,0,0
C102,1,validation,0.0003276999996160157,0.0003276999996160157,2,0,0,0,20,2,0,0,0,0,0,0,0,0,0
C102,1,other,5.1199999688833486e-05,5.1199999688833486e-05,0,0,0,0,0,0,0,0,0,0,0,0,0,0,0
C102,2,construction,0.07910640000045532,0.07910640000045532,1,5887,459,5428,5987,1,100,0,1035,5270,1236,0,0,0,0
C102,2,fleet_reduction,0.00019260000044596381,0.00019260000044596381,1,0,0,0,10,1,0,0,0,0,0,0,0,0,0
C102,2,perturbation,0.00016730000061215833,0.009009100000184844,2,0,0,0,0,0,0,0,0,0,0,0,0,0,8
C102,2,repair,0.008841799999572686,0.008841799999572686,2,478,41,437,498,0,8,35,0,437,185,0,0,0,0
C102,2,local_search,0.4111494999997376,0.4111494999997376,2,7087,84,7003,27264,4,2,0,4262,6926,3928,0,0,0,0
C102,2,ils_control,0.0006366000006892136,0.42079520000061166,1,0,0,0,30,3,0,0,0,0,0,0,0,0,0
C102,2,validation,0.00034299999970244244,0.00034299999970244244,2,0,0,0,20,2,0,0,0,0,0,0,0,0,0
C102,2,other,5.4799998906673864e-05,5.4799998906673864e-05,0,0,0,0,0,0,0,0,0,0,0,0,0,0,0
C103,0,construction,0.09133089999977528,0.09133089999977528,1,5715,498,5217,5815,1,100,0,1514,5158,2749,0,0,0,0
C103,0,fleet_reduction,0.0001844000007622526,0.0001844000007622526,1,0,0,0,10,1,0,0,0,0,0,0,0,0,0
C103,0,perturbation,0.00017490000027464703,0.012803700000404206,2,0,0,0,0,0,0,0,0,0,0,0,0,0,11
C103,0,repair,0.012628800000129559,0.012628800000129559,2,688,65,623,708,0,11,43,0,623,501,0,0,0,0
C103,0,local_search,0.3950957000006383,0.3950957000006383,2,6486,115,6371,24922,5,3,0,3216,6347,5546,0,0,0,0
C103,0,ils_control,0.0006304999988060445,0.40852989999984857,1,0,0,0,30,3,0,0,0,0,0,0,0,0,0
C103,0,validation,0.00034269999923708383,0.00034269999923708383,2,0,0,0,20,2,0,0,0,0,0,0,0,0,0
C103,0,other,5.469999996421393e-05,5.469999996421393e-05,0,0,0,0,0,0,0,0,0,0,0,0,0,0,0
C103,1,construction,0.08825130000059289,0.08825130000059289,1,5715,498,5217,5815,1,100,0,1514,5158,2749,0,0,0,0
C103,1,fleet_reduction,0.00018530000033933902,0.00018530000033933902,1,0,0,0,10,1,0,0,0,0,0,0,0,0,0
C103,1,perturbation,0.0003681999987747986,0.032107699998960015,5,0,0,0,0,0,0,0,0,0,0,0,0,0,28
C103,1,repair,0.03173950000018522,0.03173950000018522,5,1822,266,1556,1872,0,28,105,0,1556,1218,0,0,0,0
C103,1,local_search,0.3783250999995289,0.3783250999995289,5,6575,204,6371,25448,14,9,0,3270,6344,5601,0,0,0,0
C103,1,ils_control,0.0012050000013914541,0.41163779999988037,1,0,0,0,60,6,0,0,0,0,0,0,0,0,0
C103,1,validation,0.00033369999982824083,0.00033369999982824083,2,0,0,0,20,2,0,0,0,0,0,0,0,0,0
C103,1,other,5.159999909665203e-05,5.159999909665203e-05,0,0,0,0,0,0,0,0,0,0,0,0,0,0,0
C103,2,construction,0.08637320000070758,0.08637320000070758,1,5715,498,5217,5815,1,100,0,1514,5158,2749,0,0,0,0
C103,2,fleet_reduction,0.00020150000000285218,0.00020150000000285218,1,0,0,0,10,1,0,0,0,0,0,0,0,0,0
C103,2,perturbation,0.0002927999985331553,0.01951649999955407,4,0,0,0,0,0,0,0,0,0,0,0,0,0,22
C103,2,repair,0.019223700001020916,0.019223700001020916,4,1055,114,941,1095,0,16,68,0,941,731,0,0,1,0
C103,2,local_search,0.3931585999998788,0.3931585999998788,3,6785,231,6554,26216,8,5,0,3250,6507,5614,0,0,0,0
C103,2,ils_control,0.0008367000009457115,0.41351180000037857,1,0,0,0,40,4,0,0,0,0,0,0,0,0,0
C103,2,validation,0.0003436999995756196,0.0003436999995756196,2,0,0,0,20,2,0,0,0,0,0,0,0,0,0
C103,2,other,5.4299998737405986e-05,5.4299998737405986e-05,0,0,0,0,0,0,0,0,0,0,0,0,0,0,0
C104,0,construction,0.09231220000037865,0.09231220000037865,1,5575,511,5064,5675,1,100,0,2314,4499,3354,0,0,0,0
C104,0,fleet_reduction,0.00017940000088856323,0.00017940000088856323,1,0,0,0,10,1,0,0,0,0,0,0,0,0,0
C104,0,perturbation,0.0003134000007776194,0.028372200000376324,4,0,0,0,0,0,0,0,0,0,0,0,0,0,23
C104,0,repair,0.028058799999598705,0.028058799999598705,4,1679,375,1304,1719,0,23,73,0,1304,1168,0,0,0,0
C104,0,local_search,0.3782078000003821,0.3782078000003821,4,6715,280,6435,25906,10,6,0,2992,6231,5159,0,0,0,0
C104,0,ils_control,0.0009885999988910044,0.40756859999964945,1,0,0,0,50,5,0,0,0,0,0,0,0,0,0
C104,0,validation,0.00033070000063162297,0.00033070000063162297,2,0,0,0,20,2,0,0,0,0,0,0,0,0,0
C104,0,other,4.979999903298449e-05,4.979999903298449e-05,0,0,0,0,0,0,0,0,0,0,0,0,0,0,0
C104,1,construction,0.0877913999993325,0.0877913999993325,1,5575,511,5064,5675,1,100,0,2314,4499,3354,0,0,0,0
C104,1,fleet_reduction,0.00018199999976786785,0.00018199999976786785,1,0,0,0,10,1,0,0,0,0,0,0,0,0,0
C104,1,perturbation,0.00023499999952036887,0.01907079999909911,3,0,0,0,0,0,0,0,0,0,0,0,0,0,17
C104,1,repair,0.01883579999957874,0.01883579999957874,3,1159,309,850,1189,0,17,62,0,850,708,0,0,0,0
C104,1,local_search,0.39227649999884306,0.39227649999884306,3,7019,193,6826,27044,7,4,0,3523,6547,5417,0,0,0,0
C104,1,ils_control,0.0008055000016611302,0.4121527999996033,1,0,0,0,40,4,0,0,0,0,0,0,0,0,0
C104,1,validation,0.00032190000001719454,0.00032190000001719454,2,0,0,0,20,2,0,0,0,0,0,0,0,0,0
C104,1,other,5.1300001359777525e-05,5.1300001359777525e-05,0,0,0,0,0,0,0,0,0,0,0,0,0,0,0
C104,2,construction,0.10744040000008681,0.10744040000008681,1,5575,511,5064,5675,1,100,0,2314,4499,3354,0,0,0,0
C104,2,fleet_reduction,0.0001968000005945214,0.0001968000005945214,1,0,0,0,10,1,0,0,0,0,0,0,0,0,0
C104,2,perturbation,0.00034729999879345996,0.026185499998973683,4,0,0,0,0,0,0,0,0,0,0,0,0,0,22
C104,2,repair,0.025838200000180223,0.025838200000180223,4,1508,400,1108,1548,0,22,78,0,1108,916,0,0,0,0
C104,2,local_search,0.365190899998197,0.365190899998197,4,6475,276,6199,24998,10,6,0,2823,5995,4665,0,0,0,0
C104,2,ils_control,0.0010581000033198507,0.3924345000004905,1,0,0,0,50,5,0,0,0,0,0,0,0,0,0
C104,2,validation,0.0003387000006114249,0.0003387000006114249,2,0,0,0,20,2,0,0,0,0,0,0,0,0,0
C104,2,other,5.529999816644704e-05,5.529999816644704e-05,0,0,0,0,0,0,0,0,0,0,0,0,0,0,0
C105,0,construction,0.0746737999998004,0.0746737999998004,1,5947,338,5609,6047,1,100,0,174,5601,1654,0,0,0,0
C105,0,fleet_reduction,0.01375960000041232,0.4270152999997663,1,0,0,0,231,1,0,0,0,0,0,0,22,22,0
C105,0,perturbation,0,0,0,0,0,0,0,0,0,0,0,0,0,0,0,0,0
C105,0,repair,0.41325569999935396,0.41325569999935396,22,38292,5124,33168,38512,0,852,149,0,33168,4616,0,0,22,0
C105,0,local_search,0,0,0,0,0,0,0,0,0,0,0,0,0,0,0,0,0
C105,0,ils_control,0.00023409999994328246,0.00023409999994328246,1,0,0,0,11,1,0,0,0,0,0,0,0,0,0
C105,0,validation,0.0003286000001025968,0.0003286000001025968,2,0,0,0,22,2,0,0,0,0,0,0,0,0,0
C105,0,other,5.090000104246428e-05,5.090000104246428e-05,0,0,0,0,0,0,0,0,0,0,0,0,0,0,0
C105,1,construction,0.07656709999992017,0.07656709999992017,1,5947,338,5609,6047,1,100,0,174,5601,1654,0,0,0,0
C105,1,fleet_reduction,0.0012297999992370023,0.07215759999962756,1,0,0,0,41,3,0,0,0,0,0,0,1,0,0
C105,1,perturbation,8.449999950244091e-05,0.005934099999649334,1,0,0,0,0,0,0,0,0,0,0,0,0,0,4
C105,1,repair,0.07677740000053745,0.07677740000053745,2,5750,366,5384,5770,0,94,47,0,5384,1614,0,0,0,0
C105,1,local_search,0.3449745999996594,0.3449745999996594,1,5632,24,5608,21574,1,0,0,2032,5594,2400,0,0,0,0
C105,1,ils_control,0.00044750000142812496,0.35135620000073686,1,0,0,0,20,2,0,0,0,0,0,0,0,0,0
C105,1,validation,0.00034159999995608814,0.00034159999995608814,2,0,0,0,21,2,0,0,0,0,0,0,0,0,0
C105,1,other,6.239999947865726e-05,6.239999947865726e-05,0,0,0,0,0,0,0,0,0,0,0,0,0,0,0
C105,2,construction,0.07598219999999856,0.07598219999999856,1,5947,338,5609,6047,1,100,0,174,5601,1654,0,0,0,0
C105,2,fleet_reduction,0.0012149000003773835,0.07490030000008119,1,0,0,0,41,3,0,0,0,0,0,0,1,0,0
C105,2,perturbation,7.959999948070617e-05,0.0033469999998487765,1,0,0,0,0,0,0,0,0,0,0,0,0,0,3
C105,2,repair,0.07695280000007187,0.07695280000007187,2,5796,357,5439,5816,0,93,30,0,5439,1657,0,0,0,0
C105,2,local_search,0.3453935999996247,0.3453935999996247,1,5947,29,5918,22810,1,0,0,1936,5915,2593,0,0,0,0
C105,2,ils_control,0.00041770000007090857,0.3491582999995444,1,0,0,0,20,2,0,0,0,0,0,0,0,0,0
C105,2,validation,0.00032869999995455146,0.00032869999995455146,2,0,0,0,21,2,0,0,0,0,0,0,0,0,0
C105,2,other,5.790000068373047e-05,5.790000068373047e-05,0,0,0,0,0,0,0,0,0,0,0,0,0,0,0
C106,0,construction,0.07264219999979105,0.07264219999979105,1,5988,387,5601,6088,1,100,0,104,5593,1463,0,0,0,0
C106,0,fleet_reduction,0.012386599999445025,0.42834230000062234,1,0,0,0,225,3,0,0,0,0,0,0,19,18,0
C106,0,perturbation,0,0,0,0,0,0,0,0,0,0,0,0,0,0,0,0,0
C106,0,repair,0.4159557000011773,0.4159557000011773,19,38509,5371,33138,38700,0,829,133,0,33138,4763,0,0,18,0
C106,0,local_search,0,0,0,0,0,0,0,0,0,0,0,0,0,0,0,0,0
C106,0,ils_control,0.00022779999926569872,0.00022779999926569872,1,0,0,0,11,1,0,0,0,0,0,0,0,0,0
C106,0,validation,0.0003385999998499756,0.0003385999998499756,2,0,0,0,23,2,0,0,0,0,0,0,0,0,0
C106,0,other,5.1900000471505336e-05,5.1900000471505336e-05,0,0,0,0,0,0,0,0,0,0,0,0,0,0,0
C106,1,construction,0.07375580000007176,0.07375580000007176,1,5988,387,5601,6088,1,100,0,104,5593,1463,0,0,0,0
C106,1,fleet_reduction,0.0023399000010613236,0.13442570000006526,1,0,0,0,75,5,0,0,0,0,0,0,2,0,0
C106,1,perturbation,0.0001768000001902692,0.013319400000000314,2,0,0,0,0,0,0,0,0,0,0,0,0,0,10
C106,1,repair,0.14522839999881398,0.14522839999881398,4,11248,936,10312,11289,0,189,150,0,10312,2716,0,0,0,0
C106,1,local_search,0.27790899999945395,0.27790899999945395,2,4831,18,4813,18630,4,2,0,2124,4807,2130,0,0,0,0
C106,1,ils_control,0.0006356000012601726,0.29186400000071444,1,0,0,0,30,3,0,0,0,0,0,0,0,0,0
C106,1,validation,0.0003405999996175524,0.0003405999996175524,2,0,0,0,22,2,0,0,0,0,0,0,0,0,0
C106,1,other,6.439999924623407e-05,6.439999924623407e-05,0,0,0,0,0,0,0,0,0,0,0,0,0,0,0
C106,2,construction,0.07679840000037075,0.07679840000037075,1,5988,387,5601,6088,1,100,0,104,5593,1463,0,0,0,0
C106,2,fleet_reduction,0.002462999999806925,0.1437720999992962,1,0,0,0,75,5,0,0,0,0,0,0,2,0,0
C106,2,perturbation,8.370000068680383e-05,0.004290700000638026,1,0,0,0,0,0,0,0,0,0,0,0,0,0,3
C106,2,repair,0.14551609999944048,0.14551609999944048,3,11150,974,10176,11181,0,182,87,0,10176,2726,0,0,0,0
C106,2,local_search,0.2748095999995712,0.2748095999995712,1,4450,19,4431,17024,2,1,0,1207,4422,2073,0,0,0,0
C106,2,ils_control,0.0004351999996288214,0.27953549999983807,1,0,0,0,20,2,0,0,0,0,0,0,0,0,0
C106,2,validation,0.00034700000014709076,0.00034700000014709076,2,0,0,0,22,2,0,0,0,0,0,0,0,0,0
C106,2,other,6.39000008959556e-05,6.39000008959556e-05,0,0,0,0,0,0,0,0,0,0,0,0,0,0,0
C107,0,construction,0.08263069999975414,0.08263069999975414,1,5874,260,5614,5974,1,100,0,623,5574,1650,0,0,0,0
C107,0,fleet_reduction,0.0034533000016381266,0.12845050000032643,1,0,0,0,71,3,0,0,0,0,0,0,4,3,0
C107,0,perturbation,8.580000030633528e-05,0.009291299999858893,1,0,0,0,0,0,0,0,0,0,0,0,0,0,6
C107,0,repair,0.13420269999824086,0.13420269999824086,5,10636,1390,9246,10686,0,211,85,0,9246,2212,0,0,3,0
C107,0,local_search,0.27926620000016555,0.27926620000016555,1,4491,36,4455,17166,1,0,0,1225,4448,2170,0,0,0,0
C107,0,ils_control,0.0004383999994388432,0.2889958999994633,1,0,0,0,20,2,0,0,0,0,0,0,0,0,0
C107,0,validation,0.00034809999942808645,0.00034809999942808645,2,0,0,0,21,2,0,0,0,0,0,0,0,0,0
C107,0,other,6.610000127693638e-05,6.610000127693638e-05,0,0,0,0,0,0,0,0,0,0,0,0,0,0,0
C107,1,construction,0.08051849999992555,0.08051849999992555,1,5874,260,5614,5974,1,100,0,623,5574,1650,0,0,0,0
C107,1,fleet_reduction,0.0012616000003617955,0.07277440000052593,1,0,0,0,41,3,0,0,0,0,0,0,1,0,0
C107,1,perturbation,8.640000032755779e-05,0.005759100000432227,1,0,0,0,0,0,0,0,0,0,0,0,0,0,4
C107,1,repair,0.0771855000002688,0.0771855000002688,2,5717,453,5264,5737,0,94,50,0,5264,1464,0,0,0,0
C107,1,local_search,0.3405988000004072,0.3405988000004072,1,5544,31,5513,21242,1,0,0,2095,5500,2334,0,0,0,0
C107,1,ils_control,0.0004276999989087926,0.34678559999974823,1,0,0,0,20,2,0,0,0,0,0,0,0,0,0
C107,1,validation,0.0003400999994482845,0.0003400999994482845,2,0,0,0,21,2,0,0,0,0,0,0,0,0,0
C107,1,other,5.980000059935264e-05,5.980000059935264e-05,0,0,0,0,0,0,0,0,0,0,0,0,0,0,0
C107,2,construction,0.08511809999981779,0.08511809999981779,1,5874,260,5614,5974,1,100,0,623,5574,1650,0,0,0,0
C107,2,fleet_reduction,0.0012609999994310783,0.07451909999963391,1,0,0,0,41,3,0,0,0,0,0,0,1,0,0
C107,2,perturbation,8.040000011533266e-05,0.0035195000000385335,1,0,0,0,0,0,0,0,0,0,0,0,0,0,3
C107,2,repair,0.07669720000012603,0.07669720000012603,2,5804,468,5336,5824,0,93,31,0,5336,1563,0,0,0,0
C107,2,local_search,0.3365016999996442,0.3365016999996442,1,5870,21,5849,22562,2,1,0,2190,5844,2036,0,0,0,0
C107,2,ils_control,0.00041570000030333176,0.34043689999998605,1,0,0,0,20,2,0,0,0,0,0,0,0,0,0
C107,2,validation,0.00036240000008547213,0.00036240000008547213,2,0,0,0,21,2,0,0,0,0,0,0,0,0,0
C107,2,other,6.240000038815197e-05,6.240000038815197e-05,0,0,0,0,0,0,0,0,0,0,0,0,0,0,0
C108,0,construction,0.07559219999984634,0.07559219999984634,1,5896,302,5594,5996,1,100,0,441,5562,1471,0,0,0,0
C108,0,fleet_reduction,0.006044600002496736,0.381659500000751,1,0,0,0,111,3,0,0,0,0,0,0,8,7,0
C108,0,perturbation,8.379999962926377e-05,0.005547199999455188,1,0,0,0,0,0,0,0,0,0,0,0,0,0,6
C108,0,repair,0.3810782999980802,0.3810782999980802,9,30263,4728,25535,30353,0,573,314,0,25535,4584,0,0,7,0
C108,0,local_search,0.03683120000005147,0.03683120000005147,1,655,2,653,2520,1,0,0,346,653,290,0,0,0,0
C108,0,ils_control,0.0004138000003877096,0.042792199999894365,1,0,0,0,20,2,0,0,0,0,0,0,0,0,0
C108,0,validation,0.00033069999972212827,0.00033069999972212827,2,0,0,0,21,2,0,0,0,0,0,0,0,0,0
C108,0,other,5.979999968985794e-05,5.979999968985794e-05,0,0,0,0,0,0,0,0,0,0,0,0,0,0,0
C108,1,construction,0.0753986999998233,0.0753986999998233,1,5896,302,5594,5996,1,100,0,441,5562,1471,0,0,0,0
C108,1,fleet_reduction,0.0012577999996210565,0.07234189999962837,1,0,0,0,41,3,0,0,0,0,0,0,1,0,0
C108,1,perturbation,0.00013609999859909294,0.015277399999831687,2,0,0,0,0,0,0,0,0,0,0,0,0,0,10
C108,1,repair,0.0862254000012399,0.0862254000012399,3,6142,605,5537,6172,0,99,74,0,5537,1911,0,0,1,0
C108,1,local_search,0.33661599999959435,0.33661599999959435,1,5611,41,5570,21478,2,1,0,2008,5560,3211,0,0,0,0
C108,1,ils_control,0.00046939999992900994,0.35236279999935505,1,0,0,0,20,2,0,0,0,0,0,0,0,0,0
C108,1,validation,0.00033680000069580274,0.00033680000069580274,2,0,0,0,21,2,0,0,0,0,0,0,0,0,0
C108,1,other,5.760000021837186e-05,5.760000021837186e-05,0,0,0,0,0,0,0,0,0,0,0,0,0,0,0
C108,2,construction,0.07710010000027978,0.07710010000027978,1,5896,302,5594,5996,1,100,0,441,5562,1471,0,0,0,0
C108,2,fleet_reduction,0.0012693999997281935,0.07001430000036635,1,0,0,0,41,3,0,0,0,0,0,0,1,0,0
C108,2,perturbation,0.00022589999935007654,0.018290799999704177,3,0,0,0,0,0,0,0,0,0,0,0,0,0,16
C108,2,repair,0.08680980000099225,0.08680980000099225,4,6204,726,5478,6244,0,105,124,0,5478,1634,0,0,1,0
C108,2,local_search,0.33400540000002366,0.33400540000002366,2,5673,37,5636,21798,4,2,0,2722,5629,3024,0,0,0,0
C108,2,ils_control,0.0006151000006866525,0.3529113000004145,1,0,0,0,30,3,0,0,0,0,0,0,0,0,0
C108,2,validation,0.0003263000007791561,0.0003263000007791561,2,0,0,0,21,2,0,0,0,0,0,0,0,0,0
C108,2,other,5.939999846305e-05,5.939999846305e-05,0,0,0,0,0,0,0,0,0,0,0,0,0,0,0
C109,0,construction,0.08250480000060634,0.08250480000060634,1,5749,262,5487,5849,1,100,0,545,5460,1560,0,0,0,0
C109,0,fleet_reduction,0.0001886000000013155,0.0001886000000013155,1,0,0,0,10,1,0,0,0,0,0,0,0,0,0
C109,0,perturbation,0.0003255000001445296,0.0742182000003595,4,0,0,0,0,0,0,0,0,0,0,0,0,0,23
C109,0,repair,0.07389270000021497,0.07389270000021497,4,1627,77,1550,1667,0,23,79,0,1550,1072,0,0,0,0
C109,0,local_search,0.34213090000048396,0.34213090000048396,4,5640,132,5508,21600,11,7,0,2300,5431,3320,0,0,0,0
C109,0,ils_control,0.0010434999985591276,0.4173925999994026,1,0,0,0,50,5,0,0,0,0,0,0,0,0,0
C109,0,validation,0.0003339000004416448,0.0003339000004416448,2,0,0,0,20,2,0,0,0,0,0,0,0,0,0
C109,0,other,5.520000013348181e-05,5.520000013348181e-05,0,0,0,0,0,0,0,0,0,0,0,0,0,0,0
C109,1,construction,0.0819658000000345,0.0819658000000345,1,5749,262,5487,5849,1,100,0,545,5460,1560,0,0,0,0
C109,1,fleet_reduction,0.00019430000065767672,0.00019430000065767672,1,0,0,0,10,1,0,0,0,0,0,0,0,0,0
C109,1,perturbation,0.0004153000008955132,0.038949699999648146,5,0,0,0,0,0,0,0,0,0,0,0,0,0,28
C109,1,repair,0.03853439999875263,0.03853439999875263,5,1968,123,1845,2018,0,28,97,0,1845,1220,0,0,0,0
C109,1,local_search,0.3776926000000458,0.3776926000000458,5,6089,155,5934,23364,13,8,0,2439,5880,3907,0,0,0,0
C109,1,ils_control,0.0012461999995139195,0.41788849999920785,1,0,0,0,60,6,0,0,0,0,0,0,0,0,0
C109,1,validation,0.00033040000016626436,0.00033040000016626436,2,0,0,0,20,2,0,0,0,0,0,0,0,0,0
C109,1,other,5.5700000302749686e-05,5.5700000302749686e-05,0,0,0,0,0,0,0,0,0,0,0,0,0,0,0
C109,2,construction,0.08560909999960131,0.08560909999960131,1,5749,262,5487,5849,1,100,0,545,5460,1560,0,0,0,0
C109,2,fleet_reduction,0.0001899999997476698,0.0001899999997476698,1,0,0,0,10,1,0,0,0,0,0,0,0,0,0
C109,2,perturbation,0.00022789999911765335,0.02033919999939826,3,0,0,0,0,0,0,0,0,0,0,0,0,0,16
C109,2,repair,0.020111300000280607,0.020111300000280607,3,1045,46,999,1075,0,16,63,0,999,677,0,0,0,0
C109,2,local_search,0.3931373000013991,0.3931373000013991,3,6369,151,6218,24354,8,5,0,2637,6138,3775,0,0,0,0
C109,2,ils_control,0.0008183999989341828,0.41429489999973157,1,0,0,0,40,4,0,0,0,0,0,0,0,0,0
C109,2,validation,0.00033739999980753055,0.00033739999980753055,2,0,0,0,20,2,0,0,0,0,0,0,0,0,0
C109,2,other,6.410000150935957e-05,6.410000150935957e-05,0,0,0,0,0,0,0,0,0,0,0,0,0,0,0
C201,0,construction,0.18809479999981704,0.18809479999981704,1,5244,145,5099,5344,1,100,0,0,5099,2293,0,0,0,0
C201,0,fleet_reduction,0.00018600000021251617,0.00018600000021251617,1,0,0,0,3,1,0,0,0,0,0,0,0,0,0
C201,0,perturbation,8.370000068680383e-05,0.03188580000005459,1,0,0,0,0,0,0,0,0,0,0,0,0,0,6
C201,0,repair,0.03180209999936778,0.03180209999936778,1,597,9,588,600,0,6,0,0,588,433,0,0,0,0
C201,0,local_search,0.27944680000018707,0.27944680000018707,1,1938,2,1936,6463,1,0,0,0,1936,1039,0,0,0,0
C201,0,ils_control,0.0004231999992043711,0.311755799999446,1,0,0,0,6,2,0,0,0,0,0,0,0,0,0
C201,0,validation,0.0003218000001652399,0.0003218000001652399,2,0,0,0,6,2,0,0,0,0,0,0,0,0,0
C201,0,other,5.470000087370863e-05,5.470000087370863e-05,0,0,0,0,0,0,0,0,0,0,0,0,0,0,0
C201,1,construction,0.19380799999999,0.19380799999999,1,5244,145,5099,5344,1,100,0,0,5099,2293,0,0,0,0
C201,1,fleet_reduction,0.00018230000023322646,0.00018230000023322646,1,0,0,0,3,1,0,0,0,0,0,0,0,0,0
C201,1,perturbation,8.470000011584489e-05,0.020937700000104087,1,0,0,0,0,0,0,0,0,0,0,0,0,0,4
C201,1,repair,0.020852999999988242,0.020852999999988242,1,402,7,395,405,0,4,0,0,395,199,0,0,0,0
C201,1,local_search,0.2846958000000086,0.2846958000000086,1,1914,2,1912,6405,1,0,0,0,1912,1021,0,0,0,0
C201,1,ils_control,0.00041570000030333176,0.306049200000416,1,0,0,0,6,2,0,0,0,0,0,0,0,0,0
C201,1,validation,0.000320099999953527,0.000320099999953527,2,0,0,0,6,2,0,0,0,0,0,0,0,0,0
C201,1,other,5.459999920276459e-05,5.459999920276459e-05,0,0,0,0,0,0,0,0,0,0,0,0,0,0,0
C201,2,construction,0.18880100000023958,0.18880100000023958,1,5244,145,5099,5344,1,100,0,0,5099,2293,0,0,0,0
C201,2,fleet_reduction,0.0003815000000031432,0.0003815000000031432,1,0,0,0,3,1,0,0,0,0,0,0,0,0,0
C201,2,perturbation,7.809999988239724e-05,0.015863399999943795,1,0,0,0,0,0,0,0,0,0,0,0,0,0,3
C201,2,repair,0.015785300000061397,0.015785300000061397,1,303,3,300,306,0,3,0,0,300,202,0,0,0,0
C201,2,local_search,0.29462210000019695,0.29462210000019695,1,2082,2,2080,6945,1,0,0,0,2080,1126,0,0,0,0
C201,2,ils_control,0.0004073999998581712,0.3108928999999989,1,0,0,0,6,2,0,0,0,0,0,0,0,0,0
C201,2,validation,0.0003121999998256797,0.0003121999998256797,2,0,0,0,6,2,0,0,0,0,0,0,0,0,0
C201,2,other,5.419999979494605e-05,5.419999979494605e-05,0,0,0,0,0,0,0,0,0,0,0,0,0,0,0
C202,0,construction,0.17622969999956695,0.17622969999956695,1,5244,739,4505,5344,1,100,0,0,4505,1667,0,0,0,0
C202,0,fleet_reduction,0.00017360000038024737,0.00017360000038024737,1,0,0,0,3,1,0,0,0,0,0,0,0,0,0
C202,0,perturbation,8.009999964997405e-05,0.02974649999941903,1,0,0,0,0,0,0,0,0,0,0,0,0,0,6
C202,0,repair,0.029666399999769055,0.029666399999769055,1,597,11,586,600,0,6,0,0,586,502,0,0,0,0
C202,0,local_search,0.2935650999997961,0.2935650999997961,1,2002,66,1936,6692,2,1,0,0,1936,1472,0,0,0,0
C202,0,ils_control,0.00041260000034526456,0.32372419999956037,1,0,0,0,6,2,0,0,0,0,0,0,0,0,0
C202,0,validation,0.0003167000004395959,0.0003167000004395959,2,0,0,0,6,2,0,0,0,0,0,0,0,0,0
C202,0,other,5.330000021785963e-05,5.330000021785963e-05,0,0,0,0,0,0,0,0,0,0,0,0,0,0,0
C202,1,construction,0.18972180000037042,0.18972180000037042,1,5244,739,4505,5344,1,100,0,0,4505,1667,0,0,0,0
C202,1,fleet_reduction,0.00018530000033933902,0.00018530000033933902,1,0,0,0,3,1,0,0,0,0,0,0,0,0,0
C202,1,perturbation,8.260000049631344e-05,0.020370100000036473,1,0,0,0,0,0,0,0,0,0,0,0,0,0,4
C202,1,repair,0.02028749999954016,0.02028749999954016,1,402,25,377,405,0,4,0,0,377,297,0,0,0,0
C202,1,local_search,0.28950869999971474,0.28950869999971474,1,1971,66,1905,6568,2,1,0,0,1905,1441,0,0,0,0
C202,1,ils_control,0.0004210999995848397,0.31029989999933605,1,0,0,0,6,2,0,0,0,0,0,0,0,0,0
C202,1,validation,0.0003251000007367111,0.0003251000007367111,2,0,0,0,6,2,0,0,0,0,0,0,0,0,0
C202,1,other,6.299999949987978e-05,6.299999949987978e-05,0,0,0,0,0,0,0,0,0,0,0,0,0,0,0
C202,2,construction,0.1820079999997688,0.1820079999997688,1,5244,739,4505,5344,1,100,0,0,4505,1667,0,0,0,0
C202,2,fleet_reduction,0.00019049999991693767,0.00019049999991693767,1,0,0,0,3,1,0,0,0,0,0,0,0,0,0
C202,2,perturbation,8.440000055998098e-05,0.015432400000463531,1,0,0,0,0,0,0,0,0,0,0,0,0,0,3
C202,2,repair,0.01534799999990355,0.01534799999990355,1,303,17,286,306,0,3,0,0,286,255,0,0,0,0
C202,2,local_search,0.3020477000000028,0.3020477000000028,1,2021,66,1955,6768,2,1,0,0,1955,1491,0,0,0,0
C202,2,ils_control,0.0004228999996485072,0.31790300000011484,1,0,0,0,6,2,0,0,0,0,0,0,0,0,0
C202,2,validation,0.0003296000004411326,0.0003296000004411326,2,0,0,0,6,2,0,0,0,0,0,0,0,0,0
C202,2,other,5.599999985861359e-05,5.599999985861359e-05,0,0,0,0,0,0,0,0,0,0,0,0,0,0,0
C203,0,construction,0.16886739999972633,0.16886739999972633,1,5235,1247,3988,5335,1,100,0,0,3988,908,0,0,0,0
C203,0,fleet_reduction,0.0007044000003588735,0.15621620000001712,1,0,0,0,13,3,0,0,0,0,0,0,1,0,0
C203,0,perturbation,7.920000007288763e-05,0.025506899999527377,1,0,0,0,0,0,0,0,0,0,0,0,0,0,6
C203,0,repair,0.18093949999911274,0.18093949999911274,2,5732,1836,3896,5738,0,103,3,0,3896,1227,0,0,0,0
C203,0,local_search,0.14908339999965392,0.14908339999965392,1,1107,78,1029,3688,2,1,0,35,1029,899,0,0,0,0
C203,0,ils_control,0.00040100000114762224,0.17499130000032892,1,0,0,0,6,2,0,0,0,0,0,0,0,0,0
C203,0,validation,0.0003080000005866168,0.0003080000005866168,2,0,0,0,7,2,0,0,0,0,0,0,0,0,0
C203,0,other,6.009999924572185e-05,6.009999924572185e-05,0,0,0,0,0,0,0,0,0,0,0,0,0,0,0
C203,1,construction,0.1733390999997937,0.1733390999997937,1,5235,1247,3988,5335,1,100,0,0,3988,908,0,0,0,0
C203,1,fleet_reduction,0.0007341000000451459,0.16773410000041622,1,0,0,0,13,3,0,0,0,0,0,0,1,0,0
C203,1,perturbation,0.00015969999913068023,0.04487969999900088,2,0,0,0,0,0,0,0,0,0,0,0,0,0,10
C203,1,repair,0.21172000000024127,0.21172000000024127,3,6237,1495,4742,6246,0,107,0,0,4742,1307,0,0,0,0
C203,1,local_search,0.11361999999917316,0.11361999999917316,2,820,18,802,2724,4,2,0,0,802,583,0,0,0,0
C203,1,ils_control,0.0006047000015314552,0.1591043999997055,1,0,0,0,9,3,0,0,0,0,0,0,0,0,0
C203,1,validation,0.00032049999936134554,0.00032049999936134554,2,0,0,0,7,2,0,0,0,0,0,0,0,0,0
C203,1,other,6.240000038815197e-05,6.240000038815197e-05,0,0,0,0,0,0,0,0,0,0,0,0,0,0,0
C203,2,construction,0.17325890000029176,0.17325890000029176,1,5235,1247,3988,5335,1,100,0,0,3988,908,0,0,0,0
C203,2,fleet_reduction,0.0007340000001931912,0.16048440000031405,1,0,0,0,13,3,0,0,0,0,0,0,1,0,0
C203,2,perturbation,7.90999993114383e-05,0.014193399999385292,1,0,0,0,0,0,0,0,0,0,0,0,0,0,3
C203,2,repair,0.17386470000019472,0.17386470000019472,2,5541,1575,3966,5547,0,100,0,0,3966,775,0,0,0,0
C203,2,local_search,0.1517121999995652,0.1517121999995652,1,1061,58,1003,3542,2,1,0,0,1003,669,0,0,0,0
C203,2,ils_control,0.0004152000010435586,0.16632079999999405,1,0,0,0,6,2,0,0,0,0,0,0,0,0,0
C203,2,validation,0.000318699999297678,0.000318699999297678,2,0,0,0,7,2,0,0,0,0,0,0,0,0,0
C203,2,other,6.240000038815197e-05,6.240000038815197e-05,0,0,0,0,0,0,0,0,0,0,0,0,0,0,0
C204,0,construction,0.18798969999988913,0.18798969999988913,1,5186,1201,3985,5286,1,100,0,0,3985,2705,0,0,0,0
C204,0,fleet_reduction,0.0007112000002962304,0.16327670000009675,1,0,0,0,13,3,0,0,0,0,0,0,1,0,0
C204,0,perturbation,8.230000003095483e-05,0.026195800000095915,1,0,0,0,0,0,0,0,0,0,0,0,0,0,6
C204,0,repair,0.18867899999986548,0.18867899999986548,2,5835,1618,4217,5841,0,103,0,0,4217,2157,0,0,0,0
C204,0,local_search,0.1223320999997668,0.1223320999997668,1,884,55,829,2958,2,1,0,0,829,799,0,0,0,0
C204,0,ils_control,0.0003942000003007706,0.14892210000016348,1,0,0,0,6,2,0,0,0,0,0,0,0,0,0
C204,0,validation,0.0003189000008205767,0.0003189000008205767,2,0,0,0,7,2,0,0,0,0,0,0,0,0,0
C204,0,other,6.089999897085363e-05,6.089999897085363e-05,0,0,0,0,0,0,0,0,0,0,0,0,0,0,0
C204,1,construction,0.18210779999935767,0.18210779999935767,1,5186,1201,3985,5286,1,100,0,0,3985,2705,0,0,0,0
C204,1,fleet_reduction,0.0006910999991305289,0.14936679999937041,1,0,0,0,13,3,0,0,0,0,0,0,1,0,0
C204,1,perturbation,7.659999937459361e-05,0.01726929999949789,1,0,0,0,0,0,0,0,0,0,0,0,0,0,4
C204,1,repair,0.16586840000036318,0.16586840000036318,2,5604,2122,3482,5610,0,101,1,0,3482,904,0,0,0,0
C204,1,local_search,0.150914400000147,0.150914400000147,1,1132,13,1119,3741,1,0,0,0,1119,855,0,0,0,0
C204,1,ils_control,0.00039760000072419643,0.16858130000036908,1,0,0,0,6,2,0,0,0,0,0,0,0,0,0
C204,1,validation,0.0003063000003749039,0.0003063000003749039,2,0,0,0,7,2,0,0,0,0,0,0,0,0,0
C204,1,other,6.130000019766157e-05,6.130000019766157e-05,0,0,0,0,0,0,0,0,0,0,0,0,0,0,0
C204,2,construction,0.18153329999950074,0.18153329999950074,1,5186,1201,3985,5286,1,100,0,0,3985,2705,0,0,0,0
C204,2,fleet_reduction,0.0009168999995381455,0.15343289999964327,1,0,0,0,13,3,0,0,0,0,0,0,1,0,0
C204,2,perturbation,7.800000093993731e-05,0.012819600000511855,1,0,0,0,0,0,0,0,0,0,0,0,0,0,3
C204,2,repair,0.16525759999967704,0.16525759999967704,2,5541,2239,3302,5547,0,100,0,0,3302,592,0,0,0,0
C204,2,local_search,0.15188340000077005,0.15188340000077005,1,1131,88,1043,3761,1,0,0,0,1043,972,0,0,0,0
C204,2,ils_control,0.0003954999992856756,0.16509850000056758,1,0,0,0,6,2,0,0,0,0,0,0,0,0,0
C204,2,validation,0.0003057999992961413,0.0003057999992961413,2,0,0,0,7,2,0,0,0,0,0,0,0,0,0
C204,2,other,6.040000153006986e-05,6.040000153006986e-05,0,0,0,0,0,0,0,0,0,0,0,0,0,0,0
C205,0,construction,0.16713960000015504,0.16713960000015504,1,5316,329,4987,5416,1,100,0,0,4987,1946,0,0,0,0
C205,0,fleet_reduction,0.0007176000008257688,0.1878167000004396,1,0,0,0,13,3,0,0,0,0,0,0,1,0,0
C205,0,perturbation,8.86999996509985e-05,0.031065099999977974,1,0,0,0,0,0,0,0,0,0,0,0,0,0,6
C205,0,repair,0.2180754999999408,0.2180754999999408,2,5835,383,5452,5841,0,103,0,0,5452,2593,0,0,0,0
C205,0,local_search,0.11370230000011361,0.11370230000011361,1,788,12,776,2624,2,1,0,0,776,398,0,0,0,0
C205,0,ils_control,0.00040249999983643647,0.14516989999992802,1,0,0,0,6,2,0,0,0,0,0,0,0,0,0
C205,0,validation,0.00031039999976201216,0.00031039999976201216,2,0,0,0,7,2,0,0,0,0,0,0,0,0,0
C205,0,other,6.289999964792514e-05,6.289999964792514e-05,0,0,0,0,0,0,0,0,0,0,0,0,0,0,0
C205,1,construction,0.1731941000007282,0.1731941000007282,1,5316,329,4987,5416,1,100,0,0,4987,1946,0,0,0,0
C205,1,fleet_reduction,0.0007162000001699198,0.18982469999991736,1,0,0,0,13,3,0,0,0,0,0,0,1,0,0
C205,1,perturbation,7.970000024215551e-05,0.022374700000000303,1,0,0,0,0,0,0,0,0,0,0,0,0,0,4
C205,1,repair,0.21140349999950558,0.21140349999950558,2,5640,278,5362,5646,0,101,0,0,5362,2499,0,0,0,0
C205,1,local_search,0.11433889999989333,0.11433889999989333,1,810,27,783,2668,2,1,0,0,783,513,0,0,0,0
C205,1,ils_control,0.00040949999947770266,0.13712309999937133,1,0,0,0,6,2,0,0,0,0,0,0,0,0,0
C205,1,validation,0.0003171999996993691,0.0003171999996993691,2,0,0,0,7,2,0,0,0,0,0,0,0,0,0
C205,1,other,6.280000070546521e-05,6.280000070546521e-05,0,0,0,0,0,0,0,0,0,0,0,0,0,0,0
C205,2,construction,0.17192319999958272,0.17192319999958272,1,5316,329,4987,5416,1,100,0,0,4987,1946,0,0,0,0
C205,2,fleet_reduction,0.0007341000000451459,0.19308249999994587,1,0,0,0,13,3,0,0,0,0,0,0,1,0,0
C205,2,perturbation,0.00014519999967887998,0.040570799999841256,2,0,0,0,0,0,0,0,0,0,0,0,0,0,8
C205,2,repair,0.2327740000000631,0.2327740000000631,3,6041,472,5569,6050,0,105,0,0,5569,2575,0,0,0,0
C205,2,local_search,0.09399369999937335,0.09399369999937335,2,670,20,650,2234,4,2,0,0,650,218,0,0,0,0
C205,2,ils_control,0.0005810000011479133,0.13514550000036252,1,0,0,0,9,3,0,0,0,0,0,0,0,0,0
C205,2,validation,0.00031519999993179226,0.00031519999993179226,2,0,0,0,7,2,0,0,0,0,0,0,0,0,0
C205,2,other,6.429999939427944e-05,6.429999939427944e-05,0,0,0,0,0,0,0,0,0,0,0,0,0,0,0
C206,0,construction,0.18054399999982707,0.18054399999982707,1,5253,307,4946,5353,1,100,0,0,4946,2039,0,0,0,0
C206,0,fleet_reduction,0.0008991999993668287,0.27963759999965987,1,0,0,0,16,3,0,0,0,0,0,0,2,1,0
C206,0,perturbation,9.4600000011269e-05,0.028134700000009616,1,0,0,0,0,0,0,0,0,0,0,0,0,0,6
C206,0,repair,0.3067785000002914,0.3067785000002914,3,9223,1013,8210,9232,0,179,0,0,8210,3056,0,0,1,0
C206,0,local_search,0.011303499999485211,0.011303499999485211,1,85,5,80,279,1,0,0,0,80,43,0,0,0,0
C206,0,ils_control,0.00039170000036392594,0.03982989999985875,1,0,0,0,6,2,0,0,0,0,0,0,0,0,0
C206,0,validation,0.00030359999982465524,0.00030359999982465524,2,0,0,0,7,2,0,0,0,0,0,0,0,0,0
C206,0,other,6.010000106471125e-05,6.010000106471125e-05,0,0,0,0,0,0,0,0,0,0,0,0,0,0,0
C206,1,construction,0.18963960000019142,0.18963960000019142,1,5253,307,4946,5353,1,100,0,0,4946,2039,0,0,0,0
C206,1,fleet_reduction,0.000915099999474478,0.1919873999995616,1,0,0,0,13,3,0,0,0,0,0,0,1,0,0
C206,1,perturbation,7.9100000220933e-05,0.02020159999938187,1,0,0,0,0,0,0,0,0,0,0,0,0,0,4
C206,1,repair,0.21119479999924806,0.21119479999924806,2,5640,655,4985,5646,0,101,0,0,4985,2459,0,0,0,0
C206,1,local_search,0.09783469999911176,0.09783469999911176,1,679,26,653,2248,2,1,0,0,653,571,0,0,0,0
C206,1,ils_control,0.0004127000020162086,0.11844900000050984,1,0,0,0,6,2,0,0,0,0,0,0,0,0,0
C206,1,validation,0.00032360000022890745,0.00032360000022890745,2,0,0,0,7,2,0,0,0,0,0,0,0,0,0
C206,1,other,6.129999928816687e-05,6.129999928816687e-05,0,0,0,0,0,0,0,0,0,0,0,0,0,0,0
C206,2,construction,0.18669510000017908,0.18669510000017908,1,5253,307,4946,5353,1,100,0,0,4946,2039,0,0,0,0
C206,2,fleet_reduction,0.0007395000002361485,0.19036070000038308,1,0,0,0,13,3,0,0,0,0,0,0,1,0,0
C206,2,perturbation,0.00013339999986783369,0.037807900000188965,2,0,0,0,0,0,0,0,0,0,0,0,0,0,8
C206,2,repair,0.22729570000046806,0.22729570000046806,3,6041,678,5363,6050,0,105,0,0,5363,2574,0,0,0,0
C206,2,local_search,0.0846425999998246,0.0846425999998246,2,621,24,597,2085,5,3,0,0,597,350,0,0,0,0
C206,2,ils_control,0.0005484000002979883,0.12299890000031155,1,0,0,0,9,3,0,0,0,0,0,0,0,0,0
C206,2,validation,0.00031880000005912734,0.00031880000005912734,2,0,0,0,7,2,0,0,0,0,0,0,0,0,0
C206,2,other,5.93999993725447e-05,5.93999993725447e-05,0,0,0,0,0,0,0,0,0,0,0,0,0,0,0
C207,0,construction,0.18414490000031947,0.18414490000031947,1,5235,353,4882,5335,1,100,0,0,4882,2027,0,0,0,0
C207,0,fleet_reduction,0.0007198999992397148,0.18975090000003547,1,0,0,0,13,3,0,0,0,0,0,0,1,0,0
C207,0,perturbation,0.00015720000101282494,0.05330950000006851,2,0,0,0,0,0,0,0,0,0,0,0,0,0,11
C207,0,repair,0.24218329999985144,0.24218329999985144,3,6335,635,5700,6344,0,108,0,0,5700,2700,0,0,0,0
C207,0,local_search,0.07224099999984901,0.07224099999984901,2,517,35,482,1736,4,2,0,0,482,339,0,0,0,0
C207,0,ils_control,0.0005804000002171961,0.12613090000013472,1,0,0,0,9,3,0,0,0,0,0,0,0,0,0
C207,0,validation,0.00030950000018492574,0.00030950000018492574,2,0,0,0,7,2,0,0,0,0,0,0,0,0,0
C207,0,other,5.829999918205431e-05,5.829999918205431e-05,0,0,0,0,0,0,0,0,0,0,0,0,0,0,0
C207,1,construction,0.18433790000017325,0.18433790000017325,1,5235,353,4882,5335,1,100,0,0,4882,2027,0,0,0,0
C207,1,fleet_reduction,0.0007081000003381632,0.18134629999985918,1,0,0,0,13,3,0,0,0,0,0,0,1,0,0
C207,1,perturbation,0.0001467000010961783,0.04718330000014248,2,0,0,0,0,0,0,0,0,0,0,0,0,0,10
C207,1,repair,0.22767479999856732,0.22767479999856732,3,6202,749,5453,6211,0,107,1,0,5453,2638,0,0,0,0
C207,1,local_search,0.08665770000061457,0.08665770000061457,2,627,12,615,2082,4,2,0,0,615,349,0,0,0,0
C207,1,ils_control,0.0005692999993698322,0.13441030000012688,1,0,0,0,9,3,0,0,0,0,0,0,0,0,0
C207,1,validation,0.00031209999997372506,0.00031209999997372506,2,0,0,0,7,2,0,0,0,0,0,0,0,0,0
C207,1,other,6.149999990157085e-05,6.149999990157085e-05,0,0,0,0,0,0,0,0,0,0,0,0,0,0,0
C207,2,construction,0.19211649999942892,0.19211649999942892,1,5235,353,4882,5335,1,100,0,0,4882,2027,0,0,0,0
C207,2,fleet_reduction,0.0009509000001344248,0.18640959999993356,1,0,0,0,13,3,0,0,0,0,0,0,1,0,0
C207,2,perturbation,0.00015950000033626566,0.03676940000059403,2,0,0,0,0,0,0,0,0,0,0,0,0,0,8
C207,2,repair,0.2220686000000569,0.2220686000000569,3,6041,961,5080,6050,0,105,0,0,5080,2371,0,0,0,0
C207,2,local_search,0.08401799999955983,0.08401799999955983,2,623,29,594,2074,4,2,0,0,594,372,0,0,0,0
C207,2,ils_control,0.0005578999998760992,0.12134530000002997,1,0,0,0,9,3,0,0,0,0,0,0,0,0,0
C207,2,validation,0.0004360000002634479,0.0004360000002634479,2,0,0,0,7,2,0,0,0,0,0,0,0,0,0
C207,2,other,6.410000059986487e-05,6.410000059986487e-05,0,0,0,0,0,0,0,0,0,0,0,0,0,0,0
C208,0,construction,0.1865473000007114,0.1865473000007114,1,5231,370,4861,5331,1,100,0,0,4861,2060,0,0,0,0
C208,0,fleet_reduction,0.000892000000931148,0.36434250000002066,1,0,0,0,16,3,0,0,0,0,0,0,2,1,0
C208,0,perturbation,0,0,0,0,0,0,0,0,0,0,0,0,0,0,0,0,0
C208,0,repair,0.3634504999990895,0.3634504999990895,2,10374,1899,8475,10380,0,192,0,0,8475,3846,0,0,1,0
C208,0,local_search,0,0,0,0,0,0,0,0,0,0,0,0,0,0,0,0,0
C208,0,ils_control,0.00018369999997958075,0.00018369999997958075,1,0,0,0,3,1,0,0,0,0,0,0,0,0,0
C208,0,validation,0.0003130000004603062,0.0003130000004603062,2,0,0,0,7,2,0,0,0,0,0,0,0,0,0
C208,0,other,5.849999888596358e-05,5.849999888596358e-05,0,0,0,0,0,0,0,0,0,0,0,0,0,0,0
C208,1,construction,0.1990009999999529,0.1990009999999529,1,5231,370,4861,5331,1,100,0,0,4861,2060,0,0,0,0
C208,1,fleet_reduction,0.000605100000029779,0.3713919000001624,1,0,0,0,10,1,0,0,0,0,0,0,2,2,0
C208,1,perturbation,0,0,0,0,0,0,0,0,0,0,0,0,0,0,0,0,0
C208,1,repair,0.37078680000013264,0.37078680000013264,2,10171,1397,8774,10177,0,189,0,0,8774,3724,0,0,2,0
C208,1,local_search,0,0,0,0,0,0,0,0,0,0,0,0,0,0,0,0,0
C208,1,ils_control,0.00022249999983614543,0.00022249999983614543,1,0,0,0,4,1,0,0,0,0,0,0,0,0,0
C208,1,validation,0.000331700000060664,0.000331700000060664,2,0,0,0,8,2,0,0,0,0,0,0,0,0,0
C208,1,other,5.890000011277152e-05,5.890000011277152e-05,0,0,0,0,0,0,0,0,0,0,0,0,0,0,0
C208,2,construction,0.18912000000000262,0.18912000000000262,1,5231,370,4861,5331,1,100,0,0,4861,2060,0,0,0,0
C208,2,fleet_reduction,0.0007149000002755201,0.18208690000028582,1,0,0,0,13,3,0,0,0,0,0,0,1,0,0
C208,2,perturbation,0.00017450000086682849,0.03729070000008505,2,0,0,0,0,0,0,0,0,0,0,0,0,0,8
C208,2,repair,0.21848819999922853,0.21848819999922853,3,6041,1224,4817,6050,0,105,0,0,4817,2304,0,0,0,0
C208,2,local_search,0.09725380000054429,0.09725380000054429,2,718,49,669,2414,4,2,0,0,669,298,0,0,0,0
C208,2,ils_control,0.0005666999995810329,0.13511120000021037,1,0,0,0,9,3,0,0,0,0,0,0,0,0,0
C208,2,validation,0.000320099999953527,0.000320099999953527,2,0,0,0,7,2,0,0,0,0,0,0,0,0,0
C208,2,other,5.79999996261904e-05,5.79999996261904e-05,0,0,0,0,0,0,0,0,0,0,0,0,0,0,0
R101,0,construction,0.061868899999353744,0.061868899999353744,1,6754,444,6310,6854,1,100,0,0,6310,2604,0,0,0,0
R101,0,fleet_reduction,0.030891900002643524,0.4637387000002491,1,0,0,0,404,3,0,0,0,0,0,0,16,15,0
R101,0,perturbation,0,0,0,0,0,0,0,0,0,0,0,0,0,0,0,0,0
R101,0,repair,0.43284679999760556,0.43284679999760556,16,52544,5117,47427,52881,0,753,0,0,47427,14845,0,0,15,0
R101,0,local_search,0,0,0,0,0,0,0,0,0,0,0,0,0,0,0,0,0
R101,0,ils_control,0.00025430000005144393,0.00025430000005144393,1,0,0,0,22,1,0,0,0,0,0,0,0,0,0
R101,0,validation,0.00038330000097630545,0.00038330000097630545,2,0,0,0,45,2,0,0,0,0,0,0,0,0,0
R101,0,other,5.599999894911889e-05,5.599999894911889e-05,0,0,0,0,0,0,0,0,0,0,0,0,0,0,0
R101,1,construction,0.05891859999974258,0.05891859999974258,1,6754,444,6310,6854,1,100,0,0,6310,2604,0,0,0,0
R101,1,fleet_reduction,0.0321083999979237,0.4975389000001087,1,0,0,0,455,5,0,0,0,0,0,0,16,14,0
R101,1,perturbation,0,0,0,0,0,0,0,0,0,0,0,0,0,0,0,0,0
R101,1,repair,0.465430500002185,0.465430500002185,16,57412,5566,51846,57758,0,799,0,0,51846,16507,0,0,14,0
R101,1,local_search,0,0,0,0,0,0,0,0,0,0,0,0,0,0,0,0,0
R101,1,ils_control,0.00021920000017416896,0.00021920000017416896,1,0,0,0,21,1,0,0,0,0,0,0,0,0,0
R101,1,validation,0.0003697000001920969,0.0003697000001920969,2,0,0,0,44,2,0,0,0,0,0,0,0,0,0
R101,1,other,5.929999952059006e-05,5.929999952059006e-05,0,0,0,0,0,0,0,0,0,0,0,0,0,0,0
R101,2,construction,0.06178099999942788,0.06178099999942788,1,6754,444,6310,6854,1,100,0,0,6310,2604,0,0,0,0
R101,2,fleet_reduction,0.02707750000172382,0.44597630000043864,1,0,0,0,349,3,0,0,0,0,0,0,13,12,0
R101,2,perturbation,0,0,0,0,0,0,0,0,0,0,0,0,0,0,0,0,0
R101,2,repair,0.4188987999987148,0.4188987999987148,13,48912,4687,44225,49194,0,672,0,0,44225,14614,0,0,12,0
R101,2,local_search,0,0,0,0,0,0,0,0,0,0,0,0,0,0,0,0,0
R101,2,ils_control,0.0002563999996709754,0.0002563999996709754,1,0,0,0,22,1,0,0,0,0,0,0,0,0,0
R101,2,validation,0.00038020000010874355,0.00038020000010874355,2,0,0,0,45,2,0,0,0,0,0,0,0,0,0
R101,2,other,5.540000074688578e-05,5.540000074688578e-05,0,0,0,0,0,0,0,0,0,0,0,0,0,0,0
R102,0,construction,0.06607369999983348,0.06607369999983348,1,6571,947,5624,6671,1,100,0,30,5621,2962,0,0,0,0
R102,0,fleet_reduction,0.024719200002436992,0.45489160000033735,1,0,0,0,340,3,0,0,0,0,0,0,15,14,0
R102,0,perturbation,0,0,0,0,0,0,0,0,0,0,0,0,0,0,0,0,0
R102,0,repair,0.43017239999790036,0.43017239999790036,15,49142,10786,38356,49424,0,752,0,0,38356,14953,0,0,14,0
R102,0,local_search,0,0,0,0,0,0,0,0,0,0,0,0,0,0,0,0,0
R102,0,ils_control,0.00023999999939405825,0.00023999999939405825,1,0,0,0,19,1,0,0,0,0,0,0,0,0,0
R102,0,validation,0.0003764000002774992,0.0003764000002774992,2,0,0,0,39,2,0,0,0,0,0,0,0,0,0
R102,0,other,5.560000045079505e-05,5.560000045079505e-05,0,0,0,0,0,0,0,0,0,0,0,0,0,0,0
R102,1,construction,0.06578650000028574,0.06578650000028574,1,6571,947,5624,6671,1,100,0,30,5621,2962,0,0,0,0
R102,1,fleet_reduction,0.02623180000045977,0.45102809999934834,1,0,0,0,354,3,0,0,0,0,0,0,16,15,0
R102,1,perturbation,0,0,0,0,0,0,0,0,0,0,0,0,0,0,0,0,0
R102,1,repair,0.42479629999888857,0.42479629999888857,16,48552,10850,37702,48848,0,758,1,0,37702,15132,0,0,15,0
R102,1,local_search,0,0,0,0,0,0,0,0,0,0,0,0,0,0,0,0,0
R102,1,ils_control,0.0002570999995441525,0.0002570999995441525,1,0,0,0,19,1,0,0,0,0,0,0,0,0,0
R102,1,validation,0.0003786999996009399,0.0003786999996009399,2,0,0,0,39,2,0,0,0,0,0,0,0,0,0
R102,1,other,5.570000121224439e-05,5.570000121224439e-05,0,0,0,0,0,0,0,0,0,0,0,0,0,0,0
R102,2,construction,0.06350259999999253,0.06350259999999253,1,6571,947,5624,6671,1,100,0,30,5621,2962,0,0,0,0
R102,2,fleet_reduction,0.026278400001501723,0.4535891999994419,1,0,0,0,366,3,0,0,0,0,0,0,17,16,0
R102,2,perturbation,0,0,0,0,0,0,0,0,0,0,0,0,0,0,0,0,0
R102,2,repair,0.4273107999979402,0.4273107999979402,17,48975,10602,38373,49283,0,775,0,0,38373,14618,0,0,16,0
R102,2,local_search,0,0,0,0,0,0,0,0,0,0,0,0,0,0,0,0,0
R102,2,ils_control,0.0002474000002621324,0.0002474000002621324,1,0,0,0,19,1,0,0,0,0,0,0,0,0,0
R102,2,validation,0.00036240000008547213,0.00036240000008547213,2,0,0,0,39,2,0,0,0,0,0,0,0,0,0
R102,2,other,5.1700000767596066e-05,5.1700000767596066e-05,0,0,0,0,0,0,0,0,0,0,0,0,0,0,0
R103,0,construction,0.07082509999963804,0.07082509999963804,1,6171,767,5404,6271,1,100,0,78,5399,3733,0,0,0,0
R103,0,fleet_reduction,0.019153199998982018,0.45117540000046574,1,0,0,0,300,1,0,0,0,0,0,0,22,22,0
R103,0,perturbation,0,0,0,0,0,0,0,0,0,0,0,0,0,0,0,0,0
R103,0,repair,0.4320222000014837,0.4320222000014837,22,47145,15231,31914,47431,0,930,57,0,31914,16286,0,0,22,0
R103,0,local_search,0,0,0,0,0,0,0,0,0,0,0,0,0,0,0,0,0
R103,0,ils_control,0.00022340000032272656,0.00022340000032272656,1,0,0,0,14,1,0,0,0,0,0,0,0,0,0
R103,0,validation,0.0003375999995114398,0.0003375999995114398,2,0,0,0,28,2,0,0,0,0,0,0,0,0,0
R103,0,other,5.160000000614673e-05,5.160000000614673e-05,0,0,0,0,0,0,0,0,0,0,0,0,0,0,0
R103,1,construction,0.07144549999975425,0.07144549999975425,1,6171,767,5404,6271,1,100,0,78,5399,3733,0,0,0,0
R103,1,fleet_reduction,0.019823200001155783,0.43894899999941117,1,0,0,0,300,1,0,0,0,0,0,0,22,22,0
R103,1,perturbation,0,0,0,0,0,0,0,0,0,0,0,0,0,0,0,0,0
R103,1,repair,0.4191257999982554,0.4191257999982554,22,45599,15228,30371,45885,0,914,69,0,30371,15042,0,0,22,0
R103,1,local_search,0,0,0,0,0,0,0,0,0,0,0,0,0,0,0,0,0
R103,1,ils_control,0.00022759999956178945,0.00022759999956178945,1,0,0,0,14,1,0,0,0,0,0,0,0,0,0
R103,1,validation,0.00034050000067509245,0.00034050000067509245,2,0,0,0,28,2,0,0,0,0,0,0,0,0,0
R103,1,other,5.03999999637017e-05,5.03999999637017e-05,0,0,0,0,0,0,0,0,0,0,0,0,0,0,0
R103,2,construction,0.07350899999983085,0.07350899999983085,1,6171,767,5404,6271,1,100,0,78,5399,3733,0,0,0,0
R103,2,fleet_reduction,0.02141269999992801,0.4296704000007594,1,0,0,0,287,1,0,0,0,0,0,0,21,21,0
R103,2,perturbation,0,0,0,0,0,0,0,0,0,0,0,0,0,0,0,0,0
R103,2,repair,0.4082577000008314,0.4082577000008314,21,42926,13626,29300,43199,0,861,48,0,29300,14224,0,0,21,0
R103,2,local_search,0,0,0,0,0,0,0,0,0,0,0,0,0,0,0,0,0
R103,2,ils_control,0.00022600000011152588,0.00022600000011152588,1,0,0,0,14,1,0,0,0,0,0,0,0,0,0
R103,2,validation,0.00034729999970295466,0.00034729999970295466,2,0,0,0,28,2,0,0,0,0,0,0,0,0,0
R103,2,other,5.169999894860666e-05,5.169999894860666e-05,0,0,0,0,0,0,0,0,0,0,0,0,0,0,0
R104,0,construction,0.09386929999982385,0.09386929999982385,1,5845,489,5356,5945,1,100,0,157,5356,4837,0,0,0,0
R104,0,fleet_reduction,0.006261099999392172,0.43379430000004504,1,0,0,0,109,3,0,0,0,0,0,0,7,6,0
R104,0,perturbation,0,0,0,0,0,0,0,0,0,0,0,0,0,0,0,0,0
R104,0,repair,0.42753320000065287,0.42753320000065287,7,31557,7692,23865,31632,0,529,49,0,23865,20607,0,0,6,0
R104,0,local_search,0,0,0,0,0,0,0,0,0,0,0,0,0,0,0,0,0
R104,0,ils_control,0.00024279999979626155,0.00024279999979626155,1,0,0,0,11,1,0,0,0,0,0,0,0,0,0
R104,0,validation,0.00035799999932351056,0.00035799999932351056,2,0,0,0,23,2,0,0,0,0,0,0,0,0,0
R104,0,other,6.600000142498175e-05,6.600000142498175e-05,0,0,0,0,0,0,0,0,0,0,0,0,0,0,0
R104,1,construction,0.08589209999990999,0.08589209999990999,1,5845,489,5356,5945,1,100,0,157,5356,4837,0,0,0,0
R104,1,fleet_reduction,0.006291199998486263,0.43461200000001554,1,0,0,0,115,3,0,0,0,0,0,0,8,7,0
R104,1,perturbation,0,0,0,0,0,0,0,0,0,0,0,0,0,0,0,0,0
R104,1,repair,0.4283208000015293,0.4283208000015293,8,33854,9262,24592,33935,0,591,64,0,24592,20776,0,0,7,0
R104,1,local_search,0,0,0,0,0,0,0,0,0,0,0,0,0,0,0,0,0
R104,1,ils_control,0.00024560000019846484,0.00024560000019846484,1,0,0,0,11,1,0,0,0,0,0,0,0,0,0
R104,1,validation,0.0003754999997909181,0.0003754999997909181,2,0,0,0,23,2,0,0,0,0,0,0,0,0,0
R104,1,other,5.8200000239594374e-05,5.8200000239594374e-05,0,0,0,0,0,0,0,0,0,0,0,0,0,0,0
R104,2,construction,0.07969210000010207,0.07969210000010207,1,5845,489,5356,5945,1,100,0,157,5356,4837,0,0,0,0
R104,2,fleet_reduction,0.005957299998954113,0.4215329999997266,1,0,0,0,115,3,0,0,0,0,0,0,8,7,0
R104,2,perturbation,0,0,0,0,0,0,0,0,0,0,0,0,0,0,0,0,0
R104,2,repair,0.4155757000007725,0.4155757000007725,8,33356,8331,25025,33437,0,582,38,0,25025,20773,0,0,7,0
R104,2,local_search,0,0,0,0,0,0,0,0,0,0,0,0,0,0,0,0,0
R104,2,ils_control,0.0002297000000908156,0.0002297000000908156,1,0,0,0,11,1,0,0,0,0,0,0,0,0,0
R104,2,validation,0.000335599999743863,0.000335599999743863,2,0,0,0,23,2,0,0,0,0,0,0,0,0,0
R104,2,other,5.690000034519471e-05,5.690000034519471e-05,0,0,0,0,0,0,0,0,0,0,0,0,0,0,0
R105,0,construction,0.06516210000063438,0.06516210000063438,1,6359,384,5975,6459,1,100,0,0,5975,2752,0,0,0,0
R105,0,fleet_reduction,0.017080599998735124,0.4669384999997419,1,0,0,0,261,3,0,0,0,0,0,0,13,12,0
R105,0,perturbation,0,0,0,0,0,0,0,0,0,0,0,0,0,0,0,0,0
R105,0,repair,0.4498579000010068,0.4498579000010068,13,46689,5271,41418,46898,0,740,0,0,41418,15570,0,0,12,0
R105,0,local_search,0,0,0,0,0,0,0,0,0,0,0,0,0,0,0,0,0
R105,0,ils_control,0.0002334000000701053,0.0002334000000701053,1,0,0,0,17,1,0,0,0,0,0,0,0,0,0
R105,0,validation,0.00035519999983080197,0.00035519999983080197,2,0,0,0,35,2,0,0,0,0,0,0,0,0,0
R105,0,other,5.289999990054639e-05,5.289999990054639e-05,0,0,0,0,0,0,0,0,0,0,0,0,0,0,0
R105,1,construction,0.06539379999958328,0.06539379999958328,1,6359,384,5975,6459,1,100,0,0,5975,2752,0,0,0,0
R105,1,fleet_reduction,0.018406399998639245,0.435435200000029,1,0,0,0,277,3,0,0,0,0,0,0,14,13,0
R105,1,perturbation,0,0,0,0,0,0,0,0,0,0,0,0,0,0,0,0,0
R105,1,repair,0.41702880000138975,0.41702880000138975,14,44758,5337,39421,44983,0,733,0,0,39421,13153,0,0,13,0
R105,1,local_search,0,0,0,0,0,0,0,0,0,0,0,0,0,0,0,0,0
R105,1,ils_control,0.0002632999994602869,0.0002632999994602869,1,0,0,0,17,1,0,0,0,0,0,0,0,0,0
R105,1,validation,0.00035970000044471817,0.00035970000044471817,2,0,0,0,35,2,0,0,0,0,0,0,0,0,0
R105,1,other,5.760000021837186e-05,5.760000021837186e-05,0,0,0,0,0,0,0,0,0,0,0,0,0,0,0
R105,2,construction,0.0676008999998885,0.0676008999998885,1,6359,384,5975,6459,1,100,0,0,5975,2752,0,0,0,0
R105,2,fleet_reduction,0.018217499999082065,0.45124070000019856,1,0,0,0,278,3,0,0,0,0,0,0,14,13,0
R105,2,perturbation,0,0,0,0,0,0,0,0,0,0,0,0,0,0,0,0,0
R105,2,repair,0.4330232000011165,0.4330232000011165,14,45639,5266,40373,45865,0,738,0,0,40373,14298,0,0,13,0
R105,2,local_search,0,0,0,0,0,0,0,0,0,0,0,0,0,0,0,0,0
R105,2,ils_control,0.00023160000000643777,0.00023160000000643777,1,0,0,0,17,1,0,0,0,0,0,0,0,0,0
R105,2,validation,0.0003645999995569582,0.0003645999995569582,2,0,0,0,35,2,0,0,0,0,0,0,0,0,0
R105,2,other,5.3900000239082146e-05,5.3900000239082146e-05,0,0,0,0,0,0,0,0,0,0,0,0,0,0,0
R106,0,construction,0.06664519999958429,0.06664519999958429,1,6269,643,5626,6369,1,100,0,22,5625,3092,0,0,0,0
R106,0,fleet_reduction,0.013945499998044397,0.44582680000075925,1,0,0,0,250,5,0,0,0,0,0,0,13,11,0
R106,0,perturbation,0,0,0,0,0,0,0,0,0,0,0,0,0,0,0,0,0
R106,0,repair,0.43188130000271485,0.43188130000271485,13,42496,8394,34102,42672,0,730,31,0,34102,17846,0,0,11,0
R106,0,local_search,0,0,0,0,0,0,0,0,0,0,0,0,0,0,0,0,0
R106,0,ils_control,0.00023409999994328246,0.00023409999994328246,1,0,0,0,14,1,0,0,0,0,0,0,0,0,0
R106,0,validation,0.00035260000004200265,0.00035260000004200265,2,0,0,0,30,2,0,0,0,0,0,0,0,0,0
R106,0,other,5.4799999816168565e-05,5.4799999816168565e-05,0,0,0,0,0,0,0,0,0,0,0,0,0,0,0
R106,1,construction,0.06923280000046361,0.06923280000046361,1,6269,643,5626,6369,1,100,0,22,5625,3092,0,0,0,0
R106,1,fleet_reduction,0.015962100002070656,0.4342922000005274,1,0,0,0,243,3,0,0,0,0,0,0,14,13,0
R106,1,perturbation,0,0,0,0,0,0,0,0,0,0,0,0,0,0,0,0,0
R106,1,repair,0.4183300999984567,0.4183300999984567,14,42927,8709,34218,43124,0,749,36,0,34218,15709,0,0,13,0
R106,1,local_search,0,0,0,0,0,0,0,0,0,0,0,0,0,0,0,0,0
R106,1,ils_control,0.0002447000006213784,0.0002447000006213784,1,0,0,0,15,1,0,0,0,0,0,0,0,0,0
R106,1,validation,0.0003493000003800262,0.0003493000003800262,2,0,0,0,31,2,0,0,0,0,0,0,0,0,0
R106,1,other,5.529999816644704e-05,5.529999816644704e-05,0,0,0,0,0,0,0,0,0,0,0,0,0,0,0
R106,2,construction,0.07107170000017504,0.07107170000017504,1,6269,643,5626,6369,1,100,0,22,5625,3092,0,0,0,0
R106,2,fleet_reduction,0.013630499999635504,0.4457929000000149,1,0,0,0,250,5,0,0,0,0,0,0,13,11,0
R106,2,perturbation,0,0,0,0,0,0,0,0,0,0,0,0,0,0,0,0,0
R106,2,repair,0.4321624000003794,0.4321624000003794,13,41830,7921,33909,42006,0,723,11,0,33909,17094,0,0,11,0
R106,2,local_search,0,0,0,0,0,0,0,0,0,0,0,0,0,0,0,0,0
R106,2,ils_control,0.00022910000006959308,0.00022910000006959308,1,0,0,0,14,1,0,0,0,0,0,0,0,0,0
R106,2,validation,0.00035429999934422085,0.00035429999934422085,2,0,0,0,30,2,0,0,0,0,0,0,0,0,0
R106,2,other,5.850000070495298e-05,5.850000070495298e-05,0,0,0,0,0,0,0,0,0,0,0,0,0,0,0
R107,0,construction,0.07472200000029261,0.07472200000029261,1,5963,400,5563,6063,1,100,0,12,5561,4492,0,0,0,0
R107,0,fleet_reduction,0.008088300000054005,0.4658933999999135,1,0,0,0,149,3,0,0,0,0,0,0,9,8,0
R107,0,perturbation,0,0,0,0,0,0,0,0,0,0,0,0,0,0,0,0,0
R107,0,repair,0.4578050999998595,0.4578050999998595,9,39416,8660,30756,39525,0,647,67,0,30756,21311,0,0,8,0
R107,0,local_search,0,0,0,0,0,0,0,0,0,0,0,0,0,0,0,0,0
R107,0,ils_control,0.00022700000045006163,0.00022700000045006163,1,0,0,0,13,1,0,0,0,0,0,0,0,0,0
R107,0,validation,0.0003591999993659556,0.0003591999993659556,2,0,0,0,27,2,0,0,0,0,0,0,0,0,0
R107,0,other,5.439999949885532e-05,5.439999949885532e-05,0,0,0,0,0,0,0,0,0,0,0,0,0,0,0
R107,1,construction,0.07699500000035187,0.07699500000035187,1,5963,400,5563,6063,1,100,0,12,5561,4492,0,0,0,0
R107,1,fleet_reduction,0.01075570000011794,0.44870559999981197,1,0,0,0,210,5,0,0,0,0,0,0,13,11,0
R107,1,perturbation,0,0,0,0,0,0,0,0,0,0,0,0,0,0,0,0,0
R107,1,repair,0.437949899999694,0.437949899999694,13,39558,10340,29218,39704,0,737,66,0,29218,18532,0,0,11,0
R107,1,local_search,0,0,0,0,0,0,0,0,0,0,0,0,0,0,0,0,0
R107,1,ils_control,0.0002266000001327484,0.0002266000001327484,1,0,0,0,12,1,0,0,0,0,0,0,0,0,0
R107,1,validation,0.00034809999942808645,0.00034809999942808645,2,0,0,0,26,2,0,0,0,0,0,0,0,0,0
R107,1,other,5.410000085248612e-05,5.410000085248612e-05,0,0,0,0,0,0,0,0,0,0,0,0,0,0,0
R107,2,construction,0.07465890000003128,0.07465890000003128,1,5963,400,5563,6063,1,100,0,12,5561,4492,0,0,0,0
R107,2,fleet_reduction,0.0078041999995548395,0.44030519999978424,1,0,0,0,166,5,0,0,0,0,0,0,9,7,0
R107,2,perturbation,0,0,0,0,0,0,0,0,0,0,0,0,0,0,0,0,0
R107,2,repair,0.4325010000002294,0.4325010000002294,9,37325,7516,29809,37427,0,630,43,0,29809,21521,0,0,7,0
R107,2,local_search,0,0,0,0,0,0,0,0,0,0,0,0,0,0,0,0,0
R107,2,ils_control,0.0002389999999650172,0.0002389999999650172,1,0,0,0,12,1,0,0,0,0,0,0,0,0,0
R107,2,validation,0.00033940000048460206,0.00033940000048460206,2,0,0,0,26,2,0,0,0,0,0,0,0,0,0
R107,2,other,5.8599999647412915e-05,5.8599999647412915e-05,0,0,0,0,0,0,0,0,0,0,0,0,0,0,0
R108,0,construction,0.08264179999969201,0.08264179999969201,1,5807,372,5435,5907,1,100,0,0,5435,4989,0,0,0,0
R108,0,fleet_reduction,0.006087900000238733,0.4496030999998766,1,0,0,0,132,5,0,0,0,0,0,0,7,5,0
R108,0,perturbation,0,0,0,0,0,0,0,0,0,0,0,0,0,0,0,0,0
R108,0,repair,0.44351519999963784,0.44351519999963784,7,34239,7919,26320,34312,0,565,72,0,26320,23153,0,0,5,0
R108,0,local_search,0,0,0,0,0,0,0,0,0,0,0,0,0,0,0,0,0
R108,0,ils_control,0.00022400000034394907,0.00022400000034394907,1,0,0,0,11,1,0,0,0,0,0,0,0,0,0
R108,0,validation,0.0003452000009929179,0.0003452000009929179,2,0,0,0,24,2,0,0,0,0,0,0,0,0,0
R108,0,other,6.009999924572185e-05,6.009999924572185e-05,0,0,0,0,0,0,0,0,0,0,0,0,0,0,0
R108,1,construction,0.0802891000003001,0.0802891000003001,1,5807,372,5435,5907,1,100,0,0,5435,4989,0,0,0,0
R108,1,fleet_reduction,0.006082500000957225,0.43904590000056487,1,0,0,0,132,5,0,0,0,0,0,0,7,5,0
R108,1,perturbation,0,0,0,0,0,0,0,0,0,0,0,0,0,0,0,0,0
R108,1,repair,0.43296339999960765,0.43296339999960765,7,32566,7487,25079,32639,0,545,40,0,25079,21752,0,0,5,0
R108,1,local_search,0,0,0,0,0,0,0,0,0,0,0,0,0,0,0,0,0
R108,1,ils_control,0.00022650000028079376,0.00022650000028079376,1,0,0,0,11,1,0,0,0,0,0,0,0,0,0
R108,1,validation,0.00033319999965897296,0.00033319999965897296,2,0,0,0,24,2,0,0,0,0,0,0,0,0,0
R108,1,other,5.709999913960928e-05,5.709999913960928e-05,0,0,0,0,0,0,0,0,0,0,0,0,0,0,0
R108,2,construction,0.07912020000003395,0.07912020000003395,1,5807,372,5435,5907,1,100,0,0,5435,4989,0,0,0,0
R108,2,fleet_reduction,0.006197599999723025,0.44779730000027484,1,0,0,0,132,5,0,0,0,0,0,0,7,5,0
R108,2,perturbation,0,0,0,0,0,0,0,0,0,0,0,0,0,0,0,0,0
R108,2,repair,0.4415997000005518,0.4415997000005518,7,33867,7403,26464,33940,0,557,26,0,26464,22919,0,0,5,0
R108,2,local_search,0,0,0,0,0,0,0,0,0,0,0,0,0,0,0,0,0
R108,2,ils_control,0.00022429999989981297,0.00022429999989981297,1,0,0,0,11,1,0,0,0,0,0,0,0,0,0
R108,2,validation,0.0003304999991087243,0.0003304999991087243,2,0,0,0,24,2,0,0,0,0,0,0,0,0,0
R108,2,other,6.11000004937523e-05,6.11000004937523e-05,0,0,0,0,0,0,0,0,0,0,0,0,0,0,0
R109,0,construction,0.06382880000001023,0.06382880000001023,1,6344,446,5898,6444,1,100,0,0,5898,2818,0,0,0,0
R109,0,fleet_reduction,0.012704900000244379,0.4550091999999495,1,0,0,0,290,9,0,0,0,0,0,0,9,5,0
R109,0,perturbation,0,0,0,0,0,0,0,0,0,0,0,0,0,0,0,0,0
R109,0,repair,0.4423042999997051,0.4423042999997051,9,42401,7662,34739,42540,0,626,6,0,34739,16771,0,0,5,0
R109,0,local_search,0,0,0,0,0,0,0,0,0,0,0,0,0,0,0,0,0
R109,0,ils_control,0.00022809999973105732,0.00022809999973105732,1,0,0,0,15,1,0,0,0,0,0,0,0,0,0
R109,0,validation,0.00035879999904864235,0.00035879999904864235,2,0,0,0,34,2,0,0,0,0,0,0,0,0,0
R109,0,other,5.6400001085421536e-05,5.6400001085421536e-05,0,0,0,0,0,0,0,0,0,0,0,0,0,0,0
R109,1,construction,0.06653090000054362,0.06653090000054362,1,6344,446,5898,6444,1,100,0,0,5898,2818,0,0,0,0
R109,1,fleet_reduction,0.012966399999640998,0.45644910000009986,1,0,0,0,325,11,0,0,0,0,0,0,10,5,0
R109,1,perturbation,0,0,0,0,0,0,0,0,0,0,0,0,0,0,0,0,0
R109,1,repair,0.44348270000045886,0.44348270000045886,10,43157,7987,35170,43303,0,657,0,0,35170,16722,0,0,5,0
R109,1,local_search,0,0,0,0,0,0,0,0,0,0,0,0,0,0,0,0,0
R109,1,ils_control,0.0002331000005142414,0.0002331000005142414,1,0,0,0,14,1,0,0,0,0,0,0,0,0,0
R109,1,validation,0.00035880000086763175,0.00035880000086763175,2,0,0,0,33,2,0,0,0,0,0,0,0,0,0
R109,1,other,5.909999799769139e-05,5.909999799769139e-05,0,0,0,0,0,0,0,0,0,0,0,0,0,0,0
R109,2,construction,0.06635759999971924,0.06635759999971924,1,6344,446,5898,6444,1,100,0,0,5898,2818,0,0,0,0
R109,2,fleet_reduction,0.01379459999861865,0.4510458999993716,1,0,0,0,305,9,0,0,0,0,0,0,10,6,0
R109,2,perturbation,0,0,0,0,0,0,0,0,0,0,0,0,0,0,0,0,0
R109,2,repair,0.43725130000075296,0.43725130000075296,10,43099,7918,35181,43253,0,653,0,0,35181,15703,0,0,6,0
R109,2,local_search,0,0,0,0,0,0,0,0,0,0,0,0,0,0,0,0,0
R109,2,ils_control,0.0002463999999235966,0.0002463999999235966,1,0,0,0,15,1,0,0,0,0,0,0,0,0,0
R109,2,validation,0.00035570000000006985,0.00035570000000006985,2,0,0,0,34,2,0,0,0,0,0,0,0,0,0
R109,2,other,6.170000142446952e-05,6.170000142446952e-05,0,0,0,0,0,0,0,0,0,0,0,0,0,0,0
R110,0,construction,0.07680230000005395,0.07680230000005395,1,5980,275,5705,6080,1,100,0,0,5705,3653,0,0,0,0
R110,0,fleet_reduction,0.009541500000523229,0.4386362999994162,1,0,0,0,174,5,0,0,0,0,0,0,8,6,0
R110,0,perturbation,0,0,0,0,0,0,0,0,0,0,0,0,0,0,0,0,0
R110,0,repair,0.429094799998893,0.429094799998893,8,36891,7570,29321,36996,0,580,4,0,29321,17449,0,0,6,0
R110,0,local_search,0,0,0,0,0,0,0,0,0,0,0,0,0,0,0,0,0
R110,0,ils_control,0.0002106000001731445,0.0002106000001731445,1,0,0,0,13,1,0,0,0,0,0,0,0,0,0
R110,0,validation,0.00035150000076100696,0.00035150000076100696,2,0,0,0,28,2,0,0,0,0,0,0,0,0,0
R110,0,other,6.519999897136586e-05,6.519999897136586e-05,0,0,0,0,0,0,0,0,0,0,0,0,0,0,0
R110,1,construction,0.07323779999933322,0.07323779999933322,1,5980,275,5705,6080,1,100,0,0,5705,3653,0,0,0,0
R110,1,fleet_reduction,0.009640199999921606,0.431729599999926,1,0,0,0,161,3,0,0,0,0,0,0,9,8,0
R110,1,perturbation,0,0,0,0,0,0,0,0,0,0,0,0,0,0,0,0,0
R110,1,repair,0.4220894000000044,0.4220894000000044,9,36739,8298,28441,36857,0,602,17,0,28441,16513,0,0,8,0
R110,1,local_search,0,0,0,0,0,0,0,0,0,0,0,0,0,0,0,0,0
R110,1,ils_control,0.00023550000059913145,0.00023550000059913145,1,0,0,0,14,1,0,0,0,0,0,0,0,0,0
R110,1,validation,0.0003661999999167165,0.0003661999999167165,2,0,0,0,29,2,0,0,0,0,0,0,0,0,0
R110,1,other,5.8600000556907617e-05,5.8600000556907617e-05,0,0,0,0,0,0,0,0,0,0,0,0,0,0,0
R110,2,construction,0.0718101000002207,0.0718101000002207,1,5980,275,5705,6080,1,100,0,0,5705,3653,0,0,0,0
R110,2,fleet_reduction,0.009765299999344279,0.49611619999996037,1,0,0,0,187,5,0,0,0,0,0,0,9,7,0
R110,2,perturbation,0,0,0,0,0,0,0,0,0,0,0,0,0,0,0,0,0
R110,2,repair,0.4863509000006161,0.4863509000006161,9,41478,8297,33181,41596,0,653,11,0,33181,20926,0,0,7,0
R110,2,local_search,0,0,0,0,0,0,0,0,0,0,0,0,0,0,0,0,0
R110,2,ils_control,0.00021470000046974747,0.00021470000046974747,1,0,0,0,13,1,0,0,0,0,0,0,0,0,0
R110,2,validation,0.0003495999999358901,0.0003495999999358901,2,0,0,0,28,2,0,0,0,0,0,0,0,0,0
R110,2,other,5.9899999541812576e-05,5.9899999541812576e-05,0,0,0,0,0,0,0,0,0,0,0,0,0,0,0
R111,0,construction,0.07474079999974492,0.07474079999974492,1,5980,492,5488,6080,1,100,0,20,5488,3843,0,0,0,0
R111,0,fleet_reduction,0.010808099998939724,0.4426692000006369,1,0,0,0,181,3,0,0,0,0,0,0,13,12,0
R111,0,perturbation,0,0,0,0,0,0,0,0,0,0,0,0,0,0,0,0,0
R111,0,repair,0.4318611000016972,0.4318611000016972,13,36971,8484,28487,37115,0,704,13,0,28487,18187,0,0,12,0
R111,0,local_search,0,0,0,0,0,0,0,0,0,0,0,0,0,0,0,0,0
R111,0,ils_control,0.00022020000051270472,0.00022020000051270472,1,0,0,0,12,1,0,0,0,0,0,0,0,0,0
R111,0,validation,0.00034759999925881857,0.00034759999925881857,2,0,0,0,25,2,0,0,0,0,0,0,0,0,0
R111,0,other,5.4600000112259295e-05,5.4600000112259295e-05,0,0,0,0,0,0,0,0,0,0,0,0,0,0,0
R111,1,construction,0.07511699999940902,0.07511699999940902,1,5980,492,5488,6080,1,100,0,20,5488,3843,0,0,0,0
R111,1,fleet_reduction,0.008985599999505212,0.4488698999994085,1,0,0,0,121,1,0,0,0,0,0,0,9,9,0
R111,1,perturbation,0,0,0,0,0,0,0,0,0,0,0,0,0,0,0,0,0
R111,1,repair,0.4398842999999033,0.4398842999999033,9,38006,8075,29931,38114,0,629,33,0,29931,19739,0,0,9,0
R111,1,local_search,0,0,0,0,0,0,0,0,0,0,0,0,0,0,0,0,0
R111,1,ils_control,0.00023009999949863413,0.00023009999949863413,1,0,0,0,13,1,0,0,0,0,0,0,0,0,0
R111,1,validation,0.0003544999990481301,0.0003544999990481301,2,0,0,0,26,2,0,0,0,0,0,0,0,0,0
R111,1,other,5.510000301001128e-05,5.510000301001128e-05,0,0,0,0,0,0,0,0,0,0,0,0,0,0,0
R111,2,construction,0.08370639999975538,0.08370639999975538,1,5980,492,5488,6080,1,100,0,20,5488,3843,0,0,0,0
R111,2,fleet_reduction,0.008846599997923477,0.419141700000182,1,0,0,0,163,3,0,0,0,0,0,0,11,10,0
R111,2,perturbation,0,0,0,0,0,0,0,0,0,0,0,0,0,0,0,0,0
R111,2,repair,0.41029510000225855,0.41029510000225855,11,38725,8394,30331,38851,0,694,21,0,30331,18995,0,0,10,0
R111,2,local_search,0,0,0,0,0,0,0,0,0,0,0,0,0,0,0,0,0
R111,2,ils_control,0.00021259999994072132,0.00021259999994072132,1,0,0,0,12,1,0,0,0,0,0,0,0,0,0
R111,2,validation,0.0003294000007372233,0.0003294000007372233,2,0,0,0,25,2,0,0,0,0,0,0,0,0,0
R111,2,other,6.749999920430128e-05,6.749999920430128e-05,0,0,0,0,0,0,0,0,0,0,0,0,0,0,0
R112,0,construction,0.07197569999971165,0.07197569999971165,1,5894,270,5624,5994,1,100,0,0,5624,3977,0,0,0,0
R112,0,fleet_reduction,0.007689500000196858,0.45173629999953846,1,0,0,0,180,7,0,0,0,0,0,0,7,4,0
R112,0,perturbation,0,0,0,0,0,0,0,0,0,0,0,0,0,0,0,0,0
R112,0,repair,0.4440467999993416,0.4440467999993416,7,37273,9716,27557,37360,0,567,10,0,27557,20482,0,0,4,0
R112,0,local_search,0,0,0,0,0,0,0,0,0,0,0,0,0,0,0,0,0
R112,0,ils_control,0.00020020000010845251,0.00020020000010845251,1,0,0,0,12,1,0,0,0,0,0,0,0,0,0
R112,0,validation,0.0003395000003365567,0.0003395000003365567,2,0,0,0,27,2,0,0,0,0,0,0,0,0,0
R112,0,other,5.79999996261904e-05,5.79999996261904e-05,0,0,0,0,0,0,0,0,0,0,0,0,0,0,0
R112,1,construction,0.07429589999992459,0.07429589999992459,1,5894,270,5624,5994,1,100,0,0,5624,3977,0,0,0,0
R112,1,fleet_reduction,0.008066700002018479,0.4814605000001393,1,0,0,0,168,5,0,0,0,0,0,0,8,6,0
R112,1,perturbation,0,0,0,0,0,0,0,0,0,0,0,0,0,0,0,0,0
R112,1,repair,0.4733937999981208,0.4733937999981208,8,40967,11555,29412,41066,0,636,50,0,29412,21274,0,0,6,0
R112,1,local_search,0,0,0,0,0,0,0,0,0,0,0,0,0,0,0,0,0
R112,1,ils_control,0.00023330000021815067,0.00023330000021815067,1,0,0,0,13,1,0,0,0,0,0,0,0,0,0
R112,1,validation,0.0003507000001263805,0.0003507000001263805,2,0,0,0,28,2,0,0,0,0,0,0,0,0,0
R112,1,other,5.9699998928408604e-05,5.9699998928408604e-05,0,0,0,0,0,0,0,0,0,0,0,0,0,0,0
R112,2,construction,0.07441169999947306,0.07441169999947306,1,5894,270,5624,5994,1,100,0,0,5624,3977,0,0,0,0
R112,2,fleet_reduction,0.007439000001795648,0.4467363000003388,1,0,0,0,157,5,0,0,0,0,0,0,7,5,0
R112,2,perturbation,0,0,0,0,0,0,0,0,0,0,0,0,0,0,0,0,0
R112,2,repair,0.43929729999854317,0.43929729999854317,7,37339,10977,26362,37427,0,570,46,0,26362,19139,0,0,5,0
R112,2,local_search,0,0,0,0,0,0,0,0,0,0,0,0,0,0,0,0,0
R112,2,ils_control,0.00022030000036465935,0.00022030000036465935,1,0,0,0,13,1,0,0,0,0,0,0,0,0,0
R112,2,validation,0.0003519000001688255,0.0003519000001688255,2,0,0,0,28,2,0,0,0,0,0,0,0,0,0
R112,2,other,5.8599999647412915e-05,5.8599999647412915e-05,0,0,0,0,0,0,0,0,0,0,0,0,0,0,0
R201,0,construction,0.14244400000006863,0.14244400000006863,1,5368,481,4887,5468,1,100,0,0,4887,1181,0,0,0,0
R201,0,fleet_reduction,0.0024166000011973665,0.35898140000062995,1,0,0,0,41,1,0,0,0,0,0,0,9,9,0
R201,0,perturbation,0,0,0,0,0,0,0,0,0,0,0,0,0,0,0,0,0
R201,0,repair,0.3565647999994326,0.3565647999994326,9,17253,2753,14500,17289,0,464,0,0,14500,774,0,0,9,0
R201,0,local_search,0,0,0,0,0,0,0,0,0,0,0,0,0,0,0,0,0
R201,0,ils_control,0.00022649999937129905,0.00022649999937129905,1,0,0,0,5,1,0,0,0,0,0,0,0,0,0
R201,0,validation,0.00033999999959632987,0.00033999999959632987,2,0,0,0,10,2,0,0,0,0,0,0,0,0,0
R201,0,other,5.330000021785963e-05,5.330000021785963e-05,0,0,0,0,0,0,0,0,0,0,0,0,0,0,0
R201,1,construction,0.13689879999947152,0.13689879999947152,1,5368,481,4887,5468,1,100,0,0,4887,1181,0,0,0,0
R201,1,fleet_reduction,0.002728499998738698,0.42887090000022,1,0,0,0,49,3,0,0,0,0,0,0,9,8,0
R201,1,perturbation,0,0,0,0,0,0,0,0,0,0,0,0,0,0,0,0,0
R201,1,repair,0.4261424000014813,0.4261424000014813,9,20092,2874,17218,20128,0,502,0,0,17218,2122,0,0,8,0
R201,1,local_search,0,0,0,0,0,0,0,0,0,0,0,0,0,0,0,0,0
R201,1,ils_control,0.00018760000057227444,0.00018760000057227444,1,0,0,0,4,1,0,0,0,0,0,0,0,0,0
R201,1,validation,0.00031060000037541613,0.00031060000037541613,2,0,0,0,9,2,0,0,0,0,0,0,0,0,0
R201,1,other,5.79999987166957e-05,5.79999987166957e-05,0,0,0,0,0,0,0,0,0,0,0,0,0,0,0
R201,2,construction,0.1405789000000368,0.1405789000000368,1,5368,481,4887,5468,1,100,0,0,4887,1181,0,0,0,0
R201,2,fleet_reduction,0.0023660999977437314,0.38742219999949157,1,0,0,0,42,3,0,0,0,0,0,0,8,7,0
R201,2,perturbation,0,0,0,0,0,0,0,0,0,0,0,0,0,0,0,0,0
R201,2,repair,0.38505610000174784,0.38505610000174784,8,16604,2244,14360,16633,0,428,0,0,14360,1790,0,0,7,0
R201,2,local_search,0,0,0,0,0,0,0,0,0,0,0,0,0,0,0,0,0
R201,2,ils_control,0.00024029999985941686,0.00024029999985941686,1,0,0,0,4,1,0,0,0,0,0,0,0,0,0
R201,2,validation,0.00033910000092873815,0.00033910000092873815,2,0,0,0,9,2,0,0,0,0,0,0,0,0,0
R201,2,other,6.120000034570694e-05,6.120000034570694e-05,0,0,0,0,0,0,0,0,0,0,0,0,0,0,0
R202,0,construction,0.15869649999967805,0.15869649999967805,1,5300,674,4626,5400,1,100,0,0,4626,1152,0,0,0,0
R202,0,fleet_reduction,0.0028654000007009017,0.3683356999999887,1,0,0,0,49,1,0,0,0,0,0,0,15,15,0
R202,0,perturbation,0,0,0,0,0,0,0,0,0,0,0,0,0,0,0,0,0
R202,0,repair,0.3654702999992878,0.3654702999992878,15,18060,5133,12927,18105,0,611,0,0,12927,1004,0,0,15,0
R202,0,local_search,0,0,0,0,0,0,0,0,0,0,0,0,0,0,0,0,0
R202,0,ils_control,0.00023070000042935135,0.00023070000042935135,1,0,0,0,4,1,0,0,0,0,0,0,0,0,0
R202,0,validation,0.0003184000006513088,0.0003184000006513088,2,0,0,0,8,2,0,0,0,0,0,0,0,0,0
R202,0,other,6.320000011328375e-05,6.320000011328375e-05,0,0,0,0,0,0,0,0,0,0,0,0,0,0,0
R202,1,construction,0.1569220999999743,0.1569220999999743,1,5300,674,4626,5400,1,100,0,0,4626,1152,0,0,0,0
R202,1,fleet_reduction,0.0029211999990366166,0.4050771000001987,1,0,0,0,49,1,0,0,0,0,0,0,15,15,0
R202,1,perturbation,0,0,0,0,0,0,0,0,0,0,0,0,0,0,0,0,0
R202,1,repair,0.4021559000011621,0.4021559000011621,15,19606,5544,14062,19651,0,639,0,0,14062,1015,0,0,15,0
R202,1,local_search,0,0,0,0,0,0,0,0,0,0,0,0,0,0,0,0,0
R202,1,ils_control,0.00022279999939200934,0.00022279999939200934,1,0,0,0,4,1,0,0,0,0,0,0,0,0,0
R202,1,validation,0.0003208999996786588,0.0003208999996786588,2,0,0,0,8,2,0,0,0,0,0,0,0,0,0
R202,1,other,5.3900000239082146e-05,5.3900000239082146e-05,0,0,0,0,0,0,0,0,0,0,0,0,0,0,0
R202,2,construction,0.15954390000024432,0.15954390000024432,1,5300,674,4626,5400,1,100,0,0,4626,1152,0,0,0,0
R202,2,fleet_reduction,0.0027413000007072696,0.3457274000002144,1,0,0,0,43,1,0,0,0,0,0,0,13,13,0
R202,2,perturbation,0,0,0,0,0,0,0,0,0,0,0,0,0,0,0,0,0
R202,2,repair,0.34298609999950713,0.34298609999950713,13,16598,4389,12209,16637,0,544,0,0,12209,855,0,0,13,0
R202,2,local_search,0,0,0,0,0,0,0,0,0,0,0,0,0,0,0,0,0
R202,2,ils_control,0.00024389999998675194,0.00024389999998675194,1,0,0,0,4,1,0,0,0,0,0,0,0,0,0
R202,2,validation,0.00033210000037797727,0.00033210000037797727,2,0,0,0,8,2,0,0,0,0,0,0,0,0,0
R202,2,other,5.429999964690069e-05,5.429999964690069e-05,0,0,0,0,0,0,0,0,0,0,0,0,0,0,0
R203,0,construction,0.18427280000014434,0.18427280000014434,1,5224,1457,3767,5324,1,100,0,0,3767,645,0,0,0,0
R203,0,fleet_reduction,0.0018240000017613056,0.34679680000044755,1,0,0,0,31,1,0,0,0,0,0,0,14,14,0
R203,0,perturbation,0,0,0,0,0,0,0,0,0,0,0,0,0,0,0,0,0
R203,0,repair,0.34497279999868624,0.34497279999868624,14,13906,7275,6631,13934,0,503,0,0,6631,881,0,0,14,0
R203,0,local_search,0,0,0,0,0,0,0,0,0,0,0,0,0,0,0,0,0
R203,0,ils_control,0.0002159000005121925,0.0002159000005121925,1,0,0,0,3,1,0,0,0,0,0,0,0,0,0
R203,0,validation,0.0003161000004183734,0.0003161000004183734,2,0,0,0,6,2,0,0,0,0,0,0,0,0,0
R203,0,other,5.419999797595665e-05,5.419999797595665e-05,0,0,0,0,0,0,0,0,0,0,0,0,0,0,0
R203,1,construction,0.16997709999941435,0.16997709999941435,1,5224,1457,3767,5324,1,100,0,0,3767,645,0,0,0,0
R203,1,fleet_reduction,0.0018247999978484586,0.3432388000001083,1,0,0,0,31,1,0,0,0,0,0,0,14,14,0
R203,1,perturbation,0,0,0,0,0,0,0,0,0,0,0,0,0,0,0,0,0
R203,1,repair,0.34141400000225985,0.34141400000225985,14,13351,6659,6692,13379,0,503,0,0,6692,1235,0,0,14,0
R203,1,local_search,0,0,0,0,0,0,0,0,0,0,0,0,0,0,0,0,0
R203,1,ils_control,0.00022230000013223616,0.00022230000013223616,1,0,0,0,3,1,0,0,0,0,0,0,0,0,0
R203,1,validation,0.0003190000006725313,0.0003190000006725313,2,0,0,0,6,2,0,0,0,0,0,0,0,0,0
R203,1,other,5.239999973127851e-05,5.239999973127851e-05,0,0,0,0,0,0,0,0,0,0,0,0,0,0,0
R203,2,construction,0.17467260000012175,0.17467260000012175,1,5224,1457,3767,5324,1,100,0,0,3767,645,0,0,0,0
R203,2,fleet_reduction,0.002121099997566489,0.3600075000003926,1,0,0,0,33,1,0,0,0,0,0,0,15,15,0
R203,2,perturbation,0,0,0,0,0,0,0,0,0,0,0,0,0,0,0,0,0
R203,2,repair,0.3578864000028261,0.3578864000028261,15,14105,7996,6109,14135,0,527,0,0,6109,581,0,0,15,0
R203,2,local_search,0,0,0,0,0,0,0,0,0,0,0,0,0,0,0,0,0
R203,2,ils_control,0.00023349999992205994,0.00023349999992205994,1,0,0,0,3,1,0,0,0,0,0,0,0,0,0
R203,2,validation,0.0003274000009696465,0.0003274000009696465,2,0,0,0,6,2,0,0,0,0,0,0,0,0,0
R203,2,other,5.569999848376028e-05,5.569999848376028e-05,0,0,0,0,0,0,0,0,0,0,0,0,0,0,0
R204,0,construction,0.21623689999978524,0.21623689999978524,1,5167,742,4425,5267,1,100,0,0,4425,2616,0,0,0,0
R204,0,fleet_reduction,0.000656100000924198,0.3791633999999249,1,0,0,0,9,1,0,0,0,0,0,0,3,3,0
R204,0,perturbation,0,0,0,0,0,0,0,0,0,0,0,0,0,0,0,0,0
R204,0,repair,0.3785072999990007,0.3785072999990007,3,10121,4732,5389,10127,0,233,0,0,5389,2877,0,0,3,0
R204,0,local_search,0,0,0,0,0,0,0,0,0,0,0,0,0,0,0,0,0
R204,0,ils_control,0.00022910000006959308,0.00022910000006959308,1,0,0,0,3,1,0,0,0,0,0,0,0,0,0
R204,0,validation,0.0003206000001227949,0.0003206000001227949,2,0,0,0,6,2,0,0,0,0,0,0,0,0,0
R204,0,other,5.8599999647412915e-05,5.8599999647412915e-05,0,0,0,0,0,0,0,0,0,0,0,0,0,0,0
R204,1,construction,0.21250220000001718,0.21250220000001718,1,5167,742,4425,5267,1,100,0,0,4425,2616,0,0,0,0
R204,1,fleet_reduction,0.0007747999998173327,0.3780234999994718,1,0,0,0,11,1,0,0,0,0,0,0,4,4,0
R204,1,perturbation,0,0,0,0,0,0,0,0,0,0,0,0,0,0,0,0,0
R204,1,repair,0.3772486999996545,0.3772486999996545,4,10991,4796,6195,10999,0,272,0,0,6195,1790,0,0,4,0
R204,1,local_search,0,0,0,0,0,0,0,0,0,0,0,0,0,0,0,0,0
R204,1,ils_control,0.00021780000042781467,0.00021780000042781467,1,0,0,0,3,1,0,0,0,0,0,0,0,0,0
R204,1,validation,0.0003171999996993691,0.0003171999996993691,2,0,0,0,6,2,0,0,0,0,0,0,0,0,0
R204,1,other,5.720000081055332e-05,5.720000081055332e-05,0,0,0,0,0,0,0,0,0,0,0,0,0,0,0
R204,2,construction,0.22040480000032403,0.22040480000032403,1,5167,742,4425,5267,1,100,0,0,4425,2616,0,0,0,0
R204,2,fleet_reduction,0.00048579999929643236,0.30610650000016904,1,0,0,0,7,1,0,0,0,0,0,0,2,2,0
R204,2,perturbation,0,0,0,0,0,0,0,0,0,0,0,0,0,0,0,0,0
R204,2,repair,0.3056207000008726,0.3056207000008726,2,7915,3745,4170,7919,0,169,0,0,4170,1552,0,0,2,0
R204,2,local_search,0,0,0,0,0,0,0,0,0,0,0,0,0,0,0,0,0
R204,2,ils_control,0.00021909999941271963,0.00021909999941271963,1,0,0,0,3,1,0,0,0,0,0,0,0,0,0
R204,2,validation,0.00031969999963621376,0.00031969999963621376,2,0,0,0,6,2,0,0,0,0,0,0,0,0,0
R204,2,other,5.880000026081689e-05,5.880000026081689e-05,0,0,0,0,0,0,0,0,0,0,0,0,0,0,0
R205,0,construction,0.1669517000000269,0.1669517000000269,1,5269,530,4739,5369,1,100,0,0,4739,1305,0,0,0,0
R205,0,fleet_reduction,0.0018221000018456834,0.34038090000012744,1,0,0,0,30,3,0,0,0,0,0,0,9,8,0
R205,0,perturbation,0,0,0,0,0,0,0,0,0,0,0,0,0,0,0,0,0
R205,0,repair,0.33855879999828176,0.33855879999828176,9,11815,2415,9400,11835,0,363,0,0,9400,1808,0,0,8,0
R205,0,local_search,0,0,0,0,0,0,0,0,0,0,0,0,0,0,0,0,0
R205,0,ils_control,0.00022650000028079376,0.00022650000028079376,1,0,0,0,3,1,0,0,0,0,0,0,0,0,0
R205,0,validation,0.0003203999995093909,0.0003203999995093909,2,0,0,0,7,2,0,0,0,0,0,0,0,0,0
R205,0,other,5.3200000365905e-05,5.3200000365905e-05,0,0,0,0,0,0,0,0,0,0,0,0,0,0,0
R205,1,construction,0.1655879999998433,0.1655879999998433,1,5269,530,4739,5369,1,100,0,0,4739,1305,0,0,0,0
R205,1,fleet_reduction,0.0018926999991890625,0.382239199999276,1,0,0,0,28,1,0,0,0,0,0,0,8,8,0
R205,1,perturbation,0,0,0,0,0,0,0,0,0,0,0,0,0,0,0,0,0
R205,1,repair,0.38034650000008696,0.38034650000008696,8,15771,3361,12410,15795,0,449,0,0,12410,454,0,0,8,0
R205,1,local_search,0,0,0,0,0,0,0,0,0,0,0,0,0,0,0,0,0
R205,1,ils_control,0.00022450000051321695,0.00022450000051321695,1,0,0,0,4,1,0,0,0,0,0,0,0,0,0
R205,1,validation,0.0003166999995301012,0.0003166999995301012,2,0,0,0,8,2,0,0,0,0,0,0,0,0,0
R205,1,other,5.700000110664405e-05,5.700000110664405e-05,0,0,0,0,0,0,0,0,0,0,0,0,0,0,0
R205,2,construction,0.1651198999998087,0.1651198999998087,1,5269,530,4739,5369,1,100,0,0,4739,1305,0,0,0,0
R205,2,fleet_reduction,0.0016583999995418708,0.4188371999998708,1,0,0,0,28,3,0,0,0,0,0,0,6,5,0
R205,2,perturbation,0,0,0,0,0,0,0,0,0,0,0,0,0,0,0,0,0
R205,2,repair,0.4171788000003289,0.4171788000003289,6,14826,2643,12183,14844,0,369,0,0,12183,1764,0,0,5,0
R205,2,local_search,0,0,0,0,0,0,0,0,0,0,0,0,0,0,0,0,0
R205,2,ils_control,0.00019299999985378236,0.00019299999985378236,1,0,0,0,3,1,0,0,0,0,0,0,0,0,0
R205,2,validation,0.0003134000007776194,0.0003134000007776194,2,0,0,0,7,2,0,0,0,0,0,0,0,0,0
R205,2,other,5.5699999393254984e-05,5.5699999393254984e-05,0,0,0,0,0,0,0,0,0,0,0,0,0,0,0
R206,0,construction,0.17361020000043936,0.17361020000043936,1,5219,755,4464,5319,1,100,0,0,4464,1342,0,0,0,0
R206,0,fleet_reduction,0.0022719999997207196,0.36909080000077665,1,0,0,0,41,1,0,0,0,0,0,0,19,19,0
R206,0,perturbation,0,0,0,0,0,0,0,0,0,0,0,0,0,0,0,0,0
R206,0,repair,0.36681880000105593,0.36681880000105593,19,15727,5644,10083,15765,0,648,0,0,10083,1583,0,0,19,0
R206,0,local_search,0,0,0,0,0,0,0,0,0,0,0,0,0,0,0,0,0
R206,0,ils_control,0.00022220000028028153,0.00022220000028028153,1,0,0,0,3,1,0,0,0,0,0,0,0,0,0
R206,0,validation,0.00030929999957152177,0.00030929999957152177,2,0,0,0,6,2,0,0,0,0,0,0,0,0,0
R206,0,other,5.6099998801073525e-05,5.6099998801073525e-05,0,0,0,0,0,0,0,0,0,0,0,0,0,0,0
R206,1,construction,0.17290719999982684,0.17290719999982684,1,5219,755,4464,5319,1,100,0,0,4464,1342,0,0,0,0
R206,1,fleet_reduction,0.0029250999987198156,0.3714889000002586,1,0,0,0,49,1,0,0,0,0,0,0,23,23,0
R206,1,perturbation,0,0,0,0,0,0,0,0,0,0,0,0,0,0,0,0,0
R206,1,repair,0.36856380000153877,0.36856380000153877,23,16663,6278,10385,16709,0,735,0,0,10385,970,0,0,23,0
R206,1,local_search,0,0,0,0,0,0,0,0,0,0,0,0,0,0,0,0,0
R206,1,ils_control,0.00022910000006959308,0.00022910000006959308,1,0,0,0,3,1,0,0,0,0,0,0,0,0,0
R206,1,validation,0.0003172000006088638,0.0003172000006088638,2,0,0,0,6,2,0,0,0,0,0,0,0,0,0
R206,1,other,5.4099999033496715e-05,5.4099999033496715e-05,0,0,0,0,0,0,0,0,0,0,0,0,0,0,0
R206,2,construction,0.18129450000014913,0.18129450000014913,1,5219,755,4464,5319,1,100,0,0,4464,1342,0,0,0,0
R206,2,fleet_reduction,0.0023770000025251647,0.3318789000004472,1,0,0,0,41,1,0,0,0,0,0,0,19,19,0
R206,2,perturbation,0,0,0,0,0,0,0,0,0,0,0,0,0,0,0,0,0
R206,2,repair,0.329501899997922,0.329501899997922,19,14762,5386,9376,14800,0,628,0,0,9376,848,0,0,19,0
R206,2,local_search,0,0,0,0,0,0,0,0,0,0,0,0,0,0,0,0,0
R206,2,ils_control,0.00021440000000438886,0.00021440000000438886,1,0,0,0,3,1,0,0,0,0,0,0,0,0,0
R206,2,validation,0.00031430000035470584,0.00031430000035470584,2,0,0,0,6,2,0,0,0,0,0,0,0,0,0
R206,2,other,5.599999894911889e-05,5.599999894911889e-05,0,0,0,0,0,0,0,0,0,0,0,0,0,0,0
R207,0,construction,0.2125326999994286,0.2125326999994286,1,5175,869,4306,5275,1,100,0,0,4306,2659,0,0,0,0
R207,0,fleet_reduction,0.0009580000005371403,0.3132100000002538,1,0,0,0,15,3,0,0,0,0,0,0,2,1,0
R207,0,perturbation,0,0,0,0,0,0,0,0,0,0,0,0,0,0,0,0,0
R207,0,repair,0.31225199999971665,0.31225199999971665,2,8635,2087,6548,8640,0,175,0,0,6548,1792,0,0,1,0
R207,0,local_search,0,0,0,0,0,0,0,0,0,0,0,0,0,0,0,0,0
R207,0,ils_control,0.00023180000061984174,0.00023180000061984174,1,0,0,0,3,1,0,0,0,0,0,0,0,0,0
R207,0,validation,0.0003374999996594852,0.0003374999996594852,2,0,0,0,7,2,0,0,0,0,0,0,0,0,0
R207,0,other,6.170000051497482e-05,6.170000051497482e-05,0,0,0,0,0,0,0,0,0,0,0,0,0,0,0
R207,1,construction,0.21335330000056274,0.21335330000056274,1,5175,869,4306,5275,1,100,0,0,4306,2659,0,0,0,0
R207,1,fleet_reduction,0.0010271000001011998,0.3145743000004586,1,0,0,0,17,3,0,0,0,0,0,0,3,2,0
R207,1,perturbation,0,0,0,0,0,0,0,0,0,0,0,0,0,0,0,0,0
R207,1,repair,0.3135472000003574,0.3135472000003574,3,9729,3187,6542,9736,0,221,0,0,6542,2183,0,0,2,0
R207,1,local_search,0,0,0,0,0,0,0,0,0,0,0,0,0,0,0,0,0
R207,1,ils_control,0.00021830000059708254,0.00021830000059708254,1,0,0,0,3,1,0,0,0,0,0,0,0,0,0
R207,1,validation,0.0003250999998272164,0.0003250999998272164,2,0,0,0,7,2,0,0,0,0,0,0,0,0,0
R207,1,other,5.7899998864741065e-05,5.7899998864741065e-05,0,0,0,0,0,0,0,0,0,0,0,0,0,0,0
R207,2,construction,0.20614329999989423,0.20614329999989423,1,5175,869,4306,5275,1,100,0,0,4306,2659,0,0,0,0
R207,2,fleet_reduction,0.0008764000003793626,0.3167057000000568,1,0,0,0,15,3,0,0,0,0,0,0,2,1,0
R207,2,perturbation,0,0,0,0,0,0,0,0,0,0,0,0,0,0,0,0,0
R207,2,repair,0.31582929999967746,0.31582929999967746,2,8718,2053,6665,8723,0,176,0,0,6665,1788,0,0,1,0
R207,2,local_search,0,0,0,0,0,0,0,0,0,0,0,0,0,0,0,0,0
R207,2,ils_control,0.00023439999949914636,0.00023439999949914636,1,0,0,0,3,1,0,0,0,0,0,0,0,0,0
R207,2,validation,0.00032589999955234816,0.00032589999955234816,2,0,0,0,7,2,0,0,0,0,0,0,0,0,0
R207,2,other,6.040000153006986e-05,6.040000153006986e-05,0,0,0,0,0,0,0,0,0,0,0,0,0,0,0
R208,0,construction,0.22510160000001633,0.22510160000001633,1,5141,1418,3723,5241,1,100,0,0,3723,1096,0,0,0,0
R208,0,fleet_reduction,0.00048100000094564166,0.338937900000019,1,0,0,0,7,1,0,0,0,0,0,0,2,2,0
R208,0,perturbation,0,0,0,0,0,0,0,0,0,0,0,0,0,0,0,0,0
R208,0,repair,0.33845689999907336,0.33845689999907336,2,8396,4300,4096,8400,0,174,0,0,4096,1645,0,0,2,0
R208,0,local_search,0,0,0,0,0,0,0,0,0,0,0,0,0,0,0,0,0
R208,0,ils_control,0.0002365000000281725,0.0002365000000281725,1,0,0,0,3,1,0,0,0,0,0,0,0,0,0
R208,0,validation,0.000330500000018219,0.000330500000018219,2,0,0,0,6,2,0,0,0,0,0,0,0,0,0
R208,0,other,5.8399999943503644e-05,5.8399999943503644e-05,0,0,0,0,0,0,0,0,0,0,0,0,0,0,0
R208,1,construction,0.23527139999987412,0.23527139999987412,1,5141,1418,3723,5241,1,100,0,0,3723,1096,0,0,0,0
R208,1,fleet_reduction,0.0004957000001013512,0.2787429999998494,1,0,0,0,7,1,0,0,0,0,0,0,2,2,0
R208,1,perturbation,0,0,0,0,0,0,0,0,0,0,0,0,0,0,0,0,0
R208,1,repair,0.27824729999974807,0.27824729999974807,2,7056,3887,3169,7060,0,159,0,0,3169,1372,0,0,2,0
R208,1,local_search,0,0,0,0,0,0,0,0,0,0,0,0,0,0,0,0,0
R208,1,ils_control,0.00022540000009030337,0.00022540000009030337,1,0,0,0,3,1,0,0,0,0,0,0,0,0,0
R208,1,validation,0.00034420000065438217,0.00034420000065438217,2,0,0,0,6,2,0,0,0,0,0,0,0,0,0
R208,1,other,6.329999996523838e-05,6.329999996523838e-05,0,0,0,0,0,0,0,0,0,0,0,0,0,0,0
R208,2,construction,0.23471250000056898,0.23471250000056898,1,5141,1418,3723,5241,1,100,0,0,3723,1096,0,0,0,0
R208,2,fleet_reduction,0.0005384999994930695,0.3969500999992306,1,0,0,0,7,1,0,0,0,0,0,0,2,2,0
R208,2,perturbation,0,0,0,0,0,0,0,0,0,0,0,0,0,0,0,0,0
R208,2,repair,0.3964115999997375,0.3964115999997375,2,9117,4559,4558,9121,0,182,0,0,4558,1602,0,0,2,0
R208,2,local_search,0,0,0,0,0,0,0,0,0,0,0,0,0,0,0,0,0
R208,2,ils_control,0.00023849999979574932,0.00023849999979574932,1,0,0,0,3,1,0,0,0,0,0,0,0,0,0
R208,2,validation,0.00033989999974437524,0.00033989999974437524,2,0,0,0,6,2,0,0,0,0,0,0,0,0,0
R208,2,other,5.850000070495298e-05,5.850000070495298e-05,0,0,0,0,0,0,0,0,0,0,0,0,0,0,0
R209,0,construction,0.16685670000060782,0.16685670000060782,1,5254,565,4689,5354,1,100,0,0,4689,834,0,0,0,0
R209,0,fleet_reduction,0.001682199997958378,0.4348277999997663,1,0,0,0,25,3,0,0,0,0,0,0,5,4,0
R209,0,perturbation,0,0,0,0,0,0,0,0,0,0,0,0,0,0,0,0,0
R209,0,repair,0.4331456000018079,0.4331456000018079,5,14876,3415,11461,14891,0,348,0,0,11461,1552,0,0,4,0
R209,0,local_search,0,0,0,0,0,0,0,0,0,0,0,0,0,0,0,0,0
R209,0,ils_control,0.00019549999979062704,0.00019549999979062704,1,0,0,0,3,1,0,0,0,0,0,0,0,0,0
R209,0,validation,0.00032810000084282365,0.00032810000084282365,2,0,0,0,7,2,0,0,0,0,0,0,0,0,0
R209,0,other,6.489999941550195e-05,6.489999941550195e-05,0,0,0,0,0,0,0,0,0,0,0,0,0,0,0
R209,1,construction,0.1603283000004012,0.1603283000004012,1,5254,565,4689,5354,1,100,0,0,4689,834,0,0,0,0
R209,1,fleet_reduction,0.0020649000007324503,0.357948299999407,1,0,0,0,35,3,0,0,0,0,0,0,12,11,0
R209,1,perturbation,0,0,0,0,0,0,0,0,0,0,0,0,0,0,0,0,0
R209,1,repair,0.3558833999986746,0.3558833999986746,12,13418,3459,9959,13443,0,461,0,0,9959,1118,0,0,11,0
R209,1,local_search,0,0,0,0,0,0,0,0,0,0,0,0,0,0,0,0,0
R209,1,ils_control,0.00023990000045159832,0.00023990000045159832,1,0,0,0,3,1,0,0,0,0,0,0,0,0,0
R209,1,validation,0.00032420000115962466,0.00032420000115962466,2,0,0,0,7,2,0,0,0,0,0,0,0,0,0
R209,1,other,5.729999884351855e-05,5.729999884351855e-05,0,0,0,0,0,0,0,0,0,0,0,0,0,0,0
R209,2,construction,0.17780369999945833,0.17780369999945833,1,5254,565,4689,5354,1,100,0,0,4689,834,0,0,0,0
R209,2,fleet_reduction,0.0013502000001608394,0.3612628999999288,1,0,0,0,22,3,0,0,0,0,0,0,4,3,0
R209,2,perturbation,0,0,0,0,0,0,0,0,0,0,0,0,0,0,0,0,0
R209,2,repair,0.35991269999976794,0.35991269999976794,4,11520,2584,8936,11532,0,266,0,0,8936,1222,0,0,3,0
R209,2,local_search,0,0,0,0,0,0,0,0,0,0,0,0,0,0,0,0,0
R209,2,ils_control,0.0001940000001923181,0.0001940000001923181,1,0,0,0,3,1,0,0,0,0,0,0,0,0,0
R209,2,validation,0.00033239999993384117,0.00033239999993384117,2,0,0,0,7,2,0,0,0,0,0,0,0,0,0
R209,2,other,5.740000051446259e-05,5.740000051446259e-05,0,0,0,0,0,0,0,0,0,0,0,0,0,0,0
R210,0,construction,0.17618279999987863,0.17618279999987863,1,5234,840,4394,5334,1,100,0,0,4394,1179,0,0,0,0
R210,0,fleet_reduction,0.0032159999982468435,0.3549902999993719,1,0,0,0,57,1,0,0,0,0,0,0,27,27,0
R210,0,perturbation,0,0,0,0,0,0,0,0,0,0,0,0,0,0,0,0,0
R210,0,repair,0.3517743000011251,0.3517743000011251,27,16901,5948,10953,16955,0,770,0,0,10953,973,0,0,27,0
R210,0,local_search,0,0,0,0,0,0,0,0,0,0,0,0,0,0,0,0,0
R210,0,ils_control,0.00022790000002714805,0.00022790000002714805,1,0,0,0,3,1,0,0,0,0,0,0,0,0,0
R210,0,validation,0.0003147000006720191,0.0003147000006720191,2,0,0,0,6,2,0,0,0,0,0,0,0,0,0
R210,0,other,5.1899999562010635e-05,5.1899999562010635e-05,0,0,0,0,0,0,0,0,0,0,0,0,0,0,0
R210,1,construction,0.18312310000055732,0.18312310000055732,1,5234,840,4394,5334,1,100,0,0,4394,1179,0,0,0,0
R210,1,fleet_reduction,0.0032649999993736856,0.34191029999965394,1,0,0,0,57,1,0,0,0,0,0,0,27,27,0
R210,1,perturbation,0,0,0,0,0,0,0,0,0,0,0,0,0,0,0,0,0
R210,1,repair,0.33864530000028026,0.33864530000028026,27,16642,5914,10728,16696,0,767,0,0,10728,451,0,0,27,0
R210,1,local_search,0,0,0,0,0,0,0,0,0,0,0,0,0,0,0,0,0
R210,1,ils_control,0.00020960000074410345,0.00020960000074410345,1,0,0,0,3,1,0,0,0,0,0,0,0,0,0
R210,1,validation,0.00031379999927594326,0.00031379999927594326,2,0,0,0,6,2,0,0,0,0,0,0,0,0,0
R210,1,other,5.019999935029773e-05,5.019999935029773e-05,0,0,0,0,0,0,0,0,0,0,0,0,0,0,0
R210,2,construction,0.1779882999999245,0.1779882999999245,1,5234,840,4394,5334,1,100,0,0,4394,1179,0,0,0,0
R210,2,fleet_reduction,0.0031594999991284567,0.3282678000005035,1,0,0,0,57,1,0,0,0,0,0,0,27,27,0
R210,2,perturbation,0,0,0,0,0,0,0,0,0,0,0,0,0,0,0,0,0
R210,2,repair,0.32510830000137503,0.32510830000137503,27,15781,5400,10381,15835,0,732,0,0,10381,1004,0,0,27,0
R210,2,local_search,0,0,0,0,0,0,0,0,0,0,0,0,0,0,0,0,0
R210,2,ils_control,0.0002223999999841908,0.0002223999999841908,1,0,0,0,3,1,0,0,0,0,0,0,0,0,0
R210,2,validation,0.00032559999908698956,0.00032559999908698956,2,0,0,0,6,2,0,0,0,0,0,0,0,0,0
R210,2,other,5.500000042957254e-05,5.500000042957254e-05,0,0,0,0,0,0,0,0,0,0,0,0,0,0,0
R211,0,construction,0.20568980000007286,0.20568980000007286,1,5192,758,4434,5292,1,100,0,0,4434,1222,0,0,0,0
R211,0,fleet_reduction,0.0014651999981651898,0.3191892999993797,1,0,0,0,23,1,0,0,0,0,0,0,10,10,0
R211,0,perturbation,0,0,0,0,0,0,0,0,0,0,0,0,0,0,0,0,0
R211,0,repair,0.31772410000121454,0.31772410000121454,10,12742,4996,7746,12762,0,460,0,0,7746,63,0,0,10,0
R211,0,local_search,0,0,0,0,0,0,0,0,0,0,0,0,0,0,0,0,0
R211,0,ils_control,0.00022160000025905902,0.00022160000025905902,1,0,0,0,3,1,0,0,0,0,0,0,0,0,0
R211,0,validation,0.0003374999996594852,0.0003374999996594852,2,0,0,0,6,2,0,0,0,0,0,0,0,0,0
R211,0,other,5.4200000704440754e-05,5.4200000704440754e-05,0,0,0,0,0,0,0,0,0,0,0,0,0,0,0
R211,1,construction,0.19077779999952327,0.19077779999952327,1,5192,758,4434,5292,1,100,0,0,4434,1222,0,0,0,0
R211,1,fleet_reduction,0.0011258999993515317,0.31006039999920176,1,0,0,0,17,1,0,0,0,0,0,0,7,7,0
R211,1,perturbation,0,0,0,0,0,0,0,0,0,0,0,0,0,0,0,0,0
R211,1,repair,0.30893449999985023,0.30893449999985023,7,11217,4295,6922,11231,0,362,0,0,6922,376,0,0,7,0
R211,1,local_search,0,0,0,0,0,0,0,0,0,0,0,0,0,0,0,0,0
R211,1,ils_control,0.00022090000038588187,0.00022090000038588187,1,0,0,0,3,1,0,0,0,0,0,0,0,0,0
R211,1,validation,0.0003116999996564118,0.0003116999996564118,2,0,0,0,6,2,0,0,0,0,0,0,0,0,0
R211,1,other,5.4000001910026185e-05,5.4000001910026185e-05,0,0,0,0,0,0,0,0,0,0,0,0,0,0,0
R211,2,construction,0.19448999999985972,0.19448999999985972,1,5192,758,4434,5292,1,100,0,0,4434,1222,0,0,0,0
R211,2,fleet_reduction,0.001373399998556124,0.32723469999928056,1,0,0,0,21,1,0,0,0,0,0,0,9,9,0
R211,2,perturbation,0,0,0,0,0,0,0,0,0,0,0,0,0,0,0,0,0
R211,2,repair,0.32586130000072444,0.32586130000072444,9,12181,4645,7536,12199,0,423,0,0,7536,313,0,0,9,0
R211,2,local_search,0,0,0,0,0,0,0,0,0,0,0,0,0,0,0,0,0
R211,2,ils_control,0.0002313999993930338,0.0002313999993930338,1,0,0,0,3,1,0,0,0,0,0,0,0,0,0
R211,2,validation,0.00033230000008188654,0.00033230000008188654,2,0,0,0,6,2,0,0,0,0,0,0,0,0,0
R211,2,other,5.570000121224439e-05,5.570000121224439e-05,0,0,0,0,0,0,0,0,0,0,0,0,0,0,0
RC101,0,construction,0.07132579999961308,0.07132579999961308,1,6468,380,6088,6568,1,100,0,0,6088,3291,0,0,0,0
RC101,0,fleet_reduction,0.017598600001292652,0.43792089999988093,1,0,0,0,292,5,0,0,0,0,0,0,11,9,0
RC101,0,perturbation,0,0,0,0,0,0,0,0,0,0,0,0,0,0,0,0,0
RC101,0,repair,0.4203222999985883,0.4203222999985883,11,42532,4426,38106,42730,0,627,1,0,38106,19423,0,0,9,0
RC101,0,local_search,0,0,0,0,0,0,0,0,0,0,0,0,0,0,0,0,0
RC101,0,ils_control,0.0002573000001575565,0.0002573000001575565,1,0,0,0,18,1,0,0,0,0,0,0,0,0,0
RC101,0,validation,0.0004625000001396984,0.0004625000001396984,2,0,0,0,38,2,0,0,0,0,0,0,0,0,0
RC101,0,other,7.160000041039893e-05,7.160000041039893e-05,0,0,0,0,0,0,0,0,0,0,0,0,0,0,0
RC101,1,construction,0.06858449999981531,0.06858449999981531,1,6468,380,6088,6568,1,100,0,0,6088,3291,0,0,0,0
RC101,1,fleet_reduction,0.018151399998714624,0.43658640000012383,1,0,0,0,292,5,0,0,0,0,0,0,11,9,0
RC101,1,perturbation,0,0,0,0,0,0,0,0,0,0,0,0,0,0,0,0,0
RC101,1,repair,0.4184350000014092,0.4184350000014092,11,42271,4526,37745,42469,0,626,20,0,37745,19763,0,0,9,0
RC101,1,local_search,0,0,0,0,0,0,0,0,0,0,0,0,0,0,0,0,0
RC101,1,ils_control,0.0002328000000488828,0.0002328000000488828,1,0,0,0,18,1,0,0,0,0,0,0,0,0,0
RC101,1,validation,0.00037350000002334127,0.00037350000002334127,2,0,0,0,38,2,0,0,0,0,0,0,0,0,0
RC101,1,other,5.5900000006658956e-05,5.5900000006658956e-05,0,0,0,0,0,0,0,0,0,0,0,0,0,0,0
RC101,2,construction,0.0695095000000947,0.0695095000000947,1,6468,380,6088,6568,1,100,0,0,6088,3291,0,0,0,0
RC101,2,fleet_reduction,0.019403599999350263,0.44609010000021954,1,0,0,0,278,3,0,0,0,0,0,0,12,11,0
RC101,2,perturbation,0,0,0,0,0,0,0,0,0,0,0,0,0,0,0,0,0
RC101,2,repair,0.4266865000008693,0.4266865000008693,12,43833,4764,39069,44053,0,658,21,0,39069,19005,0,0,11,0
RC101,2,local_search,0,0,0,0,0,0,0,0,0,0,0,0,0,0,0,0,0
RC101,2,ils_control,0.0002476999998179963,0.0002476999998179963,1,0,0,0,19,1,0,0,0,0,0,0,0,0,0
RC101,2,validation,0.00037850000080652535,0.00037850000080652535,2,0,0,0,39,2,0,0,0,0,0,0,0,0,0
RC101,2,other,5.65999989703414e-05,5.65999989703414e-05,0,0,0,0,0,0,0,0,0,0,0,0,0,0,0
RC102,0,construction,0.06750839999949676,0.06750839999949676,1,6311,582,5729,6411,1,100,0,57,5727,3563,0,0,0,0
RC102,0,fleet_reduction,0.015773099999023543,0.46142130000043835,1,0,0,0,238,3,0,0,0,0,0,0,12,11,0
RC102,0,perturbation,0,0,0,0,0,0,0,0,0,0,0,0,0,0,0,0,0
RC102,0,repair,0.4456482000014148,0.4456482000014148,12,41744,7832,33912,41933,0,683,108,0,33912,20864,0,0,11,0
RC102,0,local_search,0,0,0,0,0,0,0,0,0,0,0,0,0,0,0,0,0
RC102,0,ils_control,0.00024189999930968042,0.00024189999930968042,1,0,0,0,16,1,0,0,0,0,0,0,0,0,0
RC102,0,validation,0.00035490000027493807,0.00035490000027493807,2,0,0,0,33,2,0,0,0,0,0,0,0,0,0
RC102,0,other,5.280000095808646e-05,5.280000095808646e-05,0,0,0,0,0,0,0,0,0,0,0,0,0,0,0
RC102,1,construction,0.06713120000040362,0.06713120000040362,1,6311,582,5729,6411,1,100,0,57,5727,3563,0,0,0,0
RC102,1,fleet_reduction,0.015576000000692147,0.44742760000008275,1,0,0,0,282,5,0,0,0,0,0,0,14,12,0
RC102,1,perturbation,0,0,0,0,0,0,0,0,0,0,0,0,0,0,0,0,0
RC102,1,repair,0.4318515999993906,0.4318515999993906,14,44053,7325,36728,44256,0,765,154,0,36728,22052,0,0,12,0
RC102,1,local_search,0,0,0,0,0,0,0,0,0,0,0,0,0,0,0,0,0
RC102,1,ils_control,0.00022939999962545699,0.00022939999962545699,1,0,0,0,15,1,0,0,0,0,0,0,0,0,0
RC102,1,validation,0.00034420000065438217,0.00034420000065438217,2,0,0,0,32,2,0,0,0,0,0,0,0,0,0
RC102,1,other,5.269999928714242e-05,5.269999928714242e-05,0,0,0,0,0,0,0,0,0,0,0,0,0,0,0
RC102,2,construction,0.06906780000008439,0.06906780000008439,1,6311,582,5729,6411,1,100,0,57,5727,3563,0,0,0,0
RC102,2,fleet_reduction,0.015904199999567936,0.472834199999852,1,0,0,0,209,1,0,0,0,0,0,0,12,12,0
RC102,2,perturbation,0,0,0,0,0,0,0,0,0,0,0,0,0,0,0,0,0
RC102,2,repair,0.45693000000028405,0.45693000000028405,12,44152,7924,36228,44344,0,705,146,0,36228,22331,0,0,12,0
RC102,2,local_search,0,0,0,0,0,0,0,0,0,0,0,0,0,0,0,0,0
RC102,2,ils_control,0.0002387000004091533,0.0002387000004091533,1,0,0,0,17,1,0,0,0,0,0,0,0,0,0
RC102,2,validation,0.00037429999974847306,0.00037429999974847306,2,0,0,0,34,2,0,0,0,0,0,0,0,0,0
RC102,2,other,5.759999930887716e-05,5.759999930887716e-05,0,0,0,0,0,0,0,0,0,0,0,0,0,0,0
RC103,0,construction,0.0769321999996464,0.0769321999996464,1,5994,361,5633,6094,1,100,0,236,5630,4543,0,0,0,0
RC103,0,fleet_reduction,0.011587499999222928,0.4561604999998963,1,0,0,0,181,1,0,0,0,0,0,0,14,14,0
RC103,0,perturbation,0,0,0,0,0,0,0,0,0,0,0,0,0,0,0,0,0
RC103,0,repair,0.44457300000067335,0.44457300000067335,14,40933,9717,31216,41101,0,792,236,0,31216,23092,0,0,14,0
RC103,0,local_search,0,0,0,0,0,0,0,0,0,0,0,0,0,0,0,0,0
RC103,0,ils_control,0.00023800000053597614,0.00023800000053597614,1,0,0,0,13,1,0,0,0,0,0,0,0,0,0
RC103,0,validation,0.0003438000003370689,0.0003438000003370689,2,0,0,0,26,2,0,0,0,0,0,0,0,0,0
RC103,0,other,5.7500000366417225e-05,5.7500000366417225e-05,0,0,0,0,0,0,0,0,0,0,0,0,0,0,0
RC103,1,construction,0.07948279999982333,0.07948279999982333,1,5994,361,5633,6094,1,100,0,236,5630,4543,0,0,0,0
RC103,1,fleet_reduction,0.013847099999111379,0.44280949999938457,1,0,0,0,203,3,0,0,0,0,0,0,15,14,0
RC103,1,perturbation,0,0,0,0,0,0,0,0,0,0,0,0,0,0,0,0,0
RC103,1,repair,0.4289624000002732,0.4289624000002732,15,37115,8248,28867,37281,0,761,263,0,28867,21358,0,0,14,0
RC103,1,local_search,0,0,0,0,0,0,0,0,0,0,0,0,0,0,0,0,0
RC103,1,ils_control,0.00023330000021815067,0.00023330000021815067,1,0,0,0,12,1,0,0,0,0,0,0,0,0,0
RC103,1,validation,0.00035400000069785165,0.00035400000069785165,2,0,0,0,25,2,0,0,0,0,0,0,0,0,0
RC103,1,other,5.449999935080996e-05,5.449999935080996e-05,0,0,0,0,0,0,0,0,0,0,0,0,0,0,0
RC103,2,construction,0.07893239999975776,0.07893239999975776,1,5994,361,5633,6094,1,100,0,236,5630,4543,0,0,0,0
RC103,2,fleet_reduction,0.009025099999234953,0.450904499999524,1,0,0,0,133,1,0,0,0,0,0,0,10,10,0
RC103,2,perturbation,0,0,0,0,0,0,0,0,0,0,0,0,0,0,0,0,0
RC103,2,repair,0.441879400000289,0.441879400000289,10,37020,7186,29834,37140,0,661,193,0,29834,22630,0,0,10,0
RC103,2,local_search,0,0,0,0,0,0,0,0,0,0,0,0,0,0,0,0,0
RC103,2,ils_control,0.00023610000062035397,0.00023610000062035397,1,0,0,0,13,1,0,0,0,0,0,0,0,0,0
RC103,2,validation,0.0003599999990910874,0.0003599999990910874,2,0,0,0,26,2,0,0,0,0,0,0,0,0,0
RC103,2,other,5.63000012334669e-05,5.63000012334669e-05,0,0,0,0,0,0,0,0,0,0,0,0,0,0,0
RC104,0,construction,0.07707190000019182,0.07707190000019182,1,5887,283,5604,5987,1,100,0,8,5604,5228,0,0,0,0
RC104,0,fleet_reduction,0.007037200000922894,0.44351690000075905,1,0,0,0,155,5,0,0,0,0,0,0,8,6,0
RC104,0,perturbation,0,0,0,0,0,0,0,0,0,0,0,0,0,0,0,0,0
RC104,0,repair,0.43647969999983616,0.43647969999983616,8,35226,7802,27424,35317,0,627,386,0,27424,24401,0,0,6,0
RC104,0,local_search,0,0,0,0,0,0,0,0,0,0,0,0,0,0,0,0,0
RC104,0,ils_control,0.0002279999998791027,0.0002279999998791027,1,0,0,0,12,1,0,0,0,0,0,0,0,0,0
RC104,0,validation,0.00034779999987222254,0.00034779999987222254,2,0,0,0,26,2,0,0,0,0,0,0,0,0,0
RC104,0,other,5.6099998801073525e-05,5.6099998801073525e-05,0,0,0,0,0,0,0,0,0,0,0,0,0,0,0
RC104,1,construction,0.07605549999971117,0.07605549999971117,1,5887,283,5604,5987,1,100,0,8,5604,5228,0,0,0,0
RC104,1,fleet_reduction,0.008209699999497388,0.4745687000004182,1,0,0,0,188,7,0,0,0,0,0,0,9,6,0
RC104,1,perturbation,0,0,0,0,0,0,0,0,0,0,0,0,0,0,0,0,0
RC104,1,repair,0.4663590000009208,0.4663590000009208,9,37777,8980,28797,37879,0,703,579,0,28797,25548,0,0,6,0
RC104,1,local_search,0,0,0,0,0,0,0,0,0,0,0,0,0,0,0,0,0
RC104,1,ils_control,0.0001864000005298294,0.0001864000005298294,1,0,0,0,11,1,0,0,0,0,0,0,0,0,0
RC104,1,validation,0.0003436999995756196,0.0003436999995756196,2,0,0,0,25,2,0,0,0,0,0,0,0,0,0
RC104,1,other,5.849999979545828e-05,5.849999979545828e-05,0,0,0,0,0,0,0,0,0,0,0,0,0,0,0
RC104,2,construction,0.07613390000005893,0.07613390000005893,1,5887,283,5604,5987,1,100,0,8,5604,5228,0,0,0,0
RC104,2,fleet_reduction,0.008065700000770448,0.4841249000000971,1,0,0,0,166,5,0,0,0,0,0,0,9,7,0
RC104,2,perturbation,0,0,0,0,0,0,0,0,0,0,0,0,0,0,0,0,0
RC104,2,repair,0.47605919999932667,0.47605919999932667,9,38059,9402,28657,38161,0,704,561,0,28657,24875,0,0,7,0
RC104,2,local_search,0,0,0,0,0,0,0,0,0,0,0,0,0,0,0,0,0
RC104,2,ils_control,0.00023719999990134966,0.00023719999990134966,1,0,0,0,12,1,0,0,0,0,0,0,0,0,0
RC104,2,validation,0.0003465999998297775,0.0003465999998297775,2,0,0,0,26,2,0,0,0,0,0,0,0,0,0
RC104,2,other,6.08000000283937e-05,6.08000000283937e-05,0,0,0,0,0,0,0,0,0,0,0,0,0,0,0
RC105,0,construction,0.0703019000002314,0.0703019000002314,1,6301,368,5933,6401,1,100,0,0,5933,3547,0,0,0,0
RC105,0,fleet_reduction,0.016075500000624743,0.43095220000031986,1,0,0,0,209,1,0,0,0,0,0,0,12,12,0
RC105,0,perturbation,0,0,0,0,0,0,0,0,0,0,0,0,0,0,0,0,0
RC105,0,repair,0.4148766999996951,0.4148766999996951,12,40702,6893,33809,40894,0,666,81,0,33809,19679,0,0,12,0
RC105,0,local_search,0,0,0,0,0,0,0,0,0,0,0,0,0,0,0,0,0
RC105,0,ils_control,0.00023350000083155464,0.00023350000083155464,1,0,0,0,17,1,0,0,0,0,0,0,0,0,0
RC105,0,validation,0.0003585999993447331,0.0003585999993447331,2,0,0,0,34,2,0,0,0,0,0,0,0,0,0
RC105,0,other,5.3699999625678174e-05,5.3699999625678174e-05,0,0,0,0,0,0,0,0,0,0,0,0,0,0,0
RC105,1,construction,0.06835870000031719,0.06835870000031719,1,6301,368,5933,6401,1,100,0,0,5933,3547,0,0,0,0
RC105,1,fleet_reduction,0.01423980000163283,0.4400156000001516,1,0,0,0,223,3,0,0,0,0,0,0,11,10,0
RC105,1,perturbation,0,0,0,0,0,0,0,0,0,0,0,0,0,0,0,0,0
RC105,1,repair,0.4257757999985188,0.4257757999985188,11,42810,6109,36701,42984,0,670,4,0,36701,21095,0,0,10,0
RC105,1,local_search,0,0,0,0,0,0,0,0,0,0,0,0,0,0,0,0,0
RC105,1,ils_control,0.00023100000089470996,0.00023100000089470996,1,0,0,0,16,1,0,0,0,0,0,0,0,0,0
RC105,1,validation,0.0003538999999364023,0.0003538999999364023,2,0,0,0,33,2,0,0,0,0,0,0,0,0,0
RC105,1,other,5.479999799717916e-05,5.479999799717916e-05,0,0,0,0,0,0,0,0,0,0,0,0,0,0,0
RC105,2,construction,0.0713023999996949,0.0713023999996949,1,6301,368,5933,6401,1,100,0,0,5933,3547,0,0,0,0
RC105,2,fleet_reduction,0.019570200000089244,0.44947469999988243,1,0,0,0,275,3,0,0,0,0,0,0,15,14,0
RC105,2,perturbation,0,0,0,0,0,0,0,0,0,0,0,0,0,0,0,0,0
RC105,2,repair,0.4299044999997932,0.4299044999997932,15,42861,7285,35576,43087,0,747,78,0,35576,20340,0,0,14,0
RC105,2,local_search,0,0,0,0,0,0,0,0,0,0,0,0,0,0,0,0,0
RC105,2,ils_control,0.0002283000003444613,0.0002283000003444613,1,0,0,0,16,1,0,0,0,0,0,0,0,0,0
RC105,2,validation,0.0003583999996408238,0.0003583999996408238,2,0,0,0,33,2,0,0,0,0,0,0,0,0,0
RC105,2,other,5.280000095808646e-05,5.280000095808646e-05,0,0,0,0,0,0,0,0,0,0,0,0,0,0,0
RC106,0,construction,0.06667829999969399,0.06667829999969399,1,6274,332,5942,6374,1,100,0,0,5942,3630,0,0,0,0
RC106,0,fleet_reduction,0.012047499997606792,0.46778939999967406,1,0,0,0,247,7,0,0,0,0,0,0,9,6,0
RC106,0,perturbation,0,0,0,0,0,0,0,0,0,0,0,0,0,0,0,0,0
RC106,0,repair,0.45574190000206727,0.45574190000206727,9,40961,5664,35297,41094,0,628,64,0,35297,21378,0,0,6,0
RC106,0,local_search,0,0,0,0,0,0,0,0,0,0,0,0,0,0,0,0,0
RC106,0,ils_control,0.0002443000003040652,0.0002443000003040652,1,0,0,0,15,1,0,0,0,0,0,0,0,0,0
RC106,0,validation,0.0003710000009959913,0.0003710000009959913,2,0,0,0,33,2,0,0,0,0,0,0,0,0,0
RC106,0,other,5.809999947814504e-05,5.809999947814504e-05,0,0,0,0,0,0,0,0,0,0,0,0,0,0,0
RC106,1,construction,0.0646126000001459,0.0646126000001459,1,6274,332,5942,6374,1,100,0,0,5942,3630,0,0,0,0
RC106,1,fleet_reduction,0.01107059999867488,0.45513240000036603,1,0,0,0,236,7,0,0,0,0,0,0,8,5,0
RC106,1,perturbation,0,0,0,0,0,0,0,0,0,0,0,0,0,0,0,0,0
RC106,1,repair,0.44406180000169115,0.44406180000169115,8,40293,5506,34787,40415,0,596,92,0,34787,21228,0,0,5,0
RC106,1,local_search,0,0,0,0,0,0,0,0,0,0,0,0,0,0,0,0,0
RC106,1,ils_control,0.00020839999979216373,0.00020839999979216373,1,0,0,0,15,1,0,0,0,0,0,0,0,0,0
RC106,1,validation,0.00035169999955542153,0.00035169999955542153,2,0,0,0,33,2,0,0,0,0,0,0,0,0,0
RC106,1,other,5.359999977372354e-05,5.359999977372354e-05,0,0,0,0,0,0,0,0,0,0,0,0,0,0,0
RC106,2,construction,0.06653490000007878,0.06653490000007878,1,6274,332,5942,6374,1,100,0,0,5942,3630,0,0,0,0
RC106,2,fleet_reduction,0.011449999998148996,0.4673334999997678,1,0,0,0,237,7,0,0,0,0,0,0,8,5,0
RC106,2,perturbation,0,0,0,0,0,0,0,0,0,0,0,0,0,0,0,0,0
RC106,2,repair,0.4558835000016188,0.4558835000016188,8,39809,5690,34119,39932,0,598,160,0,34119,21188,0,0,5,0
RC106,2,local_search,0,0,0,0,0,0,0,0,0,0,0,0,0,0,0,0,0
RC106,2,ils_control,0.00021749999996245606,0.00021749999996245606,1,0,0,0,15,1,0,0,0,0,0,0,0,0,0
RC106,2,validation,0.00035960000059276354,0.00035960000059276354,2,0,0,0,33,2,0,0,0,0,0,0,0,0,0
RC106,2,other,5.650000002788147e-05,5.650000002788147e-05,0,0,0,0,0,0,0,0,0,0,0,0,0,0,0
RC107,0,construction,0.06970120000005409,0.06970120000005409,1,6097,283,5814,6197,1,100,0,16,5814,4180,0,0,0,0
RC107,0,fleet_reduction,0.009493800001109776,0.4323680000006789,1,0,0,0,217,7,0,0,0,0,0,0,8,5,0
RC107,0,perturbation,0,0,0,0,0,0,0,0,0,0,0,0,0,0,0,0,0
RC107,0,repair,0.4228741999995691,0.4228741999995691,8,36772,6696,30076,36882,0,583,125,0,30076,19929,0,0,5,0
RC107,0,local_search,0,0,0,0,0,0,0,0,0,0,0,0,0,0,0,0,0
RC107,0,ils_control,0.0002297000000908156,0.0002297000000908156,1,0,0,0,14,1,0,0,0,0,0,0,0,0,0
RC107,0,validation,0.00035349999961908907,0.00035349999961908907,2,0,0,0,31,2,0,0,0,0,0,0,0,0,0
RC107,0,other,5.639999926643213e-05,5.639999926643213e-05,0,0,0,0,0,0,0,0,0,0,0,0,0,0,0
RC107,1,construction,0.07303560000036668,0.07303560000036668,1,6097,283,5814,6197,1,100,0,16,5814,4180,0,0,0,0
RC107,1,fleet_reduction,0.010640099999363883,0.42832520000047225,1,0,0,0,217,7,0,0,0,0,0,0,8,5,0
RC107,1,perturbation,0,0,0,0,0,0,0,0,0,0,0,0,0,0,0,0,0
RC107,1,repair,0.41768510000110837,0.41768510000110837,8,35810,6900,28910,35920,0,576,163,0,28910,18444,0,0,5,0
RC107,1,local_search,0,0,0,0,0,0,0,0,0,0,0,0,0,0,0,0,0
RC107,1,ils_control,0.00023010000040812884,0.00023010000040812884,1,0,0,0,14,1,0,0,0,0,0,0,0,0,0
RC107,1,validation,0.00036019999970449135,0.00036019999970449135,2,0,0,0,31,2,0,0,0,0,0,0,0,0,0
RC107,1,other,5.9499999224499334e-05,5.9499999224499334e-05,0,0,0,0,0,0,0,0,0,0,0,0,0,0,0
RC107,2,construction,0.07257410000056552,0.07257410000056552,1,6097,283,5814,6197,1,100,0,16,5814,4180,0,0,0,0
RC107,2,fleet_reduction,0.010309999999662978,0.4401116999997612,1,0,0,0,221,7,0,0,0,0,0,0,8,5,0
RC107,2,perturbation,0,0,0,0,0,0,0,0,0,0,0,0,0,0,0,0,0
RC107,2,repair,0.4298017000000982,0.4298017000000982,8,37503,7128,30375,37617,0,589,157,0,30375,20139,0,0,5,0
RC107,2,local_search,0,0,0,0,0,0,0,0,0,0,0,0,0,0,0,0,0
RC107,2,ils_control,0.00022950000038690632,0.00022950000038690632,1,0,0,0,14,1,0,0,0,0,0,0,0,0,0
RC107,2,validation,0.0003587000001061824,0.0003587000001061824,2,0,0,0,31,2,0,0,0,0,0,0,0,0,0
RC107,2,other,6.209999901329866e-05,6.209999901329866e-05,0,0,0,0,0,0,0,0,0,0,0,0,0,0,0
RC108,0,construction,0.07261430000016844,0.07261430000016844,1,6001,290,5711,6101,1,100,0,0,5711,4434,0,0,0,0
RC108,0,fleet_reduction,0.010822699999152974,0.4609463999995569,1,0,0,0,161,3,0,0,0,0,0,0,9,8,0
RC108,0,perturbation,0,0,0,0,0,0,0,0,0,0,0,0,0,0,0,0,0
RC108,0,repair,0.4501237000004039,0.4501237000004039,9,37664,9922,27742,37782,0,650,360,0,27742,20887,0,0,8,0
RC108,0,local_search,0,0,0,0,0,0,0,0,0,0,0,0,0,0,0,0,0
RC108,0,ils_control,0.00024290000055771088,0.00024290000055771088,1,0,0,0,14,1,0,0,0,0,0,0,0,0,0
RC108,0,validation,0.0003527999997459119,0.0003527999997459119,2,0,0,0,29,2,0,0,0,0,0,0,0,0,0
RC108,0,other,5.760000021837186e-05,5.760000021837186e-05,0,0,0,0,0,0,0,0,0,0,0,0,0,0,0
RC108,1,construction,0.07461810000040714,0.07461810000040714,1,6001,290,5711,6101,1,100,0,0,5711,4434,0,0,0,0
RC108,1,fleet_reduction,0.010433299998112489,0.46223299999928713,1,0,0,0,161,3,0,0,0,0,0,0,9,8,0
RC108,1,perturbation,0,0,0,0,0,0,0,0,0,0,0,0,0,0,0,0,0
RC108,1,repair,0.45179970000117464,0.45179970000117464,9,38099,10225,27874,38217,0,658,390,0,27874,21163,0,0,8,0
RC108,1,local_search,0,0,0,0,0,0,0,0,0,0,0,0,0,0,0,0,0
RC108,1,ils_control,0.0002457999999023741,0.0002457999999023741,1,0,0,0,14,1,0,0,0,0,0,0,0,0,0
RC108,1,validation,0.00035679999928106554,0.00035679999928106554,2,0,0,0,29,2,0,0,0,0,0,0,0,0,0
RC108,1,other,6.050000047252979e-05,6.050000047252979e-05,0,0,0,0,0,0,0,0,0,0,0,0,0,0,0
RC108,2,construction,0.07124409999960335,0.07124409999960335,1,6001,290,5711,6101,1,100,0,0,5711,4434,0,0,0,0
RC108,2,fleet_reduction,0.009092700001929188,0.46123830000033195,1,0,0,0,161,3,0,0,0,0,0,0,9,8,0
RC108,2,perturbation,0,0,0,0,0,0,0,0,0,0,0,0,0,0,0,0,0
RC108,2,repair,0.45214559999840276,0.45214559999840276,9,39904,10228,29676,40022,0,660,231,0,29676,22967,0,0,8,0
RC108,2,local_search,0,0,0,0,0,0,0,0,0,0,0,0,0,0,0,0,0
RC108,2,ils_control,0.00022369999987859046,0.00022369999987859046,1,0,0,0,14,1,0,0,0,0,0,0,0,0,0
RC108,2,validation,0.0003425999993851292,0.0003425999993851292,2,0,0,0,29,2,0,0,0,0,0,0,0,0,0
RC108,2,other,5.5100001191021875e-05,5.5100001191021875e-05,0,0,0,0,0,0,0,0,0,0,0,0,0,0,0
RC201,0,construction,0.1821116000000984,0.1821116000000984,1,5387,369,5018,5487,1,100,0,0,5018,1575,0,0,0,0
RC201,0,fleet_reduction,0.002474299998539209,0.32248840000011114,1,0,0,0,45,1,0,0,0,0,0,0,10,10,0
RC201,0,perturbation,0,0,0,0,0,0,0,0,0,0,0,0,0,0,0,0,0
RC201,0,repair,0.32001410000157193,0.32001410000157193,10,16935,2347,14588,16975,0,480,0,0,14588,1139,0,0,10,0
RC201,0,local_search,0,0,0,0,0,0,0,0,0,0,0,0,0,0,0,0,0
RC201,0,ils_control,0.00022329999956127722,0.00022329999956127722,1,0,0,0,5,1,0,0,0,0,0,0,0,0,0
RC201,0,validation,0.00033149999944726005,0.00033149999944726005,2,0,0,0,10,2,0,0,0,0,0,0,0,0,0
RC201,0,other,5.020000025979243e-05,5.020000025979243e-05,0,0,0,0,0,0,0,0,0,0,0,0,0,0,0
RC201,1,construction,0.1377889999994295,0.1377889999994295,1,5387,369,5018,5487,1,100,0,0,5018,1575,0,0,0,0
RC201,1,fleet_reduction,0.00396929999897111,0.36300000000028376,1,0,0,0,70,3,0,0,0,0,0,0,18,17,0
RC201,1,perturbation,0,0,0,0,0,0,0,0,0,0,0,0,0,0,0,0,0
RC201,1,repair,0.35903070000131265,0.35903070000131265,18,17804,2589,15215,17861,0,611,0,0,15215,1772,0,0,17,0
RC201,1,local_search,0,0,0,0,0,0,0,0,0,0,0,0,0,0,0,0,0
RC201,1,ils_control,0.00021739999920100672,0.00021739999920100672,1,0,0,0,4,1,0,0,0,0,0,0,0,0,0
RC201,1,validation,0.00033010000061040046,0.00033010000061040046,2,0,0,0,9,2,0,0,0,0,0,0,0,0,0
RC201,1,other,5.560000045079505e-05,5.560000045079505e-05,0,0,0,0,0,0,0,0,0,0,0,0,0,0,0
RC201,2,construction,0.13661749999937456,0.13661749999937456,1,5387,369,5018,5487,1,100,0,0,5018,1575,0,0,0,0
RC201,2,fleet_reduction,0.003024199999345001,0.4242151999997077,1,0,0,0,49,1,0,0,0,0,0,0,11,11,0
RC201,2,perturbation,0,0,0,0,0,0,0,0,0,0,0,0,0,0,0,0,0
RC201,2,repair,0.4211910000003627,0.4211910000003627,11,21334,2759,18575,21378,0,570,0,0,18575,2022,0,0,11,0
RC201,2,local_search,0,0,0,0,0,0,0,0,0,0,0,0,0,0,0,0,0
RC201,2,ils_control,0.00022050000006856862,0.00022050000006856862,1,0,0,0,5,1,0,0,0,0,0,0,0,0,0
RC201,2,validation,0.0003209000005881535,0.0003209000005881535,2,0,0,0,10,2,0,0,0,0,0,0,0,0,0
RC201,2,other,5.63000003239722e-05,5.63000003239722e-05,0,0,0,0,0,0,0,0,0,0,0,0,0,0,0
RC202,0,construction,0.14255679999951099,0.14255679999951099,1,5370,639,4731,5470,1,100,0,0,4731,1420,0,0,0,0
RC202,0,fleet_reduction,0.0026141000007555704,0.36092379999990953,1,0,0,0,47,3,0,0,0,0,0,0,11,10,0
RC202,0,perturbation,0,0,0,0,0,0,0,0,0,0,0,0,0,0,0,0,0
RC202,0,repair,0.35830969999915396,0.35830969999915396,11,15496,3296,12200,15530,0,457,0,0,12200,2454,0,0,10,0
RC202,0,local_search,0,0,0,0,0,0,0,0,0,0,0,0,0,0,0,0,0
RC202,0,ils_control,0.0002162000000680564,0.0002162000000680564,1,0,0,0,4,1,0,0,0,0,0,0,0,0,0
RC202,0,validation,0.00033739999980753055,0.00033739999980753055,2,0,0,0,9,2,0,0,0,0,0,0,0,0,0
RC202,0,other,5.750000127591193e-05,5.750000127591193e-05,0,0,0,0,0,0,0,0,0,0,0,0,0,0,0
RC202,1,construction,0.1253508999998303,0.1253508999998303,1,5370,639,4731,5470,1,100,0,0,4731,1420,0,0,0,0
RC202,1,fleet_reduction,0.002627099999699567,0.4012391000005664,1,0,0,0,50,3,0,0,0,0,0,0,12,11,0
RC202,1,perturbation,0,0,0,0,0,0,0,0,0,0,0,0,0,0,0,0,0
RC202,1,repair,0.39861200000086683,0.39861200000086683,12,18084,3977,14107,18121,0,524,0,0,14107,2526,0,0,11,0
RC202,1,local_search,0,0,0,0,0,0,0,0,0,0,0,0,0,0,0,0,0
RC202,1,ils_control,0.00022499999977299012,0.00022499999977299012,1,0,0,0,4,1,0,0,0,0,0,0,0,0,0
RC202,1,validation,0.00032049999936134554,0.00032049999936134554,2,0,0,0,9,2,0,0,0,0,0,0,0,0,0
RC202,1,other,5.599999985861359e-05,5.599999985861359e-05,0,0,0,0,0,0,0,0,0,0,0,0,0,0,0
RC202,2,construction,0.12893160000021453,0.12893160000021453,1,5370,639,4731,5470,1,100,0,0,4731,1420,0,0,0,0
RC202,2,fleet_reduction,0.0025142999993477133,0.3717633999995087,1,0,0,0,44,3,0,0,0,0,0,0,10,9,0
RC202,2,perturbation,0,0,0,0,0,0,0,0,0,0,0,0,0,0,0,0,0
RC202,2,repair,0.369249100000161,0.369249100000161,10,15798,3376,12422,15829,0,447,0,0,12422,2097,0,0,9,0
RC202,2,local_search,0,0,0,0,0,0,0,0,0,0,0,0,0,0,0,0,0
RC202,2,ils_control,0.0002137000001312117,0.0002137000001312117,1,0,0,0,4,1,0,0,0,0,0,0,0,0,0
RC202,2,validation,0.00032929999997577397,0.00032929999997577397,2,0,0,0,9,2,0,0,0,0,0,0,0,0,0
RC202,2,other,5.500000042957254e-05,5.500000042957254e-05,0,0,0,0,0,0,0,0,0,0,0,0,0,0,0
RC203,0,construction,0.13068250000014814,0.13068250000014814,1,5377,1185,4192,5477,1,100,0,0,4192,965,0,0,0,0
RC203,0,fleet_reduction,0.0018804999999701977,0.4405962000000727,1,0,0,0,35,5,0,0,0,0,0,0,5,3,0
RC203,0,perturbation,0,0,0,0,0,0,0,0,0,0,0,0,0,0,0,0,0
RC203,0,repair,0.4387157000001025,0.4387157000001025,5,15988,4518,11470,16004,0,347,0,0,11470,2978,0,0,3,0
RC203,0,local_search,0,0,0,0,0,0,0,0,0,0,0,0,0,0,0,0,0
RC203,0,ils_control,0.00018619999991642544,0.00018619999991642544,1,0,0,0,3,1,0,0,0,0,0,0,0,0,0
RC203,0,validation,0.00031829999988985946,0.00031829999988985946,2,0,0,0,8,2,0,0,0,0,0,0,0,0,0
RC203,0,other,6.049999956303509e-05,6.049999956303509e-05,0,0,0,0,0,0,0,0,0,0,0,0,0,0,0
RC203,1,construction,0.13341080000009242,0.13341080000009242,1,5377,1185,4192,5477,1,100,0,0,4192,965,0,0,0,0
RC203,1,fleet_reduction,0.001643300000068848,0.3881385999993654,1,0,0,0,30,5,0,0,0,0,0,0,4,2,0
RC203,1,perturbation,0,0,0,0,0,0,0,0,0,0,0,0,0,0,0,0,0
RC203,1,repair,0.38649529999929655,0.38649529999929655,4,12199,3505,8694,12210,0,254,0,0,8694,2823,0,0,2,0
RC203,1,local_search,0,0,0,0,0,0,0,0,0,0,0,0,0,0,0,0,0
RC203,1,ils_control,0.00021850000030099181,0.00021850000030099181,1,0,0,0,3,1,0,0,0,0,0,0,0,0,0
RC203,1,validation,0.00033179999991261866,0.00033179999991261866,2,0,0,0,8,2,0,0,0,0,0,0,0,0,0
RC203,1,other,5.63000003239722e-05,5.63000003239722e-05,0,0,0,0,0,0,0,0,0,0,0,0,0,0,0
RC203,2,construction,0.13647799999944255,0.13647799999944255,1,5377,1185,4192,5477,1,100,0,0,4192,965,0,0,0,0
RC203,2,fleet_reduction,0.00123870000061288,0.3729951000004803,1,0,0,0,23,3,0,0,0,0,0,0,3,2,0
RC203,2,perturbation,0,0,0,0,0,0,0,0,0,0,0,0,0,0,0,0,0
RC203,2,repair,0.3717563999998674,0.3717563999998674,3,13005,3995,9010,13015,0,256,0,0,9010,2361,0,0,2,0
RC203,2,local_search,0,0,0,0,0,0,0,0,0,0,0,0,0,0,0,0,0
RC203,2,ils_control,0.00021389999983512098,0.00021389999983512098,1,0,0,0,4,1,0,0,0,0,0,0,0,0,0
RC203,2,validation,0.0003203999995093909,0.0003203999995093909,2,0,0,0,9,2,0,0,0,0,0,0,0,0,0
RC203,2,other,5.77000009798212e-05,5.77000009798212e-05,0,0,0,0,0,0,0,0,0,0,0,0,0,0,0
RC204,0,construction,0.18986690000019735,0.18986690000019735,1,5183,999,4184,5283,1,100,0,0,4184,2791,0,0,0,0
RC204,0,fleet_reduction,0.0007698999988861033,0.3366489999998521,1,0,0,0,11,1,0,0,0,0,0,0,4,4,0
RC204,0,perturbation,0,0,0,0,0,0,0,0,0,0,0,0,0,0,0,0,0
RC204,0,repair,0.335879100000966,0.335879100000966,4,9330,2968,6362,9338,0,254,0,0,6362,3851,0,0,4,0
RC204,0,local_search,0,0,0,0,0,0,0,0,0,0,0,0,0,0,0,0,0
RC204,0,ils_control,0.0002122999994753627,0.0002122999994753627,1,0,0,0,3,1,0,0,0,0,0,0,0,0,0
RC204,0,validation,0.0003083000001424807,0.0003083000001424807,2,0,0,0,6,2,0,0,0,0,0,0,0,0,0
RC204,0,other,5.400000009103678e-05,5.400000009103678e-05,0,0,0,0,0,0,0,0,0,0,0,0,0,0,0
RC204,1,construction,0.19454810000024736,0.19454810000024736,1,5183,999,4184,5283,1,100,0,0,4184,2791,0,0,0,0
RC204,1,fleet_reduction,0.0009256000003006193,0.3703298000000359,1,0,0,0,15,1,0,0,0,0,0,0,6,6,0
RC204,1,perturbation,0,0,0,0,0,0,0,0,0,0,0,0,0,0,0,0,0
RC204,1,repair,0.3694041999997353,0.3694041999997353,6,10389,4675,5714,10401,0,285,1,0,5714,3011,0,0,6,0
RC204,1,local_search,0,0,0,0,0,0,0,0,0,0,0,0,0,0,0,0,0
RC204,1,ils_control,0.00020869999934802763,0.00020869999934802763,1,0,0,0,3,1,0,0,0,0,0,0,0,0,0
RC204,1,validation,0.00031370000033348333,0.00031370000033348333,2,0,0,0,6,2,0,0,0,0,0,0,0,0,0
RC204,1,other,5.4799999816168565e-05,5.4799999816168565e-05,0,0,0,0,0,0,0,0,0,0,0,0,0,0,0
RC204,2,construction,0.2011474000000817,0.2011474000000817,1,5183,999,4184,5283,1,100,0,0,4184,2791,0,0,0,0
RC204,2,fleet_reduction,0.0010511999989830656,0.4573531999994884,1,0,0,0,15,1,0,0,0,0,0,0,6,6,0
RC204,2,perturbation,0,0,0,0,0,0,0,0,0,0,0,0,0,0,0,0,0
RC204,2,repair,0.45630200000050536,0.45630200000050536,6,12141,5590,6551,12153,0,335,2,0,6551,3413,0,0,6,0
RC204,2,local_search,0,0,0,0,0,0,0,0,0,0,0,0,0,0,0,0,0
RC204,2,ils_control,0.00022949999947741162,0.00022949999947741162,1,0,0,0,3,1,0,0,0,0,0,0,0,0,0
RC204,2,validation,0.00032190000092668924,0.00032190000092668924,2,0,0,0,6,2,0,0,0,0,0,0,0,0,0
RC204,2,other,5.6400000175926834e-05,5.6400000175926834e-05,0,0,0,0,0,0,0,0,0,0,0,0,0,0,0
RC205,0,construction,0.1675281999996514,0.1675281999996514,1,5361,552,4809,5461,1,100,0,0,4809,1379,0,0,0,0
RC205,0,fleet_reduction,0.003375899997081433,0.36310990000038146,1,0,0,0,62,3,0,0,0,0,0,0,16,15,0
RC205,0,perturbation,0,0,0,0,0,0,0,0,0,0,0,0,0,0,0,0,0
RC205,0,repair,0.3597340000033,0.3597340000033,16,16754,3507,13247,16803,0,561,0,0,13247,2163,0,0,15,0
RC205,0,local_search,0,0,0,0,0,0,0,0,0,0,0,0,0,0,0,0,0
RC205,0,ils_control,0.0002299999996466795,0.0002299999996466795,1,0,0,0,4,1,0,0,0,0,0,0,0,0,0
RC205,0,validation,0.0003360999999131309,0.0003360999999131309,2,0,0,0,9,2,0,0,0,0,0,0,0,0,0
RC205,0,other,5.979999968985794e-05,5.979999968985794e-05,0,0,0,0,0,0,0,0,0,0,0,0,0,0,0
RC205,1,construction,0.14399630000025354,0.14399630000025354,1,5361,552,4809,5461,1,100,0,0,4809,1379,0,0,0,0
RC205,1,fleet_reduction,0.0026438000004418427,0.3638810000002195,1,0,0,0,41,1,0,0,0,0,0,0,9,9,0
RC205,1,perturbation,0,0,0,0,0,0,0,0,0,0,0,0,0,0,0,0,0
RC205,1,repair,0.36123719999977766,0.36123719999977766,9,18597,3505,15092,18633,0,495,0,0,15092,1025,0,0,9,0
RC205,1,local_search,0,0,0,0,0,0,0,0,0,0,0,0,0,0,0,0,0
RC205,1,ils_control,0.0002502999996067956,0.0002502999996067956,1,0,0,0,5,1,0,0,0,0,0,0,0,0,0
RC205,1,validation,0.00033039999925676966,0.00033039999925676966,2,0,0,0,10,2,0,0,0,0,0,0,0,0,0
RC205,1,other,5.980000059935264e-05,5.980000059935264e-05,0,0,0,0,0,0,0,0,0,0,0,0,0,0,0
RC205,2,construction,0.15252679999957763,0.15252679999957763,1,5361,552,4809,5461,1,100,0,0,4809,1379,0,0,0,0
RC205,2,fleet_reduction,0.0027106000006824615,0.35659339999983786,1,0,0,0,51,3,0,0,0,0,0,0,11,10,0
RC205,2,perturbation,0,0,0,0,0,0,0,0,0,0,0,0,0,0,0,0,0
RC205,2,repair,0.3538827999991554,0.3538827999991554,11,17027,3210,13817,17065,0,479,0,0,13817,2180,0,0,10,0
RC205,2,local_search,0,0,0,0,0,0,0,0,0,0,0,0,0,0,0,0,0
RC205,2,ils_control,0.00020670000048994552,0.00020670000048994552,1,0,0,0,4,1,0,0,0,0,0,0,0,0,0
RC205,2,validation,0.0003318999997645733,0.0003318999997645733,2,0,0,0,9,2,0,0,0,0,0,0,0,0,0
RC205,2,other,5.200000032345997e-05,5.200000032345997e-05,0,0,0,0,0,0,0,0,0,0,0,0,0,0,0
RC206,0,construction,0.14521719999993365,0.14521719999993365,1,5335,529,4806,5435,1,100,0,0,4806,1207,0,0,0,0
RC206,0,fleet_reduction,0.002145899999050016,0.4137033999995765,1,0,0,0,38,3,0,0,0,0,0,0,8,7,0
RC206,0,perturbation,0,0,0,0,0,0,0,0,0,0,0,0,0,0,0,0,0
RC206,0,repair,0.4115575000005265,0.4115575000005265,8,16962,3253,13709,16987,0,449,0,0,13709,2042,0,0,7,0
RC206,0,local_search,0,0,0,0,0,0,0,0,0,0,0,0,0,0,0,0,0
RC206,0,ils_control,0.00024149999990186188,0.00024149999990186188,1,0,0,0,4,1,0,0,0,0,0,0,0,0,0
RC206,0,validation,0.00033510000048408983,0.00033510000048408983,2,0,0,0,9,2,0,0,0,0,0,0,0,0,0
RC206,0,other,5.890000011277152e-05,5.890000011277152e-05,0,0,0,0,0,0,0,0,0,0,0,0,0,0,0
RC206,1,construction,0.1441381000004185,0.1441381000004185,1,5335,529,4806,5435,1,100,0,0,4806,1207,0,0,0,0
RC206,1,fleet_reduction,0.002012099998864869,0.3903205999995407,1,0,0,0,38,3,0,0,0,0,0,0,8,7,0
RC206,1,perturbation,0,0,0,0,0,0,0,0,0,0,0,0,0,0,0,0,0
RC206,1,repair,0.38830850000067585,0.38830850000067585,8,16433,2790,13643,16458,0,438,0,0,13643,2091,0,0,7,0
RC206,1,local_search,0,0,0,0,0,0,0,0,0,0,0,0,0,0,0,0,0
RC206,1,ils_control,0.00021440000000438886,0.00021440000000438886,1,0,0,0,4,1,0,0,0,0,0,0,0,0,0
RC206,1,validation,0.0003206999999747495,0.0003206999999747495,2,0,0,0,9,2,0,0,0,0,0,0,0,0,0
RC206,1,other,5.429999964690069e-05,5.429999964690069e-05,0,0,0,0,0,0,0,0,0,0,0,0,0,0,0
RC206,2,construction,0.14014230000066163,0.14014230000066163,1,5335,529,4806,5435,1,100,0,0,4806,1207,0,0,0,0
RC206,2,fleet_reduction,0.002282999999806634,0.4397759000003134,1,0,0,0,38,3,0,0,0,0,0,0,8,7,0
RC206,2,perturbation,0,0,0,0,0,0,0,0,0,0,0,0,0,0,0,0,0
RC206,2,repair,0.4374929000005068,0.4374929000005068,8,18157,3253,14904,18182,0,467,0,0,14904,1991,0,0,7,0
RC206,2,local_search,0,0,0,0,0,0,0,0,0,0,0,0,0,0,0,0,0
RC206,2,ils_control,0.0002303000001120381,0.0002303000001120381,1,0,0,0,4,1,0,0,0,0,0,0,0,0,0
RC206,2,validation,0.0003234000005249982,0.0003234000005249982,2,0,0,0,9,2,0,0,0,0,0,0,0,0,0
RC206,2,other,5.709999823011458e-05,5.709999823011458e-05,0,0,0,0,0,0,0,0,0,0,0,0,0,0,0
RC207,0,construction,0.15506069999992178,0.15506069999992178,1,5269,540,4729,5369,1,100,0,0,4729,979,0,0,0,0
RC207,0,fleet_reduction,0.002156099998501304,0.38701189999937924,1,0,0,0,37,1,0,0,0,0,0,0,11,11,0
RC207,0,perturbation,0,0,0,0,0,0,0,0,0,0,0,0,0,0,0,0,0
RC207,0,repair,0.38485580000087793,0.38485580000087793,11,17922,4802,13120,17955,0,547,0,0,13120,594,0,0,11,0
RC207,0,local_search,0,0,0,0,0,0,0,0,0,0,0,0,0,0,0,0,0
RC207,0,ils_control,0.00022279999939200934,0.00022279999939200934,1,0,0,0,4,1,0,0,0,0,0,0,0,0,0
RC207,0,validation,0.0003172000006088638,0.0003172000006088638,2,0,0,0,8,2,0,0,0,0,0,0,0,0,0
RC207,0,other,5.400000009103678e-05,5.400000009103678e-05,0,0,0,0,0,0,0,0,0,0,0,0,0,0,0
RC207,1,construction,0.160761399999501,0.160761399999501,1,5269,540,4729,5369,1,100,0,0,4729,979,0,0,0,0
RC207,1,fleet_reduction,0.0021583999987342395,0.36651999999958207,1,0,0,0,34,1,0,0,0,0,0,0,10,10,0
RC207,1,perturbation,0,0,0,0,0,0,0,0,0,0,0,0,0,0,0,0,0
RC207,1,repair,0.36436160000084783,0.36436160000084783,10,16651,4423,12228,16681,0,504,0,0,12228,200,0,0,10,0
RC207,1,local_search,0,0,0,0,0,0,0,0,0,0,0,0,0,0,0,0,0
RC207,1,ils_control,0.00021709999964514282,0.00021709999964514282,1,0,0,0,4,1,0,0,0,0,0,0,0,0,0
RC207,1,validation,0.0003190000006725313,0.0003190000006725313,2,0,0,0,8,2,0,0,0,0,0,0,0,0,0
RC207,1,other,5.400000009103678e-05,5.400000009103678e-05,0,0,0,0,0,0,0,0,0,0,0,0,0,0,0
RC207,2,construction,0.16209880000042176,0.16209880000042176,1,5269,540,4729,5369,1,100,0,0,4729,979,0,0,0,0
RC207,2,fleet_reduction,0.0018072000011670752,0.38590159999967,1,0,0,0,28,1,0,0,0,0,0,0,8,8,0
RC207,2,perturbation,0,0,0,0,0,0,0,0,0,0,0,0,0,0,0,0,0
RC207,2,repair,0.3840943999985029,0.3840943999985029,8,16081,4097,11984,16105,0,445,0,0,11984,632,0,0,8,0
RC207,2,local_search,0,0,0,0,0,0,0,0,0,0,0,0,0,0,0,0,0
RC207,2,ils_control,0.00022960000023886096,0.00022960000023886096,1,0,0,0,4,1,0,0,0,0,0,0,0,0,0
RC207,2,validation,0.0003491000006761169,0.0003491000006761169,2,0,0,0,8,2,0,0,0,0,0,0,0,0,0
RC207,2,other,6.229999871720793e-05,6.229999871720793e-05,0,0,0,0,0,0,0,0,0,0,0,0,0,0,0
RC208,0,construction,0.15752080000038404,0.15752080000038404,1,5239,640,4599,5339,1,100,0,0,4599,1021,0,0,0,0
RC208,0,fleet_reduction,0.0015053000006446382,0.3636071999999331,1,0,0,0,25,3,0,0,0,0,0,0,7,6,0
RC208,0,perturbation,0,0,0,0,0,0,0,0,0,0,0,0,0,0,0,0,0
RC208,0,repair,0.36210189999928843,0.36210189999928843,7,12398,4858,7540,12413,0,362,0,0,7540,1580,0,0,6,0
RC208,0,local_search,0,0,0,0,0,0,0,0,0,0,0,0,0,0,0,0,0
RC208,0,ils_control,0.0002237999997305451,0.0002237999997305451,1,0,0,0,3,1,0,0,0,0,0,0,0,0,0
RC208,0,validation,0.0003400999994482845,0.0003400999994482845,2,0,0,0,7,2,0,0,0,0,0,0,0,0,0
RC208,0,other,5.700000019714935e-05,5.700000019714935e-05,0,0,0,0,0,0,0,0,0,0,0,0,0,0,0
RC208,1,construction,0.15934540000034758,0.15934540000034758,1,5239,640,4599,5339,1,100,0,0,4599,1021,0,0,0,0
RC208,1,fleet_reduction,0.0008391999999730615,0.37581589999990683,1,0,0,0,13,1,0,0,0,0,0,0,3,3,0
RC208,1,perturbation,0,0,0,0,0,0,0,0,0,0,0,0,0,0,0,0,0
RC208,1,repair,0.37497669999993377,0.37497669999993377,3,12703,3547,9156,12712,0,257,0,0,9156,1266,0,0,3,0
RC208,1,local_search,0,0,0,0,0,0,0,0,0,0,0,0,0,0,0,0,0
RC208,1,ils_control,0.00022260000059759477,0.00022260000059759477,1,0,0,0,4,1,0,0,0,0,0,0,0,0,0
RC208,1,validation,0.0003288000007160008,0.0003288000007160008,2,0,0,0,8,2,0,0,0,0,0,0,0,0,0
RC208,1,other,5.599999894911889e-05,5.599999894911889e-05,0,0,0,0,0,0,0,0,0,0,0,0,0,0,0
RC208,2,construction,0.1570862999997189,0.1570862999997189,1,5239,640,4599,5339,1,100,0,0,4599,1021,0,0,0,0
RC208,2,fleet_reduction,0.0010473999991518212,0.35494759999983216,1,0,0,0,18,3,0,0,0,0,0,0,3,2,0
RC208,2,perturbation,0,0,0,0,0,0,0,0,0,0,0,0,0,0,0,0,0
RC208,2,repair,0.35390020000068034,0.35390020000068034,3,11188,2842,8346,11196,0,228,0,0,8346,2691,0,0,2,0
RC208,2,local_search,0,0,0,0,0,0,0,0,0,0,0,0,0,0,0,0,0
RC208,2,ils_control,0.00019909999991796212,0.00019909999991796212,1,0,0,0,3,1,0,0,0,0,0,0,0,0,0
RC208,2,validation,0.0003308000004835776,0.0003308000004835776,2,0,0,0,7,2,0,0,0,0,0,0,0,0,0
RC208,2,other,5.1799999710056e-05,5.1799999710056e-05,0,0,0,0,0,0,0,0,0,0,0,0,0,0,0
