instance,input_format,input_sha256,seed,threads,status,feasible,vehicles,distance_ticks,distance,first_feasible_seconds,runtime_seconds,iterations,stop_reason,numeric_rule,reference_status,reference_vehicles,reference_distance,distance_gap_percent,error,time_limit_seconds,max_iterations,fleet_attempts_per_k,max_moves,vehicle_limit,code_sha256,diagnostics_enabled,variant,config_sha256
C101,solomon_txt,a6da75152d182d60ecd2c6f854296f5be452f92282d096adebcf5d99a7f16516,0,1,ok,True,10,828937,828.937,0.072242,0.50049,1,time_limit,solomon_exact_1000_v1,,,,,,0.5,,100,2,25,bcdbfecac731779090e3a398702ae4d335968003d643f03bf90430cd1a9ec707,False,baseline,e6dbfbf4af082d1931b05cdf5e6025870dea04a3e7f83089c123ae878bc463bb
C101,solomon_txt,a6da75152d182d60ecd2c6f854296f5be452f92282d096adebcf5d99a7f16516,1,1,ok,True,10,828937,828.937,0.067359,0.500613,1,time_limit,solomon_exact_1000_v1,,,,,,0.5,,100,2,25,bcdbfecac731779090e3a398702ae4d335968003d643f03bf90430cd1a9ec707,False,baseline,e6dbfbf4af082d1931b05cdf5e6025870dea04a3e7f83089c123ae878bc463bb
C101,solomon_txt,a6da75152d182d60ecd2c6f854296f5be452f92282d096adebcf5d99a7f16516,2,1,ok,True,10,828937,828.937,0.105397,0.500591,1,time_limit,solomon_exact_1000_v1,,,,,,0.5,,100,2,25,bcdbfecac731779090e3a398702ae4d335968003d643f03bf90430cd1a9ec707,False,baseline,e6dbfbf4af082d1931b05cdf5e6025870dea04a3e7f83089c123ae878bc463bb
C102,solomon_txt,f89a0e2a760cc7448a4ca72b88e5b29b94d64b5548f3320f42a6230025ead653,0,1,ok,True,10,1258583,1258.583,0.141644,0.500637,1,time_limit,solomon_exact_1000_v1,,,,,,0.5,,100,2,25,bcdbfecac731779090e3a398702ae4d335968003d643f03bf90430cd1a9ec707,False,baseline,e6dbfbf4af082d1931b05cdf5e6025870dea04a3e7f83089c123ae878bc463bb
C102,solomon_txt,f89a0e2a760cc7448a4ca72b88e5b29b94d64b5548f3320f42a6230025ead653,1,1,ok,True,10,1258583,1258.583,0.105409,0.500631,1,time_limit,solomon_exact_1000_v1,,,,,,0.5,,100,2,25,bcdbfecac731779090e3a398702ae4d335968003d643f03bf90430cd1a9ec707,False,baseline,e6dbfbf4af082d1931b05cdf5e6025870dea04a3e7f83089c123ae878bc463bb
C102,solomon_txt,f89a0e2a760cc7448a4ca72b88e5b29b94d64b5548f3320f42a6230025ead653,2,1,ok,True,10,1258583,1258.583,0.104182,0.500966,1,time_limit,solomon_exact_1000_v1,,,,,,0.5,,100,2,25,bcdbfecac731779090e3a398702ae4d335968003d643f03bf90430cd1a9ec707,False,baseline,e6dbfbf4af082d1931b05cdf5e6025870dea04a3e7f83089c123ae878bc463bb
C103,solomon_txt,a55cabf15e0da9d65696a5fb45c9852889479893f76f772a428ca15d1b415a51,0,1,ok,True,10,1819480,1819.48,0.115333,0.500646,3,time_limit,solomon_exact_1000_v1,,,,,,0.5,,100,2,25,bcdbfecac731779090e3a398702ae4d335968003d643f03bf90430cd1a9ec707,False,baseline,e6dbfbf4af082d1931b05cdf5e6025870dea04a3e7f83089c123ae878bc463bb
C103,solomon_txt,a55cabf15e0da9d65696a5fb45c9852889479893f76f772a428ca15d1b415a51,1,1,ok,True,10,1788945,1788.945,0.115004,0.500563,3,time_limit,solomon_exact_1000_v1,,,,,,0.5,,100,2,25,bcdbfecac731779090e3a398702ae4d335968003d643f03bf90430cd1a9ec707,False,baseline,e6dbfbf4af082d1931b05cdf5e6025870dea04a3e7f83089c123ae878bc463bb
C103,solomon_txt,a55cabf15e0da9d65696a5fb45c9852889479893f76f772a428ca15d1b415a51,2,1,ok,True,10,1797230,1797.23,0.116126,0.500652,3,time_limit,solomon_exact_1000_v1,,,,,,0.5,,100,2,25,bcdbfecac731779090e3a398702ae4d335968003d643f03bf90430cd1a9ec707,False,baseline,e6dbfbf4af082d1931b05cdf5e6025870dea04a3e7f83089c123ae878bc463bb
C104,solomon_txt,fe333e81625ee5a75bb2ce98c2c9f356d07289237865b62a23ba2f32f0de5ee2,0,1,ok,True,10,1938129,1938.129,0.12952,0.5009,3,time_limit,solomon_exact_1000_v1,,,,,,0.5,,100,2,25,bcdbfecac731779090e3a398702ae4d335968003d643f03bf90430cd1a9ec707,False,baseline,e6dbfbf4af082d1931b05cdf5e6025870dea04a3e7f83089c123ae878bc463bb
C104,solomon_txt,fe333e81625ee5a75bb2ce98c2c9f356d07289237865b62a23ba2f32f0de5ee2,1,1,ok,True,10,1962401,1962.401,0.17927,0.501098,2,time_limit,solomon_exact_1000_v1,,,,,,0.5,,100,2,25,bcdbfecac731779090e3a398702ae4d335968003d643f03bf90430cd1a9ec707,False,baseline,e6dbfbf4af082d1931b05cdf5e6025870dea04a3e7f83089c123ae878bc463bb
C104,solomon_txt,fe333e81625ee5a75bb2ce98c2c9f356d07289237865b62a23ba2f32f0de5ee2,2,1,ok,True,10,1918276,1918.276,0.175949,0.501166,2,time_limit,solomon_exact_1000_v1,,,,,,0.5,,100,2,25,bcdbfecac731779090e3a398702ae4d335968003d643f03bf90430cd1a9ec707,False,baseline,e6dbfbf4af082d1931b05cdf5e6025870dea04a3e7f83089c123ae878bc463bb
C105,solomon_txt,9a877a3a6fb922e7ad9297cc0308bc8a5652cb1495a0228ee6b81b2d938aa29f,0,1,ok,True,10,1152670,1152.67,0.170941,0.500439,1,time_limit,solomon_exact_1000_v1,,,,,,0.5,,100,2,25,bcdbfecac731779090e3a398702ae4d335968003d643f03bf90430cd1a9ec707,False,baseline,e6dbfbf4af082d1931b05cdf5e6025870dea04a3e7f83089c123ae878bc463bb
C105,solomon_txt,9a877a3a6fb922e7ad9297cc0308bc8a5652cb1495a0228ee6b81b2d938aa29f,1,1,ok,True,10,1039051,1039.051,0.14462,0.500662,1,time_limit,solomon_exact_1000_v1,,,,,,0.5,,100,2,25,bcdbfecac731779090e3a398702ae4d335968003d643f03bf90430cd1a9ec707,False,baseline,e6dbfbf4af082d1931b05cdf5e6025870dea04a3e7f83089c123ae878bc463bb
C105,solomon_txt,9a877a3a6fb922e7ad9297cc0308bc8a5652cb1495a0228ee6b81b2d938aa29f,2,1,ok,True,10,1066901,1066.901,0.14297,0.501267,1,time_limit,solomon_exact_1000_v1,,,,,,0.5,,100,2,25,bcdbfecac731779090e3a398702ae4d335968003d643f03bf90430cd1a9ec707,False,baseline,e6dbfbf4af082d1931b05cdf5e6025870dea04a3e7f83089c123ae878bc463bb
C106,solomon_txt,ec9b419bed53e9c607cce76e8c6bc59feb6e4d17646905601f008a4141ec7b40,0,1,ok,True,11,1084360,1084.36,0.137331,0.500625,1,time_limit,solomon_exact_1000_v1,,,,,,0.5,,100,2,25,bcdbfecac731779090e3a398702ae4d335968003d643f03bf90430cd1a9ec707,False,baseline,e6dbfbf4af082d1931b05cdf5e6025870dea04a3e7f83089c123ae878bc463bb
C106,solomon_txt,ec9b419bed53e9c607cce76e8c6bc59feb6e4d17646905601f008a4141ec7b40,1,1,ok,True,10,1100696,1100.696,0.142497,0.501115,1,time_limit,solomon_exact_1000_v1,,,,,,0.5,,100,2,25,bcdbfecac731779090e3a398702ae4d335968003d643f03bf90430cd1a9ec707,False,baseline,e6dbfbf4af082d1931b05cdf5e6025870dea04a3e7f83089c123ae878bc463bb
C106,solomon_txt,ec9b419bed53e9c607cce76e8c6bc59feb6e4d17646905601f008a4141ec7b40,2,1,ok,True,10,1084912,1084.912,0.132458,0.50112,1,time_limit,solomon_exact_1000_v1,,,,,,0.5,,100,2,25,bcdbfecac731779090e3a398702ae4d335968003d643f03bf90430cd1a9ec707,False,baseline,e6dbfbf4af082d1931b05cdf5e6025870dea04a3e7f83089c123ae878bc463bb
C107,solomon_txt,cb3cdc10d812fa17370eb52cb753b6b0574426dc6fabeb8b9076ed750ddf05ca,0,1,ok,True,10,1088386,1088.386,0.178536,0.500642,1,time_limit,solomon_exact_1000_v1,,,,,,0.5,,100,2,25,bcdbfecac731779090e3a398702ae4d335968003d643f03bf90430cd1a9ec707,False,baseline,e6dbfbf4af082d1931b05cdf5e6025870dea04a3e7f83089c123ae878bc463bb
C107,solomon_txt,cb3cdc10d812fa17370eb52cb753b6b0574426dc6fabeb8b9076ed750ddf05ca,1,1,ok,True,10,1119053,1119.053,0.173199,0.501087,1,time_limit,solomon_exact_1000_v1,,,,,,0.5,,100,2,25,bcdbfecac731779090e3a398702ae4d335968003d643f03bf90430cd1a9ec707,False,baseline,e6dbfbf4af082d1931b05cdf5e6025870dea04a3e7f83089c123ae878bc463bb
C107,solomon_txt,cb3cdc10d812fa17370eb52cb753b6b0574426dc6fabeb8b9076ed750ddf05ca,2,1,ok,True,10,1088430,1088.43,0.150844,0.500733,1,time_limit,solomon_exact_1000_v1,,,,,,0.5,,100,2,25,bcdbfecac731779090e3a398702ae4d335968003d643f03bf90430cd1a9ec707,False,baseline,e6dbfbf4af082d1931b05cdf5e6025870dea04a3e7f83089c123ae878bc463bb
C108,solomon_txt,b8c7e48f292b66b283d8e71511e3a4eccaa4c4bc66b9313c399e73b0226f5953,0,1,ok,True,11,2132182,2132.182,0.171661,0.501263,1,time_limit,solomon_exact_1000_v1,,,,,,0.5,,100,2,25,bcdbfecac731779090e3a398702ae4d335968003d643f03bf90430cd1a9ec707,False,baseline,e6dbfbf4af082d1931b05cdf5e6025870dea04a3e7f83089c123ae878bc463bb
C108,solomon_txt,b8c7e48f292b66b283d8e71511e3a4eccaa4c4bc66b9313c399e73b0226f5953,1,1,ok,True,10,1562897,1562.897,0.166295,0.500791,1,time_limit,solomon_exact_1000_v1,,,,,,0.5,,100,2,25,bcdbfecac731779090e3a398702ae4d335968003d643f03bf90430cd1a9ec707,False,baseline,e6dbfbf4af082d1931b05cdf5e6025870dea04a3e7f83089c123ae878bc463bb
C108,solomon_txt,b8c7e48f292b66b283d8e71511e3a4eccaa4c4bc66b9313c399e73b0226f5953,2,1,ok,True,10,1419591,1419.591,0.160271,0.501223,2,time_limit,solomon_exact_1000_v1,,,,,,0.5,,100,2,25,bcdbfecac731779090e3a398702ae4d335968003d643f03bf90430cd1a9ec707,False,baseline,e6dbfbf4af082d1931b05cdf5e6025870dea04a3e7f83089c123ae878bc463bb
C109,solomon_txt,72d8489e14bf1bb18456f0b21b01110506cbcc2354719dae8481b480150f142a,0,1,ok,True,10,1669472,1669.472,0.159977,0.500877,2,time_limit,solomon_exact_1000_v1,,,,,,0.5,,100,2,25,bcdbfecac731779090e3a398702ae4d335968003d643f03bf90430cd1a9ec707,False,baseline,e6dbfbf4af082d1931b05cdf5e6025870dea04a3e7f83089c123ae878bc463bb
C109,solomon_txt,72d8489e14bf1bb18456f0b21b01110506cbcc2354719dae8481b480150f142a,1,1,ok,True,10,1613769,1613.769,0.137672,0.500691,4,time_limit,solomon_exact_1000_v1,,,,,,0.5,,100,2,25,bcdbfecac731779090e3a398702ae4d335968003d643f03bf90430cd1a9ec707,False,baseline,e6dbfbf4af082d1931b05cdf5e6025870dea04a3e7f83089c123ae878bc463bb
C109,solomon_txt,72d8489e14bf1bb18456f0b21b01110506cbcc2354719dae8481b480150f142a,2,1,ok,True,10,1633369,1633.369,0.128061,0.501202,4,time_limit,solomon_exact_1000_v1,,,,,,0.5,,100,2,25,bcdbfecac731779090e3a398702ae4d335968003d643f03bf90430cd1a9ec707,False,baseline,e6dbfbf4af082d1931b05cdf5e6025870dea04a3e7f83089c123ae878bc463bb
C201,solomon_txt,d8d9834087ae2326fa23a8510533060233dc9fb481873be60956eb26a880ad63,0,1,ok,True,3,704252,704.252,0.417865,0.501275,1,time_limit,solomon_exact_1000_v1,,,,,,0.5,,100,2,25,bcdbfecac731779090e3a398702ae4d335968003d643f03bf90430cd1a9ec707,False,baseline,e6dbfbf4af082d1931b05cdf5e6025870dea04a3e7f83089c123ae878bc463bb
C201,solomon_txt,d8d9834087ae2326fa23a8510533060233dc9fb481873be60956eb26a880ad63,1,1,ok,True,3,704252,704.252,0.337343,0.501211,1,time_limit,solomon_exact_1000_v1,,,,,,0.5,,100,2,25,bcdbfecac731779090e3a398702ae4d335968003d643f03bf90430cd1a9ec707,False,baseline,e6dbfbf4af082d1931b05cdf5e6025870dea04a3e7f83089c123ae878bc463bb
C201,solomon_txt,d8d9834087ae2326fa23a8510533060233dc9fb481873be60956eb26a880ad63,2,1,ok,True,3,704252,704.252,0.450633,0.500769,1,time_limit,solomon_exact_1000_v1,,,,,,0.5,,100,2,25,bcdbfecac731779090e3a398702ae4d335968003d643f03bf90430cd1a9ec707,False,baseline,e6dbfbf4af082d1931b05cdf5e6025870dea04a3e7f83089c123ae878bc463bb
C202,solomon_txt,dfc8ecad79f6c7ffb096cd36994143569f0babe284d5ad194683271d81063772,0,1,ok,True,3,746236,746.236,0.314717,0.501434,1,time_limit,solomon_exact_1000_v1,,,,,,0.5,,100,2,25,bcdbfecac731779090e3a398702ae4d335968003d643f03bf90430cd1a9ec707,False,baseline,e6dbfbf4af082d1931b05cdf5e6025870dea04a3e7f83089c123ae878bc463bb
C202,solomon_txt,dfc8ecad79f6c7ffb096cd36994143569f0babe284d5ad194683271d81063772,1,1,ok,True,3,746236,746.236,0.263884,0.500673,1,time_limit,solomon_exact_1000_v1,,,,,,0.5,,100,2,25,bcdbfecac731779090e3a398702ae4d335968003d643f03bf90430cd1a9ec707,False,baseline,e6dbfbf4af082d1931b05cdf5e6025870dea04a3e7f83089c123ae878bc463bb
C202,solomon_txt,dfc8ecad79f6c7ffb096cd36994143569f0babe284d5ad194683271d81063772,2,1,ok,True,3,746236,746.236,0.33095,0.501242,1,time_limit,solomon_exact_1000_v1,,,,,,0.5,,100,2,25,bcdbfecac731779090e3a398702ae4d335968003d643f03bf90430cd1a9ec707,False,baseline,e6dbfbf4af082d1931b05cdf5e6025870dea04a3e7f83089c123ae878bc463bb
C203,solomon_txt,2b79eea2962a848cb29f6153d4fb4ae725d35507686d937da6643b33fcd85062,0,1,ok,True,4,894861,894.861,0.363798,0.500616,1,time_limit,solomon_exact_1000_v1,,,,,,0.5,,100,2,25,bcdbfecac731779090e3a398702ae4d335968003d643f03bf90430cd1a9ec707,False,baseline,e6dbfbf4af082d1931b05cdf5e6025870dea04a3e7f83089c123ae878bc463bb
C203,solomon_txt,2b79eea2962a848cb29f6153d4fb4ae725d35507686d937da6643b33fcd85062,1,1,ok,True,4,894861,894.861,0.297791,0.500657,1,time_limit,solomon_exact_1000_v1,,,,,,0.5,,100,2,25,bcdbfecac731779090e3a398702ae4d335968003d643f03bf90430cd1a9ec707,False,baseline,e6dbfbf4af082d1931b05cdf5e6025870dea04a3e7f83089c123ae878bc463bb
C203,solomon_txt,2b79eea2962a848cb29f6153d4fb4ae725d35507686d937da6643b33fcd85062,2,1,ok,True,4,894861,894.861,0.268084,0.500318,1,time_limit,solomon_exact_1000_v1,,,,,,0.5,,100,2,25,bcdbfecac731779090e3a398702ae4d335968003d643f03bf90430cd1a9ec707,False,baseline,e6dbfbf4af082d1931b05cdf5e6025870dea04a3e7f83089c123ae878bc463bb
C204,solomon_txt,4331b2744d34e32c2987e3fe8a82b782a2039d757d2aac818f7e0fd21117bfb4,0,1,ok,True,4,1439548,1439.548,0.405393,0.500605,1,time_limit,solomon_exact_1000_v1,,,,,,0.5,,100,2,25,bcdbfecac731779090e3a398702ae4d335968003d643f03bf90430cd1a9ec707,False,baseline,e6dbfbf4af082d1931b05cdf5e6025870dea04a3e7f83089c123ae878bc463bb
C204,solomon_txt,4331b2744d34e32c2987e3fe8a82b782a2039d757d2aac818f7e0fd21117bfb4,1,1,ok,True,4,1439548,1439.548,0.399498,0.500495,1,time_limit,solomon_exact_1000_v1,,,,,,0.5,,100,2,25,bcdbfecac731779090e3a398702ae4d335968003d643f03bf90430cd1a9ec707,False,baseline,e6dbfbf4af082d1931b05cdf5e6025870dea04a3e7f83089c123ae878bc463bb
C204,solomon_txt,4331b2744d34e32c2987e3fe8a82b782a2039d757d2aac818f7e0fd21117bfb4,2,1,ok,True,4,1439548,1439.548,0.294839,0.500355,1,time_limit,solomon_exact_1000_v1,,,,,,0.5,,100,2,25,bcdbfecac731779090e3a398702ae4d335968003d643f03bf90430cd1a9ec707,False,baseline,e6dbfbf4af082d1931b05cdf5e6025870dea04a3e7f83089c123ae878bc463bb
C205,solomon_txt,15be2bb8c3e4ad99a79d1e7ee0472223feb95a4f423d010e032bda0a87266ca5,0,1,ok,True,4,912158,912.158,0.267317,0.500344,1,time_limit,solomon_exact_1000_v1,,,,,,0.5,,100,2,25,bcdbfecac731779090e3a398702ae4d335968003d643f03bf90430cd1a9ec707,False,baseline,e6dbfbf4af082d1931b05cdf5e6025870dea04a3e7f83089c123ae878bc463bb
C205,solomon_txt,15be2bb8c3e4ad99a79d1e7ee0472223feb95a4f423d010e032bda0a87266ca5,1,1,ok,True,4,912158,912.158,0.249672,0.500367,1,time_limit,solomon_exact_1000_v1,,,,,,0.5,,100,2,25,bcdbfecac731779090e3a398702ae4d335968003d643f03bf90430cd1a9ec707,False,baseline,e6dbfbf4af082d1931b05cdf5e6025870dea04a3e7f83089c123ae878bc463bb
C205,solomon_txt,15be2bb8c3e4ad99a79d1e7ee0472223feb95a4f423d010e032bda0a87266ca5,2,1,ok,True,4,912158,912.158,0.236263,0.500306,1,time_limit,solomon_exact_1000_v1,,,,,,0.5,,100,2,25,bcdbfecac731779090e3a398702ae4d335968003d643f03bf90430cd1a9ec707,False,baseline,e6dbfbf4af082d1931b05cdf5e6025870dea04a3e7f83089c123ae878bc463bb
C206,solomon_txt,745b6c7042707ffbbfc4d681ee02a84431425f1dfb3c8aa85ecf003fec8f7e53,0,1,ok,True,4,1154595,1154.595,0.284341,0.500283,1,time_limit,solomon_exact_1000_v1,,,,,,0.5,,100,2,25,bcdbfecac731779090e3a398702ae4d335968003d643f03bf90430cd1a9ec707,False,baseline,e6dbfbf4af082d1931b05cdf5e6025870dea04a3e7f83089c123ae878bc463bb
C206,solomon_txt,745b6c7042707ffbbfc4d681ee02a84431425f1dfb3c8aa85ecf003fec8f7e53,1,1,ok,True,4,1154595,1154.595,0.296345,0.50037,1,time_limit,solomon_exact_1000_v1,,,,,,0.5,,100,2,25,bcdbfecac731779090e3a398702ae4d335968003d643f03bf90430cd1a9ec707,False,baseline,e6dbfbf4af082d1931b05cdf5e6025870dea04a3e7f83089c123ae878bc463bb
C206,solomon_txt,745b6c7042707ffbbfc4d681ee02a84431425f1dfb3c8aa85ecf003fec8f7e53,2,1,ok,True,4,1154595,1154.595,0.280638,0.500297,1,time_limit,solomon_exact_1000_v1,,,,,,0.5,,100,2,25,bcdbfecac731779090e3a398702ae4d335968003d643f03bf90430cd1a9ec707,False,baseline,e6dbfbf4af082d1931b05cdf5e6025870dea04a3e7f83089c123ae878bc463bb
C207,solomon_txt,a33f03570a944c8a6d185fd6a173e66c68e67c399a4958b2d5b6d49533ace4a4,0,1,ok,True,4,980937,980.937,0.306025,0.500315,1,time_limit,solomon_exact_1000_v1,,,,,,0.5,,100,2,25,bcdbfecac731779090e3a398702ae4d335968003d643f03bf90430cd1a9ec707,False,baseline,e6dbfbf4af082d1931b05cdf5e6025870dea04a3e7f83089c123ae878bc463bb
C207,solomon_txt,a33f03570a944c8a6d185fd6a173e66c68e67c399a4958b2d5b6d49533ace4a4,1,1,ok,True,4,980937,980.937,0.280195,0.500335,1,time_limit,solomon_exact_1000_v1,,,,,,0.5,,100,2,25,bcdbfecac731779090e3a398702ae4d335968003d643f03bf90430cd1a9ec707,False,baseline,e6dbfbf4af082d1931b05cdf5e6025870dea04a3e7f83089c123ae878bc463bb
C207,solomon_txt,a33f03570a944c8a6d185fd6a173e66c68e67c399a4958b2d5b6d49533ace4a4,2,1,ok,True,4,980937,980.937,0.300505,0.500339,1,time_limit,solomon_exact_1000_v1,,,,,,0.5,,100,2,25,bcdbfecac731779090e3a398702ae4d335968003d643f03bf90430cd1a9ec707,False,baseline,e6dbfbf4af082d1931b05cdf5e6025870dea04a3e7f83089c123ae878bc463bb
C208,solomon_txt,1c2f2381b8743680dbeb34322869cbf5a6cdd8c281f4bcffdb99b533e601874b,0,1,ok,True,4,957831,957.831,0.267512,0.500313,1,time_limit,solomon_exact_1000_v1,,,,,,0.5,,100,2,25,bcdbfecac731779090e3a398702ae4d335968003d643f03bf90430cd1a9ec707,False,baseline,e6dbfbf4af082d1931b05cdf5e6025870dea04a3e7f83089c123ae878bc463bb
C208,solomon_txt,1c2f2381b8743680dbeb34322869cbf5a6cdd8c281f4bcffdb99b533e601874b,1,1,ok,True,4,957831,957.831,0.265173,0.500289,1,time_limit,solomon_exact_1000_v1,,,,,,0.5,,100,2,25,bcdbfecac731779090e3a398702ae4d335968003d643f03bf90430cd1a9ec707,False,baseline,e6dbfbf4af082d1931b05cdf5e6025870dea04a3e7f83089c123ae878bc463bb
C208,solomon_txt,1c2f2381b8743680dbeb34322869cbf5a6cdd8c281f4bcffdb99b533e601874b,2,1,ok,True,4,957831,957.831,0.283501,0.500551,1,time_limit,solomon_exact_1000_v1,,,,,,0.5,,100,2,25,bcdbfecac731779090e3a398702ae4d335968003d643f03bf90430cd1a9ec707,False,baseline,e6dbfbf4af082d1931b05cdf5e6025870dea04a3e7f83089c123ae878bc463bb
R101,solomon_txt,3f3655182bc0fe44ce5de65fdcd2ee2f9c7fb9ed055f923635151d9d6f76d3ed,0,1,ok,True,22,1914025,1914.025,0.086365,0.500589,1,time_limit,solomon_exact_1000_v1,,,,,,0.5,,100,2,25,bcdbfecac731779090e3a398702ae4d335968003d643f03bf90430cd1a9ec707,False,baseline,e6dbfbf4af082d1931b05cdf5e6025870dea04a3e7f83089c123ae878bc463bb
R101,solomon_txt,3f3655182bc0fe44ce5de65fdcd2ee2f9c7fb9ed055f923635151d9d6f76d3ed,1,1,ok,True,21,1903068,1903.068,0.085273,0.500767,1,time_limit,solomon_exact_1000_v1,,,,,,0.5,,100,2,25,bcdbfecac731779090e3a398702ae4d335968003d643f03bf90430cd1a9ec707,False,baseline,e6dbfbf4af082d1931b05cdf5e6025870dea04a3e7f83089c123ae878bc463bb
R101,solomon_txt,3f3655182bc0fe44ce5de65fdcd2ee2f9c7fb9ed055f923635151d9d6f76d3ed,2,1,ok,True,21,1871101,1871.101,0.105023,0.500977,1,time_limit,solomon_exact_1000_v1,,,,,,0.5,,100,2,25,bcdbfecac731779090e3a398702ae4d335968003d643f03bf90430cd1a9ec707,False,baseline,e6dbfbf4af082d1931b05cdf5e6025870dea04a3e7f83089c123ae878bc463bb
R102,solomon_txt,eeb23171b7e4fbfc80bf000ca770329109900fbd7273fa8b9d1f95b7dfe683c3,0,1,ok,True,19,1640559,1640.559,0.080709,0.500577,1,time_limit,solomon_exact_1000_v1,,,,,,0.5,,100,2,25,bcdbfecac731779090e3a398702ae4d335968003d643f03bf90430cd1a9ec707,False,baseline,e6dbfbf4af082d1931b05cdf5e6025870dea04a3e7f83089c123ae878bc463bb
R102,solomon_txt,eeb23171b7e4fbfc80bf000ca770329109900fbd7273fa8b9d1f95b7dfe683c3,1,1,ok,True,19,1699360,1699.36,0.08375,0.500569,1,time_limit,solomon_exact_1000_v1,,,,,,0.5,,100,2,25,bcdbfecac731779090e3a398702ae4d335968003d643f03bf90430cd1a9ec707,False,baseline,e6dbfbf4af082d1931b05cdf5e6025870dea04a3e7f83089c123ae878bc463bb
R102,solomon_txt,eeb23171b7e4fbfc80bf000ca770329109900fbd7273fa8b9d1f95b7dfe683c3,2,1,ok,True,19,1606305,1606.305,0.081071,0.500614,1,time_limit,solomon_exact_1000_v1,,,,,,0.5,,100,2,25,bcdbfecac731779090e3a398702ae4d335968003d643f03bf90430cd1a9ec707,False,baseline,e6dbfbf4af082d1931b05cdf5e6025870dea04a3e7f83089c123ae878bc463bb
R103,solomon_txt,1f833e8648ba39e0edc76754fb49e81777a7175cf7b084c3f60a12607bfb3991,0,1,ok,True,14,1546015,1546.015,0.092501,0.500593,1,time_limit,solomon_exact_1000_v1,,,,,,0.5,,100,2,25,bcdbfecac731779090e3a398702ae4d335968003d643f03bf90430cd1a9ec707,False,baseline,e6dbfbf4af082d1931b05cdf5e6025870dea04a3e7f83089c123ae878bc463bb
R103,solomon_txt,1f833e8648ba39e0edc76754fb49e81777a7175cf7b084c3f60a12607bfb3991,1,1,ok,True,14,1546015,1546.015,0.094551,0.501041,1,time_limit,solomon_exact_1000_v1,,,,,,0.5,,100,2,25,bcdbfecac731779090e3a398702ae4d335968003d643f03bf90430cd1a9ec707,False,baseline,e6dbfbf4af082d1931b05cdf5e6025870dea04a3e7f83089c123ae878bc463bb
R103,solomon_txt,1f833e8648ba39e0edc76754fb49e81777a7175cf7b084c3f60a12607bfb3991,2,1,ok,True,14,1542786,1542.786,0.091135,0.500609,1,time_limit,solomon_exact_1000_v1,,,,,,0.5,,100,2,25,bcdbfecac731779090e3a398702ae4d335968003d643f03bf90430cd1a9ec707,False,baseline,e6dbfbf4af082d1931b05cdf5e6025870dea04a3e7f83089c123ae878bc463bb
R104,solomon_txt,dd087124311d91facd81736debbfc7d0f351d27942917e2d76cbafd01e6183b7,0,1,ok,True,11,1184423,1184.423,0.104955,0.500589,2,time_limit,solomon_exact_1000_v1,,,,,,0.5,,100,2,25,bcdbfecac731779090e3a398702ae4d335968003d643f03bf90430cd1a9ec707,False,baseline,e6dbfbf4af082d1931b05cdf5e6025870dea04a3e7f83089c123ae878bc463bb
R104,solomon_txt,dd087124311d91facd81736debbfc7d0f351d27942917e2d76cbafd01e6183b7,1,1,ok,True,11,1241810,1241.81,0.15126,0.500374,1,time_limit,solomon_exact_1000_v1,,,,,,0.5,,100,2,25,bcdbfecac731779090e3a398702ae4d335968003d643f03bf90430cd1a9ec707,False,baseline,e6dbfbf4af082d1931b05cdf5e6025870dea04a3e7f83089c123ae878bc463bb
R104,solomon_txt,dd087124311d91facd81736debbfc7d0f351d27942917e2d76cbafd01e6183b7,2,1,ok,True,11,1321819,1321.819,0.183298,0.50061,1,time_limit,solomon_exact_1000_v1,,,,,,0.5,,100,2,25,bcdbfecac731779090e3a398702ae4d335968003d643f03bf90430cd1a9ec707,False,baseline,e6dbfbf4af082d1931b05cdf5e6025870dea04a3e7f83089c123ae878bc463bb
R105,solomon_txt,ff1a614f8458d6339b3f54d8e4ca2dcf0a35c96012f477f6a819ae481de85ca4,0,1,ok,True,17,1734216,1734.216,0.10877,0.500651,1,time_limit,solomon_exact_1000_v1,,,,,,0.5,,100,2,25,bcdbfecac731779090e3a398702ae4d335968003d643f03bf90430cd1a9ec707,False,baseline,e6dbfbf4af082d1931b05cdf5e6025870dea04a3e7f83089c123ae878bc463bb
R105,solomon_txt,ff1a614f8458d6339b3f54d8e4ca2dcf0a35c96012f477f6a819ae481de85ca4,1,1,ok,True,17,1670400,1670.4,0.134348,0.500767,1,time_limit,solomon_exact_1000_v1,,,,,,0.5,,100,2,25,bcdbfecac731779090e3a398702ae4d335968003d643f03bf90430cd1a9ec707,False,baseline,e6dbfbf4af082d1931b05cdf5e6025870dea04a3e7f83089c123ae878bc463bb
R105,solomon_txt,ff1a614f8458d6339b3f54d8e4ca2dcf0a35c96012f477f6a819ae481de85ca4,2,1,ok,True,17,1829287,1829.287,0.133475,0.500609,1,time_limit,solomon_exact_1000_v1,,,,,,0.5,,100,2,25,bcdbfecac731779090e3a398702ae4d335968003d643f03bf90430cd1a9ec707,False,baseline,e6dbfbf4af082d1931b05cdf5e6025870dea04a3e7f83089c123ae878bc463bb
R106,solomon_txt,31b8783d177f0fbe1c84b8f085fbf28b1989a80e4c00f49f5654ebef99835e97,0,1,ok,True,14,1540595,1540.595,0.087594,0.500595,1,time_limit,solomon_exact_1000_v1,,,,,,0.5,,100,2,25,bcdbfecac731779090e3a398702ae4d335968003d643f03bf90430cd1a9ec707,False,baseline,e6dbfbf4af082d1931b05cdf5e6025870dea04a3e7f83089c123ae878bc463bb
R106,solomon_txt,31b8783d177f0fbe1c84b8f085fbf28b1989a80e4c00f49f5654ebef99835e97,1,1,ok,True,14,1642821,1642.821,0.087021,0.500586,1,time_limit,solomon_exact_1000_v1,,,,,,0.5,,100,2,25,bcdbfecac731779090e3a398702ae4d335968003d643f03bf90430cd1a9ec707,False,baseline,e6dbfbf4af082d1931b05cdf5e6025870dea04a3e7f83089c123ae878bc463bb
R106,solomon_txt,31b8783d177f0fbe1c84b8f085fbf28b1989a80e4c00f49f5654ebef99835e97,2,1,ok,True,14,1559373,1559.373,0.087004,0.500553,1,time_limit,solomon_exact_1000_v1,,,,,,0.5,,100,2,25,bcdbfecac731779090e3a398702ae4d335968003d643f03bf90430cd1a9ec707,False,baseline,e6dbfbf4af082d1931b05cdf5e6025870dea04a3e7f83089c123ae878bc463bb
R107,solomon_txt,dba2b257a1d43d7c78d5e3a9f09091a2b125d3fbec78c0c8a1782add669a1275,0,1,ok,True,12,1283469,1283.469,0.099697,0.50108,1,time_limit,solomon_exact_1000_v1,,,,,,0.5,,100,2,25,bcdbfecac731779090e3a398702ae4d335968003d643f03bf90430cd1a9ec707,False,baseline,e6dbfbf4af082d1931b05cdf5e6025870dea04a3e7f83089c123ae878bc463bb
R107,solomon_txt,dba2b257a1d43d7c78d5e3a9f09091a2b125d3fbec78c0c8a1782add669a1275,1,1,ok,True,12,1513908,1513.908,0.099043,0.500544,1,time_limit,solomon_exact_1000_v1,,,,,,0.5,,100,2,25,bcdbfecac731779090e3a398702ae4d335968003d643f03bf90430cd1a9ec707,False,baseline,e6dbfbf4af082d1931b05cdf5e6025870dea04a3e7f83089c123ae878bc463bb
R107,solomon_txt,dba2b257a1d43d7c78d5e3a9f09091a2b125d3fbec78c0c8a1782add669a1275,2,1,ok,True,12,1486083,1486.083,0.13578,0.500963,1,time_limit,solomon_exact_1000_v1,,,,,,0.5,,100,2,25,bcdbfecac731779090e3a398702ae4d335968003d643f03bf90430cd1a9ec707,False,baseline,e6dbfbf4af082d1931b05cdf5e6025870dea04a3e7f83089c123ae878bc463bb
R108,solomon_txt,65cae09f4099b7e70d2b723e0e3a30aa1494c75a367bb894a3fd13241ee639d4,0,1,ok,True,11,1315436,1315.436,0.114179,0.500575,1,time_limit,solomon_exact_1000_v1,,,,,,0.5,,100,2,25,bcdbfecac731779090e3a398702ae4d335968003d643f03bf90430cd1a9ec707,False,baseline,e6dbfbf4af082d1931b05cdf5e6025870dea04a3e7f83089c123ae878bc463bb
R108,solomon_txt,65cae09f4099b7e70d2b723e0e3a30aa1494c75a367bb894a3fd13241ee639d4,1,1,ok,True,11,1319419,1319.419,0.12182,0.500602,1,time_limit,solomon_exact_1000_v1,,,,,,0.5,,100,2,25,bcdbfecac731779090e3a398702ae4d335968003d643f03bf90430cd1a9ec707,False,baseline,e6dbfbf4af082d1931b05cdf5e6025870dea04a3e7f83089c123ae878bc463bb
R108,solomon_txt,65cae09f4099b7e70d2b723e0e3a30aa1494c75a367bb894a3fd13241ee639d4,2,1,ok,True,11,1356475,1356.475,0.135726,0.500995,1,time_limit,solomon_exact_1000_v1,,,,,,0.5,,100,2,25,bcdbfecac731779090e3a398702ae4d335968003d643f03bf90430cd1a9ec707,False,baseline,e6dbfbf4af082d1931b05cdf5e6025870dea04a3e7f83089c123ae878bc463bb
R109,solomon_txt,4ef24030e8c48de5f85dcd90c5739186004fc8dec87533b6467013cf996f4777,0,1,ok,True,16,1597397,1597.397,0.113396,0.500703,1,time_limit,solomon_exact_1000_v1,,,,,,0.5,,100,2,25,bcdbfecac731779090e3a398702ae4d335968003d643f03bf90430cd1a9ec707,False,baseline,e6dbfbf4af082d1931b05cdf5e6025870dea04a3e7f83089c123ae878bc463bb
R109,solomon_txt,4ef24030e8c48de5f85dcd90c5739186004fc8dec87533b6467013cf996f4777,1,1,ok,True,16,1601290,1601.29,0.098541,0.500558,1,time_limit,solomon_exact_1000_v1,,,,,,0.5,,100,2,25,bcdbfecac731779090e3a398702ae4d335968003d643f03bf90430cd1a9ec707,False,baseline,e6dbfbf4af082d1931b05cdf5e6025870dea04a3e7f83089c123ae878bc463bb
R109,solomon_txt,4ef24030e8c48de5f85dcd90c5739186004fc8dec87533b6467013cf996f4777,2,1,ok,True,17,1628683,1628.683,0.110537,0.500321,2,time_limit,solomon_exact_1000_v1,,,,,,0.5,,100,2,25,bcdbfecac731779090e3a398702ae4d335968003d643f03bf90430cd1a9ec707,False,baseline,e6dbfbf4af082d1931b05cdf5e6025870dea04a3e7f83089c123ae878bc463bb
R110,solomon_txt,14cb53cb99af61d3d708f07564b9a72d146e7c26b4f10507cfaf3bc828f34bfa,0,1,ok,True,14,1562499,1562.499,0.108817,0.50066,1,time_limit,solomon_exact_1000_v1,,,,,,0.5,,100,2,25,bcdbfecac731779090e3a398702ae4d335968003d643f03bf90430cd1a9ec707,False,baseline,e6dbfbf4af082d1931b05cdf5e6025870dea04a3e7f83089c123ae878bc463bb
R110,solomon_txt,14cb53cb99af61d3d708f07564b9a72d146e7c26b4f10507cfaf3bc828f34bfa,1,1,ok,True,13,1523698,1523.698,0.110755,0.500687,1,time_limit,solomon_exact_1000_v1,,,,,,0.5,,100,2,25,bcdbfecac731779090e3a398702ae4d335968003d643f03bf90430cd1a9ec707,False,baseline,e6dbfbf4af082d1931b05cdf5e6025870dea04a3e7f83089c123ae878bc463bb
R110,solomon_txt,14cb53cb99af61d3d708f07564b9a72d146e7c26b4f10507cfaf3bc828f34bfa,2,1,ok,True,13,1564765,1564.765,0.099893,0.500568,1,time_limit,solomon_exact_1000_v1,,,,,,0.5,,100,2,25,bcdbfecac731779090e3a398702ae4d335968003d643f03bf90430cd1a9ec707,False,baseline,e6dbfbf4af082d1931b05cdf5e6025870dea04a3e7f83089c123ae878bc463bb
R111,solomon_txt,3d94a73b1f2fe8aae4618b9d9ea254cff2e3924a6a841aa390096ec6c60f258d,0,1,ok,True,12,1400068,1400.068,0.107057,0.500566,1,time_limit,solomon_exact_1000_v1,,,,,,0.5,,100,2,25,bcdbfecac731779090e3a398702ae4d335968003d643f03bf90430cd1a9ec707,False,baseline,e6dbfbf4af082d1931b05cdf5e6025870dea04a3e7f83089c123ae878bc463bb
R111,solomon_txt,3d94a73b1f2fe8aae4618b9d9ea254cff2e3924a6a841aa390096ec6c60f258d,1,1,ok,True,12,1477107,1477.107,0.131949,0.500646,1,time_limit,solomon_exact_1000_v1,,,,,,0.5,,100,2,25,bcdbfecac731779090e3a398702ae4d335968003d643f03bf90430cd1a9ec707,False,baseline,e6dbfbf4af082d1931b05cdf5e6025870dea04a3e7f83089c123ae878bc463bb
R111,solomon_txt,3d94a73b1f2fe8aae4618b9d9ea254cff2e3924a6a841aa390096ec6c60f258d,2,1,ok,True,12,1307395,1307.395,0.128793,0.500942,1,time_limit,solomon_exact_1000_v1,,,,,,0.5,,100,2,25,bcdbfecac731779090e3a398702ae4d335968003d643f03bf90430cd1a9ec707,False,baseline,e6dbfbf4af082d1931b05cdf5e6025870dea04a3e7f83089c123ae878bc463bb
R112,solomon_txt,a0e93149d59d30c356619891d192e86d0f16c3158e1dac3bd9f23c6deb718271,0,1,ok,True,13,1534215,1534.215,0.134876,0.50057,1,time_limit,solomon_exact_1000_v1,,,,,,0.5,,100,2,25,bcdbfecac731779090e3a398702ae4d335968003d643f03bf90430cd1a9ec707,False,baseline,e6dbfbf4af082d1931b05cdf5e6025870dea04a3e7f83089c123ae878bc463bb
R112,solomon_txt,a0e93149d59d30c356619891d192e86d0f16c3158e1dac3bd9f23c6deb718271,1,1,ok,True,13,1430041,1430.041,0.128923,0.501085,1,time_limit,solomon_exact_1000_v1,,,,,,0.5,,100,2,25,bcdbfecac731779090e3a398702ae4d335968003d643f03bf90430cd1a9ec707,False,baseline,e6dbfbf4af082d1931b05cdf5e6025870dea04a3e7f83089c123ae878bc463bb
R112,solomon_txt,a0e93149d59d30c356619891d192e86d0f16c3158e1dac3bd9f23c6deb718271,2,1,ok,True,13,1413165,1413.165,0.097637,0.50099,1,time_limit,solomon_exact_1000_v1,,,,,,0.5,,100,2,25,bcdbfecac731779090e3a398702ae4d335968003d643f03bf90430cd1a9ec707,False,baseline,e6dbfbf4af082d1931b05cdf5e6025870dea04a3e7f83089c123ae878bc463bb
R201,solomon_txt,0be960ec998fff2cab0bdbcc5194c617e5ca0a79c82c5b32b1d4bd98b2cae210,0,1,ok,True,5,1726658,1726.658,0.259439,0.500538,1,time_limit,solomon_exact_1000_v1,,,,,,0.5,,100,2,25,bcdbfecac731779090e3a398702ae4d335968003d643f03bf90430cd1a9ec707,False,baseline,e6dbfbf4af082d1931b05cdf5e6025870dea04a3e7f83089c123ae878bc463bb
R201,solomon_txt,0be960ec998fff2cab0bdbcc5194c617e5ca0a79c82c5b32b1d4bd98b2cae210,1,1,ok,True,5,1726658,1726.658,0.303591,0.500499,1,time_limit,solomon_exact_1000_v1,,,,,,0.5,,100,2,25,bcdbfecac731779090e3a398702ae4d335968003d643f03bf90430cd1a9ec707,False,baseline,e6dbfbf4af082d1931b05cdf5e6025870dea04a3e7f83089c123ae878bc463bb
R201,solomon_txt,0be960ec998fff2cab0bdbcc5194c617e5ca0a79c82c5b32b1d4bd98b2cae210,2,1,ok,True,5,1726658,1726.658,0.221182,0.500369,1,time_limit,solomon_exact_1000_v1,,,,,,0.5,,100,2,25,bcdbfecac731779090e3a398702ae4d335968003d643f03bf90430cd1a9ec707,False,baseline,e6dbfbf4af082d1931b05cdf5e6025870dea04a3e7f83089c123ae878bc463bb
R202,solomon_txt,1f7761bb33e9dd0c94837b32c72280296ffc283dba997379c7ad75ce00dffc8d,0,1,ok,True,4,1622244,1622.244,0.314249,0.500624,1,time_limit,solomon_exact_1000_v1,,,,,,0.5,,100,2,25,bcdbfecac731779090e3a398702ae4d335968003d643f03bf90430cd1a9ec707,False,baseline,e6dbfbf4af082d1931b05cdf5e6025870dea04a3e7f83089c123ae878bc463bb
R202,solomon_txt,1f7761bb33e9dd0c94837b32c72280296ffc283dba997379c7ad75ce00dffc8d,1,1,ok,True,4,1622244,1622.244,0.374846,0.500583,1,time_limit,solomon_exact_1000_v1,,,,,,0.5,,100,2,25,bcdbfecac731779090e3a398702ae4d335968003d643f03bf90430cd1a9ec707,False,baseline,e6dbfbf4af082d1931b05cdf5e6025870dea04a3e7f83089c123ae878bc463bb
R202,solomon_txt,1f7761bb33e9dd0c94837b32c72280296ffc283dba997379c7ad75ce00dffc8d,2,1,ok,True,4,1622244,1622.244,0.221903,0.500285,1,time_limit,solomon_exact_1000_v1,,,,,,0.5,,100,2,25,bcdbfecac731779090e3a398702ae4d335968003d643f03bf90430cd1a9ec707,False,baseline,e6dbfbf4af082d1931b05cdf5e6025870dea04a3e7f83089c123ae878bc463bb
R203,solomon_txt,38c484db31bd7452a94d533e26a2348ef598df600b79d061d9ddc1c61466a731,0,1,ok,True,3,1300221,1300.221,0.310499,0.500347,1,time_limit,solomon_exact_1000_v1,,,,,,0.5,,100,2,25,bcdbfecac731779090e3a398702ae4d335968003d643f03bf90430cd1a9ec707,False,baseline,e6dbfbf4af082d1931b05cdf5e6025870dea04a3e7f83089c123ae878bc463bb
R203,solomon_txt,38c484db31bd7452a94d533e26a2348ef598df600b79d061d9ddc1c61466a731,1,1,ok,True,3,1300221,1300.221,0.244458,0.500322,1,time_limit,solomon_exact_1000_v1,,,,,,0.5,,100,2,25,bcdbfecac731779090e3a398702ae4d335968003d643f03bf90430cd1a9ec707,False,baseline,e6dbfbf4af082d1931b05cdf5e6025870dea04a3e7f83089c123ae878bc463bb
R203,solomon_txt,38c484db31bd7452a94d533e26a2348ef598df600b79d061d9ddc1c61466a731,2,1,ok,True,3,1300221,1300.221,0.236381,0.500271,1,time_limit,solomon_exact_1000_v1,,,,,,0.5,,100,2,25,bcdbfecac731779090e3a398702ae4d335968003d643f03bf90430cd1a9ec707,False,baseline,e6dbfbf4af082d1931b05cdf5e6025870dea04a3e7f83089c123ae878bc463bb
R204,solomon_txt,5349e37d8df99bcbee1efa2e970d2662b5265e5f82fc609343a6af0a60257abf,0,1,ok,True,3,1331038,1331.038,0.297116,0.500278,1,time_limit,solomon_exact_1000_v1,,,,,,0.5,,100,2,25,bcdbfecac731779090e3a398702ae4d335968003d643f03bf90430cd1a9ec707,False,baseline,e6dbfbf4af082d1931b05cdf5e6025870dea04a3e7f83089c123ae878bc463bb
R204,solomon_txt,5349e37d8df99bcbee1efa2e970d2662b5265e5f82fc609343a6af0a60257abf,1,1,ok,True,3,1331038,1331.038,0.298989,0.500286,1,time_limit,solomon_exact_1000_v1,,,,,,0.5,,100,2,25,bcdbfecac731779090e3a398702ae4d335968003d643f03bf90430cd1a9ec707,False,baseline,e6dbfbf4af082d1931b05cdf5e6025870dea04a3e7f83089c123ae878bc463bb
R204,solomon_txt,5349e37d8df99bcbee1efa2e970d2662b5265e5f82fc609343a6af0a60257abf,2,1,ok,True,3,1331038,1331.038,0.30368,0.500265,1,time_limit,solomon_exact_1000_v1,,,,,,0.5,,100,2,25,bcdbfecac731779090e3a398702ae4d335968003d643f03bf90430cd1a9ec707,False,baseline,e6dbfbf4af082d1931b05cdf5e6025870dea04a3e7f83089c123ae878bc463bb
R205,solomon_txt,1996bf8f10716fb8cfc1a585206a6a6e566f32347c1bb8f36c75ed6c887f77e3,0,1,ok,True,4,1700248,1700.248,0.233026,0.500328,1,time_limit,solomon_exact_1000_v1,,,,,,0.5,,100,2,25,bcdbfecac731779090e3a398702ae4d335968003d643f03bf90430cd1a9ec707,False,baseline,e6dbfbf4af082d1931b05cdf5e6025870dea04a3e7f83089c123ae878bc463bb
R205,solomon_txt,1996bf8f10716fb8cfc1a585206a6a6e566f32347c1bb8f36c75ed6c887f77e3,1,1,ok,True,4,1700248,1700.248,0.228061,0.500331,1,time_limit,solomon_exact_1000_v1,,,,,,0.5,,100,2,25,bcdbfecac731779090e3a398702ae4d335968003d643f03bf90430cd1a9ec707,False,baseline,e6dbfbf4af082d1931b05cdf5e6025870dea04a3e7f83089c123ae878bc463bb
R205,solomon_txt,1996bf8f10716fb8cfc1a585206a6a6e566f32347c1bb8f36c75ed6c887f77e3,2,1,ok,True,4,1700248,1700.248,0.230571,0.500293,1,time_limit,solomon_exact_1000_v1,,,,,,0.5,,100,2,25,bcdbfecac731779090e3a398702ae4d335968003d643f03bf90430cd1a9ec707,False,baseline,e6dbfbf4af082d1931b05cdf5e6025870dea04a3e7f83089c123ae878bc463bb
R206,solomon_txt,c8754a0319264d076c038b1bf023c8c4710e8895fe3e03f485e9ae249f32fe43,0,1,ok,True,3,1533607,1533.607,0.246998,0.500472,1,time_limit,solomon_exact_1000_v1,,,,,,0.5,,100,2,25,bcdbfecac731779090e3a398702ae4d335968003d643f03bf90430cd1a9ec707,False,baseline,e6dbfbf4af082d1931b05cdf5e6025870dea04a3e7f83089c123ae878bc463bb
R206,solomon_txt,c8754a0319264d076c038b1bf023c8c4710e8895fe3e03f485e9ae249f32fe43,1,1,ok,True,3,1533607,1533.607,0.242,0.500317,1,time_limit,solomon_exact_1000_v1,,,,,,0.5,,100,2,25,bcdbfecac731779090e3a398702ae4d335968003d643f03bf90430cd1a9ec707,False,baseline,e6dbfbf4af082d1931b05cdf5e6025870dea04a3e7f83089c123ae878bc463bb
R206,solomon_txt,c8754a0319264d076c038b1bf023c8c4710e8895fe3e03f485e9ae249f32fe43,2,1,ok,True,3,1533607,1533.607,0.252147,0.500296,1,time_limit,solomon_exact_1000_v1,,,,,,0.5,,100,2,25,bcdbfecac731779090e3a398702ae4d335968003d643f03bf90430cd1a9ec707,False,baseline,e6dbfbf4af082d1931b05cdf5e6025870dea04a3e7f83089c123ae878bc463bb
R207,solomon_txt,52dc8eebba43fdc67ca9aadab228b75a297acb55a87db3e4748e82f623e3cbe6,0,1,ok,True,4,1302528,1302.528,0.301632,0.500299,1,time_limit,solomon_exact_1000_v1,,,,,,0.5,,100,2,25,bcdbfecac731779090e3a398702ae4d335968003d643f03bf90430cd1a9ec707,False,baseline,e6dbfbf4af082d1931b05cdf5e6025870dea04a3e7f83089c123ae878bc463bb
R207,solomon_txt,52dc8eebba43fdc67ca9aadab228b75a297acb55a87db3e4748e82f623e3cbe6,1,1,ok,True,4,1302528,1302.528,0.29143,0.500307,1,time_limit,solomon_exact_1000_v1,,,,,,0.5,,100,2,25,bcdbfecac731779090e3a398702ae4d335968003d643f03bf90430cd1a9ec707,False,baseline,e6dbfbf4af082d1931b05cdf5e6025870dea04a3e7f83089c123ae878bc463bb
R207,solomon_txt,52dc8eebba43fdc67ca9aadab228b75a297acb55a87db3e4748e82f623e3cbe6,2,1,ok,True,4,1302528,1302.528,0.287599,0.500317,1,time_limit,solomon_exact_1000_v1,,,,,,0.5,,100,2,25,bcdbfecac731779090e3a398702ae4d335968003d643f03bf90430cd1a9ec707,False,baseline,e6dbfbf4af082d1931b05cdf5e6025870dea04a3e7f83089c123ae878bc463bb
R208,solomon_txt,7b4a95d500af9329dd08791d39898a619faec0f8fac039d57373e761545b980d,0,1,ok,True,3,957965,957.965,0.371063,0.50031,1,time_limit,solomon_exact_1000_v1,,,,,,0.5,,100,2,25,bcdbfecac731779090e3a398702ae4d335968003d643f03bf90430cd1a9ec707,False,baseline,e6dbfbf4af082d1931b05cdf5e6025870dea04a3e7f83089c123ae878bc463bb
R208,solomon_txt,7b4a95d500af9329dd08791d39898a619faec0f8fac039d57373e761545b980d,1,1,ok,True,3,957965,957.965,0.31216,0.500271,1,time_limit,solomon_exact_1000_v1,,,,,,0.5,,100,2,25,bcdbfecac731779090e3a398702ae4d335968003d643f03bf90430cd1a9ec707,False,baseline,e6dbfbf4af082d1931b05cdf5e6025870dea04a3e7f83089c123ae878bc463bb
R208,solomon_txt,7b4a95d500af9329dd08791d39898a619faec0f8fac039d57373e761545b980d,2,1,ok,True,3,957965,957.965,0.30992,0.500305,1,time_limit,solomon_exact_1000_v1,,,,,,0.5,,100,2,25,bcdbfecac731779090e3a398702ae4d335968003d643f03bf90430cd1a9ec707,False,baseline,e6dbfbf4af082d1931b05cdf5e6025870dea04a3e7f83089c123ae878bc463bb
R209,solomon_txt,5b74156d032babcff853ccc693f94463eca8333cd425aa99a39ed996f6258933,0,1,ok,True,4,1712415,1712.415,0.224396,0.500298,1,time_limit,solomon_exact_1000_v1,,,,,,0.5,,100,2,25,bcdbfecac731779090e3a398702ae4d335968003d643f03bf90430cd1a9ec707,False,baseline,e6dbfbf4af082d1931b05cdf5e6025870dea04a3e7f83089c123ae878bc463bb
R209,solomon_txt,5b74156d032babcff853ccc693f94463eca8333cd425aa99a39ed996f6258933,1,1,ok,True,3,1303297,1303.297,0.228024,0.500317,1,time_limit,solomon_exact_1000_v1,,,,,,0.5,,100,2,25,bcdbfecac731779090e3a398702ae4d335968003d643f03bf90430cd1a9ec707,False,baseline,e6dbfbf4af082d1931b05cdf5e6025870dea04a3e7f83089c123ae878bc463bb
R209,solomon_txt,5b74156d032babcff853ccc693f94463eca8333cd425aa99a39ed996f6258933,2,1,ok,True,4,1712415,1712.415,0.24193,0.500316,1,time_limit,solomon_exact_1000_v1,,,,,,0.5,,100,2,25,bcdbfecac731779090e3a398702ae4d335968003d643f03bf90430cd1a9ec707,False,baseline,e6dbfbf4af082d1931b05cdf5e6025870dea04a3e7f83089c123ae878bc463bb
R210,solomon_txt,4e5772f109fb6183e6a648d6a1edaba3435438c2dc11c42da370fecf7bdf3a14,0,1,ok,True,3,1443660,1443.66,0.253918,0.500293,1,time_limit,solomon_exact_1000_v1,,,,,,0.5,,100,2,25,bcdbfecac731779090e3a398702ae4d335968003d643f03bf90430cd1a9ec707,False,baseline,e6dbfbf4af082d1931b05cdf5e6025870dea04a3e7f83089c123ae878bc463bb
R210,solomon_txt,4e5772f109fb6183e6a648d6a1edaba3435438c2dc11c42da370fecf7bdf3a14,1,1,ok,True,3,1443660,1443.66,0.245357,0.500313,1,time_limit,solomon_exact_1000_v1,,,,,,0.5,,100,2,25,bcdbfecac731779090e3a398702ae4d335968003d643f03bf90430cd1a9ec707,False,baseline,e6dbfbf4af082d1931b05cdf5e6025870dea04a3e7f83089c123ae878bc463bb
R210,solomon_txt,4e5772f109fb6183e6a648d6a1edaba3435438c2dc11c42da370fecf7bdf3a14,2,1,ok,True,3,1437062,1437.062,0.238546,0.500871,1,time_limit,solomon_exact_1000_v1,,,,,,0.5,,100,2,25,bcdbfecac731779090e3a398702ae4d335968003d643f03bf90430cd1a9ec707,False,baseline,e6dbfbf4af082d1931b05cdf5e6025870dea04a3e7f83089c123ae878bc463bb
R211,solomon_txt,2965507e467a2f92acd59035975910e36ae11e4f49590d4c7d20a883939227ad,0,1,ok,True,3,1516434,1516.434,0.196637,0.500255,1,time_limit,solomon_exact_1000_v1,,,,,,0.5,,100,2,25,bcdbfecac731779090e3a398702ae4d335968003d643f03bf90430cd1a9ec707,False,baseline,e6dbfbf4af082d1931b05cdf5e6025870dea04a3e7f83089c123ae878bc463bb
R211,solomon_txt,2965507e467a2f92acd59035975910e36ae11e4f49590d4c7d20a883939227ad,1,1,ok,True,3,1516434,1516.434,0.19199,0.500283,1,time_limit,solomon_exact_1000_v1,,,,,,0.5,,100,2,25,bcdbfecac731779090e3a398702ae4d335968003d643f03bf90430cd1a9ec707,False,baseline,e6dbfbf4af082d1931b05cdf5e6025870dea04a3e7f83089c123ae878bc463bb
R211,solomon_txt,2965507e467a2f92acd59035975910e36ae11e4f49590d4c7d20a883939227ad,2,1,ok,True,3,1516434,1516.434,0.283442,0.500542,1,time_limit,solomon_exact_1000_v1,,,,,,0.5,,100,2,25,bcdbfecac731779090e3a398702ae4d335968003d643f03bf90430cd1a9ec707,False,baseline,e6dbfbf4af082d1931b05cdf5e6025870dea04a3e7f83089c123ae878bc463bb
RC101,solomon_txt,ef6893ffd9746ad96de8e4da6e64e2c4ba6e08a1c7eb9457276a9f1caf01ca12,0,1,ok,True,18,2104023,2104.023,0.082561,0.500576,1,time_limit,solomon_exact_1000_v1,,,,,,0.5,,100,2,25,bcdbfecac731779090e3a398702ae4d335968003d643f03bf90430cd1a9ec707,False,baseline,e6dbfbf4af082d1931b05cdf5e6025870dea04a3e7f83089c123ae878bc463bb
RC101,solomon_txt,ef6893ffd9746ad96de8e4da6e64e2c4ba6e08a1c7eb9457276a9f1caf01ca12,1,1,ok,True,18,2074763,2074.763,0.082195,0.500676,1,time_limit,solomon_exact_1000_v1,,,,,,0.5,,100,2,25,bcdbfecac731779090e3a398702ae4d335968003d643f03bf90430cd1a9ec707,False,baseline,e6dbfbf4af082d1931b05cdf5e6025870dea04a3e7f83089c123ae878bc463bb
RC101,solomon_txt,ef6893ffd9746ad96de8e4da6e64e2c4ba6e08a1c7eb9457276a9f1caf01ca12,2,1,ok,True,18,1983759,1983.759,0.081872,0.500603,1,time_limit,solomon_exact_1000_v1,,,,,,0.5,,100,2,25,bcdbfecac731779090e3a398702ae4d335968003d643f03bf90430cd1a9ec707,False,baseline,e6dbfbf4af082d1931b05cdf5e6025870dea04a3e7f83089c123ae878bc463bb
RC102,solomon_txt,36acd349d34a577c7fadd61f78517c2cb74bd06a490273800c288f341e5785a4,0,1,ok,True,16,1964165,1964.165,0.090763,0.500605,1,time_limit,solomon_exact_1000_v1,,,,,,0.5,,100,2,25,bcdbfecac731779090e3a398702ae4d335968003d643f03bf90430cd1a9ec707,False,baseline,e6dbfbf4af082d1931b05cdf5e6025870dea04a3e7f83089c123ae878bc463bb
RC102,solomon_txt,36acd349d34a577c7fadd61f78517c2cb74bd06a490273800c288f341e5785a4,1,1,ok,True,15,1834933,1834.933,0.088843,0.500625,1,time_limit,solomon_exact_1000_v1,,,,,,0.5,,100,2,25,bcdbfecac731779090e3a398702ae4d335968003d643f03bf90430cd1a9ec707,False,baseline,e6dbfbf4af082d1931b05cdf5e6025870dea04a3e7f83089c123ae878bc463bb
RC102,solomon_txt,36acd349d34a577c7fadd61f78517c2cb74bd06a490273800c288f341e5785a4,2,1,ok,True,16,1812496,1812.496,0.085539,0.500599,1,time_limit,solomon_exact_1000_v1,,,,,,0.5,,100,2,25,bcdbfecac731779090e3a398702ae4d335968003d643f03bf90430cd1a9ec707,False,baseline,e6dbfbf4af082d1931b05cdf5e6025870dea04a3e7f83089c123ae878bc463bb
RC103,solomon_txt,00f384138274d5d2bff5c41601db17cc4ad0cfc6315c27e223d4477bf435cc2d,0,1,ok,True,13,1952068,1952.068,0.097992,0.500533,1,time_limit,solomon_exact_1000_v1,,,,,,0.5,,100,2,25,bcdbfecac731779090e3a398702ae4d335968003d643f03bf90430cd1a9ec707,False,baseline,e6dbfbf4af082d1931b05cdf5e6025870dea04a3e7f83089c123ae878bc463bb
RC103,solomon_txt,00f384138274d5d2bff5c41601db17cc4ad0cfc6315c27e223d4477bf435cc2d,1,1,ok,True,12,1703532,1703.532,0.096766,0.500535,1,time_limit,solomon_exact_1000_v1,,,,,,0.5,,100,2,25,bcdbfecac731779090e3a398702ae4d335968003d643f03bf90430cd1a9ec707,False,baseline,e6dbfbf4af082d1931b05cdf5e6025870dea04a3e7f83089c123ae878bc463bb
RC103,solomon_txt,00f384138274d5d2bff5c41601db17cc4ad0cfc6315c27e223d4477bf435cc2d,2,1,ok,True,13,1952068,1952.068,0.09698,0.500593,1,time_limit,solomon_exact_1000_v1,,,,,,0.5,,100,2,25,bcdbfecac731779090e3a398702ae4d335968003d643f03bf90430cd1a9ec707,False,baseline,e6dbfbf4af082d1931b05cdf5e6025870dea04a3e7f83089c123ae878bc463bb
RC104,solomon_txt,d150b2d61049a488fb89a2320c197d81a7ef9a1864abbbaea1d13a2b451253ee,0,1,ok,True,12,1624060,1624.06,0.100186,0.50053,1,time_limit,solomon_exact_1000_v1,,,,,,0.5,,100,2,25,bcdbfecac731779090e3a398702ae4d335968003d643f03bf90430cd1a9ec707,False,baseline,e6dbfbf4af082d1931b05cdf5e6025870dea04a3e7f83089c123ae878bc463bb
RC104,solomon_txt,d150b2d61049a488fb89a2320c197d81a7ef9a1864abbbaea1d13a2b451253ee,1,1,ok,True,12,1626628,1626.628,0.111437,0.500576,1,time_limit,solomon_exact_1000_v1,,,,,,0.5,,100,2,25,bcdbfecac731779090e3a398702ae4d335968003d643f03bf90430cd1a9ec707,False,baseline,e6dbfbf4af082d1931b05cdf5e6025870dea04a3e7f83089c123ae878bc463bb
RC104,solomon_txt,d150b2d61049a488fb89a2320c197d81a7ef9a1864abbbaea1d13a2b451253ee,2,1,ok,True,12,1325395,1325.395,0.099124,0.500554,1,time_limit,solomon_exact_1000_v1,,,,,,0.5,,100,2,25,bcdbfecac731779090e3a398702ae4d335968003d643f03bf90430cd1a9ec707,False,baseline,e6dbfbf4af082d1931b05cdf5e6025870dea04a3e7f83089c123ae878bc463bb
RC105,solomon_txt,b9e912625c1ed80d2f565e0799ade2f4b17bf4f95056322ca23f1a21b37e7a49,0,1,ok,True,17,2111315,2111.315,0.085747,0.50058,1,time_limit,solomon_exact_1000_v1,,,,,,0.5,,100,2,25,bcdbfecac731779090e3a398702ae4d335968003d643f03bf90430cd1a9ec707,False,baseline,e6dbfbf4af082d1931b05cdf5e6025870dea04a3e7f83089c123ae878bc463bb
RC105,solomon_txt,b9e912625c1ed80d2f565e0799ade2f4b17bf4f95056322ca23f1a21b37e7a49,1,1,ok,True,16,2118579,2118.579,0.087909,0.500591,1,time_limit,solomon_exact_1000_v1,,,,,,0.5,,100,2,25,bcdbfecac731779090e3a398702ae4d335968003d643f03bf90430cd1a9ec707,False,baseline,e6dbfbf4af082d1931b05cdf5e6025870dea04a3e7f83089c123ae878bc463bb
RC105,solomon_txt,b9e912625c1ed80d2f565e0799ade2f4b17bf4f95056322ca23f1a21b37e7a49,2,1,ok,True,16,1896344,1896.344,0.091925,0.500598,1,time_limit,solomon_exact_1000_v1,,,,,,0.5,,100,2,25,bcdbfecac731779090e3a398702ae4d335968003d643f03bf90430cd1a9ec707,False,baseline,e6dbfbf4af082d1931b05cdf5e6025870dea04a3e7f83089c123ae878bc463bb
RC106,solomon_txt,bf016ffc567af2d108570357daf1d0cabb7f680c0bd977d2e4366787683fdbaf,0,1,ok,True,15,2117387,2117.387,0.086784,0.500998,1,time_limit,solomon_exact_1000_v1,,,,,,0.5,,100,2,25,bcdbfecac731779090e3a398702ae4d335968003d643f03bf90430cd1a9ec707,False,baseline,e6dbfbf4af082d1931b05cdf5e6025870dea04a3e7f83089c123ae878bc463bb
RC106,solomon_txt,bf016ffc567af2d108570357daf1d0cabb7f680c0bd977d2e4366787683fdbaf,1,1,ok,True,15,1915368,1915.368,0.082345,0.500313,3,time_limit,solomon_exact_1000_v1,,,,,,0.5,,100,2,25,bcdbfecac731779090e3a398702ae4d335968003d643f03bf90430cd1a9ec707,False,baseline,e6dbfbf4af082d1931b05cdf5e6025870dea04a3e7f83089c123ae878bc463bb
RC106,solomon_txt,bf016ffc567af2d108570357daf1d0cabb7f680c0bd977d2e4366787683fdbaf,2,1,ok,True,15,1993373,1993.373,0.085791,0.500593,1,time_limit,solomon_exact_1000_v1,,,,,,0.5,,100,2,25,bcdbfecac731779090e3a398702ae4d335968003d643f03bf90430cd1a9ec707,False,baseline,e6dbfbf4af082d1931b05cdf5e6025870dea04a3e7f83089c123ae878bc463bb
RC107,solomon_txt,fff3fd68d110671ed442575f07cc547291586f30b00c5f73934d521d31311582,0,1,ok,True,14,1708249,1708.249,0.089903,0.50087,1,time_limit,solomon_exact_1000_v1,,,,,,0.5,,100,2,25,bcdbfecac731779090e3a398702ae4d335968003d643f03bf90430cd1a9ec707,False,baseline,e6dbfbf4af082d1931b05cdf5e6025870dea04a3e7f83089c123ae878bc463bb
RC107,solomon_txt,fff3fd68d110671ed442575f07cc547291586f30b00c5f73934d521d31311582,1,1,ok,True,15,2044547,2044.547,0.092932,0.500644,1,time_limit,solomon_exact_1000_v1,,,,,,0.5,,100,2,25,bcdbfecac731779090e3a398702ae4d335968003d643f03bf90430cd1a9ec707,False,baseline,e6dbfbf4af082d1931b05cdf5e6025870dea04a3e7f83089c123ae878bc463bb
RC107,solomon_txt,fff3fd68d110671ed442575f07cc547291586f30b00c5f73934d521d31311582,2,1,ok,True,15,2032260,2032.26,0.091471,0.500671,1,time_limit,solomon_exact_1000_v1,,,,,,0.5,,100,2,25,bcdbfecac731779090e3a398702ae4d335968003d643f03bf90430cd1a9ec707,False,baseline,e6dbfbf4af082d1931b05cdf5e6025870dea04a3e7f83089c123ae878bc463bb
RC108,solomon_txt,006bc8817bf09f9a8c66af8d6f088bdec239b2eb435556e9d11193cf456f7aeb,0,1,ok,True,14,1955495,1955.495,0.093822,0.500564,1,time_limit,solomon_exact_1000_v1,,,,,,0.5,,100,2,25,bcdbfecac731779090e3a398702ae4d335968003d643f03bf90430cd1a9ec707,False,baseline,e6dbfbf4af082d1931b05cdf5e6025870dea04a3e7f83089c123ae878bc463bb
RC108,solomon_txt,006bc8817bf09f9a8c66af8d6f088bdec239b2eb435556e9d11193cf456f7aeb,1,1,ok,True,14,1707943,1707.943,0.091781,0.500562,1,time_limit,solomon_exact_1000_v1,,,,,,0.5,,100,2,25,bcdbfecac731779090e3a398702ae4d335968003d643f03bf90430cd1a9ec707,False,baseline,e6dbfbf4af082d1931b05cdf5e6025870dea04a3e7f83089c123ae878bc463bb
RC108,solomon_txt,006bc8817bf09f9a8c66af8d6f088bdec239b2eb435556e9d11193cf456f7aeb,2,1,ok,True,14,1714193,1714.193,0.103683,0.500613,1,time_limit,solomon_exact_1000_v1,,,,,,0.5,,100,2,25,bcdbfecac731779090e3a398702ae4d335968003d643f03bf90430cd1a9ec707,False,baseline,e6dbfbf4af082d1931b05cdf5e6025870dea04a3e7f83089c123ae878bc463bb
RC201,solomon_txt,288836e2d8c2ace83ebbff77e03ac8cdffc574fc134cade21ef92713f8c52d44,0,1,ok,True,5,2429811,2429.811,0.181879,0.500327,1,time_limit,solomon_exact_1000_v1,,,,,,0.5,,100,2,25,bcdbfecac731779090e3a398702ae4d335968003d643f03bf90430cd1a9ec707,False,baseline,e6dbfbf4af082d1931b05cdf5e6025870dea04a3e7f83089c123ae878bc463bb
RC201,solomon_txt,288836e2d8c2ace83ebbff77e03ac8cdffc574fc134cade21ef92713f8c52d44,1,1,ok,True,5,2429811,2429.811,0.2029,0.500319,1,time_limit,solomon_exact_1000_v1,,,,,,0.5,,100,2,25,bcdbfecac731779090e3a398702ae4d335968003d643f03bf90430cd1a9ec707,False,baseline,e6dbfbf4af082d1931b05cdf5e6025870dea04a3e7f83089c123ae878bc463bb
RC201,solomon_txt,288836e2d8c2ace83ebbff77e03ac8cdffc574fc134cade21ef92713f8c52d44,2,1,ok,True,5,2429811,2429.811,0.236151,0.500316,1,time_limit,solomon_exact_1000_v1,,,,,,0.5,,100,2,25,bcdbfecac731779090e3a398702ae4d335968003d643f03bf90430cd1a9ec707,False,baseline,e6dbfbf4af082d1931b05cdf5e6025870dea04a3e7f83089c123ae878bc463bb
RC202,solomon_txt,5a1dee2017ab0ca4fe280b392678c96e8b5bc71f22d02c8058fbde7c4cfebcf4,0,1,ok,True,5,1998260,1998.26,0.241027,0.500455,1,time_limit,solomon_exact_1000_v1,,,,,,0.5,,100,2,25,bcdbfecac731779090e3a398702ae4d335968003d643f03bf90430cd1a9ec707,False,baseline,e6dbfbf4af082d1931b05cdf5e6025870dea04a3e7f83089c123ae878bc463bb
RC202,solomon_txt,5a1dee2017ab0ca4fe280b392678c96e8b5bc71f22d02c8058fbde7c4cfebcf4,1,1,ok,True,4,1818035,1818.035,0.174088,0.500301,1,time_limit,solomon_exact_1000_v1,,,,,,0.5,,100,2,25,bcdbfecac731779090e3a398702ae4d335968003d643f03bf90430cd1a9ec707,False,baseline,e6dbfbf4af082d1931b05cdf5e6025870dea04a3e7f83089c123ae878bc463bb
RC202,solomon_txt,5a1dee2017ab0ca4fe280b392678c96e8b5bc71f22d02c8058fbde7c4cfebcf4,2,1,ok,True,4,1619243,1619.243,0.178332,0.500281,1,time_limit,solomon_exact_1000_v1,,,,,,0.5,,100,2,25,bcdbfecac731779090e3a398702ae4d335968003d643f03bf90430cd1a9ec707,False,baseline,e6dbfbf4af082d1931b05cdf5e6025870dea04a3e7f83089c123ae878bc463bb
RC203,solomon_txt,4adcb362c23df91f14b828d4964e9383ffb02ee74217afc2d84571f83ed91f8b,0,1,ok,True,4,1158154,1158.154,0.196018,0.500304,1,time_limit,solomon_exact_1000_v1,,,,,,0.5,,100,2,25,bcdbfecac731779090e3a398702ae4d335968003d643f03bf90430cd1a9ec707,False,baseline,e6dbfbf4af082d1931b05cdf5e6025870dea04a3e7f83089c123ae878bc463bb
RC203,solomon_txt,4adcb362c23df91f14b828d4964e9383ffb02ee74217afc2d84571f83ed91f8b,1,1,ok,True,4,1303205,1303.205,0.180464,0.50028,1,time_limit,solomon_exact_1000_v1,,,,,,0.5,,100,2,25,bcdbfecac731779090e3a398702ae4d335968003d643f03bf90430cd1a9ec707,False,baseline,e6dbfbf4af082d1931b05cdf5e6025870dea04a3e7f83089c123ae878bc463bb
RC203,solomon_txt,4adcb362c23df91f14b828d4964e9383ffb02ee74217afc2d84571f83ed91f8b,2,1,ok,True,4,1061047,1061.047,0.182995,0.500644,1,time_limit,solomon_exact_1000_v1,,,,,,0.5,,100,2,25,bcdbfecac731779090e3a398702ae4d335968003d643f03bf90430cd1a9ec707,False,baseline,e6dbfbf4af082d1931b05cdf5e6025870dea04a3e7f83089c123ae878bc463bb
RC204,solomon_txt,11e827eab51a959ebab66344e7b7cfd1aeed895287653b36a72c86a4440ecd77,0,1,ok,True,3,1500593,1500.593,0.2954,0.500374,1,time_limit,solomon_exact_1000_v1,,,,,,0.5,,100,2,25,bcdbfecac731779090e3a398702ae4d335968003d643f03bf90430cd1a9ec707,False,baseline,e6dbfbf4af082d1931b05cdf5e6025870dea04a3e7f83089c123ae878bc463bb
RC204,solomon_txt,11e827eab51a959ebab66344e7b7cfd1aeed895287653b36a72c86a4440ecd77,1,1,ok,True,3,1500593,1500.593,0.278315,0.500273,1,time_limit,solomon_exact_1000_v1,,,,,,0.5,,100,2,25,bcdbfecac731779090e3a398702ae4d335968003d643f03bf90430cd1a9ec707,False,baseline,e6dbfbf4af082d1931b05cdf5e6025870dea04a3e7f83089c123ae878bc463bb
RC204,solomon_txt,11e827eab51a959ebab66344e7b7cfd1aeed895287653b36a72c86a4440ecd77,2,1,ok,True,3,1500593,1500.593,0.271769,0.500281,1,time_limit,solomon_exact_1000_v1,,,,,,0.5,,100,2,25,bcdbfecac731779090e3a398702ae4d335968003d643f03bf90430cd1a9ec707,False,baseline,e6dbfbf4af082d1931b05cdf5e6025870dea04a3e7f83089c123ae878bc463bb
RC205,solomon_txt,c061d306cf42310b0f3ca15612089f6c5a8d5604c0733bf26852477c787662c9,0,1,ok,True,4,1959415,1959.415,0.213288,0.500256,1,time_limit,solomon_exact_1000_v1,,,,,,0.5,,100,2,25,bcdbfecac731779090e3a398702ae4d335968003d643f03bf90430cd1a9ec707,False,baseline,e6dbfbf4af082d1931b05cdf5e6025870dea04a3e7f83089c123ae878bc463bb
RC205,solomon_txt,c061d306cf42310b0f3ca15612089f6c5a8d5604c0733bf26852477c787662c9,1,1,ok,True,5,2063021,2063.021,0.206771,0.50032,1,time_limit,solomon_exact_1000_v1,,,,,,0.5,,100,2,25,bcdbfecac731779090e3a398702ae4d335968003d643f03bf90430cd1a9ec707,False,baseline,e6dbfbf4af082d1931b05cdf5e6025870dea04a3e7f83089c123ae878bc463bb
RC205,solomon_txt,c061d306cf42310b0f3ca15612089f6c5a8d5604c0733bf26852477c787662c9,2,1,ok,True,4,1695820,1695.82,0.200207,0.500345,1,time_limit,solomon_exact_1000_v1,,,,,,0.5,,100,2,25,bcdbfecac731779090e3a398702ae4d335968003d643f03bf90430cd1a9ec707,False,baseline,e6dbfbf4af082d1931b05cdf5e6025870dea04a3e7f83089c123ae878bc463bb
RC206,solomon_txt,5203aecf67c84df49e152645312a837ffefde529314ff892ca061538816e43a9,0,1,ok,True,4,2080287,2080.287,0.192856,0.500342,1,time_limit,solomon_exact_1000_v1,,,,,,0.5,,100,2,25,bcdbfecac731779090e3a398702ae4d335968003d643f03bf90430cd1a9ec707,False,baseline,e6dbfbf4af082d1931b05cdf5e6025870dea04a3e7f83089c123ae878bc463bb
RC206,solomon_txt,5203aecf67c84df49e152645312a837ffefde529314ff892ca061538816e43a9,1,1,ok,True,4,1771858,1771.858,0.206226,0.50036,1,time_limit,solomon_exact_1000_v1,,,,,,0.5,,100,2,25,bcdbfecac731779090e3a398702ae4d335968003d643f03bf90430cd1a9ec707,False,baseline,e6dbfbf4af082d1931b05cdf5e6025870dea04a3e7f83089c123ae878bc463bb
RC206,solomon_txt,5203aecf67c84df49e152645312a837ffefde529314ff892ca061538816e43a9,2,1,ok,True,4,1732495,1732.495,0.203994,0.500314,1,time_limit,solomon_exact_1000_v1,,,,,,0.5,,100,2,25,bcdbfecac731779090e3a398702ae4d335968003d643f03bf90430cd1a9ec707,False,baseline,e6dbfbf4af082d1931b05cdf5e6025870dea04a3e7f83089c123ae878bc463bb
RC207,solomon_txt,5cab65f99b350cdb8fb1c4d0a12dde85eb4ff6a6d6daf292b182cb73de9a8b63,0,1,ok,True,4,1907431,1907.431,0.213682,0.500284,1,time_limit,solomon_exact_1000_v1,,,,,,0.5,,100,2,25,bcdbfecac731779090e3a398702ae4d335968003d643f03bf90430cd1a9ec707,False,baseline,e6dbfbf4af082d1931b05cdf5e6025870dea04a3e7f83089c123ae878bc463bb
RC207,solomon_txt,5cab65f99b350cdb8fb1c4d0a12dde85eb4ff6a6d6daf292b182cb73de9a8b63,1,1,ok,True,4,1907431,1907.431,0.213535,0.500352,1,time_limit,solomon_exact_1000_v1,,,,,,0.5,,100,2,25,bcdbfecac731779090e3a398702ae4d335968003d643f03bf90430cd1a9ec707,False,baseline,e6dbfbf4af082d1931b05cdf5e6025870dea04a3e7f83089c123ae878bc463bb
RC207,solomon_txt,5cab65f99b350cdb8fb1c4d0a12dde85eb4ff6a6d6daf292b182cb73de9a8b63,2,1,ok,True,4,1907431,1907.431,0.219482,0.500311,1,time_limit,solomon_exact_1000_v1,,,,,,0.5,,100,2,25,bcdbfecac731779090e3a398702ae4d335968003d643f03bf90430cd1a9ec707,False,baseline,e6dbfbf4af082d1931b05cdf5e6025870dea04a3e7f83089c123ae878bc463bb
RC208,solomon_txt,3d67d2a8e2758a324643f5d6c6ca87e8c56435273eaa04be33f213bb991f1f28,0,1,ok,True,3,1365201,1365.201,0.229481,0.500302,1,time_limit,solomon_exact_1000_v1,,,,,,0.5,,100,2,25,bcdbfecac731779090e3a398702ae4d335968003d643f03bf90430cd1a9ec707,False,baseline,e6dbfbf4af082d1931b05cdf5e6025870dea04a3e7f83089c123ae878bc463bb
RC208,solomon_txt,3d67d2a8e2758a324643f5d6c6ca87e8c56435273eaa04be33f213bb991f1f28,1,1,ok,True,4,1913075,1913.075,0.230755,0.500523,1,time_limit,solomon_exact_1000_v1,,,,,,0.5,,100,2,25,bcdbfecac731779090e3a398702ae4d335968003d643f03bf90430cd1a9ec707,False,baseline,e6dbfbf4af082d1931b05cdf5e6025870dea04a3e7f83089c123ae878bc463bb
RC208,solomon_txt,3d67d2a8e2758a324643f5d6c6ca87e8c56435273eaa04be33f213bb991f1f28,2,1,ok,True,4,1913075,1913.075,0.238146,0.500322,1,time_limit,solomon_exact_1000_v1,,,,,,0.5,,100,2,25,bcdbfecac731779090e3a398702ae4d335968003d643f03bf90430cd1a9ec707,False,baseline,e6dbfbf4af082d1931b05cdf5e6025870dea04a3e7f83089c123ae878bc463bb
C101,solomon_txt,a6da75152d182d60ecd2c6f854296f5be452f92282d096adebcf5d99a7f16516,0,1,ok,True,10,828937,828.937,0.068838,0.500454,1,time_limit,solomon_exact_1000_v1,,,,,,0.5,,100,2,25,5d3f56a8df0d9ba91e368d7f3a64e9028fef5c9e1a9bdeff889848baf2b8ab27,False,cached,9cb66bc4e34f3526423a8fc6e8ad3028cbe662de32f705502ffcbb2c3c63f117
C101,solomon_txt,a6da75152d182d60ecd2c6f854296f5be452f92282d096adebcf5d99a7f16516,1,1,ok,True,10,828937,828.937,0.067907,0.500475,1,time_limit,solomon_exact_1000_v1,,,,,,0.5,,100,2,25,5d3f56a8df0d9ba91e368d7f3a64e9028fef5c9e1a9bdeff889848baf2b8ab27,False,cached,9cb66bc4e34f3526423a8fc6e8ad3028cbe662de32f705502ffcbb2c3c63f117
C101,solomon_txt,a6da75152d182d60ecd2c6f854296f5be452f92282d096adebcf5d99a7f16516,2,1,ok,True,10,828937,828.937,0.096625,0.500655,1,time_limit,solomon_exact_1000_v1,,,,,,0.5,,100,2,25,5d3f56a8df0d9ba91e368d7f3a64e9028fef5c9e1a9bdeff889848baf2b8ab27,False,cached,9cb66bc4e34f3526423a8fc6e8ad3028cbe662de32f705502ffcbb2c3c63f117
C102,solomon_txt,f89a0e2a760cc7448a4ca72b88e5b29b94d64b5548f3320f42a6230025ead653,0,1,ok,True,10,1258253,1258.253,0.105601,0.500671,2,time_limit,solomon_exact_1000_v1,,,,,,0.5,,100,2,25,5d3f56a8df0d9ba91e368d7f3a64e9028fef5c9e1a9bdeff889848baf2b8ab27,False,cached,9cb66bc4e34f3526423a8fc6e8ad3028cbe662de32f705502ffcbb2c3c63f117
C102,solomon_txt,f89a0e2a760cc7448a4ca72b88e5b29b94d64b5548f3320f42a6230025ead653,1,1,ok,True,10,1248710,1248.71,0.100914,0.500621,2,time_limit,solomon_exact_1000_v1,,,,,,0.5,,100,2,25,5d3f56a8df0d9ba91e368d7f3a64e9028fef5c9e1a9bdeff889848baf2b8ab27,False,cached,9cb66bc4e34f3526423a8fc6e8ad3028cbe662de32f705502ffcbb2c3c63f117
C102,solomon_txt,f89a0e2a760cc7448a4ca72b88e5b29b94d64b5548f3320f42a6230025ead653,2,1,ok,True,10,1258253,1258.253,0.105711,0.501154,2,time_limit,solomon_exact_1000_v1,,,,,,0.5,,100,2,25,5d3f56a8df0d9ba91e368d7f3a64e9028fef5c9e1a9bdeff889848baf2b8ab27,False,cached,9cb66bc4e34f3526423a8fc6e8ad3028cbe662de32f705502ffcbb2c3c63f117
C103,solomon_txt,a55cabf15e0da9d65696a5fb45c9852889479893f76f772a428ca15d1b415a51,0,1,ok,True,10,1819480,1819.48,0.120783,0.500653,3,time_limit,solomon_exact_1000_v1,,,,,,0.5,,100,2,25,5d3f56a8df0d9ba91e368d7f3a64e9028fef5c9e1a9bdeff889848baf2b8ab27,False,cached,9cb66bc4e34f3526423a8fc6e8ad3028cbe662de32f705502ffcbb2c3c63f117
C103,solomon_txt,a55cabf15e0da9d65696a5fb45c9852889479893f76f772a428ca15d1b415a51,1,1,ok,True,10,1787274,1787.274,0.114053,0.500601,4,time_limit,solomon_exact_1000_v1,,,,,,0.5,,100,2,25,5d3f56a8df0d9ba91e368d7f3a64e9028fef5c9e1a9bdeff889848baf2b8ab27,False,cached,9cb66bc4e34f3526423a8fc6e8ad3028cbe662de32f705502ffcbb2c3c63f117
C103,solomon_txt,a55cabf15e0da9d65696a5fb45c9852889479893f76f772a428ca15d1b415a51,2,1,ok,True,10,1796651,1796.651,0.120255,0.50063,3,time_limit,solomon_exact_1000_v1,,,,,,0.5,,100,2,25,5d3f56a8df0d9ba91e368d7f3a64e9028fef5c9e1a9bdeff889848baf2b8ab27,False,cached,9cb66bc4e34f3526423a8fc6e8ad3028cbe662de32f705502ffcbb2c3c63f117
C104,solomon_txt,fe333e81625ee5a75bb2ce98c2c9f356d07289237865b62a23ba2f32f0de5ee2,0,1,ok,True,10,1938129,1938.129,0.131623,0.500879,3,time_limit,solomon_exact_1000_v1,,,,,,0.5,,100,2,25,5d3f56a8df0d9ba91e368d7f3a64e9028fef5c9e1a9bdeff889848baf2b8ab27,False,cached,9cb66bc4e34f3526423a8fc6e8ad3028cbe662de32f705502ffcbb2c3c63f117
C104,solomon_txt,fe333e81625ee5a75bb2ce98c2c9f356d07289237865b62a23ba2f32f0de5ee2,1,1,ok,True,10,1946572,1946.572,0.177477,0.500678,2,time_limit,solomon_exact_1000_v1,,,,,,0.5,,100,2,25,5d3f56a8df0d9ba91e368d7f3a64e9028fef5c9e1a9bdeff889848baf2b8ab27,False,cached,9cb66bc4e34f3526423a8fc6e8ad3028cbe662de32f705502ffcbb2c3c63f117
C104,solomon_txt,fe333e81625ee5a75bb2ce98c2c9f356d07289237865b62a23ba2f32f0de5ee2,2,1,ok,True,10,1868896,1868.896,0.172021,0.50112,4,time_limit,solomon_exact_1000_v1,,,,,,0.5,,100,2,25,5d3f56a8df0d9ba91e368d7f3a64e9028fef5c9e1a9bdeff889848baf2b8ab27,False,cached,9cb66bc4e34f3526423a8fc6e8ad3028cbe662de32f705502ffcbb2c3c63f117
C105,solomon_txt,9a877a3a6fb922e7ad9297cc0308bc8a5652cb1495a0228ee6b81b2d938aa29f,0,1,ok,True,10,1152670,1152.67,0.157435,0.500988,1,time_limit,solomon_exact_1000_v1,,,,,,0.5,,100,2,25,5d3f56a8df0d9ba91e368d7f3a64e9028fef5c9e1a9bdeff889848baf2b8ab27,False,cached,9cb66bc4e34f3526423a8fc6e8ad3028cbe662de32f705502ffcbb2c3c63f117
C105,solomon_txt,9a877a3a6fb922e7ad9297cc0308bc8a5652cb1495a0228ee6b81b2d938aa29f,1,1,ok,True,10,1039051,1039.051,0.143866,0.501126,1,time_limit,solomon_exact_1000_v1,,,,,,0.5,,100,2,25,5d3f56a8df0d9ba91e368d7f3a64e9028fef5c9e1a9bdeff889848baf2b8ab27,False,cached,9cb66bc4e34f3526423a8fc6e8ad3028cbe662de32f705502ffcbb2c3c63f117
C105,solomon_txt,9a877a3a6fb922e7ad9297cc0308bc8a5652cb1495a0228ee6b81b2d938aa29f,2,1,ok,True,10,1066901,1066.901,0.150623,0.50071,1,time_limit,solomon_exact_1000_v1,,,,,,0.5,,100,2,25,5d3f56a8df0d9ba91e368d7f3a64e9028fef5c9e1a9bdeff889848baf2b8ab27,False,cached,9cb66bc4e34f3526423a8fc6e8ad3028cbe662de32f705502ffcbb2c3c63f117
C106,solomon_txt,ec9b419bed53e9c607cce76e8c6bc59feb6e4d17646905601f008a4141ec7b40,0,1,ok,True,11,1084360,1084.36,0.140193,0.500311,1,time_limit,solomon_exact_1000_v1,,,,,,0.5,,100,2,25,5d3f56a8df0d9ba91e368d7f3a64e9028fef5c9e1a9bdeff889848baf2b8ab27,False,cached,9cb66bc4e34f3526423a8fc6e8ad3028cbe662de32f705502ffcbb2c3c63f117
C106,solomon_txt,ec9b419bed53e9c607cce76e8c6bc59feb6e4d17646905601f008a4141ec7b40,1,1,ok,True,10,1100696,1100.696,0.16688,0.501269,1,time_limit,solomon_exact_1000_v1,,,,,,0.5,,100,2,25,5d3f56a8df0d9ba91e368d7f3a64e9028fef5c9e1a9bdeff889848baf2b8ab27,False,cached,9cb66bc4e34f3526423a8fc6e8ad3028cbe662de32f705502ffcbb2c3c63f117
C106,solomon_txt,ec9b419bed53e9c607cce76e8c6bc59feb6e4d17646905601f008a4141ec7b40,2,1,ok,True,10,1084912,1084.912,0.157936,0.501222,1,time_limit,solomon_exact_1000_v1,,,,,,0.5,,100,2,25,5d3f56a8df0d9ba91e368d7f3a64e9028fef5c9e1a9bdeff889848baf2b8ab27,False,cached,9cb66bc4e34f3526423a8fc6e8ad3028cbe662de32f705502ffcbb2c3c63f117
C107,solomon_txt,cb3cdc10d812fa17370eb52cb753b6b0574426dc6fabeb8b9076ed750ddf05ca,0,1,ok,True,10,1088386,1088.386,0.107818,0.500999,1,time_limit,solomon_exact_1000_v1,,,,,,0.5,,100,2,25,5d3f56a8df0d9ba91e368d7f3a64e9028fef5c9e1a9bdeff889848baf2b8ab27,False,cached,9cb66bc4e34f3526423a8fc6e8ad3028cbe662de32f705502ffcbb2c3c63f117
C107,solomon_txt,cb3cdc10d812fa17370eb52cb753b6b0574426dc6fabeb8b9076ed750ddf05ca,1,1,ok,True,10,1119053,1119.053,0.169589,0.500715,1,time_limit,solomon_exact_1000_v1,,,,,,0.5,,100,2,25,5d3f56a8df0d9ba91e368d7f3a64e9028fef5c9e1a9bdeff889848baf2b8ab27,False,cached,9cb66bc4e34f3526423a8fc6e8ad3028cbe662de32f705502ffcbb2c3c63f117
C107,solomon_txt,cb3cdc10d812fa17370eb52cb753b6b0574426dc6fabeb8b9076ed750ddf05ca,2,1,ok,True,10,1088430,1088.43,0.173046,0.501091,1,time_limit,solomon_exact_1000_v1,,,,,,0.5,,100,2,25,5d3f56a8df0d9ba91e368d7f3a64e9028fef5c9e1a9bdeff889848baf2b8ab27,False,cached,9cb66bc4e34f3526423a8fc6e8ad3028cbe662de32f705502ffcbb2c3c63f117
C108,solomon_txt,b8c7e48f292b66b283d8e71511e3a4eccaa4c4bc66b9313c399e73b0226f5953,0,1,ok,True,11,2132182,2132.182,0.164725,0.500436,1,time_limit,solomon_exact_1000_v1,,,,,,0.5,,100,2,25,5d3f56a8df0d9ba91e368d7f3a64e9028fef5c9e1a9bdeff889848baf2b8ab27,False,cached,9cb66bc4e34f3526423a8fc6e8ad3028cbe662de32f705502ffcbb2c3c63f117
C108,solomon_txt,b8c7e48f292b66b283d8e71511e3a4eccaa4c4bc66b9313c399e73b0226f5953,1,1,ok,True,10,1562897,1562.897,0.174764,0.50123,1,time_limit,solomon_exact_1000_v1,,,,,,0.5,,100,2,25,5d3f56a8df0d9ba91e368d7f3a64e9028fef5c9e1a9bdeff889848baf2b8ab27,False,cached,9cb66bc4e34f3526423a8fc6e8ad3028cbe662de32f705502ffcbb2c3c63f117
C108,solomon_txt,b8c7e48f292b66b283d8e71511e3a4eccaa4c4bc66b9313c399e73b0226f5953,2,1,ok,True,10,1419591,1419.591,0.11864,0.500675,2,time_limit,solomon_exact_1000_v1,,,,,,0.5,,100,2,25,5d3f56a8df0d9ba91e368d7f3a64e9028fef5c9e1a9bdeff889848baf2b8ab27,False,cached,9cb66bc4e34f3526423a8fc6e8ad3028cbe662de32f705502ffcbb2c3c63f117
C109,solomon_txt,72d8489e14bf1bb18456f0b21b01110506cbcc2354719dae8481b480150f142a,0,1,ok,True,10,1626718,1626.718,0.142468,0.501179,4,time_limit,solomon_exact_1000_v1,,,,,,0.5,,100,2,25,5d3f56a8df0d9ba91e368d7f3a64e9028fef5c9e1a9bdeff889848baf2b8ab27,False,cached,9cb66bc4e34f3526423a8fc6e8ad3028cbe662de32f705502ffcbb2c3c63f117
C109,solomon_txt,72d8489e14bf1bb18456f0b21b01110506cbcc2354719dae8481b480150f142a,1,1,ok,True,10,1613769,1613.769,0.150882,0.501213,4,time_limit,solomon_exact_1000_v1,,,,,,0.5,,100,2,25,5d3f56a8df0d9ba91e368d7f3a64e9028fef5c9e1a9bdeff889848baf2b8ab27,False,cached,9cb66bc4e34f3526423a8fc6e8ad3028cbe662de32f705502ffcbb2c3c63f117
C109,solomon_txt,72d8489e14bf1bb18456f0b21b01110506cbcc2354719dae8481b480150f142a,2,1,ok,True,10,1621874,1621.874,0.116877,0.500645,6,time_limit,solomon_exact_1000_v1,,,,,,0.5,,100,2,25,5d3f56a8df0d9ba91e368d7f3a64e9028fef5c9e1a9bdeff889848baf2b8ab27,False,cached,9cb66bc4e34f3526423a8fc6e8ad3028cbe662de32f705502ffcbb2c3c63f117
C201,solomon_txt,d8d9834087ae2326fa23a8510533060233dc9fb481873be60956eb26a880ad63,0,1,ok,True,3,704252,704.252,0.340308,0.500645,1,time_limit,solomon_exact_1000_v1,,,,,,0.5,,100,2,25,5d3f56a8df0d9ba91e368d7f3a64e9028fef5c9e1a9bdeff889848baf2b8ab27,False,cached,9cb66bc4e34f3526423a8fc6e8ad3028cbe662de32f705502ffcbb2c3c63f117
C201,solomon_txt,d8d9834087ae2326fa23a8510533060233dc9fb481873be60956eb26a880ad63,1,1,ok,True,3,704252,704.252,0.439495,0.500692,1,time_limit,solomon_exact_1000_v1,,,,,,0.5,,100,2,25,5d3f56a8df0d9ba91e368d7f3a64e9028fef5c9e1a9bdeff889848baf2b8ab27,False,cached,9cb66bc4e34f3526423a8fc6e8ad3028cbe662de32f705502ffcbb2c3c63f117
C201,solomon_txt,d8d9834087ae2326fa23a8510533060233dc9fb481873be60956eb26a880ad63,2,1,ok,True,3,704252,704.252,0.387152,0.501099,1,time_limit,solomon_exact_1000_v1,,,,,,0.5,,100,2,25,5d3f56a8df0d9ba91e368d7f3a64e9028fef5c9e1a9bdeff889848baf2b8ab27,False,cached,9cb66bc4e34f3526423a8fc6e8ad3028cbe662de32f705502ffcbb2c3c63f117
C202,solomon_txt,dfc8ecad79f6c7ffb096cd36994143569f0babe284d5ad194683271d81063772,0,1,ok,True,3,746236,746.236,0.310596,0.50106,1,time_limit,solomon_exact_1000_v1,,,,,,0.5,,100,2,25,5d3f56a8df0d9ba91e368d7f3a64e9028fef5c9e1a9bdeff889848baf2b8ab27,False,cached,9cb66bc4e34f3526423a8fc6e8ad3028cbe662de32f705502ffcbb2c3c63f117
C202,solomon_txt,dfc8ecad79f6c7ffb096cd36994143569f0babe284d5ad194683271d81063772,1,1,ok,True,3,746236,746.236,0.313368,0.500611,1,time_limit,solomon_exact_1000_v1,,,,,,0.5,,100,2,25,5d3f56a8df0d9ba91e368d7f3a64e9028fef5c9e1a9bdeff889848baf2b8ab27,False,cached,9cb66bc4e34f3526423a8fc6e8ad3028cbe662de32f705502ffcbb2c3c63f117
C202,solomon_txt,dfc8ecad79f6c7ffb096cd36994143569f0babe284d5ad194683271d81063772,2,1,ok,True,3,746236,746.236,0.383057,0.500845,1,time_limit,solomon_exact_1000_v1,,,,,,0.5,,100,2,25,5d3f56a8df0d9ba91e368d7f3a64e9028fef5c9e1a9bdeff889848baf2b8ab27,False,cached,9cb66bc4e34f3526423a8fc6e8ad3028cbe662de32f705502ffcbb2c3c63f117
C203,solomon_txt,2b79eea2962a848cb29f6153d4fb4ae725d35507686d937da6643b33fcd85062,0,1,ok,True,4,894861,894.861,0.369089,0.500558,1,time_limit,solomon_exact_1000_v1,,,,,,0.5,,100,2,25,5d3f56a8df0d9ba91e368d7f3a64e9028fef5c9e1a9bdeff889848baf2b8ab27,False,cached,9cb66bc4e34f3526423a8fc6e8ad3028cbe662de32f705502ffcbb2c3c63f117
C203,solomon_txt,2b79eea2962a848cb29f6153d4fb4ae725d35507686d937da6643b33fcd85062,1,1,ok,True,4,894861,894.861,0.340366,0.500328,1,time_limit,solomon_exact_1000_v1,,,,,,0.5,,100,2,25,5d3f56a8df0d9ba91e368d7f3a64e9028fef5c9e1a9bdeff889848baf2b8ab27,False,cached,9cb66bc4e34f3526423a8fc6e8ad3028cbe662de32f705502ffcbb2c3c63f117
C203,solomon_txt,2b79eea2962a848cb29f6153d4fb4ae725d35507686d937da6643b33fcd85062,2,1,ok,True,4,894861,894.861,0.309673,0.500577,1,time_limit,solomon_exact_1000_v1,,,,,,0.5,,100,2,25,5d3f56a8df0d9ba91e368d7f3a64e9028fef5c9e1a9bdeff889848baf2b8ab27,False,cached,9cb66bc4e34f3526423a8fc6e8ad3028cbe662de32f705502ffcbb2c3c63f117
C204,solomon_txt,4331b2744d34e32c2987e3fe8a82b782a2039d757d2aac818f7e0fd21117bfb4,0,1,ok,True,4,1439548,1439.548,0.310786,0.50037,1,time_limit,solomon_exact_1000_v1,,,,,,0.5,,100,2,25,5d3f56a8df0d9ba91e368d7f3a64e9028fef5c9e1a9bdeff889848baf2b8ab27,False,cached,9cb66bc4e34f3526423a8fc6e8ad3028cbe662de32f705502ffcbb2c3c63f117
C204,solomon_txt,4331b2744d34e32c2987e3fe8a82b782a2039d757d2aac818f7e0fd21117bfb4,1,1,ok,True,4,1439548,1439.548,0.374946,0.500551,1,time_limit,solomon_exact_1000_v1,,,,,,0.5,,100,2,25,5d3f56a8df0d9ba91e368d7f3a64e9028fef5c9e1a9bdeff889848baf2b8ab27,False,cached,9cb66bc4e34f3526423a8fc6e8ad3028cbe662de32f705502ffcbb2c3c63f117
C204,solomon_txt,4331b2744d34e32c2987e3fe8a82b782a2039d757d2aac818f7e0fd21117bfb4,2,1,ok,True,4,1439548,1439.548,0.303064,0.500386,1,time_limit,solomon_exact_1000_v1,,,,,,0.5,,100,2,25,5d3f56a8df0d9ba91e368d7f3a64e9028fef5c9e1a9bdeff889848baf2b8ab27,False,cached,9cb66bc4e34f3526423a8fc6e8ad3028cbe662de32f705502ffcbb2c3c63f117
C205,solomon_txt,15be2bb8c3e4ad99a79d1e7ee0472223feb95a4f423d010e032bda0a87266ca5,0,1,ok,True,4,912158,912.158,0.300455,0.500581,1,time_limit,solomon_exact_1000_v1,,,,,,0.5,,100,2,25,5d3f56a8df0d9ba91e368d7f3a64e9028fef5c9e1a9bdeff889848baf2b8ab27,False,cached,9cb66bc4e34f3526423a8fc6e8ad3028cbe662de32f705502ffcbb2c3c63f117
C205,solomon_txt,15be2bb8c3e4ad99a79d1e7ee0472223feb95a4f423d010e032bda0a87266ca5,1,1,ok,True,4,912158,912.158,0.259556,0.50037,1,time_limit,solomon_exact_1000_v1,,,,,,0.5,,100,2,25,5d3f56a8df0d9ba91e368d7f3a64e9028fef5c9e1a9bdeff889848baf2b8ab27,False,cached,9cb66bc4e34f3526423a8fc6e8ad3028cbe662de32f705502ffcbb2c3c63f117
C205,solomon_txt,15be2bb8c3e4ad99a79d1e7ee0472223feb95a4f423d010e032bda0a87266ca5,2,1,ok,True,4,912158,912.158,0.261214,0.500352,1,time_limit,solomon_exact_1000_v1,,,,,,0.5,,100,2,25,5d3f56a8df0d9ba91e368d7f3a64e9028fef5c9e1a9bdeff889848baf2b8ab27,False,cached,9cb66bc4e34f3526423a8fc6e8ad3028cbe662de32f705502ffcbb2c3c63f117
C206,solomon_txt,745b6c7042707ffbbfc4d681ee02a84431425f1dfb3c8aa85ecf003fec8f7e53,0,1,ok,True,4,1154595,1154.595,0.299879,0.500299,1,time_limit,solomon_exact_1000_v1,,,,,,0.5,,100,2,25,5d3f56a8df0d9ba91e368d7f3a64e9028fef5c9e1a9bdeff889848baf2b8ab27,False,cached,9cb66bc4e34f3526423a8fc6e8ad3028cbe662de32f705502ffcbb2c3c63f117
C206,solomon_txt,745b6c7042707ffbbfc4d681ee02a84431425f1dfb3c8aa85ecf003fec8f7e53,1,1,ok,True,4,1154595,1154.595,0.284215,0.500393,1,time_limit,solomon_exact_1000_v1,,,,,,0.5,,100,2,25,5d3f56a8df0d9ba91e368d7f3a64e9028fef5c9e1a9bdeff889848baf2b8ab27,False,cached,9cb66bc4e34f3526423a8fc6e8ad3028cbe662de32f705502ffcbb2c3c63f117
C206,solomon_txt,745b6c7042707ffbbfc4d681ee02a84431425f1dfb3c8aa85ecf003fec8f7e53,2,1,ok,True,4,1154595,1154.595,0.266736,0.500382,1,time_limit,solomon_exact_1000_v1,,,,,,0.5,,100,2,25,5d3f56a8df0d9ba91e368d7f3a64e9028fef5c9e1a9bdeff889848baf2b8ab27,False,cached,9cb66bc4e34f3526423a8fc6e8ad3028cbe662de32f705502ffcbb2c3c63f117
C207,solomon_txt,a33f03570a944c8a6d185fd6a173e66c68e67c399a4958b2d5b6d49533ace4a4,0,1,ok,True,4,980937,980.937,0.285013,0.500354,1,time_limit,solomon_exact_1000_v1,,,,,,0.5,,100,2,25,5d3f56a8df0d9ba91e368d7f3a64e9028fef5c9e1a9bdeff889848baf2b8ab27,False,cached,9cb66bc4e34f3526423a8fc6e8ad3028cbe662de32f705502ffcbb2c3c63f117
C207,solomon_txt,a33f03570a944c8a6d185fd6a173e66c68e67c399a4958b2d5b6d49533ace4a4,1,1,ok,True,4,980937,980.937,0.298274,0.500379,1,time_limit,solomon_exact_1000_v1,,,,,,0.5,,100,2,25,5d3f56a8df0d9ba91e368d7f3a64e9028fef5c9e1a9bdeff889848baf2b8ab27,False,cached,9cb66bc4e34f3526423a8fc6e8ad3028cbe662de32f705502ffcbb2c3c63f117
C207,solomon_txt,a33f03570a944c8a6d185fd6a173e66c68e67c399a4958b2d5b6d49533ace4a4,2,1,ok,True,4,980937,980.937,0.278029,0.500304,1,time_limit,solomon_exact_1000_v1,,,,,,0.5,,100,2,25,5d3f56a8df0d9ba91e368d7f3a64e9028fef5c9e1a9bdeff889848baf2b8ab27,False,cached,9cb66bc4e34f3526423a8fc6e8ad3028cbe662de32f705502ffcbb2c3c63f117
C208,solomon_txt,1c2f2381b8743680dbeb34322869cbf5a6cdd8c281f4bcffdb99b533e601874b,0,1,ok,True,4,957831,957.831,0.29488,0.500315,1,time_limit,solomon_exact_1000_v1,,,,,,0.5,,100,2,25,5d3f56a8df0d9ba91e368d7f3a64e9028fef5c9e1a9bdeff889848baf2b8ab27,False,cached,9cb66bc4e34f3526423a8fc6e8ad3028cbe662de32f705502ffcbb2c3c63f117
C208,solomon_txt,1c2f2381b8743680dbeb34322869cbf5a6cdd8c281f4bcffdb99b533e601874b,1,1,ok,True,4,957831,957.831,0.264507,0.500286,1,time_limit,solomon_exact_1000_v1,,,,,,0.5,,100,2,25,5d3f56a8df0d9ba91e368d7f3a64e9028fef5c9e1a9bdeff889848baf2b8ab27,False,cached,9cb66bc4e34f3526423a8fc6e8ad3028cbe662de32f705502ffcbb2c3c63f117
C208,solomon_txt,1c2f2381b8743680dbeb34322869cbf5a6cdd8c281f4bcffdb99b533e601874b,2,1,ok,True,4,957831,957.831,0.311729,0.500319,1,time_limit,solomon_exact_1000_v1,,,,,,0.5,,100,2,25,5d3f56a8df0d9ba91e368d7f3a64e9028fef5c9e1a9bdeff889848baf2b8ab27,False,cached,9cb66bc4e34f3526423a8fc6e8ad3028cbe662de32f705502ffcbb2c3c63f117
R101,solomon_txt,3f3655182bc0fe44ce5de65fdcd2ee2f9c7fb9ed055f923635151d9d6f76d3ed,0,1,ok,True,22,1914025,1914.025,0.075545,0.500765,1,time_limit,solomon_exact_1000_v1,,,,,,0.5,,100,2,25,5d3f56a8df0d9ba91e368d7f3a64e9028fef5c9e1a9bdeff889848baf2b8ab27,False,cached,9cb66bc4e34f3526423a8fc6e8ad3028cbe662de32f705502ffcbb2c3c63f117
R101,solomon_txt,3f3655182bc0fe44ce5de65fdcd2ee2f9c7fb9ed055f923635151d9d6f76d3ed,1,1,ok,True,21,1903068,1903.068,0.077909,0.500655,1,time_limit,solomon_exact_1000_v1,,,,,,0.5,,100,2,25,5d3f56a8df0d9ba91e368d7f3a64e9028fef5c9e1a9bdeff889848baf2b8ab27,False,cached,9cb66bc4e34f3526423a8fc6e8ad3028cbe662de32f705502ffcbb2c3c63f117
R101,solomon_txt,3f3655182bc0fe44ce5de65fdcd2ee2f9c7fb9ed055f923635151d9d6f76d3ed,2,1,ok,True,21,1869142,1869.142,0.07513,0.500332,2,time_limit,solomon_exact_1000_v1,,,,,,0.5,,100,2,25,5d3f56a8df0d9ba91e368d7f3a64e9028fef5c9e1a9bdeff889848baf2b8ab27,False,cached,9cb66bc4e34f3526423a8fc6e8ad3028cbe662de32f705502ffcbb2c3c63f117
R102,solomon_txt,eeb23171b7e4fbfc80bf000ca770329109900fbd7273fa8b9d1f95b7dfe683c3,0,1,ok,True,19,1640559,1640.559,0.079389,0.500593,1,time_limit,solomon_exact_1000_v1,,,,,,0.5,,100,2,25,5d3f56a8df0d9ba91e368d7f3a64e9028fef5c9e1a9bdeff889848baf2b8ab27,False,cached,9cb66bc4e34f3526423a8fc6e8ad3028cbe662de32f705502ffcbb2c3c63f117
R102,solomon_txt,eeb23171b7e4fbfc80bf000ca770329109900fbd7273fa8b9d1f95b7dfe683c3,1,1,ok,True,19,1689866,1689.866,0.080291,0.500316,2,time_limit,solomon_exact_1000_v1,,,,,,0.5,,100,2,25,5d3f56a8df0d9ba91e368d7f3a64e9028fef5c9e1a9bdeff889848baf2b8ab27,False,cached,9cb66bc4e34f3526423a8fc6e8ad3028cbe662de32f705502ffcbb2c3c63f117
R102,solomon_txt,eeb23171b7e4fbfc80bf000ca770329109900fbd7273fa8b9d1f95b7dfe683c3,2,1,ok,True,19,1606305,1606.305,0.081039,0.50063,1,time_limit,solomon_exact_1000_v1,,,,,,0.5,,100,2,25,5d3f56a8df0d9ba91e368d7f3a64e9028fef5c9e1a9bdeff889848baf2b8ab27,False,cached,9cb66bc4e34f3526423a8fc6e8ad3028cbe662de32f705502ffcbb2c3c63f117
R103,solomon_txt,1f833e8648ba39e0edc76754fb49e81777a7175cf7b084c3f60a12607bfb3991,0,1,ok,True,14,1546015,1546.015,0.092238,0.500592,1,time_limit,solomon_exact_1000_v1,,,,,,0.5,,100,2,25,5d3f56a8df0d9ba91e368d7f3a64e9028fef5c9e1a9bdeff889848baf2b8ab27,False,cached,9cb66bc4e34f3526423a8fc6e8ad3028cbe662de32f705502ffcbb2c3c63f117
R103,solomon_txt,1f833e8648ba39e0edc76754fb49e81777a7175cf7b084c3f60a12607bfb3991,1,1,ok,True,14,1546015,1546.015,0.099659,0.500656,1,time_limit,solomon_exact_1000_v1,,,,,,0.5,,100,2,25,5d3f56a8df0d9ba91e368d7f3a64e9028fef5c9e1a9bdeff889848baf2b8ab27,False,cached,9cb66bc4e34f3526423a8fc6e8ad3028cbe662de32f705502ffcbb2c3c63f117
R103,solomon_txt,1f833e8648ba39e0edc76754fb49e81777a7175cf7b084c3f60a12607bfb3991,2,1,ok,True,14,1540087,1540.087,0.092718,0.500934,1,time_limit,solomon_exact_1000_v1,,,,,,0.5,,100,2,25,5d3f56a8df0d9ba91e368d7f3a64e9028fef5c9e1a9bdeff889848baf2b8ab27,False,cached,9cb66bc4e34f3526423a8fc6e8ad3028cbe662de32f705502ffcbb2c3c63f117
R104,solomon_txt,dd087124311d91facd81736debbfc7d0f351d27942917e2d76cbafd01e6183b7,0,1,ok,True,11,1184423,1184.423,0.109521,0.500661,2,time_limit,solomon_exact_1000_v1,,,,,,0.5,,100,2,25,5d3f56a8df0d9ba91e368d7f3a64e9028fef5c9e1a9bdeff889848baf2b8ab27,False,cached,9cb66bc4e34f3526423a8fc6e8ad3028cbe662de32f705502ffcbb2c3c63f117
R104,solomon_txt,dd087124311d91facd81736debbfc7d0f351d27942917e2d76cbafd01e6183b7,1,1,ok,True,11,1210304,1210.304,0.110709,0.500588,1,time_limit,solomon_exact_1000_v1,,,,,,0.5,,100,2,25,5d3f56a8df0d9ba91e368d7f3a64e9028fef5c9e1a9bdeff889848baf2b8ab27,False,cached,9cb66bc4e34f3526423a8fc6e8ad3028cbe662de32f705502ffcbb2c3c63f117
R104,solomon_txt,dd087124311d91facd81736debbfc7d0f351d27942917e2d76cbafd01e6183b7,2,1,ok,True,11,1321819,1321.819,0.119229,0.501015,1,time_limit,solomon_exact_1000_v1,,,,,,0.5,,100,2,25,5d3f56a8df0d9ba91e368d7f3a64e9028fef5c9e1a9bdeff889848baf2b8ab27,False,cached,9cb66bc4e34f3526423a8fc6e8ad3028cbe662de32f705502ffcbb2c3c63f117
R105,solomon_txt,ff1a614f8458d6339b3f54d8e4ca2dcf0a35c96012f477f6a819ae481de85ca4,0,1,ok,True,17,1734216,1734.216,0.101634,0.501106,1,time_limit,solomon_exact_1000_v1,,,,,,0.5,,100,2,25,5d3f56a8df0d9ba91e368d7f3a64e9028fef5c9e1a9bdeff889848baf2b8ab27,False,cached,9cb66bc4e34f3526423a8fc6e8ad3028cbe662de32f705502ffcbb2c3c63f117
R105,solomon_txt,ff1a614f8458d6339b3f54d8e4ca2dcf0a35c96012f477f6a819ae481de85ca4,1,1,ok,True,17,1670400,1670.4,0.095888,0.501069,1,time_limit,solomon_exact_1000_v1,,,,,,0.5,,100,2,25,5d3f56a8df0d9ba91e368d7f3a64e9028fef5c9e1a9bdeff889848baf2b8ab27,False,cached,9cb66bc4e34f3526423a8fc6e8ad3028cbe662de32f705502ffcbb2c3c63f117
R105,solomon_txt,ff1a614f8458d6339b3f54d8e4ca2dcf0a35c96012f477f6a819ae481de85ca4,2,1,ok,True,17,1829109,1829.109,0.152132,0.500802,1,time_limit,solomon_exact_1000_v1,,,,,,0.5,,100,2,25,5d3f56a8df0d9ba91e368d7f3a64e9028fef5c9e1a9bdeff889848baf2b8ab27,False,cached,9cb66bc4e34f3526423a8fc6e8ad3028cbe662de32f705502ffcbb2c3c63f117
R106,solomon_txt,31b8783d177f0fbe1c84b8f085fbf28b1989a80e4c00f49f5654ebef99835e97,0,1,ok,True,14,1540595,1540.595,0.085097,0.500589,1,time_limit,solomon_exact_1000_v1,,,,,,0.5,,100,2,25,5d3f56a8df0d9ba91e368d7f3a64e9028fef5c9e1a9bdeff889848baf2b8ab27,False,cached,9cb66bc4e34f3526423a8fc6e8ad3028cbe662de32f705502ffcbb2c3c63f117
R106,solomon_txt,31b8783d177f0fbe1c84b8f085fbf28b1989a80e4c00f49f5654ebef99835e97,1,1,ok,True,14,1642821,1642.821,0.086214,0.500558,1,time_limit,solomon_exact_1000_v1,,,,,,0.5,,100,2,25,5d3f56a8df0d9ba91e368d7f3a64e9028fef5c9e1a9bdeff889848baf2b8ab27,False,cached,9cb66bc4e34f3526423a8fc6e8ad3028cbe662de32f705502ffcbb2c3c63f117
R106,solomon_txt,31b8783d177f0fbe1c84b8f085fbf28b1989a80e4c00f49f5654ebef99835e97,2,1,ok,True,14,1559373,1559.373,0.092354,0.500593,1,time_limit,solomon_exact_1000_v1,,,,,,0.5,,100,2,25,5d3f56a8df0d9ba91e368d7f3a64e9028fef5c9e1a9bdeff889848baf2b8ab27,False,cached,9cb66bc4e34f3526423a8fc6e8ad3028cbe662de32f705502ffcbb2c3c63f117
R107,solomon_txt,dba2b257a1d43d7c78d5e3a9f09091a2b125d3fbec78c0c8a1782add669a1275,0,1,ok,True,12,1283469,1283.469,0.098245,0.500593,1,time_limit,solomon_exact_1000_v1,,,,,,0.5,,100,2,25,5d3f56a8df0d9ba91e368d7f3a64e9028fef5c9e1a9bdeff889848baf2b8ab27,False,cached,9cb66bc4e34f3526423a8fc6e8ad3028cbe662de32f705502ffcbb2c3c63f117
R107,solomon_txt,dba2b257a1d43d7c78d5e3a9f09091a2b125d3fbec78c0c8a1782add669a1275,1,1,ok,True,12,1525686,1525.686,0.123129,0.500968,1,time_limit,solomon_exact_1000_v1,,,,,,0.5,,100,2,25,5d3f56a8df0d9ba91e368d7f3a64e9028fef5c9e1a9bdeff889848baf2b8ab27,False,cached,9cb66bc4e34f3526423a8fc6e8ad3028cbe662de32f705502ffcbb2c3c63f117
R107,solomon_txt,dba2b257a1d43d7c78d5e3a9f09091a2b125d3fbec78c0c8a1782add669a1275,2,1,ok,True,12,1486083,1486.083,0.120267,0.500587,1,time_limit,solomon_exact_1000_v1,,,,,,0.5,,100,2,25,5d3f56a8df0d9ba91e368d7f3a64e9028fef5c9e1a9bdeff889848baf2b8ab27,False,cached,9cb66bc4e34f3526423a8fc6e8ad3028cbe662de32f705502ffcbb2c3c63f117
R108,solomon_txt,65cae09f4099b7e70d2b723e0e3a30aa1494c75a367bb894a3fd13241ee639d4,0,1,ok,True,11,1315436,1315.436,0.109445,0.500588,1,time_limit,solomon_exact_1000_v1,,,,,,0.5,,100,2,25,5d3f56a8df0d9ba91e368d7f3a64e9028fef5c9e1a9bdeff889848baf2b8ab27,False,cached,9cb66bc4e34f3526423a8fc6e8ad3028cbe662de32f705502ffcbb2c3c63f117
R108,solomon_txt,65cae09f4099b7e70d2b723e0e3a30aa1494c75a367bb894a3fd13241ee639d4,1,1,ok,True,11,1319419,1319.419,0.110739,0.500588,1,time_limit,solomon_exact_1000_v1,,,,,,0.5,,100,2,25,5d3f56a8df0d9ba91e368d7f3a64e9028fef5c9e1a9bdeff889848baf2b8ab27,False,cached,9cb66bc4e34f3526423a8fc6e8ad3028cbe662de32f705502ffcbb2c3c63f117
R108,solomon_txt,65cae09f4099b7e70d2b723e0e3a30aa1494c75a367bb894a3fd13241ee639d4,2,1,ok,True,11,1356475,1356.475,0.148,0.501034,1,time_limit,solomon_exact_1000_v1,,,,,,0.5,,100,2,25,5d3f56a8df0d9ba91e368d7f3a64e9028fef5c9e1a9bdeff889848baf2b8ab27,False,cached,9cb66bc4e34f3526423a8fc6e8ad3028cbe662de32f705502ffcbb2c3c63f117
R109,solomon_txt,4ef24030e8c48de5f85dcd90c5739186004fc8dec87533b6467013cf996f4777,0,1,ok,True,16,1621706,1621.706,0.101537,0.500535,1,time_limit,solomon_exact_1000_v1,,,,,,0.5,,100,2,25,5d3f56a8df0d9ba91e368d7f3a64e9028fef5c9e1a9bdeff889848baf2b8ab27,False,cached,9cb66bc4e34f3526423a8fc6e8ad3028cbe662de32f705502ffcbb2c3c63f117
R109,solomon_txt,4ef24030e8c48de5f85dcd90c5739186004fc8dec87533b6467013cf996f4777,1,1,ok,True,16,1601290,1601.29,0.097396,0.500655,1,time_limit,solomon_exact_1000_v1,,,,,,0.5,,100,2,25,5d3f56a8df0d9ba91e368d7f3a64e9028fef5c9e1a9bdeff889848baf2b8ab27,False,cached,9cb66bc4e34f3526423a8fc6e8ad3028cbe662de32f705502ffcbb2c3c63f117
R109,solomon_txt,4ef24030e8c48de5f85dcd90c5739186004fc8dec87533b6467013cf996f4777,2,1,ok,True,17,1628683,1628.683,0.147754,0.50038,2,time_limit,solomon_exact_1000_v1,,,,,,0.5,,100,2,25,5d3f56a8df0d9ba91e368d7f3a64e9028fef5c9e1a9bdeff889848baf2b8ab27,False,cached,9cb66bc4e34f3526423a8fc6e8ad3028cbe662de32f705502ffcbb2c3c63f117
R110,solomon_txt,14cb53cb99af61d3d708f07564b9a72d146e7c26b4f10507cfaf3bc828f34bfa,0,1,ok,True,14,1562499,1562.499,0.116242,0.50065,1,time_limit,solomon_exact_1000_v1,,,,,,0.5,,100,2,25,5d3f56a8df0d9ba91e368d7f3a64e9028fef5c9e1a9bdeff889848baf2b8ab27,False,cached,9cb66bc4e34f3526423a8fc6e8ad3028cbe662de32f705502ffcbb2c3c63f117
R110,solomon_txt,14cb53cb99af61d3d708f07564b9a72d146e7c26b4f10507cfaf3bc828f34bfa,1,1,ok,True,13,1523698,1523.698,0.094026,0.500605,1,time_limit,solomon_exact_1000_v1,,,,,,0.5,,100,2,25,5d3f56a8df0d9ba91e368d7f3a64e9028fef5c9e1a9bdeff889848baf2b8ab27,False,cached,9cb66bc4e34f3526423a8fc6e8ad3028cbe662de32f705502ffcbb2c3c63f117
R110,solomon_txt,14cb53cb99af61d3d708f07564b9a72d146e7c26b4f10507cfaf3bc828f34bfa,2,1,ok,True,13,1564765,1564.765,0.098734,0.500589,1,time_limit,solomon_exact_1000_v1,,,,,,0.5,,100,2,25,5d3f56a8df0d9ba91e368d7f3a64e9028fef5c9e1a9bdeff889848baf2b8ab27,False,cached,9cb66bc4e34f3526423a8fc6e8ad3028cbe662de32f705502ffcbb2c3c63f117
R111,solomon_txt,3d94a73b1f2fe8aae4618b9d9ea254cff2e3924a6a841aa390096ec6c60f258d,0,1,ok,True,12,1400068,1400.068,0.11865,0.500891,1,time_limit,solomon_exact_1000_v1,,,,,,0.5,,100,2,25,5d3f56a8df0d9ba91e368d7f3a64e9028fef5c9e1a9bdeff889848baf2b8ab27,False,cached,9cb66bc4e34f3526423a8fc6e8ad3028cbe662de32f705502ffcbb2c3c63f117
R111,solomon_txt,3d94a73b1f2fe8aae4618b9d9ea254cff2e3924a6a841aa390096ec6c60f258d,1,1,ok,True,12,1466019,1466.019,0.116839,0.500775,1,time_limit,solomon_exact_1000_v1,,,,,,0.5,,100,2,25,5d3f56a8df0d9ba91e368d7f3a64e9028fef5c9e1a9bdeff889848baf2b8ab27,False,cached,9cb66bc4e34f3526423a8fc6e8ad3028cbe662de32f705502ffcbb2c3c63f117
R111,solomon_txt,3d94a73b1f2fe8aae4618b9d9ea254cff2e3924a6a841aa390096ec6c60f258d,2,1,ok,True,12,1307395,1307.395,0.117356,0.500592,1,time_limit,solomon_exact_1000_v1,,,,,,0.5,,100,2,25,5d3f56a8df0d9ba91e368d7f3a64e9028fef5c9e1a9bdeff889848baf2b8ab27,False,cached,9cb66bc4e34f3526423a8fc6e8ad3028cbe662de32f705502ffcbb2c3c63f117
R112,solomon_txt,a0e93149d59d30c356619891d192e86d0f16c3158e1dac3bd9f23c6deb718271,0,1,ok,True,13,1534215,1534.215,0.124838,0.500613,1,time_limit,solomon_exact_1000_v1,,,,,,0.5,,100,2,25,5d3f56a8df0d9ba91e368d7f3a64e9028fef5c9e1a9bdeff889848baf2b8ab27,False,cached,9cb66bc4e34f3526423a8fc6e8ad3028cbe662de32f705502ffcbb2c3c63f117
R112,solomon_txt,a0e93149d59d30c356619891d192e86d0f16c3158e1dac3bd9f23c6deb718271,1,1,ok,True,13,1430041,1430.041,0.12197,0.500957,1,time_limit,solomon_exact_1000_v1,,,,,,0.5,,100,2,25,5d3f56a8df0d9ba91e368d7f3a64e9028fef5c9e1a9bdeff889848baf2b8ab27,False,cached,9cb66bc4e34f3526423a8fc6e8ad3028cbe662de32f705502ffcbb2c3c63f117
R112,solomon_txt,a0e93149d59d30c356619891d192e86d0f16c3158e1dac3bd9f23c6deb718271,2,1,ok,True,14,1612231,1612.231,0.134187,0.500857,1,time_limit,solomon_exact_1000_v1,,,,,,0.5,,100,2,25,5d3f56a8df0d9ba91e368d7f3a64e9028fef5c9e1a9bdeff889848baf2b8ab27,False,cached,9cb66bc4e34f3526423a8fc6e8ad3028cbe662de32f705502ffcbb2c3c63f117
R201,solomon_txt,0be960ec998fff2cab0bdbcc5194c617e5ca0a79c82c5b32b1d4bd98b2cae210,0,1,ok,True,5,1726658,1726.658,0.289778,0.500494,1,time_limit,solomon_exact_1000_v1,,,,,,0.5,,100,2,25,5d3f56a8df0d9ba91e368d7f3a64e9028fef5c9e1a9bdeff889848baf2b8ab27,False,cached,9cb66bc4e34f3526423a8fc6e8ad3028cbe662de32f705502ffcbb2c3c63f117
R201,solomon_txt,0be960ec998fff2cab0bdbcc5194c617e5ca0a79c82c5b32b1d4bd98b2cae210,1,1,ok,True,5,1726658,1726.658,0.279342,0.500439,1,time_limit,solomon_exact_1000_v1,,,,,,0.5,,100,2,25,5d3f56a8df0d9ba91e368d7f3a64e9028fef5c9e1a9bdeff889848baf2b8ab27,False,cached,9cb66bc4e34f3526423a8fc6e8ad3028cbe662de32f705502ffcbb2c3c63f117
R201,solomon_txt,0be960ec998fff2cab0bdbcc5194c617e5ca0a79c82c5b32b1d4bd98b2cae210,2,1,ok,True,5,1726658,1726.658,0.243058,0.500438,1,time_limit,solomon_exact_1000_v1,,,,,,0.5,,100,2,25,5d3f56a8df0d9ba91e368d7f3a64e9028fef5c9e1a9bdeff889848baf2b8ab27,False,cached,9cb66bc4e34f3526423a8fc6e8ad3028cbe662de32f705502ffcbb2c3c63f117
R202,solomon_txt,1f7761bb33e9dd0c94837b32c72280296ffc283dba997379c7ad75ce00dffc8d,0,1,ok,True,4,1622244,1622.244,0.284324,0.500572,1,time_limit,solomon_exact_1000_v1,,,,,,0.5,,100,2,25,5d3f56a8df0d9ba91e368d7f3a64e9028fef5c9e1a9bdeff889848baf2b8ab27,False,cached,9cb66bc4e34f3526423a8fc6e8ad3028cbe662de32f705502ffcbb2c3c63f117
R202,solomon_txt,1f7761bb33e9dd0c94837b32c72280296ffc283dba997379c7ad75ce00dffc8d,1,1,ok,True,4,1622244,1622.244,0.341312,0.500517,1,time_limit,solomon_exact_1000_v1,,,,,,0.5,,100,2,25,5d3f56a8df0d9ba91e368d7f3a64e9028fef5c9e1a9bdeff889848baf2b8ab27,False,cached,9cb66bc4e34f3526423a8fc6e8ad3028cbe662de32f705502ffcbb2c3c63f117
R202,solomon_txt,1f7761bb33e9dd0c94837b32c72280296ffc283dba997379c7ad75ce00dffc8d,2,1,ok,True,4,1622244,1622.244,0.225404,0.500329,1,time_limit,solomon_exact_1000_v1,,,,,,0.5,,100,2,25,5d3f56a8df0d9ba91e368d7f3a64e9028fef5c9e1a9bdeff889848baf2b8ab27,False,cached,9cb66bc4e34f3526423a8fc6e8ad3028cbe662de32f705502ffcbb2c3c63f117
R203,solomon_txt,38c484db31bd7452a94d533e26a2348ef598df600b79d061d9ddc1c61466a731,0,1,ok,True,3,1300221,1300.221,0.242685,0.500539,1,time_limit,solomon_exact_1000_v1,,,,,,0.5,,100,2,25,5d3f56a8df0d9ba91e368d7f3a64e9028fef5c9e1a9bdeff889848baf2b8ab27,False,cached,9cb66bc4e34f3526423a8fc6e8ad3028cbe662de32f705502ffcbb2c3c63f117
R203,solomon_txt,38c484db31bd7452a94d533e26a2348ef598df600b79d061d9ddc1c61466a731,1,1,ok,True,3,1300221,1300.221,0.23851,0.500285,1,time_limit,solomon_exact_1000_v1,,,,,,0.5,,100,2,25,5d3f56a8df0d9ba91e368d7f3a64e9028fef5c9e1a9bdeff889848baf2b8ab27,False,cached,9cb66bc4e34f3526423a8fc6e8ad3028cbe662de32f705502ffcbb2c3c63f117
R203,solomon_txt,38c484db31bd7452a94d533e26a2348ef598df600b79d061d9ddc1c61466a731,2,1,ok,True,3,1300221,1300.221,0.243958,0.500294,1,time_limit,solomon_exact_1000_v1,,,,,,0.5,,100,2,25,5d3f56a8df0d9ba91e368d7f3a64e9028fef5c9e1a9bdeff889848baf2b8ab27,False,cached,9cb66bc4e34f3526423a8fc6e8ad3028cbe662de32f705502ffcbb2c3c63f117
R204,solomon_txt,5349e37d8df99bcbee1efa2e970d2662b5265e5f82fc609343a6af0a60257abf,0,1,ok,True,3,1331038,1331.038,0.29845,0.500281,1,time_limit,solomon_exact_1000_v1,,,,,,0.5,,100,2,25,5d3f56a8df0d9ba91e368d7f3a64e9028fef5c9e1a9bdeff889848baf2b8ab27,False,cached,9cb66bc4e34f3526423a8fc6e8ad3028cbe662de32f705502ffcbb2c3c63f117
R204,solomon_txt,5349e37d8df99bcbee1efa2e970d2662b5265e5f82fc609343a6af0a60257abf,1,1,ok,True,3,1331038,1331.038,0.294924,0.500328,1,time_limit,solomon_exact_1000_v1,,,,,,0.5,,100,2,25,5d3f56a8df0d9ba91e368d7f3a64e9028fef5c9e1a9bdeff889848baf2b8ab27,False,cached,9cb66bc4e34f3526423a8fc6e8ad3028cbe662de32f705502ffcbb2c3c63f117
R204,solomon_txt,5349e37d8df99bcbee1efa2e970d2662b5265e5f82fc609343a6af0a60257abf,2,1,ok,True,3,1331038,1331.038,0.292969,0.500306,1,time_limit,solomon_exact_1000_v1,,,,,,0.5,,100,2,25,5d3f56a8df0d9ba91e368d7f3a64e9028fef5c9e1a9bdeff889848baf2b8ab27,False,cached,9cb66bc4e34f3526423a8fc6e8ad3028cbe662de32f705502ffcbb2c3c63f117
R205,solomon_txt,1996bf8f10716fb8cfc1a585206a6a6e566f32347c1bb8f36c75ed6c887f77e3,0,1,ok,True,4,1700248,1700.248,0.23305,0.500505,1,time_limit,solomon_exact_1000_v1,,,,,,0.5,,100,2,25,5d3f56a8df0d9ba91e368d7f3a64e9028fef5c9e1a9bdeff889848baf2b8ab27,False,cached,9cb66bc4e34f3526423a8fc6e8ad3028cbe662de32f705502ffcbb2c3c63f117
R205,solomon_txt,1996bf8f10716fb8cfc1a585206a6a6e566f32347c1bb8f36c75ed6c887f77e3,1,1,ok,True,4,1700248,1700.248,0.229443,0.500319,1,time_limit,solomon_exact_1000_v1,,,,,,0.5,,100,2,25,5d3f56a8df0d9ba91e368d7f3a64e9028fef5c9e1a9bdeff889848baf2b8ab27,False,cached,9cb66bc4e34f3526423a8fc6e8ad3028cbe662de32f705502ffcbb2c3c63f117
R205,solomon_txt,1996bf8f10716fb8cfc1a585206a6a6e566f32347c1bb8f36c75ed6c887f77e3,2,1,ok,True,4,1700248,1700.248,0.234475,0.500308,1,time_limit,solomon_exact_1000_v1,,,,,,0.5,,100,2,25,5d3f56a8df0d9ba91e368d7f3a64e9028fef5c9e1a9bdeff889848baf2b8ab27,False,cached,9cb66bc4e34f3526423a8fc6e8ad3028cbe662de32f705502ffcbb2c3c63f117
R206,solomon_txt,c8754a0319264d076c038b1bf023c8c4710e8895fe3e03f485e9ae249f32fe43,0,1,ok,True,3,1533607,1533.607,0.256828,0.500314,1,time_limit,solomon_exact_1000_v1,,,,,,0.5,,100,2,25,5d3f56a8df0d9ba91e368d7f3a64e9028fef5c9e1a9bdeff889848baf2b8ab27,False,cached,9cb66bc4e34f3526423a8fc6e8ad3028cbe662de32f705502ffcbb2c3c63f117
R206,solomon_txt,c8754a0319264d076c038b1bf023c8c4710e8895fe3e03f485e9ae249f32fe43,1,1,ok,True,3,1533607,1533.607,0.237833,0.500267,1,time_limit,solomon_exact_1000_v1,,,,,,0.5,,100,2,25,5d3f56a8df0d9ba91e368d7f3a64e9028fef5c9e1a9bdeff889848baf2b8ab27,False,cached,9cb66bc4e34f3526423a8fc6e8ad3028cbe662de32f705502ffcbb2c3c63f117
R206,solomon_txt,c8754a0319264d076c038b1bf023c8c4710e8895fe3e03f485e9ae249f32fe43,2,1,ok,True,3,1533607,1533.607,0.243393,0.50037,1,time_limit,solomon_exact_1000_v1,,,,,,0.5,,100,2,25,5d3f56a8df0d9ba91e368d7f3a64e9028fef5c9e1a9bdeff889848baf2b8ab27,False,cached,9cb66bc4e34f3526423a8fc6e8ad3028cbe662de32f705502ffcbb2c3c63f117
R207,solomon_txt,52dc8eebba43fdc67ca9aadab228b75a297acb55a87db3e4748e82f623e3cbe6,0,1,ok,True,4,1302528,1302.528,0.288091,0.500193,1,time_limit,solomon_exact_1000_v1,,,,,,0.5,,100,2,25,5d3f56a8df0d9ba91e368d7f3a64e9028fef5c9e1a9bdeff889848baf2b8ab27,False,cached,9cb66bc4e34f3526423a8fc6e8ad3028cbe662de32f705502ffcbb2c3c63f117
R207,solomon_txt,52dc8eebba43fdc67ca9aadab228b75a297acb55a87db3e4748e82f623e3cbe6,1,1,ok,True,4,1302528,1302.528,0.289371,0.500344,1,time_limit,solomon_exact_1000_v1,,,,,,0.5,,100,2,25,5d3f56a8df0d9ba91e368d7f3a64e9028fef5c9e1a9bdeff889848baf2b8ab27,False,cached,9cb66bc4e34f3526423a8fc6e8ad3028cbe662de32f705502ffcbb2c3c63f117
R207,solomon_txt,52dc8eebba43fdc67ca9aadab228b75a297acb55a87db3e4748e82f623e3cbe6,2,1,ok,True,4,1302528,1302.528,0.302509,0.500299,1,time_limit,solomon_exact_1000_v1,,,,,,0.5,,100,2,25,5d3f56a8df0d9ba91e368d7f3a64e9028fef5c9e1a9bdeff889848baf2b8ab27,False,cached,9cb66bc4e34f3526423a8fc6e8ad3028cbe662de32f705502ffcbb2c3c63f117
R208,solomon_txt,7b4a95d500af9329dd08791d39898a619faec0f8fac039d57373e761545b980d,0,1,ok,True,3,957965,957.965,0.348825,0.50036,1,time_limit,solomon_exact_1000_v1,,,,,,0.5,,100,2,25,5d3f56a8df0d9ba91e368d7f3a64e9028fef5c9e1a9bdeff889848baf2b8ab27,False,cached,9cb66bc4e34f3526423a8fc6e8ad3028cbe662de32f705502ffcbb2c3c63f117
R208,solomon_txt,7b4a95d500af9329dd08791d39898a619faec0f8fac039d57373e761545b980d,1,1,ok,True,3,957965,957.965,0.311908,0.500385,1,time_limit,solomon_exact_1000_v1,,,,,,0.5,,100,2,25,5d3f56a8df0d9ba91e368d7f3a64e9028fef5c9e1a9bdeff889848baf2b8ab27,False,cached,9cb66bc4e34f3526423a8fc6e8ad3028cbe662de32f705502ffcbb2c3c63f117
R208,solomon_txt,7b4a95d500af9329dd08791d39898a619faec0f8fac039d57373e761545b980d,2,1,ok,True,3,957965,957.965,0.359271,0.50032,1,time_limit,solomon_exact_1000_v1,,,,,,0.5,,100,2,25,5d3f56a8df0d9ba91e368d7f3a64e9028fef5c9e1a9bdeff889848baf2b8ab27,False,cached,9cb66bc4e34f3526423a8fc6e8ad3028cbe662de32f705502ffcbb2c3c63f117
R209,solomon_txt,5b74156d032babcff853ccc693f94463eca8333cd425aa99a39ed996f6258933,0,1,ok,True,4,1712415,1712.415,0.229805,0.500306,1,time_limit,solomon_exact_1000_v1,,,,,,0.5,,100,2,25,5d3f56a8df0d9ba91e368d7f3a64e9028fef5c9e1a9bdeff889848baf2b8ab27,False,cached,9cb66bc4e34f3526423a8fc6e8ad3028cbe662de32f705502ffcbb2c3c63f117
R209,solomon_txt,5b74156d032babcff853ccc693f94463eca8333cd425aa99a39ed996f6258933,1,1,ok,True,3,1303297,1303.297,0.228387,0.500275,1,time_limit,solomon_exact_1000_v1,,,,,,0.5,,100,2,25,5d3f56a8df0d9ba91e368d7f3a64e9028fef5c9e1a9bdeff889848baf2b8ab27,False,cached,9cb66bc4e34f3526423a8fc6e8ad3028cbe662de32f705502ffcbb2c3c63f117
R209,solomon_txt,5b74156d032babcff853ccc693f94463eca8333cd425aa99a39ed996f6258933,2,1,ok,True,4,1712415,1712.415,0.226097,0.50037,1,time_limit,solomon_exact_1000_v1,,,,,,0.5,,100,2,25,5d3f56a8df0d9ba91e368d7f3a64e9028fef5c9e1a9bdeff889848baf2b8ab27,False,cached,9cb66bc4e34f3526423a8fc6e8ad3028cbe662de32f705502ffcbb2c3c63f117
R210,solomon_txt,4e5772f109fb6183e6a648d6a1edaba3435438c2dc11c42da370fecf7bdf3a14,0,1,ok,True,3,1443660,1443.66,0.246871,0.500245,1,time_limit,solomon_exact_1000_v1,,,,,,0.5,,100,2,25,5d3f56a8df0d9ba91e368d7f3a64e9028fef5c9e1a9bdeff889848baf2b8ab27,False,cached,9cb66bc4e34f3526423a8fc6e8ad3028cbe662de32f705502ffcbb2c3c63f117
R210,solomon_txt,4e5772f109fb6183e6a648d6a1edaba3435438c2dc11c42da370fecf7bdf3a14,1,1,ok,True,3,1443660,1443.66,0.246018,0.500315,1,time_limit,solomon_exact_1000_v1,,,,,,0.5,,100,2,25,5d3f56a8df0d9ba91e368d7f3a64e9028fef5c9e1a9bdeff889848baf2b8ab27,False,cached,9cb66bc4e34f3526423a8fc6e8ad3028cbe662de32f705502ffcbb2c3c63f117
R210,solomon_txt,4e5772f109fb6183e6a648d6a1edaba3435438c2dc11c42da370fecf7bdf3a14,2,1,ok,True,3,1443660,1443.66,0.270744,0.500273,1,time_limit,solomon_exact_1000_v1,,,,,,0.5,,100,2,25,5d3f56a8df0d9ba91e368d7f3a64e9028fef5c9e1a9bdeff889848baf2b8ab27,False,cached,9cb66bc4e34f3526423a8fc6e8ad3028cbe662de32f705502ffcbb2c3c63f117
R211,solomon_txt,2965507e467a2f92acd59035975910e36ae11e4f49590d4c7d20a883939227ad,0,1,ok,True,3,1516434,1516.434,0.188037,0.500232,1,time_limit,solomon_exact_1000_v1,,,,,,0.5,,100,2,25,5d3f56a8df0d9ba91e368d7f3a64e9028fef5c9e1a9bdeff889848baf2b8ab27,False,cached,9cb66bc4e34f3526423a8fc6e8ad3028cbe662de32f705502ffcbb2c3c63f117
R211,solomon_txt,2965507e467a2f92acd59035975910e36ae11e4f49590d4c7d20a883939227ad,1,1,ok,True,3,1516434,1516.434,0.184332,0.500247,1,time_limit,solomon_exact_1000_v1,,,,,,0.5,,100,2,25,5d3f56a8df0d9ba91e368d7f3a64e9028fef5c9e1a9bdeff889848baf2b8ab27,False,cached,9cb66bc4e34f3526423a8fc6e8ad3028cbe662de32f705502ffcbb2c3c63f117
R211,solomon_txt,2965507e467a2f92acd59035975910e36ae11e4f49590d4c7d20a883939227ad,2,1,ok,True,3,1516434,1516.434,0.295275,0.500329,1,time_limit,solomon_exact_1000_v1,,,,,,0.5,,100,2,25,5d3f56a8df0d9ba91e368d7f3a64e9028fef5c9e1a9bdeff889848baf2b8ab27,False,cached,9cb66bc4e34f3526423a8fc6e8ad3028cbe662de32f705502ffcbb2c3c63f117
RC101,solomon_txt,ef6893ffd9746ad96de8e4da6e64e2c4ba6e08a1c7eb9457276a9f1caf01ca12,0,1,ok,True,18,2104023,2104.023,0.089466,0.500581,1,time_limit,solomon_exact_1000_v1,,,,,,0.5,,100,2,25,5d3f56a8df0d9ba91e368d7f3a64e9028fef5c9e1a9bdeff889848baf2b8ab27,False,cached,9cb66bc4e34f3526423a8fc6e8ad3028cbe662de32f705502ffcbb2c3c63f117
RC101,solomon_txt,ef6893ffd9746ad96de8e4da6e64e2c4ba6e08a1c7eb9457276a9f1caf01ca12,1,1,ok,True,18,2074763,2074.763,0.082895,0.500638,1,time_limit,solomon_exact_1000_v1,,,,,,0.5,,100,2,25,5d3f56a8df0d9ba91e368d7f3a64e9028fef5c9e1a9bdeff889848baf2b8ab27,False,cached,9cb66bc4e34f3526423a8fc6e8ad3028cbe662de32f705502ffcbb2c3c63f117
RC101,solomon_txt,ef6893ffd9746ad96de8e4da6e64e2c4ba6e08a1c7eb9457276a9f1caf01ca12,2,1,ok,True,18,1981782,1981.782,0.081452,0.50061,1,time_limit,solomon_exact_1000_v1,,,,,,0.5,,100,2,25,5d3f56a8df0d9ba91e368d7f3a64e9028fef5c9e1a9bdeff889848baf2b8ab27,False,cached,9cb66bc4e34f3526423a8fc6e8ad3028cbe662de32f705502ffcbb2c3c63f117
RC102,solomon_txt,36acd349d34a577c7fadd61f78517c2cb74bd06a490273800c288f341e5785a4,0,1,ok,True,16,1964165,1964.165,0.085604,0.500622,1,time_limit,solomon_exact_1000_v1,,,,,,0.5,,100,2,25,5d3f56a8df0d9ba91e368d7f3a64e9028fef5c9e1a9bdeff889848baf2b8ab27,False,cached,9cb66bc4e34f3526423a8fc6e8ad3028cbe662de32f705502ffcbb2c3c63f117
RC102,solomon_txt,36acd349d34a577c7fadd61f78517c2cb74bd06a490273800c288f341e5785a4,1,1,ok,True,15,1834933,1834.933,0.086082,0.500596,1,time_limit,solomon_exact_1000_v1,,,,,,0.5,,100,2,25,5d3f56a8df0d9ba91e368d7f3a64e9028fef5c9e1a9bdeff889848baf2b8ab27,False,cached,9cb66bc4e34f3526423a8fc6e8ad3028cbe662de32f705502ffcbb2c3c63f117
RC102,solomon_txt,36acd349d34a577c7fadd61f78517c2cb74bd06a490273800c288f341e5785a4,2,1,ok,True,16,1812496,1812.496,0.085302,0.500617,1,time_limit,solomon_exact_1000_v1,,,,,,0.5,,100,2,25,5d3f56a8df0d9ba91e368d7f3a64e9028fef5c9e1a9bdeff889848baf2b8ab27,False,cached,9cb66bc4e34f3526423a8fc6e8ad3028cbe662de32f705502ffcbb2c3c63f117
RC103,solomon_txt,00f384138274d5d2bff5c41601db17cc4ad0cfc6315c27e223d4477bf435cc2d,0,1,ok,True,13,1952068,1952.068,0.099035,0.500582,1,time_limit,solomon_exact_1000_v1,,,,,,0.5,,100,2,25,5d3f56a8df0d9ba91e368d7f3a64e9028fef5c9e1a9bdeff889848baf2b8ab27,False,cached,9cb66bc4e34f3526423a8fc6e8ad3028cbe662de32f705502ffcbb2c3c63f117
RC103,solomon_txt,00f384138274d5d2bff5c41601db17cc4ad0cfc6315c27e223d4477bf435cc2d,1,1,ok,True,12,1703532,1703.532,0.097338,0.500591,1,time_limit,solomon_exact_1000_v1,,,,,,0.5,,100,2,25,5d3f56a8df0d9ba91e368d7f3a64e9028fef5c9e1a9bdeff889848baf2b8ab27,False,cached,9cb66bc4e34f3526423a8fc6e8ad3028cbe662de32f705502ffcbb2c3c63f117
RC103,solomon_txt,00f384138274d5d2bff5c41601db17cc4ad0cfc6315c27e223d4477bf435cc2d,2,1,ok,True,13,1952068,1952.068,0.09624,0.500438,1,time_limit,solomon_exact_1000_v1,,,,,,0.5,,100,2,25,5d3f56a8df0d9ba91e368d7f3a64e9028fef5c9e1a9bdeff889848baf2b8ab27,False,cached,9cb66bc4e34f3526423a8fc6e8ad3028cbe662de32f705502ffcbb2c3c63f117
RC104,solomon_txt,d150b2d61049a488fb89a2320c197d81a7ef9a1864abbbaea1d13a2b451253ee,0,1,ok,True,12,1624060,1624.06,0.108989,0.500576,1,time_limit,solomon_exact_1000_v1,,,,,,0.5,,100,2,25,5d3f56a8df0d9ba91e368d7f3a64e9028fef5c9e1a9bdeff889848baf2b8ab27,False,cached,9cb66bc4e34f3526423a8fc6e8ad3028cbe662de32f705502ffcbb2c3c63f117
RC104,solomon_txt,d150b2d61049a488fb89a2320c197d81a7ef9a1864abbbaea1d13a2b451253ee,1,1,ok,True,12,1626628,1626.628,0.099674,0.500721,1,time_limit,solomon_exact_1000_v1,,,,,,0.5,,100,2,25,5d3f56a8df0d9ba91e368d7f3a64e9028fef5c9e1a9bdeff889848baf2b8ab27,False,cached,9cb66bc4e34f3526423a8fc6e8ad3028cbe662de32f705502ffcbb2c3c63f117
RC104,solomon_txt,d150b2d61049a488fb89a2320c197d81a7ef9a1864abbbaea1d13a2b451253ee,2,1,ok,True,12,1325395,1325.395,0.101988,0.500546,1,time_limit,solomon_exact_1000_v1,,,,,,0.5,,100,2,25,5d3f56a8df0d9ba91e368d7f3a64e9028fef5c9e1a9bdeff889848baf2b8ab27,False,cached,9cb66bc4e34f3526423a8fc6e8ad3028cbe662de32f705502ffcbb2c3c63f117
RC105,solomon_txt,b9e912625c1ed80d2f565e0799ade2f4b17bf4f95056322ca23f1a21b37e7a49,0,1,ok,True,17,2111315,2111.315,0.085428,0.500598,1,time_limit,solomon_exact_1000_v1,,,,,,0.5,,100,2,25,5d3f56a8df0d9ba91e368d7f3a64e9028fef5c9e1a9bdeff889848baf2b8ab27,False,cached,9cb66bc4e34f3526423a8fc6e8ad3028cbe662de32f705502ffcbb2c3c63f117
RC105,solomon_txt,b9e912625c1ed80d2f565e0799ade2f4b17bf4f95056322ca23f1a21b37e7a49,1,1,ok,True,16,2115609,2115.609,0.088798,0.500932,1,time_limit,solomon_exact_1000_v1,,,,,,0.5,,100,2,25,5d3f56a8df0d9ba91e368d7f3a64e9028fef5c9e1a9bdeff889848baf2b8ab27,False,cached,9cb66bc4e34f3526423a8fc6e8ad3028cbe662de32f705502ffcbb2c3c63f117
RC105,solomon_txt,b9e912625c1ed80d2f565e0799ade2f4b17bf4f95056322ca23f1a21b37e7a49,2,1,ok,True,16,1896344,1896.344,0.084884,0.500587,1,time_limit,solomon_exact_1000_v1,,,,,,0.5,,100,2,25,5d3f56a8df0d9ba91e368d7f3a64e9028fef5c9e1a9bdeff889848baf2b8ab27,False,cached,9cb66bc4e34f3526423a8fc6e8ad3028cbe662de32f705502ffcbb2c3c63f117
RC106,solomon_txt,bf016ffc567af2d108570357daf1d0cabb7f680c0bd977d2e4366787683fdbaf,0,1,ok,True,15,2117387,2117.387,0.077372,0.500601,1,time_limit,solomon_exact_1000_v1,,,,,,0.5,,100,2,25,5d3f56a8df0d9ba91e368d7f3a64e9028fef5c9e1a9bdeff889848baf2b8ab27,False,cached,9cb66bc4e34f3526423a8fc6e8ad3028cbe662de32f705502ffcbb2c3c63f117
RC106,solomon_txt,bf016ffc567af2d108570357daf1d0cabb7f680c0bd977d2e4366787683fdbaf,1,1,ok,True,16,1805160,1805.16,0.085073,0.500589,1,time_limit,solomon_exact_1000_v1,,,,,,0.5,,100,2,25,5d3f56a8df0d9ba91e368d7f3a64e9028fef5c9e1a9bdeff889848baf2b8ab27,False,cached,9cb66bc4e34f3526423a8fc6e8ad3028cbe662de32f705502ffcbb2c3c63f117
RC106,solomon_txt,bf016ffc567af2d108570357daf1d0cabb7f680c0bd977d2e4366787683fdbaf,2,1,ok,True,15,1993373,1993.373,0.084492,0.500456,1,time_limit,solomon_exact_1000_v1,,,,,,0.5,,100,2,25,5d3f56a8df0d9ba91e368d7f3a64e9028fef5c9e1a9bdeff889848baf2b8ab27,False,cached,9cb66bc4e34f3526423a8fc6e8ad3028cbe662de32f705502ffcbb2c3c63f117
RC107,solomon_txt,fff3fd68d110671ed442575f07cc547291586f30b00c5f73934d521d31311582,0,1,ok,True,14,1708249,1708.249,0.094666,0.500603,1,time_limit,solomon_exact_1000_v1,,,,,,0.5,,100,2,25,5d3f56a8df0d9ba91e368d7f3a64e9028fef5c9e1a9bdeff889848baf2b8ab27,False,cached,9cb66bc4e34f3526423a8fc6e8ad3028cbe662de32f705502ffcbb2c3c63f117
RC107,solomon_txt,fff3fd68d110671ed442575f07cc547291586f30b00c5f73934d521d31311582,1,1,ok,True,15,2035028,2035.028,0.090515,0.500674,1,time_limit,solomon_exact_1000_v1,,,,,,0.5,,100,2,25,5d3f56a8df0d9ba91e368d7f3a64e9028fef5c9e1a9bdeff889848baf2b8ab27,False,cached,9cb66bc4e34f3526423a8fc6e8ad3028cbe662de32f705502ffcbb2c3c63f117
RC107,solomon_txt,fff3fd68d110671ed442575f07cc547291586f30b00c5f73934d521d31311582,2,1,ok,True,15,2032260,2032.26,0.115513,0.500556,1,time_limit,solomon_exact_1000_v1,,,,,,0.5,,100,2,25,5d3f56a8df0d9ba91e368d7f3a64e9028fef5c9e1a9bdeff889848baf2b8ab27,False,cached,9cb66bc4e34f3526423a8fc6e8ad3028cbe662de32f705502ffcbb2c3c63f117
RC108,solomon_txt,006bc8817bf09f9a8c66af8d6f088bdec239b2eb435556e9d11193cf456f7aeb,0,1,ok,True,14,1955495,1955.495,0.090869,0.50057,1,time_limit,solomon_exact_1000_v1,,,,,,0.5,,100,2,25,5d3f56a8df0d9ba91e368d7f3a64e9028fef5c9e1a9bdeff889848baf2b8ab27,False,cached,9cb66bc4e34f3526423a8fc6e8ad3028cbe662de32f705502ffcbb2c3c63f117
RC108,solomon_txt,006bc8817bf09f9a8c66af8d6f088bdec239b2eb435556e9d11193cf456f7aeb,1,1,ok,True,14,1697714,1697.714,0.08895,0.500569,1,time_limit,solomon_exact_1000_v1,,,,,,0.5,,100,2,25,5d3f56a8df0d9ba91e368d7f3a64e9028fef5c9e1a9bdeff889848baf2b8ab27,False,cached,9cb66bc4e34f3526423a8fc6e8ad3028cbe662de32f705502ffcbb2c3c63f117
RC108,solomon_txt,006bc8817bf09f9a8c66af8d6f088bdec239b2eb435556e9d11193cf456f7aeb,2,1,ok,True,14,1714193,1714.193,0.101196,0.500626,1,time_limit,solomon_exact_1000_v1,,,,,,0.5,,100,2,25,5d3f56a8df0d9ba91e368d7f3a64e9028fef5c9e1a9bdeff889848baf2b8ab27,False,cached,9cb66bc4e34f3526423a8fc6e8ad3028cbe662de32f705502ffcbb2c3c63f117
RC201,solomon_txt,288836e2d8c2ace83ebbff77e03ac8cdffc574fc134cade21ef92713f8c52d44,0,1,ok,True,5,2429811,2429.811,0.182058,0.500296,1,time_limit,solomon_exact_1000_v1,,,,,,0.5,,100,2,25,5d3f56a8df0d9ba91e368d7f3a64e9028fef5c9e1a9bdeff889848baf2b8ab27,False,cached,9cb66bc4e34f3526423a8fc6e8ad3028cbe662de32f705502ffcbb2c3c63f117
RC201,solomon_txt,288836e2d8c2ace83ebbff77e03ac8cdffc574fc134cade21ef92713f8c52d44,1,1,ok,True,5,2429811,2429.811,0.19304,0.500309,1,time_limit,solomon_exact_1000_v1,,,,,,0.5,,100,2,25,5d3f56a8df0d9ba91e368d7f3a64e9028fef5c9e1a9bdeff889848baf2b8ab27,False,cached,9cb66bc4e34f3526423a8fc6e8ad3028cbe662de32f705502ffcbb2c3c63f117
RC201,solomon_txt,288836e2d8c2ace83ebbff77e03ac8cdffc574fc134cade21ef92713f8c52d44,2,1,ok,True,5,2429811,2429.811,0.184875,0.500534,1,time_limit,solomon_exact_1000_v1,,,,,,0.5,,100,2,25,5d3f56a8df0d9ba91e368d7f3a64e9028fef5c9e1a9bdeff889848baf2b8ab27,False,cached,9cb66bc4e34f3526423a8fc6e8ad3028cbe662de32f705502ffcbb2c3c63f117
RC202,solomon_txt,5a1dee2017ab0ca4fe280b392678c96e8b5bc71f22d02c8058fbde7c4cfebcf4,0,1,ok,True,5,1998260,1998.26,0.20967,0.500471,1,time_limit,solomon_exact_1000_v1,,,,,,0.5,,100,2,25,5d3f56a8df0d9ba91e368d7f3a64e9028fef5c9e1a9bdeff889848baf2b8ab27,False,cached,9cb66bc4e34f3526423a8fc6e8ad3028cbe662de32f705502ffcbb2c3c63f117
RC202,solomon_txt,5a1dee2017ab0ca4fe280b392678c96e8b5bc71f22d02c8058fbde7c4cfebcf4,1,1,ok,True,4,1818035,1818.035,0.184729,0.50036,1,time_limit,solomon_exact_1000_v1,,,,,,0.5,,100,2,25,5d3f56a8df0d9ba91e368d7f3a64e9028fef5c9e1a9bdeff889848baf2b8ab27,False,cached,9cb66bc4e34f3526423a8fc6e8ad3028cbe662de32f705502ffcbb2c3c63f117
RC202,solomon_txt,5a1dee2017ab0ca4fe280b392678c96e8b5bc71f22d02c8058fbde7c4cfebcf4,2,1,ok,True,4,1619243,1619.243,0.182172,0.500327,1,time_limit,solomon_exact_1000_v1,,,,,,0.5,,100,2,25,5d3f56a8df0d9ba91e368d7f3a64e9028fef5c9e1a9bdeff889848baf2b8ab27,False,cached,9cb66bc4e34f3526423a8fc6e8ad3028cbe662de32f705502ffcbb2c3c63f117
RC203,solomon_txt,4adcb362c23df91f14b828d4964e9383ffb02ee74217afc2d84571f83ed91f8b,0,1,ok,True,4,1158154,1158.154,0.179511,0.50034,1,time_limit,solomon_exact_1000_v1,,,,,,0.5,,100,2,25,5d3f56a8df0d9ba91e368d7f3a64e9028fef5c9e1a9bdeff889848baf2b8ab27,False,cached,9cb66bc4e34f3526423a8fc6e8ad3028cbe662de32f705502ffcbb2c3c63f117
RC203,solomon_txt,4adcb362c23df91f14b828d4964e9383ffb02ee74217afc2d84571f83ed91f8b,1,1,ok,True,4,1303205,1303.205,0.178326,0.500332,1,time_limit,solomon_exact_1000_v1,,,,,,0.5,,100,2,25,5d3f56a8df0d9ba91e368d7f3a64e9028fef5c9e1a9bdeff889848baf2b8ab27,False,cached,9cb66bc4e34f3526423a8fc6e8ad3028cbe662de32f705502ffcbb2c3c63f117
RC203,solomon_txt,4adcb362c23df91f14b828d4964e9383ffb02ee74217afc2d84571f83ed91f8b,2,1,ok,True,4,1061047,1061.047,0.186547,0.500546,1,time_limit,solomon_exact_1000_v1,,,,,,0.5,,100,2,25,5d3f56a8df0d9ba91e368d7f3a64e9028fef5c9e1a9bdeff889848baf2b8ab27,False,cached,9cb66bc4e34f3526423a8fc6e8ad3028cbe662de32f705502ffcbb2c3c63f117
RC204,solomon_txt,11e827eab51a959ebab66344e7b7cfd1aeed895287653b36a72c86a4440ecd77,0,1,ok,True,3,1500593,1500.593,0.279549,0.500276,1,time_limit,solomon_exact_1000_v1,,,,,,0.5,,100,2,25,5d3f56a8df0d9ba91e368d7f3a64e9028fef5c9e1a9bdeff889848baf2b8ab27,False,cached,9cb66bc4e34f3526423a8fc6e8ad3028cbe662de32f705502ffcbb2c3c63f117
RC204,solomon_txt,11e827eab51a959ebab66344e7b7cfd1aeed895287653b36a72c86a4440ecd77,1,1,ok,True,3,1500593,1500.593,0.277734,0.500331,1,time_limit,solomon_exact_1000_v1,,,,,,0.5,,100,2,25,5d3f56a8df0d9ba91e368d7f3a64e9028fef5c9e1a9bdeff889848baf2b8ab27,False,cached,9cb66bc4e34f3526423a8fc6e8ad3028cbe662de32f705502ffcbb2c3c63f117
RC204,solomon_txt,11e827eab51a959ebab66344e7b7cfd1aeed895287653b36a72c86a4440ecd77,2,1,ok,True,3,1500593,1500.593,0.271658,0.500315,1,time_limit,solomon_exact_1000_v1,,,,,,0.5,,100,2,25,5d3f56a8df0d9ba91e368d7f3a64e9028fef5c9e1a9bdeff889848baf2b8ab27,False,cached,9cb66bc4e34f3526423a8fc6e8ad3028cbe662de32f705502ffcbb2c3c63f117
RC205,solomon_txt,c061d306cf42310b0f3ca15612089f6c5a8d5604c0733bf26852477c787662c9,0,1,ok,True,4,1959415,1959.415,0.189533,0.500332,1,time_limit,solomon_exact_1000_v1,,,,,,0.5,,100,2,25,5d3f56a8df0d9ba91e368d7f3a64e9028fef5c9e1a9bdeff889848baf2b8ab27,False,cached,9cb66bc4e34f3526423a8fc6e8ad3028cbe662de32f705502ffcbb2c3c63f117
RC205,solomon_txt,c061d306cf42310b0f3ca15612089f6c5a8d5604c0733bf26852477c787662c9,1,1,ok,True,5,2063021,2063.021,0.197076,0.500303,1,time_limit,solomon_exact_1000_v1,,,,,,0.5,,100,2,25,5d3f56a8df0d9ba91e368d7f3a64e9028fef5c9e1a9bdeff889848baf2b8ab27,False,cached,9cb66bc4e34f3526423a8fc6e8ad3028cbe662de32f705502ffcbb2c3c63f117
RC205,solomon_txt,c061d306cf42310b0f3ca15612089f6c5a8d5604c0733bf26852477c787662c9,2,1,ok,True,4,1695820,1695.82,0.196495,0.500297,1,time_limit,solomon_exact_1000_v1,,,,,,0.5,,100,2,25,5d3f56a8df0d9ba91e368d7f3a64e9028fef5c9e1a9bdeff889848baf2b8ab27,False,cached,9cb66bc4e34f3526423a8fc6e8ad3028cbe662de32f705502ffcbb2c3c63f117
RC206,solomon_txt,5203aecf67c84df49e152645312a837ffefde529314ff892ca061538816e43a9,0,1,ok,True,4,2080287,2080.287,0.19644,0.500307,1,time_limit,solomon_exact_1000_v1,,,,,,0.5,,100,2,25,5d3f56a8df0d9ba91e368d7f3a64e9028fef5c9e1a9bdeff889848baf2b8ab27,False,cached,9cb66bc4e34f3526423a8fc6e8ad3028cbe662de32f705502ffcbb2c3c63f117
RC206,solomon_txt,5203aecf67c84df49e152645312a837ffefde529314ff892ca061538816e43a9,1,1,ok,True,4,1771858,1771.858,0.195661,0.50034,1,time_limit,solomon_exact_1000_v1,,,,,,0.5,,100,2,25,5d3f56a8df0d9ba91e368d7f3a64e9028fef5c9e1a9bdeff889848baf2b8ab27,False,cached,9cb66bc4e34f3526423a8fc6e8ad3028cbe662de32f705502ffcbb2c3c63f117
RC206,solomon_txt,5203aecf67c84df49e152645312a837ffefde529314ff892ca061538816e43a9,2,1,ok,True,4,1732495,1732.495,0.198813,0.500282,1,time_limit,solomon_exact_1000_v1,,,,,,0.5,,100,2,25,5d3f56a8df0d9ba91e368d7f3a64e9028fef5c9e1a9bdeff889848baf2b8ab27,False,cached,9cb66bc4e34f3526423a8fc6e8ad3028cbe662de32f705502ffcbb2c3c63f117
RC207,solomon_txt,5cab65f99b350cdb8fb1c4d0a12dde85eb4ff6a6d6daf292b182cb73de9a8b63,0,1,ok,True,4,1907431,1907.431,0.219417,0.500217,1,time_limit,solomon_exact_1000_v1,,,,,,0.5,,100,2,25,5d3f56a8df0d9ba91e368d7f3a64e9028fef5c9e1a9bdeff889848baf2b8ab27,False,cached,9cb66bc4e34f3526423a8fc6e8ad3028cbe662de32f705502ffcbb2c3c63f117
RC207,solomon_txt,5cab65f99b350cdb8fb1c4d0a12dde85eb4ff6a6d6daf292b182cb73de9a8b63,1,1,ok,True,4,1907431,1907.431,0.264727,0.500397,1,time_limit,solomon_exact_1000_v1,,,,,,0.5,,100,2,25,5d3f56a8df0d9ba91e368d7f3a64e9028fef5c9e1a9bdeff889848baf2b8ab27,False,cached,9cb66bc4e34f3526423a8fc6e8ad3028cbe662de32f705502ffcbb2c3c63f117
RC207,solomon_txt,5cab65f99b350cdb8fb1c4d0a12dde85eb4ff6a6d6daf292b182cb73de9a8b63,2,1,ok,True,4,1907431,1907.431,0.21647,0.500278,1,time_limit,solomon_exact_1000_v1,,,,,,0.5,,100,2,25,5d3f56a8df0d9ba91e368d7f3a64e9028fef5c9e1a9bdeff889848baf2b8ab27,False,cached,9cb66bc4e34f3526423a8fc6e8ad3028cbe662de32f705502ffcbb2c3c63f117
RC208,solomon_txt,3d67d2a8e2758a324643f5d6c6ca87e8c56435273eaa04be33f213bb991f1f28,0,1,ok,True,3,1365201,1365.201,0.227173,0.50029,1,time_limit,solomon_exact_1000_v1,,,,,,0.5,,100,2,25,5d3f56a8df0d9ba91e368d7f3a64e9028fef5c9e1a9bdeff889848baf2b8ab27,False,cached,9cb66bc4e34f3526423a8fc6e8ad3028cbe662de32f705502ffcbb2c3c63f117
RC208,solomon_txt,3d67d2a8e2758a324643f5d6c6ca87e8c56435273eaa04be33f213bb991f1f28,1,1,ok,True,4,1913075,1913.075,0.214956,0.500332,1,time_limit,solomon_exact_1000_v1,,,,,,0.5,,100,2,25,5d3f56a8df0d9ba91e368d7f3a64e9028fef5c9e1a9bdeff889848baf2b8ab27,False,cached,9cb66bc4e34f3526423a8fc6e8ad3028cbe662de32f705502ffcbb2c3c63f117
RC208,solomon_txt,3d67d2a8e2758a324643f5d6c6ca87e8c56435273eaa04be33f213bb991f1f28,2,1,ok,True,4,1913075,1913.075,0.215307,0.500509,1,time_limit,solomon_exact_1000_v1,,,,,,0.5,,100,2,25,5d3f56a8df0d9ba91e368d7f3a64e9028fef5c9e1a9bdeff889848baf2b8ab27,False,cached,9cb66bc4e34f3526423a8fc6e8ad3028cbe662de32f705502ffcbb2c3c63f117
C101,solomon_txt,a6da75152d182d60ecd2c6f854296f5be452f92282d096adebcf5d99a7f16516,0,1,ok,True,10,828937,828.937,0.066567,0.500433,1,time_limit,solomon_exact_1000_v1,,,,,,0.5,,100,2,25,5d3f56a8df0d9ba91e368d7f3a64e9028fef5c9e1a9bdeff889848baf2b8ab27,False,incremental,034a9f2ddc1163af93aedef194b85dba0d917316921d81894ea9f955e988b8de
C101,solomon_txt,a6da75152d182d60ecd2c6f854296f5be452f92282d096adebcf5d99a7f16516,1,1,ok,True,10,828937,828.937,0.06956,0.500455,2,time_limit,solomon_exact_1000_v1,,,,,,0.5,,100,2,25,5d3f56a8df0d9ba91e368d7f3a64e9028fef5c9e1a9bdeff889848baf2b8ab27,False,incremental,034a9f2ddc1163af93aedef194b85dba0d917316921d81894ea9f955e988b8de
C101,solomon_txt,a6da75152d182d60ecd2c6f854296f5be452f92282d096adebcf5d99a7f16516,2,1,ok,True,10,828937,828.937,0.096846,0.500618,1,time_limit,solomon_exact_1000_v1,,,,,,0.5,,100,2,25,5d3f56a8df0d9ba91e368d7f3a64e9028fef5c9e1a9bdeff889848baf2b8ab27,False,incremental,034a9f2ddc1163af93aedef194b85dba0d917316921d81894ea9f955e988b8de
C102,solomon_txt,f89a0e2a760cc7448a4ca72b88e5b29b94d64b5548f3320f42a6230025ead653,0,1,ok,True,10,1238830,1238.83,0.102385,0.500572,5,time_limit,solomon_exact_1000_v1,,,,,,0.5,,100,2,25,5d3f56a8df0d9ba91e368d7f3a64e9028fef5c9e1a9bdeff889848baf2b8ab27,False,incremental,034a9f2ddc1163af93aedef194b85dba0d917316921d81894ea9f955e988b8de
C102,solomon_txt,f89a0e2a760cc7448a4ca72b88e5b29b94d64b5548f3320f42a6230025ead653,1,1,ok,True,10,1169245,1169.245,0.103717,0.501189,5,time_limit,solomon_exact_1000_v1,,,,,,0.5,,100,2,25,5d3f56a8df0d9ba91e368d7f3a64e9028fef5c9e1a9bdeff889848baf2b8ab27,False,incremental,034a9f2ddc1163af93aedef194b85dba0d917316921d81894ea9f955e988b8de
C102,solomon_txt,f89a0e2a760cc7448a4ca72b88e5b29b94d64b5548f3320f42a6230025ead653,2,1,ok,True,10,1238830,1238.83,0.103756,0.501179,4,time_limit,solomon_exact_1000_v1,,,,,,0.5,,100,2,25,5d3f56a8df0d9ba91e368d7f3a64e9028fef5c9e1a9bdeff889848baf2b8ab27,False,incremental,034a9f2ddc1163af93aedef194b85dba0d917316921d81894ea9f955e988b8de
C103,solomon_txt,a55cabf15e0da9d65696a5fb45c9852889479893f76f772a428ca15d1b415a51,0,1,ok,True,10,1755429,1755.429,0.114783,0.500648,7,time_limit,solomon_exact_1000_v1,,,,,,0.5,,100,2,25,5d3f56a8df0d9ba91e368d7f3a64e9028fef5c9e1a9bdeff889848baf2b8ab27,False,incremental,034a9f2ddc1163af93aedef194b85dba0d917316921d81894ea9f955e988b8de
C103,solomon_txt,a55cabf15e0da9d65696a5fb45c9852889479893f76f772a428ca15d1b415a51,1,1,ok,True,10,1725405,1725.405,0.117305,0.500633,8,time_limit,solomon_exact_1000_v1,,,,,,0.5,,100,2,25,5d3f56a8df0d9ba91e368d7f3a64e9028fef5c9e1a9bdeff889848baf2b8ab27,False,incremental,034a9f2ddc1163af93aedef194b85dba0d917316921d81894ea9f955e988b8de
C103,solomon_txt,a55cabf15e0da9d65696a5fb45c9852889479893f76f772a428ca15d1b415a51,2,1,ok,True,10,1734559,1734.559,0.11837,0.500672,7,time_limit,solomon_exact_1000_v1,,,,,,0.5,,100,2,25,5d3f56a8df0d9ba91e368d7f3a64e9028fef5c9e1a9bdeff889848baf2b8ab27,False,incremental,034a9f2ddc1163af93aedef194b85dba0d917316921d81894ea9f955e988b8de
C104,solomon_txt,fe333e81625ee5a75bb2ce98c2c9f356d07289237865b62a23ba2f32f0de5ee2,0,1,ok,True,10,1823866,1823.866,0.162777,0.50196,6,time_limit,solomon_exact_1000_v1,,,,,,0.5,,100,2,25,5d3f56a8df0d9ba91e368d7f3a64e9028fef5c9e1a9bdeff889848baf2b8ab27,False,incremental,034a9f2ddc1163af93aedef194b85dba0d917316921d81894ea9f955e988b8de
C104,solomon_txt,fe333e81625ee5a75bb2ce98c2c9f356d07289237865b62a23ba2f32f0de5ee2,1,1,ok,True,10,1746181,1746.181,0.171207,0.500616,6,time_limit,solomon_exact_1000_v1,,,,,,0.5,,100,2,25,5d3f56a8df0d9ba91e368d7f3a64e9028fef5c9e1a9bdeff889848baf2b8ab27,False,incremental,034a9f2ddc1163af93aedef194b85dba0d917316921d81894ea9f955e988b8de
C104,solomon_txt,fe333e81625ee5a75bb2ce98c2c9f356d07289237865b62a23ba2f32f0de5ee2,2,1,ok,True,10,1696654,1696.654,0.185701,0.50104,7,time_limit,solomon_exact_1000_v1,,,,,,0.5,,100,2,25,5d3f56a8df0d9ba91e368d7f3a64e9028fef5c9e1a9bdeff889848baf2b8ab27,False,incremental,034a9f2ddc1163af93aedef194b85dba0d917316921d81894ea9f955e988b8de
C105,solomon_txt,9a877a3a6fb922e7ad9297cc0308bc8a5652cb1495a0228ee6b81b2d938aa29f,0,1,ok,True,10,1143952,1143.952,0.16237,0.500793,1,time_limit,solomon_exact_1000_v1,,,,,,0.5,,100,2,25,5d3f56a8df0d9ba91e368d7f3a64e9028fef5c9e1a9bdeff889848baf2b8ab27,False,incremental,034a9f2ddc1163af93aedef194b85dba0d917316921d81894ea9f955e988b8de
C105,solomon_txt,9a877a3a6fb922e7ad9297cc0308bc8a5652cb1495a0228ee6b81b2d938aa29f,1,1,ok,True,10,1039051,1039.051,0.140045,0.501144,1,time_limit,solomon_exact_1000_v1,,,,,,0.5,,100,2,25,5d3f56a8df0d9ba91e368d7f3a64e9028fef5c9e1a9bdeff889848baf2b8ab27,False,incremental,034a9f2ddc1163af93aedef194b85dba0d917316921d81894ea9f955e988b8de
C105,solomon_txt,9a877a3a6fb922e7ad9297cc0308bc8a5652cb1495a0228ee6b81b2d938aa29f,2,1,ok,True,10,1066901,1066.901,0.147221,0.501161,1,time_limit,solomon_exact_1000_v1,,,,,,0.5,,100,2,25,5d3f56a8df0d9ba91e368d7f3a64e9028fef5c9e1a9bdeff889848baf2b8ab27,False,incremental,034a9f2ddc1163af93aedef194b85dba0d917316921d81894ea9f955e988b8de
C106,solomon_txt,ec9b419bed53e9c607cce76e8c6bc59feb6e4d17646905601f008a4141ec7b40,0,1,ok,True,11,1084360,1084.36,0.135183,0.500624,1,time_limit,solomon_exact_1000_v1,,,,,,0.5,,100,2,25,5d3f56a8df0d9ba91e368d7f3a64e9028fef5c9e1a9bdeff889848baf2b8ab27,False,incremental,034a9f2ddc1163af93aedef194b85dba0d917316921d81894ea9f955e988b8de
C106,solomon_txt,ec9b419bed53e9c607cce76e8c6bc59feb6e4d17646905601f008a4141ec7b40,1,1,ok,True,10,1072780,1072.78,0.103953,0.500687,2,time_limit,solomon_exact_1000_v1,,,,,,0.5,,100,2,25,5d3f56a8df0d9ba91e368d7f3a64e9028fef5c9e1a9bdeff889848baf2b8ab27,False,incremental,034a9f2ddc1163af93aedef194b85dba0d917316921d81894ea9f955e988b8de
C106,solomon_txt,ec9b419bed53e9c607cce76e8c6bc59feb6e4d17646905601f008a4141ec7b40,2,1,ok,True,10,1084912,1084.912,0.166443,0.500638,1,time_limit,solomon_exact_1000_v1,,,,,,0.5,,100,2,25,5d3f56a8df0d9ba91e368d7f3a64e9028fef5c9e1a9bdeff889848baf2b8ab27,False,incremental,034a9f2ddc1163af93aedef194b85dba0d917316921d81894ea9f955e988b8de
C107,solomon_txt,cb3cdc10d812fa17370eb52cb753b6b0574426dc6fabeb8b9076ed750ddf05ca,0,1,ok,True,10,1088386,1088.386,0.173355,0.501112,1,time_limit,solomon_exact_1000_v1,,,,,,0.5,,100,2,25,5d3f56a8df0d9ba91e368d7f3a64e9028fef5c9e1a9bdeff889848baf2b8ab27,False,incremental,034a9f2ddc1163af93aedef194b85dba0d917316921d81894ea9f955e988b8de
C107,solomon_txt,cb3cdc10d812fa17370eb52cb753b6b0574426dc6fabeb8b9076ed750ddf05ca,1,1,ok,True,10,1119053,1119.053,0.163706,0.501129,1,time_limit,solomon_exact_1000_v1,,,,,,0.5,,100,2,25,5d3f56a8df0d9ba91e368d7f3a64e9028fef5c9e1a9bdeff889848baf2b8ab27,False,incremental,034a9f2ddc1163af93aedef194b85dba0d917316921d81894ea9f955e988b8de
C107,solomon_txt,cb3cdc10d812fa17370eb52cb753b6b0574426dc6fabeb8b9076ed750ddf05ca,2,1,ok,True,10,1087988,1087.988,0.164952,0.500654,1,time_limit,solomon_exact_1000_v1,,,,,,0.5,,100,2,25,5d3f56a8df0d9ba91e368d7f3a64e9028fef5c9e1a9bdeff889848baf2b8ab27,False,incremental,034a9f2ddc1163af93aedef194b85dba0d917316921d81894ea9f955e988b8de
C108,solomon_txt,b8c7e48f292b66b283d8e71511e3a4eccaa4c4bc66b9313c399e73b0226f5953,0,1,ok,True,11,2132182,2132.182,0.151811,0.500573,1,time_limit,solomon_exact_1000_v1,,,,,,0.5,,100,2,25,5d3f56a8df0d9ba91e368d7f3a64e9028fef5c9e1a9bdeff889848baf2b8ab27,False,incremental,034a9f2ddc1163af93aedef194b85dba0d917316921d81894ea9f955e988b8de
C108,solomon_txt,b8c7e48f292b66b283d8e71511e3a4eccaa4c4bc66b9313c399e73b0226f5953,1,1,ok,True,10,1561276,1561.276,0.18058,0.501058,2,time_limit,solomon_exact_1000_v1,,,,,,0.5,,100,2,25,5d3f56a8df0d9ba91e368d7f3a64e9028fef5c9e1a9bdeff889848baf2b8ab27,False,incremental,034a9f2ddc1163af93aedef194b85dba0d917316921d81894ea9f955e988b8de
C108,solomon_txt,b8c7e48f292b66b283d8e71511e3a4eccaa4c4bc66b9313c399e73b0226f5953,2,1,ok,True,10,1413548,1413.548,0.157524,0.501141,3,time_limit,solomon_exact_1000_v1,,,,,,0.5,,100,2,25,5d3f56a8df0d9ba91e368d7f3a64e9028fef5c9e1a9bdeff889848baf2b8ab27,False,incremental,034a9f2ddc1163af93aedef194b85dba0d917316921d81894ea9f955e988b8de
C109,solomon_txt,72d8489e14bf1bb18456f0b21b01110506cbcc2354719dae8481b480150f142a,0,1,ok,True,10,1601223,1601.223,0.155766,0.500673,6,time_limit,solomon_exact_1000_v1,,,,,,0.5,,100,2,25,5d3f56a8df0d9ba91e368d7f3a64e9028fef5c9e1a9bdeff889848baf2b8ab27,False,incremental,034a9f2ddc1163af93aedef194b85dba0d917316921d81894ea9f955e988b8de
C109,solomon_txt,72d8489e14bf1bb18456f0b21b01110506cbcc2354719dae8481b480150f142a,1,1,ok,True,10,1535922,1535.922,0.121468,0.50112,8,time_limit,solomon_exact_1000_v1,,,,,,0.5,,100,2,25,5d3f56a8df0d9ba91e368d7f3a64e9028fef5c9e1a9bdeff889848baf2b8ab27,False,incremental,034a9f2ddc1163af93aedef194b85dba0d917316921d81894ea9f955e988b8de
C109,solomon_txt,72d8489e14bf1bb18456f0b21b01110506cbcc2354719dae8481b480150f142a,2,1,ok,True,10,1605283,1605.283,0.116357,0.500705,7,time_limit,solomon_exact_1000_v1,,,,,,0.5,,100,2,25,5d3f56a8df0d9ba91e368d7f3a64e9028fef5c9e1a9bdeff889848baf2b8ab27,False,incremental,034a9f2ddc1163af93aedef194b85dba0d917316921d81894ea9f955e988b8de
C201,solomon_txt,d8d9834087ae2326fa23a8510533060233dc9fb481873be60956eb26a880ad63,0,1,ok,True,3,704252,704.252,0.301302,0.50058,1,time_limit,solomon_exact_1000_v1,,,,,,0.5,,100,2,25,5d3f56a8df0d9ba91e368d7f3a64e9028fef5c9e1a9bdeff889848baf2b8ab27,False,incremental,034a9f2ddc1163af93aedef194b85dba0d917316921d81894ea9f955e988b8de
C201,solomon_txt,d8d9834087ae2326fa23a8510533060233dc9fb481873be60956eb26a880ad63,1,1,ok,True,3,704252,704.252,0.301146,0.500613,1,time_limit,solomon_exact_1000_v1,,,,,,0.5,,100,2,25,5d3f56a8df0d9ba91e368d7f3a64e9028fef5c9e1a9bdeff889848baf2b8ab27,False,incremental,034a9f2ddc1163af93aedef194b85dba0d917316921d81894ea9f955e988b8de
C201,solomon_txt,d8d9834087ae2326fa23a8510533060233dc9fb481873be60956eb26a880ad63,2,1,ok,True,3,704252,704.252,0.365703,0.501034,1,time_limit,solomon_exact_1000_v1,,,,,,0.5,,100,2,25,5d3f56a8df0d9ba91e368d7f3a64e9028fef5c9e1a9bdeff889848baf2b8ab27,False,incremental,034a9f2ddc1163af93aedef194b85dba0d917316921d81894ea9f955e988b8de
C202,solomon_txt,dfc8ecad79f6c7ffb096cd36994143569f0babe284d5ad194683271d81063772,0,1,ok,True,3,746236,746.236,0.334932,0.50104,1,time_limit,solomon_exact_1000_v1,,,,,,0.5,,100,2,25,5d3f56a8df0d9ba91e368d7f3a64e9028fef5c9e1a9bdeff889848baf2b8ab27,False,incremental,034a9f2ddc1163af93aedef194b85dba0d917316921d81894ea9f955e988b8de
C202,solomon_txt,dfc8ecad79f6c7ffb096cd36994143569f0babe284d5ad194683271d81063772,1,1,ok,True,3,745233,745.233,0.319594,0.50043,2,time_limit,solomon_exact_1000_v1,,,,,,0.5,,100,2,25,5d3f56a8df0d9ba91e368d7f3a64e9028fef5c9e1a9bdeff889848baf2b8ab27,False,incremental,034a9f2ddc1163af93aedef194b85dba0d917316921d81894ea9f955e988b8de
C202,solomon_txt,dfc8ecad79f6c7ffb096cd36994143569f0babe284d5ad194683271d81063772,2,1,ok,True,3,746236,746.236,0.445062,0.501142,1,time_limit,solomon_exact_1000_v1,,,,,,0.5,,100,2,25,5d3f56a8df0d9ba91e368d7f3a64e9028fef5c9e1a9bdeff889848baf2b8ab27,False,incremental,034a9f2ddc1163af93aedef194b85dba0d917316921d81894ea9f955e988b8de
C203,solomon_txt,2b79eea2962a848cb29f6153d4fb4ae725d35507686d937da6643b33fcd85062,0,1,ok,True,4,894861,894.861,0.364087,0.500646,1,time_limit,solomon_exact_1000_v1,,,,,,0.5,,100,2,25,5d3f56a8df0d9ba91e368d7f3a64e9028fef5c9e1a9bdeff889848baf2b8ab27,False,incremental,034a9f2ddc1163af93aedef194b85dba0d917316921d81894ea9f955e988b8de
C203,solomon_txt,2b79eea2962a848cb29f6153d4fb4ae725d35507686d937da6643b33fcd85062,1,1,ok,True,4,894861,894.861,0.288891,0.500575,1,time_limit,solomon_exact_1000_v1,,,,,,0.5,,100,2,25,5d3f56a8df0d9ba91e368d7f3a64e9028fef5c9e1a9bdeff889848baf2b8ab27,False,incremental,034a9f2ddc1163af93aedef194b85dba0d917316921d81894ea9f955e988b8de
C203,solomon_txt,2b79eea2962a848cb29f6153d4fb4ae725d35507686d937da6643b33fcd85062,2,1,ok,True,4,894861,894.861,0.37549,0.500549,1,time_limit,solomon_exact_1000_v1,,,,,,0.5,,100,2,25,5d3f56a8df0d9ba91e368d7f3a64e9028fef5c9e1a9bdeff889848baf2b8ab27,False,incremental,034a9f2ddc1163af93aedef194b85dba0d917316921d81894ea9f955e988b8de
C204,solomon_txt,4331b2744d34e32c2987e3fe8a82b782a2039d757d2aac818f7e0fd21117bfb4,0,1,ok,True,4,1439548,1439.548,0.390704,0.500586,1,time_limit,solomon_exact_1000_v1,,,,,,0.5,,100,2,25,5d3f56a8df0d9ba91e368d7f3a64e9028fef5c9e1a9bdeff889848baf2b8ab27,False,incremental,034a9f2ddc1163af93aedef194b85dba0d917316921d81894ea9f955e988b8de
C204,solomon_txt,4331b2744d34e32c2987e3fe8a82b782a2039d757d2aac818f7e0fd21117bfb4,1,1,ok,True,4,1439548,1439.548,0.367949,0.50061,1,time_limit,solomon_exact_1000_v1,,,,,,0.5,,100,2,25,5d3f56a8df0d9ba91e368d7f3a64e9028fef5c9e1a9bdeff889848baf2b8ab27,False,incremental,034a9f2ddc1163af93aedef194b85dba0d917316921d81894ea9f955e988b8de
C204,solomon_txt,4331b2744d34e32c2987e3fe8a82b782a2039d757d2aac818f7e0fd21117bfb4,2,1,ok,True,4,1439548,1439.548,0.296274,0.500315,1,time_limit,solomon_exact_1000_v1,,,,,,0.5,,100,2,25,5d3f56a8df0d9ba91e368d7f3a64e9028fef5c9e1a9bdeff889848baf2b8ab27,False,incremental,034a9f2ddc1163af93aedef194b85dba0d917316921d81894ea9f955e988b8de
C205,solomon_txt,15be2bb8c3e4ad99a79d1e7ee0472223feb95a4f423d010e032bda0a87266ca5,0,1,ok,True,4,912158,912.158,0.257383,0.500318,1,time_limit,solomon_exact_1000_v1,,,,,,0.5,,100,2,25,5d3f56a8df0d9ba91e368d7f3a64e9028fef5c9e1a9bdeff889848baf2b8ab27,False,incremental,034a9f2ddc1163af93aedef194b85dba0d917316921d81894ea9f955e988b8de
C205,solomon_txt,15be2bb8c3e4ad99a79d1e7ee0472223feb95a4f423d010e032bda0a87266ca5,1,1,ok,True,4,912158,912.158,0.253863,0.500417,1,time_limit,solomon_exact_1000_v1,,,,,,0.5,,100,2,25,5d3f56a8df0d9ba91e368d7f3a64e9028fef5c9e1a9bdeff889848baf2b8ab27,False,incremental,034a9f2ddc1163af93aedef194b85dba0d917316921d81894ea9f955e988b8de
C205,solomon_txt,15be2bb8c3e4ad99a79d1e7ee0472223feb95a4f423d010e032bda0a87266ca5,2,1,ok,True,4,912158,912.158,0.324725,0.500331,1,time_limit,solomon_exact_1000_v1,,,,,,0.5,,100,2,25,5d3f56a8df0d9ba91e368d7f3a64e9028fef5c9e1a9bdeff889848baf2b8ab27,False,incremental,034a9f2ddc1163af93aedef194b85dba0d917316921d81894ea9f955e988b8de
C206,solomon_txt,745b6c7042707ffbbfc4d681ee02a84431425f1dfb3c8aa85ecf003fec8f7e53,0,1,ok,True,4,1154595,1154.595,0.309207,0.500328,1,time_limit,solomon_exact_1000_v1,,,,,,0.5,,100,2,25,5d3f56a8df0d9ba91e368d7f3a64e9028fef5c9e1a9bdeff889848baf2b8ab27,False,incremental,034a9f2ddc1163af93aedef194b85dba0d917316921d81894ea9f955e988b8de
C206,solomon_txt,745b6c7042707ffbbfc4d681ee02a84431425f1dfb3c8aa85ecf003fec8f7e53,1,1,ok,True,4,1154595,1154.595,0.276163,0.500444,1,time_limit,solomon_exact_1000_v1,,,,,,0.5,,100,2,25,5d3f56a8df0d9ba91e368d7f3a64e9028fef5c9e1a9bdeff889848baf2b8ab27,False,incremental,034a9f2ddc1163af93aedef194b85dba0d917316921d81894ea9f955e988b8de
C206,solomon_txt,745b6c7042707ffbbfc4d681ee02a84431425f1dfb3c8aa85ecf003fec8f7e53,2,1,ok,True,4,1154595,1154.595,0.293123,0.500471,1,time_limit,solomon_exact_1000_v1,,,,,,0.5,,100,2,25,5d3f56a8df0d9ba91e368d7f3a64e9028fef5c9e1a9bdeff889848baf2b8ab27,False,incremental,034a9f2ddc1163af93aedef194b85dba0d917316921d81894ea9f955e988b8de
C207,solomon_txt,a33f03570a944c8a6d185fd6a173e66c68e67c399a4958b2d5b6d49533ace4a4,0,1,ok,True,4,980937,980.937,0.284069,0.500632,1,time_limit,solomon_exact_1000_v1,,,,,,0.5,,100,2,25,5d3f56a8df0d9ba91e368d7f3a64e9028fef5c9e1a9bdeff889848baf2b8ab27,False,incremental,034a9f2ddc1163af93aedef194b85dba0d917316921d81894ea9f955e988b8de
C207,solomon_txt,a33f03570a944c8a6d185fd6a173e66c68e67c399a4958b2d5b6d49533ace4a4,1,1,ok,True,4,980937,980.937,0.274092,0.500385,1,time_limit,solomon_exact_1000_v1,,,,,,0.5,,100,2,25,5d3f56a8df0d9ba91e368d7f3a64e9028fef5c9e1a9bdeff889848baf2b8ab27,False,incremental,034a9f2ddc1163af93aedef194b85dba0d917316921d81894ea9f955e988b8de
C207,solomon_txt,a33f03570a944c8a6d185fd6a173e66c68e67c399a4958b2d5b6d49533ace4a4,2,1,ok,True,4,980937,980.937,0.280427,0.500361,1,time_limit,solomon_exact_1000_v1,,,,,,0.5,,100,2,25,5d3f56a8df0d9ba91e368d7f3a64e9028fef5c9e1a9bdeff889848baf2b8ab27,False,incremental,034a9f2ddc1163af93aedef194b85dba0d917316921d81894ea9f955e988b8de
C208,solomon_txt,1c2f2381b8743680dbeb34322869cbf5a6cdd8c281f4bcffdb99b533e601874b,0,1,ok,True,4,957831,957.831,0.266765,0.500364,1,time_limit,solomon_exact_1000_v1,,,,,,0.5,,100,2,25,5d3f56a8df0d9ba91e368d7f3a64e9028fef5c9e1a9bdeff889848baf2b8ab27,False,incremental,034a9f2ddc1163af93aedef194b85dba0d917316921d81894ea9f955e988b8de
C208,solomon_txt,1c2f2381b8743680dbeb34322869cbf5a6cdd8c281f4bcffdb99b533e601874b,1,1,ok,True,4,957831,957.831,0.296471,0.500344,1,time_limit,solomon_exact_1000_v1,,,,,,0.5,,100,2,25,5d3f56a8df0d9ba91e368d7f3a64e9028fef5c9e1a9bdeff889848baf2b8ab27,False,incremental,034a9f2ddc1163af93aedef194b85dba0d917316921d81894ea9f955e988b8de
C208,solomon_txt,1c2f2381b8743680dbeb34322869cbf5a6cdd8c281f4bcffdb99b533e601874b,2,1,ok,True,4,957831,957.831,0.301874,0.500669,1,time_limit,solomon_exact_1000_v1,,,,,,0.5,,100,2,25,5d3f56a8df0d9ba91e368d7f3a64e9028fef5c9e1a9bdeff889848baf2b8ab27,False,incremental,034a9f2ddc1163af93aedef194b85dba0d917316921d81894ea9f955e988b8de
R101,solomon_txt,3f3655182bc0fe44ce5de65fdcd2ee2f9c7fb9ed055f923635151d9d6f76d3ed,0,1,ok,True,22,1906946,1906.946,0.077251,0.5006,1,time_limit,solomon_exact_1000_v1,,,,,,0.5,,100,2,25,5d3f56a8df0d9ba91e368d7f3a64e9028fef5c9e1a9bdeff889848baf2b8ab27,False,incremental,034a9f2ddc1163af93aedef194b85dba0d917316921d81894ea9f955e988b8de
R101,solomon_txt,3f3655182bc0fe44ce5de65fdcd2ee2f9c7fb9ed055f923635151d9d6f76d3ed,1,1,ok,True,21,1903068,1903.068,0.092234,0.500614,1,time_limit,solomon_exact_1000_v1,,,,,,0.5,,100,2,25,5d3f56a8df0d9ba91e368d7f3a64e9028fef5c9e1a9bdeff889848baf2b8ab27,False,incremental,034a9f2ddc1163af93aedef194b85dba0d917316921d81894ea9f955e988b8de
R101,solomon_txt,3f3655182bc0fe44ce5de65fdcd2ee2f9c7fb9ed055f923635151d9d6f76d3ed,2,1,ok,True,21,1869142,1869.142,0.075293,0.500666,2,time_limit,solomon_exact_1000_v1,,,,,,0.5,,100,2,25,5d3f56a8df0d9ba91e368d7f3a64e9028fef5c9e1a9bdeff889848baf2b8ab27,False,incremental,034a9f2ddc1163af93aedef194b85dba0d917316921d81894ea9f955e988b8de
R102,solomon_txt,eeb23171b7e4fbfc80bf000ca770329109900fbd7273fa8b9d1f95b7dfe683c3,0,1,ok,True,19,1640559,1640.559,0.105431,0.500504,1,time_limit,solomon_exact_1000_v1,,,,,,0.5,,100,2,25,5d3f56a8df0d9ba91e368d7f3a64e9028fef5c9e1a9bdeff889848baf2b8ab27,False,incremental,034a9f2ddc1163af93aedef194b85dba0d917316921d81894ea9f955e988b8de
R102,solomon_txt,eeb23171b7e4fbfc80bf000ca770329109900fbd7273fa8b9d1f95b7dfe683c3,1,1,ok,True,19,1689866,1689.866,0.094306,0.500307,2,time_limit,solomon_exact_1000_v1,,,,,,0.5,,100,2,25,5d3f56a8df0d9ba91e368d7f3a64e9028fef5c9e1a9bdeff889848baf2b8ab27,False,incremental,034a9f2ddc1163af93aedef194b85dba0d917316921d81894ea9f955e988b8de
R102,solomon_txt,eeb23171b7e4fbfc80bf000ca770329109900fbd7273fa8b9d1f95b7dfe683c3,2,1,ok,True,19,1606305,1606.305,0.08156,0.500577,1,time_limit,solomon_exact_1000_v1,,,,,,0.5,,100,2,25,5d3f56a8df0d9ba91e368d7f3a64e9028fef5c9e1a9bdeff889848baf2b8ab27,False,incremental,034a9f2ddc1163af93aedef194b85dba0d917316921d81894ea9f955e988b8de
R103,solomon_txt,1f833e8648ba39e0edc76754fb49e81777a7175cf7b084c3f60a12607bfb3991,0,1,ok,True,14,1543316,1543.316,0.11378,0.500587,1,time_limit,solomon_exact_1000_v1,,,,,,0.5,,100,2,25,5d3f56a8df0d9ba91e368d7f3a64e9028fef5c9e1a9bdeff889848baf2b8ab27,False,incremental,034a9f2ddc1163af93aedef194b85dba0d917316921d81894ea9f955e988b8de
R103,solomon_txt,1f833e8648ba39e0edc76754fb49e81777a7175cf7b084c3f60a12607bfb3991,1,1,ok,True,14,1543316,1543.316,0.121308,0.50063,1,time_limit,solomon_exact_1000_v1,,,,,,0.5,,100,2,25,5d3f56a8df0d9ba91e368d7f3a64e9028fef5c9e1a9bdeff889848baf2b8ab27,False,incremental,034a9f2ddc1163af93aedef194b85dba0d917316921d81894ea9f955e988b8de
R103,solomon_txt,1f833e8648ba39e0edc76754fb49e81777a7175cf7b084c3f60a12607bfb3991,2,1,ok,True,14,1540040,1540.04,0.087566,0.500284,2,time_limit,solomon_exact_1000_v1,,,,,,0.5,,100,2,25,5d3f56a8df0d9ba91e368d7f3a64e9028fef5c9e1a9bdeff889848baf2b8ab27,False,incremental,034a9f2ddc1163af93aedef194b85dba0d917316921d81894ea9f955e988b8de
R104,solomon_txt,dd087124311d91facd81736debbfc7d0f351d27942917e2d76cbafd01e6183b7,0,1,ok,True,11,1184423,1184.423,0.106357,0.500548,2,time_limit,solomon_exact_1000_v1,,,,,,0.5,,100,2,25,5d3f56a8df0d9ba91e368d7f3a64e9028fef5c9e1a9bdeff889848baf2b8ab27,False,incremental,034a9f2ddc1163af93aedef194b85dba0d917316921d81894ea9f955e988b8de
R104,solomon_txt,dd087124311d91facd81736debbfc7d0f351d27942917e2d76cbafd01e6183b7,1,1,ok,True,11,1210304,1210.304,0.126675,0.500554,1,time_limit,solomon_exact_1000_v1,,,,,,0.5,,100,2,25,5d3f56a8df0d9ba91e368d7f3a64e9028fef5c9e1a9bdeff889848baf2b8ab27,False,incremental,034a9f2ddc1163af93aedef194b85dba0d917316921d81894ea9f955e988b8de
R104,solomon_txt,dd087124311d91facd81736debbfc7d0f351d27942917e2d76cbafd01e6183b7,2,1,ok,True,11,1321819,1321.819,0.140811,0.500614,1,time_limit,solomon_exact_1000_v1,,,,,,0.5,,100,2,25,5d3f56a8df0d9ba91e368d7f3a64e9028fef5c9e1a9bdeff889848baf2b8ab27,False,incremental,034a9f2ddc1163af93aedef194b85dba0d917316921d81894ea9f955e988b8de
R105,solomon_txt,ff1a614f8458d6339b3f54d8e4ca2dcf0a35c96012f477f6a819ae481de85ca4,0,1,ok,True,17,1725347,1725.347,0.092818,0.500642,1,time_limit,solomon_exact_1000_v1,,,,,,0.5,,100,2,25,5d3f56a8df0d9ba91e368d7f3a64e9028fef5c9e1a9bdeff889848baf2b8ab27,False,incremental,034a9f2ddc1163af93aedef194b85dba0d917316921d81894ea9f955e988b8de
R105,solomon_txt,ff1a614f8458d6339b3f54d8e4ca2dcf0a35c96012f477f6a819ae481de85ca4,1,1,ok,True,17,1670400,1670.4,0.099733,0.501052,1,time_limit,solomon_exact_1000_v1,,,,,,0.5,,100,2,25,5d3f56a8df0d9ba91e368d7f3a64e9028fef5c9e1a9bdeff889848baf2b8ab27,False,incremental,034a9f2ddc1163af93aedef194b85dba0d917316921d81894ea9f955e988b8de
R105,solomon_txt,ff1a614f8458d6339b3f54d8e4ca2dcf0a35c96012f477f6a819ae481de85ca4,2,1,ok,True,17,1829109,1829.109,0.100846,0.500586,1,time_limit,solomon_exact_1000_v1,,,,,,0.5,,100,2,25,5d3f56a8df0d9ba91e368d7f3a64e9028fef5c9e1a9bdeff889848baf2b8ab27,False,incremental,034a9f2ddc1163af93aedef194b85dba0d917316921d81894ea9f955e988b8de
R106,solomon_txt,31b8783d177f0fbe1c84b8f085fbf28b1989a80e4c00f49f5654ebef99835e97,0,1,ok,True,14,1540595,1540.595,0.085403,0.500556,1,time_limit,solomon_exact_1000_v1,,,,,,0.5,,100,2,25,5d3f56a8df0d9ba91e368d7f3a64e9028fef5c9e1a9bdeff889848baf2b8ab27,False,incremental,034a9f2ddc1163af93aedef194b85dba0d917316921d81894ea9f955e988b8de
R106,solomon_txt,31b8783d177f0fbe1c84b8f085fbf28b1989a80e4c00f49f5654ebef99835e97,1,1,ok,True,14,1642384,1642.384,0.08896,0.500583,1,time_limit,solomon_exact_1000_v1,,,,,,0.5,,100,2,25,5d3f56a8df0d9ba91e368d7f3a64e9028fef5c9e1a9bdeff889848baf2b8ab27,False,incremental,034a9f2ddc1163af93aedef194b85dba0d917316921d81894ea9f955e988b8de
R106,solomon_txt,31b8783d177f0fbe1c84b8f085fbf28b1989a80e4c00f49f5654ebef99835e97,2,1,ok,True,14,1556870,1556.87,0.086364,0.500619,1,time_limit,solomon_exact_1000_v1,,,,,,0.5,,100,2,25,5d3f56a8df0d9ba91e368d7f3a64e9028fef5c9e1a9bdeff889848baf2b8ab27,False,incremental,034a9f2ddc1163af93aedef194b85dba0d917316921d81894ea9f955e988b8de
R107,solomon_txt,dba2b257a1d43d7c78d5e3a9f09091a2b125d3fbec78c0c8a1782add669a1275,0,1,ok,True,12,1281479,1281.479,0.097638,0.500586,1,time_limit,solomon_exact_1000_v1,,,,,,0.5,,100,2,25,5d3f56a8df0d9ba91e368d7f3a64e9028fef5c9e1a9bdeff889848baf2b8ab27,False,incremental,034a9f2ddc1163af93aedef194b85dba0d917316921d81894ea9f955e988b8de
R107,solomon_txt,dba2b257a1d43d7c78d5e3a9f09091a2b125d3fbec78c0c8a1782add669a1275,1,1,ok,True,12,1525686,1525.686,0.14593,0.500972,1,time_limit,solomon_exact_1000_v1,,,,,,0.5,,100,2,25,5d3f56a8df0d9ba91e368d7f3a64e9028fef5c9e1a9bdeff889848baf2b8ab27,False,incremental,034a9f2ddc1163af93aedef194b85dba0d917316921d81894ea9f955e988b8de
R107,solomon_txt,dba2b257a1d43d7c78d5e3a9f09091a2b125d3fbec78c0c8a1782add669a1275,2,1,ok,True,12,1486083,1486.083,0.100875,0.500627,1,time_limit,solomon_exact_1000_v1,,,,,,0.5,,100,2,25,5d3f56a8df0d9ba91e368d7f3a64e9028fef5c9e1a9bdeff889848baf2b8ab27,False,incremental,034a9f2ddc1163af93aedef194b85dba0d917316921d81894ea9f955e988b8de
R108,solomon_txt,65cae09f4099b7e70d2b723e0e3a30aa1494c75a367bb894a3fd13241ee639d4,0,1,ok,True,11,1315436,1315.436,0.12095,0.500543,1,time_limit,solomon_exact_1000_v1,,,,,,0.5,,100,2,25,5d3f56a8df0d9ba91e368d7f3a64e9028fef5c9e1a9bdeff889848baf2b8ab27,False,incremental,034a9f2ddc1163af93aedef194b85dba0d917316921d81894ea9f955e988b8de
R108,solomon_txt,65cae09f4099b7e70d2b723e0e3a30aa1494c75a367bb894a3fd13241ee639d4,1,1,ok,True,11,1319419,1319.419,0.118388,0.500603,1,time_limit,solomon_exact_1000_v1,,,,,,0.5,,100,2,25,5d3f56a8df0d9ba91e368d7f3a64e9028fef5c9e1a9bdeff889848baf2b8ab27,False,incremental,034a9f2ddc1163af93aedef194b85dba0d917316921d81894ea9f955e988b8de
R108,solomon_txt,65cae09f4099b7e70d2b723e0e3a30aa1494c75a367bb894a3fd13241ee639d4,2,1,ok,True,11,1356475,1356.475,0.16703,0.50097,1,time_limit,solomon_exact_1000_v1,,,,,,0.5,,100,2,25,5d3f56a8df0d9ba91e368d7f3a64e9028fef5c9e1a9bdeff889848baf2b8ab27,False,incremental,034a9f2ddc1163af93aedef194b85dba0d917316921d81894ea9f955e988b8de
R109,solomon_txt,4ef24030e8c48de5f85dcd90c5739186004fc8dec87533b6467013cf996f4777,0,1,ok,True,16,1621706,1621.706,0.113191,0.500606,1,time_limit,solomon_exact_1000_v1,,,,,,0.5,,100,2,25,5d3f56a8df0d9ba91e368d7f3a64e9028fef5c9e1a9bdeff889848baf2b8ab27,False,incremental,034a9f2ddc1163af93aedef194b85dba0d917316921d81894ea9f955e988b8de
R109,solomon_txt,4ef24030e8c48de5f85dcd90c5739186004fc8dec87533b6467013cf996f4777,1,1,ok,True,17,1640642,1640.642,0.122301,0.500597,1,time_limit,solomon_exact_1000_v1,,,,,,0.5,,100,2,25,5d3f56a8df0d9ba91e368d7f3a64e9028fef5c9e1a9bdeff889848baf2b8ab27,False,incremental,034a9f2ddc1163af93aedef194b85dba0d917316921d81894ea9f955e988b8de
R109,solomon_txt,4ef24030e8c48de5f85dcd90c5739186004fc8dec87533b6467013cf996f4777,2,1,ok,True,17,1628683,1628.683,0.11373,0.500501,2,time_limit,solomon_exact_1000_v1,,,,,,0.5,,100,2,25,5d3f56a8df0d9ba91e368d7f3a64e9028fef5c9e1a9bdeff889848baf2b8ab27,False,incremental,034a9f2ddc1163af93aedef194b85dba0d917316921d81894ea9f955e988b8de
R110,solomon_txt,14cb53cb99af61d3d708f07564b9a72d146e7c26b4f10507cfaf3bc828f34bfa,0,1,ok,True,14,1562499,1562.499,0.108205,0.500457,1,time_limit,solomon_exact_1000_v1,,,,,,0.5,,100,2,25,5d3f56a8df0d9ba91e368d7f3a64e9028fef5c9e1a9bdeff889848baf2b8ab27,False,incremental,034a9f2ddc1163af93aedef194b85dba0d917316921d81894ea9f955e988b8de
R110,solomon_txt,14cb53cb99af61d3d708f07564b9a72d146e7c26b4f10507cfaf3bc828f34bfa,1,1,ok,True,13,1523523,1523.523,0.106467,0.500604,1,time_limit,solomon_exact_1000_v1,,,,,,0.5,,100,2,25,5d3f56a8df0d9ba91e368d7f3a64e9028fef5c9e1a9bdeff889848baf2b8ab27,False,incremental,034a9f2ddc1163af93aedef194b85dba0d917316921d81894ea9f955e988b8de
R110,solomon_txt,14cb53cb99af61d3d708f07564b9a72d146e7c26b4f10507cfaf3bc828f34bfa,2,1,ok,True,13,1564765,1564.765,0.096146,0.500553,1,time_limit,solomon_exact_1000_v1,,,,,,0.5,,100,2,25,5d3f56a8df0d9ba91e368d7f3a64e9028fef5c9e1a9bdeff889848baf2b8ab27,False,incremental,034a9f2ddc1163af93aedef194b85dba0d917316921d81894ea9f955e988b8de
R111,solomon_txt,3d94a73b1f2fe8aae4618b9d9ea254cff2e3924a6a841aa390096ec6c60f258d,0,1,ok,True,12,1406336,1406.336,0.105872,0.500576,1,time_limit,solomon_exact_1000_v1,,,,,,0.5,,100,2,25,5d3f56a8df0d9ba91e368d7f3a64e9028fef5c9e1a9bdeff889848baf2b8ab27,False,incremental,034a9f2ddc1163af93aedef194b85dba0d917316921d81894ea9f955e988b8de
R111,solomon_txt,3d94a73b1f2fe8aae4618b9d9ea254cff2e3924a6a841aa390096ec6c60f258d,1,1,ok,True,12,1466019,1466.019,0.121905,0.500597,1,time_limit,solomon_exact_1000_v1,,,,,,0.5,,100,2,25,5d3f56a8df0d9ba91e368d7f3a64e9028fef5c9e1a9bdeff889848baf2b8ab27,False,incremental,034a9f2ddc1163af93aedef194b85dba0d917316921d81894ea9f955e988b8de
R111,solomon_txt,3d94a73b1f2fe8aae4618b9d9ea254cff2e3924a6a841aa390096ec6c60f258d,2,1,ok,True,12,1307395,1307.395,0.128917,0.500475,1,time_limit,solomon_exact_1000_v1,,,,,,0.5,,100,2,25,5d3f56a8df0d9ba91e368d7f3a64e9028fef5c9e1a9bdeff889848baf2b8ab27,False,incremental,034a9f2ddc1163af93aedef194b85dba0d917316921d81894ea9f955e988b8de
R112,solomon_txt,a0e93149d59d30c356619891d192e86d0f16c3158e1dac3bd9f23c6deb718271,0,1,ok,True,13,1517327,1517.327,0.127817,0.500718,1,time_limit,solomon_exact_1000_v1,,,,,,0.5,,100,2,25,5d3f56a8df0d9ba91e368d7f3a64e9028fef5c9e1a9bdeff889848baf2b8ab27,False,incremental,034a9f2ddc1163af93aedef194b85dba0d917316921d81894ea9f955e988b8de
R112,solomon_txt,a0e93149d59d30c356619891d192e86d0f16c3158e1dac3bd9f23c6deb718271,1,1,ok,True,13,1430041,1430.041,0.108039,0.500784,1,time_limit,solomon_exact_1000_v1,,,,,,0.5,,100,2,25,5d3f56a8df0d9ba91e368d7f3a64e9028fef5c9e1a9bdeff889848baf2b8ab27,False,incremental,034a9f2ddc1163af93aedef194b85dba0d917316921d81894ea9f955e988b8de
R112,solomon_txt,a0e93149d59d30c356619891d192e86d0f16c3158e1dac3bd9f23c6deb718271,2,1,ok,True,13,1407572,1407.572,0.132389,0.500299,2,time_limit,solomon_exact_1000_v1,,,,,,0.5,,100,2,25,5d3f56a8df0d9ba91e368d7f3a64e9028fef5c9e1a9bdeff889848baf2b8ab27,False,incremental,034a9f2ddc1163af93aedef194b85dba0d917316921d81894ea9f955e988b8de
R201,solomon_txt,0be960ec998fff2cab0bdbcc5194c617e5ca0a79c82c5b32b1d4bd98b2cae210,0,1,ok,True,5,1726658,1726.658,0.222346,0.500443,1,time_limit,solomon_exact_1000_v1,,,,,,0.5,,100,2,25,5d3f56a8df0d9ba91e368d7f3a64e9028fef5c9e1a9bdeff889848baf2b8ab27,False,incremental,034a9f2ddc1163af93aedef194b85dba0d917316921d81894ea9f955e988b8de
R201,solomon_txt,0be960ec998fff2cab0bdbcc5194c617e5ca0a79c82c5b32b1d4bd98b2cae210,1,1,ok,True,5,1726658,1726.658,0.286989,0.500606,1,time_limit,solomon_exact_1000_v1,,,,,,0.5,,100,2,25,5d3f56a8df0d9ba91e368d7f3a64e9028fef5c9e1a9bdeff889848baf2b8ab27,False,incremental,034a9f2ddc1163af93aedef194b85dba0d917316921d81894ea9f955e988b8de
R201,solomon_txt,0be960ec998fff2cab0bdbcc5194c617e5ca0a79c82c5b32b1d4bd98b2cae210,2,1,ok,True,5,1726658,1726.658,0.257184,0.500317,1,time_limit,solomon_exact_1000_v1,,,,,,0.5,,100,2,25,5d3f56a8df0d9ba91e368d7f3a64e9028fef5c9e1a9bdeff889848baf2b8ab27,False,incremental,034a9f2ddc1163af93aedef194b85dba0d917316921d81894ea9f955e988b8de
R202,solomon_txt,1f7761bb33e9dd0c94837b32c72280296ffc283dba997379c7ad75ce00dffc8d,0,1,ok,True,4,1622244,1622.244,0.300429,0.500492,1,time_limit,solomon_exact_1000_v1,,,,,,0.5,,100,2,25,5d3f56a8df0d9ba91e368d7f3a64e9028fef5c9e1a9bdeff889848baf2b8ab27,False,incremental,034a9f2ddc1163af93aedef194b85dba0d917316921d81894ea9f955e988b8de
R202,solomon_txt,1f7761bb33e9dd0c94837b32c72280296ffc283dba997379c7ad75ce00dffc8d,1,1,ok,True,4,1622244,1622.244,0.331627,0.500477,1,time_limit,solomon_exact_1000_v1,,,,,,0.5,,100,2,25,5d3f56a8df0d9ba91e368d7f3a64e9028fef5c9e1a9bdeff889848baf2b8ab27,False,incremental,034a9f2ddc1163af93aedef194b85dba0d917316921d81894ea9f955e988b8de
R202,solomon_txt,1f7761bb33e9dd0c94837b32c72280296ffc283dba997379c7ad75ce00dffc8d,2,1,ok,True,4,1622244,1622.244,0.318087,0.500484,1,time_limit,solomon_exact_1000_v1,,,,,,0.5,,100,2,25,5d3f56a8df0d9ba91e368d7f3a64e9028fef5c9e1a9bdeff889848baf2b8ab27,False,incremental,034a9f2ddc1163af93aedef194b85dba0d917316921d81894ea9f955e988b8de
R203,solomon_txt,38c484db31bd7452a94d533e26a2348ef598df600b79d061d9ddc1c61466a731,0,1,ok,True,3,1300221,1300.221,0.246999,0.500289,1,time_limit,solomon_exact_1000_v1,,,,,,0.5,,100,2,25,5d3f56a8df0d9ba91e368d7f3a64e9028fef5c9e1a9bdeff889848baf2b8ab27,False,incremental,034a9f2ddc1163af93aedef194b85dba0d917316921d81894ea9f955e988b8de
R203,solomon_txt,38c484db31bd7452a94d533e26a2348ef598df600b79d061d9ddc1c61466a731,1,1,ok,True,3,1300221,1300.221,0.233299,0.500278,1,time_limit,solomon_exact_1000_v1,,,,,,0.5,,100,2,25,5d3f56a8df0d9ba91e368d7f3a64e9028fef5c9e1a9bdeff889848baf2b8ab27,False,incremental,034a9f2ddc1163af93aedef194b85dba0d917316921d81894ea9f955e988b8de
R203,solomon_txt,38c484db31bd7452a94d533e26a2348ef598df600b79d061d9ddc1c61466a731,2,1,ok,True,3,1300221,1300.221,0.240749,0.500313,1,time_limit,solomon_exact_1000_v1,,,,,,0.5,,100,2,25,5d3f56a8df0d9ba91e368d7f3a64e9028fef5c9e1a9bdeff889848baf2b8ab27,False,incremental,034a9f2ddc1163af93aedef194b85dba0d917316921d81894ea9f955e988b8de
R204,solomon_txt,5349e37d8df99bcbee1efa2e970d2662b5265e5f82fc609343a6af0a60257abf,0,1,ok,True,3,1331038,1331.038,0.288495,0.500319,1,time_limit,solomon_exact_1000_v1,,,,,,0.5,,100,2,25,5d3f56a8df0d9ba91e368d7f3a64e9028fef5c9e1a9bdeff889848baf2b8ab27,False,incremental,034a9f2ddc1163af93aedef194b85dba0d917316921d81894ea9f955e988b8de
R204,solomon_txt,5349e37d8df99bcbee1efa2e970d2662b5265e5f82fc609343a6af0a60257abf,1,1,ok,True,3,1331038,1331.038,0.295206,0.500332,1,time_limit,solomon_exact_1000_v1,,,,,,0.5,,100,2,25,5d3f56a8df0d9ba91e368d7f3a64e9028fef5c9e1a9bdeff889848baf2b8ab27,False,incremental,034a9f2ddc1163af93aedef194b85dba0d917316921d81894ea9f955e988b8de
R204,solomon_txt,5349e37d8df99bcbee1efa2e970d2662b5265e5f82fc609343a6af0a60257abf,2,1,ok,True,3,1331038,1331.038,0.294171,0.500277,1,time_limit,solomon_exact_1000_v1,,,,,,0.5,,100,2,25,5d3f56a8df0d9ba91e368d7f3a64e9028fef5c9e1a9bdeff889848baf2b8ab27,False,incremental,034a9f2ddc1163af93aedef194b85dba0d917316921d81894ea9f955e988b8de
R205,solomon_txt,1996bf8f10716fb8cfc1a585206a6a6e566f32347c1bb8f36c75ed6c887f77e3,0,1,ok,True,4,1700248,1700.248,0.225214,0.500282,1,time_limit,solomon_exact_1000_v1,,,,,,0.5,,100,2,25,5d3f56a8df0d9ba91e368d7f3a64e9028fef5c9e1a9bdeff889848baf2b8ab27,False,incremental,034a9f2ddc1163af93aedef194b85dba0d917316921d81894ea9f955e988b8de
R205,solomon_txt,1996bf8f10716fb8cfc1a585206a6a6e566f32347c1bb8f36c75ed6c887f77e3,1,1,ok,True,4,1700248,1700.248,0.245211,0.50032,1,time_limit,solomon_exact_1000_v1,,,,,,0.5,,100,2,25,5d3f56a8df0d9ba91e368d7f3a64e9028fef5c9e1a9bdeff889848baf2b8ab27,False,incremental,034a9f2ddc1163af93aedef194b85dba0d917316921d81894ea9f955e988b8de
R205,solomon_txt,1996bf8f10716fb8cfc1a585206a6a6e566f32347c1bb8f36c75ed6c887f77e3,2,1,ok,True,4,1700248,1700.248,0.241444,0.500336,1,time_limit,solomon_exact_1000_v1,,,,,,0.5,,100,2,25,5d3f56a8df0d9ba91e368d7f3a64e9028fef5c9e1a9bdeff889848baf2b8ab27,False,incremental,034a9f2ddc1163af93aedef194b85dba0d917316921d81894ea9f955e988b8de
R206,solomon_txt,c8754a0319264d076c038b1bf023c8c4710e8895fe3e03f485e9ae249f32fe43,0,1,ok,True,3,1533607,1533.607,0.253097,0.500299,1,time_limit,solomon_exact_1000_v1,,,,,,0.5,,100,2,25,5d3f56a8df0d9ba91e368d7f3a64e9028fef5c9e1a9bdeff889848baf2b8ab27,False,incremental,034a9f2ddc1163af93aedef194b85dba0d917316921d81894ea9f955e988b8de
R206,solomon_txt,c8754a0319264d076c038b1bf023c8c4710e8895fe3e03f485e9ae249f32fe43,1,1,ok,True,3,1533607,1533.607,0.24491,0.50035,1,time_limit,solomon_exact_1000_v1,,,,,,0.5,,100,2,25,5d3f56a8df0d9ba91e368d7f3a64e9028fef5c9e1a9bdeff889848baf2b8ab27,False,incremental,034a9f2ddc1163af93aedef194b85dba0d917316921d81894ea9f955e988b8de
R206,solomon_txt,c8754a0319264d076c038b1bf023c8c4710e8895fe3e03f485e9ae249f32fe43,2,1,ok,True,3,1533607,1533.607,0.246328,0.50033,1,time_limit,solomon_exact_1000_v1,,,,,,0.5,,100,2,25,5d3f56a8df0d9ba91e368d7f3a64e9028fef5c9e1a9bdeff889848baf2b8ab27,False,incremental,034a9f2ddc1163af93aedef194b85dba0d917316921d81894ea9f955e988b8de
R207,solomon_txt,52dc8eebba43fdc67ca9aadab228b75a297acb55a87db3e4748e82f623e3cbe6,0,1,ok,True,4,1302528,1302.528,0.303322,0.500311,1,time_limit,solomon_exact_1000_v1,,,,,,0.5,,100,2,25,5d3f56a8df0d9ba91e368d7f3a64e9028fef5c9e1a9bdeff889848baf2b8ab27,False,incremental,034a9f2ddc1163af93aedef194b85dba0d917316921d81894ea9f955e988b8de
R207,solomon_txt,52dc8eebba43fdc67ca9aadab228b75a297acb55a87db3e4748e82f623e3cbe6,1,1,ok,True,4,1302528,1302.528,0.284453,0.500271,1,time_limit,solomon_exact_1000_v1,,,,,,0.5,,100,2,25,5d3f56a8df0d9ba91e368d7f3a64e9028fef5c9e1a9bdeff889848baf2b8ab27,False,incremental,034a9f2ddc1163af93aedef194b85dba0d917316921d81894ea9f955e988b8de
R207,solomon_txt,52dc8eebba43fdc67ca9aadab228b75a297acb55a87db3e4748e82f623e3cbe6,2,1,ok,True,4,1302528,1302.528,0.292224,0.500283,1,time_limit,solomon_exact_1000_v1,,,,,,0.5,,100,2,25,5d3f56a8df0d9ba91e368d7f3a64e9028fef5c9e1a9bdeff889848baf2b8ab27,False,incremental,034a9f2ddc1163af93aedef194b85dba0d917316921d81894ea9f955e988b8de
R208,solomon_txt,7b4a95d500af9329dd08791d39898a619faec0f8fac039d57373e761545b980d,0,1,ok,True,3,957965,957.965,0.315455,0.50037,1,time_limit,solomon_exact_1000_v1,,,,,,0.5,,100,2,25,5d3f56a8df0d9ba91e368d7f3a64e9028fef5c9e1a9bdeff889848baf2b8ab27,False,incremental,034a9f2ddc1163af93aedef194b85dba0d917316921d81894ea9f955e988b8de
R208,solomon_txt,7b4a95d500af9329dd08791d39898a619faec0f8fac039d57373e761545b980d,1,1,ok,True,3,957965,957.965,0.315384,0.500271,1,time_limit,solomon_exact_1000_v1,,,,,,0.5,,100,2,25,5d3f56a8df0d9ba91e368d7f3a64e9028fef5c9e1a9bdeff889848baf2b8ab27,False,incremental,034a9f2ddc1163af93aedef194b85dba0d917316921d81894ea9f955e988b8de
R208,solomon_txt,7b4a95d500af9329dd08791d39898a619faec0f8fac039d57373e761545b980d,2,1,ok,True,3,957965,957.965,0.318743,0.500349,1,time_limit,solomon_exact_1000_v1,,,,,,0.5,,100,2,25,5d3f56a8df0d9ba91e368d7f3a64e9028fef5c9e1a9bdeff889848baf2b8ab27,False,incremental,034a9f2ddc1163af93aedef194b85dba0d917316921d81894ea9f955e988b8de
R209,solomon_txt,5b74156d032babcff853ccc693f94463eca8333cd425aa99a39ed996f6258933,0,1,ok,True,4,1712415,1712.415,0.225924,0.500265,1,time_limit,solomon_exact_1000_v1,,,,,,0.5,,100,2,25,5d3f56a8df0d9ba91e368d7f3a64e9028fef5c9e1a9bdeff889848baf2b8ab27,False,incremental,034a9f2ddc1163af93aedef194b85dba0d917316921d81894ea9f955e988b8de
R209,solomon_txt,5b74156d032babcff853ccc693f94463eca8333cd425aa99a39ed996f6258933,1,1,ok,True,3,1303297,1303.297,0.227082,0.500345,1,time_limit,solomon_exact_1000_v1,,,,,,0.5,,100,2,25,5d3f56a8df0d9ba91e368d7f3a64e9028fef5c9e1a9bdeff889848baf2b8ab27,False,incremental,034a9f2ddc1163af93aedef194b85dba0d917316921d81894ea9f955e988b8de
R209,solomon_txt,5b74156d032babcff853ccc693f94463eca8333cd425aa99a39ed996f6258933,2,1,ok,True,4,1712415,1712.415,0.223077,0.500282,1,time_limit,solomon_exact_1000_v1,,,,,,0.5,,100,2,25,5d3f56a8df0d9ba91e368d7f3a64e9028fef5c9e1a9bdeff889848baf2b8ab27,False,incremental,034a9f2ddc1163af93aedef194b85dba0d917316921d81894ea9f955e988b8de
R210,solomon_txt,4e5772f109fb6183e6a648d6a1edaba3435438c2dc11c42da370fecf7bdf3a14,0,1,ok,True,3,1443660,1443.66,0.252592,0.500546,1,time_limit,solomon_exact_1000_v1,,,,,,0.5,,100,2,25,5d3f56a8df0d9ba91e368d7f3a64e9028fef5c9e1a9bdeff889848baf2b8ab27,False,incremental,034a9f2ddc1163af93aedef194b85dba0d917316921d81894ea9f955e988b8de
R210,solomon_txt,4e5772f109fb6183e6a648d6a1edaba3435438c2dc11c42da370fecf7bdf3a14,1,1,ok,True,3,1443660,1443.66,0.242696,0.500303,1,time_limit,solomon_exact_1000_v1,,,,,,0.5,,100,2,25,5d3f56a8df0d9ba91e368d7f3a64e9028fef5c9e1a9bdeff889848baf2b8ab27,False,incremental,034a9f2ddc1163af93aedef194b85dba0d917316921d81894ea9f955e988b8de
R210,solomon_txt,4e5772f109fb6183e6a648d6a1edaba3435438c2dc11c42da370fecf7bdf3a14,2,1,ok,True,3,1443660,1443.66,0.256697,0.500297,1,time_limit,solomon_exact_1000_v1,,,,,,0.5,,100,2,25,5d3f56a8df0d9ba91e368d7f3a64e9028fef5c9e1a9bdeff889848baf2b8ab27,False,incremental,034a9f2ddc1163af93aedef194b85dba0d917316921d81894ea9f955e988b8de
R211,solomon_txt,2965507e467a2f92acd59035975910e36ae11e4f49590d4c7d20a883939227ad,0,1,ok,True,3,1516434,1516.434,0.194161,0.500254,1,time_limit,solomon_exact_1000_v1,,,,,,0.5,,100,2,25,5d3f56a8df0d9ba91e368d7f3a64e9028fef5c9e1a9bdeff889848baf2b8ab27,False,incremental,034a9f2ddc1163af93aedef194b85dba0d917316921d81894ea9f955e988b8de
R211,solomon_txt,2965507e467a2f92acd59035975910e36ae11e4f49590d4c7d20a883939227ad,1,1,ok,True,3,1516434,1516.434,0.188073,0.50025,1,time_limit,solomon_exact_1000_v1,,,,,,0.5,,100,2,25,5d3f56a8df0d9ba91e368d7f3a64e9028fef5c9e1a9bdeff889848baf2b8ab27,False,incremental,034a9f2ddc1163af93aedef194b85dba0d917316921d81894ea9f955e988b8de
R211,solomon_txt,2965507e467a2f92acd59035975910e36ae11e4f49590d4c7d20a883939227ad,2,1,ok,True,3,1516434,1516.434,0.27567,0.500273,1,time_limit,solomon_exact_1000_v1,,,,,,0.5,,100,2,25,5d3f56a8df0d9ba91e368d7f3a64e9028fef5c9e1a9bdeff889848baf2b8ab27,False,incremental,034a9f2ddc1163af93aedef194b85dba0d917316921d81894ea9f955e988b8de
RC101,solomon_txt,ef6893ffd9746ad96de8e4da6e64e2c4ba6e08a1c7eb9457276a9f1caf01ca12,0,1,ok,True,18,2104023,2104.023,0.105475,0.500567,1,time_limit,solomon_exact_1000_v1,,,,,,0.5,,100,2,25,5d3f56a8df0d9ba91e368d7f3a64e9028fef5c9e1a9bdeff889848baf2b8ab27,False,incremental,034a9f2ddc1163af93aedef194b85dba0d917316921d81894ea9f955e988b8de
RC101,solomon_txt,ef6893ffd9746ad96de8e4da6e64e2c4ba6e08a1c7eb9457276a9f1caf01ca12,1,1,ok,True,18,2074763,2074.763,0.080747,0.500582,1,time_limit,solomon_exact_1000_v1,,,,,,0.5,,100,2,25,5d3f56a8df0d9ba91e368d7f3a64e9028fef5c9e1a9bdeff889848baf2b8ab27,False,incremental,034a9f2ddc1163af93aedef194b85dba0d917316921d81894ea9f955e988b8de
RC101,solomon_txt,ef6893ffd9746ad96de8e4da6e64e2c4ba6e08a1c7eb9457276a9f1caf01ca12,2,1,ok,True,18,1981782,1981.782,0.082083,0.500663,1,time_limit,solomon_exact_1000_v1,,,,,,0.5,,100,2,25,5d3f56a8df0d9ba91e368d7f3a64e9028fef5c9e1a9bdeff889848baf2b8ab27,False,incremental,034a9f2ddc1163af93aedef194b85dba0d917316921d81894ea9f955e988b8de
RC102,solomon_txt,36acd349d34a577c7fadd61f78517c2cb74bd06a490273800c288f341e5785a4,0,1,ok,True,16,1962816,1962.816,0.085281,0.500574,1,time_limit,solomon_exact_1000_v1,,,,,,0.5,,100,2,25,5d3f56a8df0d9ba91e368d7f3a64e9028fef5c9e1a9bdeff889848baf2b8ab27,False,incremental,034a9f2ddc1163af93aedef194b85dba0d917316921d81894ea9f955e988b8de
RC102,solomon_txt,36acd349d34a577c7fadd61f78517c2cb74bd06a490273800c288f341e5785a4,1,1,ok,True,15,1834933,1834.933,0.085518,0.500582,1,time_limit,solomon_exact_1000_v1,,,,,,0.5,,100,2,25,5d3f56a8df0d9ba91e368d7f3a64e9028fef5c9e1a9bdeff889848baf2b8ab27,False,incremental,034a9f2ddc1163af93aedef194b85dba0d917316921d81894ea9f955e988b8de
RC102,solomon_txt,36acd349d34a577c7fadd61f78517c2cb74bd06a490273800c288f341e5785a4,2,1,ok,True,16,1812496,1812.496,0.086756,0.501054,1,time_limit,solomon_exact_1000_v1,,,,,,0.5,,100,2,25,5d3f56a8df0d9ba91e368d7f3a64e9028fef5c9e1a9bdeff889848baf2b8ab27,False,incremental,034a9f2ddc1163af93aedef194b85dba0d917316921d81894ea9f955e988b8de
RC103,solomon_txt,00f384138274d5d2bff5c41601db17cc4ad0cfc6315c27e223d4477bf435cc2d,0,1,ok,True,13,1952068,1952.068,0.095628,0.50056,1,time_limit,solomon_exact_1000_v1,,,,,,0.5,,100,2,25,5d3f56a8df0d9ba91e368d7f3a64e9028fef5c9e1a9bdeff889848baf2b8ab27,False,incremental,034a9f2ddc1163af93aedef194b85dba0d917316921d81894ea9f955e988b8de
RC103,solomon_txt,00f384138274d5d2bff5c41601db17cc4ad0cfc6315c27e223d4477bf435cc2d,1,1,ok,True,12,1703532,1703.532,0.097896,0.500595,1,time_limit,solomon_exact_1000_v1,,,,,,0.5,,100,2,25,5d3f56a8df0d9ba91e368d7f3a64e9028fef5c9e1a9bdeff889848baf2b8ab27,False,incremental,034a9f2ddc1163af93aedef194b85dba0d917316921d81894ea9f955e988b8de
RC103,solomon_txt,00f384138274d5d2bff5c41601db17cc4ad0cfc6315c27e223d4477bf435cc2d,2,1,ok,True,13,1952068,1952.068,0.109545,0.500613,1,time_limit,solomon_exact_1000_v1,,,,,,0.5,,100,2,25,5d3f56a8df0d9ba91e368d7f3a64e9028fef5c9e1a9bdeff889848baf2b8ab27,False,incremental,034a9f2ddc1163af93aedef194b85dba0d917316921d81894ea9f955e988b8de
RC104,solomon_txt,d150b2d61049a488fb89a2320c197d81a7ef9a1864abbbaea1d13a2b451253ee,0,1,ok,True,12,1623508,1623.508,0.098324,0.500555,1,time_limit,solomon_exact_1000_v1,,,,,,0.5,,100,2,25,5d3f56a8df0d9ba91e368d7f3a64e9028fef5c9e1a9bdeff889848baf2b8ab27,False,incremental,034a9f2ddc1163af93aedef194b85dba0d917316921d81894ea9f955e988b8de
RC104,solomon_txt,d150b2d61049a488fb89a2320c197d81a7ef9a1864abbbaea1d13a2b451253ee,1,1,ok,True,12,1625969,1625.969,0.098919,0.50029,2,time_limit,solomon_exact_1000_v1,,,,,,0.5,,100,2,25,5d3f56a8df0d9ba91e368d7f3a64e9028fef5c9e1a9bdeff889848baf2b8ab27,False,incremental,034a9f2ddc1163af93aedef194b85dba0d917316921d81894ea9f955e988b8de
RC104,solomon_txt,d150b2d61049a488fb89a2320c197d81a7ef9a1864abbbaea1d13a2b451253ee,2,1,ok,True,12,1322007,1322.007,0.097779,0.500563,1,time_limit,solomon_exact_1000_v1,,,,,,0.5,,100,2,25,5d3f56a8df0d9ba91e368d7f3a64e9028fef5c9e1a9bdeff889848baf2b8ab27,False,incremental,034a9f2ddc1163af93aedef194b85dba0d917316921d81894ea9f955e988b8de
RC105,solomon_txt,b9e912625c1ed80d2f565e0799ade2f4b17bf4f95056322ca23f1a21b37e7a49,0,1,ok,True,17,2109215,2109.215,0.086085,0.500286,2,time_limit,solomon_exact_1000_v1,,,,,,0.5,,100,2,25,5d3f56a8df0d9ba91e368d7f3a64e9028fef5c9e1a9bdeff889848baf2b8ab27,False,incremental,034a9f2ddc1163af93aedef194b85dba0d917316921d81894ea9f955e988b8de
RC105,solomon_txt,b9e912625c1ed80d2f565e0799ade2f4b17bf4f95056322ca23f1a21b37e7a49,1,1,ok,True,16,2115609,2115.609,0.085732,0.50059,1,time_limit,solomon_exact_1000_v1,,,,,,0.5,,100,2,25,5d3f56a8df0d9ba91e368d7f3a64e9028fef5c9e1a9bdeff889848baf2b8ab27,False,incremental,034a9f2ddc1163af93aedef194b85dba0d917316921d81894ea9f955e988b8de
RC105,solomon_txt,b9e912625c1ed80d2f565e0799ade2f4b17bf4f95056322ca23f1a21b37e7a49,2,1,ok,True,16,1888042,1888.042,0.085642,0.500293,2,time_limit,solomon_exact_1000_v1,,,,,,0.5,,100,2,25,5d3f56a8df0d9ba91e368d7f3a64e9028fef5c9e1a9bdeff889848baf2b8ab27,False,incremental,034a9f2ddc1163af93aedef194b85dba0d917316921d81894ea9f955e988b8de
RC106,solomon_txt,bf016ffc567af2d108570357daf1d0cabb7f680c0bd977d2e4366787683fdbaf,0,1,ok,True,15,2117387,2117.387,0.084707,0.500896,1,time_limit,solomon_exact_1000_v1,,,,,,0.5,,100,2,25,5d3f56a8df0d9ba91e368d7f3a64e9028fef5c9e1a9bdeff889848baf2b8ab27,False,incremental,034a9f2ddc1163af93aedef194b85dba0d917316921d81894ea9f955e988b8de
RC106,solomon_txt,bf016ffc567af2d108570357daf1d0cabb7f680c0bd977d2e4366787683fdbaf,1,1,ok,True,16,1800357,1800.357,0.086031,0.50076,1,time_limit,solomon_exact_1000_v1,,,,,,0.5,,100,2,25,5d3f56a8df0d9ba91e368d7f3a64e9028fef5c9e1a9bdeff889848baf2b8ab27,False,incremental,034a9f2ddc1163af93aedef194b85dba0d917316921d81894ea9f955e988b8de
RC106,solomon_txt,bf016ffc567af2d108570357daf1d0cabb7f680c0bd977d2e4366787683fdbaf,2,1,ok,True,15,1991250,1991.25,0.084586,0.500402,1,time_limit,solomon_exact_1000_v1,,,,,,0.5,,100,2,25,5d3f56a8df0d9ba91e368d7f3a64e9028fef5c9e1a9bdeff889848baf2b8ab27,False,incremental,034a9f2ddc1163af93aedef194b85dba0d917316921d81894ea9f955e988b8de
RC107,solomon_txt,fff3fd68d110671ed442575f07cc547291586f30b00c5f73934d521d31311582,0,1,ok,True,14,1708249,1708.249,0.096365,0.500558,1,time_limit,solomon_exact_1000_v1,,,,,,0.5,,100,2,25,5d3f56a8df0d9ba91e368d7f3a64e9028fef5c9e1a9bdeff889848baf2b8ab27,False,incremental,034a9f2ddc1163af93aedef194b85dba0d917316921d81894ea9f955e988b8de
RC107,solomon_txt,fff3fd68d110671ed442575f07cc547291586f30b00c5f73934d521d31311582,1,1,ok,True,14,1796393,1796.393,0.090445,0.500403,2,time_limit,solomon_exact_1000_v1,,,,,,0.5,,100,2,25,5d3f56a8df0d9ba91e368d7f3a64e9028fef5c9e1a9bdeff889848baf2b8ab27,False,incremental,034a9f2ddc1163af93aedef194b85dba0d917316921d81894ea9f955e988b8de
RC107,solomon_txt,fff3fd68d110671ed442575f07cc547291586f30b00c5f73934d521d31311582,2,1,ok,True,15,2032145,2032.145,0.089536,0.500418,2,time_limit,solomon_exact_1000_v1,,,,,,0.5,,100,2,25,5d3f56a8df0d9ba91e368d7f3a64e9028fef5c9e1a9bdeff889848baf2b8ab27,False,incremental,034a9f2ddc1163af93aedef194b85dba0d917316921d81894ea9f955e988b8de
RC108,solomon_txt,006bc8817bf09f9a8c66af8d6f088bdec239b2eb435556e9d11193cf456f7aeb,0,1,ok,True,14,1950039,1950.039,0.090727,0.500672,1,time_limit,solomon_exact_1000_v1,,,,,,0.5,,100,2,25,5d3f56a8df0d9ba91e368d7f3a64e9028fef5c9e1a9bdeff889848baf2b8ab27,False,incremental,034a9f2ddc1163af93aedef194b85dba0d917316921d81894ea9f955e988b8de
RC108,solomon_txt,006bc8817bf09f9a8c66af8d6f088bdec239b2eb435556e9d11193cf456f7aeb,1,1,ok,True,14,1697467,1697.467,0.093977,0.500297,2,time_limit,solomon_exact_1000_v1,,,,,,0.5,,100,2,25,5d3f56a8df0d9ba91e368d7f3a64e9028fef5c9e1a9bdeff889848baf2b8ab27,False,incremental,034a9f2ddc1163af93aedef194b85dba0d917316921d81894ea9f955e988b8de
RC108,solomon_txt,006bc8817bf09f9a8c66af8d6f088bdec239b2eb435556e9d11193cf456f7aeb,2,1,ok,True,14,1714193,1714.193,0.091149,0.500662,1,time_limit,solomon_exact_1000_v1,,,,,,0.5,,100,2,25,5d3f56a8df0d9ba91e368d7f3a64e9028fef5c9e1a9bdeff889848baf2b8ab27,False,incremental,034a9f2ddc1163af93aedef194b85dba0d917316921d81894ea9f955e988b8de
RC201,solomon_txt,288836e2d8c2ace83ebbff77e03ac8cdffc574fc134cade21ef92713f8c52d44,0,1,ok,True,5,2429811,2429.811,0.183831,0.500551,1,time_limit,solomon_exact_1000_v1,,,,,,0.5,,100,2,25,5d3f56a8df0d9ba91e368d7f3a64e9028fef5c9e1a9bdeff889848baf2b8ab27,False,incremental,034a9f2ddc1163af93aedef194b85dba0d917316921d81894ea9f955e988b8de
RC201,solomon_txt,288836e2d8c2ace83ebbff77e03ac8cdffc574fc134cade21ef92713f8c52d44,1,1,ok,True,5,2429811,2429.811,0.195405,0.500339,1,time_limit,solomon_exact_1000_v1,,,,,,0.5,,100,2,25,5d3f56a8df0d9ba91e368d7f3a64e9028fef5c9e1a9bdeff889848baf2b8ab27,False,incremental,034a9f2ddc1163af93aedef194b85dba0d917316921d81894ea9f955e988b8de
RC201,solomon_txt,288836e2d8c2ace83ebbff77e03ac8cdffc574fc134cade21ef92713f8c52d44,2,1,ok,True,5,2429811,2429.811,0.263618,0.500304,1,time_limit,solomon_exact_1000_v1,,,,,,0.5,,100,2,25,5d3f56a8df0d9ba91e368d7f3a64e9028fef5c9e1a9bdeff889848baf2b8ab27,False,incremental,034a9f2ddc1163af93aedef194b85dba0d917316921d81894ea9f955e988b8de
RC202,solomon_txt,5a1dee2017ab0ca4fe280b392678c96e8b5bc71f22d02c8058fbde7c4cfebcf4,0,1,ok,True,4,1920411,1920.411,0.223973,0.500308,1,time_limit,solomon_exact_1000_v1,,,,,,0.5,,100,2,25,5d3f56a8df0d9ba91e368d7f3a64e9028fef5c9e1a9bdeff889848baf2b8ab27,False,incremental,034a9f2ddc1163af93aedef194b85dba0d917316921d81894ea9f955e988b8de
RC202,solomon_txt,5a1dee2017ab0ca4fe280b392678c96e8b5bc71f22d02c8058fbde7c4cfebcf4,1,1,ok,True,4,1818035,1818.035,0.185486,0.500314,1,time_limit,solomon_exact_1000_v1,,,,,,0.5,,100,2,25,5d3f56a8df0d9ba91e368d7f3a64e9028fef5c9e1a9bdeff889848baf2b8ab27,False,incremental,034a9f2ddc1163af93aedef194b85dba0d917316921d81894ea9f955e988b8de
RC202,solomon_txt,5a1dee2017ab0ca4fe280b392678c96e8b5bc71f22d02c8058fbde7c4cfebcf4,2,1,ok,True,4,1619243,1619.243,0.218633,0.500287,1,time_limit,solomon_exact_1000_v1,,,,,,0.5,,100,2,25,5d3f56a8df0d9ba91e368d7f3a64e9028fef5c9e1a9bdeff889848baf2b8ab27,False,incremental,034a9f2ddc1163af93aedef194b85dba0d917316921d81894ea9f955e988b8de
RC203,solomon_txt,4adcb362c23df91f14b828d4964e9383ffb02ee74217afc2d84571f83ed91f8b,0,1,ok,True,4,1158154,1158.154,0.176381,0.500307,1,time_limit,solomon_exact_1000_v1,,,,,,0.5,,100,2,25,5d3f56a8df0d9ba91e368d7f3a64e9028fef5c9e1a9bdeff889848baf2b8ab27,False,incremental,034a9f2ddc1163af93aedef194b85dba0d917316921d81894ea9f955e988b8de
RC203,solomon_txt,4adcb362c23df91f14b828d4964e9383ffb02ee74217afc2d84571f83ed91f8b,1,1,ok,True,4,1303205,1303.205,0.181925,0.500308,1,time_limit,solomon_exact_1000_v1,,,,,,0.5,,100,2,25,5d3f56a8df0d9ba91e368d7f3a64e9028fef5c9e1a9bdeff889848baf2b8ab27,False,incremental,034a9f2ddc1163af93aedef194b85dba0d917316921d81894ea9f955e988b8de
RC203,solomon_txt,4adcb362c23df91f14b828d4964e9383ffb02ee74217afc2d84571f83ed91f8b,2,1,ok,True,4,1061047,1061.047,0.179559,0.500534,1,time_limit,solomon_exact_1000_v1,,,,,,0.5,,100,2,25,5d3f56a8df0d9ba91e368d7f3a64e9028fef5c9e1a9bdeff889848baf2b8ab27,False,incremental,034a9f2ddc1163af93aedef194b85dba0d917316921d81894ea9f955e988b8de
RC204,solomon_txt,11e827eab51a959ebab66344e7b7cfd1aeed895287653b36a72c86a4440ecd77,0,1,ok,True,3,1500593,1500.593,0.288107,0.500312,1,time_limit,solomon_exact_1000_v1,,,,,,0.5,,100,2,25,5d3f56a8df0d9ba91e368d7f3a64e9028fef5c9e1a9bdeff889848baf2b8ab27,False,incremental,034a9f2ddc1163af93aedef194b85dba0d917316921d81894ea9f955e988b8de
RC204,solomon_txt,11e827eab51a959ebab66344e7b7cfd1aeed895287653b36a72c86a4440ecd77,1,1,ok,True,3,1500593,1500.593,0.269779,0.500354,1,time_limit,solomon_exact_1000_v1,,,,,,0.5,,100,2,25,5d3f56a8df0d9ba91e368d7f3a64e9028fef5c9e1a9bdeff889848baf2b8ab27,False,incremental,034a9f2ddc1163af93aedef194b85dba0d917316921d81894ea9f955e988b8de
RC204,solomon_txt,11e827eab51a959ebab66344e7b7cfd1aeed895287653b36a72c86a4440ecd77,2,1,ok,True,3,1500593,1500.593,0.27538,0.500287,1,time_limit,solomon_exact_1000_v1,,,,,,0.5,,100,2,25,5d3f56a8df0d9ba91e368d7f3a64e9028fef5c9e1a9bdeff889848baf2b8ab27,False,incremental,034a9f2ddc1163af93aedef194b85dba0d917316921d81894ea9f955e988b8de
RC205,solomon_txt,c061d306cf42310b0f3ca15612089f6c5a8d5604c0733bf26852477c787662c9,0,1,ok,True,4,1959415,1959.415,0.215611,0.500313,1,time_limit,solomon_exact_1000_v1,,,,,,0.5,,100,2,25,5d3f56a8df0d9ba91e368d7f3a64e9028fef5c9e1a9bdeff889848baf2b8ab27,False,incremental,034a9f2ddc1163af93aedef194b85dba0d917316921d81894ea9f955e988b8de
RC205,solomon_txt,c061d306cf42310b0f3ca15612089f6c5a8d5604c0733bf26852477c787662c9,1,1,ok,True,5,2063021,2063.021,0.203322,0.500318,1,time_limit,solomon_exact_1000_v1,,,,,,0.5,,100,2,25,5d3f56a8df0d9ba91e368d7f3a64e9028fef5c9e1a9bdeff889848baf2b8ab27,False,incremental,034a9f2ddc1163af93aedef194b85dba0d917316921d81894ea9f955e988b8de
RC205,solomon_txt,c061d306cf42310b0f3ca15612089f6c5a8d5604c0733bf26852477c787662c9,2,1,ok,True,4,1695820,1695.82,0.193362,0.500336,1,time_limit,solomon_exact_1000_v1,,,,,,0.5,,100,2,25,5d3f56a8df0d9ba91e368d7f3a64e9028fef5c9e1a9bdeff889848baf2b8ab27,False,incremental,034a9f2ddc1163af93aedef194b85dba0d917316921d81894ea9f955e988b8de
RC206,solomon_txt,5203aecf67c84df49e152645312a837ffefde529314ff892ca061538816e43a9,0,1,ok,True,4,2080287,2080.287,0.202346,0.500308,1,time_limit,solomon_exact_1000_v1,,,,,,0.5,,100,2,25,5d3f56a8df0d9ba91e368d7f3a64e9028fef5c9e1a9bdeff889848baf2b8ab27,False,incremental,034a9f2ddc1163af93aedef194b85dba0d917316921d81894ea9f955e988b8de
RC206,solomon_txt,5203aecf67c84df49e152645312a837ffefde529314ff892ca061538816e43a9,1,1,ok,True,4,1771858,1771.858,0.194373,0.500382,1,time_limit,solomon_exact_1000_v1,,,,,,0.5,,100,2,25,5d3f56a8df0d9ba91e368d7f3a64e9028fef5c9e1a9bdeff889848baf2b8ab27,False,incremental,034a9f2ddc1163af93aedef194b85dba0d917316921d81894ea9f955e988b8de
RC206,solomon_txt,5203aecf67c84df49e152645312a837ffefde529314ff892ca061538816e43a9,2,1,ok,True,4,1732495,1732.495,0.204106,0.500277,1,time_limit,solomon_exact_1000_v1,,,,,,0.5,,100,2,25,5d3f56a8df0d9ba91e368d7f3a64e9028fef5c9e1a9bdeff889848baf2b8ab27,False,incremental,034a9f2ddc1163af93aedef194b85dba0d917316921d81894ea9f955e988b8de
RC207,solomon_txt,5cab65f99b350cdb8fb1c4d0a12dde85eb4ff6a6d6daf292b182cb73de9a8b63,0,1,ok,True,4,1907431,1907.431,0.216248,0.50037,1,time_limit,solomon_exact_1000_v1,,,,,,0.5,,100,2,25,5d3f56a8df0d9ba91e368d7f3a64e9028fef5c9e1a9bdeff889848baf2b8ab27,False,incremental,034a9f2ddc1163af93aedef194b85dba0d917316921d81894ea9f955e988b8de
RC207,solomon_txt,5cab65f99b350cdb8fb1c4d0a12dde85eb4ff6a6d6daf292b182cb73de9a8b63,1,1,ok,True,4,1907431,1907.431,0.290174,0.500305,1,time_limit,solomon_exact_1000_v1,,,,,,0.5,,100,2,25,5d3f56a8df0d9ba91e368d7f3a64e9028fef5c9e1a9bdeff889848baf2b8ab27,False,incremental,034a9f2ddc1163af93aedef194b85dba0d917316921d81894ea9f955e988b8de
RC207,solomon_txt,5cab65f99b350cdb8fb1c4d0a12dde85eb4ff6a6d6daf292b182cb73de9a8b63,2,1,ok,True,4,1907431,1907.431,0.223324,0.500284,1,time_limit,solomon_exact_1000_v1,,,,,,0.5,,100,2,25,5d3f56a8df0d9ba91e368d7f3a64e9028fef5c9e1a9bdeff889848baf2b8ab27,False,incremental,034a9f2ddc1163af93aedef194b85dba0d917316921d81894ea9f955e988b8de
RC208,solomon_txt,3d67d2a8e2758a324643f5d6c6ca87e8c56435273eaa04be33f213bb991f1f28,0,1,ok,True,3,1365201,1365.201,0.216692,0.500302,1,time_limit,solomon_exact_1000_v1,,,,,,0.5,,100,2,25,5d3f56a8df0d9ba91e368d7f3a64e9028fef5c9e1a9bdeff889848baf2b8ab27,False,incremental,034a9f2ddc1163af93aedef194b85dba0d917316921d81894ea9f955e988b8de
RC208,solomon_txt,3d67d2a8e2758a324643f5d6c6ca87e8c56435273eaa04be33f213bb991f1f28,1,1,ok,True,4,1913075,1913.075,0.214488,0.500328,1,time_limit,solomon_exact_1000_v1,,,,,,0.5,,100,2,25,5d3f56a8df0d9ba91e368d7f3a64e9028fef5c9e1a9bdeff889848baf2b8ab27,False,incremental,034a9f2ddc1163af93aedef194b85dba0d917316921d81894ea9f955e988b8de
RC208,solomon_txt,3d67d2a8e2758a324643f5d6c6ca87e8c56435273eaa04be33f213bb991f1f28,2,1,ok,True,4,1913075,1913.075,0.214054,0.500322,1,time_limit,solomon_exact_1000_v1,,,,,,0.5,,100,2,25,5d3f56a8df0d9ba91e368d7f3a64e9028fef5c9e1a9bdeff889848baf2b8ab27,False,incremental,034a9f2ddc1163af93aedef194b85dba0d917316921d81894ea9f955e988b8de
C101,solomon_txt,a6da75152d182d60ecd2c6f854296f5be452f92282d096adebcf5d99a7f16516,0,1,ok,True,10,828937,828.937,0.075431,0.500426,1,time_limit,solomon_exact_1000_v1,,,,,,0.5,,100,2,25,5d3f56a8df0d9ba91e368d7f3a64e9028fef5c9e1a9bdeff889848baf2b8ab27,False,n20,8bdcba27f35013acac39917d9deca95c4f3b8909144bcd1b328393b2f4b340fa
C101,solomon_txt,a6da75152d182d60ecd2c6f854296f5be452f92282d096adebcf5d99a7f16516,1,1,ok,True,10,828937,828.937,0.067769,0.500456,2,time_limit,solomon_exact_1000_v1,,,,,,0.5,,100,2,25,5d3f56a8df0d9ba91e368d7f3a64e9028fef5c9e1a9bdeff889848baf2b8ab27,False,n20,8bdcba27f35013acac39917d9deca95c4f3b8909144bcd1b328393b2f4b340fa
C101,solomon_txt,a6da75152d182d60ecd2c6f854296f5be452f92282d096adebcf5d99a7f16516,2,1,ok,True,10,828937,828.937,0.098414,0.500598,1,time_limit,solomon_exact_1000_v1,,,,,,0.5,,100,2,25,5d3f56a8df0d9ba91e368d7f3a64e9028fef5c9e1a9bdeff889848baf2b8ab27,False,n20,8bdcba27f35013acac39917d9deca95c4f3b8909144bcd1b328393b2f4b340fa
C102,solomon_txt,f89a0e2a760cc7448a4ca72b88e5b29b94d64b5548f3320f42a6230025ead653,0,1,ok,True,10,1204750,1204.75,0.104354,0.500631,6,time_limit,solomon_exact_1000_v1,,,,,,0.5,,100,2,25,5d3f56a8df0d9ba91e368d7f3a64e9028fef5c9e1a9bdeff889848baf2b8ab27,False,n20,8bdcba27f35013acac39917d9deca95c4f3b8909144bcd1b328393b2f4b340fa
C102,solomon_txt,f89a0e2a760cc7448a4ca72b88e5b29b94d64b5548f3320f42a6230025ead653,1,1,ok,True,10,1161608,1161.608,0.105549,0.500322,6,time_limit,solomon_exact_1000_v1,,,,,,0.5,,100,2,25,5d3f56a8df0d9ba91e368d7f3a64e9028fef5c9e1a9bdeff889848baf2b8ab27,False,n20,8bdcba27f35013acac39917d9deca95c4f3b8909144bcd1b328393b2f4b340fa
C102,solomon_txt,f89a0e2a760cc7448a4ca72b88e5b29b94d64b5548f3320f42a6230025ead653,2,1,ok,True,10,1124285,1124.285,0.104899,0.5006,6,time_limit,solomon_exact_1000_v1,,,,,,0.5,,100,2,25,5d3f56a8df0d9ba91e368d7f3a64e9028fef5c9e1a9bdeff889848baf2b8ab27,False,n20,8bdcba27f35013acac39917d9deca95c4f3b8909144bcd1b328393b2f4b340fa
C103,solomon_txt,a55cabf15e0da9d65696a5fb45c9852889479893f76f772a428ca15d1b415a51,0,1,ok,True,10,1709920,1709.92,0.115744,0.500606,10,time_limit,solomon_exact_1000_v1,,,,,,0.5,,100,2,25,5d3f56a8df0d9ba91e368d7f3a64e9028fef5c9e1a9bdeff889848baf2b8ab27,False,n20,8bdcba27f35013acac39917d9deca95c4f3b8909144bcd1b328393b2f4b340fa
C103,solomon_txt,a55cabf15e0da9d65696a5fb45c9852889479893f76f772a428ca15d1b415a51,1,1,ok,True,10,1747739,1747.739,0.114355,0.500657,9,time_limit,solomon_exact_1000_v1,,,,,,0.5,,100,2,25,5d3f56a8df0d9ba91e368d7f3a64e9028fef5c9e1a9bdeff889848baf2b8ab27,False,n20,8bdcba27f35013acac39917d9deca95c4f3b8909144bcd1b328393b2f4b340fa
C103,solomon_txt,a55cabf15e0da9d65696a5fb45c9852889479893f76f772a428ca15d1b415a51,2,1,ok,True,10,1734706,1734.706,0.114533,0.50057,9,time_limit,solomon_exact_1000_v1,,,,,,0.5,,100,2,25,5d3f56a8df0d9ba91e368d7f3a64e9028fef5c9e1a9bdeff889848baf2b8ab27,False,n20,8bdcba27f35013acac39917d9deca95c4f3b8909144bcd1b328393b2f4b340fa
C104,solomon_txt,fe333e81625ee5a75bb2ce98c2c9f356d07289237865b62a23ba2f32f0de5ee2,0,1,ok,True,10,1777997,1777.997,0.158953,0.501069,7,time_limit,solomon_exact_1000_v1,,,,,,0.5,,100,2,25,5d3f56a8df0d9ba91e368d7f3a64e9028fef5c9e1a9bdeff889848baf2b8ab27,False,n20,8bdcba27f35013acac39917d9deca95c4f3b8909144bcd1b328393b2f4b340fa
C104,solomon_txt,fe333e81625ee5a75bb2ce98c2c9f356d07289237865b62a23ba2f32f0de5ee2,1,1,ok,True,10,1670418,1670.418,0.18018,0.500572,7,time_limit,solomon_exact_1000_v1,,,,,,0.5,,100,2,25,5d3f56a8df0d9ba91e368d7f3a64e9028fef5c9e1a9bdeff889848baf2b8ab27,False,n20,8bdcba27f35013acac39917d9deca95c4f3b8909144bcd1b328393b2f4b340fa
C104,solomon_txt,fe333e81625ee5a75bb2ce98c2c9f356d07289237865b62a23ba2f32f0de5ee2,2,1,ok,True,10,1687366,1687.366,0.195009,0.501043,7,time_limit,solomon_exact_1000_v1,,,,,,0.5,,100,2,25,5d3f56a8df0d9ba91e368d7f3a64e9028fef5c9e1a9bdeff889848baf2b8ab27,False,n20,8bdcba27f35013acac39917d9deca95c4f3b8909144bcd1b328393b2f4b340fa
C105,solomon_txt,9a877a3a6fb922e7ad9297cc0308bc8a5652cb1495a0228ee6b81b2d938aa29f,0,1,ok,True,10,1143952,1143.952,0.169309,0.501061,1,time_limit,solomon_exact_1000_v1,,,,,,0.5,,100,2,25,5d3f56a8df0d9ba91e368d7f3a64e9028fef5c9e1a9bdeff889848baf2b8ab27,False,n20,8bdcba27f35013acac39917d9deca95c4f3b8909144bcd1b328393b2f4b340fa
C105,solomon_txt,9a877a3a6fb922e7ad9297cc0308bc8a5652cb1495a0228ee6b81b2d938aa29f,1,1,ok,True,10,1039051,1039.051,0.154504,0.501153,1,time_limit,solomon_exact_1000_v1,,,,,,0.5,,100,2,25,5d3f56a8df0d9ba91e368d7f3a64e9028fef5c9e1a9bdeff889848baf2b8ab27,False,n20,8bdcba27f35013acac39917d9deca95c4f3b8909144bcd1b328393b2f4b340fa
C105,solomon_txt,9a877a3a6fb922e7ad9297cc0308bc8a5652cb1495a0228ee6b81b2d938aa29f,2,1,ok,True,10,992146,992.146,0.153487,0.501043,1,time_limit,solomon_exact_1000_v1,,,,,,0.5,,100,2,25,5d3f56a8df0d9ba91e368d7f3a64e9028fef5c9e1a9bdeff889848baf2b8ab27,False,n20,8bdcba27f35013acac39917d9deca95c4f3b8909144bcd1b328393b2f4b340fa
C106,solomon_txt,ec9b419bed53e9c607cce76e8c6bc59feb6e4d17646905601f008a4141ec7b40,0,1,ok,True,11,1084360,1084.36,0.157063,0.503882,0,time_limit,solomon_exact_1000_v1,,,,,,0.5,,100,2,25,5d3f56a8df0d9ba91e368d7f3a64e9028fef5c9e1a9bdeff889848baf2b8ab27,False,n20,8bdcba27f35013acac39917d9deca95c4f3b8909144bcd1b328393b2f4b340fa
C106,solomon_txt,ec9b419bed53e9c607cce76e8c6bc59feb6e4d17646905601f008a4141ec7b40,1,1,ok,True,10,1072780,1072.78,0.132545,0.500656,3,time_limit,solomon_exact_1000_v1,,,,,,0.5,,100,2,25,5d3f56a8df0d9ba91e368d7f3a64e9028fef5c9e1a9bdeff889848baf2b8ab27,False,n20,8bdcba27f35013acac39917d9deca95c4f3b8909144bcd1b328393b2f4b340fa
C106,solomon_txt,ec9b419bed53e9c607cce76e8c6bc59feb6e4d17646905601f008a4141ec7b40,2,1,ok,True,10,1084470,1084.47,0.14499,0.500883,1,time_limit,solomon_exact_1000_v1,,,,,,0.5,,100,2,25,5d3f56a8df0d9ba91e368d7f3a64e9028fef5c9e1a9bdeff889848baf2b8ab27,False,n20,8bdcba27f35013acac39917d9deca95c4f3b8909144bcd1b328393b2f4b340fa
C107,solomon_txt,cb3cdc10d812fa17370eb52cb753b6b0574426dc6fabeb8b9076ed750ddf05ca,0,1,ok,True,10,1088386,1088.386,0.156144,0.501122,1,time_limit,solomon_exact_1000_v1,,,,,,0.5,,100,2,25,5d3f56a8df0d9ba91e368d7f3a64e9028fef5c9e1a9bdeff889848baf2b8ab27,False,n20,8bdcba27f35013acac39917d9deca95c4f3b8909144bcd1b328393b2f4b340fa
C107,solomon_txt,cb3cdc10d812fa17370eb52cb753b6b0574426dc6fabeb8b9076ed750ddf05ca,1,1,ok,True,10,1084922,1084.922,0.158905,0.50087,1,time_limit,solomon_exact_1000_v1,,,,,,0.5,,100,2,25,5d3f56a8df0d9ba91e368d7f3a64e9028fef5c9e1a9bdeff889848baf2b8ab27,False,n20,8bdcba27f35013acac39917d9deca95c4f3b8909144bcd1b328393b2f4b340fa
C107,solomon_txt,cb3cdc10d812fa17370eb52cb753b6b0574426dc6fabeb8b9076ed750ddf05ca,2,1,ok,True,10,1081492,1081.492,0.163335,0.500556,2,time_limit,solomon_exact_1000_v1,,,,,,0.5,,100,2,25,5d3f56a8df0d9ba91e368d7f3a64e9028fef5c9e1a9bdeff889848baf2b8ab27,False,n20,8bdcba27f35013acac39917d9deca95c4f3b8909144bcd1b328393b2f4b340fa
C108,solomon_txt,b8c7e48f292b66b283d8e71511e3a4eccaa4c4bc66b9313c399e73b0226f5953,0,1,ok,True,11,2132182,2132.182,0.132091,0.506831,0,time_limit,solomon_exact_1000_v1,,,,,,0.5,,100,2,25,5d3f56a8df0d9ba91e368d7f3a64e9028fef5c9e1a9bdeff889848baf2b8ab27,False,n20,8bdcba27f35013acac39917d9deca95c4f3b8909144bcd1b328393b2f4b340fa
C108,solomon_txt,b8c7e48f292b66b283d8e71511e3a4eccaa4c4bc66b9313c399e73b0226f5953,1,1,ok,True,10,1561276,1561.276,0.151644,0.501161,2,time_limit,solomon_exact_1000_v1,,,,,,0.5,,100,2,25,5d3f56a8df0d9ba91e368d7f3a64e9028fef5c9e1a9bdeff889848baf2b8ab27,False,n20,8bdcba27f35013acac39917d9deca95c4f3b8909144bcd1b328393b2f4b340fa
C108,solomon_txt,b8c7e48f292b66b283d8e71511e3a4eccaa4c4bc66b9313c399e73b0226f5953,2,1,ok,True,10,1404585,1404.585,0.146727,0.501109,3,time_limit,solomon_exact_1000_v1,,,,,,0.5,,100,2,25,5d3f56a8df0d9ba91e368d7f3a64e9028fef5c9e1a9bdeff889848baf2b8ab27,False,n20,8bdcba27f35013acac39917d9deca95c4f3b8909144bcd1b328393b2f4b340fa
C109,solomon_txt,72d8489e14bf1bb18456f0b21b01110506cbcc2354719dae8481b480150f142a,0,1,ok,True,10,1602436,1602.436,0.200226,0.501073,6,time_limit,solomon_exact_1000_v1,,,,,,0.5,,100,2,25,5d3f56a8df0d9ba91e368d7f3a64e9028fef5c9e1a9bdeff889848baf2b8ab27,False,n20,8bdcba27f35013acac39917d9deca95c4f3b8909144bcd1b328393b2f4b340fa
C109,solomon_txt,72d8489e14bf1bb18456f0b21b01110506cbcc2354719dae8481b480150f142a,1,1,ok,True,10,1529545,1529.545,0.120917,0.501038,9,time_limit,solomon_exact_1000_v1,,,,,,0.5,,100,2,25,5d3f56a8df0d9ba91e368d7f3a64e9028fef5c9e1a9bdeff889848baf2b8ab27,False,n20,8bdcba27f35013acac39917d9deca95c4f3b8909144bcd1b328393b2f4b340fa
C109,solomon_txt,72d8489e14bf1bb18456f0b21b01110506cbcc2354719dae8481b480150f142a,2,1,ok,True,10,1602943,1602.943,0.127835,0.501143,8,time_limit,solomon_exact_1000_v1,,,,,,0.5,,100,2,25,5d3f56a8df0d9ba91e368d7f3a64e9028fef5c9e1a9bdeff889848baf2b8ab27,False,n20,8bdcba27f35013acac39917d9deca95c4f3b8909144bcd1b328393b2f4b340fa
C201,solomon_txt,d8d9834087ae2326fa23a8510533060233dc9fb481873be60956eb26a880ad63,0,1,ok,True,3,702313,702.313,0.325627,0.500612,1,time_limit,solomon_exact_1000_v1,,,,,,0.5,,100,2,25,5d3f56a8df0d9ba91e368d7f3a64e9028fef5c9e1a9bdeff889848baf2b8ab27,False,n20,8bdcba27f35013acac39917d9deca95c4f3b8909144bcd1b328393b2f4b340fa
C201,solomon_txt,d8d9834087ae2326fa23a8510533060233dc9fb481873be60956eb26a880ad63,1,1,ok,True,3,704252,704.252,0.377777,0.501097,1,time_limit,solomon_exact_1000_v1,,,,,,0.5,,100,2,25,5d3f56a8df0d9ba91e368d7f3a64e9028fef5c9e1a9bdeff889848baf2b8ab27,False,n20,8bdcba27f35013acac39917d9deca95c4f3b8909144bcd1b328393b2f4b340fa
C201,solomon_txt,d8d9834087ae2326fa23a8510533060233dc9fb481873be60956eb26a880ad63,2,1,ok,True,3,702313,702.313,0.305902,0.500594,1,time_limit,solomon_exact_1000_v1,,,,,,0.5,,100,2,25,5d3f56a8df0d9ba91e368d7f3a64e9028fef5c9e1a9bdeff889848baf2b8ab27,False,n20,8bdcba27f35013acac39917d9deca95c4f3b8909144bcd1b328393b2f4b340fa
C202,solomon_txt,dfc8ecad79f6c7ffb096cd36994143569f0babe284d5ad194683271d81063772,0,1,ok,True,3,746236,746.236,0.299369,0.501076,1,time_limit,solomon_exact_1000_v1,,,,,,0.5,,100,2,25,5d3f56a8df0d9ba91e368d7f3a64e9028fef5c9e1a9bdeff889848baf2b8ab27,False,n20,8bdcba27f35013acac39917d9deca95c4f3b8909144bcd1b328393b2f4b340fa
C202,solomon_txt,dfc8ecad79f6c7ffb096cd36994143569f0babe284d5ad194683271d81063772,1,1,ok,True,3,746236,746.236,0.348624,0.501078,1,time_limit,solomon_exact_1000_v1,,,,,,0.5,,100,2,25,5d3f56a8df0d9ba91e368d7f3a64e9028fef5c9e1a9bdeff889848baf2b8ab27,False,n20,8bdcba27f35013acac39917d9deca95c4f3b8909144bcd1b328393b2f4b340fa
C202,solomon_txt,dfc8ecad79f6c7ffb096cd36994143569f0babe284d5ad194683271d81063772,2,1,ok,True,3,745233,745.233,0.340157,0.500643,2,time_limit,solomon_exact_1000_v1,,,,,,0.5,,100,2,25,5d3f56a8df0d9ba91e368d7f3a64e9028fef5c9e1a9bdeff889848baf2b8ab27,False,n20,8bdcba27f35013acac39917d9deca95c4f3b8909144bcd1b328393b2f4b340fa
C203,solomon_txt,2b79eea2962a848cb29f6153d4fb4ae725d35507686d937da6643b33fcd85062,0,1,ok,True,4,894861,894.861,0.294593,0.518187,0,time_limit,solomon_exact_1000_v1,,,,,,0.5,,100,2,25,5d3f56a8df0d9ba91e368d7f3a64e9028fef5c9e1a9bdeff889848baf2b8ab27,False,n20,8bdcba27f35013acac39917d9deca95c4f3b8909144bcd1b328393b2f4b340fa
C203,solomon_txt,2b79eea2962a848cb29f6153d4fb4ae725d35507686d937da6643b33fcd85062,1,1,ok,True,4,894861,894.861,0.336066,0.510623,0,time_limit,solomon_exact_1000_v1,,,,,,0.5,,100,2,25,5d3f56a8df0d9ba91e368d7f3a64e9028fef5c9e1a9bdeff889848baf2b8ab27,False,n20,8bdcba27f35013acac39917d9deca95c4f3b8909144bcd1b328393b2f4b340fa
C203,solomon_txt,2b79eea2962a848cb29f6153d4fb4ae725d35507686d937da6643b33fcd85062,2,1,ok,True,4,894861,894.861,0.348744,0.510376,0,time_limit,solomon_exact_1000_v1,,,,,,0.5,,100,2,25,5d3f56a8df0d9ba91e368d7f3a64e9028fef5c9e1a9bdeff889848baf2b8ab27,False,n20,8bdcba27f35013acac39917d9deca95c4f3b8909144bcd1b328393b2f4b340fa
C204,solomon_txt,4331b2744d34e32c2987e3fe8a82b782a2039d757d2aac818f7e0fd21117bfb4,0,1,ok,True,4,1439548,1439.548,0.432875,0.516753,0,time_limit,solomon_exact_1000_v1,,,,,,0.5,,100,2,25,5d3f56a8df0d9ba91e368d7f3a64e9028fef5c9e1a9bdeff889848baf2b8ab27,False,n20,8bdcba27f35013acac39917d9deca95c4f3b8909144bcd1b328393b2f4b340fa
C204,solomon_txt,4331b2744d34e32c2987e3fe8a82b782a2039d757d2aac818f7e0fd21117bfb4,1,1,ok,True,4,1439548,1439.548,0.405903,0.522055,0,time_limit,solomon_exact_1000_v1,,,,,,0.5,,100,2,25,5d3f56a8df0d9ba91e368d7f3a64e9028fef5c9e1a9bdeff889848baf2b8ab27,False,n20,8bdcba27f35013acac39917d9deca95c4f3b8909144bcd1b328393b2f4b340fa
C204,solomon_txt,4331b2744d34e32c2987e3fe8a82b782a2039d757d2aac818f7e0fd21117bfb4,2,1,ok,True,4,1439548,1439.548,0.384764,0.51645,0,time_limit,solomon_exact_1000_v1,,,,,,0.5,,100,2,25,5d3f56a8df0d9ba91e368d7f3a64e9028fef5c9e1a9bdeff889848baf2b8ab27,False,n20,8bdcba27f35013acac39917d9deca95c4f3b8909144bcd1b328393b2f4b340fa
C205,solomon_txt,15be2bb8c3e4ad99a79d1e7ee0472223feb95a4f423d010e032bda0a87266ca5,0,1,ok,True,4,912158,912.158,0.264853,0.51016,0,time_limit,solomon_exact_1000_v1,,,,,,0.5,,100,2,25,5d3f56a8df0d9ba91e368d7f3a64e9028fef5c9e1a9bdeff889848baf2b8ab27,False,n20,8bdcba27f35013acac39917d9deca95c4f3b8909144bcd1b328393b2f4b340fa
C205,solomon_txt,15be2bb8c3e4ad99a79d1e7ee0472223feb95a4f423d010e032bda0a87266ca5,1,1,ok,True,4,912158,912.158,0.305417,0.512804,0,time_limit,solomon_exact_1000_v1,,,,,,0.5,,100,2,25,5d3f56a8df0d9ba91e368d7f3a64e9028fef5c9e1a9bdeff889848baf2b8ab27,False,n20,8bdcba27f35013acac39917d9deca95c4f3b8909144bcd1b328393b2f4b340fa
C205,solomon_txt,15be2bb8c3e4ad99a79d1e7ee0472223feb95a4f423d010e032bda0a87266ca5,2,1,ok,True,4,912158,912.158,0.249438,0.504407,0,time_limit,solomon_exact_1000_v1,,,,,,0.5,,100,2,25,5d3f56a8df0d9ba91e368d7f3a64e9028fef5c9e1a9bdeff889848baf2b8ab27,False,n20,8bdcba27f35013acac39917d9deca95c4f3b8909144bcd1b328393b2f4b340fa
C206,solomon_txt,745b6c7042707ffbbfc4d681ee02a84431425f1dfb3c8aa85ecf003fec8f7e53,0,1,ok,True,4,1154595,1154.595,0.303077,0.509336,0,time_limit,solomon_exact_1000_v1,,,,,,0.5,,100,2,25,5d3f56a8df0d9ba91e368d7f3a64e9028fef5c9e1a9bdeff889848baf2b8ab27,False,n20,8bdcba27f35013acac39917d9deca95c4f3b8909144bcd1b328393b2f4b340fa
C206,solomon_txt,745b6c7042707ffbbfc4d681ee02a84431425f1dfb3c8aa85ecf003fec8f7e53,1,1,ok,True,4,1154595,1154.595,0.275029,0.506113,0,time_limit,solomon_exact_1000_v1,,,,,,0.5,,100,2,25,5d3f56a8df0d9ba91e368d7f3a64e9028fef5c9e1a9bdeff889848baf2b8ab27,False,n20,8bdcba27f35013acac39917d9deca95c4f3b8909144bcd1b328393b2f4b340fa
C206,solomon_txt,745b6c7042707ffbbfc4d681ee02a84431425f1dfb3c8aa85ecf003fec8f7e53,2,1,ok,True,4,1154595,1154.595,0.27699,0.505704,0,time_limit,solomon_exact_1000_v1,,,,,,0.5,,100,2,25,5d3f56a8df0d9ba91e368d7f3a64e9028fef5c9e1a9bdeff889848baf2b8ab27,False,n20,8bdcba27f35013acac39917d9deca95c4f3b8909144bcd1b328393b2f4b340fa
C207,solomon_txt,a33f03570a944c8a6d185fd6a173e66c68e67c399a4958b2d5b6d49533ace4a4,0,1,ok,True,4,980937,980.937,0.371204,0.518417,0,time_limit,solomon_exact_1000_v1,,,,,,0.5,,100,2,25,5d3f56a8df0d9ba91e368d7f3a64e9028fef5c9e1a9bdeff889848baf2b8ab27,False,n20,8bdcba27f35013acac39917d9deca95c4f3b8909144bcd1b328393b2f4b340fa
C207,solomon_txt,a33f03570a944c8a6d185fd6a173e66c68e67c399a4958b2d5b6d49533ace4a4,1,1,ok,True,4,980937,980.937,0.283347,0.506603,0,time_limit,solomon_exact_1000_v1,,,,,,0.5,,100,2,25,5d3f56a8df0d9ba91e368d7f3a64e9028fef5c9e1a9bdeff889848baf2b8ab27,False,n20,8bdcba27f35013acac39917d9deca95c4f3b8909144bcd1b328393b2f4b340fa
C207,solomon_txt,a33f03570a944c8a6d185fd6a173e66c68e67c399a4958b2d5b6d49533ace4a4,2,1,ok,True,4,980937,980.937,0.288352,0.50667,0,time_limit,solomon_exact_1000_v1,,,,,,0.5,,100,2,25,5d3f56a8df0d9ba91e368d7f3a64e9028fef5c9e1a9bdeff889848baf2b8ab27,False,n20,8bdcba27f35013acac39917d9deca95c4f3b8909144bcd1b328393b2f4b340fa
C208,solomon_txt,1c2f2381b8743680dbeb34322869cbf5a6cdd8c281f4bcffdb99b533e601874b,0,1,ok,True,4,957831,957.831,0.266686,0.505262,0,time_limit,solomon_exact_1000_v1,,,,,,0.5,,100,2,25,5d3f56a8df0d9ba91e368d7f3a64e9028fef5c9e1a9bdeff889848baf2b8ab27,False,n20,8bdcba27f35013acac39917d9deca95c4f3b8909144bcd1b328393b2f4b340fa
C208,solomon_txt,1c2f2381b8743680dbeb34322869cbf5a6cdd8c281f4bcffdb99b533e601874b,1,1,ok,True,4,957831,957.831,0.270213,0.504625,0,time_limit,solomon_exact_1000_v1,,,,,,0.5,,100,2,25,5d3f56a8df0d9ba91e368d7f3a64e9028fef5c9e1a9bdeff889848baf2b8ab27,False,n20,8bdcba27f35013acac39917d9deca95c4f3b8909144bcd1b328393b2f4b340fa
C208,solomon_txt,1c2f2381b8743680dbeb34322869cbf5a6cdd8c281f4bcffdb99b533e601874b,2,1,ok,True,4,957831,957.831,0.356912,0.516428,0,time_limit,solomon_exact_1000_v1,,,,,,0.5,,100,2,25,5d3f56a8df0d9ba91e368d7f3a64e9028fef5c9e1a9bdeff889848baf2b8ab27,False,n20,8bdcba27f35013acac39917d9deca95c4f3b8909144bcd1b328393b2f4b340fa
R101,solomon_txt,3f3655182bc0fe44ce5de65fdcd2ee2f9c7fb9ed055f923635151d9d6f76d3ed,0,1,ok,True,22,1914025,1914.025,0.074492,0.500552,1,time_limit,solomon_exact_1000_v1,,,,,,0.5,,100,2,25,5d3f56a8df0d9ba91e368d7f3a64e9028fef5c9e1a9bdeff889848baf2b8ab27,False,n20,8bdcba27f35013acac39917d9deca95c4f3b8909144bcd1b328393b2f4b340fa
R101,solomon_txt,3f3655182bc0fe44ce5de65fdcd2ee2f9c7fb9ed055f923635151d9d6f76d3ed,1,1,ok,True,21,1903068,1903.068,0.080627,0.500445,1,time_limit,solomon_exact_1000_v1,,,,,,0.5,,100,2,25,5d3f56a8df0d9ba91e368d7f3a64e9028fef5c9e1a9bdeff889848baf2b8ab27,False,n20,8bdcba27f35013acac39917d9deca95c4f3b8909144bcd1b328393b2f4b340fa
R101,solomon_txt,3f3655182bc0fe44ce5de65fdcd2ee2f9c7fb9ed055f923635151d9d6f76d3ed,2,1,ok,True,21,1875855,1875.855,0.098807,0.502407,0,time_limit,solomon_exact_1000_v1,,,,,,0.5,,100,2,25,5d3f56a8df0d9ba91e368d7f3a64e9028fef5c9e1a9bdeff889848baf2b8ab27,False,n20,8bdcba27f35013acac39917d9deca95c4f3b8909144bcd1b328393b2f4b340fa
R102,solomon_txt,eeb23171b7e4fbfc80bf000ca770329109900fbd7273fa8b9d1f95b7dfe683c3,0,1,ok,True,19,1643648,1643.648,0.081438,0.500288,1,time_limit,solomon_exact_1000_v1,,,,,,0.5,,100,2,25,5d3f56a8df0d9ba91e368d7f3a64e9028fef5c9e1a9bdeff889848baf2b8ab27,False,n20,8bdcba27f35013acac39917d9deca95c4f3b8909144bcd1b328393b2f4b340fa
R102,solomon_txt,eeb23171b7e4fbfc80bf000ca770329109900fbd7273fa8b9d1f95b7dfe683c3,1,1,ok,True,19,1699360,1699.36,0.083451,0.500313,1,time_limit,solomon_exact_1000_v1,,,,,,0.5,,100,2,25,5d3f56a8df0d9ba91e368d7f3a64e9028fef5c9e1a9bdeff889848baf2b8ab27,False,n20,8bdcba27f35013acac39917d9deca95c4f3b8909144bcd1b328393b2f4b340fa
R102,solomon_txt,eeb23171b7e4fbfc80bf000ca770329109900fbd7273fa8b9d1f95b7dfe683c3,2,1,ok,True,19,1606305,1606.305,0.079883,0.500339,1,time_limit,solomon_exact_1000_v1,,,,,,0.5,,100,2,25,5d3f56a8df0d9ba91e368d7f3a64e9028fef5c9e1a9bdeff889848baf2b8ab27,False,n20,8bdcba27f35013acac39917d9deca95c4f3b8909144bcd1b328393b2f4b340fa
R103,solomon_txt,1f833e8648ba39e0edc76754fb49e81777a7175cf7b084c3f60a12607bfb3991,0,1,ok,True,14,1546015,1546.015,0.099384,0.500288,1,time_limit,solomon_exact_1000_v1,,,,,,0.5,,100,2,25,5d3f56a8df0d9ba91e368d7f3a64e9028fef5c9e1a9bdeff889848baf2b8ab27,False,n20,8bdcba27f35013acac39917d9deca95c4f3b8909144bcd1b328393b2f4b340fa
R103,solomon_txt,1f833e8648ba39e0edc76754fb49e81777a7175cf7b084c3f60a12607bfb3991,1,1,ok,True,14,1546015,1546.015,0.089802,0.500428,0,time_limit,solomon_exact_1000_v1,,,,,,0.5,,100,2,25,5d3f56a8df0d9ba91e368d7f3a64e9028fef5c9e1a9bdeff889848baf2b8ab27,False,n20,8bdcba27f35013acac39917d9deca95c4f3b8909144bcd1b328393b2f4b340fa
R103,solomon_txt,1f833e8648ba39e0edc76754fb49e81777a7175cf7b084c3f60a12607bfb3991,2,1,ok,True,14,1546015,1546.015,0.096725,0.500284,1,time_limit,solomon_exact_1000_v1,,,,,,0.5,,100,2,25,5d3f56a8df0d9ba91e368d7f3a64e9028fef5c9e1a9bdeff889848baf2b8ab27,False,n20,8bdcba27f35013acac39917d9deca95c4f3b8909144bcd1b328393b2f4b340fa
R104,solomon_txt,dd087124311d91facd81736debbfc7d0f351d27942917e2d76cbafd01e6183b7,0,1,ok,True,11,1186697,1186.697,0.107156,0.500283,1,time_limit,solomon_exact_1000_v1,,,,,,0.5,,100,2,25,5d3f56a8df0d9ba91e368d7f3a64e9028fef5c9e1a9bdeff889848baf2b8ab27,False,n20,8bdcba27f35013acac39917d9deca95c4f3b8909144bcd1b328393b2f4b340fa
R104,solomon_txt,dd087124311d91facd81736debbfc7d0f351d27942917e2d76cbafd01e6183b7,1,1,ok,True,11,1241810,1241.81,0.135545,0.503912,0,time_limit,solomon_exact_1000_v1,,,,,,0.5,,100,2,25,5d3f56a8df0d9ba91e368d7f3a64e9028fef5c9e1a9bdeff889848baf2b8ab27,False,n20,8bdcba27f35013acac39917d9deca95c4f3b8909144bcd1b328393b2f4b340fa
R104,solomon_txt,dd087124311d91facd81736debbfc7d0f351d27942917e2d76cbafd01e6183b7,2,1,ok,True,11,1321819,1321.819,0.120699,0.500281,1,time_limit,solomon_exact_1000_v1,,,,,,0.5,,100,2,25,5d3f56a8df0d9ba91e368d7f3a64e9028fef5c9e1a9bdeff889848baf2b8ab27,False,n20,8bdcba27f35013acac39917d9deca95c4f3b8909144bcd1b328393b2f4b340fa
R105,solomon_txt,ff1a614f8458d6339b3f54d8e4ca2dcf0a35c96012f477f6a819ae481de85ca4,0,1,ok,True,17,1734216,1734.216,0.099196,0.502127,0,time_limit,solomon_exact_1000_v1,,,,,,0.5,,100,2,25,5d3f56a8df0d9ba91e368d7f3a64e9028fef5c9e1a9bdeff889848baf2b8ab27,False,n20,8bdcba27f35013acac39917d9deca95c4f3b8909144bcd1b328393b2f4b340fa
R105,solomon_txt,ff1a614f8458d6339b3f54d8e4ca2dcf0a35c96012f477f6a819ae481de85ca4,1,1,ok,True,17,1683209,1683.209,0.130557,0.509959,0,time_limit,solomon_exact_1000_v1,,,,,,0.5,,100,2,25,5d3f56a8df0d9ba91e368d7f3a64e9028fef5c9e1a9bdeff889848baf2b8ab27,False,n20,8bdcba27f35013acac39917d9deca95c4f3b8909144bcd1b328393b2f4b340fa
R105,solomon_txt,ff1a614f8458d6339b3f54d8e4ca2dcf0a35c96012f477f6a819ae481de85ca4,2,1,ok,True,17,1834998,1834.998,0.083676,0.500311,1,time_limit,solomon_exact_1000_v1,,,,,,0.5,,100,2,25,5d3f56a8df0d9ba91e368d7f3a64e9028fef5c9e1a9bdeff889848baf2b8ab27,False,n20,8bdcba27f35013acac39917d9deca95c4f3b8909144bcd1b328393b2f4b340fa
R106,solomon_txt,31b8783d177f0fbe1c84b8f085fbf28b1989a80e4c00f49f5654ebef99835e97,0,1,ok,True,14,1545086,1545.086,0.093912,0.500301,1,time_limit,solomon_exact_1000_v1,,,,,,0.5,,100,2,25,5d3f56a8df0d9ba91e368d7f3a64e9028fef5c9e1a9bdeff889848baf2b8ab27,False,n20,8bdcba27f35013acac39917d9deca95c4f3b8909144bcd1b328393b2f4b340fa
R106,solomon_txt,31b8783d177f0fbe1c84b8f085fbf28b1989a80e4c00f49f5654ebef99835e97,1,1,ok,True,14,1642821,1642.821,0.095355,0.500284,1,time_limit,solomon_exact_1000_v1,,,,,,0.5,,100,2,25,5d3f56a8df0d9ba91e368d7f3a64e9028fef5c9e1a9bdeff889848baf2b8ab27,False,n20,8bdcba27f35013acac39917d9deca95c4f3b8909144bcd1b328393b2f4b340fa
R106,solomon_txt,31b8783d177f0fbe1c84b8f085fbf28b1989a80e4c00f49f5654ebef99835e97,2,1,ok,True,14,1559373,1559.373,0.086367,0.50028,1,time_limit,solomon_exact_1000_v1,,,,,,0.5,,100,2,25,5d3f56a8df0d9ba91e368d7f3a64e9028fef5c9e1a9bdeff889848baf2b8ab27,False,n20,8bdcba27f35013acac39917d9deca95c4f3b8909144bcd1b328393b2f4b340fa
R107,solomon_txt,dba2b257a1d43d7c78d5e3a9f09091a2b125d3fbec78c0c8a1782add669a1275,0,1,ok,True,12,1283469,1283.469,0.095491,0.500299,1,time_limit,solomon_exact_1000_v1,,,,,,0.5,,100,2,25,5d3f56a8df0d9ba91e368d7f3a64e9028fef5c9e1a9bdeff889848baf2b8ab27,False,n20,8bdcba27f35013acac39917d9deca95c4f3b8909144bcd1b328393b2f4b340fa
R107,solomon_txt,dba2b257a1d43d7c78d5e3a9f09091a2b125d3fbec78c0c8a1782add669a1275,1,1,ok,True,12,1525686,1525.686,0.13696,0.501845,0,time_limit,solomon_exact_1000_v1,,,,,,0.5,,100,2,25,5d3f56a8df0d9ba91e368d7f3a64e9028fef5c9e1a9bdeff889848baf2b8ab27,False,n20,8bdcba27f35013acac39917d9deca95c4f3b8909144bcd1b328393b2f4b340fa
R107,solomon_txt,dba2b257a1d43d7c78d5e3a9f09091a2b125d3fbec78c0c8a1782add669a1275,2,1,ok,True,12,1486083,1486.083,0.108371,0.500406,1,time_limit,solomon_exact_1000_v1,,,,,,0.5,,100,2,25,5d3f56a8df0d9ba91e368d7f3a64e9028fef5c9e1a9bdeff889848baf2b8ab27,False,n20,8bdcba27f35013acac39917d9deca95c4f3b8909144bcd1b328393b2f4b340fa
R108,solomon_txt,65cae09f4099b7e70d2b723e0e3a30aa1494c75a367bb894a3fd13241ee639d4,0,1,ok,True,11,1315436,1315.436,0.109376,0.500426,1,time_limit,solomon_exact_1000_v1,,,,,,0.5,,100,2,25,5d3f56a8df0d9ba91e368d7f3a64e9028fef5c9e1a9bdeff889848baf2b8ab27,False,n20,8bdcba27f35013acac39917d9deca95c4f3b8909144bcd1b328393b2f4b340fa
R108,solomon_txt,65cae09f4099b7e70d2b723e0e3a30aa1494c75a367bb894a3fd13241ee639d4,1,1,ok,True,11,1328171,1328.171,0.141115,0.500322,1,time_limit,solomon_exact_1000_v1,,,,,,0.5,,100,2,25,5d3f56a8df0d9ba91e368d7f3a64e9028fef5c9e1a9bdeff889848baf2b8ab27,False,n20,8bdcba27f35013acac39917d9deca95c4f3b8909144bcd1b328393b2f4b340fa
R108,solomon_txt,65cae09f4099b7e70d2b723e0e3a30aa1494c75a367bb894a3fd13241ee639d4,2,1,ok,True,11,1360850,1360.85,0.145021,0.506464,0,time_limit,solomon_exact_1000_v1,,,,,,0.5,,100,2,25,5d3f56a8df0d9ba91e368d7f3a64e9028fef5c9e1a9bdeff889848baf2b8ab27,False,n20,8bdcba27f35013acac39917d9deca95c4f3b8909144bcd1b328393b2f4b340fa
R109,solomon_txt,4ef24030e8c48de5f85dcd90c5739186004fc8dec87533b6467013cf996f4777,0,1,ok,True,16,1621706,1621.706,0.091229,0.504012,0,time_limit,solomon_exact_1000_v1,,,,,,0.5,,100,2,25,5d3f56a8df0d9ba91e368d7f3a64e9028fef5c9e1a9bdeff889848baf2b8ab27,False,n20,8bdcba27f35013acac39917d9deca95c4f3b8909144bcd1b328393b2f4b340fa
R109,solomon_txt,4ef24030e8c48de5f85dcd90c5739186004fc8dec87533b6467013cf996f4777,1,1,ok,True,17,1640642,1640.642,0.126285,0.505879,0,time_limit,solomon_exact_1000_v1,,,,,,0.5,,100,2,25,5d3f56a8df0d9ba91e368d7f3a64e9028fef5c9e1a9bdeff889848baf2b8ab27,False,n20,8bdcba27f35013acac39917d9deca95c4f3b8909144bcd1b328393b2f4b340fa
R109,solomon_txt,4ef24030e8c48de5f85dcd90c5739186004fc8dec87533b6467013cf996f4777,2,1,ok,True,17,1630060,1630.06,0.089923,0.500332,1,time_limit,solomon_exact_1000_v1,,,,,,0.5,,100,2,25,5d3f56a8df0d9ba91e368d7f3a64e9028fef5c9e1a9bdeff889848baf2b8ab27,False,n20,8bdcba27f35013acac39917d9deca95c4f3b8909144bcd1b328393b2f4b340fa
R110,solomon_txt,14cb53cb99af61d3d708f07564b9a72d146e7c26b4f10507cfaf3bc828f34bfa,0,1,ok,True,14,1574826,1574.826,0.137312,0.502235,0,time_limit,solomon_exact_1000_v1,,,,,,0.5,,100,2,25,5d3f56a8df0d9ba91e368d7f3a64e9028fef5c9e1a9bdeff889848baf2b8ab27,False,n20,8bdcba27f35013acac39917d9deca95c4f3b8909144bcd1b328393b2f4b340fa
R110,solomon_txt,14cb53cb99af61d3d708f07564b9a72d146e7c26b4f10507cfaf3bc828f34bfa,1,1,ok,True,13,1528254,1528.254,0.100708,0.500328,1,time_limit,solomon_exact_1000_v1,,,,,,0.5,,100,2,25,5d3f56a8df0d9ba91e368d7f3a64e9028fef5c9e1a9bdeff889848baf2b8ab27,False,n20,8bdcba27f35013acac39917d9deca95c4f3b8909144bcd1b328393b2f4b340fa
R110,solomon_txt,14cb53cb99af61d3d708f07564b9a72d146e7c26b4f10507cfaf3bc828f34bfa,2,1,ok,True,13,1564765,1564.765,0.105552,0.501536,0,time_limit,solomon_exact_1000_v1,,,,,,0.5,,100,2,25,5d3f56a8df0d9ba91e368d7f3a64e9028fef5c9e1a9bdeff889848baf2b8ab27,False,n20,8bdcba27f35013acac39917d9deca95c4f3b8909144bcd1b328393b2f4b340fa
R111,solomon_txt,3d94a73b1f2fe8aae4618b9d9ea254cff2e3924a6a841aa390096ec6c60f258d,0,1,ok,True,12,1406336,1406.336,0.100998,0.500286,1,time_limit,solomon_exact_1000_v1,,,,,,0.5,,100,2,25,5d3f56a8df0d9ba91e368d7f3a64e9028fef5c9e1a9bdeff889848baf2b8ab27,False,n20,8bdcba27f35013acac39917d9deca95c4f3b8909144bcd1b328393b2f4b340fa
R111,solomon_txt,3d94a73b1f2fe8aae4618b9d9ea254cff2e3924a6a841aa390096ec6c60f258d,1,1,ok,True,12,1480321,1480.321,0.109693,0.500465,1,time_limit,solomon_exact_1000_v1,,,,,,0.5,,100,2,25,5d3f56a8df0d9ba91e368d7f3a64e9028fef5c9e1a9bdeff889848baf2b8ab27,False,n20,8bdcba27f35013acac39917d9deca95c4f3b8909144bcd1b328393b2f4b340fa
R111,solomon_txt,3d94a73b1f2fe8aae4618b9d9ea254cff2e3924a6a841aa390096ec6c60f258d,2,1,ok,True,12,1307395,1307.395,0.114818,0.502125,0,time_limit,solomon_exact_1000_v1,,,,,,0.5,,100,2,25,5d3f56a8df0d9ba91e368d7f3a64e9028fef5c9e1a9bdeff889848baf2b8ab27,False,n20,8bdcba27f35013acac39917d9deca95c4f3b8909144bcd1b328393b2f4b340fa
R112,solomon_txt,a0e93149d59d30c356619891d192e86d0f16c3158e1dac3bd9f23c6deb718271,0,1,ok,True,13,1534215,1534.215,0.118252,0.500524,1,time_limit,solomon_exact_1000_v1,,,,,,0.5,,100,2,25,5d3f56a8df0d9ba91e368d7f3a64e9028fef5c9e1a9bdeff889848baf2b8ab27,False,n20,8bdcba27f35013acac39917d9deca95c4f3b8909144bcd1b328393b2f4b340fa
R112,solomon_txt,a0e93149d59d30c356619891d192e86d0f16c3158e1dac3bd9f23c6deb718271,1,1,ok,True,13,1430041,1430.041,0.125825,0.504577,0,time_limit,solomon_exact_1000_v1,,,,,,0.5,,100,2,25,5d3f56a8df0d9ba91e368d7f3a64e9028fef5c9e1a9bdeff889848baf2b8ab27,False,n20,8bdcba27f35013acac39917d9deca95c4f3b8909144bcd1b328393b2f4b340fa
R112,solomon_txt,a0e93149d59d30c356619891d192e86d0f16c3158e1dac3bd9f23c6deb718271,2,1,ok,True,13,1413165,1413.165,0.113953,0.500693,0,time_limit,solomon_exact_1000_v1,,,,,,0.5,,100,2,25,5d3f56a8df0d9ba91e368d7f3a64e9028fef5c9e1a9bdeff889848baf2b8ab27,False,n20,8bdcba27f35013acac39917d9deca95c4f3b8909144bcd1b328393b2f4b340fa
R201,solomon_txt,0be960ec998fff2cab0bdbcc5194c617e5ca0a79c82c5b32b1d4bd98b2cae210,0,1,ok,True,5,1726658,1726.658,0.270889,0.505191,0,time_limit,solomon_exact_1000_v1,,,,,,0.5,,100,2,25,5d3f56a8df0d9ba91e368d7f3a64e9028fef5c9e1a9bdeff889848baf2b8ab27,False,n20,8bdcba27f35013acac39917d9deca95c4f3b8909144bcd1b328393b2f4b340fa
R201,solomon_txt,0be960ec998fff2cab0bdbcc5194c617e5ca0a79c82c5b32b1d4bd98b2cae210,1,1,ok,True,5,1726658,1726.658,0.263162,0.512718,0,time_limit,solomon_exact_1000_v1,,,,,,0.5,,100,2,25,5d3f56a8df0d9ba91e368d7f3a64e9028fef5c9e1a9bdeff889848baf2b8ab27,False,n20,8bdcba27f35013acac39917d9deca95c4f3b8909144bcd1b328393b2f4b340fa
R201,solomon_txt,0be960ec998fff2cab0bdbcc5194c617e5ca0a79c82c5b32b1d4bd98b2cae210,2,1,ok,True,5,1726658,1726.658,0.263371,0.508949,0,time_limit,solomon_exact_1000_v1,,,,,,0.5,,100,2,25,5d3f56a8df0d9ba91e368d7f3a64e9028fef5c9e1a9bdeff889848baf2b8ab27,False,n20,8bdcba27f35013acac39917d9deca95c4f3b8909144bcd1b328393b2f4b340fa
R202,solomon_txt,1f7761bb33e9dd0c94837b32c72280296ffc283dba997379c7ad75ce00dffc8d,0,1,ok,True,4,1622244,1622.244,0.339331,0.516787,0,time_limit,solomon_exact_1000_v1,,,,,,0.5,,100,2,25,5d3f56a8df0d9ba91e368d7f3a64e9028fef5c9e1a9bdeff889848baf2b8ab27,False,n20,8bdcba27f35013acac39917d9deca95c4f3b8909144bcd1b328393b2f4b340fa
R202,solomon_txt,1f7761bb33e9dd0c94837b32c72280296ffc283dba997379c7ad75ce00dffc8d,1,1,ok,True,4,1622244,1622.244,0.337119,0.518263,0,time_limit,solomon_exact_1000_v1,,,,,,0.5,,100,2,25,5d3f56a8df0d9ba91e368d7f3a64e9028fef5c9e1a9bdeff889848baf2b8ab27,False,n20,8bdcba27f35013acac39917d9deca95c4f3b8909144bcd1b328393b2f4b340fa
R202,solomon_txt,1f7761bb33e9dd0c94837b32c72280296ffc283dba997379c7ad75ce00dffc8d,2,1,ok,True,4,1622244,1622.244,0.355018,0.518869,0,time_limit,solomon_exact_1000_v1,,,,,,0.5,,100,2,25,5d3f56a8df0d9ba91e368d7f3a64e9028fef5c9e1a9bdeff889848baf2b8ab27,False,n20,8bdcba27f35013acac39917d9deca95c4f3b8909144bcd1b328393b2f4b340fa
R203,solomon_txt,38c484db31bd7452a94d533e26a2348ef598df600b79d061d9ddc1c61466a731,0,1,ok,True,3,1300221,1300.221,0.237262,0.513468,0,time_limit,solomon_exact_1000_v1,,,,,,0.5,,100,2,25,5d3f56a8df0d9ba91e368d7f3a64e9028fef5c9e1a9bdeff889848baf2b8ab27,False,n20,8bdcba27f35013acac39917d9deca95c4f3b8909144bcd1b328393b2f4b340fa
R203,solomon_txt,38c484db31bd7452a94d533e26a2348ef598df600b79d061d9ddc1c61466a731,1,1,ok,True,3,1300221,1300.221,0.248353,0.503633,0,time_limit,solomon_exact_1000_v1,,,,,,0.5,,100,2,25,5d3f56a8df0d9ba91e368d7f3a64e9028fef5c9e1a9bdeff889848baf2b8ab27,False,n20,8bdcba27f35013acac39917d9deca95c4f3b8909144bcd1b328393b2f4b340fa
R203,solomon_txt,38c484db31bd7452a94d533e26a2348ef598df600b79d061d9ddc1c61466a731,2,1,ok,True,3,1300221,1300.221,0.23775,0.503062,0,time_limit,solomon_exact_1000_v1,,,,,,0.5,,100,2,25,5d3f56a8df0d9ba91e368d7f3a64e9028fef5c9e1a9bdeff889848baf2b8ab27,False,n20,8bdcba27f35013acac39917d9deca95c4f3b8909144bcd1b328393b2f4b340fa
R204,solomon_txt,5349e37d8df99bcbee1efa2e970d2662b5265e5f82fc609343a6af0a60257abf,0,1,ok,True,3,1331038,1331.038,0.295357,0.505732,0,time_limit,solomon_exact_1000_v1,,,,,,0.5,,100,2,25,5d3f56a8df0d9ba91e368d7f3a64e9028fef5c9e1a9bdeff889848baf2b8ab27,False,n20,8bdcba27f35013acac39917d9deca95c4f3b8909144bcd1b328393b2f4b340fa
R204,solomon_txt,5349e37d8df99bcbee1efa2e970d2662b5265e5f82fc609343a6af0a60257abf,1,1,ok,True,3,1331038,1331.038,0.292142,0.505609,0,time_limit,solomon_exact_1000_v1,,,,,,0.5,,100,2,25,5d3f56a8df0d9ba91e368d7f3a64e9028fef5c9e1a9bdeff889848baf2b8ab27,False,n20,8bdcba27f35013acac39917d9deca95c4f3b8909144bcd1b328393b2f4b340fa
R204,solomon_txt,5349e37d8df99bcbee1efa2e970d2662b5265e5f82fc609343a6af0a60257abf,2,1,ok,True,3,1331038,1331.038,0.302005,0.506533,0,time_limit,solomon_exact_1000_v1,,,,,,0.5,,100,2,25,5d3f56a8df0d9ba91e368d7f3a64e9028fef5c9e1a9bdeff889848baf2b8ab27,False,n20,8bdcba27f35013acac39917d9deca95c4f3b8909144bcd1b328393b2f4b340fa
R205,solomon_txt,1996bf8f10716fb8cfc1a585206a6a6e566f32347c1bb8f36c75ed6c887f77e3,0,1,ok,True,4,1700248,1700.248,0.231767,0.502344,0,time_limit,solomon_exact_1000_v1,,,,,,0.5,,100,2,25,5d3f56a8df0d9ba91e368d7f3a64e9028fef5c9e1a9bdeff889848baf2b8ab27,False,n20,8bdcba27f35013acac39917d9deca95c4f3b8909144bcd1b328393b2f4b340fa
R205,solomon_txt,1996bf8f10716fb8cfc1a585206a6a6e566f32347c1bb8f36c75ed6c887f77e3,1,1,ok,True,4,1700248,1700.248,0.231934,0.501702,0,time_limit,solomon_exact_1000_v1,,,,,,0.5,,100,2,25,5d3f56a8df0d9ba91e368d7f3a64e9028fef5c9e1a9bdeff889848baf2b8ab27,False,n20,8bdcba27f35013acac39917d9deca95c4f3b8909144bcd1b328393b2f4b340fa
R205,solomon_txt,1996bf8f10716fb8cfc1a585206a6a6e566f32347c1bb8f36c75ed6c887f77e3,2,1,ok,True,4,1700248,1700.248,0.231824,0.502639,0,time_limit,solomon_exact_1000_v1,,,,,,0.5,,100,2,25,5d3f56a8df0d9ba91e368d7f3a64e9028fef5c9e1a9bdeff889848baf2b8ab27,False,n20,8bdcba27f35013acac39917d9deca95c4f3b8909144bcd1b328393b2f4b340fa
R206,solomon_txt,c8754a0319264d076c038b1bf023c8c4710e8895fe3e03f485e9ae249f32fe43,0,1,ok,True,3,1533607,1533.607,0.258173,0.504129,0,time_limit,solomon_exact_1000_v1,,,,,,0.5,,100,2,25,5d3f56a8df0d9ba91e368d7f3a64e9028fef5c9e1a9bdeff889848baf2b8ab27,False,n20,8bdcba27f35013acac39917d9deca95c4f3b8909144bcd1b328393b2f4b340fa
R206,solomon_txt,c8754a0319264d076c038b1bf023c8c4710e8895fe3e03f485e9ae249f32fe43,1,1,ok,True,3,1533607,1533.607,0.256669,0.503573,0,time_limit,solomon_exact_1000_v1,,,,,,0.5,,100,2,25,5d3f56a8df0d9ba91e368d7f3a64e9028fef5c9e1a9bdeff889848baf2b8ab27,False,n20,8bdcba27f35013acac39917d9deca95c4f3b8909144bcd1b328393b2f4b340fa
R206,solomon_txt,c8754a0319264d076c038b1bf023c8c4710e8895fe3e03f485e9ae249f32fe43,2,1,ok,True,3,1533607,1533.607,0.242694,0.504658,0,time_limit,solomon_exact_1000_v1,,,,,,0.5,,100,2,25,5d3f56a8df0d9ba91e368d7f3a64e9028fef5c9e1a9bdeff889848baf2b8ab27,False,n20,8bdcba27f35013acac39917d9deca95c4f3b8909144bcd1b328393b2f4b340fa
R207,solomon_txt,52dc8eebba43fdc67ca9aadab228b75a297acb55a87db3e4748e82f623e3cbe6,0,1,ok,True,4,1302528,1302.528,0.301985,0.505925,0,time_limit,solomon_exact_1000_v1,,,,,,0.5,,100,2,25,5d3f56a8df0d9ba91e368d7f3a64e9028fef5c9e1a9bdeff889848baf2b8ab27,False,n20,8bdcba27f35013acac39917d9deca95c4f3b8909144bcd1b328393b2f4b340fa
R207,solomon_txt,52dc8eebba43fdc67ca9aadab228b75a297acb55a87db3e4748e82f623e3cbe6,1,1,ok,True,4,1302528,1302.528,0.301294,0.506181,0,time_limit,solomon_exact_1000_v1,,,,,,0.5,,100,2,25,5d3f56a8df0d9ba91e368d7f3a64e9028fef5c9e1a9bdeff889848baf2b8ab27,False,n20,8bdcba27f35013acac39917d9deca95c4f3b8909144bcd1b328393b2f4b340fa
R207,solomon_txt,52dc8eebba43fdc67ca9aadab228b75a297acb55a87db3e4748e82f623e3cbe6,2,1,ok,True,4,1302528,1302.528,0.302893,0.505737,0,time_limit,solomon_exact_1000_v1,,,,,,0.5,,100,2,25,5d3f56a8df0d9ba91e368d7f3a64e9028fef5c9e1a9bdeff889848baf2b8ab27,False,n20,8bdcba27f35013acac39917d9deca95c4f3b8909144bcd1b328393b2f4b340fa
R208,solomon_txt,7b4a95d500af9329dd08791d39898a619faec0f8fac039d57373e761545b980d,0,1,ok,True,3,957965,957.965,0.321024,0.507084,0,time_limit,solomon_exact_1000_v1,,,,,,0.5,,100,2,25,5d3f56a8df0d9ba91e368d7f3a64e9028fef5c9e1a9bdeff889848baf2b8ab27,False,n20,8bdcba27f35013acac39917d9deca95c4f3b8909144bcd1b328393b2f4b340fa
R208,solomon_txt,7b4a95d500af9329dd08791d39898a619faec0f8fac039d57373e761545b980d,1,1,ok,True,3,957965,957.965,0.323361,0.50724,0,time_limit,solomon_exact_1000_v1,,,,,,0.5,,100,2,25,5d3f56a8df0d9ba91e368d7f3a64e9028fef5c9e1a9bdeff889848baf2b8ab27,False,n20,8bdcba27f35013acac39917d9deca95c4f3b8909144bcd1b328393b2f4b340fa
R208,solomon_txt,7b4a95d500af9329dd08791d39898a619faec0f8fac039d57373e761545b980d,2,1,ok,True,3,957965,957.965,0.315954,0.506813,0,time_limit,solomon_exact_1000_v1,,,,,,0.5,,100,2,25,5d3f56a8df0d9ba91e368d7f3a64e9028fef5c9e1a9bdeff889848baf2b8ab27,False,n20,8bdcba27f35013acac39917d9deca95c4f3b8909144bcd1b328393b2f4b340fa
R209,solomon_txt,5b74156d032babcff853ccc693f94463eca8333cd425aa99a39ed996f6258933,0,1,ok,True,4,1712415,1712.415,0.226498,0.502237,0,time_limit,solomon_exact_1000_v1,,,,,,0.5,,100,2,25,5d3f56a8df0d9ba91e368d7f3a64e9028fef5c9e1a9bdeff889848baf2b8ab27,False,n20,8bdcba27f35013acac39917d9deca95c4f3b8909144bcd1b328393b2f4b340fa
R209,solomon_txt,5b74156d032babcff853ccc693f94463eca8333cd425aa99a39ed996f6258933,1,1,ok,True,3,1303297,1303.297,0.225827,0.50161,0,time_limit,solomon_exact_1000_v1,,,,,,0.5,,100,2,25,5d3f56a8df0d9ba91e368d7f3a64e9028fef5c9e1a9bdeff889848baf2b8ab27,False,n20,8bdcba27f35013acac39917d9deca95c4f3b8909144bcd1b328393b2f4b340fa
R209,solomon_txt,5b74156d032babcff853ccc693f94463eca8333cd425aa99a39ed996f6258933,2,1,ok,True,4,1712415,1712.415,0.225237,0.50215,0,time_limit,solomon_exact_1000_v1,,,,,,0.5,,100,2,25,5d3f56a8df0d9ba91e368d7f3a64e9028fef5c9e1a9bdeff889848baf2b8ab27,False,n20,8bdcba27f35013acac39917d9deca95c4f3b8909144bcd1b328393b2f4b340fa
R210,solomon_txt,4e5772f109fb6183e6a648d6a1edaba3435438c2dc11c42da370fecf7bdf3a14,0,1,ok,True,3,1443660,1443.66,0.245301,0.503126,0,time_limit,solomon_exact_1000_v1,,,,,,0.5,,100,2,25,5d3f56a8df0d9ba91e368d7f3a64e9028fef5c9e1a9bdeff889848baf2b8ab27,False,n20,8bdcba27f35013acac39917d9deca95c4f3b8909144bcd1b328393b2f4b340fa
R210,solomon_txt,4e5772f109fb6183e6a648d6a1edaba3435438c2dc11c42da370fecf7bdf3a14,1,1,ok,True,3,1443660,1443.66,0.261565,0.503812,0,time_limit,solomon_exact_1000_v1,,,,,,0.5,,100,2,25,5d3f56a8df0d9ba91e368d7f3a64e9028fef5c9e1a9bdeff889848baf2b8ab27,False,n20,8bdcba27f35013acac39917d9deca95c4f3b8909144bcd1b328393b2f4b340fa
R210,solomon_txt,4e5772f109fb6183e6a648d6a1edaba3435438c2dc11c42da370fecf7bdf3a14,2,1,ok,True,3,1443660,1443.66,0.248256,0.503088,0,time_limit,solomon_exact_1000_v1,,,,,,0.5,,100,2,25,5d3f56a8df0d9ba91e368d7f3a64e9028fef5c9e1a9bdeff889848baf2b8ab27,False,n20,8bdcba27f35013acac39917d9deca95c4f3b8909144bcd1b328393b2f4b340fa
R211,solomon_txt,2965507e467a2f92acd59035975910e36ae11e4f49590d4c7d20a883939227ad,0,1,ok,True,3,1516434,1516.434,0.188067,0.500194,1,time_limit,solomon_exact_1000_v1,,,,,,0.5,,100,2,25,5d3f56a8df0d9ba91e368d7f3a64e9028fef5c9e1a9bdeff889848baf2b8ab27,False,n20,8bdcba27f35013acac39917d9deca95c4f3b8909144bcd1b328393b2f4b340fa
R211,solomon_txt,2965507e467a2f92acd59035975910e36ae11e4f49590d4c7d20a883939227ad,1,1,ok,True,3,1516434,1516.434,0.186977,0.500194,1,time_limit,solomon_exact_1000_v1,,,,,,0.5,,100,2,25,5d3f56a8df0d9ba91e368d7f3a64e9028fef5c9e1a9bdeff889848baf2b8ab27,False,n20,8bdcba27f35013acac39917d9deca95c4f3b8909144bcd1b328393b2f4b340fa
R211,solomon_txt,2965507e467a2f92acd59035975910e36ae11e4f49590d4c7d20a883939227ad,2,1,ok,True,3,1516434,1516.434,0.277237,0.505393,0,time_limit,solomon_exact_1000_v1,,,,,,0.5,,100,2,25,5d3f56a8df0d9ba91e368d7f3a64e9028fef5c9e1a9bdeff889848baf2b8ab27,False,n20,8bdcba27f35013acac39917d9deca95c4f3b8909144bcd1b328393b2f4b340fa
RC101,solomon_txt,ef6893ffd9746ad96de8e4da6e64e2c4ba6e08a1c7eb9457276a9f1caf01ca12,0,1,ok,True,18,2104912,2104.912,0.094347,0.500327,1,time_limit,solomon_exact_1000_v1,,,,,,0.5,,100,2,25,5d3f56a8df0d9ba91e368d7f3a64e9028fef5c9e1a9bdeff889848baf2b8ab27,False,n20,8bdcba27f35013acac39917d9deca95c4f3b8909144bcd1b328393b2f4b340fa
RC101,solomon_txt,ef6893ffd9746ad96de8e4da6e64e2c4ba6e08a1c7eb9457276a9f1caf01ca12,1,1,ok,True,18,2077534,2077.534,0.082239,0.500304,1,time_limit,solomon_exact_1000_v1,,,,,,0.5,,100,2,25,5d3f56a8df0d9ba91e368d7f3a64e9028fef5c9e1a9bdeff889848baf2b8ab27,False,n20,8bdcba27f35013acac39917d9deca95c4f3b8909144bcd1b328393b2f4b340fa
RC101,solomon_txt,ef6893ffd9746ad96de8e4da6e64e2c4ba6e08a1c7eb9457276a9f1caf01ca12,2,1,ok,True,18,1983759,1983.759,0.106254,0.50029,1,time_limit,solomon_exact_1000_v1,,,,,,0.5,,100,2,25,5d3f56a8df0d9ba91e368d7f3a64e9028fef5c9e1a9bdeff889848baf2b8ab27,False,n20,8bdcba27f35013acac39917d9deca95c4f3b8909144bcd1b328393b2f4b340fa
RC102,solomon_txt,36acd349d34a577c7fadd61f78517c2cb74bd06a490273800c288f341e5785a4,0,1,ok,True,16,1976705,1976.705,0.089328,0.500306,1,time_limit,solomon_exact_1000_v1,,,,,,0.5,,100,2,25,5d3f56a8df0d9ba91e368d7f3a64e9028fef5c9e1a9bdeff889848baf2b8ab27,False,n20,8bdcba27f35013acac39917d9deca95c4f3b8909144bcd1b328393b2f4b340fa
RC102,solomon_txt,36acd349d34a577c7fadd61f78517c2cb74bd06a490273800c288f341e5785a4,1,1,ok,True,15,1834933,1834.933,0.08592,0.500302,1,time_limit,solomon_exact_1000_v1,,,,,,0.5,,100,2,25,5d3f56a8df0d9ba91e368d7f3a64e9028fef5c9e1a9bdeff889848baf2b8ab27,False,n20,8bdcba27f35013acac39917d9deca95c4f3b8909144bcd1b328393b2f4b340fa
RC102,solomon_txt,36acd349d34a577c7fadd61f78517c2cb74bd06a490273800c288f341e5785a4,2,1,ok,True,16,1812496,1812.496,0.086524,0.50031,1,time_limit,solomon_exact_1000_v1,,,,,,0.5,,100,2,25,5d3f56a8df0d9ba91e368d7f3a64e9028fef5c9e1a9bdeff889848baf2b8ab27,False,n20,8bdcba27f35013acac39917d9deca95c4f3b8909144bcd1b328393b2f4b340fa
RC103,solomon_txt,00f384138274d5d2bff5c41601db17cc4ad0cfc6315c27e223d4477bf435cc2d,0,1,ok,True,13,1952068,1952.068,0.098412,0.500278,1,time_limit,solomon_exact_1000_v1,,,,,,0.5,,100,2,25,5d3f56a8df0d9ba91e368d7f3a64e9028fef5c9e1a9bdeff889848baf2b8ab27,False,n20,8bdcba27f35013acac39917d9deca95c4f3b8909144bcd1b328393b2f4b340fa
RC103,solomon_txt,00f384138274d5d2bff5c41601db17cc4ad0cfc6315c27e223d4477bf435cc2d,1,1,ok,True,12,1703532,1703.532,0.099287,0.5003,1,time_limit,solomon_exact_1000_v1,,,,,,0.5,,100,2,25,5d3f56a8df0d9ba91e368d7f3a64e9028fef5c9e1a9bdeff889848baf2b8ab27,False,n20,8bdcba27f35013acac39917d9deca95c4f3b8909144bcd1b328393b2f4b340fa
RC103,solomon_txt,00f384138274d5d2bff5c41601db17cc4ad0cfc6315c27e223d4477bf435cc2d,2,1,ok,True,13,1952068,1952.068,0.097133,0.500283,1,time_limit,solomon_exact_1000_v1,,,,,,0.5,,100,2,25,5d3f56a8df0d9ba91e368d7f3a64e9028fef5c9e1a9bdeff889848baf2b8ab27,False,n20,8bdcba27f35013acac39917d9deca95c4f3b8909144bcd1b328393b2f4b340fa
RC104,solomon_txt,d150b2d61049a488fb89a2320c197d81a7ef9a1864abbbaea1d13a2b451253ee,0,1,ok,True,12,1624060,1624.06,0.111374,0.500303,1,time_limit,solomon_exact_1000_v1,,,,,,0.5,,100,2,25,5d3f56a8df0d9ba91e368d7f3a64e9028fef5c9e1a9bdeff889848baf2b8ab27,False,n20,8bdcba27f35013acac39917d9deca95c4f3b8909144bcd1b328393b2f4b340fa
RC104,solomon_txt,d150b2d61049a488fb89a2320c197d81a7ef9a1864abbbaea1d13a2b451253ee,1,1,ok,True,12,1635479,1635.479,0.10014,0.500282,1,time_limit,solomon_exact_1000_v1,,,,,,0.5,,100,2,25,5d3f56a8df0d9ba91e368d7f3a64e9028fef5c9e1a9bdeff889848baf2b8ab27,False,n20,8bdcba27f35013acac39917d9deca95c4f3b8909144bcd1b328393b2f4b340fa
RC104,solomon_txt,d150b2d61049a488fb89a2320c197d81a7ef9a1864abbbaea1d13a2b451253ee,2,1,ok,True,12,1325395,1325.395,0.101647,0.500363,1,time_limit,solomon_exact_1000_v1,,,,,,0.5,,100,2,25,5d3f56a8df0d9ba91e368d7f3a64e9028fef5c9e1a9bdeff889848baf2b8ab27,False,n20,8bdcba27f35013acac39917d9deca95c4f3b8909144bcd1b328393b2f4b340fa
RC105,solomon_txt,b9e912625c1ed80d2f565e0799ade2f4b17bf4f95056322ca23f1a21b37e7a49,0,1,ok,True,17,2128736,2128.736,0.084823,0.500275,1,time_limit,solomon_exact_1000_v1,,,,,,0.5,,100,2,25,5d3f56a8df0d9ba91e368d7f3a64e9028fef5c9e1a9bdeff889848baf2b8ab27,False,n20,8bdcba27f35013acac39917d9deca95c4f3b8909144bcd1b328393b2f4b340fa
RC105,solomon_txt,b9e912625c1ed80d2f565e0799ade2f4b17bf4f95056322ca23f1a21b37e7a49,1,1,ok,True,16,2118579,2118.579,0.088815,0.500445,1,time_limit,solomon_exact_1000_v1,,,,,,0.5,,100,2,25,5d3f56a8df0d9ba91e368d7f3a64e9028fef5c9e1a9bdeff889848baf2b8ab27,False,n20,8bdcba27f35013acac39917d9deca95c4f3b8909144bcd1b328393b2f4b340fa
RC105,solomon_txt,b9e912625c1ed80d2f565e0799ade2f4b17bf4f95056322ca23f1a21b37e7a49,2,1,ok,True,16,1898780,1898.78,0.085191,0.500299,1,time_limit,solomon_exact_1000_v1,,,,,,0.5,,100,2,25,5d3f56a8df0d9ba91e368d7f3a64e9028fef5c9e1a9bdeff889848baf2b8ab27,False,n20,8bdcba27f35013acac39917d9deca95c4f3b8909144bcd1b328393b2f4b340fa
RC106,solomon_txt,bf016ffc567af2d108570357daf1d0cabb7f680c0bd977d2e4366787683fdbaf,0,1,ok,True,15,2118036,2118.036,0.084139,0.500349,1,time_limit,solomon_exact_1000_v1,,,,,,0.5,,100,2,25,5d3f56a8df0d9ba91e368d7f3a64e9028fef5c9e1a9bdeff889848baf2b8ab27,False,n20,8bdcba27f35013acac39917d9deca95c4f3b8909144bcd1b328393b2f4b340fa
RC106,solomon_txt,bf016ffc567af2d108570357daf1d0cabb7f680c0bd977d2e4366787683fdbaf,1,1,ok,True,16,1808646,1808.646,0.085092,0.500313,1,time_limit,solomon_exact_1000_v1,,,,,,0.5,,100,2,25,5d3f56a8df0d9ba91e368d7f3a64e9028fef5c9e1a9bdeff889848baf2b8ab27,False,n20,8bdcba27f35013acac39917d9deca95c4f3b8909144bcd1b328393b2f4b340fa
RC106,solomon_txt,bf016ffc567af2d108570357daf1d0cabb7f680c0bd977d2e4366787683fdbaf,2,1,ok,True,15,2000053,2000.053,0.083989,0.500282,1,time_limit,solomon_exact_1000_v1,,,,,,0.5,,100,2,25,5d3f56a8df0d9ba91e368d7f3a64e9028fef5c9e1a9bdeff889848baf2b8ab27,False,n20,8bdcba27f35013acac39917d9deca95c4f3b8909144bcd1b328393b2f4b340fa
RC107,solomon_txt,fff3fd68d110671ed442575f07cc547291586f30b00c5f73934d521d31311582,0,1,ok,True,14,1708249,1708.249,0.089673,0.500291,1,time_limit,solomon_exact_1000_v1,,,,,,0.5,,100,2,25,5d3f56a8df0d9ba91e368d7f3a64e9028fef5c9e1a9bdeff889848baf2b8ab27,False,n20,8bdcba27f35013acac39917d9deca95c4f3b8909144bcd1b328393b2f4b340fa
RC107,solomon_txt,fff3fd68d110671ed442575f07cc547291586f30b00c5f73934d521d31311582,1,1,ok,True,14,1840863,1840.863,0.08922,0.509603,0,time_limit,solomon_exact_1000_v1,,,,,,0.5,,100,2,25,5d3f56a8df0d9ba91e368d7f3a64e9028fef5c9e1a9bdeff889848baf2b8ab27,False,n20,8bdcba27f35013acac39917d9deca95c4f3b8909144bcd1b328393b2f4b340fa
RC107,solomon_txt,fff3fd68d110671ed442575f07cc547291586f30b00c5f73934d521d31311582,2,1,ok,True,15,2054876,2054.876,0.089517,0.500299,1,time_limit,solomon_exact_1000_v1,,,,,,0.5,,100,2,25,5d3f56a8df0d9ba91e368d7f3a64e9028fef5c9e1a9bdeff889848baf2b8ab27,False,n20,8bdcba27f35013acac39917d9deca95c4f3b8909144bcd1b328393b2f4b340fa
RC108,solomon_txt,006bc8817bf09f9a8c66af8d6f088bdec239b2eb435556e9d11193cf456f7aeb,0,1,ok,True,14,1963672,1963.672,0.091743,0.500295,1,time_limit,solomon_exact_1000_v1,,,,,,0.5,,100,2,25,5d3f56a8df0d9ba91e368d7f3a64e9028fef5c9e1a9bdeff889848baf2b8ab27,False,n20,8bdcba27f35013acac39917d9deca95c4f3b8909144bcd1b328393b2f4b340fa
RC108,solomon_txt,006bc8817bf09f9a8c66af8d6f088bdec239b2eb435556e9d11193cf456f7aeb,1,1,ok,True,14,1713479,1713.479,0.091824,0.500272,1,time_limit,solomon_exact_1000_v1,,,,,,0.5,,100,2,25,5d3f56a8df0d9ba91e368d7f3a64e9028fef5c9e1a9bdeff889848baf2b8ab27,False,n20,8bdcba27f35013acac39917d9deca95c4f3b8909144bcd1b328393b2f4b340fa
RC108,solomon_txt,006bc8817bf09f9a8c66af8d6f088bdec239b2eb435556e9d11193cf456f7aeb,2,1,ok,True,14,1740393,1740.393,0.098884,0.500338,1,time_limit,solomon_exact_1000_v1,,,,,,0.5,,100,2,25,5d3f56a8df0d9ba91e368d7f3a64e9028fef5c9e1a9bdeff889848baf2b8ab27,False,n20,8bdcba27f35013acac39917d9deca95c4f3b8909144bcd1b328393b2f4b340fa
RC201,solomon_txt,288836e2d8c2ace83ebbff77e03ac8cdffc574fc134cade21ef92713f8c52d44,0,1,ok,True,5,2429811,2429.811,0.216949,0.502124,0,time_limit,solomon_exact_1000_v1,,,,,,0.5,,100,2,25,5d3f56a8df0d9ba91e368d7f3a64e9028fef5c9e1a9bdeff889848baf2b8ab27,False,n20,8bdcba27f35013acac39917d9deca95c4f3b8909144bcd1b328393b2f4b340fa
RC201,solomon_txt,288836e2d8c2ace83ebbff77e03ac8cdffc574fc134cade21ef92713f8c52d44,1,1,ok,True,5,2429811,2429.811,0.186942,0.500577,0,time_limit,solomon_exact_1000_v1,,,,,,0.5,,100,2,25,5d3f56a8df0d9ba91e368d7f3a64e9028fef5c9e1a9bdeff889848baf2b8ab27,False,n20,8bdcba27f35013acac39917d9deca95c4f3b8909144bcd1b328393b2f4b340fa
RC201,solomon_txt,288836e2d8c2ace83ebbff77e03ac8cdffc574fc134cade21ef92713f8c52d44,2,1,ok,True,5,2429811,2429.811,0.252992,0.512244,0,time_limit,solomon_exact_1000_v1,,,,,,0.5,,100,2,25,5d3f56a8df0d9ba91e368d7f3a64e9028fef5c9e1a9bdeff889848baf2b8ab27,False,n20,8bdcba27f35013acac39917d9deca95c4f3b8909144bcd1b328393b2f4b340fa
RC202,solomon_txt,5a1dee2017ab0ca4fe280b392678c96e8b5bc71f22d02c8058fbde7c4cfebcf4,0,1,ok,True,4,1920411,1920.411,0.173129,0.500413,1,time_limit,solomon_exact_1000_v1,,,,,,0.5,,100,2,25,5d3f56a8df0d9ba91e368d7f3a64e9028fef5c9e1a9bdeff889848baf2b8ab27,False,n20,8bdcba27f35013acac39917d9deca95c4f3b8909144bcd1b328393b2f4b340fa
RC202,solomon_txt,5a1dee2017ab0ca4fe280b392678c96e8b5bc71f22d02c8058fbde7c4cfebcf4,1,1,ok,True,5,1998260,1998.26,0.23019,0.504846,0,time_limit,solomon_exact_1000_v1,,,,,,0.5,,100,2,25,5d3f56a8df0d9ba91e368d7f3a64e9028fef5c9e1a9bdeff889848baf2b8ab27,False,n20,8bdcba27f35013acac39917d9deca95c4f3b8909144bcd1b328393b2f4b340fa
RC202,solomon_txt,5a1dee2017ab0ca4fe280b392678c96e8b5bc71f22d02c8058fbde7c4cfebcf4,2,1,ok,True,4,1619243,1619.243,0.20839,0.505282,0,time_limit,solomon_exact_1000_v1,,,,,,0.5,,100,2,25,5d3f56a8df0d9ba91e368d7f3a64e9028fef5c9e1a9bdeff889848baf2b8ab27,False,n20,8bdcba27f35013acac39917d9deca95c4f3b8909144bcd1b328393b2f4b340fa
RC203,solomon_txt,4adcb362c23df91f14b828d4964e9383ffb02ee74217afc2d84571f83ed91f8b,0,1,ok,True,4,1158154,1158.154,0.181317,0.500472,0,time_limit,solomon_exact_1000_v1,,,,,,0.5,,100,2,25,5d3f56a8df0d9ba91e368d7f3a64e9028fef5c9e1a9bdeff889848baf2b8ab27,False,n20,8bdcba27f35013acac39917d9deca95c4f3b8909144bcd1b328393b2f4b340fa
RC203,solomon_txt,4adcb362c23df91f14b828d4964e9383ffb02ee74217afc2d84571f83ed91f8b,1,1,ok,True,4,1303205,1303.205,0.178404,0.500318,1,time_limit,solomon_exact_1000_v1,,,,,,0.5,,100,2,25,5d3f56a8df0d9ba91e368d7f3a64e9028fef5c9e1a9bdeff889848baf2b8ab27,False,n20,8bdcba27f35013acac39917d9deca95c4f3b8909144bcd1b328393b2f4b340fa
RC203,solomon_txt,4adcb362c23df91f14b828d4964e9383ffb02ee74217afc2d84571f83ed91f8b,2,1,ok,True,4,1061047,1061.047,0.206642,0.501456,0,time_limit,solomon_exact_1000_v1,,,,,,0.5,,100,2,25,5d3f56a8df0d9ba91e368d7f3a64e9028fef5c9e1a9bdeff889848baf2b8ab27,False,n20,8bdcba27f35013acac39917d9deca95c4f3b8909144bcd1b328393b2f4b340fa
RC204,solomon_txt,11e827eab51a959ebab66344e7b7cfd1aeed895287653b36a72c86a4440ecd77,0,1,ok,True,3,1500593,1500.593,0.284265,0.505238,0,time_limit,solomon_exact_1000_v1,,,,,,0.5,,100,2,25,5d3f56a8df0d9ba91e368d7f3a64e9028fef5c9e1a9bdeff889848baf2b8ab27,False,n20,8bdcba27f35013acac39917d9deca95c4f3b8909144bcd1b328393b2f4b340fa
RC204,solomon_txt,11e827eab51a959ebab66344e7b7cfd1aeed895287653b36a72c86a4440ecd77,1,1,ok,True,3,1500593,1500.593,0.272323,0.504552,0,time_limit,solomon_exact_1000_v1,,,,,,0.5,,100,2,25,5d3f56a8df0d9ba91e368d7f3a64e9028fef5c9e1a9bdeff889848baf2b8ab27,False,n20,8bdcba27f35013acac39917d9deca95c4f3b8909144bcd1b328393b2f4b340fa
RC204,solomon_txt,11e827eab51a959ebab66344e7b7cfd1aeed895287653b36a72c86a4440ecd77,2,1,ok,True,3,1500593,1500.593,0.279357,0.505075,0,time_limit,solomon_exact_1000_v1,,,,,,0.5,,100,2,25,5d3f56a8df0d9ba91e368d7f3a64e9028fef5c9e1a9bdeff889848baf2b8ab27,False,n20,8bdcba27f35013acac39917d9deca95c4f3b8909144bcd1b328393b2f4b340fa
RC205,solomon_txt,c061d306cf42310b0f3ca15612089f6c5a8d5604c0733bf26852477c787662c9,0,1,ok,True,4,1959415,1959.415,0.206694,0.501819,0,time_limit,solomon_exact_1000_v1,,,,,,0.5,,100,2,25,5d3f56a8df0d9ba91e368d7f3a64e9028fef5c9e1a9bdeff889848baf2b8ab27,False,n20,8bdcba27f35013acac39917d9deca95c4f3b8909144bcd1b328393b2f4b340fa
RC205,solomon_txt,c061d306cf42310b0f3ca15612089f6c5a8d5604c0733bf26852477c787662c9,1,1,ok,True,5,2063021,2063.021,0.200409,0.500851,0,time_limit,solomon_exact_1000_v1,,,,,,0.5,,100,2,25,5d3f56a8df0d9ba91e368d7f3a64e9028fef5c9e1a9bdeff889848baf2b8ab27,False,n20,8bdcba27f35013acac39917d9deca95c4f3b8909144bcd1b328393b2f4b340fa
RC205,solomon_txt,c061d306cf42310b0f3ca15612089f6c5a8d5604c0733bf26852477c787662c9,2,1,ok,True,4,1695820,1695.82,0.199436,0.500304,0,time_limit,solomon_exact_1000_v1,,,,,,0.5,,100,2,25,5d3f56a8df0d9ba91e368d7f3a64e9028fef5c9e1a9bdeff889848baf2b8ab27,False,n20,8bdcba27f35013acac39917d9deca95c4f3b8909144bcd1b328393b2f4b340fa
RC206,solomon_txt,5203aecf67c84df49e152645312a837ffefde529314ff892ca061538816e43a9,0,1,ok,True,4,2080287,2080.287,0.194327,0.500414,0,time_limit,solomon_exact_1000_v1,,,,,,0.5,,100,2,25,5d3f56a8df0d9ba91e368d7f3a64e9028fef5c9e1a9bdeff889848baf2b8ab27,False,n20,8bdcba27f35013acac39917d9deca95c4f3b8909144bcd1b328393b2f4b340fa
RC206,solomon_txt,5203aecf67c84df49e152645312a837ffefde529314ff892ca061538816e43a9,1,1,ok,True,4,1771858,1771.858,0.19976,0.501347,0,time_limit,solomon_exact_1000_v1,,,,,,0.5,,100,2,25,5d3f56a8df0d9ba91e368d7f3a64e9028fef5c9e1a9bdeff889848baf2b8ab27,False,n20,8bdcba27f35013acac39917d9deca95c4f3b8909144bcd1b328393b2f4b340fa
RC206,solomon_txt,5203aecf67c84df49e152645312a837ffefde529314ff892ca061538816e43a9,2,1,ok,True,4,1732495,1732.495,0.195879,0.500944,0,time_limit,solomon_exact_1000_v1,,,,,,0.5,,100,2,25,5d3f56a8df0d9ba91e368d7f3a64e9028fef5c9e1a9bdeff889848baf2b8ab27,False,n20,8bdcba27f35013acac39917d9deca95c4f3b8909144bcd1b328393b2f4b340fa
RC207,solomon_txt,5cab65f99b350cdb8fb1c4d0a12dde85eb4ff6a6d6daf292b182cb73de9a8b63,0,1,ok,True,4,1907431,1907.431,0.218269,0.501925,0,time_limit,solomon_exact_1000_v1,,,,,,0.5,,100,2,25,5d3f56a8df0d9ba91e368d7f3a64e9028fef5c9e1a9bdeff889848baf2b8ab27,False,n20,8bdcba27f35013acac39917d9deca95c4f3b8909144bcd1b328393b2f4b340fa
RC207,solomon_txt,5cab65f99b350cdb8fb1c4d0a12dde85eb4ff6a6d6daf292b182cb73de9a8b63,1,1,ok,True,4,1907431,1907.431,0.218789,0.502489,0,time_limit,solomon_exact_1000_v1,,,,,,0.5,,100,2,25,5d3f56a8df0d9ba91e368d7f3a64e9028fef5c9e1a9bdeff889848baf2b8ab27,False,n20,8bdcba27f35013acac39917d9deca95c4f3b8909144bcd1b328393b2f4b340fa
RC207,solomon_txt,5cab65f99b350cdb8fb1c4d0a12dde85eb4ff6a6d6daf292b182cb73de9a8b63,2,1,ok,True,4,1907431,1907.431,0.20723,0.501247,0,time_limit,solomon_exact_1000_v1,,,,,,0.5,,100,2,25,5d3f56a8df0d9ba91e368d7f3a64e9028fef5c9e1a9bdeff889848baf2b8ab27,False,n20,8bdcba27f35013acac39917d9deca95c4f3b8909144bcd1b328393b2f4b340fa
RC208,solomon_txt,3d67d2a8e2758a324643f5d6c6ca87e8c56435273eaa04be33f213bb991f1f28,0,1,ok,True,3,1365201,1365.201,0.217651,0.501634,0,time_limit,solomon_exact_1000_v1,,,,,,0.5,,100,2,25,5d3f56a8df0d9ba91e368d7f3a64e9028fef5c9e1a9bdeff889848baf2b8ab27,False,n20,8bdcba27f35013acac39917d9deca95c4f3b8909144bcd1b328393b2f4b340fa
RC208,solomon_txt,3d67d2a8e2758a324643f5d6c6ca87e8c56435273eaa04be33f213bb991f1f28,1,1,ok,True,4,1913075,1913.075,0.213544,0.501926,0,time_limit,solomon_exact_1000_v1,,,,,,0.5,,100,2,25,5d3f56a8df0d9ba91e368d7f3a64e9028fef5c9e1a9bdeff889848baf2b8ab27,False,n20,8bdcba27f35013acac39917d9deca95c4f3b8909144bcd1b328393b2f4b340fa
RC208,solomon_txt,3d67d2a8e2758a324643f5d6c6ca87e8c56435273eaa04be33f213bb991f1f28,2,1,ok,True,4,1913075,1913.075,0.217247,0.502212,0,time_limit,solomon_exact_1000_v1,,,,,,0.5,,100,2,25,5d3f56a8df0d9ba91e368d7f3a64e9028fef5c9e1a9bdeff889848baf2b8ab27,False,n20,8bdcba27f35013acac39917d9deca95c4f3b8909144bcd1b328393b2f4b340fa
C101,solomon_txt,a6da75152d182d60ecd2c6f854296f5be452f92282d096adebcf5d99a7f16516,0,1,ok,True,10,828937,828.937,0.070572,0.500438,1,time_limit,solomon_exact_1000_v1,,,,,,0.5,,100,2,25,5d3f56a8df0d9ba91e368d7f3a64e9028fef5c9e1a9bdeff889848baf2b8ab27,False,n40,bfc53a57563f03cc026886fad87aa6f4a061d6391858b8ba0f958ac4b4f7a482
C101,solomon_txt,a6da75152d182d60ecd2c6f854296f5be452f92282d096adebcf5d99a7f16516,1,1,ok,True,10,828937,828.937,0.067227,0.500465,2,time_limit,solomon_exact_1000_v1,,,,,,0.5,,100,2,25,5d3f56a8df0d9ba91e368d7f3a64e9028fef5c9e1a9bdeff889848baf2b8ab27,False,n40,bfc53a57563f03cc026886fad87aa6f4a061d6391858b8ba0f958ac4b4f7a482
C101,solomon_txt,a6da75152d182d60ecd2c6f854296f5be452f92282d096adebcf5d99a7f16516,2,1,ok,True,10,828937,828.937,0.100137,0.500596,1,time_limit,solomon_exact_1000_v1,,,,,,0.5,,100,2,25,5d3f56a8df0d9ba91e368d7f3a64e9028fef5c9e1a9bdeff889848baf2b8ab27,False,n40,bfc53a57563f03cc026886fad87aa6f4a061d6391858b8ba0f958ac4b4f7a482
C102,solomon_txt,f89a0e2a760cc7448a4ca72b88e5b29b94d64b5548f3320f42a6230025ead653,0,1,ok,True,10,1236879,1236.879,0.109012,0.500593,5,time_limit,solomon_exact_1000_v1,,,,,,0.5,,100,2,25,5d3f56a8df0d9ba91e368d7f3a64e9028fef5c9e1a9bdeff889848baf2b8ab27,False,n40,bfc53a57563f03cc026886fad87aa6f4a061d6391858b8ba0f958ac4b4f7a482
C102,solomon_txt,f89a0e2a760cc7448a4ca72b88e5b29b94d64b5548f3320f42a6230025ead653,1,1,ok,True,10,1169245,1169.245,0.104906,0.500622,5,time_limit,solomon_exact_1000_v1,,,,,,0.5,,100,2,25,5d3f56a8df0d9ba91e368d7f3a64e9028fef5c9e1a9bdeff889848baf2b8ab27,False,n40,bfc53a57563f03cc026886fad87aa6f4a061d6391858b8ba0f958ac4b4f7a482
C102,solomon_txt,f89a0e2a760cc7448a4ca72b88e5b29b94d64b5548f3320f42a6230025ead653,2,1,ok,True,10,1238830,1238.83,0.106734,0.50118,4,time_limit,solomon_exact_1000_v1,,,,,,0.5,,100,2,25,5d3f56a8df0d9ba91e368d7f3a64e9028fef5c9e1a9bdeff889848baf2b8ab27,False,n40,bfc53a57563f03cc026886fad87aa6f4a061d6391858b8ba0f958ac4b4f7a482
C103,solomon_txt,a55cabf15e0da9d65696a5fb45c9852889479893f76f772a428ca15d1b415a51,0,1,ok,True,10,1734848,1734.848,0.115839,0.500671,8,time_limit,solomon_exact_1000_v1,,,,,,0.5,,100,2,25,5d3f56a8df0d9ba91e368d7f3a64e9028fef5c9e1a9bdeff889848baf2b8ab27,False,n40,bfc53a57563f03cc026886fad87aa6f4a061d6391858b8ba0f958ac4b4f7a482
C103,solomon_txt,a55cabf15e0da9d65696a5fb45c9852889479893f76f772a428ca15d1b415a51,1,1,ok,True,10,1708177,1708.177,0.113751,0.500586,8,time_limit,solomon_exact_1000_v1,,,,,,0.5,,100,2,25,5d3f56a8df0d9ba91e368d7f3a64e9028fef5c9e1a9bdeff889848baf2b8ab27,False,n40,bfc53a57563f03cc026886fad87aa6f4a061d6391858b8ba0f958ac4b4f7a482
C103,solomon_txt,a55cabf15e0da9d65696a5fb45c9852889479893f76f772a428ca15d1b415a51,2,1,ok,True,10,1731479,1731.479,0.116361,0.500304,9,time_limit,solomon_exact_1000_v1,,,,,,0.5,,100,2,25,5d3f56a8df0d9ba91e368d7f3a64e9028fef5c9e1a9bdeff889848baf2b8ab27,False,n40,bfc53a57563f03cc026886fad87aa6f4a061d6391858b8ba0f958ac4b4f7a482
C104,solomon_txt,fe333e81625ee5a75bb2ce98c2c9f356d07289237865b62a23ba2f32f0de5ee2,0,1,ok,True,10,1741549,1741.549,0.136262,0.500631,8,time_limit,solomon_exact_1000_v1,,,,,,0.5,,100,2,25,5d3f56a8df0d9ba91e368d7f3a64e9028fef5c9e1a9bdeff889848baf2b8ab27,False,n40,bfc53a57563f03cc026886fad87aa6f4a061d6391858b8ba0f958ac4b4f7a482
C104,solomon_txt,fe333e81625ee5a75bb2ce98c2c9f356d07289237865b62a23ba2f32f0de5ee2,1,1,ok,True,10,1758195,1758.195,0.182169,0.500976,5,time_limit,solomon_exact_1000_v1,,,,,,0.5,,100,2,25,5d3f56a8df0d9ba91e368d7f3a64e9028fef5c9e1a9bdeff889848baf2b8ab27,False,n40,bfc53a57563f03cc026886fad87aa6f4a061d6391858b8ba0f958ac4b4f7a482
C104,solomon_txt,fe333e81625ee5a75bb2ce98c2c9f356d07289237865b62a23ba2f32f0de5ee2,2,1,ok,True,10,1687366,1687.366,0.199664,0.501069,7,time_limit,solomon_exact_1000_v1,,,,,,0.5,,100,2,25,5d3f56a8df0d9ba91e368d7f3a64e9028fef5c9e1a9bdeff889848baf2b8ab27,False,n40,bfc53a57563f03cc026886fad87aa6f4a061d6391858b8ba0f958ac4b4f7a482
C105,solomon_txt,9a877a3a6fb922e7ad9297cc0308bc8a5652cb1495a0228ee6b81b2d938aa29f,0,1,ok,True,10,1152670,1152.67,0.178299,0.500811,1,time_limit,solomon_exact_1000_v1,,,,,,0.5,,100,2,25,5d3f56a8df0d9ba91e368d7f3a64e9028fef5c9e1a9bdeff889848baf2b8ab27,False,n40,bfc53a57563f03cc026886fad87aa6f4a061d6391858b8ba0f958ac4b4f7a482
C105,solomon_txt,9a877a3a6fb922e7ad9297cc0308bc8a5652cb1495a0228ee6b81b2d938aa29f,1,1,ok,True,10,1039051,1039.051,0.171461,0.501082,1,time_limit,solomon_exact_1000_v1,,,,,,0.5,,100,2,25,5d3f56a8df0d9ba91e368d7f3a64e9028fef5c9e1a9bdeff889848baf2b8ab27,False,n40,bfc53a57563f03cc026886fad87aa6f4a061d6391858b8ba0f958ac4b4f7a482
C105,solomon_txt,9a877a3a6fb922e7ad9297cc0308bc8a5652cb1495a0228ee6b81b2d938aa29f,2,1,ok,True,10,1066901,1066.901,0.178855,0.501123,1,time_limit,solomon_exact_1000_v1,,,,,,0.5,,100,2,25,5d3f56a8df0d9ba91e368d7f3a64e9028fef5c9e1a9bdeff889848baf2b8ab27,False,n40,bfc53a57563f03cc026886fad87aa6f4a061d6391858b8ba0f958ac4b4f7a482
C106,solomon_txt,ec9b419bed53e9c607cce76e8c6bc59feb6e4d17646905601f008a4141ec7b40,0,1,ok,True,11,1084360,1084.36,0.166474,0.502327,0,time_limit,solomon_exact_1000_v1,,,,,,0.5,,100,2,25,5d3f56a8df0d9ba91e368d7f3a64e9028fef5c9e1a9bdeff889848baf2b8ab27,False,n40,bfc53a57563f03cc026886fad87aa6f4a061d6391858b8ba0f958ac4b4f7a482
C106,solomon_txt,ec9b419bed53e9c607cce76e8c6bc59feb6e4d17646905601f008a4141ec7b40,1,1,ok,True,10,1072780,1072.78,0.150892,0.500651,3,time_limit,solomon_exact_1000_v1,,,,,,0.5,,100,2,25,5d3f56a8df0d9ba91e368d7f3a64e9028fef5c9e1a9bdeff889848baf2b8ab27,False,n40,bfc53a57563f03cc026886fad87aa6f4a061d6391858b8ba0f958ac4b4f7a482
C106,solomon_txt,ec9b419bed53e9c607cce76e8c6bc59feb6e4d17646905601f008a4141ec7b40,2,1,ok,True,10,1084912,1084.912,0.12814,0.500653,1,time_limit,solomon_exact_1000_v1,,,,,,0.5,,100,2,25,5d3f56a8df0d9ba91e368d7f3a64e9028fef5c9e1a9bdeff889848baf2b8ab27,False,n40,bfc53a57563f03cc026886fad87aa6f4a061d6391858b8ba0f958ac4b4f7a482
C107,solomon_txt,cb3cdc10d812fa17370eb52cb753b6b0574426dc6fabeb8b9076ed750ddf05ca,0,1,ok,True,10,1088386,1088.386,0.169113,0.500646,1,time_limit,solomon_exact_1000_v1,,,,,,0.5,,100,2,25,5d3f56a8df0d9ba91e368d7f3a64e9028fef5c9e1a9bdeff889848baf2b8ab27,False,n40,bfc53a57563f03cc026886fad87aa6f4a061d6391858b8ba0f958ac4b4f7a482
C107,solomon_txt,cb3cdc10d812fa17370eb52cb753b6b0574426dc6fabeb8b9076ed750ddf05ca,1,1,ok,True,10,1119053,1119.053,0.171106,0.500661,1,time_limit,solomon_exact_1000_v1,,,,,,0.5,,100,2,25,5d3f56a8df0d9ba91e368d7f3a64e9028fef5c9e1a9bdeff889848baf2b8ab27,False,n40,bfc53a57563f03cc026886fad87aa6f4a061d6391858b8ba0f958ac4b4f7a482
C107,solomon_txt,cb3cdc10d812fa17370eb52cb753b6b0574426dc6fabeb8b9076ed750ddf05ca,2,1,ok,True,10,1087988,1087.988,0.153076,0.501161,1,time_limit,solomon_exact_1000_v1,,,,,,0.5,,100,2,25,5d3f56a8df0d9ba91e368d7f3a64e9028fef5c9e1a9bdeff889848baf2b8ab27,False,n40,bfc53a57563f03cc026886fad87aa6f4a061d6391858b8ba0f958ac4b4f7a482
C108,solomon_txt,b8c7e48f292b66b283d8e71511e3a4eccaa4c4bc66b9313c399e73b0226f5953,0,1,ok,True,11,2132182,2132.182,0.155311,0.511338,0,time_limit,solomon_exact_1000_v1,,,,,,0.5,,100,2,25,5d3f56a8df0d9ba91e368d7f3a64e9028fef5c9e1a9bdeff889848baf2b8ab27,False,n40,bfc53a57563f03cc026886fad87aa6f4a061d6391858b8ba0f958ac4b4f7a482
C108,solomon_txt,b8c7e48f292b66b283d8e71511e3a4eccaa4c4bc66b9313c399e73b0226f5953,1,1,ok,True,10,1561276,1561.276,0.170484,0.500663,2,time_limit,solomon_exact_1000_v1,,,,,,0.5,,100,2,25,5d3f56a8df0d9ba91e368d7f3a64e9028fef5c9e1a9bdeff889848baf2b8ab27,False,n40,bfc53a57563f03cc026886fad87aa6f4a061d6391858b8ba0f958ac4b4f7a482
C108,solomon_txt,b8c7e48f292b66b283d8e71511e3a4eccaa4c4bc66b9313c399e73b0226f5953,2,1,ok,True,10,1413548,1413.548,0.160968,0.500767,3,time_limit,solomon_exact_1000_v1,,,,,,0.5,,100,2,25,5d3f56a8df0d9ba91e368d7f3a64e9028fef5c9e1a9bdeff889848baf2b8ab27,False,n40,bfc53a57563f03cc026886fad87aa6f4a061d6391858b8ba0f958ac4b4f7a482
C109,solomon_txt,72d8489e14bf1bb18456f0b21b01110506cbcc2354719dae8481b480150f142a,0,1,ok,True,10,1601223,1601.223,0.20632,0.500697,6,time_limit,solomon_exact_1000_v1,,,,,,0.5,,100,2,25,5d3f56a8df0d9ba91e368d7f3a64e9028fef5c9e1a9bdeff889848baf2b8ab27,False,n40,bfc53a57563f03cc026886fad87aa6f4a061d6391858b8ba0f958ac4b4f7a482
C109,solomon_txt,72d8489e14bf1bb18456f0b21b01110506cbcc2354719dae8481b480150f142a,1,1,ok,True,10,1501778,1501.778,0.118702,0.500584,10,time_limit,solomon_exact_1000_v1,,,,,,0.5,,100,2,25,5d3f56a8df0d9ba91e368d7f3a64e9028fef5c9e1a9bdeff889848baf2b8ab27,False,n40,bfc53a57563f03cc026886fad87aa6f4a061d6391858b8ba0f958ac4b4f7a482
C109,solomon_txt,72d8489e14bf1bb18456f0b21b01110506cbcc2354719dae8481b480150f142a,2,1,ok,True,10,1617563,1617.563,0.139006,0.500671,7,time_limit,solomon_exact_1000_v1,,,,,,0.5,,100,2,25,5d3f56a8df0d9ba91e368d7f3a64e9028fef5c9e1a9bdeff889848baf2b8ab27,False,n40,bfc53a57563f03cc026886fad87aa6f4a061d6391858b8ba0f958ac4b4f7a482
C201,solomon_txt,d8d9834087ae2326fa23a8510533060233dc9fb481873be60956eb26a880ad63,0,1,ok,True,3,704252,704.252,0.372882,0.501051,1,time_limit,solomon_exact_1000_v1,,,,,,0.5,,100,2,25,5d3f56a8df0d9ba91e368d7f3a64e9028fef5c9e1a9bdeff889848baf2b8ab27,False,n40,bfc53a57563f03cc026886fad87aa6f4a061d6391858b8ba0f958ac4b4f7a482
C201,solomon_txt,d8d9834087ae2326fa23a8510533060233dc9fb481873be60956eb26a880ad63,1,1,ok,True,3,704252,704.252,0.360608,0.501095,1,time_limit,solomon_exact_1000_v1,,,,,,0.5,,100,2,25,5d3f56a8df0d9ba91e368d7f3a64e9028fef5c9e1a9bdeff889848baf2b8ab27,False,n40,bfc53a57563f03cc026886fad87aa6f4a061d6391858b8ba0f958ac4b4f7a482
C201,solomon_txt,d8d9834087ae2326fa23a8510533060233dc9fb481873be60956eb26a880ad63,2,1,ok,True,3,704252,704.252,0.463366,0.500395,1,time_limit,solomon_exact_1000_v1,,,,,,0.5,,100,2,25,5d3f56a8df0d9ba91e368d7f3a64e9028fef5c9e1a9bdeff889848baf2b8ab27,False,n40,bfc53a57563f03cc026886fad87aa6f4a061d6391858b8ba0f958ac4b4f7a482
C202,solomon_txt,dfc8ecad79f6c7ffb096cd36994143569f0babe284d5ad194683271d81063772,0,1,ok,True,3,745233,745.233,0.316845,0.500564,2,time_limit,solomon_exact_1000_v1,,,,,,0.5,,100,2,25,5d3f56a8df0d9ba91e368d7f3a64e9028fef5c9e1a9bdeff889848baf2b8ab27,False,n40,bfc53a57563f03cc026886fad87aa6f4a061d6391858b8ba0f958ac4b4f7a482
C202,solomon_txt,dfc8ecad79f6c7ffb096cd36994143569f0babe284d5ad194683271d81063772,1,1,ok,True,3,746236,746.236,0.333801,0.500931,1,time_limit,solomon_exact_1000_v1,,,,,,0.5,,100,2,25,5d3f56a8df0d9ba91e368d7f3a64e9028fef5c9e1a9bdeff889848baf2b8ab27,False,n40,bfc53a57563f03cc026886fad87aa6f4a061d6391858b8ba0f958ac4b4f7a482
C202,solomon_txt,dfc8ecad79f6c7ffb096cd36994143569f0babe284d5ad194683271d81063772,2,1,ok,True,3,746236,746.236,0.343584,0.500955,1,time_limit,solomon_exact_1000_v1,,,,,,0.5,,100,2,25,5d3f56a8df0d9ba91e368d7f3a64e9028fef5c9e1a9bdeff889848baf2b8ab27,False,n40,bfc53a57563f03cc026886fad87aa6f4a061d6391858b8ba0f958ac4b4f7a482
C203,solomon_txt,2b79eea2962a848cb29f6153d4fb4ae725d35507686d937da6643b33fcd85062,0,1,ok,True,4,894861,894.861,0.374898,0.520736,0,time_limit,solomon_exact_1000_v1,,,,,,0.5,,100,2,25,5d3f56a8df0d9ba91e368d7f3a64e9028fef5c9e1a9bdeff889848baf2b8ab27,False,n40,bfc53a57563f03cc026886fad87aa6f4a061d6391858b8ba0f958ac4b4f7a482
C203,solomon_txt,2b79eea2962a848cb29f6153d4fb4ae725d35507686d937da6643b33fcd85062,1,1,ok,True,4,894861,894.861,0.369721,0.52677,0,time_limit,solomon_exact_1000_v1,,,,,,0.5,,100,2,25,5d3f56a8df0d9ba91e368d7f3a64e9028fef5c9e1a9bdeff889848baf2b8ab27,False,n40,bfc53a57563f03cc026886fad87aa6f4a061d6391858b8ba0f958ac4b4f7a482
C203,solomon_txt,2b79eea2962a848cb29f6153d4fb4ae725d35507686d937da6643b33fcd85062,2,1,ok,True,4,894861,894.861,0.2961,0.522154,0,time_limit,solomon_exact_1000_v1,,,,,,0.5,,100,2,25,5d3f56a8df0d9ba91e368d7f3a64e9028fef5c9e1a9bdeff889848baf2b8ab27,False,n40,bfc53a57563f03cc026886fad87aa6f4a061d6391858b8ba0f958ac4b4f7a482
C204,solomon_txt,4331b2744d34e32c2987e3fe8a82b782a2039d757d2aac818f7e0fd21117bfb4,0,1,ok,True,4,1439548,1439.548,0.347354,0.521245,0,time_limit,solomon_exact_1000_v1,,,,,,0.5,,100,2,25,5d3f56a8df0d9ba91e368d7f3a64e9028fef5c9e1a9bdeff889848baf2b8ab27,False,n40,bfc53a57563f03cc026886fad87aa6f4a061d6391858b8ba0f958ac4b4f7a482
C204,solomon_txt,4331b2744d34e32c2987e3fe8a82b782a2039d757d2aac818f7e0fd21117bfb4,1,1,ok,True,4,1439548,1439.548,0.371097,0.519105,0,time_limit,solomon_exact_1000_v1,,,,,,0.5,,100,2,25,5d3f56a8df0d9ba91e368d7f3a64e9028fef5c9e1a9bdeff889848baf2b8ab27,False,n40,bfc53a57563f03cc026886fad87aa6f4a061d6391858b8ba0f958ac4b4f7a482
C204,solomon_txt,4331b2744d34e32c2987e3fe8a82b782a2039d757d2aac818f7e0fd21117bfb4,2,1,ok,True,4,1439548,1439.548,0.289923,0.507574,0,time_limit,solomon_exact_1000_v1,,,,,,0.5,,100,2,25,5d3f56a8df0d9ba91e368d7f3a64e9028fef5c9e1a9bdeff889848baf2b8ab27,False,n40,bfc53a57563f03cc026886fad87aa6f4a061d6391858b8ba0f958ac4b4f7a482
C205,solomon_txt,15be2bb8c3e4ad99a79d1e7ee0472223feb95a4f423d010e032bda0a87266ca5,0,1,ok,True,4,912158,912.158,0.295838,0.507325,0,time_limit,solomon_exact_1000_v1,,,,,,0.5,,100,2,25,5d3f56a8df0d9ba91e368d7f3a64e9028fef5c9e1a9bdeff889848baf2b8ab27,False,n40,bfc53a57563f03cc026886fad87aa6f4a061d6391858b8ba0f958ac4b4f7a482
C205,solomon_txt,15be2bb8c3e4ad99a79d1e7ee0472223feb95a4f423d010e032bda0a87266ca5,1,1,ok,True,4,912158,912.158,0.323744,0.508938,0,time_limit,solomon_exact_1000_v1,,,,,,0.5,,100,2,25,5d3f56a8df0d9ba91e368d7f3a64e9028fef5c9e1a9bdeff889848baf2b8ab27,False,n40,bfc53a57563f03cc026886fad87aa6f4a061d6391858b8ba0f958ac4b4f7a482
C205,solomon_txt,15be2bb8c3e4ad99a79d1e7ee0472223feb95a4f423d010e032bda0a87266ca5,2,1,ok,True,4,912158,912.158,0.252879,0.505597,0,time_limit,solomon_exact_1000_v1,,,,,,0.5,,100,2,25,5d3f56a8df0d9ba91e368d7f3a64e9028fef5c9e1a9bdeff889848baf2b8ab27,False,n40,bfc53a57563f03cc026886fad87aa6f4a061d6391858b8ba0f958ac4b4f7a482
C206,solomon_txt,745b6c7042707ffbbfc4d681ee02a84431425f1dfb3c8aa85ecf003fec8f7e53,0,1,ok,True,4,1154595,1154.595,0.318565,0.509695,0,time_limit,solomon_exact_1000_v1,,,,,,0.5,,100,2,25,5d3f56a8df0d9ba91e368d7f3a64e9028fef5c9e1a9bdeff889848baf2b8ab27,False,n40,bfc53a57563f03cc026886fad87aa6f4a061d6391858b8ba0f958ac4b4f7a482
C206,solomon_txt,745b6c7042707ffbbfc4d681ee02a84431425f1dfb3c8aa85ecf003fec8f7e53,1,1,ok,True,4,1154595,1154.595,0.291886,0.50858,0,time_limit,solomon_exact_1000_v1,,,,,,0.5,,100,2,25,5d3f56a8df0d9ba91e368d7f3a64e9028fef5c9e1a9bdeff889848baf2b8ab27,False,n40,bfc53a57563f03cc026886fad87aa6f4a061d6391858b8ba0f958ac4b4f7a482
C206,solomon_txt,745b6c7042707ffbbfc4d681ee02a84431425f1dfb3c8aa85ecf003fec8f7e53,2,1,ok,True,4,1154595,1154.595,0.271056,0.507427,0,time_limit,solomon_exact_1000_v1,,,,,,0.5,,100,2,25,5d3f56a8df0d9ba91e368d7f3a64e9028fef5c9e1a9bdeff889848baf2b8ab27,False,n40,bfc53a57563f03cc026886fad87aa6f4a061d6391858b8ba0f958ac4b4f7a482
C207,solomon_txt,a33f03570a944c8a6d185fd6a173e66c68e67c399a4958b2d5b6d49533ace4a4,0,1,ok,True,4,980937,980.937,0.286433,0.509008,0,time_limit,solomon_exact_1000_v1,,,,,,0.5,,100,2,25,5d3f56a8df0d9ba91e368d7f3a64e9028fef5c9e1a9bdeff889848baf2b8ab27,False,n40,bfc53a57563f03cc026886fad87aa6f4a061d6391858b8ba0f958ac4b4f7a482
C207,solomon_txt,a33f03570a944c8a6d185fd6a173e66c68e67c399a4958b2d5b6d49533ace4a4,1,1,ok,True,4,980937,980.937,0.272174,0.508323,0,time_limit,solomon_exact_1000_v1,,,,,,0.5,,100,2,25,5d3f56a8df0d9ba91e368d7f3a64e9028fef5c9e1a9bdeff889848baf2b8ab27,False,n40,bfc53a57563f03cc026886fad87aa6f4a061d6391858b8ba0f958ac4b4f7a482
C207,solomon_txt,a33f03570a944c8a6d185fd6a173e66c68e67c399a4958b2d5b6d49533ace4a4,2,1,ok,True,4,980937,980.937,0.389276,0.520634,0,time_limit,solomon_exact_1000_v1,,,,,,0.5,,100,2,25,5d3f56a8df0d9ba91e368d7f3a64e9028fef5c9e1a9bdeff889848baf2b8ab27,False,n40,bfc53a57563f03cc026886fad87aa6f4a061d6391858b8ba0f958ac4b4f7a482
C208,solomon_txt,1c2f2381b8743680dbeb34322869cbf5a6cdd8c281f4bcffdb99b533e601874b,0,1,ok,True,4,957831,957.831,0.260886,0.50396,0,time_limit,solomon_exact_1000_v1,,,,,,0.5,,100,2,25,5d3f56a8df0d9ba91e368d7f3a64e9028fef5c9e1a9bdeff889848baf2b8ab27,False,n40,bfc53a57563f03cc026886fad87aa6f4a061d6391858b8ba0f958ac4b4f7a482
C208,solomon_txt,1c2f2381b8743680dbeb34322869cbf5a6cdd8c281f4bcffdb99b533e601874b,1,1,ok,True,4,957831,957.831,0.270128,0.504681,0,time_limit,solomon_exact_1000_v1,,,,,,0.5,,100,2,25,5d3f56a8df0d9ba91e368d7f3a64e9028fef5c9e1a9bdeff889848baf2b8ab27,False,n40,bfc53a57563f03cc026886fad87aa6f4a061d6391858b8ba0f958ac4b4f7a482
C208,solomon_txt,1c2f2381b8743680dbeb34322869cbf5a6cdd8c281f4bcffdb99b533e601874b,2,1,ok,True,4,957831,957.831,0.283108,0.506688,0,time_limit,solomon_exact_1000_v1,,,,,,0.5,,100,2,25,5d3f56a8df0d9ba91e368d7f3a64e9028fef5c9e1a9bdeff889848baf2b8ab27,False,n40,bfc53a57563f03cc026886fad87aa6f4a061d6391858b8ba0f958ac4b4f7a482
R101,solomon_txt,3f3655182bc0fe44ce5de65fdcd2ee2f9c7fb9ed055f923635151d9d6f76d3ed,0,1,ok,True,22,1914025,1914.025,0.074953,0.500302,1,time_limit,solomon_exact_1000_v1,,,,,,0.5,,100,2,25,5d3f56a8df0d9ba91e368d7f3a64e9028fef5c9e1a9bdeff889848baf2b8ab27,False,n40,bfc53a57563f03cc026886fad87aa6f4a061d6391858b8ba0f958ac4b4f7a482
R101,solomon_txt,3f3655182bc0fe44ce5de65fdcd2ee2f9c7fb9ed055f923635151d9d6f76d3ed,1,1,ok,True,21,1903068,1903.068,0.083014,0.500319,1,time_limit,solomon_exact_1000_v1,,,,,,0.5,,100,2,25,5d3f56a8df0d9ba91e368d7f3a64e9028fef5c9e1a9bdeff889848baf2b8ab27,False,n40,bfc53a57563f03cc026886fad87aa6f4a061d6391858b8ba0f958ac4b4f7a482
R101,solomon_txt,3f3655182bc0fe44ce5de65fdcd2ee2f9c7fb9ed055f923635151d9d6f76d3ed,2,1,ok,True,21,1875855,1875.855,0.110979,0.500292,1,time_limit,solomon_exact_1000_v1,,,,,,0.5,,100,2,25,5d3f56a8df0d9ba91e368d7f3a64e9028fef5c9e1a9bdeff889848baf2b8ab27,False,n40,bfc53a57563f03cc026886fad87aa6f4a061d6391858b8ba0f958ac4b4f7a482
R102,solomon_txt,eeb23171b7e4fbfc80bf000ca770329109900fbd7273fa8b9d1f95b7dfe683c3,0,1,ok,True,19,1643648,1643.648,0.095945,0.500519,1,time_limit,solomon_exact_1000_v1,,,,,,0.5,,100,2,25,5d3f56a8df0d9ba91e368d7f3a64e9028fef5c9e1a9bdeff889848baf2b8ab27,False,n40,bfc53a57563f03cc026886fad87aa6f4a061d6391858b8ba0f958ac4b4f7a482
R102,solomon_txt,eeb23171b7e4fbfc80bf000ca770329109900fbd7273fa8b9d1f95b7dfe683c3,1,1,ok,True,19,1699360,1699.36,0.081221,0.500302,1,time_limit,solomon_exact_1000_v1,,,,,,0.5,,100,2,25,5d3f56a8df0d9ba91e368d7f3a64e9028fef5c9e1a9bdeff889848baf2b8ab27,False,n40,bfc53a57563f03cc026886fad87aa6f4a061d6391858b8ba0f958ac4b4f7a482
R102,solomon_txt,eeb23171b7e4fbfc80bf000ca770329109900fbd7273fa8b9d1f95b7dfe683c3,2,1,ok,True,19,1606305,1606.305,0.079371,0.500314,1,time_limit,solomon_exact_1000_v1,,,,,,0.5,,100,2,25,5d3f56a8df0d9ba91e368d7f3a64e9028fef5c9e1a9bdeff889848baf2b8ab27,False,n40,bfc53a57563f03cc026886fad87aa6f4a061d6391858b8ba0f958ac4b4f7a482
R103,solomon_txt,1f833e8648ba39e0edc76754fb49e81777a7175cf7b084c3f60a12607bfb3991,0,1,ok,True,14,1546015,1546.015,0.092091,0.50029,1,time_limit,solomon_exact_1000_v1,,,,,,0.5,,100,2,25,5d3f56a8df0d9ba91e368d7f3a64e9028fef5c9e1a9bdeff889848baf2b8ab27,False,n40,bfc53a57563f03cc026886fad87aa6f4a061d6391858b8ba0f958ac4b4f7a482
R103,solomon_txt,1f833e8648ba39e0edc76754fb49e81777a7175cf7b084c3f60a12607bfb3991,1,1,ok,True,14,1546015,1546.015,0.13958,0.50028,1,time_limit,solomon_exact_1000_v1,,,,,,0.5,,100,2,25,5d3f56a8df0d9ba91e368d7f3a64e9028fef5c9e1a9bdeff889848baf2b8ab27,False,n40,bfc53a57563f03cc026886fad87aa6f4a061d6391858b8ba0f958ac4b4f7a482
R103,solomon_txt,1f833e8648ba39e0edc76754fb49e81777a7175cf7b084c3f60a12607bfb3991,2,1,ok,True,14,1546015,1546.015,0.113509,0.500286,1,time_limit,solomon_exact_1000_v1,,,,,,0.5,,100,2,25,5d3f56a8df0d9ba91e368d7f3a64e9028fef5c9e1a9bdeff889848baf2b8ab27,False,n40,bfc53a57563f03cc026886fad87aa6f4a061d6391858b8ba0f958ac4b4f7a482
R104,solomon_txt,dd087124311d91facd81736debbfc7d0f351d27942917e2d76cbafd01e6183b7,0,1,ok,True,11,1186697,1186.697,0.105505,0.505142,0,time_limit,solomon_exact_1000_v1,,,,,,0.5,,100,2,25,5d3f56a8df0d9ba91e368d7f3a64e9028fef5c9e1a9bdeff889848baf2b8ab27,False,n40,bfc53a57563f03cc026886fad87aa6f4a061d6391858b8ba0f958ac4b4f7a482
R104,solomon_txt,dd087124311d91facd81736debbfc7d0f351d27942917e2d76cbafd01e6183b7,1,1,ok,True,11,1241810,1241.81,0.153981,0.500286,1,time_limit,solomon_exact_1000_v1,,,,,,0.5,,100,2,25,5d3f56a8df0d9ba91e368d7f3a64e9028fef5c9e1a9bdeff889848baf2b8ab27,False,n40,bfc53a57563f03cc026886fad87aa6f4a061d6391858b8ba0f958ac4b4f7a482
R104,solomon_txt,dd087124311d91facd81736debbfc7d0f351d27942917e2d76cbafd01e6183b7,2,1,ok,True,11,1321819,1321.819,0.107907,0.500268,1,time_limit,solomon_exact_1000_v1,,,,,,0.5,,100,2,25,5d3f56a8df0d9ba91e368d7f3a64e9028fef5c9e1a9bdeff889848baf2b8ab27,False,n40,bfc53a57563f03cc026886fad87aa6f4a061d6391858b8ba0f958ac4b4f7a482
R105,solomon_txt,ff1a614f8458d6339b3f54d8e4ca2dcf0a35c96012f477f6a819ae481de85ca4,0,1,ok,True,17,1734216,1734.216,0.105145,0.500408,1,time_limit,solomon_exact_1000_v1,,,,,,0.5,,100,2,25,5d3f56a8df0d9ba91e368d7f3a64e9028fef5c9e1a9bdeff889848baf2b8ab27,False,n40,bfc53a57563f03cc026886fad87aa6f4a061d6391858b8ba0f958ac4b4f7a482
R105,solomon_txt,ff1a614f8458d6339b3f54d8e4ca2dcf0a35c96012f477f6a819ae481de85ca4,1,1,ok,True,17,1683209,1683.209,0.146878,0.502456,0,time_limit,solomon_exact_1000_v1,,,,,,0.5,,100,2,25,5d3f56a8df0d9ba91e368d7f3a64e9028fef5c9e1a9bdeff889848baf2b8ab27,False,n40,bfc53a57563f03cc026886fad87aa6f4a061d6391858b8ba0f958ac4b4f7a482
R105,solomon_txt,ff1a614f8458d6339b3f54d8e4ca2dcf0a35c96012f477f6a819ae481de85ca4,2,1,ok,True,17,1834998,1834.998,0.08731,0.50031,1,time_limit,solomon_exact_1000_v1,,,,,,0.5,,100,2,25,5d3f56a8df0d9ba91e368d7f3a64e9028fef5c9e1a9bdeff889848baf2b8ab27,False,n40,bfc53a57563f03cc026886fad87aa6f4a061d6391858b8ba0f958ac4b4f7a482
R106,solomon_txt,31b8783d177f0fbe1c84b8f085fbf28b1989a80e4c00f49f5654ebef99835e97,0,1,ok,True,14,1545086,1545.086,0.083702,0.500287,1,time_limit,solomon_exact_1000_v1,,,,,,0.5,,100,2,25,5d3f56a8df0d9ba91e368d7f3a64e9028fef5c9e1a9bdeff889848baf2b8ab27,False,n40,bfc53a57563f03cc026886fad87aa6f4a061d6391858b8ba0f958ac4b4f7a482
R106,solomon_txt,31b8783d177f0fbe1c84b8f085fbf28b1989a80e4c00f49f5654ebef99835e97,1,1,ok,True,14,1642821,1642.821,0.089085,0.500312,1,time_limit,solomon_exact_1000_v1,,,,,,0.5,,100,2,25,5d3f56a8df0d9ba91e368d7f3a64e9028fef5c9e1a9bdeff889848baf2b8ab27,False,n40,bfc53a57563f03cc026886fad87aa6f4a061d6391858b8ba0f958ac4b4f7a482
R106,solomon_txt,31b8783d177f0fbe1c84b8f085fbf28b1989a80e4c00f49f5654ebef99835e97,2,1,ok,True,14,1559373,1559.373,0.087133,0.500297,1,time_limit,solomon_exact_1000_v1,,,,,,0.5,,100,2,25,5d3f56a8df0d9ba91e368d7f3a64e9028fef5c9e1a9bdeff889848baf2b8ab27,False,n40,bfc53a57563f03cc026886fad87aa6f4a061d6391858b8ba0f958ac4b4f7a482
R107,solomon_txt,dba2b257a1d43d7c78d5e3a9f09091a2b125d3fbec78c0c8a1782add669a1275,0,1,ok,True,12,1283469,1283.469,0.0974,0.500284,1,time_limit,solomon_exact_1000_v1,,,,,,0.5,,100,2,25,5d3f56a8df0d9ba91e368d7f3a64e9028fef5c9e1a9bdeff889848baf2b8ab27,False,n40,bfc53a57563f03cc026886fad87aa6f4a061d6391858b8ba0f958ac4b4f7a482
R107,solomon_txt,dba2b257a1d43d7c78d5e3a9f09091a2b125d3fbec78c0c8a1782add669a1275,1,1,ok,True,12,1525686,1525.686,0.149113,0.508432,0,time_limit,solomon_exact_1000_v1,,,,,,0.5,,100,2,25,5d3f56a8df0d9ba91e368d7f3a64e9028fef5c9e1a9bdeff889848baf2b8ab27,False,n40,bfc53a57563f03cc026886fad87aa6f4a061d6391858b8ba0f958ac4b4f7a482
R107,solomon_txt,dba2b257a1d43d7c78d5e3a9f09091a2b125d3fbec78c0c8a1782add669a1275,2,1,ok,True,12,1486083,1486.083,0.105729,0.50243,0,time_limit,solomon_exact_1000_v1,,,,,,0.5,,100,2,25,5d3f56a8df0d9ba91e368d7f3a64e9028fef5c9e1a9bdeff889848baf2b8ab27,False,n40,bfc53a57563f03cc026886fad87aa6f4a061d6391858b8ba0f958ac4b4f7a482
R108,solomon_txt,65cae09f4099b7e70d2b723e0e3a30aa1494c75a367bb894a3fd13241ee639d4,0,1,ok,True,11,1315436,1315.436,0.123194,0.500512,1,time_limit,solomon_exact_1000_v1,,,,,,0.5,,100,2,25,5d3f56a8df0d9ba91e368d7f3a64e9028fef5c9e1a9bdeff889848baf2b8ab27,False,n40,bfc53a57563f03cc026886fad87aa6f4a061d6391858b8ba0f958ac4b4f7a482
R108,solomon_txt,65cae09f4099b7e70d2b723e0e3a30aa1494c75a367bb894a3fd13241ee639d4,1,1,ok,True,11,1328171,1328.171,0.118667,0.50333,0,time_limit,solomon_exact_1000_v1,,,,,,0.5,,100,2,25,5d3f56a8df0d9ba91e368d7f3a64e9028fef5c9e1a9bdeff889848baf2b8ab27,False,n40,bfc53a57563f03cc026886fad87aa6f4a061d6391858b8ba0f958ac4b4f7a482
R108,solomon_txt,65cae09f4099b7e70d2b723e0e3a30aa1494c75a367bb894a3fd13241ee639d4,2,1,ok,True,11,1360850,1360.85,0.131071,0.507699,0,time_limit,solomon_exact_1000_v1,,,,,,0.5,,100,2,25,5d3f56a8df0d9ba91e368d7f3a64e9028fef5c9e1a9bdeff889848baf2b8ab27,False,n40,bfc53a57563f03cc026886fad87aa6f4a061d6391858b8ba0f958ac4b4f7a482
R109,solomon_txt,4ef24030e8c48de5f85dcd90c5739186004fc8dec87533b6467013cf996f4777,0,1,ok,True,17,1563711,1563.711,0.120513,0.502919,0,time_limit,solomon_exact_1000_v1,,,,,,0.5,,100,2,25,5d3f56a8df0d9ba91e368d7f3a64e9028fef5c9e1a9bdeff889848baf2b8ab27,False,n40,bfc53a57563f03cc026886fad87aa6f4a061d6391858b8ba0f958ac4b4f7a482
R109,solomon_txt,4ef24030e8c48de5f85dcd90c5739186004fc8dec87533b6467013cf996f4777,1,1,ok,True,17,1640642,1640.642,0.11616,0.503434,0,time_limit,solomon_exact_1000_v1,,,,,,0.5,,100,2,25,5d3f56a8df0d9ba91e368d7f3a64e9028fef5c9e1a9bdeff889848baf2b8ab27,False,n40,bfc53a57563f03cc026886fad87aa6f4a061d6391858b8ba0f958ac4b4f7a482
R109,solomon_txt,4ef24030e8c48de5f85dcd90c5739186004fc8dec87533b6467013cf996f4777,2,1,ok,True,17,1630060,1630.06,0.131908,0.500303,1,time_limit,solomon_exact_1000_v1,,,,,,0.5,,100,2,25,5d3f56a8df0d9ba91e368d7f3a64e9028fef5c9e1a9bdeff889848baf2b8ab27,False,n40,bfc53a57563f03cc026886fad87aa6f4a061d6391858b8ba0f958ac4b4f7a482
R110,solomon_txt,14cb53cb99af61d3d708f07564b9a72d146e7c26b4f10507cfaf3bc828f34bfa,0,1,ok,True,14,1574826,1574.826,0.118084,0.505977,0,time_limit,solomon_exact_1000_v1,,,,,,0.5,,100,2,25,5d3f56a8df0d9ba91e368d7f3a64e9028fef5c9e1a9bdeff889848baf2b8ab27,False,n40,bfc53a57563f03cc026886fad87aa6f4a061d6391858b8ba0f958ac4b4f7a482
R110,solomon_txt,14cb53cb99af61d3d708f07564b9a72d146e7c26b4f10507cfaf3bc828f34bfa,1,1,ok,True,14,1444623,1444.623,0.13542,0.519117,0,time_limit,solomon_exact_1000_v1,,,,,,0.5,,100,2,25,5d3f56a8df0d9ba91e368d7f3a64e9028fef5c9e1a9bdeff889848baf2b8ab27,False,n40,bfc53a57563f03cc026886fad87aa6f4a061d6391858b8ba0f958ac4b4f7a482
R110,solomon_txt,14cb53cb99af61d3d708f07564b9a72d146e7c26b4f10507cfaf3bc828f34bfa,2,1,ok,True,13,1564765,1564.765,0.099869,0.500285,1,time_limit,solomon_exact_1000_v1,,,,,,0.5,,100,2,25,5d3f56a8df0d9ba91e368d7f3a64e9028fef5c9e1a9bdeff889848baf2b8ab27,False,n40,bfc53a57563f03cc026886fad87aa6f4a061d6391858b8ba0f958ac4b4f7a482
R111,solomon_txt,3d94a73b1f2fe8aae4618b9d9ea254cff2e3924a6a841aa390096ec6c60f258d,0,1,ok,True,12,1406336,1406.336,0.107016,0.500437,1,time_limit,solomon_exact_1000_v1,,,,,,0.5,,100,2,25,5d3f56a8df0d9ba91e368d7f3a64e9028fef5c9e1a9bdeff889848baf2b8ab27,False,n40,bfc53a57563f03cc026886fad87aa6f4a061d6391858b8ba0f958ac4b4f7a482
R111,solomon_txt,3d94a73b1f2fe8aae4618b9d9ea254cff2e3924a6a841aa390096ec6c60f258d,1,1,ok,True,12,1480321,1480.321,0.112469,0.500394,0,time_limit,solomon_exact_1000_v1,,,,,,0.5,,100,2,25,5d3f56a8df0d9ba91e368d7f3a64e9028fef5c9e1a9bdeff889848baf2b8ab27,False,n40,bfc53a57563f03cc026886fad87aa6f4a061d6391858b8ba0f958ac4b4f7a482
R111,solomon_txt,3d94a73b1f2fe8aae4618b9d9ea254cff2e3924a6a841aa390096ec6c60f258d,2,1,ok,True,12,1307395,1307.395,0.120757,0.501425,0,time_limit,solomon_exact_1000_v1,,,,,,0.5,,100,2,25,5d3f56a8df0d9ba91e368d7f3a64e9028fef5c9e1a9bdeff889848baf2b8ab27,False,n40,bfc53a57563f03cc026886fad87aa6f4a061d6391858b8ba0f958ac4b4f7a482
R112,solomon_txt,a0e93149d59d30c356619891d192e86d0f16c3158e1dac3bd9f23c6deb718271,0,1,ok,True,13,1534215,1534.215,0.111625,0.504114,0,time_limit,solomon_exact_1000_v1,,,,,,0.5,,100,2,25,5d3f56a8df0d9ba91e368d7f3a64e9028fef5c9e1a9bdeff889848baf2b8ab27,False,n40,bfc53a57563f03cc026886fad87aa6f4a061d6391858b8ba0f958ac4b4f7a482
R112,solomon_txt,a0e93149d59d30c356619891d192e86d0f16c3158e1dac3bd9f23c6deb718271,1,1,ok,True,13,1430041,1430.041,0.124531,0.5005,0,time_limit,solomon_exact_1000_v1,,,,,,0.5,,100,2,25,5d3f56a8df0d9ba91e368d7f3a64e9028fef5c9e1a9bdeff889848baf2b8ab27,False,n40,bfc53a57563f03cc026886fad87aa6f4a061d6391858b8ba0f958ac4b4f7a482
R112,solomon_txt,a0e93149d59d30c356619891d192e86d0f16c3158e1dac3bd9f23c6deb718271,2,1,ok,True,13,1413165,1413.165,0.101468,0.500466,1,time_limit,solomon_exact_1000_v1,,,,,,0.5,,100,2,25,5d3f56a8df0d9ba91e368d7f3a64e9028fef5c9e1a9bdeff889848baf2b8ab27,False,n40,bfc53a57563f03cc026886fad87aa6f4a061d6391858b8ba0f958ac4b4f7a482
R201,solomon_txt,0be960ec998fff2cab0bdbcc5194c617e5ca0a79c82c5b32b1d4bd98b2cae210,0,1,ok,True,5,1726658,1726.658,0.26569,0.511905,0,time_limit,solomon_exact_1000_v1,,,,,,0.5,,100,2,25,5d3f56a8df0d9ba91e368d7f3a64e9028fef5c9e1a9bdeff889848baf2b8ab27,False,n40,bfc53a57563f03cc026886fad87aa6f4a061d6391858b8ba0f958ac4b4f7a482
R201,solomon_txt,0be960ec998fff2cab0bdbcc5194c617e5ca0a79c82c5b32b1d4bd98b2cae210,1,1,ok,True,5,1726658,1726.658,0.301509,0.506257,0,time_limit,solomon_exact_1000_v1,,,,,,0.5,,100,2,25,5d3f56a8df0d9ba91e368d7f3a64e9028fef5c9e1a9bdeff889848baf2b8ab27,False,n40,bfc53a57563f03cc026886fad87aa6f4a061d6391858b8ba0f958ac4b4f7a482
R201,solomon_txt,0be960ec998fff2cab0bdbcc5194c617e5ca0a79c82c5b32b1d4bd98b2cae210,2,1,ok,True,5,1726658,1726.658,0.295813,0.508535,0,time_limit,solomon_exact_1000_v1,,,,,,0.5,,100,2,25,5d3f56a8df0d9ba91e368d7f3a64e9028fef5c9e1a9bdeff889848baf2b8ab27,False,n40,bfc53a57563f03cc026886fad87aa6f4a061d6391858b8ba0f958ac4b4f7a482
R202,solomon_txt,1f7761bb33e9dd0c94837b32c72280296ffc283dba997379c7ad75ce00dffc8d,0,1,ok,True,4,1622244,1622.244,0.319258,0.510663,0,time_limit,solomon_exact_1000_v1,,,,,,0.5,,100,2,25,5d3f56a8df0d9ba91e368d7f3a64e9028fef5c9e1a9bdeff889848baf2b8ab27,False,n40,bfc53a57563f03cc026886fad87aa6f4a061d6391858b8ba0f958ac4b4f7a482
R202,solomon_txt,1f7761bb33e9dd0c94837b32c72280296ffc283dba997379c7ad75ce00dffc8d,1,1,ok,True,4,1622244,1622.244,0.33232,0.516991,0,time_limit,solomon_exact_1000_v1,,,,,,0.5,,100,2,25,5d3f56a8df0d9ba91e368d7f3a64e9028fef5c9e1a9bdeff889848baf2b8ab27,False,n40,bfc53a57563f03cc026886fad87aa6f4a061d6391858b8ba0f958ac4b4f7a482
R202,solomon_txt,1f7761bb33e9dd0c94837b32c72280296ffc283dba997379c7ad75ce00dffc8d,2,1,ok,True,4,1622244,1622.244,0.292885,0.505927,0,time_limit,solomon_exact_1000_v1,,,,,,0.5,,100,2,25,5d3f56a8df0d9ba91e368d7f3a64e9028fef5c9e1a9bdeff889848baf2b8ab27,False,n40,bfc53a57563f03cc026886fad87aa6f4a061d6391858b8ba0f958ac4b4f7a482
R203,solomon_txt,38c484db31bd7452a94d533e26a2348ef598df600b79d061d9ddc1c61466a731,0,1,ok,True,3,1300221,1300.221,0.307088,0.506816,0,time_limit,solomon_exact_1000_v1,,,,,,0.5,,100,2,25,5d3f56a8df0d9ba91e368d7f3a64e9028fef5c9e1a9bdeff889848baf2b8ab27,False,n40,bfc53a57563f03cc026886fad87aa6f4a061d6391858b8ba0f958ac4b4f7a482
R203,solomon_txt,38c484db31bd7452a94d533e26a2348ef598df600b79d061d9ddc1c61466a731,1,1,ok,True,3,1300221,1300.221,0.234364,0.503159,0,time_limit,solomon_exact_1000_v1,,,,,,0.5,,100,2,25,5d3f56a8df0d9ba91e368d7f3a64e9028fef5c9e1a9bdeff889848baf2b8ab27,False,n40,bfc53a57563f03cc026886fad87aa6f4a061d6391858b8ba0f958ac4b4f7a482
R203,solomon_txt,38c484db31bd7452a94d533e26a2348ef598df600b79d061d9ddc1c61466a731,2,1,ok,True,3,1300221,1300.221,0.233851,0.502368,0,time_limit,solomon_exact_1000_v1,,,,,,0.5,,100,2,25,5d3f56a8df0d9ba91e368d7f3a64e9028fef5c9e1a9bdeff889848baf2b8ab27,False,n40,bfc53a57563f03cc026886fad87aa6f4a061d6391858b8ba0f958ac4b4f7a482
R204,solomon_txt,5349e37d8df99bcbee1efa2e970d2662b5265e5f82fc609343a6af0a60257abf,0,1,ok,True,3,1331038,1331.038,0.296904,0.506635,0,time_limit,solomon_exact_1000_v1,,,,,,0.5,,100,2,25,5d3f56a8df0d9ba91e368d7f3a64e9028fef5c9e1a9bdeff889848baf2b8ab27,False,n40,bfc53a57563f03cc026886fad87aa6f4a061d6391858b8ba0f958ac4b4f7a482
R204,solomon_txt,5349e37d8df99bcbee1efa2e970d2662b5265e5f82fc609343a6af0a60257abf,1,1,ok,True,3,1331038,1331.038,0.295476,0.506384,0,time_limit,solomon_exact_1000_v1,,,,,,0.5,,100,2,25,5d3f56a8df0d9ba91e368d7f3a64e9028fef5c9e1a9bdeff889848baf2b8ab27,False,n40,bfc53a57563f03cc026886fad87aa6f4a061d6391858b8ba0f958ac4b4f7a482
R204,solomon_txt,5349e37d8df99bcbee1efa2e970d2662b5265e5f82fc609343a6af0a60257abf,2,1,ok,True,3,1331038,1331.038,0.298103,0.505955,0,time_limit,solomon_exact_1000_v1,,,,,,0.5,,100,2,25,5d3f56a8df0d9ba91e368d7f3a64e9028fef5c9e1a9bdeff889848baf2b8ab27,False,n40,bfc53a57563f03cc026886fad87aa6f4a061d6391858b8ba0f958ac4b4f7a482
R205,solomon_txt,1996bf8f10716fb8cfc1a585206a6a6e566f32347c1bb8f36c75ed6c887f77e3,0,1,ok,True,4,1700248,1700.248,0.231693,0.503131,0,time_limit,solomon_exact_1000_v1,,,,,,0.5,,100,2,25,5d3f56a8df0d9ba91e368d7f3a64e9028fef5c9e1a9bdeff889848baf2b8ab27,False,n40,bfc53a57563f03cc026886fad87aa6f4a061d6391858b8ba0f958ac4b4f7a482
R205,solomon_txt,1996bf8f10716fb8cfc1a585206a6a6e566f32347c1bb8f36c75ed6c887f77e3,1,1,ok,True,4,1700248,1700.248,0.235419,0.502906,0,time_limit,solomon_exact_1000_v1,,,,,,0.5,,100,2,25,5d3f56a8df0d9ba91e368d7f3a64e9028fef5c9e1a9bdeff889848baf2b8ab27,False,n40,bfc53a57563f03cc026886fad87aa6f4a061d6391858b8ba0f958ac4b4f7a482
R205,solomon_txt,1996bf8f10716fb8cfc1a585206a6a6e566f32347c1bb8f36c75ed6c887f77e3,2,1,ok,True,4,1700248,1700.248,0.230662,0.502866,0,time_limit,solomon_exact_1000_v1,,,,,,0.5,,100,2,25,5d3f56a8df0d9ba91e368d7f3a64e9028fef5c9e1a9bdeff889848baf2b8ab27,False,n40,bfc53a57563f03cc026886fad87aa6f4a061d6391858b8ba0f958ac4b4f7a482
R206,solomon_txt,c8754a0319264d076c038b1bf023c8c4710e8895fe3e03f485e9ae249f32fe43,0,1,ok,True,3,1533607,1533.607,0.24139,0.504284,0,time_limit,solomon_exact_1000_v1,,,,,,0.5,,100,2,25,5d3f56a8df0d9ba91e368d7f3a64e9028fef5c9e1a9bdeff889848baf2b8ab27,False,n40,bfc53a57563f03cc026886fad87aa6f4a061d6391858b8ba0f958ac4b4f7a482
R206,solomon_txt,c8754a0319264d076c038b1bf023c8c4710e8895fe3e03f485e9ae249f32fe43,1,1,ok,True,3,1533607,1533.607,0.244812,0.503536,0,time_limit,solomon_exact_1000_v1,,,,,,0.5,,100,2,25,5d3f56a8df0d9ba91e368d7f3a64e9028fef5c9e1a9bdeff889848baf2b8ab27,False,n40,bfc53a57563f03cc026886fad87aa6f4a061d6391858b8ba0f958ac4b4f7a482
R206,solomon_txt,c8754a0319264d076c038b1bf023c8c4710e8895fe3e03f485e9ae249f32fe43,2,1,ok,True,3,1533607,1533.607,0.245779,0.503568,0,time_limit,solomon_exact_1000_v1,,,,,,0.5,,100,2,25,5d3f56a8df0d9ba91e368d7f3a64e9028fef5c9e1a9bdeff889848baf2b8ab27,False,n40,bfc53a57563f03cc026886fad87aa6f4a061d6391858b8ba0f958ac4b4f7a482
R207,solomon_txt,52dc8eebba43fdc67ca9aadab228b75a297acb55a87db3e4748e82f623e3cbe6,0,1,ok,True,4,1302528,1302.528,0.302777,0.510108,0,time_limit,solomon_exact_1000_v1,,,,,,0.5,,100,2,25,5d3f56a8df0d9ba91e368d7f3a64e9028fef5c9e1a9bdeff889848baf2b8ab27,False,n40,bfc53a57563f03cc026886fad87aa6f4a061d6391858b8ba0f958ac4b4f7a482
R207,solomon_txt,52dc8eebba43fdc67ca9aadab228b75a297acb55a87db3e4748e82f623e3cbe6,1,1,ok,True,4,1302528,1302.528,0.285899,0.505854,0,time_limit,solomon_exact_1000_v1,,,,,,0.5,,100,2,25,5d3f56a8df0d9ba91e368d7f3a64e9028fef5c9e1a9bdeff889848baf2b8ab27,False,n40,bfc53a57563f03cc026886fad87aa6f4a061d6391858b8ba0f958ac4b4f7a482
R207,solomon_txt,52dc8eebba43fdc67ca9aadab228b75a297acb55a87db3e4748e82f623e3cbe6,2,1,ok,True,4,1302528,1302.528,0.290746,0.505929,0,time_limit,solomon_exact_1000_v1,,,,,,0.5,,100,2,25,5d3f56a8df0d9ba91e368d7f3a64e9028fef5c9e1a9bdeff889848baf2b8ab27,False,n40,bfc53a57563f03cc026886fad87aa6f4a061d6391858b8ba0f958ac4b4f7a482
R208,solomon_txt,7b4a95d500af9329dd08791d39898a619faec0f8fac039d57373e761545b980d,0,1,ok,True,3,957965,957.965,0.326317,0.507177,0,time_limit,solomon_exact_1000_v1,,,,,,0.5,,100,2,25,5d3f56a8df0d9ba91e368d7f3a64e9028fef5c9e1a9bdeff889848baf2b8ab27,False,n40,bfc53a57563f03cc026886fad87aa6f4a061d6391858b8ba0f958ac4b4f7a482
R208,solomon_txt,7b4a95d500af9329dd08791d39898a619faec0f8fac039d57373e761545b980d,1,1,ok,True,3,957965,957.965,0.31639,0.50684,0,time_limit,solomon_exact_1000_v1,,,,,,0.5,,100,2,25,5d3f56a8df0d9ba91e368d7f3a64e9028fef5c9e1a9bdeff889848baf2b8ab27,False,n40,bfc53a57563f03cc026886fad87aa6f4a061d6391858b8ba0f958ac4b4f7a482
R208,solomon_txt,7b4a95d500af9329dd08791d39898a619faec0f8fac039d57373e761545b980d,2,1,ok,True,3,957965,957.965,0.311999,0.506057,0,time_limit,solomon_exact_1000_v1,,,,,,0.5,,100,2,25,5d3f56a8df0d9ba91e368d7f3a64e9028fef5c9e1a9bdeff889848baf2b8ab27,False,n40,bfc53a57563f03cc026886fad87aa6f4a061d6391858b8ba0f958ac4b4f7a482
R209,solomon_txt,5b74156d032babcff853ccc693f94463eca8333cd425aa99a39ed996f6258933,0,1,ok,True,4,1712415,1712.415,0.220097,0.50444,0,time_limit,solomon_exact_1000_v1,,,,,,0.5,,100,2,25,5d3f56a8df0d9ba91e368d7f3a64e9028fef5c9e1a9bdeff889848baf2b8ab27,False,n40,bfc53a57563f03cc026886fad87aa6f4a061d6391858b8ba0f958ac4b4f7a482
R209,solomon_txt,5b74156d032babcff853ccc693f94463eca8333cd425aa99a39ed996f6258933,1,1,ok,True,3,1303297,1303.297,0.239091,0.503269,0,time_limit,solomon_exact_1000_v1,,,,,,0.5,,100,2,25,5d3f56a8df0d9ba91e368d7f3a64e9028fef5c9e1a9bdeff889848baf2b8ab27,False,n40,bfc53a57563f03cc026886fad87aa6f4a061d6391858b8ba0f958ac4b4f7a482
R209,solomon_txt,5b74156d032babcff853ccc693f94463eca8333cd425aa99a39ed996f6258933,2,1,ok,True,4,1712415,1712.415,0.22825,0.502674,0,time_limit,solomon_exact_1000_v1,,,,,,0.5,,100,2,25,5d3f56a8df0d9ba91e368d7f3a64e9028fef5c9e1a9bdeff889848baf2b8ab27,False,n40,bfc53a57563f03cc026886fad87aa6f4a061d6391858b8ba0f958ac4b4f7a482
R210,solomon_txt,4e5772f109fb6183e6a648d6a1edaba3435438c2dc11c42da370fecf7bdf3a14,0,1,ok,True,3,1443660,1443.66,0.260055,0.503824,0,time_limit,solomon_exact_1000_v1,,,,,,0.5,,100,2,25,5d3f56a8df0d9ba91e368d7f3a64e9028fef5c9e1a9bdeff889848baf2b8ab27,False,n40,bfc53a57563f03cc026886fad87aa6f4a061d6391858b8ba0f958ac4b4f7a482
R210,solomon_txt,4e5772f109fb6183e6a648d6a1edaba3435438c2dc11c42da370fecf7bdf3a14,1,1,ok,True,3,1443660,1443.66,0.242592,0.506763,0,time_limit,solomon_exact_1000_v1,,,,,,0.5,,100,2,25,5d3f56a8df0d9ba91e368d7f3a64e9028fef5c9e1a9bdeff889848baf2b8ab27,False,n40,bfc53a57563f03cc026886fad87aa6f4a061d6391858b8ba0f958ac4b4f7a482
R210,solomon_txt,4e5772f109fb6183e6a648d6a1edaba3435438c2dc11c42da370fecf7bdf3a14,2,1,ok,True,3,1443660,1443.66,0.260338,0.504227,0,time_limit,solomon_exact_1000_v1,,,,,,0.5,,100,2,25,5d3f56a8df0d9ba91e368d7f3a64e9028fef5c9e1a9bdeff889848baf2b8ab27,False,n40,bfc53a57563f03cc026886fad87aa6f4a061d6391858b8ba0f958ac4b4f7a482
R211,solomon_txt,2965507e467a2f92acd59035975910e36ae11e4f49590d4c7d20a883939227ad,0,1,ok,True,3,1516434,1516.434,0.186933,0.500225,1,time_limit,solomon_exact_1000_v1,,,,,,0.5,,100,2,25,5d3f56a8df0d9ba91e368d7f3a64e9028fef5c9e1a9bdeff889848baf2b8ab27,False,n40,bfc53a57563f03cc026886fad87aa6f4a061d6391858b8ba0f958ac4b4f7a482
R211,solomon_txt,2965507e467a2f92acd59035975910e36ae11e4f49590d4c7d20a883939227ad,1,1,ok,True,3,1516434,1516.434,0.18736,0.500197,1,time_limit,solomon_exact_1000_v1,,,,,,0.5,,100,2,25,5d3f56a8df0d9ba91e368d7f3a64e9028fef5c9e1a9bdeff889848baf2b8ab27,False,n40,bfc53a57563f03cc026886fad87aa6f4a061d6391858b8ba0f958ac4b4f7a482
R211,solomon_txt,2965507e467a2f92acd59035975910e36ae11e4f49590d4c7d20a883939227ad,2,1,ok,True,3,1516434,1516.434,0.293338,0.506106,0,time_limit,solomon_exact_1000_v1,,,,,,0.5,,100,2,25,5d3f56a8df0d9ba91e368d7f3a64e9028fef5c9e1a9bdeff889848baf2b8ab27,False,n40,bfc53a57563f03cc026886fad87aa6f4a061d6391858b8ba0f958ac4b4f7a482
RC101,solomon_txt,ef6893ffd9746ad96de8e4da6e64e2c4ba6e08a1c7eb9457276a9f1caf01ca12,0,1,ok,True,18,2104912,2104.912,0.086822,0.500297,1,time_limit,solomon_exact_1000_v1,,,,,,0.5,,100,2,25,5d3f56a8df0d9ba91e368d7f3a64e9028fef5c9e1a9bdeff889848baf2b8ab27,False,n40,bfc53a57563f03cc026886fad87aa6f4a061d6391858b8ba0f958ac4b4f7a482
RC101,solomon_txt,ef6893ffd9746ad96de8e4da6e64e2c4ba6e08a1c7eb9457276a9f1caf01ca12,1,1,ok,True,18,2077534,2077.534,0.084924,0.500299,1,time_limit,solomon_exact_1000_v1,,,,,,0.5,,100,2,25,5d3f56a8df0d9ba91e368d7f3a64e9028fef5c9e1a9bdeff889848baf2b8ab27,False,n40,bfc53a57563f03cc026886fad87aa6f4a061d6391858b8ba0f958ac4b4f7a482
RC101,solomon_txt,ef6893ffd9746ad96de8e4da6e64e2c4ba6e08a1c7eb9457276a9f1caf01ca12,2,1,ok,True,18,1983759,1983.759,0.082286,0.500289,1,time_limit,solomon_exact_1000_v1,,,,,,0.5,,100,2,25,5d3f56a8df0d9ba91e368d7f3a64e9028fef5c9e1a9bdeff889848baf2b8ab27,False,n40,bfc53a57563f03cc026886fad87aa6f4a061d6391858b8ba0f958ac4b4f7a482
RC102,solomon_txt,36acd349d34a577c7fadd61f78517c2cb74bd06a490273800c288f341e5785a4,0,1,ok,True,16,1976705,1976.705,0.086882,0.500301,1,time_limit,solomon_exact_1000_v1,,,,,,0.5,,100,2,25,5d3f56a8df0d9ba91e368d7f3a64e9028fef5c9e1a9bdeff889848baf2b8ab27,False,n40,bfc53a57563f03cc026886fad87aa6f4a061d6391858b8ba0f958ac4b4f7a482
RC102,solomon_txt,36acd349d34a577c7fadd61f78517c2cb74bd06a490273800c288f341e5785a4,1,1,ok,True,15,1834933,1834.933,0.089435,0.500306,1,time_limit,solomon_exact_1000_v1,,,,,,0.5,,100,2,25,5d3f56a8df0d9ba91e368d7f3a64e9028fef5c9e1a9bdeff889848baf2b8ab27,False,n40,bfc53a57563f03cc026886fad87aa6f4a061d6391858b8ba0f958ac4b4f7a482
RC102,solomon_txt,36acd349d34a577c7fadd61f78517c2cb74bd06a490273800c288f341e5785a4,2,1,ok,True,16,1812496,1812.496,0.0887,0.5003,1,time_limit,solomon_exact_1000_v1,,,,,,0.5,,100,2,25,5d3f56a8df0d9ba91e368d7f3a64e9028fef5c9e1a9bdeff889848baf2b8ab27,False,n40,bfc53a57563f03cc026886fad87aa6f4a061d6391858b8ba0f958ac4b4f7a482
RC103,solomon_txt,00f384138274d5d2bff5c41601db17cc4ad0cfc6315c27e223d4477bf435cc2d,0,1,ok,True,13,1952068,1952.068,0.096739,0.501371,0,time_limit,solomon_exact_1000_v1,,,,,,0.5,,100,2,25,5d3f56a8df0d9ba91e368d7f3a64e9028fef5c9e1a9bdeff889848baf2b8ab27,False,n40,bfc53a57563f03cc026886fad87aa6f4a061d6391858b8ba0f958ac4b4f7a482
RC103,solomon_txt,00f384138274d5d2bff5c41601db17cc4ad0cfc6315c27e223d4477bf435cc2d,1,1,ok,True,12,1703532,1703.532,0.097665,0.500299,1,time_limit,solomon_exact_1000_v1,,,,,,0.5,,100,2,25,5d3f56a8df0d9ba91e368d7f3a64e9028fef5c9e1a9bdeff889848baf2b8ab27,False,n40,bfc53a57563f03cc026886fad87aa6f4a061d6391858b8ba0f958ac4b4f7a482
RC103,solomon_txt,00f384138274d5d2bff5c41601db17cc4ad0cfc6315c27e223d4477bf435cc2d,2,1,ok,True,13,1952068,1952.068,0.097227,0.500281,1,time_limit,solomon_exact_1000_v1,,,,,,0.5,,100,2,25,5d3f56a8df0d9ba91e368d7f3a64e9028fef5c9e1a9bdeff889848baf2b8ab27,False,n40,bfc53a57563f03cc026886fad87aa6f4a061d6391858b8ba0f958ac4b4f7a482
RC104,solomon_txt,d150b2d61049a488fb89a2320c197d81a7ef9a1864abbbaea1d13a2b451253ee,0,1,ok,True,12,1624060,1624.06,0.098519,0.500333,1,time_limit,solomon_exact_1000_v1,,,,,,0.5,,100,2,25,5d3f56a8df0d9ba91e368d7f3a64e9028fef5c9e1a9bdeff889848baf2b8ab27,False,n40,bfc53a57563f03cc026886fad87aa6f4a061d6391858b8ba0f958ac4b4f7a482
RC104,solomon_txt,d150b2d61049a488fb89a2320c197d81a7ef9a1864abbbaea1d13a2b451253ee,1,1,ok,True,12,1635479,1635.479,0.095387,0.500286,1,time_limit,solomon_exact_1000_v1,,,,,,0.5,,100,2,25,5d3f56a8df0d9ba91e368d7f3a64e9028fef5c9e1a9bdeff889848baf2b8ab27,False,n40,bfc53a57563f03cc026886fad87aa6f4a061d6391858b8ba0f958ac4b4f7a482
RC104,solomon_txt,d150b2d61049a488fb89a2320c197d81a7ef9a1864abbbaea1d13a2b451253ee,2,1,ok,True,12,1325395,1325.395,0.100026,0.500269,1,time_limit,solomon_exact_1000_v1,,,,,,0.5,,100,2,25,5d3f56a8df0d9ba91e368d7f3a64e9028fef5c9e1a9bdeff889848baf2b8ab27,False,n40,bfc53a57563f03cc026886fad87aa6f4a061d6391858b8ba0f958ac4b4f7a482
RC105,solomon_txt,b9e912625c1ed80d2f565e0799ade2f4b17bf4f95056322ca23f1a21b37e7a49,0,1,ok,True,17,2128736,2128.736,0.086834,0.500309,1,time_limit,solomon_exact_1000_v1,,,,,,0.5,,100,2,25,5d3f56a8df0d9ba91e368d7f3a64e9028fef5c9e1a9bdeff889848baf2b8ab27,False,n40,bfc53a57563f03cc026886fad87aa6f4a061d6391858b8ba0f958ac4b4f7a482
RC105,solomon_txt,b9e912625c1ed80d2f565e0799ade2f4b17bf4f95056322ca23f1a21b37e7a49,1,1,ok,True,16,2118579,2118.579,0.083955,0.500296,1,time_limit,solomon_exact_1000_v1,,,,,,0.5,,100,2,25,5d3f56a8df0d9ba91e368d7f3a64e9028fef5c9e1a9bdeff889848baf2b8ab27,False,n40,bfc53a57563f03cc026886fad87aa6f4a061d6391858b8ba0f958ac4b4f7a482
RC105,solomon_txt,b9e912625c1ed80d2f565e0799ade2f4b17bf4f95056322ca23f1a21b37e7a49,2,1,ok,True,16,1898780,1898.78,0.086827,0.500297,1,time_limit,solomon_exact_1000_v1,,,,,,0.5,,100,2,25,5d3f56a8df0d9ba91e368d7f3a64e9028fef5c9e1a9bdeff889848baf2b8ab27,False,n40,bfc53a57563f03cc026886fad87aa6f4a061d6391858b8ba0f958ac4b4f7a482
RC106,solomon_txt,bf016ffc567af2d108570357daf1d0cabb7f680c0bd977d2e4366787683fdbaf,0,1,ok,True,15,2118036,2118.036,0.083478,0.500294,1,time_limit,solomon_exact_1000_v1,,,,,,0.5,,100,2,25,5d3f56a8df0d9ba91e368d7f3a64e9028fef5c9e1a9bdeff889848baf2b8ab27,False,n40,bfc53a57563f03cc026886fad87aa6f4a061d6391858b8ba0f958ac4b4f7a482
RC106,solomon_txt,bf016ffc567af2d108570357daf1d0cabb7f680c0bd977d2e4366787683fdbaf,1,1,ok,True,15,1934952,1934.952,0.083589,0.500304,1,time_limit,solomon_exact_1000_v1,,,,,,0.5,,100,2,25,5d3f56a8df0d9ba91e368d7f3a64e9028fef5c9e1a9bdeff889848baf2b8ab27,False,n40,bfc53a57563f03cc026886fad87aa6f4a061d6391858b8ba0f958ac4b4f7a482
RC106,solomon_txt,bf016ffc567af2d108570357daf1d0cabb7f680c0bd977d2e4366787683fdbaf,2,1,ok,True,15,2000053,2000.053,0.083858,0.500306,1,time_limit,solomon_exact_1000_v1,,,,,,0.5,,100,2,25,5d3f56a8df0d9ba91e368d7f3a64e9028fef5c9e1a9bdeff889848baf2b8ab27,False,n40,bfc53a57563f03cc026886fad87aa6f4a061d6391858b8ba0f958ac4b4f7a482
RC107,solomon_txt,fff3fd68d110671ed442575f07cc547291586f30b00c5f73934d521d31311582,0,1,ok,True,14,1708249,1708.249,0.088866,0.500289,1,time_limit,solomon_exact_1000_v1,,,,,,0.5,,100,2,25,5d3f56a8df0d9ba91e368d7f3a64e9028fef5c9e1a9bdeff889848baf2b8ab27,False,n40,bfc53a57563f03cc026886fad87aa6f4a061d6391858b8ba0f958ac4b4f7a482
RC107,solomon_txt,fff3fd68d110671ed442575f07cc547291586f30b00c5f73934d521d31311582,1,1,ok,True,14,1840863,1840.863,0.089243,0.500344,1,time_limit,solomon_exact_1000_v1,,,,,,0.5,,100,2,25,5d3f56a8df0d9ba91e368d7f3a64e9028fef5c9e1a9bdeff889848baf2b8ab27,False,n40,bfc53a57563f03cc026886fad87aa6f4a061d6391858b8ba0f958ac4b4f7a482
RC107,solomon_txt,fff3fd68d110671ed442575f07cc547291586f30b00c5f73934d521d31311582,2,1,ok,True,15,2054876,2054.876,0.08779,0.500278,1,time_limit,solomon_exact_1000_v1,,,,,,0.5,,100,2,25,5d3f56a8df0d9ba91e368d7f3a64e9028fef5c9e1a9bdeff889848baf2b8ab27,False,n40,bfc53a57563f03cc026886fad87aa6f4a061d6391858b8ba0f958ac4b4f7a482
RC108,solomon_txt,006bc8817bf09f9a8c66af8d6f088bdec239b2eb435556e9d11193cf456f7aeb,0,1,ok,True,14,1963672,1963.672,0.116285,0.500342,1,time_limit,solomon_exact_1000_v1,,,,,,0.5,,100,2,25,5d3f56a8df0d9ba91e368d7f3a64e9028fef5c9e1a9bdeff889848baf2b8ab27,False,n40,bfc53a57563f03cc026886fad87aa6f4a061d6391858b8ba0f958ac4b4f7a482
RC108,solomon_txt,006bc8817bf09f9a8c66af8d6f088bdec239b2eb435556e9d11193cf456f7aeb,1,1,ok,True,14,1713479,1713.479,0.089219,0.500292,1,time_limit,solomon_exact_1000_v1,,,,,,0.5,,100,2,25,5d3f56a8df0d9ba91e368d7f3a64e9028fef5c9e1a9bdeff889848baf2b8ab27,False,n40,bfc53a57563f03cc026886fad87aa6f4a061d6391858b8ba0f958ac4b4f7a482
RC108,solomon_txt,006bc8817bf09f9a8c66af8d6f088bdec239b2eb435556e9d11193cf456f7aeb,2,1,ok,True,14,1740393,1740.393,0.094531,0.500284,1,time_limit,solomon_exact_1000_v1,,,,,,0.5,,100,2,25,5d3f56a8df0d9ba91e368d7f3a64e9028fef5c9e1a9bdeff889848baf2b8ab27,False,n40,bfc53a57563f03cc026886fad87aa6f4a061d6391858b8ba0f958ac4b4f7a482
RC201,solomon_txt,288836e2d8c2ace83ebbff77e03ac8cdffc574fc134cade21ef92713f8c52d44,0,1,ok,True,5,2429811,2429.811,0.195601,0.501075,0,time_limit,solomon_exact_1000_v1,,,,,,0.5,,100,2,25,5d3f56a8df0d9ba91e368d7f3a64e9028fef5c9e1a9bdeff889848baf2b8ab27,False,n40,bfc53a57563f03cc026886fad87aa6f4a061d6391858b8ba0f958ac4b4f7a482
RC201,solomon_txt,288836e2d8c2ace83ebbff77e03ac8cdffc574fc134cade21ef92713f8c52d44,1,1,ok,True,5,2429811,2429.811,0.18154,0.500915,0,time_limit,solomon_exact_1000_v1,,,,,,0.5,,100,2,25,5d3f56a8df0d9ba91e368d7f3a64e9028fef5c9e1a9bdeff889848baf2b8ab27,False,n40,bfc53a57563f03cc026886fad87aa6f4a061d6391858b8ba0f958ac4b4f7a482
RC201,solomon_txt,288836e2d8c2ace83ebbff77e03ac8cdffc574fc134cade21ef92713f8c52d44,2,1,ok,True,5,2429811,2429.811,0.190095,0.50937,0,time_limit,solomon_exact_1000_v1,,,,,,0.5,,100,2,25,5d3f56a8df0d9ba91e368d7f3a64e9028fef5c9e1a9bdeff889848baf2b8ab27,False,n40,bfc53a57563f03cc026886fad87aa6f4a061d6391858b8ba0f958ac4b4f7a482
RC202,solomon_txt,5a1dee2017ab0ca4fe280b392678c96e8b5bc71f22d02c8058fbde7c4cfebcf4,0,1,ok,True,4,1920411,1920.411,0.173702,0.510093,0,time_limit,solomon_exact_1000_v1,,,,,,0.5,,100,2,25,5d3f56a8df0d9ba91e368d7f3a64e9028fef5c9e1a9bdeff889848baf2b8ab27,False,n40,bfc53a57563f03cc026886fad87aa6f4a061d6391858b8ba0f958ac4b4f7a482
RC202,solomon_txt,5a1dee2017ab0ca4fe280b392678c96e8b5bc71f22d02c8058fbde7c4cfebcf4,1,1,ok,True,4,1818035,1818.035,0.166581,0.500291,1,time_limit,solomon_exact_1000_v1,,,,,,0.5,,100,2,25,5d3f56a8df0d9ba91e368d7f3a64e9028fef5c9e1a9bdeff889848baf2b8ab27,False,n40,bfc53a57563f03cc026886fad87aa6f4a061d6391858b8ba0f958ac4b4f7a482
RC202,solomon_txt,5a1dee2017ab0ca4fe280b392678c96e8b5bc71f22d02c8058fbde7c4cfebcf4,2,1,ok,True,5,1998260,1998.26,0.208633,0.504414,0,time_limit,solomon_exact_1000_v1,,,,,,0.5,,100,2,25,5d3f56a8df0d9ba91e368d7f3a64e9028fef5c9e1a9bdeff889848baf2b8ab27,False,n40,bfc53a57563f03cc026886fad87aa6f4a061d6391858b8ba0f958ac4b4f7a482
RC203,solomon_txt,4adcb362c23df91f14b828d4964e9383ffb02ee74217afc2d84571f83ed91f8b,0,1,ok,True,4,1158154,1158.154,0.195521,0.500886,0,time_limit,solomon_exact_1000_v1,,,,,,0.5,,100,2,25,5d3f56a8df0d9ba91e368d7f3a64e9028fef5c9e1a9bdeff889848baf2b8ab27,False,n40,bfc53a57563f03cc026886fad87aa6f4a061d6391858b8ba0f958ac4b4f7a482
RC203,solomon_txt,4adcb362c23df91f14b828d4964e9383ffb02ee74217afc2d84571f83ed91f8b,1,1,ok,True,4,1303205,1303.205,0.196996,0.501422,0,time_limit,solomon_exact_1000_v1,,,,,,0.5,,100,2,25,5d3f56a8df0d9ba91e368d7f3a64e9028fef5c9e1a9bdeff889848baf2b8ab27,False,n40,bfc53a57563f03cc026886fad87aa6f4a061d6391858b8ba0f958ac4b4f7a482
RC203,solomon_txt,4adcb362c23df91f14b828d4964e9383ffb02ee74217afc2d84571f83ed91f8b,2,1,ok,True,4,1061047,1061.047,0.188723,0.501254,0,time_limit,solomon_exact_1000_v1,,,,,,0.5,,100,2,25,5d3f56a8df0d9ba91e368d7f3a64e9028fef5c9e1a9bdeff889848baf2b8ab27,False,n40,bfc53a57563f03cc026886fad87aa6f4a061d6391858b8ba0f958ac4b4f7a482
RC204,solomon_txt,11e827eab51a959ebab66344e7b7cfd1aeed895287653b36a72c86a4440ecd77,0,1,ok,True,3,1500593,1500.593,0.272676,0.504819,0,time_limit,solomon_exact_1000_v1,,,,,,0.5,,100,2,25,5d3f56a8df0d9ba91e368d7f3a64e9028fef5c9e1a9bdeff889848baf2b8ab27,False,n40,bfc53a57563f03cc026886fad87aa6f4a061d6391858b8ba0f958ac4b4f7a482
RC204,solomon_txt,11e827eab51a959ebab66344e7b7cfd1aeed895287653b36a72c86a4440ecd77,1,1,ok,True,3,1500593,1500.593,0.27369,0.505469,0,time_limit,solomon_exact_1000_v1,,,,,,0.5,,100,2,25,5d3f56a8df0d9ba91e368d7f3a64e9028fef5c9e1a9bdeff889848baf2b8ab27,False,n40,bfc53a57563f03cc026886fad87aa6f4a061d6391858b8ba0f958ac4b4f7a482
RC204,solomon_txt,11e827eab51a959ebab66344e7b7cfd1aeed895287653b36a72c86a4440ecd77,2,1,ok,True,3,1500593,1500.593,0.269355,0.504752,0,time_limit,solomon_exact_1000_v1,,,,,,0.5,,100,2,25,5d3f56a8df0d9ba91e368d7f3a64e9028fef5c9e1a9bdeff889848baf2b8ab27,False,n40,bfc53a57563f03cc026886fad87aa6f4a061d6391858b8ba0f958ac4b4f7a482
RC205,solomon_txt,c061d306cf42310b0f3ca15612089f6c5a8d5604c0733bf26852477c787662c9,0,1,ok,True,4,1959415,1959.415,0.203852,0.501843,0,time_limit,solomon_exact_1000_v1,,,,,,0.5,,100,2,25,5d3f56a8df0d9ba91e368d7f3a64e9028fef5c9e1a9bdeff889848baf2b8ab27,False,n40,bfc53a57563f03cc026886fad87aa6f4a061d6391858b8ba0f958ac4b4f7a482
RC205,solomon_txt,c061d306cf42310b0f3ca15612089f6c5a8d5604c0733bf26852477c787662c9,1,1,ok,True,5,2063021,2063.021,0.198533,0.501691,0,time_limit,solomon_exact_1000_v1,,,,,,0.5,,100,2,25,5d3f56a8df0d9ba91e368d7f3a64e9028fef5c9e1a9bdeff889848baf2b8ab27,False,n40,bfc53a57563f03cc026886fad87aa6f4a061d6391858b8ba0f958ac4b4f7a482
RC205,solomon_txt,c061d306cf42310b0f3ca15612089f6c5a8d5604c0733bf26852477c787662c9,2,1,ok,True,4,1695820,1695.82,0.197575,0.500936,0,time_limit,solomon_exact_1000_v1,,,,,,0.5,,100,2,25,5d3f56a8df0d9ba91e368d7f3a64e9028fef5c9e1a9bdeff889848baf2b8ab27,False,n40,bfc53a57563f03cc026886fad87aa6f4a061d6391858b8ba0f958ac4b4f7a482
RC206,solomon_txt,5203aecf67c84df49e152645312a837ffefde529314ff892ca061538816e43a9,0,1,ok,True,4,2080287,2080.287,0.199764,0.500914,0,time_limit,solomon_exact_1000_v1,,,,,,0.5,,100,2,25,5d3f56a8df0d9ba91e368d7f3a64e9028fef5c9e1a9bdeff889848baf2b8ab27,False,n40,bfc53a57563f03cc026886fad87aa6f4a061d6391858b8ba0f958ac4b4f7a482
RC206,solomon_txt,5203aecf67c84df49e152645312a837ffefde529314ff892ca061538816e43a9,1,1,ok,True,4,1771858,1771.858,0.205029,0.501541,0,time_limit,solomon_exact_1000_v1,,,,,,0.5,,100,2,25,5d3f56a8df0d9ba91e368d7f3a64e9028fef5c9e1a9bdeff889848baf2b8ab27,False,n40,bfc53a57563f03cc026886fad87aa6f4a061d6391858b8ba0f958ac4b4f7a482
RC206,solomon_txt,5203aecf67c84df49e152645312a837ffefde529314ff892ca061538816e43a9,2,1,ok,True,4,1732495,1732.495,0.197119,0.501669,0,time_limit,solomon_exact_1000_v1,,,,,,0.5,,100,2,25,5d3f56a8df0d9ba91e368d7f3a64e9028fef5c9e1a9bdeff889848baf2b8ab27,False,n40,bfc53a57563f03cc026886fad87aa6f4a061d6391858b8ba0f958ac4b4f7a482
RC207,solomon_txt,5cab65f99b350cdb8fb1c4d0a12dde85eb4ff6a6d6daf292b182cb73de9a8b63,0,1,ok,True,4,1907431,1907.431,0.218483,0.502403,0,time_limit,solomon_exact_1000_v1,,,,,,0.5,,100,2,25,5d3f56a8df0d9ba91e368d7f3a64e9028fef5c9e1a9bdeff889848baf2b8ab27,False,n40,bfc53a57563f03cc026886fad87aa6f4a061d6391858b8ba0f958ac4b4f7a482
RC207,solomon_txt,5cab65f99b350cdb8fb1c4d0a12dde85eb4ff6a6d6daf292b182cb73de9a8b63,1,1,ok,True,4,1907431,1907.431,0.217253,0.501755,0,time_limit,solomon_exact_1000_v1,,,,,,0.5,,100,2,25,5d3f56a8df0d9ba91e368d7f3a64e9028fef5c9e1a9bdeff889848baf2b8ab27,False,n40,bfc53a57563f03cc026886fad87aa6f4a061d6391858b8ba0f958ac4b4f7a482
RC207,solomon_txt,5cab65f99b350cdb8fb1c4d0a12dde85eb4ff6a6d6daf292b182cb73de9a8b63,2,1,ok,True,4,1907431,1907.431,0.224471,0.502496,0,time_limit,solomon_exact_1000_v1,,,,,,0.5,,100,2,25,5d3f56a8df0d9ba91e368d7f3a64e9028fef5c9e1a9bdeff889848baf2b8ab27,False,n40,bfc53a57563f03cc026886fad87aa6f4a061d6391858b8ba0f958ac4b4f7a482
RC208,solomon_txt,3d67d2a8e2758a324643f5d6c6ca87e8c56435273eaa04be33f213bb991f1f28,0,1,ok,True,3,1365201,1365.201,0.22089,0.502031,0,time_limit,solomon_exact_1000_v1,,,,,,0.5,,100,2,25,5d3f56a8df0d9ba91e368d7f3a64e9028fef5c9e1a9bdeff889848baf2b8ab27,False,n40,bfc53a57563f03cc026886fad87aa6f4a061d6391858b8ba0f958ac4b4f7a482
RC208,solomon_txt,3d67d2a8e2758a324643f5d6c6ca87e8c56435273eaa04be33f213bb991f1f28,1,1,ok,True,4,1913075,1913.075,0.21836,0.50175,0,time_limit,solomon_exact_1000_v1,,,,,,0.5,,100,2,25,5d3f56a8df0d9ba91e368d7f3a64e9028fef5c9e1a9bdeff889848baf2b8ab27,False,n40,bfc53a57563f03cc026886fad87aa6f4a061d6391858b8ba0f958ac4b4f7a482
RC208,solomon_txt,3d67d2a8e2758a324643f5d6c6ca87e8c56435273eaa04be33f213bb991f1f28,2,1,ok,True,4,1913075,1913.075,0.21543,0.502104,0,time_limit,solomon_exact_1000_v1,,,,,,0.5,,100,2,25,5d3f56a8df0d9ba91e368d7f3a64e9028fef5c9e1a9bdeff889848baf2b8ab27,False,n40,bfc53a57563f03cc026886fad87aa6f4a061d6391858b8ba0f958ac4b4f7a482
