instance,input_format,input_sha256,seed,threads,status,feasible,vehicles,distance_ticks,distance,first_feasible_seconds,runtime_seconds,iterations,stop_reason,numeric_rule,reference_status,reference_vehicles,reference_distance,distance_gap_percent,error,time_limit_seconds,max_iterations,fleet_attempts_per_k,max_moves,vehicle_limit,code_sha256,diagnostics_enabled,variant,config_sha256,binary_sha256,paired_baseline_vehicles,paired_baseline_distance_ticks,vehicles_delta,distance_delta_ticks,result_vs_baseline,same_vehicle_distance_result,is_regression
C101,solomon_txt,a6da75152d182d60ecd2c6f854296f5be452f92282d096adebcf5d99a7f16516,0,1,ok,True,10,828937,828.937,0.068647,0.500472,1,time_limit,solomon_exact_1000_v1,,,,,,0.5,,,,25,a5385b24e1b1e895647141e361fbfd125f69b22b8101a03a5bf03d0a059bf87a,False,python,18b60bd1f8a3f3a3299830e92120a9841e4fb04a4b6fc31094cbf2c6e0a24ff8,604462f386c003e397cd55934c67735731d9683e762902ff4d23fad1f410c0bb,10,828937,0,0,tie,tie,False
C101,solomon_txt,a6da75152d182d60ecd2c6f854296f5be452f92282d096adebcf5d99a7f16516,0,1,ok,True,10,828937,828.937,0.067137,0.500218,8,time_limit,solomon_exact_1000_v1,,,,,,0.5,,,,25,a5385b24e1b1e895647141e361fbfd125f69b22b8101a03a5bf03d0a059bf87a,False,native,e430e84b5044a1954983f6d380c1155f165e447205dd568d22a78596fa5f0602,604462f386c003e397cd55934c67735731d9683e762902ff4d23fad1f410c0bb,10,828937,0,0,tie,tie,False
C101,solomon_txt,a6da75152d182d60ecd2c6f854296f5be452f92282d096adebcf5d99a7f16516,1,1,ok,True,10,828937,828.937,0.067327,0.500456,3,time_limit,solomon_exact_1000_v1,,,,,,0.5,,,,25,a5385b24e1b1e895647141e361fbfd125f69b22b8101a03a5bf03d0a059bf87a,False,python,18b60bd1f8a3f3a3299830e92120a9841e4fb04a4b6fc31094cbf2c6e0a24ff8,604462f386c003e397cd55934c67735731d9683e762902ff4d23fad1f410c0bb,10,828937,0,0,tie,tie,False
C101,solomon_txt,a6da75152d182d60ecd2c6f854296f5be452f92282d096adebcf5d99a7f16516,1,1,ok,True,10,828937,828.937,0.067343,0.50041,24,time_limit,solomon_exact_1000_v1,,,,,,0.5,,,,25,a5385b24e1b1e895647141e361fbfd125f69b22b8101a03a5bf03d0a059bf87a,False,native,e430e84b5044a1954983f6d380c1155f165e447205dd568d22a78596fa5f0602,604462f386c003e397cd55934c67735731d9683e762902ff4d23fad1f410c0bb,10,828937,0,0,tie,tie,False
C101,solomon_txt,a6da75152d182d60ecd2c6f854296f5be452f92282d096adebcf5d99a7f16516,2,1,ok,True,10,828937,828.937,0.06986,0.500474,2,time_limit,solomon_exact_1000_v1,,,,,,0.5,,,,25,a5385b24e1b1e895647141e361fbfd125f69b22b8101a03a5bf03d0a059bf87a,False,python,18b60bd1f8a3f3a3299830e92120a9841e4fb04a4b6fc31094cbf2c6e0a24ff8,604462f386c003e397cd55934c67735731d9683e762902ff4d23fad1f410c0bb,10,828937,0,0,tie,tie,False
C101,solomon_txt,a6da75152d182d60ecd2c6f854296f5be452f92282d096adebcf5d99a7f16516,2,1,ok,True,10,828937,828.937,0.068816,0.500228,20,time_limit,solomon_exact_1000_v1,,,,,,0.5,,,,25,a5385b24e1b1e895647141e361fbfd125f69b22b8101a03a5bf03d0a059bf87a,False,native,e430e84b5044a1954983f6d380c1155f165e447205dd568d22a78596fa5f0602,604462f386c003e397cd55934c67735731d9683e762902ff4d23fad1f410c0bb,10,828937,0,0,tie,tie,False
C102,solomon_txt,f89a0e2a760cc7448a4ca72b88e5b29b94d64b5548f3320f42a6230025ead653,0,1,ok,True,10,1103932,1103.932,0.071921,0.500448,1,time_limit,solomon_exact_1000_v1,,,,,,0.5,,,,25,a5385b24e1b1e895647141e361fbfd125f69b22b8101a03a5bf03d0a059bf87a,False,python,18b60bd1f8a3f3a3299830e92120a9841e4fb04a4b6fc31094cbf2c6e0a24ff8,604462f386c003e397cd55934c67735731d9683e762902ff4d23fad1f410c0bb,10,1103932,0,0,tie,tie,False
C102,solomon_txt,f89a0e2a760cc7448a4ca72b88e5b29b94d64b5548f3320f42a6230025ead653,0,1,ok,True,10,1052698,1052.698,0.071541,0.500386,22,time_limit,solomon_exact_1000_v1,,,,,,0.5,,,,25,a5385b24e1b1e895647141e361fbfd125f69b22b8101a03a5bf03d0a059bf87a,False,native,e430e84b5044a1954983f6d380c1155f165e447205dd568d22a78596fa5f0602,604462f386c003e397cd55934c67735731d9683e762902ff4d23fad1f410c0bb,10,1103932,0,-51234,better,better,False
C102,solomon_txt,f89a0e2a760cc7448a4ca72b88e5b29b94d64b5548f3320f42a6230025ead653,1,1,ok,True,10,1103932,1103.932,0.072221,0.500472,1,time_limit,solomon_exact_1000_v1,,,,,,0.5,,,,25,a5385b24e1b1e895647141e361fbfd125f69b22b8101a03a5bf03d0a059bf87a,False,python,18b60bd1f8a3f3a3299830e92120a9841e4fb04a4b6fc31094cbf2c6e0a24ff8,604462f386c003e397cd55934c67735731d9683e762902ff4d23fad1f410c0bb,10,1103932,0,0,tie,tie,False
C102,solomon_txt,f89a0e2a760cc7448a4ca72b88e5b29b94d64b5548f3320f42a6230025ead653,1,1,ok,True,10,1044256,1044.256,0.071207,0.500625,15,time_limit,solomon_exact_1000_v1,,,,,,0.5,,,,25,a5385b24e1b1e895647141e361fbfd125f69b22b8101a03a5bf03d0a059bf87a,False,native,e430e84b5044a1954983f6d380c1155f165e447205dd568d22a78596fa5f0602,604462f386c003e397cd55934c67735731d9683e762902ff4d23fad1f410c0bb,10,1103932,0,-59676,better,better,False
C102,solomon_txt,f89a0e2a760cc7448a4ca72b88e5b29b94d64b5548f3320f42a6230025ead653,2,1,ok,True,10,1120943,1120.943,0.106301,0.50065,1,time_limit,solomon_exact_1000_v1,,,,,,0.5,,,,25,a5385b24e1b1e895647141e361fbfd125f69b22b8101a03a5bf03d0a059bf87a,False,python,18b60bd1f8a3f3a3299830e92120a9841e4fb04a4b6fc31094cbf2c6e0a24ff8,604462f386c003e397cd55934c67735731d9683e762902ff4d23fad1f410c0bb,10,1120943,0,0,tie,tie,False
C102,solomon_txt,f89a0e2a760cc7448a4ca72b88e5b29b94d64b5548f3320f42a6230025ead653,2,1,ok,True,10,1056011,1056.011,0.107068,0.500385,13,time_limit,solomon_exact_1000_v1,,,,,,0.5,,,,25,a5385b24e1b1e895647141e361fbfd125f69b22b8101a03a5bf03d0a059bf87a,False,native,e430e84b5044a1954983f6d380c1155f165e447205dd568d22a78596fa5f0602,604462f386c003e397cd55934c67735731d9683e762902ff4d23fad1f410c0bb,10,1120943,0,-64932,better,better,False
C103,solomon_txt,a55cabf15e0da9d65696a5fb45c9852889479893f76f772a428ca15d1b415a51,0,1,ok,True,10,1699965,1699.965,0.119015,0.501085,1,time_limit,solomon_exact_1000_v1,,,,,,0.5,,,,25,a5385b24e1b1e895647141e361fbfd125f69b22b8101a03a5bf03d0a059bf87a,False,python,18b60bd1f8a3f3a3299830e92120a9841e4fb04a4b6fc31094cbf2c6e0a24ff8,604462f386c003e397cd55934c67735731d9683e762902ff4d23fad1f410c0bb,10,1699965,0,0,tie,tie,False
C103,solomon_txt,a55cabf15e0da9d65696a5fb45c9852889479893f76f772a428ca15d1b415a51,0,1,ok,True,10,1226430,1226.43,0.163159,0.500313,6,time_limit,solomon_exact_1000_v1,,,,,,0.5,,,,25,a5385b24e1b1e895647141e361fbfd125f69b22b8101a03a5bf03d0a059bf87a,False,native,e430e84b5044a1954983f6d380c1155f165e447205dd568d22a78596fa5f0602,604462f386c003e397cd55934c67735731d9683e762902ff4d23fad1f410c0bb,10,1699965,0,-473535,better,better,False
C103,solomon_txt,a55cabf15e0da9d65696a5fb45c9852889479893f76f772a428ca15d1b415a51,1,1,ok,True,10,1695846,1695.846,0.149941,0.500644,1,time_limit,solomon_exact_1000_v1,,,,,,0.5,,,,25,a5385b24e1b1e895647141e361fbfd125f69b22b8101a03a5bf03d0a059bf87a,False,python,18b60bd1f8a3f3a3299830e92120a9841e4fb04a4b6fc31094cbf2c6e0a24ff8,604462f386c003e397cd55934c67735731d9683e762902ff4d23fad1f410c0bb,10,1695846,0,0,tie,tie,False
C103,solomon_txt,a55cabf15e0da9d65696a5fb45c9852889479893f76f772a428ca15d1b415a51,1,1,ok,True,10,1221773,1221.773,0.116999,0.500579,6,time_limit,solomon_exact_1000_v1,,,,,,0.5,,,,25,a5385b24e1b1e895647141e361fbfd125f69b22b8101a03a5bf03d0a059bf87a,False,native,e430e84b5044a1954983f6d380c1155f165e447205dd568d22a78596fa5f0602,604462f386c003e397cd55934c67735731d9683e762902ff4d23fad1f410c0bb,10,1695846,0,-474073,better,better,False
C103,solomon_txt,a55cabf15e0da9d65696a5fb45c9852889479893f76f772a428ca15d1b415a51,2,1,ok,True,10,1692437,1692.437,0.116606,0.500616,1,time_limit,solomon_exact_1000_v1,,,,,,0.5,,,,25,a5385b24e1b1e895647141e361fbfd125f69b22b8101a03a5bf03d0a059bf87a,False,python,18b60bd1f8a3f3a3299830e92120a9841e4fb04a4b6fc31094cbf2c6e0a24ff8,604462f386c003e397cd55934c67735731d9683e762902ff4d23fad1f410c0bb,10,1692437,0,0,tie,tie,False
C103,solomon_txt,a55cabf15e0da9d65696a5fb45c9852889479893f76f772a428ca15d1b415a51,2,1,ok,True,10,1072920,1072.92,0.122078,0.500611,5,time_limit,solomon_exact_1000_v1,,,,,,0.5,,,,25,a5385b24e1b1e895647141e361fbfd125f69b22b8101a03a5bf03d0a059bf87a,False,native,e430e84b5044a1954983f6d380c1155f165e447205dd568d22a78596fa5f0602,604462f386c003e397cd55934c67735731d9683e762902ff4d23fad1f410c0bb,10,1692437,0,-619517,better,better,False
C104,solomon_txt,fe333e81625ee5a75bb2ce98c2c9f356d07289237865b62a23ba2f32f0de5ee2,0,1,ok,True,10,1524921,1524.921,0.131818,0.500595,1,time_limit,solomon_exact_1000_v1,,,,,,0.5,,,,25,a5385b24e1b1e895647141e361fbfd125f69b22b8101a03a5bf03d0a059bf87a,False,python,18b60bd1f8a3f3a3299830e92120a9841e4fb04a4b6fc31094cbf2c6e0a24ff8,604462f386c003e397cd55934c67735731d9683e762902ff4d23fad1f410c0bb,10,1524921,0,0,tie,tie,False
C104,solomon_txt,fe333e81625ee5a75bb2ce98c2c9f356d07289237865b62a23ba2f32f0de5ee2,0,1,ok,True,10,1045222,1045.222,0.121519,0.500572,6,time_limit,solomon_exact_1000_v1,,,,,,0.5,,,,25,a5385b24e1b1e895647141e361fbfd125f69b22b8101a03a5bf03d0a059bf87a,False,native,e430e84b5044a1954983f6d380c1155f165e447205dd568d22a78596fa5f0602,604462f386c003e397cd55934c67735731d9683e762902ff4d23fad1f410c0bb,10,1524921,0,-479699,better,better,False
C104,solomon_txt,fe333e81625ee5a75bb2ce98c2c9f356d07289237865b62a23ba2f32f0de5ee2,1,1,ok,True,10,1532897,1532.897,0.118237,0.500607,1,time_limit,solomon_exact_1000_v1,,,,,,0.5,,,,25,a5385b24e1b1e895647141e361fbfd125f69b22b8101a03a5bf03d0a059bf87a,False,python,18b60bd1f8a3f3a3299830e92120a9841e4fb04a4b6fc31094cbf2c6e0a24ff8,604462f386c003e397cd55934c67735731d9683e762902ff4d23fad1f410c0bb,10,1532897,0,0,tie,tie,False
C104,solomon_txt,fe333e81625ee5a75bb2ce98c2c9f356d07289237865b62a23ba2f32f0de5ee2,1,1,ok,True,10,974189,974.189,0.12098,0.500718,1,time_limit,solomon_exact_1000_v1,,,,,,0.5,,,,25,a5385b24e1b1e895647141e361fbfd125f69b22b8101a03a5bf03d0a059bf87a,False,native,e430e84b5044a1954983f6d380c1155f165e447205dd568d22a78596fa5f0602,604462f386c003e397cd55934c67735731d9683e762902ff4d23fad1f410c0bb,10,1532897,0,-558708,better,better,False
C104,solomon_txt,fe333e81625ee5a75bb2ce98c2c9f356d07289237865b62a23ba2f32f0de5ee2,2,1,ok,True,10,1499744,1499.744,0.119138,0.500654,1,time_limit,solomon_exact_1000_v1,,,,,,0.5,,,,25,a5385b24e1b1e895647141e361fbfd125f69b22b8101a03a5bf03d0a059bf87a,False,python,18b60bd1f8a3f3a3299830e92120a9841e4fb04a4b6fc31094cbf2c6e0a24ff8,604462f386c003e397cd55934c67735731d9683e762902ff4d23fad1f410c0bb,10,1499744,0,0,tie,tie,False
C104,solomon_txt,fe333e81625ee5a75bb2ce98c2c9f356d07289237865b62a23ba2f32f0de5ee2,2,1,ok,True,10,1101817,1101.817,0.122268,0.500601,4,time_limit,solomon_exact_1000_v1,,,,,,0.5,,,,25,a5385b24e1b1e895647141e361fbfd125f69b22b8101a03a5bf03d0a059bf87a,False,native,e430e84b5044a1954983f6d380c1155f165e447205dd568d22a78596fa5f0602,604462f386c003e397cd55934c67735731d9683e762902ff4d23fad1f410c0bb,10,1499744,0,-397927,better,better,False
C105,solomon_txt,9a877a3a6fb922e7ad9297cc0308bc8a5652cb1495a0228ee6b81b2d938aa29f,0,1,ok,True,10,1024154,1024.154,0.102187,0.500617,1,time_limit,solomon_exact_1000_v1,,,,,,0.5,,,,25,a5385b24e1b1e895647141e361fbfd125f69b22b8101a03a5bf03d0a059bf87a,False,python,18b60bd1f8a3f3a3299830e92120a9841e4fb04a4b6fc31094cbf2c6e0a24ff8,604462f386c003e397cd55934c67735731d9683e762902ff4d23fad1f410c0bb,10,1024154,0,0,tie,tie,False
C105,solomon_txt,9a877a3a6fb922e7ad9297cc0308bc8a5652cb1495a0228ee6b81b2d938aa29f,0,1,ok,True,10,854315,854.315,0.100607,0.500645,10,time_limit,solomon_exact_1000_v1,,,,,,0.5,,,,25,a5385b24e1b1e895647141e361fbfd125f69b22b8101a03a5bf03d0a059bf87a,False,native,e430e84b5044a1954983f6d380c1155f165e447205dd568d22a78596fa5f0602,604462f386c003e397cd55934c67735731d9683e762902ff4d23fad1f410c0bb,10,1024154,0,-169839,better,better,False
C105,solomon_txt,9a877a3a6fb922e7ad9297cc0308bc8a5652cb1495a0228ee6b81b2d938aa29f,1,1,ok,True,10,920905,920.905,0.101596,0.500739,1,time_limit,solomon_exact_1000_v1,,,,,,0.5,,,,25,a5385b24e1b1e895647141e361fbfd125f69b22b8101a03a5bf03d0a059bf87a,False,python,18b60bd1f8a3f3a3299830e92120a9841e4fb04a4b6fc31094cbf2c6e0a24ff8,604462f386c003e397cd55934c67735731d9683e762902ff4d23fad1f410c0bb,10,920905,0,0,tie,tie,False
C105,solomon_txt,9a877a3a6fb922e7ad9297cc0308bc8a5652cb1495a0228ee6b81b2d938aa29f,1,1,ok,True,10,918265,918.265,0.102357,0.500355,13,time_limit,solomon_exact_1000_v1,,,,,,0.5,,,,25,a5385b24e1b1e895647141e361fbfd125f69b22b8101a03a5bf03d0a059bf87a,False,native,e430e84b5044a1954983f6d380c1155f165e447205dd568d22a78596fa5f0602,604462f386c003e397cd55934c67735731d9683e762902ff4d23fad1f410c0bb,10,920905,0,-2640,better,better,False
C105,solomon_txt,9a877a3a6fb922e7ad9297cc0308bc8a5652cb1495a0228ee6b81b2d938aa29f,2,1,ok,True,10,910050,910.05,0.101774,0.500638,1,time_limit,solomon_exact_1000_v1,,,,,,0.5,,,,25,a5385b24e1b1e895647141e361fbfd125f69b22b8101a03a5bf03d0a059bf87a,False,python,18b60bd1f8a3f3a3299830e92120a9841e4fb04a4b6fc31094cbf2c6e0a24ff8,604462f386c003e397cd55934c67735731d9683e762902ff4d23fad1f410c0bb,10,910050,0,0,tie,tie,False
C105,solomon_txt,9a877a3a6fb922e7ad9297cc0308bc8a5652cb1495a0228ee6b81b2d938aa29f,2,1,ok,True,10,867785,867.785,0.101587,0.500579,12,time_limit,solomon_exact_1000_v1,,,,,,0.5,,,,25,a5385b24e1b1e895647141e361fbfd125f69b22b8101a03a5bf03d0a059bf87a,False,native,e430e84b5044a1954983f6d380c1155f165e447205dd568d22a78596fa5f0602,604462f386c003e397cd55934c67735731d9683e762902ff4d23fad1f410c0bb,10,910050,0,-42265,better,better,False
C106,solomon_txt,ec9b419bed53e9c607cce76e8c6bc59feb6e4d17646905601f008a4141ec7b40,0,1,ok,True,10,1072424,1072.424,0.110257,0.500594,1,time_limit,solomon_exact_1000_v1,,,,,,0.5,,,,25,a5385b24e1b1e895647141e361fbfd125f69b22b8101a03a5bf03d0a059bf87a,False,python,18b60bd1f8a3f3a3299830e92120a9841e4fb04a4b6fc31094cbf2c6e0a24ff8,604462f386c003e397cd55934c67735731d9683e762902ff4d23fad1f410c0bb,10,1072424,0,0,tie,tie,False
C106,solomon_txt,ec9b419bed53e9c607cce76e8c6bc59feb6e4d17646905601f008a4141ec7b40,0,1,ok,True,10,891952,891.952,0.097681,0.500329,9,time_limit,solomon_exact_1000_v1,,,,,,0.5,,,,25,a5385b24e1b1e895647141e361fbfd125f69b22b8101a03a5bf03d0a059bf87a,False,native,e430e84b5044a1954983f6d380c1155f165e447205dd568d22a78596fa5f0602,604462f386c003e397cd55934c67735731d9683e762902ff4d23fad1f410c0bb,10,1072424,0,-180472,better,better,False
C106,solomon_txt,ec9b419bed53e9c607cce76e8c6bc59feb6e4d17646905601f008a4141ec7b40,1,1,ok,True,10,1013319,1013.319,0.093617,0.500627,1,time_limit,solomon_exact_1000_v1,,,,,,0.5,,,,25,a5385b24e1b1e895647141e361fbfd125f69b22b8101a03a5bf03d0a059bf87a,False,python,18b60bd1f8a3f3a3299830e92120a9841e4fb04a4b6fc31094cbf2c6e0a24ff8,604462f386c003e397cd55934c67735731d9683e762902ff4d23fad1f410c0bb,10,1013319,0,0,tie,tie,False
C106,solomon_txt,ec9b419bed53e9c607cce76e8c6bc59feb6e4d17646905601f008a4141ec7b40,1,1,ok,True,10,905132,905.132,0.098188,0.500305,13,time_limit,solomon_exact_1000_v1,,,,,,0.5,,,,25,a5385b24e1b1e895647141e361fbfd125f69b22b8101a03a5bf03d0a059bf87a,False,native,e430e84b5044a1954983f6d380c1155f165e447205dd568d22a78596fa5f0602,604462f386c003e397cd55934c67735731d9683e762902ff4d23fad1f410c0bb,10,1013319,0,-108187,better,better,False
C106,solomon_txt,ec9b419bed53e9c607cce76e8c6bc59feb6e4d17646905601f008a4141ec7b40,2,1,ok,True,10,1037941,1037.941,0.097844,0.500932,1,time_limit,solomon_exact_1000_v1,,,,,,0.5,,,,25,a5385b24e1b1e895647141e361fbfd125f69b22b8101a03a5bf03d0a059bf87a,False,python,18b60bd1f8a3f3a3299830e92120a9841e4fb04a4b6fc31094cbf2c6e0a24ff8,604462f386c003e397cd55934c67735731d9683e762902ff4d23fad1f410c0bb,10,1037941,0,0,tie,tie,False
C106,solomon_txt,ec9b419bed53e9c607cce76e8c6bc59feb6e4d17646905601f008a4141ec7b40,2,1,ok,True,10,1037941,1037.941,0.097426,0.500575,15,time_limit,solomon_exact_1000_v1,,,,,,0.5,,,,25,a5385b24e1b1e895647141e361fbfd125f69b22b8101a03a5bf03d0a059bf87a,False,native,e430e84b5044a1954983f6d380c1155f165e447205dd568d22a78596fa5f0602,604462f386c003e397cd55934c67735731d9683e762902ff4d23fad1f410c0bb,10,1037941,0,0,tie,tie,False
C107,solomon_txt,cb3cdc10d812fa17370eb52cb753b6b0574426dc6fabeb8b9076ed750ddf05ca,0,1,ok,True,10,1061728,1061.728,0.106814,0.501169,1,time_limit,solomon_exact_1000_v1,,,,,,0.5,,,,25,a5385b24e1b1e895647141e361fbfd125f69b22b8101a03a5bf03d0a059bf87a,False,python,18b60bd1f8a3f3a3299830e92120a9841e4fb04a4b6fc31094cbf2c6e0a24ff8,604462f386c003e397cd55934c67735731d9683e762902ff4d23fad1f410c0bb,10,1061728,0,0,tie,tie,False
C107,solomon_txt,cb3cdc10d812fa17370eb52cb753b6b0574426dc6fabeb8b9076ed750ddf05ca,0,1,ok,True,10,934258,934.258,0.111774,0.500627,11,time_limit,solomon_exact_1000_v1,,,,,,0.5,,,,25,a5385b24e1b1e895647141e361fbfd125f69b22b8101a03a5bf03d0a059bf87a,False,native,e430e84b5044a1954983f6d380c1155f165e447205dd568d22a78596fa5f0602,604462f386c003e397cd55934c67735731d9683e762902ff4d23fad1f410c0bb,10,1061728,0,-127470,better,better,False
C107,solomon_txt,cb3cdc10d812fa17370eb52cb753b6b0574426dc6fabeb8b9076ed750ddf05ca,1,1,ok,True,10,965004,965.004,0.107981,0.500624,1,time_limit,solomon_exact_1000_v1,,,,,,0.5,,,,25,a5385b24e1b1e895647141e361fbfd125f69b22b8101a03a5bf03d0a059bf87a,False,python,18b60bd1f8a3f3a3299830e92120a9841e4fb04a4b6fc31094cbf2c6e0a24ff8,604462f386c003e397cd55934c67735731d9683e762902ff4d23fad1f410c0bb,10,965004,0,0,tie,tie,False
C107,solomon_txt,cb3cdc10d812fa17370eb52cb753b6b0574426dc6fabeb8b9076ed750ddf05ca,1,1,ok,True,10,882031,882.031,0.10612,0.500592,12,time_limit,solomon_exact_1000_v1,,,,,,0.5,,,,25,a5385b24e1b1e895647141e361fbfd125f69b22b8101a03a5bf03d0a059bf87a,False,native,e430e84b5044a1954983f6d380c1155f165e447205dd568d22a78596fa5f0602,604462f386c003e397cd55934c67735731d9683e762902ff4d23fad1f410c0bb,10,965004,0,-82973,better,better,False
C107,solomon_txt,cb3cdc10d812fa17370eb52cb753b6b0574426dc6fabeb8b9076ed750ddf05ca,2,1,ok,True,10,893281,893.281,0.108791,0.500644,1,time_limit,solomon_exact_1000_v1,,,,,,0.5,,,,25,a5385b24e1b1e895647141e361fbfd125f69b22b8101a03a5bf03d0a059bf87a,False,python,18b60bd1f8a3f3a3299830e92120a9841e4fb04a4b6fc31094cbf2c6e0a24ff8,604462f386c003e397cd55934c67735731d9683e762902ff4d23fad1f410c0bb,10,893281,0,0,tie,tie,False
C107,solomon_txt,cb3cdc10d812fa17370eb52cb753b6b0574426dc6fabeb8b9076ed750ddf05ca,2,1,ok,True,10,892555,892.555,0.108117,0.500321,15,time_limit,solomon_exact_1000_v1,,,,,,0.5,,,,25,a5385b24e1b1e895647141e361fbfd125f69b22b8101a03a5bf03d0a059bf87a,False,native,e430e84b5044a1954983f6d380c1155f165e447205dd568d22a78596fa5f0602,604462f386c003e397cd55934c67735731d9683e762902ff4d23fad1f410c0bb,10,893281,0,-726,better,better,False
C108,solomon_txt,b8c7e48f292b66b283d8e71511e3a4eccaa4c4bc66b9313c399e73b0226f5953,0,1,ok,True,11,1917277,1917.277,0.099845,0.500755,1,time_limit,solomon_exact_1000_v1,,,,,,0.5,,,,25,a5385b24e1b1e895647141e361fbfd125f69b22b8101a03a5bf03d0a059bf87a,False,python,18b60bd1f8a3f3a3299830e92120a9841e4fb04a4b6fc31094cbf2c6e0a24ff8,604462f386c003e397cd55934c67735731d9683e762902ff4d23fad1f410c0bb,11,1917277,0,0,tie,tie,False
C108,solomon_txt,b8c7e48f292b66b283d8e71511e3a4eccaa4c4bc66b9313c399e73b0226f5953,0,1,ok,True,11,1180568,1180.568,0.101193,0.500434,1,time_limit,solomon_exact_1000_v1,,,,,,0.5,,,,25,a5385b24e1b1e895647141e361fbfd125f69b22b8101a03a5bf03d0a059bf87a,False,native,e430e84b5044a1954983f6d380c1155f165e447205dd568d22a78596fa5f0602,604462f386c003e397cd55934c67735731d9683e762902ff4d23fad1f410c0bb,11,1917277,0,-736709,better,better,False
C108,solomon_txt,b8c7e48f292b66b283d8e71511e3a4eccaa4c4bc66b9313c399e73b0226f5953,1,1,ok,True,10,1381616,1381.616,0.098358,0.500594,1,time_limit,solomon_exact_1000_v1,,,,,,0.5,,,,25,a5385b24e1b1e895647141e361fbfd125f69b22b8101a03a5bf03d0a059bf87a,False,python,18b60bd1f8a3f3a3299830e92120a9841e4fb04a4b6fc31094cbf2c6e0a24ff8,604462f386c003e397cd55934c67735731d9683e762902ff4d23fad1f410c0bb,10,1381616,0,0,tie,tie,False
C108,solomon_txt,b8c7e48f292b66b283d8e71511e3a4eccaa4c4bc66b9313c399e73b0226f5953,1,1,ok,True,10,981455,981.455,0.100259,0.500566,10,time_limit,solomon_exact_1000_v1,,,,,,0.5,,,,25,a5385b24e1b1e895647141e361fbfd125f69b22b8101a03a5bf03d0a059bf87a,False,native,e430e84b5044a1954983f6d380c1155f165e447205dd568d22a78596fa5f0602,604462f386c003e397cd55934c67735731d9683e762902ff4d23fad1f410c0bb,10,1381616,0,-400161,better,better,False
C108,solomon_txt,b8c7e48f292b66b283d8e71511e3a4eccaa4c4bc66b9313c399e73b0226f5953,2,1,ok,True,10,1272288,1272.288,0.110042,0.500973,2,time_limit,solomon_exact_1000_v1,,,,,,0.5,,,,25,a5385b24e1b1e895647141e361fbfd125f69b22b8101a03a5bf03d0a059bf87a,False,python,18b60bd1f8a3f3a3299830e92120a9841e4fb04a4b6fc31094cbf2c6e0a24ff8,604462f386c003e397cd55934c67735731d9683e762902ff4d23fad1f410c0bb,10,1272288,0,0,tie,tie,False
C108,solomon_txt,b8c7e48f292b66b283d8e71511e3a4eccaa4c4bc66b9313c399e73b0226f5953,2,1,ok,True,10,873633,873.633,0.098795,0.500599,13,time_limit,solomon_exact_1000_v1,,,,,,0.5,,,,25,a5385b24e1b1e895647141e361fbfd125f69b22b8101a03a5bf03d0a059bf87a,False,native,e430e84b5044a1954983f6d380c1155f165e447205dd568d22a78596fa5f0602,604462f386c003e397cd55934c67735731d9683e762902ff4d23fad1f410c0bb,10,1272288,0,-398655,better,better,False
C109,solomon_txt,72d8489e14bf1bb18456f0b21b01110506cbcc2354719dae8481b480150f142a,0,1,ok,True,10,1367705,1367.705,0.109442,0.500659,1,time_limit,solomon_exact_1000_v1,,,,,,0.5,,,,25,a5385b24e1b1e895647141e361fbfd125f69b22b8101a03a5bf03d0a059bf87a,False,python,18b60bd1f8a3f3a3299830e92120a9841e4fb04a4b6fc31094cbf2c6e0a24ff8,604462f386c003e397cd55934c67735731d9683e762902ff4d23fad1f410c0bb,10,1367705,0,0,tie,tie,False
C109,solomon_txt,72d8489e14bf1bb18456f0b21b01110506cbcc2354719dae8481b480150f142a,0,1,ok,True,10,1069536,1069.536,0.151633,0.500296,8,time_limit,solomon_exact_1000_v1,,,,,,0.5,,,,25,a5385b24e1b1e895647141e361fbfd125f69b22b8101a03a5bf03d0a059bf87a,False,native,e430e84b5044a1954983f6d380c1155f165e447205dd568d22a78596fa5f0602,604462f386c003e397cd55934c67735731d9683e762902ff4d23fad1f410c0bb,10,1367705,0,-298169,better,better,False
C109,solomon_txt,72d8489e14bf1bb18456f0b21b01110506cbcc2354719dae8481b480150f142a,1,1,ok,True,10,1407980,1407.98,0.111119,0.500581,1,time_limit,solomon_exact_1000_v1,,,,,,0.5,,,,25,a5385b24e1b1e895647141e361fbfd125f69b22b8101a03a5bf03d0a059bf87a,False,python,18b60bd1f8a3f3a3299830e92120a9841e4fb04a4b6fc31094cbf2c6e0a24ff8,604462f386c003e397cd55934c67735731d9683e762902ff4d23fad1f410c0bb,10,1407980,0,0,tie,tie,False
C109,solomon_txt,72d8489e14bf1bb18456f0b21b01110506cbcc2354719dae8481b480150f142a,1,1,ok,True,10,905739,905.739,0.116196,0.500335,4,time_limit,solomon_exact_1000_v1,,,,,,0.5,,,,25,a5385b24e1b1e895647141e361fbfd125f69b22b8101a03a5bf03d0a059bf87a,False,native,e430e84b5044a1954983f6d380c1155f165e447205dd568d22a78596fa5f0602,604462f386c003e397cd55934c67735731d9683e762902ff4d23fad1f410c0bb,10,1407980,0,-502241,better,better,False
C109,solomon_txt,72d8489e14bf1bb18456f0b21b01110506cbcc2354719dae8481b480150f142a,2,1,ok,True,10,1350711,1350.711,0.108291,0.500624,1,time_limit,solomon_exact_1000_v1,,,,,,0.5,,,,25,a5385b24e1b1e895647141e361fbfd125f69b22b8101a03a5bf03d0a059bf87a,False,python,18b60bd1f8a3f3a3299830e92120a9841e4fb04a4b6fc31094cbf2c6e0a24ff8,604462f386c003e397cd55934c67735731d9683e762902ff4d23fad1f410c0bb,10,1350711,0,0,tie,tie,False
C109,solomon_txt,72d8489e14bf1bb18456f0b21b01110506cbcc2354719dae8481b480150f142a,2,1,ok,True,10,1063137,1063.137,0.108352,0.500591,11,time_limit,solomon_exact_1000_v1,,,,,,0.5,,,,25,a5385b24e1b1e895647141e361fbfd125f69b22b8101a03a5bf03d0a059bf87a,False,native,e430e84b5044a1954983f6d380c1155f165e447205dd568d22a78596fa5f0602,604462f386c003e397cd55934c67735731d9683e762902ff4d23fad1f410c0bb,10,1350711,0,-287574,better,better,False
C201,solomon_txt,d8d9834087ae2326fa23a8510533060233dc9fb481873be60956eb26a880ad63,0,1,ok,True,3,702313,702.313,0.266034,0.5006,1,time_limit,solomon_exact_1000_v1,,,,,,0.5,,,,25,a5385b24e1b1e895647141e361fbfd125f69b22b8101a03a5bf03d0a059bf87a,False,python,18b60bd1f8a3f3a3299830e92120a9841e4fb04a4b6fc31094cbf2c6e0a24ff8,604462f386c003e397cd55934c67735731d9683e762902ff4d23fad1f410c0bb,3,702313,0,0,tie,tie,False
C201,solomon_txt,d8d9834087ae2326fa23a8510533060233dc9fb481873be60956eb26a880ad63,0,1,ok,True,3,591555,591.555,0.264833,0.500565,4,time_limit,solomon_exact_1000_v1,,,,,,0.5,,,,25,a5385b24e1b1e895647141e361fbfd125f69b22b8101a03a5bf03d0a059bf87a,False,native,e430e84b5044a1954983f6d380c1155f165e447205dd568d22a78596fa5f0602,604462f386c003e397cd55934c67735731d9683e762902ff4d23fad1f410c0bb,3,702313,0,-110758,better,better,False
C201,solomon_txt,d8d9834087ae2326fa23a8510533060233dc9fb481873be60956eb26a880ad63,1,1,ok,True,3,702313,702.313,0.265591,0.500601,1,time_limit,solomon_exact_1000_v1,,,,,,0.5,,,,25,a5385b24e1b1e895647141e361fbfd125f69b22b8101a03a5bf03d0a059bf87a,False,python,18b60bd1f8a3f3a3299830e92120a9841e4fb04a4b6fc31094cbf2c6e0a24ff8,604462f386c003e397cd55934c67735731d9683e762902ff4d23fad1f410c0bb,3,702313,0,0,tie,tie,False
C201,solomon_txt,d8d9834087ae2326fa23a8510533060233dc9fb481873be60956eb26a880ad63,1,1,ok,True,3,591555,591.555,0.26322,0.500367,5,time_limit,solomon_exact_1000_v1,,,,,,0.5,,,,25,a5385b24e1b1e895647141e361fbfd125f69b22b8101a03a5bf03d0a059bf87a,False,native,e430e84b5044a1954983f6d380c1155f165e447205dd568d22a78596fa5f0602,604462f386c003e397cd55934c67735731d9683e762902ff4d23fad1f410c0bb,3,702313,0,-110758,better,better,False
C201,solomon_txt,d8d9834087ae2326fa23a8510533060233dc9fb481873be60956eb26a880ad63,2,1,ok,True,3,702313,702.313,0.268084,0.50103,1,time_limit,solomon_exact_1000_v1,,,,,,0.5,,,,25,a5385b24e1b1e895647141e361fbfd125f69b22b8101a03a5bf03d0a059bf87a,False,python,18b60bd1f8a3f3a3299830e92120a9841e4fb04a4b6fc31094cbf2c6e0a24ff8,604462f386c003e397cd55934c67735731d9683e762902ff4d23fad1f410c0bb,3,702313,0,0,tie,tie,False
C201,solomon_txt,d8d9834087ae2326fa23a8510533060233dc9fb481873be60956eb26a880ad63,2,1,ok,True,3,591555,591.555,0.274649,0.500528,4,time_limit,solomon_exact_1000_v1,,,,,,0.5,,,,25,a5385b24e1b1e895647141e361fbfd125f69b22b8101a03a5bf03d0a059bf87a,False,native,e430e84b5044a1954983f6d380c1155f165e447205dd568d22a78596fa5f0602,604462f386c003e397cd55934c67735731d9683e762902ff4d23fad1f410c0bb,3,702313,0,-110758,better,better,False
C202,solomon_txt,dfc8ecad79f6c7ffb096cd36994143569f0babe284d5ad194683271d81063772,0,1,ok,True,3,724988,724.988,0.268923,0.50062,1,time_limit,solomon_exact_1000_v1,,,,,,0.5,,,,25,a5385b24e1b1e895647141e361fbfd125f69b22b8101a03a5bf03d0a059bf87a,False,python,18b60bd1f8a3f3a3299830e92120a9841e4fb04a4b6fc31094cbf2c6e0a24ff8,604462f386c003e397cd55934c67735731d9683e762902ff4d23fad1f410c0bb,3,724988,0,0,tie,tie,False
C202,solomon_txt,dfc8ecad79f6c7ffb096cd36994143569f0babe284d5ad194683271d81063772,0,1,ok,True,3,620286,620.286,0.251952,0.500567,3,time_limit,solomon_exact_1000_v1,,,,,,0.5,,,,25,a5385b24e1b1e895647141e361fbfd125f69b22b8101a03a5bf03d0a059bf87a,False,native,e430e84b5044a1954983f6d380c1155f165e447205dd568d22a78596fa5f0602,604462f386c003e397cd55934c67735731d9683e762902ff4d23fad1f410c0bb,3,724988,0,-104702,better,better,False
C202,solomon_txt,dfc8ecad79f6c7ffb096cd36994143569f0babe284d5ad194683271d81063772,1,1,ok,True,3,724988,724.988,0.254786,0.500584,1,time_limit,solomon_exact_1000_v1,,,,,,0.5,,,,25,a5385b24e1b1e895647141e361fbfd125f69b22b8101a03a5bf03d0a059bf87a,False,python,18b60bd1f8a3f3a3299830e92120a9841e4fb04a4b6fc31094cbf2c6e0a24ff8,604462f386c003e397cd55934c67735731d9683e762902ff4d23fad1f410c0bb,3,724988,0,0,tie,tie,False
C202,solomon_txt,dfc8ecad79f6c7ffb096cd36994143569f0babe284d5ad194683271d81063772,1,1,ok,True,3,620286,620.286,0.256579,0.50034,3,time_limit,solomon_exact_1000_v1,,,,,,0.5,,,,25,a5385b24e1b1e895647141e361fbfd125f69b22b8101a03a5bf03d0a059bf87a,False,native,e430e84b5044a1954983f6d380c1155f165e447205dd568d22a78596fa5f0602,604462f386c003e397cd55934c67735731d9683e762902ff4d23fad1f410c0bb,3,724988,0,-104702,better,better,False
C202,solomon_txt,dfc8ecad79f6c7ffb096cd36994143569f0babe284d5ad194683271d81063772,2,1,ok,True,3,720767,720.767,0.258632,0.500601,1,time_limit,solomon_exact_1000_v1,,,,,,0.5,,,,25,a5385b24e1b1e895647141e361fbfd125f69b22b8101a03a5bf03d0a059bf87a,False,python,18b60bd1f8a3f3a3299830e92120a9841e4fb04a4b6fc31094cbf2c6e0a24ff8,604462f386c003e397cd55934c67735731d9683e762902ff4d23fad1f410c0bb,3,720767,0,0,tie,tie,False
C202,solomon_txt,dfc8ecad79f6c7ffb096cd36994143569f0babe284d5ad194683271d81063772,2,1,ok,True,3,620286,620.286,0.262286,0.500556,3,time_limit,solomon_exact_1000_v1,,,,,,0.5,,,,25,a5385b24e1b1e895647141e361fbfd125f69b22b8101a03a5bf03d0a059bf87a,False,native,e430e84b5044a1954983f6d380c1155f165e447205dd568d22a78596fa5f0602,604462f386c003e397cd55934c67735731d9683e762902ff4d23fad1f410c0bb,3,720767,0,-100481,better,better,False
C203,solomon_txt,2b79eea2962a848cb29f6153d4fb4ae725d35507686d937da6643b33fcd85062,0,1,ok,True,3,632006,632.006,0.23799,0.500607,1,time_limit,solomon_exact_1000_v1,,,,,,0.5,,,,25,a5385b24e1b1e895647141e361fbfd125f69b22b8101a03a5bf03d0a059bf87a,False,python,18b60bd1f8a3f3a3299830e92120a9841e4fb04a4b6fc31094cbf2c6e0a24ff8,604462f386c003e397cd55934c67735731d9683e762902ff4d23fad1f410c0bb,3,632006,0,0,tie,tie,False
C203,solomon_txt,2b79eea2962a848cb29f6153d4fb4ae725d35507686d937da6643b33fcd85062,0,1,ok,True,3,600207,600.207,0.247551,0.500404,4,time_limit,solomon_exact_1000_v1,,,,,,0.5,,,,25,a5385b24e1b1e895647141e361fbfd125f69b22b8101a03a5bf03d0a059bf87a,False,native,e430e84b5044a1954983f6d380c1155f165e447205dd568d22a78596fa5f0602,604462f386c003e397cd55934c67735731d9683e762902ff4d23fad1f410c0bb,3,632006,0,-31799,better,better,False
C203,solomon_txt,2b79eea2962a848cb29f6153d4fb4ae725d35507686d937da6643b33fcd85062,1,1,ok,True,3,716777,716.777,0.240426,0.50061,1,time_limit,solomon_exact_1000_v1,,,,,,0.5,,,,25,a5385b24e1b1e895647141e361fbfd125f69b22b8101a03a5bf03d0a059bf87a,False,python,18b60bd1f8a3f3a3299830e92120a9841e4fb04a4b6fc31094cbf2c6e0a24ff8,604462f386c003e397cd55934c67735731d9683e762902ff4d23fad1f410c0bb,3,716777,0,0,tie,tie,False
C203,solomon_txt,2b79eea2962a848cb29f6153d4fb4ae725d35507686d937da6643b33fcd85062,1,1,ok,True,3,603368,603.368,0.247995,0.50035,3,time_limit,solomon_exact_1000_v1,,,,,,0.5,,,,25,a5385b24e1b1e895647141e361fbfd125f69b22b8101a03a5bf03d0a059bf87a,False,native,e430e84b5044a1954983f6d380c1155f165e447205dd568d22a78596fa5f0602,604462f386c003e397cd55934c67735731d9683e762902ff4d23fad1f410c0bb,3,716777,0,-113409,better,better,False
C203,solomon_txt,2b79eea2962a848cb29f6153d4fb4ae725d35507686d937da6643b33fcd85062,2,1,ok,True,3,671497,671.497,0.290574,0.5006,1,time_limit,solomon_exact_1000_v1,,,,,,0.5,,,,25,a5385b24e1b1e895647141e361fbfd125f69b22b8101a03a5bf03d0a059bf87a,False,python,18b60bd1f8a3f3a3299830e92120a9841e4fb04a4b6fc31094cbf2c6e0a24ff8,604462f386c003e397cd55934c67735731d9683e762902ff4d23fad1f410c0bb,3,671497,0,0,tie,tie,False
C203,solomon_txt,2b79eea2962a848cb29f6153d4fb4ae725d35507686d937da6643b33fcd85062,2,1,ok,True,3,621206,621.206,0.267782,0.500348,3,time_limit,solomon_exact_1000_v1,,,,,,0.5,,,,25,a5385b24e1b1e895647141e361fbfd125f69b22b8101a03a5bf03d0a059bf87a,False,native,e430e84b5044a1954983f6d380c1155f165e447205dd568d22a78596fa5f0602,604462f386c003e397cd55934c67735731d9683e762902ff4d23fad1f410c0bb,3,671497,0,-50291,better,better,False
C204,solomon_txt,4331b2744d34e32c2987e3fe8a82b782a2039d757d2aac818f7e0fd21117bfb4,0,1,ok,True,3,942593,942.593,0.269503,0.50066,1,time_limit,solomon_exact_1000_v1,,,,,,0.5,,,,25,a5385b24e1b1e895647141e361fbfd125f69b22b8101a03a5bf03d0a059bf87a,False,python,18b60bd1f8a3f3a3299830e92120a9841e4fb04a4b6fc31094cbf2c6e0a24ff8,604462f386c003e397cd55934c67735731d9683e762902ff4d23fad1f410c0bb,3,942593,0,0,tie,tie,False
C204,solomon_txt,4331b2744d34e32c2987e3fe8a82b782a2039d757d2aac818f7e0fd21117bfb4,0,1,ok,True,3,881748,881.748,0.267562,0.500316,4,time_limit,solomon_exact_1000_v1,,,,,,0.5,,,,25,a5385b24e1b1e895647141e361fbfd125f69b22b8101a03a5bf03d0a059bf87a,False,native,e430e84b5044a1954983f6d380c1155f165e447205dd568d22a78596fa5f0602,604462f386c003e397cd55934c67735731d9683e762902ff4d23fad1f410c0bb,3,942593,0,-60845,better,better,False
C204,solomon_txt,4331b2744d34e32c2987e3fe8a82b782a2039d757d2aac818f7e0fd21117bfb4,1,1,ok,True,3,774487,774.487,0.264277,0.500597,1,time_limit,solomon_exact_1000_v1,,,,,,0.5,,,,25,a5385b24e1b1e895647141e361fbfd125f69b22b8101a03a5bf03d0a059bf87a,False,python,18b60bd1f8a3f3a3299830e92120a9841e4fb04a4b6fc31094cbf2c6e0a24ff8,604462f386c003e397cd55934c67735731d9683e762902ff4d23fad1f410c0bb,3,774487,0,0,tie,tie,False
C204,solomon_txt,4331b2744d34e32c2987e3fe8a82b782a2039d757d2aac818f7e0fd21117bfb4,1,1,ok,True,3,714746,714.746,0.28823,0.500314,4,time_limit,solomon_exact_1000_v1,,,,,,0.5,,,,25,a5385b24e1b1e895647141e361fbfd125f69b22b8101a03a5bf03d0a059bf87a,False,native,e430e84b5044a1954983f6d380c1155f165e447205dd568d22a78596fa5f0602,604462f386c003e397cd55934c67735731d9683e762902ff4d23fad1f410c0bb,3,774487,0,-59741,better,better,False
C204,solomon_txt,4331b2744d34e32c2987e3fe8a82b782a2039d757d2aac818f7e0fd21117bfb4,2,1,ok,True,3,737060,737.06,0.275232,0.500892,1,time_limit,solomon_exact_1000_v1,,,,,,0.5,,,,25,a5385b24e1b1e895647141e361fbfd125f69b22b8101a03a5bf03d0a059bf87a,False,python,18b60bd1f8a3f3a3299830e92120a9841e4fb04a4b6fc31094cbf2c6e0a24ff8,604462f386c003e397cd55934c67735731d9683e762902ff4d23fad1f410c0bb,3,737060,0,0,tie,tie,False
C204,solomon_txt,4331b2744d34e32c2987e3fe8a82b782a2039d757d2aac818f7e0fd21117bfb4,2,1,ok,True,3,634881,634.881,0.26617,0.500369,3,time_limit,solomon_exact_1000_v1,,,,,,0.5,,,,25,a5385b24e1b1e895647141e361fbfd125f69b22b8101a03a5bf03d0a059bf87a,False,native,e430e84b5044a1954983f6d380c1155f165e447205dd568d22a78596fa5f0602,604462f386c003e397cd55934c67735731d9683e762902ff4d23fad1f410c0bb,3,737060,0,-102179,better,better,False
C205,solomon_txt,15be2bb8c3e4ad99a79d1e7ee0472223feb95a4f423d010e032bda0a87266ca5,0,1,ok,True,3,735813,735.813,0.238094,0.500584,1,time_limit,solomon_exact_1000_v1,,,,,,0.5,,,,25,a5385b24e1b1e895647141e361fbfd125f69b22b8101a03a5bf03d0a059bf87a,False,python,18b60bd1f8a3f3a3299830e92120a9841e4fb04a4b6fc31094cbf2c6e0a24ff8,604462f386c003e397cd55934c67735731d9683e762902ff4d23fad1f410c0bb,3,735813,0,0,tie,tie,False
C205,solomon_txt,15be2bb8c3e4ad99a79d1e7ee0472223feb95a4f423d010e032bda0a87266ca5,0,1,ok,True,3,588875,588.875,0.23527,0.500556,4,time_limit,solomon_exact_1000_v1,,,,,,0.5,,,,25,a5385b24e1b1e895647141e361fbfd125f69b22b8101a03a5bf03d0a059bf87a,False,native,e430e84b5044a1954983f6d380c1155f165e447205dd568d22a78596fa5f0602,604462f386c003e397cd55934c67735731d9683e762902ff4d23fad1f410c0bb,3,735813,0,-146938,better,better,False
C205,solomon_txt,15be2bb8c3e4ad99a79d1e7ee0472223feb95a4f423d010e032bda0a87266ca5,1,1,ok,True,3,630828,630.828,0.233721,0.500689,1,time_limit,solomon_exact_1000_v1,,,,,,0.5,,,,25,a5385b24e1b1e895647141e361fbfd125f69b22b8101a03a5bf03d0a059bf87a,False,python,18b60bd1f8a3f3a3299830e92120a9841e4fb04a4b6fc31094cbf2c6e0a24ff8,604462f386c003e397cd55934c67735731d9683e762902ff4d23fad1f410c0bb,3,630828,0,0,tie,tie,False
C205,solomon_txt,15be2bb8c3e4ad99a79d1e7ee0472223feb95a4f423d010e032bda0a87266ca5,1,1,ok,True,3,588875,588.875,0.241332,0.500442,4,time_limit,solomon_exact_1000_v1,,,,,,0.5,,,,25,a5385b24e1b1e895647141e361fbfd125f69b22b8101a03a5bf03d0a059bf87a,False,native,e430e84b5044a1954983f6d380c1155f165e447205dd568d22a78596fa5f0602,604462f386c003e397cd55934c67735731d9683e762902ff4d23fad1f410c0bb,3,630828,0,-41953,better,better,False
C205,solomon_txt,15be2bb8c3e4ad99a79d1e7ee0472223feb95a4f423d010e032bda0a87266ca5,2,1,ok,True,3,613490,613.49,0.239855,0.500557,1,time_limit,solomon_exact_1000_v1,,,,,,0.5,,,,25,a5385b24e1b1e895647141e361fbfd125f69b22b8101a03a5bf03d0a059bf87a,False,python,18b60bd1f8a3f3a3299830e92120a9841e4fb04a4b6fc31094cbf2c6e0a24ff8,604462f386c003e397cd55934c67735731d9683e762902ff4d23fad1f410c0bb,3,613490,0,0,tie,tie,False
C205,solomon_txt,15be2bb8c3e4ad99a79d1e7ee0472223feb95a4f423d010e032bda0a87266ca5,2,1,ok,True,3,588875,588.875,0.234838,0.500576,5,time_limit,solomon_exact_1000_v1,,,,,,0.5,,,,25,a5385b24e1b1e895647141e361fbfd125f69b22b8101a03a5bf03d0a059bf87a,False,native,e430e84b5044a1954983f6d380c1155f165e447205dd568d22a78596fa5f0602,604462f386c003e397cd55934c67735731d9683e762902ff4d23fad1f410c0bb,3,613490,0,-24615,better,better,False
C206,solomon_txt,745b6c7042707ffbbfc4d681ee02a84431425f1dfb3c8aa85ecf003fec8f7e53,0,1,ok,True,3,650898,650.898,0.257764,0.500565,1,time_limit,solomon_exact_1000_v1,,,,,,0.5,,,,25,a5385b24e1b1e895647141e361fbfd125f69b22b8101a03a5bf03d0a059bf87a,False,python,18b60bd1f8a3f3a3299830e92120a9841e4fb04a4b6fc31094cbf2c6e0a24ff8,604462f386c003e397cd55934c67735731d9683e762902ff4d23fad1f410c0bb,3,650898,0,0,tie,tie,False
C206,solomon_txt,745b6c7042707ffbbfc4d681ee02a84431425f1dfb3c8aa85ecf003fec8f7e53,0,1,ok,True,3,592210,592.21,0.256452,0.500589,3,time_limit,solomon_exact_1000_v1,,,,,,0.5,,,,25,a5385b24e1b1e895647141e361fbfd125f69b22b8101a03a5bf03d0a059bf87a,False,native,e430e84b5044a1954983f6d380c1155f165e447205dd568d22a78596fa5f0602,604462f386c003e397cd55934c67735731d9683e762902ff4d23fad1f410c0bb,3,650898,0,-58688,better,better,False
C206,solomon_txt,745b6c7042707ffbbfc4d681ee02a84431425f1dfb3c8aa85ecf003fec8f7e53,1,1,ok,True,3,911170,911.17,0.255713,0.500588,1,time_limit,solomon_exact_1000_v1,,,,,,0.5,,,,25,a5385b24e1b1e895647141e361fbfd125f69b22b8101a03a5bf03d0a059bf87a,False,python,18b60bd1f8a3f3a3299830e92120a9841e4fb04a4b6fc31094cbf2c6e0a24ff8,604462f386c003e397cd55934c67735731d9683e762902ff4d23fad1f410c0bb,3,911170,0,0,tie,tie,False
C206,solomon_txt,745b6c7042707ffbbfc4d681ee02a84431425f1dfb3c8aa85ecf003fec8f7e53,1,1,ok,True,3,588493,588.493,0.254253,0.500351,3,time_limit,solomon_exact_1000_v1,,,,,,0.5,,,,25,a5385b24e1b1e895647141e361fbfd125f69b22b8101a03a5bf03d0a059bf87a,False,native,e430e84b5044a1954983f6d380c1155f165e447205dd568d22a78596fa5f0602,604462f386c003e397cd55934c67735731d9683e762902ff4d23fad1f410c0bb,3,911170,0,-322677,better,better,False
C206,solomon_txt,745b6c7042707ffbbfc4d681ee02a84431425f1dfb3c8aa85ecf003fec8f7e53,2,1,ok,True,3,661153,661.153,0.276681,0.50061,1,time_limit,solomon_exact_1000_v1,,,,,,0.5,,,,25,a5385b24e1b1e895647141e361fbfd125f69b22b8101a03a5bf03d0a059bf87a,False,python,18b60bd1f8a3f3a3299830e92120a9841e4fb04a4b6fc31094cbf2c6e0a24ff8,604462f386c003e397cd55934c67735731d9683e762902ff4d23fad1f410c0bb,3,661153,0,0,tie,tie,False
C206,solomon_txt,745b6c7042707ffbbfc4d681ee02a84431425f1dfb3c8aa85ecf003fec8f7e53,2,1,ok,True,3,592210,592.21,0.272548,0.500278,4,time_limit,solomon_exact_1000_v1,,,,,,0.5,,,,25,a5385b24e1b1e895647141e361fbfd125f69b22b8101a03a5bf03d0a059bf87a,False,native,e430e84b5044a1954983f6d380c1155f165e447205dd568d22a78596fa5f0602,604462f386c003e397cd55934c67735731d9683e762902ff4d23fad1f410c0bb,3,661153,0,-68943,better,better,False
C207,solomon_txt,a33f03570a944c8a6d185fd6a173e66c68e67c399a4958b2d5b6d49533ace4a4,0,1,ok,True,3,757821,757.821,0.268475,0.50081,1,time_limit,solomon_exact_1000_v1,,,,,,0.5,,,,25,a5385b24e1b1e895647141e361fbfd125f69b22b8101a03a5bf03d0a059bf87a,False,python,18b60bd1f8a3f3a3299830e92120a9841e4fb04a4b6fc31094cbf2c6e0a24ff8,604462f386c003e397cd55934c67735731d9683e762902ff4d23fad1f410c0bb,3,757821,0,0,tie,tie,False
C207,solomon_txt,a33f03570a944c8a6d185fd6a173e66c68e67c399a4958b2d5b6d49533ace4a4,0,1,ok,True,3,588287,588.287,0.264307,0.500344,3,time_limit,solomon_exact_1000_v1,,,,,,0.5,,,,25,a5385b24e1b1e895647141e361fbfd125f69b22b8101a03a5bf03d0a059bf87a,False,native,e430e84b5044a1954983f6d380c1155f165e447205dd568d22a78596fa5f0602,604462f386c003e397cd55934c67735731d9683e762902ff4d23fad1f410c0bb,3,757821,0,-169534,better,better,False
C207,solomon_txt,a33f03570a944c8a6d185fd6a173e66c68e67c399a4958b2d5b6d49533ace4a4,1,1,ok,True,3,756163,756.163,0.264386,0.500606,1,time_limit,solomon_exact_1000_v1,,,,,,0.5,,,,25,a5385b24e1b1e895647141e361fbfd125f69b22b8101a03a5bf03d0a059bf87a,False,python,18b60bd1f8a3f3a3299830e92120a9841e4fb04a4b6fc31094cbf2c6e0a24ff8,604462f386c003e397cd55934c67735731d9683e762902ff4d23fad1f410c0bb,3,756163,0,0,tie,tie,False
C207,solomon_txt,a33f03570a944c8a6d185fd6a173e66c68e67c399a4958b2d5b6d49533ace4a4,1,1,ok,True,3,588287,588.287,0.265125,0.500348,3,time_limit,solomon_exact_1000_v1,,,,,,0.5,,,,25,a5385b24e1b1e895647141e361fbfd125f69b22b8101a03a5bf03d0a059bf87a,False,native,e430e84b5044a1954983f6d380c1155f165e447205dd568d22a78596fa5f0602,604462f386c003e397cd55934c67735731d9683e762902ff4d23fad1f410c0bb,3,756163,0,-167876,better,better,False
C207,solomon_txt,a33f03570a944c8a6d185fd6a173e66c68e67c399a4958b2d5b6d49533ace4a4,2,1,ok,True,3,631278,631.278,0.262899,0.500563,1,time_limit,solomon_exact_1000_v1,,,,,,0.5,,,,25,a5385b24e1b1e895647141e361fbfd125f69b22b8101a03a5bf03d0a059bf87a,False,python,18b60bd1f8a3f3a3299830e92120a9841e4fb04a4b6fc31094cbf2c6e0a24ff8,604462f386c003e397cd55934c67735731d9683e762902ff4d23fad1f410c0bb,3,631278,0,0,tie,tie,False
C207,solomon_txt,a33f03570a944c8a6d185fd6a173e66c68e67c399a4958b2d5b6d49533ace4a4,2,1,ok,True,3,591622,591.622,0.266827,0.500327,4,time_limit,solomon_exact_1000_v1,,,,,,0.5,,,,25,a5385b24e1b1e895647141e361fbfd125f69b22b8101a03a5bf03d0a059bf87a,False,native,e430e84b5044a1954983f6d380c1155f165e447205dd568d22a78596fa5f0602,604462f386c003e397cd55934c67735731d9683e762902ff4d23fad1f410c0bb,3,631278,0,-39656,better,better,False
C208,solomon_txt,1c2f2381b8743680dbeb34322869cbf5a6cdd8c281f4bcffdb99b533e601874b,0,1,ok,True,3,685365,685.365,0.263935,0.500639,1,time_limit,solomon_exact_1000_v1,,,,,,0.5,,,,25,a5385b24e1b1e895647141e361fbfd125f69b22b8101a03a5bf03d0a059bf87a,False,python,18b60bd1f8a3f3a3299830e92120a9841e4fb04a4b6fc31094cbf2c6e0a24ff8,604462f386c003e397cd55934c67735731d9683e762902ff4d23fad1f410c0bb,3,685365,0,0,tie,tie,False
C208,solomon_txt,1c2f2381b8743680dbeb34322869cbf5a6cdd8c281f4bcffdb99b533e601874b,0,1,ok,True,3,591394,591.394,0.268608,0.500312,3,time_limit,solomon_exact_1000_v1,,,,,,0.5,,,,25,a5385b24e1b1e895647141e361fbfd125f69b22b8101a03a5bf03d0a059bf87a,False,native,e430e84b5044a1954983f6d380c1155f165e447205dd568d22a78596fa5f0602,604462f386c003e397cd55934c67735731d9683e762902ff4d23fad1f410c0bb,3,685365,0,-93971,better,better,False
C208,solomon_txt,1c2f2381b8743680dbeb34322869cbf5a6cdd8c281f4bcffdb99b533e601874b,1,1,ok,True,3,873629,873.629,0.269655,0.500627,1,time_limit,solomon_exact_1000_v1,,,,,,0.5,,,,25,a5385b24e1b1e895647141e361fbfd125f69b22b8101a03a5bf03d0a059bf87a,False,python,18b60bd1f8a3f3a3299830e92120a9841e4fb04a4b6fc31094cbf2c6e0a24ff8,604462f386c003e397cd55934c67735731d9683e762902ff4d23fad1f410c0bb,3,873629,0,0,tie,tie,False
C208,solomon_txt,1c2f2381b8743680dbeb34322869cbf5a6cdd8c281f4bcffdb99b533e601874b,1,1,ok,True,3,588324,588.324,0.271008,0.500371,3,time_limit,solomon_exact_1000_v1,,,,,,0.5,,,,25,a5385b24e1b1e895647141e361fbfd125f69b22b8101a03a5bf03d0a059bf87a,False,native,e430e84b5044a1954983f6d380c1155f165e447205dd568d22a78596fa5f0602,604462f386c003e397cd55934c67735731d9683e762902ff4d23fad1f410c0bb,3,873629,0,-285305,better,better,False
C208,solomon_txt,1c2f2381b8743680dbeb34322869cbf5a6cdd8c281f4bcffdb99b533e601874b,2,1,ok,True,3,657968,657.968,0.265724,0.500709,1,time_limit,solomon_exact_1000_v1,,,,,,0.5,,,,25,a5385b24e1b1e895647141e361fbfd125f69b22b8101a03a5bf03d0a059bf87a,False,python,18b60bd1f8a3f3a3299830e92120a9841e4fb04a4b6fc31094cbf2c6e0a24ff8,604462f386c003e397cd55934c67735731d9683e762902ff4d23fad1f410c0bb,3,657968,0,0,tie,tie,False
C208,solomon_txt,1c2f2381b8743680dbeb34322869cbf5a6cdd8c281f4bcffdb99b533e601874b,2,1,ok,True,3,591394,591.394,0.268048,0.500261,4,time_limit,solomon_exact_1000_v1,,,,,,0.5,,,,25,a5385b24e1b1e895647141e361fbfd125f69b22b8101a03a5bf03d0a059bf87a,False,native,e430e84b5044a1954983f6d380c1155f165e447205dd568d22a78596fa5f0602,604462f386c003e397cd55934c67735731d9683e762902ff4d23fad1f410c0bb,3,657968,0,-66574,better,better,False
R101,solomon_txt,3f3655182bc0fe44ce5de65fdcd2ee2f9c7fb9ed055f923635151d9d6f76d3ed,0,1,ok,True,21,1800190,1800.19,0.075238,0.500643,1,time_limit,solomon_exact_1000_v1,,,,,,0.5,,,,25,a5385b24e1b1e895647141e361fbfd125f69b22b8101a03a5bf03d0a059bf87a,False,python,18b60bd1f8a3f3a3299830e92120a9841e4fb04a4b6fc31094cbf2c6e0a24ff8,604462f386c003e397cd55934c67735731d9683e762902ff4d23fad1f410c0bb,21,1800190,0,0,tie,tie,False
R101,solomon_txt,3f3655182bc0fe44ce5de65fdcd2ee2f9c7fb9ed055f923635151d9d6f76d3ed,0,1,ok,True,21,1698375,1698.375,0.08006,0.500681,1,time_limit,solomon_exact_1000_v1,,,,,,0.5,,,,25,a5385b24e1b1e895647141e361fbfd125f69b22b8101a03a5bf03d0a059bf87a,False,native,e430e84b5044a1954983f6d380c1155f165e447205dd568d22a78596fa5f0602,604462f386c003e397cd55934c67735731d9683e762902ff4d23fad1f410c0bb,21,1800190,0,-101815,better,better,False
R101,solomon_txt,3f3655182bc0fe44ce5de65fdcd2ee2f9c7fb9ed055f923635151d9d6f76d3ed,1,1,ok,True,20,1814833,1814.833,0.075895,0.500638,1,time_limit,solomon_exact_1000_v1,,,,,,0.5,,,,25,a5385b24e1b1e895647141e361fbfd125f69b22b8101a03a5bf03d0a059bf87a,False,python,18b60bd1f8a3f3a3299830e92120a9841e4fb04a4b6fc31094cbf2c6e0a24ff8,604462f386c003e397cd55934c67735731d9683e762902ff4d23fad1f410c0bb,20,1814833,0,0,tie,tie,False
R101,solomon_txt,3f3655182bc0fe44ce5de65fdcd2ee2f9c7fb9ed055f923635151d9d6f76d3ed,1,1,ok,True,20,1679761,1679.761,0.075286,0.50067,1,time_limit,solomon_exact_1000_v1,,,,,,0.5,,,,25,a5385b24e1b1e895647141e361fbfd125f69b22b8101a03a5bf03d0a059bf87a,False,native,e430e84b5044a1954983f6d380c1155f165e447205dd568d22a78596fa5f0602,604462f386c003e397cd55934c67735731d9683e762902ff4d23fad1f410c0bb,20,1814833,0,-135072,better,better,False
R101,solomon_txt,3f3655182bc0fe44ce5de65fdcd2ee2f9c7fb9ed055f923635151d9d6f76d3ed,2,1,ok,True,20,1826704,1826.704,0.076231,0.500648,1,time_limit,solomon_exact_1000_v1,,,,,,0.5,,,,25,a5385b24e1b1e895647141e361fbfd125f69b22b8101a03a5bf03d0a059bf87a,False,python,18b60bd1f8a3f3a3299830e92120a9841e4fb04a4b6fc31094cbf2c6e0a24ff8,604462f386c003e397cd55934c67735731d9683e762902ff4d23fad1f410c0bb,20,1826704,0,0,tie,tie,False
R101,solomon_txt,3f3655182bc0fe44ce5de65fdcd2ee2f9c7fb9ed055f923635151d9d6f76d3ed,2,1,ok,True,20,1698784,1698.784,0.075394,0.500652,1,time_limit,solomon_exact_1000_v1,,,,,,0.5,,,,25,a5385b24e1b1e895647141e361fbfd125f69b22b8101a03a5bf03d0a059bf87a,False,native,e430e84b5044a1954983f6d380c1155f165e447205dd568d22a78596fa5f0602,604462f386c003e397cd55934c67735731d9683e762902ff4d23fad1f410c0bb,20,1826704,0,-127920,better,better,False
R102,solomon_txt,eeb23171b7e4fbfc80bf000ca770329109900fbd7273fa8b9d1f95b7dfe683c3,0,1,ok,True,18,1533643,1533.643,0.083804,0.50065,1,time_limit,solomon_exact_1000_v1,,,,,,0.5,,,,25,a5385b24e1b1e895647141e361fbfd125f69b22b8101a03a5bf03d0a059bf87a,False,python,18b60bd1f8a3f3a3299830e92120a9841e4fb04a4b6fc31094cbf2c6e0a24ff8,604462f386c003e397cd55934c67735731d9683e762902ff4d23fad1f410c0bb,18,1533643,0,0,tie,tie,False
R102,solomon_txt,eeb23171b7e4fbfc80bf000ca770329109900fbd7273fa8b9d1f95b7dfe683c3,0,1,ok,True,18,1485707,1485.707,0.089406,0.500781,1,time_limit,solomon_exact_1000_v1,,,,,,0.5,,,,25,a5385b24e1b1e895647141e361fbfd125f69b22b8101a03a5bf03d0a059bf87a,False,native,e430e84b5044a1954983f6d380c1155f165e447205dd568d22a78596fa5f0602,604462f386c003e397cd55934c67735731d9683e762902ff4d23fad1f410c0bb,18,1533643,0,-47936,better,better,False
R102,solomon_txt,eeb23171b7e4fbfc80bf000ca770329109900fbd7273fa8b9d1f95b7dfe683c3,1,1,ok,True,18,1561026,1561.026,0.082982,0.500633,1,time_limit,solomon_exact_1000_v1,,,,,,0.5,,,,25,a5385b24e1b1e895647141e361fbfd125f69b22b8101a03a5bf03d0a059bf87a,False,python,18b60bd1f8a3f3a3299830e92120a9841e4fb04a4b6fc31094cbf2c6e0a24ff8,604462f386c003e397cd55934c67735731d9683e762902ff4d23fad1f410c0bb,18,1561026,0,0,tie,tie,False
R102,solomon_txt,eeb23171b7e4fbfc80bf000ca770329109900fbd7273fa8b9d1f95b7dfe683c3,1,1,ok,True,18,1482565,1482.565,0.080901,0.500717,1,time_limit,solomon_exact_1000_v1,,,,,,0.5,,,,25,a5385b24e1b1e895647141e361fbfd125f69b22b8101a03a5bf03d0a059bf87a,False,native,e430e84b5044a1954983f6d380c1155f165e447205dd568d22a78596fa5f0602,604462f386c003e397cd55934c67735731d9683e762902ff4d23fad1f410c0bb,18,1561026,0,-78461,better,better,False
R102,solomon_txt,eeb23171b7e4fbfc80bf000ca770329109900fbd7273fa8b9d1f95b7dfe683c3,2,1,ok,True,18,1534789,1534.789,0.081283,0.500714,1,time_limit,solomon_exact_1000_v1,,,,,,0.5,,,,25,a5385b24e1b1e895647141e361fbfd125f69b22b8101a03a5bf03d0a059bf87a,False,python,18b60bd1f8a3f3a3299830e92120a9841e4fb04a4b6fc31094cbf2c6e0a24ff8,604462f386c003e397cd55934c67735731d9683e762902ff4d23fad1f410c0bb,18,1534789,0,0,tie,tie,False
R102,solomon_txt,eeb23171b7e4fbfc80bf000ca770329109900fbd7273fa8b9d1f95b7dfe683c3,2,1,ok,True,18,1486209,1486.209,0.084416,0.500681,1,time_limit,solomon_exact_1000_v1,,,,,,0.5,,,,25,a5385b24e1b1e895647141e361fbfd125f69b22b8101a03a5bf03d0a059bf87a,False,native,e430e84b5044a1954983f6d380c1155f165e447205dd568d22a78596fa5f0602,604462f386c003e397cd55934c67735731d9683e762902ff4d23fad1f410c0bb,18,1534789,0,-48580,better,better,False
R103,solomon_txt,1f833e8648ba39e0edc76754fb49e81777a7175cf7b084c3f60a12607bfb3991,0,1,ok,True,14,1489054,1489.054,0.092675,0.500642,1,time_limit,solomon_exact_1000_v1,,,,,,0.5,,,,25,a5385b24e1b1e895647141e361fbfd125f69b22b8101a03a5bf03d0a059bf87a,False,python,18b60bd1f8a3f3a3299830e92120a9841e4fb04a4b6fc31094cbf2c6e0a24ff8,604462f386c003e397cd55934c67735731d9683e762902ff4d23fad1f410c0bb,14,1489054,0,0,tie,tie,False
R103,solomon_txt,1f833e8648ba39e0edc76754fb49e81777a7175cf7b084c3f60a12607bfb3991,0,1,ok,True,14,1395494,1395.494,0.094064,0.500621,1,time_limit,solomon_exact_1000_v1,,,,,,0.5,,,,25,a5385b24e1b1e895647141e361fbfd125f69b22b8101a03a5bf03d0a059bf87a,False,native,e430e84b5044a1954983f6d380c1155f165e447205dd568d22a78596fa5f0602,604462f386c003e397cd55934c67735731d9683e762902ff4d23fad1f410c0bb,14,1489054,0,-93560,better,better,False
R103,solomon_txt,1f833e8648ba39e0edc76754fb49e81777a7175cf7b084c3f60a12607bfb3991,1,1,ok,True,14,1488670,1488.67,0.091255,0.500607,1,time_limit,solomon_exact_1000_v1,,,,,,0.5,,,,25,a5385b24e1b1e895647141e361fbfd125f69b22b8101a03a5bf03d0a059bf87a,False,python,18b60bd1f8a3f3a3299830e92120a9841e4fb04a4b6fc31094cbf2c6e0a24ff8,604462f386c003e397cd55934c67735731d9683e762902ff4d23fad1f410c0bb,14,1488670,0,0,tie,tie,False
R103,solomon_txt,1f833e8648ba39e0edc76754fb49e81777a7175cf7b084c3f60a12607bfb3991,1,1,ok,True,14,1395494,1395.494,0.093402,0.500662,1,time_limit,solomon_exact_1000_v1,,,,,,0.5,,,,25,a5385b24e1b1e895647141e361fbfd125f69b22b8101a03a5bf03d0a059bf87a,False,native,e430e84b5044a1954983f6d380c1155f165e447205dd568d22a78596fa5f0602,604462f386c003e397cd55934c67735731d9683e762902ff4d23fad1f410c0bb,14,1488670,0,-93176,better,better,False
R103,solomon_txt,1f833e8648ba39e0edc76754fb49e81777a7175cf7b084c3f60a12607bfb3991,2,1,ok,True,14,1485441,1485.441,0.09167,0.50061,1,time_limit,solomon_exact_1000_v1,,,,,,0.5,,,,25,a5385b24e1b1e895647141e361fbfd125f69b22b8101a03a5bf03d0a059bf87a,False,python,18b60bd1f8a3f3a3299830e92120a9841e4fb04a4b6fc31094cbf2c6e0a24ff8,604462f386c003e397cd55934c67735731d9683e762902ff4d23fad1f410c0bb,14,1485441,0,0,tie,tie,False
R103,solomon_txt,1f833e8648ba39e0edc76754fb49e81777a7175cf7b084c3f60a12607bfb3991,2,1,ok,True,14,1355783,1355.783,0.091906,0.500612,1,time_limit,solomon_exact_1000_v1,,,,,,0.5,,,,25,a5385b24e1b1e895647141e361fbfd125f69b22b8101a03a5bf03d0a059bf87a,False,native,e430e84b5044a1954983f6d380c1155f165e447205dd568d22a78596fa5f0602,604462f386c003e397cd55934c67735731d9683e762902ff4d23fad1f410c0bb,14,1485441,0,-129658,better,better,False
R104,solomon_txt,dd087124311d91facd81736debbfc7d0f351d27942917e2d76cbafd01e6183b7,0,1,ok,True,11,1147278,1147.278,0.103323,0.500601,2,time_limit,solomon_exact_1000_v1,,,,,,0.5,,,,25,a5385b24e1b1e895647141e361fbfd125f69b22b8101a03a5bf03d0a059bf87a,False,python,18b60bd1f8a3f3a3299830e92120a9841e4fb04a4b6fc31094cbf2c6e0a24ff8,604462f386c003e397cd55934c67735731d9683e762902ff4d23fad1f410c0bb,11,1147278,0,0,tie,tie,False
R104,solomon_txt,dd087124311d91facd81736debbfc7d0f351d27942917e2d76cbafd01e6183b7,0,1,ok,True,11,1096110,1096.11,0.105569,0.500313,3,time_limit,solomon_exact_1000_v1,,,,,,0.5,,,,25,a5385b24e1b1e895647141e361fbfd125f69b22b8101a03a5bf03d0a059bf87a,False,native,e430e84b5044a1954983f6d380c1155f165e447205dd568d22a78596fa5f0602,604462f386c003e397cd55934c67735731d9683e762902ff4d23fad1f410c0bb,11,1147278,0,-51168,better,better,False
R104,solomon_txt,dd087124311d91facd81736debbfc7d0f351d27942917e2d76cbafd01e6183b7,1,1,ok,True,10,1204565,1204.565,0.106355,0.500619,1,time_limit,solomon_exact_1000_v1,,,,,,0.5,,,,25,a5385b24e1b1e895647141e361fbfd125f69b22b8101a03a5bf03d0a059bf87a,False,python,18b60bd1f8a3f3a3299830e92120a9841e4fb04a4b6fc31094cbf2c6e0a24ff8,604462f386c003e397cd55934c67735731d9683e762902ff4d23fad1f410c0bb,10,1204565,0,0,tie,tie,False
R104,solomon_txt,dd087124311d91facd81736debbfc7d0f351d27942917e2d76cbafd01e6183b7,1,1,ok,True,10,1079115,1079.115,0.110821,0.500635,1,time_limit,solomon_exact_1000_v1,,,,,,0.5,,,,25,a5385b24e1b1e895647141e361fbfd125f69b22b8101a03a5bf03d0a059bf87a,False,native,e430e84b5044a1954983f6d380c1155f165e447205dd568d22a78596fa5f0602,604462f386c003e397cd55934c67735731d9683e762902ff4d23fad1f410c0bb,10,1204565,0,-125450,better,better,False
R104,solomon_txt,dd087124311d91facd81736debbfc7d0f351d27942917e2d76cbafd01e6183b7,2,1,ok,True,10,1119070,1119.07,0.108802,0.50071,2,time_limit,solomon_exact_1000_v1,,,,,,0.5,,,,25,a5385b24e1b1e895647141e361fbfd125f69b22b8101a03a5bf03d0a059bf87a,False,python,18b60bd1f8a3f3a3299830e92120a9841e4fb04a4b6fc31094cbf2c6e0a24ff8,604462f386c003e397cd55934c67735731d9683e762902ff4d23fad1f410c0bb,10,1119070,0,0,tie,tie,False
R104,solomon_txt,dd087124311d91facd81736debbfc7d0f351d27942917e2d76cbafd01e6183b7,2,1,ok,True,10,1049731,1049.731,0.108291,0.500324,4,time_limit,solomon_exact_1000_v1,,,,,,0.5,,,,25,a5385b24e1b1e895647141e361fbfd125f69b22b8101a03a5bf03d0a059bf87a,False,native,e430e84b5044a1954983f6d380c1155f165e447205dd568d22a78596fa5f0602,604462f386c003e397cd55934c67735731d9683e762902ff4d23fad1f410c0bb,10,1119070,0,-69339,better,better,False
R105,solomon_txt,ff1a614f8458d6339b3f54d8e4ca2dcf0a35c96012f477f6a819ae481de85ca4,0,1,ok,True,16,1656617,1656.617,0.084151,0.500617,1,time_limit,solomon_exact_1000_v1,,,,,,0.5,,,,25,a5385b24e1b1e895647141e361fbfd125f69b22b8101a03a5bf03d0a059bf87a,False,python,18b60bd1f8a3f3a3299830e92120a9841e4fb04a4b6fc31094cbf2c6e0a24ff8,604462f386c003e397cd55934c67735731d9683e762902ff4d23fad1f410c0bb,16,1656617,0,0,tie,tie,False
R105,solomon_txt,ff1a614f8458d6339b3f54d8e4ca2dcf0a35c96012f477f6a819ae481de85ca4,0,1,ok,True,16,1496635,1496.635,0.084636,0.500852,1,time_limit,solomon_exact_1000_v1,,,,,,0.5,,,,25,a5385b24e1b1e895647141e361fbfd125f69b22b8101a03a5bf03d0a059bf87a,False,native,e430e84b5044a1954983f6d380c1155f165e447205dd568d22a78596fa5f0602,604462f386c003e397cd55934c67735731d9683e762902ff4d23fad1f410c0bb,16,1656617,0,-159982,better,better,False
R105,solomon_txt,ff1a614f8458d6339b3f54d8e4ca2dcf0a35c96012f477f6a819ae481de85ca4,1,1,ok,True,16,1577630,1577.63,0.087315,0.500642,1,time_limit,solomon_exact_1000_v1,,,,,,0.5,,,,25,a5385b24e1b1e895647141e361fbfd125f69b22b8101a03a5bf03d0a059bf87a,False,python,18b60bd1f8a3f3a3299830e92120a9841e4fb04a4b6fc31094cbf2c6e0a24ff8,604462f386c003e397cd55934c67735731d9683e762902ff4d23fad1f410c0bb,16,1577630,0,0,tie,tie,False
R105,solomon_txt,ff1a614f8458d6339b3f54d8e4ca2dcf0a35c96012f477f6a819ae481de85ca4,1,1,ok,True,16,1414186,1414.186,0.086565,0.500711,1,time_limit,solomon_exact_1000_v1,,,,,,0.5,,,,25,a5385b24e1b1e895647141e361fbfd125f69b22b8101a03a5bf03d0a059bf87a,False,native,e430e84b5044a1954983f6d380c1155f165e447205dd568d22a78596fa5f0602,604462f386c003e397cd55934c67735731d9683e762902ff4d23fad1f410c0bb,16,1577630,0,-163444,better,better,False
R105,solomon_txt,ff1a614f8458d6339b3f54d8e4ca2dcf0a35c96012f477f6a819ae481de85ca4,2,1,ok,True,15,1662457,1662.457,0.083725,0.500658,1,time_limit,solomon_exact_1000_v1,,,,,,0.5,,,,25,a5385b24e1b1e895647141e361fbfd125f69b22b8101a03a5bf03d0a059bf87a,False,python,18b60bd1f8a3f3a3299830e92120a9841e4fb04a4b6fc31094cbf2c6e0a24ff8,604462f386c003e397cd55934c67735731d9683e762902ff4d23fad1f410c0bb,15,1662457,0,0,tie,tie,False
R105,solomon_txt,ff1a614f8458d6339b3f54d8e4ca2dcf0a35c96012f477f6a819ae481de85ca4,2,1,ok,True,15,1497706,1497.706,0.083113,0.500661,1,time_limit,solomon_exact_1000_v1,,,,,,0.5,,,,25,a5385b24e1b1e895647141e361fbfd125f69b22b8101a03a5bf03d0a059bf87a,False,native,e430e84b5044a1954983f6d380c1155f165e447205dd568d22a78596fa5f0602,604462f386c003e397cd55934c67735731d9683e762902ff4d23fad1f410c0bb,15,1662457,0,-164751,better,better,False
R106,solomon_txt,31b8783d177f0fbe1c84b8f085fbf28b1989a80e4c00f49f5654ebef99835e97,0,1,ok,True,14,1555662,1555.662,0.086547,0.50063,1,time_limit,solomon_exact_1000_v1,,,,,,0.5,,,,25,a5385b24e1b1e895647141e361fbfd125f69b22b8101a03a5bf03d0a059bf87a,False,python,18b60bd1f8a3f3a3299830e92120a9841e4fb04a4b6fc31094cbf2c6e0a24ff8,604462f386c003e397cd55934c67735731d9683e762902ff4d23fad1f410c0bb,14,1555662,0,0,tie,tie,False
R106,solomon_txt,31b8783d177f0fbe1c84b8f085fbf28b1989a80e4c00f49f5654ebef99835e97,0,1,ok,True,14,1354795,1354.795,0.088032,0.500634,1,time_limit,solomon_exact_1000_v1,,,,,,0.5,,,,25,a5385b24e1b1e895647141e361fbfd125f69b22b8101a03a5bf03d0a059bf87a,False,native,e430e84b5044a1954983f6d380c1155f165e447205dd568d22a78596fa5f0602,604462f386c003e397cd55934c67735731d9683e762902ff4d23fad1f410c0bb,14,1555662,0,-200867,better,better,False
R106,solomon_txt,31b8783d177f0fbe1c84b8f085fbf28b1989a80e4c00f49f5654ebef99835e97,1,1,ok,True,14,1534780,1534.78,0.08927,0.500646,1,time_limit,solomon_exact_1000_v1,,,,,,0.5,,,,25,a5385b24e1b1e895647141e361fbfd125f69b22b8101a03a5bf03d0a059bf87a,False,python,18b60bd1f8a3f3a3299830e92120a9841e4fb04a4b6fc31094cbf2c6e0a24ff8,604462f386c003e397cd55934c67735731d9683e762902ff4d23fad1f410c0bb,14,1534780,0,0,tie,tie,False
R106,solomon_txt,31b8783d177f0fbe1c84b8f085fbf28b1989a80e4c00f49f5654ebef99835e97,1,1,ok,True,14,1363619,1363.619,0.097219,0.500662,1,time_limit,solomon_exact_1000_v1,,,,,,0.5,,,,25,a5385b24e1b1e895647141e361fbfd125f69b22b8101a03a5bf03d0a059bf87a,False,native,e430e84b5044a1954983f6d380c1155f165e447205dd568d22a78596fa5f0602,604462f386c003e397cd55934c67735731d9683e762902ff4d23fad1f410c0bb,14,1534780,0,-171161,better,better,False
R106,solomon_txt,31b8783d177f0fbe1c84b8f085fbf28b1989a80e4c00f49f5654ebef99835e97,2,1,ok,True,13,1519077,1519.077,0.090325,0.500646,1,time_limit,solomon_exact_1000_v1,,,,,,0.5,,,,25,a5385b24e1b1e895647141e361fbfd125f69b22b8101a03a5bf03d0a059bf87a,False,python,18b60bd1f8a3f3a3299830e92120a9841e4fb04a4b6fc31094cbf2c6e0a24ff8,604462f386c003e397cd55934c67735731d9683e762902ff4d23fad1f410c0bb,13,1519077,0,0,tie,tie,False
R106,solomon_txt,31b8783d177f0fbe1c84b8f085fbf28b1989a80e4c00f49f5654ebef99835e97,2,1,ok,True,13,1398033,1398.033,0.088804,0.500637,1,time_limit,solomon_exact_1000_v1,,,,,,0.5,,,,25,a5385b24e1b1e895647141e361fbfd125f69b22b8101a03a5bf03d0a059bf87a,False,native,e430e84b5044a1954983f6d380c1155f165e447205dd568d22a78596fa5f0602,604462f386c003e397cd55934c67735731d9683e762902ff4d23fad1f410c0bb,13,1519077,0,-121044,better,better,False
R107,solomon_txt,dba2b257a1d43d7c78d5e3a9f09091a2b125d3fbec78c0c8a1782add669a1275,0,1,ok,True,11,1339900,1339.9,0.102084,0.500651,1,time_limit,solomon_exact_1000_v1,,,,,,0.5,,,,25,a5385b24e1b1e895647141e361fbfd125f69b22b8101a03a5bf03d0a059bf87a,False,python,18b60bd1f8a3f3a3299830e92120a9841e4fb04a4b6fc31094cbf2c6e0a24ff8,604462f386c003e397cd55934c67735731d9683e762902ff4d23fad1f410c0bb,11,1339900,0,0,tie,tie,False
R107,solomon_txt,dba2b257a1d43d7c78d5e3a9f09091a2b125d3fbec78c0c8a1782add669a1275,0,1,ok,True,11,1230592,1230.592,0.101229,0.500605,1,time_limit,solomon_exact_1000_v1,,,,,,0.5,,,,25,a5385b24e1b1e895647141e361fbfd125f69b22b8101a03a5bf03d0a059bf87a,False,native,e430e84b5044a1954983f6d380c1155f165e447205dd568d22a78596fa5f0602,604462f386c003e397cd55934c67735731d9683e762902ff4d23fad1f410c0bb,11,1339900,0,-109308,better,better,False
R107,solomon_txt,dba2b257a1d43d7c78d5e3a9f09091a2b125d3fbec78c0c8a1782add669a1275,1,1,ok,True,11,1334068,1334.068,0.099051,0.501016,1,time_limit,solomon_exact_1000_v1,,,,,,0.5,,,,25,a5385b24e1b1e895647141e361fbfd125f69b22b8101a03a5bf03d0a059bf87a,False,python,18b60bd1f8a3f3a3299830e92120a9841e4fb04a4b6fc31094cbf2c6e0a24ff8,604462f386c003e397cd55934c67735731d9683e762902ff4d23fad1f410c0bb,11,1334068,0,0,tie,tie,False
R107,solomon_txt,dba2b257a1d43d7c78d5e3a9f09091a2b125d3fbec78c0c8a1782add669a1275,1,1,ok,True,11,1227205,1227.205,0.10112,0.500627,1,time_limit,solomon_exact_1000_v1,,,,,,0.5,,,,25,a5385b24e1b1e895647141e361fbfd125f69b22b8101a03a5bf03d0a059bf87a,False,native,e430e84b5044a1954983f6d380c1155f165e447205dd568d22a78596fa5f0602,604462f386c003e397cd55934c67735731d9683e762902ff4d23fad1f410c0bb,11,1334068,0,-106863,better,better,False
R107,solomon_txt,dba2b257a1d43d7c78d5e3a9f09091a2b125d3fbec78c0c8a1782add669a1275,2,1,ok,True,12,1422329,1422.329,0.098272,0.500744,1,time_limit,solomon_exact_1000_v1,,,,,,0.5,,,,25,a5385b24e1b1e895647141e361fbfd125f69b22b8101a03a5bf03d0a059bf87a,False,python,18b60bd1f8a3f3a3299830e92120a9841e4fb04a4b6fc31094cbf2c6e0a24ff8,604462f386c003e397cd55934c67735731d9683e762902ff4d23fad1f410c0bb,12,1422329,0,0,tie,tie,False
R107,solomon_txt,dba2b257a1d43d7c78d5e3a9f09091a2b125d3fbec78c0c8a1782add669a1275,2,1,ok,True,12,1299055,1299.055,0.110511,0.500679,1,time_limit,solomon_exact_1000_v1,,,,,,0.5,,,,25,a5385b24e1b1e895647141e361fbfd125f69b22b8101a03a5bf03d0a059bf87a,False,native,e430e84b5044a1954983f6d380c1155f165e447205dd568d22a78596fa5f0602,604462f386c003e397cd55934c67735731d9683e762902ff4d23fad1f410c0bb,12,1422329,0,-123274,better,better,False
R108,solomon_txt,65cae09f4099b7e70d2b723e0e3a30aa1494c75a367bb894a3fd13241ee639d4,0,1,ok,True,10,1170265,1170.265,0.108201,0.500591,1,time_limit,solomon_exact_1000_v1,,,,,,0.5,,,,25,a5385b24e1b1e895647141e361fbfd125f69b22b8101a03a5bf03d0a059bf87a,False,python,18b60bd1f8a3f3a3299830e92120a9841e4fb04a4b6fc31094cbf2c6e0a24ff8,604462f386c003e397cd55934c67735731d9683e762902ff4d23fad1f410c0bb,10,1170265,0,0,tie,tie,False
R108,solomon_txt,65cae09f4099b7e70d2b723e0e3a30aa1494c75a367bb894a3fd13241ee639d4,0,1,ok,True,10,1054342,1054.342,0.106792,0.500609,1,time_limit,solomon_exact_1000_v1,,,,,,0.5,,,,25,a5385b24e1b1e895647141e361fbfd125f69b22b8101a03a5bf03d0a059bf87a,False,native,e430e84b5044a1954983f6d380c1155f165e447205dd568d22a78596fa5f0602,604462f386c003e397cd55934c67735731d9683e762902ff4d23fad1f410c0bb,10,1170265,0,-115923,better,better,False
R108,solomon_txt,65cae09f4099b7e70d2b723e0e3a30aa1494c75a367bb894a3fd13241ee639d4,1,1,ok,True,10,1128679,1128.679,0.109279,0.50066,1,time_limit,solomon_exact_1000_v1,,,,,,0.5,,,,25,a5385b24e1b1e895647141e361fbfd125f69b22b8101a03a5bf03d0a059bf87a,False,python,18b60bd1f8a3f3a3299830e92120a9841e4fb04a4b6fc31094cbf2c6e0a24ff8,604462f386c003e397cd55934c67735731d9683e762902ff4d23fad1f410c0bb,10,1128679,0,0,tie,tie,False
R108,solomon_txt,65cae09f4099b7e70d2b723e0e3a30aa1494c75a367bb894a3fd13241ee639d4,1,1,ok,True,10,1059429,1059.429,0.106778,0.500632,1,time_limit,solomon_exact_1000_v1,,,,,,0.5,,,,25,a5385b24e1b1e895647141e361fbfd125f69b22b8101a03a5bf03d0a059bf87a,False,native,e430e84b5044a1954983f6d380c1155f165e447205dd568d22a78596fa5f0602,604462f386c003e397cd55934c67735731d9683e762902ff4d23fad1f410c0bb,10,1128679,0,-69250,better,better,False
R108,solomon_txt,65cae09f4099b7e70d2b723e0e3a30aa1494c75a367bb894a3fd13241ee639d4,2,1,ok,True,11,1346126,1346.126,0.116482,0.500931,1,time_limit,solomon_exact_1000_v1,,,,,,0.5,,,,25,a5385b24e1b1e895647141e361fbfd125f69b22b8101a03a5bf03d0a059bf87a,False,python,18b60bd1f8a3f3a3299830e92120a9841e4fb04a4b6fc31094cbf2c6e0a24ff8,604462f386c003e397cd55934c67735731d9683e762902ff4d23fad1f410c0bb,11,1346126,0,0,tie,tie,False
R108,solomon_txt,65cae09f4099b7e70d2b723e0e3a30aa1494c75a367bb894a3fd13241ee639d4,2,1,ok,True,11,1199307,1199.307,0.136097,0.500729,1,time_limit,solomon_exact_1000_v1,,,,,,0.5,,,,25,a5385b24e1b1e895647141e361fbfd125f69b22b8101a03a5bf03d0a059bf87a,False,native,e430e84b5044a1954983f6d380c1155f165e447205dd568d22a78596fa5f0602,604462f386c003e397cd55934c67735731d9683e762902ff4d23fad1f410c0bb,11,1346126,0,-146819,better,better,False
R109,solomon_txt,4ef24030e8c48de5f85dcd90c5739186004fc8dec87533b6467013cf996f4777,0,1,ok,True,13,1517381,1517.381,0.095966,0.500648,1,time_limit,solomon_exact_1000_v1,,,,,,0.5,,,,25,a5385b24e1b1e895647141e361fbfd125f69b22b8101a03a5bf03d0a059bf87a,False,python,18b60bd1f8a3f3a3299830e92120a9841e4fb04a4b6fc31094cbf2c6e0a24ff8,604462f386c003e397cd55934c67735731d9683e762902ff4d23fad1f410c0bb,13,1517381,0,0,tie,tie,False
R109,solomon_txt,4ef24030e8c48de5f85dcd90c5739186004fc8dec87533b6467013cf996f4777,0,1,ok,True,13,1345073,1345.073,0.090643,0.501329,1,time_limit,solomon_exact_1000_v1,,,,,,0.5,,,,25,a5385b24e1b1e895647141e361fbfd125f69b22b8101a03a5bf03d0a059bf87a,False,native,e430e84b5044a1954983f6d380c1155f165e447205dd568d22a78596fa5f0602,604462f386c003e397cd55934c67735731d9683e762902ff4d23fad1f410c0bb,13,1517381,0,-172308,better,better,False
R109,solomon_txt,4ef24030e8c48de5f85dcd90c5739186004fc8dec87533b6467013cf996f4777,1,1,ok,True,14,1553133,1553.133,0.088682,0.50064,1,time_limit,solomon_exact_1000_v1,,,,,,0.5,,,,25,a5385b24e1b1e895647141e361fbfd125f69b22b8101a03a5bf03d0a059bf87a,False,python,18b60bd1f8a3f3a3299830e92120a9841e4fb04a4b6fc31094cbf2c6e0a24ff8,604462f386c003e397cd55934c67735731d9683e762902ff4d23fad1f410c0bb,14,1553133,0,0,tie,tie,False
R109,solomon_txt,4ef24030e8c48de5f85dcd90c5739186004fc8dec87533b6467013cf996f4777,1,1,ok,True,14,1393800,1393.8,0.082914,0.500684,1,time_limit,solomon_exact_1000_v1,,,,,,0.5,,,,25,a5385b24e1b1e895647141e361fbfd125f69b22b8101a03a5bf03d0a059bf87a,False,native,e430e84b5044a1954983f6d380c1155f165e447205dd568d22a78596fa5f0602,604462f386c003e397cd55934c67735731d9683e762902ff4d23fad1f410c0bb,14,1553133,0,-159333,better,better,False
R109,solomon_txt,4ef24030e8c48de5f85dcd90c5739186004fc8dec87533b6467013cf996f4777,2,1,ok,True,14,1480984,1480.984,0.083457,0.500637,1,time_limit,solomon_exact_1000_v1,,,,,,0.5,,,,25,a5385b24e1b1e895647141e361fbfd125f69b22b8101a03a5bf03d0a059bf87a,False,python,18b60bd1f8a3f3a3299830e92120a9841e4fb04a4b6fc31094cbf2c6e0a24ff8,604462f386c003e397cd55934c67735731d9683e762902ff4d23fad1f410c0bb,14,1480984,0,0,tie,tie,False
R109,solomon_txt,4ef24030e8c48de5f85dcd90c5739186004fc8dec87533b6467013cf996f4777,2,1,ok,True,14,1270014,1270.014,0.084034,0.500697,1,time_limit,solomon_exact_1000_v1,,,,,,0.5,,,,25,a5385b24e1b1e895647141e361fbfd125f69b22b8101a03a5bf03d0a059bf87a,False,native,e430e84b5044a1954983f6d380c1155f165e447205dd568d22a78596fa5f0602,604462f386c003e397cd55934c67735731d9683e762902ff4d23fad1f410c0bb,14,1480984,0,-210970,better,better,False
R110,solomon_txt,14cb53cb99af61d3d708f07564b9a72d146e7c26b4f10507cfaf3bc828f34bfa,0,1,ok,True,13,1483881,1483.881,0.093785,0.500603,1,time_limit,solomon_exact_1000_v1,,,,,,0.5,,,,25,a5385b24e1b1e895647141e361fbfd125f69b22b8101a03a5bf03d0a059bf87a,False,python,18b60bd1f8a3f3a3299830e92120a9841e4fb04a4b6fc31094cbf2c6e0a24ff8,604462f386c003e397cd55934c67735731d9683e762902ff4d23fad1f410c0bb,13,1483881,0,0,tie,tie,False
R110,solomon_txt,14cb53cb99af61d3d708f07564b9a72d146e7c26b4f10507cfaf3bc828f34bfa,0,1,ok,True,13,1241538,1241.538,0.094531,0.500631,1,time_limit,solomon_exact_1000_v1,,,,,,0.5,,,,25,a5385b24e1b1e895647141e361fbfd125f69b22b8101a03a5bf03d0a059bf87a,False,native,e430e84b5044a1954983f6d380c1155f165e447205dd568d22a78596fa5f0602,604462f386c003e397cd55934c67735731d9683e762902ff4d23fad1f410c0bb,13,1483881,0,-242343,better,better,False
R110,solomon_txt,14cb53cb99af61d3d708f07564b9a72d146e7c26b4f10507cfaf3bc828f34bfa,1,1,ok,True,12,1426440,1426.44,0.096447,0.50065,1,time_limit,solomon_exact_1000_v1,,,,,,0.5,,,,25,a5385b24e1b1e895647141e361fbfd125f69b22b8101a03a5bf03d0a059bf87a,False,python,18b60bd1f8a3f3a3299830e92120a9841e4fb04a4b6fc31094cbf2c6e0a24ff8,604462f386c003e397cd55934c67735731d9683e762902ff4d23fad1f410c0bb,12,1426440,0,0,tie,tie,False
R110,solomon_txt,14cb53cb99af61d3d708f07564b9a72d146e7c26b4f10507cfaf3bc828f34bfa,1,1,ok,True,12,1262681,1262.681,0.094342,0.500599,2,time_limit,solomon_exact_1000_v1,,,,,,0.5,,,,25,a5385b24e1b1e895647141e361fbfd125f69b22b8101a03a5bf03d0a059bf87a,False,native,e430e84b5044a1954983f6d380c1155f165e447205dd568d22a78596fa5f0602,604462f386c003e397cd55934c67735731d9683e762902ff4d23fad1f410c0bb,12,1426440,0,-163759,better,better,False
R110,solomon_txt,14cb53cb99af61d3d708f07564b9a72d146e7c26b4f10507cfaf3bc828f34bfa,2,1,ok,True,13,1543950,1543.95,0.095905,0.500632,1,time_limit,solomon_exact_1000_v1,,,,,,0.5,,,,25,a5385b24e1b1e895647141e361fbfd125f69b22b8101a03a5bf03d0a059bf87a,False,python,18b60bd1f8a3f3a3299830e92120a9841e4fb04a4b6fc31094cbf2c6e0a24ff8,604462f386c003e397cd55934c67735731d9683e762902ff4d23fad1f410c0bb,13,1543950,0,0,tie,tie,False
R110,solomon_txt,14cb53cb99af61d3d708f07564b9a72d146e7c26b4f10507cfaf3bc828f34bfa,2,1,ok,True,13,1221793,1221.793,0.10154,0.500654,1,time_limit,solomon_exact_1000_v1,,,,,,0.5,,,,25,a5385b24e1b1e895647141e361fbfd125f69b22b8101a03a5bf03d0a059bf87a,False,native,e430e84b5044a1954983f6d380c1155f165e447205dd568d22a78596fa5f0602,604462f386c003e397cd55934c67735731d9683e762902ff4d23fad1f410c0bb,13,1543950,0,-322157,better,better,False
R111,solomon_txt,3d94a73b1f2fe8aae4618b9d9ea254cff2e3924a6a841aa390096ec6c60f258d,0,1,ok,True,12,1379550,1379.55,0.09896,0.500635,1,time_limit,solomon_exact_1000_v1,,,,,,0.5,,,,25,a5385b24e1b1e895647141e361fbfd125f69b22b8101a03a5bf03d0a059bf87a,False,python,18b60bd1f8a3f3a3299830e92120a9841e4fb04a4b6fc31094cbf2c6e0a24ff8,604462f386c003e397cd55934c67735731d9683e762902ff4d23fad1f410c0bb,12,1379550,0,0,tie,tie,False
R111,solomon_txt,3d94a73b1f2fe8aae4618b9d9ea254cff2e3924a6a841aa390096ec6c60f258d,0,1,ok,True,12,1187813,1187.813,0.122831,0.500598,1,time_limit,solomon_exact_1000_v1,,,,,,0.5,,,,25,a5385b24e1b1e895647141e361fbfd125f69b22b8101a03a5bf03d0a059bf87a,False,native,e430e84b5044a1954983f6d380c1155f165e447205dd568d22a78596fa5f0602,604462f386c003e397cd55934c67735731d9683e762902ff4d23fad1f410c0bb,12,1379550,0,-191737,better,better,False
R111,solomon_txt,3d94a73b1f2fe8aae4618b9d9ea254cff2e3924a6a841aa390096ec6c60f258d,1,1,ok,True,12,1385398,1385.398,0.0956,0.500587,1,time_limit,solomon_exact_1000_v1,,,,,,0.5,,,,25,a5385b24e1b1e895647141e361fbfd125f69b22b8101a03a5bf03d0a059bf87a,False,python,18b60bd1f8a3f3a3299830e92120a9841e4fb04a4b6fc31094cbf2c6e0a24ff8,604462f386c003e397cd55934c67735731d9683e762902ff4d23fad1f410c0bb,12,1385398,0,0,tie,tie,False
R111,solomon_txt,3d94a73b1f2fe8aae4618b9d9ea254cff2e3924a6a841aa390096ec6c60f258d,1,1,ok,True,12,1205237,1205.237,0.097064,0.500641,1,time_limit,solomon_exact_1000_v1,,,,,,0.5,,,,25,a5385b24e1b1e895647141e361fbfd125f69b22b8101a03a5bf03d0a059bf87a,False,native,e430e84b5044a1954983f6d380c1155f165e447205dd568d22a78596fa5f0602,604462f386c003e397cd55934c67735731d9683e762902ff4d23fad1f410c0bb,12,1385398,0,-180161,better,better,False
R111,solomon_txt,3d94a73b1f2fe8aae4618b9d9ea254cff2e3924a6a841aa390096ec6c60f258d,2,1,ok,True,12,1437191,1437.191,0.104981,0.500591,1,time_limit,solomon_exact_1000_v1,,,,,,0.5,,,,25,a5385b24e1b1e895647141e361fbfd125f69b22b8101a03a5bf03d0a059bf87a,False,python,18b60bd1f8a3f3a3299830e92120a9841e4fb04a4b6fc31094cbf2c6e0a24ff8,604462f386c003e397cd55934c67735731d9683e762902ff4d23fad1f410c0bb,12,1437191,0,0,tie,tie,False
R111,solomon_txt,3d94a73b1f2fe8aae4618b9d9ea254cff2e3924a6a841aa390096ec6c60f258d,2,1,ok,True,12,1240642,1240.642,0.109598,0.501065,1,time_limit,solomon_exact_1000_v1,,,,,,0.5,,,,25,a5385b24e1b1e895647141e361fbfd125f69b22b8101a03a5bf03d0a059bf87a,False,native,e430e84b5044a1954983f6d380c1155f165e447205dd568d22a78596fa5f0602,604462f386c003e397cd55934c67735731d9683e762902ff4d23fad1f410c0bb,12,1437191,0,-196549,better,better,False
R112,solomon_txt,a0e93149d59d30c356619891d192e86d0f16c3158e1dac3bd9f23c6deb718271,0,1,ok,True,12,1404701,1404.701,0.094611,0.500609,1,time_limit,solomon_exact_1000_v1,,,,,,0.5,,,,25,a5385b24e1b1e895647141e361fbfd125f69b22b8101a03a5bf03d0a059bf87a,False,python,18b60bd1f8a3f3a3299830e92120a9841e4fb04a4b6fc31094cbf2c6e0a24ff8,604462f386c003e397cd55934c67735731d9683e762902ff4d23fad1f410c0bb,12,1404701,0,0,tie,tie,False
R112,solomon_txt,a0e93149d59d30c356619891d192e86d0f16c3158e1dac3bd9f23c6deb718271,0,1,ok,True,12,1191003,1191.003,0.097044,0.50085,1,time_limit,solomon_exact_1000_v1,,,,,,0.5,,,,25,a5385b24e1b1e895647141e361fbfd125f69b22b8101a03a5bf03d0a059bf87a,False,native,e430e84b5044a1954983f6d380c1155f165e447205dd568d22a78596fa5f0602,604462f386c003e397cd55934c67735731d9683e762902ff4d23fad1f410c0bb,12,1404701,0,-213698,better,better,False
R112,solomon_txt,a0e93149d59d30c356619891d192e86d0f16c3158e1dac3bd9f23c6deb718271,1,1,ok,True,11,1175112,1175.112,0.096679,0.500606,1,time_limit,solomon_exact_1000_v1,,,,,,0.5,,,,25,a5385b24e1b1e895647141e361fbfd125f69b22b8101a03a5bf03d0a059bf87a,False,python,18b60bd1f8a3f3a3299830e92120a9841e4fb04a4b6fc31094cbf2c6e0a24ff8,604462f386c003e397cd55934c67735731d9683e762902ff4d23fad1f410c0bb,11,1175112,0,0,tie,tie,False
R112,solomon_txt,a0e93149d59d30c356619891d192e86d0f16c3158e1dac3bd9f23c6deb718271,1,1,ok,True,11,1065806,1065.806,0.093848,0.500663,1,time_limit,solomon_exact_1000_v1,,,,,,0.5,,,,25,a5385b24e1b1e895647141e361fbfd125f69b22b8101a03a5bf03d0a059bf87a,False,native,e430e84b5044a1954983f6d380c1155f165e447205dd568d22a78596fa5f0602,604462f386c003e397cd55934c67735731d9683e762902ff4d23fad1f410c0bb,11,1175112,0,-109306,better,better,False
R112,solomon_txt,a0e93149d59d30c356619891d192e86d0f16c3158e1dac3bd9f23c6deb718271,2,1,ok,True,12,1432305,1432.305,0.094109,0.500662,1,time_limit,solomon_exact_1000_v1,,,,,,0.5,,,,25,a5385b24e1b1e895647141e361fbfd125f69b22b8101a03a5bf03d0a059bf87a,False,python,18b60bd1f8a3f3a3299830e92120a9841e4fb04a4b6fc31094cbf2c6e0a24ff8,604462f386c003e397cd55934c67735731d9683e762902ff4d23fad1f410c0bb,12,1432305,0,0,tie,tie,False
R112,solomon_txt,a0e93149d59d30c356619891d192e86d0f16c3158e1dac3bd9f23c6deb718271,2,1,ok,True,12,1176825,1176.825,0.094211,0.500631,1,time_limit,solomon_exact_1000_v1,,,,,,0.5,,,,25,a5385b24e1b1e895647141e361fbfd125f69b22b8101a03a5bf03d0a059bf87a,False,native,e430e84b5044a1954983f6d380c1155f165e447205dd568d22a78596fa5f0602,604462f386c003e397cd55934c67735731d9683e762902ff4d23fad1f410c0bb,12,1432305,0,-255480,better,better,False
R201,solomon_txt,0be960ec998fff2cab0bdbcc5194c617e5ca0a79c82c5b32b1d4bd98b2cae210,0,1,ok,True,4,1639963,1639.963,0.204485,0.500586,1,time_limit,solomon_exact_1000_v1,,,,,,0.5,,,,25,a5385b24e1b1e895647141e361fbfd125f69b22b8101a03a5bf03d0a059bf87a,False,python,18b60bd1f8a3f3a3299830e92120a9841e4fb04a4b6fc31094cbf2c6e0a24ff8,604462f386c003e397cd55934c67735731d9683e762902ff4d23fad1f410c0bb,4,1639963,0,0,tie,tie,False
R201,solomon_txt,0be960ec998fff2cab0bdbcc5194c617e5ca0a79c82c5b32b1d4bd98b2cae210,0,1,ok,True,4,1422532,1422.532,0.194746,0.500596,1,time_limit,solomon_exact_1000_v1,,,,,,0.5,,,,25,a5385b24e1b1e895647141e361fbfd125f69b22b8101a03a5bf03d0a059bf87a,False,native,e430e84b5044a1954983f6d380c1155f165e447205dd568d22a78596fa5f0602,604462f386c003e397cd55934c67735731d9683e762902ff4d23fad1f410c0bb,4,1639963,0,-217431,better,better,False
R201,solomon_txt,0be960ec998fff2cab0bdbcc5194c617e5ca0a79c82c5b32b1d4bd98b2cae210,1,1,ok,True,4,1622132,1622.132,0.194051,0.500558,1,time_limit,solomon_exact_1000_v1,,,,,,0.5,,,,25,a5385b24e1b1e895647141e361fbfd125f69b22b8101a03a5bf03d0a059bf87a,False,python,18b60bd1f8a3f3a3299830e92120a9841e4fb04a4b6fc31094cbf2c6e0a24ff8,604462f386c003e397cd55934c67735731d9683e762902ff4d23fad1f410c0bb,4,1622132,0,0,tie,tie,False
R201,solomon_txt,0be960ec998fff2cab0bdbcc5194c617e5ca0a79c82c5b32b1d4bd98b2cae210,1,1,ok,True,4,1413480,1413.48,0.19193,0.500596,1,time_limit,solomon_exact_1000_v1,,,,,,0.5,,,,25,a5385b24e1b1e895647141e361fbfd125f69b22b8101a03a5bf03d0a059bf87a,False,native,e430e84b5044a1954983f6d380c1155f165e447205dd568d22a78596fa5f0602,604462f386c003e397cd55934c67735731d9683e762902ff4d23fad1f410c0bb,4,1622132,0,-208652,better,better,False
R201,solomon_txt,0be960ec998fff2cab0bdbcc5194c617e5ca0a79c82c5b32b1d4bd98b2cae210,2,1,ok,True,4,1593054,1593.054,0.19157,0.500564,1,time_limit,solomon_exact_1000_v1,,,,,,0.5,,,,25,a5385b24e1b1e895647141e361fbfd125f69b22b8101a03a5bf03d0a059bf87a,False,python,18b60bd1f8a3f3a3299830e92120a9841e4fb04a4b6fc31094cbf2c6e0a24ff8,604462f386c003e397cd55934c67735731d9683e762902ff4d23fad1f410c0bb,4,1593054,0,0,tie,tie,False
R201,solomon_txt,0be960ec998fff2cab0bdbcc5194c617e5ca0a79c82c5b32b1d4bd98b2cae210,2,1,ok,True,4,1411409,1411.409,0.203961,0.500554,1,time_limit,solomon_exact_1000_v1,,,,,,0.5,,,,25,a5385b24e1b1e895647141e361fbfd125f69b22b8101a03a5bf03d0a059bf87a,False,native,e430e84b5044a1954983f6d380c1155f165e447205dd568d22a78596fa5f0602,604462f386c003e397cd55934c67735731d9683e762902ff4d23fad1f410c0bb,4,1593054,0,-181645,better,better,False
R202,solomon_txt,1f7761bb33e9dd0c94837b32c72280296ffc283dba997379c7ad75ce00dffc8d,0,1,ok,True,4,1613273,1613.273,0.224024,0.500579,1,time_limit,solomon_exact_1000_v1,,,,,,0.5,,,,25,a5385b24e1b1e895647141e361fbfd125f69b22b8101a03a5bf03d0a059bf87a,False,python,18b60bd1f8a3f3a3299830e92120a9841e4fb04a4b6fc31094cbf2c6e0a24ff8,604462f386c003e397cd55934c67735731d9683e762902ff4d23fad1f410c0bb,4,1613273,0,0,tie,tie,False
R202,solomon_txt,1f7761bb33e9dd0c94837b32c72280296ffc283dba997379c7ad75ce00dffc8d,0,1,ok,True,4,1443567,1443.567,0.220652,0.500592,1,time_limit,solomon_exact_1000_v1,,,,,,0.5,,,,25,a5385b24e1b1e895647141e361fbfd125f69b22b8101a03a5bf03d0a059bf87a,False,native,e430e84b5044a1954983f6d380c1155f165e447205dd568d22a78596fa5f0602,604462f386c003e397cd55934c67735731d9683e762902ff4d23fad1f410c0bb,4,1613273,0,-169706,better,better,False
R202,solomon_txt,1f7761bb33e9dd0c94837b32c72280296ffc283dba997379c7ad75ce00dffc8d,1,1,ok,True,4,1613273,1613.273,0.222714,0.500604,1,time_limit,solomon_exact_1000_v1,,,,,,0.5,,,,25,a5385b24e1b1e895647141e361fbfd125f69b22b8101a03a5bf03d0a059bf87a,False,python,18b60bd1f8a3f3a3299830e92120a9841e4fb04a4b6fc31094cbf2c6e0a24ff8,604462f386c003e397cd55934c67735731d9683e762902ff4d23fad1f410c0bb,4,1613273,0,0,tie,tie,False
R202,solomon_txt,1f7761bb33e9dd0c94837b32c72280296ffc283dba997379c7ad75ce00dffc8d,1,1,ok,True,4,1443567,1443.567,0.237371,0.500572,1,time_limit,solomon_exact_1000_v1,,,,,,0.5,,,,25,a5385b24e1b1e895647141e361fbfd125f69b22b8101a03a5bf03d0a059bf87a,False,native,e430e84b5044a1954983f6d380c1155f165e447205dd568d22a78596fa5f0602,604462f386c003e397cd55934c67735731d9683e762902ff4d23fad1f410c0bb,4,1613273,0,-169706,better,better,False
R202,solomon_txt,1f7761bb33e9dd0c94837b32c72280296ffc283dba997379c7ad75ce00dffc8d,2,1,ok,True,4,1613273,1613.273,0.223362,0.50059,1,time_limit,solomon_exact_1000_v1,,,,,,0.5,,,,25,a5385b24e1b1e895647141e361fbfd125f69b22b8101a03a5bf03d0a059bf87a,False,python,18b60bd1f8a3f3a3299830e92120a9841e4fb04a4b6fc31094cbf2c6e0a24ff8,604462f386c003e397cd55934c67735731d9683e762902ff4d23fad1f410c0bb,4,1613273,0,0,tie,tie,False
R202,solomon_txt,1f7761bb33e9dd0c94837b32c72280296ffc283dba997379c7ad75ce00dffc8d,2,1,ok,True,4,1428936,1428.936,0.226003,0.500557,1,time_limit,solomon_exact_1000_v1,,,,,,0.5,,,,25,a5385b24e1b1e895647141e361fbfd125f69b22b8101a03a5bf03d0a059bf87a,False,native,e430e84b5044a1954983f6d380c1155f165e447205dd568d22a78596fa5f0602,604462f386c003e397cd55934c67735731d9683e762902ff4d23fad1f410c0bb,4,1613273,0,-184337,better,better,False
R203,solomon_txt,38c484db31bd7452a94d533e26a2348ef598df600b79d061d9ddc1c61466a731,0,1,ok,True,3,1290510,1290.51,0.239769,0.500549,1,time_limit,solomon_exact_1000_v1,,,,,,0.5,,,,25,a5385b24e1b1e895647141e361fbfd125f69b22b8101a03a5bf03d0a059bf87a,False,python,18b60bd1f8a3f3a3299830e92120a9841e4fb04a4b6fc31094cbf2c6e0a24ff8,604462f386c003e397cd55934c67735731d9683e762902ff4d23fad1f410c0bb,3,1290510,0,0,tie,tie,False
R203,solomon_txt,38c484db31bd7452a94d533e26a2348ef598df600b79d061d9ddc1c61466a731,0,1,ok,True,3,1143340,1143.34,0.241246,0.500523,1,time_limit,solomon_exact_1000_v1,,,,,,0.5,,,,25,a5385b24e1b1e895647141e361fbfd125f69b22b8101a03a5bf03d0a059bf87a,False,native,e430e84b5044a1954983f6d380c1155f165e447205dd568d22a78596fa5f0602,604462f386c003e397cd55934c67735731d9683e762902ff4d23fad1f410c0bb,3,1290510,0,-147170,better,better,False
R203,solomon_txt,38c484db31bd7452a94d533e26a2348ef598df600b79d061d9ddc1c61466a731,1,1,ok,True,3,1272683,1272.683,0.234487,0.50055,1,time_limit,solomon_exact_1000_v1,,,,,,0.5,,,,25,a5385b24e1b1e895647141e361fbfd125f69b22b8101a03a5bf03d0a059bf87a,False,python,18b60bd1f8a3f3a3299830e92120a9841e4fb04a4b6fc31094cbf2c6e0a24ff8,604462f386c003e397cd55934c67735731d9683e762902ff4d23fad1f410c0bb,3,1272683,0,0,tie,tie,False
R203,solomon_txt,38c484db31bd7452a94d533e26a2348ef598df600b79d061d9ddc1c61466a731,1,1,ok,True,3,1135389,1135.389,0.248824,0.500573,1,time_limit,solomon_exact_1000_v1,,,,,,0.5,,,,25,a5385b24e1b1e895647141e361fbfd125f69b22b8101a03a5bf03d0a059bf87a,False,native,e430e84b5044a1954983f6d380c1155f165e447205dd568d22a78596fa5f0602,604462f386c003e397cd55934c67735731d9683e762902ff4d23fad1f410c0bb,3,1272683,0,-137294,better,better,False
R203,solomon_txt,38c484db31bd7452a94d533e26a2348ef598df600b79d061d9ddc1c61466a731,2,1,ok,True,3,1251569,1251.569,0.249794,0.500577,1,time_limit,solomon_exact_1000_v1,,,,,,0.5,,,,25,a5385b24e1b1e895647141e361fbfd125f69b22b8101a03a5bf03d0a059bf87a,False,python,18b60bd1f8a3f3a3299830e92120a9841e4fb04a4b6fc31094cbf2c6e0a24ff8,604462f386c003e397cd55934c67735731d9683e762902ff4d23fad1f410c0bb,3,1251569,0,0,tie,tie,False
R203,solomon_txt,38c484db31bd7452a94d533e26a2348ef598df600b79d061d9ddc1c61466a731,2,1,ok,True,3,1106897,1106.897,0.237226,0.500567,1,time_limit,solomon_exact_1000_v1,,,,,,0.5,,,,25,a5385b24e1b1e895647141e361fbfd125f69b22b8101a03a5bf03d0a059bf87a,False,native,e430e84b5044a1954983f6d380c1155f165e447205dd568d22a78596fa5f0602,604462f386c003e397cd55934c67735731d9683e762902ff4d23fad1f410c0bb,3,1251569,0,-144672,better,better,False
R204,solomon_txt,5349e37d8df99bcbee1efa2e970d2662b5265e5f82fc609343a6af0a60257abf,0,1,ok,True,3,1331038,1331.038,0.308777,0.500542,1,time_limit,solomon_exact_1000_v1,,,,,,0.5,,,,25,a5385b24e1b1e895647141e361fbfd125f69b22b8101a03a5bf03d0a059bf87a,False,python,18b60bd1f8a3f3a3299830e92120a9841e4fb04a4b6fc31094cbf2c6e0a24ff8,604462f386c003e397cd55934c67735731d9683e762902ff4d23fad1f410c0bb,3,1331038,0,0,tie,tie,False
R204,solomon_txt,5349e37d8df99bcbee1efa2e970d2662b5265e5f82fc609343a6af0a60257abf,0,1,ok,True,3,1317289,1317.289,0.323803,0.501104,1,time_limit,solomon_exact_1000_v1,,,,,,0.5,,,,25,a5385b24e1b1e895647141e361fbfd125f69b22b8101a03a5bf03d0a059bf87a,False,native,e430e84b5044a1954983f6d380c1155f165e447205dd568d22a78596fa5f0602,604462f386c003e397cd55934c67735731d9683e762902ff4d23fad1f410c0bb,3,1331038,0,-13749,better,better,False
R204,solomon_txt,5349e37d8df99bcbee1efa2e970d2662b5265e5f82fc609343a6af0a60257abf,1,1,ok,True,3,1237122,1237.122,0.298663,0.500663,1,time_limit,solomon_exact_1000_v1,,,,,,0.5,,,,25,a5385b24e1b1e895647141e361fbfd125f69b22b8101a03a5bf03d0a059bf87a,False,python,18b60bd1f8a3f3a3299830e92120a9841e4fb04a4b6fc31094cbf2c6e0a24ff8,604462f386c003e397cd55934c67735731d9683e762902ff4d23fad1f410c0bb,3,1237122,0,0,tie,tie,False
R204,solomon_txt,5349e37d8df99bcbee1efa2e970d2662b5265e5f82fc609343a6af0a60257abf,1,1,ok,True,3,1083998,1083.998,0.294194,0.500538,1,time_limit,solomon_exact_1000_v1,,,,,,0.5,,,,25,a5385b24e1b1e895647141e361fbfd125f69b22b8101a03a5bf03d0a059bf87a,False,native,e430e84b5044a1954983f6d380c1155f165e447205dd568d22a78596fa5f0602,604462f386c003e397cd55934c67735731d9683e762902ff4d23fad1f410c0bb,3,1237122,0,-153124,better,better,False
R204,solomon_txt,5349e37d8df99bcbee1efa2e970d2662b5265e5f82fc609343a6af0a60257abf,2,1,ok,True,3,1213403,1213.403,0.297939,0.500574,1,time_limit,solomon_exact_1000_v1,,,,,,0.5,,,,25,a5385b24e1b1e895647141e361fbfd125f69b22b8101a03a5bf03d0a059bf87a,False,python,18b60bd1f8a3f3a3299830e92120a9841e4fb04a4b6fc31094cbf2c6e0a24ff8,604462f386c003e397cd55934c67735731d9683e762902ff4d23fad1f410c0bb,3,1213403,0,0,tie,tie,False
R204,solomon_txt,5349e37d8df99bcbee1efa2e970d2662b5265e5f82fc609343a6af0a60257abf,2,1,ok,True,3,1111202,1111.202,0.297042,0.500585,1,time_limit,solomon_exact_1000_v1,,,,,,0.5,,,,25,a5385b24e1b1e895647141e361fbfd125f69b22b8101a03a5bf03d0a059bf87a,False,native,e430e84b5044a1954983f6d380c1155f165e447205dd568d22a78596fa5f0602,604462f386c003e397cd55934c67735731d9683e762902ff4d23fad1f410c0bb,3,1213403,0,-102201,better,better,False
R205,solomon_txt,1996bf8f10716fb8cfc1a585206a6a6e566f32347c1bb8f36c75ed6c887f77e3,0,1,ok,True,3,1290574,1290.574,0.24126,0.500565,1,time_limit,solomon_exact_1000_v1,,,,,,0.5,,,,25,a5385b24e1b1e895647141e361fbfd125f69b22b8101a03a5bf03d0a059bf87a,False,python,18b60bd1f8a3f3a3299830e92120a9841e4fb04a4b6fc31094cbf2c6e0a24ff8,604462f386c003e397cd55934c67735731d9683e762902ff4d23fad1f410c0bb,3,1290574,0,0,tie,tie,False
R205,solomon_txt,1996bf8f10716fb8cfc1a585206a6a6e566f32347c1bb8f36c75ed6c887f77e3,0,1,ok,True,3,1225483,1225.483,0.236787,0.500684,1,time_limit,solomon_exact_1000_v1,,,,,,0.5,,,,25,a5385b24e1b1e895647141e361fbfd125f69b22b8101a03a5bf03d0a059bf87a,False,native,e430e84b5044a1954983f6d380c1155f165e447205dd568d22a78596fa5f0602,604462f386c003e397cd55934c67735731d9683e762902ff4d23fad1f410c0bb,3,1290574,0,-65091,better,better,False
R205,solomon_txt,1996bf8f10716fb8cfc1a585206a6a6e566f32347c1bb8f36c75ed6c887f77e3,1,1,ok,True,4,1642167,1642.167,0.250885,0.50055,1,time_limit,solomon_exact_1000_v1,,,,,,0.5,,,,25,a5385b24e1b1e895647141e361fbfd125f69b22b8101a03a5bf03d0a059bf87a,False,python,18b60bd1f8a3f3a3299830e92120a9841e4fb04a4b6fc31094cbf2c6e0a24ff8,604462f386c003e397cd55934c67735731d9683e762902ff4d23fad1f410c0bb,4,1642167,0,0,tie,tie,False
R205,solomon_txt,1996bf8f10716fb8cfc1a585206a6a6e566f32347c1bb8f36c75ed6c887f77e3,1,1,ok,True,4,1294687,1294.687,0.236877,0.500547,1,time_limit,solomon_exact_1000_v1,,,,,,0.5,,,,25,a5385b24e1b1e895647141e361fbfd125f69b22b8101a03a5bf03d0a059bf87a,False,native,e430e84b5044a1954983f6d380c1155f165e447205dd568d22a78596fa5f0602,604462f386c003e397cd55934c67735731d9683e762902ff4d23fad1f410c0bb,4,1642167,0,-347480,better,better,False
R205,solomon_txt,1996bf8f10716fb8cfc1a585206a6a6e566f32347c1bb8f36c75ed6c887f77e3,2,1,ok,True,3,1399674,1399.674,0.234091,0.500573,1,time_limit,solomon_exact_1000_v1,,,,,,0.5,,,,25,a5385b24e1b1e895647141e361fbfd125f69b22b8101a03a5bf03d0a059bf87a,False,python,18b60bd1f8a3f3a3299830e92120a9841e4fb04a4b6fc31094cbf2c6e0a24ff8,604462f386c003e397cd55934c67735731d9683e762902ff4d23fad1f410c0bb,3,1399674,0,0,tie,tie,False
R205,solomon_txt,1996bf8f10716fb8cfc1a585206a6a6e566f32347c1bb8f36c75ed6c887f77e3,2,1,ok,True,3,1217322,1217.322,0.237102,0.500573,1,time_limit,solomon_exact_1000_v1,,,,,,0.5,,,,25,a5385b24e1b1e895647141e361fbfd125f69b22b8101a03a5bf03d0a059bf87a,False,native,e430e84b5044a1954983f6d380c1155f165e447205dd568d22a78596fa5f0602,604462f386c003e397cd55934c67735731d9683e762902ff4d23fad1f410c0bb,3,1399674,0,-182352,better,better,False
R206,solomon_txt,c8754a0319264d076c038b1bf023c8c4710e8895fe3e03f485e9ae249f32fe43,0,1,ok,True,3,1458899,1458.899,0.247251,0.500639,1,time_limit,solomon_exact_1000_v1,,,,,,0.5,,,,25,a5385b24e1b1e895647141e361fbfd125f69b22b8101a03a5bf03d0a059bf87a,False,python,18b60bd1f8a3f3a3299830e92120a9841e4fb04a4b6fc31094cbf2c6e0a24ff8,604462f386c003e397cd55934c67735731d9683e762902ff4d23fad1f410c0bb,3,1458899,0,0,tie,tie,False
R206,solomon_txt,c8754a0319264d076c038b1bf023c8c4710e8895fe3e03f485e9ae249f32fe43,0,1,ok,True,3,1403771,1403.771,0.245273,0.500529,1,time_limit,solomon_exact_1000_v1,,,,,,0.5,,,,25,a5385b24e1b1e895647141e361fbfd125f69b22b8101a03a5bf03d0a059bf87a,False,native,e430e84b5044a1954983f6d380c1155f165e447205dd568d22a78596fa5f0602,604462f386c003e397cd55934c67735731d9683e762902ff4d23fad1f410c0bb,3,1458899,0,-55128,better,better,False
R206,solomon_txt,c8754a0319264d076c038b1bf023c8c4710e8895fe3e03f485e9ae249f32fe43,1,1,ok,True,3,1458899,1458.899,0.261658,0.500623,1,time_limit,solomon_exact_1000_v1,,,,,,0.5,,,,25,a5385b24e1b1e895647141e361fbfd125f69b22b8101a03a5bf03d0a059bf87a,False,python,18b60bd1f8a3f3a3299830e92120a9841e4fb04a4b6fc31094cbf2c6e0a24ff8,604462f386c003e397cd55934c67735731d9683e762902ff4d23fad1f410c0bb,3,1458899,0,0,tie,tie,False
R206,solomon_txt,c8754a0319264d076c038b1bf023c8c4710e8895fe3e03f485e9ae249f32fe43,1,1,ok,True,3,1380645,1380.645,0.248866,0.500665,1,time_limit,solomon_exact_1000_v1,,,,,,0.5,,,,25,a5385b24e1b1e895647141e361fbfd125f69b22b8101a03a5bf03d0a059bf87a,False,native,e430e84b5044a1954983f6d380c1155f165e447205dd568d22a78596fa5f0602,604462f386c003e397cd55934c67735731d9683e762902ff4d23fad1f410c0bb,3,1458899,0,-78254,better,better,False
R206,solomon_txt,c8754a0319264d076c038b1bf023c8c4710e8895fe3e03f485e9ae249f32fe43,2,1,ok,True,3,1456837,1456.837,0.25722,0.500568,1,time_limit,solomon_exact_1000_v1,,,,,,0.5,,,,25,a5385b24e1b1e895647141e361fbfd125f69b22b8101a03a5bf03d0a059bf87a,False,python,18b60bd1f8a3f3a3299830e92120a9841e4fb04a4b6fc31094cbf2c6e0a24ff8,604462f386c003e397cd55934c67735731d9683e762902ff4d23fad1f410c0bb,3,1456837,0,0,tie,tie,False
R206,solomon_txt,c8754a0319264d076c038b1bf023c8c4710e8895fe3e03f485e9ae249f32fe43,2,1,ok,True,3,1336189,1336.189,0.257987,0.500645,1,time_limit,solomon_exact_1000_v1,,,,,,0.5,,,,25,a5385b24e1b1e895647141e361fbfd125f69b22b8101a03a5bf03d0a059bf87a,False,native,e430e84b5044a1954983f6d380c1155f165e447205dd568d22a78596fa5f0602,604462f386c003e397cd55934c67735731d9683e762902ff4d23fad1f410c0bb,3,1456837,0,-120648,better,better,False
R207,solomon_txt,52dc8eebba43fdc67ca9aadab228b75a297acb55a87db3e4748e82f623e3cbe6,0,1,ok,True,3,1164515,1164.515,0.296785,0.500545,1,time_limit,solomon_exact_1000_v1,,,,,,0.5,,,,25,a5385b24e1b1e895647141e361fbfd125f69b22b8101a03a5bf03d0a059bf87a,False,python,18b60bd1f8a3f3a3299830e92120a9841e4fb04a4b6fc31094cbf2c6e0a24ff8,604462f386c003e397cd55934c67735731d9683e762902ff4d23fad1f410c0bb,3,1164515,0,0,tie,tie,False
R207,solomon_txt,52dc8eebba43fdc67ca9aadab228b75a297acb55a87db3e4748e82f623e3cbe6,0,1,ok,True,3,1083372,1083.372,0.289606,0.500625,1,time_limit,solomon_exact_1000_v1,,,,,,0.5,,,,25,a5385b24e1b1e895647141e361fbfd125f69b22b8101a03a5bf03d0a059bf87a,False,native,e430e84b5044a1954983f6d380c1155f165e447205dd568d22a78596fa5f0602,604462f386c003e397cd55934c67735731d9683e762902ff4d23fad1f410c0bb,3,1164515,0,-81143,better,better,False
R207,solomon_txt,52dc8eebba43fdc67ca9aadab228b75a297acb55a87db3e4748e82f623e3cbe6,1,1,ok,True,3,1099201,1099.201,0.294122,0.500539,1,time_limit,solomon_exact_1000_v1,,,,,,0.5,,,,25,a5385b24e1b1e895647141e361fbfd125f69b22b8101a03a5bf03d0a059bf87a,False,python,18b60bd1f8a3f3a3299830e92120a9841e4fb04a4b6fc31094cbf2c6e0a24ff8,604462f386c003e397cd55934c67735731d9683e762902ff4d23fad1f410c0bb,3,1099201,0,0,tie,tie,False
R207,solomon_txt,52dc8eebba43fdc67ca9aadab228b75a297acb55a87db3e4748e82f623e3cbe6,1,1,ok,True,3,1061941,1061.941,0.294232,0.500577,1,time_limit,solomon_exact_1000_v1,,,,,,0.5,,,,25,a5385b24e1b1e895647141e361fbfd125f69b22b8101a03a5bf03d0a059bf87a,False,native,e430e84b5044a1954983f6d380c1155f165e447205dd568d22a78596fa5f0602,604462f386c003e397cd55934c67735731d9683e762902ff4d23fad1f410c0bb,3,1099201,0,-37260,better,better,False
R207,solomon_txt,52dc8eebba43fdc67ca9aadab228b75a297acb55a87db3e4748e82f623e3cbe6,2,1,ok,True,3,1024827,1024.827,0.299903,0.501128,1,time_limit,solomon_exact_1000_v1,,,,,,0.5,,,,25,a5385b24e1b1e895647141e361fbfd125f69b22b8101a03a5bf03d0a059bf87a,False,python,18b60bd1f8a3f3a3299830e92120a9841e4fb04a4b6fc31094cbf2c6e0a24ff8,604462f386c003e397cd55934c67735731d9683e762902ff4d23fad1f410c0bb,3,1024827,0,0,tie,tie,False
R207,solomon_txt,52dc8eebba43fdc67ca9aadab228b75a297acb55a87db3e4748e82f623e3cbe6,2,1,ok,True,3,989435,989.435,0.288404,0.500567,1,time_limit,solomon_exact_1000_v1,,,,,,0.5,,,,25,a5385b24e1b1e895647141e361fbfd125f69b22b8101a03a5bf03d0a059bf87a,False,native,e430e84b5044a1954983f6d380c1155f165e447205dd568d22a78596fa5f0602,604462f386c003e397cd55934c67735731d9683e762902ff4d23fad1f410c0bb,3,1024827,0,-35392,better,better,False
R208,solomon_txt,7b4a95d500af9329dd08791d39898a619faec0f8fac039d57373e761545b980d,0,1,ok,True,2,937949,937.949,0.322705,0.500558,1,time_limit,solomon_exact_1000_v1,,,,,,0.5,,,,25,a5385b24e1b1e895647141e361fbfd125f69b22b8101a03a5bf03d0a059bf87a,False,python,18b60bd1f8a3f3a3299830e92120a9841e4fb04a4b6fc31094cbf2c6e0a24ff8,604462f386c003e397cd55934c67735731d9683e762902ff4d23fad1f410c0bb,2,937949,0,0,tie,tie,False
R208,solomon_txt,7b4a95d500af9329dd08791d39898a619faec0f8fac039d57373e761545b980d,0,1,ok,True,2,835528,835.528,0.321499,0.500585,1,time_limit,solomon_exact_1000_v1,,,,,,0.5,,,,25,a5385b24e1b1e895647141e361fbfd125f69b22b8101a03a5bf03d0a059bf87a,False,native,e430e84b5044a1954983f6d380c1155f165e447205dd568d22a78596fa5f0602,604462f386c003e397cd55934c67735731d9683e762902ff4d23fad1f410c0bb,2,937949,0,-102421,better,better,False
R208,solomon_txt,7b4a95d500af9329dd08791d39898a619faec0f8fac039d57373e761545b980d,1,1,ok,True,2,929627,929.627,0.311437,0.500548,1,time_limit,solomon_exact_1000_v1,,,,,,0.5,,,,25,a5385b24e1b1e895647141e361fbfd125f69b22b8101a03a5bf03d0a059bf87a,False,python,18b60bd1f8a3f3a3299830e92120a9841e4fb04a4b6fc31094cbf2c6e0a24ff8,604462f386c003e397cd55934c67735731d9683e762902ff4d23fad1f410c0bb,2,929627,0,0,tie,tie,False
R208,solomon_txt,7b4a95d500af9329dd08791d39898a619faec0f8fac039d57373e761545b980d,1,1,ok,True,2,865164,865.164,0.324459,0.501099,1,time_limit,solomon_exact_1000_v1,,,,,,0.5,,,,25,a5385b24e1b1e895647141e361fbfd125f69b22b8101a03a5bf03d0a059bf87a,False,native,e430e84b5044a1954983f6d380c1155f165e447205dd568d22a78596fa5f0602,604462f386c003e397cd55934c67735731d9683e762902ff4d23fad1f410c0bb,2,929627,0,-64463,better,better,False
R208,solomon_txt,7b4a95d500af9329dd08791d39898a619faec0f8fac039d57373e761545b980d,2,1,ok,True,2,944343,944.343,0.314429,0.500552,1,time_limit,solomon_exact_1000_v1,,,,,,0.5,,,,25,a5385b24e1b1e895647141e361fbfd125f69b22b8101a03a5bf03d0a059bf87a,False,python,18b60bd1f8a3f3a3299830e92120a9841e4fb04a4b6fc31094cbf2c6e0a24ff8,604462f386c003e397cd55934c67735731d9683e762902ff4d23fad1f410c0bb,2,944343,0,0,tie,tie,False
R208,solomon_txt,7b4a95d500af9329dd08791d39898a619faec0f8fac039d57373e761545b980d,2,1,ok,True,2,850563,850.563,0.315166,0.500339,2,time_limit,solomon_exact_1000_v1,,,,,,0.5,,,,25,a5385b24e1b1e895647141e361fbfd125f69b22b8101a03a5bf03d0a059bf87a,False,native,e430e84b5044a1954983f6d380c1155f165e447205dd568d22a78596fa5f0602,604462f386c003e397cd55934c67735731d9683e762902ff4d23fad1f410c0bb,2,944343,0,-93780,better,better,False
R209,solomon_txt,5b74156d032babcff853ccc693f94463eca8333cd425aa99a39ed996f6258933,0,1,ok,True,3,1545629,1545.629,0.240697,0.500549,1,time_limit,solomon_exact_1000_v1,,,,,,0.5,,,,25,a5385b24e1b1e895647141e361fbfd125f69b22b8101a03a5bf03d0a059bf87a,False,python,18b60bd1f8a3f3a3299830e92120a9841e4fb04a4b6fc31094cbf2c6e0a24ff8,604462f386c003e397cd55934c67735731d9683e762902ff4d23fad1f410c0bb,3,1545629,0,0,tie,tie,False
R209,solomon_txt,5b74156d032babcff853ccc693f94463eca8333cd425aa99a39ed996f6258933,0,1,ok,True,3,1352500,1352.5,0.246649,0.500539,1,time_limit,solomon_exact_1000_v1,,,,,,0.5,,,,25,a5385b24e1b1e895647141e361fbfd125f69b22b8101a03a5bf03d0a059bf87a,False,native,e430e84b5044a1954983f6d380c1155f165e447205dd568d22a78596fa5f0602,604462f386c003e397cd55934c67735731d9683e762902ff4d23fad1f410c0bb,3,1545629,0,-193129,better,better,False
R209,solomon_txt,5b74156d032babcff853ccc693f94463eca8333cd425aa99a39ed996f6258933,1,1,ok,True,3,1275954,1275.954,0.229565,0.500636,1,time_limit,solomon_exact_1000_v1,,,,,,0.5,,,,25,a5385b24e1b1e895647141e361fbfd125f69b22b8101a03a5bf03d0a059bf87a,False,python,18b60bd1f8a3f3a3299830e92120a9841e4fb04a4b6fc31094cbf2c6e0a24ff8,604462f386c003e397cd55934c67735731d9683e762902ff4d23fad1f410c0bb,3,1275954,0,0,tie,tie,False
R209,solomon_txt,5b74156d032babcff853ccc693f94463eca8333cd425aa99a39ed996f6258933,1,1,ok,True,3,1150443,1150.443,0.228017,0.500565,1,time_limit,solomon_exact_1000_v1,,,,,,0.5,,,,25,a5385b24e1b1e895647141e361fbfd125f69b22b8101a03a5bf03d0a059bf87a,False,native,e430e84b5044a1954983f6d380c1155f165e447205dd568d22a78596fa5f0602,604462f386c003e397cd55934c67735731d9683e762902ff4d23fad1f410c0bb,3,1275954,0,-125511,better,better,False
R209,solomon_txt,5b74156d032babcff853ccc693f94463eca8333cd425aa99a39ed996f6258933,2,1,ok,True,3,1369893,1369.893,0.23169,0.500565,1,time_limit,solomon_exact_1000_v1,,,,,,0.5,,,,25,a5385b24e1b1e895647141e361fbfd125f69b22b8101a03a5bf03d0a059bf87a,False,python,18b60bd1f8a3f3a3299830e92120a9841e4fb04a4b6fc31094cbf2c6e0a24ff8,604462f386c003e397cd55934c67735731d9683e762902ff4d23fad1f410c0bb,3,1369893,0,0,tie,tie,False
R209,solomon_txt,5b74156d032babcff853ccc693f94463eca8333cd425aa99a39ed996f6258933,2,1,ok,True,3,1132571,1132.571,0.228055,0.500717,1,time_limit,solomon_exact_1000_v1,,,,,,0.5,,,,25,a5385b24e1b1e895647141e361fbfd125f69b22b8101a03a5bf03d0a059bf87a,False,native,e430e84b5044a1954983f6d380c1155f165e447205dd568d22a78596fa5f0602,604462f386c003e397cd55934c67735731d9683e762902ff4d23fad1f410c0bb,3,1369893,0,-237322,better,better,False
R210,solomon_txt,4e5772f109fb6183e6a648d6a1edaba3435438c2dc11c42da370fecf7bdf3a14,0,1,ok,True,3,1424878,1424.878,0.253486,0.500543,1,time_limit,solomon_exact_1000_v1,,,,,,0.5,,,,25,a5385b24e1b1e895647141e361fbfd125f69b22b8101a03a5bf03d0a059bf87a,False,python,18b60bd1f8a3f3a3299830e92120a9841e4fb04a4b6fc31094cbf2c6e0a24ff8,604462f386c003e397cd55934c67735731d9683e762902ff4d23fad1f410c0bb,3,1424878,0,0,tie,tie,False
R210,solomon_txt,4e5772f109fb6183e6a648d6a1edaba3435438c2dc11c42da370fecf7bdf3a14,0,1,ok,True,3,1307660,1307.66,0.251139,0.500805,1,time_limit,solomon_exact_1000_v1,,,,,,0.5,,,,25,a5385b24e1b1e895647141e361fbfd125f69b22b8101a03a5bf03d0a059bf87a,False,native,e430e84b5044a1954983f6d380c1155f165e447205dd568d22a78596fa5f0602,604462f386c003e397cd55934c67735731d9683e762902ff4d23fad1f410c0bb,3,1424878,0,-117218,better,better,False
R210,solomon_txt,4e5772f109fb6183e6a648d6a1edaba3435438c2dc11c42da370fecf7bdf3a14,1,1,ok,True,3,1419447,1419.447,0.261142,0.500545,1,time_limit,solomon_exact_1000_v1,,,,,,0.5,,,,25,a5385b24e1b1e895647141e361fbfd125f69b22b8101a03a5bf03d0a059bf87a,False,python,18b60bd1f8a3f3a3299830e92120a9841e4fb04a4b6fc31094cbf2c6e0a24ff8,604462f386c003e397cd55934c67735731d9683e762902ff4d23fad1f410c0bb,3,1419447,0,0,tie,tie,False
R210,solomon_txt,4e5772f109fb6183e6a648d6a1edaba3435438c2dc11c42da370fecf7bdf3a14,1,1,ok,True,3,1287272,1287.272,0.254805,0.50055,1,time_limit,solomon_exact_1000_v1,,,,,,0.5,,,,25,a5385b24e1b1e895647141e361fbfd125f69b22b8101a03a5bf03d0a059bf87a,False,native,e430e84b5044a1954983f6d380c1155f165e447205dd568d22a78596fa5f0602,604462f386c003e397cd55934c67735731d9683e762902ff4d23fad1f410c0bb,3,1419447,0,-132175,better,better,False
R210,solomon_txt,4e5772f109fb6183e6a648d6a1edaba3435438c2dc11c42da370fecf7bdf3a14,2,1,ok,True,3,1384931,1384.931,0.257104,0.500538,1,time_limit,solomon_exact_1000_v1,,,,,,0.5,,,,25,a5385b24e1b1e895647141e361fbfd125f69b22b8101a03a5bf03d0a059bf87a,False,python,18b60bd1f8a3f3a3299830e92120a9841e4fb04a4b6fc31094cbf2c6e0a24ff8,604462f386c003e397cd55934c67735731d9683e762902ff4d23fad1f410c0bb,3,1384931,0,0,tie,tie,False
R210,solomon_txt,4e5772f109fb6183e6a648d6a1edaba3435438c2dc11c42da370fecf7bdf3a14,2,1,ok,True,3,1322380,1322.38,0.253264,0.500879,1,time_limit,solomon_exact_1000_v1,,,,,,0.5,,,,25,a5385b24e1b1e895647141e361fbfd125f69b22b8101a03a5bf03d0a059bf87a,False,native,e430e84b5044a1954983f6d380c1155f165e447205dd568d22a78596fa5f0602,604462f386c003e397cd55934c67735731d9683e762902ff4d23fad1f410c0bb,3,1384931,0,-62551,better,better,False
R211,solomon_txt,2965507e467a2f92acd59035975910e36ae11e4f49590d4c7d20a883939227ad,0,1,ok,True,3,1489654,1489.654,0.270493,0.500542,1,time_limit,solomon_exact_1000_v1,,,,,,0.5,,,,25,a5385b24e1b1e895647141e361fbfd125f69b22b8101a03a5bf03d0a059bf87a,False,python,18b60bd1f8a3f3a3299830e92120a9841e4fb04a4b6fc31094cbf2c6e0a24ff8,604462f386c003e397cd55934c67735731d9683e762902ff4d23fad1f410c0bb,3,1489654,0,0,tie,tie,False
R211,solomon_txt,2965507e467a2f92acd59035975910e36ae11e4f49590d4c7d20a883939227ad,0,1,ok,True,3,1336823,1336.823,0.271313,0.500532,1,time_limit,solomon_exact_1000_v1,,,,,,0.5,,,,25,a5385b24e1b1e895647141e361fbfd125f69b22b8101a03a5bf03d0a059bf87a,False,native,e430e84b5044a1954983f6d380c1155f165e447205dd568d22a78596fa5f0602,604462f386c003e397cd55934c67735731d9683e762902ff4d23fad1f410c0bb,3,1489654,0,-152831,better,better,False
R211,solomon_txt,2965507e467a2f92acd59035975910e36ae11e4f49590d4c7d20a883939227ad,1,1,ok,True,3,1498457,1498.457,0.331148,0.500547,1,time_limit,solomon_exact_1000_v1,,,,,,0.5,,,,25,a5385b24e1b1e895647141e361fbfd125f69b22b8101a03a5bf03d0a059bf87a,False,python,18b60bd1f8a3f3a3299830e92120a9841e4fb04a4b6fc31094cbf2c6e0a24ff8,604462f386c003e397cd55934c67735731d9683e762902ff4d23fad1f410c0bb,3,1498457,0,0,tie,tie,False
R211,solomon_txt,2965507e467a2f92acd59035975910e36ae11e4f49590d4c7d20a883939227ad,1,1,ok,True,3,1432147,1432.147,0.327606,0.501394,1,time_limit,solomon_exact_1000_v1,,,,,,0.5,,,,25,a5385b24e1b1e895647141e361fbfd125f69b22b8101a03a5bf03d0a059bf87a,False,native,e430e84b5044a1954983f6d380c1155f165e447205dd568d22a78596fa5f0602,604462f386c003e397cd55934c67735731d9683e762902ff4d23fad1f410c0bb,3,1498457,0,-66310,better,better,False
R211,solomon_txt,2965507e467a2f92acd59035975910e36ae11e4f49590d4c7d20a883939227ad,2,1,ok,True,3,1473662,1473.662,0.309388,0.500531,1,time_limit,solomon_exact_1000_v1,,,,,,0.5,,,,25,a5385b24e1b1e895647141e361fbfd125f69b22b8101a03a5bf03d0a059bf87a,False,python,18b60bd1f8a3f3a3299830e92120a9841e4fb04a4b6fc31094cbf2c6e0a24ff8,604462f386c003e397cd55934c67735731d9683e762902ff4d23fad1f410c0bb,3,1473662,0,0,tie,tie,False
R211,solomon_txt,2965507e467a2f92acd59035975910e36ae11e4f49590d4c7d20a883939227ad,2,1,ok,True,3,1241900,1241.9,0.312476,0.501239,1,time_limit,solomon_exact_1000_v1,,,,,,0.5,,,,25,a5385b24e1b1e895647141e361fbfd125f69b22b8101a03a5bf03d0a059bf87a,False,native,e430e84b5044a1954983f6d380c1155f165e447205dd568d22a78596fa5f0602,604462f386c003e397cd55934c67735731d9683e762902ff4d23fad1f410c0bb,3,1473662,0,-231762,better,better,False
RC101,solomon_txt,ef6893ffd9746ad96de8e4da6e64e2c4ba6e08a1c7eb9457276a9f1caf01ca12,0,1,ok,True,16,1899579,1899.579,0.083605,0.500652,1,time_limit,solomon_exact_1000_v1,,,,,,0.5,,,,25,a5385b24e1b1e895647141e361fbfd125f69b22b8101a03a5bf03d0a059bf87a,False,python,18b60bd1f8a3f3a3299830e92120a9841e4fb04a4b6fc31094cbf2c6e0a24ff8,604462f386c003e397cd55934c67735731d9683e762902ff4d23fad1f410c0bb,16,1899579,0,0,tie,tie,False
RC101,solomon_txt,ef6893ffd9746ad96de8e4da6e64e2c4ba6e08a1c7eb9457276a9f1caf01ca12,0,1,ok,True,16,1770321,1770.321,0.083651,0.500627,1,time_limit,solomon_exact_1000_v1,,,,,,0.5,,,,25,a5385b24e1b1e895647141e361fbfd125f69b22b8101a03a5bf03d0a059bf87a,False,native,e430e84b5044a1954983f6d380c1155f165e447205dd568d22a78596fa5f0602,604462f386c003e397cd55934c67735731d9683e762902ff4d23fad1f410c0bb,16,1899579,0,-129258,better,better,False
RC101,solomon_txt,ef6893ffd9746ad96de8e4da6e64e2c4ba6e08a1c7eb9457276a9f1caf01ca12,1,1,ok,True,17,2060996,2060.996,0.083377,0.500664,1,time_limit,solomon_exact_1000_v1,,,,,,0.5,,,,25,a5385b24e1b1e895647141e361fbfd125f69b22b8101a03a5bf03d0a059bf87a,False,python,18b60bd1f8a3f3a3299830e92120a9841e4fb04a4b6fc31094cbf2c6e0a24ff8,604462f386c003e397cd55934c67735731d9683e762902ff4d23fad1f410c0bb,17,2060996,0,0,tie,tie,False
RC101,solomon_txt,ef6893ffd9746ad96de8e4da6e64e2c4ba6e08a1c7eb9457276a9f1caf01ca12,1,1,ok,True,17,1817083,1817.083,0.084941,0.500697,1,time_limit,solomon_exact_1000_v1,,,,,,0.5,,,,25,a5385b24e1b1e895647141e361fbfd125f69b22b8101a03a5bf03d0a059bf87a,False,native,e430e84b5044a1954983f6d380c1155f165e447205dd568d22a78596fa5f0602,604462f386c003e397cd55934c67735731d9683e762902ff4d23fad1f410c0bb,17,2060996,0,-243913,better,better,False
RC101,solomon_txt,ef6893ffd9746ad96de8e4da6e64e2c4ba6e08a1c7eb9457276a9f1caf01ca12,2,1,ok,True,16,1884982,1884.982,0.090829,0.500755,1,time_limit,solomon_exact_1000_v1,,,,,,0.5,,,,25,a5385b24e1b1e895647141e361fbfd125f69b22b8101a03a5bf03d0a059bf87a,False,python,18b60bd1f8a3f3a3299830e92120a9841e4fb04a4b6fc31094cbf2c6e0a24ff8,604462f386c003e397cd55934c67735731d9683e762902ff4d23fad1f410c0bb,16,1884982,0,0,tie,tie,False
RC101,solomon_txt,ef6893ffd9746ad96de8e4da6e64e2c4ba6e08a1c7eb9457276a9f1caf01ca12,2,1,ok,True,16,1752460,1752.46,0.094707,0.500373,2,time_limit,solomon_exact_1000_v1,,,,,,0.5,,,,25,a5385b24e1b1e895647141e361fbfd125f69b22b8101a03a5bf03d0a059bf87a,False,native,e430e84b5044a1954983f6d380c1155f165e447205dd568d22a78596fa5f0602,604462f386c003e397cd55934c67735731d9683e762902ff4d23fad1f410c0bb,16,1884982,0,-132522,better,better,False
RC102,solomon_txt,36acd349d34a577c7fadd61f78517c2cb74bd06a490273800c288f341e5785a4,0,1,ok,True,15,1685931,1685.931,0.097727,0.500669,1,time_limit,solomon_exact_1000_v1,,,,,,0.5,,,,25,a5385b24e1b1e895647141e361fbfd125f69b22b8101a03a5bf03d0a059bf87a,False,python,18b60bd1f8a3f3a3299830e92120a9841e4fb04a4b6fc31094cbf2c6e0a24ff8,604462f386c003e397cd55934c67735731d9683e762902ff4d23fad1f410c0bb,15,1685931,0,0,tie,tie,False
RC102,solomon_txt,36acd349d34a577c7fadd61f78517c2cb74bd06a490273800c288f341e5785a4,0,1,ok,True,15,1563276,1563.276,0.138522,0.500655,1,time_limit,solomon_exact_1000_v1,,,,,,0.5,,,,25,a5385b24e1b1e895647141e361fbfd125f69b22b8101a03a5bf03d0a059bf87a,False,native,e430e84b5044a1954983f6d380c1155f165e447205dd568d22a78596fa5f0602,604462f386c003e397cd55934c67735731d9683e762902ff4d23fad1f410c0bb,15,1685931,0,-122655,better,better,False
RC102,solomon_txt,36acd349d34a577c7fadd61f78517c2cb74bd06a490273800c288f341e5785a4,1,1,ok,True,14,1735806,1735.806,0.089489,0.501132,2,time_limit,solomon_exact_1000_v1,,,,,,0.5,,,,25,a5385b24e1b1e895647141e361fbfd125f69b22b8101a03a5bf03d0a059bf87a,False,python,18b60bd1f8a3f3a3299830e92120a9841e4fb04a4b6fc31094cbf2c6e0a24ff8,604462f386c003e397cd55934c67735731d9683e762902ff4d23fad1f410c0bb,14,1735806,0,0,tie,tie,False
RC102,solomon_txt,36acd349d34a577c7fadd61f78517c2cb74bd06a490273800c288f341e5785a4,1,1,ok,True,14,1584395,1584.395,0.145947,0.500646,2,time_limit,solomon_exact_1000_v1,,,,,,0.5,,,,25,a5385b24e1b1e895647141e361fbfd125f69b22b8101a03a5bf03d0a059bf87a,False,native,e430e84b5044a1954983f6d380c1155f165e447205dd568d22a78596fa5f0602,604462f386c003e397cd55934c67735731d9683e762902ff4d23fad1f410c0bb,14,1735806,0,-151411,better,better,False
RC102,solomon_txt,36acd349d34a577c7fadd61f78517c2cb74bd06a490273800c288f341e5785a4,2,1,ok,True,14,1703870,1703.87,0.086901,0.50116,1,time_limit,solomon_exact_1000_v1,,,,,,0.5,,,,25,a5385b24e1b1e895647141e361fbfd125f69b22b8101a03a5bf03d0a059bf87a,False,python,18b60bd1f8a3f3a3299830e92120a9841e4fb04a4b6fc31094cbf2c6e0a24ff8,604462f386c003e397cd55934c67735731d9683e762902ff4d23fad1f410c0bb,14,1703870,0,0,tie,tie,False
RC102,solomon_txt,36acd349d34a577c7fadd61f78517c2cb74bd06a490273800c288f341e5785a4,2,1,ok,True,14,1585716,1585.716,0.087014,0.500652,1,time_limit,solomon_exact_1000_v1,,,,,,0.5,,,,25,a5385b24e1b1e895647141e361fbfd125f69b22b8101a03a5bf03d0a059bf87a,False,native,e430e84b5044a1954983f6d380c1155f165e447205dd568d22a78596fa5f0602,604462f386c003e397cd55934c67735731d9683e762902ff4d23fad1f410c0bb,14,1703870,0,-118154,better,better,False
RC103,solomon_txt,00f384138274d5d2bff5c41601db17cc4ad0cfc6315c27e223d4477bf435cc2d,0,1,ok,True,12,1682708,1682.708,0.102958,0.500593,1,time_limit,solomon_exact_1000_v1,,,,,,0.5,,,,25,a5385b24e1b1e895647141e361fbfd125f69b22b8101a03a5bf03d0a059bf87a,False,python,18b60bd1f8a3f3a3299830e92120a9841e4fb04a4b6fc31094cbf2c6e0a24ff8,604462f386c003e397cd55934c67735731d9683e762902ff4d23fad1f410c0bb,12,1682708,0,0,tie,tie,False
RC103,solomon_txt,00f384138274d5d2bff5c41601db17cc4ad0cfc6315c27e223d4477bf435cc2d,0,1,ok,True,12,1497381,1497.381,0.114938,0.50095,1,time_limit,solomon_exact_1000_v1,,,,,,0.5,,,,25,a5385b24e1b1e895647141e361fbfd125f69b22b8101a03a5bf03d0a059bf87a,False,native,e430e84b5044a1954983f6d380c1155f165e447205dd568d22a78596fa5f0602,604462f386c003e397cd55934c67735731d9683e762902ff4d23fad1f410c0bb,12,1682708,0,-185327,better,better,False
RC103,solomon_txt,00f384138274d5d2bff5c41601db17cc4ad0cfc6315c27e223d4477bf435cc2d,1,1,ok,True,12,1660460,1660.46,0.104606,0.500606,1,time_limit,solomon_exact_1000_v1,,,,,,0.5,,,,25,a5385b24e1b1e895647141e361fbfd125f69b22b8101a03a5bf03d0a059bf87a,False,python,18b60bd1f8a3f3a3299830e92120a9841e4fb04a4b6fc31094cbf2c6e0a24ff8,604462f386c003e397cd55934c67735731d9683e762902ff4d23fad1f410c0bb,12,1660460,0,0,tie,tie,False
RC103,solomon_txt,00f384138274d5d2bff5c41601db17cc4ad0cfc6315c27e223d4477bf435cc2d,1,1,ok,True,12,1526991,1526.991,0.110604,0.501062,1,time_limit,solomon_exact_1000_v1,,,,,,0.5,,,,25,a5385b24e1b1e895647141e361fbfd125f69b22b8101a03a5bf03d0a059bf87a,False,native,e430e84b5044a1954983f6d380c1155f165e447205dd568d22a78596fa5f0602,604462f386c003e397cd55934c67735731d9683e762902ff4d23fad1f410c0bb,12,1660460,0,-133469,better,better,False
RC103,solomon_txt,00f384138274d5d2bff5c41601db17cc4ad0cfc6315c27e223d4477bf435cc2d,2,1,ok,True,13,1871938,1871.938,0.106098,0.50063,1,time_limit,solomon_exact_1000_v1,,,,,,0.5,,,,25,a5385b24e1b1e895647141e361fbfd125f69b22b8101a03a5bf03d0a059bf87a,False,python,18b60bd1f8a3f3a3299830e92120a9841e4fb04a4b6fc31094cbf2c6e0a24ff8,604462f386c003e397cd55934c67735731d9683e762902ff4d23fad1f410c0bb,13,1871938,0,0,tie,tie,False
RC103,solomon_txt,00f384138274d5d2bff5c41601db17cc4ad0cfc6315c27e223d4477bf435cc2d,2,1,ok,True,13,1506563,1506.563,0.099089,0.500702,1,time_limit,solomon_exact_1000_v1,,,,,,0.5,,,,25,a5385b24e1b1e895647141e361fbfd125f69b22b8101a03a5bf03d0a059bf87a,False,native,e430e84b5044a1954983f6d380c1155f165e447205dd568d22a78596fa5f0602,604462f386c003e397cd55934c67735731d9683e762902ff4d23fad1f410c0bb,13,1871938,0,-365375,better,better,False
RC104,solomon_txt,d150b2d61049a488fb89a2320c197d81a7ef9a1864abbbaea1d13a2b451253ee,0,1,ok,True,12,1507686,1507.686,0.10119,0.500598,1,time_limit,solomon_exact_1000_v1,,,,,,0.5,,,,25,a5385b24e1b1e895647141e361fbfd125f69b22b8101a03a5bf03d0a059bf87a,False,python,18b60bd1f8a3f3a3299830e92120a9841e4fb04a4b6fc31094cbf2c6e0a24ff8,604462f386c003e397cd55934c67735731d9683e762902ff4d23fad1f410c0bb,12,1507686,0,0,tie,tie,False
RC104,solomon_txt,d150b2d61049a488fb89a2320c197d81a7ef9a1864abbbaea1d13a2b451253ee,0,1,ok,True,12,1346359,1346.359,0.10661,0.500609,1,time_limit,solomon_exact_1000_v1,,,,,,0.5,,,,25,a5385b24e1b1e895647141e361fbfd125f69b22b8101a03a5bf03d0a059bf87a,False,native,e430e84b5044a1954983f6d380c1155f165e447205dd568d22a78596fa5f0602,604462f386c003e397cd55934c67735731d9683e762902ff4d23fad1f410c0bb,12,1507686,0,-161327,better,better,False
RC104,solomon_txt,d150b2d61049a488fb89a2320c197d81a7ef9a1864abbbaea1d13a2b451253ee,1,1,ok,True,11,1520018,1520.018,0.100159,0.500624,1,time_limit,solomon_exact_1000_v1,,,,,,0.5,,,,25,a5385b24e1b1e895647141e361fbfd125f69b22b8101a03a5bf03d0a059bf87a,False,python,18b60bd1f8a3f3a3299830e92120a9841e4fb04a4b6fc31094cbf2c6e0a24ff8,604462f386c003e397cd55934c67735731d9683e762902ff4d23fad1f410c0bb,11,1520018,0,0,tie,tie,False
RC104,solomon_txt,d150b2d61049a488fb89a2320c197d81a7ef9a1864abbbaea1d13a2b451253ee,1,1,ok,True,11,1284243,1284.243,0.104202,0.500641,1,time_limit,solomon_exact_1000_v1,,,,,,0.5,,,,25,a5385b24e1b1e895647141e361fbfd125f69b22b8101a03a5bf03d0a059bf87a,False,native,e430e84b5044a1954983f6d380c1155f165e447205dd568d22a78596fa5f0602,604462f386c003e397cd55934c67735731d9683e762902ff4d23fad1f410c0bb,11,1520018,0,-235775,better,better,False
RC104,solomon_txt,d150b2d61049a488fb89a2320c197d81a7ef9a1864abbbaea1d13a2b451253ee,2,1,ok,True,11,1270268,1270.268,0.101714,0.50061,1,time_limit,solomon_exact_1000_v1,,,,,,0.5,,,,25,a5385b24e1b1e895647141e361fbfd125f69b22b8101a03a5bf03d0a059bf87a,False,python,18b60bd1f8a3f3a3299830e92120a9841e4fb04a4b6fc31094cbf2c6e0a24ff8,604462f386c003e397cd55934c67735731d9683e762902ff4d23fad1f410c0bb,11,1270268,0,0,tie,tie,False
RC104,solomon_txt,d150b2d61049a488fb89a2320c197d81a7ef9a1864abbbaea1d13a2b451253ee,2,1,ok,True,11,1223226,1223.226,0.099968,0.500709,1,time_limit,solomon_exact_1000_v1,,,,,,0.5,,,,25,a5385b24e1b1e895647141e361fbfd125f69b22b8101a03a5bf03d0a059bf87a,False,native,e430e84b5044a1954983f6d380c1155f165e447205dd568d22a78596fa5f0602,604462f386c003e397cd55934c67735731d9683e762902ff4d23fad1f410c0bb,11,1270268,0,-47042,better,better,False
RC105,solomon_txt,b9e912625c1ed80d2f565e0799ade2f4b17bf4f95056322ca23f1a21b37e7a49,0,1,ok,True,14,1934928,1934.928,0.086752,0.500607,1,time_limit,solomon_exact_1000_v1,,,,,,0.5,,,,25,a5385b24e1b1e895647141e361fbfd125f69b22b8101a03a5bf03d0a059bf87a,False,python,18b60bd1f8a3f3a3299830e92120a9841e4fb04a4b6fc31094cbf2c6e0a24ff8,604462f386c003e397cd55934c67735731d9683e762902ff4d23fad1f410c0bb,14,1934928,0,0,tie,tie,False
RC105,solomon_txt,b9e912625c1ed80d2f565e0799ade2f4b17bf4f95056322ca23f1a21b37e7a49,0,1,ok,True,14,1756742,1756.742,0.086898,0.500608,1,time_limit,solomon_exact_1000_v1,,,,,,0.5,,,,25,a5385b24e1b1e895647141e361fbfd125f69b22b8101a03a5bf03d0a059bf87a,False,native,e430e84b5044a1954983f6d380c1155f165e447205dd568d22a78596fa5f0602,604462f386c003e397cd55934c67735731d9683e762902ff4d23fad1f410c0bb,14,1934928,0,-178186,better,better,False
RC105,solomon_txt,b9e912625c1ed80d2f565e0799ade2f4b17bf4f95056322ca23f1a21b37e7a49,1,1,ok,True,15,2021705,2021.705,0.086224,0.50069,1,time_limit,solomon_exact_1000_v1,,,,,,0.5,,,,25,a5385b24e1b1e895647141e361fbfd125f69b22b8101a03a5bf03d0a059bf87a,False,python,18b60bd1f8a3f3a3299830e92120a9841e4fb04a4b6fc31094cbf2c6e0a24ff8,604462f386c003e397cd55934c67735731d9683e762902ff4d23fad1f410c0bb,15,2021705,0,0,tie,tie,False
RC105,solomon_txt,b9e912625c1ed80d2f565e0799ade2f4b17bf4f95056322ca23f1a21b37e7a49,1,1,ok,True,15,1856727,1856.727,0.086751,0.500609,1,time_limit,solomon_exact_1000_v1,,,,,,0.5,,,,25,a5385b24e1b1e895647141e361fbfd125f69b22b8101a03a5bf03d0a059bf87a,False,native,e430e84b5044a1954983f6d380c1155f165e447205dd568d22a78596fa5f0602,604462f386c003e397cd55934c67735731d9683e762902ff4d23fad1f410c0bb,15,2021705,0,-164978,better,better,False
RC105,solomon_txt,b9e912625c1ed80d2f565e0799ade2f4b17bf4f95056322ca23f1a21b37e7a49,2,1,ok,True,15,1842110,1842.11,0.086665,0.500623,1,time_limit,solomon_exact_1000_v1,,,,,,0.5,,,,25,a5385b24e1b1e895647141e361fbfd125f69b22b8101a03a5bf03d0a059bf87a,False,python,18b60bd1f8a3f3a3299830e92120a9841e4fb04a4b6fc31094cbf2c6e0a24ff8,604462f386c003e397cd55934c67735731d9683e762902ff4d23fad1f410c0bb,15,1842110,0,0,tie,tie,False
RC105,solomon_txt,b9e912625c1ed80d2f565e0799ade2f4b17bf4f95056322ca23f1a21b37e7a49,2,1,ok,True,15,1713429,1713.429,0.089895,0.500906,1,time_limit,solomon_exact_1000_v1,,,,,,0.5,,,,25,a5385b24e1b1e895647141e361fbfd125f69b22b8101a03a5bf03d0a059bf87a,False,native,e430e84b5044a1954983f6d380c1155f165e447205dd568d22a78596fa5f0602,604462f386c003e397cd55934c67735731d9683e762902ff4d23fad1f410c0bb,15,1842110,0,-128681,better,better,False
RC106,solomon_txt,bf016ffc567af2d108570357daf1d0cabb7f680c0bd977d2e4366787683fdbaf,0,1,ok,True,14,1673306,1673.306,0.085764,0.500616,1,time_limit,solomon_exact_1000_v1,,,,,,0.5,,,,25,a5385b24e1b1e895647141e361fbfd125f69b22b8101a03a5bf03d0a059bf87a,False,python,18b60bd1f8a3f3a3299830e92120a9841e4fb04a4b6fc31094cbf2c6e0a24ff8,604462f386c003e397cd55934c67735731d9683e762902ff4d23fad1f410c0bb,14,1673306,0,0,tie,tie,False
RC106,solomon_txt,bf016ffc567af2d108570357daf1d0cabb7f680c0bd977d2e4366787683fdbaf,0,1,ok,True,14,1591736,1591.736,0.08614,0.500999,2,time_limit,solomon_exact_1000_v1,,,,,,0.5,,,,25,a5385b24e1b1e895647141e361fbfd125f69b22b8101a03a5bf03d0a059bf87a,False,native,e430e84b5044a1954983f6d380c1155f165e447205dd568d22a78596fa5f0602,604462f386c003e397cd55934c67735731d9683e762902ff4d23fad1f410c0bb,14,1673306,0,-81570,better,better,False
RC106,solomon_txt,bf016ffc567af2d108570357daf1d0cabb7f680c0bd977d2e4366787683fdbaf,1,1,ok,True,13,1663140,1663.14,0.08464,0.500659,1,time_limit,solomon_exact_1000_v1,,,,,,0.5,,,,25,a5385b24e1b1e895647141e361fbfd125f69b22b8101a03a5bf03d0a059bf87a,False,python,18b60bd1f8a3f3a3299830e92120a9841e4fb04a4b6fc31094cbf2c6e0a24ff8,604462f386c003e397cd55934c67735731d9683e762902ff4d23fad1f410c0bb,13,1663140,0,0,tie,tie,False
RC106,solomon_txt,bf016ffc567af2d108570357daf1d0cabb7f680c0bd977d2e4366787683fdbaf,1,1,ok,True,13,1438237,1438.237,0.088529,0.500592,1,time_limit,solomon_exact_1000_v1,,,,,,0.5,,,,25,a5385b24e1b1e895647141e361fbfd125f69b22b8101a03a5bf03d0a059bf87a,False,native,e430e84b5044a1954983f6d380c1155f165e447205dd568d22a78596fa5f0602,604462f386c003e397cd55934c67735731d9683e762902ff4d23fad1f410c0bb,13,1663140,0,-224903,better,better,False
RC106,solomon_txt,bf016ffc567af2d108570357daf1d0cabb7f680c0bd977d2e4366787683fdbaf,2,1,ok,True,14,1733174,1733.174,0.084618,0.500612,1,time_limit,solomon_exact_1000_v1,,,,,,0.5,,,,25,a5385b24e1b1e895647141e361fbfd125f69b22b8101a03a5bf03d0a059bf87a,False,python,18b60bd1f8a3f3a3299830e92120a9841e4fb04a4b6fc31094cbf2c6e0a24ff8,604462f386c003e397cd55934c67735731d9683e762902ff4d23fad1f410c0bb,14,1733174,0,0,tie,tie,False
RC106,solomon_txt,bf016ffc567af2d108570357daf1d0cabb7f680c0bd977d2e4366787683fdbaf,2,1,ok,True,14,1475465,1475.465,0.084341,0.500923,1,time_limit,solomon_exact_1000_v1,,,,,,0.5,,,,25,a5385b24e1b1e895647141e361fbfd125f69b22b8101a03a5bf03d0a059bf87a,False,native,e430e84b5044a1954983f6d380c1155f165e447205dd568d22a78596fa5f0602,604462f386c003e397cd55934c67735731d9683e762902ff4d23fad1f410c0bb,14,1733174,0,-257709,better,better,False
RC107,solomon_txt,fff3fd68d110671ed442575f07cc547291586f30b00c5f73934d521d31311582,0,1,ok,True,13,1601101,1601.101,0.091525,0.500618,1,time_limit,solomon_exact_1000_v1,,,,,,0.5,,,,25,a5385b24e1b1e895647141e361fbfd125f69b22b8101a03a5bf03d0a059bf87a,False,python,18b60bd1f8a3f3a3299830e92120a9841e4fb04a4b6fc31094cbf2c6e0a24ff8,604462f386c003e397cd55934c67735731d9683e762902ff4d23fad1f410c0bb,13,1601101,0,0,tie,tie,False
RC107,solomon_txt,fff3fd68d110671ed442575f07cc547291586f30b00c5f73934d521d31311582,0,1,ok,True,13,1453083,1453.083,0.091856,0.501206,1,time_limit,solomon_exact_1000_v1,,,,,,0.5,,,,25,a5385b24e1b1e895647141e361fbfd125f69b22b8101a03a5bf03d0a059bf87a,False,native,e430e84b5044a1954983f6d380c1155f165e447205dd568d22a78596fa5f0602,604462f386c003e397cd55934c67735731d9683e762902ff4d23fad1f410c0bb,13,1601101,0,-148018,better,better,False
RC107,solomon_txt,fff3fd68d110671ed442575f07cc547291586f30b00c5f73934d521d31311582,1,1,ok,True,13,1850106,1850.106,0.090888,0.500644,1,time_limit,solomon_exact_1000_v1,,,,,,0.5,,,,25,a5385b24e1b1e895647141e361fbfd125f69b22b8101a03a5bf03d0a059bf87a,False,python,18b60bd1f8a3f3a3299830e92120a9841e4fb04a4b6fc31094cbf2c6e0a24ff8,604462f386c003e397cd55934c67735731d9683e762902ff4d23fad1f410c0bb,13,1850106,0,0,tie,tie,False
RC107,solomon_txt,fff3fd68d110671ed442575f07cc547291586f30b00c5f73934d521d31311582,1,1,ok,True,13,1548142,1548.142,0.09114,0.500633,1,time_limit,solomon_exact_1000_v1,,,,,,0.5,,,,25,a5385b24e1b1e895647141e361fbfd125f69b22b8101a03a5bf03d0a059bf87a,False,native,e430e84b5044a1954983f6d380c1155f165e447205dd568d22a78596fa5f0602,604462f386c003e397cd55934c67735731d9683e762902ff4d23fad1f410c0bb,13,1850106,0,-301964,better,better,False
RC107,solomon_txt,fff3fd68d110671ed442575f07cc547291586f30b00c5f73934d521d31311582,2,1,ok,True,13,1760129,1760.129,0.089614,0.500627,1,time_limit,solomon_exact_1000_v1,,,,,,0.5,,,,25,a5385b24e1b1e895647141e361fbfd125f69b22b8101a03a5bf03d0a059bf87a,False,python,18b60bd1f8a3f3a3299830e92120a9841e4fb04a4b6fc31094cbf2c6e0a24ff8,604462f386c003e397cd55934c67735731d9683e762902ff4d23fad1f410c0bb,13,1760129,0,0,tie,tie,False
RC107,solomon_txt,fff3fd68d110671ed442575f07cc547291586f30b00c5f73934d521d31311582,2,1,ok,True,13,1463768,1463.768,0.090791,0.500683,1,time_limit,solomon_exact_1000_v1,,,,,,0.5,,,,25,a5385b24e1b1e895647141e361fbfd125f69b22b8101a03a5bf03d0a059bf87a,False,native,e430e84b5044a1954983f6d380c1155f165e447205dd568d22a78596fa5f0602,604462f386c003e397cd55934c67735731d9683e762902ff4d23fad1f410c0bb,13,1760129,0,-296361,better,better,False
RC108,solomon_txt,006bc8817bf09f9a8c66af8d6f088bdec239b2eb435556e9d11193cf456f7aeb,0,1,ok,True,12,1538262,1538.262,0.094369,0.50062,1,time_limit,solomon_exact_1000_v1,,,,,,0.5,,,,25,a5385b24e1b1e895647141e361fbfd125f69b22b8101a03a5bf03d0a059bf87a,False,python,18b60bd1f8a3f3a3299830e92120a9841e4fb04a4b6fc31094cbf2c6e0a24ff8,604462f386c003e397cd55934c67735731d9683e762902ff4d23fad1f410c0bb,12,1538262,0,0,tie,tie,False
RC108,solomon_txt,006bc8817bf09f9a8c66af8d6f088bdec239b2eb435556e9d11193cf456f7aeb,0,1,ok,True,12,1323933,1323.933,0.093937,0.500643,1,time_limit,solomon_exact_1000_v1,,,,,,0.5,,,,25,a5385b24e1b1e895647141e361fbfd125f69b22b8101a03a5bf03d0a059bf87a,False,native,e430e84b5044a1954983f6d380c1155f165e447205dd568d22a78596fa5f0602,604462f386c003e397cd55934c67735731d9683e762902ff4d23fad1f410c0bb,12,1538262,0,-214329,better,better,False
RC108,solomon_txt,006bc8817bf09f9a8c66af8d6f088bdec239b2eb435556e9d11193cf456f7aeb,1,1,ok,True,12,1493081,1493.081,0.094407,0.500726,1,time_limit,solomon_exact_1000_v1,,,,,,0.5,,,,25,a5385b24e1b1e895647141e361fbfd125f69b22b8101a03a5bf03d0a059bf87a,False,python,18b60bd1f8a3f3a3299830e92120a9841e4fb04a4b6fc31094cbf2c6e0a24ff8,604462f386c003e397cd55934c67735731d9683e762902ff4d23fad1f410c0bb,12,1493081,0,0,tie,tie,False
RC108,solomon_txt,006bc8817bf09f9a8c66af8d6f088bdec239b2eb435556e9d11193cf456f7aeb,1,1,ok,True,12,1310032,1310.032,0.09511,0.500661,1,time_limit,solomon_exact_1000_v1,,,,,,0.5,,,,25,a5385b24e1b1e895647141e361fbfd125f69b22b8101a03a5bf03d0a059bf87a,False,native,e430e84b5044a1954983f6d380c1155f165e447205dd568d22a78596fa5f0602,604462f386c003e397cd55934c67735731d9683e762902ff4d23fad1f410c0bb,12,1493081,0,-183049,better,better,False
RC108,solomon_txt,006bc8817bf09f9a8c66af8d6f088bdec239b2eb435556e9d11193cf456f7aeb,2,1,ok,True,12,1527133,1527.133,0.093711,0.500632,1,time_limit,solomon_exact_1000_v1,,,,,,0.5,,,,25,a5385b24e1b1e895647141e361fbfd125f69b22b8101a03a5bf03d0a059bf87a,False,python,18b60bd1f8a3f3a3299830e92120a9841e4fb04a4b6fc31094cbf2c6e0a24ff8,604462f386c003e397cd55934c67735731d9683e762902ff4d23fad1f410c0bb,12,1527133,0,0,tie,tie,False
RC108,solomon_txt,006bc8817bf09f9a8c66af8d6f088bdec239b2eb435556e9d11193cf456f7aeb,2,1,ok,True,12,1303842,1303.842,0.092447,0.500653,1,time_limit,solomon_exact_1000_v1,,,,,,0.5,,,,25,a5385b24e1b1e895647141e361fbfd125f69b22b8101a03a5bf03d0a059bf87a,False,native,e430e84b5044a1954983f6d380c1155f165e447205dd568d22a78596fa5f0602,604462f386c003e397cd55934c67735731d9683e762902ff4d23fad1f410c0bb,12,1527133,0,-223291,better,better,False
RC201,solomon_txt,288836e2d8c2ace83ebbff77e03ac8cdffc574fc134cade21ef92713f8c52d44,0,1,ok,True,5,2278396,2278.396,0.189474,0.500631,1,time_limit,solomon_exact_1000_v1,,,,,,0.5,,,,25,a5385b24e1b1e895647141e361fbfd125f69b22b8101a03a5bf03d0a059bf87a,False,python,18b60bd1f8a3f3a3299830e92120a9841e4fb04a4b6fc31094cbf2c6e0a24ff8,604462f386c003e397cd55934c67735731d9683e762902ff4d23fad1f410c0bb,5,2278396,0,0,tie,tie,False
RC201,solomon_txt,288836e2d8c2ace83ebbff77e03ac8cdffc574fc134cade21ef92713f8c52d44,0,1,ok,True,5,1603057,1603.057,0.191162,0.501109,1,time_limit,solomon_exact_1000_v1,,,,,,0.5,,,,25,a5385b24e1b1e895647141e361fbfd125f69b22b8101a03a5bf03d0a059bf87a,False,native,e430e84b5044a1954983f6d380c1155f165e447205dd568d22a78596fa5f0602,604462f386c003e397cd55934c67735731d9683e762902ff4d23fad1f410c0bb,5,2278396,0,-675339,better,better,False
RC201,solomon_txt,288836e2d8c2ace83ebbff77e03ac8cdffc574fc134cade21ef92713f8c52d44,1,1,ok,True,5,2259122,2259.122,0.196764,0.500608,1,time_limit,solomon_exact_1000_v1,,,,,,0.5,,,,25,a5385b24e1b1e895647141e361fbfd125f69b22b8101a03a5bf03d0a059bf87a,False,python,18b60bd1f8a3f3a3299830e92120a9841e4fb04a4b6fc31094cbf2c6e0a24ff8,604462f386c003e397cd55934c67735731d9683e762902ff4d23fad1f410c0bb,5,2259122,0,0,tie,tie,False
RC201,solomon_txt,288836e2d8c2ace83ebbff77e03ac8cdffc574fc134cade21ef92713f8c52d44,1,1,ok,True,5,1712132,1712.132,0.186638,0.5007,1,time_limit,solomon_exact_1000_v1,,,,,,0.5,,,,25,a5385b24e1b1e895647141e361fbfd125f69b22b8101a03a5bf03d0a059bf87a,False,native,e430e84b5044a1954983f6d380c1155f165e447205dd568d22a78596fa5f0602,604462f386c003e397cd55934c67735731d9683e762902ff4d23fad1f410c0bb,5,2259122,0,-546990,better,better,False
RC201,solomon_txt,288836e2d8c2ace83ebbff77e03ac8cdffc574fc134cade21ef92713f8c52d44,2,1,ok,True,5,2349098,2349.098,0.190678,0.500459,1,time_limit,solomon_exact_1000_v1,,,,,,0.5,,,,25,a5385b24e1b1e895647141e361fbfd125f69b22b8101a03a5bf03d0a059bf87a,False,python,18b60bd1f8a3f3a3299830e92120a9841e4fb04a4b6fc31094cbf2c6e0a24ff8,604462f386c003e397cd55934c67735731d9683e762902ff4d23fad1f410c0bb,5,2349098,0,0,tie,tie,False
RC201,solomon_txt,288836e2d8c2ace83ebbff77e03ac8cdffc574fc134cade21ef92713f8c52d44,2,1,ok,True,5,1842567,1842.567,0.185368,0.500663,1,time_limit,solomon_exact_1000_v1,,,,,,0.5,,,,25,a5385b24e1b1e895647141e361fbfd125f69b22b8101a03a5bf03d0a059bf87a,False,native,e430e84b5044a1954983f6d380c1155f165e447205dd568d22a78596fa5f0602,604462f386c003e397cd55934c67735731d9683e762902ff4d23fad1f410c0bb,5,2349098,0,-506531,better,better,False
RC202,solomon_txt,5a1dee2017ab0ca4fe280b392678c96e8b5bc71f22d02c8058fbde7c4cfebcf4,0,1,ok,True,4,1871964,1871.964,0.182555,0.500619,1,time_limit,solomon_exact_1000_v1,,,,,,0.5,,,,25,a5385b24e1b1e895647141e361fbfd125f69b22b8101a03a5bf03d0a059bf87a,False,python,18b60bd1f8a3f3a3299830e92120a9841e4fb04a4b6fc31094cbf2c6e0a24ff8,604462f386c003e397cd55934c67735731d9683e762902ff4d23fad1f410c0bb,4,1871964,0,0,tie,tie,False
RC202,solomon_txt,5a1dee2017ab0ca4fe280b392678c96e8b5bc71f22d02c8058fbde7c4cfebcf4,0,1,ok,True,4,1538693,1538.693,0.179226,0.500754,1,time_limit,solomon_exact_1000_v1,,,,,,0.5,,,,25,a5385b24e1b1e895647141e361fbfd125f69b22b8101a03a5bf03d0a059bf87a,False,native,e430e84b5044a1954983f6d380c1155f165e447205dd568d22a78596fa5f0602,604462f386c003e397cd55934c67735731d9683e762902ff4d23fad1f410c0bb,4,1871964,0,-333271,better,better,False
RC202,solomon_txt,5a1dee2017ab0ca4fe280b392678c96e8b5bc71f22d02c8058fbde7c4cfebcf4,1,1,ok,True,4,1769124,1769.124,0.174862,0.500535,1,time_limit,solomon_exact_1000_v1,,,,,,0.5,,,,25,a5385b24e1b1e895647141e361fbfd125f69b22b8101a03a5bf03d0a059bf87a,False,python,18b60bd1f8a3f3a3299830e92120a9841e4fb04a4b6fc31094cbf2c6e0a24ff8,604462f386c003e397cd55934c67735731d9683e762902ff4d23fad1f410c0bb,4,1769124,0,0,tie,tie,False
RC202,solomon_txt,5a1dee2017ab0ca4fe280b392678c96e8b5bc71f22d02c8058fbde7c4cfebcf4,1,1,ok,True,4,1481152,1481.152,0.176372,0.500651,1,time_limit,solomon_exact_1000_v1,,,,,,0.5,,,,25,a5385b24e1b1e895647141e361fbfd125f69b22b8101a03a5bf03d0a059bf87a,False,native,e430e84b5044a1954983f6d380c1155f165e447205dd568d22a78596fa5f0602,604462f386c003e397cd55934c67735731d9683e762902ff4d23fad1f410c0bb,4,1769124,0,-287972,better,better,False
RC202,solomon_txt,5a1dee2017ab0ca4fe280b392678c96e8b5bc71f22d02c8058fbde7c4cfebcf4,2,1,ok,True,4,1594337,1594.337,0.181381,0.500555,1,time_limit,solomon_exact_1000_v1,,,,,,0.5,,,,25,a5385b24e1b1e895647141e361fbfd125f69b22b8101a03a5bf03d0a059bf87a,False,python,18b60bd1f8a3f3a3299830e92120a9841e4fb04a4b6fc31094cbf2c6e0a24ff8,604462f386c003e397cd55934c67735731d9683e762902ff4d23fad1f410c0bb,4,1594337,0,0,tie,tie,False
RC202,solomon_txt,5a1dee2017ab0ca4fe280b392678c96e8b5bc71f22d02c8058fbde7c4cfebcf4,2,1,ok,True,4,1374225,1374.225,0.181322,0.500671,1,time_limit,solomon_exact_1000_v1,,,,,,0.5,,,,25,a5385b24e1b1e895647141e361fbfd125f69b22b8101a03a5bf03d0a059bf87a,False,native,e430e84b5044a1954983f6d380c1155f165e447205dd568d22a78596fa5f0602,604462f386c003e397cd55934c67735731d9683e762902ff4d23fad1f410c0bb,4,1594337,0,-220112,better,better,False
RC203,solomon_txt,4adcb362c23df91f14b828d4964e9383ffb02ee74217afc2d84571f83ed91f8b,0,1,ok,True,3,1200980,1200.98,0.189297,0.500549,1,time_limit,solomon_exact_1000_v1,,,,,,0.5,,,,25,a5385b24e1b1e895647141e361fbfd125f69b22b8101a03a5bf03d0a059bf87a,False,python,18b60bd1f8a3f3a3299830e92120a9841e4fb04a4b6fc31094cbf2c6e0a24ff8,604462f386c003e397cd55934c67735731d9683e762902ff4d23fad1f410c0bb,3,1200980,0,0,tie,tie,False
RC203,solomon_txt,4adcb362c23df91f14b828d4964e9383ffb02ee74217afc2d84571f83ed91f8b,0,1,ok,True,3,1166438,1166.438,0.185378,0.500582,1,time_limit,solomon_exact_1000_v1,,,,,,0.5,,,,25,a5385b24e1b1e895647141e361fbfd125f69b22b8101a03a5bf03d0a059bf87a,False,native,e430e84b5044a1954983f6d380c1155f165e447205dd568d22a78596fa5f0602,604462f386c003e397cd55934c67735731d9683e762902ff4d23fad1f410c0bb,3,1200980,0,-34542,better,better,False
RC203,solomon_txt,4adcb362c23df91f14b828d4964e9383ffb02ee74217afc2d84571f83ed91f8b,1,1,ok,True,3,1520254,1520.254,0.201392,0.500551,1,time_limit,solomon_exact_1000_v1,,,,,,0.5,,,,25,a5385b24e1b1e895647141e361fbfd125f69b22b8101a03a5bf03d0a059bf87a,False,python,18b60bd1f8a3f3a3299830e92120a9841e4fb04a4b6fc31094cbf2c6e0a24ff8,604462f386c003e397cd55934c67735731d9683e762902ff4d23fad1f410c0bb,3,1520254,0,0,tie,tie,False
RC203,solomon_txt,4adcb362c23df91f14b828d4964e9383ffb02ee74217afc2d84571f83ed91f8b,1,1,ok,True,3,1459580,1459.58,0.184983,0.500747,1,time_limit,solomon_exact_1000_v1,,,,,,0.5,,,,25,a5385b24e1b1e895647141e361fbfd125f69b22b8101a03a5bf03d0a059bf87a,False,native,e430e84b5044a1954983f6d380c1155f165e447205dd568d22a78596fa5f0602,604462f386c003e397cd55934c67735731d9683e762902ff4d23fad1f410c0bb,3,1520254,0,-60674,better,better,False
RC203,solomon_txt,4adcb362c23df91f14b828d4964e9383ffb02ee74217afc2d84571f83ed91f8b,2,1,ok,True,3,1486304,1486.304,0.184717,0.500561,2,time_limit,solomon_exact_1000_v1,,,,,,0.5,,,,25,a5385b24e1b1e895647141e361fbfd125f69b22b8101a03a5bf03d0a059bf87a,False,python,18b60bd1f8a3f3a3299830e92120a9841e4fb04a4b6fc31094cbf2c6e0a24ff8,604462f386c003e397cd55934c67735731d9683e762902ff4d23fad1f410c0bb,3,1486304,0,0,tie,tie,False
RC203,solomon_txt,4adcb362c23df91f14b828d4964e9383ffb02ee74217afc2d84571f83ed91f8b,2,1,ok,True,3,1418550,1418.55,0.185012,0.500699,2,time_limit,solomon_exact_1000_v1,,,,,,0.5,,,,25,a5385b24e1b1e895647141e361fbfd125f69b22b8101a03a5bf03d0a059bf87a,False,native,e430e84b5044a1954983f6d380c1155f165e447205dd568d22a78596fa5f0602,604462f386c003e397cd55934c67735731d9683e762902ff4d23fad1f410c0bb,3,1486304,0,-67754,better,better,False
RC204,solomon_txt,11e827eab51a959ebab66344e7b7cfd1aeed895287653b36a72c86a4440ecd77,0,1,ok,True,3,1500593,1500.593,0.282011,0.500586,1,time_limit,solomon_exact_1000_v1,,,,,,0.5,,,,25,a5385b24e1b1e895647141e361fbfd125f69b22b8101a03a5bf03d0a059bf87a,False,python,18b60bd1f8a3f3a3299830e92120a9841e4fb04a4b6fc31094cbf2c6e0a24ff8,604462f386c003e397cd55934c67735731d9683e762902ff4d23fad1f410c0bb,3,1500593,0,0,tie,tie,False
RC204,solomon_txt,11e827eab51a959ebab66344e7b7cfd1aeed895287653b36a72c86a4440ecd77,0,1,ok,True,3,1305311,1305.311,0.286327,0.50071,1,time_limit,solomon_exact_1000_v1,,,,,,0.5,,,,25,a5385b24e1b1e895647141e361fbfd125f69b22b8101a03a5bf03d0a059bf87a,False,native,e430e84b5044a1954983f6d380c1155f165e447205dd568d22a78596fa5f0602,604462f386c003e397cd55934c67735731d9683e762902ff4d23fad1f410c0bb,3,1500593,0,-195282,better,better,False
RC204,solomon_txt,11e827eab51a959ebab66344e7b7cfd1aeed895287653b36a72c86a4440ecd77,1,1,ok,True,3,1481586,1481.586,0.276541,0.500568,1,time_limit,solomon_exact_1000_v1,,,,,,0.5,,,,25,a5385b24e1b1e895647141e361fbfd125f69b22b8101a03a5bf03d0a059bf87a,False,python,18b60bd1f8a3f3a3299830e92120a9841e4fb04a4b6fc31094cbf2c6e0a24ff8,604462f386c003e397cd55934c67735731d9683e762902ff4d23fad1f410c0bb,3,1481586,0,0,tie,tie,False
RC204,solomon_txt,11e827eab51a959ebab66344e7b7cfd1aeed895287653b36a72c86a4440ecd77,1,1,ok,True,3,1247918,1247.918,0.276648,0.500548,1,time_limit,solomon_exact_1000_v1,,,,,,0.5,,,,25,a5385b24e1b1e895647141e361fbfd125f69b22b8101a03a5bf03d0a059bf87a,False,native,e430e84b5044a1954983f6d380c1155f165e447205dd568d22a78596fa5f0602,604462f386c003e397cd55934c67735731d9683e762902ff4d23fad1f410c0bb,3,1481586,0,-233668,better,better,False
RC204,solomon_txt,11e827eab51a959ebab66344e7b7cfd1aeed895287653b36a72c86a4440ecd77,2,1,ok,True,3,1495152,1495.152,0.27674,0.500721,1,time_limit,solomon_exact_1000_v1,,,,,,0.5,,,,25,a5385b24e1b1e895647141e361fbfd125f69b22b8101a03a5bf03d0a059bf87a,False,python,18b60bd1f8a3f3a3299830e92120a9841e4fb04a4b6fc31094cbf2c6e0a24ff8,604462f386c003e397cd55934c67735731d9683e762902ff4d23fad1f410c0bb,3,1495152,0,0,tie,tie,False
RC204,solomon_txt,11e827eab51a959ebab66344e7b7cfd1aeed895287653b36a72c86a4440ecd77,2,1,ok,True,3,1218711,1218.711,0.276375,0.500568,1,time_limit,solomon_exact_1000_v1,,,,,,0.5,,,,25,a5385b24e1b1e895647141e361fbfd125f69b22b8101a03a5bf03d0a059bf87a,False,native,e430e84b5044a1954983f6d380c1155f165e447205dd568d22a78596fa5f0602,604462f386c003e397cd55934c67735731d9683e762902ff4d23fad1f410c0bb,3,1495152,0,-276441,better,better,False
RC205,solomon_txt,c061d306cf42310b0f3ca15612089f6c5a8d5604c0733bf26852477c787662c9,0,1,ok,True,4,1940024,1940.024,0.20362,0.500587,1,time_limit,solomon_exact_1000_v1,,,,,,0.5,,,,25,a5385b24e1b1e895647141e361fbfd125f69b22b8101a03a5bf03d0a059bf87a,False,python,18b60bd1f8a3f3a3299830e92120a9841e4fb04a4b6fc31094cbf2c6e0a24ff8,604462f386c003e397cd55934c67735731d9683e762902ff4d23fad1f410c0bb,4,1940024,0,0,tie,tie,False
RC205,solomon_txt,c061d306cf42310b0f3ca15612089f6c5a8d5604c0733bf26852477c787662c9,0,1,ok,True,4,1762311,1762.311,0.207977,0.500424,1,time_limit,solomon_exact_1000_v1,,,,,,0.5,,,,25,a5385b24e1b1e895647141e361fbfd125f69b22b8101a03a5bf03d0a059bf87a,False,native,e430e84b5044a1954983f6d380c1155f165e447205dd568d22a78596fa5f0602,604462f386c003e397cd55934c67735731d9683e762902ff4d23fad1f410c0bb,4,1940024,0,-177713,better,better,False
RC205,solomon_txt,c061d306cf42310b0f3ca15612089f6c5a8d5604c0733bf26852477c787662c9,1,1,ok,True,4,1978122,1978.122,0.201116,0.500554,1,time_limit,solomon_exact_1000_v1,,,,,,0.5,,,,25,a5385b24e1b1e895647141e361fbfd125f69b22b8101a03a5bf03d0a059bf87a,False,python,18b60bd1f8a3f3a3299830e92120a9841e4fb04a4b6fc31094cbf2c6e0a24ff8,604462f386c003e397cd55934c67735731d9683e762902ff4d23fad1f410c0bb,4,1978122,0,0,tie,tie,False
RC205,solomon_txt,c061d306cf42310b0f3ca15612089f6c5a8d5604c0733bf26852477c787662c9,1,1,ok,True,4,1646827,1646.827,0.206367,0.500748,1,time_limit,solomon_exact_1000_v1,,,,,,0.5,,,,25,a5385b24e1b1e895647141e361fbfd125f69b22b8101a03a5bf03d0a059bf87a,False,native,e430e84b5044a1954983f6d380c1155f165e447205dd568d22a78596fa5f0602,604462f386c003e397cd55934c67735731d9683e762902ff4d23fad1f410c0bb,4,1978122,0,-331295,better,better,False
RC205,solomon_txt,c061d306cf42310b0f3ca15612089f6c5a8d5604c0733bf26852477c787662c9,2,1,ok,True,4,2004423,2004.423,0.223569,0.500591,1,time_limit,solomon_exact_1000_v1,,,,,,0.5,,,,25,a5385b24e1b1e895647141e361fbfd125f69b22b8101a03a5bf03d0a059bf87a,False,python,18b60bd1f8a3f3a3299830e92120a9841e4fb04a4b6fc31094cbf2c6e0a24ff8,604462f386c003e397cd55934c67735731d9683e762902ff4d23fad1f410c0bb,4,2004423,0,0,tie,tie,False
RC205,solomon_txt,c061d306cf42310b0f3ca15612089f6c5a8d5604c0733bf26852477c787662c9,2,1,ok,True,4,1747109,1747.109,0.218964,0.500573,1,time_limit,solomon_exact_1000_v1,,,,,,0.5,,,,25,a5385b24e1b1e895647141e361fbfd125f69b22b8101a03a5bf03d0a059bf87a,False,native,e430e84b5044a1954983f6d380c1155f165e447205dd568d22a78596fa5f0602,604462f386c003e397cd55934c67735731d9683e762902ff4d23fad1f410c0bb,4,2004423,0,-257314,better,better,False
RC206,solomon_txt,5203aecf67c84df49e152645312a837ffefde529314ff892ca061538816e43a9,0,1,ok,True,4,2048613,2048.613,0.213857,0.501258,1,time_limit,solomon_exact_1000_v1,,,,,,0.5,,,,25,a5385b24e1b1e895647141e361fbfd125f69b22b8101a03a5bf03d0a059bf87a,False,python,18b60bd1f8a3f3a3299830e92120a9841e4fb04a4b6fc31094cbf2c6e0a24ff8,604462f386c003e397cd55934c67735731d9683e762902ff4d23fad1f410c0bb,4,2048613,0,0,tie,tie,False
RC206,solomon_txt,5203aecf67c84df49e152645312a837ffefde529314ff892ca061538816e43a9,0,1,ok,True,4,1587189,1587.189,0.212932,0.500601,1,time_limit,solomon_exact_1000_v1,,,,,,0.5,,,,25,a5385b24e1b1e895647141e361fbfd125f69b22b8101a03a5bf03d0a059bf87a,False,native,e430e84b5044a1954983f6d380c1155f165e447205dd568d22a78596fa5f0602,604462f386c003e397cd55934c67735731d9683e762902ff4d23fad1f410c0bb,4,2048613,0,-461424,better,better,False
RC206,solomon_txt,5203aecf67c84df49e152645312a837ffefde529314ff892ca061538816e43a9,1,1,ok,True,4,1755982,1755.982,0.209316,0.500929,1,time_limit,solomon_exact_1000_v1,,,,,,0.5,,,,25,a5385b24e1b1e895647141e361fbfd125f69b22b8101a03a5bf03d0a059bf87a,False,python,18b60bd1f8a3f3a3299830e92120a9841e4fb04a4b6fc31094cbf2c6e0a24ff8,604462f386c003e397cd55934c67735731d9683e762902ff4d23fad1f410c0bb,4,1755982,0,0,tie,tie,False
RC206,solomon_txt,5203aecf67c84df49e152645312a837ffefde529314ff892ca061538816e43a9,1,1,ok,True,4,1461247,1461.247,0.197887,0.500568,1,time_limit,solomon_exact_1000_v1,,,,,,0.5,,,,25,a5385b24e1b1e895647141e361fbfd125f69b22b8101a03a5bf03d0a059bf87a,False,native,e430e84b5044a1954983f6d380c1155f165e447205dd568d22a78596fa5f0602,604462f386c003e397cd55934c67735731d9683e762902ff4d23fad1f410c0bb,4,1755982,0,-294735,better,better,False
RC206,solomon_txt,5203aecf67c84df49e152645312a837ffefde529314ff892ca061538816e43a9,2,1,ok,True,4,1597686,1597.686,0.198245,0.500583,1,time_limit,solomon_exact_1000_v1,,,,,,0.5,,,,25,a5385b24e1b1e895647141e361fbfd125f69b22b8101a03a5bf03d0a059bf87a,False,python,18b60bd1f8a3f3a3299830e92120a9841e4fb04a4b6fc31094cbf2c6e0a24ff8,604462f386c003e397cd55934c67735731d9683e762902ff4d23fad1f410c0bb,4,1597686,0,0,tie,tie,False
RC206,solomon_txt,5203aecf67c84df49e152645312a837ffefde529314ff892ca061538816e43a9,2,1,ok,True,4,1403933,1403.933,0.205116,0.500607,1,time_limit,solomon_exact_1000_v1,,,,,,0.5,,,,25,a5385b24e1b1e895647141e361fbfd125f69b22b8101a03a5bf03d0a059bf87a,False,native,e430e84b5044a1954983f6d380c1155f165e447205dd568d22a78596fa5f0602,604462f386c003e397cd55934c67735731d9683e762902ff4d23fad1f410c0bb,4,1597686,0,-193753,better,better,False
RC207,solomon_txt,5cab65f99b350cdb8fb1c4d0a12dde85eb4ff6a6d6daf292b182cb73de9a8b63,0,1,ok,True,4,1814966,1814.966,0.219536,0.500606,1,time_limit,solomon_exact_1000_v1,,,,,,0.5,,,,25,a5385b24e1b1e895647141e361fbfd125f69b22b8101a03a5bf03d0a059bf87a,False,python,18b60bd1f8a3f3a3299830e92120a9841e4fb04a4b6fc31094cbf2c6e0a24ff8,604462f386c003e397cd55934c67735731d9683e762902ff4d23fad1f410c0bb,4,1814966,0,0,tie,tie,False
RC207,solomon_txt,5cab65f99b350cdb8fb1c4d0a12dde85eb4ff6a6d6daf292b182cb73de9a8b63,0,1,ok,True,4,1471396,1471.396,0.224709,0.500552,1,time_limit,solomon_exact_1000_v1,,,,,,0.5,,,,25,a5385b24e1b1e895647141e361fbfd125f69b22b8101a03a5bf03d0a059bf87a,False,native,e430e84b5044a1954983f6d380c1155f165e447205dd568d22a78596fa5f0602,604462f386c003e397cd55934c67735731d9683e762902ff4d23fad1f410c0bb,4,1814966,0,-343570,better,better,False
RC207,solomon_txt,5cab65f99b350cdb8fb1c4d0a12dde85eb4ff6a6d6daf292b182cb73de9a8b63,1,1,ok,True,4,1833523,1833.523,0.222262,0.500571,1,time_limit,solomon_exact_1000_v1,,,,,,0.5,,,,25,a5385b24e1b1e895647141e361fbfd125f69b22b8101a03a5bf03d0a059bf87a,False,python,18b60bd1f8a3f3a3299830e92120a9841e4fb04a4b6fc31094cbf2c6e0a24ff8,604462f386c003e397cd55934c67735731d9683e762902ff4d23fad1f410c0bb,4,1833523,0,0,tie,tie,False
RC207,solomon_txt,5cab65f99b350cdb8fb1c4d0a12dde85eb4ff6a6d6daf292b182cb73de9a8b63,1,1,ok,True,4,1424962,1424.962,0.219874,0.500612,1,time_limit,solomon_exact_1000_v1,,,,,,0.5,,,,25,a5385b24e1b1e895647141e361fbfd125f69b22b8101a03a5bf03d0a059bf87a,False,native,e430e84b5044a1954983f6d380c1155f165e447205dd568d22a78596fa5f0602,604462f386c003e397cd55934c67735731d9683e762902ff4d23fad1f410c0bb,4,1833523,0,-408561,better,better,False
RC207,solomon_txt,5cab65f99b350cdb8fb1c4d0a12dde85eb4ff6a6d6daf292b182cb73de9a8b63,2,1,ok,True,4,1830147,1830.147,0.227944,0.500648,1,time_limit,solomon_exact_1000_v1,,,,,,0.5,,,,25,a5385b24e1b1e895647141e361fbfd125f69b22b8101a03a5bf03d0a059bf87a,False,python,18b60bd1f8a3f3a3299830e92120a9841e4fb04a4b6fc31094cbf2c6e0a24ff8,604462f386c003e397cd55934c67735731d9683e762902ff4d23fad1f410c0bb,4,1830147,0,0,tie,tie,False
RC207,solomon_txt,5cab65f99b350cdb8fb1c4d0a12dde85eb4ff6a6d6daf292b182cb73de9a8b63,2,1,ok,True,4,1457459,1457.459,0.220496,0.500649,1,time_limit,solomon_exact_1000_v1,,,,,,0.5,,,,25,a5385b24e1b1e895647141e361fbfd125f69b22b8101a03a5bf03d0a059bf87a,False,native,e430e84b5044a1954983f6d380c1155f165e447205dd568d22a78596fa5f0602,604462f386c003e397cd55934c67735731d9683e762902ff4d23fad1f410c0bb,4,1830147,0,-372688,better,better,False
RC208,solomon_txt,3d67d2a8e2758a324643f5d6c6ca87e8c56435273eaa04be33f213bb991f1f28,0,1,ok,True,3,1361325,1361.325,0.250412,0.500576,1,time_limit,solomon_exact_1000_v1,,,,,,0.5,,,,25,a5385b24e1b1e895647141e361fbfd125f69b22b8101a03a5bf03d0a059bf87a,False,python,18b60bd1f8a3f3a3299830e92120a9841e4fb04a4b6fc31094cbf2c6e0a24ff8,604462f386c003e397cd55934c67735731d9683e762902ff4d23fad1f410c0bb,3,1361325,0,0,tie,tie,False
RC208,solomon_txt,3d67d2a8e2758a324643f5d6c6ca87e8c56435273eaa04be33f213bb991f1f28,0,1,ok,True,3,1232740,1232.74,0.261713,0.501293,1,time_limit,solomon_exact_1000_v1,,,,,,0.5,,,,25,a5385b24e1b1e895647141e361fbfd125f69b22b8101a03a5bf03d0a059bf87a,False,native,e430e84b5044a1954983f6d380c1155f165e447205dd568d22a78596fa5f0602,604462f386c003e397cd55934c67735731d9683e762902ff4d23fad1f410c0bb,3,1361325,0,-128585,better,better,False
RC208,solomon_txt,3d67d2a8e2758a324643f5d6c6ca87e8c56435273eaa04be33f213bb991f1f28,1,1,ok,True,4,1831124,1831.124,0.254232,0.500563,1,time_limit,solomon_exact_1000_v1,,,,,,0.5,,,,25,a5385b24e1b1e895647141e361fbfd125f69b22b8101a03a5bf03d0a059bf87a,False,python,18b60bd1f8a3f3a3299830e92120a9841e4fb04a4b6fc31094cbf2c6e0a24ff8,604462f386c003e397cd55934c67735731d9683e762902ff4d23fad1f410c0bb,4,1831124,0,0,tie,tie,False
RC208,solomon_txt,3d67d2a8e2758a324643f5d6c6ca87e8c56435273eaa04be33f213bb991f1f28,1,1,ok,True,4,1264792,1264.792,0.235447,0.500549,1,time_limit,solomon_exact_1000_v1,,,,,,0.5,,,,25,a5385b24e1b1e895647141e361fbfd125f69b22b8101a03a5bf03d0a059bf87a,False,native,e430e84b5044a1954983f6d380c1155f165e447205dd568d22a78596fa5f0602,604462f386c003e397cd55934c67735731d9683e762902ff4d23fad1f410c0bb,4,1831124,0,-566332,better,better,False
RC208,solomon_txt,3d67d2a8e2758a324643f5d6c6ca87e8c56435273eaa04be33f213bb991f1f28,2,1,ok,True,3,1511914,1511.914,0.220566,0.500566,1,time_limit,solomon_exact_1000_v1,,,,,,0.5,,,,25,a5385b24e1b1e895647141e361fbfd125f69b22b8101a03a5bf03d0a059bf87a,False,python,18b60bd1f8a3f3a3299830e92120a9841e4fb04a4b6fc31094cbf2c6e0a24ff8,604462f386c003e397cd55934c67735731d9683e762902ff4d23fad1f410c0bb,3,1511914,0,0,tie,tie,False
RC208,solomon_txt,3d67d2a8e2758a324643f5d6c6ca87e8c56435273eaa04be33f213bb991f1f28,2,1,ok,True,3,1244387,1244.387,0.220755,0.500586,1,time_limit,solomon_exact_1000_v1,,,,,,0.5,,,,25,a5385b24e1b1e895647141e361fbfd125f69b22b8101a03a5bf03d0a059bf87a,False,native,e430e84b5044a1954983f6d380c1155f165e447205dd568d22a78596fa5f0602,604462f386c003e397cd55934c67735731d9683e762902ff4d23fad1f410c0bb,3,1511914,0,-267527,better,better,False
