instance,input_format,input_sha256,seed,threads,status,feasible,vehicles,distance_ticks,distance,first_feasible_seconds,runtime_seconds,iterations,stop_reason,numeric_rule,reference_status,reference_vehicles,reference_distance,distance_gap_percent,error,time_limit_seconds,max_iterations,fleet_attempts_per_k,max_moves,vehicle_limit,code_sha256,diagnostics_enabled,variant,config_sha256
C101,solomon_txt,a6da75152d182d60ecd2c6f854296f5be452f92282d096adebcf5d99a7f16516,0,1,ok,True,11,1015038,1015.038,0.074585,0.500564,0,time_limit,solomon_exact_1000_v1,different_vehicles,10,828.94,,,0.5,,100,2,25,fb89464a08a8315316a993462b898339a1874a83f2825c9a1b6ff87072390d28,False,baseline,94584996df0a3595e0aecc2e477200b9fac89aecf145f121af818315d48d5bd7
C101,solomon_txt,a6da75152d182d60ecd2c6f854296f5be452f92282d096adebcf5d99a7f16516,1,1,ok,True,10,828937,828.937,0.071983,0.500454,1,time_limit,solomon_exact_1000_v1,same_vehicles,10,828.94,-0.0004,,0.5,,100,2,25,fb89464a08a8315316a993462b898339a1874a83f2825c9a1b6ff87072390d28,False,baseline,94584996df0a3595e0aecc2e477200b9fac89aecf145f121af818315d48d5bd7
C101,solomon_txt,a6da75152d182d60ecd2c6f854296f5be452f92282d096adebcf5d99a7f16516,2,1,ok,True,10,828937,828.937,0.070137,0.500481,1,time_limit,solomon_exact_1000_v1,same_vehicles,10,828.94,-0.0004,,0.5,,100,2,25,fb89464a08a8315316a993462b898339a1874a83f2825c9a1b6ff87072390d28,False,baseline,94584996df0a3595e0aecc2e477200b9fac89aecf145f121af818315d48d5bd7
C102,solomon_txt,f89a0e2a760cc7448a4ca72b88e5b29b94d64b5548f3320f42a6230025ead653,0,1,ok,True,10,1258253,1258.253,0.076764,0.500779,2,time_limit,solomon_exact_1000_v1,same_vehicles,10,828.94,51.7906,,0.5,,100,2,25,fb89464a08a8315316a993462b898339a1874a83f2825c9a1b6ff87072390d28,False,baseline,94584996df0a3595e0aecc2e477200b9fac89aecf145f121af818315d48d5bd7
C102,solomon_txt,f89a0e2a760cc7448a4ca72b88e5b29b94d64b5548f3320f42a6230025ead653,1,1,ok,True,10,1187893,1187.893,0.071981,0.500444,4,time_limit,solomon_exact_1000_v1,same_vehicles,10,828.94,43.3027,,0.5,,100,2,25,fb89464a08a8315316a993462b898339a1874a83f2825c9a1b6ff87072390d28,False,baseline,94584996df0a3595e0aecc2e477200b9fac89aecf145f121af818315d48d5bd7
C102,solomon_txt,f89a0e2a760cc7448a4ca72b88e5b29b94d64b5548f3320f42a6230025ead653,2,1,ok,True,10,1258253,1258.253,0.070482,0.500452,2,time_limit,solomon_exact_1000_v1,same_vehicles,10,828.94,51.7906,,0.5,,100,2,25,fb89464a08a8315316a993462b898339a1874a83f2825c9a1b6ff87072390d28,False,baseline,94584996df0a3595e0aecc2e477200b9fac89aecf145f121af818315d48d5bd7
C103,solomon_txt,a55cabf15e0da9d65696a5fb45c9852889479893f76f772a428ca15d1b415a51,0,1,ok,True,10,1809960,1809.96,0.082914,0.500469,2,time_limit,solomon_exact_1000_v1,same_vehicles,10,828.06,118.5784,,0.5,,100,2,25,fb89464a08a8315316a993462b898339a1874a83f2825c9a1b6ff87072390d28,False,baseline,94584996df0a3595e0aecc2e477200b9fac89aecf145f121af818315d48d5bd7
C103,solomon_txt,a55cabf15e0da9d65696a5fb45c9852889479893f76f772a428ca15d1b415a51,1,1,ok,True,10,1812148,1812.148,0.091535,0.50051,5,time_limit,solomon_exact_1000_v1,same_vehicles,10,828.06,118.8426,,0.5,,100,2,25,fb89464a08a8315316a993462b898339a1874a83f2825c9a1b6ff87072390d28,False,baseline,94584996df0a3595e0aecc2e477200b9fac89aecf145f121af818315d48d5bd7
C103,solomon_txt,a55cabf15e0da9d65696a5fb45c9852889479893f76f772a428ca15d1b415a51,2,1,ok,True,10,1821945,1821.945,0.083938,0.500557,4,time_limit,solomon_exact_1000_v1,same_vehicles,10,828.06,120.0257,,0.5,,100,2,25,fb89464a08a8315316a993462b898339a1874a83f2825c9a1b6ff87072390d28,False,baseline,94584996df0a3595e0aecc2e477200b9fac89aecf145f121af818315d48d5bd7
C104,solomon_txt,fe333e81625ee5a75bb2ce98c2c9f356d07289237865b62a23ba2f32f0de5ee2,0,1,ok,True,10,1877310,1877.31,0.124881,0.50084,3,time_limit,solomon_exact_1000_v1,same_vehicles,10,824.78,127.6134,,0.5,,100,2,25,fb89464a08a8315316a993462b898339a1874a83f2825c9a1b6ff87072390d28,False,baseline,94584996df0a3595e0aecc2e477200b9fac89aecf145f121af818315d48d5bd7
C104,solomon_txt,fe333e81625ee5a75bb2ce98c2c9f356d07289237865b62a23ba2f32f0de5ee2,1,1,ok,True,10,1948625,1948.625,0.130858,0.500628,3,time_limit,solomon_exact_1000_v1,same_vehicles,10,824.78,136.26,,0.5,,100,2,25,fb89464a08a8315316a993462b898339a1874a83f2825c9a1b6ff87072390d28,False,baseline,94584996df0a3595e0aecc2e477200b9fac89aecf145f121af818315d48d5bd7
C104,solomon_txt,fe333e81625ee5a75bb2ce98c2c9f356d07289237865b62a23ba2f32f0de5ee2,2,1,ok,True,10,1894399,1894.399,0.124811,0.500598,3,time_limit,solomon_exact_1000_v1,same_vehicles,10,824.78,129.6854,,0.5,,100,2,25,fb89464a08a8315316a993462b898339a1874a83f2825c9a1b6ff87072390d28,False,baseline,94584996df0a3595e0aecc2e477200b9fac89aecf145f121af818315d48d5bd7
C105,solomon_txt,9a877a3a6fb922e7ad9297cc0308bc8a5652cb1495a0228ee6b81b2d938aa29f,0,1,ok,True,11,1244285,1244.285,0.100066,0.500608,0,time_limit,solomon_exact_1000_v1,different_vehicles,10,828.94,,,0.5,,100,2,25,fb89464a08a8315316a993462b898339a1874a83f2825c9a1b6ff87072390d28,False,baseline,94584996df0a3595e0aecc2e477200b9fac89aecf145f121af818315d48d5bd7
C105,solomon_txt,9a877a3a6fb922e7ad9297cc0308bc8a5652cb1495a0228ee6b81b2d938aa29f,1,1,ok,True,10,1039051,1039.051,0.11526,0.500578,1,time_limit,solomon_exact_1000_v1,same_vehicles,10,828.94,25.3469,,0.5,,100,2,25,fb89464a08a8315316a993462b898339a1874a83f2825c9a1b6ff87072390d28,False,baseline,94584996df0a3595e0aecc2e477200b9fac89aecf145f121af818315d48d5bd7
C105,solomon_txt,9a877a3a6fb922e7ad9297cc0308bc8a5652cb1495a0228ee6b81b2d938aa29f,2,1,ok,True,10,1066901,1066.901,0.100968,0.500792,1,time_limit,solomon_exact_1000_v1,same_vehicles,10,828.94,28.7067,,0.5,,100,2,25,fb89464a08a8315316a993462b898339a1874a83f2825c9a1b6ff87072390d28,False,baseline,94584996df0a3595e0aecc2e477200b9fac89aecf145f121af818315d48d5bd7
C106,solomon_txt,ec9b419bed53e9c607cce76e8c6bc59feb6e4d17646905601f008a4141ec7b40,0,1,ok,True,11,1084360,1084.36,0.095816,0.500595,0,time_limit,solomon_exact_1000_v1,different_vehicles,10,828.94,,,0.5,,100,2,25,fb89464a08a8315316a993462b898339a1874a83f2825c9a1b6ff87072390d28,False,baseline,94584996df0a3595e0aecc2e477200b9fac89aecf145f121af818315d48d5bd7
C106,solomon_txt,ec9b419bed53e9c607cce76e8c6bc59feb6e4d17646905601f008a4141ec7b40,1,1,ok,True,10,1100696,1100.696,0.104561,0.500697,1,time_limit,solomon_exact_1000_v1,same_vehicles,10,828.94,32.7836,,0.5,,100,2,25,fb89464a08a8315316a993462b898339a1874a83f2825c9a1b6ff87072390d28,False,baseline,94584996df0a3595e0aecc2e477200b9fac89aecf145f121af818315d48d5bd7
C106,solomon_txt,ec9b419bed53e9c607cce76e8c6bc59feb6e4d17646905601f008a4141ec7b40,2,1,ok,True,10,1084912,1084.912,0.099584,0.500582,1,time_limit,solomon_exact_1000_v1,same_vehicles,10,828.94,30.8794,,0.5,,100,2,25,fb89464a08a8315316a993462b898339a1874a83f2825c9a1b6ff87072390d28,False,baseline,94584996df0a3595e0aecc2e477200b9fac89aecf145f121af818315d48d5bd7
C107,solomon_txt,cb3cdc10d812fa17370eb52cb753b6b0574426dc6fabeb8b9076ed750ddf05ca,0,1,ok,True,10,1037431,1037.431,0.10298,0.500671,1,time_limit,solomon_exact_1000_v1,same_vehicles,10,828.06,25.2845,,0.5,,100,2,25,fb89464a08a8315316a993462b898339a1874a83f2825c9a1b6ff87072390d28,False,baseline,94584996df0a3595e0aecc2e477200b9fac89aecf145f121af818315d48d5bd7
C107,solomon_txt,cb3cdc10d812fa17370eb52cb753b6b0574426dc6fabeb8b9076ed750ddf05ca,1,1,ok,True,10,1119053,1119.053,0.100882,0.500672,1,time_limit,solomon_exact_1000_v1,same_vehicles,10,828.06,35.1415,,0.5,,100,2,25,fb89464a08a8315316a993462b898339a1874a83f2825c9a1b6ff87072390d28,False,baseline,94584996df0a3595e0aecc2e477200b9fac89aecf145f121af818315d48d5bd7
C107,solomon_txt,cb3cdc10d812fa17370eb52cb753b6b0574426dc6fabeb8b9076ed750ddf05ca,2,1,ok,True,10,1087988,1087.988,0.104146,0.500601,1,time_limit,solomon_exact_1000_v1,same_vehicles,10,828.06,31.39,,0.5,,100,2,25,fb89464a08a8315316a993462b898339a1874a83f2825c9a1b6ff87072390d28,False,baseline,94584996df0a3595e0aecc2e477200b9fac89aecf145f121af818315d48d5bd7
C108,solomon_txt,b8c7e48f292b66b283d8e71511e3a4eccaa4c4bc66b9313c399e73b0226f5953,0,1,ok,True,11,2132182,2132.182,0.096036,0.500572,0,time_limit,solomon_exact_1000_v1,different_vehicles,10,828.94,,,0.5,,100,2,25,fb89464a08a8315316a993462b898339a1874a83f2825c9a1b6ff87072390d28,False,baseline,94584996df0a3595e0aecc2e477200b9fac89aecf145f121af818315d48d5bd7
C108,solomon_txt,b8c7e48f292b66b283d8e71511e3a4eccaa4c4bc66b9313c399e73b0226f5953,1,1,ok,True,10,1562897,1562.897,0.105025,0.500583,2,time_limit,solomon_exact_1000_v1,same_vehicles,10,828.94,88.5416,,0.5,,100,2,25,fb89464a08a8315316a993462b898339a1874a83f2825c9a1b6ff87072390d28,False,baseline,94584996df0a3595e0aecc2e477200b9fac89aecf145f121af818315d48d5bd7
C108,solomon_txt,b8c7e48f292b66b283d8e71511e3a4eccaa4c4bc66b9313c399e73b0226f5953,2,1,ok,True,10,1419591,1419.591,0.104697,0.500642,2,time_limit,solomon_exact_1000_v1,same_vehicles,10,828.94,71.2538,,0.5,,100,2,25,fb89464a08a8315316a993462b898339a1874a83f2825c9a1b6ff87072390d28,False,baseline,94584996df0a3595e0aecc2e477200b9fac89aecf145f121af818315d48d5bd7
C109,solomon_txt,72d8489e14bf1bb18456f0b21b01110506cbcc2354719dae8481b480150f142a,0,1,ok,True,10,1664883,1664.883,0.111253,0.500632,4,time_limit,solomon_exact_1000_v1,same_vehicles,10,828.94,100.8448,,0.5,,100,2,25,fb89464a08a8315316a993462b898339a1874a83f2825c9a1b6ff87072390d28,False,baseline,94584996df0a3595e0aecc2e477200b9fac89aecf145f121af818315d48d5bd7
C109,solomon_txt,72d8489e14bf1bb18456f0b21b01110506cbcc2354719dae8481b480150f142a,1,1,ok,True,10,1613834,1613.834,0.117845,0.500663,4,time_limit,solomon_exact_1000_v1,same_vehicles,10,828.94,94.6865,,0.5,,100,2,25,fb89464a08a8315316a993462b898339a1874a83f2825c9a1b6ff87072390d28,False,baseline,94584996df0a3595e0aecc2e477200b9fac89aecf145f121af818315d48d5bd7
C109,solomon_txt,72d8489e14bf1bb18456f0b21b01110506cbcc2354719dae8481b480150f142a,2,1,ok,True,10,1667547,1667.547,0.107455,0.500704,3,time_limit,solomon_exact_1000_v1,same_vehicles,10,828.94,101.1662,,0.5,,100,2,25,fb89464a08a8315316a993462b898339a1874a83f2825c9a1b6ff87072390d28,False,baseline,94584996df0a3595e0aecc2e477200b9fac89aecf145f121af818315d48d5bd7
C201,solomon_txt,d8d9834087ae2326fa23a8510533060233dc9fb481873be60956eb26a880ad63,0,1,ok,True,3,704252,704.252,0.26286,0.500679,1,time_limit,solomon_exact_1000_v1,same_vehicles,3,591.56,19.05,,0.5,,100,2,25,fb89464a08a8315316a993462b898339a1874a83f2825c9a1b6ff87072390d28,False,baseline,94584996df0a3595e0aecc2e477200b9fac89aecf145f121af818315d48d5bd7
C201,solomon_txt,d8d9834087ae2326fa23a8510533060233dc9fb481873be60956eb26a880ad63,1,1,ok,True,3,704252,704.252,0.276786,0.500592,1,time_limit,solomon_exact_1000_v1,same_vehicles,3,591.56,19.05,,0.5,,100,2,25,fb89464a08a8315316a993462b898339a1874a83f2825c9a1b6ff87072390d28,False,baseline,94584996df0a3595e0aecc2e477200b9fac89aecf145f121af818315d48d5bd7
C201,solomon_txt,d8d9834087ae2326fa23a8510533060233dc9fb481873be60956eb26a880ad63,2,1,ok,True,3,704252,704.252,0.262208,0.500748,1,time_limit,solomon_exact_1000_v1,same_vehicles,3,591.56,19.05,,0.5,,100,2,25,fb89464a08a8315316a993462b898339a1874a83f2825c9a1b6ff87072390d28,False,baseline,94584996df0a3595e0aecc2e477200b9fac89aecf145f121af818315d48d5bd7
C202,solomon_txt,dfc8ecad79f6c7ffb096cd36994143569f0babe284d5ad194683271d81063772,0,1,ok,True,3,749519,749.519,0.25353,0.500557,1,time_limit,solomon_exact_1000_v1,same_vehicles,3,591.56,26.7021,,0.5,,100,2,25,fb89464a08a8315316a993462b898339a1874a83f2825c9a1b6ff87072390d28,False,baseline,94584996df0a3595e0aecc2e477200b9fac89aecf145f121af818315d48d5bd7
C202,solomon_txt,dfc8ecad79f6c7ffb096cd36994143569f0babe284d5ad194683271d81063772,1,1,ok,True,3,746236,746.236,0.257255,0.500625,1,time_limit,solomon_exact_1000_v1,same_vehicles,3,591.56,26.1471,,0.5,,100,2,25,fb89464a08a8315316a993462b898339a1874a83f2825c9a1b6ff87072390d28,False,baseline,94584996df0a3595e0aecc2e477200b9fac89aecf145f121af818315d48d5bd7
C202,solomon_txt,dfc8ecad79f6c7ffb096cd36994143569f0babe284d5ad194683271d81063772,2,1,ok,True,3,746236,746.236,0.296523,0.501386,1,time_limit,solomon_exact_1000_v1,same_vehicles,3,591.56,26.1471,,0.5,,100,2,25,fb89464a08a8315316a993462b898339a1874a83f2825c9a1b6ff87072390d28,False,baseline,94584996df0a3595e0aecc2e477200b9fac89aecf145f121af818315d48d5bd7
C203,solomon_txt,2b79eea2962a848cb29f6153d4fb4ae725d35507686d937da6643b33fcd85062,0,1,ok,True,4,894861,894.861,0.339417,0.500591,0,time_limit,solomon_exact_1000_v1,different_vehicles,3,591.17,,,0.5,,100,2,25,fb89464a08a8315316a993462b898339a1874a83f2825c9a1b6ff87072390d28,False,baseline,94584996df0a3595e0aecc2e477200b9fac89aecf145f121af818315d48d5bd7
C203,solomon_txt,2b79eea2962a848cb29f6153d4fb4ae725d35507686d937da6643b33fcd85062,1,1,ok,True,4,894861,894.861,0.316547,0.500565,0,time_limit,solomon_exact_1000_v1,different_vehicles,3,591.17,,,0.5,,100,2,25,fb89464a08a8315316a993462b898339a1874a83f2825c9a1b6ff87072390d28,False,baseline,94584996df0a3595e0aecc2e477200b9fac89aecf145f121af818315d48d5bd7
C203,solomon_txt,2b79eea2962a848cb29f6153d4fb4ae725d35507686d937da6643b33fcd85062,2,1,ok,True,3,695185,695.185,0.256393,0.500503,1,time_limit,solomon_exact_1000_v1,same_vehicles,3,591.17,17.5948,,0.5,,100,2,25,fb89464a08a8315316a993462b898339a1874a83f2825c9a1b6ff87072390d28,False,baseline,94584996df0a3595e0aecc2e477200b9fac89aecf145f121af818315d48d5bd7
C204,solomon_txt,4331b2744d34e32c2987e3fe8a82b782a2039d757d2aac818f7e0fd21117bfb4,0,1,ok,True,3,965970,965.97,0.26191,0.500316,1,time_limit,solomon_exact_1000_v1,same_vehicles,3,590.6,63.5574,,0.5,,100,2,25,fb89464a08a8315316a993462b898339a1874a83f2825c9a1b6ff87072390d28,False,baseline,94584996df0a3595e0aecc2e477200b9fac89aecf145f121af818315d48d5bd7
C204,solomon_txt,4331b2744d34e32c2987e3fe8a82b782a2039d757d2aac818f7e0fd21117bfb4,1,1,ok,True,3,780549,780.549,0.271746,0.500289,1,time_limit,solomon_exact_1000_v1,same_vehicles,3,590.6,32.162,,0.5,,100,2,25,fb89464a08a8315316a993462b898339a1874a83f2825c9a1b6ff87072390d28,False,baseline,94584996df0a3595e0aecc2e477200b9fac89aecf145f121af818315d48d5bd7
C204,solomon_txt,4331b2744d34e32c2987e3fe8a82b782a2039d757d2aac818f7e0fd21117bfb4,2,1,ok,True,3,743140,743.14,0.275324,0.50029,1,time_limit,solomon_exact_1000_v1,same_vehicles,3,590.6,25.828,,0.5,,100,2,25,fb89464a08a8315316a993462b898339a1874a83f2825c9a1b6ff87072390d28,False,baseline,94584996df0a3595e0aecc2e477200b9fac89aecf145f121af818315d48d5bd7
C205,solomon_txt,15be2bb8c3e4ad99a79d1e7ee0472223feb95a4f423d010e032bda0a87266ca5,0,1,ok,True,4,912158,912.158,0.24526,0.500555,0,time_limit,solomon_exact_1000_v1,different_vehicles,3,588.88,,,0.5,,100,2,25,fb89464a08a8315316a993462b898339a1874a83f2825c9a1b6ff87072390d28,False,baseline,94584996df0a3595e0aecc2e477200b9fac89aecf145f121af818315d48d5bd7
C205,solomon_txt,15be2bb8c3e4ad99a79d1e7ee0472223feb95a4f423d010e032bda0a87266ca5,1,1,ok,True,4,912158,912.158,0.271385,0.500565,0,time_limit,solomon_exact_1000_v1,different_vehicles,3,588.88,,,0.5,,100,2,25,fb89464a08a8315316a993462b898339a1874a83f2825c9a1b6ff87072390d28,False,baseline,94584996df0a3595e0aecc2e477200b9fac89aecf145f121af818315d48d5bd7
C205,solomon_txt,15be2bb8c3e4ad99a79d1e7ee0472223feb95a4f423d010e032bda0a87266ca5,2,1,ok,True,4,912158,912.158,0.24261,0.500563,0,time_limit,solomon_exact_1000_v1,different_vehicles,3,588.88,,,0.5,,100,2,25,fb89464a08a8315316a993462b898339a1874a83f2825c9a1b6ff87072390d28,False,baseline,94584996df0a3595e0aecc2e477200b9fac89aecf145f121af818315d48d5bd7
C206,solomon_txt,745b6c7042707ffbbfc4d681ee02a84431425f1dfb3c8aa85ecf003fec8f7e53,0,1,ok,True,4,1154595,1154.595,0.254135,0.500623,0,time_limit,solomon_exact_1000_v1,different_vehicles,3,588.49,,,0.5,,100,2,25,fb89464a08a8315316a993462b898339a1874a83f2825c9a1b6ff87072390d28,False,baseline,94584996df0a3595e0aecc2e477200b9fac89aecf145f121af818315d48d5bd7
C206,solomon_txt,745b6c7042707ffbbfc4d681ee02a84431425f1dfb3c8aa85ecf003fec8f7e53,1,1,ok,True,4,1154595,1154.595,0.254952,0.500648,0,time_limit,solomon_exact_1000_v1,different_vehicles,3,588.49,,,0.5,,100,2,25,fb89464a08a8315316a993462b898339a1874a83f2825c9a1b6ff87072390d28,False,baseline,94584996df0a3595e0aecc2e477200b9fac89aecf145f121af818315d48d5bd7
C206,solomon_txt,745b6c7042707ffbbfc4d681ee02a84431425f1dfb3c8aa85ecf003fec8f7e53,2,1,ok,True,4,1154595,1154.595,0.252491,0.500618,0,time_limit,solomon_exact_1000_v1,different_vehicles,3,588.49,,,0.5,,100,2,25,fb89464a08a8315316a993462b898339a1874a83f2825c9a1b6ff87072390d28,False,baseline,94584996df0a3595e0aecc2e477200b9fac89aecf145f121af818315d48d5bd7
C207,solomon_txt,a33f03570a944c8a6d185fd6a173e66c68e67c399a4958b2d5b6d49533ace4a4,0,1,ok,True,4,980937,980.937,0.262341,0.500716,0,time_limit,solomon_exact_1000_v1,different_vehicles,3,588.29,,,0.5,,100,2,25,fb89464a08a8315316a993462b898339a1874a83f2825c9a1b6ff87072390d28,False,baseline,94584996df0a3595e0aecc2e477200b9fac89aecf145f121af818315d48d5bd7
C207,solomon_txt,a33f03570a944c8a6d185fd6a173e66c68e67c399a4958b2d5b6d49533ace4a4,1,1,ok,True,4,980937,980.937,0.263002,0.50059,0,time_limit,solomon_exact_1000_v1,different_vehicles,3,588.29,,,0.5,,100,2,25,fb89464a08a8315316a993462b898339a1874a83f2825c9a1b6ff87072390d28,False,baseline,94584996df0a3595e0aecc2e477200b9fac89aecf145f121af818315d48d5bd7
C207,solomon_txt,a33f03570a944c8a6d185fd6a173e66c68e67c399a4958b2d5b6d49533ace4a4,2,1,ok,True,4,980937,980.937,0.265317,0.500584,0,time_limit,solomon_exact_1000_v1,different_vehicles,3,588.29,,,0.5,,100,2,25,fb89464a08a8315316a993462b898339a1874a83f2825c9a1b6ff87072390d28,False,baseline,94584996df0a3595e0aecc2e477200b9fac89aecf145f121af818315d48d5bd7
C208,solomon_txt,1c2f2381b8743680dbeb34322869cbf5a6cdd8c281f4bcffdb99b533e601874b,0,1,ok,True,4,957831,957.831,0.26407,0.500603,0,time_limit,solomon_exact_1000_v1,different_vehicles,3,588.32,,,0.5,,100,2,25,fb89464a08a8315316a993462b898339a1874a83f2825c9a1b6ff87072390d28,False,baseline,94584996df0a3595e0aecc2e477200b9fac89aecf145f121af818315d48d5bd7
C208,solomon_txt,1c2f2381b8743680dbeb34322869cbf5a6cdd8c281f4bcffdb99b533e601874b,1,1,ok,True,4,957831,957.831,0.274092,0.500678,0,time_limit,solomon_exact_1000_v1,different_vehicles,3,588.32,,,0.5,,100,2,25,fb89464a08a8315316a993462b898339a1874a83f2825c9a1b6ff87072390d28,False,baseline,94584996df0a3595e0aecc2e477200b9fac89aecf145f121af818315d48d5bd7
C208,solomon_txt,1c2f2381b8743680dbeb34322869cbf5a6cdd8c281f4bcffdb99b533e601874b,2,1,ok,True,4,957831,957.831,0.27515,0.500567,0,time_limit,solomon_exact_1000_v1,different_vehicles,3,588.32,,,0.5,,100,2,25,fb89464a08a8315316a993462b898339a1874a83f2825c9a1b6ff87072390d28,False,baseline,94584996df0a3595e0aecc2e477200b9fac89aecf145f121af818315d48d5bd7
R101,solomon_txt,3f3655182bc0fe44ce5de65fdcd2ee2f9c7fb9ed055f923635151d9d6f76d3ed,0,1,ok,True,22,1914025,1914.025,0.07556,0.500633,0,time_limit,solomon_exact_1000_v1,missing,,,,,0.5,,100,2,25,fb89464a08a8315316a993462b898339a1874a83f2825c9a1b6ff87072390d28,False,baseline,94584996df0a3595e0aecc2e477200b9fac89aecf145f121af818315d48d5bd7
R101,solomon_txt,3f3655182bc0fe44ce5de65fdcd2ee2f9c7fb9ed055f923635151d9d6f76d3ed,1,1,ok,True,22,1913179,1913.179,0.076381,0.50061,0,time_limit,solomon_exact_1000_v1,missing,,,,,0.5,,100,2,25,fb89464a08a8315316a993462b898339a1874a83f2825c9a1b6ff87072390d28,False,baseline,94584996df0a3595e0aecc2e477200b9fac89aecf145f121af818315d48d5bd7
R101,solomon_txt,3f3655182bc0fe44ce5de65fdcd2ee2f9c7fb9ed055f923635151d9d6f76d3ed,2,1,ok,True,22,1939166,1939.166,0.075027,0.500844,0,time_limit,solomon_exact_1000_v1,missing,,,,,0.5,,100,2,25,fb89464a08a8315316a993462b898339a1874a83f2825c9a1b6ff87072390d28,False,baseline,94584996df0a3595e0aecc2e477200b9fac89aecf145f121af818315d48d5bd7
R102,solomon_txt,eeb23171b7e4fbfc80bf000ca770329109900fbd7273fa8b9d1f95b7dfe683c3,0,1,ok,True,20,1655107,1655.107,0.083169,0.500677,0,time_limit,solomon_exact_1000_v1,missing,,,,,0.5,,100,2,25,fb89464a08a8315316a993462b898339a1874a83f2825c9a1b6ff87072390d28,False,baseline,94584996df0a3595e0aecc2e477200b9fac89aecf145f121af818315d48d5bd7
R102,solomon_txt,eeb23171b7e4fbfc80bf000ca770329109900fbd7273fa8b9d1f95b7dfe683c3,1,1,ok,True,19,1744933,1744.933,0.083301,0.500854,0,time_limit,solomon_exact_1000_v1,missing,,,,,0.5,,100,2,25,fb89464a08a8315316a993462b898339a1874a83f2825c9a1b6ff87072390d28,False,baseline,94584996df0a3595e0aecc2e477200b9fac89aecf145f121af818315d48d5bd7
R102,solomon_txt,eeb23171b7e4fbfc80bf000ca770329109900fbd7273fa8b9d1f95b7dfe683c3,2,1,ok,True,19,1765826,1765.826,0.083413,0.500648,0,time_limit,solomon_exact_1000_v1,missing,,,,,0.5,,100,2,25,fb89464a08a8315316a993462b898339a1874a83f2825c9a1b6ff87072390d28,False,baseline,94584996df0a3595e0aecc2e477200b9fac89aecf145f121af818315d48d5bd7
R103,solomon_txt,1f833e8648ba39e0edc76754fb49e81777a7175cf7b084c3f60a12607bfb3991,0,1,ok,True,14,1546015,1546.015,0.093121,0.500628,0,time_limit,solomon_exact_1000_v1,missing,,,,,0.5,,100,2,25,fb89464a08a8315316a993462b898339a1874a83f2825c9a1b6ff87072390d28,False,baseline,94584996df0a3595e0aecc2e477200b9fac89aecf145f121af818315d48d5bd7
R103,solomon_txt,1f833e8648ba39e0edc76754fb49e81777a7175cf7b084c3f60a12607bfb3991,1,1,ok,True,14,1546015,1546.015,0.100899,0.50059,0,time_limit,solomon_exact_1000_v1,missing,,,,,0.5,,100,2,25,fb89464a08a8315316a993462b898339a1874a83f2825c9a1b6ff87072390d28,False,baseline,94584996df0a3595e0aecc2e477200b9fac89aecf145f121af818315d48d5bd7
R103,solomon_txt,1f833e8648ba39e0edc76754fb49e81777a7175cf7b084c3f60a12607bfb3991,2,1,ok,True,14,1546015,1546.015,0.098131,0.500607,0,time_limit,solomon_exact_1000_v1,missing,,,,,0.5,,100,2,25,fb89464a08a8315316a993462b898339a1874a83f2825c9a1b6ff87072390d28,False,baseline,94584996df0a3595e0aecc2e477200b9fac89aecf145f121af818315d48d5bd7
R104,solomon_txt,dd087124311d91facd81736debbfc7d0f351d27942917e2d76cbafd01e6183b7,0,1,ok,True,12,1592207,1592.207,0.107619,0.500616,0,time_limit,solomon_exact_1000_v1,missing,,,,,0.5,,100,2,25,fb89464a08a8315316a993462b898339a1874a83f2825c9a1b6ff87072390d28,False,baseline,94584996df0a3595e0aecc2e477200b9fac89aecf145f121af818315d48d5bd7
R104,solomon_txt,dd087124311d91facd81736debbfc7d0f351d27942917e2d76cbafd01e6183b7,1,1,ok,True,11,1241810,1241.81,0.109559,0.500654,0,time_limit,solomon_exact_1000_v1,missing,,,,,0.5,,100,2,25,fb89464a08a8315316a993462b898339a1874a83f2825c9a1b6ff87072390d28,False,baseline,94584996df0a3595e0aecc2e477200b9fac89aecf145f121af818315d48d5bd7
R104,solomon_txt,dd087124311d91facd81736debbfc7d0f351d27942917e2d76cbafd01e6183b7,2,1,ok,True,11,1321819,1321.819,0.112087,0.500615,0,time_limit,solomon_exact_1000_v1,missing,,,,,0.5,,100,2,25,fb89464a08a8315316a993462b898339a1874a83f2825c9a1b6ff87072390d28,False,baseline,94584996df0a3595e0aecc2e477200b9fac89aecf145f121af818315d48d5bd7
R105,solomon_txt,ff1a614f8458d6339b3f54d8e4ca2dcf0a35c96012f477f6a819ae481de85ca4,0,1,ok,True,17,1734216,1734.216,0.085534,0.500952,0,time_limit,solomon_exact_1000_v1,missing,,,,,0.5,,100,2,25,fb89464a08a8315316a993462b898339a1874a83f2825c9a1b6ff87072390d28,False,baseline,94584996df0a3595e0aecc2e477200b9fac89aecf145f121af818315d48d5bd7
R105,solomon_txt,ff1a614f8458d6339b3f54d8e4ca2dcf0a35c96012f477f6a819ae481de85ca4,1,1,ok,True,17,1683209,1683.209,0.084711,0.501052,0,time_limit,solomon_exact_1000_v1,missing,,,,,0.5,,100,2,25,fb89464a08a8315316a993462b898339a1874a83f2825c9a1b6ff87072390d28,False,baseline,94584996df0a3595e0aecc2e477200b9fac89aecf145f121af818315d48d5bd7
R105,solomon_txt,ff1a614f8458d6339b3f54d8e4ca2dcf0a35c96012f477f6a819ae481de85ca4,2,1,ok,True,17,1834998,1834.998,0.133434,0.500624,0,time_limit,solomon_exact_1000_v1,missing,,,,,0.5,,100,2,25,fb89464a08a8315316a993462b898339a1874a83f2825c9a1b6ff87072390d28,False,baseline,94584996df0a3595e0aecc2e477200b9fac89aecf145f121af818315d48d5bd7
R106,solomon_txt,31b8783d177f0fbe1c84b8f085fbf28b1989a80e4c00f49f5654ebef99835e97,0,1,ok,True,14,1545086,1545.086,0.09705,0.500593,0,time_limit,solomon_exact_1000_v1,missing,,,,,0.5,,100,2,25,fb89464a08a8315316a993462b898339a1874a83f2825c9a1b6ff87072390d28,False,baseline,94584996df0a3595e0aecc2e477200b9fac89aecf145f121af818315d48d5bd7
R106,solomon_txt,31b8783d177f0fbe1c84b8f085fbf28b1989a80e4c00f49f5654ebef99835e97,1,1,ok,True,15,1572430,1572.43,0.086703,0.500628,0,time_limit,solomon_exact_1000_v1,missing,,,,,0.5,,100,2,25,fb89464a08a8315316a993462b898339a1874a83f2825c9a1b6ff87072390d28,False,baseline,94584996df0a3595e0aecc2e477200b9fac89aecf145f121af818315d48d5bd7
R106,solomon_txt,31b8783d177f0fbe1c84b8f085fbf28b1989a80e4c00f49f5654ebef99835e97,2,1,ok,True,14,1559373,1559.373,0.088436,0.500588,0,time_limit,solomon_exact_1000_v1,missing,,,,,0.5,,100,2,25,fb89464a08a8315316a993462b898339a1874a83f2825c9a1b6ff87072390d28,False,baseline,94584996df0a3595e0aecc2e477200b9fac89aecf145f121af818315d48d5bd7
R107,solomon_txt,dba2b257a1d43d7c78d5e3a9f09091a2b125d3fbec78c0c8a1782add669a1275,0,1,ok,True,13,1331890,1331.89,0.097925,0.500674,0,time_limit,solomon_exact_1000_v1,missing,,,,,0.5,,100,2,25,fb89464a08a8315316a993462b898339a1874a83f2825c9a1b6ff87072390d28,False,baseline,94584996df0a3595e0aecc2e477200b9fac89aecf145f121af818315d48d5bd7
R107,solomon_txt,dba2b257a1d43d7c78d5e3a9f09091a2b125d3fbec78c0c8a1782add669a1275,1,1,ok,True,12,1525686,1525.686,0.102544,0.500642,0,time_limit,solomon_exact_1000_v1,missing,,,,,0.5,,100,2,25,fb89464a08a8315316a993462b898339a1874a83f2825c9a1b6ff87072390d28,False,baseline,94584996df0a3595e0aecc2e477200b9fac89aecf145f121af818315d48d5bd7
R107,solomon_txt,dba2b257a1d43d7c78d5e3a9f09091a2b125d3fbec78c0c8a1782add669a1275,2,1,ok,True,12,1486083,1486.083,0.097906,0.500618,0,time_limit,solomon_exact_1000_v1,missing,,,,,0.5,,100,2,25,fb89464a08a8315316a993462b898339a1874a83f2825c9a1b6ff87072390d28,False,baseline,94584996df0a3595e0aecc2e477200b9fac89aecf145f121af818315d48d5bd7
R108,solomon_txt,65cae09f4099b7e70d2b723e0e3a30aa1494c75a367bb894a3fd13241ee639d4,0,1,ok,True,11,1315436,1315.436,0.10409,0.500594,0,time_limit,solomon_exact_1000_v1,missing,,,,,0.5,,100,2,25,fb89464a08a8315316a993462b898339a1874a83f2825c9a1b6ff87072390d28,False,baseline,94584996df0a3595e0aecc2e477200b9fac89aecf145f121af818315d48d5bd7
R108,solomon_txt,65cae09f4099b7e70d2b723e0e3a30aa1494c75a367bb894a3fd13241ee639d4,1,1,ok,True,11,1274109,1274.109,0.10514,0.500596,0,time_limit,solomon_exact_1000_v1,missing,,,,,0.5,,100,2,25,fb89464a08a8315316a993462b898339a1874a83f2825c9a1b6ff87072390d28,False,baseline,94584996df0a3595e0aecc2e477200b9fac89aecf145f121af818315d48d5bd7
R108,solomon_txt,65cae09f4099b7e70d2b723e0e3a30aa1494c75a367bb894a3fd13241ee639d4,2,1,ok,True,11,1360850,1360.85,0.104616,0.500617,0,time_limit,solomon_exact_1000_v1,missing,,,,,0.5,,100,2,25,fb89464a08a8315316a993462b898339a1874a83f2825c9a1b6ff87072390d28,False,baseline,94584996df0a3595e0aecc2e477200b9fac89aecf145f121af818315d48d5bd7
R109,solomon_txt,4ef24030e8c48de5f85dcd90c5739186004fc8dec87533b6467013cf996f4777,0,1,ok,True,16,1597195,1597.195,0.082359,0.500647,0,time_limit,solomon_exact_1000_v1,missing,,,,,0.5,,100,2,25,fb89464a08a8315316a993462b898339a1874a83f2825c9a1b6ff87072390d28,False,baseline,94584996df0a3595e0aecc2e477200b9fac89aecf145f121af818315d48d5bd7
R109,solomon_txt,4ef24030e8c48de5f85dcd90c5739186004fc8dec87533b6467013cf996f4777,1,1,ok,True,15,1669582,1669.582,0.09527,0.500642,0,time_limit,solomon_exact_1000_v1,missing,,,,,0.5,,100,2,25,fb89464a08a8315316a993462b898339a1874a83f2825c9a1b6ff87072390d28,False,baseline,94584996df0a3595e0aecc2e477200b9fac89aecf145f121af818315d48d5bd7
R109,solomon_txt,4ef24030e8c48de5f85dcd90c5739186004fc8dec87533b6467013cf996f4777,2,1,ok,True,16,1844925,1844.925,0.083322,0.50064,0,time_limit,solomon_exact_1000_v1,missing,,,,,0.5,,100,2,25,fb89464a08a8315316a993462b898339a1874a83f2825c9a1b6ff87072390d28,False,baseline,94584996df0a3595e0aecc2e477200b9fac89aecf145f121af818315d48d5bd7
R110,solomon_txt,14cb53cb99af61d3d708f07564b9a72d146e7c26b4f10507cfaf3bc828f34bfa,0,1,ok,True,14,1574826,1574.826,0.101135,0.500616,0,time_limit,solomon_exact_1000_v1,missing,,,,,0.5,,100,2,25,fb89464a08a8315316a993462b898339a1874a83f2825c9a1b6ff87072390d28,False,baseline,94584996df0a3595e0aecc2e477200b9fac89aecf145f121af818315d48d5bd7
R110,solomon_txt,14cb53cb99af61d3d708f07564b9a72d146e7c26b4f10507cfaf3bc828f34bfa,1,1,ok,True,14,1546498,1546.498,0.092658,0.50062,0,time_limit,solomon_exact_1000_v1,missing,,,,,0.5,,100,2,25,fb89464a08a8315316a993462b898339a1874a83f2825c9a1b6ff87072390d28,False,baseline,94584996df0a3595e0aecc2e477200b9fac89aecf145f121af818315d48d5bd7
R110,solomon_txt,14cb53cb99af61d3d708f07564b9a72d146e7c26b4f10507cfaf3bc828f34bfa,2,1,ok,True,14,1897804,1897.804,0.101635,0.500653,0,time_limit,solomon_exact_1000_v1,missing,,,,,0.5,,100,2,25,fb89464a08a8315316a993462b898339a1874a83f2825c9a1b6ff87072390d28,False,baseline,94584996df0a3595e0aecc2e477200b9fac89aecf145f121af818315d48d5bd7
R111,solomon_txt,3d94a73b1f2fe8aae4618b9d9ea254cff2e3924a6a841aa390096ec6c60f258d,0,1,ok,True,12,1453553,1453.553,0.095776,0.500804,0,time_limit,solomon_exact_1000_v1,missing,,,,,0.5,,100,2,25,fb89464a08a8315316a993462b898339a1874a83f2825c9a1b6ff87072390d28,False,baseline,94584996df0a3595e0aecc2e477200b9fac89aecf145f121af818315d48d5bd7
R111,solomon_txt,3d94a73b1f2fe8aae4618b9d9ea254cff2e3924a6a841aa390096ec6c60f258d,1,1,ok,True,13,1675090,1675.09,0.125644,0.501104,0,time_limit,solomon_exact_1000_v1,missing,,,,,0.5,,100,2,25,fb89464a08a8315316a993462b898339a1874a83f2825c9a1b6ff87072390d28,False,baseline,94584996df0a3595e0aecc2e477200b9fac89aecf145f121af818315d48d5bd7
R111,solomon_txt,3d94a73b1f2fe8aae4618b9d9ea254cff2e3924a6a841aa390096ec6c60f258d,2,1,ok,True,12,1461553,1461.553,0.107121,0.500606,0,time_limit,solomon_exact_1000_v1,missing,,,,,0.5,,100,2,25,fb89464a08a8315316a993462b898339a1874a83f2825c9a1b6ff87072390d28,False,baseline,94584996df0a3595e0aecc2e477200b9fac89aecf145f121af818315d48d5bd7
R112,solomon_txt,a0e93149d59d30c356619891d192e86d0f16c3158e1dac3bd9f23c6deb718271,0,1,ok,True,13,1576148,1576.148,0.095928,0.500643,0,time_limit,solomon_exact_1000_v1,missing,,,,,0.5,,100,2,25,fb89464a08a8315316a993462b898339a1874a83f2825c9a1b6ff87072390d28,False,baseline,94584996df0a3595e0aecc2e477200b9fac89aecf145f121af818315d48d5bd7
R112,solomon_txt,a0e93149d59d30c356619891d192e86d0f16c3158e1dac3bd9f23c6deb718271,1,1,ok,True,13,1430395,1430.395,0.09452,0.500613,0,time_limit,solomon_exact_1000_v1,missing,,,,,0.5,,100,2,25,fb89464a08a8315316a993462b898339a1874a83f2825c9a1b6ff87072390d28,False,baseline,94584996df0a3595e0aecc2e477200b9fac89aecf145f121af818315d48d5bd7
R112,solomon_txt,a0e93149d59d30c356619891d192e86d0f16c3158e1dac3bd9f23c6deb718271,2,1,ok,True,13,1273526,1273.526,0.093995,0.50064,0,time_limit,solomon_exact_1000_v1,missing,,,,,0.5,,100,2,25,fb89464a08a8315316a993462b898339a1874a83f2825c9a1b6ff87072390d28,False,baseline,94584996df0a3595e0aecc2e477200b9fac89aecf145f121af818315d48d5bd7
R201,solomon_txt,0be960ec998fff2cab0bdbcc5194c617e5ca0a79c82c5b32b1d4bd98b2cae210,0,1,ok,True,5,1726658,1726.658,0.206445,0.500589,0,time_limit,solomon_exact_1000_v1,missing,,,,,0.5,,100,2,25,fb89464a08a8315316a993462b898339a1874a83f2825c9a1b6ff87072390d28,False,baseline,94584996df0a3595e0aecc2e477200b9fac89aecf145f121af818315d48d5bd7
R201,solomon_txt,0be960ec998fff2cab0bdbcc5194c617e5ca0a79c82c5b32b1d4bd98b2cae210,1,1,ok,True,5,1726658,1726.658,0.193907,0.500626,0,time_limit,solomon_exact_1000_v1,missing,,,,,0.5,,100,2,25,fb89464a08a8315316a993462b898339a1874a83f2825c9a1b6ff87072390d28,False,baseline,94584996df0a3595e0aecc2e477200b9fac89aecf145f121af818315d48d5bd7
R201,solomon_txt,0be960ec998fff2cab0bdbcc5194c617e5ca0a79c82c5b32b1d4bd98b2cae210,2,1,ok,True,5,1726658,1726.658,0.190525,0.500605,0,time_limit,solomon_exact_1000_v1,missing,,,,,0.5,,100,2,25,fb89464a08a8315316a993462b898339a1874a83f2825c9a1b6ff87072390d28,False,baseline,94584996df0a3595e0aecc2e477200b9fac89aecf145f121af818315d48d5bd7
R202,solomon_txt,1f7761bb33e9dd0c94837b32c72280296ffc283dba997379c7ad75ce00dffc8d,0,1,ok,True,4,1622244,1622.244,0.216028,0.500583,0,time_limit,solomon_exact_1000_v1,missing,,,,,0.5,,100,2,25,fb89464a08a8315316a993462b898339a1874a83f2825c9a1b6ff87072390d28,False,baseline,94584996df0a3595e0aecc2e477200b9fac89aecf145f121af818315d48d5bd7
R202,solomon_txt,1f7761bb33e9dd0c94837b32c72280296ffc283dba997379c7ad75ce00dffc8d,1,1,ok,True,4,1622244,1622.244,0.223171,0.500568,0,time_limit,solomon_exact_1000_v1,missing,,,,,0.5,,100,2,25,fb89464a08a8315316a993462b898339a1874a83f2825c9a1b6ff87072390d28,False,baseline,94584996df0a3595e0aecc2e477200b9fac89aecf145f121af818315d48d5bd7
R202,solomon_txt,1f7761bb33e9dd0c94837b32c72280296ffc283dba997379c7ad75ce00dffc8d,2,1,ok,True,4,1622244,1622.244,0.233278,0.500619,0,time_limit,solomon_exact_1000_v1,missing,,,,,0.5,,100,2,25,fb89464a08a8315316a993462b898339a1874a83f2825c9a1b6ff87072390d28,False,baseline,94584996df0a3595e0aecc2e477200b9fac89aecf145f121af818315d48d5bd7
R203,solomon_txt,38c484db31bd7452a94d533e26a2348ef598df600b79d061d9ddc1c61466a731,0,1,ok,True,3,1300221,1300.221,0.248421,0.500423,0,time_limit,solomon_exact_1000_v1,missing,,,,,0.5,,100,2,25,fb89464a08a8315316a993462b898339a1874a83f2825c9a1b6ff87072390d28,False,baseline,94584996df0a3595e0aecc2e477200b9fac89aecf145f121af818315d48d5bd7
R203,solomon_txt,38c484db31bd7452a94d533e26a2348ef598df600b79d061d9ddc1c61466a731,1,1,ok,True,3,1300221,1300.221,0.23923,0.50061,0,time_limit,solomon_exact_1000_v1,missing,,,,,0.5,,100,2,25,fb89464a08a8315316a993462b898339a1874a83f2825c9a1b6ff87072390d28,False,baseline,94584996df0a3595e0aecc2e477200b9fac89aecf145f121af818315d48d5bd7
R203,solomon_txt,38c484db31bd7452a94d533e26a2348ef598df600b79d061d9ddc1c61466a731,2,1,ok,True,3,1300221,1300.221,0.244274,0.500548,0,time_limit,solomon_exact_1000_v1,missing,,,,,0.5,,100,2,25,fb89464a08a8315316a993462b898339a1874a83f2825c9a1b6ff87072390d28,False,baseline,94584996df0a3595e0aecc2e477200b9fac89aecf145f121af818315d48d5bd7
R204,solomon_txt,5349e37d8df99bcbee1efa2e970d2662b5265e5f82fc609343a6af0a60257abf,0,1,ok,True,3,1331038,1331.038,0.299759,0.500558,0,time_limit,solomon_exact_1000_v1,missing,,,,,0.5,,100,2,25,fb89464a08a8315316a993462b898339a1874a83f2825c9a1b6ff87072390d28,False,baseline,94584996df0a3595e0aecc2e477200b9fac89aecf145f121af818315d48d5bd7
R204,solomon_txt,5349e37d8df99bcbee1efa2e970d2662b5265e5f82fc609343a6af0a60257abf,1,1,ok,True,3,1331038,1331.038,0.307681,0.500565,0,time_limit,solomon_exact_1000_v1,missing,,,,,0.5,,100,2,25,fb89464a08a8315316a993462b898339a1874a83f2825c9a1b6ff87072390d28,False,baseline,94584996df0a3595e0aecc2e477200b9fac89aecf145f121af818315d48d5bd7
R204,solomon_txt,5349e37d8df99bcbee1efa2e970d2662b5265e5f82fc609343a6af0a60257abf,2,1,ok,True,3,1331038,1331.038,0.296129,0.500552,0,time_limit,solomon_exact_1000_v1,missing,,,,,0.5,,100,2,25,fb89464a08a8315316a993462b898339a1874a83f2825c9a1b6ff87072390d28,False,baseline,94584996df0a3595e0aecc2e477200b9fac89aecf145f121af818315d48d5bd7
R205,solomon_txt,1996bf8f10716fb8cfc1a585206a6a6e566f32347c1bb8f36c75ed6c887f77e3,0,1,ok,True,4,1700248,1700.248,0.244706,0.500569,0,time_limit,solomon_exact_1000_v1,missing,,,,,0.5,,100,2,25,fb89464a08a8315316a993462b898339a1874a83f2825c9a1b6ff87072390d28,False,baseline,94584996df0a3595e0aecc2e477200b9fac89aecf145f121af818315d48d5bd7
R205,solomon_txt,1996bf8f10716fb8cfc1a585206a6a6e566f32347c1bb8f36c75ed6c887f77e3,1,1,ok,True,4,1700248,1700.248,0.23184,0.500606,0,time_limit,solomon_exact_1000_v1,missing,,,,,0.5,,100,2,25,fb89464a08a8315316a993462b898339a1874a83f2825c9a1b6ff87072390d28,False,baseline,94584996df0a3595e0aecc2e477200b9fac89aecf145f121af818315d48d5bd7
R205,solomon_txt,1996bf8f10716fb8cfc1a585206a6a6e566f32347c1bb8f36c75ed6c887f77e3,2,1,ok,True,4,1700248,1700.248,0.237517,0.500601,0,time_limit,solomon_exact_1000_v1,missing,,,,,0.5,,100,2,25,fb89464a08a8315316a993462b898339a1874a83f2825c9a1b6ff87072390d28,False,baseline,94584996df0a3595e0aecc2e477200b9fac89aecf145f121af818315d48d5bd7
R206,solomon_txt,c8754a0319264d076c038b1bf023c8c4710e8895fe3e03f485e9ae249f32fe43,0,1,ok,True,3,1533607,1533.607,0.245029,0.500618,0,time_limit,solomon_exact_1000_v1,missing,,,,,0.5,,100,2,25,fb89464a08a8315316a993462b898339a1874a83f2825c9a1b6ff87072390d28,False,baseline,94584996df0a3595e0aecc2e477200b9fac89aecf145f121af818315d48d5bd7
R206,solomon_txt,c8754a0319264d076c038b1bf023c8c4710e8895fe3e03f485e9ae249f32fe43,1,1,ok,True,3,1533607,1533.607,0.252804,0.500537,0,time_limit,solomon_exact_1000_v1,missing,,,,,0.5,,100,2,25,fb89464a08a8315316a993462b898339a1874a83f2825c9a1b6ff87072390d28,False,baseline,94584996df0a3595e0aecc2e477200b9fac89aecf145f121af818315d48d5bd7
R206,solomon_txt,c8754a0319264d076c038b1bf023c8c4710e8895fe3e03f485e9ae249f32fe43,2,1,ok,True,3,1533607,1533.607,0.253196,0.500806,0,time_limit,solomon_exact_1000_v1,missing,,,,,0.5,,100,2,25,fb89464a08a8315316a993462b898339a1874a83f2825c9a1b6ff87072390d28,False,baseline,94584996df0a3595e0aecc2e477200b9fac89aecf145f121af818315d48d5bd7
R207,solomon_txt,52dc8eebba43fdc67ca9aadab228b75a297acb55a87db3e4748e82f623e3cbe6,0,1,ok,True,4,1302528,1302.528,0.289049,0.500761,0,time_limit,solomon_exact_1000_v1,missing,,,,,0.5,,100,2,25,fb89464a08a8315316a993462b898339a1874a83f2825c9a1b6ff87072390d28,False,baseline,94584996df0a3595e0aecc2e477200b9fac89aecf145f121af818315d48d5bd7
R207,solomon_txt,52dc8eebba43fdc67ca9aadab228b75a297acb55a87db3e4748e82f623e3cbe6,1,1,ok,True,4,1302528,1302.528,0.30246,0.50061,0,time_limit,solomon_exact_1000_v1,missing,,,,,0.5,,100,2,25,fb89464a08a8315316a993462b898339a1874a83f2825c9a1b6ff87072390d28,False,baseline,94584996df0a3595e0aecc2e477200b9fac89aecf145f121af818315d48d5bd7
R207,solomon_txt,52dc8eebba43fdc67ca9aadab228b75a297acb55a87db3e4748e82f623e3cbe6,2,1,ok,True,4,1302528,1302.528,0.28972,0.500631,0,time_limit,solomon_exact_1000_v1,missing,,,,,0.5,,100,2,25,fb89464a08a8315316a993462b898339a1874a83f2825c9a1b6ff87072390d28,False,baseline,94584996df0a3595e0aecc2e477200b9fac89aecf145f121af818315d48d5bd7
R208,solomon_txt,7b4a95d500af9329dd08791d39898a619faec0f8fac039d57373e761545b980d,0,1,ok,True,3,957965,957.965,0.31786,0.500619,0,time_limit,solomon_exact_1000_v1,missing,,,,,0.5,,100,2,25,fb89464a08a8315316a993462b898339a1874a83f2825c9a1b6ff87072390d28,False,baseline,94584996df0a3595e0aecc2e477200b9fac89aecf145f121af818315d48d5bd7
R208,solomon_txt,7b4a95d500af9329dd08791d39898a619faec0f8fac039d57373e761545b980d,1,1,ok,True,3,957965,957.965,0.315363,0.500587,0,time_limit,solomon_exact_1000_v1,missing,,,,,0.5,,100,2,25,fb89464a08a8315316a993462b898339a1874a83f2825c9a1b6ff87072390d28,False,baseline,94584996df0a3595e0aecc2e477200b9fac89aecf145f121af818315d48d5bd7
R208,solomon_txt,7b4a95d500af9329dd08791d39898a619faec0f8fac039d57373e761545b980d,2,1,ok,True,3,957965,957.965,0.338149,0.500584,0,time_limit,solomon_exact_1000_v1,missing,,,,,0.5,,100,2,25,fb89464a08a8315316a993462b898339a1874a83f2825c9a1b6ff87072390d28,False,baseline,94584996df0a3595e0aecc2e477200b9fac89aecf145f121af818315d48d5bd7
R209,solomon_txt,5b74156d032babcff853ccc693f94463eca8333cd425aa99a39ed996f6258933,0,1,ok,True,4,1712415,1712.415,0.24785,0.500584,0,time_limit,solomon_exact_1000_v1,missing,,,,,0.5,,100,2,25,fb89464a08a8315316a993462b898339a1874a83f2825c9a1b6ff87072390d28,False,baseline,94584996df0a3595e0aecc2e477200b9fac89aecf145f121af818315d48d5bd7
R209,solomon_txt,5b74156d032babcff853ccc693f94463eca8333cd425aa99a39ed996f6258933,1,1,ok,True,3,1303297,1303.297,0.229753,0.500568,0,time_limit,solomon_exact_1000_v1,missing,,,,,0.5,,100,2,25,fb89464a08a8315316a993462b898339a1874a83f2825c9a1b6ff87072390d28,False,baseline,94584996df0a3595e0aecc2e477200b9fac89aecf145f121af818315d48d5bd7
R209,solomon_txt,5b74156d032babcff853ccc693f94463eca8333cd425aa99a39ed996f6258933,2,1,ok,True,4,1712415,1712.415,0.238888,0.50058,0,time_limit,solomon_exact_1000_v1,missing,,,,,0.5,,100,2,25,fb89464a08a8315316a993462b898339a1874a83f2825c9a1b6ff87072390d28,False,baseline,94584996df0a3595e0aecc2e477200b9fac89aecf145f121af818315d48d5bd7
R210,solomon_txt,4e5772f109fb6183e6a648d6a1edaba3435438c2dc11c42da370fecf7bdf3a14,0,1,ok,True,3,1443660,1443.66,0.256239,0.500546,0,time_limit,solomon_exact_1000_v1,missing,,,,,0.5,,100,2,25,fb89464a08a8315316a993462b898339a1874a83f2825c9a1b6ff87072390d28,False,baseline,94584996df0a3595e0aecc2e477200b9fac89aecf145f121af818315d48d5bd7
R210,solomon_txt,4e5772f109fb6183e6a648d6a1edaba3435438c2dc11c42da370fecf7bdf3a14,1,1,ok,True,3,1443660,1443.66,0.248123,0.500553,0,time_limit,solomon_exact_1000_v1,missing,,,,,0.5,,100,2,25,fb89464a08a8315316a993462b898339a1874a83f2825c9a1b6ff87072390d28,False,baseline,94584996df0a3595e0aecc2e477200b9fac89aecf145f121af818315d48d5bd7
R210,solomon_txt,4e5772f109fb6183e6a648d6a1edaba3435438c2dc11c42da370fecf7bdf3a14,2,1,ok,True,3,1443660,1443.66,0.2492,0.500545,0,time_limit,solomon_exact_1000_v1,missing,,,,,0.5,,100,2,25,fb89464a08a8315316a993462b898339a1874a83f2825c9a1b6ff87072390d28,False,baseline,94584996df0a3595e0aecc2e477200b9fac89aecf145f121af818315d48d5bd7
R211,solomon_txt,2965507e467a2f92acd59035975910e36ae11e4f49590d4c7d20a883939227ad,0,1,ok,True,3,1516434,1516.434,0.267866,0.500573,0,time_limit,solomon_exact_1000_v1,missing,,,,,0.5,,100,2,25,fb89464a08a8315316a993462b898339a1874a83f2825c9a1b6ff87072390d28,False,baseline,94584996df0a3595e0aecc2e477200b9fac89aecf145f121af818315d48d5bd7
R211,solomon_txt,2965507e467a2f92acd59035975910e36ae11e4f49590d4c7d20a883939227ad,1,1,ok,True,3,1516434,1516.434,0.272416,0.500573,0,time_limit,solomon_exact_1000_v1,missing,,,,,0.5,,100,2,25,fb89464a08a8315316a993462b898339a1874a83f2825c9a1b6ff87072390d28,False,baseline,94584996df0a3595e0aecc2e477200b9fac89aecf145f121af818315d48d5bd7
R211,solomon_txt,2965507e467a2f92acd59035975910e36ae11e4f49590d4c7d20a883939227ad,2,1,ok,True,3,1516434,1516.434,0.265205,0.5006,0,time_limit,solomon_exact_1000_v1,missing,,,,,0.5,,100,2,25,fb89464a08a8315316a993462b898339a1874a83f2825c9a1b6ff87072390d28,False,baseline,94584996df0a3595e0aecc2e477200b9fac89aecf145f121af818315d48d5bd7
RC101,solomon_txt,ef6893ffd9746ad96de8e4da6e64e2c4ba6e08a1c7eb9457276a9f1caf01ca12,0,1,ok,True,19,2031958,2031.958,0.083625,0.500621,0,time_limit,solomon_exact_1000_v1,missing,,,,,0.5,,100,2,25,fb89464a08a8315316a993462b898339a1874a83f2825c9a1b6ff87072390d28,False,baseline,94584996df0a3595e0aecc2e477200b9fac89aecf145f121af818315d48d5bd7
RC101,solomon_txt,ef6893ffd9746ad96de8e4da6e64e2c4ba6e08a1c7eb9457276a9f1caf01ca12,1,1,ok,True,19,1995564,1995.564,0.108568,0.500694,0,time_limit,solomon_exact_1000_v1,missing,,,,,0.5,,100,2,25,fb89464a08a8315316a993462b898339a1874a83f2825c9a1b6ff87072390d28,False,baseline,94584996df0a3595e0aecc2e477200b9fac89aecf145f121af818315d48d5bd7
RC101,solomon_txt,ef6893ffd9746ad96de8e4da6e64e2c4ba6e08a1c7eb9457276a9f1caf01ca12,2,1,ok,True,19,2034803,2034.803,0.11165,0.500656,0,time_limit,solomon_exact_1000_v1,missing,,,,,0.5,,100,2,25,fb89464a08a8315316a993462b898339a1874a83f2825c9a1b6ff87072390d28,False,baseline,94584996df0a3595e0aecc2e477200b9fac89aecf145f121af818315d48d5bd7
RC102,solomon_txt,36acd349d34a577c7fadd61f78517c2cb74bd06a490273800c288f341e5785a4,0,1,ok,True,17,1870139,1870.139,0.093033,0.500621,0,time_limit,solomon_exact_1000_v1,missing,,,,,0.5,,100,2,25,fb89464a08a8315316a993462b898339a1874a83f2825c9a1b6ff87072390d28,False,baseline,94584996df0a3595e0aecc2e477200b9fac89aecf145f121af818315d48d5bd7
RC102,solomon_txt,36acd349d34a577c7fadd61f78517c2cb74bd06a490273800c288f341e5785a4,1,1,ok,True,15,1834933,1834.933,0.088455,0.500691,0,time_limit,solomon_exact_1000_v1,missing,,,,,0.5,,100,2,25,fb89464a08a8315316a993462b898339a1874a83f2825c9a1b6ff87072390d28,False,baseline,94584996df0a3595e0aecc2e477200b9fac89aecf145f121af818315d48d5bd7
RC102,solomon_txt,36acd349d34a577c7fadd61f78517c2cb74bd06a490273800c288f341e5785a4,2,1,ok,True,17,1870139,1870.139,0.087457,0.501022,0,time_limit,solomon_exact_1000_v1,missing,,,,,0.5,,100,2,25,fb89464a08a8315316a993462b898339a1874a83f2825c9a1b6ff87072390d28,False,baseline,94584996df0a3595e0aecc2e477200b9fac89aecf145f121af818315d48d5bd7
RC103,solomon_txt,00f384138274d5d2bff5c41601db17cc4ad0cfc6315c27e223d4477bf435cc2d,0,1,ok,True,13,1952068,1952.068,0.097891,0.500602,0,time_limit,solomon_exact_1000_v1,missing,,,,,0.5,,100,2,25,fb89464a08a8315316a993462b898339a1874a83f2825c9a1b6ff87072390d28,False,baseline,94584996df0a3595e0aecc2e477200b9fac89aecf145f121af818315d48d5bd7
RC103,solomon_txt,00f384138274d5d2bff5c41601db17cc4ad0cfc6315c27e223d4477bf435cc2d,1,1,ok,True,12,1731095,1731.095,0.098634,0.500591,0,time_limit,solomon_exact_1000_v1,missing,,,,,0.5,,100,2,25,fb89464a08a8315316a993462b898339a1874a83f2825c9a1b6ff87072390d28,False,baseline,94584996df0a3595e0aecc2e477200b9fac89aecf145f121af818315d48d5bd7
RC103,solomon_txt,00f384138274d5d2bff5c41601db17cc4ad0cfc6315c27e223d4477bf435cc2d,2,1,ok,True,13,1952068,1952.068,0.105263,0.500588,0,time_limit,solomon_exact_1000_v1,missing,,,,,0.5,,100,2,25,fb89464a08a8315316a993462b898339a1874a83f2825c9a1b6ff87072390d28,False,baseline,94584996df0a3595e0aecc2e477200b9fac89aecf145f121af818315d48d5bd7
RC104,solomon_txt,d150b2d61049a488fb89a2320c197d81a7ef9a1864abbbaea1d13a2b451253ee,0,1,ok,True,12,1624060,1624.06,0.099708,0.500996,0,time_limit,solomon_exact_1000_v1,missing,,,,,0.5,,100,2,25,fb89464a08a8315316a993462b898339a1874a83f2825c9a1b6ff87072390d28,False,baseline,94584996df0a3595e0aecc2e477200b9fac89aecf145f121af818315d48d5bd7
RC104,solomon_txt,d150b2d61049a488fb89a2320c197d81a7ef9a1864abbbaea1d13a2b451253ee,1,1,ok,True,12,1626992,1626.992,0.121382,0.501024,0,time_limit,solomon_exact_1000_v1,missing,,,,,0.5,,100,2,25,fb89464a08a8315316a993462b898339a1874a83f2825c9a1b6ff87072390d28,False,baseline,94584996df0a3595e0aecc2e477200b9fac89aecf145f121af818315d48d5bd7
RC104,solomon_txt,d150b2d61049a488fb89a2320c197d81a7ef9a1864abbbaea1d13a2b451253ee,2,1,ok,True,12,1325631,1325.631,0.133523,0.500667,0,time_limit,solomon_exact_1000_v1,missing,,,,,0.5,,100,2,25,fb89464a08a8315316a993462b898339a1874a83f2825c9a1b6ff87072390d28,False,baseline,94584996df0a3595e0aecc2e477200b9fac89aecf145f121af818315d48d5bd7
RC105,solomon_txt,b9e912625c1ed80d2f565e0799ade2f4b17bf4f95056322ca23f1a21b37e7a49,0,1,ok,True,17,2128736,2128.736,0.087283,0.500595,0,time_limit,solomon_exact_1000_v1,missing,,,,,0.5,,100,2,25,fb89464a08a8315316a993462b898339a1874a83f2825c9a1b6ff87072390d28,False,baseline,94584996df0a3595e0aecc2e477200b9fac89aecf145f121af818315d48d5bd7
RC105,solomon_txt,b9e912625c1ed80d2f565e0799ade2f4b17bf4f95056322ca23f1a21b37e7a49,1,1,ok,True,17,2128736,2128.736,0.095264,0.500639,0,time_limit,solomon_exact_1000_v1,missing,,,,,0.5,,100,2,25,fb89464a08a8315316a993462b898339a1874a83f2825c9a1b6ff87072390d28,False,baseline,94584996df0a3595e0aecc2e477200b9fac89aecf145f121af818315d48d5bd7
RC105,solomon_txt,b9e912625c1ed80d2f565e0799ade2f4b17bf4f95056322ca23f1a21b37e7a49,2,1,ok,True,16,1901679,1901.679,0.084823,0.500631,0,time_limit,solomon_exact_1000_v1,missing,,,,,0.5,,100,2,25,fb89464a08a8315316a993462b898339a1874a83f2825c9a1b6ff87072390d28,False,baseline,94584996df0a3595e0aecc2e477200b9fac89aecf145f121af818315d48d5bd7
RC106,solomon_txt,bf016ffc567af2d108570357daf1d0cabb7f680c0bd977d2e4366787683fdbaf,0,1,ok,True,15,2118036,2118.036,0.084822,0.500611,0,time_limit,solomon_exact_1000_v1,missing,,,,,0.5,,100,2,25,fb89464a08a8315316a993462b898339a1874a83f2825c9a1b6ff87072390d28,False,baseline,94584996df0a3595e0aecc2e477200b9fac89aecf145f121af818315d48d5bd7
RC106,solomon_txt,bf016ffc567af2d108570357daf1d0cabb7f680c0bd977d2e4366787683fdbaf,1,1,ok,True,16,1808646,1808.646,0.084903,0.500617,0,time_limit,solomon_exact_1000_v1,missing,,,,,0.5,,100,2,25,fb89464a08a8315316a993462b898339a1874a83f2825c9a1b6ff87072390d28,False,baseline,94584996df0a3595e0aecc2e477200b9fac89aecf145f121af818315d48d5bd7
RC106,solomon_txt,bf016ffc567af2d108570357daf1d0cabb7f680c0bd977d2e4366787683fdbaf,2,1,ok,True,16,1823605,1823.605,0.083981,0.500638,0,time_limit,solomon_exact_1000_v1,missing,,,,,0.5,,100,2,25,fb89464a08a8315316a993462b898339a1874a83f2825c9a1b6ff87072390d28,False,baseline,94584996df0a3595e0aecc2e477200b9fac89aecf145f121af818315d48d5bd7
RC107,solomon_txt,fff3fd68d110671ed442575f07cc547291586f30b00c5f73934d521d31311582,0,1,ok,True,14,1714626,1714.626,0.092713,0.500629,0,time_limit,solomon_exact_1000_v1,missing,,,,,0.5,,100,2,25,fb89464a08a8315316a993462b898339a1874a83f2825c9a1b6ff87072390d28,False,baseline,94584996df0a3595e0aecc2e477200b9fac89aecf145f121af818315d48d5bd7
RC107,solomon_txt,fff3fd68d110671ed442575f07cc547291586f30b00c5f73934d521d31311582,1,1,ok,True,14,1926373,1926.373,0.090759,0.500622,0,time_limit,solomon_exact_1000_v1,missing,,,,,0.5,,100,2,25,fb89464a08a8315316a993462b898339a1874a83f2825c9a1b6ff87072390d28,False,baseline,94584996df0a3595e0aecc2e477200b9fac89aecf145f121af818315d48d5bd7
RC107,solomon_txt,fff3fd68d110671ed442575f07cc547291586f30b00c5f73934d521d31311582,2,1,ok,True,15,2052187,2052.187,0.089133,0.500608,0,time_limit,solomon_exact_1000_v1,missing,,,,,0.5,,100,2,25,fb89464a08a8315316a993462b898339a1874a83f2825c9a1b6ff87072390d28,False,baseline,94584996df0a3595e0aecc2e477200b9fac89aecf145f121af818315d48d5bd7
RC108,solomon_txt,006bc8817bf09f9a8c66af8d6f088bdec239b2eb435556e9d11193cf456f7aeb,0,1,ok,True,14,1940059,1940.059,0.094619,0.500695,0,time_limit,solomon_exact_1000_v1,missing,,,,,0.5,,100,2,25,fb89464a08a8315316a993462b898339a1874a83f2825c9a1b6ff87072390d28,False,baseline,94584996df0a3595e0aecc2e477200b9fac89aecf145f121af818315d48d5bd7
RC108,solomon_txt,006bc8817bf09f9a8c66af8d6f088bdec239b2eb435556e9d11193cf456f7aeb,1,1,ok,True,14,1606564,1606.564,0.092875,0.500601,0,time_limit,solomon_exact_1000_v1,missing,,,,,0.5,,100,2,25,fb89464a08a8315316a993462b898339a1874a83f2825c9a1b6ff87072390d28,False,baseline,94584996df0a3595e0aecc2e477200b9fac89aecf145f121af818315d48d5bd7
RC108,solomon_txt,006bc8817bf09f9a8c66af8d6f088bdec239b2eb435556e9d11193cf456f7aeb,2,1,ok,True,14,1711462,1711.462,0.092984,0.500622,0,time_limit,solomon_exact_1000_v1,missing,,,,,0.5,,100,2,25,fb89464a08a8315316a993462b898339a1874a83f2825c9a1b6ff87072390d28,False,baseline,94584996df0a3595e0aecc2e477200b9fac89aecf145f121af818315d48d5bd7
RC201,solomon_txt,288836e2d8c2ace83ebbff77e03ac8cdffc574fc134cade21ef92713f8c52d44,0,1,ok,True,5,2429811,2429.811,0.18491,0.50061,0,time_limit,solomon_exact_1000_v1,missing,,,,,0.5,,100,2,25,fb89464a08a8315316a993462b898339a1874a83f2825c9a1b6ff87072390d28,False,baseline,94584996df0a3595e0aecc2e477200b9fac89aecf145f121af818315d48d5bd7
RC201,solomon_txt,288836e2d8c2ace83ebbff77e03ac8cdffc574fc134cade21ef92713f8c52d44,1,1,ok,True,4,1837909,1837.909,0.189771,0.500585,0,time_limit,solomon_exact_1000_v1,missing,,,,,0.5,,100,2,25,fb89464a08a8315316a993462b898339a1874a83f2825c9a1b6ff87072390d28,False,baseline,94584996df0a3595e0aecc2e477200b9fac89aecf145f121af818315d48d5bd7
RC201,solomon_txt,288836e2d8c2ace83ebbff77e03ac8cdffc574fc134cade21ef92713f8c52d44,2,1,ok,True,5,2429811,2429.811,0.185374,0.500593,0,time_limit,solomon_exact_1000_v1,missing,,,,,0.5,,100,2,25,fb89464a08a8315316a993462b898339a1874a83f2825c9a1b6ff87072390d28,False,baseline,94584996df0a3595e0aecc2e477200b9fac89aecf145f121af818315d48d5bd7
RC202,solomon_txt,5a1dee2017ab0ca4fe280b392678c96e8b5bc71f22d02c8058fbde7c4cfebcf4,0,1,ok,True,4,1920411,1920.411,0.185463,0.50097,0,time_limit,solomon_exact_1000_v1,missing,,,,,0.5,,100,2,25,fb89464a08a8315316a993462b898339a1874a83f2825c9a1b6ff87072390d28,False,baseline,94584996df0a3595e0aecc2e477200b9fac89aecf145f121af818315d48d5bd7
RC202,solomon_txt,5a1dee2017ab0ca4fe280b392678c96e8b5bc71f22d02c8058fbde7c4cfebcf4,1,1,ok,True,4,1818035,1818.035,0.182586,0.500603,0,time_limit,solomon_exact_1000_v1,missing,,,,,0.5,,100,2,25,fb89464a08a8315316a993462b898339a1874a83f2825c9a1b6ff87072390d28,False,baseline,94584996df0a3595e0aecc2e477200b9fac89aecf145f121af818315d48d5bd7
RC202,solomon_txt,5a1dee2017ab0ca4fe280b392678c96e8b5bc71f22d02c8058fbde7c4cfebcf4,2,1,ok,True,4,1619243,1619.243,0.186225,0.501022,0,time_limit,solomon_exact_1000_v1,missing,,,,,0.5,,100,2,25,fb89464a08a8315316a993462b898339a1874a83f2825c9a1b6ff87072390d28,False,baseline,94584996df0a3595e0aecc2e477200b9fac89aecf145f121af818315d48d5bd7
RC203,solomon_txt,4adcb362c23df91f14b828d4964e9383ffb02ee74217afc2d84571f83ed91f8b,0,1,ok,True,4,1158154,1158.154,0.234482,0.500663,0,time_limit,solomon_exact_1000_v1,missing,,,,,0.5,,100,2,25,fb89464a08a8315316a993462b898339a1874a83f2825c9a1b6ff87072390d28,False,baseline,94584996df0a3595e0aecc2e477200b9fac89aecf145f121af818315d48d5bd7
RC203,solomon_txt,4adcb362c23df91f14b828d4964e9383ffb02ee74217afc2d84571f83ed91f8b,1,1,ok,True,4,1303205,1303.205,0.219771,0.500706,0,time_limit,solomon_exact_1000_v1,missing,,,,,0.5,,100,2,25,fb89464a08a8315316a993462b898339a1874a83f2825c9a1b6ff87072390d28,False,baseline,94584996df0a3595e0aecc2e477200b9fac89aecf145f121af818315d48d5bd7
RC203,solomon_txt,4adcb362c23df91f14b828d4964e9383ffb02ee74217afc2d84571f83ed91f8b,2,1,ok,True,4,1061047,1061.047,0.18761,0.50059,0,time_limit,solomon_exact_1000_v1,missing,,,,,0.5,,100,2,25,fb89464a08a8315316a993462b898339a1874a83f2825c9a1b6ff87072390d28,False,baseline,94584996df0a3595e0aecc2e477200b9fac89aecf145f121af818315d48d5bd7
RC204,solomon_txt,11e827eab51a959ebab66344e7b7cfd1aeed895287653b36a72c86a4440ecd77,0,1,ok,True,3,1500593,1500.593,0.27742,0.500984,0,time_limit,solomon_exact_1000_v1,missing,,,,,0.5,,100,2,25,fb89464a08a8315316a993462b898339a1874a83f2825c9a1b6ff87072390d28,False,baseline,94584996df0a3595e0aecc2e477200b9fac89aecf145f121af818315d48d5bd7
RC204,solomon_txt,11e827eab51a959ebab66344e7b7cfd1aeed895287653b36a72c86a4440ecd77,1,1,ok,True,3,1500593,1500.593,0.285103,0.500559,0,time_limit,solomon_exact_1000_v1,missing,,,,,0.5,,100,2,25,fb89464a08a8315316a993462b898339a1874a83f2825c9a1b6ff87072390d28,False,baseline,94584996df0a3595e0aecc2e477200b9fac89aecf145f121af818315d48d5bd7
RC204,solomon_txt,11e827eab51a959ebab66344e7b7cfd1aeed895287653b36a72c86a4440ecd77,2,1,ok,True,3,1500593,1500.593,0.278099,0.500605,0,time_limit,solomon_exact_1000_v1,missing,,,,,0.5,,100,2,25,fb89464a08a8315316a993462b898339a1874a83f2825c9a1b6ff87072390d28,False,baseline,94584996df0a3595e0aecc2e477200b9fac89aecf145f121af818315d48d5bd7
RC205,solomon_txt,c061d306cf42310b0f3ca15612089f6c5a8d5604c0733bf26852477c787662c9,0,1,ok,True,4,1960553,1960.553,0.208327,0.500546,0,time_limit,solomon_exact_1000_v1,missing,,,,,0.5,,100,2,25,fb89464a08a8315316a993462b898339a1874a83f2825c9a1b6ff87072390d28,False,baseline,94584996df0a3595e0aecc2e477200b9fac89aecf145f121af818315d48d5bd7
RC205,solomon_txt,c061d306cf42310b0f3ca15612089f6c5a8d5604c0733bf26852477c787662c9,1,1,ok,True,5,2063021,2063.021,0.211689,0.500584,0,time_limit,solomon_exact_1000_v1,missing,,,,,0.5,,100,2,25,fb89464a08a8315316a993462b898339a1874a83f2825c9a1b6ff87072390d28,False,baseline,94584996df0a3595e0aecc2e477200b9fac89aecf145f121af818315d48d5bd7
RC205,solomon_txt,c061d306cf42310b0f3ca15612089f6c5a8d5604c0733bf26852477c787662c9,2,1,ok,True,5,2063021,2063.021,0.201803,0.500607,0,time_limit,solomon_exact_1000_v1,missing,,,,,0.5,,100,2,25,fb89464a08a8315316a993462b898339a1874a83f2825c9a1b6ff87072390d28,False,baseline,94584996df0a3595e0aecc2e477200b9fac89aecf145f121af818315d48d5bd7
RC206,solomon_txt,5203aecf67c84df49e152645312a837ffefde529314ff892ca061538816e43a9,0,1,ok,True,4,2080287,2080.287,0.219597,0.500652,0,time_limit,solomon_exact_1000_v1,missing,,,,,0.5,,100,2,25,fb89464a08a8315316a993462b898339a1874a83f2825c9a1b6ff87072390d28,False,baseline,94584996df0a3595e0aecc2e477200b9fac89aecf145f121af818315d48d5bd7
RC206,solomon_txt,5203aecf67c84df49e152645312a837ffefde529314ff892ca061538816e43a9,1,1,ok,True,4,1771858,1771.858,0.213146,0.500617,0,time_limit,solomon_exact_1000_v1,missing,,,,,0.5,,100,2,25,fb89464a08a8315316a993462b898339a1874a83f2825c9a1b6ff87072390d28,False,baseline,94584996df0a3595e0aecc2e477200b9fac89aecf145f121af818315d48d5bd7
RC206,solomon_txt,5203aecf67c84df49e152645312a837ffefde529314ff892ca061538816e43a9,2,1,ok,True,4,1732495,1732.495,0.209793,0.500623,0,time_limit,solomon_exact_1000_v1,missing,,,,,0.5,,100,2,25,fb89464a08a8315316a993462b898339a1874a83f2825c9a1b6ff87072390d28,False,baseline,94584996df0a3595e0aecc2e477200b9fac89aecf145f121af818315d48d5bd7
RC207,solomon_txt,5cab65f99b350cdb8fb1c4d0a12dde85eb4ff6a6d6daf292b182cb73de9a8b63,0,1,ok,True,4,1907431,1907.431,0.271275,0.500878,0,time_limit,solomon_exact_1000_v1,missing,,,,,0.5,,100,2,25,fb89464a08a8315316a993462b898339a1874a83f2825c9a1b6ff87072390d28,False,baseline,94584996df0a3595e0aecc2e477200b9fac89aecf145f121af818315d48d5bd7
RC207,solomon_txt,5cab65f99b350cdb8fb1c4d0a12dde85eb4ff6a6d6daf292b182cb73de9a8b63,1,1,ok,True,4,1907431,1907.431,0.236542,0.500635,0,time_limit,solomon_exact_1000_v1,missing,,,,,0.5,,100,2,25,fb89464a08a8315316a993462b898339a1874a83f2825c9a1b6ff87072390d28,False,baseline,94584996df0a3595e0aecc2e477200b9fac89aecf145f121af818315d48d5bd7
RC207,solomon_txt,5cab65f99b350cdb8fb1c4d0a12dde85eb4ff6a6d6daf292b182cb73de9a8b63,2,1,ok,True,4,1907431,1907.431,0.239141,0.50062,0,time_limit,solomon_exact_1000_v1,missing,,,,,0.5,,100,2,25,fb89464a08a8315316a993462b898339a1874a83f2825c9a1b6ff87072390d28,False,baseline,94584996df0a3595e0aecc2e477200b9fac89aecf145f121af818315d48d5bd7
RC208,solomon_txt,3d67d2a8e2758a324643f5d6c6ca87e8c56435273eaa04be33f213bb991f1f28,0,1,ok,True,4,1913075,1913.075,0.226415,0.501078,0,time_limit,solomon_exact_1000_v1,missing,,,,,0.5,,100,2,25,fb89464a08a8315316a993462b898339a1874a83f2825c9a1b6ff87072390d28,False,baseline,94584996df0a3595e0aecc2e477200b9fac89aecf145f121af818315d48d5bd7
RC208,solomon_txt,3d67d2a8e2758a324643f5d6c6ca87e8c56435273eaa04be33f213bb991f1f28,1,1,ok,True,4,1913075,1913.075,0.252176,0.500586,0,time_limit,solomon_exact_1000_v1,missing,,,,,0.5,,100,2,25,fb89464a08a8315316a993462b898339a1874a83f2825c9a1b6ff87072390d28,False,baseline,94584996df0a3595e0aecc2e477200b9fac89aecf145f121af818315d48d5bd7
RC208,solomon_txt,3d67d2a8e2758a324643f5d6c6ca87e8c56435273eaa04be33f213bb991f1f28,2,1,ok,True,4,1913075,1913.075,0.217947,0.500705,0,time_limit,solomon_exact_1000_v1,missing,,,,,0.5,,100,2,25,fb89464a08a8315316a993462b898339a1874a83f2825c9a1b6ff87072390d28,False,baseline,94584996df0a3595e0aecc2e477200b9fac89aecf145f121af818315d48d5bd7
C101,solomon_txt,a6da75152d182d60ecd2c6f854296f5be452f92282d096adebcf5d99a7f16516,0,1,ok,True,11,1015038,1015.038,0.105873,0.50059,1,time_limit,solomon_exact_1000_v1,different_vehicles,10,828.94,,,0.5,,10,2,25,fb89464a08a8315316a993462b898339a1874a83f2825c9a1b6ff87072390d28,False,attempts10,da10696e35556bdf5d25e2d0fd1eecaeac508d4192e50a5af283c880ab4ae0ea
C101,solomon_txt,a6da75152d182d60ecd2c6f854296f5be452f92282d096adebcf5d99a7f16516,1,1,ok,True,10,828937,828.937,0.099366,0.500566,1,time_limit,solomon_exact_1000_v1,same_vehicles,10,828.94,-0.0004,,0.5,,10,2,25,fb89464a08a8315316a993462b898339a1874a83f2825c9a1b6ff87072390d28,False,attempts10,da10696e35556bdf5d25e2d0fd1eecaeac508d4192e50a5af283c880ab4ae0ea
C101,solomon_txt,a6da75152d182d60ecd2c6f854296f5be452f92282d096adebcf5d99a7f16516,2,1,ok,True,10,828937,828.937,0.099869,0.500595,1,time_limit,solomon_exact_1000_v1,same_vehicles,10,828.94,-0.0004,,0.5,,10,2,25,fb89464a08a8315316a993462b898339a1874a83f2825c9a1b6ff87072390d28,False,attempts10,da10696e35556bdf5d25e2d0fd1eecaeac508d4192e50a5af283c880ab4ae0ea
C102,solomon_txt,f89a0e2a760cc7448a4ca72b88e5b29b94d64b5548f3320f42a6230025ead653,0,1,ok,True,10,1258583,1258.583,0.10349,0.500608,1,time_limit,solomon_exact_1000_v1,same_vehicles,10,828.94,51.8304,,0.5,,10,2,25,fb89464a08a8315316a993462b898339a1874a83f2825c9a1b6ff87072390d28,False,attempts10,da10696e35556bdf5d25e2d0fd1eecaeac508d4192e50a5af283c880ab4ae0ea
C102,solomon_txt,f89a0e2a760cc7448a4ca72b88e5b29b94d64b5548f3320f42a6230025ead653,1,1,ok,True,10,1258583,1258.583,0.103237,0.500631,1,time_limit,solomon_exact_1000_v1,same_vehicles,10,828.94,51.8304,,0.5,,10,2,25,fb89464a08a8315316a993462b898339a1874a83f2825c9a1b6ff87072390d28,False,attempts10,da10696e35556bdf5d25e2d0fd1eecaeac508d4192e50a5af283c880ab4ae0ea
C102,solomon_txt,f89a0e2a760cc7448a4ca72b88e5b29b94d64b5548f3320f42a6230025ead653,2,1,ok,True,10,1258583,1258.583,0.103133,0.500642,1,time_limit,solomon_exact_1000_v1,same_vehicles,10,828.94,51.8304,,0.5,,10,2,25,fb89464a08a8315316a993462b898339a1874a83f2825c9a1b6ff87072390d28,False,attempts10,da10696e35556bdf5d25e2d0fd1eecaeac508d4192e50a5af283c880ab4ae0ea
C103,solomon_txt,a55cabf15e0da9d65696a5fb45c9852889479893f76f772a428ca15d1b415a51,0,1,ok,True,10,1842860,1842.86,0.112632,0.500581,1,time_limit,solomon_exact_1000_v1,same_vehicles,10,828.06,122.5515,,0.5,,10,2,25,fb89464a08a8315316a993462b898339a1874a83f2825c9a1b6ff87072390d28,False,attempts10,da10696e35556bdf5d25e2d0fd1eecaeac508d4192e50a5af283c880ab4ae0ea
C103,solomon_txt,a55cabf15e0da9d65696a5fb45c9852889479893f76f772a428ca15d1b415a51,1,1,ok,True,10,1812148,1812.148,0.114373,0.500574,5,time_limit,solomon_exact_1000_v1,same_vehicles,10,828.06,118.8426,,0.5,,10,2,25,fb89464a08a8315316a993462b898339a1874a83f2825c9a1b6ff87072390d28,False,attempts10,da10696e35556bdf5d25e2d0fd1eecaeac508d4192e50a5af283c880ab4ae0ea
C103,solomon_txt,a55cabf15e0da9d65696a5fb45c9852889479893f76f772a428ca15d1b415a51,2,1,ok,True,10,1821945,1821.945,0.115222,0.500632,4,time_limit,solomon_exact_1000_v1,same_vehicles,10,828.06,120.0257,,0.5,,10,2,25,fb89464a08a8315316a993462b898339a1874a83f2825c9a1b6ff87072390d28,False,attempts10,da10696e35556bdf5d25e2d0fd1eecaeac508d4192e50a5af283c880ab4ae0ea
C104,solomon_txt,fe333e81625ee5a75bb2ce98c2c9f356d07289237865b62a23ba2f32f0de5ee2,0,1,ok,True,10,1877310,1877.31,0.119661,0.500645,3,time_limit,solomon_exact_1000_v1,same_vehicles,10,824.78,127.6134,,0.5,,10,2,25,fb89464a08a8315316a993462b898339a1874a83f2825c9a1b6ff87072390d28,False,attempts10,da10696e35556bdf5d25e2d0fd1eecaeac508d4192e50a5af283c880ab4ae0ea
C104,solomon_txt,fe333e81625ee5a75bb2ce98c2c9f356d07289237865b62a23ba2f32f0de5ee2,1,1,ok,True,10,1948625,1948.625,0.119066,0.500816,3,time_limit,solomon_exact_1000_v1,same_vehicles,10,824.78,136.26,,0.5,,10,2,25,fb89464a08a8315316a993462b898339a1874a83f2825c9a1b6ff87072390d28,False,attempts10,da10696e35556bdf5d25e2d0fd1eecaeac508d4192e50a5af283c880ab4ae0ea
C104,solomon_txt,fe333e81625ee5a75bb2ce98c2c9f356d07289237865b62a23ba2f32f0de5ee2,2,1,ok,True,10,1892121,1892.121,0.118464,0.500624,3,time_limit,solomon_exact_1000_v1,same_vehicles,10,824.78,129.4092,,0.5,,10,2,25,fb89464a08a8315316a993462b898339a1874a83f2825c9a1b6ff87072390d28,False,attempts10,da10696e35556bdf5d25e2d0fd1eecaeac508d4192e50a5af283c880ab4ae0ea
C105,solomon_txt,9a877a3a6fb922e7ad9297cc0308bc8a5652cb1495a0228ee6b81b2d938aa29f,0,1,ok,True,11,1230499,1230.499,0.098547,0.500633,2,time_limit,solomon_exact_1000_v1,different_vehicles,10,828.94,,,0.5,,10,2,25,fb89464a08a8315316a993462b898339a1874a83f2825c9a1b6ff87072390d28,False,attempts10,da10696e35556bdf5d25e2d0fd1eecaeac508d4192e50a5af283c880ab4ae0ea
C105,solomon_txt,9a877a3a6fb922e7ad9297cc0308bc8a5652cb1495a0228ee6b81b2d938aa29f,1,1,ok,True,10,1039051,1039.051,0.111204,0.5006,1,time_limit,solomon_exact_1000_v1,same_vehicles,10,828.94,25.3469,,0.5,,10,2,25,fb89464a08a8315316a993462b898339a1874a83f2825c9a1b6ff87072390d28,False,attempts10,da10696e35556bdf5d25e2d0fd1eecaeac508d4192e50a5af283c880ab4ae0ea
C105,solomon_txt,9a877a3a6fb922e7ad9297cc0308bc8a5652cb1495a0228ee6b81b2d938aa29f,2,1,ok,True,10,1066901,1066.901,0.099793,0.501238,1,time_limit,solomon_exact_1000_v1,same_vehicles,10,828.94,28.7067,,0.5,,10,2,25,fb89464a08a8315316a993462b898339a1874a83f2825c9a1b6ff87072390d28,False,attempts10,da10696e35556bdf5d25e2d0fd1eecaeac508d4192e50a5af283c880ab4ae0ea
C106,solomon_txt,ec9b419bed53e9c607cce76e8c6bc59feb6e4d17646905601f008a4141ec7b40,0,1,ok,True,11,1084360,1084.36,0.099406,0.500559,1,time_limit,solomon_exact_1000_v1,different_vehicles,10,828.94,,,0.5,,10,2,25,fb89464a08a8315316a993462b898339a1874a83f2825c9a1b6ff87072390d28,False,attempts10,da10696e35556bdf5d25e2d0fd1eecaeac508d4192e50a5af283c880ab4ae0ea
C106,solomon_txt,ec9b419bed53e9c607cce76e8c6bc59feb6e4d17646905601f008a4141ec7b40,1,1,ok,True,10,1100696,1100.696,0.096441,0.501186,1,time_limit,solomon_exact_1000_v1,same_vehicles,10,828.94,32.7836,,0.5,,10,2,25,fb89464a08a8315316a993462b898339a1874a83f2825c9a1b6ff87072390d28,False,attempts10,da10696e35556bdf5d25e2d0fd1eecaeac508d4192e50a5af283c880ab4ae0ea
C106,solomon_txt,ec9b419bed53e9c607cce76e8c6bc59feb6e4d17646905601f008a4141ec7b40,2,1,ok,True,10,1084912,1084.912,0.096411,0.5006,1,time_limit,solomon_exact_1000_v1,same_vehicles,10,828.94,30.8794,,0.5,,10,2,25,fb89464a08a8315316a993462b898339a1874a83f2825c9a1b6ff87072390d28,False,attempts10,da10696e35556bdf5d25e2d0fd1eecaeac508d4192e50a5af283c880ab4ae0ea
C107,solomon_txt,cb3cdc10d812fa17370eb52cb753b6b0574426dc6fabeb8b9076ed750ddf05ca,0,1,ok,True,10,1037431,1037.431,0.105636,0.500679,1,time_limit,solomon_exact_1000_v1,same_vehicles,10,828.06,25.2845,,0.5,,10,2,25,fb89464a08a8315316a993462b898339a1874a83f2825c9a1b6ff87072390d28,False,attempts10,da10696e35556bdf5d25e2d0fd1eecaeac508d4192e50a5af283c880ab4ae0ea
C107,solomon_txt,cb3cdc10d812fa17370eb52cb753b6b0574426dc6fabeb8b9076ed750ddf05ca,1,1,ok,True,10,1119053,1119.053,0.104614,0.500579,1,time_limit,solomon_exact_1000_v1,same_vehicles,10,828.06,35.1415,,0.5,,10,2,25,fb89464a08a8315316a993462b898339a1874a83f2825c9a1b6ff87072390d28,False,attempts10,da10696e35556bdf5d25e2d0fd1eecaeac508d4192e50a5af283c880ab4ae0ea
C107,solomon_txt,cb3cdc10d812fa17370eb52cb753b6b0574426dc6fabeb8b9076ed750ddf05ca,2,1,ok,True,10,1087988,1087.988,0.110739,0.500608,1,time_limit,solomon_exact_1000_v1,same_vehicles,10,828.06,31.39,,0.5,,10,2,25,fb89464a08a8315316a993462b898339a1874a83f2825c9a1b6ff87072390d28,False,attempts10,da10696e35556bdf5d25e2d0fd1eecaeac508d4192e50a5af283c880ab4ae0ea
C108,solomon_txt,b8c7e48f292b66b283d8e71511e3a4eccaa4c4bc66b9313c399e73b0226f5953,0,1,ok,True,11,2132182,2132.182,0.098651,0.500574,0,time_limit,solomon_exact_1000_v1,different_vehicles,10,828.94,,,0.5,,10,2,25,fb89464a08a8315316a993462b898339a1874a83f2825c9a1b6ff87072390d28,False,attempts10,da10696e35556bdf5d25e2d0fd1eecaeac508d4192e50a5af283c880ab4ae0ea
C108,solomon_txt,b8c7e48f292b66b283d8e71511e3a4eccaa4c4bc66b9313c399e73b0226f5953,1,1,ok,True,10,1562897,1562.897,0.098701,0.500661,2,time_limit,solomon_exact_1000_v1,same_vehicles,10,828.94,88.5416,,0.5,,10,2,25,fb89464a08a8315316a993462b898339a1874a83f2825c9a1b6ff87072390d28,False,attempts10,da10696e35556bdf5d25e2d0fd1eecaeac508d4192e50a5af283c880ab4ae0ea
C108,solomon_txt,b8c7e48f292b66b283d8e71511e3a4eccaa4c4bc66b9313c399e73b0226f5953,2,1,ok,True,10,1419591,1419.591,0.099237,0.501184,2,time_limit,solomon_exact_1000_v1,same_vehicles,10,828.94,71.2538,,0.5,,10,2,25,fb89464a08a8315316a993462b898339a1874a83f2825c9a1b6ff87072390d28,False,attempts10,da10696e35556bdf5d25e2d0fd1eecaeac508d4192e50a5af283c880ab4ae0ea
C109,solomon_txt,72d8489e14bf1bb18456f0b21b01110506cbcc2354719dae8481b480150f142a,0,1,ok,True,10,1664883,1664.883,0.119204,0.500626,4,time_limit,solomon_exact_1000_v1,same_vehicles,10,828.94,100.8448,,0.5,,10,2,25,fb89464a08a8315316a993462b898339a1874a83f2825c9a1b6ff87072390d28,False,attempts10,da10696e35556bdf5d25e2d0fd1eecaeac508d4192e50a5af283c880ab4ae0ea
C109,solomon_txt,72d8489e14bf1bb18456f0b21b01110506cbcc2354719dae8481b480150f142a,1,1,ok,True,10,1613834,1613.834,0.106569,0.500989,4,time_limit,solomon_exact_1000_v1,same_vehicles,10,828.94,94.6865,,0.5,,10,2,25,fb89464a08a8315316a993462b898339a1874a83f2825c9a1b6ff87072390d28,False,attempts10,da10696e35556bdf5d25e2d0fd1eecaeac508d4192e50a5af283c880ab4ae0ea
C109,solomon_txt,72d8489e14bf1bb18456f0b21b01110506cbcc2354719dae8481b480150f142a,2,1,ok,True,10,1667547,1667.547,0.108788,0.500647,3,time_limit,solomon_exact_1000_v1,same_vehicles,10,828.94,101.1662,,0.5,,10,2,25,fb89464a08a8315316a993462b898339a1874a83f2825c9a1b6ff87072390d28,False,attempts10,da10696e35556bdf5d25e2d0fd1eecaeac508d4192e50a5af283c880ab4ae0ea
C201,solomon_txt,d8d9834087ae2326fa23a8510533060233dc9fb481873be60956eb26a880ad63,0,1,ok,True,3,704252,704.252,0.263213,0.500834,1,time_limit,solomon_exact_1000_v1,same_vehicles,3,591.56,19.05,,0.5,,10,2,25,fb89464a08a8315316a993462b898339a1874a83f2825c9a1b6ff87072390d28,False,attempts10,da10696e35556bdf5d25e2d0fd1eecaeac508d4192e50a5af283c880ab4ae0ea
C201,solomon_txt,d8d9834087ae2326fa23a8510533060233dc9fb481873be60956eb26a880ad63,1,1,ok,True,3,704252,704.252,0.270188,0.500657,1,time_limit,solomon_exact_1000_v1,same_vehicles,3,591.56,19.05,,0.5,,10,2,25,fb89464a08a8315316a993462b898339a1874a83f2825c9a1b6ff87072390d28,False,attempts10,da10696e35556bdf5d25e2d0fd1eecaeac508d4192e50a5af283c880ab4ae0ea
C201,solomon_txt,d8d9834087ae2326fa23a8510533060233dc9fb481873be60956eb26a880ad63,2,1,ok,True,3,704252,704.252,0.272287,0.500761,1,time_limit,solomon_exact_1000_v1,same_vehicles,3,591.56,19.05,,0.5,,10,2,25,fb89464a08a8315316a993462b898339a1874a83f2825c9a1b6ff87072390d28,False,attempts10,da10696e35556bdf5d25e2d0fd1eecaeac508d4192e50a5af283c880ab4ae0ea
C202,solomon_txt,dfc8ecad79f6c7ffb096cd36994143569f0babe284d5ad194683271d81063772,0,1,ok,True,3,749519,749.519,0.247277,0.500709,1,time_limit,solomon_exact_1000_v1,same_vehicles,3,591.56,26.7021,,0.5,,10,2,25,fb89464a08a8315316a993462b898339a1874a83f2825c9a1b6ff87072390d28,False,attempts10,da10696e35556bdf5d25e2d0fd1eecaeac508d4192e50a5af283c880ab4ae0ea
C202,solomon_txt,dfc8ecad79f6c7ffb096cd36994143569f0babe284d5ad194683271d81063772,1,1,ok,True,3,746236,746.236,0.254448,0.500658,1,time_limit,solomon_exact_1000_v1,same_vehicles,3,591.56,26.1471,,0.5,,10,2,25,fb89464a08a8315316a993462b898339a1874a83f2825c9a1b6ff87072390d28,False,attempts10,da10696e35556bdf5d25e2d0fd1eecaeac508d4192e50a5af283c880ab4ae0ea
C202,solomon_txt,dfc8ecad79f6c7ffb096cd36994143569f0babe284d5ad194683271d81063772,2,1,ok,True,3,746236,746.236,0.250518,0.500604,1,time_limit,solomon_exact_1000_v1,same_vehicles,3,591.56,26.1471,,0.5,,10,2,25,fb89464a08a8315316a993462b898339a1874a83f2825c9a1b6ff87072390d28,False,attempts10,da10696e35556bdf5d25e2d0fd1eecaeac508d4192e50a5af283c880ab4ae0ea
C203,solomon_txt,2b79eea2962a848cb29f6153d4fb4ae725d35507686d937da6643b33fcd85062,0,1,ok,True,3,681508,681.508,0.240554,0.500539,1,time_limit,solomon_exact_1000_v1,same_vehicles,3,591.17,15.2812,,0.5,,10,2,25,fb89464a08a8315316a993462b898339a1874a83f2825c9a1b6ff87072390d28,False,attempts10,da10696e35556bdf5d25e2d0fd1eecaeac508d4192e50a5af283c880ab4ae0ea
C203,solomon_txt,2b79eea2962a848cb29f6153d4fb4ae725d35507686d937da6643b33fcd85062,1,1,ok,True,3,765859,765.859,0.239802,0.500626,1,time_limit,solomon_exact_1000_v1,same_vehicles,3,591.17,29.5497,,0.5,,10,2,25,fb89464a08a8315316a993462b898339a1874a83f2825c9a1b6ff87072390d28,False,attempts10,da10696e35556bdf5d25e2d0fd1eecaeac508d4192e50a5af283c880ab4ae0ea
C203,solomon_txt,2b79eea2962a848cb29f6153d4fb4ae725d35507686d937da6643b33fcd85062,2,1,ok,True,3,695185,695.185,0.243649,0.500523,1,time_limit,solomon_exact_1000_v1,same_vehicles,3,591.17,17.5948,,0.5,,10,2,25,fb89464a08a8315316a993462b898339a1874a83f2825c9a1b6ff87072390d28,False,attempts10,da10696e35556bdf5d25e2d0fd1eecaeac508d4192e50a5af283c880ab4ae0ea
C204,solomon_txt,4331b2744d34e32c2987e3fe8a82b782a2039d757d2aac818f7e0fd21117bfb4,0,1,ok,True,3,965970,965.97,0.261885,0.500337,1,time_limit,solomon_exact_1000_v1,same_vehicles,3,590.6,63.5574,,0.5,,10,2,25,fb89464a08a8315316a993462b898339a1874a83f2825c9a1b6ff87072390d28,False,attempts10,da10696e35556bdf5d25e2d0fd1eecaeac508d4192e50a5af283c880ab4ae0ea
C204,solomon_txt,4331b2744d34e32c2987e3fe8a82b782a2039d757d2aac818f7e0fd21117bfb4,1,1,ok,True,3,780549,780.549,0.266484,0.500308,1,time_limit,solomon_exact_1000_v1,same_vehicles,3,590.6,32.162,,0.5,,10,2,25,fb89464a08a8315316a993462b898339a1874a83f2825c9a1b6ff87072390d28,False,attempts10,da10696e35556bdf5d25e2d0fd1eecaeac508d4192e50a5af283c880ab4ae0ea
C204,solomon_txt,4331b2744d34e32c2987e3fe8a82b782a2039d757d2aac818f7e0fd21117bfb4,2,1,ok,True,3,743140,743.14,0.270638,0.500322,1,time_limit,solomon_exact_1000_v1,same_vehicles,3,590.6,25.828,,0.5,,10,2,25,fb89464a08a8315316a993462b898339a1874a83f2825c9a1b6ff87072390d28,False,attempts10,da10696e35556bdf5d25e2d0fd1eecaeac508d4192e50a5af283c880ab4ae0ea
C205,solomon_txt,15be2bb8c3e4ad99a79d1e7ee0472223feb95a4f423d010e032bda0a87266ca5,0,1,ok,True,3,786435,786.435,0.230385,0.500371,1,time_limit,solomon_exact_1000_v1,same_vehicles,3,588.88,33.5476,,0.5,,10,2,25,fb89464a08a8315316a993462b898339a1874a83f2825c9a1b6ff87072390d28,False,attempts10,da10696e35556bdf5d25e2d0fd1eecaeac508d4192e50a5af283c880ab4ae0ea
C205,solomon_txt,15be2bb8c3e4ad99a79d1e7ee0472223feb95a4f423d010e032bda0a87266ca5,1,1,ok,True,4,912158,912.158,0.251651,0.500593,0,time_limit,solomon_exact_1000_v1,different_vehicles,3,588.88,,,0.5,,10,2,25,fb89464a08a8315316a993462b898339a1874a83f2825c9a1b6ff87072390d28,False,attempts10,da10696e35556bdf5d25e2d0fd1eecaeac508d4192e50a5af283c880ab4ae0ea
C205,solomon_txt,15be2bb8c3e4ad99a79d1e7ee0472223feb95a4f423d010e032bda0a87266ca5,2,1,ok,True,4,912158,912.158,0.237389,0.500553,0,time_limit,solomon_exact_1000_v1,different_vehicles,3,588.88,,,0.5,,10,2,25,fb89464a08a8315316a993462b898339a1874a83f2825c9a1b6ff87072390d28,False,attempts10,da10696e35556bdf5d25e2d0fd1eecaeac508d4192e50a5af283c880ab4ae0ea
C206,solomon_txt,745b6c7042707ffbbfc4d681ee02a84431425f1dfb3c8aa85ecf003fec8f7e53,0,1,ok,True,4,1154595,1154.595,0.248397,0.500569,0,time_limit,solomon_exact_1000_v1,different_vehicles,3,588.49,,,0.5,,10,2,25,fb89464a08a8315316a993462b898339a1874a83f2825c9a1b6ff87072390d28,False,attempts10,da10696e35556bdf5d25e2d0fd1eecaeac508d4192e50a5af283c880ab4ae0ea
C206,solomon_txt,745b6c7042707ffbbfc4d681ee02a84431425f1dfb3c8aa85ecf003fec8f7e53,1,1,ok,True,4,1154595,1154.595,0.260332,0.500582,0,time_limit,solomon_exact_1000_v1,different_vehicles,3,588.49,,,0.5,,10,2,25,fb89464a08a8315316a993462b898339a1874a83f2825c9a1b6ff87072390d28,False,attempts10,da10696e35556bdf5d25e2d0fd1eecaeac508d4192e50a5af283c880ab4ae0ea
C206,solomon_txt,745b6c7042707ffbbfc4d681ee02a84431425f1dfb3c8aa85ecf003fec8f7e53,2,1,ok,True,4,1154595,1154.595,0.2536,0.500576,0,time_limit,solomon_exact_1000_v1,different_vehicles,3,588.49,,,0.5,,10,2,25,fb89464a08a8315316a993462b898339a1874a83f2825c9a1b6ff87072390d28,False,attempts10,da10696e35556bdf5d25e2d0fd1eecaeac508d4192e50a5af283c880ab4ae0ea
C207,solomon_txt,a33f03570a944c8a6d185fd6a173e66c68e67c399a4958b2d5b6d49533ace4a4,0,1,ok,True,4,980937,980.937,0.26185,0.500574,0,time_limit,solomon_exact_1000_v1,different_vehicles,3,588.29,,,0.5,,10,2,25,fb89464a08a8315316a993462b898339a1874a83f2825c9a1b6ff87072390d28,False,attempts10,da10696e35556bdf5d25e2d0fd1eecaeac508d4192e50a5af283c880ab4ae0ea
C207,solomon_txt,a33f03570a944c8a6d185fd6a173e66c68e67c399a4958b2d5b6d49533ace4a4,1,1,ok,True,4,980937,980.937,0.274294,0.500583,0,time_limit,solomon_exact_1000_v1,different_vehicles,3,588.29,,,0.5,,10,2,25,fb89464a08a8315316a993462b898339a1874a83f2825c9a1b6ff87072390d28,False,attempts10,da10696e35556bdf5d25e2d0fd1eecaeac508d4192e50a5af283c880ab4ae0ea
C207,solomon_txt,a33f03570a944c8a6d185fd6a173e66c68e67c399a4958b2d5b6d49533ace4a4,2,1,ok,True,4,980937,980.937,0.27972,0.5006,0,time_limit,solomon_exact_1000_v1,different_vehicles,3,588.29,,,0.5,,10,2,25,fb89464a08a8315316a993462b898339a1874a83f2825c9a1b6ff87072390d28,False,attempts10,da10696e35556bdf5d25e2d0fd1eecaeac508d4192e50a5af283c880ab4ae0ea
C208,solomon_txt,1c2f2381b8743680dbeb34322869cbf5a6cdd8c281f4bcffdb99b533e601874b,0,1,ok,True,4,957831,957.831,0.275846,0.500608,0,time_limit,solomon_exact_1000_v1,different_vehicles,3,588.32,,,0.5,,10,2,25,fb89464a08a8315316a993462b898339a1874a83f2825c9a1b6ff87072390d28,False,attempts10,da10696e35556bdf5d25e2d0fd1eecaeac508d4192e50a5af283c880ab4ae0ea
C208,solomon_txt,1c2f2381b8743680dbeb34322869cbf5a6cdd8c281f4bcffdb99b533e601874b,1,1,ok,True,4,957831,957.831,0.259471,0.500667,0,time_limit,solomon_exact_1000_v1,different_vehicles,3,588.32,,,0.5,,10,2,25,fb89464a08a8315316a993462b898339a1874a83f2825c9a1b6ff87072390d28,False,attempts10,da10696e35556bdf5d25e2d0fd1eecaeac508d4192e50a5af283c880ab4ae0ea
C208,solomon_txt,1c2f2381b8743680dbeb34322869cbf5a6cdd8c281f4bcffdb99b533e601874b,2,1,ok,True,4,957831,957.831,0.262218,0.500557,0,time_limit,solomon_exact_1000_v1,different_vehicles,3,588.32,,,0.5,,10,2,25,fb89464a08a8315316a993462b898339a1874a83f2825c9a1b6ff87072390d28,False,attempts10,da10696e35556bdf5d25e2d0fd1eecaeac508d4192e50a5af283c880ab4ae0ea
R101,solomon_txt,3f3655182bc0fe44ce5de65fdcd2ee2f9c7fb9ed055f923635151d9d6f76d3ed,0,1,ok,True,22,1906946,1906.946,0.076363,0.50062,1,time_limit,solomon_exact_1000_v1,missing,,,,,0.5,,10,2,25,fb89464a08a8315316a993462b898339a1874a83f2825c9a1b6ff87072390d28,False,attempts10,da10696e35556bdf5d25e2d0fd1eecaeac508d4192e50a5af283c880ab4ae0ea
R101,solomon_txt,3f3655182bc0fe44ce5de65fdcd2ee2f9c7fb9ed055f923635151d9d6f76d3ed,1,1,ok,True,22,1913179,1913.179,0.085269,0.500695,0,time_limit,solomon_exact_1000_v1,missing,,,,,0.5,,10,2,25,fb89464a08a8315316a993462b898339a1874a83f2825c9a1b6ff87072390d28,False,attempts10,da10696e35556bdf5d25e2d0fd1eecaeac508d4192e50a5af283c880ab4ae0ea
R101,solomon_txt,3f3655182bc0fe44ce5de65fdcd2ee2f9c7fb9ed055f923635151d9d6f76d3ed,2,1,ok,True,23,2019424,2019.424,0.07573,0.500654,0,time_limit,solomon_exact_1000_v1,missing,,,,,0.5,,10,2,25,fb89464a08a8315316a993462b898339a1874a83f2825c9a1b6ff87072390d28,False,attempts10,da10696e35556bdf5d25e2d0fd1eecaeac508d4192e50a5af283c880ab4ae0ea
R102,solomon_txt,eeb23171b7e4fbfc80bf000ca770329109900fbd7273fa8b9d1f95b7dfe683c3,0,1,ok,True,20,1652951,1652.951,0.085132,0.500591,1,time_limit,solomon_exact_1000_v1,missing,,,,,0.5,,10,2,25,fb89464a08a8315316a993462b898339a1874a83f2825c9a1b6ff87072390d28,False,attempts10,da10696e35556bdf5d25e2d0fd1eecaeac508d4192e50a5af283c880ab4ae0ea
R102,solomon_txt,eeb23171b7e4fbfc80bf000ca770329109900fbd7273fa8b9d1f95b7dfe683c3,1,1,ok,True,19,1744933,1744.933,0.081763,0.500624,0,time_limit,solomon_exact_1000_v1,missing,,,,,0.5,,10,2,25,fb89464a08a8315316a993462b898339a1874a83f2825c9a1b6ff87072390d28,False,attempts10,da10696e35556bdf5d25e2d0fd1eecaeac508d4192e50a5af283c880ab4ae0ea
R102,solomon_txt,eeb23171b7e4fbfc80bf000ca770329109900fbd7273fa8b9d1f95b7dfe683c3,2,1,ok,True,19,1743702,1743.702,0.081971,0.50059,1,time_limit,solomon_exact_1000_v1,missing,,,,,0.5,,10,2,25,fb89464a08a8315316a993462b898339a1874a83f2825c9a1b6ff87072390d28,False,attempts10,da10696e35556bdf5d25e2d0fd1eecaeac508d4192e50a5af283c880ab4ae0ea
R103,solomon_txt,1f833e8648ba39e0edc76754fb49e81777a7175cf7b084c3f60a12607bfb3991,0,1,ok,True,14,1543269,1543.269,0.093426,0.500589,2,time_limit,solomon_exact_1000_v1,missing,,,,,0.5,,10,2,25,fb89464a08a8315316a993462b898339a1874a83f2825c9a1b6ff87072390d28,False,attempts10,da10696e35556bdf5d25e2d0fd1eecaeac508d4192e50a5af283c880ab4ae0ea
R103,solomon_txt,1f833e8648ba39e0edc76754fb49e81777a7175cf7b084c3f60a12607bfb3991,1,1,ok,True,14,1543269,1543.269,0.09339,0.500558,3,time_limit,solomon_exact_1000_v1,missing,,,,,0.5,,10,2,25,fb89464a08a8315316a993462b898339a1874a83f2825c9a1b6ff87072390d28,False,attempts10,da10696e35556bdf5d25e2d0fd1eecaeac508d4192e50a5af283c880ab4ae0ea
R103,solomon_txt,1f833e8648ba39e0edc76754fb49e81777a7175cf7b084c3f60a12607bfb3991,2,1,ok,True,14,1540040,1540.04,0.096699,0.500624,2,time_limit,solomon_exact_1000_v1,missing,,,,,0.5,,10,2,25,fb89464a08a8315316a993462b898339a1874a83f2825c9a1b6ff87072390d28,False,attempts10,da10696e35556bdf5d25e2d0fd1eecaeac508d4192e50a5af283c880ab4ae0ea
R104,solomon_txt,dd087124311d91facd81736debbfc7d0f351d27942917e2d76cbafd01e6183b7,0,1,ok,True,12,1592207,1592.207,0.106104,0.500587,0,time_limit,solomon_exact_1000_v1,missing,,,,,0.5,,10,2,25,fb89464a08a8315316a993462b898339a1874a83f2825c9a1b6ff87072390d28,False,attempts10,da10696e35556bdf5d25e2d0fd1eecaeac508d4192e50a5af283c880ab4ae0ea
R104,solomon_txt,dd087124311d91facd81736debbfc7d0f351d27942917e2d76cbafd01e6183b7,1,1,ok,True,11,1241810,1241.81,0.106317,0.500595,0,time_limit,solomon_exact_1000_v1,missing,,,,,0.5,,10,2,25,fb89464a08a8315316a993462b898339a1874a83f2825c9a1b6ff87072390d28,False,attempts10,da10696e35556bdf5d25e2d0fd1eecaeac508d4192e50a5af283c880ab4ae0ea
R104,solomon_txt,dd087124311d91facd81736debbfc7d0f351d27942917e2d76cbafd01e6183b7,2,1,ok,True,11,1321819,1321.819,0.107232,0.50095,0,time_limit,solomon_exact_1000_v1,missing,,,,,0.5,,10,2,25,fb89464a08a8315316a993462b898339a1874a83f2825c9a1b6ff87072390d28,False,attempts10,da10696e35556bdf5d25e2d0fd1eecaeac508d4192e50a5af283c880ab4ae0ea
R105,solomon_txt,ff1a614f8458d6339b3f54d8e4ca2dcf0a35c96012f477f6a819ae481de85ca4,0,1,ok,True,17,1734216,1734.216,0.087861,0.5006,0,time_limit,solomon_exact_1000_v1,missing,,,,,0.5,,10,2,25,fb89464a08a8315316a993462b898339a1874a83f2825c9a1b6ff87072390d28,False,attempts10,da10696e35556bdf5d25e2d0fd1eecaeac508d4192e50a5af283c880ab4ae0ea
R105,solomon_txt,ff1a614f8458d6339b3f54d8e4ca2dcf0a35c96012f477f6a819ae481de85ca4,1,1,ok,True,17,1683209,1683.209,0.084389,0.50094,0,time_limit,solomon_exact_1000_v1,missing,,,,,0.5,,10,2,25,fb89464a08a8315316a993462b898339a1874a83f2825c9a1b6ff87072390d28,False,attempts10,da10696e35556bdf5d25e2d0fd1eecaeac508d4192e50a5af283c880ab4ae0ea
R105,solomon_txt,ff1a614f8458d6339b3f54d8e4ca2dcf0a35c96012f477f6a819ae481de85ca4,2,1,ok,True,17,1834998,1834.998,0.088019,0.500606,0,time_limit,solomon_exact_1000_v1,missing,,,,,0.5,,10,2,25,fb89464a08a8315316a993462b898339a1874a83f2825c9a1b6ff87072390d28,False,attempts10,da10696e35556bdf5d25e2d0fd1eecaeac508d4192e50a5af283c880ab4ae0ea
R106,solomon_txt,31b8783d177f0fbe1c84b8f085fbf28b1989a80e4c00f49f5654ebef99835e97,0,1,ok,True,14,1545086,1545.086,0.088351,0.50057,0,time_limit,solomon_exact_1000_v1,missing,,,,,0.5,,10,2,25,fb89464a08a8315316a993462b898339a1874a83f2825c9a1b6ff87072390d28,False,attempts10,da10696e35556bdf5d25e2d0fd1eecaeac508d4192e50a5af283c880ab4ae0ea
R106,solomon_txt,31b8783d177f0fbe1c84b8f085fbf28b1989a80e4c00f49f5654ebef99835e97,1,1,ok,True,15,1572430,1572.43,0.092751,0.500604,0,time_limit,solomon_exact_1000_v1,missing,,,,,0.5,,10,2,25,fb89464a08a8315316a993462b898339a1874a83f2825c9a1b6ff87072390d28,False,attempts10,da10696e35556bdf5d25e2d0fd1eecaeac508d4192e50a5af283c880ab4ae0ea
R106,solomon_txt,31b8783d177f0fbe1c84b8f085fbf28b1989a80e4c00f49f5654ebef99835e97,2,1,ok,True,14,1559373,1559.373,0.084468,0.500588,0,time_limit,solomon_exact_1000_v1,missing,,,,,0.5,,10,2,25,fb89464a08a8315316a993462b898339a1874a83f2825c9a1b6ff87072390d28,False,attempts10,da10696e35556bdf5d25e2d0fd1eecaeac508d4192e50a5af283c880ab4ae0ea
R107,solomon_txt,dba2b257a1d43d7c78d5e3a9f09091a2b125d3fbec78c0c8a1782add669a1275,0,1,ok,True,13,1331890,1331.89,0.10969,0.500624,0,time_limit,solomon_exact_1000_v1,missing,,,,,0.5,,10,2,25,fb89464a08a8315316a993462b898339a1874a83f2825c9a1b6ff87072390d28,False,attempts10,da10696e35556bdf5d25e2d0fd1eecaeac508d4192e50a5af283c880ab4ae0ea
R107,solomon_txt,dba2b257a1d43d7c78d5e3a9f09091a2b125d3fbec78c0c8a1782add669a1275,1,1,ok,True,12,1525686,1525.686,0.100754,0.50062,0,time_limit,solomon_exact_1000_v1,missing,,,,,0.5,,10,2,25,fb89464a08a8315316a993462b898339a1874a83f2825c9a1b6ff87072390d28,False,attempts10,da10696e35556bdf5d25e2d0fd1eecaeac508d4192e50a5af283c880ab4ae0ea
R107,solomon_txt,dba2b257a1d43d7c78d5e3a9f09091a2b125d3fbec78c0c8a1782add669a1275,2,1,ok,True,12,1486083,1486.083,0.101101,0.500596,0,time_limit,solomon_exact_1000_v1,missing,,,,,0.5,,10,2,25,fb89464a08a8315316a993462b898339a1874a83f2825c9a1b6ff87072390d28,False,attempts10,da10696e35556bdf5d25e2d0fd1eecaeac508d4192e50a5af283c880ab4ae0ea
R108,solomon_txt,65cae09f4099b7e70d2b723e0e3a30aa1494c75a367bb894a3fd13241ee639d4,0,1,ok,True,11,1315436,1315.436,0.105146,0.500604,0,time_limit,solomon_exact_1000_v1,missing,,,,,0.5,,10,2,25,fb89464a08a8315316a993462b898339a1874a83f2825c9a1b6ff87072390d28,False,attempts10,da10696e35556bdf5d25e2d0fd1eecaeac508d4192e50a5af283c880ab4ae0ea
R108,solomon_txt,65cae09f4099b7e70d2b723e0e3a30aa1494c75a367bb894a3fd13241ee639d4,1,1,ok,True,11,1274109,1274.109,0.105309,0.500591,0,time_limit,solomon_exact_1000_v1,missing,,,,,0.5,,10,2,25,fb89464a08a8315316a993462b898339a1874a83f2825c9a1b6ff87072390d28,False,attempts10,da10696e35556bdf5d25e2d0fd1eecaeac508d4192e50a5af283c880ab4ae0ea
R108,solomon_txt,65cae09f4099b7e70d2b723e0e3a30aa1494c75a367bb894a3fd13241ee639d4,2,1,ok,True,11,1360850,1360.85,0.105358,0.500597,0,time_limit,solomon_exact_1000_v1,missing,,,,,0.5,,10,2,25,fb89464a08a8315316a993462b898339a1874a83f2825c9a1b6ff87072390d28,False,attempts10,da10696e35556bdf5d25e2d0fd1eecaeac508d4192e50a5af283c880ab4ae0ea
R109,solomon_txt,4ef24030e8c48de5f85dcd90c5739186004fc8dec87533b6467013cf996f4777,0,1,ok,True,16,1597195,1597.195,0.082003,0.501027,0,time_limit,solomon_exact_1000_v1,missing,,,,,0.5,,10,2,25,fb89464a08a8315316a993462b898339a1874a83f2825c9a1b6ff87072390d28,False,attempts10,da10696e35556bdf5d25e2d0fd1eecaeac508d4192e50a5af283c880ab4ae0ea
R109,solomon_txt,4ef24030e8c48de5f85dcd90c5739186004fc8dec87533b6467013cf996f4777,1,1,ok,True,15,1669582,1669.582,0.092072,0.500922,0,time_limit,solomon_exact_1000_v1,missing,,,,,0.5,,10,2,25,fb89464a08a8315316a993462b898339a1874a83f2825c9a1b6ff87072390d28,False,attempts10,da10696e35556bdf5d25e2d0fd1eecaeac508d4192e50a5af283c880ab4ae0ea
R109,solomon_txt,4ef24030e8c48de5f85dcd90c5739186004fc8dec87533b6467013cf996f4777,2,1,ok,True,16,1844925,1844.925,0.088048,0.500691,0,time_limit,solomon_exact_1000_v1,missing,,,,,0.5,,10,2,25,fb89464a08a8315316a993462b898339a1874a83f2825c9a1b6ff87072390d28,False,attempts10,da10696e35556bdf5d25e2d0fd1eecaeac508d4192e50a5af283c880ab4ae0ea
R110,solomon_txt,14cb53cb99af61d3d708f07564b9a72d146e7c26b4f10507cfaf3bc828f34bfa,0,1,ok,True,14,1574826,1574.826,0.107455,0.500608,0,time_limit,solomon_exact_1000_v1,missing,,,,,0.5,,10,2,25,fb89464a08a8315316a993462b898339a1874a83f2825c9a1b6ff87072390d28,False,attempts10,da10696e35556bdf5d25e2d0fd1eecaeac508d4192e50a5af283c880ab4ae0ea
R110,solomon_txt,14cb53cb99af61d3d708f07564b9a72d146e7c26b4f10507cfaf3bc828f34bfa,1,1,ok,True,14,1546498,1546.498,0.102939,0.500732,0,time_limit,solomon_exact_1000_v1,missing,,,,,0.5,,10,2,25,fb89464a08a8315316a993462b898339a1874a83f2825c9a1b6ff87072390d28,False,attempts10,da10696e35556bdf5d25e2d0fd1eecaeac508d4192e50a5af283c880ab4ae0ea
R110,solomon_txt,14cb53cb99af61d3d708f07564b9a72d146e7c26b4f10507cfaf3bc828f34bfa,2,1,ok,True,14,1897804,1897.804,0.097928,0.500618,0,time_limit,solomon_exact_1000_v1,missing,,,,,0.5,,10,2,25,fb89464a08a8315316a993462b898339a1874a83f2825c9a1b6ff87072390d28,False,attempts10,da10696e35556bdf5d25e2d0fd1eecaeac508d4192e50a5af283c880ab4ae0ea
R111,solomon_txt,3d94a73b1f2fe8aae4618b9d9ea254cff2e3924a6a841aa390096ec6c60f258d,0,1,ok,True,12,1453553,1453.553,0.097255,0.500603,0,time_limit,solomon_exact_1000_v1,missing,,,,,0.5,,10,2,25,fb89464a08a8315316a993462b898339a1874a83f2825c9a1b6ff87072390d28,False,attempts10,da10696e35556bdf5d25e2d0fd1eecaeac508d4192e50a5af283c880ab4ae0ea
R111,solomon_txt,3d94a73b1f2fe8aae4618b9d9ea254cff2e3924a6a841aa390096ec6c60f258d,1,1,ok,True,13,1675090,1675.09,0.100259,0.500585,0,time_limit,solomon_exact_1000_v1,missing,,,,,0.5,,10,2,25,fb89464a08a8315316a993462b898339a1874a83f2825c9a1b6ff87072390d28,False,attempts10,da10696e35556bdf5d25e2d0fd1eecaeac508d4192e50a5af283c880ab4ae0ea
R111,solomon_txt,3d94a73b1f2fe8aae4618b9d9ea254cff2e3924a6a841aa390096ec6c60f258d,2,1,ok,True,12,1461553,1461.553,0.097747,0.500606,0,time_limit,solomon_exact_1000_v1,missing,,,,,0.5,,10,2,25,fb89464a08a8315316a993462b898339a1874a83f2825c9a1b6ff87072390d28,False,attempts10,da10696e35556bdf5d25e2d0fd1eecaeac508d4192e50a5af283c880ab4ae0ea
R112,solomon_txt,a0e93149d59d30c356619891d192e86d0f16c3158e1dac3bd9f23c6deb718271,0,1,ok,True,13,1576148,1576.148,0.093565,0.500616,0,time_limit,solomon_exact_1000_v1,missing,,,,,0.5,,10,2,25,fb89464a08a8315316a993462b898339a1874a83f2825c9a1b6ff87072390d28,False,attempts10,da10696e35556bdf5d25e2d0fd1eecaeac508d4192e50a5af283c880ab4ae0ea
R112,solomon_txt,a0e93149d59d30c356619891d192e86d0f16c3158e1dac3bd9f23c6deb718271,1,1,ok,True,13,1430395,1430.395,0.097264,0.500617,0,time_limit,solomon_exact_1000_v1,missing,,,,,0.5,,10,2,25,fb89464a08a8315316a993462b898339a1874a83f2825c9a1b6ff87072390d28,False,attempts10,da10696e35556bdf5d25e2d0fd1eecaeac508d4192e50a5af283c880ab4ae0ea
R112,solomon_txt,a0e93149d59d30c356619891d192e86d0f16c3158e1dac3bd9f23c6deb718271,2,1,ok,True,13,1273526,1273.526,0.094535,0.500591,0,time_limit,solomon_exact_1000_v1,missing,,,,,0.5,,10,2,25,fb89464a08a8315316a993462b898339a1874a83f2825c9a1b6ff87072390d28,False,attempts10,da10696e35556bdf5d25e2d0fd1eecaeac508d4192e50a5af283c880ab4ae0ea
R201,solomon_txt,0be960ec998fff2cab0bdbcc5194c617e5ca0a79c82c5b32b1d4bd98b2cae210,0,1,ok,True,5,1726658,1726.658,0.191627,0.500591,0,time_limit,solomon_exact_1000_v1,missing,,,,,0.5,,10,2,25,fb89464a08a8315316a993462b898339a1874a83f2825c9a1b6ff87072390d28,False,attempts10,da10696e35556bdf5d25e2d0fd1eecaeac508d4192e50a5af283c880ab4ae0ea
R201,solomon_txt,0be960ec998fff2cab0bdbcc5194c617e5ca0a79c82c5b32b1d4bd98b2cae210,1,1,ok,True,5,1726658,1726.658,0.195444,0.500565,0,time_limit,solomon_exact_1000_v1,missing,,,,,0.5,,10,2,25,fb89464a08a8315316a993462b898339a1874a83f2825c9a1b6ff87072390d28,False,attempts10,da10696e35556bdf5d25e2d0fd1eecaeac508d4192e50a5af283c880ab4ae0ea
R201,solomon_txt,0be960ec998fff2cab0bdbcc5194c617e5ca0a79c82c5b32b1d4bd98b2cae210,2,1,ok,True,5,1726658,1726.658,0.193118,0.500601,0,time_limit,solomon_exact_1000_v1,missing,,,,,0.5,,10,2,25,fb89464a08a8315316a993462b898339a1874a83f2825c9a1b6ff87072390d28,False,attempts10,da10696e35556bdf5d25e2d0fd1eecaeac508d4192e50a5af283c880ab4ae0ea
R202,solomon_txt,1f7761bb33e9dd0c94837b32c72280296ffc283dba997379c7ad75ce00dffc8d,0,1,ok,True,4,1622244,1622.244,0.230839,0.500339,1,time_limit,solomon_exact_1000_v1,missing,,,,,0.5,,10,2,25,fb89464a08a8315316a993462b898339a1874a83f2825c9a1b6ff87072390d28,False,attempts10,da10696e35556bdf5d25e2d0fd1eecaeac508d4192e50a5af283c880ab4ae0ea
R202,solomon_txt,1f7761bb33e9dd0c94837b32c72280296ffc283dba997379c7ad75ce00dffc8d,1,1,ok,True,4,1622244,1622.244,0.223607,0.500542,0,time_limit,solomon_exact_1000_v1,missing,,,,,0.5,,10,2,25,fb89464a08a8315316a993462b898339a1874a83f2825c9a1b6ff87072390d28,False,attempts10,da10696e35556bdf5d25e2d0fd1eecaeac508d4192e50a5af283c880ab4ae0ea
R202,solomon_txt,1f7761bb33e9dd0c94837b32c72280296ffc283dba997379c7ad75ce00dffc8d,2,1,ok,True,4,1622244,1622.244,0.231058,0.500585,0,time_limit,solomon_exact_1000_v1,missing,,,,,0.5,,10,2,25,fb89464a08a8315316a993462b898339a1874a83f2825c9a1b6ff87072390d28,False,attempts10,da10696e35556bdf5d25e2d0fd1eecaeac508d4192e50a5af283c880ab4ae0ea
R203,solomon_txt,38c484db31bd7452a94d533e26a2348ef598df600b79d061d9ddc1c61466a731,0,1,ok,True,3,1300221,1300.221,0.238694,0.500553,0,time_limit,solomon_exact_1000_v1,missing,,,,,0.5,,10,2,25,fb89464a08a8315316a993462b898339a1874a83f2825c9a1b6ff87072390d28,False,attempts10,da10696e35556bdf5d25e2d0fd1eecaeac508d4192e50a5af283c880ab4ae0ea
R203,solomon_txt,38c484db31bd7452a94d533e26a2348ef598df600b79d061d9ddc1c61466a731,1,1,ok,True,3,1300221,1300.221,0.242337,0.500809,0,time_limit,solomon_exact_1000_v1,missing,,,,,0.5,,10,2,25,fb89464a08a8315316a993462b898339a1874a83f2825c9a1b6ff87072390d28,False,attempts10,da10696e35556bdf5d25e2d0fd1eecaeac508d4192e50a5af283c880ab4ae0ea
R203,solomon_txt,38c484db31bd7452a94d533e26a2348ef598df600b79d061d9ddc1c61466a731,2,1,ok,True,3,1300221,1300.221,0.236797,0.500867,0,time_limit,solomon_exact_1000_v1,missing,,,,,0.5,,10,2,25,fb89464a08a8315316a993462b898339a1874a83f2825c9a1b6ff87072390d28,False,attempts10,da10696e35556bdf5d25e2d0fd1eecaeac508d4192e50a5af283c880ab4ae0ea
R204,solomon_txt,5349e37d8df99bcbee1efa2e970d2662b5265e5f82fc609343a6af0a60257abf,0,1,ok,True,3,1331038,1331.038,0.292965,0.50055,0,time_limit,solomon_exact_1000_v1,missing,,,,,0.5,,10,2,25,fb89464a08a8315316a993462b898339a1874a83f2825c9a1b6ff87072390d28,False,attempts10,da10696e35556bdf5d25e2d0fd1eecaeac508d4192e50a5af283c880ab4ae0ea
R204,solomon_txt,5349e37d8df99bcbee1efa2e970d2662b5265e5f82fc609343a6af0a60257abf,1,1,ok,True,3,1331038,1331.038,0.295999,0.500563,0,time_limit,solomon_exact_1000_v1,missing,,,,,0.5,,10,2,25,fb89464a08a8315316a993462b898339a1874a83f2825c9a1b6ff87072390d28,False,attempts10,da10696e35556bdf5d25e2d0fd1eecaeac508d4192e50a5af283c880ab4ae0ea
R204,solomon_txt,5349e37d8df99bcbee1efa2e970d2662b5265e5f82fc609343a6af0a60257abf,2,1,ok,True,3,1331038,1331.038,0.292175,0.500765,0,time_limit,solomon_exact_1000_v1,missing,,,,,0.5,,10,2,25,fb89464a08a8315316a993462b898339a1874a83f2825c9a1b6ff87072390d28,False,attempts10,da10696e35556bdf5d25e2d0fd1eecaeac508d4192e50a5af283c880ab4ae0ea
R205,solomon_txt,1996bf8f10716fb8cfc1a585206a6a6e566f32347c1bb8f36c75ed6c887f77e3,0,1,ok,True,4,1700248,1700.248,0.235742,0.500616,0,time_limit,solomon_exact_1000_v1,missing,,,,,0.5,,10,2,25,fb89464a08a8315316a993462b898339a1874a83f2825c9a1b6ff87072390d28,False,attempts10,da10696e35556bdf5d25e2d0fd1eecaeac508d4192e50a5af283c880ab4ae0ea
R205,solomon_txt,1996bf8f10716fb8cfc1a585206a6a6e566f32347c1bb8f36c75ed6c887f77e3,1,1,ok,True,4,1700248,1700.248,0.264465,0.501008,0,time_limit,solomon_exact_1000_v1,missing,,,,,0.5,,10,2,25,fb89464a08a8315316a993462b898339a1874a83f2825c9a1b6ff87072390d28,False,attempts10,da10696e35556bdf5d25e2d0fd1eecaeac508d4192e50a5af283c880ab4ae0ea
R205,solomon_txt,1996bf8f10716fb8cfc1a585206a6a6e566f32347c1bb8f36c75ed6c887f77e3,2,1,ok,True,4,1700248,1700.248,0.326599,0.500697,0,time_limit,solomon_exact_1000_v1,missing,,,,,0.5,,10,2,25,fb89464a08a8315316a993462b898339a1874a83f2825c9a1b6ff87072390d28,False,attempts10,da10696e35556bdf5d25e2d0fd1eecaeac508d4192e50a5af283c880ab4ae0ea
R206,solomon_txt,c8754a0319264d076c038b1bf023c8c4710e8895fe3e03f485e9ae249f32fe43,0,1,ok,True,3,1533607,1533.607,0.283651,0.500717,0,time_limit,solomon_exact_1000_v1,missing,,,,,0.5,,10,2,25,fb89464a08a8315316a993462b898339a1874a83f2825c9a1b6ff87072390d28,False,attempts10,da10696e35556bdf5d25e2d0fd1eecaeac508d4192e50a5af283c880ab4ae0ea
R206,solomon_txt,c8754a0319264d076c038b1bf023c8c4710e8895fe3e03f485e9ae249f32fe43,1,1,ok,True,3,1533607,1533.607,0.258521,0.500522,1,time_limit,solomon_exact_1000_v1,missing,,,,,0.5,,10,2,25,fb89464a08a8315316a993462b898339a1874a83f2825c9a1b6ff87072390d28,False,attempts10,da10696e35556bdf5d25e2d0fd1eecaeac508d4192e50a5af283c880ab4ae0ea
R206,solomon_txt,c8754a0319264d076c038b1bf023c8c4710e8895fe3e03f485e9ae249f32fe43,2,1,ok,True,3,1531545,1531.545,0.250268,0.501321,1,time_limit,solomon_exact_1000_v1,missing,,,,,0.5,,10,2,25,fb89464a08a8315316a993462b898339a1874a83f2825c9a1b6ff87072390d28,False,attempts10,da10696e35556bdf5d25e2d0fd1eecaeac508d4192e50a5af283c880ab4ae0ea
R207,solomon_txt,52dc8eebba43fdc67ca9aadab228b75a297acb55a87db3e4748e82f623e3cbe6,0,1,ok,True,4,1302528,1302.528,0.304313,0.500605,0,time_limit,solomon_exact_1000_v1,missing,,,,,0.5,,10,2,25,fb89464a08a8315316a993462b898339a1874a83f2825c9a1b6ff87072390d28,False,attempts10,da10696e35556bdf5d25e2d0fd1eecaeac508d4192e50a5af283c880ab4ae0ea
R207,solomon_txt,52dc8eebba43fdc67ca9aadab228b75a297acb55a87db3e4748e82f623e3cbe6,1,1,ok,True,4,1302528,1302.528,0.286731,0.500616,0,time_limit,solomon_exact_1000_v1,missing,,,,,0.5,,10,2,25,fb89464a08a8315316a993462b898339a1874a83f2825c9a1b6ff87072390d28,False,attempts10,da10696e35556bdf5d25e2d0fd1eecaeac508d4192e50a5af283c880ab4ae0ea
R207,solomon_txt,52dc8eebba43fdc67ca9aadab228b75a297acb55a87db3e4748e82f623e3cbe6,2,1,ok,True,4,1302528,1302.528,0.294995,0.500601,0,time_limit,solomon_exact_1000_v1,missing,,,,,0.5,,10,2,25,fb89464a08a8315316a993462b898339a1874a83f2825c9a1b6ff87072390d28,False,attempts10,da10696e35556bdf5d25e2d0fd1eecaeac508d4192e50a5af283c880ab4ae0ea
R208,solomon_txt,7b4a95d500af9329dd08791d39898a619faec0f8fac039d57373e761545b980d,0,1,ok,True,3,957965,957.965,0.316915,0.500555,0,time_limit,solomon_exact_1000_v1,missing,,,,,0.5,,10,2,25,fb89464a08a8315316a993462b898339a1874a83f2825c9a1b6ff87072390d28,False,attempts10,da10696e35556bdf5d25e2d0fd1eecaeac508d4192e50a5af283c880ab4ae0ea
R208,solomon_txt,7b4a95d500af9329dd08791d39898a619faec0f8fac039d57373e761545b980d,1,1,ok,True,3,957965,957.965,0.322387,0.500548,0,time_limit,solomon_exact_1000_v1,missing,,,,,0.5,,10,2,25,fb89464a08a8315316a993462b898339a1874a83f2825c9a1b6ff87072390d28,False,attempts10,da10696e35556bdf5d25e2d0fd1eecaeac508d4192e50a5af283c880ab4ae0ea
R208,solomon_txt,7b4a95d500af9329dd08791d39898a619faec0f8fac039d57373e761545b980d,2,1,ok,True,3,957965,957.965,0.317763,0.50057,0,time_limit,solomon_exact_1000_v1,missing,,,,,0.5,,10,2,25,fb89464a08a8315316a993462b898339a1874a83f2825c9a1b6ff87072390d28,False,attempts10,da10696e35556bdf5d25e2d0fd1eecaeac508d4192e50a5af283c880ab4ae0ea
R209,solomon_txt,5b74156d032babcff853ccc693f94463eca8333cd425aa99a39ed996f6258933,0,1,ok,True,4,1712415,1712.415,0.225909,0.500564,0,time_limit,solomon_exact_1000_v1,missing,,,,,0.5,,10,2,25,fb89464a08a8315316a993462b898339a1874a83f2825c9a1b6ff87072390d28,False,attempts10,da10696e35556bdf5d25e2d0fd1eecaeac508d4192e50a5af283c880ab4ae0ea
R209,solomon_txt,5b74156d032babcff853ccc693f94463eca8333cd425aa99a39ed996f6258933,1,1,ok,True,3,1303297,1303.297,0.228269,0.500667,0,time_limit,solomon_exact_1000_v1,missing,,,,,0.5,,10,2,25,fb89464a08a8315316a993462b898339a1874a83f2825c9a1b6ff87072390d28,False,attempts10,da10696e35556bdf5d25e2d0fd1eecaeac508d4192e50a5af283c880ab4ae0ea
R209,solomon_txt,5b74156d032babcff853ccc693f94463eca8333cd425aa99a39ed996f6258933,2,1,ok,True,4,1712415,1712.415,0.229431,0.500583,0,time_limit,solomon_exact_1000_v1,missing,,,,,0.5,,10,2,25,fb89464a08a8315316a993462b898339a1874a83f2825c9a1b6ff87072390d28,False,attempts10,da10696e35556bdf5d25e2d0fd1eecaeac508d4192e50a5af283c880ab4ae0ea
R210,solomon_txt,4e5772f109fb6183e6a648d6a1edaba3435438c2dc11c42da370fecf7bdf3a14,0,1,ok,True,3,1443660,1443.66,0.241954,0.500589,1,time_limit,solomon_exact_1000_v1,missing,,,,,0.5,,10,2,25,fb89464a08a8315316a993462b898339a1874a83f2825c9a1b6ff87072390d28,False,attempts10,da10696e35556bdf5d25e2d0fd1eecaeac508d4192e50a5af283c880ab4ae0ea
R210,solomon_txt,4e5772f109fb6183e6a648d6a1edaba3435438c2dc11c42da370fecf7bdf3a14,1,1,ok,True,3,1442852,1442.852,0.247189,0.500587,1,time_limit,solomon_exact_1000_v1,missing,,,,,0.5,,10,2,25,fb89464a08a8315316a993462b898339a1874a83f2825c9a1b6ff87072390d28,False,attempts10,da10696e35556bdf5d25e2d0fd1eecaeac508d4192e50a5af283c880ab4ae0ea
R210,solomon_txt,4e5772f109fb6183e6a648d6a1edaba3435438c2dc11c42da370fecf7bdf3a14,2,1,ok,True,3,1436254,1436.254,0.247261,0.500555,1,time_limit,solomon_exact_1000_v1,missing,,,,,0.5,,10,2,25,fb89464a08a8315316a993462b898339a1874a83f2825c9a1b6ff87072390d28,False,attempts10,da10696e35556bdf5d25e2d0fd1eecaeac508d4192e50a5af283c880ab4ae0ea
R211,solomon_txt,2965507e467a2f92acd59035975910e36ae11e4f49590d4c7d20a883939227ad,0,1,ok,True,3,1516434,1516.434,0.269216,0.500588,0,time_limit,solomon_exact_1000_v1,missing,,,,,0.5,,10,2,25,fb89464a08a8315316a993462b898339a1874a83f2825c9a1b6ff87072390d28,False,attempts10,da10696e35556bdf5d25e2d0fd1eecaeac508d4192e50a5af283c880ab4ae0ea
R211,solomon_txt,2965507e467a2f92acd59035975910e36ae11e4f49590d4c7d20a883939227ad,1,1,ok,True,3,1516434,1516.434,0.269548,0.500555,0,time_limit,solomon_exact_1000_v1,missing,,,,,0.5,,10,2,25,fb89464a08a8315316a993462b898339a1874a83f2825c9a1b6ff87072390d28,False,attempts10,da10696e35556bdf5d25e2d0fd1eecaeac508d4192e50a5af283c880ab4ae0ea
R211,solomon_txt,2965507e467a2f92acd59035975910e36ae11e4f49590d4c7d20a883939227ad,2,1,ok,True,3,1516434,1516.434,0.283891,0.500592,0,time_limit,solomon_exact_1000_v1,missing,,,,,0.5,,10,2,25,fb89464a08a8315316a993462b898339a1874a83f2825c9a1b6ff87072390d28,False,attempts10,da10696e35556bdf5d25e2d0fd1eecaeac508d4192e50a5af283c880ab4ae0ea
RC101,solomon_txt,ef6893ffd9746ad96de8e4da6e64e2c4ba6e08a1c7eb9457276a9f1caf01ca12,0,1,ok,True,19,2031958,2031.958,0.083237,0.50061,0,time_limit,solomon_exact_1000_v1,missing,,,,,0.5,,10,2,25,fb89464a08a8315316a993462b898339a1874a83f2825c9a1b6ff87072390d28,False,attempts10,da10696e35556bdf5d25e2d0fd1eecaeac508d4192e50a5af283c880ab4ae0ea
RC101,solomon_txt,ef6893ffd9746ad96de8e4da6e64e2c4ba6e08a1c7eb9457276a9f1caf01ca12,1,1,ok,True,18,2077534,2077.534,0.083397,0.500568,0,time_limit,solomon_exact_1000_v1,missing,,,,,0.5,,10,2,25,fb89464a08a8315316a993462b898339a1874a83f2825c9a1b6ff87072390d28,False,attempts10,da10696e35556bdf5d25e2d0fd1eecaeac508d4192e50a5af283c880ab4ae0ea
RC101,solomon_txt,ef6893ffd9746ad96de8e4da6e64e2c4ba6e08a1c7eb9457276a9f1caf01ca12,2,1,ok,True,19,2034803,2034.803,0.084029,0.500771,0,time_limit,solomon_exact_1000_v1,missing,,,,,0.5,,10,2,25,fb89464a08a8315316a993462b898339a1874a83f2825c9a1b6ff87072390d28,False,attempts10,da10696e35556bdf5d25e2d0fd1eecaeac508d4192e50a5af283c880ab4ae0ea
RC102,solomon_txt,36acd349d34a577c7fadd61f78517c2cb74bd06a490273800c288f341e5785a4,0,1,ok,True,17,1870139,1870.139,0.084446,0.50067,0,time_limit,solomon_exact_1000_v1,missing,,,,,0.5,,10,2,25,fb89464a08a8315316a993462b898339a1874a83f2825c9a1b6ff87072390d28,False,attempts10,da10696e35556bdf5d25e2d0fd1eecaeac508d4192e50a5af283c880ab4ae0ea
RC102,solomon_txt,36acd349d34a577c7fadd61f78517c2cb74bd06a490273800c288f341e5785a4,1,1,ok,True,15,1834933,1834.933,0.089829,0.500622,0,time_limit,solomon_exact_1000_v1,missing,,,,,0.5,,10,2,25,fb89464a08a8315316a993462b898339a1874a83f2825c9a1b6ff87072390d28,False,attempts10,da10696e35556bdf5d25e2d0fd1eecaeac508d4192e50a5af283c880ab4ae0ea
RC102,solomon_txt,36acd349d34a577c7fadd61f78517c2cb74bd06a490273800c288f341e5785a4,2,1,ok,True,17,1870139,1870.139,0.086253,0.500609,0,time_limit,solomon_exact_1000_v1,missing,,,,,0.5,,10,2,25,fb89464a08a8315316a993462b898339a1874a83f2825c9a1b6ff87072390d28,False,attempts10,da10696e35556bdf5d25e2d0fd1eecaeac508d4192e50a5af283c880ab4ae0ea
RC103,solomon_txt,00f384138274d5d2bff5c41601db17cc4ad0cfc6315c27e223d4477bf435cc2d,0,1,ok,True,13,1952068,1952.068,0.099744,0.500593,0,time_limit,solomon_exact_1000_v1,missing,,,,,0.5,,10,2,25,fb89464a08a8315316a993462b898339a1874a83f2825c9a1b6ff87072390d28,False,attempts10,da10696e35556bdf5d25e2d0fd1eecaeac508d4192e50a5af283c880ab4ae0ea
RC103,solomon_txt,00f384138274d5d2bff5c41601db17cc4ad0cfc6315c27e223d4477bf435cc2d,1,1,ok,True,12,1731095,1731.095,0.104466,0.500588,0,time_limit,solomon_exact_1000_v1,missing,,,,,0.5,,10,2,25,fb89464a08a8315316a993462b898339a1874a83f2825c9a1b6ff87072390d28,False,attempts10,da10696e35556bdf5d25e2d0fd1eecaeac508d4192e50a5af283c880ab4ae0ea
RC103,solomon_txt,00f384138274d5d2bff5c41601db17cc4ad0cfc6315c27e223d4477bf435cc2d,2,1,ok,True,13,1952068,1952.068,0.098095,0.500606,0,time_limit,solomon_exact_1000_v1,missing,,,,,0.5,,10,2,25,fb89464a08a8315316a993462b898339a1874a83f2825c9a1b6ff87072390d28,False,attempts10,da10696e35556bdf5d25e2d0fd1eecaeac508d4192e50a5af283c880ab4ae0ea
RC104,solomon_txt,d150b2d61049a488fb89a2320c197d81a7ef9a1864abbbaea1d13a2b451253ee,0,1,ok,True,12,1624060,1624.06,0.103979,0.500595,0,time_limit,solomon_exact_1000_v1,missing,,,,,0.5,,10,2,25,fb89464a08a8315316a993462b898339a1874a83f2825c9a1b6ff87072390d28,False,attempts10,da10696e35556bdf5d25e2d0fd1eecaeac508d4192e50a5af283c880ab4ae0ea
RC104,solomon_txt,d150b2d61049a488fb89a2320c197d81a7ef9a1864abbbaea1d13a2b451253ee,1,1,ok,True,12,1626992,1626.992,0.111696,0.500585,0,time_limit,solomon_exact_1000_v1,missing,,,,,0.5,,10,2,25,fb89464a08a8315316a993462b898339a1874a83f2825c9a1b6ff87072390d28,False,attempts10,da10696e35556bdf5d25e2d0fd1eecaeac508d4192e50a5af283c880ab4ae0ea
RC104,solomon_txt,d150b2d61049a488fb89a2320c197d81a7ef9a1864abbbaea1d13a2b451253ee,2,1,ok,True,12,1325631,1325.631,0.099286,0.500606,0,time_limit,solomon_exact_1000_v1,missing,,,,,0.5,,10,2,25,fb89464a08a8315316a993462b898339a1874a83f2825c9a1b6ff87072390d28,False,attempts10,da10696e35556bdf5d25e2d0fd1eecaeac508d4192e50a5af283c880ab4ae0ea
RC105,solomon_txt,b9e912625c1ed80d2f565e0799ade2f4b17bf4f95056322ca23f1a21b37e7a49,0,1,ok,True,17,2128736,2128.736,0.086753,0.500338,1,time_limit,solomon_exact_1000_v1,missing,,,,,0.5,,10,2,25,fb89464a08a8315316a993462b898339a1874a83f2825c9a1b6ff87072390d28,False,attempts10,da10696e35556bdf5d25e2d0fd1eecaeac508d4192e50a5af283c880ab4ae0ea
RC105,solomon_txt,b9e912625c1ed80d2f565e0799ade2f4b17bf4f95056322ca23f1a21b37e7a49,1,1,ok,True,17,2128736,2128.736,0.086659,0.500643,0,time_limit,solomon_exact_1000_v1,missing,,,,,0.5,,10,2,25,fb89464a08a8315316a993462b898339a1874a83f2825c9a1b6ff87072390d28,False,attempts10,da10696e35556bdf5d25e2d0fd1eecaeac508d4192e50a5af283c880ab4ae0ea
RC105,solomon_txt,b9e912625c1ed80d2f565e0799ade2f4b17bf4f95056322ca23f1a21b37e7a49,2,1,ok,True,16,1901679,1901.679,0.086314,0.500604,0,time_limit,solomon_exact_1000_v1,missing,,,,,0.5,,10,2,25,fb89464a08a8315316a993462b898339a1874a83f2825c9a1b6ff87072390d28,False,attempts10,da10696e35556bdf5d25e2d0fd1eecaeac508d4192e50a5af283c880ab4ae0ea
RC106,solomon_txt,bf016ffc567af2d108570357daf1d0cabb7f680c0bd977d2e4366787683fdbaf,0,1,ok,True,15,2118036,2118.036,0.081805,0.500621,0,time_limit,solomon_exact_1000_v1,missing,,,,,0.5,,10,2,25,fb89464a08a8315316a993462b898339a1874a83f2825c9a1b6ff87072390d28,False,attempts10,da10696e35556bdf5d25e2d0fd1eecaeac508d4192e50a5af283c880ab4ae0ea
RC106,solomon_txt,bf016ffc567af2d108570357daf1d0cabb7f680c0bd977d2e4366787683fdbaf,1,1,ok,True,16,1808646,1808.646,0.085241,0.500609,0,time_limit,solomon_exact_1000_v1,missing,,,,,0.5,,10,2,25,fb89464a08a8315316a993462b898339a1874a83f2825c9a1b6ff87072390d28,False,attempts10,da10696e35556bdf5d25e2d0fd1eecaeac508d4192e50a5af283c880ab4ae0ea
RC106,solomon_txt,bf016ffc567af2d108570357daf1d0cabb7f680c0bd977d2e4366787683fdbaf,2,1,ok,True,16,1823605,1823.605,0.082924,0.50064,0,time_limit,solomon_exact_1000_v1,missing,,,,,0.5,,10,2,25,fb89464a08a8315316a993462b898339a1874a83f2825c9a1b6ff87072390d28,False,attempts10,da10696e35556bdf5d25e2d0fd1eecaeac508d4192e50a5af283c880ab4ae0ea
RC107,solomon_txt,fff3fd68d110671ed442575f07cc547291586f30b00c5f73934d521d31311582,0,1,ok,True,14,1714626,1714.626,0.088893,0.500605,0,time_limit,solomon_exact_1000_v1,missing,,,,,0.5,,10,2,25,fb89464a08a8315316a993462b898339a1874a83f2825c9a1b6ff87072390d28,False,attempts10,da10696e35556bdf5d25e2d0fd1eecaeac508d4192e50a5af283c880ab4ae0ea
RC107,solomon_txt,fff3fd68d110671ed442575f07cc547291586f30b00c5f73934d521d31311582,1,1,ok,True,14,1926373,1926.373,0.091055,0.501099,0,time_limit,solomon_exact_1000_v1,missing,,,,,0.5,,10,2,25,fb89464a08a8315316a993462b898339a1874a83f2825c9a1b6ff87072390d28,False,attempts10,da10696e35556bdf5d25e2d0fd1eecaeac508d4192e50a5af283c880ab4ae0ea
RC107,solomon_txt,fff3fd68d110671ed442575f07cc547291586f30b00c5f73934d521d31311582,2,1,ok,True,15,2052187,2052.187,0.106113,0.500624,0,time_limit,solomon_exact_1000_v1,missing,,,,,0.5,,10,2,25,fb89464a08a8315316a993462b898339a1874a83f2825c9a1b6ff87072390d28,False,attempts10,da10696e35556bdf5d25e2d0fd1eecaeac508d4192e50a5af283c880ab4ae0ea
RC108,solomon_txt,006bc8817bf09f9a8c66af8d6f088bdec239b2eb435556e9d11193cf456f7aeb,0,1,ok,True,14,1940059,1940.059,0.092303,0.50062,0,time_limit,solomon_exact_1000_v1,missing,,,,,0.5,,10,2,25,fb89464a08a8315316a993462b898339a1874a83f2825c9a1b6ff87072390d28,False,attempts10,da10696e35556bdf5d25e2d0fd1eecaeac508d4192e50a5af283c880ab4ae0ea
RC108,solomon_txt,006bc8817bf09f9a8c66af8d6f088bdec239b2eb435556e9d11193cf456f7aeb,1,1,ok,True,14,1606564,1606.564,0.092722,0.500592,0,time_limit,solomon_exact_1000_v1,missing,,,,,0.5,,10,2,25,fb89464a08a8315316a993462b898339a1874a83f2825c9a1b6ff87072390d28,False,attempts10,da10696e35556bdf5d25e2d0fd1eecaeac508d4192e50a5af283c880ab4ae0ea
RC108,solomon_txt,006bc8817bf09f9a8c66af8d6f088bdec239b2eb435556e9d11193cf456f7aeb,2,1,ok,True,14,1711462,1711.462,0.093041,0.50079,0,time_limit,solomon_exact_1000_v1,missing,,,,,0.5,,10,2,25,fb89464a08a8315316a993462b898339a1874a83f2825c9a1b6ff87072390d28,False,attempts10,da10696e35556bdf5d25e2d0fd1eecaeac508d4192e50a5af283c880ab4ae0ea
RC201,solomon_txt,288836e2d8c2ace83ebbff77e03ac8cdffc574fc134cade21ef92713f8c52d44,0,1,ok,True,5,2429811,2429.811,0.185817,0.500578,0,time_limit,solomon_exact_1000_v1,missing,,,,,0.5,,10,2,25,fb89464a08a8315316a993462b898339a1874a83f2825c9a1b6ff87072390d28,False,attempts10,da10696e35556bdf5d25e2d0fd1eecaeac508d4192e50a5af283c880ab4ae0ea
RC201,solomon_txt,288836e2d8c2ace83ebbff77e03ac8cdffc574fc134cade21ef92713f8c52d44,1,1,ok,True,4,1837909,1837.909,0.186446,0.500613,0,time_limit,solomon_exact_1000_v1,missing,,,,,0.5,,10,2,25,fb89464a08a8315316a993462b898339a1874a83f2825c9a1b6ff87072390d28,False,attempts10,da10696e35556bdf5d25e2d0fd1eecaeac508d4192e50a5af283c880ab4ae0ea
RC201,solomon_txt,288836e2d8c2ace83ebbff77e03ac8cdffc574fc134cade21ef92713f8c52d44,2,1,ok,True,5,2429811,2429.811,0.18902,0.500734,0,time_limit,solomon_exact_1000_v1,missing,,,,,0.5,,10,2,25,fb89464a08a8315316a993462b898339a1874a83f2825c9a1b6ff87072390d28,False,attempts10,da10696e35556bdf5d25e2d0fd1eecaeac508d4192e50a5af283c880ab4ae0ea
RC202,solomon_txt,5a1dee2017ab0ca4fe280b392678c96e8b5bc71f22d02c8058fbde7c4cfebcf4,0,1,ok,True,4,1920411,1920.411,0.176326,0.500581,0,time_limit,solomon_exact_1000_v1,missing,,,,,0.5,,10,2,25,fb89464a08a8315316a993462b898339a1874a83f2825c9a1b6ff87072390d28,False,attempts10,da10696e35556bdf5d25e2d0fd1eecaeac508d4192e50a5af283c880ab4ae0ea
RC202,solomon_txt,5a1dee2017ab0ca4fe280b392678c96e8b5bc71f22d02c8058fbde7c4cfebcf4,1,1,ok,True,4,1818035,1818.035,0.177493,0.500651,0,time_limit,solomon_exact_1000_v1,missing,,,,,0.5,,10,2,25,fb89464a08a8315316a993462b898339a1874a83f2825c9a1b6ff87072390d28,False,attempts10,da10696e35556bdf5d25e2d0fd1eecaeac508d4192e50a5af283c880ab4ae0ea
RC202,solomon_txt,5a1dee2017ab0ca4fe280b392678c96e8b5bc71f22d02c8058fbde7c4cfebcf4,2,1,ok,True,4,1619243,1619.243,0.173581,0.500569,0,time_limit,solomon_exact_1000_v1,missing,,,,,0.5,,10,2,25,fb89464a08a8315316a993462b898339a1874a83f2825c9a1b6ff87072390d28,False,attempts10,da10696e35556bdf5d25e2d0fd1eecaeac508d4192e50a5af283c880ab4ae0ea
RC203,solomon_txt,4adcb362c23df91f14b828d4964e9383ffb02ee74217afc2d84571f83ed91f8b,0,1,ok,True,4,1158154,1158.154,0.184132,0.500698,0,time_limit,solomon_exact_1000_v1,missing,,,,,0.5,,10,2,25,fb89464a08a8315316a993462b898339a1874a83f2825c9a1b6ff87072390d28,False,attempts10,da10696e35556bdf5d25e2d0fd1eecaeac508d4192e50a5af283c880ab4ae0ea
RC203,solomon_txt,4adcb362c23df91f14b828d4964e9383ffb02ee74217afc2d84571f83ed91f8b,1,1,ok,True,4,1303205,1303.205,0.199724,0.500582,0,time_limit,solomon_exact_1000_v1,missing,,,,,0.5,,10,2,25,fb89464a08a8315316a993462b898339a1874a83f2825c9a1b6ff87072390d28,False,attempts10,da10696e35556bdf5d25e2d0fd1eecaeac508d4192e50a5af283c880ab4ae0ea
RC203,solomon_txt,4adcb362c23df91f14b828d4964e9383ffb02ee74217afc2d84571f83ed91f8b,2,1,ok,True,4,1061047,1061.047,0.181513,0.500617,0,time_limit,solomon_exact_1000_v1,missing,,,,,0.5,,10,2,25,fb89464a08a8315316a993462b898339a1874a83f2825c9a1b6ff87072390d28,False,attempts10,da10696e35556bdf5d25e2d0fd1eecaeac508d4192e50a5af283c880ab4ae0ea
RC204,solomon_txt,11e827eab51a959ebab66344e7b7cfd1aeed895287653b36a72c86a4440ecd77,0,1,ok,True,3,1500593,1500.593,0.275593,0.500615,0,time_limit,solomon_exact_1000_v1,missing,,,,,0.5,,10,2,25,fb89464a08a8315316a993462b898339a1874a83f2825c9a1b6ff87072390d28,False,attempts10,da10696e35556bdf5d25e2d0fd1eecaeac508d4192e50a5af283c880ab4ae0ea
RC204,solomon_txt,11e827eab51a959ebab66344e7b7cfd1aeed895287653b36a72c86a4440ecd77,1,1,ok,True,3,1500593,1500.593,0.283154,0.50064,0,time_limit,solomon_exact_1000_v1,missing,,,,,0.5,,10,2,25,fb89464a08a8315316a993462b898339a1874a83f2825c9a1b6ff87072390d28,False,attempts10,da10696e35556bdf5d25e2d0fd1eecaeac508d4192e50a5af283c880ab4ae0ea
RC204,solomon_txt,11e827eab51a959ebab66344e7b7cfd1aeed895287653b36a72c86a4440ecd77,2,1,ok,True,3,1500593,1500.593,0.278279,0.500573,0,time_limit,solomon_exact_1000_v1,missing,,,,,0.5,,10,2,25,fb89464a08a8315316a993462b898339a1874a83f2825c9a1b6ff87072390d28,False,attempts10,da10696e35556bdf5d25e2d0fd1eecaeac508d4192e50a5af283c880ab4ae0ea
RC205,solomon_txt,c061d306cf42310b0f3ca15612089f6c5a8d5604c0733bf26852477c787662c9,0,1,ok,True,4,1960553,1960.553,0.19761,0.500585,0,time_limit,solomon_exact_1000_v1,missing,,,,,0.5,,10,2,25,fb89464a08a8315316a993462b898339a1874a83f2825c9a1b6ff87072390d28,False,attempts10,da10696e35556bdf5d25e2d0fd1eecaeac508d4192e50a5af283c880ab4ae0ea
RC205,solomon_txt,c061d306cf42310b0f3ca15612089f6c5a8d5604c0733bf26852477c787662c9,1,1,ok,True,5,2063021,2063.021,0.19977,0.500565,0,time_limit,solomon_exact_1000_v1,missing,,,,,0.5,,10,2,25,fb89464a08a8315316a993462b898339a1874a83f2825c9a1b6ff87072390d28,False,attempts10,da10696e35556bdf5d25e2d0fd1eecaeac508d4192e50a5af283c880ab4ae0ea
RC205,solomon_txt,c061d306cf42310b0f3ca15612089f6c5a8d5604c0733bf26852477c787662c9,2,1,ok,True,5,2063021,2063.021,0.205652,0.500702,0,time_limit,solomon_exact_1000_v1,missing,,,,,0.5,,10,2,25,fb89464a08a8315316a993462b898339a1874a83f2825c9a1b6ff87072390d28,False,attempts10,da10696e35556bdf5d25e2d0fd1eecaeac508d4192e50a5af283c880ab4ae0ea
RC206,solomon_txt,5203aecf67c84df49e152645312a837ffefde529314ff892ca061538816e43a9,0,1,ok,True,4,2080287,2080.287,0.19549,0.500584,0,time_limit,solomon_exact_1000_v1,missing,,,,,0.5,,10,2,25,fb89464a08a8315316a993462b898339a1874a83f2825c9a1b6ff87072390d28,False,attempts10,da10696e35556bdf5d25e2d0fd1eecaeac508d4192e50a5af283c880ab4ae0ea
RC206,solomon_txt,5203aecf67c84df49e152645312a837ffefde529314ff892ca061538816e43a9,1,1,ok,True,4,1771858,1771.858,0.193674,0.500568,0,time_limit,solomon_exact_1000_v1,missing,,,,,0.5,,10,2,25,fb89464a08a8315316a993462b898339a1874a83f2825c9a1b6ff87072390d28,False,attempts10,da10696e35556bdf5d25e2d0fd1eecaeac508d4192e50a5af283c880ab4ae0ea
RC206,solomon_txt,5203aecf67c84df49e152645312a837ffefde529314ff892ca061538816e43a9,2,1,ok,True,4,1732495,1732.495,0.192897,0.500663,0,time_limit,solomon_exact_1000_v1,missing,,,,,0.5,,10,2,25,fb89464a08a8315316a993462b898339a1874a83f2825c9a1b6ff87072390d28,False,attempts10,da10696e35556bdf5d25e2d0fd1eecaeac508d4192e50a5af283c880ab4ae0ea
RC207,solomon_txt,5cab65f99b350cdb8fb1c4d0a12dde85eb4ff6a6d6daf292b182cb73de9a8b63,0,1,ok,True,4,1907431,1907.431,0.218274,0.500569,0,time_limit,solomon_exact_1000_v1,missing,,,,,0.5,,10,2,25,fb89464a08a8315316a993462b898339a1874a83f2825c9a1b6ff87072390d28,False,attempts10,da10696e35556bdf5d25e2d0fd1eecaeac508d4192e50a5af283c880ab4ae0ea
RC207,solomon_txt,5cab65f99b350cdb8fb1c4d0a12dde85eb4ff6a6d6daf292b182cb73de9a8b63,1,1,ok,True,4,1907431,1907.431,0.218286,0.500667,0,time_limit,solomon_exact_1000_v1,missing,,,,,0.5,,10,2,25,fb89464a08a8315316a993462b898339a1874a83f2825c9a1b6ff87072390d28,False,attempts10,da10696e35556bdf5d25e2d0fd1eecaeac508d4192e50a5af283c880ab4ae0ea
RC207,solomon_txt,5cab65f99b350cdb8fb1c4d0a12dde85eb4ff6a6d6daf292b182cb73de9a8b63,2,1,ok,True,4,1907431,1907.431,0.216358,0.500587,0,time_limit,solomon_exact_1000_v1,missing,,,,,0.5,,10,2,25,fb89464a08a8315316a993462b898339a1874a83f2825c9a1b6ff87072390d28,False,attempts10,da10696e35556bdf5d25e2d0fd1eecaeac508d4192e50a5af283c880ab4ae0ea
RC208,solomon_txt,3d67d2a8e2758a324643f5d6c6ca87e8c56435273eaa04be33f213bb991f1f28,0,1,ok,True,3,1373172,1373.172,0.215739,0.500535,0,time_limit,solomon_exact_1000_v1,missing,,,,,0.5,,10,2,25,fb89464a08a8315316a993462b898339a1874a83f2825c9a1b6ff87072390d28,False,attempts10,da10696e35556bdf5d25e2d0fd1eecaeac508d4192e50a5af283c880ab4ae0ea
RC208,solomon_txt,3d67d2a8e2758a324643f5d6c6ca87e8c56435273eaa04be33f213bb991f1f28,1,1,ok,True,4,1913075,1913.075,0.217852,0.500592,0,time_limit,solomon_exact_1000_v1,missing,,,,,0.5,,10,2,25,fb89464a08a8315316a993462b898339a1874a83f2825c9a1b6ff87072390d28,False,attempts10,da10696e35556bdf5d25e2d0fd1eecaeac508d4192e50a5af283c880ab4ae0ea
RC208,solomon_txt,3d67d2a8e2758a324643f5d6c6ca87e8c56435273eaa04be33f213bb991f1f28,2,1,ok,True,4,1913075,1913.075,0.215494,0.500573,0,time_limit,solomon_exact_1000_v1,missing,,,,,0.5,,10,2,25,fb89464a08a8315316a993462b898339a1874a83f2825c9a1b6ff87072390d28,False,attempts10,da10696e35556bdf5d25e2d0fd1eecaeac508d4192e50a5af283c880ab4ae0ea
C101,solomon_txt,a6da75152d182d60ecd2c6f854296f5be452f92282d096adebcf5d99a7f16516,0,1,ok,True,11,1015038,1015.038,0.101052,0.500641,1,time_limit,solomon_exact_1000_v1,different_vehicles,10,828.94,,,0.5,,100,2,25,fb89464a08a8315316a993462b898339a1874a83f2825c9a1b6ff87072390d28,False,reserve20,963da2981f81e65bbd03b51afb620f9263362111cb80830d8a2f8c7d103a29b8
C101,solomon_txt,a6da75152d182d60ecd2c6f854296f5be452f92282d096adebcf5d99a7f16516,1,1,ok,True,10,828937,828.937,0.100813,0.500585,1,time_limit,solomon_exact_1000_v1,same_vehicles,10,828.94,-0.0004,,0.5,,100,2,25,fb89464a08a8315316a993462b898339a1874a83f2825c9a1b6ff87072390d28,False,reserve20,963da2981f81e65bbd03b51afb620f9263362111cb80830d8a2f8c7d103a29b8
C101,solomon_txt,a6da75152d182d60ecd2c6f854296f5be452f92282d096adebcf5d99a7f16516,2,1,ok,True,11,918900,918.9,0.100596,0.500655,1,time_limit,solomon_exact_1000_v1,different_vehicles,10,828.94,,,0.5,,100,2,25,fb89464a08a8315316a993462b898339a1874a83f2825c9a1b6ff87072390d28,False,reserve20,963da2981f81e65bbd03b51afb620f9263362111cb80830d8a2f8c7d103a29b8
C102,solomon_txt,f89a0e2a760cc7448a4ca72b88e5b29b94d64b5548f3320f42a6230025ead653,0,1,ok,True,10,1258583,1258.583,0.107612,0.500634,1,time_limit,solomon_exact_1000_v1,same_vehicles,10,828.94,51.8304,,0.5,,100,2,25,fb89464a08a8315316a993462b898339a1874a83f2825c9a1b6ff87072390d28,False,reserve20,963da2981f81e65bbd03b51afb620f9263362111cb80830d8a2f8c7d103a29b8
C102,solomon_txt,f89a0e2a760cc7448a4ca72b88e5b29b94d64b5548f3320f42a6230025ead653,1,1,ok,True,10,1258583,1258.583,0.103688,0.500598,1,time_limit,solomon_exact_1000_v1,same_vehicles,10,828.94,51.8304,,0.5,,100,2,25,fb89464a08a8315316a993462b898339a1874a83f2825c9a1b6ff87072390d28,False,reserve20,963da2981f81e65bbd03b51afb620f9263362111cb80830d8a2f8c7d103a29b8
C102,solomon_txt,f89a0e2a760cc7448a4ca72b88e5b29b94d64b5548f3320f42a6230025ead653,2,1,ok,True,10,1258583,1258.583,0.104974,0.50059,1,time_limit,solomon_exact_1000_v1,same_vehicles,10,828.94,51.8304,,0.5,,100,2,25,fb89464a08a8315316a993462b898339a1874a83f2825c9a1b6ff87072390d28,False,reserve20,963da2981f81e65bbd03b51afb620f9263362111cb80830d8a2f8c7d103a29b8
C103,solomon_txt,a55cabf15e0da9d65696a5fb45c9852889479893f76f772a428ca15d1b415a51,0,1,ok,True,10,1842860,1842.86,0.171581,0.500598,1,time_limit,solomon_exact_1000_v1,same_vehicles,10,828.06,122.5515,,0.5,,100,2,25,fb89464a08a8315316a993462b898339a1874a83f2825c9a1b6ff87072390d28,False,reserve20,963da2981f81e65bbd03b51afb620f9263362111cb80830d8a2f8c7d103a29b8
C103,solomon_txt,a55cabf15e0da9d65696a5fb45c9852889479893f76f772a428ca15d1b415a51,1,1,ok,True,10,1812148,1812.148,0.115277,0.500618,5,time_limit,solomon_exact_1000_v1,same_vehicles,10,828.06,118.8426,,0.5,,100,2,25,fb89464a08a8315316a993462b898339a1874a83f2825c9a1b6ff87072390d28,False,reserve20,963da2981f81e65bbd03b51afb620f9263362111cb80830d8a2f8c7d103a29b8
C103,solomon_txt,a55cabf15e0da9d65696a5fb45c9852889479893f76f772a428ca15d1b415a51,2,1,ok,True,10,1821945,1821.945,0.113529,0.50062,4,time_limit,solomon_exact_1000_v1,same_vehicles,10,828.06,120.0257,,0.5,,100,2,25,fb89464a08a8315316a993462b898339a1874a83f2825c9a1b6ff87072390d28,False,reserve20,963da2981f81e65bbd03b51afb620f9263362111cb80830d8a2f8c7d103a29b8
C104,solomon_txt,fe333e81625ee5a75bb2ce98c2c9f356d07289237865b62a23ba2f32f0de5ee2,0,1,ok,True,10,1877310,1877.31,0.117091,0.500661,3,time_limit,solomon_exact_1000_v1,same_vehicles,10,824.78,127.6134,,0.5,,100,2,25,fb89464a08a8315316a993462b898339a1874a83f2825c9a1b6ff87072390d28,False,reserve20,963da2981f81e65bbd03b51afb620f9263362111cb80830d8a2f8c7d103a29b8
C104,solomon_txt,fe333e81625ee5a75bb2ce98c2c9f356d07289237865b62a23ba2f32f0de5ee2,1,1,ok,True,10,1948625,1948.625,0.118954,0.500631,3,time_limit,solomon_exact_1000_v1,same_vehicles,10,824.78,136.26,,0.5,,100,2,25,fb89464a08a8315316a993462b898339a1874a83f2825c9a1b6ff87072390d28,False,reserve20,963da2981f81e65bbd03b51afb620f9263362111cb80830d8a2f8c7d103a29b8
C104,solomon_txt,fe333e81625ee5a75bb2ce98c2c9f356d07289237865b62a23ba2f32f0de5ee2,2,1,ok,True,10,1892121,1892.121,0.119312,0.500592,3,time_limit,solomon_exact_1000_v1,same_vehicles,10,824.78,129.4092,,0.5,,100,2,25,fb89464a08a8315316a993462b898339a1874a83f2825c9a1b6ff87072390d28,False,reserve20,963da2981f81e65bbd03b51afb620f9263362111cb80830d8a2f8c7d103a29b8
C105,solomon_txt,9a877a3a6fb922e7ad9297cc0308bc8a5652cb1495a0228ee6b81b2d938aa29f,0,1,ok,True,11,1230849,1230.849,0.098308,0.500574,1,time_limit,solomon_exact_1000_v1,different_vehicles,10,828.94,,,0.5,,100,2,25,fb89464a08a8315316a993462b898339a1874a83f2825c9a1b6ff87072390d28,False,reserve20,963da2981f81e65bbd03b51afb620f9263362111cb80830d8a2f8c7d103a29b8
C105,solomon_txt,9a877a3a6fb922e7ad9297cc0308bc8a5652cb1495a0228ee6b81b2d938aa29f,1,1,ok,True,10,1039051,1039.051,0.100953,0.500585,1,time_limit,solomon_exact_1000_v1,same_vehicles,10,828.94,25.3469,,0.5,,100,2,25,fb89464a08a8315316a993462b898339a1874a83f2825c9a1b6ff87072390d28,False,reserve20,963da2981f81e65bbd03b51afb620f9263362111cb80830d8a2f8c7d103a29b8
C105,solomon_txt,9a877a3a6fb922e7ad9297cc0308bc8a5652cb1495a0228ee6b81b2d938aa29f,2,1,ok,True,10,1066901,1066.901,0.111967,0.500555,1,time_limit,solomon_exact_1000_v1,same_vehicles,10,828.94,28.7067,,0.5,,100,2,25,fb89464a08a8315316a993462b898339a1874a83f2825c9a1b6ff87072390d28,False,reserve20,963da2981f81e65bbd03b51afb620f9263362111cb80830d8a2f8c7d103a29b8
C106,solomon_txt,ec9b419bed53e9c607cce76e8c6bc59feb6e4d17646905601f008a4141ec7b40,0,1,ok,True,11,1084360,1084.36,0.095234,0.500737,1,time_limit,solomon_exact_1000_v1,different_vehicles,10,828.94,,,0.5,,100,2,25,fb89464a08a8315316a993462b898339a1874a83f2825c9a1b6ff87072390d28,False,reserve20,963da2981f81e65bbd03b51afb620f9263362111cb80830d8a2f8c7d103a29b8
C106,solomon_txt,ec9b419bed53e9c607cce76e8c6bc59feb6e4d17646905601f008a4141ec7b40,1,1,ok,True,10,1100696,1100.696,0.094993,0.500605,1,time_limit,solomon_exact_1000_v1,same_vehicles,10,828.94,32.7836,,0.5,,100,2,25,fb89464a08a8315316a993462b898339a1874a83f2825c9a1b6ff87072390d28,False,reserve20,963da2981f81e65bbd03b51afb620f9263362111cb80830d8a2f8c7d103a29b8
C106,solomon_txt,ec9b419bed53e9c607cce76e8c6bc59feb6e4d17646905601f008a4141ec7b40,2,1,ok,True,10,1084912,1084.912,0.096664,0.500573,1,time_limit,solomon_exact_1000_v1,same_vehicles,10,828.94,30.8794,,0.5,,100,2,25,fb89464a08a8315316a993462b898339a1874a83f2825c9a1b6ff87072390d28,False,reserve20,963da2981f81e65bbd03b51afb620f9263362111cb80830d8a2f8c7d103a29b8
C107,solomon_txt,cb3cdc10d812fa17370eb52cb753b6b0574426dc6fabeb8b9076ed750ddf05ca,0,1,ok,True,10,1037431,1037.431,0.103587,0.500573,1,time_limit,solomon_exact_1000_v1,same_vehicles,10,828.06,25.2845,,0.5,,100,2,25,fb89464a08a8315316a993462b898339a1874a83f2825c9a1b6ff87072390d28,False,reserve20,963da2981f81e65bbd03b51afb620f9263362111cb80830d8a2f8c7d103a29b8
C107,solomon_txt,cb3cdc10d812fa17370eb52cb753b6b0574426dc6fabeb8b9076ed750ddf05ca,1,1,ok,True,10,1119053,1119.053,0.102607,0.500594,1,time_limit,solomon_exact_1000_v1,same_vehicles,10,828.06,35.1415,,0.5,,100,2,25,fb89464a08a8315316a993462b898339a1874a83f2825c9a1b6ff87072390d28,False,reserve20,963da2981f81e65bbd03b51afb620f9263362111cb80830d8a2f8c7d103a29b8
C107,solomon_txt,cb3cdc10d812fa17370eb52cb753b6b0574426dc6fabeb8b9076ed750ddf05ca,2,1,ok,True,10,1087988,1087.988,0.104429,0.500605,1,time_limit,solomon_exact_1000_v1,same_vehicles,10,828.06,31.39,,0.5,,100,2,25,fb89464a08a8315316a993462b898339a1874a83f2825c9a1b6ff87072390d28,False,reserve20,963da2981f81e65bbd03b51afb620f9263362111cb80830d8a2f8c7d103a29b8
C108,solomon_txt,b8c7e48f292b66b283d8e71511e3a4eccaa4c4bc66b9313c399e73b0226f5953,0,1,ok,True,11,2105310,2105.31,0.107806,0.500743,1,time_limit,solomon_exact_1000_v1,different_vehicles,10,828.94,,,0.5,,100,2,25,fb89464a08a8315316a993462b898339a1874a83f2825c9a1b6ff87072390d28,False,reserve20,963da2981f81e65bbd03b51afb620f9263362111cb80830d8a2f8c7d103a29b8
C108,solomon_txt,b8c7e48f292b66b283d8e71511e3a4eccaa4c4bc66b9313c399e73b0226f5953,1,1,ok,True,10,1562897,1562.897,0.098671,0.500601,2,time_limit,solomon_exact_1000_v1,same_vehicles,10,828.94,88.5416,,0.5,,100,2,25,fb89464a08a8315316a993462b898339a1874a83f2825c9a1b6ff87072390d28,False,reserve20,963da2981f81e65bbd03b51afb620f9263362111cb80830d8a2f8c7d103a29b8
C108,solomon_txt,b8c7e48f292b66b283d8e71511e3a4eccaa4c4bc66b9313c399e73b0226f5953,2,1,ok,True,10,1419591,1419.591,0.097537,0.50059,2,time_limit,solomon_exact_1000_v1,same_vehicles,10,828.94,71.2538,,0.5,,100,2,25,fb89464a08a8315316a993462b898339a1874a83f2825c9a1b6ff87072390d28,False,reserve20,963da2981f81e65bbd03b51afb620f9263362111cb80830d8a2f8c7d103a29b8
C109,solomon_txt,72d8489e14bf1bb18456f0b21b01110506cbcc2354719dae8481b480150f142a,0,1,ok,True,10,1664883,1664.883,0.108475,0.50063,4,time_limit,solomon_exact_1000_v1,same_vehicles,10,828.94,100.8448,,0.5,,100,2,25,fb89464a08a8315316a993462b898339a1874a83f2825c9a1b6ff87072390d28,False,reserve20,963da2981f81e65bbd03b51afb620f9263362111cb80830d8a2f8c7d103a29b8
C109,solomon_txt,72d8489e14bf1bb18456f0b21b01110506cbcc2354719dae8481b480150f142a,1,1,ok,True,10,1613834,1613.834,0.111567,0.500605,4,time_limit,solomon_exact_1000_v1,same_vehicles,10,828.94,94.6865,,0.5,,100,2,25,fb89464a08a8315316a993462b898339a1874a83f2825c9a1b6ff87072390d28,False,reserve20,963da2981f81e65bbd03b51afb620f9263362111cb80830d8a2f8c7d103a29b8
C109,solomon_txt,72d8489e14bf1bb18456f0b21b01110506cbcc2354719dae8481b480150f142a,2,1,ok,True,10,1667547,1667.547,0.108352,0.500609,3,time_limit,solomon_exact_1000_v1,same_vehicles,10,828.94,101.1662,,0.5,,100,2,25,fb89464a08a8315316a993462b898339a1874a83f2825c9a1b6ff87072390d28,False,reserve20,963da2981f81e65bbd03b51afb620f9263362111cb80830d8a2f8c7d103a29b8
C201,solomon_txt,d8d9834087ae2326fa23a8510533060233dc9fb481873be60956eb26a880ad63,0,1,ok,True,3,704252,704.252,0.26208,0.500691,1,time_limit,solomon_exact_1000_v1,same_vehicles,3,591.56,19.05,,0.5,,100,2,25,fb89464a08a8315316a993462b898339a1874a83f2825c9a1b6ff87072390d28,False,reserve20,963da2981f81e65bbd03b51afb620f9263362111cb80830d8a2f8c7d103a29b8
C201,solomon_txt,d8d9834087ae2326fa23a8510533060233dc9fb481873be60956eb26a880ad63,1,1,ok,True,3,704252,704.252,0.290236,0.500754,1,time_limit,solomon_exact_1000_v1,same_vehicles,3,591.56,19.05,,0.5,,100,2,25,fb89464a08a8315316a993462b898339a1874a83f2825c9a1b6ff87072390d28,False,reserve20,963da2981f81e65bbd03b51afb620f9263362111cb80830d8a2f8c7d103a29b8
C201,solomon_txt,d8d9834087ae2326fa23a8510533060233dc9fb481873be60956eb26a880ad63,2,1,ok,True,3,704252,704.252,0.264037,0.500745,1,time_limit,solomon_exact_1000_v1,same_vehicles,3,591.56,19.05,,0.5,,100,2,25,fb89464a08a8315316a993462b898339a1874a83f2825c9a1b6ff87072390d28,False,reserve20,963da2981f81e65bbd03b51afb620f9263362111cb80830d8a2f8c7d103a29b8
C202,solomon_txt,dfc8ecad79f6c7ffb096cd36994143569f0babe284d5ad194683271d81063772,0,1,ok,True,3,749519,749.519,0.249142,0.500676,1,time_limit,solomon_exact_1000_v1,same_vehicles,3,591.56,26.7021,,0.5,,100,2,25,fb89464a08a8315316a993462b898339a1874a83f2825c9a1b6ff87072390d28,False,reserve20,963da2981f81e65bbd03b51afb620f9263362111cb80830d8a2f8c7d103a29b8
C202,solomon_txt,dfc8ecad79f6c7ffb096cd36994143569f0babe284d5ad194683271d81063772,1,1,ok,True,3,746236,746.236,0.255004,0.501261,1,time_limit,solomon_exact_1000_v1,same_vehicles,3,591.56,26.1471,,0.5,,100,2,25,fb89464a08a8315316a993462b898339a1874a83f2825c9a1b6ff87072390d28,False,reserve20,963da2981f81e65bbd03b51afb620f9263362111cb80830d8a2f8c7d103a29b8
C202,solomon_txt,dfc8ecad79f6c7ffb096cd36994143569f0babe284d5ad194683271d81063772,2,1,ok,True,3,746236,746.236,0.248322,0.50064,1,time_limit,solomon_exact_1000_v1,same_vehicles,3,591.56,26.1471,,0.5,,100,2,25,fb89464a08a8315316a993462b898339a1874a83f2825c9a1b6ff87072390d28,False,reserve20,963da2981f81e65bbd03b51afb620f9263362111cb80830d8a2f8c7d103a29b8
C203,solomon_txt,2b79eea2962a848cb29f6153d4fb4ae725d35507686d937da6643b33fcd85062,0,1,ok,True,4,847291,847.291,0.241712,0.500531,1,time_limit,solomon_exact_1000_v1,different_vehicles,3,591.17,,,0.5,,100,2,25,fb89464a08a8315316a993462b898339a1874a83f2825c9a1b6ff87072390d28,False,reserve20,963da2981f81e65bbd03b51afb620f9263362111cb80830d8a2f8c7d103a29b8
C203,solomon_txt,2b79eea2962a848cb29f6153d4fb4ae725d35507686d937da6643b33fcd85062,1,1,ok,True,4,893332,893.332,0.240398,0.50071,1,time_limit,solomon_exact_1000_v1,different_vehicles,3,591.17,,,0.5,,100,2,25,fb89464a08a8315316a993462b898339a1874a83f2825c9a1b6ff87072390d28,False,reserve20,963da2981f81e65bbd03b51afb620f9263362111cb80830d8a2f8c7d103a29b8
C203,solomon_txt,2b79eea2962a848cb29f6153d4fb4ae725d35507686d937da6643b33fcd85062,2,1,ok,True,4,894148,894.148,0.237266,0.50063,1,time_limit,solomon_exact_1000_v1,different_vehicles,3,591.17,,,0.5,,100,2,25,fb89464a08a8315316a993462b898339a1874a83f2825c9a1b6ff87072390d28,False,reserve20,963da2981f81e65bbd03b51afb620f9263362111cb80830d8a2f8c7d103a29b8
C204,solomon_txt,4331b2744d34e32c2987e3fe8a82b782a2039d757d2aac818f7e0fd21117bfb4,0,1,ok,True,4,1439548,1439.548,0.264718,0.500546,1,time_limit,solomon_exact_1000_v1,different_vehicles,3,590.6,,,0.5,,100,2,25,fb89464a08a8315316a993462b898339a1874a83f2825c9a1b6ff87072390d28,False,reserve20,963da2981f81e65bbd03b51afb620f9263362111cb80830d8a2f8c7d103a29b8
C204,solomon_txt,4331b2744d34e32c2987e3fe8a82b782a2039d757d2aac818f7e0fd21117bfb4,1,1,ok,True,4,1433965,1433.965,0.258404,0.500611,1,time_limit,solomon_exact_1000_v1,different_vehicles,3,590.6,,,0.5,,100,2,25,fb89464a08a8315316a993462b898339a1874a83f2825c9a1b6ff87072390d28,False,reserve20,963da2981f81e65bbd03b51afb620f9263362111cb80830d8a2f8c7d103a29b8
C204,solomon_txt,4331b2744d34e32c2987e3fe8a82b782a2039d757d2aac818f7e0fd21117bfb4,2,1,ok,True,4,1400607,1400.607,0.258139,0.500645,1,time_limit,solomon_exact_1000_v1,different_vehicles,3,590.6,,,0.5,,100,2,25,fb89464a08a8315316a993462b898339a1874a83f2825c9a1b6ff87072390d28,False,reserve20,963da2981f81e65bbd03b51afb620f9263362111cb80830d8a2f8c7d103a29b8
C205,solomon_txt,15be2bb8c3e4ad99a79d1e7ee0472223feb95a4f423d010e032bda0a87266ca5,0,1,ok,True,4,868480,868.48,0.231627,0.500589,1,time_limit,solomon_exact_1000_v1,different_vehicles,3,588.88,,,0.5,,100,2,25,fb89464a08a8315316a993462b898339a1874a83f2825c9a1b6ff87072390d28,False,reserve20,963da2981f81e65bbd03b51afb620f9263362111cb80830d8a2f8c7d103a29b8
C205,solomon_txt,15be2bb8c3e4ad99a79d1e7ee0472223feb95a4f423d010e032bda0a87266ca5,1,1,ok,True,4,907648,907.648,0.256911,0.500732,1,time_limit,solomon_exact_1000_v1,different_vehicles,3,588.88,,,0.5,,100,2,25,fb89464a08a8315316a993462b898339a1874a83f2825c9a1b6ff87072390d28,False,reserve20,963da2981f81e65bbd03b51afb620f9263362111cb80830d8a2f8c7d103a29b8
C205,solomon_txt,15be2bb8c3e4ad99a79d1e7ee0472223feb95a4f423d010e032bda0a87266ca5,2,1,ok,True,4,912151,912.151,0.235817,0.500529,1,time_limit,solomon_exact_1000_v1,different_vehicles,3,588.88,,,0.5,,100,2,25,fb89464a08a8315316a993462b898339a1874a83f2825c9a1b6ff87072390d28,False,reserve20,963da2981f81e65bbd03b51afb620f9263362111cb80830d8a2f8c7d103a29b8
C206,solomon_txt,745b6c7042707ffbbfc4d681ee02a84431425f1dfb3c8aa85ecf003fec8f7e53,0,1,ok,True,4,1149782,1149.782,0.263715,0.500556,1,time_limit,solomon_exact_1000_v1,different_vehicles,3,588.49,,,0.5,,100,2,25,fb89464a08a8315316a993462b898339a1874a83f2825c9a1b6ff87072390d28,False,reserve20,963da2981f81e65bbd03b51afb620f9263362111cb80830d8a2f8c7d103a29b8
C206,solomon_txt,745b6c7042707ffbbfc4d681ee02a84431425f1dfb3c8aa85ecf003fec8f7e53,1,1,ok,True,4,1154595,1154.595,0.254489,0.500533,1,time_limit,solomon_exact_1000_v1,different_vehicles,3,588.49,,,0.5,,100,2,25,fb89464a08a8315316a993462b898339a1874a83f2825c9a1b6ff87072390d28,False,reserve20,963da2981f81e65bbd03b51afb620f9263362111cb80830d8a2f8c7d103a29b8
C206,solomon_txt,745b6c7042707ffbbfc4d681ee02a84431425f1dfb3c8aa85ecf003fec8f7e53,2,1,ok,True,4,1150040,1150.04,0.267362,0.500531,1,time_limit,solomon_exact_1000_v1,different_vehicles,3,588.49,,,0.5,,100,2,25,fb89464a08a8315316a993462b898339a1874a83f2825c9a1b6ff87072390d28,False,reserve20,963da2981f81e65bbd03b51afb620f9263362111cb80830d8a2f8c7d103a29b8
C207,solomon_txt,a33f03570a944c8a6d185fd6a173e66c68e67c399a4958b2d5b6d49533ace4a4,0,1,ok,True,4,968614,968.614,0.268451,0.500522,1,time_limit,solomon_exact_1000_v1,different_vehicles,3,588.29,,,0.5,,100,2,25,fb89464a08a8315316a993462b898339a1874a83f2825c9a1b6ff87072390d28,False,reserve20,963da2981f81e65bbd03b51afb620f9263362111cb80830d8a2f8c7d103a29b8
C207,solomon_txt,a33f03570a944c8a6d185fd6a173e66c68e67c399a4958b2d5b6d49533ace4a4,1,1,ok,True,4,979567,979.567,0.263701,0.500679,1,time_limit,solomon_exact_1000_v1,different_vehicles,3,588.29,,,0.5,,100,2,25,fb89464a08a8315316a993462b898339a1874a83f2825c9a1b6ff87072390d28,False,reserve20,963da2981f81e65bbd03b51afb620f9263362111cb80830d8a2f8c7d103a29b8
C207,solomon_txt,a33f03570a944c8a6d185fd6a173e66c68e67c399a4958b2d5b6d49533ace4a4,2,1,ok,True,4,979567,979.567,0.271012,0.500736,1,time_limit,solomon_exact_1000_v1,different_vehicles,3,588.29,,,0.5,,100,2,25,fb89464a08a8315316a993462b898339a1874a83f2825c9a1b6ff87072390d28,False,reserve20,963da2981f81e65bbd03b51afb620f9263362111cb80830d8a2f8c7d103a29b8
C208,solomon_txt,1c2f2381b8743680dbeb34322869cbf5a6cdd8c281f4bcffdb99b533e601874b,0,1,ok,True,4,925653,925.653,0.269489,0.500743,1,time_limit,solomon_exact_1000_v1,different_vehicles,3,588.32,,,0.5,,100,2,25,fb89464a08a8315316a993462b898339a1874a83f2825c9a1b6ff87072390d28,False,reserve20,963da2981f81e65bbd03b51afb620f9263362111cb80830d8a2f8c7d103a29b8
C208,solomon_txt,1c2f2381b8743680dbeb34322869cbf5a6cdd8c281f4bcffdb99b533e601874b,1,1,ok,True,4,957831,957.831,0.265557,0.500714,1,time_limit,solomon_exact_1000_v1,different_vehicles,3,588.32,,,0.5,,100,2,25,fb89464a08a8315316a993462b898339a1874a83f2825c9a1b6ff87072390d28,False,reserve20,963da2981f81e65bbd03b51afb620f9263362111cb80830d8a2f8c7d103a29b8
C208,solomon_txt,1c2f2381b8743680dbeb34322869cbf5a6cdd8c281f4bcffdb99b533e601874b,2,1,ok,True,4,957515,957.515,0.261932,0.50075,1,time_limit,solomon_exact_1000_v1,different_vehicles,3,588.32,,,0.5,,100,2,25,fb89464a08a8315316a993462b898339a1874a83f2825c9a1b6ff87072390d28,False,reserve20,963da2981f81e65bbd03b51afb620f9263362111cb80830d8a2f8c7d103a29b8
R101,solomon_txt,3f3655182bc0fe44ce5de65fdcd2ee2f9c7fb9ed055f923635151d9d6f76d3ed,0,1,ok,True,22,1906946,1906.946,0.075622,0.500638,1,time_limit,solomon_exact_1000_v1,missing,,,,,0.5,,100,2,25,fb89464a08a8315316a993462b898339a1874a83f2825c9a1b6ff87072390d28,False,reserve20,963da2981f81e65bbd03b51afb620f9263362111cb80830d8a2f8c7d103a29b8
R101,solomon_txt,3f3655182bc0fe44ce5de65fdcd2ee2f9c7fb9ed055f923635151d9d6f76d3ed,1,1,ok,True,23,1991172,1991.172,0.075403,0.500785,2,time_limit,solomon_exact_1000_v1,missing,,,,,0.5,,100,2,25,fb89464a08a8315316a993462b898339a1874a83f2825c9a1b6ff87072390d28,False,reserve20,963da2981f81e65bbd03b51afb620f9263362111cb80830d8a2f8c7d103a29b8
R101,solomon_txt,3f3655182bc0fe44ce5de65fdcd2ee2f9c7fb9ed055f923635151d9d6f76d3ed,2,1,ok,True,23,1987512,1987.512,0.074373,0.500679,2,time_limit,solomon_exact_1000_v1,missing,,,,,0.5,,100,2,25,fb89464a08a8315316a993462b898339a1874a83f2825c9a1b6ff87072390d28,False,reserve20,963da2981f81e65bbd03b51afb620f9263362111cb80830d8a2f8c7d103a29b8
R102,solomon_txt,eeb23171b7e4fbfc80bf000ca770329109900fbd7273fa8b9d1f95b7dfe683c3,0,1,ok,True,20,1652951,1652.951,0.080587,0.500439,1,time_limit,solomon_exact_1000_v1,missing,,,,,0.5,,100,2,25,fb89464a08a8315316a993462b898339a1874a83f2825c9a1b6ff87072390d28,False,reserve20,963da2981f81e65bbd03b51afb620f9263362111cb80830d8a2f8c7d103a29b8
R102,solomon_txt,eeb23171b7e4fbfc80bf000ca770329109900fbd7273fa8b9d1f95b7dfe683c3,1,1,ok,True,19,1741164,1741.164,0.081729,0.500644,1,time_limit,solomon_exact_1000_v1,missing,,,,,0.5,,100,2,25,fb89464a08a8315316a993462b898339a1874a83f2825c9a1b6ff87072390d28,False,reserve20,963da2981f81e65bbd03b51afb620f9263362111cb80830d8a2f8c7d103a29b8
R102,solomon_txt,eeb23171b7e4fbfc80bf000ca770329109900fbd7273fa8b9d1f95b7dfe683c3,2,1,ok,True,19,1736182,1736.182,0.082215,0.500672,2,time_limit,solomon_exact_1000_v1,missing,,,,,0.5,,100,2,25,fb89464a08a8315316a993462b898339a1874a83f2825c9a1b6ff87072390d28,False,reserve20,963da2981f81e65bbd03b51afb620f9263362111cb80830d8a2f8c7d103a29b8
R103,solomon_txt,1f833e8648ba39e0edc76754fb49e81777a7175cf7b084c3f60a12607bfb3991,0,1,ok,True,14,1543269,1543.269,0.091999,0.500581,2,time_limit,solomon_exact_1000_v1,missing,,,,,0.5,,100,2,25,fb89464a08a8315316a993462b898339a1874a83f2825c9a1b6ff87072390d28,False,reserve20,963da2981f81e65bbd03b51afb620f9263362111cb80830d8a2f8c7d103a29b8
R103,solomon_txt,1f833e8648ba39e0edc76754fb49e81777a7175cf7b084c3f60a12607bfb3991,1,1,ok,True,14,1543269,1543.269,0.09305,0.500298,3,time_limit,solomon_exact_1000_v1,missing,,,,,0.5,,100,2,25,fb89464a08a8315316a993462b898339a1874a83f2825c9a1b6ff87072390d28,False,reserve20,963da2981f81e65bbd03b51afb620f9263362111cb80830d8a2f8c7d103a29b8
R103,solomon_txt,1f833e8648ba39e0edc76754fb49e81777a7175cf7b084c3f60a12607bfb3991,2,1,ok,True,14,1540040,1540.04,0.092721,0.500585,2,time_limit,solomon_exact_1000_v1,missing,,,,,0.5,,100,2,25,fb89464a08a8315316a993462b898339a1874a83f2825c9a1b6ff87072390d28,False,reserve20,963da2981f81e65bbd03b51afb620f9263362111cb80830d8a2f8c7d103a29b8
R104,solomon_txt,dd087124311d91facd81736debbfc7d0f351d27942917e2d76cbafd01e6183b7,0,1,ok,True,12,1512197,1512.197,0.113128,0.500623,1,time_limit,solomon_exact_1000_v1,missing,,,,,0.5,,100,2,25,fb89464a08a8315316a993462b898339a1874a83f2825c9a1b6ff87072390d28,False,reserve20,963da2981f81e65bbd03b51afb620f9263362111cb80830d8a2f8c7d103a29b8
R104,solomon_txt,dd087124311d91facd81736debbfc7d0f351d27942917e2d76cbafd01e6183b7,1,1,ok,True,11,1210304,1210.304,0.102605,0.500633,1,time_limit,solomon_exact_1000_v1,missing,,,,,0.5,,100,2,25,fb89464a08a8315316a993462b898339a1874a83f2825c9a1b6ff87072390d28,False,reserve20,963da2981f81e65bbd03b51afb620f9263362111cb80830d8a2f8c7d103a29b8
R104,solomon_txt,dd087124311d91facd81736debbfc7d0f351d27942917e2d76cbafd01e6183b7,2,1,ok,True,11,1321819,1321.819,0.106528,0.500638,1,time_limit,solomon_exact_1000_v1,missing,,,,,0.5,,100,2,25,fb89464a08a8315316a993462b898339a1874a83f2825c9a1b6ff87072390d28,False,reserve20,963da2981f81e65bbd03b51afb620f9263362111cb80830d8a2f8c7d103a29b8
R105,solomon_txt,ff1a614f8458d6339b3f54d8e4ca2dcf0a35c96012f477f6a819ae481de85ca4,0,1,ok,True,17,1725347,1725.347,0.083129,0.500447,1,time_limit,solomon_exact_1000_v1,missing,,,,,0.5,,100,2,25,fb89464a08a8315316a993462b898339a1874a83f2825c9a1b6ff87072390d28,False,reserve20,963da2981f81e65bbd03b51afb620f9263362111cb80830d8a2f8c7d103a29b8
R105,solomon_txt,ff1a614f8458d6339b3f54d8e4ca2dcf0a35c96012f477f6a819ae481de85ca4,1,1,ok,True,17,1670400,1670.4,0.083388,0.500597,1,time_limit,solomon_exact_1000_v1,missing,,,,,0.5,,100,2,25,fb89464a08a8315316a993462b898339a1874a83f2825c9a1b6ff87072390d28,False,reserve20,963da2981f81e65bbd03b51afb620f9263362111cb80830d8a2f8c7d103a29b8
R105,solomon_txt,ff1a614f8458d6339b3f54d8e4ca2dcf0a35c96012f477f6a819ae481de85ca4,2,1,ok,True,17,1834998,1834.998,0.085552,0.500637,1,time_limit,solomon_exact_1000_v1,missing,,,,,0.5,,100,2,25,fb89464a08a8315316a993462b898339a1874a83f2825c9a1b6ff87072390d28,False,reserve20,963da2981f81e65bbd03b51afb620f9263362111cb80830d8a2f8c7d103a29b8
R106,solomon_txt,31b8783d177f0fbe1c84b8f085fbf28b1989a80e4c00f49f5654ebef99835e97,0,1,ok,True,15,1607203,1607.203,0.089194,0.500619,1,time_limit,solomon_exact_1000_v1,missing,,,,,0.5,,100,2,25,fb89464a08a8315316a993462b898339a1874a83f2825c9a1b6ff87072390d28,False,reserve20,963da2981f81e65bbd03b51afb620f9263362111cb80830d8a2f8c7d103a29b8
R106,solomon_txt,31b8783d177f0fbe1c84b8f085fbf28b1989a80e4c00f49f5654ebef99835e97,1,1,ok,True,15,1572430,1572.43,0.087306,0.500909,1,time_limit,solomon_exact_1000_v1,missing,,,,,0.5,,100,2,25,fb89464a08a8315316a993462b898339a1874a83f2825c9a1b6ff87072390d28,False,reserve20,963da2981f81e65bbd03b51afb620f9263362111cb80830d8a2f8c7d103a29b8
R106,solomon_txt,31b8783d177f0fbe1c84b8f085fbf28b1989a80e4c00f49f5654ebef99835e97,2,1,ok,True,15,1523712,1523.712,0.085794,0.500627,1,time_limit,solomon_exact_1000_v1,missing,,,,,0.5,,100,2,25,fb89464a08a8315316a993462b898339a1874a83f2825c9a1b6ff87072390d28,False,reserve20,963da2981f81e65bbd03b51afb620f9263362111cb80830d8a2f8c7d103a29b8
R107,solomon_txt,dba2b257a1d43d7c78d5e3a9f09091a2b125d3fbec78c0c8a1782add669a1275,0,1,ok,True,13,1331890,1331.89,0.097556,0.500634,1,time_limit,solomon_exact_1000_v1,missing,,,,,0.5,,100,2,25,fb89464a08a8315316a993462b898339a1874a83f2825c9a1b6ff87072390d28,False,reserve20,963da2981f81e65bbd03b51afb620f9263362111cb80830d8a2f8c7d103a29b8
R107,solomon_txt,dba2b257a1d43d7c78d5e3a9f09091a2b125d3fbec78c0c8a1782add669a1275,1,1,ok,True,12,1513908,1513.908,0.099329,0.500594,1,time_limit,solomon_exact_1000_v1,missing,,,,,0.5,,100,2,25,fb89464a08a8315316a993462b898339a1874a83f2825c9a1b6ff87072390d28,False,reserve20,963da2981f81e65bbd03b51afb620f9263362111cb80830d8a2f8c7d103a29b8
R107,solomon_txt,dba2b257a1d43d7c78d5e3a9f09091a2b125d3fbec78c0c8a1782add669a1275,2,1,ok,True,12,1486083,1486.083,0.099306,0.500632,1,time_limit,solomon_exact_1000_v1,missing,,,,,0.5,,100,2,25,fb89464a08a8315316a993462b898339a1874a83f2825c9a1b6ff87072390d28,False,reserve20,963da2981f81e65bbd03b51afb620f9263362111cb80830d8a2f8c7d103a29b8
R108,solomon_txt,65cae09f4099b7e70d2b723e0e3a30aa1494c75a367bb894a3fd13241ee639d4,0,1,ok,True,11,1315436,1315.436,0.106648,0.500635,1,time_limit,solomon_exact_1000_v1,missing,,,,,0.5,,100,2,25,fb89464a08a8315316a993462b898339a1874a83f2825c9a1b6ff87072390d28,False,reserve20,963da2981f81e65bbd03b51afb620f9263362111cb80830d8a2f8c7d103a29b8
R108,solomon_txt,65cae09f4099b7e70d2b723e0e3a30aa1494c75a367bb894a3fd13241ee639d4,1,1,ok,True,11,1272481,1272.481,0.108591,0.500576,1,time_limit,solomon_exact_1000_v1,missing,,,,,0.5,,100,2,25,fb89464a08a8315316a993462b898339a1874a83f2825c9a1b6ff87072390d28,False,reserve20,963da2981f81e65bbd03b51afb620f9263362111cb80830d8a2f8c7d103a29b8
R108,solomon_txt,65cae09f4099b7e70d2b723e0e3a30aa1494c75a367bb894a3fd13241ee639d4,2,1,ok,True,11,1356219,1356.219,0.104201,0.500555,1,time_limit,solomon_exact_1000_v1,missing,,,,,0.5,,100,2,25,fb89464a08a8315316a993462b898339a1874a83f2825c9a1b6ff87072390d28,False,reserve20,963da2981f81e65bbd03b51afb620f9263362111cb80830d8a2f8c7d103a29b8
R109,solomon_txt,4ef24030e8c48de5f85dcd90c5739186004fc8dec87533b6467013cf996f4777,0,1,ok,True,16,1573398,1573.398,0.081765,0.500602,1,time_limit,solomon_exact_1000_v1,missing,,,,,0.5,,100,2,25,fb89464a08a8315316a993462b898339a1874a83f2825c9a1b6ff87072390d28,False,reserve20,963da2981f81e65bbd03b51afb620f9263362111cb80830d8a2f8c7d103a29b8
R109,solomon_txt,4ef24030e8c48de5f85dcd90c5739186004fc8dec87533b6467013cf996f4777,1,1,ok,True,16,1588154,1588.154,0.083007,0.500647,2,time_limit,solomon_exact_1000_v1,missing,,,,,0.5,,100,2,25,fb89464a08a8315316a993462b898339a1874a83f2825c9a1b6ff87072390d28,False,reserve20,963da2981f81e65bbd03b51afb620f9263362111cb80830d8a2f8c7d103a29b8
R109,solomon_txt,4ef24030e8c48de5f85dcd90c5739186004fc8dec87533b6467013cf996f4777,2,1,ok,True,17,1580932,1580.932,0.100785,0.501156,2,time_limit,solomon_exact_1000_v1,missing,,,,,0.5,,100,2,25,fb89464a08a8315316a993462b898339a1874a83f2825c9a1b6ff87072390d28,False,reserve20,963da2981f81e65bbd03b51afb620f9263362111cb80830d8a2f8c7d103a29b8
R110,solomon_txt,14cb53cb99af61d3d708f07564b9a72d146e7c26b4f10507cfaf3bc828f34bfa,0,1,ok,True,14,1559534,1559.534,0.124535,0.501119,1,time_limit,solomon_exact_1000_v1,missing,,,,,0.5,,100,2,25,fb89464a08a8315316a993462b898339a1874a83f2825c9a1b6ff87072390d28,False,reserve20,963da2981f81e65bbd03b51afb620f9263362111cb80830d8a2f8c7d103a29b8
R110,solomon_txt,14cb53cb99af61d3d708f07564b9a72d146e7c26b4f10507cfaf3bc828f34bfa,1,1,ok,True,14,1534328,1534.328,0.09168,0.500304,2,time_limit,solomon_exact_1000_v1,missing,,,,,0.5,,100,2,25,fb89464a08a8315316a993462b898339a1874a83f2825c9a1b6ff87072390d28,False,reserve20,963da2981f81e65bbd03b51afb620f9263362111cb80830d8a2f8c7d103a29b8
R110,solomon_txt,14cb53cb99af61d3d708f07564b9a72d146e7c26b4f10507cfaf3bc828f34bfa,2,1,ok,True,14,1853470,1853.47,0.097649,0.500605,4,time_limit,solomon_exact_1000_v1,missing,,,,,0.5,,100,2,25,fb89464a08a8315316a993462b898339a1874a83f2825c9a1b6ff87072390d28,False,reserve20,963da2981f81e65bbd03b51afb620f9263362111cb80830d8a2f8c7d103a29b8
R111,solomon_txt,3d94a73b1f2fe8aae4618b9d9ea254cff2e3924a6a841aa390096ec6c60f258d,0,1,ok,True,12,1442320,1442.32,0.096981,0.500636,1,time_limit,solomon_exact_1000_v1,missing,,,,,0.5,,100,2,25,fb89464a08a8315316a993462b898339a1874a83f2825c9a1b6ff87072390d28,False,reserve20,963da2981f81e65bbd03b51afb620f9263362111cb80830d8a2f8c7d103a29b8
R111,solomon_txt,3d94a73b1f2fe8aae4618b9d9ea254cff2e3924a6a841aa390096ec6c60f258d,1,1,ok,True,13,1594418,1594.418,0.097698,0.500721,3,time_limit,solomon_exact_1000_v1,missing,,,,,0.5,,100,2,25,fb89464a08a8315316a993462b898339a1874a83f2825c9a1b6ff87072390d28,False,reserve20,963da2981f81e65bbd03b51afb620f9263362111cb80830d8a2f8c7d103a29b8
R111,solomon_txt,3d94a73b1f2fe8aae4618b9d9ea254cff2e3924a6a841aa390096ec6c60f258d,2,1,ok,True,12,1461553,1461.553,0.09669,0.500581,1,time_limit,solomon_exact_1000_v1,missing,,,,,0.5,,100,2,25,fb89464a08a8315316a993462b898339a1874a83f2825c9a1b6ff87072390d28,False,reserve20,963da2981f81e65bbd03b51afb620f9263362111cb80830d8a2f8c7d103a29b8
R112,solomon_txt,a0e93149d59d30c356619891d192e86d0f16c3158e1dac3bd9f23c6deb718271,0,1,ok,True,13,1562001,1562.001,0.096279,0.500697,1,time_limit,solomon_exact_1000_v1,missing,,,,,0.5,,100,2,25,fb89464a08a8315316a993462b898339a1874a83f2825c9a1b6ff87072390d28,False,reserve20,963da2981f81e65bbd03b51afb620f9263362111cb80830d8a2f8c7d103a29b8
R112,solomon_txt,a0e93149d59d30c356619891d192e86d0f16c3158e1dac3bd9f23c6deb718271,1,1,ok,True,13,1422016,1422.016,0.093647,0.50064,1,time_limit,solomon_exact_1000_v1,missing,,,,,0.5,,100,2,25,fb89464a08a8315316a993462b898339a1874a83f2825c9a1b6ff87072390d28,False,reserve20,963da2981f81e65bbd03b51afb620f9263362111cb80830d8a2f8c7d103a29b8
R112,solomon_txt,a0e93149d59d30c356619891d192e86d0f16c3158e1dac3bd9f23c6deb718271,2,1,ok,True,13,1273526,1273.526,0.094513,0.500647,1,time_limit,solomon_exact_1000_v1,missing,,,,,0.5,,100,2,25,fb89464a08a8315316a993462b898339a1874a83f2825c9a1b6ff87072390d28,False,reserve20,963da2981f81e65bbd03b51afb620f9263362111cb80830d8a2f8c7d103a29b8
R201,solomon_txt,0be960ec998fff2cab0bdbcc5194c617e5ca0a79c82c5b32b1d4bd98b2cae210,0,1,ok,True,5,1716055,1716.055,0.193829,0.50089,1,time_limit,solomon_exact_1000_v1,missing,,,,,0.5,,100,2,25,fb89464a08a8315316a993462b898339a1874a83f2825c9a1b6ff87072390d28,False,reserve20,963da2981f81e65bbd03b51afb620f9263362111cb80830d8a2f8c7d103a29b8
R201,solomon_txt,0be960ec998fff2cab0bdbcc5194c617e5ca0a79c82c5b32b1d4bd98b2cae210,1,1,ok,True,5,1711592,1711.592,0.209294,0.500542,1,time_limit,solomon_exact_1000_v1,missing,,,,,0.5,,100,2,25,fb89464a08a8315316a993462b898339a1874a83f2825c9a1b6ff87072390d28,False,reserve20,963da2981f81e65bbd03b51afb620f9263362111cb80830d8a2f8c7d103a29b8
R201,solomon_txt,0be960ec998fff2cab0bdbcc5194c617e5ca0a79c82c5b32b1d4bd98b2cae210,2,1,ok,True,5,1726658,1726.658,0.193393,0.500682,1,time_limit,solomon_exact_1000_v1,missing,,,,,0.5,,100,2,25,fb89464a08a8315316a993462b898339a1874a83f2825c9a1b6ff87072390d28,False,reserve20,963da2981f81e65bbd03b51afb620f9263362111cb80830d8a2f8c7d103a29b8
R202,solomon_txt,1f7761bb33e9dd0c94837b32c72280296ffc283dba997379c7ad75ce00dffc8d,0,1,ok,True,4,1622244,1622.244,0.22817,0.500618,2,time_limit,solomon_exact_1000_v1,missing,,,,,0.5,,100,2,25,fb89464a08a8315316a993462b898339a1874a83f2825c9a1b6ff87072390d28,False,reserve20,963da2981f81e65bbd03b51afb620f9263362111cb80830d8a2f8c7d103a29b8
R202,solomon_txt,1f7761bb33e9dd0c94837b32c72280296ffc283dba997379c7ad75ce00dffc8d,1,1,ok,True,4,1622244,1622.244,0.22057,0.500961,1,time_limit,solomon_exact_1000_v1,missing,,,,,0.5,,100,2,25,fb89464a08a8315316a993462b898339a1874a83f2825c9a1b6ff87072390d28,False,reserve20,963da2981f81e65bbd03b51afb620f9263362111cb80830d8a2f8c7d103a29b8
R202,solomon_txt,1f7761bb33e9dd0c94837b32c72280296ffc283dba997379c7ad75ce00dffc8d,2,1,ok,True,4,1622244,1622.244,0.222083,0.50054,1,time_limit,solomon_exact_1000_v1,missing,,,,,0.5,,100,2,25,fb89464a08a8315316a993462b898339a1874a83f2825c9a1b6ff87072390d28,False,reserve20,963da2981f81e65bbd03b51afb620f9263362111cb80830d8a2f8c7d103a29b8
R203,solomon_txt,38c484db31bd7452a94d533e26a2348ef598df600b79d061d9ddc1c61466a731,0,1,ok,True,3,1300221,1300.221,0.236054,0.500526,1,time_limit,solomon_exact_1000_v1,missing,,,,,0.5,,100,2,25,fb89464a08a8315316a993462b898339a1874a83f2825c9a1b6ff87072390d28,False,reserve20,963da2981f81e65bbd03b51afb620f9263362111cb80830d8a2f8c7d103a29b8
R203,solomon_txt,38c484db31bd7452a94d533e26a2348ef598df600b79d061d9ddc1c61466a731,1,1,ok,True,3,1298706,1298.706,0.239094,0.500697,1,time_limit,solomon_exact_1000_v1,missing,,,,,0.5,,100,2,25,fb89464a08a8315316a993462b898339a1874a83f2825c9a1b6ff87072390d28,False,reserve20,963da2981f81e65bbd03b51afb620f9263362111cb80830d8a2f8c7d103a29b8
R203,solomon_txt,38c484db31bd7452a94d533e26a2348ef598df600b79d061d9ddc1c61466a731,2,1,ok,True,3,1290510,1290.51,0.248547,0.50069,1,time_limit,solomon_exact_1000_v1,missing,,,,,0.5,,100,2,25,fb89464a08a8315316a993462b898339a1874a83f2825c9a1b6ff87072390d28,False,reserve20,963da2981f81e65bbd03b51afb620f9263362111cb80830d8a2f8c7d103a29b8
R204,solomon_txt,5349e37d8df99bcbee1efa2e970d2662b5265e5f82fc609343a6af0a60257abf,0,1,ok,True,3,1331038,1331.038,0.297849,0.500541,1,time_limit,solomon_exact_1000_v1,missing,,,,,0.5,,100,2,25,fb89464a08a8315316a993462b898339a1874a83f2825c9a1b6ff87072390d28,False,reserve20,963da2981f81e65bbd03b51afb620f9263362111cb80830d8a2f8c7d103a29b8
R204,solomon_txt,5349e37d8df99bcbee1efa2e970d2662b5265e5f82fc609343a6af0a60257abf,1,1,ok,True,3,1314309,1314.309,0.303973,0.500713,1,time_limit,solomon_exact_1000_v1,missing,,,,,0.5,,100,2,25,fb89464a08a8315316a993462b898339a1874a83f2825c9a1b6ff87072390d28,False,reserve20,963da2981f81e65bbd03b51afb620f9263362111cb80830d8a2f8c7d103a29b8
R204,solomon_txt,5349e37d8df99bcbee1efa2e970d2662b5265e5f82fc609343a6af0a60257abf,2,1,ok,True,3,1272065,1272.065,0.29729,0.500331,2,time_limit,solomon_exact_1000_v1,missing,,,,,0.5,,100,2,25,fb89464a08a8315316a993462b898339a1874a83f2825c9a1b6ff87072390d28,False,reserve20,963da2981f81e65bbd03b51afb620f9263362111cb80830d8a2f8c7d103a29b8
R205,solomon_txt,1996bf8f10716fb8cfc1a585206a6a6e566f32347c1bb8f36c75ed6c887f77e3,0,1,ok,True,4,1667325,1667.325,0.233208,0.500704,1,time_limit,solomon_exact_1000_v1,missing,,,,,0.5,,100,2,25,fb89464a08a8315316a993462b898339a1874a83f2825c9a1b6ff87072390d28,False,reserve20,963da2981f81e65bbd03b51afb620f9263362111cb80830d8a2f8c7d103a29b8
R205,solomon_txt,1996bf8f10716fb8cfc1a585206a6a6e566f32347c1bb8f36c75ed6c887f77e3,1,1,ok,True,4,1671728,1671.728,0.247504,0.500594,1,time_limit,solomon_exact_1000_v1,missing,,,,,0.5,,100,2,25,fb89464a08a8315316a993462b898339a1874a83f2825c9a1b6ff87072390d28,False,reserve20,963da2981f81e65bbd03b51afb620f9263362111cb80830d8a2f8c7d103a29b8
R205,solomon_txt,1996bf8f10716fb8cfc1a585206a6a6e566f32347c1bb8f36c75ed6c887f77e3,2,1,ok,True,4,1680362,1680.362,0.240842,0.500651,1,time_limit,solomon_exact_1000_v1,missing,,,,,0.5,,100,2,25,fb89464a08a8315316a993462b898339a1874a83f2825c9a1b6ff87072390d28,False,reserve20,963da2981f81e65bbd03b51afb620f9263362111cb80830d8a2f8c7d103a29b8
R206,solomon_txt,c8754a0319264d076c038b1bf023c8c4710e8895fe3e03f485e9ae249f32fe43,0,1,ok,True,3,1533607,1533.607,0.248942,0.500922,1,time_limit,solomon_exact_1000_v1,missing,,,,,0.5,,100,2,25,fb89464a08a8315316a993462b898339a1874a83f2825c9a1b6ff87072390d28,False,reserve20,963da2981f81e65bbd03b51afb620f9263362111cb80830d8a2f8c7d103a29b8
R206,solomon_txt,c8754a0319264d076c038b1bf023c8c4710e8895fe3e03f485e9ae249f32fe43,1,1,ok,True,3,1533607,1533.607,0.245445,0.500676,1,time_limit,solomon_exact_1000_v1,missing,,,,,0.5,,100,2,25,fb89464a08a8315316a993462b898339a1874a83f2825c9a1b6ff87072390d28,False,reserve20,963da2981f81e65bbd03b51afb620f9263362111cb80830d8a2f8c7d103a29b8
R206,solomon_txt,c8754a0319264d076c038b1bf023c8c4710e8895fe3e03f485e9ae249f32fe43,2,1,ok,True,3,1531545,1531.545,0.253744,0.500588,1,time_limit,solomon_exact_1000_v1,missing,,,,,0.5,,100,2,25,fb89464a08a8315316a993462b898339a1874a83f2825c9a1b6ff87072390d28,False,reserve20,963da2981f81e65bbd03b51afb620f9263362111cb80830d8a2f8c7d103a29b8
R207,solomon_txt,52dc8eebba43fdc67ca9aadab228b75a297acb55a87db3e4748e82f623e3cbe6,0,1,ok,True,4,1293938,1293.938,0.28978,0.500596,1,time_limit,solomon_exact_1000_v1,missing,,,,,0.5,,100,2,25,fb89464a08a8315316a993462b898339a1874a83f2825c9a1b6ff87072390d28,False,reserve20,963da2981f81e65bbd03b51afb620f9263362111cb80830d8a2f8c7d103a29b8
R207,solomon_txt,52dc8eebba43fdc67ca9aadab228b75a297acb55a87db3e4748e82f623e3cbe6,1,1,ok,True,4,1294174,1294.174,0.291636,0.500526,1,time_limit,solomon_exact_1000_v1,missing,,,,,0.5,,100,2,25,fb89464a08a8315316a993462b898339a1874a83f2825c9a1b6ff87072390d28,False,reserve20,963da2981f81e65bbd03b51afb620f9263362111cb80830d8a2f8c7d103a29b8
R207,solomon_txt,52dc8eebba43fdc67ca9aadab228b75a297acb55a87db3e4748e82f623e3cbe6,2,1,ok,True,4,1294174,1294.174,0.292724,0.50057,1,time_limit,solomon_exact_1000_v1,missing,,,,,0.5,,100,2,25,fb89464a08a8315316a993462b898339a1874a83f2825c9a1b6ff87072390d28,False,reserve20,963da2981f81e65bbd03b51afb620f9263362111cb80830d8a2f8c7d103a29b8
R208,solomon_txt,7b4a95d500af9329dd08791d39898a619faec0f8fac039d57373e761545b980d,0,1,ok,True,3,957965,957.965,0.324423,0.500364,1,time_limit,solomon_exact_1000_v1,missing,,,,,0.5,,100,2,25,fb89464a08a8315316a993462b898339a1874a83f2825c9a1b6ff87072390d28,False,reserve20,963da2981f81e65bbd03b51afb620f9263362111cb80830d8a2f8c7d103a29b8
R208,solomon_txt,7b4a95d500af9329dd08791d39898a619faec0f8fac039d57373e761545b980d,1,1,ok,True,3,957965,957.965,0.322324,0.500345,1,time_limit,solomon_exact_1000_v1,missing,,,,,0.5,,100,2,25,fb89464a08a8315316a993462b898339a1874a83f2825c9a1b6ff87072390d28,False,reserve20,963da2981f81e65bbd03b51afb620f9263362111cb80830d8a2f8c7d103a29b8
R208,solomon_txt,7b4a95d500af9329dd08791d39898a619faec0f8fac039d57373e761545b980d,2,1,ok,True,3,957965,957.965,0.318462,0.500664,1,time_limit,solomon_exact_1000_v1,missing,,,,,0.5,,100,2,25,fb89464a08a8315316a993462b898339a1874a83f2825c9a1b6ff87072390d28,False,reserve20,963da2981f81e65bbd03b51afb620f9263362111cb80830d8a2f8c7d103a29b8
R209,solomon_txt,5b74156d032babcff853ccc693f94463eca8333cd425aa99a39ed996f6258933,0,1,ok,True,4,1712415,1712.415,0.232008,0.500652,1,time_limit,solomon_exact_1000_v1,missing,,,,,0.5,,100,2,25,fb89464a08a8315316a993462b898339a1874a83f2825c9a1b6ff87072390d28,False,reserve20,963da2981f81e65bbd03b51afb620f9263362111cb80830d8a2f8c7d103a29b8
R209,solomon_txt,5b74156d032babcff853ccc693f94463eca8333cd425aa99a39ed996f6258933,1,1,ok,True,4,1712415,1712.415,0.358449,0.500569,1,time_limit,solomon_exact_1000_v1,missing,,,,,0.5,,100,2,25,fb89464a08a8315316a993462b898339a1874a83f2825c9a1b6ff87072390d28,False,reserve20,963da2981f81e65bbd03b51afb620f9263362111cb80830d8a2f8c7d103a29b8
R209,solomon_txt,5b74156d032babcff853ccc693f94463eca8333cd425aa99a39ed996f6258933,2,1,ok,True,4,1706116,1706.116,0.227903,0.500683,2,time_limit,solomon_exact_1000_v1,missing,,,,,0.5,,100,2,25,fb89464a08a8315316a993462b898339a1874a83f2825c9a1b6ff87072390d28,False,reserve20,963da2981f81e65bbd03b51afb620f9263362111cb80830d8a2f8c7d103a29b8
R210,solomon_txt,4e5772f109fb6183e6a648d6a1edaba3435438c2dc11c42da370fecf7bdf3a14,0,1,ok,True,3,1443660,1443.66,0.347004,0.500301,1,time_limit,solomon_exact_1000_v1,missing,,,,,0.5,,100,2,25,fb89464a08a8315316a993462b898339a1874a83f2825c9a1b6ff87072390d28,False,reserve20,963da2981f81e65bbd03b51afb620f9263362111cb80830d8a2f8c7d103a29b8
R210,solomon_txt,4e5772f109fb6183e6a648d6a1edaba3435438c2dc11c42da370fecf7bdf3a14,1,1,ok,True,3,1443660,1443.66,0.246952,0.500667,1,time_limit,solomon_exact_1000_v1,missing,,,,,0.5,,100,2,25,fb89464a08a8315316a993462b898339a1874a83f2825c9a1b6ff87072390d28,False,reserve20,963da2981f81e65bbd03b51afb620f9263362111cb80830d8a2f8c7d103a29b8
R210,solomon_txt,4e5772f109fb6183e6a648d6a1edaba3435438c2dc11c42da370fecf7bdf3a14,2,1,ok,True,3,1437062,1437.062,0.262617,0.50054,1,time_limit,solomon_exact_1000_v1,missing,,,,,0.5,,100,2,25,fb89464a08a8315316a993462b898339a1874a83f2825c9a1b6ff87072390d28,False,reserve20,963da2981f81e65bbd03b51afb620f9263362111cb80830d8a2f8c7d103a29b8
R211,solomon_txt,2965507e467a2f92acd59035975910e36ae11e4f49590d4c7d20a883939227ad,0,1,ok,True,3,1507631,1507.631,0.272103,0.500589,1,time_limit,solomon_exact_1000_v1,missing,,,,,0.5,,100,2,25,fb89464a08a8315316a993462b898339a1874a83f2825c9a1b6ff87072390d28,False,reserve20,963da2981f81e65bbd03b51afb620f9263362111cb80830d8a2f8c7d103a29b8
R211,solomon_txt,2965507e467a2f92acd59035975910e36ae11e4f49590d4c7d20a883939227ad,1,1,ok,True,3,1516434,1516.434,0.273094,0.50061,1,time_limit,solomon_exact_1000_v1,missing,,,,,0.5,,100,2,25,fb89464a08a8315316a993462b898339a1874a83f2825c9a1b6ff87072390d28,False,reserve20,963da2981f81e65bbd03b51afb620f9263362111cb80830d8a2f8c7d103a29b8
R211,solomon_txt,2965507e467a2f92acd59035975910e36ae11e4f49590d4c7d20a883939227ad,2,1,ok,True,3,1505861,1505.861,0.282984,0.5006,1,time_limit,solomon_exact_1000_v1,missing,,,,,0.5,,100,2,25,fb89464a08a8315316a993462b898339a1874a83f2825c9a1b6ff87072390d28,False,reserve20,963da2981f81e65bbd03b51afb620f9263362111cb80830d8a2f8c7d103a29b8
RC101,solomon_txt,ef6893ffd9746ad96de8e4da6e64e2c4ba6e08a1c7eb9457276a9f1caf01ca12,0,1,ok,True,19,2026484,2026.484,0.092313,0.500773,2,time_limit,solomon_exact_1000_v1,missing,,,,,0.5,,100,2,25,fb89464a08a8315316a993462b898339a1874a83f2825c9a1b6ff87072390d28,False,reserve20,963da2981f81e65bbd03b51afb620f9263362111cb80830d8a2f8c7d103a29b8
RC101,solomon_txt,ef6893ffd9746ad96de8e4da6e64e2c4ba6e08a1c7eb9457276a9f1caf01ca12,1,1,ok,True,19,1957565,1957.565,0.083978,0.50069,1,time_limit,solomon_exact_1000_v1,missing,,,,,0.5,,100,2,25,fb89464a08a8315316a993462b898339a1874a83f2825c9a1b6ff87072390d28,False,reserve20,963da2981f81e65bbd03b51afb620f9263362111cb80830d8a2f8c7d103a29b8
RC101,solomon_txt,ef6893ffd9746ad96de8e4da6e64e2c4ba6e08a1c7eb9457276a9f1caf01ca12,2,1,ok,True,19,2033097,2033.097,0.084495,0.501193,2,time_limit,solomon_exact_1000_v1,missing,,,,,0.5,,100,2,25,fb89464a08a8315316a993462b898339a1874a83f2825c9a1b6ff87072390d28,False,reserve20,963da2981f81e65bbd03b51afb620f9263362111cb80830d8a2f8c7d103a29b8
RC102,solomon_txt,36acd349d34a577c7fadd61f78517c2cb74bd06a490273800c288f341e5785a4,0,1,ok,True,17,1840818,1840.818,0.087671,0.500609,2,time_limit,solomon_exact_1000_v1,missing,,,,,0.5,,100,2,25,fb89464a08a8315316a993462b898339a1874a83f2825c9a1b6ff87072390d28,False,reserve20,963da2981f81e65bbd03b51afb620f9263362111cb80830d8a2f8c7d103a29b8
RC102,solomon_txt,36acd349d34a577c7fadd61f78517c2cb74bd06a490273800c288f341e5785a4,1,1,ok,True,15,1834933,1834.933,0.087104,0.500603,1,time_limit,solomon_exact_1000_v1,missing,,,,,0.5,,100,2,25,fb89464a08a8315316a993462b898339a1874a83f2825c9a1b6ff87072390d28,False,reserve20,963da2981f81e65bbd03b51afb620f9263362111cb80830d8a2f8c7d103a29b8
RC102,solomon_txt,36acd349d34a577c7fadd61f78517c2cb74bd06a490273800c288f341e5785a4,2,1,ok,True,17,1851854,1851.854,0.088737,0.500358,3,time_limit,solomon_exact_1000_v1,missing,,,,,0.5,,100,2,25,fb89464a08a8315316a993462b898339a1874a83f2825c9a1b6ff87072390d28,False,reserve20,963da2981f81e65bbd03b51afb620f9263362111cb80830d8a2f8c7d103a29b8
RC103,solomon_txt,00f384138274d5d2bff5c41601db17cc4ad0cfc6315c27e223d4477bf435cc2d,0,1,ok,True,13,1952068,1952.068,0.09803,0.500639,1,time_limit,solomon_exact_1000_v1,missing,,,,,0.5,,100,2,25,fb89464a08a8315316a993462b898339a1874a83f2825c9a1b6ff87072390d28,False,reserve20,963da2981f81e65bbd03b51afb620f9263362111cb80830d8a2f8c7d103a29b8
RC103,solomon_txt,00f384138274d5d2bff5c41601db17cc4ad0cfc6315c27e223d4477bf435cc2d,1,1,ok,True,12,1730552,1730.552,0.099643,0.500893,1,time_limit,solomon_exact_1000_v1,missing,,,,,0.5,,100,2,25,fb89464a08a8315316a993462b898339a1874a83f2825c9a1b6ff87072390d28,False,reserve20,963da2981f81e65bbd03b51afb620f9263362111cb80830d8a2f8c7d103a29b8
RC103,solomon_txt,00f384138274d5d2bff5c41601db17cc4ad0cfc6315c27e223d4477bf435cc2d,2,1,ok,True,13,1952068,1952.068,0.099475,0.500676,2,time_limit,solomon_exact_1000_v1,missing,,,,,0.5,,100,2,25,fb89464a08a8315316a993462b898339a1874a83f2825c9a1b6ff87072390d28,False,reserve20,963da2981f81e65bbd03b51afb620f9263362111cb80830d8a2f8c7d103a29b8
RC104,solomon_txt,d150b2d61049a488fb89a2320c197d81a7ef9a1864abbbaea1d13a2b451253ee,0,1,ok,True,12,1624060,1624.06,0.119212,0.500977,1,time_limit,solomon_exact_1000_v1,missing,,,,,0.5,,100,2,25,fb89464a08a8315316a993462b898339a1874a83f2825c9a1b6ff87072390d28,False,reserve20,963da2981f81e65bbd03b51afb620f9263362111cb80830d8a2f8c7d103a29b8
RC104,solomon_txt,d150b2d61049a488fb89a2320c197d81a7ef9a1864abbbaea1d13a2b451253ee,1,1,ok,True,12,1624002,1624.002,0.126175,0.50057,1,time_limit,solomon_exact_1000_v1,missing,,,,,0.5,,100,2,25,fb89464a08a8315316a993462b898339a1874a83f2825c9a1b6ff87072390d28,False,reserve20,963da2981f81e65bbd03b51afb620f9263362111cb80830d8a2f8c7d103a29b8
RC104,solomon_txt,d150b2d61049a488fb89a2320c197d81a7ef9a1864abbbaea1d13a2b451253ee,2,1,ok,True,12,1322243,1322.243,0.105359,0.500711,1,time_limit,solomon_exact_1000_v1,missing,,,,,0.5,,100,2,25,fb89464a08a8315316a993462b898339a1874a83f2825c9a1b6ff87072390d28,False,reserve20,963da2981f81e65bbd03b51afb620f9263362111cb80830d8a2f8c7d103a29b8
RC105,solomon_txt,b9e912625c1ed80d2f565e0799ade2f4b17bf4f95056322ca23f1a21b37e7a49,0,1,ok,True,17,2128644,2128.644,0.140381,0.501275,1,time_limit,solomon_exact_1000_v1,missing,,,,,0.5,,100,2,25,fb89464a08a8315316a993462b898339a1874a83f2825c9a1b6ff87072390d28,False,reserve20,963da2981f81e65bbd03b51afb620f9263362111cb80830d8a2f8c7d103a29b8
RC105,solomon_txt,b9e912625c1ed80d2f565e0799ade2f4b17bf4f95056322ca23f1a21b37e7a49,1,1,ok,True,17,2062306,2062.306,0.150363,0.500641,2,time_limit,solomon_exact_1000_v1,missing,,,,,0.5,,100,2,25,fb89464a08a8315316a993462b898339a1874a83f2825c9a1b6ff87072390d28,False,reserve20,963da2981f81e65bbd03b51afb620f9263362111cb80830d8a2f8c7d103a29b8
RC105,solomon_txt,b9e912625c1ed80d2f565e0799ade2f4b17bf4f95056322ca23f1a21b37e7a49,2,1,ok,True,16,1893226,1893.226,0.094078,0.500485,3,time_limit,solomon_exact_1000_v1,missing,,,,,0.5,,100,2,25,fb89464a08a8315316a993462b898339a1874a83f2825c9a1b6ff87072390d28,False,reserve20,963da2981f81e65bbd03b51afb620f9263362111cb80830d8a2f8c7d103a29b8
RC106,solomon_txt,bf016ffc567af2d108570357daf1d0cabb7f680c0bd977d2e4366787683fdbaf,0,1,ok,True,16,1782018,1782.018,0.110667,0.501042,2,time_limit,solomon_exact_1000_v1,missing,,,,,0.5,,100,2,25,fb89464a08a8315316a993462b898339a1874a83f2825c9a1b6ff87072390d28,False,reserve20,963da2981f81e65bbd03b51afb620f9263362111cb80830d8a2f8c7d103a29b8
RC106,solomon_txt,bf016ffc567af2d108570357daf1d0cabb7f680c0bd977d2e4366787683fdbaf,1,1,ok,True,16,1805538,1805.538,0.108146,0.500409,2,time_limit,solomon_exact_1000_v1,missing,,,,,0.5,,100,2,25,fb89464a08a8315316a993462b898339a1874a83f2825c9a1b6ff87072390d28,False,reserve20,963da2981f81e65bbd03b51afb620f9263362111cb80830d8a2f8c7d103a29b8
RC106,solomon_txt,bf016ffc567af2d108570357daf1d0cabb7f680c0bd977d2e4366787683fdbaf,2,1,ok,True,16,1815251,1815.251,0.093329,0.500731,3,time_limit,solomon_exact_1000_v1,missing,,,,,0.5,,100,2,25,fb89464a08a8315316a993462b898339a1874a83f2825c9a1b6ff87072390d28,False,reserve20,963da2981f81e65bbd03b51afb620f9263362111cb80830d8a2f8c7d103a29b8
RC107,solomon_txt,fff3fd68d110671ed442575f07cc547291586f30b00c5f73934d521d31311582,0,1,ok,True,14,1701132,1701.132,0.094474,0.500654,1,time_limit,solomon_exact_1000_v1,missing,,,,,0.5,,100,2,25,fb89464a08a8315316a993462b898339a1874a83f2825c9a1b6ff87072390d28,False,reserve20,963da2981f81e65bbd03b51afb620f9263362111cb80830d8a2f8c7d103a29b8
RC107,solomon_txt,fff3fd68d110671ed442575f07cc547291586f30b00c5f73934d521d31311582,1,1,ok,True,14,1925351,1925.351,0.106406,0.50063,1,time_limit,solomon_exact_1000_v1,missing,,,,,0.5,,100,2,25,fb89464a08a8315316a993462b898339a1874a83f2825c9a1b6ff87072390d28,False,reserve20,963da2981f81e65bbd03b51afb620f9263362111cb80830d8a2f8c7d103a29b8
RC107,solomon_txt,fff3fd68d110671ed442575f07cc547291586f30b00c5f73934d521d31311582,2,1,ok,True,15,2026973,2026.973,0.116929,0.500669,2,time_limit,solomon_exact_1000_v1,missing,,,,,0.5,,100,2,25,fb89464a08a8315316a993462b898339a1874a83f2825c9a1b6ff87072390d28,False,reserve20,963da2981f81e65bbd03b51afb620f9263362111cb80830d8a2f8c7d103a29b8
RC108,solomon_txt,006bc8817bf09f9a8c66af8d6f088bdec239b2eb435556e9d11193cf456f7aeb,0,1,ok,True,14,1921701,1921.701,0.101124,0.500638,2,time_limit,solomon_exact_1000_v1,missing,,,,,0.5,,100,2,25,fb89464a08a8315316a993462b898339a1874a83f2825c9a1b6ff87072390d28,False,reserve20,963da2981f81e65bbd03b51afb620f9263362111cb80830d8a2f8c7d103a29b8
RC108,solomon_txt,006bc8817bf09f9a8c66af8d6f088bdec239b2eb435556e9d11193cf456f7aeb,1,1,ok,True,14,1606564,1606.564,0.104436,0.50066,1,time_limit,solomon_exact_1000_v1,missing,,,,,0.5,,100,2,25,fb89464a08a8315316a993462b898339a1874a83f2825c9a1b6ff87072390d28,False,reserve20,963da2981f81e65bbd03b51afb620f9263362111cb80830d8a2f8c7d103a29b8
RC108,solomon_txt,006bc8817bf09f9a8c66af8d6f088bdec239b2eb435556e9d11193cf456f7aeb,2,1,ok,True,14,1666306,1666.306,0.105124,0.500333,2,time_limit,solomon_exact_1000_v1,missing,,,,,0.5,,100,2,25,fb89464a08a8315316a993462b898339a1874a83f2825c9a1b6ff87072390d28,False,reserve20,963da2981f81e65bbd03b51afb620f9263362111cb80830d8a2f8c7d103a29b8
RC201,solomon_txt,288836e2d8c2ace83ebbff77e03ac8cdffc574fc134cade21ef92713f8c52d44,0,1,ok,True,5,2394832,2394.832,0.214286,0.500311,2,time_limit,solomon_exact_1000_v1,missing,,,,,0.5,,100,2,25,fb89464a08a8315316a993462b898339a1874a83f2825c9a1b6ff87072390d28,False,reserve20,963da2981f81e65bbd03b51afb620f9263362111cb80830d8a2f8c7d103a29b8
RC201,solomon_txt,288836e2d8c2ace83ebbff77e03ac8cdffc574fc134cade21ef92713f8c52d44,1,1,ok,True,5,2386018,2386.018,0.21164,0.500727,1,time_limit,solomon_exact_1000_v1,missing,,,,,0.5,,100,2,25,fb89464a08a8315316a993462b898339a1874a83f2825c9a1b6ff87072390d28,False,reserve20,963da2981f81e65bbd03b51afb620f9263362111cb80830d8a2f8c7d103a29b8
RC201,solomon_txt,288836e2d8c2ace83ebbff77e03ac8cdffc574fc134cade21ef92713f8c52d44,2,1,ok,True,5,2387667,2387.667,0.195662,0.500366,2,time_limit,solomon_exact_1000_v1,missing,,,,,0.5,,100,2,25,fb89464a08a8315316a993462b898339a1874a83f2825c9a1b6ff87072390d28,False,reserve20,963da2981f81e65bbd03b51afb620f9263362111cb80830d8a2f8c7d103a29b8
RC202,solomon_txt,5a1dee2017ab0ca4fe280b392678c96e8b5bc71f22d02c8058fbde7c4cfebcf4,0,1,ok,True,4,1919468,1919.468,0.193017,0.500669,1,time_limit,solomon_exact_1000_v1,missing,,,,,0.5,,100,2,25,fb89464a08a8315316a993462b898339a1874a83f2825c9a1b6ff87072390d28,False,reserve20,963da2981f81e65bbd03b51afb620f9263362111cb80830d8a2f8c7d103a29b8
RC202,solomon_txt,5a1dee2017ab0ca4fe280b392678c96e8b5bc71f22d02c8058fbde7c4cfebcf4,1,1,ok,True,4,1816730,1816.73,0.197148,0.500669,1,time_limit,solomon_exact_1000_v1,missing,,,,,0.5,,100,2,25,fb89464a08a8315316a993462b898339a1874a83f2825c9a1b6ff87072390d28,False,reserve20,963da2981f81e65bbd03b51afb620f9263362111cb80830d8a2f8c7d103a29b8
RC202,solomon_txt,5a1dee2017ab0ca4fe280b392678c96e8b5bc71f22d02c8058fbde7c4cfebcf4,2,1,ok,True,4,1619243,1619.243,0.195649,0.500583,1,time_limit,solomon_exact_1000_v1,missing,,,,,0.5,,100,2,25,fb89464a08a8315316a993462b898339a1874a83f2825c9a1b6ff87072390d28,False,reserve20,963da2981f81e65bbd03b51afb620f9263362111cb80830d8a2f8c7d103a29b8
RC203,solomon_txt,4adcb362c23df91f14b828d4964e9383ffb02ee74217afc2d84571f83ed91f8b,0,1,ok,True,4,1153813,1153.813,0.197118,0.50068,1,time_limit,solomon_exact_1000_v1,missing,,,,,0.5,,100,2,25,fb89464a08a8315316a993462b898339a1874a83f2825c9a1b6ff87072390d28,False,reserve20,963da2981f81e65bbd03b51afb620f9263362111cb80830d8a2f8c7d103a29b8
RC203,solomon_txt,4adcb362c23df91f14b828d4964e9383ffb02ee74217afc2d84571f83ed91f8b,1,1,ok,True,4,1298160,1298.16,0.204984,0.500286,2,time_limit,solomon_exact_1000_v1,missing,,,,,0.5,,100,2,25,fb89464a08a8315316a993462b898339a1874a83f2825c9a1b6ff87072390d28,False,reserve20,963da2981f81e65bbd03b51afb620f9263362111cb80830d8a2f8c7d103a29b8
RC203,solomon_txt,4adcb362c23df91f14b828d4964e9383ffb02ee74217afc2d84571f83ed91f8b,2,1,ok,True,4,1061047,1061.047,0.226687,0.500665,1,time_limit,solomon_exact_1000_v1,missing,,,,,0.5,,100,2,25,fb89464a08a8315316a993462b898339a1874a83f2825c9a1b6ff87072390d28,False,reserve20,963da2981f81e65bbd03b51afb620f9263362111cb80830d8a2f8c7d103a29b8
RC204,solomon_txt,11e827eab51a959ebab66344e7b7cfd1aeed895287653b36a72c86a4440ecd77,0,1,ok,True,3,1500593,1500.593,0.301805,0.500533,1,time_limit,solomon_exact_1000_v1,missing,,,,,0.5,,100,2,25,fb89464a08a8315316a993462b898339a1874a83f2825c9a1b6ff87072390d28,False,reserve20,963da2981f81e65bbd03b51afb620f9263362111cb80830d8a2f8c7d103a29b8
RC204,solomon_txt,11e827eab51a959ebab66344e7b7cfd1aeed895287653b36a72c86a4440ecd77,1,1,ok,True,3,1489592,1489.592,0.316766,0.500617,1,time_limit,solomon_exact_1000_v1,missing,,,,,0.5,,100,2,25,fb89464a08a8315316a993462b898339a1874a83f2825c9a1b6ff87072390d28,False,reserve20,963da2981f81e65bbd03b51afb620f9263362111cb80830d8a2f8c7d103a29b8
RC204,solomon_txt,11e827eab51a959ebab66344e7b7cfd1aeed895287653b36a72c86a4440ecd77,2,1,ok,True,3,1485242,1485.242,0.297866,0.501077,1,time_limit,solomon_exact_1000_v1,missing,,,,,0.5,,100,2,25,fb89464a08a8315316a993462b898339a1874a83f2825c9a1b6ff87072390d28,False,reserve20,963da2981f81e65bbd03b51afb620f9263362111cb80830d8a2f8c7d103a29b8
RC205,solomon_txt,c061d306cf42310b0f3ca15612089f6c5a8d5604c0733bf26852477c787662c9,0,1,ok,True,5,2063021,2063.021,0.251213,0.500513,1,time_limit,solomon_exact_1000_v1,missing,,,,,0.5,,100,2,25,fb89464a08a8315316a993462b898339a1874a83f2825c9a1b6ff87072390d28,False,reserve20,963da2981f81e65bbd03b51afb620f9263362111cb80830d8a2f8c7d103a29b8
RC205,solomon_txt,c061d306cf42310b0f3ca15612089f6c5a8d5604c0733bf26852477c787662c9,1,1,ok,True,5,2043689,2043.689,0.264651,0.500634,2,time_limit,solomon_exact_1000_v1,missing,,,,,0.5,,100,2,25,fb89464a08a8315316a993462b898339a1874a83f2825c9a1b6ff87072390d28,False,reserve20,963da2981f81e65bbd03b51afb620f9263362111cb80830d8a2f8c7d103a29b8
RC205,solomon_txt,c061d306cf42310b0f3ca15612089f6c5a8d5604c0733bf26852477c787662c9,2,1,ok,True,5,2045386,2045.386,0.273722,0.50051,2,time_limit,solomon_exact_1000_v1,missing,,,,,0.5,,100,2,25,fb89464a08a8315316a993462b898339a1874a83f2825c9a1b6ff87072390d28,False,reserve20,963da2981f81e65bbd03b51afb620f9263362111cb80830d8a2f8c7d103a29b8
RC206,solomon_txt,5203aecf67c84df49e152645312a837ffefde529314ff892ca061538816e43a9,0,1,ok,True,4,2067894,2067.894,0.230831,0.501047,1,time_limit,solomon_exact_1000_v1,missing,,,,,0.5,,100,2,25,fb89464a08a8315316a993462b898339a1874a83f2825c9a1b6ff87072390d28,False,reserve20,963da2981f81e65bbd03b51afb620f9263362111cb80830d8a2f8c7d103a29b8
RC206,solomon_txt,5203aecf67c84df49e152645312a837ffefde529314ff892ca061538816e43a9,1,1,ok,True,5,2043702,2043.702,0.244475,0.500626,1,time_limit,solomon_exact_1000_v1,missing,,,,,0.5,,100,2,25,fb89464a08a8315316a993462b898339a1874a83f2825c9a1b6ff87072390d28,False,reserve20,963da2981f81e65bbd03b51afb620f9263362111cb80830d8a2f8c7d103a29b8
RC206,solomon_txt,5203aecf67c84df49e152645312a837ffefde529314ff892ca061538816e43a9,2,1,ok,True,5,2062880,2062.88,0.27291,0.500639,1,time_limit,solomon_exact_1000_v1,missing,,,,,0.5,,100,2,25,fb89464a08a8315316a993462b898339a1874a83f2825c9a1b6ff87072390d28,False,reserve20,963da2981f81e65bbd03b51afb620f9263362111cb80830d8a2f8c7d103a29b8
RC207,solomon_txt,5cab65f99b350cdb8fb1c4d0a12dde85eb4ff6a6d6daf292b182cb73de9a8b63,0,1,ok,True,4,1907431,1907.431,0.221948,0.500538,1,time_limit,solomon_exact_1000_v1,missing,,,,,0.5,,100,2,25,fb89464a08a8315316a993462b898339a1874a83f2825c9a1b6ff87072390d28,False,reserve20,963da2981f81e65bbd03b51afb620f9263362111cb80830d8a2f8c7d103a29b8
RC207,solomon_txt,5cab65f99b350cdb8fb1c4d0a12dde85eb4ff6a6d6daf292b182cb73de9a8b63,1,1,ok,True,4,1907431,1907.431,0.230059,0.500687,1,time_limit,solomon_exact_1000_v1,missing,,,,,0.5,,100,2,25,fb89464a08a8315316a993462b898339a1874a83f2825c9a1b6ff87072390d28,False,reserve20,963da2981f81e65bbd03b51afb620f9263362111cb80830d8a2f8c7d103a29b8
RC207,solomon_txt,5cab65f99b350cdb8fb1c4d0a12dde85eb4ff6a6d6daf292b182cb73de9a8b63,2,1,ok,True,4,1907431,1907.431,0.228034,0.500443,1,time_limit,solomon_exact_1000_v1,missing,,,,,0.5,,100,2,25,fb89464a08a8315316a993462b898339a1874a83f2825c9a1b6ff87072390d28,False,reserve20,963da2981f81e65bbd03b51afb620f9263362111cb80830d8a2f8c7d103a29b8
RC208,solomon_txt,3d67d2a8e2758a324643f5d6c6ca87e8c56435273eaa04be33f213bb991f1f28,0,1,ok,True,4,1913075,1913.075,0.296114,0.500569,1,time_limit,solomon_exact_1000_v1,missing,,,,,0.5,,100,2,25,fb89464a08a8315316a993462b898339a1874a83f2825c9a1b6ff87072390d28,False,reserve20,963da2981f81e65bbd03b51afb620f9263362111cb80830d8a2f8c7d103a29b8
RC208,solomon_txt,3d67d2a8e2758a324643f5d6c6ca87e8c56435273eaa04be33f213bb991f1f28,1,1,ok,True,4,1913075,1913.075,0.296869,0.50085,1,time_limit,solomon_exact_1000_v1,missing,,,,,0.5,,100,2,25,fb89464a08a8315316a993462b898339a1874a83f2825c9a1b6ff87072390d28,False,reserve20,963da2981f81e65bbd03b51afb620f9263362111cb80830d8a2f8c7d103a29b8
RC208,solomon_txt,3d67d2a8e2758a324643f5d6c6ca87e8c56435273eaa04be33f213bb991f1f28,2,1,ok,True,4,1909257,1909.257,0.264582,0.500642,1,time_limit,solomon_exact_1000_v1,missing,,,,,0.5,,100,2,25,fb89464a08a8315316a993462b898339a1874a83f2825c9a1b6ff87072390d28,False,reserve20,963da2981f81e65bbd03b51afb620f9263362111cb80830d8a2f8c7d103a29b8
C101,solomon_txt,a6da75152d182d60ecd2c6f854296f5be452f92282d096adebcf5d99a7f16516,0,1,ok,True,11,1015038,1015.038,0.142494,0.500626,0,time_limit,solomon_exact_1000_v1,different_vehicles,10,828.94,,,0.5,,100,8,25,fb89464a08a8315316a993462b898339a1874a83f2825c9a1b6ff87072390d28,False,moves8,a1ed1f6b4b30fad224dcecf43e2d11cfba84a3939a42f55f17be472ce0a2b0df
C101,solomon_txt,a6da75152d182d60ecd2c6f854296f5be452f92282d096adebcf5d99a7f16516,1,1,ok,True,10,828937,828.937,0.15596,0.500685,1,time_limit,solomon_exact_1000_v1,same_vehicles,10,828.94,-0.0004,,0.5,,100,8,25,fb89464a08a8315316a993462b898339a1874a83f2825c9a1b6ff87072390d28,False,moves8,a1ed1f6b4b30fad224dcecf43e2d11cfba84a3939a42f55f17be472ce0a2b0df
C101,solomon_txt,a6da75152d182d60ecd2c6f854296f5be452f92282d096adebcf5d99a7f16516,2,1,ok,True,11,918900,918.9,0.118432,0.500641,0,time_limit,solomon_exact_1000_v1,different_vehicles,10,828.94,,,0.5,,100,8,25,fb89464a08a8315316a993462b898339a1874a83f2825c9a1b6ff87072390d28,False,moves8,a1ed1f6b4b30fad224dcecf43e2d11cfba84a3939a42f55f17be472ce0a2b0df
C102,solomon_txt,f89a0e2a760cc7448a4ca72b88e5b29b94d64b5548f3320f42a6230025ead653,0,1,ok,True,10,1258583,1258.583,0.136476,0.501144,1,time_limit,solomon_exact_1000_v1,same_vehicles,10,828.94,51.8304,,0.5,,100,8,25,fb89464a08a8315316a993462b898339a1874a83f2825c9a1b6ff87072390d28,False,moves8,a1ed1f6b4b30fad224dcecf43e2d11cfba84a3939a42f55f17be472ce0a2b0df
C102,solomon_txt,f89a0e2a760cc7448a4ca72b88e5b29b94d64b5548f3320f42a6230025ead653,1,1,ok,True,10,1258583,1258.583,0.140291,0.500624,1,time_limit,solomon_exact_1000_v1,same_vehicles,10,828.94,51.8304,,0.5,,100,8,25,fb89464a08a8315316a993462b898339a1874a83f2825c9a1b6ff87072390d28,False,moves8,a1ed1f6b4b30fad224dcecf43e2d11cfba84a3939a42f55f17be472ce0a2b0df
C102,solomon_txt,f89a0e2a760cc7448a4ca72b88e5b29b94d64b5548f3320f42a6230025ead653,2,1,ok,True,10,1258583,1258.583,0.10717,0.50067,1,time_limit,solomon_exact_1000_v1,same_vehicles,10,828.94,51.8304,,0.5,,100,8,25,fb89464a08a8315316a993462b898339a1874a83f2825c9a1b6ff87072390d28,False,moves8,a1ed1f6b4b30fad224dcecf43e2d11cfba84a3939a42f55f17be472ce0a2b0df
C103,solomon_txt,a55cabf15e0da9d65696a5fb45c9852889479893f76f772a428ca15d1b415a51,0,1,ok,True,10,1842860,1842.86,0.118822,0.50109,1,time_limit,solomon_exact_1000_v1,same_vehicles,10,828.06,122.5515,,0.5,,100,8,25,fb89464a08a8315316a993462b898339a1874a83f2825c9a1b6ff87072390d28,False,moves8,a1ed1f6b4b30fad224dcecf43e2d11cfba84a3939a42f55f17be472ce0a2b0df
C103,solomon_txt,a55cabf15e0da9d65696a5fb45c9852889479893f76f772a428ca15d1b415a51,1,1,ok,True,10,1822472,1822.472,0.151618,0.50062,1,time_limit,solomon_exact_1000_v1,same_vehicles,10,828.06,120.0894,,0.5,,100,8,25,fb89464a08a8315316a993462b898339a1874a83f2825c9a1b6ff87072390d28,False,moves8,a1ed1f6b4b30fad224dcecf43e2d11cfba84a3939a42f55f17be472ce0a2b0df
C103,solomon_txt,a55cabf15e0da9d65696a5fb45c9852889479893f76f772a428ca15d1b415a51,2,1,ok,True,10,1821945,1821.945,0.116277,0.500578,1,time_limit,solomon_exact_1000_v1,same_vehicles,10,828.06,120.0257,,0.5,,100,8,25,fb89464a08a8315316a993462b898339a1874a83f2825c9a1b6ff87072390d28,False,moves8,a1ed1f6b4b30fad224dcecf43e2d11cfba84a3939a42f55f17be472ce0a2b0df
C104,solomon_txt,fe333e81625ee5a75bb2ce98c2c9f356d07289237865b62a23ba2f32f0de5ee2,0,1,ok,True,10,1957055,1957.055,0.153837,0.500617,1,time_limit,solomon_exact_1000_v1,same_vehicles,10,824.78,137.2821,,0.5,,100,8,25,fb89464a08a8315316a993462b898339a1874a83f2825c9a1b6ff87072390d28,False,moves8,a1ed1f6b4b30fad224dcecf43e2d11cfba84a3939a42f55f17be472ce0a2b0df
C104,solomon_txt,fe333e81625ee5a75bb2ce98c2c9f356d07289237865b62a23ba2f32f0de5ee2,1,1,ok,True,10,1981440,1981.44,0.208432,0.501061,1,time_limit,solomon_exact_1000_v1,same_vehicles,10,824.78,140.2386,,0.5,,100,8,25,fb89464a08a8315316a993462b898339a1874a83f2825c9a1b6ff87072390d28,False,moves8,a1ed1f6b4b30fad224dcecf43e2d11cfba84a3939a42f55f17be472ce0a2b0df
C104,solomon_txt,fe333e81625ee5a75bb2ce98c2c9f356d07289237865b62a23ba2f32f0de5ee2,2,1,ok,True,10,1907834,1907.834,0.146184,0.500621,1,time_limit,solomon_exact_1000_v1,same_vehicles,10,824.78,131.3143,,0.5,,100,8,25,fb89464a08a8315316a993462b898339a1874a83f2825c9a1b6ff87072390d28,False,moves8,a1ed1f6b4b30fad224dcecf43e2d11cfba84a3939a42f55f17be472ce0a2b0df
C105,solomon_txt,9a877a3a6fb922e7ad9297cc0308bc8a5652cb1495a0228ee6b81b2d938aa29f,0,1,ok,True,11,1244285,1244.285,0.101538,0.500568,0,time_limit,solomon_exact_1000_v1,different_vehicles,10,828.94,,,0.5,,100,8,25,fb89464a08a8315316a993462b898339a1874a83f2825c9a1b6ff87072390d28,False,moves8,a1ed1f6b4b30fad224dcecf43e2d11cfba84a3939a42f55f17be472ce0a2b0df
C105,solomon_txt,9a877a3a6fb922e7ad9297cc0308bc8a5652cb1495a0228ee6b81b2d938aa29f,1,1,ok,True,10,1039051,1039.051,0.175264,0.501036,1,time_limit,solomon_exact_1000_v1,same_vehicles,10,828.94,25.3469,,0.5,,100,8,25,fb89464a08a8315316a993462b898339a1874a83f2825c9a1b6ff87072390d28,False,moves8,a1ed1f6b4b30fad224dcecf43e2d11cfba84a3939a42f55f17be472ce0a2b0df
C105,solomon_txt,9a877a3a6fb922e7ad9297cc0308bc8a5652cb1495a0228ee6b81b2d938aa29f,2,1,ok,True,10,1066901,1066.901,0.118756,0.500678,1,time_limit,solomon_exact_1000_v1,same_vehicles,10,828.94,28.7067,,0.5,,100,8,25,fb89464a08a8315316a993462b898339a1874a83f2825c9a1b6ff87072390d28,False,moves8,a1ed1f6b4b30fad224dcecf43e2d11cfba84a3939a42f55f17be472ce0a2b0df
C106,solomon_txt,ec9b419bed53e9c607cce76e8c6bc59feb6e4d17646905601f008a4141ec7b40,0,1,ok,True,11,1084360,1084.36,0.146603,0.50098,0,time_limit,solomon_exact_1000_v1,different_vehicles,10,828.94,,,0.5,,100,8,25,fb89464a08a8315316a993462b898339a1874a83f2825c9a1b6ff87072390d28,False,moves8,a1ed1f6b4b30fad224dcecf43e2d11cfba84a3939a42f55f17be472ce0a2b0df
C106,solomon_txt,ec9b419bed53e9c607cce76e8c6bc59feb6e4d17646905601f008a4141ec7b40,1,1,ok,True,10,1100696,1100.696,0.100813,0.50108,1,time_limit,solomon_exact_1000_v1,same_vehicles,10,828.94,32.7836,,0.5,,100,8,25,fb89464a08a8315316a993462b898339a1874a83f2825c9a1b6ff87072390d28,False,moves8,a1ed1f6b4b30fad224dcecf43e2d11cfba84a3939a42f55f17be472ce0a2b0df
C106,solomon_txt,ec9b419bed53e9c607cce76e8c6bc59feb6e4d17646905601f008a4141ec7b40,2,1,ok,True,10,1084912,1084.912,0.127801,0.500601,1,time_limit,solomon_exact_1000_v1,same_vehicles,10,828.94,30.8794,,0.5,,100,8,25,fb89464a08a8315316a993462b898339a1874a83f2825c9a1b6ff87072390d28,False,moves8,a1ed1f6b4b30fad224dcecf43e2d11cfba84a3939a42f55f17be472ce0a2b0df
C107,solomon_txt,cb3cdc10d812fa17370eb52cb753b6b0574426dc6fabeb8b9076ed750ddf05ca,0,1,ok,True,10,1037431,1037.431,0.123784,0.500603,1,time_limit,solomon_exact_1000_v1,same_vehicles,10,828.06,25.2845,,0.5,,100,8,25,fb89464a08a8315316a993462b898339a1874a83f2825c9a1b6ff87072390d28,False,moves8,a1ed1f6b4b30fad224dcecf43e2d11cfba84a3939a42f55f17be472ce0a2b0df
C107,solomon_txt,cb3cdc10d812fa17370eb52cb753b6b0574426dc6fabeb8b9076ed750ddf05ca,1,1,ok,True,10,1119053,1119.053,0.143349,0.50112,1,time_limit,solomon_exact_1000_v1,same_vehicles,10,828.06,35.1415,,0.5,,100,8,25,fb89464a08a8315316a993462b898339a1874a83f2825c9a1b6ff87072390d28,False,moves8,a1ed1f6b4b30fad224dcecf43e2d11cfba84a3939a42f55f17be472ce0a2b0df
C107,solomon_txt,cb3cdc10d812fa17370eb52cb753b6b0574426dc6fabeb8b9076ed750ddf05ca,2,1,ok,True,10,1088430,1088.43,0.162661,0.500625,1,time_limit,solomon_exact_1000_v1,same_vehicles,10,828.06,31.4434,,0.5,,100,8,25,fb89464a08a8315316a993462b898339a1874a83f2825c9a1b6ff87072390d28,False,moves8,a1ed1f6b4b30fad224dcecf43e2d11cfba84a3939a42f55f17be472ce0a2b0df
C108,solomon_txt,b8c7e48f292b66b283d8e71511e3a4eccaa4c4bc66b9313c399e73b0226f5953,0,1,ok,True,11,2132182,2132.182,0.116946,0.500567,0,time_limit,solomon_exact_1000_v1,different_vehicles,10,828.94,,,0.5,,100,8,25,fb89464a08a8315316a993462b898339a1874a83f2825c9a1b6ff87072390d28,False,moves8,a1ed1f6b4b30fad224dcecf43e2d11cfba84a3939a42f55f17be472ce0a2b0df
C108,solomon_txt,b8c7e48f292b66b283d8e71511e3a4eccaa4c4bc66b9313c399e73b0226f5953,1,1,ok,True,10,1562897,1562.897,0.101544,0.500651,2,time_limit,solomon_exact_1000_v1,same_vehicles,10,828.94,88.5416,,0.5,,100,8,25,fb89464a08a8315316a993462b898339a1874a83f2825c9a1b6ff87072390d28,False,moves8,a1ed1f6b4b30fad224dcecf43e2d11cfba84a3939a42f55f17be472ce0a2b0df
C108,solomon_txt,b8c7e48f292b66b283d8e71511e3a4eccaa4c4bc66b9313c399e73b0226f5953,2,1,ok,True,10,1419591,1419.591,0.115682,0.501024,2,time_limit,solomon_exact_1000_v1,same_vehicles,10,828.94,71.2538,,0.5,,100,8,25,fb89464a08a8315316a993462b898339a1874a83f2825c9a1b6ff87072390d28,False,moves8,a1ed1f6b4b30fad224dcecf43e2d11cfba84a3939a42f55f17be472ce0a2b0df
C109,solomon_txt,72d8489e14bf1bb18456f0b21b01110506cbcc2354719dae8481b480150f142a,0,1,ok,True,10,1668004,1668.004,0.194185,0.500633,1,time_limit,solomon_exact_1000_v1,same_vehicles,10,828.94,101.2213,,0.5,,100,8,25,fb89464a08a8315316a993462b898339a1874a83f2825c9a1b6ff87072390d28,False,moves8,a1ed1f6b4b30fad224dcecf43e2d11cfba84a3939a42f55f17be472ce0a2b0df
C109,solomon_txt,72d8489e14bf1bb18456f0b21b01110506cbcc2354719dae8481b480150f142a,1,1,ok,True,10,1665735,1665.735,0.107966,0.500608,1,time_limit,solomon_exact_1000_v1,same_vehicles,10,828.94,100.9476,,0.5,,100,8,25,fb89464a08a8315316a993462b898339a1874a83f2825c9a1b6ff87072390d28,False,moves8,a1ed1f6b4b30fad224dcecf43e2d11cfba84a3939a42f55f17be472ce0a2b0df
C109,solomon_txt,72d8489e14bf1bb18456f0b21b01110506cbcc2354719dae8481b480150f142a,2,1,ok,True,10,1665735,1665.735,0.116758,0.500626,1,time_limit,solomon_exact_1000_v1,same_vehicles,10,828.94,100.9476,,0.5,,100,8,25,fb89464a08a8315316a993462b898339a1874a83f2825c9a1b6ff87072390d28,False,moves8,a1ed1f6b4b30fad224dcecf43e2d11cfba84a3939a42f55f17be472ce0a2b0df
C201,solomon_txt,d8d9834087ae2326fa23a8510533060233dc9fb481873be60956eb26a880ad63,0,1,ok,True,3,704252,704.252,0.289478,0.500721,1,time_limit,solomon_exact_1000_v1,same_vehicles,3,591.56,19.05,,0.5,,100,8,25,fb89464a08a8315316a993462b898339a1874a83f2825c9a1b6ff87072390d28,False,moves8,a1ed1f6b4b30fad224dcecf43e2d11cfba84a3939a42f55f17be472ce0a2b0df
C201,solomon_txt,d8d9834087ae2326fa23a8510533060233dc9fb481873be60956eb26a880ad63,1,1,ok,True,3,704252,704.252,0.357036,0.500634,1,time_limit,solomon_exact_1000_v1,same_vehicles,3,591.56,19.05,,0.5,,100,8,25,fb89464a08a8315316a993462b898339a1874a83f2825c9a1b6ff87072390d28,False,moves8,a1ed1f6b4b30fad224dcecf43e2d11cfba84a3939a42f55f17be472ce0a2b0df
C201,solomon_txt,d8d9834087ae2326fa23a8510533060233dc9fb481873be60956eb26a880ad63,2,1,ok,True,3,704252,704.252,0.403912,0.500601,1,time_limit,solomon_exact_1000_v1,same_vehicles,3,591.56,19.05,,0.5,,100,8,25,fb89464a08a8315316a993462b898339a1874a83f2825c9a1b6ff87072390d28,False,moves8,a1ed1f6b4b30fad224dcecf43e2d11cfba84a3939a42f55f17be472ce0a2b0df
C202,solomon_txt,dfc8ecad79f6c7ffb096cd36994143569f0babe284d5ad194683271d81063772,0,1,ok,True,3,749519,749.519,0.250325,0.500592,1,time_limit,solomon_exact_1000_v1,same_vehicles,3,591.56,26.7021,,0.5,,100,8,25,fb89464a08a8315316a993462b898339a1874a83f2825c9a1b6ff87072390d28,False,moves8,a1ed1f6b4b30fad224dcecf43e2d11cfba84a3939a42f55f17be472ce0a2b0df
C202,solomon_txt,dfc8ecad79f6c7ffb096cd36994143569f0babe284d5ad194683271d81063772,1,1,ok,True,3,746236,746.236,0.389473,0.500602,1,time_limit,solomon_exact_1000_v1,same_vehicles,3,591.56,26.1471,,0.5,,100,8,25,fb89464a08a8315316a993462b898339a1874a83f2825c9a1b6ff87072390d28,False,moves8,a1ed1f6b4b30fad224dcecf43e2d11cfba84a3939a42f55f17be472ce0a2b0df
C202,solomon_txt,dfc8ecad79f6c7ffb096cd36994143569f0babe284d5ad194683271d81063772,2,1,ok,True,3,746236,746.236,0.418375,0.500701,1,time_limit,solomon_exact_1000_v1,same_vehicles,3,591.56,26.1471,,0.5,,100,8,25,fb89464a08a8315316a993462b898339a1874a83f2825c9a1b6ff87072390d28,False,moves8,a1ed1f6b4b30fad224dcecf43e2d11cfba84a3939a42f55f17be472ce0a2b0df
C203,solomon_txt,2b79eea2962a848cb29f6153d4fb4ae725d35507686d937da6643b33fcd85062,0,1,ok,True,4,894861,894.861,0.276555,0.500596,0,time_limit,solomon_exact_1000_v1,different_vehicles,3,591.17,,,0.5,,100,8,25,fb89464a08a8315316a993462b898339a1874a83f2825c9a1b6ff87072390d28,False,moves8,a1ed1f6b4b30fad224dcecf43e2d11cfba84a3939a42f55f17be472ce0a2b0df
C203,solomon_txt,2b79eea2962a848cb29f6153d4fb4ae725d35507686d937da6643b33fcd85062,1,1,ok,True,4,894861,894.861,0.334964,0.500953,0,time_limit,solomon_exact_1000_v1,different_vehicles,3,591.17,,,0.5,,100,8,25,fb89464a08a8315316a993462b898339a1874a83f2825c9a1b6ff87072390d28,False,moves8,a1ed1f6b4b30fad224dcecf43e2d11cfba84a3939a42f55f17be472ce0a2b0df
C203,solomon_txt,2b79eea2962a848cb29f6153d4fb4ae725d35507686d937da6643b33fcd85062,2,1,ok,True,4,894861,894.861,0.302958,0.50061,0,time_limit,solomon_exact_1000_v1,different_vehicles,3,591.17,,,0.5,,100,8,25,fb89464a08a8315316a993462b898339a1874a83f2825c9a1b6ff87072390d28,False,moves8,a1ed1f6b4b30fad224dcecf43e2d11cfba84a3939a42f55f17be472ce0a2b0df
C204,solomon_txt,4331b2744d34e32c2987e3fe8a82b782a2039d757d2aac818f7e0fd21117bfb4,0,1,ok,True,4,1439548,1439.548,0.295104,0.500747,0,time_limit,solomon_exact_1000_v1,different_vehicles,3,590.6,,,0.5,,100,8,25,fb89464a08a8315316a993462b898339a1874a83f2825c9a1b6ff87072390d28,False,moves8,a1ed1f6b4b30fad224dcecf43e2d11cfba84a3939a42f55f17be472ce0a2b0df
C204,solomon_txt,4331b2744d34e32c2987e3fe8a82b782a2039d757d2aac818f7e0fd21117bfb4,1,1,ok,True,4,1439548,1439.548,0.301645,0.50056,0,time_limit,solomon_exact_1000_v1,different_vehicles,3,590.6,,,0.5,,100,8,25,fb89464a08a8315316a993462b898339a1874a83f2825c9a1b6ff87072390d28,False,moves8,a1ed1f6b4b30fad224dcecf43e2d11cfba84a3939a42f55f17be472ce0a2b0df
C204,solomon_txt,4331b2744d34e32c2987e3fe8a82b782a2039d757d2aac818f7e0fd21117bfb4,2,1,ok,True,3,743140,743.14,0.278583,0.50054,0,time_limit,solomon_exact_1000_v1,same_vehicles,3,590.6,25.828,,0.5,,100,8,25,fb89464a08a8315316a993462b898339a1874a83f2825c9a1b6ff87072390d28,False,moves8,a1ed1f6b4b30fad224dcecf43e2d11cfba84a3939a42f55f17be472ce0a2b0df
C205,solomon_txt,15be2bb8c3e4ad99a79d1e7ee0472223feb95a4f423d010e032bda0a87266ca5,0,1,ok,True,4,912158,912.158,0.271696,0.500966,0,time_limit,solomon_exact_1000_v1,different_vehicles,3,588.88,,,0.5,,100,8,25,fb89464a08a8315316a993462b898339a1874a83f2825c9a1b6ff87072390d28,False,moves8,a1ed1f6b4b30fad224dcecf43e2d11cfba84a3939a42f55f17be472ce0a2b0df
C205,solomon_txt,15be2bb8c3e4ad99a79d1e7ee0472223feb95a4f423d010e032bda0a87266ca5,1,1,ok,True,4,912158,912.158,0.28082,0.500599,0,time_limit,solomon_exact_1000_v1,different_vehicles,3,588.88,,,0.5,,100,8,25,fb89464a08a8315316a993462b898339a1874a83f2825c9a1b6ff87072390d28,False,moves8,a1ed1f6b4b30fad224dcecf43e2d11cfba84a3939a42f55f17be472ce0a2b0df
C205,solomon_txt,15be2bb8c3e4ad99a79d1e7ee0472223feb95a4f423d010e032bda0a87266ca5,2,1,ok,True,4,912158,912.158,0.286102,0.500643,0,time_limit,solomon_exact_1000_v1,different_vehicles,3,588.88,,,0.5,,100,8,25,fb89464a08a8315316a993462b898339a1874a83f2825c9a1b6ff87072390d28,False,moves8,a1ed1f6b4b30fad224dcecf43e2d11cfba84a3939a42f55f17be472ce0a2b0df
C206,solomon_txt,745b6c7042707ffbbfc4d681ee02a84431425f1dfb3c8aa85ecf003fec8f7e53,0,1,ok,True,4,1154595,1154.595,0.279931,0.500583,0,time_limit,solomon_exact_1000_v1,different_vehicles,3,588.49,,,0.5,,100,8,25,fb89464a08a8315316a993462b898339a1874a83f2825c9a1b6ff87072390d28,False,moves8,a1ed1f6b4b30fad224dcecf43e2d11cfba84a3939a42f55f17be472ce0a2b0df
C206,solomon_txt,745b6c7042707ffbbfc4d681ee02a84431425f1dfb3c8aa85ecf003fec8f7e53,1,1,ok,True,4,1154595,1154.595,0.264834,0.501016,0,time_limit,solomon_exact_1000_v1,different_vehicles,3,588.49,,,0.5,,100,8,25,fb89464a08a8315316a993462b898339a1874a83f2825c9a1b6ff87072390d28,False,moves8,a1ed1f6b4b30fad224dcecf43e2d11cfba84a3939a42f55f17be472ce0a2b0df
C206,solomon_txt,745b6c7042707ffbbfc4d681ee02a84431425f1dfb3c8aa85ecf003fec8f7e53,2,1,ok,True,4,1154595,1154.595,0.275534,0.50058,0,time_limit,solomon_exact_1000_v1,different_vehicles,3,588.49,,,0.5,,100,8,25,fb89464a08a8315316a993462b898339a1874a83f2825c9a1b6ff87072390d28,False,moves8,a1ed1f6b4b30fad224dcecf43e2d11cfba84a3939a42f55f17be472ce0a2b0df
C207,solomon_txt,a33f03570a944c8a6d185fd6a173e66c68e67c399a4958b2d5b6d49533ace4a4,0,1,ok,True,4,980937,980.937,0.299354,0.500641,0,time_limit,solomon_exact_1000_v1,different_vehicles,3,588.29,,,0.5,,100,8,25,fb89464a08a8315316a993462b898339a1874a83f2825c9a1b6ff87072390d28,False,moves8,a1ed1f6b4b30fad224dcecf43e2d11cfba84a3939a42f55f17be472ce0a2b0df
C207,solomon_txt,a33f03570a944c8a6d185fd6a173e66c68e67c399a4958b2d5b6d49533ace4a4,1,1,ok,True,4,980937,980.937,0.296614,0.500568,0,time_limit,solomon_exact_1000_v1,different_vehicles,3,588.29,,,0.5,,100,8,25,fb89464a08a8315316a993462b898339a1874a83f2825c9a1b6ff87072390d28,False,moves8,a1ed1f6b4b30fad224dcecf43e2d11cfba84a3939a42f55f17be472ce0a2b0df
C207,solomon_txt,a33f03570a944c8a6d185fd6a173e66c68e67c399a4958b2d5b6d49533ace4a4,2,1,ok,True,4,980937,980.937,0.366995,0.50056,0,time_limit,solomon_exact_1000_v1,different_vehicles,3,588.29,,,0.5,,100,8,25,fb89464a08a8315316a993462b898339a1874a83f2825c9a1b6ff87072390d28,False,moves8,a1ed1f6b4b30fad224dcecf43e2d11cfba84a3939a42f55f17be472ce0a2b0df
C208,solomon_txt,1c2f2381b8743680dbeb34322869cbf5a6cdd8c281f4bcffdb99b533e601874b,0,1,ok,True,4,957831,957.831,0.323213,0.500578,0,time_limit,solomon_exact_1000_v1,different_vehicles,3,588.32,,,0.5,,100,8,25,fb89464a08a8315316a993462b898339a1874a83f2825c9a1b6ff87072390d28,False,moves8,a1ed1f6b4b30fad224dcecf43e2d11cfba84a3939a42f55f17be472ce0a2b0df
C208,solomon_txt,1c2f2381b8743680dbeb34322869cbf5a6cdd8c281f4bcffdb99b533e601874b,1,1,ok,True,4,957831,957.831,0.332871,0.501007,0,time_limit,solomon_exact_1000_v1,different_vehicles,3,588.32,,,0.5,,100,8,25,fb89464a08a8315316a993462b898339a1874a83f2825c9a1b6ff87072390d28,False,moves8,a1ed1f6b4b30fad224dcecf43e2d11cfba84a3939a42f55f17be472ce0a2b0df
C208,solomon_txt,1c2f2381b8743680dbeb34322869cbf5a6cdd8c281f4bcffdb99b533e601874b,2,1,ok,True,4,957831,957.831,0.318549,0.500601,0,time_limit,solomon_exact_1000_v1,different_vehicles,3,588.32,,,0.5,,100,8,25,fb89464a08a8315316a993462b898339a1874a83f2825c9a1b6ff87072390d28,False,moves8,a1ed1f6b4b30fad224dcecf43e2d11cfba84a3939a42f55f17be472ce0a2b0df
R101,solomon_txt,3f3655182bc0fe44ce5de65fdcd2ee2f9c7fb9ed055f923635151d9d6f76d3ed,0,1,ok,True,22,1914025,1914.025,0.075608,0.500644,0,time_limit,solomon_exact_1000_v1,missing,,,,,0.5,,100,8,25,fb89464a08a8315316a993462b898339a1874a83f2825c9a1b6ff87072390d28,False,moves8,a1ed1f6b4b30fad224dcecf43e2d11cfba84a3939a42f55f17be472ce0a2b0df
R101,solomon_txt,3f3655182bc0fe44ce5de65fdcd2ee2f9c7fb9ed055f923635151d9d6f76d3ed,1,1,ok,True,23,2019424,2019.424,0.124309,0.501054,0,time_limit,solomon_exact_1000_v1,missing,,,,,0.5,,100,8,25,fb89464a08a8315316a993462b898339a1874a83f2825c9a1b6ff87072390d28,False,moves8,a1ed1f6b4b30fad224dcecf43e2d11cfba84a3939a42f55f17be472ce0a2b0df
R101,solomon_txt,3f3655182bc0fe44ce5de65fdcd2ee2f9c7fb9ed055f923635151d9d6f76d3ed,2,1,ok,True,23,2019424,2019.424,0.075375,0.501134,0,time_limit,solomon_exact_1000_v1,missing,,,,,0.5,,100,8,25,fb89464a08a8315316a993462b898339a1874a83f2825c9a1b6ff87072390d28,False,moves8,a1ed1f6b4b30fad224dcecf43e2d11cfba84a3939a42f55f17be472ce0a2b0df
R102,solomon_txt,eeb23171b7e4fbfc80bf000ca770329109900fbd7273fa8b9d1f95b7dfe683c3,0,1,ok,True,20,1655107,1655.107,0.130742,0.501036,0,time_limit,solomon_exact_1000_v1,missing,,,,,0.5,,100,8,25,fb89464a08a8315316a993462b898339a1874a83f2825c9a1b6ff87072390d28,False,moves8,a1ed1f6b4b30fad224dcecf43e2d11cfba84a3939a42f55f17be472ce0a2b0df
R102,solomon_txt,eeb23171b7e4fbfc80bf000ca770329109900fbd7273fa8b9d1f95b7dfe683c3,1,1,ok,True,19,1744933,1744.933,0.121151,0.50063,0,time_limit,solomon_exact_1000_v1,missing,,,,,0.5,,100,8,25,fb89464a08a8315316a993462b898339a1874a83f2825c9a1b6ff87072390d28,False,moves8,a1ed1f6b4b30fad224dcecf43e2d11cfba84a3939a42f55f17be472ce0a2b0df
R102,solomon_txt,eeb23171b7e4fbfc80bf000ca770329109900fbd7273fa8b9d1f95b7dfe683c3,2,1,ok,True,19,1765826,1765.826,0.131999,0.501133,0,time_limit,solomon_exact_1000_v1,missing,,,,,0.5,,100,8,25,fb89464a08a8315316a993462b898339a1874a83f2825c9a1b6ff87072390d28,False,moves8,a1ed1f6b4b30fad224dcecf43e2d11cfba84a3939a42f55f17be472ce0a2b0df
R103,solomon_txt,1f833e8648ba39e0edc76754fb49e81777a7175cf7b084c3f60a12607bfb3991,0,1,ok,True,14,1546015,1546.015,0.143495,0.500626,0,time_limit,solomon_exact_1000_v1,missing,,,,,0.5,,100,8,25,fb89464a08a8315316a993462b898339a1874a83f2825c9a1b6ff87072390d28,False,moves8,a1ed1f6b4b30fad224dcecf43e2d11cfba84a3939a42f55f17be472ce0a2b0df
R103,solomon_txt,1f833e8648ba39e0edc76754fb49e81777a7175cf7b084c3f60a12607bfb3991,1,1,ok,True,14,1546015,1546.015,0.097807,0.501083,0,time_limit,solomon_exact_1000_v1,missing,,,,,0.5,,100,8,25,fb89464a08a8315316a993462b898339a1874a83f2825c9a1b6ff87072390d28,False,moves8,a1ed1f6b4b30fad224dcecf43e2d11cfba84a3939a42f55f17be472ce0a2b0df
R103,solomon_txt,1f833e8648ba39e0edc76754fb49e81777a7175cf7b084c3f60a12607bfb3991,2,1,ok,True,14,1546015,1546.015,0.098334,0.501025,0,time_limit,solomon_exact_1000_v1,missing,,,,,0.5,,100,8,25,fb89464a08a8315316a993462b898339a1874a83f2825c9a1b6ff87072390d28,False,moves8,a1ed1f6b4b30fad224dcecf43e2d11cfba84a3939a42f55f17be472ce0a2b0df
R104,solomon_txt,dd087124311d91facd81736debbfc7d0f351d27942917e2d76cbafd01e6183b7,0,1,ok,True,12,1592207,1592.207,0.116571,0.501024,0,time_limit,solomon_exact_1000_v1,missing,,,,,0.5,,100,8,25,fb89464a08a8315316a993462b898339a1874a83f2825c9a1b6ff87072390d28,False,moves8,a1ed1f6b4b30fad224dcecf43e2d11cfba84a3939a42f55f17be472ce0a2b0df
R104,solomon_txt,dd087124311d91facd81736debbfc7d0f351d27942917e2d76cbafd01e6183b7,1,1,ok,True,11,1241810,1241.81,0.178905,0.500602,0,time_limit,solomon_exact_1000_v1,missing,,,,,0.5,,100,8,25,fb89464a08a8315316a993462b898339a1874a83f2825c9a1b6ff87072390d28,False,moves8,a1ed1f6b4b30fad224dcecf43e2d11cfba84a3939a42f55f17be472ce0a2b0df
R104,solomon_txt,dd087124311d91facd81736debbfc7d0f351d27942917e2d76cbafd01e6183b7,2,1,ok,True,11,1321819,1321.819,0.108291,0.500689,0,time_limit,solomon_exact_1000_v1,missing,,,,,0.5,,100,8,25,fb89464a08a8315316a993462b898339a1874a83f2825c9a1b6ff87072390d28,False,moves8,a1ed1f6b4b30fad224dcecf43e2d11cfba84a3939a42f55f17be472ce0a2b0df
R105,solomon_txt,ff1a614f8458d6339b3f54d8e4ca2dcf0a35c96012f477f6a819ae481de85ca4,0,1,ok,True,17,1734216,1734.216,0.103384,0.501081,0,time_limit,solomon_exact_1000_v1,missing,,,,,0.5,,100,8,25,fb89464a08a8315316a993462b898339a1874a83f2825c9a1b6ff87072390d28,False,moves8,a1ed1f6b4b30fad224dcecf43e2d11cfba84a3939a42f55f17be472ce0a2b0df
R105,solomon_txt,ff1a614f8458d6339b3f54d8e4ca2dcf0a35c96012f477f6a819ae481de85ca4,1,1,ok,True,17,1683209,1683.209,0.084307,0.500608,0,time_limit,solomon_exact_1000_v1,missing,,,,,0.5,,100,8,25,fb89464a08a8315316a993462b898339a1874a83f2825c9a1b6ff87072390d28,False,moves8,a1ed1f6b4b30fad224dcecf43e2d11cfba84a3939a42f55f17be472ce0a2b0df
R105,solomon_txt,ff1a614f8458d6339b3f54d8e4ca2dcf0a35c96012f477f6a819ae481de85ca4,2,1,ok,True,17,1834998,1834.998,0.084107,0.501156,0,time_limit,solomon_exact_1000_v1,missing,,,,,0.5,,100,8,25,fb89464a08a8315316a993462b898339a1874a83f2825c9a1b6ff87072390d28,False,moves8,a1ed1f6b4b30fad224dcecf43e2d11cfba84a3939a42f55f17be472ce0a2b0df
R106,solomon_txt,31b8783d177f0fbe1c84b8f085fbf28b1989a80e4c00f49f5654ebef99835e97,0,1,ok,True,15,1609339,1609.339,0.136095,0.500624,0,time_limit,solomon_exact_1000_v1,missing,,,,,0.5,,100,8,25,fb89464a08a8315316a993462b898339a1874a83f2825c9a1b6ff87072390d28,False,moves8,a1ed1f6b4b30fad224dcecf43e2d11cfba84a3939a42f55f17be472ce0a2b0df
R106,solomon_txt,31b8783d177f0fbe1c84b8f085fbf28b1989a80e4c00f49f5654ebef99835e97,1,1,ok,True,15,1572430,1572.43,0.086381,0.501052,0,time_limit,solomon_exact_1000_v1,missing,,,,,0.5,,100,8,25,fb89464a08a8315316a993462b898339a1874a83f2825c9a1b6ff87072390d28,False,moves8,a1ed1f6b4b30fad224dcecf43e2d11cfba84a3939a42f55f17be472ce0a2b0df
R106,solomon_txt,31b8783d177f0fbe1c84b8f085fbf28b1989a80e4c00f49f5654ebef99835e97,2,1,ok,True,14,1559373,1559.373,0.087201,0.501024,0,time_limit,solomon_exact_1000_v1,missing,,,,,0.5,,100,8,25,fb89464a08a8315316a993462b898339a1874a83f2825c9a1b6ff87072390d28,False,moves8,a1ed1f6b4b30fad224dcecf43e2d11cfba84a3939a42f55f17be472ce0a2b0df
R107,solomon_txt,dba2b257a1d43d7c78d5e3a9f09091a2b125d3fbec78c0c8a1782add669a1275,0,1,ok,True,13,1331890,1331.89,0.178658,0.500596,0,time_limit,solomon_exact_1000_v1,missing,,,,,0.5,,100,8,25,fb89464a08a8315316a993462b898339a1874a83f2825c9a1b6ff87072390d28,False,moves8,a1ed1f6b4b30fad224dcecf43e2d11cfba84a3939a42f55f17be472ce0a2b0df
R107,solomon_txt,dba2b257a1d43d7c78d5e3a9f09091a2b125d3fbec78c0c8a1782add669a1275,1,1,ok,True,12,1525686,1525.686,0.17965,0.501033,0,time_limit,solomon_exact_1000_v1,missing,,,,,0.5,,100,8,25,fb89464a08a8315316a993462b898339a1874a83f2825c9a1b6ff87072390d28,False,moves8,a1ed1f6b4b30fad224dcecf43e2d11cfba84a3939a42f55f17be472ce0a2b0df
R107,solomon_txt,dba2b257a1d43d7c78d5e3a9f09091a2b125d3fbec78c0c8a1782add669a1275,2,1,ok,True,12,1486083,1486.083,0.171547,0.50059,0,time_limit,solomon_exact_1000_v1,missing,,,,,0.5,,100,8,25,fb89464a08a8315316a993462b898339a1874a83f2825c9a1b6ff87072390d28,False,moves8,a1ed1f6b4b30fad224dcecf43e2d11cfba84a3939a42f55f17be472ce0a2b0df
R108,solomon_txt,65cae09f4099b7e70d2b723e0e3a30aa1494c75a367bb894a3fd13241ee639d4,0,1,ok,True,11,1315436,1315.436,0.130475,0.500991,0,time_limit,solomon_exact_1000_v1,missing,,,,,0.5,,100,8,25,fb89464a08a8315316a993462b898339a1874a83f2825c9a1b6ff87072390d28,False,moves8,a1ed1f6b4b30fad224dcecf43e2d11cfba84a3939a42f55f17be472ce0a2b0df
R108,solomon_txt,65cae09f4099b7e70d2b723e0e3a30aa1494c75a367bb894a3fd13241ee639d4,1,1,ok,True,11,1274109,1274.109,0.113569,0.501008,0,time_limit,solomon_exact_1000_v1,missing,,,,,0.5,,100,8,25,fb89464a08a8315316a993462b898339a1874a83f2825c9a1b6ff87072390d28,False,moves8,a1ed1f6b4b30fad224dcecf43e2d11cfba84a3939a42f55f17be472ce0a2b0df
R108,solomon_txt,65cae09f4099b7e70d2b723e0e3a30aa1494c75a367bb894a3fd13241ee639d4,2,1,ok,True,11,1360850,1360.85,0.105681,0.501148,0,time_limit,solomon_exact_1000_v1,missing,,,,,0.5,,100,8,25,fb89464a08a8315316a993462b898339a1874a83f2825c9a1b6ff87072390d28,False,moves8,a1ed1f6b4b30fad224dcecf43e2d11cfba84a3939a42f55f17be472ce0a2b0df
R109,solomon_txt,4ef24030e8c48de5f85dcd90c5739186004fc8dec87533b6467013cf996f4777,0,1,ok,True,16,1597195,1597.195,0.082912,0.500762,0,time_limit,solomon_exact_1000_v1,missing,,,,,0.5,,100,8,25,fb89464a08a8315316a993462b898339a1874a83f2825c9a1b6ff87072390d28,False,moves8,a1ed1f6b4b30fad224dcecf43e2d11cfba84a3939a42f55f17be472ce0a2b0df
R109,solomon_txt,4ef24030e8c48de5f85dcd90c5739186004fc8dec87533b6467013cf996f4777,1,1,ok,True,16,1606532,1606.532,0.101134,0.500615,0,time_limit,solomon_exact_1000_v1,missing,,,,,0.5,,100,8,25,fb89464a08a8315316a993462b898339a1874a83f2825c9a1b6ff87072390d28,False,moves8,a1ed1f6b4b30fad224dcecf43e2d11cfba84a3939a42f55f17be472ce0a2b0df
R109,solomon_txt,4ef24030e8c48de5f85dcd90c5739186004fc8dec87533b6467013cf996f4777,2,1,ok,True,17,1638086,1638.086,0.149877,0.501076,0,time_limit,solomon_exact_1000_v1,missing,,,,,0.5,,100,8,25,fb89464a08a8315316a993462b898339a1874a83f2825c9a1b6ff87072390d28,False,moves8,a1ed1f6b4b30fad224dcecf43e2d11cfba84a3939a42f55f17be472ce0a2b0df
R110,solomon_txt,14cb53cb99af61d3d708f07564b9a72d146e7c26b4f10507cfaf3bc828f34bfa,0,1,ok,True,14,1574826,1574.826,0.163708,0.500606,0,time_limit,solomon_exact_1000_v1,missing,,,,,0.5,,100,8,25,fb89464a08a8315316a993462b898339a1874a83f2825c9a1b6ff87072390d28,False,moves8,a1ed1f6b4b30fad224dcecf43e2d11cfba84a3939a42f55f17be472ce0a2b0df
R110,solomon_txt,14cb53cb99af61d3d708f07564b9a72d146e7c26b4f10507cfaf3bc828f34bfa,1,1,ok,True,14,1546498,1546.498,0.098906,0.500987,0,time_limit,solomon_exact_1000_v1,missing,,,,,0.5,,100,8,25,fb89464a08a8315316a993462b898339a1874a83f2825c9a1b6ff87072390d28,False,moves8,a1ed1f6b4b30fad224dcecf43e2d11cfba84a3939a42f55f17be472ce0a2b0df
R110,solomon_txt,14cb53cb99af61d3d708f07564b9a72d146e7c26b4f10507cfaf3bc828f34bfa,2,1,ok,True,14,1897804,1897.804,0.092616,0.501064,0,time_limit,solomon_exact_1000_v1,missing,,,,,0.5,,100,8,25,fb89464a08a8315316a993462b898339a1874a83f2825c9a1b6ff87072390d28,False,moves8,a1ed1f6b4b30fad224dcecf43e2d11cfba84a3939a42f55f17be472ce0a2b0df
R111,solomon_txt,3d94a73b1f2fe8aae4618b9d9ea254cff2e3924a6a841aa390096ec6c60f258d,0,1,ok,True,12,1453553,1453.553,0.096777,0.500622,0,time_limit,solomon_exact_1000_v1,missing,,,,,0.5,,100,8,25,fb89464a08a8315316a993462b898339a1874a83f2825c9a1b6ff87072390d28,False,moves8,a1ed1f6b4b30fad224dcecf43e2d11cfba84a3939a42f55f17be472ce0a2b0df
R111,solomon_txt,3d94a73b1f2fe8aae4618b9d9ea254cff2e3924a6a841aa390096ec6c60f258d,1,1,ok,True,13,1675090,1675.09,0.097184,0.500594,0,time_limit,solomon_exact_1000_v1,missing,,,,,0.5,,100,8,25,fb89464a08a8315316a993462b898339a1874a83f2825c9a1b6ff87072390d28,False,moves8,a1ed1f6b4b30fad224dcecf43e2d11cfba84a3939a42f55f17be472ce0a2b0df
R111,solomon_txt,3d94a73b1f2fe8aae4618b9d9ea254cff2e3924a6a841aa390096ec6c60f258d,2,1,ok,True,13,1675090,1675.09,0.135122,0.500618,0,time_limit,solomon_exact_1000_v1,missing,,,,,0.5,,100,8,25,fb89464a08a8315316a993462b898339a1874a83f2825c9a1b6ff87072390d28,False,moves8,a1ed1f6b4b30fad224dcecf43e2d11cfba84a3939a42f55f17be472ce0a2b0df
R112,solomon_txt,a0e93149d59d30c356619891d192e86d0f16c3158e1dac3bd9f23c6deb718271,0,1,ok,True,13,1576148,1576.148,0.124338,0.500647,0,time_limit,solomon_exact_1000_v1,missing,,,,,0.5,,100,8,25,fb89464a08a8315316a993462b898339a1874a83f2825c9a1b6ff87072390d28,False,moves8,a1ed1f6b4b30fad224dcecf43e2d11cfba84a3939a42f55f17be472ce0a2b0df
R112,solomon_txt,a0e93149d59d30c356619891d192e86d0f16c3158e1dac3bd9f23c6deb718271,1,1,ok,True,13,1430395,1430.395,0.102883,0.500624,0,time_limit,solomon_exact_1000_v1,missing,,,,,0.5,,100,8,25,fb89464a08a8315316a993462b898339a1874a83f2825c9a1b6ff87072390d28,False,moves8,a1ed1f6b4b30fad224dcecf43e2d11cfba84a3939a42f55f17be472ce0a2b0df
R112,solomon_txt,a0e93149d59d30c356619891d192e86d0f16c3158e1dac3bd9f23c6deb718271,2,1,ok,True,13,1273526,1273.526,0.093555,0.500652,0,time_limit,solomon_exact_1000_v1,missing,,,,,0.5,,100,8,25,fb89464a08a8315316a993462b898339a1874a83f2825c9a1b6ff87072390d28,False,moves8,a1ed1f6b4b30fad224dcecf43e2d11cfba84a3939a42f55f17be472ce0a2b0df
R201,solomon_txt,0be960ec998fff2cab0bdbcc5194c617e5ca0a79c82c5b32b1d4bd98b2cae210,0,1,ok,True,5,1726658,1726.658,0.250218,0.500599,0,time_limit,solomon_exact_1000_v1,missing,,,,,0.5,,100,8,25,fb89464a08a8315316a993462b898339a1874a83f2825c9a1b6ff87072390d28,False,moves8,a1ed1f6b4b30fad224dcecf43e2d11cfba84a3939a42f55f17be472ce0a2b0df
R201,solomon_txt,0be960ec998fff2cab0bdbcc5194c617e5ca0a79c82c5b32b1d4bd98b2cae210,1,1,ok,True,5,1726658,1726.658,0.190263,0.501005,0,time_limit,solomon_exact_1000_v1,missing,,,,,0.5,,100,8,25,fb89464a08a8315316a993462b898339a1874a83f2825c9a1b6ff87072390d28,False,moves8,a1ed1f6b4b30fad224dcecf43e2d11cfba84a3939a42f55f17be472ce0a2b0df
R201,solomon_txt,0be960ec998fff2cab0bdbcc5194c617e5ca0a79c82c5b32b1d4bd98b2cae210,2,1,ok,True,5,1726658,1726.658,0.239277,0.501003,0,time_limit,solomon_exact_1000_v1,missing,,,,,0.5,,100,8,25,fb89464a08a8315316a993462b898339a1874a83f2825c9a1b6ff87072390d28,False,moves8,a1ed1f6b4b30fad224dcecf43e2d11cfba84a3939a42f55f17be472ce0a2b0df
R202,solomon_txt,1f7761bb33e9dd0c94837b32c72280296ffc283dba997379c7ad75ce00dffc8d,0,1,ok,True,4,1622244,1622.244,0.365443,0.500541,0,time_limit,solomon_exact_1000_v1,missing,,,,,0.5,,100,8,25,fb89464a08a8315316a993462b898339a1874a83f2825c9a1b6ff87072390d28,False,moves8,a1ed1f6b4b30fad224dcecf43e2d11cfba84a3939a42f55f17be472ce0a2b0df
R202,solomon_txt,1f7761bb33e9dd0c94837b32c72280296ffc283dba997379c7ad75ce00dffc8d,1,1,ok,True,4,1622244,1622.244,0.277293,0.500577,0,time_limit,solomon_exact_1000_v1,missing,,,,,0.5,,100,8,25,fb89464a08a8315316a993462b898339a1874a83f2825c9a1b6ff87072390d28,False,moves8,a1ed1f6b4b30fad224dcecf43e2d11cfba84a3939a42f55f17be472ce0a2b0df
R202,solomon_txt,1f7761bb33e9dd0c94837b32c72280296ffc283dba997379c7ad75ce00dffc8d,2,1,ok,True,4,1622244,1622.244,0.369288,0.500579,0,time_limit,solomon_exact_1000_v1,missing,,,,,0.5,,100,8,25,fb89464a08a8315316a993462b898339a1874a83f2825c9a1b6ff87072390d28,False,moves8,a1ed1f6b4b30fad224dcecf43e2d11cfba84a3939a42f55f17be472ce0a2b0df
R203,solomon_txt,38c484db31bd7452a94d533e26a2348ef598df600b79d061d9ddc1c61466a731,0,1,ok,True,3,1300221,1300.221,0.283027,0.500578,0,time_limit,solomon_exact_1000_v1,missing,,,,,0.5,,100,8,25,fb89464a08a8315316a993462b898339a1874a83f2825c9a1b6ff87072390d28,False,moves8,a1ed1f6b4b30fad224dcecf43e2d11cfba84a3939a42f55f17be472ce0a2b0df
R203,solomon_txt,38c484db31bd7452a94d533e26a2348ef598df600b79d061d9ddc1c61466a731,1,1,ok,True,3,1300221,1300.221,0.36522,0.501007,0,time_limit,solomon_exact_1000_v1,missing,,,,,0.5,,100,8,25,fb89464a08a8315316a993462b898339a1874a83f2825c9a1b6ff87072390d28,False,moves8,a1ed1f6b4b30fad224dcecf43e2d11cfba84a3939a42f55f17be472ce0a2b0df
R203,solomon_txt,38c484db31bd7452a94d533e26a2348ef598df600b79d061d9ddc1c61466a731,2,1,ok,True,3,1300221,1300.221,0.257674,0.500965,0,time_limit,solomon_exact_1000_v1,missing,,,,,0.5,,100,8,25,fb89464a08a8315316a993462b898339a1874a83f2825c9a1b6ff87072390d28,False,moves8,a1ed1f6b4b30fad224dcecf43e2d11cfba84a3939a42f55f17be472ce0a2b0df
R204,solomon_txt,5349e37d8df99bcbee1efa2e970d2662b5265e5f82fc609343a6af0a60257abf,0,1,ok,True,3,1331038,1331.038,0.31816,0.500618,0,time_limit,solomon_exact_1000_v1,missing,,,,,0.5,,100,8,25,fb89464a08a8315316a993462b898339a1874a83f2825c9a1b6ff87072390d28,False,moves8,a1ed1f6b4b30fad224dcecf43e2d11cfba84a3939a42f55f17be472ce0a2b0df
R204,solomon_txt,5349e37d8df99bcbee1efa2e970d2662b5265e5f82fc609343a6af0a60257abf,1,1,ok,True,3,1331038,1331.038,0.38577,0.501022,0,time_limit,solomon_exact_1000_v1,missing,,,,,0.5,,100,8,25,fb89464a08a8315316a993462b898339a1874a83f2825c9a1b6ff87072390d28,False,moves8,a1ed1f6b4b30fad224dcecf43e2d11cfba84a3939a42f55f17be472ce0a2b0df
R204,solomon_txt,5349e37d8df99bcbee1efa2e970d2662b5265e5f82fc609343a6af0a60257abf,2,1,ok,True,3,1331038,1331.038,0.330717,0.500623,0,time_limit,solomon_exact_1000_v1,missing,,,,,0.5,,100,8,25,fb89464a08a8315316a993462b898339a1874a83f2825c9a1b6ff87072390d28,False,moves8,a1ed1f6b4b30fad224dcecf43e2d11cfba84a3939a42f55f17be472ce0a2b0df
R205,solomon_txt,1996bf8f10716fb8cfc1a585206a6a6e566f32347c1bb8f36c75ed6c887f77e3,0,1,ok,True,4,1700248,1700.248,0.242943,0.500608,0,time_limit,solomon_exact_1000_v1,missing,,,,,0.5,,100,8,25,fb89464a08a8315316a993462b898339a1874a83f2825c9a1b6ff87072390d28,False,moves8,a1ed1f6b4b30fad224dcecf43e2d11cfba84a3939a42f55f17be472ce0a2b0df
R205,solomon_txt,1996bf8f10716fb8cfc1a585206a6a6e566f32347c1bb8f36c75ed6c887f77e3,1,1,ok,True,4,1700248,1700.248,0.240455,0.500563,0,time_limit,solomon_exact_1000_v1,missing,,,,,0.5,,100,8,25,fb89464a08a8315316a993462b898339a1874a83f2825c9a1b6ff87072390d28,False,moves8,a1ed1f6b4b30fad224dcecf43e2d11cfba84a3939a42f55f17be472ce0a2b0df
R205,solomon_txt,1996bf8f10716fb8cfc1a585206a6a6e566f32347c1bb8f36c75ed6c887f77e3,2,1,ok,True,4,1700248,1700.248,0.232846,0.50059,0,time_limit,solomon_exact_1000_v1,missing,,,,,0.5,,100,8,25,fb89464a08a8315316a993462b898339a1874a83f2825c9a1b6ff87072390d28,False,moves8,a1ed1f6b4b30fad224dcecf43e2d11cfba84a3939a42f55f17be472ce0a2b0df
R206,solomon_txt,c8754a0319264d076c038b1bf023c8c4710e8895fe3e03f485e9ae249f32fe43,0,1,ok,True,3,1533607,1533.607,0.26087,0.50061,0,time_limit,solomon_exact_1000_v1,missing,,,,,0.5,,100,8,25,fb89464a08a8315316a993462b898339a1874a83f2825c9a1b6ff87072390d28,False,moves8,a1ed1f6b4b30fad224dcecf43e2d11cfba84a3939a42f55f17be472ce0a2b0df
R206,solomon_txt,c8754a0319264d076c038b1bf023c8c4710e8895fe3e03f485e9ae249f32fe43,1,1,ok,True,3,1533607,1533.607,0.250196,0.500593,0,time_limit,solomon_exact_1000_v1,missing,,,,,0.5,,100,8,25,fb89464a08a8315316a993462b898339a1874a83f2825c9a1b6ff87072390d28,False,moves8,a1ed1f6b4b30fad224dcecf43e2d11cfba84a3939a42f55f17be472ce0a2b0df
R206,solomon_txt,c8754a0319264d076c038b1bf023c8c4710e8895fe3e03f485e9ae249f32fe43,2,1,ok,True,3,1533607,1533.607,0.248983,0.50061,0,time_limit,solomon_exact_1000_v1,missing,,,,,0.5,,100,8,25,fb89464a08a8315316a993462b898339a1874a83f2825c9a1b6ff87072390d28,False,moves8,a1ed1f6b4b30fad224dcecf43e2d11cfba84a3939a42f55f17be472ce0a2b0df
R207,solomon_txt,52dc8eebba43fdc67ca9aadab228b75a297acb55a87db3e4748e82f623e3cbe6,0,1,ok,True,4,1302528,1302.528,0.297076,0.500586,0,time_limit,solomon_exact_1000_v1,missing,,,,,0.5,,100,8,25,fb89464a08a8315316a993462b898339a1874a83f2825c9a1b6ff87072390d28,False,moves8,a1ed1f6b4b30fad224dcecf43e2d11cfba84a3939a42f55f17be472ce0a2b0df
R207,solomon_txt,52dc8eebba43fdc67ca9aadab228b75a297acb55a87db3e4748e82f623e3cbe6,1,1,ok,True,4,1302528,1302.528,0.287797,0.500568,0,time_limit,solomon_exact_1000_v1,missing,,,,,0.5,,100,8,25,fb89464a08a8315316a993462b898339a1874a83f2825c9a1b6ff87072390d28,False,moves8,a1ed1f6b4b30fad224dcecf43e2d11cfba84a3939a42f55f17be472ce0a2b0df
R207,solomon_txt,52dc8eebba43fdc67ca9aadab228b75a297acb55a87db3e4748e82f623e3cbe6,2,1,ok,True,4,1302528,1302.528,0.298746,0.500795,0,time_limit,solomon_exact_1000_v1,missing,,,,,0.5,,100,8,25,fb89464a08a8315316a993462b898339a1874a83f2825c9a1b6ff87072390d28,False,moves8,a1ed1f6b4b30fad224dcecf43e2d11cfba84a3939a42f55f17be472ce0a2b0df
R208,solomon_txt,7b4a95d500af9329dd08791d39898a619faec0f8fac039d57373e761545b980d,0,1,ok,True,3,957965,957.965,0.315657,0.500569,0,time_limit,solomon_exact_1000_v1,missing,,,,,0.5,,100,8,25,fb89464a08a8315316a993462b898339a1874a83f2825c9a1b6ff87072390d28,False,moves8,a1ed1f6b4b30fad224dcecf43e2d11cfba84a3939a42f55f17be472ce0a2b0df
R208,solomon_txt,7b4a95d500af9329dd08791d39898a619faec0f8fac039d57373e761545b980d,1,1,ok,True,3,957965,957.965,0.315481,0.500961,0,time_limit,solomon_exact_1000_v1,missing,,,,,0.5,,100,8,25,fb89464a08a8315316a993462b898339a1874a83f2825c9a1b6ff87072390d28,False,moves8,a1ed1f6b4b30fad224dcecf43e2d11cfba84a3939a42f55f17be472ce0a2b0df
R208,solomon_txt,7b4a95d500af9329dd08791d39898a619faec0f8fac039d57373e761545b980d,2,1,ok,True,3,957965,957.965,0.405793,0.501039,0,time_limit,solomon_exact_1000_v1,missing,,,,,0.5,,100,8,25,fb89464a08a8315316a993462b898339a1874a83f2825c9a1b6ff87072390d28,False,moves8,a1ed1f6b4b30fad224dcecf43e2d11cfba84a3939a42f55f17be472ce0a2b0df
R209,solomon_txt,5b74156d032babcff853ccc693f94463eca8333cd425aa99a39ed996f6258933,0,1,ok,True,4,1712415,1712.415,0.30636,0.500604,0,time_limit,solomon_exact_1000_v1,missing,,,,,0.5,,100,8,25,fb89464a08a8315316a993462b898339a1874a83f2825c9a1b6ff87072390d28,False,moves8,a1ed1f6b4b30fad224dcecf43e2d11cfba84a3939a42f55f17be472ce0a2b0df
R209,solomon_txt,5b74156d032babcff853ccc693f94463eca8333cd425aa99a39ed996f6258933,1,1,ok,True,4,1712415,1712.415,0.289575,0.500608,0,time_limit,solomon_exact_1000_v1,missing,,,,,0.5,,100,8,25,fb89464a08a8315316a993462b898339a1874a83f2825c9a1b6ff87072390d28,False,moves8,a1ed1f6b4b30fad224dcecf43e2d11cfba84a3939a42f55f17be472ce0a2b0df
R209,solomon_txt,5b74156d032babcff853ccc693f94463eca8333cd425aa99a39ed996f6258933,2,1,ok,True,4,1712415,1712.415,0.228473,0.500606,0,time_limit,solomon_exact_1000_v1,missing,,,,,0.5,,100,8,25,fb89464a08a8315316a993462b898339a1874a83f2825c9a1b6ff87072390d28,False,moves8,a1ed1f6b4b30fad224dcecf43e2d11cfba84a3939a42f55f17be472ce0a2b0df
R210,solomon_txt,4e5772f109fb6183e6a648d6a1edaba3435438c2dc11c42da370fecf7bdf3a14,0,1,ok,True,3,1443660,1443.66,0.253754,0.500569,0,time_limit,solomon_exact_1000_v1,missing,,,,,0.5,,100,8,25,fb89464a08a8315316a993462b898339a1874a83f2825c9a1b6ff87072390d28,False,moves8,a1ed1f6b4b30fad224dcecf43e2d11cfba84a3939a42f55f17be472ce0a2b0df
R210,solomon_txt,4e5772f109fb6183e6a648d6a1edaba3435438c2dc11c42da370fecf7bdf3a14,1,1,ok,True,3,1443660,1443.66,0.264334,0.500624,0,time_limit,solomon_exact_1000_v1,missing,,,,,0.5,,100,8,25,fb89464a08a8315316a993462b898339a1874a83f2825c9a1b6ff87072390d28,False,moves8,a1ed1f6b4b30fad224dcecf43e2d11cfba84a3939a42f55f17be472ce0a2b0df
R210,solomon_txt,4e5772f109fb6183e6a648d6a1edaba3435438c2dc11c42da370fecf7bdf3a14,2,1,ok,True,3,1443660,1443.66,0.254068,0.500592,0,time_limit,solomon_exact_1000_v1,missing,,,,,0.5,,100,8,25,fb89464a08a8315316a993462b898339a1874a83f2825c9a1b6ff87072390d28,False,moves8,a1ed1f6b4b30fad224dcecf43e2d11cfba84a3939a42f55f17be472ce0a2b0df
R211,solomon_txt,2965507e467a2f92acd59035975910e36ae11e4f49590d4c7d20a883939227ad,0,1,ok,True,3,1516434,1516.434,0.270598,0.500619,0,time_limit,solomon_exact_1000_v1,missing,,,,,0.5,,100,8,25,fb89464a08a8315316a993462b898339a1874a83f2825c9a1b6ff87072390d28,False,moves8,a1ed1f6b4b30fad224dcecf43e2d11cfba84a3939a42f55f17be472ce0a2b0df
R211,solomon_txt,2965507e467a2f92acd59035975910e36ae11e4f49590d4c7d20a883939227ad,1,1,ok,True,3,1516434,1516.434,0.282283,0.500947,0,time_limit,solomon_exact_1000_v1,missing,,,,,0.5,,100,8,25,fb89464a08a8315316a993462b898339a1874a83f2825c9a1b6ff87072390d28,False,moves8,a1ed1f6b4b30fad224dcecf43e2d11cfba84a3939a42f55f17be472ce0a2b0df
R211,solomon_txt,2965507e467a2f92acd59035975910e36ae11e4f49590d4c7d20a883939227ad,2,1,ok,True,3,1516434,1516.434,0.26872,0.50058,0,time_limit,solomon_exact_1000_v1,missing,,,,,0.5,,100,8,25,fb89464a08a8315316a993462b898339a1874a83f2825c9a1b6ff87072390d28,False,moves8,a1ed1f6b4b30fad224dcecf43e2d11cfba84a3939a42f55f17be472ce0a2b0df
RC101,solomon_txt,ef6893ffd9746ad96de8e4da6e64e2c4ba6e08a1c7eb9457276a9f1caf01ca12,0,1,ok,True,19,2031958,2031.958,0.100357,0.500607,0,time_limit,solomon_exact_1000_v1,missing,,,,,0.5,,100,8,25,fb89464a08a8315316a993462b898339a1874a83f2825c9a1b6ff87072390d28,False,moves8,a1ed1f6b4b30fad224dcecf43e2d11cfba84a3939a42f55f17be472ce0a2b0df
RC101,solomon_txt,ef6893ffd9746ad96de8e4da6e64e2c4ba6e08a1c7eb9457276a9f1caf01ca12,1,1,ok,True,18,2077534,2077.534,0.081848,0.500616,0,time_limit,solomon_exact_1000_v1,missing,,,,,0.5,,100,8,25,fb89464a08a8315316a993462b898339a1874a83f2825c9a1b6ff87072390d28,False,moves8,a1ed1f6b4b30fad224dcecf43e2d11cfba84a3939a42f55f17be472ce0a2b0df
RC101,solomon_txt,ef6893ffd9746ad96de8e4da6e64e2c4ba6e08a1c7eb9457276a9f1caf01ca12,2,1,ok,True,19,2034803,2034.803,0.083126,0.500653,0,time_limit,solomon_exact_1000_v1,missing,,,,,0.5,,100,8,25,fb89464a08a8315316a993462b898339a1874a83f2825c9a1b6ff87072390d28,False,moves8,a1ed1f6b4b30fad224dcecf43e2d11cfba84a3939a42f55f17be472ce0a2b0df
RC102,solomon_txt,36acd349d34a577c7fadd61f78517c2cb74bd06a490273800c288f341e5785a4,0,1,ok,True,17,1870139,1870.139,0.088122,0.500923,0,time_limit,solomon_exact_1000_v1,missing,,,,,0.5,,100,8,25,fb89464a08a8315316a993462b898339a1874a83f2825c9a1b6ff87072390d28,False,moves8,a1ed1f6b4b30fad224dcecf43e2d11cfba84a3939a42f55f17be472ce0a2b0df
RC102,solomon_txt,36acd349d34a577c7fadd61f78517c2cb74bd06a490273800c288f341e5785a4,1,1,ok,True,15,1834933,1834.933,0.089998,0.500623,0,time_limit,solomon_exact_1000_v1,missing,,,,,0.5,,100,8,25,fb89464a08a8315316a993462b898339a1874a83f2825c9a1b6ff87072390d28,False,moves8,a1ed1f6b4b30fad224dcecf43e2d11cfba84a3939a42f55f17be472ce0a2b0df
RC102,solomon_txt,36acd349d34a577c7fadd61f78517c2cb74bd06a490273800c288f341e5785a4,2,1,ok,True,17,1870139,1870.139,0.089421,0.500761,0,time_limit,solomon_exact_1000_v1,missing,,,,,0.5,,100,8,25,fb89464a08a8315316a993462b898339a1874a83f2825c9a1b6ff87072390d28,False,moves8,a1ed1f6b4b30fad224dcecf43e2d11cfba84a3939a42f55f17be472ce0a2b0df
RC103,solomon_txt,00f384138274d5d2bff5c41601db17cc4ad0cfc6315c27e223d4477bf435cc2d,0,1,ok,True,13,1952068,1952.068,0.110954,0.500727,0,time_limit,solomon_exact_1000_v1,missing,,,,,0.5,,100,8,25,fb89464a08a8315316a993462b898339a1874a83f2825c9a1b6ff87072390d28,False,moves8,a1ed1f6b4b30fad224dcecf43e2d11cfba84a3939a42f55f17be472ce0a2b0df
RC103,solomon_txt,00f384138274d5d2bff5c41601db17cc4ad0cfc6315c27e223d4477bf435cc2d,1,1,ok,True,12,1731095,1731.095,0.11224,0.500623,0,time_limit,solomon_exact_1000_v1,missing,,,,,0.5,,100,8,25,fb89464a08a8315316a993462b898339a1874a83f2825c9a1b6ff87072390d28,False,moves8,a1ed1f6b4b30fad224dcecf43e2d11cfba84a3939a42f55f17be472ce0a2b0df
RC103,solomon_txt,00f384138274d5d2bff5c41601db17cc4ad0cfc6315c27e223d4477bf435cc2d,2,1,ok,True,13,1952068,1952.068,0.115583,0.500587,0,time_limit,solomon_exact_1000_v1,missing,,,,,0.5,,100,8,25,fb89464a08a8315316a993462b898339a1874a83f2825c9a1b6ff87072390d28,False,moves8,a1ed1f6b4b30fad224dcecf43e2d11cfba84a3939a42f55f17be472ce0a2b0df
RC104,solomon_txt,d150b2d61049a488fb89a2320c197d81a7ef9a1864abbbaea1d13a2b451253ee,0,1,ok,True,12,1624060,1624.06,0.100741,0.500595,0,time_limit,solomon_exact_1000_v1,missing,,,,,0.5,,100,8,25,fb89464a08a8315316a993462b898339a1874a83f2825c9a1b6ff87072390d28,False,moves8,a1ed1f6b4b30fad224dcecf43e2d11cfba84a3939a42f55f17be472ce0a2b0df
RC104,solomon_txt,d150b2d61049a488fb89a2320c197d81a7ef9a1864abbbaea1d13a2b451253ee,1,1,ok,True,12,1626992,1626.992,0.112542,0.500615,0,time_limit,solomon_exact_1000_v1,missing,,,,,0.5,,100,8,25,fb89464a08a8315316a993462b898339a1874a83f2825c9a1b6ff87072390d28,False,moves8,a1ed1f6b4b30fad224dcecf43e2d11cfba84a3939a42f55f17be472ce0a2b0df
RC104,solomon_txt,d150b2d61049a488fb89a2320c197d81a7ef9a1864abbbaea1d13a2b451253ee,2,1,ok,True,12,1325631,1325.631,0.102337,0.500641,0,time_limit,solomon_exact_1000_v1,missing,,,,,0.5,,100,8,25,fb89464a08a8315316a993462b898339a1874a83f2825c9a1b6ff87072390d28,False,moves8,a1ed1f6b4b30fad224dcecf43e2d11cfba84a3939a42f55f17be472ce0a2b0df
RC105,solomon_txt,b9e912625c1ed80d2f565e0799ade2f4b17bf4f95056322ca23f1a21b37e7a49,0,1,ok,True,17,2128736,2128.736,0.088927,0.50069,0,time_limit,solomon_exact_1000_v1,missing,,,,,0.5,,100,8,25,fb89464a08a8315316a993462b898339a1874a83f2825c9a1b6ff87072390d28,False,moves8,a1ed1f6b4b30fad224dcecf43e2d11cfba84a3939a42f55f17be472ce0a2b0df
RC105,solomon_txt,b9e912625c1ed80d2f565e0799ade2f4b17bf4f95056322ca23f1a21b37e7a49,1,1,ok,True,17,2128736,2128.736,0.089816,0.500667,0,time_limit,solomon_exact_1000_v1,missing,,,,,0.5,,100,8,25,fb89464a08a8315316a993462b898339a1874a83f2825c9a1b6ff87072390d28,False,moves8,a1ed1f6b4b30fad224dcecf43e2d11cfba84a3939a42f55f17be472ce0a2b0df
RC105,solomon_txt,b9e912625c1ed80d2f565e0799ade2f4b17bf4f95056322ca23f1a21b37e7a49,2,1,ok,True,16,1901679,1901.679,0.135214,0.50069,0,time_limit,solomon_exact_1000_v1,missing,,,,,0.5,,100,8,25,fb89464a08a8315316a993462b898339a1874a83f2825c9a1b6ff87072390d28,False,moves8,a1ed1f6b4b30fad224dcecf43e2d11cfba84a3939a42f55f17be472ce0a2b0df
RC106,solomon_txt,bf016ffc567af2d108570357daf1d0cabb7f680c0bd977d2e4366787683fdbaf,0,1,ok,True,15,2118036,2118.036,0.100668,0.500608,0,time_limit,solomon_exact_1000_v1,missing,,,,,0.5,,100,8,25,fb89464a08a8315316a993462b898339a1874a83f2825c9a1b6ff87072390d28,False,moves8,a1ed1f6b4b30fad224dcecf43e2d11cfba84a3939a42f55f17be472ce0a2b0df
RC106,solomon_txt,bf016ffc567af2d108570357daf1d0cabb7f680c0bd977d2e4366787683fdbaf,1,1,ok,True,16,1808646,1808.646,0.086376,0.50063,0,time_limit,solomon_exact_1000_v1,missing,,,,,0.5,,100,8,25,fb89464a08a8315316a993462b898339a1874a83f2825c9a1b6ff87072390d28,False,moves8,a1ed1f6b4b30fad224dcecf43e2d11cfba84a3939a42f55f17be472ce0a2b0df
RC106,solomon_txt,bf016ffc567af2d108570357daf1d0cabb7f680c0bd977d2e4366787683fdbaf,2,1,ok,True,16,1823605,1823.605,0.091337,0.500933,0,time_limit,solomon_exact_1000_v1,missing,,,,,0.5,,100,8,25,fb89464a08a8315316a993462b898339a1874a83f2825c9a1b6ff87072390d28,False,moves8,a1ed1f6b4b30fad224dcecf43e2d11cfba84a3939a42f55f17be472ce0a2b0df
RC107,solomon_txt,fff3fd68d110671ed442575f07cc547291586f30b00c5f73934d521d31311582,0,1,ok,True,15,1977630,1977.63,0.150885,0.500678,0,time_limit,solomon_exact_1000_v1,missing,,,,,0.5,,100,8,25,fb89464a08a8315316a993462b898339a1874a83f2825c9a1b6ff87072390d28,False,moves8,a1ed1f6b4b30fad224dcecf43e2d11cfba84a3939a42f55f17be472ce0a2b0df
RC107,solomon_txt,fff3fd68d110671ed442575f07cc547291586f30b00c5f73934d521d31311582,1,1,ok,True,14,1926373,1926.373,0.087266,0.50062,0,time_limit,solomon_exact_1000_v1,missing,,,,,0.5,,100,8,25,fb89464a08a8315316a993462b898339a1874a83f2825c9a1b6ff87072390d28,False,moves8,a1ed1f6b4b30fad224dcecf43e2d11cfba84a3939a42f55f17be472ce0a2b0df
RC107,solomon_txt,fff3fd68d110671ed442575f07cc547291586f30b00c5f73934d521d31311582,2,1,ok,True,15,2052187,2052.187,0.091136,0.500604,0,time_limit,solomon_exact_1000_v1,missing,,,,,0.5,,100,8,25,fb89464a08a8315316a993462b898339a1874a83f2825c9a1b6ff87072390d28,False,moves8,a1ed1f6b4b30fad224dcecf43e2d11cfba84a3939a42f55f17be472ce0a2b0df
RC108,solomon_txt,006bc8817bf09f9a8c66af8d6f088bdec239b2eb435556e9d11193cf456f7aeb,0,1,ok,True,14,1940059,1940.059,0.092675,0.500743,0,time_limit,solomon_exact_1000_v1,missing,,,,,0.5,,100,8,25,fb89464a08a8315316a993462b898339a1874a83f2825c9a1b6ff87072390d28,False,moves8,a1ed1f6b4b30fad224dcecf43e2d11cfba84a3939a42f55f17be472ce0a2b0df
RC108,solomon_txt,006bc8817bf09f9a8c66af8d6f088bdec239b2eb435556e9d11193cf456f7aeb,1,1,ok,True,14,1606564,1606.564,0.093767,0.50065,0,time_limit,solomon_exact_1000_v1,missing,,,,,0.5,,100,8,25,fb89464a08a8315316a993462b898339a1874a83f2825c9a1b6ff87072390d28,False,moves8,a1ed1f6b4b30fad224dcecf43e2d11cfba84a3939a42f55f17be472ce0a2b0df
RC108,solomon_txt,006bc8817bf09f9a8c66af8d6f088bdec239b2eb435556e9d11193cf456f7aeb,2,1,ok,True,14,1711462,1711.462,0.09397,0.500623,0,time_limit,solomon_exact_1000_v1,missing,,,,,0.5,,100,8,25,fb89464a08a8315316a993462b898339a1874a83f2825c9a1b6ff87072390d28,False,moves8,a1ed1f6b4b30fad224dcecf43e2d11cfba84a3939a42f55f17be472ce0a2b0df
RC201,solomon_txt,288836e2d8c2ace83ebbff77e03ac8cdffc574fc134cade21ef92713f8c52d44,0,1,ok,True,5,2429811,2429.811,0.185617,0.500601,0,time_limit,solomon_exact_1000_v1,missing,,,,,0.5,,100,8,25,fb89464a08a8315316a993462b898339a1874a83f2825c9a1b6ff87072390d28,False,moves8,a1ed1f6b4b30fad224dcecf43e2d11cfba84a3939a42f55f17be472ce0a2b0df
RC201,solomon_txt,288836e2d8c2ace83ebbff77e03ac8cdffc574fc134cade21ef92713f8c52d44,1,1,ok,True,4,1837909,1837.909,0.189025,0.500601,0,time_limit,solomon_exact_1000_v1,missing,,,,,0.5,,100,8,25,fb89464a08a8315316a993462b898339a1874a83f2825c9a1b6ff87072390d28,False,moves8,a1ed1f6b4b30fad224dcecf43e2d11cfba84a3939a42f55f17be472ce0a2b0df
RC201,solomon_txt,288836e2d8c2ace83ebbff77e03ac8cdffc574fc134cade21ef92713f8c52d44,2,1,ok,True,5,2429811,2429.811,0.186817,0.500667,0,time_limit,solomon_exact_1000_v1,missing,,,,,0.5,,100,8,25,fb89464a08a8315316a993462b898339a1874a83f2825c9a1b6ff87072390d28,False,moves8,a1ed1f6b4b30fad224dcecf43e2d11cfba84a3939a42f55f17be472ce0a2b0df
RC202,solomon_txt,5a1dee2017ab0ca4fe280b392678c96e8b5bc71f22d02c8058fbde7c4cfebcf4,0,1,ok,True,4,1920411,1920.411,0.175952,0.500598,0,time_limit,solomon_exact_1000_v1,missing,,,,,0.5,,100,8,25,fb89464a08a8315316a993462b898339a1874a83f2825c9a1b6ff87072390d28,False,moves8,a1ed1f6b4b30fad224dcecf43e2d11cfba84a3939a42f55f17be472ce0a2b0df
RC202,solomon_txt,5a1dee2017ab0ca4fe280b392678c96e8b5bc71f22d02c8058fbde7c4cfebcf4,1,1,ok,True,4,1818035,1818.035,0.182385,0.500594,0,time_limit,solomon_exact_1000_v1,missing,,,,,0.5,,100,8,25,fb89464a08a8315316a993462b898339a1874a83f2825c9a1b6ff87072390d28,False,moves8,a1ed1f6b4b30fad224dcecf43e2d11cfba84a3939a42f55f17be472ce0a2b0df
RC202,solomon_txt,5a1dee2017ab0ca4fe280b392678c96e8b5bc71f22d02c8058fbde7c4cfebcf4,2,1,ok,True,4,1619243,1619.243,0.174219,0.500602,0,time_limit,solomon_exact_1000_v1,missing,,,,,0.5,,100,8,25,fb89464a08a8315316a993462b898339a1874a83f2825c9a1b6ff87072390d28,False,moves8,a1ed1f6b4b30fad224dcecf43e2d11cfba84a3939a42f55f17be472ce0a2b0df
RC203,solomon_txt,4adcb362c23df91f14b828d4964e9383ffb02ee74217afc2d84571f83ed91f8b,0,1,ok,True,4,1158154,1158.154,0.186557,0.500444,0,time_limit,solomon_exact_1000_v1,missing,,,,,0.5,,100,8,25,fb89464a08a8315316a993462b898339a1874a83f2825c9a1b6ff87072390d28,False,moves8,a1ed1f6b4b30fad224dcecf43e2d11cfba84a3939a42f55f17be472ce0a2b0df
RC203,solomon_txt,4adcb362c23df91f14b828d4964e9383ffb02ee74217afc2d84571f83ed91f8b,1,1,ok,True,4,1303205,1303.205,0.224029,0.500584,0,time_limit,solomon_exact_1000_v1,missing,,,,,0.5,,100,8,25,fb89464a08a8315316a993462b898339a1874a83f2825c9a1b6ff87072390d28,False,moves8,a1ed1f6b4b30fad224dcecf43e2d11cfba84a3939a42f55f17be472ce0a2b0df
RC203,solomon_txt,4adcb362c23df91f14b828d4964e9383ffb02ee74217afc2d84571f83ed91f8b,2,1,ok,True,4,1061047,1061.047,0.186481,0.500562,0,time_limit,solomon_exact_1000_v1,missing,,,,,0.5,,100,8,25,fb89464a08a8315316a993462b898339a1874a83f2825c9a1b6ff87072390d28,False,moves8,a1ed1f6b4b30fad224dcecf43e2d11cfba84a3939a42f55f17be472ce0a2b0df
RC204,solomon_txt,11e827eab51a959ebab66344e7b7cfd1aeed895287653b36a72c86a4440ecd77,0,1,ok,True,3,1500593,1500.593,0.288773,0.500438,0,time_limit,solomon_exact_1000_v1,missing,,,,,0.5,,100,8,25,fb89464a08a8315316a993462b898339a1874a83f2825c9a1b6ff87072390d28,False,moves8,a1ed1f6b4b30fad224dcecf43e2d11cfba84a3939a42f55f17be472ce0a2b0df
RC204,solomon_txt,11e827eab51a959ebab66344e7b7cfd1aeed895287653b36a72c86a4440ecd77,1,1,ok,True,3,1500593,1500.593,0.279438,0.500611,0,time_limit,solomon_exact_1000_v1,missing,,,,,0.5,,100,8,25,fb89464a08a8315316a993462b898339a1874a83f2825c9a1b6ff87072390d28,False,moves8,a1ed1f6b4b30fad224dcecf43e2d11cfba84a3939a42f55f17be472ce0a2b0df
RC204,solomon_txt,11e827eab51a959ebab66344e7b7cfd1aeed895287653b36a72c86a4440ecd77,2,1,ok,True,3,1500593,1500.593,0.275056,0.500597,0,time_limit,solomon_exact_1000_v1,missing,,,,,0.5,,100,8,25,fb89464a08a8315316a993462b898339a1874a83f2825c9a1b6ff87072390d28,False,moves8,a1ed1f6b4b30fad224dcecf43e2d11cfba84a3939a42f55f17be472ce0a2b0df
RC205,solomon_txt,c061d306cf42310b0f3ca15612089f6c5a8d5604c0733bf26852477c787662c9,0,1,ok,True,4,1960553,1960.553,0.200513,0.500566,0,time_limit,solomon_exact_1000_v1,missing,,,,,0.5,,100,8,25,fb89464a08a8315316a993462b898339a1874a83f2825c9a1b6ff87072390d28,False,moves8,a1ed1f6b4b30fad224dcecf43e2d11cfba84a3939a42f55f17be472ce0a2b0df
RC205,solomon_txt,c061d306cf42310b0f3ca15612089f6c5a8d5604c0733bf26852477c787662c9,1,1,ok,True,5,2063021,2063.021,0.220016,0.500576,0,time_limit,solomon_exact_1000_v1,missing,,,,,0.5,,100,8,25,fb89464a08a8315316a993462b898339a1874a83f2825c9a1b6ff87072390d28,False,moves8,a1ed1f6b4b30fad224dcecf43e2d11cfba84a3939a42f55f17be472ce0a2b0df
RC205,solomon_txt,c061d306cf42310b0f3ca15612089f6c5a8d5604c0733bf26852477c787662c9,2,1,ok,True,5,2063021,2063.021,0.199874,0.500573,0,time_limit,solomon_exact_1000_v1,missing,,,,,0.5,,100,8,25,fb89464a08a8315316a993462b898339a1874a83f2825c9a1b6ff87072390d28,False,moves8,a1ed1f6b4b30fad224dcecf43e2d11cfba84a3939a42f55f17be472ce0a2b0df
RC206,solomon_txt,5203aecf67c84df49e152645312a837ffefde529314ff892ca061538816e43a9,0,1,ok,True,4,2080287,2080.287,0.200327,0.500606,0,time_limit,solomon_exact_1000_v1,missing,,,,,0.5,,100,8,25,fb89464a08a8315316a993462b898339a1874a83f2825c9a1b6ff87072390d28,False,moves8,a1ed1f6b4b30fad224dcecf43e2d11cfba84a3939a42f55f17be472ce0a2b0df
RC206,solomon_txt,5203aecf67c84df49e152645312a837ffefde529314ff892ca061538816e43a9,1,1,ok,True,4,1771858,1771.858,0.200719,0.50072,0,time_limit,solomon_exact_1000_v1,missing,,,,,0.5,,100,8,25,fb89464a08a8315316a993462b898339a1874a83f2825c9a1b6ff87072390d28,False,moves8,a1ed1f6b4b30fad224dcecf43e2d11cfba84a3939a42f55f17be472ce0a2b0df
RC206,solomon_txt,5203aecf67c84df49e152645312a837ffefde529314ff892ca061538816e43a9,2,1,ok,True,4,1732495,1732.495,0.198896,0.500561,0,time_limit,solomon_exact_1000_v1,missing,,,,,0.5,,100,8,25,fb89464a08a8315316a993462b898339a1874a83f2825c9a1b6ff87072390d28,False,moves8,a1ed1f6b4b30fad224dcecf43e2d11cfba84a3939a42f55f17be472ce0a2b0df
RC207,solomon_txt,5cab65f99b350cdb8fb1c4d0a12dde85eb4ff6a6d6daf292b182cb73de9a8b63,0,1,ok,True,4,1907431,1907.431,0.220537,0.500665,0,time_limit,solomon_exact_1000_v1,missing,,,,,0.5,,100,8,25,fb89464a08a8315316a993462b898339a1874a83f2825c9a1b6ff87072390d28,False,moves8,a1ed1f6b4b30fad224dcecf43e2d11cfba84a3939a42f55f17be472ce0a2b0df
RC207,solomon_txt,5cab65f99b350cdb8fb1c4d0a12dde85eb4ff6a6d6daf292b182cb73de9a8b63,1,1,ok,True,4,1907431,1907.431,0.217525,0.500631,0,time_limit,solomon_exact_1000_v1,missing,,,,,0.5,,100,8,25,fb89464a08a8315316a993462b898339a1874a83f2825c9a1b6ff87072390d28,False,moves8,a1ed1f6b4b30fad224dcecf43e2d11cfba84a3939a42f55f17be472ce0a2b0df
RC207,solomon_txt,5cab65f99b350cdb8fb1c4d0a12dde85eb4ff6a6d6daf292b182cb73de9a8b63,2,1,ok,True,4,1907431,1907.431,0.214414,0.50057,0,time_limit,solomon_exact_1000_v1,missing,,,,,0.5,,100,8,25,fb89464a08a8315316a993462b898339a1874a83f2825c9a1b6ff87072390d28,False,moves8,a1ed1f6b4b30fad224dcecf43e2d11cfba84a3939a42f55f17be472ce0a2b0df
RC208,solomon_txt,3d67d2a8e2758a324643f5d6c6ca87e8c56435273eaa04be33f213bb991f1f28,0,1,ok,True,3,1373172,1373.172,0.219201,0.500601,0,time_limit,solomon_exact_1000_v1,missing,,,,,0.5,,100,8,25,fb89464a08a8315316a993462b898339a1874a83f2825c9a1b6ff87072390d28,False,moves8,a1ed1f6b4b30fad224dcecf43e2d11cfba84a3939a42f55f17be472ce0a2b0df
RC208,solomon_txt,3d67d2a8e2758a324643f5d6c6ca87e8c56435273eaa04be33f213bb991f1f28,1,1,ok,True,4,1913075,1913.075,0.224786,0.500627,0,time_limit,solomon_exact_1000_v1,missing,,,,,0.5,,100,8,25,fb89464a08a8315316a993462b898339a1874a83f2825c9a1b6ff87072390d28,False,moves8,a1ed1f6b4b30fad224dcecf43e2d11cfba84a3939a42f55f17be472ce0a2b0df
RC208,solomon_txt,3d67d2a8e2758a324643f5d6c6ca87e8c56435273eaa04be33f213bb991f1f28,2,1,ok,True,4,1913075,1913.075,0.220706,0.50067,0,time_limit,solomon_exact_1000_v1,missing,,,,,0.5,,100,8,25,fb89464a08a8315316a993462b898339a1874a83f2825c9a1b6ff87072390d28,False,moves8,a1ed1f6b4b30fad224dcecf43e2d11cfba84a3939a42f55f17be472ce0a2b0df
C101,solomon_txt,a6da75152d182d60ecd2c6f854296f5be452f92282d096adebcf5d99a7f16516,0,1,ok,True,11,1015038,1015.038,0.101447,0.500594,0,time_limit,solomon_exact_1000_v1,different_vehicles,10,828.94,,,0.5,,100,2,25,fb89464a08a8315316a993462b898339a1874a83f2825c9a1b6ff87072390d28,False,removal2,87a124c55b0cb1db8c523ef6feba11ea6115778b681a3539d36d00b7a0557740
C101,solomon_txt,a6da75152d182d60ecd2c6f854296f5be452f92282d096adebcf5d99a7f16516,1,1,ok,True,10,828937,828.937,0.099465,0.500578,1,time_limit,solomon_exact_1000_v1,same_vehicles,10,828.94,-0.0004,,0.5,,100,2,25,fb89464a08a8315316a993462b898339a1874a83f2825c9a1b6ff87072390d28,False,removal2,87a124c55b0cb1db8c523ef6feba11ea6115778b681a3539d36d00b7a0557740
C101,solomon_txt,a6da75152d182d60ecd2c6f854296f5be452f92282d096adebcf5d99a7f16516,2,1,ok,True,10,828937,828.937,0.110136,0.500611,1,time_limit,solomon_exact_1000_v1,same_vehicles,10,828.94,-0.0004,,0.5,,100,2,25,fb89464a08a8315316a993462b898339a1874a83f2825c9a1b6ff87072390d28,False,removal2,87a124c55b0cb1db8c523ef6feba11ea6115778b681a3539d36d00b7a0557740
C102,solomon_txt,f89a0e2a760cc7448a4ca72b88e5b29b94d64b5548f3320f42a6230025ead653,0,1,ok,True,10,1258583,1258.583,0.107018,0.50064,1,time_limit,solomon_exact_1000_v1,same_vehicles,10,828.94,51.8304,,0.5,,100,2,25,fb89464a08a8315316a993462b898339a1874a83f2825c9a1b6ff87072390d28,False,removal2,87a124c55b0cb1db8c523ef6feba11ea6115778b681a3539d36d00b7a0557740
C102,solomon_txt,f89a0e2a760cc7448a4ca72b88e5b29b94d64b5548f3320f42a6230025ead653,1,1,ok,True,10,1258583,1258.583,0.106755,0.500613,1,time_limit,solomon_exact_1000_v1,same_vehicles,10,828.94,51.8304,,0.5,,100,2,25,fb89464a08a8315316a993462b898339a1874a83f2825c9a1b6ff87072390d28,False,removal2,87a124c55b0cb1db8c523ef6feba11ea6115778b681a3539d36d00b7a0557740
C102,solomon_txt,f89a0e2a760cc7448a4ca72b88e5b29b94d64b5548f3320f42a6230025ead653,2,1,ok,True,10,1258583,1258.583,0.104789,0.500654,1,time_limit,solomon_exact_1000_v1,same_vehicles,10,828.94,51.8304,,0.5,,100,2,25,fb89464a08a8315316a993462b898339a1874a83f2825c9a1b6ff87072390d28,False,removal2,87a124c55b0cb1db8c523ef6feba11ea6115778b681a3539d36d00b7a0557740
C103,solomon_txt,a55cabf15e0da9d65696a5fb45c9852889479893f76f772a428ca15d1b415a51,0,1,ok,True,10,1842860,1842.86,0.121038,0.500628,1,time_limit,solomon_exact_1000_v1,same_vehicles,10,828.06,122.5515,,0.5,,100,2,25,fb89464a08a8315316a993462b898339a1874a83f2825c9a1b6ff87072390d28,False,removal2,87a124c55b0cb1db8c523ef6feba11ea6115778b681a3539d36d00b7a0557740
C103,solomon_txt,a55cabf15e0da9d65696a5fb45c9852889479893f76f772a428ca15d1b415a51,1,1,ok,True,10,1805002,1805.002,0.119994,0.500615,3,time_limit,solomon_exact_1000_v1,same_vehicles,10,828.06,117.9796,,0.5,,100,2,25,fb89464a08a8315316a993462b898339a1874a83f2825c9a1b6ff87072390d28,False,removal2,87a124c55b0cb1db8c523ef6feba11ea6115778b681a3539d36d00b7a0557740
C103,solomon_txt,a55cabf15e0da9d65696a5fb45c9852889479893f76f772a428ca15d1b415a51,2,1,ok,True,10,1821915,1821.915,0.115094,0.500762,4,time_limit,solomon_exact_1000_v1,same_vehicles,10,828.06,120.0221,,0.5,,100,2,25,fb89464a08a8315316a993462b898339a1874a83f2825c9a1b6ff87072390d28,False,removal2,87a124c55b0cb1db8c523ef6feba11ea6115778b681a3539d36d00b7a0557740
C104,solomon_txt,fe333e81625ee5a75bb2ce98c2c9f356d07289237865b62a23ba2f32f0de5ee2,0,1,ok,True,10,1994426,1994.426,0.120875,0.500657,2,time_limit,solomon_exact_1000_v1,same_vehicles,10,824.78,141.8131,,0.5,,100,2,25,fb89464a08a8315316a993462b898339a1874a83f2825c9a1b6ff87072390d28,False,removal2,87a124c55b0cb1db8c523ef6feba11ea6115778b681a3539d36d00b7a0557740
C104,solomon_txt,fe333e81625ee5a75bb2ce98c2c9f356d07289237865b62a23ba2f32f0de5ee2,1,1,ok,True,10,1952535,1952.535,0.119361,0.50068,2,time_limit,solomon_exact_1000_v1,same_vehicles,10,824.78,136.734,,0.5,,100,2,25,fb89464a08a8315316a993462b898339a1874a83f2825c9a1b6ff87072390d28,False,removal2,87a124c55b0cb1db8c523ef6feba11ea6115778b681a3539d36d00b7a0557740
C104,solomon_txt,fe333e81625ee5a75bb2ce98c2c9f356d07289237865b62a23ba2f32f0de5ee2,2,1,ok,True,10,1928804,1928.804,0.120231,0.500609,2,time_limit,solomon_exact_1000_v1,same_vehicles,10,824.78,133.8568,,0.5,,100,2,25,fb89464a08a8315316a993462b898339a1874a83f2825c9a1b6ff87072390d28,False,removal2,87a124c55b0cb1db8c523ef6feba11ea6115778b681a3539d36d00b7a0557740
C105,solomon_txt,9a877a3a6fb922e7ad9297cc0308bc8a5652cb1495a0228ee6b81b2d938aa29f,0,1,ok,True,11,1244285,1244.285,0.100973,0.500585,0,time_limit,solomon_exact_1000_v1,different_vehicles,10,828.94,,,0.5,,100,2,25,fb89464a08a8315316a993462b898339a1874a83f2825c9a1b6ff87072390d28,False,removal2,87a124c55b0cb1db8c523ef6feba11ea6115778b681a3539d36d00b7a0557740
C105,solomon_txt,9a877a3a6fb922e7ad9297cc0308bc8a5652cb1495a0228ee6b81b2d938aa29f,1,1,ok,True,10,1039051,1039.051,0.101252,0.500974,1,time_limit,solomon_exact_1000_v1,same_vehicles,10,828.94,25.3469,,0.5,,100,2,25,fb89464a08a8315316a993462b898339a1874a83f2825c9a1b6ff87072390d28,False,removal2,87a124c55b0cb1db8c523ef6feba11ea6115778b681a3539d36d00b7a0557740
C105,solomon_txt,9a877a3a6fb922e7ad9297cc0308bc8a5652cb1495a0228ee6b81b2d938aa29f,2,1,ok,True,10,1066901,1066.901,0.102661,0.500585,1,time_limit,solomon_exact_1000_v1,same_vehicles,10,828.94,28.7067,,0.5,,100,2,25,fb89464a08a8315316a993462b898339a1874a83f2825c9a1b6ff87072390d28,False,removal2,87a124c55b0cb1db8c523ef6feba11ea6115778b681a3539d36d00b7a0557740
C106,solomon_txt,ec9b419bed53e9c607cce76e8c6bc59feb6e4d17646905601f008a4141ec7b40,0,1,ok,True,11,1084360,1084.36,0.100429,0.500593,0,time_limit,solomon_exact_1000_v1,different_vehicles,10,828.94,,,0.5,,100,2,25,fb89464a08a8315316a993462b898339a1874a83f2825c9a1b6ff87072390d28,False,removal2,87a124c55b0cb1db8c523ef6feba11ea6115778b681a3539d36d00b7a0557740
C106,solomon_txt,ec9b419bed53e9c607cce76e8c6bc59feb6e4d17646905601f008a4141ec7b40,1,1,ok,True,10,1091399,1091.399,0.098085,0.500613,1,time_limit,solomon_exact_1000_v1,same_vehicles,10,828.94,31.662,,0.5,,100,2,25,fb89464a08a8315316a993462b898339a1874a83f2825c9a1b6ff87072390d28,False,removal2,87a124c55b0cb1db8c523ef6feba11ea6115778b681a3539d36d00b7a0557740
C106,solomon_txt,ec9b419bed53e9c607cce76e8c6bc59feb6e4d17646905601f008a4141ec7b40,2,1,ok,True,10,1084912,1084.912,0.091342,0.500563,1,time_limit,solomon_exact_1000_v1,same_vehicles,10,828.94,30.8794,,0.5,,100,2,25,fb89464a08a8315316a993462b898339a1874a83f2825c9a1b6ff87072390d28,False,removal2,87a124c55b0cb1db8c523ef6feba11ea6115778b681a3539d36d00b7a0557740
C107,solomon_txt,cb3cdc10d812fa17370eb52cb753b6b0574426dc6fabeb8b9076ed750ddf05ca,0,1,ok,True,10,1037431,1037.431,0.104055,0.500574,1,time_limit,solomon_exact_1000_v1,same_vehicles,10,828.06,25.2845,,0.5,,100,2,25,fb89464a08a8315316a993462b898339a1874a83f2825c9a1b6ff87072390d28,False,removal2,87a124c55b0cb1db8c523ef6feba11ea6115778b681a3539d36d00b7a0557740
C107,solomon_txt,cb3cdc10d812fa17370eb52cb753b6b0574426dc6fabeb8b9076ed750ddf05ca,1,1,ok,True,10,1119053,1119.053,0.108663,0.500666,1,time_limit,solomon_exact_1000_v1,same_vehicles,10,828.06,35.1415,,0.5,,100,2,25,fb89464a08a8315316a993462b898339a1874a83f2825c9a1b6ff87072390d28,False,removal2,87a124c55b0cb1db8c523ef6feba11ea6115778b681a3539d36d00b7a0557740
C107,solomon_txt,cb3cdc10d812fa17370eb52cb753b6b0574426dc6fabeb8b9076ed750ddf05ca,2,1,ok,True,10,1088430,1088.43,0.105516,0.500618,1,time_limit,solomon_exact_1000_v1,same_vehicles,10,828.06,31.4434,,0.5,,100,2,25,fb89464a08a8315316a993462b898339a1874a83f2825c9a1b6ff87072390d28,False,removal2,87a124c55b0cb1db8c523ef6feba11ea6115778b681a3539d36d00b7a0557740
C108,solomon_txt,b8c7e48f292b66b283d8e71511e3a4eccaa4c4bc66b9313c399e73b0226f5953,0,1,ok,True,11,2132182,2132.182,0.112002,0.50061,0,time_limit,solomon_exact_1000_v1,different_vehicles,10,828.94,,,0.5,,100,2,25,fb89464a08a8315316a993462b898339a1874a83f2825c9a1b6ff87072390d28,False,removal2,87a124c55b0cb1db8c523ef6feba11ea6115778b681a3539d36d00b7a0557740
C108,solomon_txt,b8c7e48f292b66b283d8e71511e3a4eccaa4c4bc66b9313c399e73b0226f5953,1,1,ok,True,10,1562897,1562.897,0.099321,0.500936,1,time_limit,solomon_exact_1000_v1,same_vehicles,10,828.94,88.5416,,0.5,,100,2,25,fb89464a08a8315316a993462b898339a1874a83f2825c9a1b6ff87072390d28,False,removal2,87a124c55b0cb1db8c523ef6feba11ea6115778b681a3539d36d00b7a0557740
C108,solomon_txt,b8c7e48f292b66b283d8e71511e3a4eccaa4c4bc66b9313c399e73b0226f5953,2,1,ok,True,10,1419591,1419.591,0.107105,0.500671,2,time_limit,solomon_exact_1000_v1,same_vehicles,10,828.94,71.2538,,0.5,,100,2,25,fb89464a08a8315316a993462b898339a1874a83f2825c9a1b6ff87072390d28,False,removal2,87a124c55b0cb1db8c523ef6feba11ea6115778b681a3539d36d00b7a0557740
C109,solomon_txt,72d8489e14bf1bb18456f0b21b01110506cbcc2354719dae8481b480150f142a,0,1,ok,True,10,1614821,1614.821,0.109998,0.500654,5,time_limit,solomon_exact_1000_v1,same_vehicles,10,828.94,94.8055,,0.5,,100,2,25,fb89464a08a8315316a993462b898339a1874a83f2825c9a1b6ff87072390d28,False,removal2,87a124c55b0cb1db8c523ef6feba11ea6115778b681a3539d36d00b7a0557740
C109,solomon_txt,72d8489e14bf1bb18456f0b21b01110506cbcc2354719dae8481b480150f142a,1,1,ok,True,10,1665735,1665.735,0.110535,0.500673,4,time_limit,solomon_exact_1000_v1,same_vehicles,10,828.94,100.9476,,0.5,,100,2,25,fb89464a08a8315316a993462b898339a1874a83f2825c9a1b6ff87072390d28,False,removal2,87a124c55b0cb1db8c523ef6feba11ea6115778b681a3539d36d00b7a0557740
C109,solomon_txt,72d8489e14bf1bb18456f0b21b01110506cbcc2354719dae8481b480150f142a,2,1,ok,True,10,1624330,1624.33,0.110921,0.500333,5,time_limit,solomon_exact_1000_v1,same_vehicles,10,828.94,95.9527,,0.5,,100,2,25,fb89464a08a8315316a993462b898339a1874a83f2825c9a1b6ff87072390d28,False,removal2,87a124c55b0cb1db8c523ef6feba11ea6115778b681a3539d36d00b7a0557740
C201,solomon_txt,d8d9834087ae2326fa23a8510533060233dc9fb481873be60956eb26a880ad63,0,1,ok,True,3,704252,704.252,0.277417,0.500651,1,time_limit,solomon_exact_1000_v1,same_vehicles,3,591.56,19.05,,0.5,,100,2,25,fb89464a08a8315316a993462b898339a1874a83f2825c9a1b6ff87072390d28,False,removal2,87a124c55b0cb1db8c523ef6feba11ea6115778b681a3539d36d00b7a0557740
C201,solomon_txt,d8d9834087ae2326fa23a8510533060233dc9fb481873be60956eb26a880ad63,1,1,ok,True,3,704252,704.252,0.279886,0.500632,1,time_limit,solomon_exact_1000_v1,same_vehicles,3,591.56,19.05,,0.5,,100,2,25,fb89464a08a8315316a993462b898339a1874a83f2825c9a1b6ff87072390d28,False,removal2,87a124c55b0cb1db8c523ef6feba11ea6115778b681a3539d36d00b7a0557740
C201,solomon_txt,d8d9834087ae2326fa23a8510533060233dc9fb481873be60956eb26a880ad63,2,1,ok,True,3,704252,704.252,0.286924,0.501265,1,time_limit,solomon_exact_1000_v1,same_vehicles,3,591.56,19.05,,0.5,,100,2,25,fb89464a08a8315316a993462b898339a1874a83f2825c9a1b6ff87072390d28,False,removal2,87a124c55b0cb1db8c523ef6feba11ea6115778b681a3539d36d00b7a0557740
C202,solomon_txt,dfc8ecad79f6c7ffb096cd36994143569f0babe284d5ad194683271d81063772,0,1,ok,True,3,746236,746.236,0.300609,0.500779,1,time_limit,solomon_exact_1000_v1,same_vehicles,3,591.56,26.1471,,0.5,,100,2,25,fb89464a08a8315316a993462b898339a1874a83f2825c9a1b6ff87072390d28,False,removal2,87a124c55b0cb1db8c523ef6feba11ea6115778b681a3539d36d00b7a0557740
C202,solomon_txt,dfc8ecad79f6c7ffb096cd36994143569f0babe284d5ad194683271d81063772,1,1,ok,True,3,746236,746.236,0.269221,0.500681,1,time_limit,solomon_exact_1000_v1,same_vehicles,3,591.56,26.1471,,0.5,,100,2,25,fb89464a08a8315316a993462b898339a1874a83f2825c9a1b6ff87072390d28,False,removal2,87a124c55b0cb1db8c523ef6feba11ea6115778b681a3539d36d00b7a0557740
C202,solomon_txt,dfc8ecad79f6c7ffb096cd36994143569f0babe284d5ad194683271d81063772,2,1,ok,True,3,746236,746.236,0.287685,0.500468,1,time_limit,solomon_exact_1000_v1,same_vehicles,3,591.56,26.1471,,0.5,,100,2,25,fb89464a08a8315316a993462b898339a1874a83f2825c9a1b6ff87072390d28,False,removal2,87a124c55b0cb1db8c523ef6feba11ea6115778b681a3539d36d00b7a0557740
C203,solomon_txt,2b79eea2962a848cb29f6153d4fb4ae725d35507686d937da6643b33fcd85062,0,1,ok,True,4,894861,894.861,0.314058,0.500625,0,time_limit,solomon_exact_1000_v1,different_vehicles,3,591.17,,,0.5,,100,2,25,fb89464a08a8315316a993462b898339a1874a83f2825c9a1b6ff87072390d28,False,removal2,87a124c55b0cb1db8c523ef6feba11ea6115778b681a3539d36d00b7a0557740
C203,solomon_txt,2b79eea2962a848cb29f6153d4fb4ae725d35507686d937da6643b33fcd85062,1,1,ok,True,4,894861,894.861,0.306627,0.501033,0,time_limit,solomon_exact_1000_v1,different_vehicles,3,591.17,,,0.5,,100,2,25,fb89464a08a8315316a993462b898339a1874a83f2825c9a1b6ff87072390d28,False,removal2,87a124c55b0cb1db8c523ef6feba11ea6115778b681a3539d36d00b7a0557740
C203,solomon_txt,2b79eea2962a848cb29f6153d4fb4ae725d35507686d937da6643b33fcd85062,2,1,ok,True,4,894861,894.861,0.290706,0.500778,0,time_limit,solomon_exact_1000_v1,different_vehicles,3,591.17,,,0.5,,100,2,25,fb89464a08a8315316a993462b898339a1874a83f2825c9a1b6ff87072390d28,False,removal2,87a124c55b0cb1db8c523ef6feba11ea6115778b681a3539d36d00b7a0557740
C204,solomon_txt,4331b2744d34e32c2987e3fe8a82b782a2039d757d2aac818f7e0fd21117bfb4,0,1,ok,True,4,1439548,1439.548,0.308107,0.501006,0,time_limit,solomon_exact_1000_v1,different_vehicles,3,590.6,,,0.5,,100,2,25,fb89464a08a8315316a993462b898339a1874a83f2825c9a1b6ff87072390d28,False,removal2,87a124c55b0cb1db8c523ef6feba11ea6115778b681a3539d36d00b7a0557740
C204,solomon_txt,4331b2744d34e32c2987e3fe8a82b782a2039d757d2aac818f7e0fd21117bfb4,1,1,ok,True,3,780549,780.549,0.267592,0.500595,1,time_limit,solomon_exact_1000_v1,same_vehicles,3,590.6,32.162,,0.5,,100,2,25,fb89464a08a8315316a993462b898339a1874a83f2825c9a1b6ff87072390d28,False,removal2,87a124c55b0cb1db8c523ef6feba11ea6115778b681a3539d36d00b7a0557740
C204,solomon_txt,4331b2744d34e32c2987e3fe8a82b782a2039d757d2aac818f7e0fd21117bfb4,2,1,ok,True,3,743140,743.14,0.273896,0.500291,1,time_limit,solomon_exact_1000_v1,same_vehicles,3,590.6,25.828,,0.5,,100,2,25,fb89464a08a8315316a993462b898339a1874a83f2825c9a1b6ff87072390d28,False,removal2,87a124c55b0cb1db8c523ef6feba11ea6115778b681a3539d36d00b7a0557740
C205,solomon_txt,15be2bb8c3e4ad99a79d1e7ee0472223feb95a4f423d010e032bda0a87266ca5,0,1,ok,True,3,786435,786.435,0.236841,0.500286,1,time_limit,solomon_exact_1000_v1,same_vehicles,3,588.88,33.5476,,0.5,,100,2,25,fb89464a08a8315316a993462b898339a1874a83f2825c9a1b6ff87072390d28,False,removal2,87a124c55b0cb1db8c523ef6feba11ea6115778b681a3539d36d00b7a0557740
C205,solomon_txt,15be2bb8c3e4ad99a79d1e7ee0472223feb95a4f423d010e032bda0a87266ca5,1,1,ok,True,4,912158,912.158,0.24456,0.500575,0,time_limit,solomon_exact_1000_v1,different_vehicles,3,588.88,,,0.5,,100,2,25,fb89464a08a8315316a993462b898339a1874a83f2825c9a1b6ff87072390d28,False,removal2,87a124c55b0cb1db8c523ef6feba11ea6115778b681a3539d36d00b7a0557740
C205,solomon_txt,15be2bb8c3e4ad99a79d1e7ee0472223feb95a4f423d010e032bda0a87266ca5,2,1,ok,True,3,753690,753.69,0.238831,0.500326,1,time_limit,solomon_exact_1000_v1,same_vehicles,3,588.88,27.987,,0.5,,100,2,25,fb89464a08a8315316a993462b898339a1874a83f2825c9a1b6ff87072390d28,False,removal2,87a124c55b0cb1db8c523ef6feba11ea6115778b681a3539d36d00b7a0557740
C206,solomon_txt,745b6c7042707ffbbfc4d681ee02a84431425f1dfb3c8aa85ecf003fec8f7e53,0,1,ok,True,4,1154595,1154.595,0.257205,0.500607,0,time_limit,solomon_exact_1000_v1,different_vehicles,3,588.49,,,0.5,,100,2,25,fb89464a08a8315316a993462b898339a1874a83f2825c9a1b6ff87072390d28,False,removal2,87a124c55b0cb1db8c523ef6feba11ea6115778b681a3539d36d00b7a0557740
C206,solomon_txt,745b6c7042707ffbbfc4d681ee02a84431425f1dfb3c8aa85ecf003fec8f7e53,1,1,ok,True,4,1154595,1154.595,0.253854,0.500609,0,time_limit,solomon_exact_1000_v1,different_vehicles,3,588.49,,,0.5,,100,2,25,fb89464a08a8315316a993462b898339a1874a83f2825c9a1b6ff87072390d28,False,removal2,87a124c55b0cb1db8c523ef6feba11ea6115778b681a3539d36d00b7a0557740
C206,solomon_txt,745b6c7042707ffbbfc4d681ee02a84431425f1dfb3c8aa85ecf003fec8f7e53,2,1,ok,True,4,1154595,1154.595,0.260869,0.500608,0,time_limit,solomon_exact_1000_v1,different_vehicles,3,588.49,,,0.5,,100,2,25,fb89464a08a8315316a993462b898339a1874a83f2825c9a1b6ff87072390d28,False,removal2,87a124c55b0cb1db8c523ef6feba11ea6115778b681a3539d36d00b7a0557740
C207,solomon_txt,a33f03570a944c8a6d185fd6a173e66c68e67c399a4958b2d5b6d49533ace4a4,0,1,ok,True,4,980937,980.937,0.298647,0.500691,0,time_limit,solomon_exact_1000_v1,different_vehicles,3,588.29,,,0.5,,100,2,25,fb89464a08a8315316a993462b898339a1874a83f2825c9a1b6ff87072390d28,False,removal2,87a124c55b0cb1db8c523ef6feba11ea6115778b681a3539d36d00b7a0557740
C207,solomon_txt,a33f03570a944c8a6d185fd6a173e66c68e67c399a4958b2d5b6d49533ace4a4,1,1,ok,True,4,980937,980.937,0.277612,0.500574,0,time_limit,solomon_exact_1000_v1,different_vehicles,3,588.29,,,0.5,,100,2,25,fb89464a08a8315316a993462b898339a1874a83f2825c9a1b6ff87072390d28,False,removal2,87a124c55b0cb1db8c523ef6feba11ea6115778b681a3539d36d00b7a0557740
C207,solomon_txt,a33f03570a944c8a6d185fd6a173e66c68e67c399a4958b2d5b6d49533ace4a4,2,1,ok,True,4,980937,980.937,0.286747,0.500648,0,time_limit,solomon_exact_1000_v1,different_vehicles,3,588.29,,,0.5,,100,2,25,fb89464a08a8315316a993462b898339a1874a83f2825c9a1b6ff87072390d28,False,removal2,87a124c55b0cb1db8c523ef6feba11ea6115778b681a3539d36d00b7a0557740
C208,solomon_txt,1c2f2381b8743680dbeb34322869cbf5a6cdd8c281f4bcffdb99b533e601874b,0,1,ok,True,4,957831,957.831,0.267849,0.500591,0,time_limit,solomon_exact_1000_v1,different_vehicles,3,588.32,,,0.5,,100,2,25,fb89464a08a8315316a993462b898339a1874a83f2825c9a1b6ff87072390d28,False,removal2,87a124c55b0cb1db8c523ef6feba11ea6115778b681a3539d36d00b7a0557740
C208,solomon_txt,1c2f2381b8743680dbeb34322869cbf5a6cdd8c281f4bcffdb99b533e601874b,1,1,ok,True,4,957831,957.831,0.264542,0.500589,0,time_limit,solomon_exact_1000_v1,different_vehicles,3,588.32,,,0.5,,100,2,25,fb89464a08a8315316a993462b898339a1874a83f2825c9a1b6ff87072390d28,False,removal2,87a124c55b0cb1db8c523ef6feba11ea6115778b681a3539d36d00b7a0557740
C208,solomon_txt,1c2f2381b8743680dbeb34322869cbf5a6cdd8c281f4bcffdb99b533e601874b,2,1,ok,True,4,957831,957.831,0.279993,0.500598,0,time_limit,solomon_exact_1000_v1,different_vehicles,3,588.32,,,0.5,,100,2,25,fb89464a08a8315316a993462b898339a1874a83f2825c9a1b6ff87072390d28,False,removal2,87a124c55b0cb1db8c523ef6feba11ea6115778b681a3539d36d00b7a0557740
R101,solomon_txt,3f3655182bc0fe44ce5de65fdcd2ee2f9c7fb9ed055f923635151d9d6f76d3ed,0,1,ok,True,22,1914025,1914.025,0.076469,0.50061,0,time_limit,solomon_exact_1000_v1,missing,,,,,0.5,,100,2,25,fb89464a08a8315316a993462b898339a1874a83f2825c9a1b6ff87072390d28,False,removal2,87a124c55b0cb1db8c523ef6feba11ea6115778b681a3539d36d00b7a0557740
R101,solomon_txt,3f3655182bc0fe44ce5de65fdcd2ee2f9c7fb9ed055f923635151d9d6f76d3ed,1,1,ok,True,22,1913179,1913.179,0.077253,0.501095,0,time_limit,solomon_exact_1000_v1,missing,,,,,0.5,,100,2,25,fb89464a08a8315316a993462b898339a1874a83f2825c9a1b6ff87072390d28,False,removal2,87a124c55b0cb1db8c523ef6feba11ea6115778b681a3539d36d00b7a0557740
R101,solomon_txt,3f3655182bc0fe44ce5de65fdcd2ee2f9c7fb9ed055f923635151d9d6f76d3ed,2,1,ok,True,22,1939166,1939.166,0.080238,0.50061,0,time_limit,solomon_exact_1000_v1,missing,,,,,0.5,,100,2,25,fb89464a08a8315316a993462b898339a1874a83f2825c9a1b6ff87072390d28,False,removal2,87a124c55b0cb1db8c523ef6feba11ea6115778b681a3539d36d00b7a0557740
R102,solomon_txt,eeb23171b7e4fbfc80bf000ca770329109900fbd7273fa8b9d1f95b7dfe683c3,0,1,ok,True,20,1655107,1655.107,0.088547,0.500676,0,time_limit,solomon_exact_1000_v1,missing,,,,,0.5,,100,2,25,fb89464a08a8315316a993462b898339a1874a83f2825c9a1b6ff87072390d28,False,removal2,87a124c55b0cb1db8c523ef6feba11ea6115778b681a3539d36d00b7a0557740
R102,solomon_txt,eeb23171b7e4fbfc80bf000ca770329109900fbd7273fa8b9d1f95b7dfe683c3,1,1,ok,True,19,1744933,1744.933,0.086323,0.500645,0,time_limit,solomon_exact_1000_v1,missing,,,,,0.5,,100,2,25,fb89464a08a8315316a993462b898339a1874a83f2825c9a1b6ff87072390d28,False,removal2,87a124c55b0cb1db8c523ef6feba11ea6115778b681a3539d36d00b7a0557740
R102,solomon_txt,eeb23171b7e4fbfc80bf000ca770329109900fbd7273fa8b9d1f95b7dfe683c3,2,1,ok,True,19,1765826,1765.826,0.08231,0.500622,0,time_limit,solomon_exact_1000_v1,missing,,,,,0.5,,100,2,25,fb89464a08a8315316a993462b898339a1874a83f2825c9a1b6ff87072390d28,False,removal2,87a124c55b0cb1db8c523ef6feba11ea6115778b681a3539d36d00b7a0557740
R103,solomon_txt,1f833e8648ba39e0edc76754fb49e81777a7175cf7b084c3f60a12607bfb3991,0,1,ok,True,14,1546015,1546.015,0.093144,0.500615,0,time_limit,solomon_exact_1000_v1,missing,,,,,0.5,,100,2,25,fb89464a08a8315316a993462b898339a1874a83f2825c9a1b6ff87072390d28,False,removal2,87a124c55b0cb1db8c523ef6feba11ea6115778b681a3539d36d00b7a0557740
R103,solomon_txt,1f833e8648ba39e0edc76754fb49e81777a7175cf7b084c3f60a12607bfb3991,1,1,ok,True,14,1546015,1546.015,0.093122,0.500912,0,time_limit,solomon_exact_1000_v1,missing,,,,,0.5,,100,2,25,fb89464a08a8315316a993462b898339a1874a83f2825c9a1b6ff87072390d28,False,removal2,87a124c55b0cb1db8c523ef6feba11ea6115778b681a3539d36d00b7a0557740
R103,solomon_txt,1f833e8648ba39e0edc76754fb49e81777a7175cf7b084c3f60a12607bfb3991,2,1,ok,True,14,1546015,1546.015,0.092255,0.500858,0,time_limit,solomon_exact_1000_v1,missing,,,,,0.5,,100,2,25,fb89464a08a8315316a993462b898339a1874a83f2825c9a1b6ff87072390d28,False,removal2,87a124c55b0cb1db8c523ef6feba11ea6115778b681a3539d36d00b7a0557740
R104,solomon_txt,dd087124311d91facd81736debbfc7d0f351d27942917e2d76cbafd01e6183b7,0,1,ok,True,12,1592207,1592.207,0.104506,0.500605,0,time_limit,solomon_exact_1000_v1,missing,,,,,0.5,,100,2,25,fb89464a08a8315316a993462b898339a1874a83f2825c9a1b6ff87072390d28,False,removal2,87a124c55b0cb1db8c523ef6feba11ea6115778b681a3539d36d00b7a0557740
R104,solomon_txt,dd087124311d91facd81736debbfc7d0f351d27942917e2d76cbafd01e6183b7,1,1,ok,True,11,1241810,1241.81,0.105417,0.500571,0,time_limit,solomon_exact_1000_v1,missing,,,,,0.5,,100,2,25,fb89464a08a8315316a993462b898339a1874a83f2825c9a1b6ff87072390d28,False,removal2,87a124c55b0cb1db8c523ef6feba11ea6115778b681a3539d36d00b7a0557740
R104,solomon_txt,dd087124311d91facd81736debbfc7d0f351d27942917e2d76cbafd01e6183b7,2,1,ok,True,11,1321819,1321.819,0.107731,0.500599,0,time_limit,solomon_exact_1000_v1,missing,,,,,0.5,,100,2,25,fb89464a08a8315316a993462b898339a1874a83f2825c9a1b6ff87072390d28,False,removal2,87a124c55b0cb1db8c523ef6feba11ea6115778b681a3539d36d00b7a0557740
R105,solomon_txt,ff1a614f8458d6339b3f54d8e4ca2dcf0a35c96012f477f6a819ae481de85ca4,0,1,ok,True,17,1734216,1734.216,0.084075,0.500674,0,time_limit,solomon_exact_1000_v1,missing,,,,,0.5,,100,2,25,fb89464a08a8315316a993462b898339a1874a83f2825c9a1b6ff87072390d28,False,removal2,87a124c55b0cb1db8c523ef6feba11ea6115778b681a3539d36d00b7a0557740
R105,solomon_txt,ff1a614f8458d6339b3f54d8e4ca2dcf0a35c96012f477f6a819ae481de85ca4,1,1,ok,True,17,1683209,1683.209,0.086739,0.500653,0,time_limit,solomon_exact_1000_v1,missing,,,,,0.5,,100,2,25,fb89464a08a8315316a993462b898339a1874a83f2825c9a1b6ff87072390d28,False,removal2,87a124c55b0cb1db8c523ef6feba11ea6115778b681a3539d36d00b7a0557740
R105,solomon_txt,ff1a614f8458d6339b3f54d8e4ca2dcf0a35c96012f477f6a819ae481de85ca4,2,1,ok,True,17,1834998,1834.998,0.085714,0.500603,0,time_limit,solomon_exact_1000_v1,missing,,,,,0.5,,100,2,25,fb89464a08a8315316a993462b898339a1874a83f2825c9a1b6ff87072390d28,False,removal2,87a124c55b0cb1db8c523ef6feba11ea6115778b681a3539d36d00b7a0557740
R106,solomon_txt,31b8783d177f0fbe1c84b8f085fbf28b1989a80e4c00f49f5654ebef99835e97,0,1,ok,True,14,1545086,1545.086,0.096534,0.500607,0,time_limit,solomon_exact_1000_v1,missing,,,,,0.5,,100,2,25,fb89464a08a8315316a993462b898339a1874a83f2825c9a1b6ff87072390d28,False,removal2,87a124c55b0cb1db8c523ef6feba11ea6115778b681a3539d36d00b7a0557740
R106,solomon_txt,31b8783d177f0fbe1c84b8f085fbf28b1989a80e4c00f49f5654ebef99835e97,1,1,ok,True,15,1572430,1572.43,0.087575,0.500621,0,time_limit,solomon_exact_1000_v1,missing,,,,,0.5,,100,2,25,fb89464a08a8315316a993462b898339a1874a83f2825c9a1b6ff87072390d28,False,removal2,87a124c55b0cb1db8c523ef6feba11ea6115778b681a3539d36d00b7a0557740
R106,solomon_txt,31b8783d177f0fbe1c84b8f085fbf28b1989a80e4c00f49f5654ebef99835e97,2,1,ok,True,14,1559373,1559.373,0.091079,0.500823,0,time_limit,solomon_exact_1000_v1,missing,,,,,0.5,,100,2,25,fb89464a08a8315316a993462b898339a1874a83f2825c9a1b6ff87072390d28,False,removal2,87a124c55b0cb1db8c523ef6feba11ea6115778b681a3539d36d00b7a0557740
R107,solomon_txt,dba2b257a1d43d7c78d5e3a9f09091a2b125d3fbec78c0c8a1782add669a1275,0,1,ok,True,13,1331890,1331.89,0.119238,0.500675,0,time_limit,solomon_exact_1000_v1,missing,,,,,0.5,,100,2,25,fb89464a08a8315316a993462b898339a1874a83f2825c9a1b6ff87072390d28,False,removal2,87a124c55b0cb1db8c523ef6feba11ea6115778b681a3539d36d00b7a0557740
R107,solomon_txt,dba2b257a1d43d7c78d5e3a9f09091a2b125d3fbec78c0c8a1782add669a1275,1,1,ok,True,12,1525686,1525.686,0.109706,0.501116,0,time_limit,solomon_exact_1000_v1,missing,,,,,0.5,,100,2,25,fb89464a08a8315316a993462b898339a1874a83f2825c9a1b6ff87072390d28,False,removal2,87a124c55b0cb1db8c523ef6feba11ea6115778b681a3539d36d00b7a0557740
R107,solomon_txt,dba2b257a1d43d7c78d5e3a9f09091a2b125d3fbec78c0c8a1782add669a1275,2,1,ok,True,12,1486083,1486.083,0.120071,0.500693,0,time_limit,solomon_exact_1000_v1,missing,,,,,0.5,,100,2,25,fb89464a08a8315316a993462b898339a1874a83f2825c9a1b6ff87072390d28,False,removal2,87a124c55b0cb1db8c523ef6feba11ea6115778b681a3539d36d00b7a0557740
R108,solomon_txt,65cae09f4099b7e70d2b723e0e3a30aa1494c75a367bb894a3fd13241ee639d4,0,1,ok,True,11,1315436,1315.436,0.141656,0.500605,0,time_limit,solomon_exact_1000_v1,missing,,,,,0.5,,100,2,25,fb89464a08a8315316a993462b898339a1874a83f2825c9a1b6ff87072390d28,False,removal2,87a124c55b0cb1db8c523ef6feba11ea6115778b681a3539d36d00b7a0557740
R108,solomon_txt,65cae09f4099b7e70d2b723e0e3a30aa1494c75a367bb894a3fd13241ee639d4,1,1,ok,True,11,1274109,1274.109,0.194324,0.500639,0,time_limit,solomon_exact_1000_v1,missing,,,,,0.5,,100,2,25,fb89464a08a8315316a993462b898339a1874a83f2825c9a1b6ff87072390d28,False,removal2,87a124c55b0cb1db8c523ef6feba11ea6115778b681a3539d36d00b7a0557740
R108,solomon_txt,65cae09f4099b7e70d2b723e0e3a30aa1494c75a367bb894a3fd13241ee639d4,2,1,ok,True,11,1360850,1360.85,0.125844,0.500575,0,time_limit,solomon_exact_1000_v1,missing,,,,,0.5,,100,2,25,fb89464a08a8315316a993462b898339a1874a83f2825c9a1b6ff87072390d28,False,removal2,87a124c55b0cb1db8c523ef6feba11ea6115778b681a3539d36d00b7a0557740
R109,solomon_txt,4ef24030e8c48de5f85dcd90c5739186004fc8dec87533b6467013cf996f4777,0,1,ok,True,16,1597195,1597.195,0.084488,0.500653,0,time_limit,solomon_exact_1000_v1,missing,,,,,0.5,,100,2,25,fb89464a08a8315316a993462b898339a1874a83f2825c9a1b6ff87072390d28,False,removal2,87a124c55b0cb1db8c523ef6feba11ea6115778b681a3539d36d00b7a0557740
R109,solomon_txt,4ef24030e8c48de5f85dcd90c5739186004fc8dec87533b6467013cf996f4777,1,1,ok,True,15,1669582,1669.582,0.080308,0.500603,0,time_limit,solomon_exact_1000_v1,missing,,,,,0.5,,100,2,25,fb89464a08a8315316a993462b898339a1874a83f2825c9a1b6ff87072390d28,False,removal2,87a124c55b0cb1db8c523ef6feba11ea6115778b681a3539d36d00b7a0557740
R109,solomon_txt,4ef24030e8c48de5f85dcd90c5739186004fc8dec87533b6467013cf996f4777,2,1,ok,True,16,1844925,1844.925,0.083946,0.500685,0,time_limit,solomon_exact_1000_v1,missing,,,,,0.5,,100,2,25,fb89464a08a8315316a993462b898339a1874a83f2825c9a1b6ff87072390d28,False,removal2,87a124c55b0cb1db8c523ef6feba11ea6115778b681a3539d36d00b7a0557740
R110,solomon_txt,14cb53cb99af61d3d708f07564b9a72d146e7c26b4f10507cfaf3bc828f34bfa,0,1,ok,True,14,1574826,1574.826,0.110567,0.50061,0,time_limit,solomon_exact_1000_v1,missing,,,,,0.5,,100,2,25,fb89464a08a8315316a993462b898339a1874a83f2825c9a1b6ff87072390d28,False,removal2,87a124c55b0cb1db8c523ef6feba11ea6115778b681a3539d36d00b7a0557740
R110,solomon_txt,14cb53cb99af61d3d708f07564b9a72d146e7c26b4f10507cfaf3bc828f34bfa,1,1,ok,True,14,1546498,1546.498,0.099428,0.500636,0,time_limit,solomon_exact_1000_v1,missing,,,,,0.5,,100,2,25,fb89464a08a8315316a993462b898339a1874a83f2825c9a1b6ff87072390d28,False,removal2,87a124c55b0cb1db8c523ef6feba11ea6115778b681a3539d36d00b7a0557740
R110,solomon_txt,14cb53cb99af61d3d708f07564b9a72d146e7c26b4f10507cfaf3bc828f34bfa,2,1,ok,True,14,1897804,1897.804,0.093423,0.501031,0,time_limit,solomon_exact_1000_v1,missing,,,,,0.5,,100,2,25,fb89464a08a8315316a993462b898339a1874a83f2825c9a1b6ff87072390d28,False,removal2,87a124c55b0cb1db8c523ef6feba11ea6115778b681a3539d36d00b7a0557740
R111,solomon_txt,3d94a73b1f2fe8aae4618b9d9ea254cff2e3924a6a841aa390096ec6c60f258d,0,1,ok,True,12,1453553,1453.553,0.129179,0.500589,0,time_limit,solomon_exact_1000_v1,missing,,,,,0.5,,100,2,25,fb89464a08a8315316a993462b898339a1874a83f2825c9a1b6ff87072390d28,False,removal2,87a124c55b0cb1db8c523ef6feba11ea6115778b681a3539d36d00b7a0557740
R111,solomon_txt,3d94a73b1f2fe8aae4618b9d9ea254cff2e3924a6a841aa390096ec6c60f258d,1,1,ok,True,13,1675090,1675.09,0.099703,0.50045,0,time_limit,solomon_exact_1000_v1,missing,,,,,0.5,,100,2,25,fb89464a08a8315316a993462b898339a1874a83f2825c9a1b6ff87072390d28,False,removal2,87a124c55b0cb1db8c523ef6feba11ea6115778b681a3539d36d00b7a0557740
R111,solomon_txt,3d94a73b1f2fe8aae4618b9d9ea254cff2e3924a6a841aa390096ec6c60f258d,2,1,ok,True,12,1461553,1461.553,0.072431,0.500468,0,time_limit,solomon_exact_1000_v1,missing,,,,,0.5,,100,2,25,fb89464a08a8315316a993462b898339a1874a83f2825c9a1b6ff87072390d28,False,removal2,87a124c55b0cb1db8c523ef6feba11ea6115778b681a3539d36d00b7a0557740
R112,solomon_txt,a0e93149d59d30c356619891d192e86d0f16c3158e1dac3bd9f23c6deb718271,0,1,ok,True,12,1508833,1508.833,0.066597,0.500543,0,time_limit,solomon_exact_1000_v1,missing,,,,,0.5,,100,2,25,fb89464a08a8315316a993462b898339a1874a83f2825c9a1b6ff87072390d28,False,removal2,87a124c55b0cb1db8c523ef6feba11ea6115778b681a3539d36d00b7a0557740
R112,solomon_txt,a0e93149d59d30c356619891d192e86d0f16c3158e1dac3bd9f23c6deb718271,1,1,ok,True,13,1430395,1430.395,0.072883,0.500472,0,time_limit,solomon_exact_1000_v1,missing,,,,,0.5,,100,2,25,fb89464a08a8315316a993462b898339a1874a83f2825c9a1b6ff87072390d28,False,removal2,87a124c55b0cb1db8c523ef6feba11ea6115778b681a3539d36d00b7a0557740
R112,solomon_txt,a0e93149d59d30c356619891d192e86d0f16c3158e1dac3bd9f23c6deb718271,2,1,ok,True,13,1273526,1273.526,0.063833,0.500435,0,time_limit,solomon_exact_1000_v1,missing,,,,,0.5,,100,2,25,fb89464a08a8315316a993462b898339a1874a83f2825c9a1b6ff87072390d28,False,removal2,87a124c55b0cb1db8c523ef6feba11ea6115778b681a3539d36d00b7a0557740
R201,solomon_txt,0be960ec998fff2cab0bdbcc5194c617e5ca0a79c82c5b32b1d4bd98b2cae210,0,1,ok,True,5,1726658,1726.658,0.13137,0.500415,0,time_limit,solomon_exact_1000_v1,missing,,,,,0.5,,100,2,25,fb89464a08a8315316a993462b898339a1874a83f2825c9a1b6ff87072390d28,False,removal2,87a124c55b0cb1db8c523ef6feba11ea6115778b681a3539d36d00b7a0557740
R201,solomon_txt,0be960ec998fff2cab0bdbcc5194c617e5ca0a79c82c5b32b1d4bd98b2cae210,1,1,ok,True,5,1726658,1726.658,0.133366,0.500442,0,time_limit,solomon_exact_1000_v1,missing,,,,,0.5,,100,2,25,fb89464a08a8315316a993462b898339a1874a83f2825c9a1b6ff87072390d28,False,removal2,87a124c55b0cb1db8c523ef6feba11ea6115778b681a3539d36d00b7a0557740
R201,solomon_txt,0be960ec998fff2cab0bdbcc5194c617e5ca0a79c82c5b32b1d4bd98b2cae210,2,1,ok,True,4,1534914,1534.914,0.131152,0.500405,0,time_limit,solomon_exact_1000_v1,missing,,,,,0.5,,100,2,25,fb89464a08a8315316a993462b898339a1874a83f2825c9a1b6ff87072390d28,False,removal2,87a124c55b0cb1db8c523ef6feba11ea6115778b681a3539d36d00b7a0557740
R202,solomon_txt,1f7761bb33e9dd0c94837b32c72280296ffc283dba997379c7ad75ce00dffc8d,0,1,ok,True,4,1622244,1622.244,0.148958,0.500436,0,time_limit,solomon_exact_1000_v1,missing,,,,,0.5,,100,2,25,fb89464a08a8315316a993462b898339a1874a83f2825c9a1b6ff87072390d28,False,removal2,87a124c55b0cb1db8c523ef6feba11ea6115778b681a3539d36d00b7a0557740
R202,solomon_txt,1f7761bb33e9dd0c94837b32c72280296ffc283dba997379c7ad75ce00dffc8d,1,1,ok,True,4,1622244,1622.244,0.150615,0.500417,0,time_limit,solomon_exact_1000_v1,missing,,,,,0.5,,100,2,25,fb89464a08a8315316a993462b898339a1874a83f2825c9a1b6ff87072390d28,False,removal2,87a124c55b0cb1db8c523ef6feba11ea6115778b681a3539d36d00b7a0557740
R202,solomon_txt,1f7761bb33e9dd0c94837b32c72280296ffc283dba997379c7ad75ce00dffc8d,2,1,ok,True,4,1622244,1622.244,0.148964,0.500421,0,time_limit,solomon_exact_1000_v1,missing,,,,,0.5,,100,2,25,fb89464a08a8315316a993462b898339a1874a83f2825c9a1b6ff87072390d28,False,removal2,87a124c55b0cb1db8c523ef6feba11ea6115778b681a3539d36d00b7a0557740
R203,solomon_txt,38c484db31bd7452a94d533e26a2348ef598df600b79d061d9ddc1c61466a731,0,1,ok,True,3,1300221,1300.221,0.169476,0.500443,0,time_limit,solomon_exact_1000_v1,missing,,,,,0.5,,100,2,25,fb89464a08a8315316a993462b898339a1874a83f2825c9a1b6ff87072390d28,False,removal2,87a124c55b0cb1db8c523ef6feba11ea6115778b681a3539d36d00b7a0557740
R203,solomon_txt,38c484db31bd7452a94d533e26a2348ef598df600b79d061d9ddc1c61466a731,1,1,ok,True,3,1300221,1300.221,0.161732,0.50039,0,time_limit,solomon_exact_1000_v1,missing,,,,,0.5,,100,2,25,fb89464a08a8315316a993462b898339a1874a83f2825c9a1b6ff87072390d28,False,removal2,87a124c55b0cb1db8c523ef6feba11ea6115778b681a3539d36d00b7a0557740
R203,solomon_txt,38c484db31bd7452a94d533e26a2348ef598df600b79d061d9ddc1c61466a731,2,1,ok,True,3,1300221,1300.221,0.166187,0.500407,0,time_limit,solomon_exact_1000_v1,missing,,,,,0.5,,100,2,25,fb89464a08a8315316a993462b898339a1874a83f2825c9a1b6ff87072390d28,False,removal2,87a124c55b0cb1db8c523ef6feba11ea6115778b681a3539d36d00b7a0557740
R204,solomon_txt,5349e37d8df99bcbee1efa2e970d2662b5265e5f82fc609343a6af0a60257abf,0,1,ok,True,3,1331038,1331.038,0.201747,0.500476,0,time_limit,solomon_exact_1000_v1,missing,,,,,0.5,,100,2,25,fb89464a08a8315316a993462b898339a1874a83f2825c9a1b6ff87072390d28,False,removal2,87a124c55b0cb1db8c523ef6feba11ea6115778b681a3539d36d00b7a0557740
R204,solomon_txt,5349e37d8df99bcbee1efa2e970d2662b5265e5f82fc609343a6af0a60257abf,1,1,ok,True,3,1331038,1331.038,0.207443,0.500439,0,time_limit,solomon_exact_1000_v1,missing,,,,,0.5,,100,2,25,fb89464a08a8315316a993462b898339a1874a83f2825c9a1b6ff87072390d28,False,removal2,87a124c55b0cb1db8c523ef6feba11ea6115778b681a3539d36d00b7a0557740
R204,solomon_txt,5349e37d8df99bcbee1efa2e970d2662b5265e5f82fc609343a6af0a60257abf,2,1,ok,True,3,1331038,1331.038,0.212178,0.50048,0,time_limit,solomon_exact_1000_v1,missing,,,,,0.5,,100,2,25,fb89464a08a8315316a993462b898339a1874a83f2825c9a1b6ff87072390d28,False,removal2,87a124c55b0cb1db8c523ef6feba11ea6115778b681a3539d36d00b7a0557740
R205,solomon_txt,1996bf8f10716fb8cfc1a585206a6a6e566f32347c1bb8f36c75ed6c887f77e3,0,1,ok,True,3,1303717,1303.717,0.158701,0.50041,0,time_limit,solomon_exact_1000_v1,missing,,,,,0.5,,100,2,25,fb89464a08a8315316a993462b898339a1874a83f2825c9a1b6ff87072390d28,False,removal2,87a124c55b0cb1db8c523ef6feba11ea6115778b681a3539d36d00b7a0557740
R205,solomon_txt,1996bf8f10716fb8cfc1a585206a6a6e566f32347c1bb8f36c75ed6c887f77e3,1,1,ok,True,4,1700248,1700.248,0.167264,0.500499,0,time_limit,solomon_exact_1000_v1,missing,,,,,0.5,,100,2,25,fb89464a08a8315316a993462b898339a1874a83f2825c9a1b6ff87072390d28,False,removal2,87a124c55b0cb1db8c523ef6feba11ea6115778b681a3539d36d00b7a0557740
R205,solomon_txt,1996bf8f10716fb8cfc1a585206a6a6e566f32347c1bb8f36c75ed6c887f77e3,2,1,ok,True,4,1700248,1700.248,0.176471,0.500437,0,time_limit,solomon_exact_1000_v1,missing,,,,,0.5,,100,2,25,fb89464a08a8315316a993462b898339a1874a83f2825c9a1b6ff87072390d28,False,removal2,87a124c55b0cb1db8c523ef6feba11ea6115778b681a3539d36d00b7a0557740
R206,solomon_txt,c8754a0319264d076c038b1bf023c8c4710e8895fe3e03f485e9ae249f32fe43,0,1,ok,True,3,1533607,1533.607,0.183609,0.500447,0,time_limit,solomon_exact_1000_v1,missing,,,,,0.5,,100,2,25,fb89464a08a8315316a993462b898339a1874a83f2825c9a1b6ff87072390d28,False,removal2,87a124c55b0cb1db8c523ef6feba11ea6115778b681a3539d36d00b7a0557740
R206,solomon_txt,c8754a0319264d076c038b1bf023c8c4710e8895fe3e03f485e9ae249f32fe43,1,1,ok,True,3,1533607,1533.607,0.183049,0.500436,0,time_limit,solomon_exact_1000_v1,missing,,,,,0.5,,100,2,25,fb89464a08a8315316a993462b898339a1874a83f2825c9a1b6ff87072390d28,False,removal2,87a124c55b0cb1db8c523ef6feba11ea6115778b681a3539d36d00b7a0557740
R206,solomon_txt,c8754a0319264d076c038b1bf023c8c4710e8895fe3e03f485e9ae249f32fe43,2,1,ok,True,3,1533607,1533.607,0.173102,0.500425,0,time_limit,solomon_exact_1000_v1,missing,,,,,0.5,,100,2,25,fb89464a08a8315316a993462b898339a1874a83f2825c9a1b6ff87072390d28,False,removal2,87a124c55b0cb1db8c523ef6feba11ea6115778b681a3539d36d00b7a0557740
R207,solomon_txt,52dc8eebba43fdc67ca9aadab228b75a297acb55a87db3e4748e82f623e3cbe6,0,1,ok,True,3,1157028,1157.028,0.211442,0.500416,0,time_limit,solomon_exact_1000_v1,missing,,,,,0.5,,100,2,25,fb89464a08a8315316a993462b898339a1874a83f2825c9a1b6ff87072390d28,False,removal2,87a124c55b0cb1db8c523ef6feba11ea6115778b681a3539d36d00b7a0557740
R207,solomon_txt,52dc8eebba43fdc67ca9aadab228b75a297acb55a87db3e4748e82f623e3cbe6,1,1,ok,True,3,1090293,1090.293,0.203793,0.500468,0,time_limit,solomon_exact_1000_v1,missing,,,,,0.5,,100,2,25,fb89464a08a8315316a993462b898339a1874a83f2825c9a1b6ff87072390d28,False,removal2,87a124c55b0cb1db8c523ef6feba11ea6115778b681a3539d36d00b7a0557740
R207,solomon_txt,52dc8eebba43fdc67ca9aadab228b75a297acb55a87db3e4748e82f623e3cbe6,2,1,ok,True,3,1035524,1035.524,0.205117,0.500643,0,time_limit,solomon_exact_1000_v1,missing,,,,,0.5,,100,2,25,fb89464a08a8315316a993462b898339a1874a83f2825c9a1b6ff87072390d28,False,removal2,87a124c55b0cb1db8c523ef6feba11ea6115778b681a3539d36d00b7a0557740
R208,solomon_txt,7b4a95d500af9329dd08791d39898a619faec0f8fac039d57373e761545b980d,0,1,ok,True,3,957965,957.965,0.320313,0.500621,0,time_limit,solomon_exact_1000_v1,missing,,,,,0.5,,100,2,25,fb89464a08a8315316a993462b898339a1874a83f2825c9a1b6ff87072390d28,False,removal2,87a124c55b0cb1db8c523ef6feba11ea6115778b681a3539d36d00b7a0557740
R208,solomon_txt,7b4a95d500af9329dd08791d39898a619faec0f8fac039d57373e761545b980d,1,1,ok,True,3,957965,957.965,0.354569,0.500612,0,time_limit,solomon_exact_1000_v1,missing,,,,,0.5,,100,2,25,fb89464a08a8315316a993462b898339a1874a83f2825c9a1b6ff87072390d28,False,removal2,87a124c55b0cb1db8c523ef6feba11ea6115778b681a3539d36d00b7a0557740
R208,solomon_txt,7b4a95d500af9329dd08791d39898a619faec0f8fac039d57373e761545b980d,2,1,ok,True,3,957965,957.965,0.333266,0.500619,0,time_limit,solomon_exact_1000_v1,missing,,,,,0.5,,100,2,25,fb89464a08a8315316a993462b898339a1874a83f2825c9a1b6ff87072390d28,False,removal2,87a124c55b0cb1db8c523ef6feba11ea6115778b681a3539d36d00b7a0557740
R209,solomon_txt,5b74156d032babcff853ccc693f94463eca8333cd425aa99a39ed996f6258933,0,1,ok,True,4,1712415,1712.415,0.234871,0.500591,0,time_limit,solomon_exact_1000_v1,missing,,,,,0.5,,100,2,25,fb89464a08a8315316a993462b898339a1874a83f2825c9a1b6ff87072390d28,False,removal2,87a124c55b0cb1db8c523ef6feba11ea6115778b681a3539d36d00b7a0557740
R209,solomon_txt,5b74156d032babcff853ccc693f94463eca8333cd425aa99a39ed996f6258933,1,1,ok,True,3,1303297,1303.297,0.226651,0.500524,0,time_limit,solomon_exact_1000_v1,missing,,,,,0.5,,100,2,25,fb89464a08a8315316a993462b898339a1874a83f2825c9a1b6ff87072390d28,False,removal2,87a124c55b0cb1db8c523ef6feba11ea6115778b681a3539d36d00b7a0557740
R209,solomon_txt,5b74156d032babcff853ccc693f94463eca8333cd425aa99a39ed996f6258933,2,1,ok,True,4,1712415,1712.415,0.225423,0.500604,0,time_limit,solomon_exact_1000_v1,missing,,,,,0.5,,100,2,25,fb89464a08a8315316a993462b898339a1874a83f2825c9a1b6ff87072390d28,False,removal2,87a124c55b0cb1db8c523ef6feba11ea6115778b681a3539d36d00b7a0557740
R210,solomon_txt,4e5772f109fb6183e6a648d6a1edaba3435438c2dc11c42da370fecf7bdf3a14,0,1,ok,True,3,1443660,1443.66,0.260145,0.500639,0,time_limit,solomon_exact_1000_v1,missing,,,,,0.5,,100,2,25,fb89464a08a8315316a993462b898339a1874a83f2825c9a1b6ff87072390d28,False,removal2,87a124c55b0cb1db8c523ef6feba11ea6115778b681a3539d36d00b7a0557740
R210,solomon_txt,4e5772f109fb6183e6a648d6a1edaba3435438c2dc11c42da370fecf7bdf3a14,1,1,ok,True,3,1443660,1443.66,0.251056,0.500656,0,time_limit,solomon_exact_1000_v1,missing,,,,,0.5,,100,2,25,fb89464a08a8315316a993462b898339a1874a83f2825c9a1b6ff87072390d28,False,removal2,87a124c55b0cb1db8c523ef6feba11ea6115778b681a3539d36d00b7a0557740
R210,solomon_txt,4e5772f109fb6183e6a648d6a1edaba3435438c2dc11c42da370fecf7bdf3a14,2,1,ok,True,3,1443660,1443.66,0.298396,0.501047,0,time_limit,solomon_exact_1000_v1,missing,,,,,0.5,,100,2,25,fb89464a08a8315316a993462b898339a1874a83f2825c9a1b6ff87072390d28,False,removal2,87a124c55b0cb1db8c523ef6feba11ea6115778b681a3539d36d00b7a0557740
R211,solomon_txt,2965507e467a2f92acd59035975910e36ae11e4f49590d4c7d20a883939227ad,0,1,ok,True,3,1516434,1516.434,0.358184,0.500631,0,time_limit,solomon_exact_1000_v1,missing,,,,,0.5,,100,2,25,fb89464a08a8315316a993462b898339a1874a83f2825c9a1b6ff87072390d28,False,removal2,87a124c55b0cb1db8c523ef6feba11ea6115778b681a3539d36d00b7a0557740
R211,solomon_txt,2965507e467a2f92acd59035975910e36ae11e4f49590d4c7d20a883939227ad,1,1,ok,True,3,1516434,1516.434,0.292292,0.500648,0,time_limit,solomon_exact_1000_v1,missing,,,,,0.5,,100,2,25,fb89464a08a8315316a993462b898339a1874a83f2825c9a1b6ff87072390d28,False,removal2,87a124c55b0cb1db8c523ef6feba11ea6115778b681a3539d36d00b7a0557740
R211,solomon_txt,2965507e467a2f92acd59035975910e36ae11e4f49590d4c7d20a883939227ad,2,1,ok,True,3,1516434,1516.434,0.28922,0.500654,0,time_limit,solomon_exact_1000_v1,missing,,,,,0.5,,100,2,25,fb89464a08a8315316a993462b898339a1874a83f2825c9a1b6ff87072390d28,False,removal2,87a124c55b0cb1db8c523ef6feba11ea6115778b681a3539d36d00b7a0557740
RC101,solomon_txt,ef6893ffd9746ad96de8e4da6e64e2c4ba6e08a1c7eb9457276a9f1caf01ca12,0,1,ok,True,19,2031958,2031.958,0.096257,0.500684,0,time_limit,solomon_exact_1000_v1,missing,,,,,0.5,,100,2,25,fb89464a08a8315316a993462b898339a1874a83f2825c9a1b6ff87072390d28,False,removal2,87a124c55b0cb1db8c523ef6feba11ea6115778b681a3539d36d00b7a0557740
RC101,solomon_txt,ef6893ffd9746ad96de8e4da6e64e2c4ba6e08a1c7eb9457276a9f1caf01ca12,1,1,ok,True,19,1995564,1995.564,0.092007,0.500606,0,time_limit,solomon_exact_1000_v1,missing,,,,,0.5,,100,2,25,fb89464a08a8315316a993462b898339a1874a83f2825c9a1b6ff87072390d28,False,removal2,87a124c55b0cb1db8c523ef6feba11ea6115778b681a3539d36d00b7a0557740
RC101,solomon_txt,ef6893ffd9746ad96de8e4da6e64e2c4ba6e08a1c7eb9457276a9f1caf01ca12,2,1,ok,True,19,2034803,2034.803,0.083209,0.500699,0,time_limit,solomon_exact_1000_v1,missing,,,,,0.5,,100,2,25,fb89464a08a8315316a993462b898339a1874a83f2825c9a1b6ff87072390d28,False,removal2,87a124c55b0cb1db8c523ef6feba11ea6115778b681a3539d36d00b7a0557740
RC102,solomon_txt,36acd349d34a577c7fadd61f78517c2cb74bd06a490273800c288f341e5785a4,0,1,ok,True,17,1870139,1870.139,0.091327,0.500626,0,time_limit,solomon_exact_1000_v1,missing,,,,,0.5,,100,2,25,fb89464a08a8315316a993462b898339a1874a83f2825c9a1b6ff87072390d28,False,removal2,87a124c55b0cb1db8c523ef6feba11ea6115778b681a3539d36d00b7a0557740
RC102,solomon_txt,36acd349d34a577c7fadd61f78517c2cb74bd06a490273800c288f341e5785a4,1,1,ok,True,15,1834933,1834.933,0.087014,0.500622,0,time_limit,solomon_exact_1000_v1,missing,,,,,0.5,,100,2,25,fb89464a08a8315316a993462b898339a1874a83f2825c9a1b6ff87072390d28,False,removal2,87a124c55b0cb1db8c523ef6feba11ea6115778b681a3539d36d00b7a0557740
RC102,solomon_txt,36acd349d34a577c7fadd61f78517c2cb74bd06a490273800c288f341e5785a4,2,1,ok,True,17,1870139,1870.139,0.086829,0.50095,0,time_limit,solomon_exact_1000_v1,missing,,,,,0.5,,100,2,25,fb89464a08a8315316a993462b898339a1874a83f2825c9a1b6ff87072390d28,False,removal2,87a124c55b0cb1db8c523ef6feba11ea6115778b681a3539d36d00b7a0557740
RC103,solomon_txt,00f384138274d5d2bff5c41601db17cc4ad0cfc6315c27e223d4477bf435cc2d,0,1,ok,True,13,1952068,1952.068,0.09845,0.500583,0,time_limit,solomon_exact_1000_v1,missing,,,,,0.5,,100,2,25,fb89464a08a8315316a993462b898339a1874a83f2825c9a1b6ff87072390d28,False,removal2,87a124c55b0cb1db8c523ef6feba11ea6115778b681a3539d36d00b7a0557740
RC103,solomon_txt,00f384138274d5d2bff5c41601db17cc4ad0cfc6315c27e223d4477bf435cc2d,1,1,ok,True,12,1731095,1731.095,0.098473,0.500671,0,time_limit,solomon_exact_1000_v1,missing,,,,,0.5,,100,2,25,fb89464a08a8315316a993462b898339a1874a83f2825c9a1b6ff87072390d28,False,removal2,87a124c55b0cb1db8c523ef6feba11ea6115778b681a3539d36d00b7a0557740
RC103,solomon_txt,00f384138274d5d2bff5c41601db17cc4ad0cfc6315c27e223d4477bf435cc2d,2,1,ok,True,13,1952068,1952.068,0.09695,0.5006,0,time_limit,solomon_exact_1000_v1,missing,,,,,0.5,,100,2,25,fb89464a08a8315316a993462b898339a1874a83f2825c9a1b6ff87072390d28,False,removal2,87a124c55b0cb1db8c523ef6feba11ea6115778b681a3539d36d00b7a0557740
RC104,solomon_txt,d150b2d61049a488fb89a2320c197d81a7ef9a1864abbbaea1d13a2b451253ee,0,1,ok,True,12,1624060,1624.06,0.097932,0.500605,0,time_limit,solomon_exact_1000_v1,missing,,,,,0.5,,100,2,25,fb89464a08a8315316a993462b898339a1874a83f2825c9a1b6ff87072390d28,False,removal2,87a124c55b0cb1db8c523ef6feba11ea6115778b681a3539d36d00b7a0557740
RC104,solomon_txt,d150b2d61049a488fb89a2320c197d81a7ef9a1864abbbaea1d13a2b451253ee,1,1,ok,True,12,1626992,1626.992,0.106395,0.501141,0,time_limit,solomon_exact_1000_v1,missing,,,,,0.5,,100,2,25,fb89464a08a8315316a993462b898339a1874a83f2825c9a1b6ff87072390d28,False,removal2,87a124c55b0cb1db8c523ef6feba11ea6115778b681a3539d36d00b7a0557740
RC104,solomon_txt,d150b2d61049a488fb89a2320c197d81a7ef9a1864abbbaea1d13a2b451253ee,2,1,ok,True,12,1325631,1325.631,0.099337,0.50058,0,time_limit,solomon_exact_1000_v1,missing,,,,,0.5,,100,2,25,fb89464a08a8315316a993462b898339a1874a83f2825c9a1b6ff87072390d28,False,removal2,87a124c55b0cb1db8c523ef6feba11ea6115778b681a3539d36d00b7a0557740
RC105,solomon_txt,b9e912625c1ed80d2f565e0799ade2f4b17bf4f95056322ca23f1a21b37e7a49,0,1,ok,True,17,2128736,2128.736,0.086149,0.501183,0,time_limit,solomon_exact_1000_v1,missing,,,,,0.5,,100,2,25,fb89464a08a8315316a993462b898339a1874a83f2825c9a1b6ff87072390d28,False,removal2,87a124c55b0cb1db8c523ef6feba11ea6115778b681a3539d36d00b7a0557740
RC105,solomon_txt,b9e912625c1ed80d2f565e0799ade2f4b17bf4f95056322ca23f1a21b37e7a49,1,1,ok,True,17,2128736,2128.736,0.10041,0.500632,0,time_limit,solomon_exact_1000_v1,missing,,,,,0.5,,100,2,25,fb89464a08a8315316a993462b898339a1874a83f2825c9a1b6ff87072390d28,False,removal2,87a124c55b0cb1db8c523ef6feba11ea6115778b681a3539d36d00b7a0557740
RC105,solomon_txt,b9e912625c1ed80d2f565e0799ade2f4b17bf4f95056322ca23f1a21b37e7a49,2,1,ok,True,16,1901679,1901.679,0.086727,0.500659,0,time_limit,solomon_exact_1000_v1,missing,,,,,0.5,,100,2,25,fb89464a08a8315316a993462b898339a1874a83f2825c9a1b6ff87072390d28,False,removal2,87a124c55b0cb1db8c523ef6feba11ea6115778b681a3539d36d00b7a0557740
RC106,solomon_txt,bf016ffc567af2d108570357daf1d0cabb7f680c0bd977d2e4366787683fdbaf,0,1,ok,True,15,2118036,2118.036,0.084756,0.500662,0,time_limit,solomon_exact_1000_v1,missing,,,,,0.5,,100,2,25,fb89464a08a8315316a993462b898339a1874a83f2825c9a1b6ff87072390d28,False,removal2,87a124c55b0cb1db8c523ef6feba11ea6115778b681a3539d36d00b7a0557740
RC106,solomon_txt,bf016ffc567af2d108570357daf1d0cabb7f680c0bd977d2e4366787683fdbaf,1,1,ok,True,16,1808646,1808.646,0.089564,0.500616,0,time_limit,solomon_exact_1000_v1,missing,,,,,0.5,,100,2,25,fb89464a08a8315316a993462b898339a1874a83f2825c9a1b6ff87072390d28,False,removal2,87a124c55b0cb1db8c523ef6feba11ea6115778b681a3539d36d00b7a0557740
RC106,solomon_txt,bf016ffc567af2d108570357daf1d0cabb7f680c0bd977d2e4366787683fdbaf,2,1,ok,True,16,1823605,1823.605,0.083575,0.500624,0,time_limit,solomon_exact_1000_v1,missing,,,,,0.5,,100,2,25,fb89464a08a8315316a993462b898339a1874a83f2825c9a1b6ff87072390d28,False,removal2,87a124c55b0cb1db8c523ef6feba11ea6115778b681a3539d36d00b7a0557740
RC107,solomon_txt,fff3fd68d110671ed442575f07cc547291586f30b00c5f73934d521d31311582,0,1,ok,True,14,1714626,1714.626,0.106838,0.500632,0,time_limit,solomon_exact_1000_v1,missing,,,,,0.5,,100,2,25,fb89464a08a8315316a993462b898339a1874a83f2825c9a1b6ff87072390d28,False,removal2,87a124c55b0cb1db8c523ef6feba11ea6115778b681a3539d36d00b7a0557740
RC107,solomon_txt,fff3fd68d110671ed442575f07cc547291586f30b00c5f73934d521d31311582,1,1,ok,True,14,1926373,1926.373,0.088944,0.500794,0,time_limit,solomon_exact_1000_v1,missing,,,,,0.5,,100,2,25,fb89464a08a8315316a993462b898339a1874a83f2825c9a1b6ff87072390d28,False,removal2,87a124c55b0cb1db8c523ef6feba11ea6115778b681a3539d36d00b7a0557740
RC107,solomon_txt,fff3fd68d110671ed442575f07cc547291586f30b00c5f73934d521d31311582,2,1,ok,True,15,2052187,2052.187,0.088573,0.500608,0,time_limit,solomon_exact_1000_v1,missing,,,,,0.5,,100,2,25,fb89464a08a8315316a993462b898339a1874a83f2825c9a1b6ff87072390d28,False,removal2,87a124c55b0cb1db8c523ef6feba11ea6115778b681a3539d36d00b7a0557740
RC108,solomon_txt,006bc8817bf09f9a8c66af8d6f088bdec239b2eb435556e9d11193cf456f7aeb,0,1,ok,True,14,1940059,1940.059,0.093471,0.500619,0,time_limit,solomon_exact_1000_v1,missing,,,,,0.5,,100,2,25,fb89464a08a8315316a993462b898339a1874a83f2825c9a1b6ff87072390d28,False,removal2,87a124c55b0cb1db8c523ef6feba11ea6115778b681a3539d36d00b7a0557740
RC108,solomon_txt,006bc8817bf09f9a8c66af8d6f088bdec239b2eb435556e9d11193cf456f7aeb,1,1,ok,True,14,1606564,1606.564,0.091417,0.500591,0,time_limit,solomon_exact_1000_v1,missing,,,,,0.5,,100,2,25,fb89464a08a8315316a993462b898339a1874a83f2825c9a1b6ff87072390d28,False,removal2,87a124c55b0cb1db8c523ef6feba11ea6115778b681a3539d36d00b7a0557740
RC108,solomon_txt,006bc8817bf09f9a8c66af8d6f088bdec239b2eb435556e9d11193cf456f7aeb,2,1,ok,True,14,1711462,1711.462,0.095672,0.500619,0,time_limit,solomon_exact_1000_v1,missing,,,,,0.5,,100,2,25,fb89464a08a8315316a993462b898339a1874a83f2825c9a1b6ff87072390d28,False,removal2,87a124c55b0cb1db8c523ef6feba11ea6115778b681a3539d36d00b7a0557740
RC201,solomon_txt,288836e2d8c2ace83ebbff77e03ac8cdffc574fc134cade21ef92713f8c52d44,0,1,ok,True,5,2429811,2429.811,0.18368,0.500569,0,time_limit,solomon_exact_1000_v1,missing,,,,,0.5,,100,2,25,fb89464a08a8315316a993462b898339a1874a83f2825c9a1b6ff87072390d28,False,removal2,87a124c55b0cb1db8c523ef6feba11ea6115778b681a3539d36d00b7a0557740
RC201,solomon_txt,288836e2d8c2ace83ebbff77e03ac8cdffc574fc134cade21ef92713f8c52d44,1,1,ok,True,4,1837909,1837.909,0.183882,0.500543,0,time_limit,solomon_exact_1000_v1,missing,,,,,0.5,,100,2,25,fb89464a08a8315316a993462b898339a1874a83f2825c9a1b6ff87072390d28,False,removal2,87a124c55b0cb1db8c523ef6feba11ea6115778b681a3539d36d00b7a0557740
RC201,solomon_txt,288836e2d8c2ace83ebbff77e03ac8cdffc574fc134cade21ef92713f8c52d44,2,1,ok,True,5,2429811,2429.811,0.18474,0.500592,0,time_limit,solomon_exact_1000_v1,missing,,,,,0.5,,100,2,25,fb89464a08a8315316a993462b898339a1874a83f2825c9a1b6ff87072390d28,False,removal2,87a124c55b0cb1db8c523ef6feba11ea6115778b681a3539d36d00b7a0557740
RC202,solomon_txt,5a1dee2017ab0ca4fe280b392678c96e8b5bc71f22d02c8058fbde7c4cfebcf4,0,1,ok,True,4,1920411,1920.411,0.186688,0.500594,0,time_limit,solomon_exact_1000_v1,missing,,,,,0.5,,100,2,25,fb89464a08a8315316a993462b898339a1874a83f2825c9a1b6ff87072390d28,False,removal2,87a124c55b0cb1db8c523ef6feba11ea6115778b681a3539d36d00b7a0557740
RC202,solomon_txt,5a1dee2017ab0ca4fe280b392678c96e8b5bc71f22d02c8058fbde7c4cfebcf4,1,1,ok,True,4,1818035,1818.035,0.173797,0.500558,0,time_limit,solomon_exact_1000_v1,missing,,,,,0.5,,100,2,25,fb89464a08a8315316a993462b898339a1874a83f2825c9a1b6ff87072390d28,False,removal2,87a124c55b0cb1db8c523ef6feba11ea6115778b681a3539d36d00b7a0557740
RC202,solomon_txt,5a1dee2017ab0ca4fe280b392678c96e8b5bc71f22d02c8058fbde7c4cfebcf4,2,1,ok,True,4,1619243,1619.243,0.174128,0.500567,0,time_limit,solomon_exact_1000_v1,missing,,,,,0.5,,100,2,25,fb89464a08a8315316a993462b898339a1874a83f2825c9a1b6ff87072390d28,False,removal2,87a124c55b0cb1db8c523ef6feba11ea6115778b681a3539d36d00b7a0557740
RC203,solomon_txt,4adcb362c23df91f14b828d4964e9383ffb02ee74217afc2d84571f83ed91f8b,0,1,ok,True,4,1158154,1158.154,0.182506,0.500592,0,time_limit,solomon_exact_1000_v1,missing,,,,,0.5,,100,2,25,fb89464a08a8315316a993462b898339a1874a83f2825c9a1b6ff87072390d28,False,removal2,87a124c55b0cb1db8c523ef6feba11ea6115778b681a3539d36d00b7a0557740
RC203,solomon_txt,4adcb362c23df91f14b828d4964e9383ffb02ee74217afc2d84571f83ed91f8b,1,1,ok,True,4,1303205,1303.205,0.183104,0.500607,0,time_limit,solomon_exact_1000_v1,missing,,,,,0.5,,100,2,25,fb89464a08a8315316a993462b898339a1874a83f2825c9a1b6ff87072390d28,False,removal2,87a124c55b0cb1db8c523ef6feba11ea6115778b681a3539d36d00b7a0557740
RC203,solomon_txt,4adcb362c23df91f14b828d4964e9383ffb02ee74217afc2d84571f83ed91f8b,2,1,ok,True,4,1061047,1061.047,0.182597,0.500612,0,time_limit,solomon_exact_1000_v1,missing,,,,,0.5,,100,2,25,fb89464a08a8315316a993462b898339a1874a83f2825c9a1b6ff87072390d28,False,removal2,87a124c55b0cb1db8c523ef6feba11ea6115778b681a3539d36d00b7a0557740
RC204,solomon_txt,11e827eab51a959ebab66344e7b7cfd1aeed895287653b36a72c86a4440ecd77,0,1,ok,True,3,1500593,1500.593,0.271673,0.500578,0,time_limit,solomon_exact_1000_v1,missing,,,,,0.5,,100,2,25,fb89464a08a8315316a993462b898339a1874a83f2825c9a1b6ff87072390d28,False,removal2,87a124c55b0cb1db8c523ef6feba11ea6115778b681a3539d36d00b7a0557740
RC204,solomon_txt,11e827eab51a959ebab66344e7b7cfd1aeed895287653b36a72c86a4440ecd77,1,1,ok,True,3,1500593,1500.593,0.271135,0.500678,0,time_limit,solomon_exact_1000_v1,missing,,,,,0.5,,100,2,25,fb89464a08a8315316a993462b898339a1874a83f2825c9a1b6ff87072390d28,False,removal2,87a124c55b0cb1db8c523ef6feba11ea6115778b681a3539d36d00b7a0557740
RC204,solomon_txt,11e827eab51a959ebab66344e7b7cfd1aeed895287653b36a72c86a4440ecd77,2,1,ok,True,3,1500593,1500.593,0.275731,0.500599,0,time_limit,solomon_exact_1000_v1,missing,,,,,0.5,,100,2,25,fb89464a08a8315316a993462b898339a1874a83f2825c9a1b6ff87072390d28,False,removal2,87a124c55b0cb1db8c523ef6feba11ea6115778b681a3539d36d00b7a0557740
RC205,solomon_txt,c061d306cf42310b0f3ca15612089f6c5a8d5604c0733bf26852477c787662c9,0,1,ok,True,4,1960553,1960.553,0.198068,0.500559,0,time_limit,solomon_exact_1000_v1,missing,,,,,0.5,,100,2,25,fb89464a08a8315316a993462b898339a1874a83f2825c9a1b6ff87072390d28,False,removal2,87a124c55b0cb1db8c523ef6feba11ea6115778b681a3539d36d00b7a0557740
RC205,solomon_txt,c061d306cf42310b0f3ca15612089f6c5a8d5604c0733bf26852477c787662c9,1,1,ok,True,5,2063021,2063.021,0.19911,0.500567,0,time_limit,solomon_exact_1000_v1,missing,,,,,0.5,,100,2,25,fb89464a08a8315316a993462b898339a1874a83f2825c9a1b6ff87072390d28,False,removal2,87a124c55b0cb1db8c523ef6feba11ea6115778b681a3539d36d00b7a0557740
RC205,solomon_txt,c061d306cf42310b0f3ca15612089f6c5a8d5604c0733bf26852477c787662c9,2,1,ok,True,5,2063021,2063.021,0.199796,0.500594,0,time_limit,solomon_exact_1000_v1,missing,,,,,0.5,,100,2,25,fb89464a08a8315316a993462b898339a1874a83f2825c9a1b6ff87072390d28,False,removal2,87a124c55b0cb1db8c523ef6feba11ea6115778b681a3539d36d00b7a0557740
RC206,solomon_txt,5203aecf67c84df49e152645312a837ffefde529314ff892ca061538816e43a9,0,1,ok,True,4,2080287,2080.287,0.21072,0.500618,0,time_limit,solomon_exact_1000_v1,missing,,,,,0.5,,100,2,25,fb89464a08a8315316a993462b898339a1874a83f2825c9a1b6ff87072390d28,False,removal2,87a124c55b0cb1db8c523ef6feba11ea6115778b681a3539d36d00b7a0557740
RC206,solomon_txt,5203aecf67c84df49e152645312a837ffefde529314ff892ca061538816e43a9,1,1,ok,True,4,1771858,1771.858,0.191507,0.500603,0,time_limit,solomon_exact_1000_v1,missing,,,,,0.5,,100,2,25,fb89464a08a8315316a993462b898339a1874a83f2825c9a1b6ff87072390d28,False,removal2,87a124c55b0cb1db8c523ef6feba11ea6115778b681a3539d36d00b7a0557740
RC206,solomon_txt,5203aecf67c84df49e152645312a837ffefde529314ff892ca061538816e43a9,2,1,ok,True,4,1732495,1732.495,0.206445,0.500607,0,time_limit,solomon_exact_1000_v1,missing,,,,,0.5,,100,2,25,fb89464a08a8315316a993462b898339a1874a83f2825c9a1b6ff87072390d28,False,removal2,87a124c55b0cb1db8c523ef6feba11ea6115778b681a3539d36d00b7a0557740
RC207,solomon_txt,5cab65f99b350cdb8fb1c4d0a12dde85eb4ff6a6d6daf292b182cb73de9a8b63,0,1,ok,True,4,1907431,1907.431,0.215031,0.500621,0,time_limit,solomon_exact_1000_v1,missing,,,,,0.5,,100,2,25,fb89464a08a8315316a993462b898339a1874a83f2825c9a1b6ff87072390d28,False,removal2,87a124c55b0cb1db8c523ef6feba11ea6115778b681a3539d36d00b7a0557740
RC207,solomon_txt,5cab65f99b350cdb8fb1c4d0a12dde85eb4ff6a6d6daf292b182cb73de9a8b63,1,1,ok,True,4,1907431,1907.431,0.214849,0.500573,0,time_limit,solomon_exact_1000_v1,missing,,,,,0.5,,100,2,25,fb89464a08a8315316a993462b898339a1874a83f2825c9a1b6ff87072390d28,False,removal2,87a124c55b0cb1db8c523ef6feba11ea6115778b681a3539d36d00b7a0557740
RC207,solomon_txt,5cab65f99b350cdb8fb1c4d0a12dde85eb4ff6a6d6daf292b182cb73de9a8b63,2,1,ok,True,4,1907431,1907.431,0.226908,0.500556,0,time_limit,solomon_exact_1000_v1,missing,,,,,0.5,,100,2,25,fb89464a08a8315316a993462b898339a1874a83f2825c9a1b6ff87072390d28,False,removal2,87a124c55b0cb1db8c523ef6feba11ea6115778b681a3539d36d00b7a0557740
RC208,solomon_txt,3d67d2a8e2758a324643f5d6c6ca87e8c56435273eaa04be33f213bb991f1f28,0,1,ok,True,3,1373172,1373.172,0.22091,0.500542,0,time_limit,solomon_exact_1000_v1,missing,,,,,0.5,,100,2,25,fb89464a08a8315316a993462b898339a1874a83f2825c9a1b6ff87072390d28,False,removal2,87a124c55b0cb1db8c523ef6feba11ea6115778b681a3539d36d00b7a0557740
RC208,solomon_txt,3d67d2a8e2758a324643f5d6c6ca87e8c56435273eaa04be33f213bb991f1f28,1,1,ok,True,4,1913075,1913.075,0.216527,0.500587,0,time_limit,solomon_exact_1000_v1,missing,,,,,0.5,,100,2,25,fb89464a08a8315316a993462b898339a1874a83f2825c9a1b6ff87072390d28,False,removal2,87a124c55b0cb1db8c523ef6feba11ea6115778b681a3539d36d00b7a0557740
RC208,solomon_txt,3d67d2a8e2758a324643f5d6c6ca87e8c56435273eaa04be33f213bb991f1f28,2,1,ok,True,4,1913075,1913.075,0.213022,0.500616,0,time_limit,solomon_exact_1000_v1,missing,,,,,0.5,,100,2,25,fb89464a08a8315316a993462b898339a1874a83f2825c9a1b6ff87072390d28,False,removal2,87a124c55b0cb1db8c523ef6feba11ea6115778b681a3539d36d00b7a0557740
C101,solomon_txt,a6da75152d182d60ecd2c6f854296f5be452f92282d096adebcf5d99a7f16516,0,1,ok,True,11,1015038,1015.038,0.120253,0.500572,0,time_limit,solomon_exact_1000_v1,different_vehicles,10,828.94,,,0.5,,100,2,25,fb89464a08a8315316a993462b898339a1874a83f2825c9a1b6ff87072390d28,False,restart5,2f49973e73781917e909ee5bb634874d062c82eed7e4418a0504f910149c2e25
C101,solomon_txt,a6da75152d182d60ecd2c6f854296f5be452f92282d096adebcf5d99a7f16516,1,1,ok,True,10,828937,828.937,0.100618,0.500686,1,time_limit,solomon_exact_1000_v1,same_vehicles,10,828.94,-0.0004,,0.5,,100,2,25,fb89464a08a8315316a993462b898339a1874a83f2825c9a1b6ff87072390d28,False,restart5,2f49973e73781917e909ee5bb634874d062c82eed7e4418a0504f910149c2e25
C101,solomon_txt,a6da75152d182d60ecd2c6f854296f5be452f92282d096adebcf5d99a7f16516,2,1,ok,True,10,828937,828.937,0.101073,0.500427,1,time_limit,solomon_exact_1000_v1,same_vehicles,10,828.94,-0.0004,,0.5,,100,2,25,fb89464a08a8315316a993462b898339a1874a83f2825c9a1b6ff87072390d28,False,restart5,2f49973e73781917e909ee5bb634874d062c82eed7e4418a0504f910149c2e25
C102,solomon_txt,f89a0e2a760cc7448a4ca72b88e5b29b94d64b5548f3320f42a6230025ead653,0,1,ok,True,10,1258583,1258.583,0.104012,0.500651,1,time_limit,solomon_exact_1000_v1,same_vehicles,10,828.94,51.8304,,0.5,,100,2,25,fb89464a08a8315316a993462b898339a1874a83f2825c9a1b6ff87072390d28,False,restart5,2f49973e73781917e909ee5bb634874d062c82eed7e4418a0504f910149c2e25
C102,solomon_txt,f89a0e2a760cc7448a4ca72b88e5b29b94d64b5548f3320f42a6230025ead653,1,1,ok,True,10,1258583,1258.583,0.108526,0.500667,1,time_limit,solomon_exact_1000_v1,same_vehicles,10,828.94,51.8304,,0.5,,100,2,25,fb89464a08a8315316a993462b898339a1874a83f2825c9a1b6ff87072390d28,False,restart5,2f49973e73781917e909ee5bb634874d062c82eed7e4418a0504f910149c2e25
C102,solomon_txt,f89a0e2a760cc7448a4ca72b88e5b29b94d64b5548f3320f42a6230025ead653,2,1,ok,True,10,1258583,1258.583,0.104791,0.500613,1,time_limit,solomon_exact_1000_v1,same_vehicles,10,828.94,51.8304,,0.5,,100,2,25,fb89464a08a8315316a993462b898339a1874a83f2825c9a1b6ff87072390d28,False,restart5,2f49973e73781917e909ee5bb634874d062c82eed7e4418a0504f910149c2e25
C103,solomon_txt,a55cabf15e0da9d65696a5fb45c9852889479893f76f772a428ca15d1b415a51,0,1,ok,True,10,1812729,1812.729,0.111033,0.500579,2,time_limit,solomon_exact_1000_v1,same_vehicles,10,828.06,118.9128,,0.5,,100,2,25,fb89464a08a8315316a993462b898339a1874a83f2825c9a1b6ff87072390d28,False,restart5,2f49973e73781917e909ee5bb634874d062c82eed7e4418a0504f910149c2e25
C103,solomon_txt,a55cabf15e0da9d65696a5fb45c9852889479893f76f772a428ca15d1b415a51,1,1,ok,True,10,1812148,1812.148,0.124376,0.500637,5,time_limit,solomon_exact_1000_v1,same_vehicles,10,828.06,118.8426,,0.5,,100,2,25,fb89464a08a8315316a993462b898339a1874a83f2825c9a1b6ff87072390d28,False,restart5,2f49973e73781917e909ee5bb634874d062c82eed7e4418a0504f910149c2e25
C103,solomon_txt,a55cabf15e0da9d65696a5fb45c9852889479893f76f772a428ca15d1b415a51,2,1,ok,True,10,1821945,1821.945,0.117856,0.500612,4,time_limit,solomon_exact_1000_v1,same_vehicles,10,828.06,120.0257,,0.5,,100,2,25,fb89464a08a8315316a993462b898339a1874a83f2825c9a1b6ff87072390d28,False,restart5,2f49973e73781917e909ee5bb634874d062c82eed7e4418a0504f910149c2e25
C104,solomon_txt,fe333e81625ee5a75bb2ce98c2c9f356d07289237865b62a23ba2f32f0de5ee2,0,1,ok,True,10,1877310,1877.31,0.123039,0.500687,3,time_limit,solomon_exact_1000_v1,same_vehicles,10,824.78,127.6134,,0.5,,100,2,25,fb89464a08a8315316a993462b898339a1874a83f2825c9a1b6ff87072390d28,False,restart5,2f49973e73781917e909ee5bb634874d062c82eed7e4418a0504f910149c2e25
C104,solomon_txt,fe333e81625ee5a75bb2ce98c2c9f356d07289237865b62a23ba2f32f0de5ee2,1,1,ok,True,10,1948625,1948.625,0.120619,0.500637,3,time_limit,solomon_exact_1000_v1,same_vehicles,10,824.78,136.26,,0.5,,100,2,25,fb89464a08a8315316a993462b898339a1874a83f2825c9a1b6ff87072390d28,False,restart5,2f49973e73781917e909ee5bb634874d062c82eed7e4418a0504f910149c2e25
C104,solomon_txt,fe333e81625ee5a75bb2ce98c2c9f356d07289237865b62a23ba2f32f0de5ee2,2,1,ok,True,10,1892121,1892.121,0.120601,0.50067,3,time_limit,solomon_exact_1000_v1,same_vehicles,10,824.78,129.4092,,0.5,,100,2,25,fb89464a08a8315316a993462b898339a1874a83f2825c9a1b6ff87072390d28,False,restart5,2f49973e73781917e909ee5bb634874d062c82eed7e4418a0504f910149c2e25
C105,solomon_txt,9a877a3a6fb922e7ad9297cc0308bc8a5652cb1495a0228ee6b81b2d938aa29f,0,1,ok,True,11,1244285,1244.285,0.1001,0.500596,0,time_limit,solomon_exact_1000_v1,different_vehicles,10,828.94,,,0.5,,100,2,25,fb89464a08a8315316a993462b898339a1874a83f2825c9a1b6ff87072390d28,False,restart5,2f49973e73781917e909ee5bb634874d062c82eed7e4418a0504f910149c2e25
C105,solomon_txt,9a877a3a6fb922e7ad9297cc0308bc8a5652cb1495a0228ee6b81b2d938aa29f,1,1,ok,True,10,1039051,1039.051,0.100037,0.500572,1,time_limit,solomon_exact_1000_v1,same_vehicles,10,828.94,25.3469,,0.5,,100,2,25,fb89464a08a8315316a993462b898339a1874a83f2825c9a1b6ff87072390d28,False,restart5,2f49973e73781917e909ee5bb634874d062c82eed7e4418a0504f910149c2e25
C105,solomon_txt,9a877a3a6fb922e7ad9297cc0308bc8a5652cb1495a0228ee6b81b2d938aa29f,2,1,ok,True,10,1066901,1066.901,0.104426,0.500581,1,time_limit,solomon_exact_1000_v1,same_vehicles,10,828.94,28.7067,,0.5,,100,2,25,fb89464a08a8315316a993462b898339a1874a83f2825c9a1b6ff87072390d28,False,restart5,2f49973e73781917e909ee5bb634874d062c82eed7e4418a0504f910149c2e25
C106,solomon_txt,ec9b419bed53e9c607cce76e8c6bc59feb6e4d17646905601f008a4141ec7b40,0,1,ok,True,11,1084360,1084.36,0.096643,0.50057,0,time_limit,solomon_exact_1000_v1,different_vehicles,10,828.94,,,0.5,,100,2,25,fb89464a08a8315316a993462b898339a1874a83f2825c9a1b6ff87072390d28,False,restart5,2f49973e73781917e909ee5bb634874d062c82eed7e4418a0504f910149c2e25
C106,solomon_txt,ec9b419bed53e9c607cce76e8c6bc59feb6e4d17646905601f008a4141ec7b40,1,1,ok,True,10,1100696,1100.696,0.09584,0.500663,1,time_limit,solomon_exact_1000_v1,same_vehicles,10,828.94,32.7836,,0.5,,100,2,25,fb89464a08a8315316a993462b898339a1874a83f2825c9a1b6ff87072390d28,False,restart5,2f49973e73781917e909ee5bb634874d062c82eed7e4418a0504f910149c2e25
C106,solomon_txt,ec9b419bed53e9c607cce76e8c6bc59feb6e4d17646905601f008a4141ec7b40,2,1,ok,True,10,1084912,1084.912,0.095131,0.500611,1,time_limit,solomon_exact_1000_v1,same_vehicles,10,828.94,30.8794,,0.5,,100,2,25,fb89464a08a8315316a993462b898339a1874a83f2825c9a1b6ff87072390d28,False,restart5,2f49973e73781917e909ee5bb634874d062c82eed7e4418a0504f910149c2e25
C107,solomon_txt,cb3cdc10d812fa17370eb52cb753b6b0574426dc6fabeb8b9076ed750ddf05ca,0,1,ok,True,10,1037431,1037.431,0.105668,0.500865,1,time_limit,solomon_exact_1000_v1,same_vehicles,10,828.06,25.2845,,0.5,,100,2,25,fb89464a08a8315316a993462b898339a1874a83f2825c9a1b6ff87072390d28,False,restart5,2f49973e73781917e909ee5bb634874d062c82eed7e4418a0504f910149c2e25
C107,solomon_txt,cb3cdc10d812fa17370eb52cb753b6b0574426dc6fabeb8b9076ed750ddf05ca,1,1,ok,True,10,1119053,1119.053,0.103161,0.50062,1,time_limit,solomon_exact_1000_v1,same_vehicles,10,828.06,35.1415,,0.5,,100,2,25,fb89464a08a8315316a993462b898339a1874a83f2825c9a1b6ff87072390d28,False,restart5,2f49973e73781917e909ee5bb634874d062c82eed7e4418a0504f910149c2e25
C107,solomon_txt,cb3cdc10d812fa17370eb52cb753b6b0574426dc6fabeb8b9076ed750ddf05ca,2,1,ok,True,10,1087988,1087.988,0.107429,0.500575,1,time_limit,solomon_exact_1000_v1,same_vehicles,10,828.06,31.39,,0.5,,100,2,25,fb89464a08a8315316a993462b898339a1874a83f2825c9a1b6ff87072390d28,False,restart5,2f49973e73781917e909ee5bb634874d062c82eed7e4418a0504f910149c2e25
C108,solomon_txt,b8c7e48f292b66b283d8e71511e3a4eccaa4c4bc66b9313c399e73b0226f5953,0,1,ok,True,11,2132182,2132.182,0.099274,0.500613,0,time_limit,solomon_exact_1000_v1,different_vehicles,10,828.94,,,0.5,,100,2,25,fb89464a08a8315316a993462b898339a1874a83f2825c9a1b6ff87072390d28,False,restart5,2f49973e73781917e909ee5bb634874d062c82eed7e4418a0504f910149c2e25
C108,solomon_txt,b8c7e48f292b66b283d8e71511e3a4eccaa4c4bc66b9313c399e73b0226f5953,1,1,ok,True,10,1562897,1562.897,0.111182,0.500698,2,time_limit,solomon_exact_1000_v1,same_vehicles,10,828.94,88.5416,,0.5,,100,2,25,fb89464a08a8315316a993462b898339a1874a83f2825c9a1b6ff87072390d28,False,restart5,2f49973e73781917e909ee5bb634874d062c82eed7e4418a0504f910149c2e25
C108,solomon_txt,b8c7e48f292b66b283d8e71511e3a4eccaa4c4bc66b9313c399e73b0226f5953,2,1,ok,True,10,1419591,1419.591,0.10212,0.500619,2,time_limit,solomon_exact_1000_v1,same_vehicles,10,828.94,71.2538,,0.5,,100,2,25,fb89464a08a8315316a993462b898339a1874a83f2825c9a1b6ff87072390d28,False,restart5,2f49973e73781917e909ee5bb634874d062c82eed7e4418a0504f910149c2e25
C109,solomon_txt,72d8489e14bf1bb18456f0b21b01110506cbcc2354719dae8481b480150f142a,0,1,ok,True,10,1664883,1664.883,0.108858,0.500622,4,time_limit,solomon_exact_1000_v1,same_vehicles,10,828.94,100.8448,,0.5,,100,2,25,fb89464a08a8315316a993462b898339a1874a83f2825c9a1b6ff87072390d28,False,restart5,2f49973e73781917e909ee5bb634874d062c82eed7e4418a0504f910149c2e25
C109,solomon_txt,72d8489e14bf1bb18456f0b21b01110506cbcc2354719dae8481b480150f142a,1,1,ok,True,10,1613834,1613.834,0.108263,0.500879,4,time_limit,solomon_exact_1000_v1,same_vehicles,10,828.94,94.6865,,0.5,,100,2,25,fb89464a08a8315316a993462b898339a1874a83f2825c9a1b6ff87072390d28,False,restart5,2f49973e73781917e909ee5bb634874d062c82eed7e4418a0504f910149c2e25
C109,solomon_txt,72d8489e14bf1bb18456f0b21b01110506cbcc2354719dae8481b480150f142a,2,1,ok,True,10,1667547,1667.547,0.128621,0.500641,3,time_limit,solomon_exact_1000_v1,same_vehicles,10,828.94,101.1662,,0.5,,100,2,25,fb89464a08a8315316a993462b898339a1874a83f2825c9a1b6ff87072390d28,False,restart5,2f49973e73781917e909ee5bb634874d062c82eed7e4418a0504f910149c2e25
C201,solomon_txt,d8d9834087ae2326fa23a8510533060233dc9fb481873be60956eb26a880ad63,0,1,ok,True,3,704252,704.252,0.268734,0.50073,1,time_limit,solomon_exact_1000_v1,same_vehicles,3,591.56,19.05,,0.5,,100,2,25,fb89464a08a8315316a993462b898339a1874a83f2825c9a1b6ff87072390d28,False,restart5,2f49973e73781917e909ee5bb634874d062c82eed7e4418a0504f910149c2e25
C201,solomon_txt,d8d9834087ae2326fa23a8510533060233dc9fb481873be60956eb26a880ad63,1,1,ok,True,3,704252,704.252,0.270157,0.500631,1,time_limit,solomon_exact_1000_v1,same_vehicles,3,591.56,19.05,,0.5,,100,2,25,fb89464a08a8315316a993462b898339a1874a83f2825c9a1b6ff87072390d28,False,restart5,2f49973e73781917e909ee5bb634874d062c82eed7e4418a0504f910149c2e25
C201,solomon_txt,d8d9834087ae2326fa23a8510533060233dc9fb481873be60956eb26a880ad63,2,1,ok,True,3,704252,704.252,0.261167,0.500743,1,time_limit,solomon_exact_1000_v1,same_vehicles,3,591.56,19.05,,0.5,,100,2,25,fb89464a08a8315316a993462b898339a1874a83f2825c9a1b6ff87072390d28,False,restart5,2f49973e73781917e909ee5bb634874d062c82eed7e4418a0504f910149c2e25
C202,solomon_txt,dfc8ecad79f6c7ffb096cd36994143569f0babe284d5ad194683271d81063772,0,1,ok,True,3,749519,749.519,0.249538,0.50063,1,time_limit,solomon_exact_1000_v1,same_vehicles,3,591.56,26.7021,,0.5,,100,2,25,fb89464a08a8315316a993462b898339a1874a83f2825c9a1b6ff87072390d28,False,restart5,2f49973e73781917e909ee5bb634874d062c82eed7e4418a0504f910149c2e25
C202,solomon_txt,dfc8ecad79f6c7ffb096cd36994143569f0babe284d5ad194683271d81063772,1,1,ok,True,3,746236,746.236,0.252654,0.500766,1,time_limit,solomon_exact_1000_v1,same_vehicles,3,591.56,26.1471,,0.5,,100,2,25,fb89464a08a8315316a993462b898339a1874a83f2825c9a1b6ff87072390d28,False,restart5,2f49973e73781917e909ee5bb634874d062c82eed7e4418a0504f910149c2e25
C202,solomon_txt,dfc8ecad79f6c7ffb096cd36994143569f0babe284d5ad194683271d81063772,2,1,ok,True,3,746236,746.236,0.259433,0.500668,1,time_limit,solomon_exact_1000_v1,same_vehicles,3,591.56,26.1471,,0.5,,100,2,25,fb89464a08a8315316a993462b898339a1874a83f2825c9a1b6ff87072390d28,False,restart5,2f49973e73781917e909ee5bb634874d062c82eed7e4418a0504f910149c2e25
C203,solomon_txt,2b79eea2962a848cb29f6153d4fb4ae725d35507686d937da6643b33fcd85062,0,1,ok,True,3,690753,690.753,0.242137,0.500334,1,time_limit,solomon_exact_1000_v1,same_vehicles,3,591.17,16.8451,,0.5,,100,2,25,fb89464a08a8315316a993462b898339a1874a83f2825c9a1b6ff87072390d28,False,restart5,2f49973e73781917e909ee5bb634874d062c82eed7e4418a0504f910149c2e25
C203,solomon_txt,2b79eea2962a848cb29f6153d4fb4ae725d35507686d937da6643b33fcd85062,1,1,ok,True,3,765859,765.859,0.234878,0.500523,1,time_limit,solomon_exact_1000_v1,same_vehicles,3,591.17,29.5497,,0.5,,100,2,25,fb89464a08a8315316a993462b898339a1874a83f2825c9a1b6ff87072390d28,False,restart5,2f49973e73781917e909ee5bb634874d062c82eed7e4418a0504f910149c2e25
C203,solomon_txt,2b79eea2962a848cb29f6153d4fb4ae725d35507686d937da6643b33fcd85062,2,1,ok,True,3,695185,695.185,0.239928,0.500611,1,time_limit,solomon_exact_1000_v1,same_vehicles,3,591.17,17.5948,,0.5,,100,2,25,fb89464a08a8315316a993462b898339a1874a83f2825c9a1b6ff87072390d28,False,restart5,2f49973e73781917e909ee5bb634874d062c82eed7e4418a0504f910149c2e25
C204,solomon_txt,4331b2744d34e32c2987e3fe8a82b782a2039d757d2aac818f7e0fd21117bfb4,0,1,ok,True,3,965970,965.97,0.265536,0.500284,1,time_limit,solomon_exact_1000_v1,same_vehicles,3,590.6,63.5574,,0.5,,100,2,25,fb89464a08a8315316a993462b898339a1874a83f2825c9a1b6ff87072390d28,False,restart5,2f49973e73781917e909ee5bb634874d062c82eed7e4418a0504f910149c2e25
C204,solomon_txt,4331b2744d34e32c2987e3fe8a82b782a2039d757d2aac818f7e0fd21117bfb4,1,1,ok,True,3,780549,780.549,0.257868,0.500627,1,time_limit,solomon_exact_1000_v1,same_vehicles,3,590.6,32.162,,0.5,,100,2,25,fb89464a08a8315316a993462b898339a1874a83f2825c9a1b6ff87072390d28,False,restart5,2f49973e73781917e909ee5bb634874d062c82eed7e4418a0504f910149c2e25
C204,solomon_txt,4331b2744d34e32c2987e3fe8a82b782a2039d757d2aac818f7e0fd21117bfb4,2,1,ok,True,3,743140,743.14,0.261335,0.500605,1,time_limit,solomon_exact_1000_v1,same_vehicles,3,590.6,25.828,,0.5,,100,2,25,fb89464a08a8315316a993462b898339a1874a83f2825c9a1b6ff87072390d28,False,restart5,2f49973e73781917e909ee5bb634874d062c82eed7e4418a0504f910149c2e25
C205,solomon_txt,15be2bb8c3e4ad99a79d1e7ee0472223feb95a4f423d010e032bda0a87266ca5,0,1,ok,True,4,912158,912.158,0.231763,0.500579,0,time_limit,solomon_exact_1000_v1,different_vehicles,3,588.88,,,0.5,,100,2,25,fb89464a08a8315316a993462b898339a1874a83f2825c9a1b6ff87072390d28,False,restart5,2f49973e73781917e909ee5bb634874d062c82eed7e4418a0504f910149c2e25
C205,solomon_txt,15be2bb8c3e4ad99a79d1e7ee0472223feb95a4f423d010e032bda0a87266ca5,1,1,ok,True,3,791058,791.058,0.233472,0.500292,1,time_limit,solomon_exact_1000_v1,same_vehicles,3,588.88,34.3326,,0.5,,100,2,25,fb89464a08a8315316a993462b898339a1874a83f2825c9a1b6ff87072390d28,False,restart5,2f49973e73781917e909ee5bb634874d062c82eed7e4418a0504f910149c2e25
C205,solomon_txt,15be2bb8c3e4ad99a79d1e7ee0472223feb95a4f423d010e032bda0a87266ca5,2,1,ok,True,3,753690,753.69,0.235267,0.500296,1,time_limit,solomon_exact_1000_v1,same_vehicles,3,588.88,27.987,,0.5,,100,2,25,fb89464a08a8315316a993462b898339a1874a83f2825c9a1b6ff87072390d28,False,restart5,2f49973e73781917e909ee5bb634874d062c82eed7e4418a0504f910149c2e25
C206,solomon_txt,745b6c7042707ffbbfc4d681ee02a84431425f1dfb3c8aa85ecf003fec8f7e53,0,1,ok,True,4,1154595,1154.595,0.256084,0.500589,0,time_limit,solomon_exact_1000_v1,different_vehicles,3,588.49,,,0.5,,100,2,25,fb89464a08a8315316a993462b898339a1874a83f2825c9a1b6ff87072390d28,False,restart5,2f49973e73781917e909ee5bb634874d062c82eed7e4418a0504f910149c2e25
C206,solomon_txt,745b6c7042707ffbbfc4d681ee02a84431425f1dfb3c8aa85ecf003fec8f7e53,1,1,ok,True,4,1154595,1154.595,0.26028,0.500853,0,time_limit,solomon_exact_1000_v1,different_vehicles,3,588.49,,,0.5,,100,2,25,fb89464a08a8315316a993462b898339a1874a83f2825c9a1b6ff87072390d28,False,restart5,2f49973e73781917e909ee5bb634874d062c82eed7e4418a0504f910149c2e25
C206,solomon_txt,745b6c7042707ffbbfc4d681ee02a84431425f1dfb3c8aa85ecf003fec8f7e53,2,1,ok,True,4,1154595,1154.595,0.346558,0.500964,0,time_limit,solomon_exact_1000_v1,different_vehicles,3,588.49,,,0.5,,100,2,25,fb89464a08a8315316a993462b898339a1874a83f2825c9a1b6ff87072390d28,False,restart5,2f49973e73781917e909ee5bb634874d062c82eed7e4418a0504f910149c2e25
C207,solomon_txt,a33f03570a944c8a6d185fd6a173e66c68e67c399a4958b2d5b6d49533ace4a4,0,1,ok,True,4,980937,980.937,0.304231,0.500592,0,time_limit,solomon_exact_1000_v1,different_vehicles,3,588.29,,,0.5,,100,2,25,fb89464a08a8315316a993462b898339a1874a83f2825c9a1b6ff87072390d28,False,restart5,2f49973e73781917e909ee5bb634874d062c82eed7e4418a0504f910149c2e25
C207,solomon_txt,a33f03570a944c8a6d185fd6a173e66c68e67c399a4958b2d5b6d49533ace4a4,1,1,ok,True,4,980937,980.937,0.269743,0.5006,0,time_limit,solomon_exact_1000_v1,different_vehicles,3,588.29,,,0.5,,100,2,25,fb89464a08a8315316a993462b898339a1874a83f2825c9a1b6ff87072390d28,False,restart5,2f49973e73781917e909ee5bb634874d062c82eed7e4418a0504f910149c2e25
C207,solomon_txt,a33f03570a944c8a6d185fd6a173e66c68e67c399a4958b2d5b6d49533ace4a4,2,1,ok,True,4,980937,980.937,0.311253,0.500606,0,time_limit,solomon_exact_1000_v1,different_vehicles,3,588.29,,,0.5,,100,2,25,fb89464a08a8315316a993462b898339a1874a83f2825c9a1b6ff87072390d28,False,restart5,2f49973e73781917e909ee5bb634874d062c82eed7e4418a0504f910149c2e25
C208,solomon_txt,1c2f2381b8743680dbeb34322869cbf5a6cdd8c281f4bcffdb99b533e601874b,0,1,ok,True,4,957831,957.831,0.266003,0.500585,0,time_limit,solomon_exact_1000_v1,different_vehicles,3,588.32,,,0.5,,100,2,25,fb89464a08a8315316a993462b898339a1874a83f2825c9a1b6ff87072390d28,False,restart5,2f49973e73781917e909ee5bb634874d062c82eed7e4418a0504f910149c2e25
C208,solomon_txt,1c2f2381b8743680dbeb34322869cbf5a6cdd8c281f4bcffdb99b533e601874b,1,1,ok,True,4,957831,957.831,0.26811,0.500578,0,time_limit,solomon_exact_1000_v1,different_vehicles,3,588.32,,,0.5,,100,2,25,fb89464a08a8315316a993462b898339a1874a83f2825c9a1b6ff87072390d28,False,restart5,2f49973e73781917e909ee5bb634874d062c82eed7e4418a0504f910149c2e25
C208,solomon_txt,1c2f2381b8743680dbeb34322869cbf5a6cdd8c281f4bcffdb99b533e601874b,2,1,ok,True,4,957831,957.831,0.266058,0.500665,0,time_limit,solomon_exact_1000_v1,different_vehicles,3,588.32,,,0.5,,100,2,25,fb89464a08a8315316a993462b898339a1874a83f2825c9a1b6ff87072390d28,False,restart5,2f49973e73781917e909ee5bb634874d062c82eed7e4418a0504f910149c2e25
R101,solomon_txt,3f3655182bc0fe44ce5de65fdcd2ee2f9c7fb9ed055f923635151d9d6f76d3ed,0,1,ok,True,22,1914025,1914.025,0.075577,0.500618,0,time_limit,solomon_exact_1000_v1,missing,,,,,0.5,,100,2,25,fb89464a08a8315316a993462b898339a1874a83f2825c9a1b6ff87072390d28,False,restart5,2f49973e73781917e909ee5bb634874d062c82eed7e4418a0504f910149c2e25
R101,solomon_txt,3f3655182bc0fe44ce5de65fdcd2ee2f9c7fb9ed055f923635151d9d6f76d3ed,1,1,ok,True,22,1913179,1913.179,0.075167,0.500994,0,time_limit,solomon_exact_1000_v1,missing,,,,,0.5,,100,2,25,fb89464a08a8315316a993462b898339a1874a83f2825c9a1b6ff87072390d28,False,restart5,2f49973e73781917e909ee5bb634874d062c82eed7e4418a0504f910149c2e25
R101,solomon_txt,3f3655182bc0fe44ce5de65fdcd2ee2f9c7fb9ed055f923635151d9d6f76d3ed,2,1,ok,True,22,1939166,1939.166,0.076747,0.500638,0,time_limit,solomon_exact_1000_v1,missing,,,,,0.5,,100,2,25,fb89464a08a8315316a993462b898339a1874a83f2825c9a1b6ff87072390d28,False,restart5,2f49973e73781917e909ee5bb634874d062c82eed7e4418a0504f910149c2e25
R102,solomon_txt,eeb23171b7e4fbfc80bf000ca770329109900fbd7273fa8b9d1f95b7dfe683c3,0,1,ok,True,20,1655107,1655.107,0.081658,0.500623,0,time_limit,solomon_exact_1000_v1,missing,,,,,0.5,,100,2,25,fb89464a08a8315316a993462b898339a1874a83f2825c9a1b6ff87072390d28,False,restart5,2f49973e73781917e909ee5bb634874d062c82eed7e4418a0504f910149c2e25
R102,solomon_txt,eeb23171b7e4fbfc80bf000ca770329109900fbd7273fa8b9d1f95b7dfe683c3,1,1,ok,True,19,1744933,1744.933,0.082825,0.500621,0,time_limit,solomon_exact_1000_v1,missing,,,,,0.5,,100,2,25,fb89464a08a8315316a993462b898339a1874a83f2825c9a1b6ff87072390d28,False,restart5,2f49973e73781917e909ee5bb634874d062c82eed7e4418a0504f910149c2e25
R102,solomon_txt,eeb23171b7e4fbfc80bf000ca770329109900fbd7273fa8b9d1f95b7dfe683c3,2,1,ok,True,19,1765826,1765.826,0.083664,0.500615,0,time_limit,solomon_exact_1000_v1,missing,,,,,0.5,,100,2,25,fb89464a08a8315316a993462b898339a1874a83f2825c9a1b6ff87072390d28,False,restart5,2f49973e73781917e909ee5bb634874d062c82eed7e4418a0504f910149c2e25
R103,solomon_txt,1f833e8648ba39e0edc76754fb49e81777a7175cf7b084c3f60a12607bfb3991,0,1,ok,True,14,1546015,1546.015,0.098006,0.500678,0,time_limit,solomon_exact_1000_v1,missing,,,,,0.5,,100,2,25,fb89464a08a8315316a993462b898339a1874a83f2825c9a1b6ff87072390d28,False,restart5,2f49973e73781917e909ee5bb634874d062c82eed7e4418a0504f910149c2e25
R103,solomon_txt,1f833e8648ba39e0edc76754fb49e81777a7175cf7b084c3f60a12607bfb3991,1,1,ok,True,14,1546015,1546.015,0.096304,0.500636,0,time_limit,solomon_exact_1000_v1,missing,,,,,0.5,,100,2,25,fb89464a08a8315316a993462b898339a1874a83f2825c9a1b6ff87072390d28,False,restart5,2f49973e73781917e909ee5bb634874d062c82eed7e4418a0504f910149c2e25
R103,solomon_txt,1f833e8648ba39e0edc76754fb49e81777a7175cf7b084c3f60a12607bfb3991,2,1,ok,True,14,1546015,1546.015,0.091284,0.500678,0,time_limit,solomon_exact_1000_v1,missing,,,,,0.5,,100,2,25,fb89464a08a8315316a993462b898339a1874a83f2825c9a1b6ff87072390d28,False,restart5,2f49973e73781917e909ee5bb634874d062c82eed7e4418a0504f910149c2e25
R104,solomon_txt,dd087124311d91facd81736debbfc7d0f351d27942917e2d76cbafd01e6183b7,0,1,ok,True,12,1592207,1592.207,0.107334,0.500612,0,time_limit,solomon_exact_1000_v1,missing,,,,,0.5,,100,2,25,fb89464a08a8315316a993462b898339a1874a83f2825c9a1b6ff87072390d28,False,restart5,2f49973e73781917e909ee5bb634874d062c82eed7e4418a0504f910149c2e25
R104,solomon_txt,dd087124311d91facd81736debbfc7d0f351d27942917e2d76cbafd01e6183b7,1,1,ok,True,11,1241810,1241.81,0.104936,0.500428,0,time_limit,solomon_exact_1000_v1,missing,,,,,0.5,,100,2,25,fb89464a08a8315316a993462b898339a1874a83f2825c9a1b6ff87072390d28,False,restart5,2f49973e73781917e909ee5bb634874d062c82eed7e4418a0504f910149c2e25
R104,solomon_txt,dd087124311d91facd81736debbfc7d0f351d27942917e2d76cbafd01e6183b7,2,1,ok,True,11,1321819,1321.819,0.106222,0.50061,0,time_limit,solomon_exact_1000_v1,missing,,,,,0.5,,100,2,25,fb89464a08a8315316a993462b898339a1874a83f2825c9a1b6ff87072390d28,False,restart5,2f49973e73781917e909ee5bb634874d062c82eed7e4418a0504f910149c2e25
R105,solomon_txt,ff1a614f8458d6339b3f54d8e4ca2dcf0a35c96012f477f6a819ae481de85ca4,0,1,ok,True,17,1734216,1734.216,0.085119,0.500628,0,time_limit,solomon_exact_1000_v1,missing,,,,,0.5,,100,2,25,fb89464a08a8315316a993462b898339a1874a83f2825c9a1b6ff87072390d28,False,restart5,2f49973e73781917e909ee5bb634874d062c82eed7e4418a0504f910149c2e25
R105,solomon_txt,ff1a614f8458d6339b3f54d8e4ca2dcf0a35c96012f477f6a819ae481de85ca4,1,1,ok,True,17,1683209,1683.209,0.0838,0.500647,0,time_limit,solomon_exact_1000_v1,missing,,,,,0.5,,100,2,25,fb89464a08a8315316a993462b898339a1874a83f2825c9a1b6ff87072390d28,False,restart5,2f49973e73781917e909ee5bb634874d062c82eed7e4418a0504f910149c2e25
R105,solomon_txt,ff1a614f8458d6339b3f54d8e4ca2dcf0a35c96012f477f6a819ae481de85ca4,2,1,ok,True,17,1834998,1834.998,0.08538,0.500614,0,time_limit,solomon_exact_1000_v1,missing,,,,,0.5,,100,2,25,fb89464a08a8315316a993462b898339a1874a83f2825c9a1b6ff87072390d28,False,restart5,2f49973e73781917e909ee5bb634874d062c82eed7e4418a0504f910149c2e25
R106,solomon_txt,31b8783d177f0fbe1c84b8f085fbf28b1989a80e4c00f49f5654ebef99835e97,0,1,ok,True,14,1545086,1545.086,0.088484,0.500601,0,time_limit,solomon_exact_1000_v1,missing,,,,,0.5,,100,2,25,fb89464a08a8315316a993462b898339a1874a83f2825c9a1b6ff87072390d28,False,restart5,2f49973e73781917e909ee5bb634874d062c82eed7e4418a0504f910149c2e25
R106,solomon_txt,31b8783d177f0fbe1c84b8f085fbf28b1989a80e4c00f49f5654ebef99835e97,1,1,ok,True,15,1572430,1572.43,0.096003,0.500599,0,time_limit,solomon_exact_1000_v1,missing,,,,,0.5,,100,2,25,fb89464a08a8315316a993462b898339a1874a83f2825c9a1b6ff87072390d28,False,restart5,2f49973e73781917e909ee5bb634874d062c82eed7e4418a0504f910149c2e25
R106,solomon_txt,31b8783d177f0fbe1c84b8f085fbf28b1989a80e4c00f49f5654ebef99835e97,2,1,ok,True,14,1559373,1559.373,0.087051,0.500603,0,time_limit,solomon_exact_1000_v1,missing,,,,,0.5,,100,2,25,fb89464a08a8315316a993462b898339a1874a83f2825c9a1b6ff87072390d28,False,restart5,2f49973e73781917e909ee5bb634874d062c82eed7e4418a0504f910149c2e25
R107,solomon_txt,dba2b257a1d43d7c78d5e3a9f09091a2b125d3fbec78c0c8a1782add669a1275,0,1,ok,True,13,1331890,1331.89,0.098982,0.500645,0,time_limit,solomon_exact_1000_v1,missing,,,,,0.5,,100,2,25,fb89464a08a8315316a993462b898339a1874a83f2825c9a1b6ff87072390d28,False,restart5,2f49973e73781917e909ee5bb634874d062c82eed7e4418a0504f910149c2e25
R107,solomon_txt,dba2b257a1d43d7c78d5e3a9f09091a2b125d3fbec78c0c8a1782add669a1275,1,1,ok,True,12,1525686,1525.686,0.100772,0.500589,0,time_limit,solomon_exact_1000_v1,missing,,,,,0.5,,100,2,25,fb89464a08a8315316a993462b898339a1874a83f2825c9a1b6ff87072390d28,False,restart5,2f49973e73781917e909ee5bb634874d062c82eed7e4418a0504f910149c2e25
R107,solomon_txt,dba2b257a1d43d7c78d5e3a9f09091a2b125d3fbec78c0c8a1782add669a1275,2,1,ok,True,12,1486083,1486.083,0.104393,0.500581,0,time_limit,solomon_exact_1000_v1,missing,,,,,0.5,,100,2,25,fb89464a08a8315316a993462b898339a1874a83f2825c9a1b6ff87072390d28,False,restart5,2f49973e73781917e909ee5bb634874d062c82eed7e4418a0504f910149c2e25
R108,solomon_txt,65cae09f4099b7e70d2b723e0e3a30aa1494c75a367bb894a3fd13241ee639d4,0,1,ok,True,11,1315436,1315.436,0.106037,0.500597,0,time_limit,solomon_exact_1000_v1,missing,,,,,0.5,,100,2,25,fb89464a08a8315316a993462b898339a1874a83f2825c9a1b6ff87072390d28,False,restart5,2f49973e73781917e909ee5bb634874d062c82eed7e4418a0504f910149c2e25
R108,solomon_txt,65cae09f4099b7e70d2b723e0e3a30aa1494c75a367bb894a3fd13241ee639d4,1,1,ok,True,11,1274109,1274.109,0.106054,0.500583,0,time_limit,solomon_exact_1000_v1,missing,,,,,0.5,,100,2,25,fb89464a08a8315316a993462b898339a1874a83f2825c9a1b6ff87072390d28,False,restart5,2f49973e73781917e909ee5bb634874d062c82eed7e4418a0504f910149c2e25
R108,solomon_txt,65cae09f4099b7e70d2b723e0e3a30aa1494c75a367bb894a3fd13241ee639d4,2,1,ok,True,11,1360850,1360.85,0.117736,0.500668,0,time_limit,solomon_exact_1000_v1,missing,,,,,0.5,,100,2,25,fb89464a08a8315316a993462b898339a1874a83f2825c9a1b6ff87072390d28,False,restart5,2f49973e73781917e909ee5bb634874d062c82eed7e4418a0504f910149c2e25
R109,solomon_txt,4ef24030e8c48de5f85dcd90c5739186004fc8dec87533b6467013cf996f4777,0,1,ok,True,16,1597195,1597.195,0.096016,0.50062,0,time_limit,solomon_exact_1000_v1,missing,,,,,0.5,,100,2,25,fb89464a08a8315316a993462b898339a1874a83f2825c9a1b6ff87072390d28,False,restart5,2f49973e73781917e909ee5bb634874d062c82eed7e4418a0504f910149c2e25
R109,solomon_txt,4ef24030e8c48de5f85dcd90c5739186004fc8dec87533b6467013cf996f4777,1,1,ok,True,15,1669582,1669.582,0.083251,0.500593,0,time_limit,solomon_exact_1000_v1,missing,,,,,0.5,,100,2,25,fb89464a08a8315316a993462b898339a1874a83f2825c9a1b6ff87072390d28,False,restart5,2f49973e73781917e909ee5bb634874d062c82eed7e4418a0504f910149c2e25
R109,solomon_txt,4ef24030e8c48de5f85dcd90c5739186004fc8dec87533b6467013cf996f4777,2,1,ok,True,16,1844925,1844.925,0.085833,0.500639,0,time_limit,solomon_exact_1000_v1,missing,,,,,0.5,,100,2,25,fb89464a08a8315316a993462b898339a1874a83f2825c9a1b6ff87072390d28,False,restart5,2f49973e73781917e909ee5bb634874d062c82eed7e4418a0504f910149c2e25
R110,solomon_txt,14cb53cb99af61d3d708f07564b9a72d146e7c26b4f10507cfaf3bc828f34bfa,0,1,ok,True,14,1574826,1574.826,0.093584,0.500595,0,time_limit,solomon_exact_1000_v1,missing,,,,,0.5,,100,2,25,fb89464a08a8315316a993462b898339a1874a83f2825c9a1b6ff87072390d28,False,restart5,2f49973e73781917e909ee5bb634874d062c82eed7e4418a0504f910149c2e25
R110,solomon_txt,14cb53cb99af61d3d708f07564b9a72d146e7c26b4f10507cfaf3bc828f34bfa,1,1,ok,True,14,1546498,1546.498,0.106282,0.500928,0,time_limit,solomon_exact_1000_v1,missing,,,,,0.5,,100,2,25,fb89464a08a8315316a993462b898339a1874a83f2825c9a1b6ff87072390d28,False,restart5,2f49973e73781917e909ee5bb634874d062c82eed7e4418a0504f910149c2e25
R110,solomon_txt,14cb53cb99af61d3d708f07564b9a72d146e7c26b4f10507cfaf3bc828f34bfa,2,1,ok,True,14,1897804,1897.804,0.106414,0.500605,0,time_limit,solomon_exact_1000_v1,missing,,,,,0.5,,100,2,25,fb89464a08a8315316a993462b898339a1874a83f2825c9a1b6ff87072390d28,False,restart5,2f49973e73781917e909ee5bb634874d062c82eed7e4418a0504f910149c2e25
R111,solomon_txt,3d94a73b1f2fe8aae4618b9d9ea254cff2e3924a6a841aa390096ec6c60f258d,0,1,ok,True,12,1453553,1453.553,0.103019,0.500592,0,time_limit,solomon_exact_1000_v1,missing,,,,,0.5,,100,2,25,fb89464a08a8315316a993462b898339a1874a83f2825c9a1b6ff87072390d28,False,restart5,2f49973e73781917e909ee5bb634874d062c82eed7e4418a0504f910149c2e25
R111,solomon_txt,3d94a73b1f2fe8aae4618b9d9ea254cff2e3924a6a841aa390096ec6c60f258d,1,1,ok,True,13,1675090,1675.09,0.095417,0.500611,0,time_limit,solomon_exact_1000_v1,missing,,,,,0.5,,100,2,25,fb89464a08a8315316a993462b898339a1874a83f2825c9a1b6ff87072390d28,False,restart5,2f49973e73781917e909ee5bb634874d062c82eed7e4418a0504f910149c2e25
R111,solomon_txt,3d94a73b1f2fe8aae4618b9d9ea254cff2e3924a6a841aa390096ec6c60f258d,2,1,ok,True,12,1461553,1461.553,0.09705,0.500597,0,time_limit,solomon_exact_1000_v1,missing,,,,,0.5,,100,2,25,fb89464a08a8315316a993462b898339a1874a83f2825c9a1b6ff87072390d28,False,restart5,2f49973e73781917e909ee5bb634874d062c82eed7e4418a0504f910149c2e25
R112,solomon_txt,a0e93149d59d30c356619891d192e86d0f16c3158e1dac3bd9f23c6deb718271,0,1,ok,True,13,1576148,1576.148,0.095061,0.500602,0,time_limit,solomon_exact_1000_v1,missing,,,,,0.5,,100,2,25,fb89464a08a8315316a993462b898339a1874a83f2825c9a1b6ff87072390d28,False,restart5,2f49973e73781917e909ee5bb634874d062c82eed7e4418a0504f910149c2e25
R112,solomon_txt,a0e93149d59d30c356619891d192e86d0f16c3158e1dac3bd9f23c6deb718271,1,1,ok,True,13,1430395,1430.395,0.101392,0.500585,0,time_limit,solomon_exact_1000_v1,missing,,,,,0.5,,100,2,25,fb89464a08a8315316a993462b898339a1874a83f2825c9a1b6ff87072390d28,False,restart5,2f49973e73781917e909ee5bb634874d062c82eed7e4418a0504f910149c2e25
R112,solomon_txt,a0e93149d59d30c356619891d192e86d0f16c3158e1dac3bd9f23c6deb718271,2,1,ok,True,13,1273526,1273.526,0.09469,0.500627,0,time_limit,solomon_exact_1000_v1,missing,,,,,0.5,,100,2,25,fb89464a08a8315316a993462b898339a1874a83f2825c9a1b6ff87072390d28,False,restart5,2f49973e73781917e909ee5bb634874d062c82eed7e4418a0504f910149c2e25
R201,solomon_txt,0be960ec998fff2cab0bdbcc5194c617e5ca0a79c82c5b32b1d4bd98b2cae210,0,1,ok,True,5,1726658,1726.658,0.192017,0.500559,0,time_limit,solomon_exact_1000_v1,missing,,,,,0.5,,100,2,25,fb89464a08a8315316a993462b898339a1874a83f2825c9a1b6ff87072390d28,False,restart5,2f49973e73781917e909ee5bb634874d062c82eed7e4418a0504f910149c2e25
R201,solomon_txt,0be960ec998fff2cab0bdbcc5194c617e5ca0a79c82c5b32b1d4bd98b2cae210,1,1,ok,True,5,1726658,1726.658,0.191953,0.500646,0,time_limit,solomon_exact_1000_v1,missing,,,,,0.5,,100,2,25,fb89464a08a8315316a993462b898339a1874a83f2825c9a1b6ff87072390d28,False,restart5,2f49973e73781917e909ee5bb634874d062c82eed7e4418a0504f910149c2e25
R201,solomon_txt,0be960ec998fff2cab0bdbcc5194c617e5ca0a79c82c5b32b1d4bd98b2cae210,2,1,ok,True,5,1726658,1726.658,0.192462,0.500596,0,time_limit,solomon_exact_1000_v1,missing,,,,,0.5,,100,2,25,fb89464a08a8315316a993462b898339a1874a83f2825c9a1b6ff87072390d28,False,restart5,2f49973e73781917e909ee5bb634874d062c82eed7e4418a0504f910149c2e25
R202,solomon_txt,1f7761bb33e9dd0c94837b32c72280296ffc283dba997379c7ad75ce00dffc8d,0,1,ok,True,4,1622244,1622.244,0.218083,0.500547,0,time_limit,solomon_exact_1000_v1,missing,,,,,0.5,,100,2,25,fb89464a08a8315316a993462b898339a1874a83f2825c9a1b6ff87072390d28,False,restart5,2f49973e73781917e909ee5bb634874d062c82eed7e4418a0504f910149c2e25
R202,solomon_txt,1f7761bb33e9dd0c94837b32c72280296ffc283dba997379c7ad75ce00dffc8d,1,1,ok,True,4,1622244,1622.244,0.223693,0.500579,0,time_limit,solomon_exact_1000_v1,missing,,,,,0.5,,100,2,25,fb89464a08a8315316a993462b898339a1874a83f2825c9a1b6ff87072390d28,False,restart5,2f49973e73781917e909ee5bb634874d062c82eed7e4418a0504f910149c2e25
R202,solomon_txt,1f7761bb33e9dd0c94837b32c72280296ffc283dba997379c7ad75ce00dffc8d,2,1,ok,True,4,1622244,1622.244,0.225952,0.500594,0,time_limit,solomon_exact_1000_v1,missing,,,,,0.5,,100,2,25,fb89464a08a8315316a993462b898339a1874a83f2825c9a1b6ff87072390d28,False,restart5,2f49973e73781917e909ee5bb634874d062c82eed7e4418a0504f910149c2e25
R203,solomon_txt,38c484db31bd7452a94d533e26a2348ef598df600b79d061d9ddc1c61466a731,0,1,ok,True,3,1300221,1300.221,0.235553,0.50054,0,time_limit,solomon_exact_1000_v1,missing,,,,,0.5,,100,2,25,fb89464a08a8315316a993462b898339a1874a83f2825c9a1b6ff87072390d28,False,restart5,2f49973e73781917e909ee5bb634874d062c82eed7e4418a0504f910149c2e25
R203,solomon_txt,38c484db31bd7452a94d533e26a2348ef598df600b79d061d9ddc1c61466a731,1,1,ok,True,3,1300221,1300.221,0.236938,0.500447,0,time_limit,solomon_exact_1000_v1,missing,,,,,0.5,,100,2,25,fb89464a08a8315316a993462b898339a1874a83f2825c9a1b6ff87072390d28,False,restart5,2f49973e73781917e909ee5bb634874d062c82eed7e4418a0504f910149c2e25
R203,solomon_txt,38c484db31bd7452a94d533e26a2348ef598df600b79d061d9ddc1c61466a731,2,1,ok,True,3,1300221,1300.221,0.251854,0.500544,0,time_limit,solomon_exact_1000_v1,missing,,,,,0.5,,100,2,25,fb89464a08a8315316a993462b898339a1874a83f2825c9a1b6ff87072390d28,False,restart5,2f49973e73781917e909ee5bb634874d062c82eed7e4418a0504f910149c2e25
R204,solomon_txt,5349e37d8df99bcbee1efa2e970d2662b5265e5f82fc609343a6af0a60257abf,0,1,ok,True,3,1331038,1331.038,0.293025,0.500603,0,time_limit,solomon_exact_1000_v1,missing,,,,,0.5,,100,2,25,fb89464a08a8315316a993462b898339a1874a83f2825c9a1b6ff87072390d28,False,restart5,2f49973e73781917e909ee5bb634874d062c82eed7e4418a0504f910149c2e25
R204,solomon_txt,5349e37d8df99bcbee1efa2e970d2662b5265e5f82fc609343a6af0a60257abf,1,1,ok,True,3,1331038,1331.038,0.302449,0.500585,0,time_limit,solomon_exact_1000_v1,missing,,,,,0.5,,100,2,25,fb89464a08a8315316a993462b898339a1874a83f2825c9a1b6ff87072390d28,False,restart5,2f49973e73781917e909ee5bb634874d062c82eed7e4418a0504f910149c2e25
R204,solomon_txt,5349e37d8df99bcbee1efa2e970d2662b5265e5f82fc609343a6af0a60257abf,2,1,ok,True,3,1331038,1331.038,0.294295,0.50061,0,time_limit,solomon_exact_1000_v1,missing,,,,,0.5,,100,2,25,fb89464a08a8315316a993462b898339a1874a83f2825c9a1b6ff87072390d28,False,restart5,2f49973e73781917e909ee5bb634874d062c82eed7e4418a0504f910149c2e25
R205,solomon_txt,1996bf8f10716fb8cfc1a585206a6a6e566f32347c1bb8f36c75ed6c887f77e3,0,1,ok,True,4,1700248,1700.248,0.236221,0.500641,0,time_limit,solomon_exact_1000_v1,missing,,,,,0.5,,100,2,25,fb89464a08a8315316a993462b898339a1874a83f2825c9a1b6ff87072390d28,False,restart5,2f49973e73781917e909ee5bb634874d062c82eed7e4418a0504f910149c2e25
R205,solomon_txt,1996bf8f10716fb8cfc1a585206a6a6e566f32347c1bb8f36c75ed6c887f77e3,1,1,ok,True,4,1700248,1700.248,0.235788,0.500602,0,time_limit,solomon_exact_1000_v1,missing,,,,,0.5,,100,2,25,fb89464a08a8315316a993462b898339a1874a83f2825c9a1b6ff87072390d28,False,restart5,2f49973e73781917e909ee5bb634874d062c82eed7e4418a0504f910149c2e25
R205,solomon_txt,1996bf8f10716fb8cfc1a585206a6a6e566f32347c1bb8f36c75ed6c887f77e3,2,1,ok,True,4,1700248,1700.248,0.242251,0.50059,0,time_limit,solomon_exact_1000_v1,missing,,,,,0.5,,100,2,25,fb89464a08a8315316a993462b898339a1874a83f2825c9a1b6ff87072390d28,False,restart5,2f49973e73781917e909ee5bb634874d062c82eed7e4418a0504f910149c2e25
R206,solomon_txt,c8754a0319264d076c038b1bf023c8c4710e8895fe3e03f485e9ae249f32fe43,0,1,ok,True,3,1533607,1533.607,0.252728,0.500566,0,time_limit,solomon_exact_1000_v1,missing,,,,,0.5,,100,2,25,fb89464a08a8315316a993462b898339a1874a83f2825c9a1b6ff87072390d28,False,restart5,2f49973e73781917e909ee5bb634874d062c82eed7e4418a0504f910149c2e25
R206,solomon_txt,c8754a0319264d076c038b1bf023c8c4710e8895fe3e03f485e9ae249f32fe43,1,1,ok,True,3,1533607,1533.607,0.250541,0.500562,0,time_limit,solomon_exact_1000_v1,missing,,,,,0.5,,100,2,25,fb89464a08a8315316a993462b898339a1874a83f2825c9a1b6ff87072390d28,False,restart5,2f49973e73781917e909ee5bb634874d062c82eed7e4418a0504f910149c2e25
R206,solomon_txt,c8754a0319264d076c038b1bf023c8c4710e8895fe3e03f485e9ae249f32fe43,2,1,ok,True,3,1533607,1533.607,0.257812,0.500583,0,time_limit,solomon_exact_1000_v1,missing,,,,,0.5,,100,2,25,fb89464a08a8315316a993462b898339a1874a83f2825c9a1b6ff87072390d28,False,restart5,2f49973e73781917e909ee5bb634874d062c82eed7e4418a0504f910149c2e25
R207,solomon_txt,52dc8eebba43fdc67ca9aadab228b75a297acb55a87db3e4748e82f623e3cbe6,0,1,ok,True,4,1302528,1302.528,0.289756,0.500603,0,time_limit,solomon_exact_1000_v1,missing,,,,,0.5,,100,2,25,fb89464a08a8315316a993462b898339a1874a83f2825c9a1b6ff87072390d28,False,restart5,2f49973e73781917e909ee5bb634874d062c82eed7e4418a0504f910149c2e25
R207,solomon_txt,52dc8eebba43fdc67ca9aadab228b75a297acb55a87db3e4748e82f623e3cbe6,1,1,ok,True,4,1302528,1302.528,0.28338,0.500604,0,time_limit,solomon_exact_1000_v1,missing,,,,,0.5,,100,2,25,fb89464a08a8315316a993462b898339a1874a83f2825c9a1b6ff87072390d28,False,restart5,2f49973e73781917e909ee5bb634874d062c82eed7e4418a0504f910149c2e25
R207,solomon_txt,52dc8eebba43fdc67ca9aadab228b75a297acb55a87db3e4748e82f623e3cbe6,2,1,ok,True,4,1302528,1302.528,0.291023,0.50063,0,time_limit,solomon_exact_1000_v1,missing,,,,,0.5,,100,2,25,fb89464a08a8315316a993462b898339a1874a83f2825c9a1b6ff87072390d28,False,restart5,2f49973e73781917e909ee5bb634874d062c82eed7e4418a0504f910149c2e25
R208,solomon_txt,7b4a95d500af9329dd08791d39898a619faec0f8fac039d57373e761545b980d,0,1,ok,True,3,957965,957.965,0.313149,0.500603,0,time_limit,solomon_exact_1000_v1,missing,,,,,0.5,,100,2,25,fb89464a08a8315316a993462b898339a1874a83f2825c9a1b6ff87072390d28,False,restart5,2f49973e73781917e909ee5bb634874d062c82eed7e4418a0504f910149c2e25
R208,solomon_txt,7b4a95d500af9329dd08791d39898a619faec0f8fac039d57373e761545b980d,1,1,ok,True,3,957965,957.965,0.3214,0.500535,0,time_limit,solomon_exact_1000_v1,missing,,,,,0.5,,100,2,25,fb89464a08a8315316a993462b898339a1874a83f2825c9a1b6ff87072390d28,False,restart5,2f49973e73781917e909ee5bb634874d062c82eed7e4418a0504f910149c2e25
R208,solomon_txt,7b4a95d500af9329dd08791d39898a619faec0f8fac039d57373e761545b980d,2,1,ok,True,3,957965,957.965,0.325683,0.500613,0,time_limit,solomon_exact_1000_v1,missing,,,,,0.5,,100,2,25,fb89464a08a8315316a993462b898339a1874a83f2825c9a1b6ff87072390d28,False,restart5,2f49973e73781917e909ee5bb634874d062c82eed7e4418a0504f910149c2e25
R209,solomon_txt,5b74156d032babcff853ccc693f94463eca8333cd425aa99a39ed996f6258933,0,1,ok,True,4,1712415,1712.415,0.240003,0.500596,0,time_limit,solomon_exact_1000_v1,missing,,,,,0.5,,100,2,25,fb89464a08a8315316a993462b898339a1874a83f2825c9a1b6ff87072390d28,False,restart5,2f49973e73781917e909ee5bb634874d062c82eed7e4418a0504f910149c2e25
R209,solomon_txt,5b74156d032babcff853ccc693f94463eca8333cd425aa99a39ed996f6258933,1,1,ok,True,4,1712415,1712.415,0.268429,0.500623,0,time_limit,solomon_exact_1000_v1,missing,,,,,0.5,,100,2,25,fb89464a08a8315316a993462b898339a1874a83f2825c9a1b6ff87072390d28,False,restart5,2f49973e73781917e909ee5bb634874d062c82eed7e4418a0504f910149c2e25
R209,solomon_txt,5b74156d032babcff853ccc693f94463eca8333cd425aa99a39ed996f6258933,2,1,ok,True,4,1712415,1712.415,0.238073,0.50058,0,time_limit,solomon_exact_1000_v1,missing,,,,,0.5,,100,2,25,fb89464a08a8315316a993462b898339a1874a83f2825c9a1b6ff87072390d28,False,restart5,2f49973e73781917e909ee5bb634874d062c82eed7e4418a0504f910149c2e25
R210,solomon_txt,4e5772f109fb6183e6a648d6a1edaba3435438c2dc11c42da370fecf7bdf3a14,0,1,ok,True,3,1443660,1443.66,0.257558,0.50055,0,time_limit,solomon_exact_1000_v1,missing,,,,,0.5,,100,2,25,fb89464a08a8315316a993462b898339a1874a83f2825c9a1b6ff87072390d28,False,restart5,2f49973e73781917e909ee5bb634874d062c82eed7e4418a0504f910149c2e25
R210,solomon_txt,4e5772f109fb6183e6a648d6a1edaba3435438c2dc11c42da370fecf7bdf3a14,1,1,ok,True,3,1443660,1443.66,0.264637,0.50089,0,time_limit,solomon_exact_1000_v1,missing,,,,,0.5,,100,2,25,fb89464a08a8315316a993462b898339a1874a83f2825c9a1b6ff87072390d28,False,restart5,2f49973e73781917e909ee5bb634874d062c82eed7e4418a0504f910149c2e25
R210,solomon_txt,4e5772f109fb6183e6a648d6a1edaba3435438c2dc11c42da370fecf7bdf3a14,2,1,ok,True,3,1443660,1443.66,0.259667,0.500575,0,time_limit,solomon_exact_1000_v1,missing,,,,,0.5,,100,2,25,fb89464a08a8315316a993462b898339a1874a83f2825c9a1b6ff87072390d28,False,restart5,2f49973e73781917e909ee5bb634874d062c82eed7e4418a0504f910149c2e25
R211,solomon_txt,2965507e467a2f92acd59035975910e36ae11e4f49590d4c7d20a883939227ad,0,1,ok,True,3,1516434,1516.434,0.292354,0.50057,0,time_limit,solomon_exact_1000_v1,missing,,,,,0.5,,100,2,25,fb89464a08a8315316a993462b898339a1874a83f2825c9a1b6ff87072390d28,False,restart5,2f49973e73781917e909ee5bb634874d062c82eed7e4418a0504f910149c2e25
R211,solomon_txt,2965507e467a2f92acd59035975910e36ae11e4f49590d4c7d20a883939227ad,1,1,ok,True,3,1516434,1516.434,0.268254,0.500595,0,time_limit,solomon_exact_1000_v1,missing,,,,,0.5,,100,2,25,fb89464a08a8315316a993462b898339a1874a83f2825c9a1b6ff87072390d28,False,restart5,2f49973e73781917e909ee5bb634874d062c82eed7e4418a0504f910149c2e25
R211,solomon_txt,2965507e467a2f92acd59035975910e36ae11e4f49590d4c7d20a883939227ad,2,1,ok,True,3,1516434,1516.434,0.27263,0.500674,0,time_limit,solomon_exact_1000_v1,missing,,,,,0.5,,100,2,25,fb89464a08a8315316a993462b898339a1874a83f2825c9a1b6ff87072390d28,False,restart5,2f49973e73781917e909ee5bb634874d062c82eed7e4418a0504f910149c2e25
RC101,solomon_txt,ef6893ffd9746ad96de8e4da6e64e2c4ba6e08a1c7eb9457276a9f1caf01ca12,0,1,ok,True,19,2031958,2031.958,0.082288,0.500905,0,time_limit,solomon_exact_1000_v1,missing,,,,,0.5,,100,2,25,fb89464a08a8315316a993462b898339a1874a83f2825c9a1b6ff87072390d28,False,restart5,2f49973e73781917e909ee5bb634874d062c82eed7e4418a0504f910149c2e25
RC101,solomon_txt,ef6893ffd9746ad96de8e4da6e64e2c4ba6e08a1c7eb9457276a9f1caf01ca12,1,1,ok,True,19,1995564,1995.564,0.085151,0.50062,0,time_limit,solomon_exact_1000_v1,missing,,,,,0.5,,100,2,25,fb89464a08a8315316a993462b898339a1874a83f2825c9a1b6ff87072390d28,False,restart5,2f49973e73781917e909ee5bb634874d062c82eed7e4418a0504f910149c2e25
RC101,solomon_txt,ef6893ffd9746ad96de8e4da6e64e2c4ba6e08a1c7eb9457276a9f1caf01ca12,2,1,ok,True,19,2034803,2034.803,0.084389,0.500653,0,time_limit,solomon_exact_1000_v1,missing,,,,,0.5,,100,2,25,fb89464a08a8315316a993462b898339a1874a83f2825c9a1b6ff87072390d28,False,restart5,2f49973e73781917e909ee5bb634874d062c82eed7e4418a0504f910149c2e25
RC102,solomon_txt,36acd349d34a577c7fadd61f78517c2cb74bd06a490273800c288f341e5785a4,0,1,ok,True,17,1870139,1870.139,0.088316,0.500621,0,time_limit,solomon_exact_1000_v1,missing,,,,,0.5,,100,2,25,fb89464a08a8315316a993462b898339a1874a83f2825c9a1b6ff87072390d28,False,restart5,2f49973e73781917e909ee5bb634874d062c82eed7e4418a0504f910149c2e25
RC102,solomon_txt,36acd349d34a577c7fadd61f78517c2cb74bd06a490273800c288f341e5785a4,1,1,ok,True,15,1834933,1834.933,0.087373,0.500637,0,time_limit,solomon_exact_1000_v1,missing,,,,,0.5,,100,2,25,fb89464a08a8315316a993462b898339a1874a83f2825c9a1b6ff87072390d28,False,restart5,2f49973e73781917e909ee5bb634874d062c82eed7e4418a0504f910149c2e25
RC102,solomon_txt,36acd349d34a577c7fadd61f78517c2cb74bd06a490273800c288f341e5785a4,2,1,ok,True,17,1870139,1870.139,0.087405,0.500618,0,time_limit,solomon_exact_1000_v1,missing,,,,,0.5,,100,2,25,fb89464a08a8315316a993462b898339a1874a83f2825c9a1b6ff87072390d28,False,restart5,2f49973e73781917e909ee5bb634874d062c82eed7e4418a0504f910149c2e25
RC103,solomon_txt,00f384138274d5d2bff5c41601db17cc4ad0cfc6315c27e223d4477bf435cc2d,0,1,ok,True,13,1952068,1952.068,0.096946,0.500589,0,time_limit,solomon_exact_1000_v1,missing,,,,,0.5,,100,2,25,fb89464a08a8315316a993462b898339a1874a83f2825c9a1b6ff87072390d28,False,restart5,2f49973e73781917e909ee5bb634874d062c82eed7e4418a0504f910149c2e25
RC103,solomon_txt,00f384138274d5d2bff5c41601db17cc4ad0cfc6315c27e223d4477bf435cc2d,1,1,ok,True,12,1731095,1731.095,0.123042,0.500614,0,time_limit,solomon_exact_1000_v1,missing,,,,,0.5,,100,2,25,fb89464a08a8315316a993462b898339a1874a83f2825c9a1b6ff87072390d28,False,restart5,2f49973e73781917e909ee5bb634874d062c82eed7e4418a0504f910149c2e25
RC103,solomon_txt,00f384138274d5d2bff5c41601db17cc4ad0cfc6315c27e223d4477bf435cc2d,2,1,ok,True,13,1952068,1952.068,0.099888,0.500595,0,time_limit,solomon_exact_1000_v1,missing,,,,,0.5,,100,2,25,fb89464a08a8315316a993462b898339a1874a83f2825c9a1b6ff87072390d28,False,restart5,2f49973e73781917e909ee5bb634874d062c82eed7e4418a0504f910149c2e25
RC104,solomon_txt,d150b2d61049a488fb89a2320c197d81a7ef9a1864abbbaea1d13a2b451253ee,0,1,ok,True,12,1624060,1624.06,0.098674,0.500604,0,time_limit,solomon_exact_1000_v1,missing,,,,,0.5,,100,2,25,fb89464a08a8315316a993462b898339a1874a83f2825c9a1b6ff87072390d28,False,restart5,2f49973e73781917e909ee5bb634874d062c82eed7e4418a0504f910149c2e25
RC104,solomon_txt,d150b2d61049a488fb89a2320c197d81a7ef9a1864abbbaea1d13a2b451253ee,1,1,ok,True,12,1626992,1626.992,0.099067,0.500427,0,time_limit,solomon_exact_1000_v1,missing,,,,,0.5,,100,2,25,fb89464a08a8315316a993462b898339a1874a83f2825c9a1b6ff87072390d28,False,restart5,2f49973e73781917e909ee5bb634874d062c82eed7e4418a0504f910149c2e25
RC104,solomon_txt,d150b2d61049a488fb89a2320c197d81a7ef9a1864abbbaea1d13a2b451253ee,2,1,ok,True,12,1325631,1325.631,0.097348,0.500597,0,time_limit,solomon_exact_1000_v1,missing,,,,,0.5,,100,2,25,fb89464a08a8315316a993462b898339a1874a83f2825c9a1b6ff87072390d28,False,restart5,2f49973e73781917e909ee5bb634874d062c82eed7e4418a0504f910149c2e25
RC105,solomon_txt,b9e912625c1ed80d2f565e0799ade2f4b17bf4f95056322ca23f1a21b37e7a49,0,1,ok,True,17,2128736,2128.736,0.083923,0.500917,0,time_limit,solomon_exact_1000_v1,missing,,,,,0.5,,100,2,25,fb89464a08a8315316a993462b898339a1874a83f2825c9a1b6ff87072390d28,False,restart5,2f49973e73781917e909ee5bb634874d062c82eed7e4418a0504f910149c2e25
RC105,solomon_txt,b9e912625c1ed80d2f565e0799ade2f4b17bf4f95056322ca23f1a21b37e7a49,1,1,ok,True,17,2128736,2128.736,0.085787,0.500589,0,time_limit,solomon_exact_1000_v1,missing,,,,,0.5,,100,2,25,fb89464a08a8315316a993462b898339a1874a83f2825c9a1b6ff87072390d28,False,restart5,2f49973e73781917e909ee5bb634874d062c82eed7e4418a0504f910149c2e25
RC105,solomon_txt,b9e912625c1ed80d2f565e0799ade2f4b17bf4f95056322ca23f1a21b37e7a49,2,1,ok,True,16,1901679,1901.679,0.089009,0.500614,0,time_limit,solomon_exact_1000_v1,missing,,,,,0.5,,100,2,25,fb89464a08a8315316a993462b898339a1874a83f2825c9a1b6ff87072390d28,False,restart5,2f49973e73781917e909ee5bb634874d062c82eed7e4418a0504f910149c2e25
RC106,solomon_txt,bf016ffc567af2d108570357daf1d0cabb7f680c0bd977d2e4366787683fdbaf,0,1,ok,True,15,2118036,2118.036,0.085643,0.5006,0,time_limit,solomon_exact_1000_v1,missing,,,,,0.5,,100,2,25,fb89464a08a8315316a993462b898339a1874a83f2825c9a1b6ff87072390d28,False,restart5,2f49973e73781917e909ee5bb634874d062c82eed7e4418a0504f910149c2e25
RC106,solomon_txt,bf016ffc567af2d108570357daf1d0cabb7f680c0bd977d2e4366787683fdbaf,1,1,ok,True,16,1808646,1808.646,0.083784,0.50062,0,time_limit,solomon_exact_1000_v1,missing,,,,,0.5,,100,2,25,fb89464a08a8315316a993462b898339a1874a83f2825c9a1b6ff87072390d28,False,restart5,2f49973e73781917e909ee5bb634874d062c82eed7e4418a0504f910149c2e25
RC106,solomon_txt,bf016ffc567af2d108570357daf1d0cabb7f680c0bd977d2e4366787683fdbaf,2,1,ok,True,16,1823605,1823.605,0.085179,0.500623,0,time_limit,solomon_exact_1000_v1,missing,,,,,0.5,,100,2,25,fb89464a08a8315316a993462b898339a1874a83f2825c9a1b6ff87072390d28,False,restart5,2f49973e73781917e909ee5bb634874d062c82eed7e4418a0504f910149c2e25
RC107,solomon_txt,fff3fd68d110671ed442575f07cc547291586f30b00c5f73934d521d31311582,0,1,ok,True,14,1714626,1714.626,0.088158,0.500593,0,time_limit,solomon_exact_1000_v1,missing,,,,,0.5,,100,2,25,fb89464a08a8315316a993462b898339a1874a83f2825c9a1b6ff87072390d28,False,restart5,2f49973e73781917e909ee5bb634874d062c82eed7e4418a0504f910149c2e25
RC107,solomon_txt,fff3fd68d110671ed442575f07cc547291586f30b00c5f73934d521d31311582,1,1,ok,True,14,1926373,1926.373,0.088603,0.500628,0,time_limit,solomon_exact_1000_v1,missing,,,,,0.5,,100,2,25,fb89464a08a8315316a993462b898339a1874a83f2825c9a1b6ff87072390d28,False,restart5,2f49973e73781917e909ee5bb634874d062c82eed7e4418a0504f910149c2e25
RC107,solomon_txt,fff3fd68d110671ed442575f07cc547291586f30b00c5f73934d521d31311582,2,1,ok,True,15,2052187,2052.187,0.088677,0.500588,0,time_limit,solomon_exact_1000_v1,missing,,,,,0.5,,100,2,25,fb89464a08a8315316a993462b898339a1874a83f2825c9a1b6ff87072390d28,False,restart5,2f49973e73781917e909ee5bb634874d062c82eed7e4418a0504f910149c2e25
RC108,solomon_txt,006bc8817bf09f9a8c66af8d6f088bdec239b2eb435556e9d11193cf456f7aeb,0,1,ok,True,14,1940059,1940.059,0.091255,0.500604,0,time_limit,solomon_exact_1000_v1,missing,,,,,0.5,,100,2,25,fb89464a08a8315316a993462b898339a1874a83f2825c9a1b6ff87072390d28,False,restart5,2f49973e73781917e909ee5bb634874d062c82eed7e4418a0504f910149c2e25
RC108,solomon_txt,006bc8817bf09f9a8c66af8d6f088bdec239b2eb435556e9d11193cf456f7aeb,1,1,ok,True,14,1606564,1606.564,0.094247,0.500599,0,time_limit,solomon_exact_1000_v1,missing,,,,,0.5,,100,2,25,fb89464a08a8315316a993462b898339a1874a83f2825c9a1b6ff87072390d28,False,restart5,2f49973e73781917e909ee5bb634874d062c82eed7e4418a0504f910149c2e25
RC108,solomon_txt,006bc8817bf09f9a8c66af8d6f088bdec239b2eb435556e9d11193cf456f7aeb,2,1,ok,True,14,1711462,1711.462,0.134477,0.500655,0,time_limit,solomon_exact_1000_v1,missing,,,,,0.5,,100,2,25,fb89464a08a8315316a993462b898339a1874a83f2825c9a1b6ff87072390d28,False,restart5,2f49973e73781917e909ee5bb634874d062c82eed7e4418a0504f910149c2e25
RC201,solomon_txt,288836e2d8c2ace83ebbff77e03ac8cdffc574fc134cade21ef92713f8c52d44,0,1,ok,True,5,2429811,2429.811,0.184339,0.500578,0,time_limit,solomon_exact_1000_v1,missing,,,,,0.5,,100,2,25,fb89464a08a8315316a993462b898339a1874a83f2825c9a1b6ff87072390d28,False,restart5,2f49973e73781917e909ee5bb634874d062c82eed7e4418a0504f910149c2e25
RC201,solomon_txt,288836e2d8c2ace83ebbff77e03ac8cdffc574fc134cade21ef92713f8c52d44,1,1,ok,True,4,1837909,1837.909,0.184427,0.500544,0,time_limit,solomon_exact_1000_v1,missing,,,,,0.5,,100,2,25,fb89464a08a8315316a993462b898339a1874a83f2825c9a1b6ff87072390d28,False,restart5,2f49973e73781917e909ee5bb634874d062c82eed7e4418a0504f910149c2e25
RC201,solomon_txt,288836e2d8c2ace83ebbff77e03ac8cdffc574fc134cade21ef92713f8c52d44,2,1,ok,True,5,2429811,2429.811,0.18783,0.500594,0,time_limit,solomon_exact_1000_v1,missing,,,,,0.5,,100,2,25,fb89464a08a8315316a993462b898339a1874a83f2825c9a1b6ff87072390d28,False,restart5,2f49973e73781917e909ee5bb634874d062c82eed7e4418a0504f910149c2e25
RC202,solomon_txt,5a1dee2017ab0ca4fe280b392678c96e8b5bc71f22d02c8058fbde7c4cfebcf4,0,1,ok,True,4,1920411,1920.411,0.172225,0.500587,0,time_limit,solomon_exact_1000_v1,missing,,,,,0.5,,100,2,25,fb89464a08a8315316a993462b898339a1874a83f2825c9a1b6ff87072390d28,False,restart5,2f49973e73781917e909ee5bb634874d062c82eed7e4418a0504f910149c2e25
RC202,solomon_txt,5a1dee2017ab0ca4fe280b392678c96e8b5bc71f22d02c8058fbde7c4cfebcf4,1,1,ok,True,4,1818035,1818.035,0.182698,0.500593,0,time_limit,solomon_exact_1000_v1,missing,,,,,0.5,,100,2,25,fb89464a08a8315316a993462b898339a1874a83f2825c9a1b6ff87072390d28,False,restart5,2f49973e73781917e909ee5bb634874d062c82eed7e4418a0504f910149c2e25
RC202,solomon_txt,5a1dee2017ab0ca4fe280b392678c96e8b5bc71f22d02c8058fbde7c4cfebcf4,2,1,ok,True,4,1619243,1619.243,0.172604,0.500547,0,time_limit,solomon_exact_1000_v1,missing,,,,,0.5,,100,2,25,fb89464a08a8315316a993462b898339a1874a83f2825c9a1b6ff87072390d28,False,restart5,2f49973e73781917e909ee5bb634874d062c82eed7e4418a0504f910149c2e25
RC203,solomon_txt,4adcb362c23df91f14b828d4964e9383ffb02ee74217afc2d84571f83ed91f8b,0,1,ok,True,4,1158154,1158.154,0.183855,0.500569,0,time_limit,solomon_exact_1000_v1,missing,,,,,0.5,,100,2,25,fb89464a08a8315316a993462b898339a1874a83f2825c9a1b6ff87072390d28,False,restart5,2f49973e73781917e909ee5bb634874d062c82eed7e4418a0504f910149c2e25
RC203,solomon_txt,4adcb362c23df91f14b828d4964e9383ffb02ee74217afc2d84571f83ed91f8b,1,1,ok,True,4,1303205,1303.205,0.185005,0.500594,0,time_limit,solomon_exact_1000_v1,missing,,,,,0.5,,100,2,25,fb89464a08a8315316a993462b898339a1874a83f2825c9a1b6ff87072390d28,False,restart5,2f49973e73781917e909ee5bb634874d062c82eed7e4418a0504f910149c2e25
RC203,solomon_txt,4adcb362c23df91f14b828d4964e9383ffb02ee74217afc2d84571f83ed91f8b,2,1,ok,True,4,1061047,1061.047,0.187703,0.500617,0,time_limit,solomon_exact_1000_v1,missing,,,,,0.5,,100,2,25,fb89464a08a8315316a993462b898339a1874a83f2825c9a1b6ff87072390d28,False,restart5,2f49973e73781917e909ee5bb634874d062c82eed7e4418a0504f910149c2e25
RC204,solomon_txt,11e827eab51a959ebab66344e7b7cfd1aeed895287653b36a72c86a4440ecd77,0,1,ok,True,3,1500593,1500.593,0.273998,0.500574,0,time_limit,solomon_exact_1000_v1,missing,,,,,0.5,,100,2,25,fb89464a08a8315316a993462b898339a1874a83f2825c9a1b6ff87072390d28,False,restart5,2f49973e73781917e909ee5bb634874d062c82eed7e4418a0504f910149c2e25
RC204,solomon_txt,11e827eab51a959ebab66344e7b7cfd1aeed895287653b36a72c86a4440ecd77,1,1,ok,True,3,1500593,1500.593,0.269991,0.500559,0,time_limit,solomon_exact_1000_v1,missing,,,,,0.5,,100,2,25,fb89464a08a8315316a993462b898339a1874a83f2825c9a1b6ff87072390d28,False,restart5,2f49973e73781917e909ee5bb634874d062c82eed7e4418a0504f910149c2e25
RC204,solomon_txt,11e827eab51a959ebab66344e7b7cfd1aeed895287653b36a72c86a4440ecd77,2,1,ok,True,3,1500593,1500.593,0.266639,0.500572,0,time_limit,solomon_exact_1000_v1,missing,,,,,0.5,,100,2,25,fb89464a08a8315316a993462b898339a1874a83f2825c9a1b6ff87072390d28,False,restart5,2f49973e73781917e909ee5bb634874d062c82eed7e4418a0504f910149c2e25
RC205,solomon_txt,c061d306cf42310b0f3ca15612089f6c5a8d5604c0733bf26852477c787662c9,0,1,ok,True,4,1960553,1960.553,0.209464,0.500551,0,time_limit,solomon_exact_1000_v1,missing,,,,,0.5,,100,2,25,fb89464a08a8315316a993462b898339a1874a83f2825c9a1b6ff87072390d28,False,restart5,2f49973e73781917e909ee5bb634874d062c82eed7e4418a0504f910149c2e25
RC205,solomon_txt,c061d306cf42310b0f3ca15612089f6c5a8d5604c0733bf26852477c787662c9,1,1,ok,True,5,2063021,2063.021,0.198398,0.500569,0,time_limit,solomon_exact_1000_v1,missing,,,,,0.5,,100,2,25,fb89464a08a8315316a993462b898339a1874a83f2825c9a1b6ff87072390d28,False,restart5,2f49973e73781917e909ee5bb634874d062c82eed7e4418a0504f910149c2e25
RC205,solomon_txt,c061d306cf42310b0f3ca15612089f6c5a8d5604c0733bf26852477c787662c9,2,1,ok,True,5,2063021,2063.021,0.200951,0.500595,0,time_limit,solomon_exact_1000_v1,missing,,,,,0.5,,100,2,25,fb89464a08a8315316a993462b898339a1874a83f2825c9a1b6ff87072390d28,False,restart5,2f49973e73781917e909ee5bb634874d062c82eed7e4418a0504f910149c2e25
RC206,solomon_txt,5203aecf67c84df49e152645312a837ffefde529314ff892ca061538816e43a9,0,1,ok,True,4,2080287,2080.287,0.207705,0.500571,0,time_limit,solomon_exact_1000_v1,missing,,,,,0.5,,100,2,25,fb89464a08a8315316a993462b898339a1874a83f2825c9a1b6ff87072390d28,False,restart5,2f49973e73781917e909ee5bb634874d062c82eed7e4418a0504f910149c2e25
RC206,solomon_txt,5203aecf67c84df49e152645312a837ffefde529314ff892ca061538816e43a9,1,1,ok,True,4,1771858,1771.858,0.195576,0.500604,0,time_limit,solomon_exact_1000_v1,missing,,,,,0.5,,100,2,25,fb89464a08a8315316a993462b898339a1874a83f2825c9a1b6ff87072390d28,False,restart5,2f49973e73781917e909ee5bb634874d062c82eed7e4418a0504f910149c2e25
RC206,solomon_txt,5203aecf67c84df49e152645312a837ffefde529314ff892ca061538816e43a9,2,1,ok,True,4,1732495,1732.495,0.192372,0.500613,0,time_limit,solomon_exact_1000_v1,missing,,,,,0.5,,100,2,25,fb89464a08a8315316a993462b898339a1874a83f2825c9a1b6ff87072390d28,False,restart5,2f49973e73781917e909ee5bb634874d062c82eed7e4418a0504f910149c2e25
RC207,solomon_txt,5cab65f99b350cdb8fb1c4d0a12dde85eb4ff6a6d6daf292b182cb73de9a8b63,0,1,ok,True,4,1907431,1907.431,0.2265,0.500725,0,time_limit,solomon_exact_1000_v1,missing,,,,,0.5,,100,2,25,fb89464a08a8315316a993462b898339a1874a83f2825c9a1b6ff87072390d28,False,restart5,2f49973e73781917e909ee5bb634874d062c82eed7e4418a0504f910149c2e25
RC207,solomon_txt,5cab65f99b350cdb8fb1c4d0a12dde85eb4ff6a6d6daf292b182cb73de9a8b63,1,1,ok,True,4,1907431,1907.431,0.238258,0.500573,0,time_limit,solomon_exact_1000_v1,missing,,,,,0.5,,100,2,25,fb89464a08a8315316a993462b898339a1874a83f2825c9a1b6ff87072390d28,False,restart5,2f49973e73781917e909ee5bb634874d062c82eed7e4418a0504f910149c2e25
RC207,solomon_txt,5cab65f99b350cdb8fb1c4d0a12dde85eb4ff6a6d6daf292b182cb73de9a8b63,2,1,ok,True,4,1907431,1907.431,0.22115,0.500612,0,time_limit,solomon_exact_1000_v1,missing,,,,,0.5,,100,2,25,fb89464a08a8315316a993462b898339a1874a83f2825c9a1b6ff87072390d28,False,restart5,2f49973e73781917e909ee5bb634874d062c82eed7e4418a0504f910149c2e25
RC208,solomon_txt,3d67d2a8e2758a324643f5d6c6ca87e8c56435273eaa04be33f213bb991f1f28,0,1,ok,True,4,1913075,1913.075,0.226956,0.500888,0,time_limit,solomon_exact_1000_v1,missing,,,,,0.5,,100,2,25,fb89464a08a8315316a993462b898339a1874a83f2825c9a1b6ff87072390d28,False,restart5,2f49973e73781917e909ee5bb634874d062c82eed7e4418a0504f910149c2e25
RC208,solomon_txt,3d67d2a8e2758a324643f5d6c6ca87e8c56435273eaa04be33f213bb991f1f28,1,1,ok,True,4,1913075,1913.075,0.229125,0.500596,0,time_limit,solomon_exact_1000_v1,missing,,,,,0.5,,100,2,25,fb89464a08a8315316a993462b898339a1874a83f2825c9a1b6ff87072390d28,False,restart5,2f49973e73781917e909ee5bb634874d062c82eed7e4418a0504f910149c2e25
RC208,solomon_txt,3d67d2a8e2758a324643f5d6c6ca87e8c56435273eaa04be33f213bb991f1f28,2,1,ok,True,4,1913075,1913.075,0.234199,0.500516,0,time_limit,solomon_exact_1000_v1,missing,,,,,0.5,,100,2,25,fb89464a08a8315316a993462b898339a1874a83f2825c9a1b6ff87072390d28,False,restart5,2f49973e73781917e909ee5bb634874d062c82eed7e4418a0504f910149c2e25
C101,solomon_txt,a6da75152d182d60ecd2c6f854296f5be452f92282d096adebcf5d99a7f16516,0,1,ok,True,11,1015038,1015.038,0.111983,0.500668,0,time_limit,solomon_exact_1000_v1,different_vehicles,10,828.94,,,0.5,,100,2,25,fb89464a08a8315316a993462b898339a1874a83f2825c9a1b6ff87072390d28,False,repair_due,9e8385fd46e327994d0a91231ce9816665903f184e8be1a1a1edb8f8ee08caf0
C101,solomon_txt,a6da75152d182d60ecd2c6f854296f5be452f92282d096adebcf5d99a7f16516,1,1,ok,True,10,828937,828.937,0.104257,0.501196,1,time_limit,solomon_exact_1000_v1,same_vehicles,10,828.94,-0.0004,,0.5,,100,2,25,fb89464a08a8315316a993462b898339a1874a83f2825c9a1b6ff87072390d28,False,repair_due,9e8385fd46e327994d0a91231ce9816665903f184e8be1a1a1edb8f8ee08caf0
C101,solomon_txt,a6da75152d182d60ecd2c6f854296f5be452f92282d096adebcf5d99a7f16516,2,1,ok,True,11,918900,918.9,0.15921,0.50073,0,time_limit,solomon_exact_1000_v1,different_vehicles,10,828.94,,,0.5,,100,2,25,fb89464a08a8315316a993462b898339a1874a83f2825c9a1b6ff87072390d28,False,repair_due,9e8385fd46e327994d0a91231ce9816665903f184e8be1a1a1edb8f8ee08caf0
C102,solomon_txt,f89a0e2a760cc7448a4ca72b88e5b29b94d64b5548f3320f42a6230025ead653,0,1,ok,True,10,1258583,1258.583,0.158052,0.50062,1,time_limit,solomon_exact_1000_v1,same_vehicles,10,828.94,51.8304,,0.5,,100,2,25,fb89464a08a8315316a993462b898339a1874a83f2825c9a1b6ff87072390d28,False,repair_due,9e8385fd46e327994d0a91231ce9816665903f184e8be1a1a1edb8f8ee08caf0
C102,solomon_txt,f89a0e2a760cc7448a4ca72b88e5b29b94d64b5548f3320f42a6230025ead653,1,1,ok,True,10,1258583,1258.583,0.121086,0.500571,1,time_limit,solomon_exact_1000_v1,same_vehicles,10,828.94,51.8304,,0.5,,100,2,25,fb89464a08a8315316a993462b898339a1874a83f2825c9a1b6ff87072390d28,False,repair_due,9e8385fd46e327994d0a91231ce9816665903f184e8be1a1a1edb8f8ee08caf0
C102,solomon_txt,f89a0e2a760cc7448a4ca72b88e5b29b94d64b5548f3320f42a6230025ead653,2,1,ok,True,10,1258583,1258.583,0.103809,0.500664,1,time_limit,solomon_exact_1000_v1,same_vehicles,10,828.94,51.8304,,0.5,,100,2,25,fb89464a08a8315316a993462b898339a1874a83f2825c9a1b6ff87072390d28,False,repair_due,9e8385fd46e327994d0a91231ce9816665903f184e8be1a1a1edb8f8ee08caf0
C103,solomon_txt,a55cabf15e0da9d65696a5fb45c9852889479893f76f772a428ca15d1b415a51,0,1,ok,True,10,1819480,1819.48,0.118884,0.50065,3,time_limit,solomon_exact_1000_v1,same_vehicles,10,828.06,119.728,,0.5,,100,2,25,fb89464a08a8315316a993462b898339a1874a83f2825c9a1b6ff87072390d28,False,repair_due,9e8385fd46e327994d0a91231ce9816665903f184e8be1a1a1edb8f8ee08caf0
C103,solomon_txt,a55cabf15e0da9d65696a5fb45c9852889479893f76f772a428ca15d1b415a51,1,1,ok,True,10,1788945,1788.945,0.148486,0.500602,3,time_limit,solomon_exact_1000_v1,same_vehicles,10,828.06,116.0405,,0.5,,100,2,25,fb89464a08a8315316a993462b898339a1874a83f2825c9a1b6ff87072390d28,False,repair_due,9e8385fd46e327994d0a91231ce9816665903f184e8be1a1a1edb8f8ee08caf0
C103,solomon_txt,a55cabf15e0da9d65696a5fb45c9852889479893f76f772a428ca15d1b415a51,2,1,ok,True,10,1797230,1797.23,0.116829,0.50064,3,time_limit,solomon_exact_1000_v1,same_vehicles,10,828.06,117.041,,0.5,,100,2,25,fb89464a08a8315316a993462b898339a1874a83f2825c9a1b6ff87072390d28,False,repair_due,9e8385fd46e327994d0a91231ce9816665903f184e8be1a1a1edb8f8ee08caf0
C104,solomon_txt,fe333e81625ee5a75bb2ce98c2c9f356d07289237865b62a23ba2f32f0de5ee2,0,1,ok,True,10,1938129,1938.129,0.119267,0.500637,3,time_limit,solomon_exact_1000_v1,same_vehicles,10,824.78,134.9874,,0.5,,100,2,25,fb89464a08a8315316a993462b898339a1874a83f2825c9a1b6ff87072390d28,False,repair_due,9e8385fd46e327994d0a91231ce9816665903f184e8be1a1a1edb8f8ee08caf0
C104,solomon_txt,fe333e81625ee5a75bb2ce98c2c9f356d07289237865b62a23ba2f32f0de5ee2,1,1,ok,True,10,1847498,1847.498,0.12032,0.501251,3,time_limit,solomon_exact_1000_v1,same_vehicles,10,824.78,123.9989,,0.5,,100,2,25,fb89464a08a8315316a993462b898339a1874a83f2825c9a1b6ff87072390d28,False,repair_due,9e8385fd46e327994d0a91231ce9816665903f184e8be1a1a1edb8f8ee08caf0
C104,solomon_txt,fe333e81625ee5a75bb2ce98c2c9f356d07289237865b62a23ba2f32f0de5ee2,2,1,ok,True,10,1868896,1868.896,0.118882,0.500855,4,time_limit,solomon_exact_1000_v1,same_vehicles,10,824.78,126.5933,,0.5,,100,2,25,fb89464a08a8315316a993462b898339a1874a83f2825c9a1b6ff87072390d28,False,repair_due,9e8385fd46e327994d0a91231ce9816665903f184e8be1a1a1edb8f8ee08caf0
C105,solomon_txt,9a877a3a6fb922e7ad9297cc0308bc8a5652cb1495a0228ee6b81b2d938aa29f,0,1,ok,True,10,1152670,1152.67,0.100268,0.500592,1,time_limit,solomon_exact_1000_v1,same_vehicles,10,828.94,39.0535,,0.5,,100,2,25,fb89464a08a8315316a993462b898339a1874a83f2825c9a1b6ff87072390d28,False,repair_due,9e8385fd46e327994d0a91231ce9816665903f184e8be1a1a1edb8f8ee08caf0
C105,solomon_txt,9a877a3a6fb922e7ad9297cc0308bc8a5652cb1495a0228ee6b81b2d938aa29f,1,1,ok,True,10,1039051,1039.051,0.099824,0.500627,1,time_limit,solomon_exact_1000_v1,same_vehicles,10,828.94,25.3469,,0.5,,100,2,25,fb89464a08a8315316a993462b898339a1874a83f2825c9a1b6ff87072390d28,False,repair_due,9e8385fd46e327994d0a91231ce9816665903f184e8be1a1a1edb8f8ee08caf0
C105,solomon_txt,9a877a3a6fb922e7ad9297cc0308bc8a5652cb1495a0228ee6b81b2d938aa29f,2,1,ok,True,10,1066901,1066.901,0.106884,0.500572,1,time_limit,solomon_exact_1000_v1,same_vehicles,10,828.94,28.7067,,0.5,,100,2,25,fb89464a08a8315316a993462b898339a1874a83f2825c9a1b6ff87072390d28,False,repair_due,9e8385fd46e327994d0a91231ce9816665903f184e8be1a1a1edb8f8ee08caf0
C106,solomon_txt,ec9b419bed53e9c607cce76e8c6bc59feb6e4d17646905601f008a4141ec7b40,0,1,ok,True,10,1155645,1155.645,0.108328,0.500561,1,time_limit,solomon_exact_1000_v1,same_vehicles,10,828.94,39.4124,,0.5,,100,2,25,fb89464a08a8315316a993462b898339a1874a83f2825c9a1b6ff87072390d28,False,repair_due,9e8385fd46e327994d0a91231ce9816665903f184e8be1a1a1edb8f8ee08caf0
C106,solomon_txt,ec9b419bed53e9c607cce76e8c6bc59feb6e4d17646905601f008a4141ec7b40,1,1,ok,True,10,1100696,1100.696,0.09631,0.50064,1,time_limit,solomon_exact_1000_v1,same_vehicles,10,828.94,32.7836,,0.5,,100,2,25,fb89464a08a8315316a993462b898339a1874a83f2825c9a1b6ff87072390d28,False,repair_due,9e8385fd46e327994d0a91231ce9816665903f184e8be1a1a1edb8f8ee08caf0
C106,solomon_txt,ec9b419bed53e9c607cce76e8c6bc59feb6e4d17646905601f008a4141ec7b40,2,1,ok,True,10,1084912,1084.912,0.094917,0.500565,1,time_limit,solomon_exact_1000_v1,same_vehicles,10,828.94,30.8794,,0.5,,100,2,25,fb89464a08a8315316a993462b898339a1874a83f2825c9a1b6ff87072390d28,False,repair_due,9e8385fd46e327994d0a91231ce9816665903f184e8be1a1a1edb8f8ee08caf0
C107,solomon_txt,cb3cdc10d812fa17370eb52cb753b6b0574426dc6fabeb8b9076ed750ddf05ca,0,1,ok,True,10,1088386,1088.386,0.1076,0.500784,1,time_limit,solomon_exact_1000_v1,same_vehicles,10,828.06,31.4381,,0.5,,100,2,25,fb89464a08a8315316a993462b898339a1874a83f2825c9a1b6ff87072390d28,False,repair_due,9e8385fd46e327994d0a91231ce9816665903f184e8be1a1a1edb8f8ee08caf0
C107,solomon_txt,cb3cdc10d812fa17370eb52cb753b6b0574426dc6fabeb8b9076ed750ddf05ca,1,1,ok,True,10,1119053,1119.053,0.10909,0.500559,1,time_limit,solomon_exact_1000_v1,same_vehicles,10,828.06,35.1415,,0.5,,100,2,25,fb89464a08a8315316a993462b898339a1874a83f2825c9a1b6ff87072390d28,False,repair_due,9e8385fd46e327994d0a91231ce9816665903f184e8be1a1a1edb8f8ee08caf0
C107,solomon_txt,cb3cdc10d812fa17370eb52cb753b6b0574426dc6fabeb8b9076ed750ddf05ca,2,1,ok,True,10,1087988,1087.988,0.105006,0.500614,1,time_limit,solomon_exact_1000_v1,same_vehicles,10,828.06,31.39,,0.5,,100,2,25,fb89464a08a8315316a993462b898339a1874a83f2825c9a1b6ff87072390d28,False,repair_due,9e8385fd46e327994d0a91231ce9816665903f184e8be1a1a1edb8f8ee08caf0
C108,solomon_txt,b8c7e48f292b66b283d8e71511e3a4eccaa4c4bc66b9313c399e73b0226f5953,0,1,ok,True,11,2132182,2132.182,0.10115,0.500613,0,time_limit,solomon_exact_1000_v1,different_vehicles,10,828.94,,,0.5,,100,2,25,fb89464a08a8315316a993462b898339a1874a83f2825c9a1b6ff87072390d28,False,repair_due,9e8385fd46e327994d0a91231ce9816665903f184e8be1a1a1edb8f8ee08caf0
C108,solomon_txt,b8c7e48f292b66b283d8e71511e3a4eccaa4c4bc66b9313c399e73b0226f5953,1,1,ok,True,10,1562897,1562.897,0.106139,0.50065,1,time_limit,solomon_exact_1000_v1,same_vehicles,10,828.94,88.5416,,0.5,,100,2,25,fb89464a08a8315316a993462b898339a1874a83f2825c9a1b6ff87072390d28,False,repair_due,9e8385fd46e327994d0a91231ce9816665903f184e8be1a1a1edb8f8ee08caf0
C108,solomon_txt,b8c7e48f292b66b283d8e71511e3a4eccaa4c4bc66b9313c399e73b0226f5953,2,1,ok,True,10,1419591,1419.591,0.116356,0.500593,2,time_limit,solomon_exact_1000_v1,same_vehicles,10,828.94,71.2538,,0.5,,100,2,25,fb89464a08a8315316a993462b898339a1874a83f2825c9a1b6ff87072390d28,False,repair_due,9e8385fd46e327994d0a91231ce9816665903f184e8be1a1a1edb8f8ee08caf0
C109,solomon_txt,72d8489e14bf1bb18456f0b21b01110506cbcc2354719dae8481b480150f142a,0,1,ok,True,10,1652371,1652.371,0.14655,0.500667,3,time_limit,solomon_exact_1000_v1,same_vehicles,10,828.94,99.3354,,0.5,,100,2,25,fb89464a08a8315316a993462b898339a1874a83f2825c9a1b6ff87072390d28,False,repair_due,9e8385fd46e327994d0a91231ce9816665903f184e8be1a1a1edb8f8ee08caf0
C109,solomon_txt,72d8489e14bf1bb18456f0b21b01110506cbcc2354719dae8481b480150f142a,1,1,ok,True,10,1613769,1613.769,0.122642,0.501079,4,time_limit,solomon_exact_1000_v1,same_vehicles,10,828.94,94.6786,,0.5,,100,2,25,fb89464a08a8315316a993462b898339a1874a83f2825c9a1b6ff87072390d28,False,repair_due,9e8385fd46e327994d0a91231ce9816665903f184e8be1a1a1edb8f8ee08caf0
C109,solomon_txt,72d8489e14bf1bb18456f0b21b01110506cbcc2354719dae8481b480150f142a,2,1,ok,True,10,1633369,1633.369,0.155988,0.500616,4,time_limit,solomon_exact_1000_v1,same_vehicles,10,828.94,97.0431,,0.5,,100,2,25,fb89464a08a8315316a993462b898339a1874a83f2825c9a1b6ff87072390d28,False,repair_due,9e8385fd46e327994d0a91231ce9816665903f184e8be1a1a1edb8f8ee08caf0
C201,solomon_txt,d8d9834087ae2326fa23a8510533060233dc9fb481873be60956eb26a880ad63,0,1,ok,True,3,704252,704.252,0.272815,0.50067,1,time_limit,solomon_exact_1000_v1,same_vehicles,3,591.56,19.05,,0.5,,100,2,25,fb89464a08a8315316a993462b898339a1874a83f2825c9a1b6ff87072390d28,False,repair_due,9e8385fd46e327994d0a91231ce9816665903f184e8be1a1a1edb8f8ee08caf0
C201,solomon_txt,d8d9834087ae2326fa23a8510533060233dc9fb481873be60956eb26a880ad63,1,1,ok,True,3,704252,704.252,0.276884,0.500851,1,time_limit,solomon_exact_1000_v1,same_vehicles,3,591.56,19.05,,0.5,,100,2,25,fb89464a08a8315316a993462b898339a1874a83f2825c9a1b6ff87072390d28,False,repair_due,9e8385fd46e327994d0a91231ce9816665903f184e8be1a1a1edb8f8ee08caf0
C201,solomon_txt,d8d9834087ae2326fa23a8510533060233dc9fb481873be60956eb26a880ad63,2,1,ok,True,3,704252,704.252,0.266056,0.500655,1,time_limit,solomon_exact_1000_v1,same_vehicles,3,591.56,19.05,,0.5,,100,2,25,fb89464a08a8315316a993462b898339a1874a83f2825c9a1b6ff87072390d28,False,repair_due,9e8385fd46e327994d0a91231ce9816665903f184e8be1a1a1edb8f8ee08caf0
C202,solomon_txt,dfc8ecad79f6c7ffb096cd36994143569f0babe284d5ad194683271d81063772,0,1,ok,True,3,746236,746.236,0.268319,0.500761,1,time_limit,solomon_exact_1000_v1,same_vehicles,3,591.56,26.1471,,0.5,,100,2,25,fb89464a08a8315316a993462b898339a1874a83f2825c9a1b6ff87072390d28,False,repair_due,9e8385fd46e327994d0a91231ce9816665903f184e8be1a1a1edb8f8ee08caf0
C202,solomon_txt,dfc8ecad79f6c7ffb096cd36994143569f0babe284d5ad194683271d81063772,1,1,ok,True,3,746236,746.236,0.251015,0.500671,1,time_limit,solomon_exact_1000_v1,same_vehicles,3,591.56,26.1471,,0.5,,100,2,25,fb89464a08a8315316a993462b898339a1874a83f2825c9a1b6ff87072390d28,False,repair_due,9e8385fd46e327994d0a91231ce9816665903f184e8be1a1a1edb8f8ee08caf0
C202,solomon_txt,dfc8ecad79f6c7ffb096cd36994143569f0babe284d5ad194683271d81063772,2,1,ok,True,3,746236,746.236,0.248441,0.500608,1,time_limit,solomon_exact_1000_v1,same_vehicles,3,591.56,26.1471,,0.5,,100,2,25,fb89464a08a8315316a993462b898339a1874a83f2825c9a1b6ff87072390d28,False,repair_due,9e8385fd46e327994d0a91231ce9816665903f184e8be1a1a1edb8f8ee08caf0
C203,solomon_txt,2b79eea2962a848cb29f6153d4fb4ae725d35507686d937da6643b33fcd85062,0,1,ok,True,3,690753,690.753,0.253075,0.500347,1,time_limit,solomon_exact_1000_v1,same_vehicles,3,591.17,16.8451,,0.5,,100,2,25,fb89464a08a8315316a993462b898339a1874a83f2825c9a1b6ff87072390d28,False,repair_due,9e8385fd46e327994d0a91231ce9816665903f184e8be1a1a1edb8f8ee08caf0
C203,solomon_txt,2b79eea2962a848cb29f6153d4fb4ae725d35507686d937da6643b33fcd85062,1,1,ok,True,3,765859,765.859,0.240196,0.500358,1,time_limit,solomon_exact_1000_v1,same_vehicles,3,591.17,29.5497,,0.5,,100,2,25,fb89464a08a8315316a993462b898339a1874a83f2825c9a1b6ff87072390d28,False,repair_due,9e8385fd46e327994d0a91231ce9816665903f184e8be1a1a1edb8f8ee08caf0
C203,solomon_txt,2b79eea2962a848cb29f6153d4fb4ae725d35507686d937da6643b33fcd85062,2,1,ok,True,3,695185,695.185,0.238824,0.500648,1,time_limit,solomon_exact_1000_v1,same_vehicles,3,591.17,17.5948,,0.5,,100,2,25,fb89464a08a8315316a993462b898339a1874a83f2825c9a1b6ff87072390d28,False,repair_due,9e8385fd46e327994d0a91231ce9816665903f184e8be1a1a1edb8f8ee08caf0
C204,solomon_txt,4331b2744d34e32c2987e3fe8a82b782a2039d757d2aac818f7e0fd21117bfb4,0,1,ok,True,3,965970,965.97,0.259665,0.500284,1,time_limit,solomon_exact_1000_v1,same_vehicles,3,590.6,63.5574,,0.5,,100,2,25,fb89464a08a8315316a993462b898339a1874a83f2825c9a1b6ff87072390d28,False,repair_due,9e8385fd46e327994d0a91231ce9816665903f184e8be1a1a1edb8f8ee08caf0
C204,solomon_txt,4331b2744d34e32c2987e3fe8a82b782a2039d757d2aac818f7e0fd21117bfb4,1,1,ok,True,3,780549,780.549,0.261664,0.500306,1,time_limit,solomon_exact_1000_v1,same_vehicles,3,590.6,32.162,,0.5,,100,2,25,fb89464a08a8315316a993462b898339a1874a83f2825c9a1b6ff87072390d28,False,repair_due,9e8385fd46e327994d0a91231ce9816665903f184e8be1a1a1edb8f8ee08caf0
C204,solomon_txt,4331b2744d34e32c2987e3fe8a82b782a2039d757d2aac818f7e0fd21117bfb4,2,1,ok,True,3,743140,743.14,0.262374,0.500295,1,time_limit,solomon_exact_1000_v1,same_vehicles,3,590.6,25.828,,0.5,,100,2,25,fb89464a08a8315316a993462b898339a1874a83f2825c9a1b6ff87072390d28,False,repair_due,9e8385fd46e327994d0a91231ce9816665903f184e8be1a1a1edb8f8ee08caf0
C205,solomon_txt,15be2bb8c3e4ad99a79d1e7ee0472223feb95a4f423d010e032bda0a87266ca5,0,1,ok,True,3,786435,786.435,0.233897,0.50027,1,time_limit,solomon_exact_1000_v1,same_vehicles,3,588.88,33.5476,,0.5,,100,2,25,fb89464a08a8315316a993462b898339a1874a83f2825c9a1b6ff87072390d28,False,repair_due,9e8385fd46e327994d0a91231ce9816665903f184e8be1a1a1edb8f8ee08caf0
C205,solomon_txt,15be2bb8c3e4ad99a79d1e7ee0472223feb95a4f423d010e032bda0a87266ca5,1,1,ok,True,4,912158,912.158,0.240253,0.500566,0,time_limit,solomon_exact_1000_v1,different_vehicles,3,588.88,,,0.5,,100,2,25,fb89464a08a8315316a993462b898339a1874a83f2825c9a1b6ff87072390d28,False,repair_due,9e8385fd46e327994d0a91231ce9816665903f184e8be1a1a1edb8f8ee08caf0
C205,solomon_txt,15be2bb8c3e4ad99a79d1e7ee0472223feb95a4f423d010e032bda0a87266ca5,2,1,ok,True,3,753690,753.69,0.234681,0.500258,1,time_limit,solomon_exact_1000_v1,same_vehicles,3,588.88,27.987,,0.5,,100,2,25,fb89464a08a8315316a993462b898339a1874a83f2825c9a1b6ff87072390d28,False,repair_due,9e8385fd46e327994d0a91231ce9816665903f184e8be1a1a1edb8f8ee08caf0
C206,solomon_txt,745b6c7042707ffbbfc4d681ee02a84431425f1dfb3c8aa85ecf003fec8f7e53,0,1,ok,True,4,1154595,1154.595,0.285837,0.500576,0,time_limit,solomon_exact_1000_v1,different_vehicles,3,588.49,,,0.5,,100,2,25,fb89464a08a8315316a993462b898339a1874a83f2825c9a1b6ff87072390d28,False,repair_due,9e8385fd46e327994d0a91231ce9816665903f184e8be1a1a1edb8f8ee08caf0
C206,solomon_txt,745b6c7042707ffbbfc4d681ee02a84431425f1dfb3c8aa85ecf003fec8f7e53,1,1,ok,True,4,1154595,1154.595,0.263973,0.500591,0,time_limit,solomon_exact_1000_v1,different_vehicles,3,588.49,,,0.5,,100,2,25,fb89464a08a8315316a993462b898339a1874a83f2825c9a1b6ff87072390d28,False,repair_due,9e8385fd46e327994d0a91231ce9816665903f184e8be1a1a1edb8f8ee08caf0
C206,solomon_txt,745b6c7042707ffbbfc4d681ee02a84431425f1dfb3c8aa85ecf003fec8f7e53,2,1,ok,True,4,1154595,1154.595,0.331847,0.501055,0,time_limit,solomon_exact_1000_v1,different_vehicles,3,588.49,,,0.5,,100,2,25,fb89464a08a8315316a993462b898339a1874a83f2825c9a1b6ff87072390d28,False,repair_due,9e8385fd46e327994d0a91231ce9816665903f184e8be1a1a1edb8f8ee08caf0
C207,solomon_txt,a33f03570a944c8a6d185fd6a173e66c68e67c399a4958b2d5b6d49533ace4a4,0,1,ok,True,4,980937,980.937,0.396875,0.500834,0,time_limit,solomon_exact_1000_v1,different_vehicles,3,588.29,,,0.5,,100,2,25,fb89464a08a8315316a993462b898339a1874a83f2825c9a1b6ff87072390d28,False,repair_due,9e8385fd46e327994d0a91231ce9816665903f184e8be1a1a1edb8f8ee08caf0
C207,solomon_txt,a33f03570a944c8a6d185fd6a173e66c68e67c399a4958b2d5b6d49533ace4a4,1,1,ok,True,4,980937,980.937,0.317715,0.500625,0,time_limit,solomon_exact_1000_v1,different_vehicles,3,588.29,,,0.5,,100,2,25,fb89464a08a8315316a993462b898339a1874a83f2825c9a1b6ff87072390d28,False,repair_due,9e8385fd46e327994d0a91231ce9816665903f184e8be1a1a1edb8f8ee08caf0
C207,solomon_txt,a33f03570a944c8a6d185fd6a173e66c68e67c399a4958b2d5b6d49533ace4a4,2,1,ok,True,4,980937,980.937,0.336998,0.500627,0,time_limit,solomon_exact_1000_v1,different_vehicles,3,588.29,,,0.5,,100,2,25,fb89464a08a8315316a993462b898339a1874a83f2825c9a1b6ff87072390d28,False,repair_due,9e8385fd46e327994d0a91231ce9816665903f184e8be1a1a1edb8f8ee08caf0
C208,solomon_txt,1c2f2381b8743680dbeb34322869cbf5a6cdd8c281f4bcffdb99b533e601874b,0,1,ok,True,4,957831,957.831,0.311443,0.500643,0,time_limit,solomon_exact_1000_v1,different_vehicles,3,588.32,,,0.5,,100,2,25,fb89464a08a8315316a993462b898339a1874a83f2825c9a1b6ff87072390d28,False,repair_due,9e8385fd46e327994d0a91231ce9816665903f184e8be1a1a1edb8f8ee08caf0
C208,solomon_txt,1c2f2381b8743680dbeb34322869cbf5a6cdd8c281f4bcffdb99b533e601874b,1,1,ok,True,4,957831,957.831,0.281869,0.50058,0,time_limit,solomon_exact_1000_v1,different_vehicles,3,588.32,,,0.5,,100,2,25,fb89464a08a8315316a993462b898339a1874a83f2825c9a1b6ff87072390d28,False,repair_due,9e8385fd46e327994d0a91231ce9816665903f184e8be1a1a1edb8f8ee08caf0
C208,solomon_txt,1c2f2381b8743680dbeb34322869cbf5a6cdd8c281f4bcffdb99b533e601874b,2,1,ok,True,4,957831,957.831,0.28189,0.500595,0,time_limit,solomon_exact_1000_v1,different_vehicles,3,588.32,,,0.5,,100,2,25,fb89464a08a8315316a993462b898339a1874a83f2825c9a1b6ff87072390d28,False,repair_due,9e8385fd46e327994d0a91231ce9816665903f184e8be1a1a1edb8f8ee08caf0
R101,solomon_txt,3f3655182bc0fe44ce5de65fdcd2ee2f9c7fb9ed055f923635151d9d6f76d3ed,0,1,ok,True,22,1914025,1914.025,0.076916,0.50071,0,time_limit,solomon_exact_1000_v1,missing,,,,,0.5,,100,2,25,fb89464a08a8315316a993462b898339a1874a83f2825c9a1b6ff87072390d28,False,repair_due,9e8385fd46e327994d0a91231ce9816665903f184e8be1a1a1edb8f8ee08caf0
R101,solomon_txt,3f3655182bc0fe44ce5de65fdcd2ee2f9c7fb9ed055f923635151d9d6f76d3ed,1,1,ok,True,21,1903068,1903.068,0.077145,0.500654,0,time_limit,solomon_exact_1000_v1,missing,,,,,0.5,,100,2,25,fb89464a08a8315316a993462b898339a1874a83f2825c9a1b6ff87072390d28,False,repair_due,9e8385fd46e327994d0a91231ce9816665903f184e8be1a1a1edb8f8ee08caf0
R101,solomon_txt,3f3655182bc0fe44ce5de65fdcd2ee2f9c7fb9ed055f923635151d9d6f76d3ed,2,1,ok,True,21,1875855,1875.855,0.076312,0.500614,0,time_limit,solomon_exact_1000_v1,missing,,,,,0.5,,100,2,25,fb89464a08a8315316a993462b898339a1874a83f2825c9a1b6ff87072390d28,False,repair_due,9e8385fd46e327994d0a91231ce9816665903f184e8be1a1a1edb8f8ee08caf0
R102,solomon_txt,eeb23171b7e4fbfc80bf000ca770329109900fbd7273fa8b9d1f95b7dfe683c3,0,1,ok,True,19,1643648,1643.648,0.082388,0.500646,0,time_limit,solomon_exact_1000_v1,missing,,,,,0.5,,100,2,25,fb89464a08a8315316a993462b898339a1874a83f2825c9a1b6ff87072390d28,False,repair_due,9e8385fd46e327994d0a91231ce9816665903f184e8be1a1a1edb8f8ee08caf0
R102,solomon_txt,eeb23171b7e4fbfc80bf000ca770329109900fbd7273fa8b9d1f95b7dfe683c3,1,1,ok,True,19,1699360,1699.36,0.084735,0.50061,0,time_limit,solomon_exact_1000_v1,missing,,,,,0.5,,100,2,25,fb89464a08a8315316a993462b898339a1874a83f2825c9a1b6ff87072390d28,False,repair_due,9e8385fd46e327994d0a91231ce9816665903f184e8be1a1a1edb8f8ee08caf0
R102,solomon_txt,eeb23171b7e4fbfc80bf000ca770329109900fbd7273fa8b9d1f95b7dfe683c3,2,1,ok,True,19,1606305,1606.305,0.08208,0.500659,0,time_limit,solomon_exact_1000_v1,missing,,,,,0.5,,100,2,25,fb89464a08a8315316a993462b898339a1874a83f2825c9a1b6ff87072390d28,False,repair_due,9e8385fd46e327994d0a91231ce9816665903f184e8be1a1a1edb8f8ee08caf0
R103,solomon_txt,1f833e8648ba39e0edc76754fb49e81777a7175cf7b084c3f60a12607bfb3991,0,1,ok,True,14,1546015,1546.015,0.092242,0.500593,0,time_limit,solomon_exact_1000_v1,missing,,,,,0.5,,100,2,25,fb89464a08a8315316a993462b898339a1874a83f2825c9a1b6ff87072390d28,False,repair_due,9e8385fd46e327994d0a91231ce9816665903f184e8be1a1a1edb8f8ee08caf0
R103,solomon_txt,1f833e8648ba39e0edc76754fb49e81777a7175cf7b084c3f60a12607bfb3991,1,1,ok,True,14,1546015,1546.015,0.094145,0.500957,0,time_limit,solomon_exact_1000_v1,missing,,,,,0.5,,100,2,25,fb89464a08a8315316a993462b898339a1874a83f2825c9a1b6ff87072390d28,False,repair_due,9e8385fd46e327994d0a91231ce9816665903f184e8be1a1a1edb8f8ee08caf0
R103,solomon_txt,1f833e8648ba39e0edc76754fb49e81777a7175cf7b084c3f60a12607bfb3991,2,1,ok,True,14,1546015,1546.015,0.169538,0.501064,0,time_limit,solomon_exact_1000_v1,missing,,,,,0.5,,100,2,25,fb89464a08a8315316a993462b898339a1874a83f2825c9a1b6ff87072390d28,False,repair_due,9e8385fd46e327994d0a91231ce9816665903f184e8be1a1a1edb8f8ee08caf0
R104,solomon_txt,dd087124311d91facd81736debbfc7d0f351d27942917e2d76cbafd01e6183b7,0,1,ok,True,11,1186697,1186.697,0.130293,0.500425,0,time_limit,solomon_exact_1000_v1,missing,,,,,0.5,,100,2,25,fb89464a08a8315316a993462b898339a1874a83f2825c9a1b6ff87072390d28,False,repair_due,9e8385fd46e327994d0a91231ce9816665903f184e8be1a1a1edb8f8ee08caf0
R104,solomon_txt,dd087124311d91facd81736debbfc7d0f351d27942917e2d76cbafd01e6183b7,1,1,ok,True,11,1241810,1241.81,0.118662,0.50064,0,time_limit,solomon_exact_1000_v1,missing,,,,,0.5,,100,2,25,fb89464a08a8315316a993462b898339a1874a83f2825c9a1b6ff87072390d28,False,repair_due,9e8385fd46e327994d0a91231ce9816665903f184e8be1a1a1edb8f8ee08caf0
R104,solomon_txt,dd087124311d91facd81736debbfc7d0f351d27942917e2d76cbafd01e6183b7,2,1,ok,True,11,1321819,1321.819,0.10543,0.500602,0,time_limit,solomon_exact_1000_v1,missing,,,,,0.5,,100,2,25,fb89464a08a8315316a993462b898339a1874a83f2825c9a1b6ff87072390d28,False,repair_due,9e8385fd46e327994d0a91231ce9816665903f184e8be1a1a1edb8f8ee08caf0
R105,solomon_txt,ff1a614f8458d6339b3f54d8e4ca2dcf0a35c96012f477f6a819ae481de85ca4,0,1,ok,True,17,1734216,1734.216,0.083693,0.500614,0,time_limit,solomon_exact_1000_v1,missing,,,,,0.5,,100,2,25,fb89464a08a8315316a993462b898339a1874a83f2825c9a1b6ff87072390d28,False,repair_due,9e8385fd46e327994d0a91231ce9816665903f184e8be1a1a1edb8f8ee08caf0
R105,solomon_txt,ff1a614f8458d6339b3f54d8e4ca2dcf0a35c96012f477f6a819ae481de85ca4,1,1,ok,True,17,1683209,1683.209,0.089516,0.500608,0,time_limit,solomon_exact_1000_v1,missing,,,,,0.5,,100,2,25,fb89464a08a8315316a993462b898339a1874a83f2825c9a1b6ff87072390d28,False,repair_due,9e8385fd46e327994d0a91231ce9816665903f184e8be1a1a1edb8f8ee08caf0
R105,solomon_txt,ff1a614f8458d6339b3f54d8e4ca2dcf0a35c96012f477f6a819ae481de85ca4,2,1,ok,True,17,1834998,1834.998,0.084259,0.500624,0,time_limit,solomon_exact_1000_v1,missing,,,,,0.5,,100,2,25,fb89464a08a8315316a993462b898339a1874a83f2825c9a1b6ff87072390d28,False,repair_due,9e8385fd46e327994d0a91231ce9816665903f184e8be1a1a1edb8f8ee08caf0
R106,solomon_txt,31b8783d177f0fbe1c84b8f085fbf28b1989a80e4c00f49f5654ebef99835e97,0,1,ok,True,14,1545086,1545.086,0.086126,0.500623,0,time_limit,solomon_exact_1000_v1,missing,,,,,0.5,,100,2,25,fb89464a08a8315316a993462b898339a1874a83f2825c9a1b6ff87072390d28,False,repair_due,9e8385fd46e327994d0a91231ce9816665903f184e8be1a1a1edb8f8ee08caf0
R106,solomon_txt,31b8783d177f0fbe1c84b8f085fbf28b1989a80e4c00f49f5654ebef99835e97,1,1,ok,True,14,1642821,1642.821,0.086649,0.500601,0,time_limit,solomon_exact_1000_v1,missing,,,,,0.5,,100,2,25,fb89464a08a8315316a993462b898339a1874a83f2825c9a1b6ff87072390d28,False,repair_due,9e8385fd46e327994d0a91231ce9816665903f184e8be1a1a1edb8f8ee08caf0
R106,solomon_txt,31b8783d177f0fbe1c84b8f085fbf28b1989a80e4c00f49f5654ebef99835e97,2,1,ok,True,14,1559373,1559.373,0.093418,0.50079,0,time_limit,solomon_exact_1000_v1,missing,,,,,0.5,,100,2,25,fb89464a08a8315316a993462b898339a1874a83f2825c9a1b6ff87072390d28,False,repair_due,9e8385fd46e327994d0a91231ce9816665903f184e8be1a1a1edb8f8ee08caf0
R107,solomon_txt,dba2b257a1d43d7c78d5e3a9f09091a2b125d3fbec78c0c8a1782add669a1275,0,1,ok,True,12,1283469,1283.469,0.108199,0.500659,0,time_limit,solomon_exact_1000_v1,missing,,,,,0.5,,100,2,25,fb89464a08a8315316a993462b898339a1874a83f2825c9a1b6ff87072390d28,False,repair_due,9e8385fd46e327994d0a91231ce9816665903f184e8be1a1a1edb8f8ee08caf0
R107,solomon_txt,dba2b257a1d43d7c78d5e3a9f09091a2b125d3fbec78c0c8a1782add669a1275,1,1,ok,True,12,1525686,1525.686,0.101827,0.500656,0,time_limit,solomon_exact_1000_v1,missing,,,,,0.5,,100,2,25,fb89464a08a8315316a993462b898339a1874a83f2825c9a1b6ff87072390d28,False,repair_due,9e8385fd46e327994d0a91231ce9816665903f184e8be1a1a1edb8f8ee08caf0
R107,solomon_txt,dba2b257a1d43d7c78d5e3a9f09091a2b125d3fbec78c0c8a1782add669a1275,2,1,ok,True,12,1486083,1486.083,0.112649,0.500656,0,time_limit,solomon_exact_1000_v1,missing,,,,,0.5,,100,2,25,fb89464a08a8315316a993462b898339a1874a83f2825c9a1b6ff87072390d28,False,repair_due,9e8385fd46e327994d0a91231ce9816665903f184e8be1a1a1edb8f8ee08caf0
R108,solomon_txt,65cae09f4099b7e70d2b723e0e3a30aa1494c75a367bb894a3fd13241ee639d4,0,1,ok,True,11,1315436,1315.436,0.11488,0.500687,0,time_limit,solomon_exact_1000_v1,missing,,,,,0.5,,100,2,25,fb89464a08a8315316a993462b898339a1874a83f2825c9a1b6ff87072390d28,False,repair_due,9e8385fd46e327994d0a91231ce9816665903f184e8be1a1a1edb8f8ee08caf0
R108,solomon_txt,65cae09f4099b7e70d2b723e0e3a30aa1494c75a367bb894a3fd13241ee639d4,1,1,ok,True,10,1128679,1128.679,0.116785,0.500574,0,time_limit,solomon_exact_1000_v1,missing,,,,,0.5,,100,2,25,fb89464a08a8315316a993462b898339a1874a83f2825c9a1b6ff87072390d28,False,repair_due,9e8385fd46e327994d0a91231ce9816665903f184e8be1a1a1edb8f8ee08caf0
R108,solomon_txt,65cae09f4099b7e70d2b723e0e3a30aa1494c75a367bb894a3fd13241ee639d4,2,1,ok,True,11,1360850,1360.85,0.114019,0.500687,0,time_limit,solomon_exact_1000_v1,missing,,,,,0.5,,100,2,25,fb89464a08a8315316a993462b898339a1874a83f2825c9a1b6ff87072390d28,False,repair_due,9e8385fd46e327994d0a91231ce9816665903f184e8be1a1a1edb8f8ee08caf0
R109,solomon_txt,4ef24030e8c48de5f85dcd90c5739186004fc8dec87533b6467013cf996f4777,0,1,ok,True,17,1563711,1563.711,0.126413,0.500621,0,time_limit,solomon_exact_1000_v1,missing,,,,,0.5,,100,2,25,fb89464a08a8315316a993462b898339a1874a83f2825c9a1b6ff87072390d28,False,repair_due,9e8385fd46e327994d0a91231ce9816665903f184e8be1a1a1edb8f8ee08caf0
R109,solomon_txt,4ef24030e8c48de5f85dcd90c5739186004fc8dec87533b6467013cf996f4777,1,1,ok,True,16,1606532,1606.532,0.141214,0.500625,0,time_limit,solomon_exact_1000_v1,missing,,,,,0.5,,100,2,25,fb89464a08a8315316a993462b898339a1874a83f2825c9a1b6ff87072390d28,False,repair_due,9e8385fd46e327994d0a91231ce9816665903f184e8be1a1a1edb8f8ee08caf0
R109,solomon_txt,4ef24030e8c48de5f85dcd90c5739186004fc8dec87533b6467013cf996f4777,2,1,ok,True,17,1630060,1630.06,0.11083,0.501038,0,time_limit,solomon_exact_1000_v1,missing,,,,,0.5,,100,2,25,fb89464a08a8315316a993462b898339a1874a83f2825c9a1b6ff87072390d28,False,repair_due,9e8385fd46e327994d0a91231ce9816665903f184e8be1a1a1edb8f8ee08caf0
R110,solomon_txt,14cb53cb99af61d3d708f07564b9a72d146e7c26b4f10507cfaf3bc828f34bfa,0,1,ok,True,14,1574826,1574.826,0.139953,0.501288,0,time_limit,solomon_exact_1000_v1,missing,,,,,0.5,,100,2,25,fb89464a08a8315316a993462b898339a1874a83f2825c9a1b6ff87072390d28,False,repair_due,9e8385fd46e327994d0a91231ce9816665903f184e8be1a1a1edb8f8ee08caf0
R110,solomon_txt,14cb53cb99af61d3d708f07564b9a72d146e7c26b4f10507cfaf3bc828f34bfa,1,1,ok,True,13,1528254,1528.254,0.158448,0.500721,0,time_limit,solomon_exact_1000_v1,missing,,,,,0.5,,100,2,25,fb89464a08a8315316a993462b898339a1874a83f2825c9a1b6ff87072390d28,False,repair_due,9e8385fd46e327994d0a91231ce9816665903f184e8be1a1a1edb8f8ee08caf0
R110,solomon_txt,14cb53cb99af61d3d708f07564b9a72d146e7c26b4f10507cfaf3bc828f34bfa,2,1,ok,True,13,1564765,1564.765,0.116751,0.501136,0,time_limit,solomon_exact_1000_v1,missing,,,,,0.5,,100,2,25,fb89464a08a8315316a993462b898339a1874a83f2825c9a1b6ff87072390d28,False,repair_due,9e8385fd46e327994d0a91231ce9816665903f184e8be1a1a1edb8f8ee08caf0
R111,solomon_txt,3d94a73b1f2fe8aae4618b9d9ea254cff2e3924a6a841aa390096ec6c60f258d,0,1,ok,True,12,1406336,1406.336,0.1015,0.500605,0,time_limit,solomon_exact_1000_v1,missing,,,,,0.5,,100,2,25,fb89464a08a8315316a993462b898339a1874a83f2825c9a1b6ff87072390d28,False,repair_due,9e8385fd46e327994d0a91231ce9816665903f184e8be1a1a1edb8f8ee08caf0
R111,solomon_txt,3d94a73b1f2fe8aae4618b9d9ea254cff2e3924a6a841aa390096ec6c60f258d,1,1,ok,True,12,1480321,1480.321,0.097411,0.50084,0,time_limit,solomon_exact_1000_v1,missing,,,,,0.5,,100,2,25,fb89464a08a8315316a993462b898339a1874a83f2825c9a1b6ff87072390d28,False,repair_due,9e8385fd46e327994d0a91231ce9816665903f184e8be1a1a1edb8f8ee08caf0
R111,solomon_txt,3d94a73b1f2fe8aae4618b9d9ea254cff2e3924a6a841aa390096ec6c60f258d,2,1,ok,True,12,1307395,1307.395,0.098036,0.500613,0,time_limit,solomon_exact_1000_v1,missing,,,,,0.5,,100,2,25,fb89464a08a8315316a993462b898339a1874a83f2825c9a1b6ff87072390d28,False,repair_due,9e8385fd46e327994d0a91231ce9816665903f184e8be1a1a1edb8f8ee08caf0
R112,solomon_txt,a0e93149d59d30c356619891d192e86d0f16c3158e1dac3bd9f23c6deb718271,0,1,ok,True,13,1534215,1534.215,0.109568,0.50062,0,time_limit,solomon_exact_1000_v1,missing,,,,,0.5,,100,2,25,fb89464a08a8315316a993462b898339a1874a83f2825c9a1b6ff87072390d28,False,repair_due,9e8385fd46e327994d0a91231ce9816665903f184e8be1a1a1edb8f8ee08caf0
R112,solomon_txt,a0e93149d59d30c356619891d192e86d0f16c3158e1dac3bd9f23c6deb718271,1,1,ok,True,13,1430041,1430.041,0.0937,0.500611,0,time_limit,solomon_exact_1000_v1,missing,,,,,0.5,,100,2,25,fb89464a08a8315316a993462b898339a1874a83f2825c9a1b6ff87072390d28,False,repair_due,9e8385fd46e327994d0a91231ce9816665903f184e8be1a1a1edb8f8ee08caf0
R112,solomon_txt,a0e93149d59d30c356619891d192e86d0f16c3158e1dac3bd9f23c6deb718271,2,1,ok,True,13,1413165,1413.165,0.093236,0.500594,0,time_limit,solomon_exact_1000_v1,missing,,,,,0.5,,100,2,25,fb89464a08a8315316a993462b898339a1874a83f2825c9a1b6ff87072390d28,False,repair_due,9e8385fd46e327994d0a91231ce9816665903f184e8be1a1a1edb8f8ee08caf0
R201,solomon_txt,0be960ec998fff2cab0bdbcc5194c617e5ca0a79c82c5b32b1d4bd98b2cae210,0,1,ok,True,5,1726658,1726.658,0.19855,0.500628,0,time_limit,solomon_exact_1000_v1,missing,,,,,0.5,,100,2,25,fb89464a08a8315316a993462b898339a1874a83f2825c9a1b6ff87072390d28,False,repair_due,9e8385fd46e327994d0a91231ce9816665903f184e8be1a1a1edb8f8ee08caf0
R201,solomon_txt,0be960ec998fff2cab0bdbcc5194c617e5ca0a79c82c5b32b1d4bd98b2cae210,1,1,ok,True,5,1726658,1726.658,0.222264,0.500573,0,time_limit,solomon_exact_1000_v1,missing,,,,,0.5,,100,2,25,fb89464a08a8315316a993462b898339a1874a83f2825c9a1b6ff87072390d28,False,repair_due,9e8385fd46e327994d0a91231ce9816665903f184e8be1a1a1edb8f8ee08caf0
R201,solomon_txt,0be960ec998fff2cab0bdbcc5194c617e5ca0a79c82c5b32b1d4bd98b2cae210,2,1,ok,True,4,1606825,1606.825,0.194329,0.500664,0,time_limit,solomon_exact_1000_v1,missing,,,,,0.5,,100,2,25,fb89464a08a8315316a993462b898339a1874a83f2825c9a1b6ff87072390d28,False,repair_due,9e8385fd46e327994d0a91231ce9816665903f184e8be1a1a1edb8f8ee08caf0
R202,solomon_txt,1f7761bb33e9dd0c94837b32c72280296ffc283dba997379c7ad75ce00dffc8d,0,1,ok,True,4,1622244,1622.244,0.225435,0.500587,0,time_limit,solomon_exact_1000_v1,missing,,,,,0.5,,100,2,25,fb89464a08a8315316a993462b898339a1874a83f2825c9a1b6ff87072390d28,False,repair_due,9e8385fd46e327994d0a91231ce9816665903f184e8be1a1a1edb8f8ee08caf0
R202,solomon_txt,1f7761bb33e9dd0c94837b32c72280296ffc283dba997379c7ad75ce00dffc8d,1,1,ok,True,4,1622244,1622.244,0.220664,0.500575,0,time_limit,solomon_exact_1000_v1,missing,,,,,0.5,,100,2,25,fb89464a08a8315316a993462b898339a1874a83f2825c9a1b6ff87072390d28,False,repair_due,9e8385fd46e327994d0a91231ce9816665903f184e8be1a1a1edb8f8ee08caf0
R202,solomon_txt,1f7761bb33e9dd0c94837b32c72280296ffc283dba997379c7ad75ce00dffc8d,2,1,ok,True,4,1622244,1622.244,0.222892,0.501123,0,time_limit,solomon_exact_1000_v1,missing,,,,,0.5,,100,2,25,fb89464a08a8315316a993462b898339a1874a83f2825c9a1b6ff87072390d28,False,repair_due,9e8385fd46e327994d0a91231ce9816665903f184e8be1a1a1edb8f8ee08caf0
R203,solomon_txt,38c484db31bd7452a94d533e26a2348ef598df600b79d061d9ddc1c61466a731,0,1,ok,True,3,1300221,1300.221,0.237427,0.500548,0,time_limit,solomon_exact_1000_v1,missing,,,,,0.5,,100,2,25,fb89464a08a8315316a993462b898339a1874a83f2825c9a1b6ff87072390d28,False,repair_due,9e8385fd46e327994d0a91231ce9816665903f184e8be1a1a1edb8f8ee08caf0
R203,solomon_txt,38c484db31bd7452a94d533e26a2348ef598df600b79d061d9ddc1c61466a731,1,1,ok,True,3,1300221,1300.221,0.240159,0.500575,0,time_limit,solomon_exact_1000_v1,missing,,,,,0.5,,100,2,25,fb89464a08a8315316a993462b898339a1874a83f2825c9a1b6ff87072390d28,False,repair_due,9e8385fd46e327994d0a91231ce9816665903f184e8be1a1a1edb8f8ee08caf0
R203,solomon_txt,38c484db31bd7452a94d533e26a2348ef598df600b79d061d9ddc1c61466a731,2,1,ok,True,3,1300221,1300.221,0.237764,0.500926,0,time_limit,solomon_exact_1000_v1,missing,,,,,0.5,,100,2,25,fb89464a08a8315316a993462b898339a1874a83f2825c9a1b6ff87072390d28,False,repair_due,9e8385fd46e327994d0a91231ce9816665903f184e8be1a1a1edb8f8ee08caf0
R204,solomon_txt,5349e37d8df99bcbee1efa2e970d2662b5265e5f82fc609343a6af0a60257abf,0,1,ok,True,3,1331038,1331.038,0.30212,0.500581,0,time_limit,solomon_exact_1000_v1,missing,,,,,0.5,,100,2,25,fb89464a08a8315316a993462b898339a1874a83f2825c9a1b6ff87072390d28,False,repair_due,9e8385fd46e327994d0a91231ce9816665903f184e8be1a1a1edb8f8ee08caf0
R204,solomon_txt,5349e37d8df99bcbee1efa2e970d2662b5265e5f82fc609343a6af0a60257abf,1,1,ok,True,3,1331038,1331.038,0.298494,0.500578,0,time_limit,solomon_exact_1000_v1,missing,,,,,0.5,,100,2,25,fb89464a08a8315316a993462b898339a1874a83f2825c9a1b6ff87072390d28,False,repair_due,9e8385fd46e327994d0a91231ce9816665903f184e8be1a1a1edb8f8ee08caf0
R204,solomon_txt,5349e37d8df99bcbee1efa2e970d2662b5265e5f82fc609343a6af0a60257abf,2,1,ok,True,3,1331038,1331.038,0.294998,0.500565,0,time_limit,solomon_exact_1000_v1,missing,,,,,0.5,,100,2,25,fb89464a08a8315316a993462b898339a1874a83f2825c9a1b6ff87072390d28,False,repair_due,9e8385fd46e327994d0a91231ce9816665903f184e8be1a1a1edb8f8ee08caf0
R205,solomon_txt,1996bf8f10716fb8cfc1a585206a6a6e566f32347c1bb8f36c75ed6c887f77e3,0,1,ok,True,4,1700248,1700.248,0.258249,0.500817,0,time_limit,solomon_exact_1000_v1,missing,,,,,0.5,,100,2,25,fb89464a08a8315316a993462b898339a1874a83f2825c9a1b6ff87072390d28,False,repair_due,9e8385fd46e327994d0a91231ce9816665903f184e8be1a1a1edb8f8ee08caf0
R205,solomon_txt,1996bf8f10716fb8cfc1a585206a6a6e566f32347c1bb8f36c75ed6c887f77e3,1,1,ok,True,4,1700248,1700.248,0.2921,0.500659,0,time_limit,solomon_exact_1000_v1,missing,,,,,0.5,,100,2,25,fb89464a08a8315316a993462b898339a1874a83f2825c9a1b6ff87072390d28,False,repair_due,9e8385fd46e327994d0a91231ce9816665903f184e8be1a1a1edb8f8ee08caf0
R205,solomon_txt,1996bf8f10716fb8cfc1a585206a6a6e566f32347c1bb8f36c75ed6c887f77e3,2,1,ok,True,4,1700248,1700.248,0.245946,0.501107,0,time_limit,solomon_exact_1000_v1,missing,,,,,0.5,,100,2,25,fb89464a08a8315316a993462b898339a1874a83f2825c9a1b6ff87072390d28,False,repair_due,9e8385fd46e327994d0a91231ce9816665903f184e8be1a1a1edb8f8ee08caf0
R206,solomon_txt,c8754a0319264d076c038b1bf023c8c4710e8895fe3e03f485e9ae249f32fe43,0,1,ok,True,3,1533607,1533.607,0.260661,0.500577,0,time_limit,solomon_exact_1000_v1,missing,,,,,0.5,,100,2,25,fb89464a08a8315316a993462b898339a1874a83f2825c9a1b6ff87072390d28,False,repair_due,9e8385fd46e327994d0a91231ce9816665903f184e8be1a1a1edb8f8ee08caf0
R206,solomon_txt,c8754a0319264d076c038b1bf023c8c4710e8895fe3e03f485e9ae249f32fe43,1,1,ok,True,3,1533607,1533.607,0.279591,0.501049,0,time_limit,solomon_exact_1000_v1,missing,,,,,0.5,,100,2,25,fb89464a08a8315316a993462b898339a1874a83f2825c9a1b6ff87072390d28,False,repair_due,9e8385fd46e327994d0a91231ce9816665903f184e8be1a1a1edb8f8ee08caf0
R206,solomon_txt,c8754a0319264d076c038b1bf023c8c4710e8895fe3e03f485e9ae249f32fe43,2,1,ok,True,3,1533607,1533.607,0.289218,0.500673,0,time_limit,solomon_exact_1000_v1,missing,,,,,0.5,,100,2,25,fb89464a08a8315316a993462b898339a1874a83f2825c9a1b6ff87072390d28,False,repair_due,9e8385fd46e327994d0a91231ce9816665903f184e8be1a1a1edb8f8ee08caf0
R207,solomon_txt,52dc8eebba43fdc67ca9aadab228b75a297acb55a87db3e4748e82f623e3cbe6,0,1,ok,True,4,1302528,1302.528,0.341089,0.500607,0,time_limit,solomon_exact_1000_v1,missing,,,,,0.5,,100,2,25,fb89464a08a8315316a993462b898339a1874a83f2825c9a1b6ff87072390d28,False,repair_due,9e8385fd46e327994d0a91231ce9816665903f184e8be1a1a1edb8f8ee08caf0
R207,solomon_txt,52dc8eebba43fdc67ca9aadab228b75a297acb55a87db3e4748e82f623e3cbe6,1,1,ok,True,4,1302528,1302.528,0.347944,0.500606,0,time_limit,solomon_exact_1000_v1,missing,,,,,0.5,,100,2,25,fb89464a08a8315316a993462b898339a1874a83f2825c9a1b6ff87072390d28,False,repair_due,9e8385fd46e327994d0a91231ce9816665903f184e8be1a1a1edb8f8ee08caf0
R207,solomon_txt,52dc8eebba43fdc67ca9aadab228b75a297acb55a87db3e4748e82f623e3cbe6,2,1,ok,True,4,1302528,1302.528,0.29245,0.500413,0,time_limit,solomon_exact_1000_v1,missing,,,,,0.5,,100,2,25,fb89464a08a8315316a993462b898339a1874a83f2825c9a1b6ff87072390d28,False,repair_due,9e8385fd46e327994d0a91231ce9816665903f184e8be1a1a1edb8f8ee08caf0
R208,solomon_txt,7b4a95d500af9329dd08791d39898a619faec0f8fac039d57373e761545b980d,0,1,ok,True,3,957965,957.965,0.315514,0.500579,0,time_limit,solomon_exact_1000_v1,missing,,,,,0.5,,100,2,25,fb89464a08a8315316a993462b898339a1874a83f2825c9a1b6ff87072390d28,False,repair_due,9e8385fd46e327994d0a91231ce9816665903f184e8be1a1a1edb8f8ee08caf0
R208,solomon_txt,7b4a95d500af9329dd08791d39898a619faec0f8fac039d57373e761545b980d,1,1,ok,True,3,957965,957.965,0.33273,0.500669,0,time_limit,solomon_exact_1000_v1,missing,,,,,0.5,,100,2,25,fb89464a08a8315316a993462b898339a1874a83f2825c9a1b6ff87072390d28,False,repair_due,9e8385fd46e327994d0a91231ce9816665903f184e8be1a1a1edb8f8ee08caf0
R208,solomon_txt,7b4a95d500af9329dd08791d39898a619faec0f8fac039d57373e761545b980d,2,1,ok,True,3,957965,957.965,0.331961,0.500581,0,time_limit,solomon_exact_1000_v1,missing,,,,,0.5,,100,2,25,fb89464a08a8315316a993462b898339a1874a83f2825c9a1b6ff87072390d28,False,repair_due,9e8385fd46e327994d0a91231ce9816665903f184e8be1a1a1edb8f8ee08caf0
R209,solomon_txt,5b74156d032babcff853ccc693f94463eca8333cd425aa99a39ed996f6258933,0,1,ok,True,4,1712415,1712.415,0.25729,0.500651,0,time_limit,solomon_exact_1000_v1,missing,,,,,0.5,,100,2,25,fb89464a08a8315316a993462b898339a1874a83f2825c9a1b6ff87072390d28,False,repair_due,9e8385fd46e327994d0a91231ce9816665903f184e8be1a1a1edb8f8ee08caf0
R209,solomon_txt,5b74156d032babcff853ccc693f94463eca8333cd425aa99a39ed996f6258933,1,1,ok,True,3,1303297,1303.297,0.227959,0.500573,0,time_limit,solomon_exact_1000_v1,missing,,,,,0.5,,100,2,25,fb89464a08a8315316a993462b898339a1874a83f2825c9a1b6ff87072390d28,False,repair_due,9e8385fd46e327994d0a91231ce9816665903f184e8be1a1a1edb8f8ee08caf0
R209,solomon_txt,5b74156d032babcff853ccc693f94463eca8333cd425aa99a39ed996f6258933,2,1,ok,True,4,1712415,1712.415,0.22822,0.500926,0,time_limit,solomon_exact_1000_v1,missing,,,,,0.5,,100,2,25,fb89464a08a8315316a993462b898339a1874a83f2825c9a1b6ff87072390d28,False,repair_due,9e8385fd46e327994d0a91231ce9816665903f184e8be1a1a1edb8f8ee08caf0
R210,solomon_txt,4e5772f109fb6183e6a648d6a1edaba3435438c2dc11c42da370fecf7bdf3a14,0,1,ok,True,3,1443660,1443.66,0.256627,0.500536,0,time_limit,solomon_exact_1000_v1,missing,,,,,0.5,,100,2,25,fb89464a08a8315316a993462b898339a1874a83f2825c9a1b6ff87072390d28,False,repair_due,9e8385fd46e327994d0a91231ce9816665903f184e8be1a1a1edb8f8ee08caf0
R210,solomon_txt,4e5772f109fb6183e6a648d6a1edaba3435438c2dc11c42da370fecf7bdf3a14,1,1,ok,True,3,1443660,1443.66,0.260465,0.500541,0,time_limit,solomon_exact_1000_v1,missing,,,,,0.5,,100,2,25,fb89464a08a8315316a993462b898339a1874a83f2825c9a1b6ff87072390d28,False,repair_due,9e8385fd46e327994d0a91231ce9816665903f184e8be1a1a1edb8f8ee08caf0
R210,solomon_txt,4e5772f109fb6183e6a648d6a1edaba3435438c2dc11c42da370fecf7bdf3a14,2,1,ok,True,3,1443660,1443.66,0.264286,0.500568,0,time_limit,solomon_exact_1000_v1,missing,,,,,0.5,,100,2,25,fb89464a08a8315316a993462b898339a1874a83f2825c9a1b6ff87072390d28,False,repair_due,9e8385fd46e327994d0a91231ce9816665903f184e8be1a1a1edb8f8ee08caf0
R211,solomon_txt,2965507e467a2f92acd59035975910e36ae11e4f49590d4c7d20a883939227ad,0,1,ok,True,3,1516434,1516.434,0.281104,0.500553,0,time_limit,solomon_exact_1000_v1,missing,,,,,0.5,,100,2,25,fb89464a08a8315316a993462b898339a1874a83f2825c9a1b6ff87072390d28,False,repair_due,9e8385fd46e327994d0a91231ce9816665903f184e8be1a1a1edb8f8ee08caf0
R211,solomon_txt,2965507e467a2f92acd59035975910e36ae11e4f49590d4c7d20a883939227ad,1,1,ok,True,3,1516434,1516.434,0.265857,0.500614,0,time_limit,solomon_exact_1000_v1,missing,,,,,0.5,,100,2,25,fb89464a08a8315316a993462b898339a1874a83f2825c9a1b6ff87072390d28,False,repair_due,9e8385fd46e327994d0a91231ce9816665903f184e8be1a1a1edb8f8ee08caf0
R211,solomon_txt,2965507e467a2f92acd59035975910e36ae11e4f49590d4c7d20a883939227ad,2,1,ok,True,3,1516434,1516.434,0.257968,0.500563,0,time_limit,solomon_exact_1000_v1,missing,,,,,0.5,,100,2,25,fb89464a08a8315316a993462b898339a1874a83f2825c9a1b6ff87072390d28,False,repair_due,9e8385fd46e327994d0a91231ce9816665903f184e8be1a1a1edb8f8ee08caf0
RC101,solomon_txt,ef6893ffd9746ad96de8e4da6e64e2c4ba6e08a1c7eb9457276a9f1caf01ca12,0,1,ok,True,18,2104912,2104.912,0.084593,0.500664,0,time_limit,solomon_exact_1000_v1,missing,,,,,0.5,,100,2,25,fb89464a08a8315316a993462b898339a1874a83f2825c9a1b6ff87072390d28,False,repair_due,9e8385fd46e327994d0a91231ce9816665903f184e8be1a1a1edb8f8ee08caf0
RC101,solomon_txt,ef6893ffd9746ad96de8e4da6e64e2c4ba6e08a1c7eb9457276a9f1caf01ca12,1,1,ok,True,18,2077534,2077.534,0.08914,0.500738,0,time_limit,solomon_exact_1000_v1,missing,,,,,0.5,,100,2,25,fb89464a08a8315316a993462b898339a1874a83f2825c9a1b6ff87072390d28,False,repair_due,9e8385fd46e327994d0a91231ce9816665903f184e8be1a1a1edb8f8ee08caf0
RC101,solomon_txt,ef6893ffd9746ad96de8e4da6e64e2c4ba6e08a1c7eb9457276a9f1caf01ca12,2,1,ok,True,18,1983759,1983.759,0.085931,0.500607,0,time_limit,solomon_exact_1000_v1,missing,,,,,0.5,,100,2,25,fb89464a08a8315316a993462b898339a1874a83f2825c9a1b6ff87072390d28,False,repair_due,9e8385fd46e327994d0a91231ce9816665903f184e8be1a1a1edb8f8ee08caf0
RC102,solomon_txt,36acd349d34a577c7fadd61f78517c2cb74bd06a490273800c288f341e5785a4,0,1,ok,True,15,1756601,1756.601,0.0856,0.500593,0,time_limit,solomon_exact_1000_v1,missing,,,,,0.5,,100,2,25,fb89464a08a8315316a993462b898339a1874a83f2825c9a1b6ff87072390d28,False,repair_due,9e8385fd46e327994d0a91231ce9816665903f184e8be1a1a1edb8f8ee08caf0
RC102,solomon_txt,36acd349d34a577c7fadd61f78517c2cb74bd06a490273800c288f341e5785a4,1,1,ok,True,15,1834933,1834.933,0.089103,0.500588,0,time_limit,solomon_exact_1000_v1,missing,,,,,0.5,,100,2,25,fb89464a08a8315316a993462b898339a1874a83f2825c9a1b6ff87072390d28,False,repair_due,9e8385fd46e327994d0a91231ce9816665903f184e8be1a1a1edb8f8ee08caf0
RC102,solomon_txt,36acd349d34a577c7fadd61f78517c2cb74bd06a490273800c288f341e5785a4,2,1,ok,True,16,1812496,1812.496,0.087339,0.500646,0,time_limit,solomon_exact_1000_v1,missing,,,,,0.5,,100,2,25,fb89464a08a8315316a993462b898339a1874a83f2825c9a1b6ff87072390d28,False,repair_due,9e8385fd46e327994d0a91231ce9816665903f184e8be1a1a1edb8f8ee08caf0
RC103,solomon_txt,00f384138274d5d2bff5c41601db17cc4ad0cfc6315c27e223d4477bf435cc2d,0,1,ok,True,13,1952068,1952.068,0.098059,0.500601,0,time_limit,solomon_exact_1000_v1,missing,,,,,0.5,,100,2,25,fb89464a08a8315316a993462b898339a1874a83f2825c9a1b6ff87072390d28,False,repair_due,9e8385fd46e327994d0a91231ce9816665903f184e8be1a1a1edb8f8ee08caf0
RC103,solomon_txt,00f384138274d5d2bff5c41601db17cc4ad0cfc6315c27e223d4477bf435cc2d,1,1,ok,True,12,1703532,1703.532,0.100239,0.500581,0,time_limit,solomon_exact_1000_v1,missing,,,,,0.5,,100,2,25,fb89464a08a8315316a993462b898339a1874a83f2825c9a1b6ff87072390d28,False,repair_due,9e8385fd46e327994d0a91231ce9816665903f184e8be1a1a1edb8f8ee08caf0
RC103,solomon_txt,00f384138274d5d2bff5c41601db17cc4ad0cfc6315c27e223d4477bf435cc2d,2,1,ok,True,13,1952068,1952.068,0.109619,0.500583,0,time_limit,solomon_exact_1000_v1,missing,,,,,0.5,,100,2,25,fb89464a08a8315316a993462b898339a1874a83f2825c9a1b6ff87072390d28,False,repair_due,9e8385fd46e327994d0a91231ce9816665903f184e8be1a1a1edb8f8ee08caf0
RC104,solomon_txt,d150b2d61049a488fb89a2320c197d81a7ef9a1864abbbaea1d13a2b451253ee,0,1,ok,True,12,1624060,1624.06,0.100556,0.500599,0,time_limit,solomon_exact_1000_v1,missing,,,,,0.5,,100,2,25,fb89464a08a8315316a993462b898339a1874a83f2825c9a1b6ff87072390d28,False,repair_due,9e8385fd46e327994d0a91231ce9816665903f184e8be1a1a1edb8f8ee08caf0
RC104,solomon_txt,d150b2d61049a488fb89a2320c197d81a7ef9a1864abbbaea1d13a2b451253ee,1,1,ok,True,12,1635479,1635.479,0.099101,0.501037,0,time_limit,solomon_exact_1000_v1,missing,,,,,0.5,,100,2,25,fb89464a08a8315316a993462b898339a1874a83f2825c9a1b6ff87072390d28,False,repair_due,9e8385fd46e327994d0a91231ce9816665903f184e8be1a1a1edb8f8ee08caf0
RC104,solomon_txt,d150b2d61049a488fb89a2320c197d81a7ef9a1864abbbaea1d13a2b451253ee,2,1,ok,True,12,1325395,1325.395,0.107704,0.500587,0,time_limit,solomon_exact_1000_v1,missing,,,,,0.5,,100,2,25,fb89464a08a8315316a993462b898339a1874a83f2825c9a1b6ff87072390d28,False,repair_due,9e8385fd46e327994d0a91231ce9816665903f184e8be1a1a1edb8f8ee08caf0
RC105,solomon_txt,b9e912625c1ed80d2f565e0799ade2f4b17bf4f95056322ca23f1a21b37e7a49,0,1,ok,True,17,2128736,2128.736,0.086124,0.500612,0,time_limit,solomon_exact_1000_v1,missing,,,,,0.5,,100,2,25,fb89464a08a8315316a993462b898339a1874a83f2825c9a1b6ff87072390d28,False,repair_due,9e8385fd46e327994d0a91231ce9816665903f184e8be1a1a1edb8f8ee08caf0
RC105,solomon_txt,b9e912625c1ed80d2f565e0799ade2f4b17bf4f95056322ca23f1a21b37e7a49,1,1,ok,True,16,2118579,2118.579,0.086787,0.500599,0,time_limit,solomon_exact_1000_v1,missing,,,,,0.5,,100,2,25,fb89464a08a8315316a993462b898339a1874a83f2825c9a1b6ff87072390d28,False,repair_due,9e8385fd46e327994d0a91231ce9816665903f184e8be1a1a1edb8f8ee08caf0
RC105,solomon_txt,b9e912625c1ed80d2f565e0799ade2f4b17bf4f95056322ca23f1a21b37e7a49,2,1,ok,True,16,1898780,1898.78,0.087092,0.500589,0,time_limit,solomon_exact_1000_v1,missing,,,,,0.5,,100,2,25,fb89464a08a8315316a993462b898339a1874a83f2825c9a1b6ff87072390d28,False,repair_due,9e8385fd46e327994d0a91231ce9816665903f184e8be1a1a1edb8f8ee08caf0
RC106,solomon_txt,bf016ffc567af2d108570357daf1d0cabb7f680c0bd977d2e4366787683fdbaf,0,1,ok,True,16,1799128,1799.128,0.110295,0.500774,0,time_limit,solomon_exact_1000_v1,missing,,,,,0.5,,100,2,25,fb89464a08a8315316a993462b898339a1874a83f2825c9a1b6ff87072390d28,False,repair_due,9e8385fd46e327994d0a91231ce9816665903f184e8be1a1a1edb8f8ee08caf0
RC106,solomon_txt,bf016ffc567af2d108570357daf1d0cabb7f680c0bd977d2e4366787683fdbaf,1,1,ok,True,16,1808646,1808.646,0.092485,0.50065,0,time_limit,solomon_exact_1000_v1,missing,,,,,0.5,,100,2,25,fb89464a08a8315316a993462b898339a1874a83f2825c9a1b6ff87072390d28,False,repair_due,9e8385fd46e327994d0a91231ce9816665903f184e8be1a1a1edb8f8ee08caf0
RC106,solomon_txt,bf016ffc567af2d108570357daf1d0cabb7f680c0bd977d2e4366787683fdbaf,2,1,ok,True,15,2000053,2000.053,0.114609,0.500577,0,time_limit,solomon_exact_1000_v1,missing,,,,,0.5,,100,2,25,fb89464a08a8315316a993462b898339a1874a83f2825c9a1b6ff87072390d28,False,repair_due,9e8385fd46e327994d0a91231ce9816665903f184e8be1a1a1edb8f8ee08caf0
RC107,solomon_txt,fff3fd68d110671ed442575f07cc547291586f30b00c5f73934d521d31311582,0,1,ok,True,14,1708249,1708.249,0.088341,0.500625,0,time_limit,solomon_exact_1000_v1,missing,,,,,0.5,,100,2,25,fb89464a08a8315316a993462b898339a1874a83f2825c9a1b6ff87072390d28,False,repair_due,9e8385fd46e327994d0a91231ce9816665903f184e8be1a1a1edb8f8ee08caf0
RC107,solomon_txt,fff3fd68d110671ed442575f07cc547291586f30b00c5f73934d521d31311582,1,1,ok,True,14,1840863,1840.863,0.088714,0.500583,0,time_limit,solomon_exact_1000_v1,missing,,,,,0.5,,100,2,25,fb89464a08a8315316a993462b898339a1874a83f2825c9a1b6ff87072390d28,False,repair_due,9e8385fd46e327994d0a91231ce9816665903f184e8be1a1a1edb8f8ee08caf0
RC107,solomon_txt,fff3fd68d110671ed442575f07cc547291586f30b00c5f73934d521d31311582,2,1,ok,True,15,2054876,2054.876,0.089604,0.500458,0,time_limit,solomon_exact_1000_v1,missing,,,,,0.5,,100,2,25,fb89464a08a8315316a993462b898339a1874a83f2825c9a1b6ff87072390d28,False,repair_due,9e8385fd46e327994d0a91231ce9816665903f184e8be1a1a1edb8f8ee08caf0
RC108,solomon_txt,006bc8817bf09f9a8c66af8d6f088bdec239b2eb435556e9d11193cf456f7aeb,0,1,ok,True,14,1963672,1963.672,0.094516,0.500607,0,time_limit,solomon_exact_1000_v1,missing,,,,,0.5,,100,2,25,fb89464a08a8315316a993462b898339a1874a83f2825c9a1b6ff87072390d28,False,repair_due,9e8385fd46e327994d0a91231ce9816665903f184e8be1a1a1edb8f8ee08caf0
RC108,solomon_txt,006bc8817bf09f9a8c66af8d6f088bdec239b2eb435556e9d11193cf456f7aeb,1,1,ok,True,14,1713479,1713.479,0.103382,0.500633,0,time_limit,solomon_exact_1000_v1,missing,,,,,0.5,,100,2,25,fb89464a08a8315316a993462b898339a1874a83f2825c9a1b6ff87072390d28,False,repair_due,9e8385fd46e327994d0a91231ce9816665903f184e8be1a1a1edb8f8ee08caf0
RC108,solomon_txt,006bc8817bf09f9a8c66af8d6f088bdec239b2eb435556e9d11193cf456f7aeb,2,1,ok,True,14,1740393,1740.393,0.093918,0.500751,0,time_limit,solomon_exact_1000_v1,missing,,,,,0.5,,100,2,25,fb89464a08a8315316a993462b898339a1874a83f2825c9a1b6ff87072390d28,False,repair_due,9e8385fd46e327994d0a91231ce9816665903f184e8be1a1a1edb8f8ee08caf0
RC201,solomon_txt,288836e2d8c2ace83ebbff77e03ac8cdffc574fc134cade21ef92713f8c52d44,0,1,ok,True,5,2429811,2429.811,0.190461,0.500573,0,time_limit,solomon_exact_1000_v1,missing,,,,,0.5,,100,2,25,fb89464a08a8315316a993462b898339a1874a83f2825c9a1b6ff87072390d28,False,repair_due,9e8385fd46e327994d0a91231ce9816665903f184e8be1a1a1edb8f8ee08caf0
RC201,solomon_txt,288836e2d8c2ace83ebbff77e03ac8cdffc574fc134cade21ef92713f8c52d44,1,1,ok,True,5,2429811,2429.811,0.185344,0.500577,0,time_limit,solomon_exact_1000_v1,missing,,,,,0.5,,100,2,25,fb89464a08a8315316a993462b898339a1874a83f2825c9a1b6ff87072390d28,False,repair_due,9e8385fd46e327994d0a91231ce9816665903f184e8be1a1a1edb8f8ee08caf0
RC201,solomon_txt,288836e2d8c2ace83ebbff77e03ac8cdffc574fc134cade21ef92713f8c52d44,2,1,ok,True,5,2429811,2429.811,0.184359,0.500569,0,time_limit,solomon_exact_1000_v1,missing,,,,,0.5,,100,2,25,fb89464a08a8315316a993462b898339a1874a83f2825c9a1b6ff87072390d28,False,repair_due,9e8385fd46e327994d0a91231ce9816665903f184e8be1a1a1edb8f8ee08caf0
RC202,solomon_txt,5a1dee2017ab0ca4fe280b392678c96e8b5bc71f22d02c8058fbde7c4cfebcf4,0,1,ok,True,4,1920411,1920.411,0.173496,0.500567,0,time_limit,solomon_exact_1000_v1,missing,,,,,0.5,,100,2,25,fb89464a08a8315316a993462b898339a1874a83f2825c9a1b6ff87072390d28,False,repair_due,9e8385fd46e327994d0a91231ce9816665903f184e8be1a1a1edb8f8ee08caf0
RC202,solomon_txt,5a1dee2017ab0ca4fe280b392678c96e8b5bc71f22d02c8058fbde7c4cfebcf4,1,1,ok,True,4,1818035,1818.035,0.17531,0.500564,0,time_limit,solomon_exact_1000_v1,missing,,,,,0.5,,100,2,25,fb89464a08a8315316a993462b898339a1874a83f2825c9a1b6ff87072390d28,False,repair_due,9e8385fd46e327994d0a91231ce9816665903f184e8be1a1a1edb8f8ee08caf0
RC202,solomon_txt,5a1dee2017ab0ca4fe280b392678c96e8b5bc71f22d02c8058fbde7c4cfebcf4,2,1,ok,True,4,1619243,1619.243,0.175911,0.500604,0,time_limit,solomon_exact_1000_v1,missing,,,,,0.5,,100,2,25,fb89464a08a8315316a993462b898339a1874a83f2825c9a1b6ff87072390d28,False,repair_due,9e8385fd46e327994d0a91231ce9816665903f184e8be1a1a1edb8f8ee08caf0
RC203,solomon_txt,4adcb362c23df91f14b828d4964e9383ffb02ee74217afc2d84571f83ed91f8b,0,1,ok,True,4,1158154,1158.154,0.187038,0.500579,0,time_limit,solomon_exact_1000_v1,missing,,,,,0.5,,100,2,25,fb89464a08a8315316a993462b898339a1874a83f2825c9a1b6ff87072390d28,False,repair_due,9e8385fd46e327994d0a91231ce9816665903f184e8be1a1a1edb8f8ee08caf0
RC203,solomon_txt,4adcb362c23df91f14b828d4964e9383ffb02ee74217afc2d84571f83ed91f8b,1,1,ok,True,4,1303205,1303.205,0.185686,0.500878,0,time_limit,solomon_exact_1000_v1,missing,,,,,0.5,,100,2,25,fb89464a08a8315316a993462b898339a1874a83f2825c9a1b6ff87072390d28,False,repair_due,9e8385fd46e327994d0a91231ce9816665903f184e8be1a1a1edb8f8ee08caf0
RC203,solomon_txt,4adcb362c23df91f14b828d4964e9383ffb02ee74217afc2d84571f83ed91f8b,2,1,ok,True,4,1061047,1061.047,0.187557,0.500605,0,time_limit,solomon_exact_1000_v1,missing,,,,,0.5,,100,2,25,fb89464a08a8315316a993462b898339a1874a83f2825c9a1b6ff87072390d28,False,repair_due,9e8385fd46e327994d0a91231ce9816665903f184e8be1a1a1edb8f8ee08caf0
RC204,solomon_txt,11e827eab51a959ebab66344e7b7cfd1aeed895287653b36a72c86a4440ecd77,0,1,ok,True,3,1500593,1500.593,0.28844,0.500715,0,time_limit,solomon_exact_1000_v1,missing,,,,,0.5,,100,2,25,fb89464a08a8315316a993462b898339a1874a83f2825c9a1b6ff87072390d28,False,repair_due,9e8385fd46e327994d0a91231ce9816665903f184e8be1a1a1edb8f8ee08caf0
RC204,solomon_txt,11e827eab51a959ebab66344e7b7cfd1aeed895287653b36a72c86a4440ecd77,1,1,ok,True,3,1500593,1500.593,0.28359,0.500559,0,time_limit,solomon_exact_1000_v1,missing,,,,,0.5,,100,2,25,fb89464a08a8315316a993462b898339a1874a83f2825c9a1b6ff87072390d28,False,repair_due,9e8385fd46e327994d0a91231ce9816665903f184e8be1a1a1edb8f8ee08caf0
RC204,solomon_txt,11e827eab51a959ebab66344e7b7cfd1aeed895287653b36a72c86a4440ecd77,2,1,ok,True,3,1500593,1500.593,0.279735,0.504105,0,time_limit,solomon_exact_1000_v1,missing,,,,,0.5,,100,2,25,fb89464a08a8315316a993462b898339a1874a83f2825c9a1b6ff87072390d28,False,repair_due,9e8385fd46e327994d0a91231ce9816665903f184e8be1a1a1edb8f8ee08caf0
RC205,solomon_txt,c061d306cf42310b0f3ca15612089f6c5a8d5604c0733bf26852477c787662c9,0,1,ok,True,4,1959415,1959.415,0.265221,0.500541,0,time_limit,solomon_exact_1000_v1,missing,,,,,0.5,,100,2,25,fb89464a08a8315316a993462b898339a1874a83f2825c9a1b6ff87072390d28,False,repair_due,9e8385fd46e327994d0a91231ce9816665903f184e8be1a1a1edb8f8ee08caf0
RC205,solomon_txt,c061d306cf42310b0f3ca15612089f6c5a8d5604c0733bf26852477c787662c9,1,1,ok,True,5,2063021,2063.021,0.20943,0.500574,0,time_limit,solomon_exact_1000_v1,missing,,,,,0.5,,100,2,25,fb89464a08a8315316a993462b898339a1874a83f2825c9a1b6ff87072390d28,False,repair_due,9e8385fd46e327994d0a91231ce9816665903f184e8be1a1a1edb8f8ee08caf0
RC205,solomon_txt,c061d306cf42310b0f3ca15612089f6c5a8d5604c0733bf26852477c787662c9,2,1,ok,True,4,1695820,1695.82,0.203576,0.500588,0,time_limit,solomon_exact_1000_v1,missing,,,,,0.5,,100,2,25,fb89464a08a8315316a993462b898339a1874a83f2825c9a1b6ff87072390d28,False,repair_due,9e8385fd46e327994d0a91231ce9816665903f184e8be1a1a1edb8f8ee08caf0
RC206,solomon_txt,5203aecf67c84df49e152645312a837ffefde529314ff892ca061538816e43a9,0,1,ok,True,4,2080287,2080.287,0.196649,0.500849,0,time_limit,solomon_exact_1000_v1,missing,,,,,0.5,,100,2,25,fb89464a08a8315316a993462b898339a1874a83f2825c9a1b6ff87072390d28,False,repair_due,9e8385fd46e327994d0a91231ce9816665903f184e8be1a1a1edb8f8ee08caf0
RC206,solomon_txt,5203aecf67c84df49e152645312a837ffefde529314ff892ca061538816e43a9,1,1,ok,True,4,1771858,1771.858,0.200763,0.500581,0,time_limit,solomon_exact_1000_v1,missing,,,,,0.5,,100,2,25,fb89464a08a8315316a993462b898339a1874a83f2825c9a1b6ff87072390d28,False,repair_due,9e8385fd46e327994d0a91231ce9816665903f184e8be1a1a1edb8f8ee08caf0
RC206,solomon_txt,5203aecf67c84df49e152645312a837ffefde529314ff892ca061538816e43a9,2,1,ok,True,4,1732495,1732.495,0.199979,0.500592,0,time_limit,solomon_exact_1000_v1,missing,,,,,0.5,,100,2,25,fb89464a08a8315316a993462b898339a1874a83f2825c9a1b6ff87072390d28,False,repair_due,9e8385fd46e327994d0a91231ce9816665903f184e8be1a1a1edb8f8ee08caf0
RC207,solomon_txt,5cab65f99b350cdb8fb1c4d0a12dde85eb4ff6a6d6daf292b182cb73de9a8b63,0,1,ok,True,4,1907431,1907.431,0.2318,0.500601,0,time_limit,solomon_exact_1000_v1,missing,,,,,0.5,,100,2,25,fb89464a08a8315316a993462b898339a1874a83f2825c9a1b6ff87072390d28,False,repair_due,9e8385fd46e327994d0a91231ce9816665903f184e8be1a1a1edb8f8ee08caf0
RC207,solomon_txt,5cab65f99b350cdb8fb1c4d0a12dde85eb4ff6a6d6daf292b182cb73de9a8b63,1,1,ok,True,4,1907431,1907.431,0.225238,0.500593,0,time_limit,solomon_exact_1000_v1,missing,,,,,0.5,,100,2,25,fb89464a08a8315316a993462b898339a1874a83f2825c9a1b6ff87072390d28,False,repair_due,9e8385fd46e327994d0a91231ce9816665903f184e8be1a1a1edb8f8ee08caf0
RC207,solomon_txt,5cab65f99b350cdb8fb1c4d0a12dde85eb4ff6a6d6daf292b182cb73de9a8b63,2,1,ok,True,4,1907431,1907.431,0.217697,0.500569,0,time_limit,solomon_exact_1000_v1,missing,,,,,0.5,,100,2,25,fb89464a08a8315316a993462b898339a1874a83f2825c9a1b6ff87072390d28,False,repair_due,9e8385fd46e327994d0a91231ce9816665903f184e8be1a1a1edb8f8ee08caf0
RC208,solomon_txt,3d67d2a8e2758a324643f5d6c6ca87e8c56435273eaa04be33f213bb991f1f28,0,1,ok,True,3,1365201,1365.201,0.221395,0.500577,0,time_limit,solomon_exact_1000_v1,missing,,,,,0.5,,100,2,25,fb89464a08a8315316a993462b898339a1874a83f2825c9a1b6ff87072390d28,False,repair_due,9e8385fd46e327994d0a91231ce9816665903f184e8be1a1a1edb8f8ee08caf0
RC208,solomon_txt,3d67d2a8e2758a324643f5d6c6ca87e8c56435273eaa04be33f213bb991f1f28,1,1,ok,True,4,1913075,1913.075,0.280996,0.501115,0,time_limit,solomon_exact_1000_v1,missing,,,,,0.5,,100,2,25,fb89464a08a8315316a993462b898339a1874a83f2825c9a1b6ff87072390d28,False,repair_due,9e8385fd46e327994d0a91231ce9816665903f184e8be1a1a1edb8f8ee08caf0
RC208,solomon_txt,3d67d2a8e2758a324643f5d6c6ca87e8c56435273eaa04be33f213bb991f1f28,2,1,ok,True,4,1913075,1913.075,0.307541,0.501112,0,time_limit,solomon_exact_1000_v1,missing,,,,,0.5,,100,2,25,fb89464a08a8315316a993462b898339a1874a83f2825c9a1b6ff87072390d28,False,repair_due,9e8385fd46e327994d0a91231ce9816665903f184e8be1a1a1edb8f8ee08caf0
C101,solomon_txt,a6da75152d182d60ecd2c6f854296f5be452f92282d096adebcf5d99a7f16516,0,1,ok,True,12,983072,983.072,0.114153,0.501149,0,time_limit,solomon_exact_1000_v1,different_vehicles,10,828.94,,,0.5,,100,2,25,fb89464a08a8315316a993462b898339a1874a83f2825c9a1b6ff87072390d28,False,repair_slack,25705b47e644915da0824c20e4a5d80bf48a5441871ef0d1e1b7ac9705e04408
C101,solomon_txt,a6da75152d182d60ecd2c6f854296f5be452f92282d096adebcf5d99a7f16516,1,1,ok,True,12,983072,983.072,0.157391,0.500644,0,time_limit,solomon_exact_1000_v1,different_vehicles,10,828.94,,,0.5,,100,2,25,fb89464a08a8315316a993462b898339a1874a83f2825c9a1b6ff87072390d28,False,repair_slack,25705b47e644915da0824c20e4a5d80bf48a5441871ef0d1e1b7ac9705e04408
C101,solomon_txt,a6da75152d182d60ecd2c6f854296f5be452f92282d096adebcf5d99a7f16516,2,1,ok,True,11,1020926,1020.926,0.100362,0.500577,0,time_limit,solomon_exact_1000_v1,different_vehicles,10,828.94,,,0.5,,100,2,25,fb89464a08a8315316a993462b898339a1874a83f2825c9a1b6ff87072390d28,False,repair_slack,25705b47e644915da0824c20e4a5d80bf48a5441871ef0d1e1b7ac9705e04408
C102,solomon_txt,f89a0e2a760cc7448a4ca72b88e5b29b94d64b5548f3320f42a6230025ead653,0,1,ok,True,10,1258583,1258.583,0.101895,0.500622,1,time_limit,solomon_exact_1000_v1,same_vehicles,10,828.94,51.8304,,0.5,,100,2,25,fb89464a08a8315316a993462b898339a1874a83f2825c9a1b6ff87072390d28,False,repair_slack,25705b47e644915da0824c20e4a5d80bf48a5441871ef0d1e1b7ac9705e04408
C102,solomon_txt,f89a0e2a760cc7448a4ca72b88e5b29b94d64b5548f3320f42a6230025ead653,1,1,ok,True,10,1258583,1258.583,0.103796,0.500655,1,time_limit,solomon_exact_1000_v1,same_vehicles,10,828.94,51.8304,,0.5,,100,2,25,fb89464a08a8315316a993462b898339a1874a83f2825c9a1b6ff87072390d28,False,repair_slack,25705b47e644915da0824c20e4a5d80bf48a5441871ef0d1e1b7ac9705e04408
C102,solomon_txt,f89a0e2a760cc7448a4ca72b88e5b29b94d64b5548f3320f42a6230025ead653,2,1,ok,True,10,1258583,1258.583,0.103483,0.500923,1,time_limit,solomon_exact_1000_v1,same_vehicles,10,828.94,51.8304,,0.5,,100,2,25,fb89464a08a8315316a993462b898339a1874a83f2825c9a1b6ff87072390d28,False,repair_slack,25705b47e644915da0824c20e4a5d80bf48a5441871ef0d1e1b7ac9705e04408
C103,solomon_txt,a55cabf15e0da9d65696a5fb45c9852889479893f76f772a428ca15d1b415a51,0,1,ok,True,10,1819480,1819.48,0.115174,0.5006,3,time_limit,solomon_exact_1000_v1,same_vehicles,10,828.06,119.728,,0.5,,100,2,25,fb89464a08a8315316a993462b898339a1874a83f2825c9a1b6ff87072390d28,False,repair_slack,25705b47e644915da0824c20e4a5d80bf48a5441871ef0d1e1b7ac9705e04408
C103,solomon_txt,a55cabf15e0da9d65696a5fb45c9852889479893f76f772a428ca15d1b415a51,1,1,ok,True,10,1788945,1788.945,0.115963,0.500606,3,time_limit,solomon_exact_1000_v1,same_vehicles,10,828.06,116.0405,,0.5,,100,2,25,fb89464a08a8315316a993462b898339a1874a83f2825c9a1b6ff87072390d28,False,repair_slack,25705b47e644915da0824c20e4a5d80bf48a5441871ef0d1e1b7ac9705e04408
C103,solomon_txt,a55cabf15e0da9d65696a5fb45c9852889479893f76f772a428ca15d1b415a51,2,1,ok,True,10,1797230,1797.23,0.115804,0.500573,3,time_limit,solomon_exact_1000_v1,same_vehicles,10,828.06,117.041,,0.5,,100,2,25,fb89464a08a8315316a993462b898339a1874a83f2825c9a1b6ff87072390d28,False,repair_slack,25705b47e644915da0824c20e4a5d80bf48a5441871ef0d1e1b7ac9705e04408
C104,solomon_txt,fe333e81625ee5a75bb2ce98c2c9f356d07289237865b62a23ba2f32f0de5ee2,0,1,ok,True,10,1938129,1938.129,0.118126,0.500875,3,time_limit,solomon_exact_1000_v1,same_vehicles,10,824.78,134.9874,,0.5,,100,2,25,fb89464a08a8315316a993462b898339a1874a83f2825c9a1b6ff87072390d28,False,repair_slack,25705b47e644915da0824c20e4a5d80bf48a5441871ef0d1e1b7ac9705e04408
C104,solomon_txt,fe333e81625ee5a75bb2ce98c2c9f356d07289237865b62a23ba2f32f0de5ee2,1,1,ok,True,10,1943618,1943.618,0.120454,0.500305,3,time_limit,solomon_exact_1000_v1,same_vehicles,10,824.78,135.6529,,0.5,,100,2,25,fb89464a08a8315316a993462b898339a1874a83f2825c9a1b6ff87072390d28,False,repair_slack,25705b47e644915da0824c20e4a5d80bf48a5441871ef0d1e1b7ac9705e04408
C104,solomon_txt,fe333e81625ee5a75bb2ce98c2c9f356d07289237865b62a23ba2f32f0de5ee2,2,1,ok,True,10,1868896,1868.896,0.123047,0.500618,4,time_limit,solomon_exact_1000_v1,same_vehicles,10,824.78,126.5933,,0.5,,100,2,25,fb89464a08a8315316a993462b898339a1874a83f2825c9a1b6ff87072390d28,False,repair_slack,25705b47e644915da0824c20e4a5d80bf48a5441871ef0d1e1b7ac9705e04408
C105,solomon_txt,9a877a3a6fb922e7ad9297cc0308bc8a5652cb1495a0228ee6b81b2d938aa29f,0,1,ok,True,11,1244285,1244.285,0.101248,0.500587,0,time_limit,solomon_exact_1000_v1,different_vehicles,10,828.94,,,0.5,,100,2,25,fb89464a08a8315316a993462b898339a1874a83f2825c9a1b6ff87072390d28,False,repair_slack,25705b47e644915da0824c20e4a5d80bf48a5441871ef0d1e1b7ac9705e04408
C105,solomon_txt,9a877a3a6fb922e7ad9297cc0308bc8a5652cb1495a0228ee6b81b2d938aa29f,1,1,ok,True,11,1244285,1244.285,0.1006,0.500657,0,time_limit,solomon_exact_1000_v1,different_vehicles,10,828.94,,,0.5,,100,2,25,fb89464a08a8315316a993462b898339a1874a83f2825c9a1b6ff87072390d28,False,repair_slack,25705b47e644915da0824c20e4a5d80bf48a5441871ef0d1e1b7ac9705e04408
C105,solomon_txt,9a877a3a6fb922e7ad9297cc0308bc8a5652cb1495a0228ee6b81b2d938aa29f,2,1,ok,True,11,1244285,1244.285,0.098879,0.500568,0,time_limit,solomon_exact_1000_v1,different_vehicles,10,828.94,,,0.5,,100,2,25,fb89464a08a8315316a993462b898339a1874a83f2825c9a1b6ff87072390d28,False,repair_slack,25705b47e644915da0824c20e4a5d80bf48a5441871ef0d1e1b7ac9705e04408
C106,solomon_txt,ec9b419bed53e9c607cce76e8c6bc59feb6e4d17646905601f008a4141ec7b40,0,1,ok,True,12,1779739,1779.739,0.096392,0.500608,0,time_limit,solomon_exact_1000_v1,different_vehicles,10,828.94,,,0.5,,100,2,25,fb89464a08a8315316a993462b898339a1874a83f2825c9a1b6ff87072390d28,False,repair_slack,25705b47e644915da0824c20e4a5d80bf48a5441871ef0d1e1b7ac9705e04408
C106,solomon_txt,ec9b419bed53e9c607cce76e8c6bc59feb6e4d17646905601f008a4141ec7b40,1,1,ok,True,11,1411172,1411.172,0.099191,0.500564,0,time_limit,solomon_exact_1000_v1,different_vehicles,10,828.94,,,0.5,,100,2,25,fb89464a08a8315316a993462b898339a1874a83f2825c9a1b6ff87072390d28,False,repair_slack,25705b47e644915da0824c20e4a5d80bf48a5441871ef0d1e1b7ac9705e04408
C106,solomon_txt,ec9b419bed53e9c607cce76e8c6bc59feb6e4d17646905601f008a4141ec7b40,2,1,ok,True,11,1323826,1323.826,0.100001,0.500615,0,time_limit,solomon_exact_1000_v1,different_vehicles,10,828.94,,,0.5,,100,2,25,fb89464a08a8315316a993462b898339a1874a83f2825c9a1b6ff87072390d28,False,repair_slack,25705b47e644915da0824c20e4a5d80bf48a5441871ef0d1e1b7ac9705e04408
C107,solomon_txt,cb3cdc10d812fa17370eb52cb753b6b0574426dc6fabeb8b9076ed750ddf05ca,0,1,ok,True,10,1088386,1088.386,0.103929,0.500635,1,time_limit,solomon_exact_1000_v1,same_vehicles,10,828.06,31.4381,,0.5,,100,2,25,fb89464a08a8315316a993462b898339a1874a83f2825c9a1b6ff87072390d28,False,repair_slack,25705b47e644915da0824c20e4a5d80bf48a5441871ef0d1e1b7ac9705e04408
C107,solomon_txt,cb3cdc10d812fa17370eb52cb753b6b0574426dc6fabeb8b9076ed750ddf05ca,1,1,ok,True,10,1119053,1119.053,0.11432,0.500563,1,time_limit,solomon_exact_1000_v1,same_vehicles,10,828.06,35.1415,,0.5,,100,2,25,fb89464a08a8315316a993462b898339a1874a83f2825c9a1b6ff87072390d28,False,repair_slack,25705b47e644915da0824c20e4a5d80bf48a5441871ef0d1e1b7ac9705e04408
C107,solomon_txt,cb3cdc10d812fa17370eb52cb753b6b0574426dc6fabeb8b9076ed750ddf05ca,2,1,ok,True,10,1087988,1087.988,0.104173,0.500648,1,time_limit,solomon_exact_1000_v1,same_vehicles,10,828.06,31.39,,0.5,,100,2,25,fb89464a08a8315316a993462b898339a1874a83f2825c9a1b6ff87072390d28,False,repair_slack,25705b47e644915da0824c20e4a5d80bf48a5441871ef0d1e1b7ac9705e04408
C108,solomon_txt,b8c7e48f292b66b283d8e71511e3a4eccaa4c4bc66b9313c399e73b0226f5953,0,1,ok,True,11,2132182,2132.182,0.102807,0.500744,0,time_limit,solomon_exact_1000_v1,different_vehicles,10,828.94,,,0.5,,100,2,25,fb89464a08a8315316a993462b898339a1874a83f2825c9a1b6ff87072390d28,False,repair_slack,25705b47e644915da0824c20e4a5d80bf48a5441871ef0d1e1b7ac9705e04408
C108,solomon_txt,b8c7e48f292b66b283d8e71511e3a4eccaa4c4bc66b9313c399e73b0226f5953,1,1,ok,True,11,2132182,2132.182,0.101167,0.500601,0,time_limit,solomon_exact_1000_v1,different_vehicles,10,828.94,,,0.5,,100,2,25,fb89464a08a8315316a993462b898339a1874a83f2825c9a1b6ff87072390d28,False,repair_slack,25705b47e644915da0824c20e4a5d80bf48a5441871ef0d1e1b7ac9705e04408
C108,solomon_txt,b8c7e48f292b66b283d8e71511e3a4eccaa4c4bc66b9313c399e73b0226f5953,2,1,ok,True,11,2132182,2132.182,0.102034,0.500594,0,time_limit,solomon_exact_1000_v1,different_vehicles,10,828.94,,,0.5,,100,2,25,fb89464a08a8315316a993462b898339a1874a83f2825c9a1b6ff87072390d28,False,repair_slack,25705b47e644915da0824c20e4a5d80bf48a5441871ef0d1e1b7ac9705e04408
C109,solomon_txt,72d8489e14bf1bb18456f0b21b01110506cbcc2354719dae8481b480150f142a,0,1,ok,True,10,1626718,1626.718,0.110639,0.500572,4,time_limit,solomon_exact_1000_v1,same_vehicles,10,828.94,96.2407,,0.5,,100,2,25,fb89464a08a8315316a993462b898339a1874a83f2825c9a1b6ff87072390d28,False,repair_slack,25705b47e644915da0824c20e4a5d80bf48a5441871ef0d1e1b7ac9705e04408
C109,solomon_txt,72d8489e14bf1bb18456f0b21b01110506cbcc2354719dae8481b480150f142a,1,1,ok,True,10,1613769,1613.769,0.106918,0.50063,4,time_limit,solomon_exact_1000_v1,same_vehicles,10,828.94,94.6786,,0.5,,100,2,25,fb89464a08a8315316a993462b898339a1874a83f2825c9a1b6ff87072390d28,False,repair_slack,25705b47e644915da0824c20e4a5d80bf48a5441871ef0d1e1b7ac9705e04408
C109,solomon_txt,72d8489e14bf1bb18456f0b21b01110506cbcc2354719dae8481b480150f142a,2,1,ok,True,10,1633369,1633.369,0.122624,0.500662,4,time_limit,solomon_exact_1000_v1,same_vehicles,10,828.94,97.0431,,0.5,,100,2,25,fb89464a08a8315316a993462b898339a1874a83f2825c9a1b6ff87072390d28,False,repair_slack,25705b47e644915da0824c20e4a5d80bf48a5441871ef0d1e1b7ac9705e04408
C201,solomon_txt,d8d9834087ae2326fa23a8510533060233dc9fb481873be60956eb26a880ad63,0,1,ok,True,3,704252,704.252,0.267784,0.500674,1,time_limit,solomon_exact_1000_v1,same_vehicles,3,591.56,19.05,,0.5,,100,2,25,fb89464a08a8315316a993462b898339a1874a83f2825c9a1b6ff87072390d28,False,repair_slack,25705b47e644915da0824c20e4a5d80bf48a5441871ef0d1e1b7ac9705e04408
C201,solomon_txt,d8d9834087ae2326fa23a8510533060233dc9fb481873be60956eb26a880ad63,1,1,ok,True,3,704252,704.252,0.266274,0.500672,1,time_limit,solomon_exact_1000_v1,same_vehicles,3,591.56,19.05,,0.5,,100,2,25,fb89464a08a8315316a993462b898339a1874a83f2825c9a1b6ff87072390d28,False,repair_slack,25705b47e644915da0824c20e4a5d80bf48a5441871ef0d1e1b7ac9705e04408
C201,solomon_txt,d8d9834087ae2326fa23a8510533060233dc9fb481873be60956eb26a880ad63,2,1,ok,True,3,704252,704.252,0.274969,0.500545,1,time_limit,solomon_exact_1000_v1,same_vehicles,3,591.56,19.05,,0.5,,100,2,25,fb89464a08a8315316a993462b898339a1874a83f2825c9a1b6ff87072390d28,False,repair_slack,25705b47e644915da0824c20e4a5d80bf48a5441871ef0d1e1b7ac9705e04408
C202,solomon_txt,dfc8ecad79f6c7ffb096cd36994143569f0babe284d5ad194683271d81063772,0,1,ok,True,3,746236,746.236,0.266478,0.500726,1,time_limit,solomon_exact_1000_v1,same_vehicles,3,591.56,26.1471,,0.5,,100,2,25,fb89464a08a8315316a993462b898339a1874a83f2825c9a1b6ff87072390d28,False,repair_slack,25705b47e644915da0824c20e4a5d80bf48a5441871ef0d1e1b7ac9705e04408
C202,solomon_txt,dfc8ecad79f6c7ffb096cd36994143569f0babe284d5ad194683271d81063772,1,1,ok,True,3,746236,746.236,0.268546,0.500799,1,time_limit,solomon_exact_1000_v1,same_vehicles,3,591.56,26.1471,,0.5,,100,2,25,fb89464a08a8315316a993462b898339a1874a83f2825c9a1b6ff87072390d28,False,repair_slack,25705b47e644915da0824c20e4a5d80bf48a5441871ef0d1e1b7ac9705e04408
C202,solomon_txt,dfc8ecad79f6c7ffb096cd36994143569f0babe284d5ad194683271d81063772,2,1,ok,True,3,746236,746.236,0.249726,0.500592,1,time_limit,solomon_exact_1000_v1,same_vehicles,3,591.56,26.1471,,0.5,,100,2,25,fb89464a08a8315316a993462b898339a1874a83f2825c9a1b6ff87072390d28,False,repair_slack,25705b47e644915da0824c20e4a5d80bf48a5441871ef0d1e1b7ac9705e04408
C203,solomon_txt,2b79eea2962a848cb29f6153d4fb4ae725d35507686d937da6643b33fcd85062,0,1,ok,True,3,690753,690.753,0.242825,0.500343,1,time_limit,solomon_exact_1000_v1,same_vehicles,3,591.17,16.8451,,0.5,,100,2,25,fb89464a08a8315316a993462b898339a1874a83f2825c9a1b6ff87072390d28,False,repair_slack,25705b47e644915da0824c20e4a5d80bf48a5441871ef0d1e1b7ac9705e04408
C203,solomon_txt,2b79eea2962a848cb29f6153d4fb4ae725d35507686d937da6643b33fcd85062,1,1,ok,True,3,765859,765.859,0.239917,0.50073,1,time_limit,solomon_exact_1000_v1,same_vehicles,3,591.17,29.5497,,0.5,,100,2,25,fb89464a08a8315316a993462b898339a1874a83f2825c9a1b6ff87072390d28,False,repair_slack,25705b47e644915da0824c20e4a5d80bf48a5441871ef0d1e1b7ac9705e04408
C203,solomon_txt,2b79eea2962a848cb29f6153d4fb4ae725d35507686d937da6643b33fcd85062,2,1,ok,True,3,695185,695.185,0.241141,0.50074,1,time_limit,solomon_exact_1000_v1,same_vehicles,3,591.17,17.5948,,0.5,,100,2,25,fb89464a08a8315316a993462b898339a1874a83f2825c9a1b6ff87072390d28,False,repair_slack,25705b47e644915da0824c20e4a5d80bf48a5441871ef0d1e1b7ac9705e04408
C204,solomon_txt,4331b2744d34e32c2987e3fe8a82b782a2039d757d2aac818f7e0fd21117bfb4,0,1,ok,True,3,965970,965.97,0.270127,0.500332,1,time_limit,solomon_exact_1000_v1,same_vehicles,3,590.6,63.5574,,0.5,,100,2,25,fb89464a08a8315316a993462b898339a1874a83f2825c9a1b6ff87072390d28,False,repair_slack,25705b47e644915da0824c20e4a5d80bf48a5441871ef0d1e1b7ac9705e04408
C204,solomon_txt,4331b2744d34e32c2987e3fe8a82b782a2039d757d2aac818f7e0fd21117bfb4,1,1,ok,True,3,780549,780.549,0.270788,0.500434,1,time_limit,solomon_exact_1000_v1,same_vehicles,3,590.6,32.162,,0.5,,100,2,25,fb89464a08a8315316a993462b898339a1874a83f2825c9a1b6ff87072390d28,False,repair_slack,25705b47e644915da0824c20e4a5d80bf48a5441871ef0d1e1b7ac9705e04408
C204,solomon_txt,4331b2744d34e32c2987e3fe8a82b782a2039d757d2aac818f7e0fd21117bfb4,2,1,ok,True,3,743140,743.14,0.270677,0.500263,1,time_limit,solomon_exact_1000_v1,same_vehicles,3,590.6,25.828,,0.5,,100,2,25,fb89464a08a8315316a993462b898339a1874a83f2825c9a1b6ff87072390d28,False,repair_slack,25705b47e644915da0824c20e4a5d80bf48a5441871ef0d1e1b7ac9705e04408
C205,solomon_txt,15be2bb8c3e4ad99a79d1e7ee0472223feb95a4f423d010e032bda0a87266ca5,0,1,ok,True,4,912158,912.158,0.236537,0.500585,0,time_limit,solomon_exact_1000_v1,different_vehicles,3,588.88,,,0.5,,100,2,25,fb89464a08a8315316a993462b898339a1874a83f2825c9a1b6ff87072390d28,False,repair_slack,25705b47e644915da0824c20e4a5d80bf48a5441871ef0d1e1b7ac9705e04408
C205,solomon_txt,15be2bb8c3e4ad99a79d1e7ee0472223feb95a4f423d010e032bda0a87266ca5,1,1,ok,True,3,791058,791.058,0.238046,0.500273,1,time_limit,solomon_exact_1000_v1,same_vehicles,3,588.88,34.3326,,0.5,,100,2,25,fb89464a08a8315316a993462b898339a1874a83f2825c9a1b6ff87072390d28,False,repair_slack,25705b47e644915da0824c20e4a5d80bf48a5441871ef0d1e1b7ac9705e04408
C205,solomon_txt,15be2bb8c3e4ad99a79d1e7ee0472223feb95a4f423d010e032bda0a87266ca5,2,1,ok,True,3,753690,753.69,0.234274,0.500368,1,time_limit,solomon_exact_1000_v1,same_vehicles,3,588.88,27.987,,0.5,,100,2,25,fb89464a08a8315316a993462b898339a1874a83f2825c9a1b6ff87072390d28,False,repair_slack,25705b47e644915da0824c20e4a5d80bf48a5441871ef0d1e1b7ac9705e04408
C206,solomon_txt,745b6c7042707ffbbfc4d681ee02a84431425f1dfb3c8aa85ecf003fec8f7e53,0,1,ok,True,4,1154595,1154.595,0.25244,0.50058,0,time_limit,solomon_exact_1000_v1,different_vehicles,3,588.49,,,0.5,,100,2,25,fb89464a08a8315316a993462b898339a1874a83f2825c9a1b6ff87072390d28,False,repair_slack,25705b47e644915da0824c20e4a5d80bf48a5441871ef0d1e1b7ac9705e04408
C206,solomon_txt,745b6c7042707ffbbfc4d681ee02a84431425f1dfb3c8aa85ecf003fec8f7e53,1,1,ok,True,4,1154595,1154.595,0.267623,0.500976,0,time_limit,solomon_exact_1000_v1,different_vehicles,3,588.49,,,0.5,,100,2,25,fb89464a08a8315316a993462b898339a1874a83f2825c9a1b6ff87072390d28,False,repair_slack,25705b47e644915da0824c20e4a5d80bf48a5441871ef0d1e1b7ac9705e04408
C206,solomon_txt,745b6c7042707ffbbfc4d681ee02a84431425f1dfb3c8aa85ecf003fec8f7e53,2,1,ok,True,4,1154595,1154.595,0.349756,0.500583,0,time_limit,solomon_exact_1000_v1,different_vehicles,3,588.49,,,0.5,,100,2,25,fb89464a08a8315316a993462b898339a1874a83f2825c9a1b6ff87072390d28,False,repair_slack,25705b47e644915da0824c20e4a5d80bf48a5441871ef0d1e1b7ac9705e04408
C207,solomon_txt,a33f03570a944c8a6d185fd6a173e66c68e67c399a4958b2d5b6d49533ace4a4,0,1,ok,True,4,980937,980.937,0.263945,0.500573,0,time_limit,solomon_exact_1000_v1,different_vehicles,3,588.29,,,0.5,,100,2,25,fb89464a08a8315316a993462b898339a1874a83f2825c9a1b6ff87072390d28,False,repair_slack,25705b47e644915da0824c20e4a5d80bf48a5441871ef0d1e1b7ac9705e04408
C207,solomon_txt,a33f03570a944c8a6d185fd6a173e66c68e67c399a4958b2d5b6d49533ace4a4,1,1,ok,True,4,980937,980.937,0.266899,0.500581,0,time_limit,solomon_exact_1000_v1,different_vehicles,3,588.29,,,0.5,,100,2,25,fb89464a08a8315316a993462b898339a1874a83f2825c9a1b6ff87072390d28,False,repair_slack,25705b47e644915da0824c20e4a5d80bf48a5441871ef0d1e1b7ac9705e04408
C207,solomon_txt,a33f03570a944c8a6d185fd6a173e66c68e67c399a4958b2d5b6d49533ace4a4,2,1,ok,True,4,980937,980.937,0.263606,0.50066,0,time_limit,solomon_exact_1000_v1,different_vehicles,3,588.29,,,0.5,,100,2,25,fb89464a08a8315316a993462b898339a1874a83f2825c9a1b6ff87072390d28,False,repair_slack,25705b47e644915da0824c20e4a5d80bf48a5441871ef0d1e1b7ac9705e04408
C208,solomon_txt,1c2f2381b8743680dbeb34322869cbf5a6cdd8c281f4bcffdb99b533e601874b,0,1,ok,True,4,957831,957.831,0.261126,0.500612,0,time_limit,solomon_exact_1000_v1,different_vehicles,3,588.32,,,0.5,,100,2,25,fb89464a08a8315316a993462b898339a1874a83f2825c9a1b6ff87072390d28,False,repair_slack,25705b47e644915da0824c20e4a5d80bf48a5441871ef0d1e1b7ac9705e04408
C208,solomon_txt,1c2f2381b8743680dbeb34322869cbf5a6cdd8c281f4bcffdb99b533e601874b,1,1,ok,True,4,957831,957.831,0.265292,0.50112,0,time_limit,solomon_exact_1000_v1,different_vehicles,3,588.32,,,0.5,,100,2,25,fb89464a08a8315316a993462b898339a1874a83f2825c9a1b6ff87072390d28,False,repair_slack,25705b47e644915da0824c20e4a5d80bf48a5441871ef0d1e1b7ac9705e04408
C208,solomon_txt,1c2f2381b8743680dbeb34322869cbf5a6cdd8c281f4bcffdb99b533e601874b,2,1,ok,True,4,957831,957.831,0.260692,0.501056,0,time_limit,solomon_exact_1000_v1,different_vehicles,3,588.32,,,0.5,,100,2,25,fb89464a08a8315316a993462b898339a1874a83f2825c9a1b6ff87072390d28,False,repair_slack,25705b47e644915da0824c20e4a5d80bf48a5441871ef0d1e1b7ac9705e04408
R101,solomon_txt,3f3655182bc0fe44ce5de65fdcd2ee2f9c7fb9ed055f923635151d9d6f76d3ed,0,1,ok,True,22,1914025,1914.025,0.076043,0.500825,0,time_limit,solomon_exact_1000_v1,missing,,,,,0.5,,100,2,25,fb89464a08a8315316a993462b898339a1874a83f2825c9a1b6ff87072390d28,False,repair_slack,25705b47e644915da0824c20e4a5d80bf48a5441871ef0d1e1b7ac9705e04408
R101,solomon_txt,3f3655182bc0fe44ce5de65fdcd2ee2f9c7fb9ed055f923635151d9d6f76d3ed,1,1,ok,True,21,1903068,1903.068,0.077084,0.500646,0,time_limit,solomon_exact_1000_v1,missing,,,,,0.5,,100,2,25,fb89464a08a8315316a993462b898339a1874a83f2825c9a1b6ff87072390d28,False,repair_slack,25705b47e644915da0824c20e4a5d80bf48a5441871ef0d1e1b7ac9705e04408
R101,solomon_txt,3f3655182bc0fe44ce5de65fdcd2ee2f9c7fb9ed055f923635151d9d6f76d3ed,2,1,ok,True,21,1875855,1875.855,0.082602,0.500632,0,time_limit,solomon_exact_1000_v1,missing,,,,,0.5,,100,2,25,fb89464a08a8315316a993462b898339a1874a83f2825c9a1b6ff87072390d28,False,repair_slack,25705b47e644915da0824c20e4a5d80bf48a5441871ef0d1e1b7ac9705e04408
R102,solomon_txt,eeb23171b7e4fbfc80bf000ca770329109900fbd7273fa8b9d1f95b7dfe683c3,0,1,ok,True,19,1643656,1643.656,0.082531,0.500679,0,time_limit,solomon_exact_1000_v1,missing,,,,,0.5,,100,2,25,fb89464a08a8315316a993462b898339a1874a83f2825c9a1b6ff87072390d28,False,repair_slack,25705b47e644915da0824c20e4a5d80bf48a5441871ef0d1e1b7ac9705e04408
R102,solomon_txt,eeb23171b7e4fbfc80bf000ca770329109900fbd7273fa8b9d1f95b7dfe683c3,1,1,ok,True,19,1699360,1699.36,0.084056,0.500821,0,time_limit,solomon_exact_1000_v1,missing,,,,,0.5,,100,2,25,fb89464a08a8315316a993462b898339a1874a83f2825c9a1b6ff87072390d28,False,repair_slack,25705b47e644915da0824c20e4a5d80bf48a5441871ef0d1e1b7ac9705e04408
R102,solomon_txt,eeb23171b7e4fbfc80bf000ca770329109900fbd7273fa8b9d1f95b7dfe683c3,2,1,ok,True,19,1606305,1606.305,0.082034,0.500646,0,time_limit,solomon_exact_1000_v1,missing,,,,,0.5,,100,2,25,fb89464a08a8315316a993462b898339a1874a83f2825c9a1b6ff87072390d28,False,repair_slack,25705b47e644915da0824c20e4a5d80bf48a5441871ef0d1e1b7ac9705e04408
R103,solomon_txt,1f833e8648ba39e0edc76754fb49e81777a7175cf7b084c3f60a12607bfb3991,0,1,ok,True,14,1546015,1546.015,0.093942,0.500599,0,time_limit,solomon_exact_1000_v1,missing,,,,,0.5,,100,2,25,fb89464a08a8315316a993462b898339a1874a83f2825c9a1b6ff87072390d28,False,repair_slack,25705b47e644915da0824c20e4a5d80bf48a5441871ef0d1e1b7ac9705e04408
R103,solomon_txt,1f833e8648ba39e0edc76754fb49e81777a7175cf7b084c3f60a12607bfb3991,1,1,ok,True,14,1546015,1546.015,0.094238,0.500771,0,time_limit,solomon_exact_1000_v1,missing,,,,,0.5,,100,2,25,fb89464a08a8315316a993462b898339a1874a83f2825c9a1b6ff87072390d28,False,repair_slack,25705b47e644915da0824c20e4a5d80bf48a5441871ef0d1e1b7ac9705e04408
R103,solomon_txt,1f833e8648ba39e0edc76754fb49e81777a7175cf7b084c3f60a12607bfb3991,2,1,ok,True,14,1546015,1546.015,0.096452,0.500674,0,time_limit,solomon_exact_1000_v1,missing,,,,,0.5,,100,2,25,fb89464a08a8315316a993462b898339a1874a83f2825c9a1b6ff87072390d28,False,repair_slack,25705b47e644915da0824c20e4a5d80bf48a5441871ef0d1e1b7ac9705e04408
R104,solomon_txt,dd087124311d91facd81736debbfc7d0f351d27942917e2d76cbafd01e6183b7,0,1,ok,True,11,1194945,1194.945,0.115042,0.500638,0,time_limit,solomon_exact_1000_v1,missing,,,,,0.5,,100,2,25,fb89464a08a8315316a993462b898339a1874a83f2825c9a1b6ff87072390d28,False,repair_slack,25705b47e644915da0824c20e4a5d80bf48a5441871ef0d1e1b7ac9705e04408
R104,solomon_txt,dd087124311d91facd81736debbfc7d0f351d27942917e2d76cbafd01e6183b7,1,1,ok,True,10,1248948,1248.948,0.10792,0.500623,0,time_limit,solomon_exact_1000_v1,missing,,,,,0.5,,100,2,25,fb89464a08a8315316a993462b898339a1874a83f2825c9a1b6ff87072390d28,False,repair_slack,25705b47e644915da0824c20e4a5d80bf48a5441871ef0d1e1b7ac9705e04408
R104,solomon_txt,dd087124311d91facd81736debbfc7d0f351d27942917e2d76cbafd01e6183b7,2,1,ok,True,11,1064156,1064.156,0.105565,0.500629,0,time_limit,solomon_exact_1000_v1,missing,,,,,0.5,,100,2,25,fb89464a08a8315316a993462b898339a1874a83f2825c9a1b6ff87072390d28,False,repair_slack,25705b47e644915da0824c20e4a5d80bf48a5441871ef0d1e1b7ac9705e04408
R105,solomon_txt,ff1a614f8458d6339b3f54d8e4ca2dcf0a35c96012f477f6a819ae481de85ca4,0,1,ok,True,17,1734216,1734.216,0.086435,0.500675,0,time_limit,solomon_exact_1000_v1,missing,,,,,0.5,,100,2,25,fb89464a08a8315316a993462b898339a1874a83f2825c9a1b6ff87072390d28,False,repair_slack,25705b47e644915da0824c20e4a5d80bf48a5441871ef0d1e1b7ac9705e04408
R105,solomon_txt,ff1a614f8458d6339b3f54d8e4ca2dcf0a35c96012f477f6a819ae481de85ca4,1,1,ok,True,17,1683209,1683.209,0.09469,0.500662,0,time_limit,solomon_exact_1000_v1,missing,,,,,0.5,,100,2,25,fb89464a08a8315316a993462b898339a1874a83f2825c9a1b6ff87072390d28,False,repair_slack,25705b47e644915da0824c20e4a5d80bf48a5441871ef0d1e1b7ac9705e04408
R105,solomon_txt,ff1a614f8458d6339b3f54d8e4ca2dcf0a35c96012f477f6a819ae481de85ca4,2,1,ok,True,17,1834998,1834.998,0.089185,0.500682,0,time_limit,solomon_exact_1000_v1,missing,,,,,0.5,,100,2,25,fb89464a08a8315316a993462b898339a1874a83f2825c9a1b6ff87072390d28,False,repair_slack,25705b47e644915da0824c20e4a5d80bf48a5441871ef0d1e1b7ac9705e04408
R106,solomon_txt,31b8783d177f0fbe1c84b8f085fbf28b1989a80e4c00f49f5654ebef99835e97,0,1,ok,True,14,1536772,1536.772,0.10736,0.500623,0,time_limit,solomon_exact_1000_v1,missing,,,,,0.5,,100,2,25,fb89464a08a8315316a993462b898339a1874a83f2825c9a1b6ff87072390d28,False,repair_slack,25705b47e644915da0824c20e4a5d80bf48a5441871ef0d1e1b7ac9705e04408
R106,solomon_txt,31b8783d177f0fbe1c84b8f085fbf28b1989a80e4c00f49f5654ebef99835e97,1,1,ok,True,14,1625978,1625.978,0.087326,0.500628,0,time_limit,solomon_exact_1000_v1,missing,,,,,0.5,,100,2,25,fb89464a08a8315316a993462b898339a1874a83f2825c9a1b6ff87072390d28,False,repair_slack,25705b47e644915da0824c20e4a5d80bf48a5441871ef0d1e1b7ac9705e04408
R106,solomon_txt,31b8783d177f0fbe1c84b8f085fbf28b1989a80e4c00f49f5654ebef99835e97,2,1,ok,True,14,1559582,1559.582,0.101351,0.500633,0,time_limit,solomon_exact_1000_v1,missing,,,,,0.5,,100,2,25,fb89464a08a8315316a993462b898339a1874a83f2825c9a1b6ff87072390d28,False,repair_slack,25705b47e644915da0824c20e4a5d80bf48a5441871ef0d1e1b7ac9705e04408
R107,solomon_txt,dba2b257a1d43d7c78d5e3a9f09091a2b125d3fbec78c0c8a1782add669a1275,0,1,ok,True,11,1454570,1454.57,0.101031,0.50079,0,time_limit,solomon_exact_1000_v1,missing,,,,,0.5,,100,2,25,fb89464a08a8315316a993462b898339a1874a83f2825c9a1b6ff87072390d28,False,repair_slack,25705b47e644915da0824c20e4a5d80bf48a5441871ef0d1e1b7ac9705e04408
R107,solomon_txt,dba2b257a1d43d7c78d5e3a9f09091a2b125d3fbec78c0c8a1782add669a1275,1,1,ok,True,12,1438106,1438.106,0.110114,0.501143,0,time_limit,solomon_exact_1000_v1,missing,,,,,0.5,,100,2,25,fb89464a08a8315316a993462b898339a1874a83f2825c9a1b6ff87072390d28,False,repair_slack,25705b47e644915da0824c20e4a5d80bf48a5441871ef0d1e1b7ac9705e04408
R107,solomon_txt,dba2b257a1d43d7c78d5e3a9f09091a2b125d3fbec78c0c8a1782add669a1275,2,1,ok,True,12,1541918,1541.918,0.141828,0.501113,0,time_limit,solomon_exact_1000_v1,missing,,,,,0.5,,100,2,25,fb89464a08a8315316a993462b898339a1874a83f2825c9a1b6ff87072390d28,False,repair_slack,25705b47e644915da0824c20e4a5d80bf48a5441871ef0d1e1b7ac9705e04408
R108,solomon_txt,65cae09f4099b7e70d2b723e0e3a30aa1494c75a367bb894a3fd13241ee639d4,0,1,ok,True,11,1335543,1335.543,0.138181,0.500689,0,time_limit,solomon_exact_1000_v1,missing,,,,,0.5,,100,2,25,fb89464a08a8315316a993462b898339a1874a83f2825c9a1b6ff87072390d28,False,repair_slack,25705b47e644915da0824c20e4a5d80bf48a5441871ef0d1e1b7ac9705e04408
R108,solomon_txt,65cae09f4099b7e70d2b723e0e3a30aa1494c75a367bb894a3fd13241ee639d4,1,1,ok,True,11,1345573,1345.573,0.125654,0.500616,0,time_limit,solomon_exact_1000_v1,missing,,,,,0.5,,100,2,25,fb89464a08a8315316a993462b898339a1874a83f2825c9a1b6ff87072390d28,False,repair_slack,25705b47e644915da0824c20e4a5d80bf48a5441871ef0d1e1b7ac9705e04408
R108,solomon_txt,65cae09f4099b7e70d2b723e0e3a30aa1494c75a367bb894a3fd13241ee639d4,2,1,ok,True,11,1345575,1345.575,0.111847,0.50102,0,time_limit,solomon_exact_1000_v1,missing,,,,,0.5,,100,2,25,fb89464a08a8315316a993462b898339a1874a83f2825c9a1b6ff87072390d28,False,repair_slack,25705b47e644915da0824c20e4a5d80bf48a5441871ef0d1e1b7ac9705e04408
R109,solomon_txt,4ef24030e8c48de5f85dcd90c5739186004fc8dec87533b6467013cf996f4777,0,1,ok,True,16,1724824,1724.824,0.116319,0.500676,0,time_limit,solomon_exact_1000_v1,missing,,,,,0.5,,100,2,25,fb89464a08a8315316a993462b898339a1874a83f2825c9a1b6ff87072390d28,False,repair_slack,25705b47e644915da0824c20e4a5d80bf48a5441871ef0d1e1b7ac9705e04408
R109,solomon_txt,4ef24030e8c48de5f85dcd90c5739186004fc8dec87533b6467013cf996f4777,1,1,ok,True,16,1783585,1783.585,0.099547,0.50066,0,time_limit,solomon_exact_1000_v1,missing,,,,,0.5,,100,2,25,fb89464a08a8315316a993462b898339a1874a83f2825c9a1b6ff87072390d28,False,repair_slack,25705b47e644915da0824c20e4a5d80bf48a5441871ef0d1e1b7ac9705e04408
R109,solomon_txt,4ef24030e8c48de5f85dcd90c5739186004fc8dec87533b6467013cf996f4777,2,1,ok,True,16,1620688,1620.688,0.095775,0.500653,0,time_limit,solomon_exact_1000_v1,missing,,,,,0.5,,100,2,25,fb89464a08a8315316a993462b898339a1874a83f2825c9a1b6ff87072390d28,False,repair_slack,25705b47e644915da0824c20e4a5d80bf48a5441871ef0d1e1b7ac9705e04408
R110,solomon_txt,14cb53cb99af61d3d708f07564b9a72d146e7c26b4f10507cfaf3bc828f34bfa,0,1,ok,True,13,1603612,1603.612,0.095584,0.500658,0,time_limit,solomon_exact_1000_v1,missing,,,,,0.5,,100,2,25,fb89464a08a8315316a993462b898339a1874a83f2825c9a1b6ff87072390d28,False,repair_slack,25705b47e644915da0824c20e4a5d80bf48a5441871ef0d1e1b7ac9705e04408
R110,solomon_txt,14cb53cb99af61d3d708f07564b9a72d146e7c26b4f10507cfaf3bc828f34bfa,1,1,ok,True,13,1497054,1497.054,0.105655,0.500628,0,time_limit,solomon_exact_1000_v1,missing,,,,,0.5,,100,2,25,fb89464a08a8315316a993462b898339a1874a83f2825c9a1b6ff87072390d28,False,repair_slack,25705b47e644915da0824c20e4a5d80bf48a5441871ef0d1e1b7ac9705e04408
R110,solomon_txt,14cb53cb99af61d3d708f07564b9a72d146e7c26b4f10507cfaf3bc828f34bfa,2,1,ok,True,13,1732964,1732.964,0.094527,0.500588,0,time_limit,solomon_exact_1000_v1,missing,,,,,0.5,,100,2,25,fb89464a08a8315316a993462b898339a1874a83f2825c9a1b6ff87072390d28,False,repair_slack,25705b47e644915da0824c20e4a5d80bf48a5441871ef0d1e1b7ac9705e04408
R111,solomon_txt,3d94a73b1f2fe8aae4618b9d9ea254cff2e3924a6a841aa390096ec6c60f258d,0,1,ok,True,12,1503640,1503.64,0.097497,0.500698,0,time_limit,solomon_exact_1000_v1,missing,,,,,0.5,,100,2,25,fb89464a08a8315316a993462b898339a1874a83f2825c9a1b6ff87072390d28,False,repair_slack,25705b47e644915da0824c20e4a5d80bf48a5441871ef0d1e1b7ac9705e04408
R111,solomon_txt,3d94a73b1f2fe8aae4618b9d9ea254cff2e3924a6a841aa390096ec6c60f258d,1,1,ok,True,12,1430358,1430.358,0.098014,0.500608,0,time_limit,solomon_exact_1000_v1,missing,,,,,0.5,,100,2,25,fb89464a08a8315316a993462b898339a1874a83f2825c9a1b6ff87072390d28,False,repair_slack,25705b47e644915da0824c20e4a5d80bf48a5441871ef0d1e1b7ac9705e04408
R111,solomon_txt,3d94a73b1f2fe8aae4618b9d9ea254cff2e3924a6a841aa390096ec6c60f258d,2,1,ok,True,12,1491161,1491.161,0.110159,0.500606,0,time_limit,solomon_exact_1000_v1,missing,,,,,0.5,,100,2,25,fb89464a08a8315316a993462b898339a1874a83f2825c9a1b6ff87072390d28,False,repair_slack,25705b47e644915da0824c20e4a5d80bf48a5441871ef0d1e1b7ac9705e04408
R112,solomon_txt,a0e93149d59d30c356619891d192e86d0f16c3158e1dac3bd9f23c6deb718271,0,1,ok,True,13,1547013,1547.013,0.095389,0.500705,0,time_limit,solomon_exact_1000_v1,missing,,,,,0.5,,100,2,25,fb89464a08a8315316a993462b898339a1874a83f2825c9a1b6ff87072390d28,False,repair_slack,25705b47e644915da0824c20e4a5d80bf48a5441871ef0d1e1b7ac9705e04408
R112,solomon_txt,a0e93149d59d30c356619891d192e86d0f16c3158e1dac3bd9f23c6deb718271,1,1,ok,True,13,1531605,1531.605,0.108232,0.500741,0,time_limit,solomon_exact_1000_v1,missing,,,,,0.5,,100,2,25,fb89464a08a8315316a993462b898339a1874a83f2825c9a1b6ff87072390d28,False,repair_slack,25705b47e644915da0824c20e4a5d80bf48a5441871ef0d1e1b7ac9705e04408
R112,solomon_txt,a0e93149d59d30c356619891d192e86d0f16c3158e1dac3bd9f23c6deb718271,2,1,ok,True,13,1766225,1766.225,0.127243,0.500621,0,time_limit,solomon_exact_1000_v1,missing,,,,,0.5,,100,2,25,fb89464a08a8315316a993462b898339a1874a83f2825c9a1b6ff87072390d28,False,repair_slack,25705b47e644915da0824c20e4a5d80bf48a5441871ef0d1e1b7ac9705e04408
R201,solomon_txt,0be960ec998fff2cab0bdbcc5194c617e5ca0a79c82c5b32b1d4bd98b2cae210,0,1,ok,True,4,1528479,1528.479,0.199531,0.500616,0,time_limit,solomon_exact_1000_v1,missing,,,,,0.5,,100,2,25,fb89464a08a8315316a993462b898339a1874a83f2825c9a1b6ff87072390d28,False,repair_slack,25705b47e644915da0824c20e4a5d80bf48a5441871ef0d1e1b7ac9705e04408
R201,solomon_txt,0be960ec998fff2cab0bdbcc5194c617e5ca0a79c82c5b32b1d4bd98b2cae210,1,1,ok,True,5,1726658,1726.658,0.199879,0.500574,0,time_limit,solomon_exact_1000_v1,missing,,,,,0.5,,100,2,25,fb89464a08a8315316a993462b898339a1874a83f2825c9a1b6ff87072390d28,False,repair_slack,25705b47e644915da0824c20e4a5d80bf48a5441871ef0d1e1b7ac9705e04408
R201,solomon_txt,0be960ec998fff2cab0bdbcc5194c617e5ca0a79c82c5b32b1d4bd98b2cae210,2,1,ok,True,4,1691539,1691.539,0.221751,0.500824,0,time_limit,solomon_exact_1000_v1,missing,,,,,0.5,,100,2,25,fb89464a08a8315316a993462b898339a1874a83f2825c9a1b6ff87072390d28,False,repair_slack,25705b47e644915da0824c20e4a5d80bf48a5441871ef0d1e1b7ac9705e04408
R202,solomon_txt,1f7761bb33e9dd0c94837b32c72280296ffc283dba997379c7ad75ce00dffc8d,0,1,ok,True,4,1622244,1622.244,0.237062,0.50056,0,time_limit,solomon_exact_1000_v1,missing,,,,,0.5,,100,2,25,fb89464a08a8315316a993462b898339a1874a83f2825c9a1b6ff87072390d28,False,repair_slack,25705b47e644915da0824c20e4a5d80bf48a5441871ef0d1e1b7ac9705e04408
R202,solomon_txt,1f7761bb33e9dd0c94837b32c72280296ffc283dba997379c7ad75ce00dffc8d,1,1,ok,True,4,1622244,1622.244,0.286143,0.500568,0,time_limit,solomon_exact_1000_v1,missing,,,,,0.5,,100,2,25,fb89464a08a8315316a993462b898339a1874a83f2825c9a1b6ff87072390d28,False,repair_slack,25705b47e644915da0824c20e4a5d80bf48a5441871ef0d1e1b7ac9705e04408
R202,solomon_txt,1f7761bb33e9dd0c94837b32c72280296ffc283dba997379c7ad75ce00dffc8d,2,1,ok,True,4,1622244,1622.244,0.253132,0.500661,0,time_limit,solomon_exact_1000_v1,missing,,,,,0.5,,100,2,25,fb89464a08a8315316a993462b898339a1874a83f2825c9a1b6ff87072390d28,False,repair_slack,25705b47e644915da0824c20e4a5d80bf48a5441871ef0d1e1b7ac9705e04408
R203,solomon_txt,38c484db31bd7452a94d533e26a2348ef598df600b79d061d9ddc1c61466a731,0,1,ok,True,3,1300221,1300.221,0.241462,0.500436,1,time_limit,solomon_exact_1000_v1,missing,,,,,0.5,,100,2,25,fb89464a08a8315316a993462b898339a1874a83f2825c9a1b6ff87072390d28,False,repair_slack,25705b47e644915da0824c20e4a5d80bf48a5441871ef0d1e1b7ac9705e04408
R203,solomon_txt,38c484db31bd7452a94d533e26a2348ef598df600b79d061d9ddc1c61466a731,1,1,ok,True,3,1298706,1298.706,0.250948,0.500762,1,time_limit,solomon_exact_1000_v1,missing,,,,,0.5,,100,2,25,fb89464a08a8315316a993462b898339a1874a83f2825c9a1b6ff87072390d28,False,repair_slack,25705b47e644915da0824c20e4a5d80bf48a5441871ef0d1e1b7ac9705e04408
R203,solomon_txt,38c484db31bd7452a94d533e26a2348ef598df600b79d061d9ddc1c61466a731,2,1,ok,True,3,1300221,1300.221,0.272811,0.500636,1,time_limit,solomon_exact_1000_v1,missing,,,,,0.5,,100,2,25,fb89464a08a8315316a993462b898339a1874a83f2825c9a1b6ff87072390d28,False,repair_slack,25705b47e644915da0824c20e4a5d80bf48a5441871ef0d1e1b7ac9705e04408
R204,solomon_txt,5349e37d8df99bcbee1efa2e970d2662b5265e5f82fc609343a6af0a60257abf,0,1,ok,True,3,1331038,1331.038,0.325848,0.500589,0,time_limit,solomon_exact_1000_v1,missing,,,,,0.5,,100,2,25,fb89464a08a8315316a993462b898339a1874a83f2825c9a1b6ff87072390d28,False,repair_slack,25705b47e644915da0824c20e4a5d80bf48a5441871ef0d1e1b7ac9705e04408
R204,solomon_txt,5349e37d8df99bcbee1efa2e970d2662b5265e5f82fc609343a6af0a60257abf,1,1,ok,True,3,1331038,1331.038,0.29856,0.500597,0,time_limit,solomon_exact_1000_v1,missing,,,,,0.5,,100,2,25,fb89464a08a8315316a993462b898339a1874a83f2825c9a1b6ff87072390d28,False,repair_slack,25705b47e644915da0824c20e4a5d80bf48a5441871ef0d1e1b7ac9705e04408
R204,solomon_txt,5349e37d8df99bcbee1efa2e970d2662b5265e5f82fc609343a6af0a60257abf,2,1,ok,True,3,1331038,1331.038,0.300635,0.500709,0,time_limit,solomon_exact_1000_v1,missing,,,,,0.5,,100,2,25,fb89464a08a8315316a993462b898339a1874a83f2825c9a1b6ff87072390d28,False,repair_slack,25705b47e644915da0824c20e4a5d80bf48a5441871ef0d1e1b7ac9705e04408
R205,solomon_txt,1996bf8f10716fb8cfc1a585206a6a6e566f32347c1bb8f36c75ed6c887f77e3,0,1,ok,True,4,1700248,1700.248,0.281233,0.500604,0,time_limit,solomon_exact_1000_v1,missing,,,,,0.5,,100,2,25,fb89464a08a8315316a993462b898339a1874a83f2825c9a1b6ff87072390d28,False,repair_slack,25705b47e644915da0824c20e4a5d80bf48a5441871ef0d1e1b7ac9705e04408
R205,solomon_txt,1996bf8f10716fb8cfc1a585206a6a6e566f32347c1bb8f36c75ed6c887f77e3,1,1,ok,True,4,1700248,1700.248,0.249211,0.50064,0,time_limit,solomon_exact_1000_v1,missing,,,,,0.5,,100,2,25,fb89464a08a8315316a993462b898339a1874a83f2825c9a1b6ff87072390d28,False,repair_slack,25705b47e644915da0824c20e4a5d80bf48a5441871ef0d1e1b7ac9705e04408
R205,solomon_txt,1996bf8f10716fb8cfc1a585206a6a6e566f32347c1bb8f36c75ed6c887f77e3,2,1,ok,True,4,1700248,1700.248,0.262593,0.500915,0,time_limit,solomon_exact_1000_v1,missing,,,,,0.5,,100,2,25,fb89464a08a8315316a993462b898339a1874a83f2825c9a1b6ff87072390d28,False,repair_slack,25705b47e644915da0824c20e4a5d80bf48a5441871ef0d1e1b7ac9705e04408
R206,solomon_txt,c8754a0319264d076c038b1bf023c8c4710e8895fe3e03f485e9ae249f32fe43,0,1,ok,True,3,1533607,1533.607,0.274373,0.500655,0,time_limit,solomon_exact_1000_v1,missing,,,,,0.5,,100,2,25,fb89464a08a8315316a993462b898339a1874a83f2825c9a1b6ff87072390d28,False,repair_slack,25705b47e644915da0824c20e4a5d80bf48a5441871ef0d1e1b7ac9705e04408
R206,solomon_txt,c8754a0319264d076c038b1bf023c8c4710e8895fe3e03f485e9ae249f32fe43,1,1,ok,True,3,1533607,1533.607,0.268505,0.500576,0,time_limit,solomon_exact_1000_v1,missing,,,,,0.5,,100,2,25,fb89464a08a8315316a993462b898339a1874a83f2825c9a1b6ff87072390d28,False,repair_slack,25705b47e644915da0824c20e4a5d80bf48a5441871ef0d1e1b7ac9705e04408
R206,solomon_txt,c8754a0319264d076c038b1bf023c8c4710e8895fe3e03f485e9ae249f32fe43,2,1,ok,True,3,1533607,1533.607,0.259857,0.500615,0,time_limit,solomon_exact_1000_v1,missing,,,,,0.5,,100,2,25,fb89464a08a8315316a993462b898339a1874a83f2825c9a1b6ff87072390d28,False,repair_slack,25705b47e644915da0824c20e4a5d80bf48a5441871ef0d1e1b7ac9705e04408
R207,solomon_txt,52dc8eebba43fdc67ca9aadab228b75a297acb55a87db3e4748e82f623e3cbe6,0,1,ok,True,4,1302528,1302.528,0.333993,0.500684,0,time_limit,solomon_exact_1000_v1,missing,,,,,0.5,,100,2,25,fb89464a08a8315316a993462b898339a1874a83f2825c9a1b6ff87072390d28,False,repair_slack,25705b47e644915da0824c20e4a5d80bf48a5441871ef0d1e1b7ac9705e04408
R207,solomon_txt,52dc8eebba43fdc67ca9aadab228b75a297acb55a87db3e4748e82f623e3cbe6,1,1,ok,True,4,1302528,1302.528,0.322489,0.500608,0,time_limit,solomon_exact_1000_v1,missing,,,,,0.5,,100,2,25,fb89464a08a8315316a993462b898339a1874a83f2825c9a1b6ff87072390d28,False,repair_slack,25705b47e644915da0824c20e4a5d80bf48a5441871ef0d1e1b7ac9705e04408
R207,solomon_txt,52dc8eebba43fdc67ca9aadab228b75a297acb55a87db3e4748e82f623e3cbe6,2,1,ok,True,4,1302528,1302.528,0.293437,0.500593,0,time_limit,solomon_exact_1000_v1,missing,,,,,0.5,,100,2,25,fb89464a08a8315316a993462b898339a1874a83f2825c9a1b6ff87072390d28,False,repair_slack,25705b47e644915da0824c20e4a5d80bf48a5441871ef0d1e1b7ac9705e04408
R208,solomon_txt,7b4a95d500af9329dd08791d39898a619faec0f8fac039d57373e761545b980d,0,1,ok,True,3,957965,957.965,0.347257,0.500567,0,time_limit,solomon_exact_1000_v1,missing,,,,,0.5,,100,2,25,fb89464a08a8315316a993462b898339a1874a83f2825c9a1b6ff87072390d28,False,repair_slack,25705b47e644915da0824c20e4a5d80bf48a5441871ef0d1e1b7ac9705e04408
R208,solomon_txt,7b4a95d500af9329dd08791d39898a619faec0f8fac039d57373e761545b980d,1,1,ok,True,3,957965,957.965,0.335628,0.500604,0,time_limit,solomon_exact_1000_v1,missing,,,,,0.5,,100,2,25,fb89464a08a8315316a993462b898339a1874a83f2825c9a1b6ff87072390d28,False,repair_slack,25705b47e644915da0824c20e4a5d80bf48a5441871ef0d1e1b7ac9705e04408
R208,solomon_txt,7b4a95d500af9329dd08791d39898a619faec0f8fac039d57373e761545b980d,2,1,ok,True,3,957965,957.965,0.364436,0.500569,0,time_limit,solomon_exact_1000_v1,missing,,,,,0.5,,100,2,25,fb89464a08a8315316a993462b898339a1874a83f2825c9a1b6ff87072390d28,False,repair_slack,25705b47e644915da0824c20e4a5d80bf48a5441871ef0d1e1b7ac9705e04408
R209,solomon_txt,5b74156d032babcff853ccc693f94463eca8333cd425aa99a39ed996f6258933,0,1,ok,True,3,1441427,1441.427,0.232718,0.50057,0,time_limit,solomon_exact_1000_v1,missing,,,,,0.5,,100,2,25,fb89464a08a8315316a993462b898339a1874a83f2825c9a1b6ff87072390d28,False,repair_slack,25705b47e644915da0824c20e4a5d80bf48a5441871ef0d1e1b7ac9705e04408
R209,solomon_txt,5b74156d032babcff853ccc693f94463eca8333cd425aa99a39ed996f6258933,1,1,ok,True,3,1284368,1284.368,0.227685,0.500992,0,time_limit,solomon_exact_1000_v1,missing,,,,,0.5,,100,2,25,fb89464a08a8315316a993462b898339a1874a83f2825c9a1b6ff87072390d28,False,repair_slack,25705b47e644915da0824c20e4a5d80bf48a5441871ef0d1e1b7ac9705e04408
R209,solomon_txt,5b74156d032babcff853ccc693f94463eca8333cd425aa99a39ed996f6258933,2,1,ok,True,3,1328398,1328.398,0.225644,0.500533,0,time_limit,solomon_exact_1000_v1,missing,,,,,0.5,,100,2,25,fb89464a08a8315316a993462b898339a1874a83f2825c9a1b6ff87072390d28,False,repair_slack,25705b47e644915da0824c20e4a5d80bf48a5441871ef0d1e1b7ac9705e04408
R210,solomon_txt,4e5772f109fb6183e6a648d6a1edaba3435438c2dc11c42da370fecf7bdf3a14,0,1,ok,True,3,1443660,1443.66,0.262422,0.500581,0,time_limit,solomon_exact_1000_v1,missing,,,,,0.5,,100,2,25,fb89464a08a8315316a993462b898339a1874a83f2825c9a1b6ff87072390d28,False,repair_slack,25705b47e644915da0824c20e4a5d80bf48a5441871ef0d1e1b7ac9705e04408
R210,solomon_txt,4e5772f109fb6183e6a648d6a1edaba3435438c2dc11c42da370fecf7bdf3a14,1,1,ok,True,3,1443660,1443.66,0.252608,0.500589,0,time_limit,solomon_exact_1000_v1,missing,,,,,0.5,,100,2,25,fb89464a08a8315316a993462b898339a1874a83f2825c9a1b6ff87072390d28,False,repair_slack,25705b47e644915da0824c20e4a5d80bf48a5441871ef0d1e1b7ac9705e04408
R210,solomon_txt,4e5772f109fb6183e6a648d6a1edaba3435438c2dc11c42da370fecf7bdf3a14,2,1,ok,True,3,1443660,1443.66,0.258675,0.500608,0,time_limit,solomon_exact_1000_v1,missing,,,,,0.5,,100,2,25,fb89464a08a8315316a993462b898339a1874a83f2825c9a1b6ff87072390d28,False,repair_slack,25705b47e644915da0824c20e4a5d80bf48a5441871ef0d1e1b7ac9705e04408
R211,solomon_txt,2965507e467a2f92acd59035975910e36ae11e4f49590d4c7d20a883939227ad,0,1,ok,True,3,1516434,1516.434,0.284615,0.500609,0,time_limit,solomon_exact_1000_v1,missing,,,,,0.5,,100,2,25,fb89464a08a8315316a993462b898339a1874a83f2825c9a1b6ff87072390d28,False,repair_slack,25705b47e644915da0824c20e4a5d80bf48a5441871ef0d1e1b7ac9705e04408
R211,solomon_txt,2965507e467a2f92acd59035975910e36ae11e4f49590d4c7d20a883939227ad,1,1,ok,True,3,1516434,1516.434,0.308441,0.500828,0,time_limit,solomon_exact_1000_v1,missing,,,,,0.5,,100,2,25,fb89464a08a8315316a993462b898339a1874a83f2825c9a1b6ff87072390d28,False,repair_slack,25705b47e644915da0824c20e4a5d80bf48a5441871ef0d1e1b7ac9705e04408
R211,solomon_txt,2965507e467a2f92acd59035975910e36ae11e4f49590d4c7d20a883939227ad,2,1,ok,True,3,1516434,1516.434,0.266742,0.500612,0,time_limit,solomon_exact_1000_v1,missing,,,,,0.5,,100,2,25,fb89464a08a8315316a993462b898339a1874a83f2825c9a1b6ff87072390d28,False,repair_slack,25705b47e644915da0824c20e4a5d80bf48a5441871ef0d1e1b7ac9705e04408
RC101,solomon_txt,ef6893ffd9746ad96de8e4da6e64e2c4ba6e08a1c7eb9457276a9f1caf01ca12,0,1,ok,True,18,2104912,2104.912,0.083569,0.500723,0,time_limit,solomon_exact_1000_v1,missing,,,,,0.5,,100,2,25,fb89464a08a8315316a993462b898339a1874a83f2825c9a1b6ff87072390d28,False,repair_slack,25705b47e644915da0824c20e4a5d80bf48a5441871ef0d1e1b7ac9705e04408
RC101,solomon_txt,ef6893ffd9746ad96de8e4da6e64e2c4ba6e08a1c7eb9457276a9f1caf01ca12,1,1,ok,True,18,2077534,2077.534,0.093917,0.501014,0,time_limit,solomon_exact_1000_v1,missing,,,,,0.5,,100,2,25,fb89464a08a8315316a993462b898339a1874a83f2825c9a1b6ff87072390d28,False,repair_slack,25705b47e644915da0824c20e4a5d80bf48a5441871ef0d1e1b7ac9705e04408
RC101,solomon_txt,ef6893ffd9746ad96de8e4da6e64e2c4ba6e08a1c7eb9457276a9f1caf01ca12,2,1,ok,True,19,2095989,2095.989,0.119422,0.501165,0,time_limit,solomon_exact_1000_v1,missing,,,,,0.5,,100,2,25,fb89464a08a8315316a993462b898339a1874a83f2825c9a1b6ff87072390d28,False,repair_slack,25705b47e644915da0824c20e4a5d80bf48a5441871ef0d1e1b7ac9705e04408
RC102,solomon_txt,36acd349d34a577c7fadd61f78517c2cb74bd06a490273800c288f341e5785a4,0,1,ok,True,16,1985253,1985.253,0.103452,0.501209,0,time_limit,solomon_exact_1000_v1,missing,,,,,0.5,,100,2,25,fb89464a08a8315316a993462b898339a1874a83f2825c9a1b6ff87072390d28,False,repair_slack,25705b47e644915da0824c20e4a5d80bf48a5441871ef0d1e1b7ac9705e04408
RC102,solomon_txt,36acd349d34a577c7fadd61f78517c2cb74bd06a490273800c288f341e5785a4,1,1,ok,True,15,1845392,1845.392,0.129719,0.500633,0,time_limit,solomon_exact_1000_v1,missing,,,,,0.5,,100,2,25,fb89464a08a8315316a993462b898339a1874a83f2825c9a1b6ff87072390d28,False,repair_slack,25705b47e644915da0824c20e4a5d80bf48a5441871ef0d1e1b7ac9705e04408
RC102,solomon_txt,36acd349d34a577c7fadd61f78517c2cb74bd06a490273800c288f341e5785a4,2,1,ok,True,16,1838302,1838.302,0.108787,0.500667,0,time_limit,solomon_exact_1000_v1,missing,,,,,0.5,,100,2,25,fb89464a08a8315316a993462b898339a1874a83f2825c9a1b6ff87072390d28,False,repair_slack,25705b47e644915da0824c20e4a5d80bf48a5441871ef0d1e1b7ac9705e04408
RC103,solomon_txt,00f384138274d5d2bff5c41601db17cc4ad0cfc6315c27e223d4477bf435cc2d,0,1,ok,True,12,1653838,1653.838,0.112165,0.500598,0,time_limit,solomon_exact_1000_v1,missing,,,,,0.5,,100,2,25,fb89464a08a8315316a993462b898339a1874a83f2825c9a1b6ff87072390d28,False,repair_slack,25705b47e644915da0824c20e4a5d80bf48a5441871ef0d1e1b7ac9705e04408
RC103,solomon_txt,00f384138274d5d2bff5c41601db17cc4ad0cfc6315c27e223d4477bf435cc2d,1,1,ok,True,13,1952068,1952.068,0.09861,0.500765,0,time_limit,solomon_exact_1000_v1,missing,,,,,0.5,,100,2,25,fb89464a08a8315316a993462b898339a1874a83f2825c9a1b6ff87072390d28,False,repair_slack,25705b47e644915da0824c20e4a5d80bf48a5441871ef0d1e1b7ac9705e04408
RC103,solomon_txt,00f384138274d5d2bff5c41601db17cc4ad0cfc6315c27e223d4477bf435cc2d,2,1,ok,True,12,1731245,1731.245,0.098765,0.500596,0,time_limit,solomon_exact_1000_v1,missing,,,,,0.5,,100,2,25,fb89464a08a8315316a993462b898339a1874a83f2825c9a1b6ff87072390d28,False,repair_slack,25705b47e644915da0824c20e4a5d80bf48a5441871ef0d1e1b7ac9705e04408
RC104,solomon_txt,d150b2d61049a488fb89a2320c197d81a7ef9a1864abbbaea1d13a2b451253ee,0,1,ok,True,12,1629914,1629.914,0.107874,0.500683,0,time_limit,solomon_exact_1000_v1,missing,,,,,0.5,,100,2,25,fb89464a08a8315316a993462b898339a1874a83f2825c9a1b6ff87072390d28,False,repair_slack,25705b47e644915da0824c20e4a5d80bf48a5441871ef0d1e1b7ac9705e04408
RC104,solomon_txt,d150b2d61049a488fb89a2320c197d81a7ef9a1864abbbaea1d13a2b451253ee,1,1,ok,True,12,1653597,1653.597,0.109619,0.500622,0,time_limit,solomon_exact_1000_v1,missing,,,,,0.5,,100,2,25,fb89464a08a8315316a993462b898339a1874a83f2825c9a1b6ff87072390d28,False,repair_slack,25705b47e644915da0824c20e4a5d80bf48a5441871ef0d1e1b7ac9705e04408
RC104,solomon_txt,d150b2d61049a488fb89a2320c197d81a7ef9a1864abbbaea1d13a2b451253ee,2,1,ok,True,12,1450554,1450.554,0.103812,0.500635,0,time_limit,solomon_exact_1000_v1,missing,,,,,0.5,,100,2,25,fb89464a08a8315316a993462b898339a1874a83f2825c9a1b6ff87072390d28,False,repair_slack,25705b47e644915da0824c20e4a5d80bf48a5441871ef0d1e1b7ac9705e04408
RC105,solomon_txt,b9e912625c1ed80d2f565e0799ade2f4b17bf4f95056322ca23f1a21b37e7a49,0,1,ok,True,16,1953634,1953.634,0.086421,0.500607,0,time_limit,solomon_exact_1000_v1,missing,,,,,0.5,,100,2,25,fb89464a08a8315316a993462b898339a1874a83f2825c9a1b6ff87072390d28,False,repair_slack,25705b47e644915da0824c20e4a5d80bf48a5441871ef0d1e1b7ac9705e04408
RC105,solomon_txt,b9e912625c1ed80d2f565e0799ade2f4b17bf4f95056322ca23f1a21b37e7a49,1,1,ok,True,16,1832241,1832.241,0.087349,0.500641,0,time_limit,solomon_exact_1000_v1,missing,,,,,0.5,,100,2,25,fb89464a08a8315316a993462b898339a1874a83f2825c9a1b6ff87072390d28,False,repair_slack,25705b47e644915da0824c20e4a5d80bf48a5441871ef0d1e1b7ac9705e04408
RC105,solomon_txt,b9e912625c1ed80d2f565e0799ade2f4b17bf4f95056322ca23f1a21b37e7a49,2,1,ok,True,16,1833846,1833.846,0.08842,0.501041,0,time_limit,solomon_exact_1000_v1,missing,,,,,0.5,,100,2,25,fb89464a08a8315316a993462b898339a1874a83f2825c9a1b6ff87072390d28,False,repair_slack,25705b47e644915da0824c20e4a5d80bf48a5441871ef0d1e1b7ac9705e04408
RC106,solomon_txt,bf016ffc567af2d108570357daf1d0cabb7f680c0bd977d2e4366787683fdbaf,0,1,ok,True,15,2118036,2118.036,0.121944,0.500604,0,time_limit,solomon_exact_1000_v1,missing,,,,,0.5,,100,2,25,fb89464a08a8315316a993462b898339a1874a83f2825c9a1b6ff87072390d28,False,repair_slack,25705b47e644915da0824c20e4a5d80bf48a5441871ef0d1e1b7ac9705e04408
RC106,solomon_txt,bf016ffc567af2d108570357daf1d0cabb7f680c0bd977d2e4366787683fdbaf,1,1,ok,True,15,1934952,1934.952,0.085925,0.500556,0,time_limit,solomon_exact_1000_v1,missing,,,,,0.5,,100,2,25,fb89464a08a8315316a993462b898339a1874a83f2825c9a1b6ff87072390d28,False,repair_slack,25705b47e644915da0824c20e4a5d80bf48a5441871ef0d1e1b7ac9705e04408
RC106,solomon_txt,bf016ffc567af2d108570357daf1d0cabb7f680c0bd977d2e4366787683fdbaf,2,1,ok,True,16,1823605,1823.605,0.089277,0.500675,0,time_limit,solomon_exact_1000_v1,missing,,,,,0.5,,100,2,25,fb89464a08a8315316a993462b898339a1874a83f2825c9a1b6ff87072390d28,False,repair_slack,25705b47e644915da0824c20e4a5d80bf48a5441871ef0d1e1b7ac9705e04408
RC107,solomon_txt,fff3fd68d110671ed442575f07cc547291586f30b00c5f73934d521d31311582,0,1,ok,True,15,1945547,1945.547,0.12482,0.501108,0,time_limit,solomon_exact_1000_v1,missing,,,,,0.5,,100,2,25,fb89464a08a8315316a993462b898339a1874a83f2825c9a1b6ff87072390d28,False,repair_slack,25705b47e644915da0824c20e4a5d80bf48a5441871ef0d1e1b7ac9705e04408
RC107,solomon_txt,fff3fd68d110671ed442575f07cc547291586f30b00c5f73934d521d31311582,1,1,ok,True,15,1909676,1909.676,0.09819,0.500664,0,time_limit,solomon_exact_1000_v1,missing,,,,,0.5,,100,2,25,fb89464a08a8315316a993462b898339a1874a83f2825c9a1b6ff87072390d28,False,repair_slack,25705b47e644915da0824c20e4a5d80bf48a5441871ef0d1e1b7ac9705e04408
RC107,solomon_txt,fff3fd68d110671ed442575f07cc547291586f30b00c5f73934d521d31311582,2,1,ok,True,15,1898063,1898.063,0.097962,0.500591,0,time_limit,solomon_exact_1000_v1,missing,,,,,0.5,,100,2,25,fb89464a08a8315316a993462b898339a1874a83f2825c9a1b6ff87072390d28,False,repair_slack,25705b47e644915da0824c20e4a5d80bf48a5441871ef0d1e1b7ac9705e04408
RC108,solomon_txt,006bc8817bf09f9a8c66af8d6f088bdec239b2eb435556e9d11193cf456f7aeb,0,1,ok,True,14,2023474,2023.474,0.095889,0.500619,0,time_limit,solomon_exact_1000_v1,missing,,,,,0.5,,100,2,25,fb89464a08a8315316a993462b898339a1874a83f2825c9a1b6ff87072390d28,False,repair_slack,25705b47e644915da0824c20e4a5d80bf48a5441871ef0d1e1b7ac9705e04408
RC108,solomon_txt,006bc8817bf09f9a8c66af8d6f088bdec239b2eb435556e9d11193cf456f7aeb,1,1,ok,True,14,1946148,1946.148,0.100737,0.500638,0,time_limit,solomon_exact_1000_v1,missing,,,,,0.5,,100,2,25,fb89464a08a8315316a993462b898339a1874a83f2825c9a1b6ff87072390d28,False,repair_slack,25705b47e644915da0824c20e4a5d80bf48a5441871ef0d1e1b7ac9705e04408
RC108,solomon_txt,006bc8817bf09f9a8c66af8d6f088bdec239b2eb435556e9d11193cf456f7aeb,2,1,ok,True,14,1830680,1830.68,0.117669,0.500647,0,time_limit,solomon_exact_1000_v1,missing,,,,,0.5,,100,2,25,fb89464a08a8315316a993462b898339a1874a83f2825c9a1b6ff87072390d28,False,repair_slack,25705b47e644915da0824c20e4a5d80bf48a5441871ef0d1e1b7ac9705e04408
RC201,solomon_txt,288836e2d8c2ace83ebbff77e03ac8cdffc574fc134cade21ef92713f8c52d44,0,1,ok,True,5,2429811,2429.811,0.188002,0.500602,0,time_limit,solomon_exact_1000_v1,missing,,,,,0.5,,100,2,25,fb89464a08a8315316a993462b898339a1874a83f2825c9a1b6ff87072390d28,False,repair_slack,25705b47e644915da0824c20e4a5d80bf48a5441871ef0d1e1b7ac9705e04408
RC201,solomon_txt,288836e2d8c2ace83ebbff77e03ac8cdffc574fc134cade21ef92713f8c52d44,1,1,ok,True,5,2429811,2429.811,0.193366,0.500585,0,time_limit,solomon_exact_1000_v1,missing,,,,,0.5,,100,2,25,fb89464a08a8315316a993462b898339a1874a83f2825c9a1b6ff87072390d28,False,repair_slack,25705b47e644915da0824c20e4a5d80bf48a5441871ef0d1e1b7ac9705e04408
RC201,solomon_txt,288836e2d8c2ace83ebbff77e03ac8cdffc574fc134cade21ef92713f8c52d44,2,1,ok,True,5,2429811,2429.811,0.197312,0.50066,0,time_limit,solomon_exact_1000_v1,missing,,,,,0.5,,100,2,25,fb89464a08a8315316a993462b898339a1874a83f2825c9a1b6ff87072390d28,False,repair_slack,25705b47e644915da0824c20e4a5d80bf48a5441871ef0d1e1b7ac9705e04408
RC202,solomon_txt,5a1dee2017ab0ca4fe280b392678c96e8b5bc71f22d02c8058fbde7c4cfebcf4,0,1,ok,True,4,1923595,1923.595,0.194343,0.500595,0,time_limit,solomon_exact_1000_v1,missing,,,,,0.5,,100,2,25,fb89464a08a8315316a993462b898339a1874a83f2825c9a1b6ff87072390d28,False,repair_slack,25705b47e644915da0824c20e4a5d80bf48a5441871ef0d1e1b7ac9705e04408
RC202,solomon_txt,5a1dee2017ab0ca4fe280b392678c96e8b5bc71f22d02c8058fbde7c4cfebcf4,1,1,ok,True,5,1998260,1998.26,0.188732,0.501081,0,time_limit,solomon_exact_1000_v1,missing,,,,,0.5,,100,2,25,fb89464a08a8315316a993462b898339a1874a83f2825c9a1b6ff87072390d28,False,repair_slack,25705b47e644915da0824c20e4a5d80bf48a5441871ef0d1e1b7ac9705e04408
RC202,solomon_txt,5a1dee2017ab0ca4fe280b392678c96e8b5bc71f22d02c8058fbde7c4cfebcf4,2,1,ok,True,5,1998260,1998.26,0.292574,0.50063,0,time_limit,solomon_exact_1000_v1,missing,,,,,0.5,,100,2,25,fb89464a08a8315316a993462b898339a1874a83f2825c9a1b6ff87072390d28,False,repair_slack,25705b47e644915da0824c20e4a5d80bf48a5441871ef0d1e1b7ac9705e04408
RC203,solomon_txt,4adcb362c23df91f14b828d4964e9383ffb02ee74217afc2d84571f83ed91f8b,0,1,ok,True,4,1154727,1154.727,0.196938,0.500629,0,time_limit,solomon_exact_1000_v1,missing,,,,,0.5,,100,2,25,fb89464a08a8315316a993462b898339a1874a83f2825c9a1b6ff87072390d28,False,repair_slack,25705b47e644915da0824c20e4a5d80bf48a5441871ef0d1e1b7ac9705e04408
RC203,solomon_txt,4adcb362c23df91f14b828d4964e9383ffb02ee74217afc2d84571f83ed91f8b,1,1,ok,True,4,1306834,1306.834,0.203442,0.500587,0,time_limit,solomon_exact_1000_v1,missing,,,,,0.5,,100,2,25,fb89464a08a8315316a993462b898339a1874a83f2825c9a1b6ff87072390d28,False,repair_slack,25705b47e644915da0824c20e4a5d80bf48a5441871ef0d1e1b7ac9705e04408
RC203,solomon_txt,4adcb362c23df91f14b828d4964e9383ffb02ee74217afc2d84571f83ed91f8b,2,1,ok,True,4,1106765,1106.765,0.185202,0.5008,0,time_limit,solomon_exact_1000_v1,missing,,,,,0.5,,100,2,25,fb89464a08a8315316a993462b898339a1874a83f2825c9a1b6ff87072390d28,False,repair_slack,25705b47e644915da0824c20e4a5d80bf48a5441871ef0d1e1b7ac9705e04408
RC204,solomon_txt,11e827eab51a959ebab66344e7b7cfd1aeed895287653b36a72c86a4440ecd77,0,1,ok,True,3,1500593,1500.593,0.309053,0.500589,0,time_limit,solomon_exact_1000_v1,missing,,,,,0.5,,100,2,25,fb89464a08a8315316a993462b898339a1874a83f2825c9a1b6ff87072390d28,False,repair_slack,25705b47e644915da0824c20e4a5d80bf48a5441871ef0d1e1b7ac9705e04408
RC204,solomon_txt,11e827eab51a959ebab66344e7b7cfd1aeed895287653b36a72c86a4440ecd77,1,1,ok,True,3,1500593,1500.593,0.296653,0.500712,0,time_limit,solomon_exact_1000_v1,missing,,,,,0.5,,100,2,25,fb89464a08a8315316a993462b898339a1874a83f2825c9a1b6ff87072390d28,False,repair_slack,25705b47e644915da0824c20e4a5d80bf48a5441871ef0d1e1b7ac9705e04408
RC204,solomon_txt,11e827eab51a959ebab66344e7b7cfd1aeed895287653b36a72c86a4440ecd77,2,1,ok,True,3,1500593,1500.593,0.346702,0.500571,0,time_limit,solomon_exact_1000_v1,missing,,,,,0.5,,100,2,25,fb89464a08a8315316a993462b898339a1874a83f2825c9a1b6ff87072390d28,False,repair_slack,25705b47e644915da0824c20e4a5d80bf48a5441871ef0d1e1b7ac9705e04408
RC205,solomon_txt,c061d306cf42310b0f3ca15612089f6c5a8d5604c0733bf26852477c787662c9,0,1,ok,True,4,1916268,1916.268,0.230309,0.500887,0,time_limit,solomon_exact_1000_v1,missing,,,,,0.5,,100,2,25,fb89464a08a8315316a993462b898339a1874a83f2825c9a1b6ff87072390d28,False,repair_slack,25705b47e644915da0824c20e4a5d80bf48a5441871ef0d1e1b7ac9705e04408
RC205,solomon_txt,c061d306cf42310b0f3ca15612089f6c5a8d5604c0733bf26852477c787662c9,1,1,ok,True,4,1894335,1894.335,0.204199,0.500607,0,time_limit,solomon_exact_1000_v1,missing,,,,,0.5,,100,2,25,fb89464a08a8315316a993462b898339a1874a83f2825c9a1b6ff87072390d28,False,repair_slack,25705b47e644915da0824c20e4a5d80bf48a5441871ef0d1e1b7ac9705e04408
RC205,solomon_txt,c061d306cf42310b0f3ca15612089f6c5a8d5604c0733bf26852477c787662c9,2,1,ok,True,4,1664845,1664.845,0.211176,0.50117,0,time_limit,solomon_exact_1000_v1,missing,,,,,0.5,,100,2,25,fb89464a08a8315316a993462b898339a1874a83f2825c9a1b6ff87072390d28,False,repair_slack,25705b47e644915da0824c20e4a5d80bf48a5441871ef0d1e1b7ac9705e04408
RC206,solomon_txt,5203aecf67c84df49e152645312a837ffefde529314ff892ca061538816e43a9,0,1,ok,True,4,2080287,2080.287,0.193368,0.500668,0,time_limit,solomon_exact_1000_v1,missing,,,,,0.5,,100,2,25,fb89464a08a8315316a993462b898339a1874a83f2825c9a1b6ff87072390d28,False,repair_slack,25705b47e644915da0824c20e4a5d80bf48a5441871ef0d1e1b7ac9705e04408
RC206,solomon_txt,5203aecf67c84df49e152645312a837ffefde529314ff892ca061538816e43a9,1,1,ok,True,4,1771858,1771.858,0.201355,0.500557,0,time_limit,solomon_exact_1000_v1,missing,,,,,0.5,,100,2,25,fb89464a08a8315316a993462b898339a1874a83f2825c9a1b6ff87072390d28,False,repair_slack,25705b47e644915da0824c20e4a5d80bf48a5441871ef0d1e1b7ac9705e04408
RC206,solomon_txt,5203aecf67c84df49e152645312a837ffefde529314ff892ca061538816e43a9,2,1,ok,True,4,1732495,1732.495,0.202176,0.500696,0,time_limit,solomon_exact_1000_v1,missing,,,,,0.5,,100,2,25,fb89464a08a8315316a993462b898339a1874a83f2825c9a1b6ff87072390d28,False,repair_slack,25705b47e644915da0824c20e4a5d80bf48a5441871ef0d1e1b7ac9705e04408
RC207,solomon_txt,5cab65f99b350cdb8fb1c4d0a12dde85eb4ff6a6d6daf292b182cb73de9a8b63,0,1,ok,True,4,1907431,1907.431,0.21569,0.500593,0,time_limit,solomon_exact_1000_v1,missing,,,,,0.5,,100,2,25,fb89464a08a8315316a993462b898339a1874a83f2825c9a1b6ff87072390d28,False,repair_slack,25705b47e644915da0824c20e4a5d80bf48a5441871ef0d1e1b7ac9705e04408
RC207,solomon_txt,5cab65f99b350cdb8fb1c4d0a12dde85eb4ff6a6d6daf292b182cb73de9a8b63,1,1,ok,True,4,1907431,1907.431,0.221408,0.500565,0,time_limit,solomon_exact_1000_v1,missing,,,,,0.5,,100,2,25,fb89464a08a8315316a993462b898339a1874a83f2825c9a1b6ff87072390d28,False,repair_slack,25705b47e644915da0824c20e4a5d80bf48a5441871ef0d1e1b7ac9705e04408
RC207,solomon_txt,5cab65f99b350cdb8fb1c4d0a12dde85eb4ff6a6d6daf292b182cb73de9a8b63,2,1,ok,True,4,1907431,1907.431,0.236321,0.500619,0,time_limit,solomon_exact_1000_v1,missing,,,,,0.5,,100,2,25,fb89464a08a8315316a993462b898339a1874a83f2825c9a1b6ff87072390d28,False,repair_slack,25705b47e644915da0824c20e4a5d80bf48a5441871ef0d1e1b7ac9705e04408
RC208,solomon_txt,3d67d2a8e2758a324643f5d6c6ca87e8c56435273eaa04be33f213bb991f1f28,0,1,ok,True,4,1913075,1913.075,0.218886,0.50059,0,time_limit,solomon_exact_1000_v1,missing,,,,,0.5,,100,2,25,fb89464a08a8315316a993462b898339a1874a83f2825c9a1b6ff87072390d28,False,repair_slack,25705b47e644915da0824c20e4a5d80bf48a5441871ef0d1e1b7ac9705e04408
RC208,solomon_txt,3d67d2a8e2758a324643f5d6c6ca87e8c56435273eaa04be33f213bb991f1f28,1,1,ok,True,4,1913075,1913.075,0.303263,0.500605,0,time_limit,solomon_exact_1000_v1,missing,,,,,0.5,,100,2,25,fb89464a08a8315316a993462b898339a1874a83f2825c9a1b6ff87072390d28,False,repair_slack,25705b47e644915da0824c20e4a5d80bf48a5441871ef0d1e1b7ac9705e04408
RC208,solomon_txt,3d67d2a8e2758a324643f5d6c6ca87e8c56435273eaa04be33f213bb991f1f28,2,1,ok,True,4,1913075,1913.075,0.269351,0.500984,0,time_limit,solomon_exact_1000_v1,missing,,,,,0.5,,100,2,25,fb89464a08a8315316a993462b898339a1874a83f2825c9a1b6ff87072390d28,False,repair_slack,25705b47e644915da0824c20e4a5d80bf48a5441871ef0d1e1b7ac9705e04408
C101,solomon_txt,a6da75152d182d60ecd2c6f854296f5be452f92282d096adebcf5d99a7f16516,0,1,ok,True,12,983072,983.072,0.113038,0.500709,0,time_limit,solomon_exact_1000_v1,different_vehicles,10,828.94,,,0.5,,100,2,25,fb89464a08a8315316a993462b898339a1874a83f2825c9a1b6ff87072390d28,False,regret2,2bfa211aff23880de4669e984e102d0f14560daa3b2ce4ca3f7da07cad7c7b34
C101,solomon_txt,a6da75152d182d60ecd2c6f854296f5be452f92282d096adebcf5d99a7f16516,1,1,ok,True,12,983072,983.072,0.104977,0.500677,0,time_limit,solomon_exact_1000_v1,different_vehicles,10,828.94,,,0.5,,100,2,25,fb89464a08a8315316a993462b898339a1874a83f2825c9a1b6ff87072390d28,False,regret2,2bfa211aff23880de4669e984e102d0f14560daa3b2ce4ca3f7da07cad7c7b34
C101,solomon_txt,a6da75152d182d60ecd2c6f854296f5be452f92282d096adebcf5d99a7f16516,2,1,ok,True,12,983072,983.072,0.103487,0.500658,0,time_limit,solomon_exact_1000_v1,different_vehicles,10,828.94,,,0.5,,100,2,25,fb89464a08a8315316a993462b898339a1874a83f2825c9a1b6ff87072390d28,False,regret2,2bfa211aff23880de4669e984e102d0f14560daa3b2ce4ca3f7da07cad7c7b34
C102,solomon_txt,f89a0e2a760cc7448a4ca72b88e5b29b94d64b5548f3320f42a6230025ead653,0,1,ok,True,10,1258583,1258.583,0.107281,0.50061,1,time_limit,solomon_exact_1000_v1,same_vehicles,10,828.94,51.8304,,0.5,,100,2,25,fb89464a08a8315316a993462b898339a1874a83f2825c9a1b6ff87072390d28,False,regret2,2bfa211aff23880de4669e984e102d0f14560daa3b2ce4ca3f7da07cad7c7b34
C102,solomon_txt,f89a0e2a760cc7448a4ca72b88e5b29b94d64b5548f3320f42a6230025ead653,1,1,ok,True,10,1258583,1258.583,0.133846,0.500695,1,time_limit,solomon_exact_1000_v1,same_vehicles,10,828.94,51.8304,,0.5,,100,2,25,fb89464a08a8315316a993462b898339a1874a83f2825c9a1b6ff87072390d28,False,regret2,2bfa211aff23880de4669e984e102d0f14560daa3b2ce4ca3f7da07cad7c7b34
C102,solomon_txt,f89a0e2a760cc7448a4ca72b88e5b29b94d64b5548f3320f42a6230025ead653,2,1,ok,True,10,1258583,1258.583,0.107354,0.500629,1,time_limit,solomon_exact_1000_v1,same_vehicles,10,828.94,51.8304,,0.5,,100,2,25,fb89464a08a8315316a993462b898339a1874a83f2825c9a1b6ff87072390d28,False,regret2,2bfa211aff23880de4669e984e102d0f14560daa3b2ce4ca3f7da07cad7c7b34
C103,solomon_txt,a55cabf15e0da9d65696a5fb45c9852889479893f76f772a428ca15d1b415a51,0,1,ok,True,10,1819480,1819.48,0.118056,0.500584,3,time_limit,solomon_exact_1000_v1,same_vehicles,10,828.06,119.728,,0.5,,100,2,25,fb89464a08a8315316a993462b898339a1874a83f2825c9a1b6ff87072390d28,False,regret2,2bfa211aff23880de4669e984e102d0f14560daa3b2ce4ca3f7da07cad7c7b34
C103,solomon_txt,a55cabf15e0da9d65696a5fb45c9852889479893f76f772a428ca15d1b415a51,1,1,ok,True,10,1789766,1789.766,0.154122,0.501056,2,time_limit,solomon_exact_1000_v1,same_vehicles,10,828.06,116.1397,,0.5,,100,2,25,fb89464a08a8315316a993462b898339a1874a83f2825c9a1b6ff87072390d28,False,regret2,2bfa211aff23880de4669e984e102d0f14560daa3b2ce4ca3f7da07cad7c7b34
C103,solomon_txt,a55cabf15e0da9d65696a5fb45c9852889479893f76f772a428ca15d1b415a51,2,1,ok,True,10,1797230,1797.23,0.122161,0.500671,3,time_limit,solomon_exact_1000_v1,same_vehicles,10,828.06,117.041,,0.5,,100,2,25,fb89464a08a8315316a993462b898339a1874a83f2825c9a1b6ff87072390d28,False,regret2,2bfa211aff23880de4669e984e102d0f14560daa3b2ce4ca3f7da07cad7c7b34
C104,solomon_txt,fe333e81625ee5a75bb2ce98c2c9f356d07289237865b62a23ba2f32f0de5ee2,0,1,ok,True,10,1938129,1938.129,0.123332,0.500657,3,time_limit,solomon_exact_1000_v1,same_vehicles,10,824.78,134.9874,,0.5,,100,2,25,fb89464a08a8315316a993462b898339a1874a83f2825c9a1b6ff87072390d28,False,regret2,2bfa211aff23880de4669e984e102d0f14560daa3b2ce4ca3f7da07cad7c7b34
C104,solomon_txt,fe333e81625ee5a75bb2ce98c2c9f356d07289237865b62a23ba2f32f0de5ee2,1,1,ok,True,10,1879442,1879.442,0.12206,0.500628,3,time_limit,solomon_exact_1000_v1,same_vehicles,10,824.78,127.8719,,0.5,,100,2,25,fb89464a08a8315316a993462b898339a1874a83f2825c9a1b6ff87072390d28,False,regret2,2bfa211aff23880de4669e984e102d0f14560daa3b2ce4ca3f7da07cad7c7b34
C104,solomon_txt,fe333e81625ee5a75bb2ce98c2c9f356d07289237865b62a23ba2f32f0de5ee2,2,1,ok,True,10,1872295,1872.295,0.123394,0.500573,4,time_limit,solomon_exact_1000_v1,same_vehicles,10,824.78,127.0054,,0.5,,100,2,25,fb89464a08a8315316a993462b898339a1874a83f2825c9a1b6ff87072390d28,False,regret2,2bfa211aff23880de4669e984e102d0f14560daa3b2ce4ca3f7da07cad7c7b34
C105,solomon_txt,9a877a3a6fb922e7ad9297cc0308bc8a5652cb1495a0228ee6b81b2d938aa29f,0,1,ok,True,11,1244285,1244.285,0.144007,0.500641,0,time_limit,solomon_exact_1000_v1,different_vehicles,10,828.94,,,0.5,,100,2,25,fb89464a08a8315316a993462b898339a1874a83f2825c9a1b6ff87072390d28,False,regret2,2bfa211aff23880de4669e984e102d0f14560daa3b2ce4ca3f7da07cad7c7b34
C105,solomon_txt,9a877a3a6fb922e7ad9297cc0308bc8a5652cb1495a0228ee6b81b2d938aa29f,1,1,ok,True,11,1244285,1244.285,0.118241,0.500668,0,time_limit,solomon_exact_1000_v1,different_vehicles,10,828.94,,,0.5,,100,2,25,fb89464a08a8315316a993462b898339a1874a83f2825c9a1b6ff87072390d28,False,regret2,2bfa211aff23880de4669e984e102d0f14560daa3b2ce4ca3f7da07cad7c7b34
C105,solomon_txt,9a877a3a6fb922e7ad9297cc0308bc8a5652cb1495a0228ee6b81b2d938aa29f,2,1,ok,True,11,1244285,1244.285,0.103379,0.500642,0,time_limit,solomon_exact_1000_v1,different_vehicles,10,828.94,,,0.5,,100,2,25,fb89464a08a8315316a993462b898339a1874a83f2825c9a1b6ff87072390d28,False,regret2,2bfa211aff23880de4669e984e102d0f14560daa3b2ce4ca3f7da07cad7c7b34
C106,solomon_txt,ec9b419bed53e9c607cce76e8c6bc59feb6e4d17646905601f008a4141ec7b40,0,1,ok,True,12,1779739,1779.739,0.100905,0.500671,0,time_limit,solomon_exact_1000_v1,different_vehicles,10,828.94,,,0.5,,100,2,25,fb89464a08a8315316a993462b898339a1874a83f2825c9a1b6ff87072390d28,False,regret2,2bfa211aff23880de4669e984e102d0f14560daa3b2ce4ca3f7da07cad7c7b34
C106,solomon_txt,ec9b419bed53e9c607cce76e8c6bc59feb6e4d17646905601f008a4141ec7b40,1,1,ok,True,12,1779739,1779.739,0.101754,0.500676,0,time_limit,solomon_exact_1000_v1,different_vehicles,10,828.94,,,0.5,,100,2,25,fb89464a08a8315316a993462b898339a1874a83f2825c9a1b6ff87072390d28,False,regret2,2bfa211aff23880de4669e984e102d0f14560daa3b2ce4ca3f7da07cad7c7b34
C106,solomon_txt,ec9b419bed53e9c607cce76e8c6bc59feb6e4d17646905601f008a4141ec7b40,2,1,ok,True,12,1779739,1779.739,0.100293,0.500658,0,time_limit,solomon_exact_1000_v1,different_vehicles,10,828.94,,,0.5,,100,2,25,fb89464a08a8315316a993462b898339a1874a83f2825c9a1b6ff87072390d28,False,regret2,2bfa211aff23880de4669e984e102d0f14560daa3b2ce4ca3f7da07cad7c7b34
C107,solomon_txt,cb3cdc10d812fa17370eb52cb753b6b0574426dc6fabeb8b9076ed750ddf05ca,0,1,ok,True,11,1499375,1499.375,0.125304,0.500634,0,time_limit,solomon_exact_1000_v1,different_vehicles,10,828.06,,,0.5,,100,2,25,fb89464a08a8315316a993462b898339a1874a83f2825c9a1b6ff87072390d28,False,regret2,2bfa211aff23880de4669e984e102d0f14560daa3b2ce4ca3f7da07cad7c7b34
C107,solomon_txt,cb3cdc10d812fa17370eb52cb753b6b0574426dc6fabeb8b9076ed750ddf05ca,1,1,ok,True,11,1499375,1499.375,0.122053,0.500627,0,time_limit,solomon_exact_1000_v1,different_vehicles,10,828.06,,,0.5,,100,2,25,fb89464a08a8315316a993462b898339a1874a83f2825c9a1b6ff87072390d28,False,regret2,2bfa211aff23880de4669e984e102d0f14560daa3b2ce4ca3f7da07cad7c7b34
C107,solomon_txt,cb3cdc10d812fa17370eb52cb753b6b0574426dc6fabeb8b9076ed750ddf05ca,2,1,ok,True,11,1499375,1499.375,0.120819,0.500706,0,time_limit,solomon_exact_1000_v1,different_vehicles,10,828.06,,,0.5,,100,2,25,fb89464a08a8315316a993462b898339a1874a83f2825c9a1b6ff87072390d28,False,regret2,2bfa211aff23880de4669e984e102d0f14560daa3b2ce4ca3f7da07cad7c7b34
C108,solomon_txt,b8c7e48f292b66b283d8e71511e3a4eccaa4c4bc66b9313c399e73b0226f5953,0,1,ok,True,11,2132182,2132.182,0.102684,0.50074,0,time_limit,solomon_exact_1000_v1,different_vehicles,10,828.94,,,0.5,,100,2,25,fb89464a08a8315316a993462b898339a1874a83f2825c9a1b6ff87072390d28,False,regret2,2bfa211aff23880de4669e984e102d0f14560daa3b2ce4ca3f7da07cad7c7b34
C108,solomon_txt,b8c7e48f292b66b283d8e71511e3a4eccaa4c4bc66b9313c399e73b0226f5953,1,1,ok,True,11,2132182,2132.182,0.114208,0.500709,0,time_limit,solomon_exact_1000_v1,different_vehicles,10,828.94,,,0.5,,100,2,25,fb89464a08a8315316a993462b898339a1874a83f2825c9a1b6ff87072390d28,False,regret2,2bfa211aff23880de4669e984e102d0f14560daa3b2ce4ca3f7da07cad7c7b34
C108,solomon_txt,b8c7e48f292b66b283d8e71511e3a4eccaa4c4bc66b9313c399e73b0226f5953,2,1,ok,True,11,2132182,2132.182,0.105258,0.500607,0,time_limit,solomon_exact_1000_v1,different_vehicles,10,828.94,,,0.5,,100,2,25,fb89464a08a8315316a993462b898339a1874a83f2825c9a1b6ff87072390d28,False,regret2,2bfa211aff23880de4669e984e102d0f14560daa3b2ce4ca3f7da07cad7c7b34
C109,solomon_txt,72d8489e14bf1bb18456f0b21b01110506cbcc2354719dae8481b480150f142a,0,1,ok,True,10,1656277,1656.277,0.120821,0.500717,3,time_limit,solomon_exact_1000_v1,same_vehicles,10,828.94,99.8066,,0.5,,100,2,25,fb89464a08a8315316a993462b898339a1874a83f2825c9a1b6ff87072390d28,False,regret2,2bfa211aff23880de4669e984e102d0f14560daa3b2ce4ca3f7da07cad7c7b34
C109,solomon_txt,72d8489e14bf1bb18456f0b21b01110506cbcc2354719dae8481b480150f142a,1,1,ok,True,10,1624851,1624.851,0.12503,0.500688,3,time_limit,solomon_exact_1000_v1,same_vehicles,10,828.94,96.0155,,0.5,,100,2,25,fb89464a08a8315316a993462b898339a1874a83f2825c9a1b6ff87072390d28,False,regret2,2bfa211aff23880de4669e984e102d0f14560daa3b2ce4ca3f7da07cad7c7b34
C109,solomon_txt,72d8489e14bf1bb18456f0b21b01110506cbcc2354719dae8481b480150f142a,2,1,ok,True,10,1668974,1668.974,0.129368,0.501292,3,time_limit,solomon_exact_1000_v1,same_vehicles,10,828.94,101.3383,,0.5,,100,2,25,fb89464a08a8315316a993462b898339a1874a83f2825c9a1b6ff87072390d28,False,regret2,2bfa211aff23880de4669e984e102d0f14560daa3b2ce4ca3f7da07cad7c7b34
C201,solomon_txt,d8d9834087ae2326fa23a8510533060233dc9fb481873be60956eb26a880ad63,0,1,ok,True,3,704252,704.252,0.283691,0.500751,1,time_limit,solomon_exact_1000_v1,same_vehicles,3,591.56,19.05,,0.5,,100,2,25,fb89464a08a8315316a993462b898339a1874a83f2825c9a1b6ff87072390d28,False,regret2,2bfa211aff23880de4669e984e102d0f14560daa3b2ce4ca3f7da07cad7c7b34
C201,solomon_txt,d8d9834087ae2326fa23a8510533060233dc9fb481873be60956eb26a880ad63,1,1,ok,True,3,704252,704.252,0.267917,0.500596,1,time_limit,solomon_exact_1000_v1,same_vehicles,3,591.56,19.05,,0.5,,100,2,25,fb89464a08a8315316a993462b898339a1874a83f2825c9a1b6ff87072390d28,False,regret2,2bfa211aff23880de4669e984e102d0f14560daa3b2ce4ca3f7da07cad7c7b34
C201,solomon_txt,d8d9834087ae2326fa23a8510533060233dc9fb481873be60956eb26a880ad63,2,1,ok,True,3,704252,704.252,0.282626,0.500735,1,time_limit,solomon_exact_1000_v1,same_vehicles,3,591.56,19.05,,0.5,,100,2,25,fb89464a08a8315316a993462b898339a1874a83f2825c9a1b6ff87072390d28,False,regret2,2bfa211aff23880de4669e984e102d0f14560daa3b2ce4ca3f7da07cad7c7b34
C202,solomon_txt,dfc8ecad79f6c7ffb096cd36994143569f0babe284d5ad194683271d81063772,0,1,ok,True,3,746236,746.236,0.255507,0.500653,1,time_limit,solomon_exact_1000_v1,same_vehicles,3,591.56,26.1471,,0.5,,100,2,25,fb89464a08a8315316a993462b898339a1874a83f2825c9a1b6ff87072390d28,False,regret2,2bfa211aff23880de4669e984e102d0f14560daa3b2ce4ca3f7da07cad7c7b34
C202,solomon_txt,dfc8ecad79f6c7ffb096cd36994143569f0babe284d5ad194683271d81063772,1,1,ok,True,3,746236,746.236,0.256931,0.500709,1,time_limit,solomon_exact_1000_v1,same_vehicles,3,591.56,26.1471,,0.5,,100,2,25,fb89464a08a8315316a993462b898339a1874a83f2825c9a1b6ff87072390d28,False,regret2,2bfa211aff23880de4669e984e102d0f14560daa3b2ce4ca3f7da07cad7c7b34
C202,solomon_txt,dfc8ecad79f6c7ffb096cd36994143569f0babe284d5ad194683271d81063772,2,1,ok,True,3,746236,746.236,0.273436,0.50065,1,time_limit,solomon_exact_1000_v1,same_vehicles,3,591.56,26.1471,,0.5,,100,2,25,fb89464a08a8315316a993462b898339a1874a83f2825c9a1b6ff87072390d28,False,regret2,2bfa211aff23880de4669e984e102d0f14560daa3b2ce4ca3f7da07cad7c7b34
C203,solomon_txt,2b79eea2962a848cb29f6153d4fb4ae725d35507686d937da6643b33fcd85062,0,1,ok,True,4,894861,894.861,0.261533,0.500608,0,time_limit,solomon_exact_1000_v1,different_vehicles,3,591.17,,,0.5,,100,2,25,fb89464a08a8315316a993462b898339a1874a83f2825c9a1b6ff87072390d28,False,regret2,2bfa211aff23880de4669e984e102d0f14560daa3b2ce4ca3f7da07cad7c7b34
C203,solomon_txt,2b79eea2962a848cb29f6153d4fb4ae725d35507686d937da6643b33fcd85062,1,1,ok,True,4,894861,894.861,0.246591,0.500825,0,time_limit,solomon_exact_1000_v1,different_vehicles,3,591.17,,,0.5,,100,2,25,fb89464a08a8315316a993462b898339a1874a83f2825c9a1b6ff87072390d28,False,regret2,2bfa211aff23880de4669e984e102d0f14560daa3b2ce4ca3f7da07cad7c7b34
C203,solomon_txt,2b79eea2962a848cb29f6153d4fb4ae725d35507686d937da6643b33fcd85062,2,1,ok,True,4,894861,894.861,0.249415,0.500681,0,time_limit,solomon_exact_1000_v1,different_vehicles,3,591.17,,,0.5,,100,2,25,fb89464a08a8315316a993462b898339a1874a83f2825c9a1b6ff87072390d28,False,regret2,2bfa211aff23880de4669e984e102d0f14560daa3b2ce4ca3f7da07cad7c7b34
C204,solomon_txt,4331b2744d34e32c2987e3fe8a82b782a2039d757d2aac818f7e0fd21117bfb4,0,1,ok,True,4,1439548,1439.548,0.281917,0.500629,0,time_limit,solomon_exact_1000_v1,different_vehicles,3,590.6,,,0.5,,100,2,25,fb89464a08a8315316a993462b898339a1874a83f2825c9a1b6ff87072390d28,False,regret2,2bfa211aff23880de4669e984e102d0f14560daa3b2ce4ca3f7da07cad7c7b34
C204,solomon_txt,4331b2744d34e32c2987e3fe8a82b782a2039d757d2aac818f7e0fd21117bfb4,1,1,ok,True,4,1439548,1439.548,0.281516,0.500604,0,time_limit,solomon_exact_1000_v1,different_vehicles,3,590.6,,,0.5,,100,2,25,fb89464a08a8315316a993462b898339a1874a83f2825c9a1b6ff87072390d28,False,regret2,2bfa211aff23880de4669e984e102d0f14560daa3b2ce4ca3f7da07cad7c7b34
C204,solomon_txt,4331b2744d34e32c2987e3fe8a82b782a2039d757d2aac818f7e0fd21117bfb4,2,1,ok,True,4,1439548,1439.548,0.291681,0.50066,0,time_limit,solomon_exact_1000_v1,different_vehicles,3,590.6,,,0.5,,100,2,25,fb89464a08a8315316a993462b898339a1874a83f2825c9a1b6ff87072390d28,False,regret2,2bfa211aff23880de4669e984e102d0f14560daa3b2ce4ca3f7da07cad7c7b34
C205,solomon_txt,15be2bb8c3e4ad99a79d1e7ee0472223feb95a4f423d010e032bda0a87266ca5,0,1,ok,True,4,912158,912.158,0.243315,0.500664,0,time_limit,solomon_exact_1000_v1,different_vehicles,3,588.88,,,0.5,,100,2,25,fb89464a08a8315316a993462b898339a1874a83f2825c9a1b6ff87072390d28,False,regret2,2bfa211aff23880de4669e984e102d0f14560daa3b2ce4ca3f7da07cad7c7b34
C205,solomon_txt,15be2bb8c3e4ad99a79d1e7ee0472223feb95a4f423d010e032bda0a87266ca5,1,1,ok,True,4,912158,912.158,0.277965,0.500777,0,time_limit,solomon_exact_1000_v1,different_vehicles,3,588.88,,,0.5,,100,2,25,fb89464a08a8315316a993462b898339a1874a83f2825c9a1b6ff87072390d28,False,regret2,2bfa211aff23880de4669e984e102d0f14560daa3b2ce4ca3f7da07cad7c7b34
C205,solomon_txt,15be2bb8c3e4ad99a79d1e7ee0472223feb95a4f423d010e032bda0a87266ca5,2,1,ok,True,4,912158,912.158,0.238871,0.500603,0,time_limit,solomon_exact_1000_v1,different_vehicles,3,588.88,,,0.5,,100,2,25,fb89464a08a8315316a993462b898339a1874a83f2825c9a1b6ff87072390d28,False,regret2,2bfa211aff23880de4669e984e102d0f14560daa3b2ce4ca3f7da07cad7c7b34
C206,solomon_txt,745b6c7042707ffbbfc4d681ee02a84431425f1dfb3c8aa85ecf003fec8f7e53,0,1,ok,True,4,1154595,1154.595,0.262502,0.50064,0,time_limit,solomon_exact_1000_v1,different_vehicles,3,588.49,,,0.5,,100,2,25,fb89464a08a8315316a993462b898339a1874a83f2825c9a1b6ff87072390d28,False,regret2,2bfa211aff23880de4669e984e102d0f14560daa3b2ce4ca3f7da07cad7c7b34
C206,solomon_txt,745b6c7042707ffbbfc4d681ee02a84431425f1dfb3c8aa85ecf003fec8f7e53,1,1,ok,True,4,1154595,1154.595,0.274624,0.500648,0,time_limit,solomon_exact_1000_v1,different_vehicles,3,588.49,,,0.5,,100,2,25,fb89464a08a8315316a993462b898339a1874a83f2825c9a1b6ff87072390d28,False,regret2,2bfa211aff23880de4669e984e102d0f14560daa3b2ce4ca3f7da07cad7c7b34
C206,solomon_txt,745b6c7042707ffbbfc4d681ee02a84431425f1dfb3c8aa85ecf003fec8f7e53,2,1,ok,True,4,1154595,1154.595,0.261921,0.500661,0,time_limit,solomon_exact_1000_v1,different_vehicles,3,588.49,,,0.5,,100,2,25,fb89464a08a8315316a993462b898339a1874a83f2825c9a1b6ff87072390d28,False,regret2,2bfa211aff23880de4669e984e102d0f14560daa3b2ce4ca3f7da07cad7c7b34
C207,solomon_txt,a33f03570a944c8a6d185fd6a173e66c68e67c399a4958b2d5b6d49533ace4a4,0,1,ok,True,4,980937,980.937,0.270437,0.501127,0,time_limit,solomon_exact_1000_v1,different_vehicles,3,588.29,,,0.5,,100,2,25,fb89464a08a8315316a993462b898339a1874a83f2825c9a1b6ff87072390d28,False,regret2,2bfa211aff23880de4669e984e102d0f14560daa3b2ce4ca3f7da07cad7c7b34
C207,solomon_txt,a33f03570a944c8a6d185fd6a173e66c68e67c399a4958b2d5b6d49533ace4a4,1,1,ok,True,4,980937,980.937,0.274889,0.500814,0,time_limit,solomon_exact_1000_v1,different_vehicles,3,588.29,,,0.5,,100,2,25,fb89464a08a8315316a993462b898339a1874a83f2825c9a1b6ff87072390d28,False,regret2,2bfa211aff23880de4669e984e102d0f14560daa3b2ce4ca3f7da07cad7c7b34
C207,solomon_txt,a33f03570a944c8a6d185fd6a173e66c68e67c399a4958b2d5b6d49533ace4a4,2,1,ok,True,4,980937,980.937,0.276298,0.500648,0,time_limit,solomon_exact_1000_v1,different_vehicles,3,588.29,,,0.5,,100,2,25,fb89464a08a8315316a993462b898339a1874a83f2825c9a1b6ff87072390d28,False,regret2,2bfa211aff23880de4669e984e102d0f14560daa3b2ce4ca3f7da07cad7c7b34
C208,solomon_txt,1c2f2381b8743680dbeb34322869cbf5a6cdd8c281f4bcffdb99b533e601874b,0,1,ok,True,4,957831,957.831,0.27581,0.500676,0,time_limit,solomon_exact_1000_v1,different_vehicles,3,588.32,,,0.5,,100,2,25,fb89464a08a8315316a993462b898339a1874a83f2825c9a1b6ff87072390d28,False,regret2,2bfa211aff23880de4669e984e102d0f14560daa3b2ce4ca3f7da07cad7c7b34
C208,solomon_txt,1c2f2381b8743680dbeb34322869cbf5a6cdd8c281f4bcffdb99b533e601874b,1,1,ok,True,4,957831,957.831,0.319823,0.500665,0,time_limit,solomon_exact_1000_v1,different_vehicles,3,588.32,,,0.5,,100,2,25,fb89464a08a8315316a993462b898339a1874a83f2825c9a1b6ff87072390d28,False,regret2,2bfa211aff23880de4669e984e102d0f14560daa3b2ce4ca3f7da07cad7c7b34
C208,solomon_txt,1c2f2381b8743680dbeb34322869cbf5a6cdd8c281f4bcffdb99b533e601874b,2,1,ok,True,4,957831,957.831,0.270343,0.500644,0,time_limit,solomon_exact_1000_v1,different_vehicles,3,588.32,,,0.5,,100,2,25,fb89464a08a8315316a993462b898339a1874a83f2825c9a1b6ff87072390d28,False,regret2,2bfa211aff23880de4669e984e102d0f14560daa3b2ce4ca3f7da07cad7c7b34
R101,solomon_txt,3f3655182bc0fe44ce5de65fdcd2ee2f9c7fb9ed055f923635151d9d6f76d3ed,0,1,ok,True,21,1821440,1821.44,0.077521,0.500753,0,time_limit,solomon_exact_1000_v1,missing,,,,,0.5,,100,2,25,fb89464a08a8315316a993462b898339a1874a83f2825c9a1b6ff87072390d28,False,regret2,2bfa211aff23880de4669e984e102d0f14560daa3b2ce4ca3f7da07cad7c7b34
R101,solomon_txt,3f3655182bc0fe44ce5de65fdcd2ee2f9c7fb9ed055f923635151d9d6f76d3ed,1,1,ok,True,21,1797601,1797.601,0.07877,0.500764,0,time_limit,solomon_exact_1000_v1,missing,,,,,0.5,,100,2,25,fb89464a08a8315316a993462b898339a1874a83f2825c9a1b6ff87072390d28,False,regret2,2bfa211aff23880de4669e984e102d0f14560daa3b2ce4ca3f7da07cad7c7b34
R101,solomon_txt,3f3655182bc0fe44ce5de65fdcd2ee2f9c7fb9ed055f923635151d9d6f76d3ed,2,1,ok,True,22,1790220,1790.22,0.078868,0.500715,0,time_limit,solomon_exact_1000_v1,missing,,,,,0.5,,100,2,25,fb89464a08a8315316a993462b898339a1874a83f2825c9a1b6ff87072390d28,False,regret2,2bfa211aff23880de4669e984e102d0f14560daa3b2ce4ca3f7da07cad7c7b34
R102,solomon_txt,eeb23171b7e4fbfc80bf000ca770329109900fbd7273fa8b9d1f95b7dfe683c3,0,1,ok,True,19,1559306,1559.306,0.084554,0.500793,0,time_limit,solomon_exact_1000_v1,missing,,,,,0.5,,100,2,25,fb89464a08a8315316a993462b898339a1874a83f2825c9a1b6ff87072390d28,False,regret2,2bfa211aff23880de4669e984e102d0f14560daa3b2ce4ca3f7da07cad7c7b34
R102,solomon_txt,eeb23171b7e4fbfc80bf000ca770329109900fbd7273fa8b9d1f95b7dfe683c3,1,1,ok,True,19,1581656,1581.656,0.090513,0.500684,0,time_limit,solomon_exact_1000_v1,missing,,,,,0.5,,100,2,25,fb89464a08a8315316a993462b898339a1874a83f2825c9a1b6ff87072390d28,False,regret2,2bfa211aff23880de4669e984e102d0f14560daa3b2ce4ca3f7da07cad7c7b34
R102,solomon_txt,eeb23171b7e4fbfc80bf000ca770329109900fbd7273fa8b9d1f95b7dfe683c3,2,1,ok,True,19,1607072,1607.072,0.090096,0.500745,0,time_limit,solomon_exact_1000_v1,missing,,,,,0.5,,100,2,25,fb89464a08a8315316a993462b898339a1874a83f2825c9a1b6ff87072390d28,False,regret2,2bfa211aff23880de4669e984e102d0f14560daa3b2ce4ca3f7da07cad7c7b34
R103,solomon_txt,1f833e8648ba39e0edc76754fb49e81777a7175cf7b084c3f60a12607bfb3991,0,1,ok,True,14,1546015,1546.015,0.094974,0.500944,0,time_limit,solomon_exact_1000_v1,missing,,,,,0.5,,100,2,25,fb89464a08a8315316a993462b898339a1874a83f2825c9a1b6ff87072390d28,False,regret2,2bfa211aff23880de4669e984e102d0f14560daa3b2ce4ca3f7da07cad7c7b34
R103,solomon_txt,1f833e8648ba39e0edc76754fb49e81777a7175cf7b084c3f60a12607bfb3991,1,1,ok,True,14,1546015,1546.015,0.16211,0.500827,0,time_limit,solomon_exact_1000_v1,missing,,,,,0.5,,100,2,25,fb89464a08a8315316a993462b898339a1874a83f2825c9a1b6ff87072390d28,False,regret2,2bfa211aff23880de4669e984e102d0f14560daa3b2ce4ca3f7da07cad7c7b34
R103,solomon_txt,1f833e8648ba39e0edc76754fb49e81777a7175cf7b084c3f60a12607bfb3991,2,1,ok,True,14,1546015,1546.015,0.101069,0.500811,0,time_limit,solomon_exact_1000_v1,missing,,,,,0.5,,100,2,25,fb89464a08a8315316a993462b898339a1874a83f2825c9a1b6ff87072390d28,False,regret2,2bfa211aff23880de4669e984e102d0f14560daa3b2ce4ca3f7da07cad7c7b34
R104,solomon_txt,dd087124311d91facd81736debbfc7d0f351d27942917e2d76cbafd01e6183b7,0,1,ok,True,12,1592207,1592.207,0.189741,0.500929,0,time_limit,solomon_exact_1000_v1,missing,,,,,0.5,,100,2,25,fb89464a08a8315316a993462b898339a1874a83f2825c9a1b6ff87072390d28,False,regret2,2bfa211aff23880de4669e984e102d0f14560daa3b2ce4ca3f7da07cad7c7b34
R104,solomon_txt,dd087124311d91facd81736debbfc7d0f351d27942917e2d76cbafd01e6183b7,1,1,ok,True,12,1592207,1592.207,0.119173,0.500656,0,time_limit,solomon_exact_1000_v1,missing,,,,,0.5,,100,2,25,fb89464a08a8315316a993462b898339a1874a83f2825c9a1b6ff87072390d28,False,regret2,2bfa211aff23880de4669e984e102d0f14560daa3b2ce4ca3f7da07cad7c7b34
R104,solomon_txt,dd087124311d91facd81736debbfc7d0f351d27942917e2d76cbafd01e6183b7,2,1,ok,True,12,1592207,1592.207,0.10958,0.500635,0,time_limit,solomon_exact_1000_v1,missing,,,,,0.5,,100,2,25,fb89464a08a8315316a993462b898339a1874a83f2825c9a1b6ff87072390d28,False,regret2,2bfa211aff23880de4669e984e102d0f14560daa3b2ce4ca3f7da07cad7c7b34
R105,solomon_txt,ff1a614f8458d6339b3f54d8e4ca2dcf0a35c96012f477f6a819ae481de85ca4,0,1,ok,True,17,1547542,1547.542,0.089751,0.501032,0,time_limit,solomon_exact_1000_v1,missing,,,,,0.5,,100,2,25,fb89464a08a8315316a993462b898339a1874a83f2825c9a1b6ff87072390d28,False,regret2,2bfa211aff23880de4669e984e102d0f14560daa3b2ce4ca3f7da07cad7c7b34
R105,solomon_txt,ff1a614f8458d6339b3f54d8e4ca2dcf0a35c96012f477f6a819ae481de85ca4,1,1,ok,True,17,1531255,1531.255,0.08787,0.500745,0,time_limit,solomon_exact_1000_v1,missing,,,,,0.5,,100,2,25,fb89464a08a8315316a993462b898339a1874a83f2825c9a1b6ff87072390d28,False,regret2,2bfa211aff23880de4669e984e102d0f14560daa3b2ce4ca3f7da07cad7c7b34
R105,solomon_txt,ff1a614f8458d6339b3f54d8e4ca2dcf0a35c96012f477f6a819ae481de85ca4,2,1,ok,True,17,1550652,1550.652,0.110272,0.500775,0,time_limit,solomon_exact_1000_v1,missing,,,,,0.5,,100,2,25,fb89464a08a8315316a993462b898339a1874a83f2825c9a1b6ff87072390d28,False,regret2,2bfa211aff23880de4669e984e102d0f14560daa3b2ce4ca3f7da07cad7c7b34
R106,solomon_txt,31b8783d177f0fbe1c84b8f085fbf28b1989a80e4c00f49f5654ebef99835e97,0,1,ok,True,15,1374325,1374.325,0.092156,0.500755,0,time_limit,solomon_exact_1000_v1,missing,,,,,0.5,,100,2,25,fb89464a08a8315316a993462b898339a1874a83f2825c9a1b6ff87072390d28,False,regret2,2bfa211aff23880de4669e984e102d0f14560daa3b2ce4ca3f7da07cad7c7b34
R106,solomon_txt,31b8783d177f0fbe1c84b8f085fbf28b1989a80e4c00f49f5654ebef99835e97,1,1,ok,True,15,1337497,1337.497,0.093117,0.500801,0,time_limit,solomon_exact_1000_v1,missing,,,,,0.5,,100,2,25,fb89464a08a8315316a993462b898339a1874a83f2825c9a1b6ff87072390d28,False,regret2,2bfa211aff23880de4669e984e102d0f14560daa3b2ce4ca3f7da07cad7c7b34
R106,solomon_txt,31b8783d177f0fbe1c84b8f085fbf28b1989a80e4c00f49f5654ebef99835e97,2,1,ok,True,15,1377987,1377.987,0.090558,0.500704,0,time_limit,solomon_exact_1000_v1,missing,,,,,0.5,,100,2,25,fb89464a08a8315316a993462b898339a1874a83f2825c9a1b6ff87072390d28,False,regret2,2bfa211aff23880de4669e984e102d0f14560daa3b2ce4ca3f7da07cad7c7b34
R107,solomon_txt,dba2b257a1d43d7c78d5e3a9f09091a2b125d3fbec78c0c8a1782add669a1275,0,1,ok,True,13,1285597,1285.597,0.103813,0.500707,0,time_limit,solomon_exact_1000_v1,missing,,,,,0.5,,100,2,25,fb89464a08a8315316a993462b898339a1874a83f2825c9a1b6ff87072390d28,False,regret2,2bfa211aff23880de4669e984e102d0f14560daa3b2ce4ca3f7da07cad7c7b34
R107,solomon_txt,dba2b257a1d43d7c78d5e3a9f09091a2b125d3fbec78c0c8a1782add669a1275,1,1,ok,True,13,1147416,1147.416,0.102761,0.500817,0,time_limit,solomon_exact_1000_v1,missing,,,,,0.5,,100,2,25,fb89464a08a8315316a993462b898339a1874a83f2825c9a1b6ff87072390d28,False,regret2,2bfa211aff23880de4669e984e102d0f14560daa3b2ce4ca3f7da07cad7c7b34
R107,solomon_txt,dba2b257a1d43d7c78d5e3a9f09091a2b125d3fbec78c0c8a1782add669a1275,2,1,ok,True,13,1260512,1260.512,0.102487,0.500639,0,time_limit,solomon_exact_1000_v1,missing,,,,,0.5,,100,2,25,fb89464a08a8315316a993462b898339a1874a83f2825c9a1b6ff87072390d28,False,regret2,2bfa211aff23880de4669e984e102d0f14560daa3b2ce4ca3f7da07cad7c7b34
R108,solomon_txt,65cae09f4099b7e70d2b723e0e3a30aa1494c75a367bb894a3fd13241ee639d4,0,1,ok,True,13,1744341,1744.341,0.109171,0.500648,0,time_limit,solomon_exact_1000_v1,missing,,,,,0.5,,100,2,25,fb89464a08a8315316a993462b898339a1874a83f2825c9a1b6ff87072390d28,False,regret2,2bfa211aff23880de4669e984e102d0f14560daa3b2ce4ca3f7da07cad7c7b34
R108,solomon_txt,65cae09f4099b7e70d2b723e0e3a30aa1494c75a367bb894a3fd13241ee639d4,1,1,ok,True,13,1744341,1744.341,0.108444,0.500657,0,time_limit,solomon_exact_1000_v1,missing,,,,,0.5,,100,2,25,fb89464a08a8315316a993462b898339a1874a83f2825c9a1b6ff87072390d28,False,regret2,2bfa211aff23880de4669e984e102d0f14560daa3b2ce4ca3f7da07cad7c7b34
R108,solomon_txt,65cae09f4099b7e70d2b723e0e3a30aa1494c75a367bb894a3fd13241ee639d4,2,1,ok,True,13,1744341,1744.341,0.111232,0.50068,0,time_limit,solomon_exact_1000_v1,missing,,,,,0.5,,100,2,25,fb89464a08a8315316a993462b898339a1874a83f2825c9a1b6ff87072390d28,False,regret2,2bfa211aff23880de4669e984e102d0f14560daa3b2ce4ca3f7da07cad7c7b34
R109,solomon_txt,4ef24030e8c48de5f85dcd90c5739186004fc8dec87533b6467013cf996f4777,0,1,ok,True,18,1493777,1493.777,0.086231,0.500785,0,time_limit,solomon_exact_1000_v1,missing,,,,,0.5,,100,2,25,fb89464a08a8315316a993462b898339a1874a83f2825c9a1b6ff87072390d28,False,regret2,2bfa211aff23880de4669e984e102d0f14560daa3b2ce4ca3f7da07cad7c7b34
R109,solomon_txt,4ef24030e8c48de5f85dcd90c5739186004fc8dec87533b6467013cf996f4777,1,1,ok,True,18,1393157,1393.157,0.084424,0.500769,0,time_limit,solomon_exact_1000_v1,missing,,,,,0.5,,100,2,25,fb89464a08a8315316a993462b898339a1874a83f2825c9a1b6ff87072390d28,False,regret2,2bfa211aff23880de4669e984e102d0f14560daa3b2ce4ca3f7da07cad7c7b34
R109,solomon_txt,4ef24030e8c48de5f85dcd90c5739186004fc8dec87533b6467013cf996f4777,2,1,ok,True,18,1402662,1402.662,0.088501,0.501059,0,time_limit,solomon_exact_1000_v1,missing,,,,,0.5,,100,2,25,fb89464a08a8315316a993462b898339a1874a83f2825c9a1b6ff87072390d28,False,regret2,2bfa211aff23880de4669e984e102d0f14560daa3b2ce4ca3f7da07cad7c7b34
R110,solomon_txt,14cb53cb99af61d3d708f07564b9a72d146e7c26b4f10507cfaf3bc828f34bfa,0,1,ok,True,15,2055346,2055.346,0.128179,0.501063,0,time_limit,solomon_exact_1000_v1,missing,,,,,0.5,,100,2,25,fb89464a08a8315316a993462b898339a1874a83f2825c9a1b6ff87072390d28,False,regret2,2bfa211aff23880de4669e984e102d0f14560daa3b2ce4ca3f7da07cad7c7b34
R110,solomon_txt,14cb53cb99af61d3d708f07564b9a72d146e7c26b4f10507cfaf3bc828f34bfa,1,1,ok,True,14,1261137,1261.137,0.10016,0.500767,0,time_limit,solomon_exact_1000_v1,missing,,,,,0.5,,100,2,25,fb89464a08a8315316a993462b898339a1874a83f2825c9a1b6ff87072390d28,False,regret2,2bfa211aff23880de4669e984e102d0f14560daa3b2ce4ca3f7da07cad7c7b34
R110,solomon_txt,14cb53cb99af61d3d708f07564b9a72d146e7c26b4f10507cfaf3bc828f34bfa,2,1,ok,True,15,2055346,2055.346,0.131325,0.500662,0,time_limit,solomon_exact_1000_v1,missing,,,,,0.5,,100,2,25,fb89464a08a8315316a993462b898339a1874a83f2825c9a1b6ff87072390d28,False,regret2,2bfa211aff23880de4669e984e102d0f14560daa3b2ce4ca3f7da07cad7c7b34
R111,solomon_txt,3d94a73b1f2fe8aae4618b9d9ea254cff2e3924a6a841aa390096ec6c60f258d,0,1,ok,True,13,1675090,1675.09,0.112784,0.500649,0,time_limit,solomon_exact_1000_v1,missing,,,,,0.5,,100,2,25,fb89464a08a8315316a993462b898339a1874a83f2825c9a1b6ff87072390d28,False,regret2,2bfa211aff23880de4669e984e102d0f14560daa3b2ce4ca3f7da07cad7c7b34
R111,solomon_txt,3d94a73b1f2fe8aae4618b9d9ea254cff2e3924a6a841aa390096ec6c60f258d,1,1,ok,True,12,1265875,1265.875,0.112743,0.500695,0,time_limit,solomon_exact_1000_v1,missing,,,,,0.5,,100,2,25,fb89464a08a8315316a993462b898339a1874a83f2825c9a1b6ff87072390d28,False,regret2,2bfa211aff23880de4669e984e102d0f14560daa3b2ce4ca3f7da07cad7c7b34
R111,solomon_txt,3d94a73b1f2fe8aae4618b9d9ea254cff2e3924a6a841aa390096ec6c60f258d,2,1,ok,True,13,1675090,1675.09,0.099826,0.500647,0,time_limit,solomon_exact_1000_v1,missing,,,,,0.5,,100,2,25,fb89464a08a8315316a993462b898339a1874a83f2825c9a1b6ff87072390d28,False,regret2,2bfa211aff23880de4669e984e102d0f14560daa3b2ce4ca3f7da07cad7c7b34
R112,solomon_txt,a0e93149d59d30c356619891d192e86d0f16c3158e1dac3bd9f23c6deb718271,0,1,ok,True,15,2198359,2198.359,0.134296,0.500892,0,time_limit,solomon_exact_1000_v1,missing,,,,,0.5,,100,2,25,fb89464a08a8315316a993462b898339a1874a83f2825c9a1b6ff87072390d28,False,regret2,2bfa211aff23880de4669e984e102d0f14560daa3b2ce4ca3f7da07cad7c7b34
R112,solomon_txt,a0e93149d59d30c356619891d192e86d0f16c3158e1dac3bd9f23c6deb718271,1,1,ok,True,14,1198556,1198.556,0.097899,0.500722,0,time_limit,solomon_exact_1000_v1,missing,,,,,0.5,,100,2,25,fb89464a08a8315316a993462b898339a1874a83f2825c9a1b6ff87072390d28,False,regret2,2bfa211aff23880de4669e984e102d0f14560daa3b2ce4ca3f7da07cad7c7b34
R112,solomon_txt,a0e93149d59d30c356619891d192e86d0f16c3158e1dac3bd9f23c6deb718271,2,1,ok,True,15,2198359,2198.359,0.100776,0.500618,0,time_limit,solomon_exact_1000_v1,missing,,,,,0.5,,100,2,25,fb89464a08a8315316a993462b898339a1874a83f2825c9a1b6ff87072390d28,False,regret2,2bfa211aff23880de4669e984e102d0f14560daa3b2ce4ca3f7da07cad7c7b34
R201,solomon_txt,0be960ec998fff2cab0bdbcc5194c617e5ca0a79c82c5b32b1d4bd98b2cae210,0,1,ok,True,5,1726658,1726.658,0.22186,0.500645,0,time_limit,solomon_exact_1000_v1,missing,,,,,0.5,,100,2,25,fb89464a08a8315316a993462b898339a1874a83f2825c9a1b6ff87072390d28,False,regret2,2bfa211aff23880de4669e984e102d0f14560daa3b2ce4ca3f7da07cad7c7b34
R201,solomon_txt,0be960ec998fff2cab0bdbcc5194c617e5ca0a79c82c5b32b1d4bd98b2cae210,1,1,ok,True,5,1726658,1726.658,0.207785,0.500638,0,time_limit,solomon_exact_1000_v1,missing,,,,,0.5,,100,2,25,fb89464a08a8315316a993462b898339a1874a83f2825c9a1b6ff87072390d28,False,regret2,2bfa211aff23880de4669e984e102d0f14560daa3b2ce4ca3f7da07cad7c7b34
R201,solomon_txt,0be960ec998fff2cab0bdbcc5194c617e5ca0a79c82c5b32b1d4bd98b2cae210,2,1,ok,True,5,1726658,1726.658,0.201695,0.500732,0,time_limit,solomon_exact_1000_v1,missing,,,,,0.5,,100,2,25,fb89464a08a8315316a993462b898339a1874a83f2825c9a1b6ff87072390d28,False,regret2,2bfa211aff23880de4669e984e102d0f14560daa3b2ce4ca3f7da07cad7c7b34
R202,solomon_txt,1f7761bb33e9dd0c94837b32c72280296ffc283dba997379c7ad75ce00dffc8d,0,1,ok,True,4,1622244,1622.244,0.228574,0.500665,0,time_limit,solomon_exact_1000_v1,missing,,,,,0.5,,100,2,25,fb89464a08a8315316a993462b898339a1874a83f2825c9a1b6ff87072390d28,False,regret2,2bfa211aff23880de4669e984e102d0f14560daa3b2ce4ca3f7da07cad7c7b34
R202,solomon_txt,1f7761bb33e9dd0c94837b32c72280296ffc283dba997379c7ad75ce00dffc8d,1,1,ok,True,4,1622244,1622.244,0.231358,0.500707,0,time_limit,solomon_exact_1000_v1,missing,,,,,0.5,,100,2,25,fb89464a08a8315316a993462b898339a1874a83f2825c9a1b6ff87072390d28,False,regret2,2bfa211aff23880de4669e984e102d0f14560daa3b2ce4ca3f7da07cad7c7b34
R202,solomon_txt,1f7761bb33e9dd0c94837b32c72280296ffc283dba997379c7ad75ce00dffc8d,2,1,ok,True,4,1622244,1622.244,0.236119,0.500685,0,time_limit,solomon_exact_1000_v1,missing,,,,,0.5,,100,2,25,fb89464a08a8315316a993462b898339a1874a83f2825c9a1b6ff87072390d28,False,regret2,2bfa211aff23880de4669e984e102d0f14560daa3b2ce4ca3f7da07cad7c7b34
R203,solomon_txt,38c484db31bd7452a94d533e26a2348ef598df600b79d061d9ddc1c61466a731,0,1,ok,True,3,1300221,1300.221,0.26518,0.500652,0,time_limit,solomon_exact_1000_v1,missing,,,,,0.5,,100,2,25,fb89464a08a8315316a993462b898339a1874a83f2825c9a1b6ff87072390d28,False,regret2,2bfa211aff23880de4669e984e102d0f14560daa3b2ce4ca3f7da07cad7c7b34
R203,solomon_txt,38c484db31bd7452a94d533e26a2348ef598df600b79d061d9ddc1c61466a731,1,1,ok,True,3,1300221,1300.221,0.24318,0.500672,0,time_limit,solomon_exact_1000_v1,missing,,,,,0.5,,100,2,25,fb89464a08a8315316a993462b898339a1874a83f2825c9a1b6ff87072390d28,False,regret2,2bfa211aff23880de4669e984e102d0f14560daa3b2ce4ca3f7da07cad7c7b34
R203,solomon_txt,38c484db31bd7452a94d533e26a2348ef598df600b79d061d9ddc1c61466a731,2,1,ok,True,3,1300221,1300.221,0.252155,0.501006,0,time_limit,solomon_exact_1000_v1,missing,,,,,0.5,,100,2,25,fb89464a08a8315316a993462b898339a1874a83f2825c9a1b6ff87072390d28,False,regret2,2bfa211aff23880de4669e984e102d0f14560daa3b2ce4ca3f7da07cad7c7b34
R204,solomon_txt,5349e37d8df99bcbee1efa2e970d2662b5265e5f82fc609343a6af0a60257abf,0,1,ok,True,3,1331038,1331.038,0.410518,0.501102,0,time_limit,solomon_exact_1000_v1,missing,,,,,0.5,,100,2,25,fb89464a08a8315316a993462b898339a1874a83f2825c9a1b6ff87072390d28,False,regret2,2bfa211aff23880de4669e984e102d0f14560daa3b2ce4ca3f7da07cad7c7b34
R204,solomon_txt,5349e37d8df99bcbee1efa2e970d2662b5265e5f82fc609343a6af0a60257abf,1,1,ok,True,3,1331038,1331.038,0.412077,0.501083,0,time_limit,solomon_exact_1000_v1,missing,,,,,0.5,,100,2,25,fb89464a08a8315316a993462b898339a1874a83f2825c9a1b6ff87072390d28,False,regret2,2bfa211aff23880de4669e984e102d0f14560daa3b2ce4ca3f7da07cad7c7b34
R204,solomon_txt,5349e37d8df99bcbee1efa2e970d2662b5265e5f82fc609343a6af0a60257abf,2,1,ok,True,3,1331038,1331.038,0.451776,0.500635,0,time_limit,solomon_exact_1000_v1,missing,,,,,0.5,,100,2,25,fb89464a08a8315316a993462b898339a1874a83f2825c9a1b6ff87072390d28,False,regret2,2bfa211aff23880de4669e984e102d0f14560daa3b2ce4ca3f7da07cad7c7b34
R205,solomon_txt,1996bf8f10716fb8cfc1a585206a6a6e566f32347c1bb8f36c75ed6c887f77e3,0,1,ok,True,4,1700248,1700.248,0.265544,0.500679,0,time_limit,solomon_exact_1000_v1,missing,,,,,0.5,,100,2,25,fb89464a08a8315316a993462b898339a1874a83f2825c9a1b6ff87072390d28,False,regret2,2bfa211aff23880de4669e984e102d0f14560daa3b2ce4ca3f7da07cad7c7b34
R205,solomon_txt,1996bf8f10716fb8cfc1a585206a6a6e566f32347c1bb8f36c75ed6c887f77e3,1,1,ok,True,4,1700248,1700.248,0.260777,0.500792,0,time_limit,solomon_exact_1000_v1,missing,,,,,0.5,,100,2,25,fb89464a08a8315316a993462b898339a1874a83f2825c9a1b6ff87072390d28,False,regret2,2bfa211aff23880de4669e984e102d0f14560daa3b2ce4ca3f7da07cad7c7b34
R205,solomon_txt,1996bf8f10716fb8cfc1a585206a6a6e566f32347c1bb8f36c75ed6c887f77e3,2,1,ok,True,4,1700248,1700.248,0.245126,0.500664,0,time_limit,solomon_exact_1000_v1,missing,,,,,0.5,,100,2,25,fb89464a08a8315316a993462b898339a1874a83f2825c9a1b6ff87072390d28,False,regret2,2bfa211aff23880de4669e984e102d0f14560daa3b2ce4ca3f7da07cad7c7b34
R206,solomon_txt,c8754a0319264d076c038b1bf023c8c4710e8895fe3e03f485e9ae249f32fe43,0,1,ok,True,3,1533607,1533.607,0.25153,0.500617,0,time_limit,solomon_exact_1000_v1,missing,,,,,0.5,,100,2,25,fb89464a08a8315316a993462b898339a1874a83f2825c9a1b6ff87072390d28,False,regret2,2bfa211aff23880de4669e984e102d0f14560daa3b2ce4ca3f7da07cad7c7b34
R206,solomon_txt,c8754a0319264d076c038b1bf023c8c4710e8895fe3e03f485e9ae249f32fe43,1,1,ok,True,3,1533607,1533.607,0.255495,0.500643,0,time_limit,solomon_exact_1000_v1,missing,,,,,0.5,,100,2,25,fb89464a08a8315316a993462b898339a1874a83f2825c9a1b6ff87072390d28,False,regret2,2bfa211aff23880de4669e984e102d0f14560daa3b2ce4ca3f7da07cad7c7b34
R206,solomon_txt,c8754a0319264d076c038b1bf023c8c4710e8895fe3e03f485e9ae249f32fe43,2,1,ok,True,3,1533607,1533.607,0.256753,0.500571,0,time_limit,solomon_exact_1000_v1,missing,,,,,0.5,,100,2,25,fb89464a08a8315316a993462b898339a1874a83f2825c9a1b6ff87072390d28,False,regret2,2bfa211aff23880de4669e984e102d0f14560daa3b2ce4ca3f7da07cad7c7b34
R207,solomon_txt,52dc8eebba43fdc67ca9aadab228b75a297acb55a87db3e4748e82f623e3cbe6,0,1,ok,True,4,1302528,1302.528,0.289672,0.500612,0,time_limit,solomon_exact_1000_v1,missing,,,,,0.5,,100,2,25,fb89464a08a8315316a993462b898339a1874a83f2825c9a1b6ff87072390d28,False,regret2,2bfa211aff23880de4669e984e102d0f14560daa3b2ce4ca3f7da07cad7c7b34
R207,solomon_txt,52dc8eebba43fdc67ca9aadab228b75a297acb55a87db3e4748e82f623e3cbe6,1,1,ok,True,4,1302528,1302.528,0.298403,0.500609,0,time_limit,solomon_exact_1000_v1,missing,,,,,0.5,,100,2,25,fb89464a08a8315316a993462b898339a1874a83f2825c9a1b6ff87072390d28,False,regret2,2bfa211aff23880de4669e984e102d0f14560daa3b2ce4ca3f7da07cad7c7b34
R207,solomon_txt,52dc8eebba43fdc67ca9aadab228b75a297acb55a87db3e4748e82f623e3cbe6,2,1,ok,True,4,1302528,1302.528,0.289729,0.501142,0,time_limit,solomon_exact_1000_v1,missing,,,,,0.5,,100,2,25,fb89464a08a8315316a993462b898339a1874a83f2825c9a1b6ff87072390d28,False,regret2,2bfa211aff23880de4669e984e102d0f14560daa3b2ce4ca3f7da07cad7c7b34
R208,solomon_txt,7b4a95d500af9329dd08791d39898a619faec0f8fac039d57373e761545b980d,0,1,ok,True,3,957965,957.965,0.316879,0.500931,0,time_limit,solomon_exact_1000_v1,missing,,,,,0.5,,100,2,25,fb89464a08a8315316a993462b898339a1874a83f2825c9a1b6ff87072390d28,False,regret2,2bfa211aff23880de4669e984e102d0f14560daa3b2ce4ca3f7da07cad7c7b34
R208,solomon_txt,7b4a95d500af9329dd08791d39898a619faec0f8fac039d57373e761545b980d,1,1,ok,True,3,957965,957.965,0.314972,0.500591,0,time_limit,solomon_exact_1000_v1,missing,,,,,0.5,,100,2,25,fb89464a08a8315316a993462b898339a1874a83f2825c9a1b6ff87072390d28,False,regret2,2bfa211aff23880de4669e984e102d0f14560daa3b2ce4ca3f7da07cad7c7b34
R208,solomon_txt,7b4a95d500af9329dd08791d39898a619faec0f8fac039d57373e761545b980d,2,1,ok,True,3,957965,957.965,0.319042,0.500727,0,time_limit,solomon_exact_1000_v1,missing,,,,,0.5,,100,2,25,fb89464a08a8315316a993462b898339a1874a83f2825c9a1b6ff87072390d28,False,regret2,2bfa211aff23880de4669e984e102d0f14560daa3b2ce4ca3f7da07cad7c7b34
R209,solomon_txt,5b74156d032babcff853ccc693f94463eca8333cd425aa99a39ed996f6258933,0,1,ok,True,4,1712415,1712.415,0.234904,0.500601,0,time_limit,solomon_exact_1000_v1,missing,,,,,0.5,,100,2,25,fb89464a08a8315316a993462b898339a1874a83f2825c9a1b6ff87072390d28,False,regret2,2bfa211aff23880de4669e984e102d0f14560daa3b2ce4ca3f7da07cad7c7b34
R209,solomon_txt,5b74156d032babcff853ccc693f94463eca8333cd425aa99a39ed996f6258933,1,1,ok,True,4,1712415,1712.415,0.225793,0.500583,0,time_limit,solomon_exact_1000_v1,missing,,,,,0.5,,100,2,25,fb89464a08a8315316a993462b898339a1874a83f2825c9a1b6ff87072390d28,False,regret2,2bfa211aff23880de4669e984e102d0f14560daa3b2ce4ca3f7da07cad7c7b34
R209,solomon_txt,5b74156d032babcff853ccc693f94463eca8333cd425aa99a39ed996f6258933,2,1,ok,True,4,1712415,1712.415,0.231649,0.500628,0,time_limit,solomon_exact_1000_v1,missing,,,,,0.5,,100,2,25,fb89464a08a8315316a993462b898339a1874a83f2825c9a1b6ff87072390d28,False,regret2,2bfa211aff23880de4669e984e102d0f14560daa3b2ce4ca3f7da07cad7c7b34
R210,solomon_txt,4e5772f109fb6183e6a648d6a1edaba3435438c2dc11c42da370fecf7bdf3a14,0,1,ok,True,3,1443660,1443.66,0.250584,0.500571,0,time_limit,solomon_exact_1000_v1,missing,,,,,0.5,,100,2,25,fb89464a08a8315316a993462b898339a1874a83f2825c9a1b6ff87072390d28,False,regret2,2bfa211aff23880de4669e984e102d0f14560daa3b2ce4ca3f7da07cad7c7b34
R210,solomon_txt,4e5772f109fb6183e6a648d6a1edaba3435438c2dc11c42da370fecf7bdf3a14,1,1,ok,True,3,1443660,1443.66,0.260161,0.500584,0,time_limit,solomon_exact_1000_v1,missing,,,,,0.5,,100,2,25,fb89464a08a8315316a993462b898339a1874a83f2825c9a1b6ff87072390d28,False,regret2,2bfa211aff23880de4669e984e102d0f14560daa3b2ce4ca3f7da07cad7c7b34
R210,solomon_txt,4e5772f109fb6183e6a648d6a1edaba3435438c2dc11c42da370fecf7bdf3a14,2,1,ok,True,3,1443660,1443.66,0.259694,0.500621,0,time_limit,solomon_exact_1000_v1,missing,,,,,0.5,,100,2,25,fb89464a08a8315316a993462b898339a1874a83f2825c9a1b6ff87072390d28,False,regret2,2bfa211aff23880de4669e984e102d0f14560daa3b2ce4ca3f7da07cad7c7b34
R211,solomon_txt,2965507e467a2f92acd59035975910e36ae11e4f49590d4c7d20a883939227ad,0,1,ok,True,3,1516434,1516.434,0.265719,0.500585,0,time_limit,solomon_exact_1000_v1,missing,,,,,0.5,,100,2,25,fb89464a08a8315316a993462b898339a1874a83f2825c9a1b6ff87072390d28,False,regret2,2bfa211aff23880de4669e984e102d0f14560daa3b2ce4ca3f7da07cad7c7b34
R211,solomon_txt,2965507e467a2f92acd59035975910e36ae11e4f49590d4c7d20a883939227ad,1,1,ok,True,3,1516434,1516.434,0.278722,0.501051,0,time_limit,solomon_exact_1000_v1,missing,,,,,0.5,,100,2,25,fb89464a08a8315316a993462b898339a1874a83f2825c9a1b6ff87072390d28,False,regret2,2bfa211aff23880de4669e984e102d0f14560daa3b2ce4ca3f7da07cad7c7b34
R211,solomon_txt,2965507e467a2f92acd59035975910e36ae11e4f49590d4c7d20a883939227ad,2,1,ok,True,3,1516434,1516.434,0.264571,0.500651,0,time_limit,solomon_exact_1000_v1,missing,,,,,0.5,,100,2,25,fb89464a08a8315316a993462b898339a1874a83f2825c9a1b6ff87072390d28,False,regret2,2bfa211aff23880de4669e984e102d0f14560daa3b2ce4ca3f7da07cad7c7b34
RC101,solomon_txt,ef6893ffd9746ad96de8e4da6e64e2c4ba6e08a1c7eb9457276a9f1caf01ca12,0,1,ok,True,19,1911487,1911.487,0.083076,0.500716,0,time_limit,solomon_exact_1000_v1,missing,,,,,0.5,,100,2,25,fb89464a08a8315316a993462b898339a1874a83f2825c9a1b6ff87072390d28,False,regret2,2bfa211aff23880de4669e984e102d0f14560daa3b2ce4ca3f7da07cad7c7b34
RC101,solomon_txt,ef6893ffd9746ad96de8e4da6e64e2c4ba6e08a1c7eb9457276a9f1caf01ca12,1,1,ok,True,19,1911957,1911.957,0.082428,0.500667,0,time_limit,solomon_exact_1000_v1,missing,,,,,0.5,,100,2,25,fb89464a08a8315316a993462b898339a1874a83f2825c9a1b6ff87072390d28,False,regret2,2bfa211aff23880de4669e984e102d0f14560daa3b2ce4ca3f7da07cad7c7b34
RC101,solomon_txt,ef6893ffd9746ad96de8e4da6e64e2c4ba6e08a1c7eb9457276a9f1caf01ca12,2,1,ok,True,19,1885836,1885.836,0.082743,0.501204,0,time_limit,solomon_exact_1000_v1,missing,,,,,0.5,,100,2,25,fb89464a08a8315316a993462b898339a1874a83f2825c9a1b6ff87072390d28,False,regret2,2bfa211aff23880de4669e984e102d0f14560daa3b2ce4ca3f7da07cad7c7b34
RC102,solomon_txt,36acd349d34a577c7fadd61f78517c2cb74bd06a490273800c288f341e5785a4,0,1,ok,True,16,1724408,1724.408,0.10579,0.500729,0,time_limit,solomon_exact_1000_v1,missing,,,,,0.5,,100,2,25,fb89464a08a8315316a993462b898339a1874a83f2825c9a1b6ff87072390d28,False,regret2,2bfa211aff23880de4669e984e102d0f14560daa3b2ce4ca3f7da07cad7c7b34
RC102,solomon_txt,36acd349d34a577c7fadd61f78517c2cb74bd06a490273800c288f341e5785a4,1,1,ok,True,16,1601286,1601.286,0.088176,0.500842,0,time_limit,solomon_exact_1000_v1,missing,,,,,0.5,,100,2,25,fb89464a08a8315316a993462b898339a1874a83f2825c9a1b6ff87072390d28,False,regret2,2bfa211aff23880de4669e984e102d0f14560daa3b2ce4ca3f7da07cad7c7b34
RC102,solomon_txt,36acd349d34a577c7fadd61f78517c2cb74bd06a490273800c288f341e5785a4,2,1,ok,True,16,1580172,1580.172,0.099591,0.500682,0,time_limit,solomon_exact_1000_v1,missing,,,,,0.5,,100,2,25,fb89464a08a8315316a993462b898339a1874a83f2825c9a1b6ff87072390d28,False,regret2,2bfa211aff23880de4669e984e102d0f14560daa3b2ce4ca3f7da07cad7c7b34
RC103,solomon_txt,00f384138274d5d2bff5c41601db17cc4ad0cfc6315c27e223d4477bf435cc2d,0,1,ok,True,13,1952068,1952.068,0.100992,0.50069,0,time_limit,solomon_exact_1000_v1,missing,,,,,0.5,,100,2,25,fb89464a08a8315316a993462b898339a1874a83f2825c9a1b6ff87072390d28,False,regret2,2bfa211aff23880de4669e984e102d0f14560daa3b2ce4ca3f7da07cad7c7b34
RC103,solomon_txt,00f384138274d5d2bff5c41601db17cc4ad0cfc6315c27e223d4477bf435cc2d,1,1,ok,True,12,1582826,1582.826,0.098235,0.50067,0,time_limit,solomon_exact_1000_v1,missing,,,,,0.5,,100,2,25,fb89464a08a8315316a993462b898339a1874a83f2825c9a1b6ff87072390d28,False,regret2,2bfa211aff23880de4669e984e102d0f14560daa3b2ce4ca3f7da07cad7c7b34
RC103,solomon_txt,00f384138274d5d2bff5c41601db17cc4ad0cfc6315c27e223d4477bf435cc2d,2,1,ok,True,12,1650949,1650.949,0.097436,0.500704,0,time_limit,solomon_exact_1000_v1,missing,,,,,0.5,,100,2,25,fb89464a08a8315316a993462b898339a1874a83f2825c9a1b6ff87072390d28,False,regret2,2bfa211aff23880de4669e984e102d0f14560daa3b2ce4ca3f7da07cad7c7b34
RC104,solomon_txt,d150b2d61049a488fb89a2320c197d81a7ef9a1864abbbaea1d13a2b451253ee,0,1,ok,True,13,1450024,1450.024,0.099464,0.500689,0,time_limit,solomon_exact_1000_v1,missing,,,,,0.5,,100,2,25,fb89464a08a8315316a993462b898339a1874a83f2825c9a1b6ff87072390d28,False,regret2,2bfa211aff23880de4669e984e102d0f14560daa3b2ce4ca3f7da07cad7c7b34
RC104,solomon_txt,d150b2d61049a488fb89a2320c197d81a7ef9a1864abbbaea1d13a2b451253ee,1,1,ok,True,13,1295745,1295.745,0.109027,0.500887,0,time_limit,solomon_exact_1000_v1,missing,,,,,0.5,,100,2,25,fb89464a08a8315316a993462b898339a1874a83f2825c9a1b6ff87072390d28,False,regret2,2bfa211aff23880de4669e984e102d0f14560daa3b2ce4ca3f7da07cad7c7b34
RC104,solomon_txt,d150b2d61049a488fb89a2320c197d81a7ef9a1864abbbaea1d13a2b451253ee,2,1,ok,True,13,1492785,1492.785,0.10105,0.500593,0,time_limit,solomon_exact_1000_v1,missing,,,,,0.5,,100,2,25,fb89464a08a8315316a993462b898339a1874a83f2825c9a1b6ff87072390d28,False,regret2,2bfa211aff23880de4669e984e102d0f14560daa3b2ce4ca3f7da07cad7c7b34
RC105,solomon_txt,b9e912625c1ed80d2f565e0799ade2f4b17bf4f95056322ca23f1a21b37e7a49,0,1,ok,True,17,2128736,2128.736,0.088275,0.500694,0,time_limit,solomon_exact_1000_v1,missing,,,,,0.5,,100,2,25,fb89464a08a8315316a993462b898339a1874a83f2825c9a1b6ff87072390d28,False,regret2,2bfa211aff23880de4669e984e102d0f14560daa3b2ce4ca3f7da07cad7c7b34
RC105,solomon_txt,b9e912625c1ed80d2f565e0799ade2f4b17bf4f95056322ca23f1a21b37e7a49,1,1,ok,True,16,1648304,1648.304,0.094976,0.500688,0,time_limit,solomon_exact_1000_v1,missing,,,,,0.5,,100,2,25,fb89464a08a8315316a993462b898339a1874a83f2825c9a1b6ff87072390d28,False,regret2,2bfa211aff23880de4669e984e102d0f14560daa3b2ce4ca3f7da07cad7c7b34
RC105,solomon_txt,b9e912625c1ed80d2f565e0799ade2f4b17bf4f95056322ca23f1a21b37e7a49,2,1,ok,True,16,1652870,1652.87,0.085981,0.500693,0,time_limit,solomon_exact_1000_v1,missing,,,,,0.5,,100,2,25,fb89464a08a8315316a993462b898339a1874a83f2825c9a1b6ff87072390d28,False,regret2,2bfa211aff23880de4669e984e102d0f14560daa3b2ce4ca3f7da07cad7c7b34
RC106,solomon_txt,bf016ffc567af2d108570357daf1d0cabb7f680c0bd977d2e4366787683fdbaf,0,1,ok,True,17,1797624,1797.624,0.084075,0.500559,0,time_limit,solomon_exact_1000_v1,missing,,,,,0.5,,100,2,25,fb89464a08a8315316a993462b898339a1874a83f2825c9a1b6ff87072390d28,False,regret2,2bfa211aff23880de4669e984e102d0f14560daa3b2ce4ca3f7da07cad7c7b34
RC106,solomon_txt,bf016ffc567af2d108570357daf1d0cabb7f680c0bd977d2e4366787683fdbaf,1,1,ok,True,17,1670893,1670.893,0.084066,0.500688,0,time_limit,solomon_exact_1000_v1,missing,,,,,0.5,,100,2,25,fb89464a08a8315316a993462b898339a1874a83f2825c9a1b6ff87072390d28,False,regret2,2bfa211aff23880de4669e984e102d0f14560daa3b2ce4ca3f7da07cad7c7b34
RC106,solomon_txt,bf016ffc567af2d108570357daf1d0cabb7f680c0bd977d2e4366787683fdbaf,2,1,ok,True,17,1646030,1646.03,0.084215,0.500752,0,time_limit,solomon_exact_1000_v1,missing,,,,,0.5,,100,2,25,fb89464a08a8315316a993462b898339a1874a83f2825c9a1b6ff87072390d28,False,regret2,2bfa211aff23880de4669e984e102d0f14560daa3b2ce4ca3f7da07cad7c7b34
RC107,solomon_txt,fff3fd68d110671ed442575f07cc547291586f30b00c5f73934d521d31311582,0,1,ok,True,16,1449974,1449.974,0.102364,0.500724,0,time_limit,solomon_exact_1000_v1,missing,,,,,0.5,,100,2,25,fb89464a08a8315316a993462b898339a1874a83f2825c9a1b6ff87072390d28,False,regret2,2bfa211aff23880de4669e984e102d0f14560daa3b2ce4ca3f7da07cad7c7b34
RC107,solomon_txt,fff3fd68d110671ed442575f07cc547291586f30b00c5f73934d521d31311582,1,1,ok,True,16,1439964,1439.964,0.092517,0.500733,0,time_limit,solomon_exact_1000_v1,missing,,,,,0.5,,100,2,25,fb89464a08a8315316a993462b898339a1874a83f2825c9a1b6ff87072390d28,False,regret2,2bfa211aff23880de4669e984e102d0f14560daa3b2ce4ca3f7da07cad7c7b34
RC107,solomon_txt,fff3fd68d110671ed442575f07cc547291586f30b00c5f73934d521d31311582,2,1,ok,True,17,2430363,2430.363,0.091263,0.501161,0,time_limit,solomon_exact_1000_v1,missing,,,,,0.5,,100,2,25,fb89464a08a8315316a993462b898339a1874a83f2825c9a1b6ff87072390d28,False,regret2,2bfa211aff23880de4669e984e102d0f14560daa3b2ce4ca3f7da07cad7c7b34
RC108,solomon_txt,006bc8817bf09f9a8c66af8d6f088bdec239b2eb435556e9d11193cf456f7aeb,0,1,ok,True,15,2327764,2327.764,0.116566,0.501188,0,time_limit,solomon_exact_1000_v1,missing,,,,,0.5,,100,2,25,fb89464a08a8315316a993462b898339a1874a83f2825c9a1b6ff87072390d28,False,regret2,2bfa211aff23880de4669e984e102d0f14560daa3b2ce4ca3f7da07cad7c7b34
RC108,solomon_txt,006bc8817bf09f9a8c66af8d6f088bdec239b2eb435556e9d11193cf456f7aeb,1,1,ok,True,14,1343829,1343.829,0.108113,0.500608,0,time_limit,solomon_exact_1000_v1,missing,,,,,0.5,,100,2,25,fb89464a08a8315316a993462b898339a1874a83f2825c9a1b6ff87072390d28,False,regret2,2bfa211aff23880de4669e984e102d0f14560daa3b2ce4ca3f7da07cad7c7b34
RC108,solomon_txt,006bc8817bf09f9a8c66af8d6f088bdec239b2eb435556e9d11193cf456f7aeb,2,1,ok,True,14,1332265,1332.265,0.101606,0.50067,0,time_limit,solomon_exact_1000_v1,missing,,,,,0.5,,100,2,25,fb89464a08a8315316a993462b898339a1874a83f2825c9a1b6ff87072390d28,False,regret2,2bfa211aff23880de4669e984e102d0f14560daa3b2ce4ca3f7da07cad7c7b34
RC201,solomon_txt,288836e2d8c2ace83ebbff77e03ac8cdffc574fc134cade21ef92713f8c52d44,0,1,ok,True,5,2429811,2429.811,0.185618,0.500604,0,time_limit,solomon_exact_1000_v1,missing,,,,,0.5,,100,2,25,fb89464a08a8315316a993462b898339a1874a83f2825c9a1b6ff87072390d28,False,regret2,2bfa211aff23880de4669e984e102d0f14560daa3b2ce4ca3f7da07cad7c7b34
RC201,solomon_txt,288836e2d8c2ace83ebbff77e03ac8cdffc574fc134cade21ef92713f8c52d44,1,1,ok,True,5,2429811,2429.811,0.188518,0.500597,0,time_limit,solomon_exact_1000_v1,missing,,,,,0.5,,100,2,25,fb89464a08a8315316a993462b898339a1874a83f2825c9a1b6ff87072390d28,False,regret2,2bfa211aff23880de4669e984e102d0f14560daa3b2ce4ca3f7da07cad7c7b34
RC201,solomon_txt,288836e2d8c2ace83ebbff77e03ac8cdffc574fc134cade21ef92713f8c52d44,2,1,ok,True,5,2429811,2429.811,0.191968,0.500631,0,time_limit,solomon_exact_1000_v1,missing,,,,,0.5,,100,2,25,fb89464a08a8315316a993462b898339a1874a83f2825c9a1b6ff87072390d28,False,regret2,2bfa211aff23880de4669e984e102d0f14560daa3b2ce4ca3f7da07cad7c7b34
RC202,solomon_txt,5a1dee2017ab0ca4fe280b392678c96e8b5bc71f22d02c8058fbde7c4cfebcf4,0,1,ok,True,5,1998260,1998.26,0.178694,0.500668,0,time_limit,solomon_exact_1000_v1,missing,,,,,0.5,,100,2,25,fb89464a08a8315316a993462b898339a1874a83f2825c9a1b6ff87072390d28,False,regret2,2bfa211aff23880de4669e984e102d0f14560daa3b2ce4ca3f7da07cad7c7b34
RC202,solomon_txt,5a1dee2017ab0ca4fe280b392678c96e8b5bc71f22d02c8058fbde7c4cfebcf4,1,1,ok,True,5,1998260,1998.26,0.1755,0.500602,0,time_limit,solomon_exact_1000_v1,missing,,,,,0.5,,100,2,25,fb89464a08a8315316a993462b898339a1874a83f2825c9a1b6ff87072390d28,False,regret2,2bfa211aff23880de4669e984e102d0f14560daa3b2ce4ca3f7da07cad7c7b34
RC202,solomon_txt,5a1dee2017ab0ca4fe280b392678c96e8b5bc71f22d02c8058fbde7c4cfebcf4,2,1,ok,True,5,1998260,1998.26,0.176254,0.500599,0,time_limit,solomon_exact_1000_v1,missing,,,,,0.5,,100,2,25,fb89464a08a8315316a993462b898339a1874a83f2825c9a1b6ff87072390d28,False,regret2,2bfa211aff23880de4669e984e102d0f14560daa3b2ce4ca3f7da07cad7c7b34
RC203,solomon_txt,4adcb362c23df91f14b828d4964e9383ffb02ee74217afc2d84571f83ed91f8b,0,1,ok,True,5,1766955,1766.955,0.184762,0.500661,0,time_limit,solomon_exact_1000_v1,missing,,,,,0.5,,100,2,25,fb89464a08a8315316a993462b898339a1874a83f2825c9a1b6ff87072390d28,False,regret2,2bfa211aff23880de4669e984e102d0f14560daa3b2ce4ca3f7da07cad7c7b34
RC203,solomon_txt,4adcb362c23df91f14b828d4964e9383ffb02ee74217afc2d84571f83ed91f8b,1,1,ok,True,5,1766955,1766.955,0.18224,0.500699,0,time_limit,solomon_exact_1000_v1,missing,,,,,0.5,,100,2,25,fb89464a08a8315316a993462b898339a1874a83f2825c9a1b6ff87072390d28,False,regret2,2bfa211aff23880de4669e984e102d0f14560daa3b2ce4ca3f7da07cad7c7b34
RC203,solomon_txt,4adcb362c23df91f14b828d4964e9383ffb02ee74217afc2d84571f83ed91f8b,2,1,ok,True,5,1766955,1766.955,0.182579,0.500613,0,time_limit,solomon_exact_1000_v1,missing,,,,,0.5,,100,2,25,fb89464a08a8315316a993462b898339a1874a83f2825c9a1b6ff87072390d28,False,regret2,2bfa211aff23880de4669e984e102d0f14560daa3b2ce4ca3f7da07cad7c7b34
RC204,solomon_txt,11e827eab51a959ebab66344e7b7cfd1aeed895287653b36a72c86a4440ecd77,0,1,ok,True,3,1500593,1500.593,0.279349,0.500658,0,time_limit,solomon_exact_1000_v1,missing,,,,,0.5,,100,2,25,fb89464a08a8315316a993462b898339a1874a83f2825c9a1b6ff87072390d28,False,regret2,2bfa211aff23880de4669e984e102d0f14560daa3b2ce4ca3f7da07cad7c7b34
RC204,solomon_txt,11e827eab51a959ebab66344e7b7cfd1aeed895287653b36a72c86a4440ecd77,1,1,ok,True,3,1500593,1500.593,0.27669,0.5006,0,time_limit,solomon_exact_1000_v1,missing,,,,,0.5,,100,2,25,fb89464a08a8315316a993462b898339a1874a83f2825c9a1b6ff87072390d28,False,regret2,2bfa211aff23880de4669e984e102d0f14560daa3b2ce4ca3f7da07cad7c7b34
RC204,solomon_txt,11e827eab51a959ebab66344e7b7cfd1aeed895287653b36a72c86a4440ecd77,2,1,ok,True,3,1500593,1500.593,0.277613,0.500914,0,time_limit,solomon_exact_1000_v1,missing,,,,,0.5,,100,2,25,fb89464a08a8315316a993462b898339a1874a83f2825c9a1b6ff87072390d28,False,regret2,2bfa211aff23880de4669e984e102d0f14560daa3b2ce4ca3f7da07cad7c7b34
RC205,solomon_txt,c061d306cf42310b0f3ca15612089f6c5a8d5604c0733bf26852477c787662c9,0,1,ok,True,5,2063021,2063.021,0.211038,0.500618,0,time_limit,solomon_exact_1000_v1,missing,,,,,0.5,,100,2,25,fb89464a08a8315316a993462b898339a1874a83f2825c9a1b6ff87072390d28,False,regret2,2bfa211aff23880de4669e984e102d0f14560daa3b2ce4ca3f7da07cad7c7b34
RC205,solomon_txt,c061d306cf42310b0f3ca15612089f6c5a8d5604c0733bf26852477c787662c9,1,1,ok,True,5,2063021,2063.021,0.198584,0.500609,0,time_limit,solomon_exact_1000_v1,missing,,,,,0.5,,100,2,25,fb89464a08a8315316a993462b898339a1874a83f2825c9a1b6ff87072390d28,False,regret2,2bfa211aff23880de4669e984e102d0f14560daa3b2ce4ca3f7da07cad7c7b34
RC205,solomon_txt,c061d306cf42310b0f3ca15612089f6c5a8d5604c0733bf26852477c787662c9,2,1,ok,True,5,2063021,2063.021,0.198858,0.500609,0,time_limit,solomon_exact_1000_v1,missing,,,,,0.5,,100,2,25,fb89464a08a8315316a993462b898339a1874a83f2825c9a1b6ff87072390d28,False,regret2,2bfa211aff23880de4669e984e102d0f14560daa3b2ce4ca3f7da07cad7c7b34
RC206,solomon_txt,5203aecf67c84df49e152645312a837ffefde529314ff892ca061538816e43a9,0,1,ok,True,5,2062880,2062.88,0.200923,0.500604,0,time_limit,solomon_exact_1000_v1,missing,,,,,0.5,,100,2,25,fb89464a08a8315316a993462b898339a1874a83f2825c9a1b6ff87072390d28,False,regret2,2bfa211aff23880de4669e984e102d0f14560daa3b2ce4ca3f7da07cad7c7b34
RC206,solomon_txt,5203aecf67c84df49e152645312a837ffefde529314ff892ca061538816e43a9,1,1,ok,True,5,2062880,2062.88,0.199918,0.501064,0,time_limit,solomon_exact_1000_v1,missing,,,,,0.5,,100,2,25,fb89464a08a8315316a993462b898339a1874a83f2825c9a1b6ff87072390d28,False,regret2,2bfa211aff23880de4669e984e102d0f14560daa3b2ce4ca3f7da07cad7c7b34
RC206,solomon_txt,5203aecf67c84df49e152645312a837ffefde529314ff892ca061538816e43a9,2,1,ok,True,5,2062880,2062.88,0.230993,0.501106,0,time_limit,solomon_exact_1000_v1,missing,,,,,0.5,,100,2,25,fb89464a08a8315316a993462b898339a1874a83f2825c9a1b6ff87072390d28,False,regret2,2bfa211aff23880de4669e984e102d0f14560daa3b2ce4ca3f7da07cad7c7b34
RC207,solomon_txt,5cab65f99b350cdb8fb1c4d0a12dde85eb4ff6a6d6daf292b182cb73de9a8b63,0,1,ok,True,4,1907431,1907.431,0.231797,0.500645,0,time_limit,solomon_exact_1000_v1,missing,,,,,0.5,,100,2,25,fb89464a08a8315316a993462b898339a1874a83f2825c9a1b6ff87072390d28,False,regret2,2bfa211aff23880de4669e984e102d0f14560daa3b2ce4ca3f7da07cad7c7b34
RC207,solomon_txt,5cab65f99b350cdb8fb1c4d0a12dde85eb4ff6a6d6daf292b182cb73de9a8b63,1,1,ok,True,4,1907431,1907.431,0.246648,0.500693,0,time_limit,solomon_exact_1000_v1,missing,,,,,0.5,,100,2,25,fb89464a08a8315316a993462b898339a1874a83f2825c9a1b6ff87072390d28,False,regret2,2bfa211aff23880de4669e984e102d0f14560daa3b2ce4ca3f7da07cad7c7b34
RC207,solomon_txt,5cab65f99b350cdb8fb1c4d0a12dde85eb4ff6a6d6daf292b182cb73de9a8b63,2,1,ok,True,4,1907431,1907.431,0.219429,0.500606,0,time_limit,solomon_exact_1000_v1,missing,,,,,0.5,,100,2,25,fb89464a08a8315316a993462b898339a1874a83f2825c9a1b6ff87072390d28,False,regret2,2bfa211aff23880de4669e984e102d0f14560daa3b2ce4ca3f7da07cad7c7b34
RC208,solomon_txt,3d67d2a8e2758a324643f5d6c6ca87e8c56435273eaa04be33f213bb991f1f28,0,1,ok,True,4,1913075,1913.075,0.217167,0.500593,0,time_limit,solomon_exact_1000_v1,missing,,,,,0.5,,100,2,25,fb89464a08a8315316a993462b898339a1874a83f2825c9a1b6ff87072390d28,False,regret2,2bfa211aff23880de4669e984e102d0f14560daa3b2ce4ca3f7da07cad7c7b34
RC208,solomon_txt,3d67d2a8e2758a324643f5d6c6ca87e8c56435273eaa04be33f213bb991f1f28,1,1,ok,True,4,1913075,1913.075,0.217122,0.500639,0,time_limit,solomon_exact_1000_v1,missing,,,,,0.5,,100,2,25,fb89464a08a8315316a993462b898339a1874a83f2825c9a1b6ff87072390d28,False,regret2,2bfa211aff23880de4669e984e102d0f14560daa3b2ce4ca3f7da07cad7c7b34
RC208,solomon_txt,3d67d2a8e2758a324643f5d6c6ca87e8c56435273eaa04be33f213bb991f1f28,2,1,ok,True,4,1913075,1913.075,0.227701,0.50101,0,time_limit,solomon_exact_1000_v1,missing,,,,,0.5,,100,2,25,fb89464a08a8315316a993462b898339a1874a83f2825c9a1b6ff87072390d28,False,regret2,2bfa211aff23880de4669e984e102d0f14560daa3b2ce4ca3f7da07cad7c7b34
C101,solomon_txt,a6da75152d182d60ecd2c6f854296f5be452f92282d096adebcf5d99a7f16516,0,1,ok,True,11,1015038,1015.038,0.102386,0.500579,0,time_limit,solomon_exact_1000_v1,different_vehicles,10,828.94,,,0.5,,100,2,25,fb89464a08a8315316a993462b898339a1874a83f2825c9a1b6ff87072390d28,False,construction_slack,ac0df39c16248f9311f774e8a1ce6fd9cfc644fada1e8617f0e4268db4967807
C101,solomon_txt,a6da75152d182d60ecd2c6f854296f5be452f92282d096adebcf5d99a7f16516,1,1,ok,True,11,865820,865.82,0.102829,0.500561,0,time_limit,solomon_exact_1000_v1,different_vehicles,10,828.94,,,0.5,,100,2,25,fb89464a08a8315316a993462b898339a1874a83f2825c9a1b6ff87072390d28,False,construction_slack,ac0df39c16248f9311f774e8a1ce6fd9cfc644fada1e8617f0e4268db4967807
C101,solomon_txt,a6da75152d182d60ecd2c6f854296f5be452f92282d096adebcf5d99a7f16516,2,1,ok,True,11,918900,918.9,0.102516,0.500558,0,time_limit,solomon_exact_1000_v1,different_vehicles,10,828.94,,,0.5,,100,2,25,fb89464a08a8315316a993462b898339a1874a83f2825c9a1b6ff87072390d28,False,construction_slack,ac0df39c16248f9311f774e8a1ce6fd9cfc644fada1e8617f0e4268db4967807
C102,solomon_txt,f89a0e2a760cc7448a4ca72b88e5b29b94d64b5548f3320f42a6230025ead653,0,1,ok,True,10,1318051,1318.051,0.104227,0.50063,2,time_limit,solomon_exact_1000_v1,same_vehicles,10,828.94,59.0044,,0.5,,100,2,25,fb89464a08a8315316a993462b898339a1874a83f2825c9a1b6ff87072390d28,False,construction_slack,ac0df39c16248f9311f774e8a1ce6fd9cfc644fada1e8617f0e4268db4967807
C102,solomon_txt,f89a0e2a760cc7448a4ca72b88e5b29b94d64b5548f3320f42a6230025ead653,1,1,ok,True,10,1075018,1075.018,0.10474,0.500627,1,time_limit,solomon_exact_1000_v1,same_vehicles,10,828.94,29.6859,,0.5,,100,2,25,fb89464a08a8315316a993462b898339a1874a83f2825c9a1b6ff87072390d28,False,construction_slack,ac0df39c16248f9311f774e8a1ce6fd9cfc644fada1e8617f0e4268db4967807
C102,solomon_txt,f89a0e2a760cc7448a4ca72b88e5b29b94d64b5548f3320f42a6230025ead653,2,1,ok,True,10,1137814,1137.814,0.104811,0.500647,2,time_limit,solomon_exact_1000_v1,same_vehicles,10,828.94,37.2613,,0.5,,100,2,25,fb89464a08a8315316a993462b898339a1874a83f2825c9a1b6ff87072390d28,False,construction_slack,ac0df39c16248f9311f774e8a1ce6fd9cfc644fada1e8617f0e4268db4967807
C103,solomon_txt,a55cabf15e0da9d65696a5fb45c9852889479893f76f772a428ca15d1b415a51,0,1,ok,True,10,2056297,2056.297,0.115626,0.500644,2,time_limit,solomon_exact_1000_v1,same_vehicles,10,828.06,148.3271,,0.5,,100,2,25,fb89464a08a8315316a993462b898339a1874a83f2825c9a1b6ff87072390d28,False,construction_slack,ac0df39c16248f9311f774e8a1ce6fd9cfc644fada1e8617f0e4268db4967807
C103,solomon_txt,a55cabf15e0da9d65696a5fb45c9852889479893f76f772a428ca15d1b415a51,1,1,ok,True,10,2106726,2106.726,0.118765,0.500614,3,time_limit,solomon_exact_1000_v1,same_vehicles,10,828.06,154.4171,,0.5,,100,2,25,fb89464a08a8315316a993462b898339a1874a83f2825c9a1b6ff87072390d28,False,construction_slack,ac0df39c16248f9311f774e8a1ce6fd9cfc644fada1e8617f0e4268db4967807
C103,solomon_txt,a55cabf15e0da9d65696a5fb45c9852889479893f76f772a428ca15d1b415a51,2,1,ok,True,10,2125777,2125.777,0.116975,0.500922,1,time_limit,solomon_exact_1000_v1,same_vehicles,10,828.06,156.7177,,0.5,,100,2,25,fb89464a08a8315316a993462b898339a1874a83f2825c9a1b6ff87072390d28,False,construction_slack,ac0df39c16248f9311f774e8a1ce6fd9cfc644fada1e8617f0e4268db4967807
C104,solomon_txt,fe333e81625ee5a75bb2ce98c2c9f356d07289237865b62a23ba2f32f0de5ee2,0,1,ok,True,10,1739323,1739.323,0.124258,0.501043,3,time_limit,solomon_exact_1000_v1,same_vehicles,10,824.78,110.8833,,0.5,,100,2,25,fb89464a08a8315316a993462b898339a1874a83f2825c9a1b6ff87072390d28,False,construction_slack,ac0df39c16248f9311f774e8a1ce6fd9cfc644fada1e8617f0e4268db4967807
C104,solomon_txt,fe333e81625ee5a75bb2ce98c2c9f356d07289237865b62a23ba2f32f0de5ee2,1,1,ok,True,10,1761443,1761.443,0.132848,0.500615,3,time_limit,solomon_exact_1000_v1,same_vehicles,10,824.78,113.5652,,0.5,,100,2,25,fb89464a08a8315316a993462b898339a1874a83f2825c9a1b6ff87072390d28,False,construction_slack,ac0df39c16248f9311f774e8a1ce6fd9cfc644fada1e8617f0e4268db4967807
C104,solomon_txt,fe333e81625ee5a75bb2ce98c2c9f356d07289237865b62a23ba2f32f0de5ee2,2,1,ok,True,10,1722083,1722.083,0.164095,0.501084,3,time_limit,solomon_exact_1000_v1,same_vehicles,10,824.78,108.793,,0.5,,100,2,25,fb89464a08a8315316a993462b898339a1874a83f2825c9a1b6ff87072390d28,False,construction_slack,ac0df39c16248f9311f774e8a1ce6fd9cfc644fada1e8617f0e4268db4967807
C105,solomon_txt,9a877a3a6fb922e7ad9297cc0308bc8a5652cb1495a0228ee6b81b2d938aa29f,0,1,ok,True,13,1159745,1159.745,0.187968,0.500649,0,time_limit,solomon_exact_1000_v1,different_vehicles,10,828.94,,,0.5,,100,2,25,fb89464a08a8315316a993462b898339a1874a83f2825c9a1b6ff87072390d28,False,construction_slack,ac0df39c16248f9311f774e8a1ce6fd9cfc644fada1e8617f0e4268db4967807
C105,solomon_txt,9a877a3a6fb922e7ad9297cc0308bc8a5652cb1495a0228ee6b81b2d938aa29f,1,1,ok,True,13,1067436,1067.436,0.149686,0.501064,0,time_limit,solomon_exact_1000_v1,different_vehicles,10,828.94,,,0.5,,100,2,25,fb89464a08a8315316a993462b898339a1874a83f2825c9a1b6ff87072390d28,False,construction_slack,ac0df39c16248f9311f774e8a1ce6fd9cfc644fada1e8617f0e4268db4967807
C105,solomon_txt,9a877a3a6fb922e7ad9297cc0308bc8a5652cb1495a0228ee6b81b2d938aa29f,2,1,ok,True,12,1369310,1369.31,0.116078,0.500577,0,time_limit,solomon_exact_1000_v1,different_vehicles,10,828.94,,,0.5,,100,2,25,fb89464a08a8315316a993462b898339a1874a83f2825c9a1b6ff87072390d28,False,construction_slack,ac0df39c16248f9311f774e8a1ce6fd9cfc644fada1e8617f0e4268db4967807
C106,solomon_txt,ec9b419bed53e9c607cce76e8c6bc59feb6e4d17646905601f008a4141ec7b40,0,1,ok,True,11,1084360,1084.36,0.115839,0.50058,0,time_limit,solomon_exact_1000_v1,different_vehicles,10,828.94,,,0.5,,100,2,25,fb89464a08a8315316a993462b898339a1874a83f2825c9a1b6ff87072390d28,False,construction_slack,ac0df39c16248f9311f774e8a1ce6fd9cfc644fada1e8617f0e4268db4967807
C106,solomon_txt,ec9b419bed53e9c607cce76e8c6bc59feb6e4d17646905601f008a4141ec7b40,1,1,ok,True,10,1100696,1100.696,0.116939,0.500685,1,time_limit,solomon_exact_1000_v1,same_vehicles,10,828.94,32.7836,,0.5,,100,2,25,fb89464a08a8315316a993462b898339a1874a83f2825c9a1b6ff87072390d28,False,construction_slack,ac0df39c16248f9311f774e8a1ce6fd9cfc644fada1e8617f0e4268db4967807
C106,solomon_txt,ec9b419bed53e9c607cce76e8c6bc59feb6e4d17646905601f008a4141ec7b40,2,1,ok,True,10,1084912,1084.912,0.116512,0.500601,1,time_limit,solomon_exact_1000_v1,same_vehicles,10,828.94,30.8794,,0.5,,100,2,25,fb89464a08a8315316a993462b898339a1874a83f2825c9a1b6ff87072390d28,False,construction_slack,ac0df39c16248f9311f774e8a1ce6fd9cfc644fada1e8617f0e4268db4967807
C107,solomon_txt,cb3cdc10d812fa17370eb52cb753b6b0574426dc6fabeb8b9076ed750ddf05ca,0,1,ok,True,10,1037431,1037.431,0.10823,0.500758,1,time_limit,solomon_exact_1000_v1,same_vehicles,10,828.06,25.2845,,0.5,,100,2,25,fb89464a08a8315316a993462b898339a1874a83f2825c9a1b6ff87072390d28,False,construction_slack,ac0df39c16248f9311f774e8a1ce6fd9cfc644fada1e8617f0e4268db4967807
C107,solomon_txt,cb3cdc10d812fa17370eb52cb753b6b0574426dc6fabeb8b9076ed750ddf05ca,1,1,ok,True,10,1119053,1119.053,0.142738,0.500636,1,time_limit,solomon_exact_1000_v1,same_vehicles,10,828.06,35.1415,,0.5,,100,2,25,fb89464a08a8315316a993462b898339a1874a83f2825c9a1b6ff87072390d28,False,construction_slack,ac0df39c16248f9311f774e8a1ce6fd9cfc644fada1e8617f0e4268db4967807
C107,solomon_txt,cb3cdc10d812fa17370eb52cb753b6b0574426dc6fabeb8b9076ed750ddf05ca,2,1,ok,True,10,1088430,1088.43,0.112484,0.500705,1,time_limit,solomon_exact_1000_v1,same_vehicles,10,828.06,31.4434,,0.5,,100,2,25,fb89464a08a8315316a993462b898339a1874a83f2825c9a1b6ff87072390d28,False,construction_slack,ac0df39c16248f9311f774e8a1ce6fd9cfc644fada1e8617f0e4268db4967807
C108,solomon_txt,b8c7e48f292b66b283d8e71511e3a4eccaa4c4bc66b9313c399e73b0226f5953,0,1,ok,True,11,1126133,1126.133,0.129279,0.500656,0,time_limit,solomon_exact_1000_v1,different_vehicles,10,828.94,,,0.5,,100,2,25,fb89464a08a8315316a993462b898339a1874a83f2825c9a1b6ff87072390d28,False,construction_slack,ac0df39c16248f9311f774e8a1ce6fd9cfc644fada1e8617f0e4268db4967807
C108,solomon_txt,b8c7e48f292b66b283d8e71511e3a4eccaa4c4bc66b9313c399e73b0226f5953,1,1,ok,True,10,1563247,1563.247,0.117861,0.500312,1,time_limit,solomon_exact_1000_v1,same_vehicles,10,828.94,88.5839,,0.5,,100,2,25,fb89464a08a8315316a993462b898339a1874a83f2825c9a1b6ff87072390d28,False,construction_slack,ac0df39c16248f9311f774e8a1ce6fd9cfc644fada1e8617f0e4268db4967807
C108,solomon_txt,b8c7e48f292b66b283d8e71511e3a4eccaa4c4bc66b9313c399e73b0226f5953,2,1,ok,True,11,1024658,1024.658,0.115305,0.500632,0,time_limit,solomon_exact_1000_v1,different_vehicles,10,828.94,,,0.5,,100,2,25,fb89464a08a8315316a993462b898339a1874a83f2825c9a1b6ff87072390d28,False,construction_slack,ac0df39c16248f9311f774e8a1ce6fd9cfc644fada1e8617f0e4268db4967807
C109,solomon_txt,72d8489e14bf1bb18456f0b21b01110506cbcc2354719dae8481b480150f142a,0,1,ok,True,10,1664883,1664.883,0.108662,0.500656,4,time_limit,solomon_exact_1000_v1,same_vehicles,10,828.94,100.8448,,0.5,,100,2,25,fb89464a08a8315316a993462b898339a1874a83f2825c9a1b6ff87072390d28,False,construction_slack,ac0df39c16248f9311f774e8a1ce6fd9cfc644fada1e8617f0e4268db4967807
C109,solomon_txt,72d8489e14bf1bb18456f0b21b01110506cbcc2354719dae8481b480150f142a,1,1,ok,True,10,1613834,1613.834,0.116722,0.500611,4,time_limit,solomon_exact_1000_v1,same_vehicles,10,828.94,94.6865,,0.5,,100,2,25,fb89464a08a8315316a993462b898339a1874a83f2825c9a1b6ff87072390d28,False,construction_slack,ac0df39c16248f9311f774e8a1ce6fd9cfc644fada1e8617f0e4268db4967807
C109,solomon_txt,72d8489e14bf1bb18456f0b21b01110506cbcc2354719dae8481b480150f142a,2,1,ok,True,10,1667547,1667.547,0.135297,0.500568,3,time_limit,solomon_exact_1000_v1,same_vehicles,10,828.94,101.1662,,0.5,,100,2,25,fb89464a08a8315316a993462b898339a1874a83f2825c9a1b6ff87072390d28,False,construction_slack,ac0df39c16248f9311f774e8a1ce6fd9cfc644fada1e8617f0e4268db4967807
C201,solomon_txt,d8d9834087ae2326fa23a8510533060233dc9fb481873be60956eb26a880ad63,0,1,ok,True,3,704252,704.252,0.269633,0.500705,1,time_limit,solomon_exact_1000_v1,same_vehicles,3,591.56,19.05,,0.5,,100,2,25,fb89464a08a8315316a993462b898339a1874a83f2825c9a1b6ff87072390d28,False,construction_slack,ac0df39c16248f9311f774e8a1ce6fd9cfc644fada1e8617f0e4268db4967807
C201,solomon_txt,d8d9834087ae2326fa23a8510533060233dc9fb481873be60956eb26a880ad63,1,1,ok,True,3,704252,704.252,0.362163,0.500744,1,time_limit,solomon_exact_1000_v1,same_vehicles,3,591.56,19.05,,0.5,,100,2,25,fb89464a08a8315316a993462b898339a1874a83f2825c9a1b6ff87072390d28,False,construction_slack,ac0df39c16248f9311f774e8a1ce6fd9cfc644fada1e8617f0e4268db4967807
C201,solomon_txt,d8d9834087ae2326fa23a8510533060233dc9fb481873be60956eb26a880ad63,2,1,ok,True,3,704252,704.252,0.351869,0.500798,1,time_limit,solomon_exact_1000_v1,same_vehicles,3,591.56,19.05,,0.5,,100,2,25,fb89464a08a8315316a993462b898339a1874a83f2825c9a1b6ff87072390d28,False,construction_slack,ac0df39c16248f9311f774e8a1ce6fd9cfc644fada1e8617f0e4268db4967807
C202,solomon_txt,dfc8ecad79f6c7ffb096cd36994143569f0babe284d5ad194683271d81063772,0,1,ok,True,3,784027,784.027,0.290784,0.500666,1,time_limit,solomon_exact_1000_v1,same_vehicles,3,591.56,32.5355,,0.5,,100,2,25,fb89464a08a8315316a993462b898339a1874a83f2825c9a1b6ff87072390d28,False,construction_slack,ac0df39c16248f9311f774e8a1ce6fd9cfc644fada1e8617f0e4268db4967807
C202,solomon_txt,dfc8ecad79f6c7ffb096cd36994143569f0babe284d5ad194683271d81063772,1,1,ok,True,3,768485,768.485,0.252703,0.500692,2,time_limit,solomon_exact_1000_v1,same_vehicles,3,591.56,29.9082,,0.5,,100,2,25,fb89464a08a8315316a993462b898339a1874a83f2825c9a1b6ff87072390d28,False,construction_slack,ac0df39c16248f9311f774e8a1ce6fd9cfc644fada1e8617f0e4268db4967807
C202,solomon_txt,dfc8ecad79f6c7ffb096cd36994143569f0babe284d5ad194683271d81063772,2,1,ok,True,3,768485,768.485,0.256306,0.500623,1,time_limit,solomon_exact_1000_v1,same_vehicles,3,591.56,29.9082,,0.5,,100,2,25,fb89464a08a8315316a993462b898339a1874a83f2825c9a1b6ff87072390d28,False,construction_slack,ac0df39c16248f9311f774e8a1ce6fd9cfc644fada1e8617f0e4268db4967807
C203,solomon_txt,2b79eea2962a848cb29f6153d4fb4ae725d35507686d937da6643b33fcd85062,0,1,ok,True,3,690753,690.753,0.251037,0.500314,1,time_limit,solomon_exact_1000_v1,same_vehicles,3,591.17,16.8451,,0.5,,100,2,25,fb89464a08a8315316a993462b898339a1874a83f2825c9a1b6ff87072390d28,False,construction_slack,ac0df39c16248f9311f774e8a1ce6fd9cfc644fada1e8617f0e4268db4967807
C203,solomon_txt,2b79eea2962a848cb29f6153d4fb4ae725d35507686d937da6643b33fcd85062,1,1,ok,True,3,765859,765.859,0.239166,0.500655,1,time_limit,solomon_exact_1000_v1,same_vehicles,3,591.17,29.5497,,0.5,,100,2,25,fb89464a08a8315316a993462b898339a1874a83f2825c9a1b6ff87072390d28,False,construction_slack,ac0df39c16248f9311f774e8a1ce6fd9cfc644fada1e8617f0e4268db4967807
C203,solomon_txt,2b79eea2962a848cb29f6153d4fb4ae725d35507686d937da6643b33fcd85062,2,1,ok,True,3,695185,695.185,0.241181,0.500585,1,time_limit,solomon_exact_1000_v1,same_vehicles,3,591.17,17.5948,,0.5,,100,2,25,fb89464a08a8315316a993462b898339a1874a83f2825c9a1b6ff87072390d28,False,construction_slack,ac0df39c16248f9311f774e8a1ce6fd9cfc644fada1e8617f0e4268db4967807
C204,solomon_txt,4331b2744d34e32c2987e3fe8a82b782a2039d757d2aac818f7e0fd21117bfb4,0,1,ok,True,3,965970,965.97,0.266564,0.500283,1,time_limit,solomon_exact_1000_v1,same_vehicles,3,590.6,63.5574,,0.5,,100,2,25,fb89464a08a8315316a993462b898339a1874a83f2825c9a1b6ff87072390d28,False,construction_slack,ac0df39c16248f9311f774e8a1ce6fd9cfc644fada1e8617f0e4268db4967807
C204,solomon_txt,4331b2744d34e32c2987e3fe8a82b782a2039d757d2aac818f7e0fd21117bfb4,1,1,ok,True,3,780549,780.549,0.26749,0.500299,1,time_limit,solomon_exact_1000_v1,same_vehicles,3,590.6,32.162,,0.5,,100,2,25,fb89464a08a8315316a993462b898339a1874a83f2825c9a1b6ff87072390d28,False,construction_slack,ac0df39c16248f9311f774e8a1ce6fd9cfc644fada1e8617f0e4268db4967807
C204,solomon_txt,4331b2744d34e32c2987e3fe8a82b782a2039d757d2aac818f7e0fd21117bfb4,2,1,ok,True,3,743140,743.14,0.276837,0.500306,1,time_limit,solomon_exact_1000_v1,same_vehicles,3,590.6,25.828,,0.5,,100,2,25,fb89464a08a8315316a993462b898339a1874a83f2825c9a1b6ff87072390d28,False,construction_slack,ac0df39c16248f9311f774e8a1ce6fd9cfc644fada1e8617f0e4268db4967807
C205,solomon_txt,15be2bb8c3e4ad99a79d1e7ee0472223feb95a4f423d010e032bda0a87266ca5,0,1,ok,True,3,786435,786.435,0.234907,0.500334,1,time_limit,solomon_exact_1000_v1,same_vehicles,3,588.88,33.5476,,0.5,,100,2,25,fb89464a08a8315316a993462b898339a1874a83f2825c9a1b6ff87072390d28,False,construction_slack,ac0df39c16248f9311f774e8a1ce6fd9cfc644fada1e8617f0e4268db4967807
C205,solomon_txt,15be2bb8c3e4ad99a79d1e7ee0472223feb95a4f423d010e032bda0a87266ca5,1,1,ok,True,4,912158,912.158,0.241167,0.500563,0,time_limit,solomon_exact_1000_v1,different_vehicles,3,588.88,,,0.5,,100,2,25,fb89464a08a8315316a993462b898339a1874a83f2825c9a1b6ff87072390d28,False,construction_slack,ac0df39c16248f9311f774e8a1ce6fd9cfc644fada1e8617f0e4268db4967807
C205,solomon_txt,15be2bb8c3e4ad99a79d1e7ee0472223feb95a4f423d010e032bda0a87266ca5,2,1,ok,True,3,753690,753.69,0.233526,0.500261,1,time_limit,solomon_exact_1000_v1,same_vehicles,3,588.88,27.987,,0.5,,100,2,25,fb89464a08a8315316a993462b898339a1874a83f2825c9a1b6ff87072390d28,False,construction_slack,ac0df39c16248f9311f774e8a1ce6fd9cfc644fada1e8617f0e4268db4967807
C206,solomon_txt,745b6c7042707ffbbfc4d681ee02a84431425f1dfb3c8aa85ecf003fec8f7e53,0,1,ok,True,4,2623586,2623.586,0.283901,0.500672,0,time_limit,solomon_exact_1000_v1,different_vehicles,3,588.49,,,0.5,,100,2,25,fb89464a08a8315316a993462b898339a1874a83f2825c9a1b6ff87072390d28,False,construction_slack,ac0df39c16248f9311f774e8a1ce6fd9cfc644fada1e8617f0e4268db4967807
C206,solomon_txt,745b6c7042707ffbbfc4d681ee02a84431425f1dfb3c8aa85ecf003fec8f7e53,1,1,ok,True,4,2623586,2623.586,0.302058,0.500598,0,time_limit,solomon_exact_1000_v1,different_vehicles,3,588.49,,,0.5,,100,2,25,fb89464a08a8315316a993462b898339a1874a83f2825c9a1b6ff87072390d28,False,construction_slack,ac0df39c16248f9311f774e8a1ce6fd9cfc644fada1e8617f0e4268db4967807
C206,solomon_txt,745b6c7042707ffbbfc4d681ee02a84431425f1dfb3c8aa85ecf003fec8f7e53,2,1,ok,True,4,2623586,2623.586,0.282225,0.501161,0,time_limit,solomon_exact_1000_v1,different_vehicles,3,588.49,,,0.5,,100,2,25,fb89464a08a8315316a993462b898339a1874a83f2825c9a1b6ff87072390d28,False,construction_slack,ac0df39c16248f9311f774e8a1ce6fd9cfc644fada1e8617f0e4268db4967807
C207,solomon_txt,a33f03570a944c8a6d185fd6a173e66c68e67c399a4958b2d5b6d49533ace4a4,0,1,ok,True,4,1119812,1119.812,0.309243,0.500593,0,time_limit,solomon_exact_1000_v1,different_vehicles,3,588.29,,,0.5,,100,2,25,fb89464a08a8315316a993462b898339a1874a83f2825c9a1b6ff87072390d28,False,construction_slack,ac0df39c16248f9311f774e8a1ce6fd9cfc644fada1e8617f0e4268db4967807
C207,solomon_txt,a33f03570a944c8a6d185fd6a173e66c68e67c399a4958b2d5b6d49533ace4a4,1,1,ok,True,4,1119812,1119.812,0.329134,0.500476,0,time_limit,solomon_exact_1000_v1,different_vehicles,3,588.29,,,0.5,,100,2,25,fb89464a08a8315316a993462b898339a1874a83f2825c9a1b6ff87072390d28,False,construction_slack,ac0df39c16248f9311f774e8a1ce6fd9cfc644fada1e8617f0e4268db4967807
C207,solomon_txt,a33f03570a944c8a6d185fd6a173e66c68e67c399a4958b2d5b6d49533ace4a4,2,1,ok,True,4,1119812,1119.812,0.327121,0.500724,0,time_limit,solomon_exact_1000_v1,different_vehicles,3,588.29,,,0.5,,100,2,25,fb89464a08a8315316a993462b898339a1874a83f2825c9a1b6ff87072390d28,False,construction_slack,ac0df39c16248f9311f774e8a1ce6fd9cfc644fada1e8617f0e4268db4967807
C208,solomon_txt,1c2f2381b8743680dbeb34322869cbf5a6cdd8c281f4bcffdb99b533e601874b,0,1,ok,True,4,957831,957.831,0.302779,0.50062,0,time_limit,solomon_exact_1000_v1,different_vehicles,3,588.32,,,0.5,,100,2,25,fb89464a08a8315316a993462b898339a1874a83f2825c9a1b6ff87072390d28,False,construction_slack,ac0df39c16248f9311f774e8a1ce6fd9cfc644fada1e8617f0e4268db4967807
C208,solomon_txt,1c2f2381b8743680dbeb34322869cbf5a6cdd8c281f4bcffdb99b533e601874b,1,1,ok,True,4,957831,957.831,0.313343,0.501185,0,time_limit,solomon_exact_1000_v1,different_vehicles,3,588.32,,,0.5,,100,2,25,fb89464a08a8315316a993462b898339a1874a83f2825c9a1b6ff87072390d28,False,construction_slack,ac0df39c16248f9311f774e8a1ce6fd9cfc644fada1e8617f0e4268db4967807
C208,solomon_txt,1c2f2381b8743680dbeb34322869cbf5a6cdd8c281f4bcffdb99b533e601874b,2,1,ok,True,4,957831,957.831,0.322521,0.500574,0,time_limit,solomon_exact_1000_v1,different_vehicles,3,588.32,,,0.5,,100,2,25,fb89464a08a8315316a993462b898339a1874a83f2825c9a1b6ff87072390d28,False,construction_slack,ac0df39c16248f9311f774e8a1ce6fd9cfc644fada1e8617f0e4268db4967807
R101,solomon_txt,3f3655182bc0fe44ce5de65fdcd2ee2f9c7fb9ed055f923635151d9d6f76d3ed,0,1,ok,True,22,1914025,1914.025,0.081275,0.501293,0,time_limit,solomon_exact_1000_v1,missing,,,,,0.5,,100,2,25,fb89464a08a8315316a993462b898339a1874a83f2825c9a1b6ff87072390d28,False,construction_slack,ac0df39c16248f9311f774e8a1ce6fd9cfc644fada1e8617f0e4268db4967807
R101,solomon_txt,3f3655182bc0fe44ce5de65fdcd2ee2f9c7fb9ed055f923635151d9d6f76d3ed,1,1,ok,True,22,1913179,1913.179,0.076308,0.500627,0,time_limit,solomon_exact_1000_v1,missing,,,,,0.5,,100,2,25,fb89464a08a8315316a993462b898339a1874a83f2825c9a1b6ff87072390d28,False,construction_slack,ac0df39c16248f9311f774e8a1ce6fd9cfc644fada1e8617f0e4268db4967807
R101,solomon_txt,3f3655182bc0fe44ce5de65fdcd2ee2f9c7fb9ed055f923635151d9d6f76d3ed,2,1,ok,True,23,2019424,2019.424,0.078308,0.500639,0,time_limit,solomon_exact_1000_v1,missing,,,,,0.5,,100,2,25,fb89464a08a8315316a993462b898339a1874a83f2825c9a1b6ff87072390d28,False,construction_slack,ac0df39c16248f9311f774e8a1ce6fd9cfc644fada1e8617f0e4268db4967807
R102,solomon_txt,eeb23171b7e4fbfc80bf000ca770329109900fbd7273fa8b9d1f95b7dfe683c3,0,1,ok,True,20,1655808,1655.808,0.082179,0.501123,0,time_limit,solomon_exact_1000_v1,missing,,,,,0.5,,100,2,25,fb89464a08a8315316a993462b898339a1874a83f2825c9a1b6ff87072390d28,False,construction_slack,ac0df39c16248f9311f774e8a1ce6fd9cfc644fada1e8617f0e4268db4967807
R102,solomon_txt,eeb23171b7e4fbfc80bf000ca770329109900fbd7273fa8b9d1f95b7dfe683c3,1,1,ok,True,19,1744933,1744.933,0.081867,0.500659,0,time_limit,solomon_exact_1000_v1,missing,,,,,0.5,,100,2,25,fb89464a08a8315316a993462b898339a1874a83f2825c9a1b6ff87072390d28,False,construction_slack,ac0df39c16248f9311f774e8a1ce6fd9cfc644fada1e8617f0e4268db4967807
R102,solomon_txt,eeb23171b7e4fbfc80bf000ca770329109900fbd7273fa8b9d1f95b7dfe683c3,2,1,ok,True,19,1765826,1765.826,0.092138,0.501051,0,time_limit,solomon_exact_1000_v1,missing,,,,,0.5,,100,2,25,fb89464a08a8315316a993462b898339a1874a83f2825c9a1b6ff87072390d28,False,construction_slack,ac0df39c16248f9311f774e8a1ce6fd9cfc644fada1e8617f0e4268db4967807
R103,solomon_txt,1f833e8648ba39e0edc76754fb49e81777a7175cf7b084c3f60a12607bfb3991,0,1,ok,True,14,1536470,1536.47,0.100954,0.500604,0,time_limit,solomon_exact_1000_v1,missing,,,,,0.5,,100,2,25,fb89464a08a8315316a993462b898339a1874a83f2825c9a1b6ff87072390d28,False,construction_slack,ac0df39c16248f9311f774e8a1ce6fd9cfc644fada1e8617f0e4268db4967807
R103,solomon_txt,1f833e8648ba39e0edc76754fb49e81777a7175cf7b084c3f60a12607bfb3991,1,1,ok,True,14,1536470,1536.47,0.091828,0.500662,0,time_limit,solomon_exact_1000_v1,missing,,,,,0.5,,100,2,25,fb89464a08a8315316a993462b898339a1874a83f2825c9a1b6ff87072390d28,False,construction_slack,ac0df39c16248f9311f774e8a1ce6fd9cfc644fada1e8617f0e4268db4967807
R103,solomon_txt,1f833e8648ba39e0edc76754fb49e81777a7175cf7b084c3f60a12607bfb3991,2,1,ok,True,14,1536470,1536.47,0.093656,0.50062,0,time_limit,solomon_exact_1000_v1,missing,,,,,0.5,,100,2,25,fb89464a08a8315316a993462b898339a1874a83f2825c9a1b6ff87072390d28,False,construction_slack,ac0df39c16248f9311f774e8a1ce6fd9cfc644fada1e8617f0e4268db4967807
R104,solomon_txt,dd087124311d91facd81736debbfc7d0f351d27942917e2d76cbafd01e6183b7,0,1,ok,True,11,1445019,1445.019,0.110163,0.50062,0,time_limit,solomon_exact_1000_v1,missing,,,,,0.5,,100,2,25,fb89464a08a8315316a993462b898339a1874a83f2825c9a1b6ff87072390d28,False,construction_slack,ac0df39c16248f9311f774e8a1ce6fd9cfc644fada1e8617f0e4268db4967807
R104,solomon_txt,dd087124311d91facd81736debbfc7d0f351d27942917e2d76cbafd01e6183b7,1,1,ok,True,11,1445019,1445.019,0.125842,0.500567,0,time_limit,solomon_exact_1000_v1,missing,,,,,0.5,,100,2,25,fb89464a08a8315316a993462b898339a1874a83f2825c9a1b6ff87072390d28,False,construction_slack,ac0df39c16248f9311f774e8a1ce6fd9cfc644fada1e8617f0e4268db4967807
R104,solomon_txt,dd087124311d91facd81736debbfc7d0f351d27942917e2d76cbafd01e6183b7,2,1,ok,True,11,1445019,1445.019,0.107942,0.500602,0,time_limit,solomon_exact_1000_v1,missing,,,,,0.5,,100,2,25,fb89464a08a8315316a993462b898339a1874a83f2825c9a1b6ff87072390d28,False,construction_slack,ac0df39c16248f9311f774e8a1ce6fd9cfc644fada1e8617f0e4268db4967807
R105,solomon_txt,ff1a614f8458d6339b3f54d8e4ca2dcf0a35c96012f477f6a819ae481de85ca4,0,1,ok,True,17,1734216,1734.216,0.097474,0.500699,0,time_limit,solomon_exact_1000_v1,missing,,,,,0.5,,100,2,25,fb89464a08a8315316a993462b898339a1874a83f2825c9a1b6ff87072390d28,False,construction_slack,ac0df39c16248f9311f774e8a1ce6fd9cfc644fada1e8617f0e4268db4967807
R105,solomon_txt,ff1a614f8458d6339b3f54d8e4ca2dcf0a35c96012f477f6a819ae481de85ca4,1,1,ok,True,17,1683209,1683.209,0.096745,0.501234,0,time_limit,solomon_exact_1000_v1,missing,,,,,0.5,,100,2,25,fb89464a08a8315316a993462b898339a1874a83f2825c9a1b6ff87072390d28,False,construction_slack,ac0df39c16248f9311f774e8a1ce6fd9cfc644fada1e8617f0e4268db4967807
R105,solomon_txt,ff1a614f8458d6339b3f54d8e4ca2dcf0a35c96012f477f6a819ae481de85ca4,2,1,ok,True,17,1834998,1834.998,0.140886,0.500497,0,time_limit,solomon_exact_1000_v1,missing,,,,,0.5,,100,2,25,fb89464a08a8315316a993462b898339a1874a83f2825c9a1b6ff87072390d28,False,construction_slack,ac0df39c16248f9311f774e8a1ce6fd9cfc644fada1e8617f0e4268db4967807
R106,solomon_txt,31b8783d177f0fbe1c84b8f085fbf28b1989a80e4c00f49f5654ebef99835e97,0,1,ok,True,14,1545086,1545.086,0.102161,0.500627,0,time_limit,solomon_exact_1000_v1,missing,,,,,0.5,,100,2,25,fb89464a08a8315316a993462b898339a1874a83f2825c9a1b6ff87072390d28,False,construction_slack,ac0df39c16248f9311f774e8a1ce6fd9cfc644fada1e8617f0e4268db4967807
R106,solomon_txt,31b8783d177f0fbe1c84b8f085fbf28b1989a80e4c00f49f5654ebef99835e97,1,1,ok,True,15,1572430,1572.43,0.091928,0.500615,0,time_limit,solomon_exact_1000_v1,missing,,,,,0.5,,100,2,25,fb89464a08a8315316a993462b898339a1874a83f2825c9a1b6ff87072390d28,False,construction_slack,ac0df39c16248f9311f774e8a1ce6fd9cfc644fada1e8617f0e4268db4967807
R106,solomon_txt,31b8783d177f0fbe1c84b8f085fbf28b1989a80e4c00f49f5654ebef99835e97,2,1,ok,True,14,1559373,1559.373,0.086636,0.500609,0,time_limit,solomon_exact_1000_v1,missing,,,,,0.5,,100,2,25,fb89464a08a8315316a993462b898339a1874a83f2825c9a1b6ff87072390d28,False,construction_slack,ac0df39c16248f9311f774e8a1ce6fd9cfc644fada1e8617f0e4268db4967807
R107,solomon_txt,dba2b257a1d43d7c78d5e3a9f09091a2b125d3fbec78c0c8a1782add669a1275,0,1,ok,True,13,1331890,1331.89,0.098445,0.500594,0,time_limit,solomon_exact_1000_v1,missing,,,,,0.5,,100,2,25,fb89464a08a8315316a993462b898339a1874a83f2825c9a1b6ff87072390d28,False,construction_slack,ac0df39c16248f9311f774e8a1ce6fd9cfc644fada1e8617f0e4268db4967807
R107,solomon_txt,dba2b257a1d43d7c78d5e3a9f09091a2b125d3fbec78c0c8a1782add669a1275,1,1,ok,True,12,1525686,1525.686,0.097062,0.501038,0,time_limit,solomon_exact_1000_v1,missing,,,,,0.5,,100,2,25,fb89464a08a8315316a993462b898339a1874a83f2825c9a1b6ff87072390d28,False,construction_slack,ac0df39c16248f9311f774e8a1ce6fd9cfc644fada1e8617f0e4268db4967807
R107,solomon_txt,dba2b257a1d43d7c78d5e3a9f09091a2b125d3fbec78c0c8a1782add669a1275,2,1,ok,True,12,1486083,1486.083,0.162813,0.501145,0,time_limit,solomon_exact_1000_v1,missing,,,,,0.5,,100,2,25,fb89464a08a8315316a993462b898339a1874a83f2825c9a1b6ff87072390d28,False,construction_slack,ac0df39c16248f9311f774e8a1ce6fd9cfc644fada1e8617f0e4268db4967807
R108,solomon_txt,65cae09f4099b7e70d2b723e0e3a30aa1494c75a367bb894a3fd13241ee639d4,0,1,ok,True,11,1315436,1315.436,0.160898,0.500672,0,time_limit,solomon_exact_1000_v1,missing,,,,,0.5,,100,2,25,fb89464a08a8315316a993462b898339a1874a83f2825c9a1b6ff87072390d28,False,construction_slack,ac0df39c16248f9311f774e8a1ce6fd9cfc644fada1e8617f0e4268db4967807
R108,solomon_txt,65cae09f4099b7e70d2b723e0e3a30aa1494c75a367bb894a3fd13241ee639d4,1,1,ok,True,11,1274109,1274.109,0.174316,0.501092,0,time_limit,solomon_exact_1000_v1,missing,,,,,0.5,,100,2,25,fb89464a08a8315316a993462b898339a1874a83f2825c9a1b6ff87072390d28,False,construction_slack,ac0df39c16248f9311f774e8a1ce6fd9cfc644fada1e8617f0e4268db4967807
R108,solomon_txt,65cae09f4099b7e70d2b723e0e3a30aa1494c75a367bb894a3fd13241ee639d4,2,1,ok,True,11,1360850,1360.85,0.1102,0.500768,0,time_limit,solomon_exact_1000_v1,missing,,,,,0.5,,100,2,25,fb89464a08a8315316a993462b898339a1874a83f2825c9a1b6ff87072390d28,False,construction_slack,ac0df39c16248f9311f774e8a1ce6fd9cfc644fada1e8617f0e4268db4967807
R109,solomon_txt,4ef24030e8c48de5f85dcd90c5739186004fc8dec87533b6467013cf996f4777,0,1,ok,True,16,1597195,1597.195,0.08969,0.500757,0,time_limit,solomon_exact_1000_v1,missing,,,,,0.5,,100,2,25,fb89464a08a8315316a993462b898339a1874a83f2825c9a1b6ff87072390d28,False,construction_slack,ac0df39c16248f9311f774e8a1ce6fd9cfc644fada1e8617f0e4268db4967807
R109,solomon_txt,4ef24030e8c48de5f85dcd90c5739186004fc8dec87533b6467013cf996f4777,1,1,ok,True,14,1458883,1458.883,0.097539,0.500565,0,time_limit,solomon_exact_1000_v1,missing,,,,,0.5,,100,2,25,fb89464a08a8315316a993462b898339a1874a83f2825c9a1b6ff87072390d28,False,construction_slack,ac0df39c16248f9311f774e8a1ce6fd9cfc644fada1e8617f0e4268db4967807
R109,solomon_txt,4ef24030e8c48de5f85dcd90c5739186004fc8dec87533b6467013cf996f4777,2,1,ok,True,15,1441901,1441.901,0.100877,0.500612,0,time_limit,solomon_exact_1000_v1,missing,,,,,0.5,,100,2,25,fb89464a08a8315316a993462b898339a1874a83f2825c9a1b6ff87072390d28,False,construction_slack,ac0df39c16248f9311f774e8a1ce6fd9cfc644fada1e8617f0e4268db4967807
R110,solomon_txt,14cb53cb99af61d3d708f07564b9a72d146e7c26b4f10507cfaf3bc828f34bfa,0,1,ok,True,14,1574826,1574.826,0.117294,0.500706,0,time_limit,solomon_exact_1000_v1,missing,,,,,0.5,,100,2,25,fb89464a08a8315316a993462b898339a1874a83f2825c9a1b6ff87072390d28,False,construction_slack,ac0df39c16248f9311f774e8a1ce6fd9cfc644fada1e8617f0e4268db4967807
R110,solomon_txt,14cb53cb99af61d3d708f07564b9a72d146e7c26b4f10507cfaf3bc828f34bfa,1,1,ok,True,14,1546498,1546.498,0.117367,0.500631,0,time_limit,solomon_exact_1000_v1,missing,,,,,0.5,,100,2,25,fb89464a08a8315316a993462b898339a1874a83f2825c9a1b6ff87072390d28,False,construction_slack,ac0df39c16248f9311f774e8a1ce6fd9cfc644fada1e8617f0e4268db4967807
R110,solomon_txt,14cb53cb99af61d3d708f07564b9a72d146e7c26b4f10507cfaf3bc828f34bfa,2,1,ok,True,14,1897804,1897.804,0.100382,0.500598,0,time_limit,solomon_exact_1000_v1,missing,,,,,0.5,,100,2,25,fb89464a08a8315316a993462b898339a1874a83f2825c9a1b6ff87072390d28,False,construction_slack,ac0df39c16248f9311f774e8a1ce6fd9cfc644fada1e8617f0e4268db4967807
R111,solomon_txt,3d94a73b1f2fe8aae4618b9d9ea254cff2e3924a6a841aa390096ec6c60f258d,0,1,ok,True,12,1453553,1453.553,0.100562,0.500575,0,time_limit,solomon_exact_1000_v1,missing,,,,,0.5,,100,2,25,fb89464a08a8315316a993462b898339a1874a83f2825c9a1b6ff87072390d28,False,construction_slack,ac0df39c16248f9311f774e8a1ce6fd9cfc644fada1e8617f0e4268db4967807
R111,solomon_txt,3d94a73b1f2fe8aae4618b9d9ea254cff2e3924a6a841aa390096ec6c60f258d,1,1,ok,True,13,1693707,1693.707,0.101383,0.500604,0,time_limit,solomon_exact_1000_v1,missing,,,,,0.5,,100,2,25,fb89464a08a8315316a993462b898339a1874a83f2825c9a1b6ff87072390d28,False,construction_slack,ac0df39c16248f9311f774e8a1ce6fd9cfc644fada1e8617f0e4268db4967807
R111,solomon_txt,3d94a73b1f2fe8aae4618b9d9ea254cff2e3924a6a841aa390096ec6c60f258d,2,1,ok,True,12,1461553,1461.553,0.109719,0.500589,0,time_limit,solomon_exact_1000_v1,missing,,,,,0.5,,100,2,25,fb89464a08a8315316a993462b898339a1874a83f2825c9a1b6ff87072390d28,False,construction_slack,ac0df39c16248f9311f774e8a1ce6fd9cfc644fada1e8617f0e4268db4967807
R112,solomon_txt,a0e93149d59d30c356619891d192e86d0f16c3158e1dac3bd9f23c6deb718271,0,1,ok,True,13,1576148,1576.148,0.105314,0.500697,0,time_limit,solomon_exact_1000_v1,missing,,,,,0.5,,100,2,25,fb89464a08a8315316a993462b898339a1874a83f2825c9a1b6ff87072390d28,False,construction_slack,ac0df39c16248f9311f774e8a1ce6fd9cfc644fada1e8617f0e4268db4967807
R112,solomon_txt,a0e93149d59d30c356619891d192e86d0f16c3158e1dac3bd9f23c6deb718271,1,1,ok,True,13,1430395,1430.395,0.107098,0.500583,0,time_limit,solomon_exact_1000_v1,missing,,,,,0.5,,100,2,25,fb89464a08a8315316a993462b898339a1874a83f2825c9a1b6ff87072390d28,False,construction_slack,ac0df39c16248f9311f774e8a1ce6fd9cfc644fada1e8617f0e4268db4967807
R112,solomon_txt,a0e93149d59d30c356619891d192e86d0f16c3158e1dac3bd9f23c6deb718271,2,1,ok,True,13,1273526,1273.526,0.104363,0.500667,0,time_limit,solomon_exact_1000_v1,missing,,,,,0.5,,100,2,25,fb89464a08a8315316a993462b898339a1874a83f2825c9a1b6ff87072390d28,False,construction_slack,ac0df39c16248f9311f774e8a1ce6fd9cfc644fada1e8617f0e4268db4967807
R201,solomon_txt,0be960ec998fff2cab0bdbcc5194c617e5ca0a79c82c5b32b1d4bd98b2cae210,0,1,ok,True,5,1801181,1801.181,0.177545,0.500594,0,time_limit,solomon_exact_1000_v1,missing,,,,,0.5,,100,2,25,fb89464a08a8315316a993462b898339a1874a83f2825c9a1b6ff87072390d28,False,construction_slack,ac0df39c16248f9311f774e8a1ce6fd9cfc644fada1e8617f0e4268db4967807
R201,solomon_txt,0be960ec998fff2cab0bdbcc5194c617e5ca0a79c82c5b32b1d4bd98b2cae210,1,1,ok,True,5,1801181,1801.181,0.191234,0.500596,0,time_limit,solomon_exact_1000_v1,missing,,,,,0.5,,100,2,25,fb89464a08a8315316a993462b898339a1874a83f2825c9a1b6ff87072390d28,False,construction_slack,ac0df39c16248f9311f774e8a1ce6fd9cfc644fada1e8617f0e4268db4967807
R201,solomon_txt,0be960ec998fff2cab0bdbcc5194c617e5ca0a79c82c5b32b1d4bd98b2cae210,2,1,ok,True,5,1801181,1801.181,0.17527,0.500591,0,time_limit,solomon_exact_1000_v1,missing,,,,,0.5,,100,2,25,fb89464a08a8315316a993462b898339a1874a83f2825c9a1b6ff87072390d28,False,construction_slack,ac0df39c16248f9311f774e8a1ce6fd9cfc644fada1e8617f0e4268db4967807
R202,solomon_txt,1f7761bb33e9dd0c94837b32c72280296ffc283dba997379c7ad75ce00dffc8d,0,1,ok,True,5,1577935,1577.935,0.173183,0.500611,0,time_limit,solomon_exact_1000_v1,missing,,,,,0.5,,100,2,25,fb89464a08a8315316a993462b898339a1874a83f2825c9a1b6ff87072390d28,False,construction_slack,ac0df39c16248f9311f774e8a1ce6fd9cfc644fada1e8617f0e4268db4967807
R202,solomon_txt,1f7761bb33e9dd0c94837b32c72280296ffc283dba997379c7ad75ce00dffc8d,1,1,ok,True,4,1295184,1295.184,0.167692,0.500579,0,time_limit,solomon_exact_1000_v1,missing,,,,,0.5,,100,2,25,fb89464a08a8315316a993462b898339a1874a83f2825c9a1b6ff87072390d28,False,construction_slack,ac0df39c16248f9311f774e8a1ce6fd9cfc644fada1e8617f0e4268db4967807
R202,solomon_txt,1f7761bb33e9dd0c94837b32c72280296ffc283dba997379c7ad75ce00dffc8d,2,1,ok,True,4,1532698,1532.698,0.164839,0.500556,0,time_limit,solomon_exact_1000_v1,missing,,,,,0.5,,100,2,25,fb89464a08a8315316a993462b898339a1874a83f2825c9a1b6ff87072390d28,False,construction_slack,ac0df39c16248f9311f774e8a1ce6fd9cfc644fada1e8617f0e4268db4967807
R203,solomon_txt,38c484db31bd7452a94d533e26a2348ef598df600b79d061d9ddc1c61466a731,0,1,ok,True,3,1153938,1153.938,0.236333,0.500604,0,time_limit,solomon_exact_1000_v1,missing,,,,,0.5,,100,2,25,fb89464a08a8315316a993462b898339a1874a83f2825c9a1b6ff87072390d28,False,construction_slack,ac0df39c16248f9311f774e8a1ce6fd9cfc644fada1e8617f0e4268db4967807
R203,solomon_txt,38c484db31bd7452a94d533e26a2348ef598df600b79d061d9ddc1c61466a731,1,1,ok,True,3,1153938,1153.938,0.236684,0.500564,0,time_limit,solomon_exact_1000_v1,missing,,,,,0.5,,100,2,25,fb89464a08a8315316a993462b898339a1874a83f2825c9a1b6ff87072390d28,False,construction_slack,ac0df39c16248f9311f774e8a1ce6fd9cfc644fada1e8617f0e4268db4967807
R203,solomon_txt,38c484db31bd7452a94d533e26a2348ef598df600b79d061d9ddc1c61466a731,2,1,ok,True,3,1153938,1153.938,0.252762,0.500576,0,time_limit,solomon_exact_1000_v1,missing,,,,,0.5,,100,2,25,fb89464a08a8315316a993462b898339a1874a83f2825c9a1b6ff87072390d28,False,construction_slack,ac0df39c16248f9311f774e8a1ce6fd9cfc644fada1e8617f0e4268db4967807
R204,solomon_txt,5349e37d8df99bcbee1efa2e970d2662b5265e5f82fc609343a6af0a60257abf,0,1,ok,True,3,1252271,1252.271,0.311242,0.500582,0,time_limit,solomon_exact_1000_v1,missing,,,,,0.5,,100,2,25,fb89464a08a8315316a993462b898339a1874a83f2825c9a1b6ff87072390d28,False,construction_slack,ac0df39c16248f9311f774e8a1ce6fd9cfc644fada1e8617f0e4268db4967807
R204,solomon_txt,5349e37d8df99bcbee1efa2e970d2662b5265e5f82fc609343a6af0a60257abf,1,1,ok,True,3,1252271,1252.271,0.312585,0.500612,0,time_limit,solomon_exact_1000_v1,missing,,,,,0.5,,100,2,25,fb89464a08a8315316a993462b898339a1874a83f2825c9a1b6ff87072390d28,False,construction_slack,ac0df39c16248f9311f774e8a1ce6fd9cfc644fada1e8617f0e4268db4967807
R204,solomon_txt,5349e37d8df99bcbee1efa2e970d2662b5265e5f82fc609343a6af0a60257abf,2,1,ok,True,3,1252271,1252.271,0.320574,0.500563,0,time_limit,solomon_exact_1000_v1,missing,,,,,0.5,,100,2,25,fb89464a08a8315316a993462b898339a1874a83f2825c9a1b6ff87072390d28,False,construction_slack,ac0df39c16248f9311f774e8a1ce6fd9cfc644fada1e8617f0e4268db4967807
R205,solomon_txt,1996bf8f10716fb8cfc1a585206a6a6e566f32347c1bb8f36c75ed6c887f77e3,0,1,ok,True,4,1700248,1700.248,0.248301,0.500584,0,time_limit,solomon_exact_1000_v1,missing,,,,,0.5,,100,2,25,fb89464a08a8315316a993462b898339a1874a83f2825c9a1b6ff87072390d28,False,construction_slack,ac0df39c16248f9311f774e8a1ce6fd9cfc644fada1e8617f0e4268db4967807
R205,solomon_txt,1996bf8f10716fb8cfc1a585206a6a6e566f32347c1bb8f36c75ed6c887f77e3,1,1,ok,True,4,1700248,1700.248,0.232634,0.500582,0,time_limit,solomon_exact_1000_v1,missing,,,,,0.5,,100,2,25,fb89464a08a8315316a993462b898339a1874a83f2825c9a1b6ff87072390d28,False,construction_slack,ac0df39c16248f9311f774e8a1ce6fd9cfc644fada1e8617f0e4268db4967807
R205,solomon_txt,1996bf8f10716fb8cfc1a585206a6a6e566f32347c1bb8f36c75ed6c887f77e3,2,1,ok,True,4,1700248,1700.248,0.237666,0.50055,0,time_limit,solomon_exact_1000_v1,missing,,,,,0.5,,100,2,25,fb89464a08a8315316a993462b898339a1874a83f2825c9a1b6ff87072390d28,False,construction_slack,ac0df39c16248f9311f774e8a1ce6fd9cfc644fada1e8617f0e4268db4967807
R206,solomon_txt,c8754a0319264d076c038b1bf023c8c4710e8895fe3e03f485e9ae249f32fe43,0,1,ok,True,3,1540757,1540.757,0.245077,0.50058,0,time_limit,solomon_exact_1000_v1,missing,,,,,0.5,,100,2,25,fb89464a08a8315316a993462b898339a1874a83f2825c9a1b6ff87072390d28,False,construction_slack,ac0df39c16248f9311f774e8a1ce6fd9cfc644fada1e8617f0e4268db4967807
R206,solomon_txt,c8754a0319264d076c038b1bf023c8c4710e8895fe3e03f485e9ae249f32fe43,1,1,ok,True,3,1540757,1540.757,0.25876,0.500933,0,time_limit,solomon_exact_1000_v1,missing,,,,,0.5,,100,2,25,fb89464a08a8315316a993462b898339a1874a83f2825c9a1b6ff87072390d28,False,construction_slack,ac0df39c16248f9311f774e8a1ce6fd9cfc644fada1e8617f0e4268db4967807
R206,solomon_txt,c8754a0319264d076c038b1bf023c8c4710e8895fe3e03f485e9ae249f32fe43,2,1,ok,True,3,1540757,1540.757,0.241817,0.500561,0,time_limit,solomon_exact_1000_v1,missing,,,,,0.5,,100,2,25,fb89464a08a8315316a993462b898339a1874a83f2825c9a1b6ff87072390d28,False,construction_slack,ac0df39c16248f9311f774e8a1ce6fd9cfc644fada1e8617f0e4268db4967807
R207,solomon_txt,52dc8eebba43fdc67ca9aadab228b75a297acb55a87db3e4748e82f623e3cbe6,0,1,ok,True,3,1336679,1336.679,0.326243,0.500581,0,time_limit,solomon_exact_1000_v1,missing,,,,,0.5,,100,2,25,fb89464a08a8315316a993462b898339a1874a83f2825c9a1b6ff87072390d28,False,construction_slack,ac0df39c16248f9311f774e8a1ce6fd9cfc644fada1e8617f0e4268db4967807
R207,solomon_txt,52dc8eebba43fdc67ca9aadab228b75a297acb55a87db3e4748e82f623e3cbe6,1,1,ok,True,3,1336679,1336.679,0.298292,0.500567,0,time_limit,solomon_exact_1000_v1,missing,,,,,0.5,,100,2,25,fb89464a08a8315316a993462b898339a1874a83f2825c9a1b6ff87072390d28,False,construction_slack,ac0df39c16248f9311f774e8a1ce6fd9cfc644fada1e8617f0e4268db4967807
R207,solomon_txt,52dc8eebba43fdc67ca9aadab228b75a297acb55a87db3e4748e82f623e3cbe6,2,1,ok,True,3,1336679,1336.679,0.299221,0.500545,0,time_limit,solomon_exact_1000_v1,missing,,,,,0.5,,100,2,25,fb89464a08a8315316a993462b898339a1874a83f2825c9a1b6ff87072390d28,False,construction_slack,ac0df39c16248f9311f774e8a1ce6fd9cfc644fada1e8617f0e4268db4967807
R208,solomon_txt,7b4a95d500af9329dd08791d39898a619faec0f8fac039d57373e761545b980d,0,1,ok,True,2,944355,944.355,0.306917,0.500574,1,time_limit,solomon_exact_1000_v1,missing,,,,,0.5,,100,2,25,fb89464a08a8315316a993462b898339a1874a83f2825c9a1b6ff87072390d28,False,construction_slack,ac0df39c16248f9311f774e8a1ce6fd9cfc644fada1e8617f0e4268db4967807
R208,solomon_txt,7b4a95d500af9329dd08791d39898a619faec0f8fac039d57373e761545b980d,1,1,ok,True,2,944355,944.355,0.324842,0.500651,1,time_limit,solomon_exact_1000_v1,missing,,,,,0.5,,100,2,25,fb89464a08a8315316a993462b898339a1874a83f2825c9a1b6ff87072390d28,False,construction_slack,ac0df39c16248f9311f774e8a1ce6fd9cfc644fada1e8617f0e4268db4967807
R208,solomon_txt,7b4a95d500af9329dd08791d39898a619faec0f8fac039d57373e761545b980d,2,1,ok,True,2,944355,944.355,0.316484,0.500814,1,time_limit,solomon_exact_1000_v1,missing,,,,,0.5,,100,2,25,fb89464a08a8315316a993462b898339a1874a83f2825c9a1b6ff87072390d28,False,construction_slack,ac0df39c16248f9311f774e8a1ce6fd9cfc644fada1e8617f0e4268db4967807
R209,solomon_txt,5b74156d032babcff853ccc693f94463eca8333cd425aa99a39ed996f6258933,0,1,ok,True,4,1860870,1860.87,0.244646,0.500592,0,time_limit,solomon_exact_1000_v1,missing,,,,,0.5,,100,2,25,fb89464a08a8315316a993462b898339a1874a83f2825c9a1b6ff87072390d28,False,construction_slack,ac0df39c16248f9311f774e8a1ce6fd9cfc644fada1e8617f0e4268db4967807
R209,solomon_txt,5b74156d032babcff853ccc693f94463eca8333cd425aa99a39ed996f6258933,1,1,ok,True,4,1860870,1860.87,0.236693,0.500683,0,time_limit,solomon_exact_1000_v1,missing,,,,,0.5,,100,2,25,fb89464a08a8315316a993462b898339a1874a83f2825c9a1b6ff87072390d28,False,construction_slack,ac0df39c16248f9311f774e8a1ce6fd9cfc644fada1e8617f0e4268db4967807
R209,solomon_txt,5b74156d032babcff853ccc693f94463eca8333cd425aa99a39ed996f6258933,2,1,ok,True,4,1860870,1860.87,0.239904,0.50057,0,time_limit,solomon_exact_1000_v1,missing,,,,,0.5,,100,2,25,fb89464a08a8315316a993462b898339a1874a83f2825c9a1b6ff87072390d28,False,construction_slack,ac0df39c16248f9311f774e8a1ce6fd9cfc644fada1e8617f0e4268db4967807
R210,solomon_txt,4e5772f109fb6183e6a648d6a1edaba3435438c2dc11c42da370fecf7bdf3a14,0,1,ok,True,3,1624264,1624.264,0.246393,0.50055,0,time_limit,solomon_exact_1000_v1,missing,,,,,0.5,,100,2,25,fb89464a08a8315316a993462b898339a1874a83f2825c9a1b6ff87072390d28,False,construction_slack,ac0df39c16248f9311f774e8a1ce6fd9cfc644fada1e8617f0e4268db4967807
R210,solomon_txt,4e5772f109fb6183e6a648d6a1edaba3435438c2dc11c42da370fecf7bdf3a14,1,1,ok,True,3,1624264,1624.264,0.249475,0.500558,0,time_limit,solomon_exact_1000_v1,missing,,,,,0.5,,100,2,25,fb89464a08a8315316a993462b898339a1874a83f2825c9a1b6ff87072390d28,False,construction_slack,ac0df39c16248f9311f774e8a1ce6fd9cfc644fada1e8617f0e4268db4967807
R210,solomon_txt,4e5772f109fb6183e6a648d6a1edaba3435438c2dc11c42da370fecf7bdf3a14,2,1,ok,True,3,1624264,1624.264,0.257251,0.50071,0,time_limit,solomon_exact_1000_v1,missing,,,,,0.5,,100,2,25,fb89464a08a8315316a993462b898339a1874a83f2825c9a1b6ff87072390d28,False,construction_slack,ac0df39c16248f9311f774e8a1ce6fd9cfc644fada1e8617f0e4268db4967807
R211,solomon_txt,2965507e467a2f92acd59035975910e36ae11e4f49590d4c7d20a883939227ad,0,1,ok,True,4,1944428,1944.428,0.283255,0.501026,0,time_limit,solomon_exact_1000_v1,missing,,,,,0.5,,100,2,25,fb89464a08a8315316a993462b898339a1874a83f2825c9a1b6ff87072390d28,False,construction_slack,ac0df39c16248f9311f774e8a1ce6fd9cfc644fada1e8617f0e4268db4967807
R211,solomon_txt,2965507e467a2f92acd59035975910e36ae11e4f49590d4c7d20a883939227ad,1,1,ok,True,4,1944428,1944.428,0.285587,0.500722,0,time_limit,solomon_exact_1000_v1,missing,,,,,0.5,,100,2,25,fb89464a08a8315316a993462b898339a1874a83f2825c9a1b6ff87072390d28,False,construction_slack,ac0df39c16248f9311f774e8a1ce6fd9cfc644fada1e8617f0e4268db4967807
R211,solomon_txt,2965507e467a2f92acd59035975910e36ae11e4f49590d4c7d20a883939227ad,2,1,ok,True,4,1944428,1944.428,0.283312,0.500632,0,time_limit,solomon_exact_1000_v1,missing,,,,,0.5,,100,2,25,fb89464a08a8315316a993462b898339a1874a83f2825c9a1b6ff87072390d28,False,construction_slack,ac0df39c16248f9311f774e8a1ce6fd9cfc644fada1e8617f0e4268db4967807
RC101,solomon_txt,ef6893ffd9746ad96de8e4da6e64e2c4ba6e08a1c7eb9457276a9f1caf01ca12,0,1,ok,True,19,2031958,2031.958,0.125773,0.500628,0,time_limit,solomon_exact_1000_v1,missing,,,,,0.5,,100,2,25,fb89464a08a8315316a993462b898339a1874a83f2825c9a1b6ff87072390d28,False,construction_slack,ac0df39c16248f9311f774e8a1ce6fd9cfc644fada1e8617f0e4268db4967807
RC101,solomon_txt,ef6893ffd9746ad96de8e4da6e64e2c4ba6e08a1c7eb9457276a9f1caf01ca12,1,1,ok,True,19,1995564,1995.564,0.093217,0.50062,0,time_limit,solomon_exact_1000_v1,missing,,,,,0.5,,100,2,25,fb89464a08a8315316a993462b898339a1874a83f2825c9a1b6ff87072390d28,False,construction_slack,ac0df39c16248f9311f774e8a1ce6fd9cfc644fada1e8617f0e4268db4967807
RC101,solomon_txt,ef6893ffd9746ad96de8e4da6e64e2c4ba6e08a1c7eb9457276a9f1caf01ca12,2,1,ok,True,19,2034803,2034.803,0.084106,0.500613,0,time_limit,solomon_exact_1000_v1,missing,,,,,0.5,,100,2,25,fb89464a08a8315316a993462b898339a1874a83f2825c9a1b6ff87072390d28,False,construction_slack,ac0df39c16248f9311f774e8a1ce6fd9cfc644fada1e8617f0e4268db4967807
RC102,solomon_txt,36acd349d34a577c7fadd61f78517c2cb74bd06a490273800c288f341e5785a4,0,1,ok,True,17,1873113,1873.113,0.085883,0.500624,0,time_limit,solomon_exact_1000_v1,missing,,,,,0.5,,100,2,25,fb89464a08a8315316a993462b898339a1874a83f2825c9a1b6ff87072390d28,False,construction_slack,ac0df39c16248f9311f774e8a1ce6fd9cfc644fada1e8617f0e4268db4967807
RC102,solomon_txt,36acd349d34a577c7fadd61f78517c2cb74bd06a490273800c288f341e5785a4,1,1,ok,True,15,1834933,1834.933,0.087709,0.500638,0,time_limit,solomon_exact_1000_v1,missing,,,,,0.5,,100,2,25,fb89464a08a8315316a993462b898339a1874a83f2825c9a1b6ff87072390d28,False,construction_slack,ac0df39c16248f9311f774e8a1ce6fd9cfc644fada1e8617f0e4268db4967807
RC102,solomon_txt,36acd349d34a577c7fadd61f78517c2cb74bd06a490273800c288f341e5785a4,2,1,ok,True,17,1873113,1873.113,0.088673,0.500598,0,time_limit,solomon_exact_1000_v1,missing,,,,,0.5,,100,2,25,fb89464a08a8315316a993462b898339a1874a83f2825c9a1b6ff87072390d28,False,construction_slack,ac0df39c16248f9311f774e8a1ce6fd9cfc644fada1e8617f0e4268db4967807
RC103,solomon_txt,00f384138274d5d2bff5c41601db17cc4ad0cfc6315c27e223d4477bf435cc2d,0,1,ok,True,13,1787217,1787.217,0.099118,0.500602,0,time_limit,solomon_exact_1000_v1,missing,,,,,0.5,,100,2,25,fb89464a08a8315316a993462b898339a1874a83f2825c9a1b6ff87072390d28,False,construction_slack,ac0df39c16248f9311f774e8a1ce6fd9cfc644fada1e8617f0e4268db4967807
RC103,solomon_txt,00f384138274d5d2bff5c41601db17cc4ad0cfc6315c27e223d4477bf435cc2d,1,1,ok,True,12,1731095,1731.095,0.097086,0.500594,0,time_limit,solomon_exact_1000_v1,missing,,,,,0.5,,100,2,25,fb89464a08a8315316a993462b898339a1874a83f2825c9a1b6ff87072390d28,False,construction_slack,ac0df39c16248f9311f774e8a1ce6fd9cfc644fada1e8617f0e4268db4967807
RC103,solomon_txt,00f384138274d5d2bff5c41601db17cc4ad0cfc6315c27e223d4477bf435cc2d,2,1,ok,True,13,1816938,1816.938,0.095464,0.500559,0,time_limit,solomon_exact_1000_v1,missing,,,,,0.5,,100,2,25,fb89464a08a8315316a993462b898339a1874a83f2825c9a1b6ff87072390d28,False,construction_slack,ac0df39c16248f9311f774e8a1ce6fd9cfc644fada1e8617f0e4268db4967807
RC104,solomon_txt,d150b2d61049a488fb89a2320c197d81a7ef9a1864abbbaea1d13a2b451253ee,0,1,ok,True,12,1624060,1624.06,0.107415,0.500649,0,time_limit,solomon_exact_1000_v1,missing,,,,,0.5,,100,2,25,fb89464a08a8315316a993462b898339a1874a83f2825c9a1b6ff87072390d28,False,construction_slack,ac0df39c16248f9311f774e8a1ce6fd9cfc644fada1e8617f0e4268db4967807
RC104,solomon_txt,d150b2d61049a488fb89a2320c197d81a7ef9a1864abbbaea1d13a2b451253ee,1,1,ok,True,12,1626992,1626.992,0.158282,0.5006,0,time_limit,solomon_exact_1000_v1,missing,,,,,0.5,,100,2,25,fb89464a08a8315316a993462b898339a1874a83f2825c9a1b6ff87072390d28,False,construction_slack,ac0df39c16248f9311f774e8a1ce6fd9cfc644fada1e8617f0e4268db4967807
RC104,solomon_txt,d150b2d61049a488fb89a2320c197d81a7ef9a1864abbbaea1d13a2b451253ee,2,1,ok,True,12,1325631,1325.631,0.124691,0.500606,0,time_limit,solomon_exact_1000_v1,missing,,,,,0.5,,100,2,25,fb89464a08a8315316a993462b898339a1874a83f2825c9a1b6ff87072390d28,False,construction_slack,ac0df39c16248f9311f774e8a1ce6fd9cfc644fada1e8617f0e4268db4967807
RC105,solomon_txt,b9e912625c1ed80d2f565e0799ade2f4b17bf4f95056322ca23f1a21b37e7a49,0,1,ok,True,16,2182499,2182.499,0.096727,0.501089,0,time_limit,solomon_exact_1000_v1,missing,,,,,0.5,,100,2,25,fb89464a08a8315316a993462b898339a1874a83f2825c9a1b6ff87072390d28,False,construction_slack,ac0df39c16248f9311f774e8a1ce6fd9cfc644fada1e8617f0e4268db4967807
RC105,solomon_txt,b9e912625c1ed80d2f565e0799ade2f4b17bf4f95056322ca23f1a21b37e7a49,1,1,ok,True,16,2182499,2182.499,0.111833,0.500619,0,time_limit,solomon_exact_1000_v1,missing,,,,,0.5,,100,2,25,fb89464a08a8315316a993462b898339a1874a83f2825c9a1b6ff87072390d28,False,construction_slack,ac0df39c16248f9311f774e8a1ce6fd9cfc644fada1e8617f0e4268db4967807
RC105,solomon_txt,b9e912625c1ed80d2f565e0799ade2f4b17bf4f95056322ca23f1a21b37e7a49,2,1,ok,True,16,2182499,2182.499,0.095366,0.500631,0,time_limit,solomon_exact_1000_v1,missing,,,,,0.5,,100,2,25,fb89464a08a8315316a993462b898339a1874a83f2825c9a1b6ff87072390d28,False,construction_slack,ac0df39c16248f9311f774e8a1ce6fd9cfc644fada1e8617f0e4268db4967807
RC106,solomon_txt,bf016ffc567af2d108570357daf1d0cabb7f680c0bd977d2e4366787683fdbaf,0,1,ok,True,15,2118036,2118.036,0.087937,0.500611,0,time_limit,solomon_exact_1000_v1,missing,,,,,0.5,,100,2,25,fb89464a08a8315316a993462b898339a1874a83f2825c9a1b6ff87072390d28,False,construction_slack,ac0df39c16248f9311f774e8a1ce6fd9cfc644fada1e8617f0e4268db4967807
RC106,solomon_txt,bf016ffc567af2d108570357daf1d0cabb7f680c0bd977d2e4366787683fdbaf,1,1,ok,True,16,1808646,1808.646,0.096135,0.50068,0,time_limit,solomon_exact_1000_v1,missing,,,,,0.5,,100,2,25,fb89464a08a8315316a993462b898339a1874a83f2825c9a1b6ff87072390d28,False,construction_slack,ac0df39c16248f9311f774e8a1ce6fd9cfc644fada1e8617f0e4268db4967807
RC106,solomon_txt,bf016ffc567af2d108570357daf1d0cabb7f680c0bd977d2e4366787683fdbaf,2,1,ok,True,16,1823605,1823.605,0.11261,0.500761,0,time_limit,solomon_exact_1000_v1,missing,,,,,0.5,,100,2,25,fb89464a08a8315316a993462b898339a1874a83f2825c9a1b6ff87072390d28,False,construction_slack,ac0df39c16248f9311f774e8a1ce6fd9cfc644fada1e8617f0e4268db4967807
RC107,solomon_txt,fff3fd68d110671ed442575f07cc547291586f30b00c5f73934d521d31311582,0,1,ok,True,14,1714626,1714.626,0.091602,0.500684,0,time_limit,solomon_exact_1000_v1,missing,,,,,0.5,,100,2,25,fb89464a08a8315316a993462b898339a1874a83f2825c9a1b6ff87072390d28,False,construction_slack,ac0df39c16248f9311f774e8a1ce6fd9cfc644fada1e8617f0e4268db4967807
RC107,solomon_txt,fff3fd68d110671ed442575f07cc547291586f30b00c5f73934d521d31311582,1,1,ok,True,14,1926373,1926.373,0.09453,0.500637,0,time_limit,solomon_exact_1000_v1,missing,,,,,0.5,,100,2,25,fb89464a08a8315316a993462b898339a1874a83f2825c9a1b6ff87072390d28,False,construction_slack,ac0df39c16248f9311f774e8a1ce6fd9cfc644fada1e8617f0e4268db4967807
RC107,solomon_txt,fff3fd68d110671ed442575f07cc547291586f30b00c5f73934d521d31311582,2,1,ok,True,15,2052187,2052.187,0.092897,0.500648,0,time_limit,solomon_exact_1000_v1,missing,,,,,0.5,,100,2,25,fb89464a08a8315316a993462b898339a1874a83f2825c9a1b6ff87072390d28,False,construction_slack,ac0df39c16248f9311f774e8a1ce6fd9cfc644fada1e8617f0e4268db4967807
RC108,solomon_txt,006bc8817bf09f9a8c66af8d6f088bdec239b2eb435556e9d11193cf456f7aeb,0,1,ok,True,14,1940059,1940.059,0.093852,0.500732,0,time_limit,solomon_exact_1000_v1,missing,,,,,0.5,,100,2,25,fb89464a08a8315316a993462b898339a1874a83f2825c9a1b6ff87072390d28,False,construction_slack,ac0df39c16248f9311f774e8a1ce6fd9cfc644fada1e8617f0e4268db4967807
RC108,solomon_txt,006bc8817bf09f9a8c66af8d6f088bdec239b2eb435556e9d11193cf456f7aeb,1,1,ok,True,14,1606564,1606.564,0.092615,0.500617,0,time_limit,solomon_exact_1000_v1,missing,,,,,0.5,,100,2,25,fb89464a08a8315316a993462b898339a1874a83f2825c9a1b6ff87072390d28,False,construction_slack,ac0df39c16248f9311f774e8a1ce6fd9cfc644fada1e8617f0e4268db4967807
RC108,solomon_txt,006bc8817bf09f9a8c66af8d6f088bdec239b2eb435556e9d11193cf456f7aeb,2,1,ok,True,14,1711462,1711.462,0.092788,0.501188,0,time_limit,solomon_exact_1000_v1,missing,,,,,0.5,,100,2,25,fb89464a08a8315316a993462b898339a1874a83f2825c9a1b6ff87072390d28,False,construction_slack,ac0df39c16248f9311f774e8a1ce6fd9cfc644fada1e8617f0e4268db4967807
RC201,solomon_txt,288836e2d8c2ace83ebbff77e03ac8cdffc574fc134cade21ef92713f8c52d44,0,1,ok,True,5,2429811,2429.811,0.195498,0.500634,0,time_limit,solomon_exact_1000_v1,missing,,,,,0.5,,100,2,25,fb89464a08a8315316a993462b898339a1874a83f2825c9a1b6ff87072390d28,False,construction_slack,ac0df39c16248f9311f774e8a1ce6fd9cfc644fada1e8617f0e4268db4967807
RC201,solomon_txt,288836e2d8c2ace83ebbff77e03ac8cdffc574fc134cade21ef92713f8c52d44,1,1,ok,True,4,1837909,1837.909,0.189849,0.500555,0,time_limit,solomon_exact_1000_v1,missing,,,,,0.5,,100,2,25,fb89464a08a8315316a993462b898339a1874a83f2825c9a1b6ff87072390d28,False,construction_slack,ac0df39c16248f9311f774e8a1ce6fd9cfc644fada1e8617f0e4268db4967807
RC201,solomon_txt,288836e2d8c2ace83ebbff77e03ac8cdffc574fc134cade21ef92713f8c52d44,2,1,ok,True,5,2429811,2429.811,0.187239,0.500602,0,time_limit,solomon_exact_1000_v1,missing,,,,,0.5,,100,2,25,fb89464a08a8315316a993462b898339a1874a83f2825c9a1b6ff87072390d28,False,construction_slack,ac0df39c16248f9311f774e8a1ce6fd9cfc644fada1e8617f0e4268db4967807
RC202,solomon_txt,5a1dee2017ab0ca4fe280b392678c96e8b5bc71f22d02c8058fbde7c4cfebcf4,0,1,ok,True,4,1920411,1920.411,0.174039,0.500562,0,time_limit,solomon_exact_1000_v1,missing,,,,,0.5,,100,2,25,fb89464a08a8315316a993462b898339a1874a83f2825c9a1b6ff87072390d28,False,construction_slack,ac0df39c16248f9311f774e8a1ce6fd9cfc644fada1e8617f0e4268db4967807
RC202,solomon_txt,5a1dee2017ab0ca4fe280b392678c96e8b5bc71f22d02c8058fbde7c4cfebcf4,1,1,ok,True,4,1818035,1818.035,0.169465,0.501123,0,time_limit,solomon_exact_1000_v1,missing,,,,,0.5,,100,2,25,fb89464a08a8315316a993462b898339a1874a83f2825c9a1b6ff87072390d28,False,construction_slack,ac0df39c16248f9311f774e8a1ce6fd9cfc644fada1e8617f0e4268db4967807
RC202,solomon_txt,5a1dee2017ab0ca4fe280b392678c96e8b5bc71f22d02c8058fbde7c4cfebcf4,2,1,ok,True,4,1619243,1619.243,0.171216,0.500648,0,time_limit,solomon_exact_1000_v1,missing,,,,,0.5,,100,2,25,fb89464a08a8315316a993462b898339a1874a83f2825c9a1b6ff87072390d28,False,construction_slack,ac0df39c16248f9311f774e8a1ce6fd9cfc644fada1e8617f0e4268db4967807
RC203,solomon_txt,4adcb362c23df91f14b828d4964e9383ffb02ee74217afc2d84571f83ed91f8b,0,1,ok,True,4,1158154,1158.154,0.181719,0.500575,0,time_limit,solomon_exact_1000_v1,missing,,,,,0.5,,100,2,25,fb89464a08a8315316a993462b898339a1874a83f2825c9a1b6ff87072390d28,False,construction_slack,ac0df39c16248f9311f774e8a1ce6fd9cfc644fada1e8617f0e4268db4967807
RC203,solomon_txt,4adcb362c23df91f14b828d4964e9383ffb02ee74217afc2d84571f83ed91f8b,1,1,ok,True,4,1303205,1303.205,0.197255,0.500587,0,time_limit,solomon_exact_1000_v1,missing,,,,,0.5,,100,2,25,fb89464a08a8315316a993462b898339a1874a83f2825c9a1b6ff87072390d28,False,construction_slack,ac0df39c16248f9311f774e8a1ce6fd9cfc644fada1e8617f0e4268db4967807
RC203,solomon_txt,4adcb362c23df91f14b828d4964e9383ffb02ee74217afc2d84571f83ed91f8b,2,1,ok,True,4,1061047,1061.047,0.180797,0.500559,0,time_limit,solomon_exact_1000_v1,missing,,,,,0.5,,100,2,25,fb89464a08a8315316a993462b898339a1874a83f2825c9a1b6ff87072390d28,False,construction_slack,ac0df39c16248f9311f774e8a1ce6fd9cfc644fada1e8617f0e4268db4967807
RC204,solomon_txt,11e827eab51a959ebab66344e7b7cfd1aeed895287653b36a72c86a4440ecd77,0,1,ok,True,3,1692878,1692.878,0.359099,0.500957,0,time_limit,solomon_exact_1000_v1,missing,,,,,0.5,,100,2,25,fb89464a08a8315316a993462b898339a1874a83f2825c9a1b6ff87072390d28,False,construction_slack,ac0df39c16248f9311f774e8a1ce6fd9cfc644fada1e8617f0e4268db4967807
RC204,solomon_txt,11e827eab51a959ebab66344e7b7cfd1aeed895287653b36a72c86a4440ecd77,1,1,ok,True,3,1692878,1692.878,0.326897,0.500565,0,time_limit,solomon_exact_1000_v1,missing,,,,,0.5,,100,2,25,fb89464a08a8315316a993462b898339a1874a83f2825c9a1b6ff87072390d28,False,construction_slack,ac0df39c16248f9311f774e8a1ce6fd9cfc644fada1e8617f0e4268db4967807
RC204,solomon_txt,11e827eab51a959ebab66344e7b7cfd1aeed895287653b36a72c86a4440ecd77,2,1,ok,True,3,1692878,1692.878,0.29331,0.500932,0,time_limit,solomon_exact_1000_v1,missing,,,,,0.5,,100,2,25,fb89464a08a8315316a993462b898339a1874a83f2825c9a1b6ff87072390d28,False,construction_slack,ac0df39c16248f9311f774e8a1ce6fd9cfc644fada1e8617f0e4268db4967807
RC205,solomon_txt,c061d306cf42310b0f3ca15612089f6c5a8d5604c0733bf26852477c787662c9,0,1,ok,True,4,1960553,1960.553,0.192201,0.500583,0,time_limit,solomon_exact_1000_v1,missing,,,,,0.5,,100,2,25,fb89464a08a8315316a993462b898339a1874a83f2825c9a1b6ff87072390d28,False,construction_slack,ac0df39c16248f9311f774e8a1ce6fd9cfc644fada1e8617f0e4268db4967807
RC205,solomon_txt,c061d306cf42310b0f3ca15612089f6c5a8d5604c0733bf26852477c787662c9,1,1,ok,True,5,2053381,2053.381,0.188771,0.50057,0,time_limit,solomon_exact_1000_v1,missing,,,,,0.5,,100,2,25,fb89464a08a8315316a993462b898339a1874a83f2825c9a1b6ff87072390d28,False,construction_slack,ac0df39c16248f9311f774e8a1ce6fd9cfc644fada1e8617f0e4268db4967807
RC205,solomon_txt,c061d306cf42310b0f3ca15612089f6c5a8d5604c0733bf26852477c787662c9,2,1,ok,True,5,2053381,2053.381,0.181695,0.500578,0,time_limit,solomon_exact_1000_v1,missing,,,,,0.5,,100,2,25,fb89464a08a8315316a993462b898339a1874a83f2825c9a1b6ff87072390d28,False,construction_slack,ac0df39c16248f9311f774e8a1ce6fd9cfc644fada1e8617f0e4268db4967807
RC206,solomon_txt,5203aecf67c84df49e152645312a837ffefde529314ff892ca061538816e43a9,0,1,ok,True,4,2080287,2080.287,0.248552,0.500542,0,time_limit,solomon_exact_1000_v1,missing,,,,,0.5,,100,2,25,fb89464a08a8315316a993462b898339a1874a83f2825c9a1b6ff87072390d28,False,construction_slack,ac0df39c16248f9311f774e8a1ce6fd9cfc644fada1e8617f0e4268db4967807
RC206,solomon_txt,5203aecf67c84df49e152645312a837ffefde529314ff892ca061538816e43a9,1,1,ok,True,4,1771858,1771.858,0.196778,0.500692,0,time_limit,solomon_exact_1000_v1,missing,,,,,0.5,,100,2,25,fb89464a08a8315316a993462b898339a1874a83f2825c9a1b6ff87072390d28,False,construction_slack,ac0df39c16248f9311f774e8a1ce6fd9cfc644fada1e8617f0e4268db4967807
RC206,solomon_txt,5203aecf67c84df49e152645312a837ffefde529314ff892ca061538816e43a9,2,1,ok,True,4,1732495,1732.495,0.200596,0.500874,0,time_limit,solomon_exact_1000_v1,missing,,,,,0.5,,100,2,25,fb89464a08a8315316a993462b898339a1874a83f2825c9a1b6ff87072390d28,False,construction_slack,ac0df39c16248f9311f774e8a1ce6fd9cfc644fada1e8617f0e4268db4967807
RC207,solomon_txt,5cab65f99b350cdb8fb1c4d0a12dde85eb4ff6a6d6daf292b182cb73de9a8b63,0,1,ok,True,4,1960010,1960.01,0.240163,0.500813,0,time_limit,solomon_exact_1000_v1,missing,,,,,0.5,,100,2,25,fb89464a08a8315316a993462b898339a1874a83f2825c9a1b6ff87072390d28,False,construction_slack,ac0df39c16248f9311f774e8a1ce6fd9cfc644fada1e8617f0e4268db4967807
RC207,solomon_txt,5cab65f99b350cdb8fb1c4d0a12dde85eb4ff6a6d6daf292b182cb73de9a8b63,1,1,ok,True,4,1960010,1960.01,0.243965,0.500563,0,time_limit,solomon_exact_1000_v1,missing,,,,,0.5,,100,2,25,fb89464a08a8315316a993462b898339a1874a83f2825c9a1b6ff87072390d28,False,construction_slack,ac0df39c16248f9311f774e8a1ce6fd9cfc644fada1e8617f0e4268db4967807
RC207,solomon_txt,5cab65f99b350cdb8fb1c4d0a12dde85eb4ff6a6d6daf292b182cb73de9a8b63,2,1,ok,True,4,1960010,1960.01,0.235977,0.500764,0,time_limit,solomon_exact_1000_v1,missing,,,,,0.5,,100,2,25,fb89464a08a8315316a993462b898339a1874a83f2825c9a1b6ff87072390d28,False,construction_slack,ac0df39c16248f9311f774e8a1ce6fd9cfc644fada1e8617f0e4268db4967807
RC208,solomon_txt,3d67d2a8e2758a324643f5d6c6ca87e8c56435273eaa04be33f213bb991f1f28,0,1,ok,True,3,1373172,1373.172,0.244294,0.500539,0,time_limit,solomon_exact_1000_v1,missing,,,,,0.5,,100,2,25,fb89464a08a8315316a993462b898339a1874a83f2825c9a1b6ff87072390d28,False,construction_slack,ac0df39c16248f9311f774e8a1ce6fd9cfc644fada1e8617f0e4268db4967807
RC208,solomon_txt,3d67d2a8e2758a324643f5d6c6ca87e8c56435273eaa04be33f213bb991f1f28,1,1,ok,True,4,1995239,1995.239,0.265931,0.500557,0,time_limit,solomon_exact_1000_v1,missing,,,,,0.5,,100,2,25,fb89464a08a8315316a993462b898339a1874a83f2825c9a1b6ff87072390d28,False,construction_slack,ac0df39c16248f9311f774e8a1ce6fd9cfc644fada1e8617f0e4268db4967807
RC208,solomon_txt,3d67d2a8e2758a324643f5d6c6ca87e8c56435273eaa04be33f213bb991f1f28,2,1,ok,True,4,1995239,1995.239,0.242327,0.500555,0,time_limit,solomon_exact_1000_v1,missing,,,,,0.5,,100,2,25,fb89464a08a8315316a993462b898339a1874a83f2825c9a1b6ff87072390d28,False,construction_slack,ac0df39c16248f9311f774e8a1ce6fd9cfc644fada1e8617f0e4268db4967807
