instance,input_format,input_sha256,seed,threads,status,feasible,vehicles,distance_ticks,distance,first_feasible_seconds,runtime_seconds,iterations,stop_reason,numeric_rule,reference_status,reference_vehicles,reference_distance,distance_gap_percent,error,time_limit_seconds,max_iterations,fleet_attempts_per_k,max_moves,vehicle_limit,code_sha256,diagnostics_enabled,variant,config_sha256
C101,solomon_txt,a6da75152d182d60ecd2c6f854296f5be452f92282d096adebcf5d99a7f16516,0,1,ok,True,11,1015038,1015.038,0.069419,0.500409,0,time_limit,solomon_exact_1000_v1,missing,,,,,0.5,,100,2,25,bcdbfecac731779090e3a398702ae4d335968003d643f03bf90430cd1a9ec707,False,baseline,94584996df0a3595e0aecc2e477200b9fac89aecf145f121af818315d48d5bd7
C101,solomon_txt,a6da75152d182d60ecd2c6f854296f5be452f92282d096adebcf5d99a7f16516,1,1,ok,True,10,828937,828.937,0.069869,0.500494,1,time_limit,solomon_exact_1000_v1,missing,,,,,0.5,,100,2,25,bcdbfecac731779090e3a398702ae4d335968003d643f03bf90430cd1a9ec707,False,baseline,94584996df0a3595e0aecc2e477200b9fac89aecf145f121af818315d48d5bd7
C101,solomon_txt,a6da75152d182d60ecd2c6f854296f5be452f92282d096adebcf5d99a7f16516,2,1,ok,True,10,828937,828.937,0.07084,0.500445,1,time_limit,solomon_exact_1000_v1,missing,,,,,0.5,,100,2,25,bcdbfecac731779090e3a398702ae4d335968003d643f03bf90430cd1a9ec707,False,baseline,94584996df0a3595e0aecc2e477200b9fac89aecf145f121af818315d48d5bd7
C102,solomon_txt,f89a0e2a760cc7448a4ca72b88e5b29b94d64b5548f3320f42a6230025ead653,0,1,ok,True,10,1258253,1258.253,0.073166,0.500496,2,time_limit,solomon_exact_1000_v1,missing,,,,,0.5,,100,2,25,bcdbfecac731779090e3a398702ae4d335968003d643f03bf90430cd1a9ec707,False,baseline,94584996df0a3595e0aecc2e477200b9fac89aecf145f121af818315d48d5bd7
C102,solomon_txt,f89a0e2a760cc7448a4ca72b88e5b29b94d64b5548f3320f42a6230025ead653,1,1,ok,True,10,1187893,1187.893,0.076812,0.500477,4,time_limit,solomon_exact_1000_v1,missing,,,,,0.5,,100,2,25,bcdbfecac731779090e3a398702ae4d335968003d643f03bf90430cd1a9ec707,False,baseline,94584996df0a3595e0aecc2e477200b9fac89aecf145f121af818315d48d5bd7
C102,solomon_txt,f89a0e2a760cc7448a4ca72b88e5b29b94d64b5548f3320f42a6230025ead653,2,1,ok,True,10,1258253,1258.253,0.077316,0.500439,2,time_limit,solomon_exact_1000_v1,missing,,,,,0.5,,100,2,25,bcdbfecac731779090e3a398702ae4d335968003d643f03bf90430cd1a9ec707,False,baseline,94584996df0a3595e0aecc2e477200b9fac89aecf145f121af818315d48d5bd7
C103,solomon_txt,a55cabf15e0da9d65696a5fb45c9852889479893f76f772a428ca15d1b415a51,0,1,ok,True,10,1809960,1809.96,0.082123,0.500474,2,time_limit,solomon_exact_1000_v1,missing,,,,,0.5,,100,2,25,bcdbfecac731779090e3a398702ae4d335968003d643f03bf90430cd1a9ec707,False,baseline,94584996df0a3595e0aecc2e477200b9fac89aecf145f121af818315d48d5bd7
C103,solomon_txt,a55cabf15e0da9d65696a5fb45c9852889479893f76f772a428ca15d1b415a51,1,1,ok,True,10,1812148,1812.148,0.087685,0.500484,5,time_limit,solomon_exact_1000_v1,missing,,,,,0.5,,100,2,25,bcdbfecac731779090e3a398702ae4d335968003d643f03bf90430cd1a9ec707,False,baseline,94584996df0a3595e0aecc2e477200b9fac89aecf145f121af818315d48d5bd7
C103,solomon_txt,a55cabf15e0da9d65696a5fb45c9852889479893f76f772a428ca15d1b415a51,2,1,ok,True,10,1821945,1821.945,0.080499,0.500454,4,time_limit,solomon_exact_1000_v1,missing,,,,,0.5,,100,2,25,bcdbfecac731779090e3a398702ae4d335968003d643f03bf90430cd1a9ec707,False,baseline,94584996df0a3595e0aecc2e477200b9fac89aecf145f121af818315d48d5bd7
C104,solomon_txt,fe333e81625ee5a75bb2ce98c2c9f356d07289237865b62a23ba2f32f0de5ee2,0,1,ok,True,10,1832644,1832.644,0.081906,0.50046,4,time_limit,solomon_exact_1000_v1,missing,,,,,0.5,,100,2,25,bcdbfecac731779090e3a398702ae4d335968003d643f03bf90430cd1a9ec707,False,baseline,94584996df0a3595e0aecc2e477200b9fac89aecf145f121af818315d48d5bd7
C104,solomon_txt,fe333e81625ee5a75bb2ce98c2c9f356d07289237865b62a23ba2f32f0de5ee2,1,1,ok,True,10,1948625,1948.625,0.083646,0.500433,3,time_limit,solomon_exact_1000_v1,missing,,,,,0.5,,100,2,25,bcdbfecac731779090e3a398702ae4d335968003d643f03bf90430cd1a9ec707,False,baseline,94584996df0a3595e0aecc2e477200b9fac89aecf145f121af818315d48d5bd7
C104,solomon_txt,fe333e81625ee5a75bb2ce98c2c9f356d07289237865b62a23ba2f32f0de5ee2,2,1,ok,True,10,1870030,1870.03,0.086053,0.500435,4,time_limit,solomon_exact_1000_v1,missing,,,,,0.5,,100,2,25,bcdbfecac731779090e3a398702ae4d335968003d643f03bf90430cd1a9ec707,False,baseline,94584996df0a3595e0aecc2e477200b9fac89aecf145f121af818315d48d5bd7
C105,solomon_txt,9a877a3a6fb922e7ad9297cc0308bc8a5652cb1495a0228ee6b81b2d938aa29f,0,1,ok,True,11,1244285,1244.285,0.069835,0.500772,0,time_limit,solomon_exact_1000_v1,missing,,,,,0.5,,100,2,25,bcdbfecac731779090e3a398702ae4d335968003d643f03bf90430cd1a9ec707,False,baseline,94584996df0a3595e0aecc2e477200b9fac89aecf145f121af818315d48d5bd7
C105,solomon_txt,9a877a3a6fb922e7ad9297cc0308bc8a5652cb1495a0228ee6b81b2d938aa29f,1,1,ok,True,10,1039051,1039.051,0.070225,0.500446,1,time_limit,solomon_exact_1000_v1,missing,,,,,0.5,,100,2,25,bcdbfecac731779090e3a398702ae4d335968003d643f03bf90430cd1a9ec707,False,baseline,94584996df0a3595e0aecc2e477200b9fac89aecf145f121af818315d48d5bd7
C105,solomon_txt,9a877a3a6fb922e7ad9297cc0308bc8a5652cb1495a0228ee6b81b2d938aa29f,2,1,ok,True,10,1066901,1066.901,0.074284,0.500434,1,time_limit,solomon_exact_1000_v1,missing,,,,,0.5,,100,2,25,bcdbfecac731779090e3a398702ae4d335968003d643f03bf90430cd1a9ec707,False,baseline,94584996df0a3595e0aecc2e477200b9fac89aecf145f121af818315d48d5bd7
C106,solomon_txt,ec9b419bed53e9c607cce76e8c6bc59feb6e4d17646905601f008a4141ec7b40,0,1,ok,True,11,1084360,1084.36,0.066071,0.500436,0,time_limit,solomon_exact_1000_v1,missing,,,,,0.5,,100,2,25,bcdbfecac731779090e3a398702ae4d335968003d643f03bf90430cd1a9ec707,False,baseline,94584996df0a3595e0aecc2e477200b9fac89aecf145f121af818315d48d5bd7
C106,solomon_txt,ec9b419bed53e9c607cce76e8c6bc59feb6e4d17646905601f008a4141ec7b40,1,1,ok,True,10,1057640,1057.64,0.068186,0.500433,2,time_limit,solomon_exact_1000_v1,missing,,,,,0.5,,100,2,25,bcdbfecac731779090e3a398702ae4d335968003d643f03bf90430cd1a9ec707,False,baseline,94584996df0a3595e0aecc2e477200b9fac89aecf145f121af818315d48d5bd7
C106,solomon_txt,ec9b419bed53e9c607cce76e8c6bc59feb6e4d17646905601f008a4141ec7b40,2,1,ok,True,10,1084470,1084.47,0.07227,0.500473,1,time_limit,solomon_exact_1000_v1,missing,,,,,0.5,,100,2,25,bcdbfecac731779090e3a398702ae4d335968003d643f03bf90430cd1a9ec707,False,baseline,94584996df0a3595e0aecc2e477200b9fac89aecf145f121af818315d48d5bd7
C107,solomon_txt,cb3cdc10d812fa17370eb52cb753b6b0574426dc6fabeb8b9076ed750ddf05ca,0,1,ok,True,10,1037431,1037.431,0.073385,0.500452,1,time_limit,solomon_exact_1000_v1,missing,,,,,0.5,,100,2,25,bcdbfecac731779090e3a398702ae4d335968003d643f03bf90430cd1a9ec707,False,baseline,94584996df0a3595e0aecc2e477200b9fac89aecf145f121af818315d48d5bd7
C107,solomon_txt,cb3cdc10d812fa17370eb52cb753b6b0574426dc6fabeb8b9076ed750ddf05ca,1,1,ok,True,10,1119053,1119.053,0.072232,0.500417,1,time_limit,solomon_exact_1000_v1,missing,,,,,0.5,,100,2,25,bcdbfecac731779090e3a398702ae4d335968003d643f03bf90430cd1a9ec707,False,baseline,94584996df0a3595e0aecc2e477200b9fac89aecf145f121af818315d48d5bd7
C107,solomon_txt,cb3cdc10d812fa17370eb52cb753b6b0574426dc6fabeb8b9076ed750ddf05ca,2,1,ok,True,10,1087988,1087.988,0.073892,0.500454,1,time_limit,solomon_exact_1000_v1,missing,,,,,0.5,,100,2,25,bcdbfecac731779090e3a398702ae4d335968003d643f03bf90430cd1a9ec707,False,baseline,94584996df0a3595e0aecc2e477200b9fac89aecf145f121af818315d48d5bd7
C108,solomon_txt,b8c7e48f292b66b283d8e71511e3a4eccaa4c4bc66b9313c399e73b0226f5953,0,1,ok,True,10,1310760,1310.76,0.069947,0.500459,1,time_limit,solomon_exact_1000_v1,missing,,,,,0.5,,100,2,25,bcdbfecac731779090e3a398702ae4d335968003d643f03bf90430cd1a9ec707,False,baseline,94584996df0a3595e0aecc2e477200b9fac89aecf145f121af818315d48d5bd7
C108,solomon_txt,b8c7e48f292b66b283d8e71511e3a4eccaa4c4bc66b9313c399e73b0226f5953,1,1,ok,True,10,1562897,1562.897,0.072937,0.500477,2,time_limit,solomon_exact_1000_v1,missing,,,,,0.5,,100,2,25,bcdbfecac731779090e3a398702ae4d335968003d643f03bf90430cd1a9ec707,False,baseline,94584996df0a3595e0aecc2e477200b9fac89aecf145f121af818315d48d5bd7
C108,solomon_txt,b8c7e48f292b66b283d8e71511e3a4eccaa4c4bc66b9313c399e73b0226f5953,2,1,ok,True,10,1413548,1413.548,0.072987,0.500467,3,time_limit,solomon_exact_1000_v1,missing,,,,,0.5,,100,2,25,bcdbfecac731779090e3a398702ae4d335968003d643f03bf90430cd1a9ec707,False,baseline,94584996df0a3595e0aecc2e477200b9fac89aecf145f121af818315d48d5bd7
C109,solomon_txt,72d8489e14bf1bb18456f0b21b01110506cbcc2354719dae8481b480150f142a,0,1,ok,True,10,1664883,1664.883,0.080033,0.500594,4,time_limit,solomon_exact_1000_v1,missing,,,,,0.5,,100,2,25,bcdbfecac731779090e3a398702ae4d335968003d643f03bf90430cd1a9ec707,False,baseline,94584996df0a3595e0aecc2e477200b9fac89aecf145f121af818315d48d5bd7
C109,solomon_txt,72d8489e14bf1bb18456f0b21b01110506cbcc2354719dae8481b480150f142a,1,1,ok,True,10,1609856,1609.856,0.078975,0.500426,5,time_limit,solomon_exact_1000_v1,missing,,,,,0.5,,100,2,25,bcdbfecac731779090e3a398702ae4d335968003d643f03bf90430cd1a9ec707,False,baseline,94584996df0a3595e0aecc2e477200b9fac89aecf145f121af818315d48d5bd7
C109,solomon_txt,72d8489e14bf1bb18456f0b21b01110506cbcc2354719dae8481b480150f142a,2,1,ok,True,10,1663345,1663.345,0.079268,0.500478,3,time_limit,solomon_exact_1000_v1,missing,,,,,0.5,,100,2,25,bcdbfecac731779090e3a398702ae4d335968003d643f03bf90430cd1a9ec707,False,baseline,94584996df0a3595e0aecc2e477200b9fac89aecf145f121af818315d48d5bd7
C201,solomon_txt,d8d9834087ae2326fa23a8510533060233dc9fb481873be60956eb26a880ad63,0,1,ok,True,3,704252,704.252,0.18825,0.500441,1,time_limit,solomon_exact_1000_v1,missing,,,,,0.5,,100,2,25,bcdbfecac731779090e3a398702ae4d335968003d643f03bf90430cd1a9ec707,False,baseline,94584996df0a3595e0aecc2e477200b9fac89aecf145f121af818315d48d5bd7
C201,solomon_txt,d8d9834087ae2326fa23a8510533060233dc9fb481873be60956eb26a880ad63,1,1,ok,True,3,704252,704.252,0.186823,0.500444,1,time_limit,solomon_exact_1000_v1,missing,,,,,0.5,,100,2,25,bcdbfecac731779090e3a398702ae4d335968003d643f03bf90430cd1a9ec707,False,baseline,94584996df0a3595e0aecc2e477200b9fac89aecf145f121af818315d48d5bd7
C201,solomon_txt,d8d9834087ae2326fa23a8510533060233dc9fb481873be60956eb26a880ad63,2,1,ok,True,3,704252,704.252,0.186741,0.500837,1,time_limit,solomon_exact_1000_v1,missing,,,,,0.5,,100,2,25,bcdbfecac731779090e3a398702ae4d335968003d643f03bf90430cd1a9ec707,False,baseline,94584996df0a3595e0aecc2e477200b9fac89aecf145f121af818315d48d5bd7
C202,solomon_txt,dfc8ecad79f6c7ffb096cd36994143569f0babe284d5ad194683271d81063772,0,1,ok,True,3,749519,749.519,0.176975,0.500421,1,time_limit,solomon_exact_1000_v1,missing,,,,,0.5,,100,2,25,bcdbfecac731779090e3a398702ae4d335968003d643f03bf90430cd1a9ec707,False,baseline,94584996df0a3595e0aecc2e477200b9fac89aecf145f121af818315d48d5bd7
C202,solomon_txt,dfc8ecad79f6c7ffb096cd36994143569f0babe284d5ad194683271d81063772,1,1,ok,True,3,746236,746.236,0.178989,0.500413,1,time_limit,solomon_exact_1000_v1,missing,,,,,0.5,,100,2,25,bcdbfecac731779090e3a398702ae4d335968003d643f03bf90430cd1a9ec707,False,baseline,94584996df0a3595e0aecc2e477200b9fac89aecf145f121af818315d48d5bd7
C202,solomon_txt,dfc8ecad79f6c7ffb096cd36994143569f0babe284d5ad194683271d81063772,2,1,ok,True,3,746236,746.236,0.176035,0.500602,1,time_limit,solomon_exact_1000_v1,missing,,,,,0.5,,100,2,25,bcdbfecac731779090e3a398702ae4d335968003d643f03bf90430cd1a9ec707,False,baseline,94584996df0a3595e0aecc2e477200b9fac89aecf145f121af818315d48d5bd7
C203,solomon_txt,2b79eea2962a848cb29f6153d4fb4ae725d35507686d937da6643b33fcd85062,0,1,ok,True,3,681508,681.508,0.174679,0.500416,1,time_limit,solomon_exact_1000_v1,missing,,,,,0.5,,100,2,25,bcdbfecac731779090e3a398702ae4d335968003d643f03bf90430cd1a9ec707,False,baseline,94584996df0a3595e0aecc2e477200b9fac89aecf145f121af818315d48d5bd7
C203,solomon_txt,2b79eea2962a848cb29f6153d4fb4ae725d35507686d937da6643b33fcd85062,1,1,ok,True,3,753894,753.894,0.1692,0.500443,2,time_limit,solomon_exact_1000_v1,missing,,,,,0.5,,100,2,25,bcdbfecac731779090e3a398702ae4d335968003d643f03bf90430cd1a9ec707,False,baseline,94584996df0a3595e0aecc2e477200b9fac89aecf145f121af818315d48d5bd7
C203,solomon_txt,2b79eea2962a848cb29f6153d4fb4ae725d35507686d937da6643b33fcd85062,2,1,ok,True,3,694744,694.744,0.182274,0.500538,1,time_limit,solomon_exact_1000_v1,missing,,,,,0.5,,100,2,25,bcdbfecac731779090e3a398702ae4d335968003d643f03bf90430cd1a9ec707,False,baseline,94584996df0a3595e0aecc2e477200b9fac89aecf145f121af818315d48d5bd7
C204,solomon_txt,4331b2744d34e32c2987e3fe8a82b782a2039d757d2aac818f7e0fd21117bfb4,0,1,ok,True,3,947934,947.934,0.192341,0.5005,1,time_limit,solomon_exact_1000_v1,missing,,,,,0.5,,100,2,25,bcdbfecac731779090e3a398702ae4d335968003d643f03bf90430cd1a9ec707,False,baseline,94584996df0a3595e0aecc2e477200b9fac89aecf145f121af818315d48d5bd7
C204,solomon_txt,4331b2744d34e32c2987e3fe8a82b782a2039d757d2aac818f7e0fd21117bfb4,1,1,ok,True,3,780549,780.549,0.202412,0.500455,1,time_limit,solomon_exact_1000_v1,missing,,,,,0.5,,100,2,25,bcdbfecac731779090e3a398702ae4d335968003d643f03bf90430cd1a9ec707,False,baseline,94584996df0a3595e0aecc2e477200b9fac89aecf145f121af818315d48d5bd7
C204,solomon_txt,4331b2744d34e32c2987e3fe8a82b782a2039d757d2aac818f7e0fd21117bfb4,2,1,ok,True,3,743140,743.14,0.185152,0.500478,1,time_limit,solomon_exact_1000_v1,missing,,,,,0.5,,100,2,25,bcdbfecac731779090e3a398702ae4d335968003d643f03bf90430cd1a9ec707,False,baseline,94584996df0a3595e0aecc2e477200b9fac89aecf145f121af818315d48d5bd7
C205,solomon_txt,15be2bb8c3e4ad99a79d1e7ee0472223feb95a4f423d010e032bda0a87266ca5,0,1,ok,True,3,786435,786.435,0.164541,0.500201,2,time_limit,solomon_exact_1000_v1,missing,,,,,0.5,,100,2,25,bcdbfecac731779090e3a398702ae4d335968003d643f03bf90430cd1a9ec707,False,baseline,94584996df0a3595e0aecc2e477200b9fac89aecf145f121af818315d48d5bd7
C205,solomon_txt,15be2bb8c3e4ad99a79d1e7ee0472223feb95a4f423d010e032bda0a87266ca5,1,1,ok,True,3,790996,790.996,0.175046,0.500571,1,time_limit,solomon_exact_1000_v1,missing,,,,,0.5,,100,2,25,bcdbfecac731779090e3a398702ae4d335968003d643f03bf90430cd1a9ec707,False,baseline,94584996df0a3595e0aecc2e477200b9fac89aecf145f121af818315d48d5bd7
C205,solomon_txt,15be2bb8c3e4ad99a79d1e7ee0472223feb95a4f423d010e032bda0a87266ca5,2,1,ok,True,3,743690,743.69,0.164409,0.500522,2,time_limit,solomon_exact_1000_v1,missing,,,,,0.5,,100,2,25,bcdbfecac731779090e3a398702ae4d335968003d643f03bf90430cd1a9ec707,False,baseline,94584996df0a3595e0aecc2e477200b9fac89aecf145f121af818315d48d5bd7
C206,solomon_txt,745b6c7042707ffbbfc4d681ee02a84431425f1dfb3c8aa85ecf003fec8f7e53,0,1,ok,True,3,697572,697.572,0.181437,0.50024,1,time_limit,solomon_exact_1000_v1,missing,,,,,0.5,,100,2,25,bcdbfecac731779090e3a398702ae4d335968003d643f03bf90430cd1a9ec707,False,baseline,94584996df0a3595e0aecc2e477200b9fac89aecf145f121af818315d48d5bd7
C206,solomon_txt,745b6c7042707ffbbfc4d681ee02a84431425f1dfb3c8aa85ecf003fec8f7e53,1,1,ok,True,3,958300,958.3,0.18985,0.50044,1,time_limit,solomon_exact_1000_v1,missing,,,,,0.5,,100,2,25,bcdbfecac731779090e3a398702ae4d335968003d643f03bf90430cd1a9ec707,False,baseline,94584996df0a3595e0aecc2e477200b9fac89aecf145f121af818315d48d5bd7
C206,solomon_txt,745b6c7042707ffbbfc4d681ee02a84431425f1dfb3c8aa85ecf003fec8f7e53,2,1,ok,True,3,741640,741.64,0.182731,0.500484,2,time_limit,solomon_exact_1000_v1,missing,,,,,0.5,,100,2,25,bcdbfecac731779090e3a398702ae4d335968003d643f03bf90430cd1a9ec707,False,baseline,94584996df0a3595e0aecc2e477200b9fac89aecf145f121af818315d48d5bd7
C207,solomon_txt,a33f03570a944c8a6d185fd6a173e66c68e67c399a4958b2d5b6d49533ace4a4,0,1,ok,True,3,902449,902.449,0.186856,0.500541,2,time_limit,solomon_exact_1000_v1,missing,,,,,0.5,,100,2,25,bcdbfecac731779090e3a398702ae4d335968003d643f03bf90430cd1a9ec707,False,baseline,94584996df0a3595e0aecc2e477200b9fac89aecf145f121af818315d48d5bd7
C207,solomon_txt,a33f03570a944c8a6d185fd6a173e66c68e67c399a4958b2d5b6d49533ace4a4,1,1,ok,True,3,849659,849.659,0.186876,0.500496,2,time_limit,solomon_exact_1000_v1,missing,,,,,0.5,,100,2,25,bcdbfecac731779090e3a398702ae4d335968003d643f03bf90430cd1a9ec707,False,baseline,94584996df0a3595e0aecc2e477200b9fac89aecf145f121af818315d48d5bd7
C207,solomon_txt,a33f03570a944c8a6d185fd6a173e66c68e67c399a4958b2d5b6d49533ace4a4,2,1,ok,True,3,661621,661.621,0.180298,0.500453,2,time_limit,solomon_exact_1000_v1,missing,,,,,0.5,,100,2,25,bcdbfecac731779090e3a398702ae4d335968003d643f03bf90430cd1a9ec707,False,baseline,94584996df0a3595e0aecc2e477200b9fac89aecf145f121af818315d48d5bd7
C208,solomon_txt,1c2f2381b8743680dbeb34322869cbf5a6cdd8c281f4bcffdb99b533e601874b,0,1,ok,True,4,957831,957.831,0.186456,0.500444,0,time_limit,solomon_exact_1000_v1,missing,,,,,0.5,,100,2,25,bcdbfecac731779090e3a398702ae4d335968003d643f03bf90430cd1a9ec707,False,baseline,94584996df0a3595e0aecc2e477200b9fac89aecf145f121af818315d48d5bd7
C208,solomon_txt,1c2f2381b8743680dbeb34322869cbf5a6cdd8c281f4bcffdb99b533e601874b,1,1,ok,True,4,957831,957.831,0.187008,0.500447,0,time_limit,solomon_exact_1000_v1,missing,,,,,0.5,,100,2,25,bcdbfecac731779090e3a398702ae4d335968003d643f03bf90430cd1a9ec707,False,baseline,94584996df0a3595e0aecc2e477200b9fac89aecf145f121af818315d48d5bd7
C208,solomon_txt,1c2f2381b8743680dbeb34322869cbf5a6cdd8c281f4bcffdb99b533e601874b,2,1,ok,True,3,739694,739.694,0.186956,0.500301,2,time_limit,solomon_exact_1000_v1,missing,,,,,0.5,,100,2,25,bcdbfecac731779090e3a398702ae4d335968003d643f03bf90430cd1a9ec707,False,baseline,94584996df0a3595e0aecc2e477200b9fac89aecf145f121af818315d48d5bd7
R101,solomon_txt,3f3655182bc0fe44ce5de65fdcd2ee2f9c7fb9ed055f923635151d9d6f76d3ed,0,1,ok,True,22,1914025,1914.025,0.055633,0.500466,0,time_limit,solomon_exact_1000_v1,missing,,,,,0.5,,100,2,25,bcdbfecac731779090e3a398702ae4d335968003d643f03bf90430cd1a9ec707,False,baseline,94584996df0a3595e0aecc2e477200b9fac89aecf145f121af818315d48d5bd7
R101,solomon_txt,3f3655182bc0fe44ce5de65fdcd2ee2f9c7fb9ed055f923635151d9d6f76d3ed,1,1,ok,True,21,1948827,1948.827,0.053375,0.500478,0,time_limit,solomon_exact_1000_v1,missing,,,,,0.5,,100,2,25,bcdbfecac731779090e3a398702ae4d335968003d643f03bf90430cd1a9ec707,False,baseline,94584996df0a3595e0aecc2e477200b9fac89aecf145f121af818315d48d5bd7
R101,solomon_txt,3f3655182bc0fe44ce5de65fdcd2ee2f9c7fb9ed055f923635151d9d6f76d3ed,2,1,ok,True,22,1939166,1939.166,0.053915,0.50048,0,time_limit,solomon_exact_1000_v1,missing,,,,,0.5,,100,2,25,bcdbfecac731779090e3a398702ae4d335968003d643f03bf90430cd1a9ec707,False,baseline,94584996df0a3595e0aecc2e477200b9fac89aecf145f121af818315d48d5bd7
R102,solomon_txt,eeb23171b7e4fbfc80bf000ca770329109900fbd7273fa8b9d1f95b7dfe683c3,0,1,ok,True,19,1803088,1803.088,0.057971,0.500454,0,time_limit,solomon_exact_1000_v1,missing,,,,,0.5,,100,2,25,bcdbfecac731779090e3a398702ae4d335968003d643f03bf90430cd1a9ec707,False,baseline,94584996df0a3595e0aecc2e477200b9fac89aecf145f121af818315d48d5bd7
R102,solomon_txt,eeb23171b7e4fbfc80bf000ca770329109900fbd7273fa8b9d1f95b7dfe683c3,1,1,ok,True,19,1744933,1744.933,0.057314,0.500598,0,time_limit,solomon_exact_1000_v1,missing,,,,,0.5,,100,2,25,bcdbfecac731779090e3a398702ae4d335968003d643f03bf90430cd1a9ec707,False,baseline,94584996df0a3595e0aecc2e477200b9fac89aecf145f121af818315d48d5bd7
R102,solomon_txt,eeb23171b7e4fbfc80bf000ca770329109900fbd7273fa8b9d1f95b7dfe683c3,2,1,ok,True,19,1765826,1765.826,0.058791,0.500481,0,time_limit,solomon_exact_1000_v1,missing,,,,,0.5,,100,2,25,bcdbfecac731779090e3a398702ae4d335968003d643f03bf90430cd1a9ec707,False,baseline,94584996df0a3595e0aecc2e477200b9fac89aecf145f121af818315d48d5bd7
R103,solomon_txt,1f833e8648ba39e0edc76754fb49e81777a7175cf7b084c3f60a12607bfb3991,0,1,ok,True,14,1546015,1546.015,0.064942,0.500448,0,time_limit,solomon_exact_1000_v1,missing,,,,,0.5,,100,2,25,bcdbfecac731779090e3a398702ae4d335968003d643f03bf90430cd1a9ec707,False,baseline,94584996df0a3595e0aecc2e477200b9fac89aecf145f121af818315d48d5bd7
R103,solomon_txt,1f833e8648ba39e0edc76754fb49e81777a7175cf7b084c3f60a12607bfb3991,1,1,ok,True,14,1546015,1546.015,0.074789,0.500475,0,time_limit,solomon_exact_1000_v1,missing,,,,,0.5,,100,2,25,bcdbfecac731779090e3a398702ae4d335968003d643f03bf90430cd1a9ec707,False,baseline,94584996df0a3595e0aecc2e477200b9fac89aecf145f121af818315d48d5bd7
R103,solomon_txt,1f833e8648ba39e0edc76754fb49e81777a7175cf7b084c3f60a12607bfb3991,2,1,ok,True,14,1546015,1546.015,0.071434,0.500463,0,time_limit,solomon_exact_1000_v1,missing,,,,,0.5,,100,2,25,bcdbfecac731779090e3a398702ae4d335968003d643f03bf90430cd1a9ec707,False,baseline,94584996df0a3595e0aecc2e477200b9fac89aecf145f121af818315d48d5bd7
R104,solomon_txt,dd087124311d91facd81736debbfc7d0f351d27942917e2d76cbafd01e6183b7,0,1,ok,True,11,1380992,1380.992,0.076498,0.500454,0,time_limit,solomon_exact_1000_v1,missing,,,,,0.5,,100,2,25,bcdbfecac731779090e3a398702ae4d335968003d643f03bf90430cd1a9ec707,False,baseline,94584996df0a3595e0aecc2e477200b9fac89aecf145f121af818315d48d5bd7
R104,solomon_txt,dd087124311d91facd81736debbfc7d0f351d27942917e2d76cbafd01e6183b7,1,1,ok,True,11,1241810,1241.81,0.077258,0.500451,0,time_limit,solomon_exact_1000_v1,missing,,,,,0.5,,100,2,25,bcdbfecac731779090e3a398702ae4d335968003d643f03bf90430cd1a9ec707,False,baseline,94584996df0a3595e0aecc2e477200b9fac89aecf145f121af818315d48d5bd7
R104,solomon_txt,dd087124311d91facd81736debbfc7d0f351d27942917e2d76cbafd01e6183b7,2,1,ok,True,11,1321819,1321.819,0.086766,0.500468,0,time_limit,solomon_exact_1000_v1,missing,,,,,0.5,,100,2,25,bcdbfecac731779090e3a398702ae4d335968003d643f03bf90430cd1a9ec707,False,baseline,94584996df0a3595e0aecc2e477200b9fac89aecf145f121af818315d48d5bd7
R105,solomon_txt,ff1a614f8458d6339b3f54d8e4ca2dcf0a35c96012f477f6a819ae481de85ca4,0,1,ok,True,17,1734216,1734.216,0.059577,0.50046,0,time_limit,solomon_exact_1000_v1,missing,,,,,0.5,,100,2,25,bcdbfecac731779090e3a398702ae4d335968003d643f03bf90430cd1a9ec707,False,baseline,94584996df0a3595e0aecc2e477200b9fac89aecf145f121af818315d48d5bd7
R105,solomon_txt,ff1a614f8458d6339b3f54d8e4ca2dcf0a35c96012f477f6a819ae481de85ca4,1,1,ok,True,17,1683209,1683.209,0.058348,0.500462,0,time_limit,solomon_exact_1000_v1,missing,,,,,0.5,,100,2,25,bcdbfecac731779090e3a398702ae4d335968003d643f03bf90430cd1a9ec707,False,baseline,94584996df0a3595e0aecc2e477200b9fac89aecf145f121af818315d48d5bd7
R105,solomon_txt,ff1a614f8458d6339b3f54d8e4ca2dcf0a35c96012f477f6a819ae481de85ca4,2,1,ok,True,17,1834998,1834.998,0.059571,0.500516,0,time_limit,solomon_exact_1000_v1,missing,,,,,0.5,,100,2,25,bcdbfecac731779090e3a398702ae4d335968003d643f03bf90430cd1a9ec707,False,baseline,94584996df0a3595e0aecc2e477200b9fac89aecf145f121af818315d48d5bd7
R106,solomon_txt,31b8783d177f0fbe1c84b8f085fbf28b1989a80e4c00f49f5654ebef99835e97,0,1,ok,True,14,1545086,1545.086,0.065589,0.50048,0,time_limit,solomon_exact_1000_v1,missing,,,,,0.5,,100,2,25,bcdbfecac731779090e3a398702ae4d335968003d643f03bf90430cd1a9ec707,False,baseline,94584996df0a3595e0aecc2e477200b9fac89aecf145f121af818315d48d5bd7
R106,solomon_txt,31b8783d177f0fbe1c84b8f085fbf28b1989a80e4c00f49f5654ebef99835e97,1,1,ok,True,15,1572430,1572.43,0.063395,0.500452,0,time_limit,solomon_exact_1000_v1,missing,,,,,0.5,,100,2,25,bcdbfecac731779090e3a398702ae4d335968003d643f03bf90430cd1a9ec707,False,baseline,94584996df0a3595e0aecc2e477200b9fac89aecf145f121af818315d48d5bd7
R106,solomon_txt,31b8783d177f0fbe1c84b8f085fbf28b1989a80e4c00f49f5654ebef99835e97,2,1,ok,True,14,1559373,1559.373,0.060123,0.500446,0,time_limit,solomon_exact_1000_v1,missing,,,,,0.5,,100,2,25,bcdbfecac731779090e3a398702ae4d335968003d643f03bf90430cd1a9ec707,False,baseline,94584996df0a3595e0aecc2e477200b9fac89aecf145f121af818315d48d5bd7
R107,solomon_txt,dba2b257a1d43d7c78d5e3a9f09091a2b125d3fbec78c0c8a1782add669a1275,0,1,ok,True,13,1331890,1331.89,0.069926,0.500441,0,time_limit,solomon_exact_1000_v1,missing,,,,,0.5,,100,2,25,bcdbfecac731779090e3a398702ae4d335968003d643f03bf90430cd1a9ec707,False,baseline,94584996df0a3595e0aecc2e477200b9fac89aecf145f121af818315d48d5bd7
R107,solomon_txt,dba2b257a1d43d7c78d5e3a9f09091a2b125d3fbec78c0c8a1782add669a1275,1,1,ok,True,12,1525686,1525.686,0.068732,0.500439,0,time_limit,solomon_exact_1000_v1,missing,,,,,0.5,,100,2,25,bcdbfecac731779090e3a398702ae4d335968003d643f03bf90430cd1a9ec707,False,baseline,94584996df0a3595e0aecc2e477200b9fac89aecf145f121af818315d48d5bd7
R107,solomon_txt,dba2b257a1d43d7c78d5e3a9f09091a2b125d3fbec78c0c8a1782add669a1275,2,1,ok,True,12,1486083,1486.083,0.0726,0.500455,0,time_limit,solomon_exact_1000_v1,missing,,,,,0.5,,100,2,25,bcdbfecac731779090e3a398702ae4d335968003d643f03bf90430cd1a9ec707,False,baseline,94584996df0a3595e0aecc2e477200b9fac89aecf145f121af818315d48d5bd7
R108,solomon_txt,65cae09f4099b7e70d2b723e0e3a30aa1494c75a367bb894a3fd13241ee639d4,0,1,ok,True,11,1315436,1315.436,0.075755,0.500433,0,time_limit,solomon_exact_1000_v1,missing,,,,,0.5,,100,2,25,bcdbfecac731779090e3a398702ae4d335968003d643f03bf90430cd1a9ec707,False,baseline,94584996df0a3595e0aecc2e477200b9fac89aecf145f121af818315d48d5bd7
R108,solomon_txt,65cae09f4099b7e70d2b723e0e3a30aa1494c75a367bb894a3fd13241ee639d4,1,1,ok,True,11,1274109,1274.109,0.074833,0.500453,0,time_limit,solomon_exact_1000_v1,missing,,,,,0.5,,100,2,25,bcdbfecac731779090e3a398702ae4d335968003d643f03bf90430cd1a9ec707,False,baseline,94584996df0a3595e0aecc2e477200b9fac89aecf145f121af818315d48d5bd7
R108,solomon_txt,65cae09f4099b7e70d2b723e0e3a30aa1494c75a367bb894a3fd13241ee639d4,2,1,ok,True,11,1360850,1360.85,0.075676,0.500457,0,time_limit,solomon_exact_1000_v1,missing,,,,,0.5,,100,2,25,bcdbfecac731779090e3a398702ae4d335968003d643f03bf90430cd1a9ec707,False,baseline,94584996df0a3595e0aecc2e477200b9fac89aecf145f121af818315d48d5bd7
R109,solomon_txt,4ef24030e8c48de5f85dcd90c5739186004fc8dec87533b6467013cf996f4777,0,1,ok,True,15,1669186,1669.186,0.058432,0.500462,0,time_limit,solomon_exact_1000_v1,missing,,,,,0.5,,100,2,25,bcdbfecac731779090e3a398702ae4d335968003d643f03bf90430cd1a9ec707,False,baseline,94584996df0a3595e0aecc2e477200b9fac89aecf145f121af818315d48d5bd7
R109,solomon_txt,4ef24030e8c48de5f85dcd90c5739186004fc8dec87533b6467013cf996f4777,1,1,ok,True,14,1458883,1458.883,0.057838,0.500499,0,time_limit,solomon_exact_1000_v1,missing,,,,,0.5,,100,2,25,bcdbfecac731779090e3a398702ae4d335968003d643f03bf90430cd1a9ec707,False,baseline,94584996df0a3595e0aecc2e477200b9fac89aecf145f121af818315d48d5bd7
R109,solomon_txt,4ef24030e8c48de5f85dcd90c5739186004fc8dec87533b6467013cf996f4777,2,1,ok,True,15,1441901,1441.901,0.057934,0.500581,0,time_limit,solomon_exact_1000_v1,missing,,,,,0.5,,100,2,25,bcdbfecac731779090e3a398702ae4d335968003d643f03bf90430cd1a9ec707,False,baseline,94584996df0a3595e0aecc2e477200b9fac89aecf145f121af818315d48d5bd7
R110,solomon_txt,14cb53cb99af61d3d708f07564b9a72d146e7c26b4f10507cfaf3bc828f34bfa,0,1,ok,True,13,1463925,1463.925,0.06408,0.500415,0,time_limit,solomon_exact_1000_v1,missing,,,,,0.5,,100,2,25,bcdbfecac731779090e3a398702ae4d335968003d643f03bf90430cd1a9ec707,False,baseline,94584996df0a3595e0aecc2e477200b9fac89aecf145f121af818315d48d5bd7
R110,solomon_txt,14cb53cb99af61d3d708f07564b9a72d146e7c26b4f10507cfaf3bc828f34bfa,1,1,ok,True,14,1546498,1546.498,0.064453,0.500467,0,time_limit,solomon_exact_1000_v1,missing,,,,,0.5,,100,2,25,bcdbfecac731779090e3a398702ae4d335968003d643f03bf90430cd1a9ec707,False,baseline,94584996df0a3595e0aecc2e477200b9fac89aecf145f121af818315d48d5bd7
R110,solomon_txt,14cb53cb99af61d3d708f07564b9a72d146e7c26b4f10507cfaf3bc828f34bfa,2,1,ok,True,14,1897804,1897.804,0.065905,0.500457,0,time_limit,solomon_exact_1000_v1,missing,,,,,0.5,,100,2,25,bcdbfecac731779090e3a398702ae4d335968003d643f03bf90430cd1a9ec707,False,baseline,94584996df0a3595e0aecc2e477200b9fac89aecf145f121af818315d48d5bd7
R111,solomon_txt,3d94a73b1f2fe8aae4618b9d9ea254cff2e3924a6a841aa390096ec6c60f258d,0,1,ok,True,12,1453553,1453.553,0.068269,0.500436,0,time_limit,solomon_exact_1000_v1,missing,,,,,0.5,,100,2,25,bcdbfecac731779090e3a398702ae4d335968003d643f03bf90430cd1a9ec707,False,baseline,94584996df0a3595e0aecc2e477200b9fac89aecf145f121af818315d48d5bd7
R111,solomon_txt,3d94a73b1f2fe8aae4618b9d9ea254cff2e3924a6a841aa390096ec6c60f258d,1,1,ok,True,13,1675090,1675.09,0.068618,0.500448,0,time_limit,solomon_exact_1000_v1,missing,,,,,0.5,,100,2,25,bcdbfecac731779090e3a398702ae4d335968003d643f03bf90430cd1a9ec707,False,baseline,94584996df0a3595e0aecc2e477200b9fac89aecf145f121af818315d48d5bd7
R111,solomon_txt,3d94a73b1f2fe8aae4618b9d9ea254cff2e3924a6a841aa390096ec6c60f258d,2,1,ok,True,12,1461553,1461.553,0.070124,0.50044,0,time_limit,solomon_exact_1000_v1,missing,,,,,0.5,,100,2,25,bcdbfecac731779090e3a398702ae4d335968003d643f03bf90430cd1a9ec707,False,baseline,94584996df0a3595e0aecc2e477200b9fac89aecf145f121af818315d48d5bd7
R112,solomon_txt,a0e93149d59d30c356619891d192e86d0f16c3158e1dac3bd9f23c6deb718271,0,1,ok,True,12,1508833,1508.833,0.066718,0.500438,0,time_limit,solomon_exact_1000_v1,missing,,,,,0.5,,100,2,25,bcdbfecac731779090e3a398702ae4d335968003d643f03bf90430cd1a9ec707,False,baseline,94584996df0a3595e0aecc2e477200b9fac89aecf145f121af818315d48d5bd7
R112,solomon_txt,a0e93149d59d30c356619891d192e86d0f16c3158e1dac3bd9f23c6deb718271,1,1,ok,True,13,1430395,1430.395,0.066105,0.500451,0,time_limit,solomon_exact_1000_v1,missing,,,,,0.5,,100,2,25,bcdbfecac731779090e3a398702ae4d335968003d643f03bf90430cd1a9ec707,False,baseline,94584996df0a3595e0aecc2e477200b9fac89aecf145f121af818315d48d5bd7
R112,solomon_txt,a0e93149d59d30c356619891d192e86d0f16c3158e1dac3bd9f23c6deb718271,2,1,ok,True,13,1273526,1273.526,0.073055,0.500458,0,time_limit,solomon_exact_1000_v1,missing,,,,,0.5,,100,2,25,bcdbfecac731779090e3a398702ae4d335968003d643f03bf90430cd1a9ec707,False,baseline,94584996df0a3595e0aecc2e477200b9fac89aecf145f121af818315d48d5bd7
R201,solomon_txt,0be960ec998fff2cab0bdbcc5194c617e5ca0a79c82c5b32b1d4bd98b2cae210,0,1,ok,True,5,1726658,1726.658,0.135689,0.500437,0,time_limit,solomon_exact_1000_v1,missing,,,,,0.5,,100,2,25,bcdbfecac731779090e3a398702ae4d335968003d643f03bf90430cd1a9ec707,False,baseline,94584996df0a3595e0aecc2e477200b9fac89aecf145f121af818315d48d5bd7
R201,solomon_txt,0be960ec998fff2cab0bdbcc5194c617e5ca0a79c82c5b32b1d4bd98b2cae210,1,1,ok,True,5,1726658,1726.658,0.134052,0.500459,0,time_limit,solomon_exact_1000_v1,missing,,,,,0.5,,100,2,25,bcdbfecac731779090e3a398702ae4d335968003d643f03bf90430cd1a9ec707,False,baseline,94584996df0a3595e0aecc2e477200b9fac89aecf145f121af818315d48d5bd7
R201,solomon_txt,0be960ec998fff2cab0bdbcc5194c617e5ca0a79c82c5b32b1d4bd98b2cae210,2,1,ok,True,4,1534914,1534.914,0.137114,0.500456,0,time_limit,solomon_exact_1000_v1,missing,,,,,0.5,,100,2,25,bcdbfecac731779090e3a398702ae4d335968003d643f03bf90430cd1a9ec707,False,baseline,94584996df0a3595e0aecc2e477200b9fac89aecf145f121af818315d48d5bd7
R202,solomon_txt,1f7761bb33e9dd0c94837b32c72280296ffc283dba997379c7ad75ce00dffc8d,0,1,ok,True,4,1622244,1622.244,0.157486,0.500446,0,time_limit,solomon_exact_1000_v1,missing,,,,,0.5,,100,2,25,bcdbfecac731779090e3a398702ae4d335968003d643f03bf90430cd1a9ec707,False,baseline,94584996df0a3595e0aecc2e477200b9fac89aecf145f121af818315d48d5bd7
R202,solomon_txt,1f7761bb33e9dd0c94837b32c72280296ffc283dba997379c7ad75ce00dffc8d,1,1,ok,True,4,1622244,1622.244,0.158693,0.500425,0,time_limit,solomon_exact_1000_v1,missing,,,,,0.5,,100,2,25,bcdbfecac731779090e3a398702ae4d335968003d643f03bf90430cd1a9ec707,False,baseline,94584996df0a3595e0aecc2e477200b9fac89aecf145f121af818315d48d5bd7
R202,solomon_txt,1f7761bb33e9dd0c94837b32c72280296ffc283dba997379c7ad75ce00dffc8d,2,1,ok,True,4,1622244,1622.244,0.160009,0.500439,0,time_limit,solomon_exact_1000_v1,missing,,,,,0.5,,100,2,25,bcdbfecac731779090e3a398702ae4d335968003d643f03bf90430cd1a9ec707,False,baseline,94584996df0a3595e0aecc2e477200b9fac89aecf145f121af818315d48d5bd7
R203,solomon_txt,38c484db31bd7452a94d533e26a2348ef598df600b79d061d9ddc1c61466a731,0,1,ok,True,3,1300221,1300.221,0.167102,0.500459,0,time_limit,solomon_exact_1000_v1,missing,,,,,0.5,,100,2,25,bcdbfecac731779090e3a398702ae4d335968003d643f03bf90430cd1a9ec707,False,baseline,94584996df0a3595e0aecc2e477200b9fac89aecf145f121af818315d48d5bd7
R203,solomon_txt,38c484db31bd7452a94d533e26a2348ef598df600b79d061d9ddc1c61466a731,1,1,ok,True,3,1300221,1300.221,0.169585,0.500514,0,time_limit,solomon_exact_1000_v1,missing,,,,,0.5,,100,2,25,bcdbfecac731779090e3a398702ae4d335968003d643f03bf90430cd1a9ec707,False,baseline,94584996df0a3595e0aecc2e477200b9fac89aecf145f121af818315d48d5bd7
R203,solomon_txt,38c484db31bd7452a94d533e26a2348ef598df600b79d061d9ddc1c61466a731,2,1,ok,True,3,1300221,1300.221,0.168723,0.500417,0,time_limit,solomon_exact_1000_v1,missing,,,,,0.5,,100,2,25,bcdbfecac731779090e3a398702ae4d335968003d643f03bf90430cd1a9ec707,False,baseline,94584996df0a3595e0aecc2e477200b9fac89aecf145f121af818315d48d5bd7
R204,solomon_txt,5349e37d8df99bcbee1efa2e970d2662b5265e5f82fc609343a6af0a60257abf,0,1,ok,True,3,1331038,1331.038,0.210448,0.500423,0,time_limit,solomon_exact_1000_v1,missing,,,,,0.5,,100,2,25,bcdbfecac731779090e3a398702ae4d335968003d643f03bf90430cd1a9ec707,False,baseline,94584996df0a3595e0aecc2e477200b9fac89aecf145f121af818315d48d5bd7
R204,solomon_txt,5349e37d8df99bcbee1efa2e970d2662b5265e5f82fc609343a6af0a60257abf,1,1,ok,True,3,1331038,1331.038,0.203795,0.500465,0,time_limit,solomon_exact_1000_v1,missing,,,,,0.5,,100,2,25,bcdbfecac731779090e3a398702ae4d335968003d643f03bf90430cd1a9ec707,False,baseline,94584996df0a3595e0aecc2e477200b9fac89aecf145f121af818315d48d5bd7
R204,solomon_txt,5349e37d8df99bcbee1efa2e970d2662b5265e5f82fc609343a6af0a60257abf,2,1,ok,True,3,1331038,1331.038,0.203254,0.500408,0,time_limit,solomon_exact_1000_v1,missing,,,,,0.5,,100,2,25,bcdbfecac731779090e3a398702ae4d335968003d643f03bf90430cd1a9ec707,False,baseline,94584996df0a3595e0aecc2e477200b9fac89aecf145f121af818315d48d5bd7
R205,solomon_txt,1996bf8f10716fb8cfc1a585206a6a6e566f32347c1bb8f36c75ed6c887f77e3,0,1,ok,True,3,1303717,1303.717,0.163286,0.500636,0,time_limit,solomon_exact_1000_v1,missing,,,,,0.5,,100,2,25,bcdbfecac731779090e3a398702ae4d335968003d643f03bf90430cd1a9ec707,False,baseline,94584996df0a3595e0aecc2e477200b9fac89aecf145f121af818315d48d5bd7
R205,solomon_txt,1996bf8f10716fb8cfc1a585206a6a6e566f32347c1bb8f36c75ed6c887f77e3,1,1,ok,True,4,1700248,1700.248,0.163608,0.500401,0,time_limit,solomon_exact_1000_v1,missing,,,,,0.5,,100,2,25,bcdbfecac731779090e3a398702ae4d335968003d643f03bf90430cd1a9ec707,False,baseline,94584996df0a3595e0aecc2e477200b9fac89aecf145f121af818315d48d5bd7
R205,solomon_txt,1996bf8f10716fb8cfc1a585206a6a6e566f32347c1bb8f36c75ed6c887f77e3,2,1,ok,True,4,1700248,1700.248,0.161816,0.500436,0,time_limit,solomon_exact_1000_v1,missing,,,,,0.5,,100,2,25,bcdbfecac731779090e3a398702ae4d335968003d643f03bf90430cd1a9ec707,False,baseline,94584996df0a3595e0aecc2e477200b9fac89aecf145f121af818315d48d5bd7
R206,solomon_txt,c8754a0319264d076c038b1bf023c8c4710e8895fe3e03f485e9ae249f32fe43,0,1,ok,True,3,1533607,1533.607,0.170629,0.5004,0,time_limit,solomon_exact_1000_v1,missing,,,,,0.5,,100,2,25,bcdbfecac731779090e3a398702ae4d335968003d643f03bf90430cd1a9ec707,False,baseline,94584996df0a3595e0aecc2e477200b9fac89aecf145f121af818315d48d5bd7
R206,solomon_txt,c8754a0319264d076c038b1bf023c8c4710e8895fe3e03f485e9ae249f32fe43,1,1,ok,True,3,1533607,1533.607,0.173866,0.500424,0,time_limit,solomon_exact_1000_v1,missing,,,,,0.5,,100,2,25,bcdbfecac731779090e3a398702ae4d335968003d643f03bf90430cd1a9ec707,False,baseline,94584996df0a3595e0aecc2e477200b9fac89aecf145f121af818315d48d5bd7
R206,solomon_txt,c8754a0319264d076c038b1bf023c8c4710e8895fe3e03f485e9ae249f32fe43,2,1,ok,True,3,1533607,1533.607,0.167004,0.50042,0,time_limit,solomon_exact_1000_v1,missing,,,,,0.5,,100,2,25,bcdbfecac731779090e3a398702ae4d335968003d643f03bf90430cd1a9ec707,False,baseline,94584996df0a3595e0aecc2e477200b9fac89aecf145f121af818315d48d5bd7
R207,solomon_txt,52dc8eebba43fdc67ca9aadab228b75a297acb55a87db3e4748e82f623e3cbe6,0,1,ok,True,3,1157028,1157.028,0.195166,0.50041,0,time_limit,solomon_exact_1000_v1,missing,,,,,0.5,,100,2,25,bcdbfecac731779090e3a398702ae4d335968003d643f03bf90430cd1a9ec707,False,baseline,94584996df0a3595e0aecc2e477200b9fac89aecf145f121af818315d48d5bd7
R207,solomon_txt,52dc8eebba43fdc67ca9aadab228b75a297acb55a87db3e4748e82f623e3cbe6,1,1,ok,True,3,1090293,1090.293,0.197241,0.500421,0,time_limit,solomon_exact_1000_v1,missing,,,,,0.5,,100,2,25,bcdbfecac731779090e3a398702ae4d335968003d643f03bf90430cd1a9ec707,False,baseline,94584996df0a3595e0aecc2e477200b9fac89aecf145f121af818315d48d5bd7
R207,solomon_txt,52dc8eebba43fdc67ca9aadab228b75a297acb55a87db3e4748e82f623e3cbe6,2,1,ok,True,3,1035524,1035.524,0.202569,0.500411,0,time_limit,solomon_exact_1000_v1,missing,,,,,0.5,,100,2,25,bcdbfecac731779090e3a398702ae4d335968003d643f03bf90430cd1a9ec707,False,baseline,94584996df0a3595e0aecc2e477200b9fac89aecf145f121af818315d48d5bd7
R208,solomon_txt,7b4a95d500af9329dd08791d39898a619faec0f8fac039d57373e761545b980d,0,1,ok,True,3,957965,957.965,0.20974,0.500432,0,time_limit,solomon_exact_1000_v1,missing,,,,,0.5,,100,2,25,bcdbfecac731779090e3a398702ae4d335968003d643f03bf90430cd1a9ec707,False,baseline,94584996df0a3595e0aecc2e477200b9fac89aecf145f121af818315d48d5bd7
R208,solomon_txt,7b4a95d500af9329dd08791d39898a619faec0f8fac039d57373e761545b980d,1,1,ok,True,3,957965,957.965,0.223855,0.500428,0,time_limit,solomon_exact_1000_v1,missing,,,,,0.5,,100,2,25,bcdbfecac731779090e3a398702ae4d335968003d643f03bf90430cd1a9ec707,False,baseline,94584996df0a3595e0aecc2e477200b9fac89aecf145f121af818315d48d5bd7
R208,solomon_txt,7b4a95d500af9329dd08791d39898a619faec0f8fac039d57373e761545b980d,2,1,ok,True,3,957965,957.965,0.213273,0.500428,0,time_limit,solomon_exact_1000_v1,missing,,,,,0.5,,100,2,25,bcdbfecac731779090e3a398702ae4d335968003d643f03bf90430cd1a9ec707,False,baseline,94584996df0a3595e0aecc2e477200b9fac89aecf145f121af818315d48d5bd7
R209,solomon_txt,5b74156d032babcff853ccc693f94463eca8333cd425aa99a39ed996f6258933,0,1,ok,True,4,1712415,1712.415,0.158565,0.500431,0,time_limit,solomon_exact_1000_v1,missing,,,,,0.5,,100,2,25,bcdbfecac731779090e3a398702ae4d335968003d643f03bf90430cd1a9ec707,False,baseline,94584996df0a3595e0aecc2e477200b9fac89aecf145f121af818315d48d5bd7
R209,solomon_txt,5b74156d032babcff853ccc693f94463eca8333cd425aa99a39ed996f6258933,1,1,ok,True,3,1303297,1303.297,0.158365,0.500436,0,time_limit,solomon_exact_1000_v1,missing,,,,,0.5,,100,2,25,bcdbfecac731779090e3a398702ae4d335968003d643f03bf90430cd1a9ec707,False,baseline,94584996df0a3595e0aecc2e477200b9fac89aecf145f121af818315d48d5bd7
R209,solomon_txt,5b74156d032babcff853ccc693f94463eca8333cd425aa99a39ed996f6258933,2,1,ok,True,3,1416872,1416.872,0.153722,0.500402,0,time_limit,solomon_exact_1000_v1,missing,,,,,0.5,,100,2,25,bcdbfecac731779090e3a398702ae4d335968003d643f03bf90430cd1a9ec707,False,baseline,94584996df0a3595e0aecc2e477200b9fac89aecf145f121af818315d48d5bd7
R210,solomon_txt,4e5772f109fb6183e6a648d6a1edaba3435438c2dc11c42da370fecf7bdf3a14,0,1,ok,True,3,1443660,1443.66,0.166272,0.500394,0,time_limit,solomon_exact_1000_v1,missing,,,,,0.5,,100,2,25,bcdbfecac731779090e3a398702ae4d335968003d643f03bf90430cd1a9ec707,False,baseline,94584996df0a3595e0aecc2e477200b9fac89aecf145f121af818315d48d5bd7
R210,solomon_txt,4e5772f109fb6183e6a648d6a1edaba3435438c2dc11c42da370fecf7bdf3a14,1,1,ok,True,3,1443660,1443.66,0.16926,0.500416,0,time_limit,solomon_exact_1000_v1,missing,,,,,0.5,,100,2,25,bcdbfecac731779090e3a398702ae4d335968003d643f03bf90430cd1a9ec707,False,baseline,94584996df0a3595e0aecc2e477200b9fac89aecf145f121af818315d48d5bd7
R210,solomon_txt,4e5772f109fb6183e6a648d6a1edaba3435438c2dc11c42da370fecf7bdf3a14,2,1,ok,True,3,1443660,1443.66,0.171657,0.500427,0,time_limit,solomon_exact_1000_v1,missing,,,,,0.5,,100,2,25,bcdbfecac731779090e3a398702ae4d335968003d643f03bf90430cd1a9ec707,False,baseline,94584996df0a3595e0aecc2e477200b9fac89aecf145f121af818315d48d5bd7
R211,solomon_txt,2965507e467a2f92acd59035975910e36ae11e4f49590d4c7d20a883939227ad,0,1,ok,True,3,1516434,1516.434,0.185871,0.500435,0,time_limit,solomon_exact_1000_v1,missing,,,,,0.5,,100,2,25,bcdbfecac731779090e3a398702ae4d335968003d643f03bf90430cd1a9ec707,False,baseline,94584996df0a3595e0aecc2e477200b9fac89aecf145f121af818315d48d5bd7
R211,solomon_txt,2965507e467a2f92acd59035975910e36ae11e4f49590d4c7d20a883939227ad,1,1,ok,True,3,1516434,1516.434,0.188736,0.500432,0,time_limit,solomon_exact_1000_v1,missing,,,,,0.5,,100,2,25,bcdbfecac731779090e3a398702ae4d335968003d643f03bf90430cd1a9ec707,False,baseline,94584996df0a3595e0aecc2e477200b9fac89aecf145f121af818315d48d5bd7
R211,solomon_txt,2965507e467a2f92acd59035975910e36ae11e4f49590d4c7d20a883939227ad,2,1,ok,True,3,1516434,1516.434,0.181998,0.500435,0,time_limit,solomon_exact_1000_v1,missing,,,,,0.5,,100,2,25,bcdbfecac731779090e3a398702ae4d335968003d643f03bf90430cd1a9ec707,False,baseline,94584996df0a3595e0aecc2e477200b9fac89aecf145f121af818315d48d5bd7
RC101,solomon_txt,ef6893ffd9746ad96de8e4da6e64e2c4ba6e08a1c7eb9457276a9f1caf01ca12,0,1,ok,True,17,2197881,2197.881,0.056192,0.500466,0,time_limit,solomon_exact_1000_v1,missing,,,,,0.5,,100,2,25,bcdbfecac731779090e3a398702ae4d335968003d643f03bf90430cd1a9ec707,False,baseline,94584996df0a3595e0aecc2e477200b9fac89aecf145f121af818315d48d5bd7
RC101,solomon_txt,ef6893ffd9746ad96de8e4da6e64e2c4ba6e08a1c7eb9457276a9f1caf01ca12,1,1,ok,True,18,2077534,2077.534,0.056841,0.500458,0,time_limit,solomon_exact_1000_v1,missing,,,,,0.5,,100,2,25,bcdbfecac731779090e3a398702ae4d335968003d643f03bf90430cd1a9ec707,False,baseline,94584996df0a3595e0aecc2e477200b9fac89aecf145f121af818315d48d5bd7
RC101,solomon_txt,ef6893ffd9746ad96de8e4da6e64e2c4ba6e08a1c7eb9457276a9f1caf01ca12,2,1,ok,True,19,2034803,2034.803,0.057091,0.500455,0,time_limit,solomon_exact_1000_v1,missing,,,,,0.5,,100,2,25,bcdbfecac731779090e3a398702ae4d335968003d643f03bf90430cd1a9ec707,False,baseline,94584996df0a3595e0aecc2e477200b9fac89aecf145f121af818315d48d5bd7
RC102,solomon_txt,36acd349d34a577c7fadd61f78517c2cb74bd06a490273800c288f341e5785a4,0,1,ok,True,16,1976705,1976.705,0.059537,0.500464,0,time_limit,solomon_exact_1000_v1,missing,,,,,0.5,,100,2,25,bcdbfecac731779090e3a398702ae4d335968003d643f03bf90430cd1a9ec707,False,baseline,94584996df0a3595e0aecc2e477200b9fac89aecf145f121af818315d48d5bd7
RC102,solomon_txt,36acd349d34a577c7fadd61f78517c2cb74bd06a490273800c288f341e5785a4,1,1,ok,True,15,1834933,1834.933,0.06036,0.500429,0,time_limit,solomon_exact_1000_v1,missing,,,,,0.5,,100,2,25,bcdbfecac731779090e3a398702ae4d335968003d643f03bf90430cd1a9ec707,False,baseline,94584996df0a3595e0aecc2e477200b9fac89aecf145f121af818315d48d5bd7
RC102,solomon_txt,36acd349d34a577c7fadd61f78517c2cb74bd06a490273800c288f341e5785a4,2,1,ok,True,17,1870139,1870.139,0.058803,0.500442,0,time_limit,solomon_exact_1000_v1,missing,,,,,0.5,,100,2,25,bcdbfecac731779090e3a398702ae4d335968003d643f03bf90430cd1a9ec707,False,baseline,94584996df0a3595e0aecc2e477200b9fac89aecf145f121af818315d48d5bd7
RC103,solomon_txt,00f384138274d5d2bff5c41601db17cc4ad0cfc6315c27e223d4477bf435cc2d,0,1,ok,True,13,1952068,1952.068,0.068207,0.500432,0,time_limit,solomon_exact_1000_v1,missing,,,,,0.5,,100,2,25,bcdbfecac731779090e3a398702ae4d335968003d643f03bf90430cd1a9ec707,False,baseline,94584996df0a3595e0aecc2e477200b9fac89aecf145f121af818315d48d5bd7
RC103,solomon_txt,00f384138274d5d2bff5c41601db17cc4ad0cfc6315c27e223d4477bf435cc2d,1,1,ok,True,12,1731095,1731.095,0.067044,0.50041,0,time_limit,solomon_exact_1000_v1,missing,,,,,0.5,,100,2,25,bcdbfecac731779090e3a398702ae4d335968003d643f03bf90430cd1a9ec707,False,baseline,94584996df0a3595e0aecc2e477200b9fac89aecf145f121af818315d48d5bd7
RC103,solomon_txt,00f384138274d5d2bff5c41601db17cc4ad0cfc6315c27e223d4477bf435cc2d,2,1,ok,True,13,1952068,1952.068,0.067777,0.50042,0,time_limit,solomon_exact_1000_v1,missing,,,,,0.5,,100,2,25,bcdbfecac731779090e3a398702ae4d335968003d643f03bf90430cd1a9ec707,False,baseline,94584996df0a3595e0aecc2e477200b9fac89aecf145f121af818315d48d5bd7
RC104,solomon_txt,d150b2d61049a488fb89a2320c197d81a7ef9a1864abbbaea1d13a2b451253ee,0,1,ok,True,12,1624060,1624.06,0.067799,0.500421,0,time_limit,solomon_exact_1000_v1,missing,,,,,0.5,,100,2,25,bcdbfecac731779090e3a398702ae4d335968003d643f03bf90430cd1a9ec707,False,baseline,94584996df0a3595e0aecc2e477200b9fac89aecf145f121af818315d48d5bd7
RC104,solomon_txt,d150b2d61049a488fb89a2320c197d81a7ef9a1864abbbaea1d13a2b451253ee,1,1,ok,True,11,1384807,1384.807,0.069154,0.500403,0,time_limit,solomon_exact_1000_v1,missing,,,,,0.5,,100,2,25,bcdbfecac731779090e3a398702ae4d335968003d643f03bf90430cd1a9ec707,False,baseline,94584996df0a3595e0aecc2e477200b9fac89aecf145f121af818315d48d5bd7
RC104,solomon_txt,d150b2d61049a488fb89a2320c197d81a7ef9a1864abbbaea1d13a2b451253ee,2,1,ok,True,12,1325631,1325.631,0.069294,0.50043,0,time_limit,solomon_exact_1000_v1,missing,,,,,0.5,,100,2,25,bcdbfecac731779090e3a398702ae4d335968003d643f03bf90430cd1a9ec707,False,baseline,94584996df0a3595e0aecc2e477200b9fac89aecf145f121af818315d48d5bd7
RC105,solomon_txt,b9e912625c1ed80d2f565e0799ade2f4b17bf4f95056322ca23f1a21b37e7a49,0,1,ok,True,17,2128736,2128.736,0.059215,0.50045,0,time_limit,solomon_exact_1000_v1,missing,,,,,0.5,,100,2,25,bcdbfecac731779090e3a398702ae4d335968003d643f03bf90430cd1a9ec707,False,baseline,94584996df0a3595e0aecc2e477200b9fac89aecf145f121af818315d48d5bd7
RC105,solomon_txt,b9e912625c1ed80d2f565e0799ade2f4b17bf4f95056322ca23f1a21b37e7a49,1,1,ok,True,16,2094861,2094.861,0.058071,0.500428,0,time_limit,solomon_exact_1000_v1,missing,,,,,0.5,,100,2,25,bcdbfecac731779090e3a398702ae4d335968003d643f03bf90430cd1a9ec707,False,baseline,94584996df0a3595e0aecc2e477200b9fac89aecf145f121af818315d48d5bd7
RC105,solomon_txt,b9e912625c1ed80d2f565e0799ade2f4b17bf4f95056322ca23f1a21b37e7a49,2,1,ok,True,16,1901679,1901.679,0.059098,0.500478,0,time_limit,solomon_exact_1000_v1,missing,,,,,0.5,,100,2,25,bcdbfecac731779090e3a398702ae4d335968003d643f03bf90430cd1a9ec707,False,baseline,94584996df0a3595e0aecc2e477200b9fac89aecf145f121af818315d48d5bd7
RC106,solomon_txt,bf016ffc567af2d108570357daf1d0cabb7f680c0bd977d2e4366787683fdbaf,0,1,ok,True,15,2118036,2118.036,0.058234,0.500447,0,time_limit,solomon_exact_1000_v1,missing,,,,,0.5,,100,2,25,bcdbfecac731779090e3a398702ae4d335968003d643f03bf90430cd1a9ec707,False,baseline,94584996df0a3595e0aecc2e477200b9fac89aecf145f121af818315d48d5bd7
RC106,solomon_txt,bf016ffc567af2d108570357daf1d0cabb7f680c0bd977d2e4366787683fdbaf,1,1,ok,True,15,1848588,1848.588,0.057068,0.500429,0,time_limit,solomon_exact_1000_v1,missing,,,,,0.5,,100,2,25,bcdbfecac731779090e3a398702ae4d335968003d643f03bf90430cd1a9ec707,False,baseline,94584996df0a3595e0aecc2e477200b9fac89aecf145f121af818315d48d5bd7
RC106,solomon_txt,bf016ffc567af2d108570357daf1d0cabb7f680c0bd977d2e4366787683fdbaf,2,1,ok,True,15,1864051,1864.051,0.056311,0.500457,0,time_limit,solomon_exact_1000_v1,missing,,,,,0.5,,100,2,25,bcdbfecac731779090e3a398702ae4d335968003d643f03bf90430cd1a9ec707,False,baseline,94584996df0a3595e0aecc2e477200b9fac89aecf145f121af818315d48d5bd7
RC107,solomon_txt,fff3fd68d110671ed442575f07cc547291586f30b00c5f73934d521d31311582,0,1,ok,True,14,1714626,1714.626,0.062468,0.50046,0,time_limit,solomon_exact_1000_v1,missing,,,,,0.5,,100,2,25,bcdbfecac731779090e3a398702ae4d335968003d643f03bf90430cd1a9ec707,False,baseline,94584996df0a3595e0aecc2e477200b9fac89aecf145f121af818315d48d5bd7
RC107,solomon_txt,fff3fd68d110671ed442575f07cc547291586f30b00c5f73934d521d31311582,1,1,ok,True,14,1926373,1926.373,0.062495,0.500436,0,time_limit,solomon_exact_1000_v1,missing,,,,,0.5,,100,2,25,bcdbfecac731779090e3a398702ae4d335968003d643f03bf90430cd1a9ec707,False,baseline,94584996df0a3595e0aecc2e477200b9fac89aecf145f121af818315d48d5bd7
RC107,solomon_txt,fff3fd68d110671ed442575f07cc547291586f30b00c5f73934d521d31311582,2,1,ok,True,14,1919496,1919.496,0.060547,0.500449,0,time_limit,solomon_exact_1000_v1,missing,,,,,0.5,,100,2,25,bcdbfecac731779090e3a398702ae4d335968003d643f03bf90430cd1a9ec707,False,baseline,94584996df0a3595e0aecc2e477200b9fac89aecf145f121af818315d48d5bd7
RC108,solomon_txt,006bc8817bf09f9a8c66af8d6f088bdec239b2eb435556e9d11193cf456f7aeb,0,1,ok,True,14,1940059,1940.059,0.06281,0.500448,0,time_limit,solomon_exact_1000_v1,missing,,,,,0.5,,100,2,25,bcdbfecac731779090e3a398702ae4d335968003d643f03bf90430cd1a9ec707,False,baseline,94584996df0a3595e0aecc2e477200b9fac89aecf145f121af818315d48d5bd7
RC108,solomon_txt,006bc8817bf09f9a8c66af8d6f088bdec239b2eb435556e9d11193cf456f7aeb,1,1,ok,True,14,1606564,1606.564,0.061678,0.500433,0,time_limit,solomon_exact_1000_v1,missing,,,,,0.5,,100,2,25,bcdbfecac731779090e3a398702ae4d335968003d643f03bf90430cd1a9ec707,False,baseline,94584996df0a3595e0aecc2e477200b9fac89aecf145f121af818315d48d5bd7
RC108,solomon_txt,006bc8817bf09f9a8c66af8d6f088bdec239b2eb435556e9d11193cf456f7aeb,2,1,ok,True,14,1711462,1711.462,0.062459,0.500469,0,time_limit,solomon_exact_1000_v1,missing,,,,,0.5,,100,2,25,bcdbfecac731779090e3a398702ae4d335968003d643f03bf90430cd1a9ec707,False,baseline,94584996df0a3595e0aecc2e477200b9fac89aecf145f121af818315d48d5bd7
RC201,solomon_txt,288836e2d8c2ace83ebbff77e03ac8cdffc574fc134cade21ef92713f8c52d44,0,1,ok,True,5,2429811,2429.811,0.129077,0.500437,0,time_limit,solomon_exact_1000_v1,missing,,,,,0.5,,100,2,25,bcdbfecac731779090e3a398702ae4d335968003d643f03bf90430cd1a9ec707,False,baseline,94584996df0a3595e0aecc2e477200b9fac89aecf145f121af818315d48d5bd7
RC201,solomon_txt,288836e2d8c2ace83ebbff77e03ac8cdffc574fc134cade21ef92713f8c52d44,1,1,ok,True,4,1837909,1837.909,0.125543,0.500428,0,time_limit,solomon_exact_1000_v1,missing,,,,,0.5,,100,2,25,bcdbfecac731779090e3a398702ae4d335968003d643f03bf90430cd1a9ec707,False,baseline,94584996df0a3595e0aecc2e477200b9fac89aecf145f121af818315d48d5bd7
RC201,solomon_txt,288836e2d8c2ace83ebbff77e03ac8cdffc574fc134cade21ef92713f8c52d44,2,1,ok,True,5,2429811,2429.811,0.128208,0.50042,0,time_limit,solomon_exact_1000_v1,missing,,,,,0.5,,100,2,25,bcdbfecac731779090e3a398702ae4d335968003d643f03bf90430cd1a9ec707,False,baseline,94584996df0a3595e0aecc2e477200b9fac89aecf145f121af818315d48d5bd7
RC202,solomon_txt,5a1dee2017ab0ca4fe280b392678c96e8b5bc71f22d02c8058fbde7c4cfebcf4,0,1,ok,True,4,1920411,1920.411,0.121539,0.500394,0,time_limit,solomon_exact_1000_v1,missing,,,,,0.5,,100,2,25,bcdbfecac731779090e3a398702ae4d335968003d643f03bf90430cd1a9ec707,False,baseline,94584996df0a3595e0aecc2e477200b9fac89aecf145f121af818315d48d5bd7
RC202,solomon_txt,5a1dee2017ab0ca4fe280b392678c96e8b5bc71f22d02c8058fbde7c4cfebcf4,1,1,ok,True,4,1818035,1818.035,0.116781,0.50043,0,time_limit,solomon_exact_1000_v1,missing,,,,,0.5,,100,2,25,bcdbfecac731779090e3a398702ae4d335968003d643f03bf90430cd1a9ec707,False,baseline,94584996df0a3595e0aecc2e477200b9fac89aecf145f121af818315d48d5bd7
RC202,solomon_txt,5a1dee2017ab0ca4fe280b392678c96e8b5bc71f22d02c8058fbde7c4cfebcf4,2,1,ok,True,4,1619243,1619.243,0.121926,0.500436,0,time_limit,solomon_exact_1000_v1,missing,,,,,0.5,,100,2,25,bcdbfecac731779090e3a398702ae4d335968003d643f03bf90430cd1a9ec707,False,baseline,94584996df0a3595e0aecc2e477200b9fac89aecf145f121af818315d48d5bd7
RC203,solomon_txt,4adcb362c23df91f14b828d4964e9383ffb02ee74217afc2d84571f83ed91f8b,0,1,ok,True,4,1158154,1158.154,0.126982,0.500434,0,time_limit,solomon_exact_1000_v1,missing,,,,,0.5,,100,2,25,bcdbfecac731779090e3a398702ae4d335968003d643f03bf90430cd1a9ec707,False,baseline,94584996df0a3595e0aecc2e477200b9fac89aecf145f121af818315d48d5bd7
RC203,solomon_txt,4adcb362c23df91f14b828d4964e9383ffb02ee74217afc2d84571f83ed91f8b,1,1,ok,True,3,1545417,1545.417,0.122869,0.500422,0,time_limit,solomon_exact_1000_v1,missing,,,,,0.5,,100,2,25,bcdbfecac731779090e3a398702ae4d335968003d643f03bf90430cd1a9ec707,False,baseline,94584996df0a3595e0aecc2e477200b9fac89aecf145f121af818315d48d5bd7
RC203,solomon_txt,4adcb362c23df91f14b828d4964e9383ffb02ee74217afc2d84571f83ed91f8b,2,1,ok,True,4,1061047,1061.047,0.126603,0.50046,0,time_limit,solomon_exact_1000_v1,missing,,,,,0.5,,100,2,25,bcdbfecac731779090e3a398702ae4d335968003d643f03bf90430cd1a9ec707,False,baseline,94584996df0a3595e0aecc2e477200b9fac89aecf145f121af818315d48d5bd7
RC204,solomon_txt,11e827eab51a959ebab66344e7b7cfd1aeed895287653b36a72c86a4440ecd77,0,1,ok,True,3,1500593,1500.593,0.186374,0.500408,0,time_limit,solomon_exact_1000_v1,missing,,,,,0.5,,100,2,25,bcdbfecac731779090e3a398702ae4d335968003d643f03bf90430cd1a9ec707,False,baseline,94584996df0a3595e0aecc2e477200b9fac89aecf145f121af818315d48d5bd7
RC204,solomon_txt,11e827eab51a959ebab66344e7b7cfd1aeed895287653b36a72c86a4440ecd77,1,1,ok,True,3,1500593,1500.593,0.189097,0.500421,0,time_limit,solomon_exact_1000_v1,missing,,,,,0.5,,100,2,25,bcdbfecac731779090e3a398702ae4d335968003d643f03bf90430cd1a9ec707,False,baseline,94584996df0a3595e0aecc2e477200b9fac89aecf145f121af818315d48d5bd7
RC204,solomon_txt,11e827eab51a959ebab66344e7b7cfd1aeed895287653b36a72c86a4440ecd77,2,1,ok,True,3,1500593,1500.593,0.186367,0.500411,0,time_limit,solomon_exact_1000_v1,missing,,,,,0.5,,100,2,25,bcdbfecac731779090e3a398702ae4d335968003d643f03bf90430cd1a9ec707,False,baseline,94584996df0a3595e0aecc2e477200b9fac89aecf145f121af818315d48d5bd7
RC205,solomon_txt,c061d306cf42310b0f3ca15612089f6c5a8d5604c0733bf26852477c787662c9,0,1,ok,True,4,1960553,1960.553,0.140409,0.500394,0,time_limit,solomon_exact_1000_v1,missing,,,,,0.5,,100,2,25,bcdbfecac731779090e3a398702ae4d335968003d643f03bf90430cd1a9ec707,False,baseline,94584996df0a3595e0aecc2e477200b9fac89aecf145f121af818315d48d5bd7
RC205,solomon_txt,c061d306cf42310b0f3ca15612089f6c5a8d5604c0733bf26852477c787662c9,1,1,ok,True,5,2063021,2063.021,0.139804,0.500407,0,time_limit,solomon_exact_1000_v1,missing,,,,,0.5,,100,2,25,bcdbfecac731779090e3a398702ae4d335968003d643f03bf90430cd1a9ec707,False,baseline,94584996df0a3595e0aecc2e477200b9fac89aecf145f121af818315d48d5bd7
RC205,solomon_txt,c061d306cf42310b0f3ca15612089f6c5a8d5604c0733bf26852477c787662c9,2,1,ok,True,4,1828115,1828.115,0.134959,0.500396,0,time_limit,solomon_exact_1000_v1,missing,,,,,0.5,,100,2,25,bcdbfecac731779090e3a398702ae4d335968003d643f03bf90430cd1a9ec707,False,baseline,94584996df0a3595e0aecc2e477200b9fac89aecf145f121af818315d48d5bd7
RC206,solomon_txt,5203aecf67c84df49e152645312a837ffefde529314ff892ca061538816e43a9,0,1,ok,True,4,2080287,2080.287,0.132953,0.500397,0,time_limit,solomon_exact_1000_v1,missing,,,,,0.5,,100,2,25,bcdbfecac731779090e3a398702ae4d335968003d643f03bf90430cd1a9ec707,False,baseline,94584996df0a3595e0aecc2e477200b9fac89aecf145f121af818315d48d5bd7
RC206,solomon_txt,5203aecf67c84df49e152645312a837ffefde529314ff892ca061538816e43a9,1,1,ok,True,4,1771858,1771.858,0.136851,0.500417,0,time_limit,solomon_exact_1000_v1,missing,,,,,0.5,,100,2,25,bcdbfecac731779090e3a398702ae4d335968003d643f03bf90430cd1a9ec707,False,baseline,94584996df0a3595e0aecc2e477200b9fac89aecf145f121af818315d48d5bd7
RC206,solomon_txt,5203aecf67c84df49e152645312a837ffefde529314ff892ca061538816e43a9,2,1,ok,True,4,1732495,1732.495,0.138133,0.500414,0,time_limit,solomon_exact_1000_v1,missing,,,,,0.5,,100,2,25,bcdbfecac731779090e3a398702ae4d335968003d643f03bf90430cd1a9ec707,False,baseline,94584996df0a3595e0aecc2e477200b9fac89aecf145f121af818315d48d5bd7
RC207,solomon_txt,5cab65f99b350cdb8fb1c4d0a12dde85eb4ff6a6d6daf292b182cb73de9a8b63,0,1,ok,True,4,1907431,1907.431,0.152111,0.500421,0,time_limit,solomon_exact_1000_v1,missing,,,,,0.5,,100,2,25,bcdbfecac731779090e3a398702ae4d335968003d643f03bf90430cd1a9ec707,False,baseline,94584996df0a3595e0aecc2e477200b9fac89aecf145f121af818315d48d5bd7
RC207,solomon_txt,5cab65f99b350cdb8fb1c4d0a12dde85eb4ff6a6d6daf292b182cb73de9a8b63,1,1,ok,True,4,1907431,1907.431,0.151625,0.500451,0,time_limit,solomon_exact_1000_v1,missing,,,,,0.5,,100,2,25,bcdbfecac731779090e3a398702ae4d335968003d643f03bf90430cd1a9ec707,False,baseline,94584996df0a3595e0aecc2e477200b9fac89aecf145f121af818315d48d5bd7
RC207,solomon_txt,5cab65f99b350cdb8fb1c4d0a12dde85eb4ff6a6d6daf292b182cb73de9a8b63,2,1,ok,True,4,1907431,1907.431,0.154823,0.500457,0,time_limit,solomon_exact_1000_v1,missing,,,,,0.5,,100,2,25,bcdbfecac731779090e3a398702ae4d335968003d643f03bf90430cd1a9ec707,False,baseline,94584996df0a3595e0aecc2e477200b9fac89aecf145f121af818315d48d5bd7
RC208,solomon_txt,3d67d2a8e2758a324643f5d6c6ca87e8c56435273eaa04be33f213bb991f1f28,0,1,ok,True,3,1373172,1373.172,0.147661,0.500415,0,time_limit,solomon_exact_1000_v1,missing,,,,,0.5,,100,2,25,bcdbfecac731779090e3a398702ae4d335968003d643f03bf90430cd1a9ec707,False,baseline,94584996df0a3595e0aecc2e477200b9fac89aecf145f121af818315d48d5bd7
RC208,solomon_txt,3d67d2a8e2758a324643f5d6c6ca87e8c56435273eaa04be33f213bb991f1f28,1,1,ok,True,4,1913075,1913.075,0.151047,0.500426,0,time_limit,solomon_exact_1000_v1,missing,,,,,0.5,,100,2,25,bcdbfecac731779090e3a398702ae4d335968003d643f03bf90430cd1a9ec707,False,baseline,94584996df0a3595e0aecc2e477200b9fac89aecf145f121af818315d48d5bd7
RC208,solomon_txt,3d67d2a8e2758a324643f5d6c6ca87e8c56435273eaa04be33f213bb991f1f28,2,1,ok,True,3,1392180,1392.18,0.150269,0.500367,0,time_limit,solomon_exact_1000_v1,missing,,,,,0.5,,100,2,25,bcdbfecac731779090e3a398702ae4d335968003d643f03bf90430cd1a9ec707,False,baseline,94584996df0a3595e0aecc2e477200b9fac89aecf145f121af818315d48d5bd7
C101,solomon_txt,a6da75152d182d60ecd2c6f854296f5be452f92282d096adebcf5d99a7f16516,0,1,ok,True,11,1015038,1015.038,0.068666,0.50048,1,time_limit,solomon_exact_1000_v1,missing,,,,,0.5,,10,2,25,bcdbfecac731779090e3a398702ae4d335968003d643f03bf90430cd1a9ec707,False,candidate,249664e28a2b6ee5f37315d19a648ad2218e3b3a17af8a9a56aa100ac49342c2
C101,solomon_txt,a6da75152d182d60ecd2c6f854296f5be452f92282d096adebcf5d99a7f16516,1,1,ok,True,10,828937,828.937,0.067771,0.500477,1,time_limit,solomon_exact_1000_v1,missing,,,,,0.5,,10,2,25,bcdbfecac731779090e3a398702ae4d335968003d643f03bf90430cd1a9ec707,False,candidate,249664e28a2b6ee5f37315d19a648ad2218e3b3a17af8a9a56aa100ac49342c2
C101,solomon_txt,a6da75152d182d60ecd2c6f854296f5be452f92282d096adebcf5d99a7f16516,2,1,ok,True,10,828937,828.937,0.083871,0.500458,1,time_limit,solomon_exact_1000_v1,missing,,,,,0.5,,10,2,25,bcdbfecac731779090e3a398702ae4d335968003d643f03bf90430cd1a9ec707,False,candidate,249664e28a2b6ee5f37315d19a648ad2218e3b3a17af8a9a56aa100ac49342c2
C102,solomon_txt,f89a0e2a760cc7448a4ca72b88e5b29b94d64b5548f3320f42a6230025ead653,0,1,ok,True,10,1253627,1253.627,0.074028,0.500417,2,time_limit,solomon_exact_1000_v1,missing,,,,,0.5,,10,2,25,bcdbfecac731779090e3a398702ae4d335968003d643f03bf90430cd1a9ec707,False,candidate,249664e28a2b6ee5f37315d19a648ad2218e3b3a17af8a9a56aa100ac49342c2
C102,solomon_txt,f89a0e2a760cc7448a4ca72b88e5b29b94d64b5548f3320f42a6230025ead653,1,1,ok,True,10,1257880,1257.88,0.072848,0.500441,2,time_limit,solomon_exact_1000_v1,missing,,,,,0.5,,10,2,25,bcdbfecac731779090e3a398702ae4d335968003d643f03bf90430cd1a9ec707,False,candidate,249664e28a2b6ee5f37315d19a648ad2218e3b3a17af8a9a56aa100ac49342c2
C102,solomon_txt,f89a0e2a760cc7448a4ca72b88e5b29b94d64b5548f3320f42a6230025ead653,2,1,ok,True,10,1258253,1258.253,0.071264,0.500484,2,time_limit,solomon_exact_1000_v1,missing,,,,,0.5,,10,2,25,bcdbfecac731779090e3a398702ae4d335968003d643f03bf90430cd1a9ec707,False,candidate,249664e28a2b6ee5f37315d19a648ad2218e3b3a17af8a9a56aa100ac49342c2
C103,solomon_txt,a55cabf15e0da9d65696a5fb45c9852889479893f76f772a428ca15d1b415a51,0,1,ok,True,10,1780999,1780.999,0.088794,0.500424,5,time_limit,solomon_exact_1000_v1,missing,,,,,0.5,,10,2,25,bcdbfecac731779090e3a398702ae4d335968003d643f03bf90430cd1a9ec707,False,candidate,249664e28a2b6ee5f37315d19a648ad2218e3b3a17af8a9a56aa100ac49342c2
C103,solomon_txt,a55cabf15e0da9d65696a5fb45c9852889479893f76f772a428ca15d1b415a51,1,1,ok,True,10,1792573,1792.573,0.079043,0.500817,4,time_limit,solomon_exact_1000_v1,missing,,,,,0.5,,10,2,25,bcdbfecac731779090e3a398702ae4d335968003d643f03bf90430cd1a9ec707,False,candidate,249664e28a2b6ee5f37315d19a648ad2218e3b3a17af8a9a56aa100ac49342c2
C103,solomon_txt,a55cabf15e0da9d65696a5fb45c9852889479893f76f772a428ca15d1b415a51,2,1,ok,True,10,1821945,1821.945,0.080797,0.500431,3,time_limit,solomon_exact_1000_v1,missing,,,,,0.5,,10,2,25,bcdbfecac731779090e3a398702ae4d335968003d643f03bf90430cd1a9ec707,False,candidate,249664e28a2b6ee5f37315d19a648ad2218e3b3a17af8a9a56aa100ac49342c2
C104,solomon_txt,fe333e81625ee5a75bb2ce98c2c9f356d07289237865b62a23ba2f32f0de5ee2,0,1,ok,True,10,1961114,1961.114,0.083158,0.500429,4,time_limit,solomon_exact_1000_v1,missing,,,,,0.5,,10,2,25,bcdbfecac731779090e3a398702ae4d335968003d643f03bf90430cd1a9ec707,False,candidate,249664e28a2b6ee5f37315d19a648ad2218e3b3a17af8a9a56aa100ac49342c2
C104,solomon_txt,fe333e81625ee5a75bb2ce98c2c9f356d07289237865b62a23ba2f32f0de5ee2,1,1,ok,True,10,1923522,1923.522,0.101451,0.500449,4,time_limit,solomon_exact_1000_v1,missing,,,,,0.5,,10,2,25,bcdbfecac731779090e3a398702ae4d335968003d643f03bf90430cd1a9ec707,False,candidate,249664e28a2b6ee5f37315d19a648ad2218e3b3a17af8a9a56aa100ac49342c2
C104,solomon_txt,fe333e81625ee5a75bb2ce98c2c9f356d07289237865b62a23ba2f32f0de5ee2,2,1,ok,True,10,1914110,1914.11,0.084162,0.500415,3,time_limit,solomon_exact_1000_v1,missing,,,,,0.5,,10,2,25,bcdbfecac731779090e3a398702ae4d335968003d643f03bf90430cd1a9ec707,False,candidate,249664e28a2b6ee5f37315d19a648ad2218e3b3a17af8a9a56aa100ac49342c2
C105,solomon_txt,9a877a3a6fb922e7ad9297cc0308bc8a5652cb1495a0228ee6b81b2d938aa29f,0,1,ok,True,10,1152670,1152.67,0.069895,0.500432,1,time_limit,solomon_exact_1000_v1,missing,,,,,0.5,,10,2,25,bcdbfecac731779090e3a398702ae4d335968003d643f03bf90430cd1a9ec707,False,candidate,249664e28a2b6ee5f37315d19a648ad2218e3b3a17af8a9a56aa100ac49342c2
C105,solomon_txt,9a877a3a6fb922e7ad9297cc0308bc8a5652cb1495a0228ee6b81b2d938aa29f,1,1,ok,True,10,1039051,1039.051,0.070417,0.500437,1,time_limit,solomon_exact_1000_v1,missing,,,,,0.5,,10,2,25,bcdbfecac731779090e3a398702ae4d335968003d643f03bf90430cd1a9ec707,False,candidate,249664e28a2b6ee5f37315d19a648ad2218e3b3a17af8a9a56aa100ac49342c2
C105,solomon_txt,9a877a3a6fb922e7ad9297cc0308bc8a5652cb1495a0228ee6b81b2d938aa29f,2,1,ok,True,10,1066901,1066.901,0.07009,0.500435,1,time_limit,solomon_exact_1000_v1,missing,,,,,0.5,,10,2,25,bcdbfecac731779090e3a398702ae4d335968003d643f03bf90430cd1a9ec707,False,candidate,249664e28a2b6ee5f37315d19a648ad2218e3b3a17af8a9a56aa100ac49342c2
C106,solomon_txt,ec9b419bed53e9c607cce76e8c6bc59feb6e4d17646905601f008a4141ec7b40,0,1,ok,True,10,1148581,1148.581,0.068004,0.500433,1,time_limit,solomon_exact_1000_v1,missing,,,,,0.5,,10,2,25,bcdbfecac731779090e3a398702ae4d335968003d643f03bf90430cd1a9ec707,False,candidate,249664e28a2b6ee5f37315d19a648ad2218e3b3a17af8a9a56aa100ac49342c2
C106,solomon_txt,ec9b419bed53e9c607cce76e8c6bc59feb6e4d17646905601f008a4141ec7b40,1,1,ok,True,10,1052622,1052.622,0.067194,0.500485,2,time_limit,solomon_exact_1000_v1,missing,,,,,0.5,,10,2,25,bcdbfecac731779090e3a398702ae4d335968003d643f03bf90430cd1a9ec707,False,candidate,249664e28a2b6ee5f37315d19a648ad2218e3b3a17af8a9a56aa100ac49342c2
C106,solomon_txt,ec9b419bed53e9c607cce76e8c6bc59feb6e4d17646905601f008a4141ec7b40,2,1,ok,True,10,1084470,1084.47,0.07355,0.500456,1,time_limit,solomon_exact_1000_v1,missing,,,,,0.5,,10,2,25,bcdbfecac731779090e3a398702ae4d335968003d643f03bf90430cd1a9ec707,False,candidate,249664e28a2b6ee5f37315d19a648ad2218e3b3a17af8a9a56aa100ac49342c2
C107,solomon_txt,cb3cdc10d812fa17370eb52cb753b6b0574426dc6fabeb8b9076ed750ddf05ca,0,1,ok,True,10,1088386,1088.386,0.076962,0.500486,1,time_limit,solomon_exact_1000_v1,missing,,,,,0.5,,10,2,25,bcdbfecac731779090e3a398702ae4d335968003d643f03bf90430cd1a9ec707,False,candidate,249664e28a2b6ee5f37315d19a648ad2218e3b3a17af8a9a56aa100ac49342c2
C107,solomon_txt,cb3cdc10d812fa17370eb52cb753b6b0574426dc6fabeb8b9076ed750ddf05ca,1,1,ok,True,10,1119053,1119.053,0.073893,0.50045,1,time_limit,solomon_exact_1000_v1,missing,,,,,0.5,,10,2,25,bcdbfecac731779090e3a398702ae4d335968003d643f03bf90430cd1a9ec707,False,candidate,249664e28a2b6ee5f37315d19a648ad2218e3b3a17af8a9a56aa100ac49342c2
C107,solomon_txt,cb3cdc10d812fa17370eb52cb753b6b0574426dc6fabeb8b9076ed750ddf05ca,2,1,ok,True,10,1087988,1087.988,0.072178,0.500447,1,time_limit,solomon_exact_1000_v1,missing,,,,,0.5,,10,2,25,bcdbfecac731779090e3a398702ae4d335968003d643f03bf90430cd1a9ec707,False,candidate,249664e28a2b6ee5f37315d19a648ad2218e3b3a17af8a9a56aa100ac49342c2
C108,solomon_txt,b8c7e48f292b66b283d8e71511e3a4eccaa4c4bc66b9313c399e73b0226f5953,0,1,ok,True,11,1977008,1977.008,0.072592,0.500455,3,time_limit,solomon_exact_1000_v1,missing,,,,,0.5,,10,2,25,bcdbfecac731779090e3a398702ae4d335968003d643f03bf90430cd1a9ec707,False,candidate,249664e28a2b6ee5f37315d19a648ad2218e3b3a17af8a9a56aa100ac49342c2
C108,solomon_txt,b8c7e48f292b66b283d8e71511e3a4eccaa4c4bc66b9313c399e73b0226f5953,1,1,ok,True,10,1562897,1562.897,0.068625,0.500825,1,time_limit,solomon_exact_1000_v1,missing,,,,,0.5,,10,2,25,bcdbfecac731779090e3a398702ae4d335968003d643f03bf90430cd1a9ec707,False,candidate,249664e28a2b6ee5f37315d19a648ad2218e3b3a17af8a9a56aa100ac49342c2
C108,solomon_txt,b8c7e48f292b66b283d8e71511e3a4eccaa4c4bc66b9313c399e73b0226f5953,2,1,ok,True,10,1419536,1419.536,0.069917,0.500443,3,time_limit,solomon_exact_1000_v1,missing,,,,,0.5,,10,2,25,bcdbfecac731779090e3a398702ae4d335968003d643f03bf90430cd1a9ec707,False,candidate,249664e28a2b6ee5f37315d19a648ad2218e3b3a17af8a9a56aa100ac49342c2
C109,solomon_txt,72d8489e14bf1bb18456f0b21b01110506cbcc2354719dae8481b480150f142a,0,1,ok,True,10,1614821,1614.821,0.076432,0.500455,5,time_limit,solomon_exact_1000_v1,missing,,,,,0.5,,10,2,25,bcdbfecac731779090e3a398702ae4d335968003d643f03bf90430cd1a9ec707,False,candidate,249664e28a2b6ee5f37315d19a648ad2218e3b3a17af8a9a56aa100ac49342c2
C109,solomon_txt,72d8489e14bf1bb18456f0b21b01110506cbcc2354719dae8481b480150f142a,1,1,ok,True,10,1665735,1665.735,0.074383,0.50047,4,time_limit,solomon_exact_1000_v1,missing,,,,,0.5,,10,2,25,bcdbfecac731779090e3a398702ae4d335968003d643f03bf90430cd1a9ec707,False,candidate,249664e28a2b6ee5f37315d19a648ad2218e3b3a17af8a9a56aa100ac49342c2
C109,solomon_txt,72d8489e14bf1bb18456f0b21b01110506cbcc2354719dae8481b480150f142a,2,1,ok,True,10,1623757,1623.757,0.081196,0.500445,5,time_limit,solomon_exact_1000_v1,missing,,,,,0.5,,10,2,25,bcdbfecac731779090e3a398702ae4d335968003d643f03bf90430cd1a9ec707,False,candidate,249664e28a2b6ee5f37315d19a648ad2218e3b3a17af8a9a56aa100ac49342c2
C201,solomon_txt,d8d9834087ae2326fa23a8510533060233dc9fb481873be60956eb26a880ad63,0,1,ok,True,3,704252,704.252,0.186695,0.5005,1,time_limit,solomon_exact_1000_v1,missing,,,,,0.5,,10,2,25,bcdbfecac731779090e3a398702ae4d335968003d643f03bf90430cd1a9ec707,False,candidate,249664e28a2b6ee5f37315d19a648ad2218e3b3a17af8a9a56aa100ac49342c2
C201,solomon_txt,d8d9834087ae2326fa23a8510533060233dc9fb481873be60956eb26a880ad63,1,1,ok,True,3,704252,704.252,0.190558,0.500432,1,time_limit,solomon_exact_1000_v1,missing,,,,,0.5,,10,2,25,bcdbfecac731779090e3a398702ae4d335968003d643f03bf90430cd1a9ec707,False,candidate,249664e28a2b6ee5f37315d19a648ad2218e3b3a17af8a9a56aa100ac49342c2
C201,solomon_txt,d8d9834087ae2326fa23a8510533060233dc9fb481873be60956eb26a880ad63,2,1,ok,True,3,704252,704.252,0.187553,0.500419,1,time_limit,solomon_exact_1000_v1,missing,,,,,0.5,,10,2,25,bcdbfecac731779090e3a398702ae4d335968003d643f03bf90430cd1a9ec707,False,candidate,249664e28a2b6ee5f37315d19a648ad2218e3b3a17af8a9a56aa100ac49342c2
C202,solomon_txt,dfc8ecad79f6c7ffb096cd36994143569f0babe284d5ad194683271d81063772,0,1,ok,True,3,746236,746.236,0.177102,0.500454,1,time_limit,solomon_exact_1000_v1,missing,,,,,0.5,,10,2,25,bcdbfecac731779090e3a398702ae4d335968003d643f03bf90430cd1a9ec707,False,candidate,249664e28a2b6ee5f37315d19a648ad2218e3b3a17af8a9a56aa100ac49342c2
C202,solomon_txt,dfc8ecad79f6c7ffb096cd36994143569f0babe284d5ad194683271d81063772,1,1,ok,True,3,746236,746.236,0.178065,0.500493,1,time_limit,solomon_exact_1000_v1,missing,,,,,0.5,,10,2,25,bcdbfecac731779090e3a398702ae4d335968003d643f03bf90430cd1a9ec707,False,candidate,249664e28a2b6ee5f37315d19a648ad2218e3b3a17af8a9a56aa100ac49342c2
C202,solomon_txt,dfc8ecad79f6c7ffb096cd36994143569f0babe284d5ad194683271d81063772,2,1,ok,True,3,746236,746.236,0.185883,0.500628,1,time_limit,solomon_exact_1000_v1,missing,,,,,0.5,,10,2,25,bcdbfecac731779090e3a398702ae4d335968003d643f03bf90430cd1a9ec707,False,candidate,249664e28a2b6ee5f37315d19a648ad2218e3b3a17af8a9a56aa100ac49342c2
C203,solomon_txt,2b79eea2962a848cb29f6153d4fb4ae725d35507686d937da6643b33fcd85062,0,1,ok,True,3,690753,690.753,0.171784,0.500474,1,time_limit,solomon_exact_1000_v1,missing,,,,,0.5,,10,2,25,bcdbfecac731779090e3a398702ae4d335968003d643f03bf90430cd1a9ec707,False,candidate,249664e28a2b6ee5f37315d19a648ad2218e3b3a17af8a9a56aa100ac49342c2
C203,solomon_txt,2b79eea2962a848cb29f6153d4fb4ae725d35507686d937da6643b33fcd85062,1,1,ok,True,3,754276,754.276,0.169464,0.500555,2,time_limit,solomon_exact_1000_v1,missing,,,,,0.5,,10,2,25,bcdbfecac731779090e3a398702ae4d335968003d643f03bf90430cd1a9ec707,False,candidate,249664e28a2b6ee5f37315d19a648ad2218e3b3a17af8a9a56aa100ac49342c2
C203,solomon_txt,2b79eea2962a848cb29f6153d4fb4ae725d35507686d937da6643b33fcd85062,2,1,ok,True,3,694744,694.744,0.169575,0.500442,1,time_limit,solomon_exact_1000_v1,missing,,,,,0.5,,10,2,25,bcdbfecac731779090e3a398702ae4d335968003d643f03bf90430cd1a9ec707,False,candidate,249664e28a2b6ee5f37315d19a648ad2218e3b3a17af8a9a56aa100ac49342c2
C204,solomon_txt,4331b2744d34e32c2987e3fe8a82b782a2039d757d2aac818f7e0fd21117bfb4,0,1,ok,True,3,964327,964.327,0.185214,0.500556,1,time_limit,solomon_exact_1000_v1,missing,,,,,0.5,,10,2,25,bcdbfecac731779090e3a398702ae4d335968003d643f03bf90430cd1a9ec707,False,candidate,249664e28a2b6ee5f37315d19a648ad2218e3b3a17af8a9a56aa100ac49342c2
C204,solomon_txt,4331b2744d34e32c2987e3fe8a82b782a2039d757d2aac818f7e0fd21117bfb4,1,1,ok,True,3,780549,780.549,0.183236,0.500512,1,time_limit,solomon_exact_1000_v1,missing,,,,,0.5,,10,2,25,bcdbfecac731779090e3a398702ae4d335968003d643f03bf90430cd1a9ec707,False,candidate,249664e28a2b6ee5f37315d19a648ad2218e3b3a17af8a9a56aa100ac49342c2
C204,solomon_txt,4331b2744d34e32c2987e3fe8a82b782a2039d757d2aac818f7e0fd21117bfb4,2,1,ok,True,3,743140,743.14,0.18338,0.500423,1,time_limit,solomon_exact_1000_v1,missing,,,,,0.5,,10,2,25,bcdbfecac731779090e3a398702ae4d335968003d643f03bf90430cd1a9ec707,False,candidate,249664e28a2b6ee5f37315d19a648ad2218e3b3a17af8a9a56aa100ac49342c2
C205,solomon_txt,15be2bb8c3e4ad99a79d1e7ee0472223feb95a4f423d010e032bda0a87266ca5,0,1,ok,True,3,776550,776.55,0.161198,0.500432,2,time_limit,solomon_exact_1000_v1,missing,,,,,0.5,,10,2,25,bcdbfecac731779090e3a398702ae4d335968003d643f03bf90430cd1a9ec707,False,candidate,249664e28a2b6ee5f37315d19a648ad2218e3b3a17af8a9a56aa100ac49342c2
C205,solomon_txt,15be2bb8c3e4ad99a79d1e7ee0472223feb95a4f423d010e032bda0a87266ca5,1,1,ok,True,3,790996,790.996,0.162224,0.500581,1,time_limit,solomon_exact_1000_v1,missing,,,,,0.5,,10,2,25,bcdbfecac731779090e3a398702ae4d335968003d643f03bf90430cd1a9ec707,False,candidate,249664e28a2b6ee5f37315d19a648ad2218e3b3a17af8a9a56aa100ac49342c2
C205,solomon_txt,15be2bb8c3e4ad99a79d1e7ee0472223feb95a4f423d010e032bda0a87266ca5,2,1,ok,True,3,734783,734.783,0.165299,0.500392,2,time_limit,solomon_exact_1000_v1,missing,,,,,0.5,,10,2,25,bcdbfecac731779090e3a398702ae4d335968003d643f03bf90430cd1a9ec707,False,candidate,249664e28a2b6ee5f37315d19a648ad2218e3b3a17af8a9a56aa100ac49342c2
C206,solomon_txt,745b6c7042707ffbbfc4d681ee02a84431425f1dfb3c8aa85ecf003fec8f7e53,0,1,ok,True,3,659151,659.151,0.180438,0.500412,1,time_limit,solomon_exact_1000_v1,missing,,,,,0.5,,10,2,25,bcdbfecac731779090e3a398702ae4d335968003d643f03bf90430cd1a9ec707,False,candidate,249664e28a2b6ee5f37315d19a648ad2218e3b3a17af8a9a56aa100ac49342c2
C206,solomon_txt,745b6c7042707ffbbfc4d681ee02a84431425f1dfb3c8aa85ecf003fec8f7e53,1,1,ok,True,3,958300,958.3,0.211514,0.500405,1,time_limit,solomon_exact_1000_v1,missing,,,,,0.5,,10,2,25,bcdbfecac731779090e3a398702ae4d335968003d643f03bf90430cd1a9ec707,False,candidate,249664e28a2b6ee5f37315d19a648ad2218e3b3a17af8a9a56aa100ac49342c2
C206,solomon_txt,745b6c7042707ffbbfc4d681ee02a84431425f1dfb3c8aa85ecf003fec8f7e53,2,1,ok,True,3,766875,766.875,0.1768,0.500458,2,time_limit,solomon_exact_1000_v1,missing,,,,,0.5,,10,2,25,bcdbfecac731779090e3a398702ae4d335968003d643f03bf90430cd1a9ec707,False,candidate,249664e28a2b6ee5f37315d19a648ad2218e3b3a17af8a9a56aa100ac49342c2
C207,solomon_txt,a33f03570a944c8a6d185fd6a173e66c68e67c399a4958b2d5b6d49533ace4a4,0,1,ok,True,3,891587,891.587,0.181947,0.500415,2,time_limit,solomon_exact_1000_v1,missing,,,,,0.5,,10,2,25,bcdbfecac731779090e3a398702ae4d335968003d643f03bf90430cd1a9ec707,False,candidate,249664e28a2b6ee5f37315d19a648ad2218e3b3a17af8a9a56aa100ac49342c2
C207,solomon_txt,a33f03570a944c8a6d185fd6a173e66c68e67c399a4958b2d5b6d49533ace4a4,1,1,ok,True,3,858410,858.41,0.184895,0.500394,2,time_limit,solomon_exact_1000_v1,missing,,,,,0.5,,10,2,25,bcdbfecac731779090e3a398702ae4d335968003d643f03bf90430cd1a9ec707,False,candidate,249664e28a2b6ee5f37315d19a648ad2218e3b3a17af8a9a56aa100ac49342c2
C207,solomon_txt,a33f03570a944c8a6d185fd6a173e66c68e67c399a4958b2d5b6d49533ace4a4,2,1,ok,True,3,662634,662.634,0.182671,0.500528,2,time_limit,solomon_exact_1000_v1,missing,,,,,0.5,,10,2,25,bcdbfecac731779090e3a398702ae4d335968003d643f03bf90430cd1a9ec707,False,candidate,249664e28a2b6ee5f37315d19a648ad2218e3b3a17af8a9a56aa100ac49342c2
C208,solomon_txt,1c2f2381b8743680dbeb34322869cbf5a6cdd8c281f4bcffdb99b533e601874b,0,1,ok,True,4,949481,949.481,0.186172,0.500367,1,time_limit,solomon_exact_1000_v1,missing,,,,,0.5,,10,2,25,bcdbfecac731779090e3a398702ae4d335968003d643f03bf90430cd1a9ec707,False,candidate,249664e28a2b6ee5f37315d19a648ad2218e3b3a17af8a9a56aa100ac49342c2
C208,solomon_txt,1c2f2381b8743680dbeb34322869cbf5a6cdd8c281f4bcffdb99b533e601874b,1,1,ok,True,4,957831,957.831,0.1879,0.500448,1,time_limit,solomon_exact_1000_v1,missing,,,,,0.5,,10,2,25,bcdbfecac731779090e3a398702ae4d335968003d643f03bf90430cd1a9ec707,False,candidate,249664e28a2b6ee5f37315d19a648ad2218e3b3a17af8a9a56aa100ac49342c2
C208,solomon_txt,1c2f2381b8743680dbeb34322869cbf5a6cdd8c281f4bcffdb99b533e601874b,2,1,ok,True,3,739694,739.694,0.196675,0.500417,2,time_limit,solomon_exact_1000_v1,missing,,,,,0.5,,10,2,25,bcdbfecac731779090e3a398702ae4d335968003d643f03bf90430cd1a9ec707,False,candidate,249664e28a2b6ee5f37315d19a648ad2218e3b3a17af8a9a56aa100ac49342c2
R101,solomon_txt,3f3655182bc0fe44ce5de65fdcd2ee2f9c7fb9ed055f923635151d9d6f76d3ed,0,1,ok,True,22,1897854,1897.854,0.053424,0.500532,2,time_limit,solomon_exact_1000_v1,missing,,,,,0.5,,10,2,25,bcdbfecac731779090e3a398702ae4d335968003d643f03bf90430cd1a9ec707,False,candidate,249664e28a2b6ee5f37315d19a648ad2218e3b3a17af8a9a56aa100ac49342c2
R101,solomon_txt,3f3655182bc0fe44ce5de65fdcd2ee2f9c7fb9ed055f923635151d9d6f76d3ed,1,1,ok,True,21,1897779,1897.779,0.053102,0.500498,1,time_limit,solomon_exact_1000_v1,missing,,,,,0.5,,10,2,25,bcdbfecac731779090e3a398702ae4d335968003d643f03bf90430cd1a9ec707,False,candidate,249664e28a2b6ee5f37315d19a648ad2218e3b3a17af8a9a56aa100ac49342c2
R101,solomon_txt,3f3655182bc0fe44ce5de65fdcd2ee2f9c7fb9ed055f923635151d9d6f76d3ed,2,1,ok,True,21,1853125,1853.125,0.052876,0.50055,3,time_limit,solomon_exact_1000_v1,missing,,,,,0.5,,10,2,25,bcdbfecac731779090e3a398702ae4d335968003d643f03bf90430cd1a9ec707,False,candidate,249664e28a2b6ee5f37315d19a648ad2218e3b3a17af8a9a56aa100ac49342c2
R102,solomon_txt,eeb23171b7e4fbfc80bf000ca770329109900fbd7273fa8b9d1f95b7dfe683c3,0,1,ok,True,19,1643648,1643.648,0.062635,0.500465,1,time_limit,solomon_exact_1000_v1,missing,,,,,0.5,,10,2,25,bcdbfecac731779090e3a398702ae4d335968003d643f03bf90430cd1a9ec707,False,candidate,249664e28a2b6ee5f37315d19a648ad2218e3b3a17af8a9a56aa100ac49342c2
R102,solomon_txt,eeb23171b7e4fbfc80bf000ca770329109900fbd7273fa8b9d1f95b7dfe683c3,1,1,ok,True,19,1683588,1683.588,0.060023,0.500243,2,time_limit,solomon_exact_1000_v1,missing,,,,,0.5,,10,2,25,bcdbfecac731779090e3a398702ae4d335968003d643f03bf90430cd1a9ec707,False,candidate,249664e28a2b6ee5f37315d19a648ad2218e3b3a17af8a9a56aa100ac49342c2
R102,solomon_txt,eeb23171b7e4fbfc80bf000ca770329109900fbd7273fa8b9d1f95b7dfe683c3,2,1,ok,True,19,1597388,1597.388,0.058941,0.500457,1,time_limit,solomon_exact_1000_v1,missing,,,,,0.5,,10,2,25,bcdbfecac731779090e3a398702ae4d335968003d643f03bf90430cd1a9ec707,False,candidate,249664e28a2b6ee5f37315d19a648ad2218e3b3a17af8a9a56aa100ac49342c2
R103,solomon_txt,1f833e8648ba39e0edc76754fb49e81777a7175cf7b084c3f60a12607bfb3991,0,1,ok,True,14,1530011,1530.011,0.06491,0.500476,3,time_limit,solomon_exact_1000_v1,missing,,,,,0.5,,10,2,25,bcdbfecac731779090e3a398702ae4d335968003d643f03bf90430cd1a9ec707,False,candidate,249664e28a2b6ee5f37315d19a648ad2218e3b3a17af8a9a56aa100ac49342c2
R103,solomon_txt,1f833e8648ba39e0edc76754fb49e81777a7175cf7b084c3f60a12607bfb3991,1,1,ok,True,14,1540812,1540.812,0.073048,0.500513,2,time_limit,solomon_exact_1000_v1,missing,,,,,0.5,,10,2,25,bcdbfecac731779090e3a398702ae4d335968003d643f03bf90430cd1a9ec707,False,candidate,249664e28a2b6ee5f37315d19a648ad2218e3b3a17af8a9a56aa100ac49342c2
R103,solomon_txt,1f833e8648ba39e0edc76754fb49e81777a7175cf7b084c3f60a12607bfb3991,2,1,ok,True,14,1540812,1540.812,0.067585,0.500511,2,time_limit,solomon_exact_1000_v1,missing,,,,,0.5,,10,2,25,bcdbfecac731779090e3a398702ae4d335968003d643f03bf90430cd1a9ec707,False,candidate,249664e28a2b6ee5f37315d19a648ad2218e3b3a17af8a9a56aa100ac49342c2
R104,solomon_txt,dd087124311d91facd81736debbfc7d0f351d27942917e2d76cbafd01e6183b7,0,1,ok,True,11,1186697,1186.697,0.078292,0.500416,1,time_limit,solomon_exact_1000_v1,missing,,,,,0.5,,10,2,25,bcdbfecac731779090e3a398702ae4d335968003d643f03bf90430cd1a9ec707,False,candidate,249664e28a2b6ee5f37315d19a648ad2218e3b3a17af8a9a56aa100ac49342c2
R104,solomon_txt,dd087124311d91facd81736debbfc7d0f351d27942917e2d76cbafd01e6183b7,1,1,ok,True,11,1232313,1232.313,0.074852,0.500428,1,time_limit,solomon_exact_1000_v1,missing,,,,,0.5,,10,2,25,bcdbfecac731779090e3a398702ae4d335968003d643f03bf90430cd1a9ec707,False,candidate,249664e28a2b6ee5f37315d19a648ad2218e3b3a17af8a9a56aa100ac49342c2
R104,solomon_txt,dd087124311d91facd81736debbfc7d0f351d27942917e2d76cbafd01e6183b7,2,1,ok,True,11,1321819,1321.819,0.080175,0.500498,1,time_limit,solomon_exact_1000_v1,missing,,,,,0.5,,10,2,25,bcdbfecac731779090e3a398702ae4d335968003d643f03bf90430cd1a9ec707,False,candidate,249664e28a2b6ee5f37315d19a648ad2218e3b3a17af8a9a56aa100ac49342c2
R105,solomon_txt,ff1a614f8458d6339b3f54d8e4ca2dcf0a35c96012f477f6a819ae481de85ca4,0,1,ok,True,17,1717721,1717.721,0.062256,0.500457,2,time_limit,solomon_exact_1000_v1,missing,,,,,0.5,,10,2,25,bcdbfecac731779090e3a398702ae4d335968003d643f03bf90430cd1a9ec707,False,candidate,249664e28a2b6ee5f37315d19a648ad2218e3b3a17af8a9a56aa100ac49342c2
R105,solomon_txt,ff1a614f8458d6339b3f54d8e4ca2dcf0a35c96012f477f6a819ae481de85ca4,1,1,ok,True,17,1679412,1679.412,0.058215,0.500491,2,time_limit,solomon_exact_1000_v1,missing,,,,,0.5,,10,2,25,bcdbfecac731779090e3a398702ae4d335968003d643f03bf90430cd1a9ec707,False,candidate,249664e28a2b6ee5f37315d19a648ad2218e3b3a17af8a9a56aa100ac49342c2
R105,solomon_txt,ff1a614f8458d6339b3f54d8e4ca2dcf0a35c96012f477f6a819ae481de85ca4,2,1,ok,True,17,1827208,1827.208,0.061841,0.500492,2,time_limit,solomon_exact_1000_v1,missing,,,,,0.5,,10,2,25,bcdbfecac731779090e3a398702ae4d335968003d643f03bf90430cd1a9ec707,False,candidate,249664e28a2b6ee5f37315d19a648ad2218e3b3a17af8a9a56aa100ac49342c2
R106,solomon_txt,31b8783d177f0fbe1c84b8f085fbf28b1989a80e4c00f49f5654ebef99835e97,0,1,ok,True,14,1539783,1539.783,0.067979,0.500483,1,time_limit,solomon_exact_1000_v1,missing,,,,,0.5,,10,2,25,bcdbfecac731779090e3a398702ae4d335968003d643f03bf90430cd1a9ec707,False,candidate,249664e28a2b6ee5f37315d19a648ad2218e3b3a17af8a9a56aa100ac49342c2
R106,solomon_txt,31b8783d177f0fbe1c84b8f085fbf28b1989a80e4c00f49f5654ebef99835e97,1,1,ok,True,14,1635680,1635.68,0.06265,0.500478,2,time_limit,solomon_exact_1000_v1,missing,,,,,0.5,,10,2,25,bcdbfecac731779090e3a398702ae4d335968003d643f03bf90430cd1a9ec707,False,candidate,249664e28a2b6ee5f37315d19a648ad2218e3b3a17af8a9a56aa100ac49342c2
R106,solomon_txt,31b8783d177f0fbe1c84b8f085fbf28b1989a80e4c00f49f5654ebef99835e97,2,1,ok,True,14,1556870,1556.87,0.061116,0.500502,1,time_limit,solomon_exact_1000_v1,missing,,,,,0.5,,10,2,25,bcdbfecac731779090e3a398702ae4d335968003d643f03bf90430cd1a9ec707,False,candidate,249664e28a2b6ee5f37315d19a648ad2218e3b3a17af8a9a56aa100ac49342c2
R107,solomon_txt,dba2b257a1d43d7c78d5e3a9f09091a2b125d3fbec78c0c8a1782add669a1275,0,1,ok,True,12,1281479,1281.479,0.070085,0.50046,1,time_limit,solomon_exact_1000_v1,missing,,,,,0.5,,10,2,25,bcdbfecac731779090e3a398702ae4d335968003d643f03bf90430cd1a9ec707,False,candidate,249664e28a2b6ee5f37315d19a648ad2218e3b3a17af8a9a56aa100ac49342c2
R107,solomon_txt,dba2b257a1d43d7c78d5e3a9f09091a2b125d3fbec78c0c8a1782add669a1275,1,1,ok,True,12,1513908,1513.908,0.06835,0.500448,1,time_limit,solomon_exact_1000_v1,missing,,,,,0.5,,10,2,25,bcdbfecac731779090e3a398702ae4d335968003d643f03bf90430cd1a9ec707,False,candidate,249664e28a2b6ee5f37315d19a648ad2218e3b3a17af8a9a56aa100ac49342c2
R107,solomon_txt,dba2b257a1d43d7c78d5e3a9f09091a2b125d3fbec78c0c8a1782add669a1275,2,1,ok,True,12,1486083,1486.083,0.070095,0.500637,1,time_limit,solomon_exact_1000_v1,missing,,,,,0.5,,10,2,25,bcdbfecac731779090e3a398702ae4d335968003d643f03bf90430cd1a9ec707,False,candidate,249664e28a2b6ee5f37315d19a648ad2218e3b3a17af8a9a56aa100ac49342c2
R108,solomon_txt,65cae09f4099b7e70d2b723e0e3a30aa1494c75a367bb894a3fd13241ee639d4,0,1,ok,True,11,1315436,1315.436,0.076202,0.500447,1,time_limit,solomon_exact_1000_v1,missing,,,,,0.5,,10,2,25,bcdbfecac731779090e3a398702ae4d335968003d643f03bf90430cd1a9ec707,False,candidate,249664e28a2b6ee5f37315d19a648ad2218e3b3a17af8a9a56aa100ac49342c2
R108,solomon_txt,65cae09f4099b7e70d2b723e0e3a30aa1494c75a367bb894a3fd13241ee639d4,1,1,ok,True,10,1128679,1128.679,0.07401,0.500442,1,time_limit,solomon_exact_1000_v1,missing,,,,,0.5,,10,2,25,bcdbfecac731779090e3a398702ae4d335968003d643f03bf90430cd1a9ec707,False,candidate,249664e28a2b6ee5f37315d19a648ad2218e3b3a17af8a9a56aa100ac49342c2
R108,solomon_txt,65cae09f4099b7e70d2b723e0e3a30aa1494c75a367bb894a3fd13241ee639d4,2,1,ok,True,11,1359527,1359.527,0.074755,0.500447,1,time_limit,solomon_exact_1000_v1,missing,,,,,0.5,,10,2,25,bcdbfecac731779090e3a398702ae4d335968003d643f03bf90430cd1a9ec707,False,candidate,249664e28a2b6ee5f37315d19a648ad2218e3b3a17af8a9a56aa100ac49342c2
R109,solomon_txt,4ef24030e8c48de5f85dcd90c5739186004fc8dec87533b6467013cf996f4777,0,1,ok,True,14,1534138,1534.138,0.059307,0.500436,1,time_limit,solomon_exact_1000_v1,missing,,,,,0.5,,10,2,25,bcdbfecac731779090e3a398702ae4d335968003d643f03bf90430cd1a9ec707,False,candidate,249664e28a2b6ee5f37315d19a648ad2218e3b3a17af8a9a56aa100ac49342c2
R109,solomon_txt,4ef24030e8c48de5f85dcd90c5739186004fc8dec87533b6467013cf996f4777,1,1,ok,True,15,1611093,1611.093,0.057264,0.500422,2,time_limit,solomon_exact_1000_v1,missing,,,,,0.5,,10,2,25,bcdbfecac731779090e3a398702ae4d335968003d643f03bf90430cd1a9ec707,False,candidate,249664e28a2b6ee5f37315d19a648ad2218e3b3a17af8a9a56aa100ac49342c2
R109,solomon_txt,4ef24030e8c48de5f85dcd90c5739186004fc8dec87533b6467013cf996f4777,2,1,ok,True,15,1644743,1644.743,0.059988,0.50042,2,time_limit,solomon_exact_1000_v1,missing,,,,,0.5,,10,2,25,bcdbfecac731779090e3a398702ae4d335968003d643f03bf90430cd1a9ec707,False,candidate,249664e28a2b6ee5f37315d19a648ad2218e3b3a17af8a9a56aa100ac49342c2
R110,solomon_txt,14cb53cb99af61d3d708f07564b9a72d146e7c26b4f10507cfaf3bc828f34bfa,0,1,ok,True,13,1561904,1561.904,0.065091,0.500471,1,time_limit,solomon_exact_1000_v1,missing,,,,,0.5,,10,2,25,bcdbfecac731779090e3a398702ae4d335968003d643f03bf90430cd1a9ec707,False,candidate,249664e28a2b6ee5f37315d19a648ad2218e3b3a17af8a9a56aa100ac49342c2
R110,solomon_txt,14cb53cb99af61d3d708f07564b9a72d146e7c26b4f10507cfaf3bc828f34bfa,1,1,ok,True,13,1528079,1528.079,0.067278,0.500477,1,time_limit,solomon_exact_1000_v1,missing,,,,,0.5,,10,2,25,bcdbfecac731779090e3a398702ae4d335968003d643f03bf90430cd1a9ec707,False,candidate,249664e28a2b6ee5f37315d19a648ad2218e3b3a17af8a9a56aa100ac49342c2
R110,solomon_txt,14cb53cb99af61d3d708f07564b9a72d146e7c26b4f10507cfaf3bc828f34bfa,2,1,ok,True,13,1564765,1564.765,0.066599,0.50049,1,time_limit,solomon_exact_1000_v1,missing,,,,,0.5,,10,2,25,bcdbfecac731779090e3a398702ae4d335968003d643f03bf90430cd1a9ec707,False,candidate,249664e28a2b6ee5f37315d19a648ad2218e3b3a17af8a9a56aa100ac49342c2
R111,solomon_txt,3d94a73b1f2fe8aae4618b9d9ea254cff2e3924a6a841aa390096ec6c60f258d,0,1,ok,True,12,1406336,1406.336,0.074567,0.500449,1,time_limit,solomon_exact_1000_v1,missing,,,,,0.5,,10,2,25,bcdbfecac731779090e3a398702ae4d335968003d643f03bf90430cd1a9ec707,False,candidate,249664e28a2b6ee5f37315d19a648ad2218e3b3a17af8a9a56aa100ac49342c2
R111,solomon_txt,3d94a73b1f2fe8aae4618b9d9ea254cff2e3924a6a841aa390096ec6c60f258d,1,1,ok,True,12,1469233,1469.233,0.069257,0.500465,1,time_limit,solomon_exact_1000_v1,missing,,,,,0.5,,10,2,25,bcdbfecac731779090e3a398702ae4d335968003d643f03bf90430cd1a9ec707,False,candidate,249664e28a2b6ee5f37315d19a648ad2218e3b3a17af8a9a56aa100ac49342c2
R111,solomon_txt,3d94a73b1f2fe8aae4618b9d9ea254cff2e3924a6a841aa390096ec6c60f258d,2,1,ok,True,12,1307395,1307.395,0.066557,0.500458,1,time_limit,solomon_exact_1000_v1,missing,,,,,0.5,,10,2,25,bcdbfecac731779090e3a398702ae4d335968003d643f03bf90430cd1a9ec707,False,candidate,249664e28a2b6ee5f37315d19a648ad2218e3b3a17af8a9a56aa100ac49342c2
R112,solomon_txt,a0e93149d59d30c356619891d192e86d0f16c3158e1dac3bd9f23c6deb718271,0,1,ok,True,12,1467289,1467.289,0.067123,0.50041,1,time_limit,solomon_exact_1000_v1,missing,,,,,0.5,,10,2,25,bcdbfecac731779090e3a398702ae4d335968003d643f03bf90430cd1a9ec707,False,candidate,249664e28a2b6ee5f37315d19a648ad2218e3b3a17af8a9a56aa100ac49342c2
R112,solomon_txt,a0e93149d59d30c356619891d192e86d0f16c3158e1dac3bd9f23c6deb718271,1,1,ok,True,13,1430041,1430.041,0.064341,0.500407,1,time_limit,solomon_exact_1000_v1,missing,,,,,0.5,,10,2,25,bcdbfecac731779090e3a398702ae4d335968003d643f03bf90430cd1a9ec707,False,candidate,249664e28a2b6ee5f37315d19a648ad2218e3b3a17af8a9a56aa100ac49342c2
R112,solomon_txt,a0e93149d59d30c356619891d192e86d0f16c3158e1dac3bd9f23c6deb718271,2,1,ok,True,12,1368199,1368.199,0.066606,0.500402,2,time_limit,solomon_exact_1000_v1,missing,,,,,0.5,,10,2,25,bcdbfecac731779090e3a398702ae4d335968003d643f03bf90430cd1a9ec707,False,candidate,249664e28a2b6ee5f37315d19a648ad2218e3b3a17af8a9a56aa100ac49342c2
R201,solomon_txt,0be960ec998fff2cab0bdbcc5194c617e5ca0a79c82c5b32b1d4bd98b2cae210,0,1,ok,True,5,1709237,1709.237,0.134437,0.500537,1,time_limit,solomon_exact_1000_v1,missing,,,,,0.5,,10,2,25,bcdbfecac731779090e3a398702ae4d335968003d643f03bf90430cd1a9ec707,False,candidate,249664e28a2b6ee5f37315d19a648ad2218e3b3a17af8a9a56aa100ac49342c2
R201,solomon_txt,0be960ec998fff2cab0bdbcc5194c617e5ca0a79c82c5b32b1d4bd98b2cae210,1,1,ok,True,4,1666546,1666.546,0.134343,0.50037,1,time_limit,solomon_exact_1000_v1,missing,,,,,0.5,,10,2,25,bcdbfecac731779090e3a398702ae4d335968003d643f03bf90430cd1a9ec707,False,candidate,249664e28a2b6ee5f37315d19a648ad2218e3b3a17af8a9a56aa100ac49342c2
R201,solomon_txt,0be960ec998fff2cab0bdbcc5194c617e5ca0a79c82c5b32b1d4bd98b2cae210,2,1,ok,True,4,1606825,1606.825,0.139393,0.500526,1,time_limit,solomon_exact_1000_v1,missing,,,,,0.5,,10,2,25,bcdbfecac731779090e3a398702ae4d335968003d643f03bf90430cd1a9ec707,False,candidate,249664e28a2b6ee5f37315d19a648ad2218e3b3a17af8a9a56aa100ac49342c2
R202,solomon_txt,1f7761bb33e9dd0c94837b32c72280296ffc283dba997379c7ad75ce00dffc8d,0,1,ok,True,4,1591183,1591.183,0.155326,0.500436,3,time_limit,solomon_exact_1000_v1,missing,,,,,0.5,,10,2,25,bcdbfecac731779090e3a398702ae4d335968003d643f03bf90430cd1a9ec707,False,candidate,249664e28a2b6ee5f37315d19a648ad2218e3b3a17af8a9a56aa100ac49342c2
R202,solomon_txt,1f7761bb33e9dd0c94837b32c72280296ffc283dba997379c7ad75ce00dffc8d,1,1,ok,True,4,1587218,1587.218,0.164631,0.500518,3,time_limit,solomon_exact_1000_v1,missing,,,,,0.5,,10,2,25,bcdbfecac731779090e3a398702ae4d335968003d643f03bf90430cd1a9ec707,False,candidate,249664e28a2b6ee5f37315d19a648ad2218e3b3a17af8a9a56aa100ac49342c2
R202,solomon_txt,1f7761bb33e9dd0c94837b32c72280296ffc283dba997379c7ad75ce00dffc8d,2,1,ok,True,4,1601668,1601.668,0.156958,0.50045,3,time_limit,solomon_exact_1000_v1,missing,,,,,0.5,,10,2,25,bcdbfecac731779090e3a398702ae4d335968003d643f03bf90430cd1a9ec707,False,candidate,249664e28a2b6ee5f37315d19a648ad2218e3b3a17af8a9a56aa100ac49342c2
R203,solomon_txt,38c484db31bd7452a94d533e26a2348ef598df600b79d061d9ddc1c61466a731,0,1,ok,True,3,1279894,1279.894,0.184744,0.500527,2,time_limit,solomon_exact_1000_v1,missing,,,,,0.5,,10,2,25,bcdbfecac731779090e3a398702ae4d335968003d643f03bf90430cd1a9ec707,False,candidate,249664e28a2b6ee5f37315d19a648ad2218e3b3a17af8a9a56aa100ac49342c2
R203,solomon_txt,38c484db31bd7452a94d533e26a2348ef598df600b79d061d9ddc1c61466a731,1,1,ok,True,3,1278270,1278.27,0.169463,0.500568,2,time_limit,solomon_exact_1000_v1,missing,,,,,0.5,,10,2,25,bcdbfecac731779090e3a398702ae4d335968003d643f03bf90430cd1a9ec707,False,candidate,249664e28a2b6ee5f37315d19a648ad2218e3b3a17af8a9a56aa100ac49342c2
R203,solomon_txt,38c484db31bd7452a94d533e26a2348ef598df600b79d061d9ddc1c61466a731,2,1,ok,True,3,1239151,1239.151,0.165961,0.500579,2,time_limit,solomon_exact_1000_v1,missing,,,,,0.5,,10,2,25,bcdbfecac731779090e3a398702ae4d335968003d643f03bf90430cd1a9ec707,False,candidate,249664e28a2b6ee5f37315d19a648ad2218e3b3a17af8a9a56aa100ac49342c2
R204,solomon_txt,5349e37d8df99bcbee1efa2e970d2662b5265e5f82fc609343a6af0a60257abf,0,1,ok,True,3,1330846,1330.846,0.208167,0.500404,1,time_limit,solomon_exact_1000_v1,missing,,,,,0.5,,10,2,25,bcdbfecac731779090e3a398702ae4d335968003d643f03bf90430cd1a9ec707,False,candidate,249664e28a2b6ee5f37315d19a648ad2218e3b3a17af8a9a56aa100ac49342c2
R204,solomon_txt,5349e37d8df99bcbee1efa2e970d2662b5265e5f82fc609343a6af0a60257abf,1,1,ok,True,3,1272466,1272.466,0.212045,0.500202,2,time_limit,solomon_exact_1000_v1,missing,,,,,0.5,,10,2,25,bcdbfecac731779090e3a398702ae4d335968003d643f03bf90430cd1a9ec707,False,candidate,249664e28a2b6ee5f37315d19a648ad2218e3b3a17af8a9a56aa100ac49342c2
R204,solomon_txt,5349e37d8df99bcbee1efa2e970d2662b5265e5f82fc609343a6af0a60257abf,2,1,ok,True,3,1271810,1271.81,0.205329,0.500507,2,time_limit,solomon_exact_1000_v1,missing,,,,,0.5,,10,2,25,bcdbfecac731779090e3a398702ae4d335968003d643f03bf90430cd1a9ec707,False,candidate,249664e28a2b6ee5f37315d19a648ad2218e3b3a17af8a9a56aa100ac49342c2
R205,solomon_txt,1996bf8f10716fb8cfc1a585206a6a6e566f32347c1bb8f36c75ed6c887f77e3,0,1,ok,True,3,1294704,1294.704,0.161768,0.500455,2,time_limit,solomon_exact_1000_v1,missing,,,,,0.5,,10,2,25,bcdbfecac731779090e3a398702ae4d335968003d643f03bf90430cd1a9ec707,False,candidate,249664e28a2b6ee5f37315d19a648ad2218e3b3a17af8a9a56aa100ac49342c2
R205,solomon_txt,1996bf8f10716fb8cfc1a585206a6a6e566f32347c1bb8f36c75ed6c887f77e3,1,1,ok,True,4,1672556,1672.556,0.158484,0.500473,1,time_limit,solomon_exact_1000_v1,missing,,,,,0.5,,10,2,25,bcdbfecac731779090e3a398702ae4d335968003d643f03bf90430cd1a9ec707,False,candidate,249664e28a2b6ee5f37315d19a648ad2218e3b3a17af8a9a56aa100ac49342c2
R205,solomon_txt,1996bf8f10716fb8cfc1a585206a6a6e566f32347c1bb8f36c75ed6c887f77e3,2,1,ok,True,3,1409798,1409.798,0.165081,0.500469,1,time_limit,solomon_exact_1000_v1,missing,,,,,0.5,,10,2,25,bcdbfecac731779090e3a398702ae4d335968003d643f03bf90430cd1a9ec707,False,candidate,249664e28a2b6ee5f37315d19a648ad2218e3b3a17af8a9a56aa100ac49342c2
R206,solomon_txt,c8754a0319264d076c038b1bf023c8c4710e8895fe3e03f485e9ae249f32fe43,0,1,ok,True,3,1515322,1515.322,0.174276,0.500427,2,time_limit,solomon_exact_1000_v1,missing,,,,,0.5,,10,2,25,bcdbfecac731779090e3a398702ae4d335968003d643f03bf90430cd1a9ec707,False,candidate,249664e28a2b6ee5f37315d19a648ad2218e3b3a17af8a9a56aa100ac49342c2
R206,solomon_txt,c8754a0319264d076c038b1bf023c8c4710e8895fe3e03f485e9ae249f32fe43,1,1,ok,True,3,1514164,1514.164,0.172304,0.500232,3,time_limit,solomon_exact_1000_v1,missing,,,,,0.5,,10,2,25,bcdbfecac731779090e3a398702ae4d335968003d643f03bf90430cd1a9ec707,False,candidate,249664e28a2b6ee5f37315d19a648ad2218e3b3a17af8a9a56aa100ac49342c2
R206,solomon_txt,c8754a0319264d076c038b1bf023c8c4710e8895fe3e03f485e9ae249f32fe43,2,1,ok,True,3,1508770,1508.77,0.171439,0.500241,3,time_limit,solomon_exact_1000_v1,missing,,,,,0.5,,10,2,25,bcdbfecac731779090e3a398702ae4d335968003d643f03bf90430cd1a9ec707,False,candidate,249664e28a2b6ee5f37315d19a648ad2218e3b3a17af8a9a56aa100ac49342c2
R207,solomon_txt,52dc8eebba43fdc67ca9aadab228b75a297acb55a87db3e4748e82f623e3cbe6,0,1,ok,True,3,1164515,1164.515,0.196199,0.500404,1,time_limit,solomon_exact_1000_v1,missing,,,,,0.5,,10,2,25,bcdbfecac731779090e3a398702ae4d335968003d643f03bf90430cd1a9ec707,False,candidate,249664e28a2b6ee5f37315d19a648ad2218e3b3a17af8a9a56aa100ac49342c2
R207,solomon_txt,52dc8eebba43fdc67ca9aadab228b75a297acb55a87db3e4748e82f623e3cbe6,1,1,ok,True,3,1100765,1100.765,0.201953,0.500475,1,time_limit,solomon_exact_1000_v1,missing,,,,,0.5,,10,2,25,bcdbfecac731779090e3a398702ae4d335968003d643f03bf90430cd1a9ec707,False,candidate,249664e28a2b6ee5f37315d19a648ad2218e3b3a17af8a9a56aa100ac49342c2
R207,solomon_txt,52dc8eebba43fdc67ca9aadab228b75a297acb55a87db3e4748e82f623e3cbe6,2,1,ok,True,3,1035427,1035.427,0.194166,0.500398,1,time_limit,solomon_exact_1000_v1,missing,,,,,0.5,,10,2,25,bcdbfecac731779090e3a398702ae4d335968003d643f03bf90430cd1a9ec707,False,candidate,249664e28a2b6ee5f37315d19a648ad2218e3b3a17af8a9a56aa100ac49342c2
R208,solomon_txt,7b4a95d500af9329dd08791d39898a619faec0f8fac039d57373e761545b980d,0,1,ok,True,3,957965,957.965,0.222113,0.500362,1,time_limit,solomon_exact_1000_v1,missing,,,,,0.5,,10,2,25,bcdbfecac731779090e3a398702ae4d335968003d643f03bf90430cd1a9ec707,False,candidate,249664e28a2b6ee5f37315d19a648ad2218e3b3a17af8a9a56aa100ac49342c2
R208,solomon_txt,7b4a95d500af9329dd08791d39898a619faec0f8fac039d57373e761545b980d,1,1,ok,True,3,957965,957.965,0.212097,0.500504,1,time_limit,solomon_exact_1000_v1,missing,,,,,0.5,,10,2,25,bcdbfecac731779090e3a398702ae4d335968003d643f03bf90430cd1a9ec707,False,candidate,249664e28a2b6ee5f37315d19a648ad2218e3b3a17af8a9a56aa100ac49342c2
R208,solomon_txt,7b4a95d500af9329dd08791d39898a619faec0f8fac039d57373e761545b980d,2,1,ok,True,3,957965,957.965,0.221517,0.50046,1,time_limit,solomon_exact_1000_v1,missing,,,,,0.5,,10,2,25,bcdbfecac731779090e3a398702ae4d335968003d643f03bf90430cd1a9ec707,False,candidate,249664e28a2b6ee5f37315d19a648ad2218e3b3a17af8a9a56aa100ac49342c2
R209,solomon_txt,5b74156d032babcff853ccc693f94463eca8333cd425aa99a39ed996f6258933,0,1,ok,True,3,1255771,1255.771,0.153957,0.500536,1,time_limit,solomon_exact_1000_v1,missing,,,,,0.5,,10,2,25,bcdbfecac731779090e3a398702ae4d335968003d643f03bf90430cd1a9ec707,False,candidate,249664e28a2b6ee5f37315d19a648ad2218e3b3a17af8a9a56aa100ac49342c2
R209,solomon_txt,5b74156d032babcff853ccc693f94463eca8333cd425aa99a39ed996f6258933,1,1,ok,True,3,1281865,1281.865,0.158001,0.500222,2,time_limit,solomon_exact_1000_v1,missing,,,,,0.5,,10,2,25,bcdbfecac731779090e3a398702ae4d335968003d643f03bf90430cd1a9ec707,False,candidate,249664e28a2b6ee5f37315d19a648ad2218e3b3a17af8a9a56aa100ac49342c2
R209,solomon_txt,5b74156d032babcff853ccc693f94463eca8333cd425aa99a39ed996f6258933,2,1,ok,True,3,1388821,1388.821,0.160409,0.500431,1,time_limit,solomon_exact_1000_v1,missing,,,,,0.5,,10,2,25,bcdbfecac731779090e3a398702ae4d335968003d643f03bf90430cd1a9ec707,False,candidate,249664e28a2b6ee5f37315d19a648ad2218e3b3a17af8a9a56aa100ac49342c2
R210,solomon_txt,4e5772f109fb6183e6a648d6a1edaba3435438c2dc11c42da370fecf7bdf3a14,0,1,ok,True,3,1418144,1418.144,0.170548,0.500452,2,time_limit,solomon_exact_1000_v1,missing,,,,,0.5,,10,2,25,bcdbfecac731779090e3a398702ae4d335968003d643f03bf90430cd1a9ec707,False,candidate,249664e28a2b6ee5f37315d19a648ad2218e3b3a17af8a9a56aa100ac49342c2
R210,solomon_txt,4e5772f109fb6183e6a648d6a1edaba3435438c2dc11c42da370fecf7bdf3a14,1,1,ok,True,3,1418833,1418.833,0.173843,0.500276,3,time_limit,solomon_exact_1000_v1,missing,,,,,0.5,,10,2,25,bcdbfecac731779090e3a398702ae4d335968003d643f03bf90430cd1a9ec707,False,candidate,249664e28a2b6ee5f37315d19a648ad2218e3b3a17af8a9a56aa100ac49342c2
R210,solomon_txt,4e5772f109fb6183e6a648d6a1edaba3435438c2dc11c42da370fecf7bdf3a14,2,1,ok,True,3,1418833,1418.833,0.16692,0.500399,4,time_limit,solomon_exact_1000_v1,missing,,,,,0.5,,10,2,25,bcdbfecac731779090e3a398702ae4d335968003d643f03bf90430cd1a9ec707,False,candidate,249664e28a2b6ee5f37315d19a648ad2218e3b3a17af8a9a56aa100ac49342c2
R211,solomon_txt,2965507e467a2f92acd59035975910e36ae11e4f49590d4c7d20a883939227ad,0,1,ok,True,3,1514848,1514.848,0.182933,0.500364,1,time_limit,solomon_exact_1000_v1,missing,,,,,0.5,,10,2,25,bcdbfecac731779090e3a398702ae4d335968003d643f03bf90430cd1a9ec707,False,candidate,249664e28a2b6ee5f37315d19a648ad2218e3b3a17af8a9a56aa100ac49342c2
R211,solomon_txt,2965507e467a2f92acd59035975910e36ae11e4f49590d4c7d20a883939227ad,1,1,ok,True,3,1514848,1514.848,0.184371,0.500444,1,time_limit,solomon_exact_1000_v1,missing,,,,,0.5,,10,2,25,bcdbfecac731779090e3a398702ae4d335968003d643f03bf90430cd1a9ec707,False,candidate,249664e28a2b6ee5f37315d19a648ad2218e3b3a17af8a9a56aa100ac49342c2
R211,solomon_txt,2965507e467a2f92acd59035975910e36ae11e4f49590d4c7d20a883939227ad,2,1,ok,True,3,1514002,1514.002,0.181107,0.500419,1,time_limit,solomon_exact_1000_v1,missing,,,,,0.5,,10,2,25,bcdbfecac731779090e3a398702ae4d335968003d643f03bf90430cd1a9ec707,False,candidate,249664e28a2b6ee5f37315d19a648ad2218e3b3a17af8a9a56aa100ac49342c2
RC101,solomon_txt,ef6893ffd9746ad96de8e4da6e64e2c4ba6e08a1c7eb9457276a9f1caf01ca12,0,1,ok,True,17,2170071,2170.071,0.060277,0.500519,2,time_limit,solomon_exact_1000_v1,missing,,,,,0.5,,10,2,25,bcdbfecac731779090e3a398702ae4d335968003d643f03bf90430cd1a9ec707,False,candidate,249664e28a2b6ee5f37315d19a648ad2218e3b3a17af8a9a56aa100ac49342c2
RC101,solomon_txt,ef6893ffd9746ad96de8e4da6e64e2c4ba6e08a1c7eb9457276a9f1caf01ca12,1,1,ok,True,18,2074763,2074.763,0.059399,0.500451,1,time_limit,solomon_exact_1000_v1,missing,,,,,0.5,,10,2,25,bcdbfecac731779090e3a398702ae4d335968003d643f03bf90430cd1a9ec707,False,candidate,249664e28a2b6ee5f37315d19a648ad2218e3b3a17af8a9a56aa100ac49342c2
RC101,solomon_txt,ef6893ffd9746ad96de8e4da6e64e2c4ba6e08a1c7eb9457276a9f1caf01ca12,2,1,ok,True,18,1981782,1981.782,0.05728,0.500445,1,time_limit,solomon_exact_1000_v1,missing,,,,,0.5,,10,2,25,bcdbfecac731779090e3a398702ae4d335968003d643f03bf90430cd1a9ec707,False,candidate,249664e28a2b6ee5f37315d19a648ad2218e3b3a17af8a9a56aa100ac49342c2
RC102,solomon_txt,36acd349d34a577c7fadd61f78517c2cb74bd06a490273800c288f341e5785a4,0,1,ok,True,15,1747889,1747.889,0.058667,0.500403,3,time_limit,solomon_exact_1000_v1,missing,,,,,0.5,,10,2,25,bcdbfecac731779090e3a398702ae4d335968003d643f03bf90430cd1a9ec707,False,candidate,249664e28a2b6ee5f37315d19a648ad2218e3b3a17af8a9a56aa100ac49342c2
RC102,solomon_txt,36acd349d34a577c7fadd61f78517c2cb74bd06a490273800c288f341e5785a4,1,1,ok,True,15,1830274,1830.274,0.05951,0.500488,1,time_limit,solomon_exact_1000_v1,missing,,,,,0.5,,10,2,25,bcdbfecac731779090e3a398702ae4d335968003d643f03bf90430cd1a9ec707,False,candidate,249664e28a2b6ee5f37315d19a648ad2218e3b3a17af8a9a56aa100ac49342c2
RC102,solomon_txt,36acd349d34a577c7fadd61f78517c2cb74bd06a490273800c288f341e5785a4,2,1,ok,True,16,1812496,1812.496,0.060476,0.500453,1,time_limit,solomon_exact_1000_v1,missing,,,,,0.5,,10,2,25,bcdbfecac731779090e3a398702ae4d335968003d643f03bf90430cd1a9ec707,False,candidate,249664e28a2b6ee5f37315d19a648ad2218e3b3a17af8a9a56aa100ac49342c2
RC103,solomon_txt,00f384138274d5d2bff5c41601db17cc4ad0cfc6315c27e223d4477bf435cc2d,0,1,ok,True,13,1947404,1947.404,0.067721,0.50044,1,time_limit,solomon_exact_1000_v1,missing,,,,,0.5,,10,2,25,bcdbfecac731779090e3a398702ae4d335968003d643f03bf90430cd1a9ec707,False,candidate,249664e28a2b6ee5f37315d19a648ad2218e3b3a17af8a9a56aa100ac49342c2
RC103,solomon_txt,00f384138274d5d2bff5c41601db17cc4ad0cfc6315c27e223d4477bf435cc2d,1,1,ok,True,12,1702989,1702.989,0.066313,0.500484,1,time_limit,solomon_exact_1000_v1,missing,,,,,0.5,,10,2,25,bcdbfecac731779090e3a398702ae4d335968003d643f03bf90430cd1a9ec707,False,candidate,249664e28a2b6ee5f37315d19a648ad2218e3b3a17af8a9a56aa100ac49342c2
RC103,solomon_txt,00f384138274d5d2bff5c41601db17cc4ad0cfc6315c27e223d4477bf435cc2d,2,1,ok,True,13,1947404,1947.404,0.066758,0.500417,1,time_limit,solomon_exact_1000_v1,missing,,,,,0.5,,10,2,25,bcdbfecac731779090e3a398702ae4d335968003d643f03bf90430cd1a9ec707,False,candidate,249664e28a2b6ee5f37315d19a648ad2218e3b3a17af8a9a56aa100ac49342c2
RC104,solomon_txt,d150b2d61049a488fb89a2320c197d81a7ef9a1864abbbaea1d13a2b451253ee,0,1,ok,True,12,1623508,1623.508,0.078013,0.500426,1,time_limit,solomon_exact_1000_v1,missing,,,,,0.5,,10,2,25,bcdbfecac731779090e3a398702ae4d335968003d643f03bf90430cd1a9ec707,False,candidate,249664e28a2b6ee5f37315d19a648ad2218e3b3a17af8a9a56aa100ac49342c2
RC104,solomon_txt,d150b2d61049a488fb89a2320c197d81a7ef9a1864abbbaea1d13a2b451253ee,1,1,ok,True,12,1635479,1635.479,0.067938,0.500424,1,time_limit,solomon_exact_1000_v1,missing,,,,,0.5,,10,2,25,bcdbfecac731779090e3a398702ae4d335968003d643f03bf90430cd1a9ec707,False,candidate,249664e28a2b6ee5f37315d19a648ad2218e3b3a17af8a9a56aa100ac49342c2
RC104,solomon_txt,d150b2d61049a488fb89a2320c197d81a7ef9a1864abbbaea1d13a2b451253ee,2,1,ok,True,11,1482630,1482.63,0.067762,0.500439,1,time_limit,solomon_exact_1000_v1,missing,,,,,0.5,,10,2,25,bcdbfecac731779090e3a398702ae4d335968003d643f03bf90430cd1a9ec707,False,candidate,249664e28a2b6ee5f37315d19a648ad2218e3b3a17af8a9a56aa100ac49342c2
RC105,solomon_txt,b9e912625c1ed80d2f565e0799ade2f4b17bf4f95056322ca23f1a21b37e7a49,0,1,ok,True,17,2064468,2064.468,0.058666,0.500434,5,time_limit,solomon_exact_1000_v1,missing,,,,,0.5,,10,2,25,bcdbfecac731779090e3a398702ae4d335968003d643f03bf90430cd1a9ec707,False,candidate,249664e28a2b6ee5f37315d19a648ad2218e3b3a17af8a9a56aa100ac49342c2
RC105,solomon_txt,b9e912625c1ed80d2f565e0799ade2f4b17bf4f95056322ca23f1a21b37e7a49,1,1,ok,True,16,2115223,2115.223,0.058375,0.500479,2,time_limit,solomon_exact_1000_v1,missing,,,,,0.5,,10,2,25,bcdbfecac731779090e3a398702ae4d335968003d643f03bf90430cd1a9ec707,False,candidate,249664e28a2b6ee5f37315d19a648ad2218e3b3a17af8a9a56aa100ac49342c2
RC105,solomon_txt,b9e912625c1ed80d2f565e0799ade2f4b17bf4f95056322ca23f1a21b37e7a49,2,1,ok,True,16,1887838,1887.838,0.058044,0.500457,3,time_limit,solomon_exact_1000_v1,missing,,,,,0.5,,10,2,25,bcdbfecac731779090e3a398702ae4d335968003d643f03bf90430cd1a9ec707,False,candidate,249664e28a2b6ee5f37315d19a648ad2218e3b3a17af8a9a56aa100ac49342c2
RC106,solomon_txt,bf016ffc567af2d108570357daf1d0cabb7f680c0bd977d2e4366787683fdbaf,0,1,ok,True,15,2118036,2118.036,0.05873,0.500433,1,time_limit,solomon_exact_1000_v1,missing,,,,,0.5,,10,2,25,bcdbfecac731779090e3a398702ae4d335968003d643f03bf90430cd1a9ec707,False,candidate,249664e28a2b6ee5f37315d19a648ad2218e3b3a17af8a9a56aa100ac49342c2
RC106,solomon_txt,bf016ffc567af2d108570357daf1d0cabb7f680c0bd977d2e4366787683fdbaf,1,1,ok,True,15,1906847,1906.847,0.057565,0.500446,2,time_limit,solomon_exact_1000_v1,missing,,,,,0.5,,10,2,25,bcdbfecac731779090e3a398702ae4d335968003d643f03bf90430cd1a9ec707,False,candidate,249664e28a2b6ee5f37315d19a648ad2218e3b3a17af8a9a56aa100ac49342c2
RC106,solomon_txt,bf016ffc567af2d108570357daf1d0cabb7f680c0bd977d2e4366787683fdbaf,2,1,ok,True,15,1993373,1993.373,0.056856,0.500406,1,time_limit,solomon_exact_1000_v1,missing,,,,,0.5,,10,2,25,bcdbfecac731779090e3a398702ae4d335968003d643f03bf90430cd1a9ec707,False,candidate,249664e28a2b6ee5f37315d19a648ad2218e3b3a17af8a9a56aa100ac49342c2
RC107,solomon_txt,fff3fd68d110671ed442575f07cc547291586f30b00c5f73934d521d31311582,0,1,ok,True,14,1680926,1680.926,0.061914,0.500399,2,time_limit,solomon_exact_1000_v1,missing,,,,,0.5,,10,2,25,bcdbfecac731779090e3a398702ae4d335968003d643f03bf90430cd1a9ec707,False,candidate,249664e28a2b6ee5f37315d19a648ad2218e3b3a17af8a9a56aa100ac49342c2
RC107,solomon_txt,fff3fd68d110671ed442575f07cc547291586f30b00c5f73934d521d31311582,1,1,ok,True,14,1840350,1840.35,0.060813,0.500427,1,time_limit,solomon_exact_1000_v1,missing,,,,,0.5,,10,2,25,bcdbfecac731779090e3a398702ae4d335968003d643f03bf90430cd1a9ec707,False,candidate,249664e28a2b6ee5f37315d19a648ad2218e3b3a17af8a9a56aa100ac49342c2
RC107,solomon_txt,fff3fd68d110671ed442575f07cc547291586f30b00c5f73934d521d31311582,2,1,ok,True,14,1817576,1817.576,0.062234,0.5004,3,time_limit,solomon_exact_1000_v1,missing,,,,,0.5,,10,2,25,bcdbfecac731779090e3a398702ae4d335968003d643f03bf90430cd1a9ec707,False,candidate,249664e28a2b6ee5f37315d19a648ad2218e3b3a17af8a9a56aa100ac49342c2
RC108,solomon_txt,006bc8817bf09f9a8c66af8d6f088bdec239b2eb435556e9d11193cf456f7aeb,0,1,ok,True,14,1956224,1956.224,0.063121,0.500224,2,time_limit,solomon_exact_1000_v1,missing,,,,,0.5,,10,2,25,bcdbfecac731779090e3a398702ae4d335968003d643f03bf90430cd1a9ec707,False,candidate,249664e28a2b6ee5f37315d19a648ad2218e3b3a17af8a9a56aa100ac49342c2
RC108,solomon_txt,006bc8817bf09f9a8c66af8d6f088bdec239b2eb435556e9d11193cf456f7aeb,1,1,ok,True,14,1682165,1682.165,0.06421,0.500426,3,time_limit,solomon_exact_1000_v1,missing,,,,,0.5,,10,2,25,bcdbfecac731779090e3a398702ae4d335968003d643f03bf90430cd1a9ec707,False,candidate,249664e28a2b6ee5f37315d19a648ad2218e3b3a17af8a9a56aa100ac49342c2
RC108,solomon_txt,006bc8817bf09f9a8c66af8d6f088bdec239b2eb435556e9d11193cf456f7aeb,2,1,ok,True,14,1714868,1714.868,0.06235,0.500417,1,time_limit,solomon_exact_1000_v1,missing,,,,,0.5,,10,2,25,bcdbfecac731779090e3a398702ae4d335968003d643f03bf90430cd1a9ec707,False,candidate,249664e28a2b6ee5f37315d19a648ad2218e3b3a17af8a9a56aa100ac49342c2
RC201,solomon_txt,288836e2d8c2ace83ebbff77e03ac8cdffc574fc134cade21ef92713f8c52d44,0,1,ok,True,5,2371707,2371.707,0.12476,0.50021,4,time_limit,solomon_exact_1000_v1,missing,,,,,0.5,,10,2,25,bcdbfecac731779090e3a398702ae4d335968003d643f03bf90430cd1a9ec707,False,candidate,249664e28a2b6ee5f37315d19a648ad2218e3b3a17af8a9a56aa100ac49342c2
RC201,solomon_txt,288836e2d8c2ace83ebbff77e03ac8cdffc574fc134cade21ef92713f8c52d44,1,1,ok,True,5,2376751,2376.751,0.129463,0.500458,4,time_limit,solomon_exact_1000_v1,missing,,,,,0.5,,10,2,25,bcdbfecac731779090e3a398702ae4d335968003d643f03bf90430cd1a9ec707,False,candidate,249664e28a2b6ee5f37315d19a648ad2218e3b3a17af8a9a56aa100ac49342c2
RC201,solomon_txt,288836e2d8c2ace83ebbff77e03ac8cdffc574fc134cade21ef92713f8c52d44,2,1,ok,True,5,2376907,2376.907,0.125691,0.500393,4,time_limit,solomon_exact_1000_v1,missing,,,,,0.5,,10,2,25,bcdbfecac731779090e3a398702ae4d335968003d643f03bf90430cd1a9ec707,False,candidate,249664e28a2b6ee5f37315d19a648ad2218e3b3a17af8a9a56aa100ac49342c2
RC202,solomon_txt,5a1dee2017ab0ca4fe280b392678c96e8b5bc71f22d02c8058fbde7c4cfebcf4,0,1,ok,True,4,1918665,1918.665,0.118536,0.50044,1,time_limit,solomon_exact_1000_v1,missing,,,,,0.5,,10,2,25,bcdbfecac731779090e3a398702ae4d335968003d643f03bf90430cd1a9ec707,False,candidate,249664e28a2b6ee5f37315d19a648ad2218e3b3a17af8a9a56aa100ac49342c2
RC202,solomon_txt,5a1dee2017ab0ca4fe280b392678c96e8b5bc71f22d02c8058fbde7c4cfebcf4,1,1,ok,True,4,1818035,1818.035,0.116806,0.500518,1,time_limit,solomon_exact_1000_v1,missing,,,,,0.5,,10,2,25,bcdbfecac731779090e3a398702ae4d335968003d643f03bf90430cd1a9ec707,False,candidate,249664e28a2b6ee5f37315d19a648ad2218e3b3a17af8a9a56aa100ac49342c2
RC202,solomon_txt,5a1dee2017ab0ca4fe280b392678c96e8b5bc71f22d02c8058fbde7c4cfebcf4,2,1,ok,True,4,1619243,1619.243,0.128357,0.50045,1,time_limit,solomon_exact_1000_v1,missing,,,,,0.5,,10,2,25,bcdbfecac731779090e3a398702ae4d335968003d643f03bf90430cd1a9ec707,False,candidate,249664e28a2b6ee5f37315d19a648ad2218e3b3a17af8a9a56aa100ac49342c2
RC203,solomon_txt,4adcb362c23df91f14b828d4964e9383ffb02ee74217afc2d84571f83ed91f8b,0,1,ok,True,3,1397550,1397.55,0.126547,0.500425,1,time_limit,solomon_exact_1000_v1,missing,,,,,0.5,,10,2,25,bcdbfecac731779090e3a398702ae4d335968003d643f03bf90430cd1a9ec707,False,candidate,249664e28a2b6ee5f37315d19a648ad2218e3b3a17af8a9a56aa100ac49342c2
RC203,solomon_txt,4adcb362c23df91f14b828d4964e9383ffb02ee74217afc2d84571f83ed91f8b,1,1,ok,True,3,1545417,1545.417,0.125179,0.500436,1,time_limit,solomon_exact_1000_v1,missing,,,,,0.5,,10,2,25,bcdbfecac731779090e3a398702ae4d335968003d643f03bf90430cd1a9ec707,False,candidate,249664e28a2b6ee5f37315d19a648ad2218e3b3a17af8a9a56aa100ac49342c2
RC203,solomon_txt,4adcb362c23df91f14b828d4964e9383ffb02ee74217afc2d84571f83ed91f8b,2,1,ok,True,3,1497184,1497.184,0.130069,0.500295,3,time_limit,solomon_exact_1000_v1,missing,,,,,0.5,,10,2,25,bcdbfecac731779090e3a398702ae4d335968003d643f03bf90430cd1a9ec707,False,candidate,249664e28a2b6ee5f37315d19a648ad2218e3b3a17af8a9a56aa100ac49342c2
RC204,solomon_txt,11e827eab51a959ebab66344e7b7cfd1aeed895287653b36a72c86a4440ecd77,0,1,ok,True,3,1500593,1500.593,0.195968,0.500493,1,time_limit,solomon_exact_1000_v1,missing,,,,,0.5,,10,2,25,bcdbfecac731779090e3a398702ae4d335968003d643f03bf90430cd1a9ec707,False,candidate,249664e28a2b6ee5f37315d19a648ad2218e3b3a17af8a9a56aa100ac49342c2
RC204,solomon_txt,11e827eab51a959ebab66344e7b7cfd1aeed895287653b36a72c86a4440ecd77,1,1,ok,True,3,1500593,1500.593,0.193541,0.500522,1,time_limit,solomon_exact_1000_v1,missing,,,,,0.5,,10,2,25,bcdbfecac731779090e3a398702ae4d335968003d643f03bf90430cd1a9ec707,False,candidate,249664e28a2b6ee5f37315d19a648ad2218e3b3a17af8a9a56aa100ac49342c2
RC204,solomon_txt,11e827eab51a959ebab66344e7b7cfd1aeed895287653b36a72c86a4440ecd77,2,1,ok,True,3,1500132,1500.132,0.207392,0.50049,1,time_limit,solomon_exact_1000_v1,missing,,,,,0.5,,10,2,25,bcdbfecac731779090e3a398702ae4d335968003d643f03bf90430cd1a9ec707,False,candidate,249664e28a2b6ee5f37315d19a648ad2218e3b3a17af8a9a56aa100ac49342c2
RC205,solomon_txt,c061d306cf42310b0f3ca15612089f6c5a8d5604c0733bf26852477c787662c9,0,1,ok,True,4,1957709,1957.709,0.140297,0.500409,2,time_limit,solomon_exact_1000_v1,missing,,,,,0.5,,10,2,25,bcdbfecac731779090e3a398702ae4d335968003d643f03bf90430cd1a9ec707,False,candidate,249664e28a2b6ee5f37315d19a648ad2218e3b3a17af8a9a56aa100ac49342c2
RC205,solomon_txt,c061d306cf42310b0f3ca15612089f6c5a8d5604c0733bf26852477c787662c9,1,1,ok,True,4,1741837,1741.837,0.135569,0.500248,2,time_limit,solomon_exact_1000_v1,missing,,,,,0.5,,10,2,25,bcdbfecac731779090e3a398702ae4d335968003d643f03bf90430cd1a9ec707,False,candidate,249664e28a2b6ee5f37315d19a648ad2218e3b3a17af8a9a56aa100ac49342c2
RC205,solomon_txt,c061d306cf42310b0f3ca15612089f6c5a8d5604c0733bf26852477c787662c9,2,1,ok,True,4,1695424,1695.424,0.139755,0.500478,1,time_limit,solomon_exact_1000_v1,missing,,,,,0.5,,10,2,25,bcdbfecac731779090e3a398702ae4d335968003d643f03bf90430cd1a9ec707,False,candidate,249664e28a2b6ee5f37315d19a648ad2218e3b3a17af8a9a56aa100ac49342c2
RC206,solomon_txt,5203aecf67c84df49e152645312a837ffefde529314ff892ca061538816e43a9,0,1,ok,True,4,2079886,2079.886,0.133147,0.500393,1,time_limit,solomon_exact_1000_v1,missing,,,,,0.5,,10,2,25,bcdbfecac731779090e3a398702ae4d335968003d643f03bf90430cd1a9ec707,False,candidate,249664e28a2b6ee5f37315d19a648ad2218e3b3a17af8a9a56aa100ac49342c2
RC206,solomon_txt,5203aecf67c84df49e152645312a837ffefde529314ff892ca061538816e43a9,1,1,ok,True,4,1770626,1770.626,0.136531,0.500489,1,time_limit,solomon_exact_1000_v1,missing,,,,,0.5,,10,2,25,bcdbfecac731779090e3a398702ae4d335968003d643f03bf90430cd1a9ec707,False,candidate,249664e28a2b6ee5f37315d19a648ad2218e3b3a17af8a9a56aa100ac49342c2
RC206,solomon_txt,5203aecf67c84df49e152645312a837ffefde529314ff892ca061538816e43a9,2,1,ok,True,4,1725004,1725.004,0.139374,0.500521,1,time_limit,solomon_exact_1000_v1,missing,,,,,0.5,,10,2,25,bcdbfecac731779090e3a398702ae4d335968003d643f03bf90430cd1a9ec707,False,candidate,249664e28a2b6ee5f37315d19a648ad2218e3b3a17af8a9a56aa100ac49342c2
RC207,solomon_txt,5cab65f99b350cdb8fb1c4d0a12dde85eb4ff6a6d6daf292b182cb73de9a8b63,0,1,ok,True,4,1898824,1898.824,0.147405,0.500435,1,time_limit,solomon_exact_1000_v1,missing,,,,,0.5,,10,2,25,bcdbfecac731779090e3a398702ae4d335968003d643f03bf90430cd1a9ec707,False,candidate,249664e28a2b6ee5f37315d19a648ad2218e3b3a17af8a9a56aa100ac49342c2
RC207,solomon_txt,5cab65f99b350cdb8fb1c4d0a12dde85eb4ff6a6d6daf292b182cb73de9a8b63,1,1,ok,True,3,1405392,1405.392,0.154083,0.500452,1,time_limit,solomon_exact_1000_v1,missing,,,,,0.5,,10,2,25,bcdbfecac731779090e3a398702ae4d335968003d643f03bf90430cd1a9ec707,False,candidate,249664e28a2b6ee5f37315d19a648ad2218e3b3a17af8a9a56aa100ac49342c2
RC207,solomon_txt,5cab65f99b350cdb8fb1c4d0a12dde85eb4ff6a6d6daf292b182cb73de9a8b63,2,1,ok,True,4,1907431,1907.431,0.155933,0.500396,1,time_limit,solomon_exact_1000_v1,missing,,,,,0.5,,10,2,25,bcdbfecac731779090e3a398702ae4d335968003d643f03bf90430cd1a9ec707,False,candidate,249664e28a2b6ee5f37315d19a648ad2218e3b3a17af8a9a56aa100ac49342c2
RC208,solomon_txt,3d67d2a8e2758a324643f5d6c6ca87e8c56435273eaa04be33f213bb991f1f28,0,1,ok,True,3,1356630,1356.63,0.191955,0.500384,1,time_limit,solomon_exact_1000_v1,missing,,,,,0.5,,10,2,25,bcdbfecac731779090e3a398702ae4d335968003d643f03bf90430cd1a9ec707,False,candidate,249664e28a2b6ee5f37315d19a648ad2218e3b3a17af8a9a56aa100ac49342c2
RC208,solomon_txt,3d67d2a8e2758a324643f5d6c6ca87e8c56435273eaa04be33f213bb991f1f28,1,1,ok,True,4,1913075,1913.075,0.151095,0.50037,1,time_limit,solomon_exact_1000_v1,missing,,,,,0.5,,10,2,25,bcdbfecac731779090e3a398702ae4d335968003d643f03bf90430cd1a9ec707,False,candidate,249664e28a2b6ee5f37315d19a648ad2218e3b3a17af8a9a56aa100ac49342c2
RC208,solomon_txt,3d67d2a8e2758a324643f5d6c6ca87e8c56435273eaa04be33f213bb991f1f28,2,1,ok,True,4,1909257,1909.257,0.155795,0.500425,1,time_limit,solomon_exact_1000_v1,missing,,,,,0.5,,10,2,25,bcdbfecac731779090e3a398702ae4d335968003d643f03bf90430cd1a9ec707,False,candidate,249664e28a2b6ee5f37315d19a648ad2218e3b3a17af8a9a56aa100ac49342c2
C101,solomon_txt,a6da75152d182d60ecd2c6f854296f5be452f92282d096adebcf5d99a7f16516,0,1,ok,True,11,1015038,1015.038,0.071162,0.500438,0,time_limit,solomon_exact_1000_v1,missing,,,,,0.5,,100,2,25,fb89464a08a8315316a993462b898339a1874a83f2825c9a1b6ff87072390d28,False,baseline,94584996df0a3595e0aecc2e477200b9fac89aecf145f121af818315d48d5bd7
C101,solomon_txt,a6da75152d182d60ecd2c6f854296f5be452f92282d096adebcf5d99a7f16516,1,1,ok,True,10,828937,828.937,0.066987,0.500473,1,time_limit,solomon_exact_1000_v1,missing,,,,,0.5,,100,2,25,fb89464a08a8315316a993462b898339a1874a83f2825c9a1b6ff87072390d28,False,baseline,94584996df0a3595e0aecc2e477200b9fac89aecf145f121af818315d48d5bd7
C101,solomon_txt,a6da75152d182d60ecd2c6f854296f5be452f92282d096adebcf5d99a7f16516,2,1,ok,True,10,828937,828.937,0.067645,0.50044,1,time_limit,solomon_exact_1000_v1,missing,,,,,0.5,,100,2,25,fb89464a08a8315316a993462b898339a1874a83f2825c9a1b6ff87072390d28,False,baseline,94584996df0a3595e0aecc2e477200b9fac89aecf145f121af818315d48d5bd7
C102,solomon_txt,f89a0e2a760cc7448a4ca72b88e5b29b94d64b5548f3320f42a6230025ead653,0,1,ok,True,10,1258253,1258.253,0.076046,0.500526,2,time_limit,solomon_exact_1000_v1,missing,,,,,0.5,,100,2,25,fb89464a08a8315316a993462b898339a1874a83f2825c9a1b6ff87072390d28,False,baseline,94584996df0a3595e0aecc2e477200b9fac89aecf145f121af818315d48d5bd7
C102,solomon_txt,f89a0e2a760cc7448a4ca72b88e5b29b94d64b5548f3320f42a6230025ead653,1,1,ok,True,10,1258583,1258.583,0.109979,0.500617,1,time_limit,solomon_exact_1000_v1,missing,,,,,0.5,,100,2,25,fb89464a08a8315316a993462b898339a1874a83f2825c9a1b6ff87072390d28,False,baseline,94584996df0a3595e0aecc2e477200b9fac89aecf145f121af818315d48d5bd7
C102,solomon_txt,f89a0e2a760cc7448a4ca72b88e5b29b94d64b5548f3320f42a6230025ead653,2,1,ok,True,10,1258583,1258.583,0.116675,0.500724,1,time_limit,solomon_exact_1000_v1,missing,,,,,0.5,,100,2,25,fb89464a08a8315316a993462b898339a1874a83f2825c9a1b6ff87072390d28,False,baseline,94584996df0a3595e0aecc2e477200b9fac89aecf145f121af818315d48d5bd7
C103,solomon_txt,a55cabf15e0da9d65696a5fb45c9852889479893f76f772a428ca15d1b415a51,0,1,ok,True,10,1842860,1842.86,0.126217,0.500627,1,time_limit,solomon_exact_1000_v1,missing,,,,,0.5,,100,2,25,fb89464a08a8315316a993462b898339a1874a83f2825c9a1b6ff87072390d28,False,baseline,94584996df0a3595e0aecc2e477200b9fac89aecf145f121af818315d48d5bd7
C103,solomon_txt,a55cabf15e0da9d65696a5fb45c9852889479893f76f772a428ca15d1b415a51,1,1,ok,True,10,1812148,1812.148,0.11995,0.500666,5,time_limit,solomon_exact_1000_v1,missing,,,,,0.5,,100,2,25,fb89464a08a8315316a993462b898339a1874a83f2825c9a1b6ff87072390d28,False,baseline,94584996df0a3595e0aecc2e477200b9fac89aecf145f121af818315d48d5bd7
C103,solomon_txt,a55cabf15e0da9d65696a5fb45c9852889479893f76f772a428ca15d1b415a51,2,1,ok,True,10,1821945,1821.945,0.123817,0.500602,4,time_limit,solomon_exact_1000_v1,missing,,,,,0.5,,100,2,25,fb89464a08a8315316a993462b898339a1874a83f2825c9a1b6ff87072390d28,False,baseline,94584996df0a3595e0aecc2e477200b9fac89aecf145f121af818315d48d5bd7
C104,solomon_txt,fe333e81625ee5a75bb2ce98c2c9f356d07289237865b62a23ba2f32f0de5ee2,0,1,ok,True,10,1877310,1877.31,0.132648,0.500627,3,time_limit,solomon_exact_1000_v1,missing,,,,,0.5,,100,2,25,fb89464a08a8315316a993462b898339a1874a83f2825c9a1b6ff87072390d28,False,baseline,94584996df0a3595e0aecc2e477200b9fac89aecf145f121af818315d48d5bd7
C104,solomon_txt,fe333e81625ee5a75bb2ce98c2c9f356d07289237865b62a23ba2f32f0de5ee2,1,1,ok,True,10,1948625,1948.625,0.1373,0.500593,3,time_limit,solomon_exact_1000_v1,missing,,,,,0.5,,100,2,25,fb89464a08a8315316a993462b898339a1874a83f2825c9a1b6ff87072390d28,False,baseline,94584996df0a3595e0aecc2e477200b9fac89aecf145f121af818315d48d5bd7
C104,solomon_txt,fe333e81625ee5a75bb2ce98c2c9f356d07289237865b62a23ba2f32f0de5ee2,2,1,ok,True,10,1892121,1892.121,0.119644,0.50058,3,time_limit,solomon_exact_1000_v1,missing,,,,,0.5,,100,2,25,fb89464a08a8315316a993462b898339a1874a83f2825c9a1b6ff87072390d28,False,baseline,94584996df0a3595e0aecc2e477200b9fac89aecf145f121af818315d48d5bd7
C105,solomon_txt,9a877a3a6fb922e7ad9297cc0308bc8a5652cb1495a0228ee6b81b2d938aa29f,0,1,ok,True,11,1244285,1244.285,0.108974,0.500679,0,time_limit,solomon_exact_1000_v1,missing,,,,,0.5,,100,2,25,fb89464a08a8315316a993462b898339a1874a83f2825c9a1b6ff87072390d28,False,baseline,94584996df0a3595e0aecc2e477200b9fac89aecf145f121af818315d48d5bd7
C105,solomon_txt,9a877a3a6fb922e7ad9297cc0308bc8a5652cb1495a0228ee6b81b2d938aa29f,1,1,ok,True,10,1039051,1039.051,0.112597,0.500575,1,time_limit,solomon_exact_1000_v1,missing,,,,,0.5,,100,2,25,fb89464a08a8315316a993462b898339a1874a83f2825c9a1b6ff87072390d28,False,baseline,94584996df0a3595e0aecc2e477200b9fac89aecf145f121af818315d48d5bd7
C105,solomon_txt,9a877a3a6fb922e7ad9297cc0308bc8a5652cb1495a0228ee6b81b2d938aa29f,2,1,ok,True,10,1066901,1066.901,0.098334,0.500616,1,time_limit,solomon_exact_1000_v1,missing,,,,,0.5,,100,2,25,fb89464a08a8315316a993462b898339a1874a83f2825c9a1b6ff87072390d28,False,baseline,94584996df0a3595e0aecc2e477200b9fac89aecf145f121af818315d48d5bd7
C106,solomon_txt,ec9b419bed53e9c607cce76e8c6bc59feb6e4d17646905601f008a4141ec7b40,0,1,ok,True,11,1084360,1084.36,0.095392,0.500952,0,time_limit,solomon_exact_1000_v1,missing,,,,,0.5,,100,2,25,fb89464a08a8315316a993462b898339a1874a83f2825c9a1b6ff87072390d28,False,baseline,94584996df0a3595e0aecc2e477200b9fac89aecf145f121af818315d48d5bd7
C106,solomon_txt,ec9b419bed53e9c607cce76e8c6bc59feb6e4d17646905601f008a4141ec7b40,1,1,ok,True,10,1100696,1100.696,0.095806,0.50071,1,time_limit,solomon_exact_1000_v1,missing,,,,,0.5,,100,2,25,fb89464a08a8315316a993462b898339a1874a83f2825c9a1b6ff87072390d28,False,baseline,94584996df0a3595e0aecc2e477200b9fac89aecf145f121af818315d48d5bd7
C106,solomon_txt,ec9b419bed53e9c607cce76e8c6bc59feb6e4d17646905601f008a4141ec7b40,2,1,ok,True,10,1084912,1084.912,0.096029,0.500656,1,time_limit,solomon_exact_1000_v1,missing,,,,,0.5,,100,2,25,fb89464a08a8315316a993462b898339a1874a83f2825c9a1b6ff87072390d28,False,baseline,94584996df0a3595e0aecc2e477200b9fac89aecf145f121af818315d48d5bd7
C107,solomon_txt,cb3cdc10d812fa17370eb52cb753b6b0574426dc6fabeb8b9076ed750ddf05ca,0,1,ok,True,10,1037431,1037.431,0.109122,0.500569,1,time_limit,solomon_exact_1000_v1,missing,,,,,0.5,,100,2,25,fb89464a08a8315316a993462b898339a1874a83f2825c9a1b6ff87072390d28,False,baseline,94584996df0a3595e0aecc2e477200b9fac89aecf145f121af818315d48d5bd7
C107,solomon_txt,cb3cdc10d812fa17370eb52cb753b6b0574426dc6fabeb8b9076ed750ddf05ca,1,1,ok,True,10,1119053,1119.053,0.102859,0.500841,1,time_limit,solomon_exact_1000_v1,missing,,,,,0.5,,100,2,25,fb89464a08a8315316a993462b898339a1874a83f2825c9a1b6ff87072390d28,False,baseline,94584996df0a3595e0aecc2e477200b9fac89aecf145f121af818315d48d5bd7
C107,solomon_txt,cb3cdc10d812fa17370eb52cb753b6b0574426dc6fabeb8b9076ed750ddf05ca,2,1,ok,True,10,1087988,1087.988,0.103198,0.500642,1,time_limit,solomon_exact_1000_v1,missing,,,,,0.5,,100,2,25,fb89464a08a8315316a993462b898339a1874a83f2825c9a1b6ff87072390d28,False,baseline,94584996df0a3595e0aecc2e477200b9fac89aecf145f121af818315d48d5bd7
C108,solomon_txt,b8c7e48f292b66b283d8e71511e3a4eccaa4c4bc66b9313c399e73b0226f5953,0,1,ok,True,11,2132182,2132.182,0.097362,0.500698,0,time_limit,solomon_exact_1000_v1,missing,,,,,0.5,,100,2,25,fb89464a08a8315316a993462b898339a1874a83f2825c9a1b6ff87072390d28,False,baseline,94584996df0a3595e0aecc2e477200b9fac89aecf145f121af818315d48d5bd7
C108,solomon_txt,b8c7e48f292b66b283d8e71511e3a4eccaa4c4bc66b9313c399e73b0226f5953,1,1,ok,True,10,1562897,1562.897,0.09884,0.500609,2,time_limit,solomon_exact_1000_v1,missing,,,,,0.5,,100,2,25,fb89464a08a8315316a993462b898339a1874a83f2825c9a1b6ff87072390d28,False,baseline,94584996df0a3595e0aecc2e477200b9fac89aecf145f121af818315d48d5bd7
C108,solomon_txt,b8c7e48f292b66b283d8e71511e3a4eccaa4c4bc66b9313c399e73b0226f5953,2,1,ok,True,10,1419591,1419.591,0.109483,0.500672,2,time_limit,solomon_exact_1000_v1,missing,,,,,0.5,,100,2,25,fb89464a08a8315316a993462b898339a1874a83f2825c9a1b6ff87072390d28,False,baseline,94584996df0a3595e0aecc2e477200b9fac89aecf145f121af818315d48d5bd7
C109,solomon_txt,72d8489e14bf1bb18456f0b21b01110506cbcc2354719dae8481b480150f142a,0,1,ok,True,10,1664883,1664.883,0.115523,0.500667,4,time_limit,solomon_exact_1000_v1,missing,,,,,0.5,,100,2,25,fb89464a08a8315316a993462b898339a1874a83f2825c9a1b6ff87072390d28,False,baseline,94584996df0a3595e0aecc2e477200b9fac89aecf145f121af818315d48d5bd7
C109,solomon_txt,72d8489e14bf1bb18456f0b21b01110506cbcc2354719dae8481b480150f142a,1,1,ok,True,10,1613834,1613.834,0.122284,0.500644,4,time_limit,solomon_exact_1000_v1,missing,,,,,0.5,,100,2,25,fb89464a08a8315316a993462b898339a1874a83f2825c9a1b6ff87072390d28,False,baseline,94584996df0a3595e0aecc2e477200b9fac89aecf145f121af818315d48d5bd7
C109,solomon_txt,72d8489e14bf1bb18456f0b21b01110506cbcc2354719dae8481b480150f142a,2,1,ok,True,10,1667547,1667.547,0.121705,0.500921,3,time_limit,solomon_exact_1000_v1,missing,,,,,0.5,,100,2,25,fb89464a08a8315316a993462b898339a1874a83f2825c9a1b6ff87072390d28,False,baseline,94584996df0a3595e0aecc2e477200b9fac89aecf145f121af818315d48d5bd7
C201,solomon_txt,d8d9834087ae2326fa23a8510533060233dc9fb481873be60956eb26a880ad63,0,1,ok,True,3,704252,704.252,0.271688,0.500635,1,time_limit,solomon_exact_1000_v1,missing,,,,,0.5,,100,2,25,fb89464a08a8315316a993462b898339a1874a83f2825c9a1b6ff87072390d28,False,baseline,94584996df0a3595e0aecc2e477200b9fac89aecf145f121af818315d48d5bd7
C201,solomon_txt,d8d9834087ae2326fa23a8510533060233dc9fb481873be60956eb26a880ad63,1,1,ok,True,3,704252,704.252,0.292006,0.500892,1,time_limit,solomon_exact_1000_v1,missing,,,,,0.5,,100,2,25,fb89464a08a8315316a993462b898339a1874a83f2825c9a1b6ff87072390d28,False,baseline,94584996df0a3595e0aecc2e477200b9fac89aecf145f121af818315d48d5bd7
C201,solomon_txt,d8d9834087ae2326fa23a8510533060233dc9fb481873be60956eb26a880ad63,2,1,ok,True,3,704252,704.252,0.317548,0.50086,1,time_limit,solomon_exact_1000_v1,missing,,,,,0.5,,100,2,25,fb89464a08a8315316a993462b898339a1874a83f2825c9a1b6ff87072390d28,False,baseline,94584996df0a3595e0aecc2e477200b9fac89aecf145f121af818315d48d5bd7
C202,solomon_txt,dfc8ecad79f6c7ffb096cd36994143569f0babe284d5ad194683271d81063772,0,1,ok,True,3,749519,749.519,0.283825,0.500709,1,time_limit,solomon_exact_1000_v1,missing,,,,,0.5,,100,2,25,fb89464a08a8315316a993462b898339a1874a83f2825c9a1b6ff87072390d28,False,baseline,94584996df0a3595e0aecc2e477200b9fac89aecf145f121af818315d48d5bd7
C202,solomon_txt,dfc8ecad79f6c7ffb096cd36994143569f0babe284d5ad194683271d81063772,1,1,ok,True,3,746236,746.236,0.297994,0.501231,1,time_limit,solomon_exact_1000_v1,missing,,,,,0.5,,100,2,25,fb89464a08a8315316a993462b898339a1874a83f2825c9a1b6ff87072390d28,False,baseline,94584996df0a3595e0aecc2e477200b9fac89aecf145f121af818315d48d5bd7
C202,solomon_txt,dfc8ecad79f6c7ffb096cd36994143569f0babe284d5ad194683271d81063772,2,1,ok,True,3,746236,746.236,0.298983,0.50063,1,time_limit,solomon_exact_1000_v1,missing,,,,,0.5,,100,2,25,fb89464a08a8315316a993462b898339a1874a83f2825c9a1b6ff87072390d28,False,baseline,94584996df0a3595e0aecc2e477200b9fac89aecf145f121af818315d48d5bd7
C203,solomon_txt,2b79eea2962a848cb29f6153d4fb4ae725d35507686d937da6643b33fcd85062,0,1,ok,True,4,894861,894.861,0.258771,0.500583,0,time_limit,solomon_exact_1000_v1,missing,,,,,0.5,,100,2,25,fb89464a08a8315316a993462b898339a1874a83f2825c9a1b6ff87072390d28,False,baseline,94584996df0a3595e0aecc2e477200b9fac89aecf145f121af818315d48d5bd7
C203,solomon_txt,2b79eea2962a848cb29f6153d4fb4ae725d35507686d937da6643b33fcd85062,1,1,ok,True,4,894861,894.861,0.276264,0.500597,0,time_limit,solomon_exact_1000_v1,missing,,,,,0.5,,100,2,25,fb89464a08a8315316a993462b898339a1874a83f2825c9a1b6ff87072390d28,False,baseline,94584996df0a3595e0aecc2e477200b9fac89aecf145f121af818315d48d5bd7
C203,solomon_txt,2b79eea2962a848cb29f6153d4fb4ae725d35507686d937da6643b33fcd85062,2,1,ok,True,3,695185,695.185,0.24566,0.500512,1,time_limit,solomon_exact_1000_v1,missing,,,,,0.5,,100,2,25,fb89464a08a8315316a993462b898339a1874a83f2825c9a1b6ff87072390d28,False,baseline,94584996df0a3595e0aecc2e477200b9fac89aecf145f121af818315d48d5bd7
C204,solomon_txt,4331b2744d34e32c2987e3fe8a82b782a2039d757d2aac818f7e0fd21117bfb4,0,1,ok,True,4,1439548,1439.548,0.260574,0.500937,0,time_limit,solomon_exact_1000_v1,missing,,,,,0.5,,100,2,25,fb89464a08a8315316a993462b898339a1874a83f2825c9a1b6ff87072390d28,False,baseline,94584996df0a3595e0aecc2e477200b9fac89aecf145f121af818315d48d5bd7
C204,solomon_txt,4331b2744d34e32c2987e3fe8a82b782a2039d757d2aac818f7e0fd21117bfb4,1,1,ok,True,4,1439548,1439.548,0.34427,0.500949,0,time_limit,solomon_exact_1000_v1,missing,,,,,0.5,,100,2,25,fb89464a08a8315316a993462b898339a1874a83f2825c9a1b6ff87072390d28,False,baseline,94584996df0a3595e0aecc2e477200b9fac89aecf145f121af818315d48d5bd7
C204,solomon_txt,4331b2744d34e32c2987e3fe8a82b782a2039d757d2aac818f7e0fd21117bfb4,2,1,ok,True,4,1439548,1439.548,0.426351,0.500559,0,time_limit,solomon_exact_1000_v1,missing,,,,,0.5,,100,2,25,fb89464a08a8315316a993462b898339a1874a83f2825c9a1b6ff87072390d28,False,baseline,94584996df0a3595e0aecc2e477200b9fac89aecf145f121af818315d48d5bd7
C205,solomon_txt,15be2bb8c3e4ad99a79d1e7ee0472223feb95a4f423d010e032bda0a87266ca5,0,1,ok,True,4,912158,912.158,0.258062,0.501146,0,time_limit,solomon_exact_1000_v1,missing,,,,,0.5,,100,2,25,fb89464a08a8315316a993462b898339a1874a83f2825c9a1b6ff87072390d28,False,baseline,94584996df0a3595e0aecc2e477200b9fac89aecf145f121af818315d48d5bd7
C205,solomon_txt,15be2bb8c3e4ad99a79d1e7ee0472223feb95a4f423d010e032bda0a87266ca5,1,1,ok,True,4,912158,912.158,0.328989,0.500586,0,time_limit,solomon_exact_1000_v1,missing,,,,,0.5,,100,2,25,fb89464a08a8315316a993462b898339a1874a83f2825c9a1b6ff87072390d28,False,baseline,94584996df0a3595e0aecc2e477200b9fac89aecf145f121af818315d48d5bd7
C205,solomon_txt,15be2bb8c3e4ad99a79d1e7ee0472223feb95a4f423d010e032bda0a87266ca5,2,1,ok,True,4,912158,912.158,0.263863,0.500563,0,time_limit,solomon_exact_1000_v1,missing,,,,,0.5,,100,2,25,fb89464a08a8315316a993462b898339a1874a83f2825c9a1b6ff87072390d28,False,baseline,94584996df0a3595e0aecc2e477200b9fac89aecf145f121af818315d48d5bd7
C206,solomon_txt,745b6c7042707ffbbfc4d681ee02a84431425f1dfb3c8aa85ecf003fec8f7e53,0,1,ok,True,4,1154595,1154.595,0.339056,0.500723,0,time_limit,solomon_exact_1000_v1,missing,,,,,0.5,,100,2,25,fb89464a08a8315316a993462b898339a1874a83f2825c9a1b6ff87072390d28,False,baseline,94584996df0a3595e0aecc2e477200b9fac89aecf145f121af818315d48d5bd7
C206,solomon_txt,745b6c7042707ffbbfc4d681ee02a84431425f1dfb3c8aa85ecf003fec8f7e53,1,1,ok,True,4,1154595,1154.595,0.277549,0.500644,0,time_limit,solomon_exact_1000_v1,missing,,,,,0.5,,100,2,25,fb89464a08a8315316a993462b898339a1874a83f2825c9a1b6ff87072390d28,False,baseline,94584996df0a3595e0aecc2e477200b9fac89aecf145f121af818315d48d5bd7
C206,solomon_txt,745b6c7042707ffbbfc4d681ee02a84431425f1dfb3c8aa85ecf003fec8f7e53,2,1,ok,True,4,1154595,1154.595,0.424033,0.500569,0,time_limit,solomon_exact_1000_v1,missing,,,,,0.5,,100,2,25,fb89464a08a8315316a993462b898339a1874a83f2825c9a1b6ff87072390d28,False,baseline,94584996df0a3595e0aecc2e477200b9fac89aecf145f121af818315d48d5bd7
C207,solomon_txt,a33f03570a944c8a6d185fd6a173e66c68e67c399a4958b2d5b6d49533ace4a4,0,1,ok,True,4,980937,980.937,0.356714,0.500592,0,time_limit,solomon_exact_1000_v1,missing,,,,,0.5,,100,2,25,fb89464a08a8315316a993462b898339a1874a83f2825c9a1b6ff87072390d28,False,baseline,94584996df0a3595e0aecc2e477200b9fac89aecf145f121af818315d48d5bd7
C207,solomon_txt,a33f03570a944c8a6d185fd6a173e66c68e67c399a4958b2d5b6d49533ace4a4,1,1,ok,True,4,980937,980.937,0.344341,0.500595,0,time_limit,solomon_exact_1000_v1,missing,,,,,0.5,,100,2,25,fb89464a08a8315316a993462b898339a1874a83f2825c9a1b6ff87072390d28,False,baseline,94584996df0a3595e0aecc2e477200b9fac89aecf145f121af818315d48d5bd7
C207,solomon_txt,a33f03570a944c8a6d185fd6a173e66c68e67c399a4958b2d5b6d49533ace4a4,2,1,ok,True,4,980937,980.937,0.370889,0.500579,0,time_limit,solomon_exact_1000_v1,missing,,,,,0.5,,100,2,25,fb89464a08a8315316a993462b898339a1874a83f2825c9a1b6ff87072390d28,False,baseline,94584996df0a3595e0aecc2e477200b9fac89aecf145f121af818315d48d5bd7
C208,solomon_txt,1c2f2381b8743680dbeb34322869cbf5a6cdd8c281f4bcffdb99b533e601874b,0,1,ok,True,4,957831,957.831,0.311994,0.501006,0,time_limit,solomon_exact_1000_v1,missing,,,,,0.5,,100,2,25,fb89464a08a8315316a993462b898339a1874a83f2825c9a1b6ff87072390d28,False,baseline,94584996df0a3595e0aecc2e477200b9fac89aecf145f121af818315d48d5bd7
C208,solomon_txt,1c2f2381b8743680dbeb34322869cbf5a6cdd8c281f4bcffdb99b533e601874b,1,1,ok,True,4,957831,957.831,0.275304,0.500624,0,time_limit,solomon_exact_1000_v1,missing,,,,,0.5,,100,2,25,fb89464a08a8315316a993462b898339a1874a83f2825c9a1b6ff87072390d28,False,baseline,94584996df0a3595e0aecc2e477200b9fac89aecf145f121af818315d48d5bd7
C208,solomon_txt,1c2f2381b8743680dbeb34322869cbf5a6cdd8c281f4bcffdb99b533e601874b,2,1,ok,True,4,957831,957.831,0.304739,0.500974,0,time_limit,solomon_exact_1000_v1,missing,,,,,0.5,,100,2,25,fb89464a08a8315316a993462b898339a1874a83f2825c9a1b6ff87072390d28,False,baseline,94584996df0a3595e0aecc2e477200b9fac89aecf145f121af818315d48d5bd7
R101,solomon_txt,3f3655182bc0fe44ce5de65fdcd2ee2f9c7fb9ed055f923635151d9d6f76d3ed,0,1,ok,True,22,1914025,1914.025,0.075965,0.501128,0,time_limit,solomon_exact_1000_v1,missing,,,,,0.5,,100,2,25,fb89464a08a8315316a993462b898339a1874a83f2825c9a1b6ff87072390d28,False,baseline,94584996df0a3595e0aecc2e477200b9fac89aecf145f121af818315d48d5bd7
R101,solomon_txt,3f3655182bc0fe44ce5de65fdcd2ee2f9c7fb9ed055f923635151d9d6f76d3ed,1,1,ok,True,23,2019424,2019.424,0.084146,0.50067,0,time_limit,solomon_exact_1000_v1,missing,,,,,0.5,,100,2,25,fb89464a08a8315316a993462b898339a1874a83f2825c9a1b6ff87072390d28,False,baseline,94584996df0a3595e0aecc2e477200b9fac89aecf145f121af818315d48d5bd7
R101,solomon_txt,3f3655182bc0fe44ce5de65fdcd2ee2f9c7fb9ed055f923635151d9d6f76d3ed,2,1,ok,True,23,2019424,2019.424,0.075865,0.500625,0,time_limit,solomon_exact_1000_v1,missing,,,,,0.5,,100,2,25,fb89464a08a8315316a993462b898339a1874a83f2825c9a1b6ff87072390d28,False,baseline,94584996df0a3595e0aecc2e477200b9fac89aecf145f121af818315d48d5bd7
R102,solomon_txt,eeb23171b7e4fbfc80bf000ca770329109900fbd7273fa8b9d1f95b7dfe683c3,0,1,ok,True,20,1655107,1655.107,0.088148,0.500637,0,time_limit,solomon_exact_1000_v1,missing,,,,,0.5,,100,2,25,fb89464a08a8315316a993462b898339a1874a83f2825c9a1b6ff87072390d28,False,baseline,94584996df0a3595e0aecc2e477200b9fac89aecf145f121af818315d48d5bd7
R102,solomon_txt,eeb23171b7e4fbfc80bf000ca770329109900fbd7273fa8b9d1f95b7dfe683c3,1,1,ok,True,20,1655107,1655.107,0.083165,0.500649,0,time_limit,solomon_exact_1000_v1,missing,,,,,0.5,,100,2,25,fb89464a08a8315316a993462b898339a1874a83f2825c9a1b6ff87072390d28,False,baseline,94584996df0a3595e0aecc2e477200b9fac89aecf145f121af818315d48d5bd7
R102,solomon_txt,eeb23171b7e4fbfc80bf000ca770329109900fbd7273fa8b9d1f95b7dfe683c3,2,1,ok,True,19,1765826,1765.826,0.080857,0.500646,0,time_limit,solomon_exact_1000_v1,missing,,,,,0.5,,100,2,25,fb89464a08a8315316a993462b898339a1874a83f2825c9a1b6ff87072390d28,False,baseline,94584996df0a3595e0aecc2e477200b9fac89aecf145f121af818315d48d5bd7
R103,solomon_txt,1f833e8648ba39e0edc76754fb49e81777a7175cf7b084c3f60a12607bfb3991,0,1,ok,True,14,1546015,1546.015,0.116191,0.501056,0,time_limit,solomon_exact_1000_v1,missing,,,,,0.5,,100,2,25,fb89464a08a8315316a993462b898339a1874a83f2825c9a1b6ff87072390d28,False,baseline,94584996df0a3595e0aecc2e477200b9fac89aecf145f121af818315d48d5bd7
R103,solomon_txt,1f833e8648ba39e0edc76754fb49e81777a7175cf7b084c3f60a12607bfb3991,1,1,ok,True,14,1546015,1546.015,0.117904,0.500661,0,time_limit,solomon_exact_1000_v1,missing,,,,,0.5,,100,2,25,fb89464a08a8315316a993462b898339a1874a83f2825c9a1b6ff87072390d28,False,baseline,94584996df0a3595e0aecc2e477200b9fac89aecf145f121af818315d48d5bd7
R103,solomon_txt,1f833e8648ba39e0edc76754fb49e81777a7175cf7b084c3f60a12607bfb3991,2,1,ok,True,14,1546015,1546.015,0.117626,0.500998,0,time_limit,solomon_exact_1000_v1,missing,,,,,0.5,,100,2,25,fb89464a08a8315316a993462b898339a1874a83f2825c9a1b6ff87072390d28,False,baseline,94584996df0a3595e0aecc2e477200b9fac89aecf145f121af818315d48d5bd7
R104,solomon_txt,dd087124311d91facd81736debbfc7d0f351d27942917e2d76cbafd01e6183b7,0,1,ok,True,12,1592207,1592.207,0.104392,0.500999,0,time_limit,solomon_exact_1000_v1,missing,,,,,0.5,,100,2,25,fb89464a08a8315316a993462b898339a1874a83f2825c9a1b6ff87072390d28,False,baseline,94584996df0a3595e0aecc2e477200b9fac89aecf145f121af818315d48d5bd7
R104,solomon_txt,dd087124311d91facd81736debbfc7d0f351d27942917e2d76cbafd01e6183b7,1,1,ok,True,11,1241810,1241.81,0.107937,0.500581,0,time_limit,solomon_exact_1000_v1,missing,,,,,0.5,,100,2,25,fb89464a08a8315316a993462b898339a1874a83f2825c9a1b6ff87072390d28,False,baseline,94584996df0a3595e0aecc2e477200b9fac89aecf145f121af818315d48d5bd7
R104,solomon_txt,dd087124311d91facd81736debbfc7d0f351d27942917e2d76cbafd01e6183b7,2,1,ok,True,11,1321819,1321.819,0.182297,0.50097,0,time_limit,solomon_exact_1000_v1,missing,,,,,0.5,,100,2,25,fb89464a08a8315316a993462b898339a1874a83f2825c9a1b6ff87072390d28,False,baseline,94584996df0a3595e0aecc2e477200b9fac89aecf145f121af818315d48d5bd7
R105,solomon_txt,ff1a614f8458d6339b3f54d8e4ca2dcf0a35c96012f477f6a819ae481de85ca4,0,1,ok,True,17,1734216,1734.216,0.143342,0.500603,0,time_limit,solomon_exact_1000_v1,missing,,,,,0.5,,100,2,25,fb89464a08a8315316a993462b898339a1874a83f2825c9a1b6ff87072390d28,False,baseline,94584996df0a3595e0aecc2e477200b9fac89aecf145f121af818315d48d5bd7
R105,solomon_txt,ff1a614f8458d6339b3f54d8e4ca2dcf0a35c96012f477f6a819ae481de85ca4,1,1,ok,True,17,1683209,1683.209,0.117853,0.50109,0,time_limit,solomon_exact_1000_v1,missing,,,,,0.5,,100,2,25,fb89464a08a8315316a993462b898339a1874a83f2825c9a1b6ff87072390d28,False,baseline,94584996df0a3595e0aecc2e477200b9fac89aecf145f121af818315d48d5bd7
R105,solomon_txt,ff1a614f8458d6339b3f54d8e4ca2dcf0a35c96012f477f6a819ae481de85ca4,2,1,ok,True,17,1834998,1834.998,0.098719,0.500862,0,time_limit,solomon_exact_1000_v1,missing,,,,,0.5,,100,2,25,fb89464a08a8315316a993462b898339a1874a83f2825c9a1b6ff87072390d28,False,baseline,94584996df0a3595e0aecc2e477200b9fac89aecf145f121af818315d48d5bd7
R106,solomon_txt,31b8783d177f0fbe1c84b8f085fbf28b1989a80e4c00f49f5654ebef99835e97,0,1,ok,True,15,1609339,1609.339,0.149115,0.500621,0,time_limit,solomon_exact_1000_v1,missing,,,,,0.5,,100,2,25,fb89464a08a8315316a993462b898339a1874a83f2825c9a1b6ff87072390d28,False,baseline,94584996df0a3595e0aecc2e477200b9fac89aecf145f121af818315d48d5bd7
R106,solomon_txt,31b8783d177f0fbe1c84b8f085fbf28b1989a80e4c00f49f5654ebef99835e97,1,1,ok,True,15,1572430,1572.43,0.086905,0.501095,0,time_limit,solomon_exact_1000_v1,missing,,,,,0.5,,100,2,25,fb89464a08a8315316a993462b898339a1874a83f2825c9a1b6ff87072390d28,False,baseline,94584996df0a3595e0aecc2e477200b9fac89aecf145f121af818315d48d5bd7
R106,solomon_txt,31b8783d177f0fbe1c84b8f085fbf28b1989a80e4c00f49f5654ebef99835e97,2,1,ok,True,15,1528715,1528.715,0.086036,0.500638,0,time_limit,solomon_exact_1000_v1,missing,,,,,0.5,,100,2,25,fb89464a08a8315316a993462b898339a1874a83f2825c9a1b6ff87072390d28,False,baseline,94584996df0a3595e0aecc2e477200b9fac89aecf145f121af818315d48d5bd7
R107,solomon_txt,dba2b257a1d43d7c78d5e3a9f09091a2b125d3fbec78c0c8a1782add669a1275,0,1,ok,True,13,1331890,1331.89,0.097332,0.501011,0,time_limit,solomon_exact_1000_v1,missing,,,,,0.5,,100,2,25,fb89464a08a8315316a993462b898339a1874a83f2825c9a1b6ff87072390d28,False,baseline,94584996df0a3595e0aecc2e477200b9fac89aecf145f121af818315d48d5bd7
R107,solomon_txt,dba2b257a1d43d7c78d5e3a9f09091a2b125d3fbec78c0c8a1782add669a1275,1,1,ok,True,12,1525686,1525.686,0.098514,0.501032,0,time_limit,solomon_exact_1000_v1,missing,,,,,0.5,,100,2,25,fb89464a08a8315316a993462b898339a1874a83f2825c9a1b6ff87072390d28,False,baseline,94584996df0a3595e0aecc2e477200b9fac89aecf145f121af818315d48d5bd7
R107,solomon_txt,dba2b257a1d43d7c78d5e3a9f09091a2b125d3fbec78c0c8a1782add669a1275,2,1,ok,True,12,1486083,1486.083,0.098723,0.500586,0,time_limit,solomon_exact_1000_v1,missing,,,,,0.5,,100,2,25,fb89464a08a8315316a993462b898339a1874a83f2825c9a1b6ff87072390d28,False,baseline,94584996df0a3595e0aecc2e477200b9fac89aecf145f121af818315d48d5bd7
R108,solomon_txt,65cae09f4099b7e70d2b723e0e3a30aa1494c75a367bb894a3fd13241ee639d4,0,1,ok,True,11,1315436,1315.436,0.116985,0.50101,0,time_limit,solomon_exact_1000_v1,missing,,,,,0.5,,100,2,25,fb89464a08a8315316a993462b898339a1874a83f2825c9a1b6ff87072390d28,False,baseline,94584996df0a3595e0aecc2e477200b9fac89aecf145f121af818315d48d5bd7
R108,solomon_txt,65cae09f4099b7e70d2b723e0e3a30aa1494c75a367bb894a3fd13241ee639d4,1,1,ok,True,11,1274109,1274.109,0.104733,0.500592,0,time_limit,solomon_exact_1000_v1,missing,,,,,0.5,,100,2,25,fb89464a08a8315316a993462b898339a1874a83f2825c9a1b6ff87072390d28,False,baseline,94584996df0a3595e0aecc2e477200b9fac89aecf145f121af818315d48d5bd7
R108,solomon_txt,65cae09f4099b7e70d2b723e0e3a30aa1494c75a367bb894a3fd13241ee639d4,2,1,ok,True,11,1360850,1360.85,0.151293,0.500607,0,time_limit,solomon_exact_1000_v1,missing,,,,,0.5,,100,2,25,fb89464a08a8315316a993462b898339a1874a83f2825c9a1b6ff87072390d28,False,baseline,94584996df0a3595e0aecc2e477200b9fac89aecf145f121af818315d48d5bd7
R109,solomon_txt,4ef24030e8c48de5f85dcd90c5739186004fc8dec87533b6467013cf996f4777,0,1,ok,True,16,1597195,1597.195,0.107127,0.501013,0,time_limit,solomon_exact_1000_v1,missing,,,,,0.5,,100,2,25,fb89464a08a8315316a993462b898339a1874a83f2825c9a1b6ff87072390d28,False,baseline,94584996df0a3595e0aecc2e477200b9fac89aecf145f121af818315d48d5bd7
R109,solomon_txt,4ef24030e8c48de5f85dcd90c5739186004fc8dec87533b6467013cf996f4777,1,1,ok,True,16,1606532,1606.532,0.111543,0.500625,0,time_limit,solomon_exact_1000_v1,missing,,,,,0.5,,100,2,25,fb89464a08a8315316a993462b898339a1874a83f2825c9a1b6ff87072390d28,False,baseline,94584996df0a3595e0aecc2e477200b9fac89aecf145f121af818315d48d5bd7
R109,solomon_txt,4ef24030e8c48de5f85dcd90c5739186004fc8dec87533b6467013cf996f4777,2,1,ok,True,16,1844925,1844.925,0.115978,0.501363,0,time_limit,solomon_exact_1000_v1,missing,,,,,0.5,,100,2,25,fb89464a08a8315316a993462b898339a1874a83f2825c9a1b6ff87072390d28,False,baseline,94584996df0a3595e0aecc2e477200b9fac89aecf145f121af818315d48d5bd7
R110,solomon_txt,14cb53cb99af61d3d708f07564b9a72d146e7c26b4f10507cfaf3bc828f34bfa,0,1,ok,True,14,1574826,1574.826,0.151361,0.500603,0,time_limit,solomon_exact_1000_v1,missing,,,,,0.5,,100,2,25,fb89464a08a8315316a993462b898339a1874a83f2825c9a1b6ff87072390d28,False,baseline,94584996df0a3595e0aecc2e477200b9fac89aecf145f121af818315d48d5bd7
R110,solomon_txt,14cb53cb99af61d3d708f07564b9a72d146e7c26b4f10507cfaf3bc828f34bfa,1,1,ok,True,14,1546498,1546.498,0.132603,0.500586,0,time_limit,solomon_exact_1000_v1,missing,,,,,0.5,,100,2,25,fb89464a08a8315316a993462b898339a1874a83f2825c9a1b6ff87072390d28,False,baseline,94584996df0a3595e0aecc2e477200b9fac89aecf145f121af818315d48d5bd7
R110,solomon_txt,14cb53cb99af61d3d708f07564b9a72d146e7c26b4f10507cfaf3bc828f34bfa,2,1,ok,True,14,1897804,1897.804,0.096981,0.500656,0,time_limit,solomon_exact_1000_v1,missing,,,,,0.5,,100,2,25,fb89464a08a8315316a993462b898339a1874a83f2825c9a1b6ff87072390d28,False,baseline,94584996df0a3595e0aecc2e477200b9fac89aecf145f121af818315d48d5bd7
R111,solomon_txt,3d94a73b1f2fe8aae4618b9d9ea254cff2e3924a6a841aa390096ec6c60f258d,0,1,ok,True,12,1453553,1453.553,0.116115,0.50093,0,time_limit,solomon_exact_1000_v1,missing,,,,,0.5,,100,2,25,fb89464a08a8315316a993462b898339a1874a83f2825c9a1b6ff87072390d28,False,baseline,94584996df0a3595e0aecc2e477200b9fac89aecf145f121af818315d48d5bd7
R111,solomon_txt,3d94a73b1f2fe8aae4618b9d9ea254cff2e3924a6a841aa390096ec6c60f258d,1,1,ok,True,13,1675090,1675.09,0.159158,0.501005,0,time_limit,solomon_exact_1000_v1,missing,,,,,0.5,,100,2,25,fb89464a08a8315316a993462b898339a1874a83f2825c9a1b6ff87072390d28,False,baseline,94584996df0a3595e0aecc2e477200b9fac89aecf145f121af818315d48d5bd7
R111,solomon_txt,3d94a73b1f2fe8aae4618b9d9ea254cff2e3924a6a841aa390096ec6c60f258d,2,1,ok,True,13,1675090,1675.09,0.122894,0.500639,0,time_limit,solomon_exact_1000_v1,missing,,,,,0.5,,100,2,25,fb89464a08a8315316a993462b898339a1874a83f2825c9a1b6ff87072390d28,False,baseline,94584996df0a3595e0aecc2e477200b9fac89aecf145f121af818315d48d5bd7
R112,solomon_txt,a0e93149d59d30c356619891d192e86d0f16c3158e1dac3bd9f23c6deb718271,0,1,ok,True,13,1576148,1576.148,0.166822,0.500613,0,time_limit,solomon_exact_1000_v1,missing,,,,,0.5,,100,2,25,fb89464a08a8315316a993462b898339a1874a83f2825c9a1b6ff87072390d28,False,baseline,94584996df0a3595e0aecc2e477200b9fac89aecf145f121af818315d48d5bd7
R112,solomon_txt,a0e93149d59d30c356619891d192e86d0f16c3158e1dac3bd9f23c6deb718271,1,1,ok,True,13,1430395,1430.395,0.103148,0.500641,0,time_limit,solomon_exact_1000_v1,missing,,,,,0.5,,100,2,25,fb89464a08a8315316a993462b898339a1874a83f2825c9a1b6ff87072390d28,False,baseline,94584996df0a3595e0aecc2e477200b9fac89aecf145f121af818315d48d5bd7
R112,solomon_txt,a0e93149d59d30c356619891d192e86d0f16c3158e1dac3bd9f23c6deb718271,2,1,ok,True,14,1505186,1505.186,0.14714,0.501087,0,time_limit,solomon_exact_1000_v1,missing,,,,,0.5,,100,2,25,fb89464a08a8315316a993462b898339a1874a83f2825c9a1b6ff87072390d28,False,baseline,94584996df0a3595e0aecc2e477200b9fac89aecf145f121af818315d48d5bd7
R201,solomon_txt,0be960ec998fff2cab0bdbcc5194c617e5ca0a79c82c5b32b1d4bd98b2cae210,0,1,ok,True,5,1726658,1726.658,0.226075,0.500903,0,time_limit,solomon_exact_1000_v1,missing,,,,,0.5,,100,2,25,fb89464a08a8315316a993462b898339a1874a83f2825c9a1b6ff87072390d28,False,baseline,94584996df0a3595e0aecc2e477200b9fac89aecf145f121af818315d48d5bd7
R201,solomon_txt,0be960ec998fff2cab0bdbcc5194c617e5ca0a79c82c5b32b1d4bd98b2cae210,1,1,ok,True,5,1726658,1726.658,0.212355,0.500937,0,time_limit,solomon_exact_1000_v1,missing,,,,,0.5,,100,2,25,fb89464a08a8315316a993462b898339a1874a83f2825c9a1b6ff87072390d28,False,baseline,94584996df0a3595e0aecc2e477200b9fac89aecf145f121af818315d48d5bd7
R201,solomon_txt,0be960ec998fff2cab0bdbcc5194c617e5ca0a79c82c5b32b1d4bd98b2cae210,2,1,ok,True,5,1726658,1726.658,0.259245,0.500406,0,time_limit,solomon_exact_1000_v1,missing,,,,,0.5,,100,2,25,fb89464a08a8315316a993462b898339a1874a83f2825c9a1b6ff87072390d28,False,baseline,94584996df0a3595e0aecc2e477200b9fac89aecf145f121af818315d48d5bd7
R202,solomon_txt,1f7761bb33e9dd0c94837b32c72280296ffc283dba997379c7ad75ce00dffc8d,0,1,ok,True,4,1622244,1622.244,0.217949,0.500972,0,time_limit,solomon_exact_1000_v1,missing,,,,,0.5,,100,2,25,fb89464a08a8315316a993462b898339a1874a83f2825c9a1b6ff87072390d28,False,baseline,94584996df0a3595e0aecc2e477200b9fac89aecf145f121af818315d48d5bd7
R202,solomon_txt,1f7761bb33e9dd0c94837b32c72280296ffc283dba997379c7ad75ce00dffc8d,1,1,ok,True,4,1622244,1622.244,0.302363,0.500912,0,time_limit,solomon_exact_1000_v1,missing,,,,,0.5,,100,2,25,fb89464a08a8315316a993462b898339a1874a83f2825c9a1b6ff87072390d28,False,baseline,94584996df0a3595e0aecc2e477200b9fac89aecf145f121af818315d48d5bd7
R202,solomon_txt,1f7761bb33e9dd0c94837b32c72280296ffc283dba997379c7ad75ce00dffc8d,2,1,ok,True,4,1622244,1622.244,0.272972,0.500948,0,time_limit,solomon_exact_1000_v1,missing,,,,,0.5,,100,2,25,fb89464a08a8315316a993462b898339a1874a83f2825c9a1b6ff87072390d28,False,baseline,94584996df0a3595e0aecc2e477200b9fac89aecf145f121af818315d48d5bd7
R203,solomon_txt,38c484db31bd7452a94d533e26a2348ef598df600b79d061d9ddc1c61466a731,0,1,ok,True,3,1300221,1300.221,0.259104,0.500982,0,time_limit,solomon_exact_1000_v1,missing,,,,,0.5,,100,2,25,fb89464a08a8315316a993462b898339a1874a83f2825c9a1b6ff87072390d28,False,baseline,94584996df0a3595e0aecc2e477200b9fac89aecf145f121af818315d48d5bd7
R203,solomon_txt,38c484db31bd7452a94d533e26a2348ef598df600b79d061d9ddc1c61466a731,1,1,ok,True,3,1300221,1300.221,0.276458,0.500593,0,time_limit,solomon_exact_1000_v1,missing,,,,,0.5,,100,2,25,fb89464a08a8315316a993462b898339a1874a83f2825c9a1b6ff87072390d28,False,baseline,94584996df0a3595e0aecc2e477200b9fac89aecf145f121af818315d48d5bd7
R203,solomon_txt,38c484db31bd7452a94d533e26a2348ef598df600b79d061d9ddc1c61466a731,2,1,ok,True,3,1300221,1300.221,0.284648,0.500961,0,time_limit,solomon_exact_1000_v1,missing,,,,,0.5,,100,2,25,fb89464a08a8315316a993462b898339a1874a83f2825c9a1b6ff87072390d28,False,baseline,94584996df0a3595e0aecc2e477200b9fac89aecf145f121af818315d48d5bd7
R204,solomon_txt,5349e37d8df99bcbee1efa2e970d2662b5265e5f82fc609343a6af0a60257abf,0,1,ok,True,3,1331038,1331.038,0.360095,0.500573,0,time_limit,solomon_exact_1000_v1,missing,,,,,0.5,,100,2,25,fb89464a08a8315316a993462b898339a1874a83f2825c9a1b6ff87072390d28,False,baseline,94584996df0a3595e0aecc2e477200b9fac89aecf145f121af818315d48d5bd7
R204,solomon_txt,5349e37d8df99bcbee1efa2e970d2662b5265e5f82fc609343a6af0a60257abf,1,1,ok,True,3,1331038,1331.038,0.421471,0.500981,0,time_limit,solomon_exact_1000_v1,missing,,,,,0.5,,100,2,25,fb89464a08a8315316a993462b898339a1874a83f2825c9a1b6ff87072390d28,False,baseline,94584996df0a3595e0aecc2e477200b9fac89aecf145f121af818315d48d5bd7
R204,solomon_txt,5349e37d8df99bcbee1efa2e970d2662b5265e5f82fc609343a6af0a60257abf,2,1,ok,True,3,1331038,1331.038,0.332212,0.501031,0,time_limit,solomon_exact_1000_v1,missing,,,,,0.5,,100,2,25,fb89464a08a8315316a993462b898339a1874a83f2825c9a1b6ff87072390d28,False,baseline,94584996df0a3595e0aecc2e477200b9fac89aecf145f121af818315d48d5bd7
R205,solomon_txt,1996bf8f10716fb8cfc1a585206a6a6e566f32347c1bb8f36c75ed6c887f77e3,0,1,ok,True,4,1700248,1700.248,0.233407,0.50059,0,time_limit,solomon_exact_1000_v1,missing,,,,,0.5,,100,2,25,fb89464a08a8315316a993462b898339a1874a83f2825c9a1b6ff87072390d28,False,baseline,94584996df0a3595e0aecc2e477200b9fac89aecf145f121af818315d48d5bd7
R205,solomon_txt,1996bf8f10716fb8cfc1a585206a6a6e566f32347c1bb8f36c75ed6c887f77e3,1,1,ok,True,4,1700248,1700.248,0.242985,0.500568,0,time_limit,solomon_exact_1000_v1,missing,,,,,0.5,,100,2,25,fb89464a08a8315316a993462b898339a1874a83f2825c9a1b6ff87072390d28,False,baseline,94584996df0a3595e0aecc2e477200b9fac89aecf145f121af818315d48d5bd7
R205,solomon_txt,1996bf8f10716fb8cfc1a585206a6a6e566f32347c1bb8f36c75ed6c887f77e3,2,1,ok,True,4,1700248,1700.248,0.308029,0.500574,0,time_limit,solomon_exact_1000_v1,missing,,,,,0.5,,100,2,25,fb89464a08a8315316a993462b898339a1874a83f2825c9a1b6ff87072390d28,False,baseline,94584996df0a3595e0aecc2e477200b9fac89aecf145f121af818315d48d5bd7
R206,solomon_txt,c8754a0319264d076c038b1bf023c8c4710e8895fe3e03f485e9ae249f32fe43,0,1,ok,True,3,1533607,1533.607,0.265948,0.500595,0,time_limit,solomon_exact_1000_v1,missing,,,,,0.5,,100,2,25,fb89464a08a8315316a993462b898339a1874a83f2825c9a1b6ff87072390d28,False,baseline,94584996df0a3595e0aecc2e477200b9fac89aecf145f121af818315d48d5bd7
R206,solomon_txt,c8754a0319264d076c038b1bf023c8c4710e8895fe3e03f485e9ae249f32fe43,1,1,ok,True,3,1533607,1533.607,0.297864,0.500928,0,time_limit,solomon_exact_1000_v1,missing,,,,,0.5,,100,2,25,fb89464a08a8315316a993462b898339a1874a83f2825c9a1b6ff87072390d28,False,baseline,94584996df0a3595e0aecc2e477200b9fac89aecf145f121af818315d48d5bd7
R206,solomon_txt,c8754a0319264d076c038b1bf023c8c4710e8895fe3e03f485e9ae249f32fe43,2,1,ok,True,3,1533607,1533.607,0.305565,0.500546,0,time_limit,solomon_exact_1000_v1,missing,,,,,0.5,,100,2,25,fb89464a08a8315316a993462b898339a1874a83f2825c9a1b6ff87072390d28,False,baseline,94584996df0a3595e0aecc2e477200b9fac89aecf145f121af818315d48d5bd7
R207,solomon_txt,52dc8eebba43fdc67ca9aadab228b75a297acb55a87db3e4748e82f623e3cbe6,0,1,ok,True,4,1302528,1302.528,0.353082,0.500567,0,time_limit,solomon_exact_1000_v1,missing,,,,,0.5,,100,2,25,fb89464a08a8315316a993462b898339a1874a83f2825c9a1b6ff87072390d28,False,baseline,94584996df0a3595e0aecc2e477200b9fac89aecf145f121af818315d48d5bd7
R207,solomon_txt,52dc8eebba43fdc67ca9aadab228b75a297acb55a87db3e4748e82f623e3cbe6,1,1,ok,True,4,1302528,1302.528,0.333186,0.500602,0,time_limit,solomon_exact_1000_v1,missing,,,,,0.5,,100,2,25,fb89464a08a8315316a993462b898339a1874a83f2825c9a1b6ff87072390d28,False,baseline,94584996df0a3595e0aecc2e477200b9fac89aecf145f121af818315d48d5bd7
R207,solomon_txt,52dc8eebba43fdc67ca9aadab228b75a297acb55a87db3e4748e82f623e3cbe6,2,1,ok,True,4,1302528,1302.528,0.338548,0.500614,0,time_limit,solomon_exact_1000_v1,missing,,,,,0.5,,100,2,25,fb89464a08a8315316a993462b898339a1874a83f2825c9a1b6ff87072390d28,False,baseline,94584996df0a3595e0aecc2e477200b9fac89aecf145f121af818315d48d5bd7
R208,solomon_txt,7b4a95d500af9329dd08791d39898a619faec0f8fac039d57373e761545b980d,0,1,ok,True,3,957965,957.965,0.422493,0.501022,0,time_limit,solomon_exact_1000_v1,missing,,,,,0.5,,100,2,25,fb89464a08a8315316a993462b898339a1874a83f2825c9a1b6ff87072390d28,False,baseline,94584996df0a3595e0aecc2e477200b9fac89aecf145f121af818315d48d5bd7
R208,solomon_txt,7b4a95d500af9329dd08791d39898a619faec0f8fac039d57373e761545b980d,1,1,ok,True,3,957965,957.965,0.315259,0.500542,0,time_limit,solomon_exact_1000_v1,missing,,,,,0.5,,100,2,25,fb89464a08a8315316a993462b898339a1874a83f2825c9a1b6ff87072390d28,False,baseline,94584996df0a3595e0aecc2e477200b9fac89aecf145f121af818315d48d5bd7
R208,solomon_txt,7b4a95d500af9329dd08791d39898a619faec0f8fac039d57373e761545b980d,2,1,ok,True,3,957965,957.965,0.317772,0.500962,0,time_limit,solomon_exact_1000_v1,missing,,,,,0.5,,100,2,25,fb89464a08a8315316a993462b898339a1874a83f2825c9a1b6ff87072390d28,False,baseline,94584996df0a3595e0aecc2e477200b9fac89aecf145f121af818315d48d5bd7
R209,solomon_txt,5b74156d032babcff853ccc693f94463eca8333cd425aa99a39ed996f6258933,0,1,ok,True,4,1712415,1712.415,0.223969,0.500605,0,time_limit,solomon_exact_1000_v1,missing,,,,,0.5,,100,2,25,fb89464a08a8315316a993462b898339a1874a83f2825c9a1b6ff87072390d28,False,baseline,94584996df0a3595e0aecc2e477200b9fac89aecf145f121af818315d48d5bd7
R209,solomon_txt,5b74156d032babcff853ccc693f94463eca8333cd425aa99a39ed996f6258933,1,1,ok,True,4,1712415,1712.415,0.331732,0.500585,0,time_limit,solomon_exact_1000_v1,missing,,,,,0.5,,100,2,25,fb89464a08a8315316a993462b898339a1874a83f2825c9a1b6ff87072390d28,False,baseline,94584996df0a3595e0aecc2e477200b9fac89aecf145f121af818315d48d5bd7
R209,solomon_txt,5b74156d032babcff853ccc693f94463eca8333cd425aa99a39ed996f6258933,2,1,ok,True,4,1712415,1712.415,0.305738,0.500974,0,time_limit,solomon_exact_1000_v1,missing,,,,,0.5,,100,2,25,fb89464a08a8315316a993462b898339a1874a83f2825c9a1b6ff87072390d28,False,baseline,94584996df0a3595e0aecc2e477200b9fac89aecf145f121af818315d48d5bd7
R210,solomon_txt,4e5772f109fb6183e6a648d6a1edaba3435438c2dc11c42da370fecf7bdf3a14,0,1,ok,True,3,1443660,1443.66,0.288457,0.50055,0,time_limit,solomon_exact_1000_v1,missing,,,,,0.5,,100,2,25,fb89464a08a8315316a993462b898339a1874a83f2825c9a1b6ff87072390d28,False,baseline,94584996df0a3595e0aecc2e477200b9fac89aecf145f121af818315d48d5bd7
R210,solomon_txt,4e5772f109fb6183e6a648d6a1edaba3435438c2dc11c42da370fecf7bdf3a14,1,1,ok,True,3,1443660,1443.66,0.375282,0.500592,0,time_limit,solomon_exact_1000_v1,missing,,,,,0.5,,100,2,25,fb89464a08a8315316a993462b898339a1874a83f2825c9a1b6ff87072390d28,False,baseline,94584996df0a3595e0aecc2e477200b9fac89aecf145f121af818315d48d5bd7
R210,solomon_txt,4e5772f109fb6183e6a648d6a1edaba3435438c2dc11c42da370fecf7bdf3a14,2,1,ok,True,3,1443660,1443.66,0.321457,0.50054,0,time_limit,solomon_exact_1000_v1,missing,,,,,0.5,,100,2,25,fb89464a08a8315316a993462b898339a1874a83f2825c9a1b6ff87072390d28,False,baseline,94584996df0a3595e0aecc2e477200b9fac89aecf145f121af818315d48d5bd7
R211,solomon_txt,2965507e467a2f92acd59035975910e36ae11e4f49590d4c7d20a883939227ad,0,1,ok,True,3,1516434,1516.434,0.355365,0.500555,0,time_limit,solomon_exact_1000_v1,missing,,,,,0.5,,100,2,25,fb89464a08a8315316a993462b898339a1874a83f2825c9a1b6ff87072390d28,False,baseline,94584996df0a3595e0aecc2e477200b9fac89aecf145f121af818315d48d5bd7
R211,solomon_txt,2965507e467a2f92acd59035975910e36ae11e4f49590d4c7d20a883939227ad,1,1,ok,True,3,1516434,1516.434,0.338082,0.500587,0,time_limit,solomon_exact_1000_v1,missing,,,,,0.5,,100,2,25,fb89464a08a8315316a993462b898339a1874a83f2825c9a1b6ff87072390d28,False,baseline,94584996df0a3595e0aecc2e477200b9fac89aecf145f121af818315d48d5bd7
R211,solomon_txt,2965507e467a2f92acd59035975910e36ae11e4f49590d4c7d20a883939227ad,2,1,ok,True,3,1516434,1516.434,0.299848,0.500557,0,time_limit,solomon_exact_1000_v1,missing,,,,,0.5,,100,2,25,fb89464a08a8315316a993462b898339a1874a83f2825c9a1b6ff87072390d28,False,baseline,94584996df0a3595e0aecc2e477200b9fac89aecf145f121af818315d48d5bd7
RC101,solomon_txt,ef6893ffd9746ad96de8e4da6e64e2c4ba6e08a1c7eb9457276a9f1caf01ca12,0,1,ok,True,19,2031958,2031.958,0.146027,0.500706,0,time_limit,solomon_exact_1000_v1,missing,,,,,0.5,,100,2,25,fb89464a08a8315316a993462b898339a1874a83f2825c9a1b6ff87072390d28,False,baseline,94584996df0a3595e0aecc2e477200b9fac89aecf145f121af818315d48d5bd7
RC101,solomon_txt,ef6893ffd9746ad96de8e4da6e64e2c4ba6e08a1c7eb9457276a9f1caf01ca12,1,1,ok,True,19,1995564,1995.564,0.08366,0.500616,0,time_limit,solomon_exact_1000_v1,missing,,,,,0.5,,100,2,25,fb89464a08a8315316a993462b898339a1874a83f2825c9a1b6ff87072390d28,False,baseline,94584996df0a3595e0aecc2e477200b9fac89aecf145f121af818315d48d5bd7
RC101,solomon_txt,ef6893ffd9746ad96de8e4da6e64e2c4ba6e08a1c7eb9457276a9f1caf01ca12,2,1,ok,True,19,2034803,2034.803,0.125874,0.501033,0,time_limit,solomon_exact_1000_v1,missing,,,,,0.5,,100,2,25,fb89464a08a8315316a993462b898339a1874a83f2825c9a1b6ff87072390d28,False,baseline,94584996df0a3595e0aecc2e477200b9fac89aecf145f121af818315d48d5bd7
RC102,solomon_txt,36acd349d34a577c7fadd61f78517c2cb74bd06a490273800c288f341e5785a4,0,1,ok,True,17,1870139,1870.139,0.125089,0.500603,0,time_limit,solomon_exact_1000_v1,missing,,,,,0.5,,100,2,25,fb89464a08a8315316a993462b898339a1874a83f2825c9a1b6ff87072390d28,False,baseline,94584996df0a3595e0aecc2e477200b9fac89aecf145f121af818315d48d5bd7
RC102,solomon_txt,36acd349d34a577c7fadd61f78517c2cb74bd06a490273800c288f341e5785a4,1,1,ok,True,15,1834933,1834.933,0.096527,0.500583,0,time_limit,solomon_exact_1000_v1,missing,,,,,0.5,,100,2,25,fb89464a08a8315316a993462b898339a1874a83f2825c9a1b6ff87072390d28,False,baseline,94584996df0a3595e0aecc2e477200b9fac89aecf145f121af818315d48d5bd7
RC102,solomon_txt,36acd349d34a577c7fadd61f78517c2cb74bd06a490273800c288f341e5785a4,2,1,ok,True,17,1870139,1870.139,0.098007,0.500613,0,time_limit,solomon_exact_1000_v1,missing,,,,,0.5,,100,2,25,fb89464a08a8315316a993462b898339a1874a83f2825c9a1b6ff87072390d28,False,baseline,94584996df0a3595e0aecc2e477200b9fac89aecf145f121af818315d48d5bd7
RC103,solomon_txt,00f384138274d5d2bff5c41601db17cc4ad0cfc6315c27e223d4477bf435cc2d,0,1,ok,True,13,1952068,1952.068,0.108111,0.500587,0,time_limit,solomon_exact_1000_v1,missing,,,,,0.5,,100,2,25,fb89464a08a8315316a993462b898339a1874a83f2825c9a1b6ff87072390d28,False,baseline,94584996df0a3595e0aecc2e477200b9fac89aecf145f121af818315d48d5bd7
RC103,solomon_txt,00f384138274d5d2bff5c41601db17cc4ad0cfc6315c27e223d4477bf435cc2d,1,1,ok,True,12,1731095,1731.095,0.098598,0.500575,0,time_limit,solomon_exact_1000_v1,missing,,,,,0.5,,100,2,25,fb89464a08a8315316a993462b898339a1874a83f2825c9a1b6ff87072390d28,False,baseline,94584996df0a3595e0aecc2e477200b9fac89aecf145f121af818315d48d5bd7
RC103,solomon_txt,00f384138274d5d2bff5c41601db17cc4ad0cfc6315c27e223d4477bf435cc2d,2,1,ok,True,13,1952068,1952.068,0.097696,0.500576,0,time_limit,solomon_exact_1000_v1,missing,,,,,0.5,,100,2,25,fb89464a08a8315316a993462b898339a1874a83f2825c9a1b6ff87072390d28,False,baseline,94584996df0a3595e0aecc2e477200b9fac89aecf145f121af818315d48d5bd7
RC104,solomon_txt,d150b2d61049a488fb89a2320c197d81a7ef9a1864abbbaea1d13a2b451253ee,0,1,ok,True,12,1624060,1624.06,0.105756,0.500987,0,time_limit,solomon_exact_1000_v1,missing,,,,,0.5,,100,2,25,fb89464a08a8315316a993462b898339a1874a83f2825c9a1b6ff87072390d28,False,baseline,94584996df0a3595e0aecc2e477200b9fac89aecf145f121af818315d48d5bd7
RC104,solomon_txt,d150b2d61049a488fb89a2320c197d81a7ef9a1864abbbaea1d13a2b451253ee,1,1,ok,True,12,1626992,1626.992,0.10395,0.501009,0,time_limit,solomon_exact_1000_v1,missing,,,,,0.5,,100,2,25,fb89464a08a8315316a993462b898339a1874a83f2825c9a1b6ff87072390d28,False,baseline,94584996df0a3595e0aecc2e477200b9fac89aecf145f121af818315d48d5bd7
RC104,solomon_txt,d150b2d61049a488fb89a2320c197d81a7ef9a1864abbbaea1d13a2b451253ee,2,1,ok,True,12,1325631,1325.631,0.148337,0.500589,0,time_limit,solomon_exact_1000_v1,missing,,,,,0.5,,100,2,25,fb89464a08a8315316a993462b898339a1874a83f2825c9a1b6ff87072390d28,False,baseline,94584996df0a3595e0aecc2e477200b9fac89aecf145f121af818315d48d5bd7
RC105,solomon_txt,b9e912625c1ed80d2f565e0799ade2f4b17bf4f95056322ca23f1a21b37e7a49,0,1,ok,True,17,2128736,2128.736,0.085137,0.500655,0,time_limit,solomon_exact_1000_v1,missing,,,,,0.5,,100,2,25,fb89464a08a8315316a993462b898339a1874a83f2825c9a1b6ff87072390d28,False,baseline,94584996df0a3595e0aecc2e477200b9fac89aecf145f121af818315d48d5bd7
RC105,solomon_txt,b9e912625c1ed80d2f565e0799ade2f4b17bf4f95056322ca23f1a21b37e7a49,1,1,ok,True,17,2128736,2128.736,0.090446,0.500587,0,time_limit,solomon_exact_1000_v1,missing,,,,,0.5,,100,2,25,fb89464a08a8315316a993462b898339a1874a83f2825c9a1b6ff87072390d28,False,baseline,94584996df0a3595e0aecc2e477200b9fac89aecf145f121af818315d48d5bd7
RC105,solomon_txt,b9e912625c1ed80d2f565e0799ade2f4b17bf4f95056322ca23f1a21b37e7a49,2,1,ok,True,16,1901679,1901.679,0.093484,0.501028,0,time_limit,solomon_exact_1000_v1,missing,,,,,0.5,,100,2,25,fb89464a08a8315316a993462b898339a1874a83f2825c9a1b6ff87072390d28,False,baseline,94584996df0a3595e0aecc2e477200b9fac89aecf145f121af818315d48d5bd7
RC106,solomon_txt,bf016ffc567af2d108570357daf1d0cabb7f680c0bd977d2e4366787683fdbaf,0,1,ok,True,15,2118036,2118.036,0.08501,0.500639,0,time_limit,solomon_exact_1000_v1,missing,,,,,0.5,,100,2,25,fb89464a08a8315316a993462b898339a1874a83f2825c9a1b6ff87072390d28,False,baseline,94584996df0a3595e0aecc2e477200b9fac89aecf145f121af818315d48d5bd7
RC106,solomon_txt,bf016ffc567af2d108570357daf1d0cabb7f680c0bd977d2e4366787683fdbaf,1,1,ok,True,16,1808646,1808.646,0.14988,0.501022,0,time_limit,solomon_exact_1000_v1,missing,,,,,0.5,,100,2,25,fb89464a08a8315316a993462b898339a1874a83f2825c9a1b6ff87072390d28,False,baseline,94584996df0a3595e0aecc2e477200b9fac89aecf145f121af818315d48d5bd7
RC106,solomon_txt,bf016ffc567af2d108570357daf1d0cabb7f680c0bd977d2e4366787683fdbaf,2,1,ok,True,16,1823605,1823.605,0.084312,0.500615,0,time_limit,solomon_exact_1000_v1,missing,,,,,0.5,,100,2,25,fb89464a08a8315316a993462b898339a1874a83f2825c9a1b6ff87072390d28,False,baseline,94584996df0a3595e0aecc2e477200b9fac89aecf145f121af818315d48d5bd7
RC107,solomon_txt,fff3fd68d110671ed442575f07cc547291586f30b00c5f73934d521d31311582,0,1,ok,True,14,1714626,1714.626,0.105119,0.500602,0,time_limit,solomon_exact_1000_v1,missing,,,,,0.5,,100,2,25,fb89464a08a8315316a993462b898339a1874a83f2825c9a1b6ff87072390d28,False,baseline,94584996df0a3595e0aecc2e477200b9fac89aecf145f121af818315d48d5bd7
RC107,solomon_txt,fff3fd68d110671ed442575f07cc547291586f30b00c5f73934d521d31311582,1,1,ok,True,14,1926373,1926.373,0.097448,0.50061,0,time_limit,solomon_exact_1000_v1,missing,,,,,0.5,,100,2,25,fb89464a08a8315316a993462b898339a1874a83f2825c9a1b6ff87072390d28,False,baseline,94584996df0a3595e0aecc2e477200b9fac89aecf145f121af818315d48d5bd7
RC107,solomon_txt,fff3fd68d110671ed442575f07cc547291586f30b00c5f73934d521d31311582,2,1,ok,True,15,2052187,2052.187,0.100193,0.501027,0,time_limit,solomon_exact_1000_v1,missing,,,,,0.5,,100,2,25,fb89464a08a8315316a993462b898339a1874a83f2825c9a1b6ff87072390d28,False,baseline,94584996df0a3595e0aecc2e477200b9fac89aecf145f121af818315d48d5bd7
RC108,solomon_txt,006bc8817bf09f9a8c66af8d6f088bdec239b2eb435556e9d11193cf456f7aeb,0,1,ok,True,14,1940059,1940.059,0.124973,0.501001,0,time_limit,solomon_exact_1000_v1,missing,,,,,0.5,,100,2,25,fb89464a08a8315316a993462b898339a1874a83f2825c9a1b6ff87072390d28,False,baseline,94584996df0a3595e0aecc2e477200b9fac89aecf145f121af818315d48d5bd7
RC108,solomon_txt,006bc8817bf09f9a8c66af8d6f088bdec239b2eb435556e9d11193cf456f7aeb,1,1,ok,True,14,1606564,1606.564,0.091973,0.500599,0,time_limit,solomon_exact_1000_v1,missing,,,,,0.5,,100,2,25,fb89464a08a8315316a993462b898339a1874a83f2825c9a1b6ff87072390d28,False,baseline,94584996df0a3595e0aecc2e477200b9fac89aecf145f121af818315d48d5bd7
RC108,solomon_txt,006bc8817bf09f9a8c66af8d6f088bdec239b2eb435556e9d11193cf456f7aeb,2,1,ok,True,14,1711462,1711.462,0.147861,0.500581,0,time_limit,solomon_exact_1000_v1,missing,,,,,0.5,,100,2,25,fb89464a08a8315316a993462b898339a1874a83f2825c9a1b6ff87072390d28,False,baseline,94584996df0a3595e0aecc2e477200b9fac89aecf145f121af818315d48d5bd7
RC201,solomon_txt,288836e2d8c2ace83ebbff77e03ac8cdffc574fc134cade21ef92713f8c52d44,0,1,ok,True,5,2429811,2429.811,0.304771,0.500507,0,time_limit,solomon_exact_1000_v1,missing,,,,,0.5,,100,2,25,fb89464a08a8315316a993462b898339a1874a83f2825c9a1b6ff87072390d28,False,baseline,94584996df0a3595e0aecc2e477200b9fac89aecf145f121af818315d48d5bd7
RC201,solomon_txt,288836e2d8c2ace83ebbff77e03ac8cdffc574fc134cade21ef92713f8c52d44,1,1,ok,True,5,2429811,2429.811,0.269769,0.500591,0,time_limit,solomon_exact_1000_v1,missing,,,,,0.5,,100,2,25,fb89464a08a8315316a993462b898339a1874a83f2825c9a1b6ff87072390d28,False,baseline,94584996df0a3595e0aecc2e477200b9fac89aecf145f121af818315d48d5bd7
RC201,solomon_txt,288836e2d8c2ace83ebbff77e03ac8cdffc574fc134cade21ef92713f8c52d44,2,1,ok,True,5,2429811,2429.811,0.222577,0.501012,0,time_limit,solomon_exact_1000_v1,missing,,,,,0.5,,100,2,25,fb89464a08a8315316a993462b898339a1874a83f2825c9a1b6ff87072390d28,False,baseline,94584996df0a3595e0aecc2e477200b9fac89aecf145f121af818315d48d5bd7
RC202,solomon_txt,5a1dee2017ab0ca4fe280b392678c96e8b5bc71f22d02c8058fbde7c4cfebcf4,0,1,ok,True,4,1920411,1920.411,0.219211,0.500613,0,time_limit,solomon_exact_1000_v1,missing,,,,,0.5,,100,2,25,fb89464a08a8315316a993462b898339a1874a83f2825c9a1b6ff87072390d28,False,baseline,94584996df0a3595e0aecc2e477200b9fac89aecf145f121af818315d48d5bd7
RC202,solomon_txt,5a1dee2017ab0ca4fe280b392678c96e8b5bc71f22d02c8058fbde7c4cfebcf4,1,1,ok,True,4,1818035,1818.035,0.226345,0.500533,0,time_limit,solomon_exact_1000_v1,missing,,,,,0.5,,100,2,25,fb89464a08a8315316a993462b898339a1874a83f2825c9a1b6ff87072390d28,False,baseline,94584996df0a3595e0aecc2e477200b9fac89aecf145f121af818315d48d5bd7
RC202,solomon_txt,5a1dee2017ab0ca4fe280b392678c96e8b5bc71f22d02c8058fbde7c4cfebcf4,2,1,ok,True,4,1619243,1619.243,0.22787,0.500606,0,time_limit,solomon_exact_1000_v1,missing,,,,,0.5,,100,2,25,fb89464a08a8315316a993462b898339a1874a83f2825c9a1b6ff87072390d28,False,baseline,94584996df0a3595e0aecc2e477200b9fac89aecf145f121af818315d48d5bd7
RC203,solomon_txt,4adcb362c23df91f14b828d4964e9383ffb02ee74217afc2d84571f83ed91f8b,0,1,ok,True,4,1158154,1158.154,0.288964,0.500929,0,time_limit,solomon_exact_1000_v1,missing,,,,,0.5,,100,2,25,fb89464a08a8315316a993462b898339a1874a83f2825c9a1b6ff87072390d28,False,baseline,94584996df0a3595e0aecc2e477200b9fac89aecf145f121af818315d48d5bd7
RC203,solomon_txt,4adcb362c23df91f14b828d4964e9383ffb02ee74217afc2d84571f83ed91f8b,1,1,ok,True,4,1303205,1303.205,0.20861,0.50096,0,time_limit,solomon_exact_1000_v1,missing,,,,,0.5,,100,2,25,fb89464a08a8315316a993462b898339a1874a83f2825c9a1b6ff87072390d28,False,baseline,94584996df0a3595e0aecc2e477200b9fac89aecf145f121af818315d48d5bd7
RC203,solomon_txt,4adcb362c23df91f14b828d4964e9383ffb02ee74217afc2d84571f83ed91f8b,2,1,ok,True,5,1766955,1766.955,0.211518,0.50098,0,time_limit,solomon_exact_1000_v1,missing,,,,,0.5,,100,2,25,fb89464a08a8315316a993462b898339a1874a83f2825c9a1b6ff87072390d28,False,baseline,94584996df0a3595e0aecc2e477200b9fac89aecf145f121af818315d48d5bd7
RC204,solomon_txt,11e827eab51a959ebab66344e7b7cfd1aeed895287653b36a72c86a4440ecd77,0,1,ok,True,3,1500593,1500.593,0.321745,0.500624,0,time_limit,solomon_exact_1000_v1,missing,,,,,0.5,,100,2,25,fb89464a08a8315316a993462b898339a1874a83f2825c9a1b6ff87072390d28,False,baseline,94584996df0a3595e0aecc2e477200b9fac89aecf145f121af818315d48d5bd7
RC204,solomon_txt,11e827eab51a959ebab66344e7b7cfd1aeed895287653b36a72c86a4440ecd77,1,1,ok,True,3,1500593,1500.593,0.326956,0.500625,0,time_limit,solomon_exact_1000_v1,missing,,,,,0.5,,100,2,25,fb89464a08a8315316a993462b898339a1874a83f2825c9a1b6ff87072390d28,False,baseline,94584996df0a3595e0aecc2e477200b9fac89aecf145f121af818315d48d5bd7
RC204,solomon_txt,11e827eab51a959ebab66344e7b7cfd1aeed895287653b36a72c86a4440ecd77,2,1,ok,True,3,1500593,1500.593,0.312781,0.500551,0,time_limit,solomon_exact_1000_v1,missing,,,,,0.5,,100,2,25,fb89464a08a8315316a993462b898339a1874a83f2825c9a1b6ff87072390d28,False,baseline,94584996df0a3595e0aecc2e477200b9fac89aecf145f121af818315d48d5bd7
RC205,solomon_txt,c061d306cf42310b0f3ca15612089f6c5a8d5604c0733bf26852477c787662c9,0,1,ok,True,5,2063021,2063.021,0.235544,0.500569,0,time_limit,solomon_exact_1000_v1,missing,,,,,0.5,,100,2,25,fb89464a08a8315316a993462b898339a1874a83f2825c9a1b6ff87072390d28,False,baseline,94584996df0a3595e0aecc2e477200b9fac89aecf145f121af818315d48d5bd7
RC205,solomon_txt,c061d306cf42310b0f3ca15612089f6c5a8d5604c0733bf26852477c787662c9,1,1,ok,True,5,2063021,2063.021,0.293038,0.500563,0,time_limit,solomon_exact_1000_v1,missing,,,,,0.5,,100,2,25,fb89464a08a8315316a993462b898339a1874a83f2825c9a1b6ff87072390d28,False,baseline,94584996df0a3595e0aecc2e477200b9fac89aecf145f121af818315d48d5bd7
RC205,solomon_txt,c061d306cf42310b0f3ca15612089f6c5a8d5604c0733bf26852477c787662c9,2,1,ok,True,5,2063021,2063.021,0.200912,0.500614,0,time_limit,solomon_exact_1000_v1,missing,,,,,0.5,,100,2,25,fb89464a08a8315316a993462b898339a1874a83f2825c9a1b6ff87072390d28,False,baseline,94584996df0a3595e0aecc2e477200b9fac89aecf145f121af818315d48d5bd7
RC206,solomon_txt,5203aecf67c84df49e152645312a837ffefde529314ff892ca061538816e43a9,0,1,ok,True,5,2062880,2062.88,0.328542,0.500588,0,time_limit,solomon_exact_1000_v1,missing,,,,,0.5,,100,2,25,fb89464a08a8315316a993462b898339a1874a83f2825c9a1b6ff87072390d28,False,baseline,94584996df0a3595e0aecc2e477200b9fac89aecf145f121af818315d48d5bd7
RC206,solomon_txt,5203aecf67c84df49e152645312a837ffefde529314ff892ca061538816e43a9,1,1,ok,True,5,2062880,2062.88,0.207019,0.500584,0,time_limit,solomon_exact_1000_v1,missing,,,,,0.5,,100,2,25,fb89464a08a8315316a993462b898339a1874a83f2825c9a1b6ff87072390d28,False,baseline,94584996df0a3595e0aecc2e477200b9fac89aecf145f121af818315d48d5bd7
RC206,solomon_txt,5203aecf67c84df49e152645312a837ffefde529314ff892ca061538816e43a9,2,1,ok,True,5,2062880,2062.88,0.291698,0.500573,0,time_limit,solomon_exact_1000_v1,missing,,,,,0.5,,100,2,25,fb89464a08a8315316a993462b898339a1874a83f2825c9a1b6ff87072390d28,False,baseline,94584996df0a3595e0aecc2e477200b9fac89aecf145f121af818315d48d5bd7
RC207,solomon_txt,5cab65f99b350cdb8fb1c4d0a12dde85eb4ff6a6d6daf292b182cb73de9a8b63,0,1,ok,True,4,1907431,1907.431,0.242183,0.500959,0,time_limit,solomon_exact_1000_v1,missing,,,,,0.5,,100,2,25,fb89464a08a8315316a993462b898339a1874a83f2825c9a1b6ff87072390d28,False,baseline,94584996df0a3595e0aecc2e477200b9fac89aecf145f121af818315d48d5bd7
RC207,solomon_txt,5cab65f99b350cdb8fb1c4d0a12dde85eb4ff6a6d6daf292b182cb73de9a8b63,1,1,ok,True,4,1907431,1907.431,0.291656,0.500596,0,time_limit,solomon_exact_1000_v1,missing,,,,,0.5,,100,2,25,fb89464a08a8315316a993462b898339a1874a83f2825c9a1b6ff87072390d28,False,baseline,94584996df0a3595e0aecc2e477200b9fac89aecf145f121af818315d48d5bd7
RC207,solomon_txt,5cab65f99b350cdb8fb1c4d0a12dde85eb4ff6a6d6daf292b182cb73de9a8b63,2,1,ok,True,4,1907431,1907.431,0.233975,0.501004,0,time_limit,solomon_exact_1000_v1,missing,,,,,0.5,,100,2,25,fb89464a08a8315316a993462b898339a1874a83f2825c9a1b6ff87072390d28,False,baseline,94584996df0a3595e0aecc2e477200b9fac89aecf145f121af818315d48d5bd7
RC208,solomon_txt,3d67d2a8e2758a324643f5d6c6ca87e8c56435273eaa04be33f213bb991f1f28,0,1,ok,True,4,1913075,1913.075,0.26435,0.500573,0,time_limit,solomon_exact_1000_v1,missing,,,,,0.5,,100,2,25,fb89464a08a8315316a993462b898339a1874a83f2825c9a1b6ff87072390d28,False,baseline,94584996df0a3595e0aecc2e477200b9fac89aecf145f121af818315d48d5bd7
RC208,solomon_txt,3d67d2a8e2758a324643f5d6c6ca87e8c56435273eaa04be33f213bb991f1f28,1,1,ok,True,4,1913075,1913.075,0.236155,0.50098,0,time_limit,solomon_exact_1000_v1,missing,,,,,0.5,,100,2,25,fb89464a08a8315316a993462b898339a1874a83f2825c9a1b6ff87072390d28,False,baseline,94584996df0a3595e0aecc2e477200b9fac89aecf145f121af818315d48d5bd7
RC208,solomon_txt,3d67d2a8e2758a324643f5d6c6ca87e8c56435273eaa04be33f213bb991f1f28,2,1,ok,True,4,1913075,1913.075,0.300542,0.500678,0,time_limit,solomon_exact_1000_v1,missing,,,,,0.5,,100,2,25,fb89464a08a8315316a993462b898339a1874a83f2825c9a1b6ff87072390d28,False,baseline,94584996df0a3595e0aecc2e477200b9fac89aecf145f121af818315d48d5bd7
C101,solomon_txt,a6da75152d182d60ecd2c6f854296f5be452f92282d096adebcf5d99a7f16516,0,1,ok,True,11,1015038,1015.038,0.070263,0.500469,1,time_limit,solomon_exact_1000_v1,missing,,,,,0.5,,10,2,25,fb89464a08a8315316a993462b898339a1874a83f2825c9a1b6ff87072390d28,False,candidate,249664e28a2b6ee5f37315d19a648ad2218e3b3a17af8a9a56aa100ac49342c2
C101,solomon_txt,a6da75152d182d60ecd2c6f854296f5be452f92282d096adebcf5d99a7f16516,1,1,ok,True,10,828937,828.937,0.068082,0.500442,1,time_limit,solomon_exact_1000_v1,missing,,,,,0.5,,10,2,25,fb89464a08a8315316a993462b898339a1874a83f2825c9a1b6ff87072390d28,False,candidate,249664e28a2b6ee5f37315d19a648ad2218e3b3a17af8a9a56aa100ac49342c2
C101,solomon_txt,a6da75152d182d60ecd2c6f854296f5be452f92282d096adebcf5d99a7f16516,2,1,ok,True,10,828937,828.937,0.066691,0.500432,1,time_limit,solomon_exact_1000_v1,missing,,,,,0.5,,10,2,25,fb89464a08a8315316a993462b898339a1874a83f2825c9a1b6ff87072390d28,False,candidate,249664e28a2b6ee5f37315d19a648ad2218e3b3a17af8a9a56aa100ac49342c2
C102,solomon_txt,f89a0e2a760cc7448a4ca72b88e5b29b94d64b5548f3320f42a6230025ead653,0,1,ok,True,10,1253627,1253.627,0.072201,0.500475,2,time_limit,solomon_exact_1000_v1,missing,,,,,0.5,,10,2,25,fb89464a08a8315316a993462b898339a1874a83f2825c9a1b6ff87072390d28,False,candidate,249664e28a2b6ee5f37315d19a648ad2218e3b3a17af8a9a56aa100ac49342c2
C102,solomon_txt,f89a0e2a760cc7448a4ca72b88e5b29b94d64b5548f3320f42a6230025ead653,1,1,ok,True,10,1258583,1258.583,0.110677,0.500605,1,time_limit,solomon_exact_1000_v1,missing,,,,,0.5,,10,2,25,fb89464a08a8315316a993462b898339a1874a83f2825c9a1b6ff87072390d28,False,candidate,249664e28a2b6ee5f37315d19a648ad2218e3b3a17af8a9a56aa100ac49342c2
C102,solomon_txt,f89a0e2a760cc7448a4ca72b88e5b29b94d64b5548f3320f42a6230025ead653,2,1,ok,True,10,1258583,1258.583,0.115305,0.500706,1,time_limit,solomon_exact_1000_v1,missing,,,,,0.5,,10,2,25,fb89464a08a8315316a993462b898339a1874a83f2825c9a1b6ff87072390d28,False,candidate,249664e28a2b6ee5f37315d19a648ad2218e3b3a17af8a9a56aa100ac49342c2
C103,solomon_txt,a55cabf15e0da9d65696a5fb45c9852889479893f76f772a428ca15d1b415a51,0,1,ok,True,10,1787764,1787.764,0.125413,0.500661,4,time_limit,solomon_exact_1000_v1,missing,,,,,0.5,,10,2,25,fb89464a08a8315316a993462b898339a1874a83f2825c9a1b6ff87072390d28,False,candidate,249664e28a2b6ee5f37315d19a648ad2218e3b3a17af8a9a56aa100ac49342c2
C103,solomon_txt,a55cabf15e0da9d65696a5fb45c9852889479893f76f772a428ca15d1b415a51,1,1,ok,True,10,1805002,1805.002,0.127133,0.500666,3,time_limit,solomon_exact_1000_v1,missing,,,,,0.5,,10,2,25,fb89464a08a8315316a993462b898339a1874a83f2825c9a1b6ff87072390d28,False,candidate,249664e28a2b6ee5f37315d19a648ad2218e3b3a17af8a9a56aa100ac49342c2
C103,solomon_txt,a55cabf15e0da9d65696a5fb45c9852889479893f76f772a428ca15d1b415a51,2,1,ok,True,10,1821945,1821.945,0.121795,0.500719,3,time_limit,solomon_exact_1000_v1,missing,,,,,0.5,,10,2,25,fb89464a08a8315316a993462b898339a1874a83f2825c9a1b6ff87072390d28,False,candidate,249664e28a2b6ee5f37315d19a648ad2218e3b3a17af8a9a56aa100ac49342c2
C104,solomon_txt,fe333e81625ee5a75bb2ce98c2c9f356d07289237865b62a23ba2f32f0de5ee2,0,1,ok,True,10,1968364,1968.364,0.131362,0.500705,2,time_limit,solomon_exact_1000_v1,missing,,,,,0.5,,10,2,25,fb89464a08a8315316a993462b898339a1874a83f2825c9a1b6ff87072390d28,False,candidate,249664e28a2b6ee5f37315d19a648ad2218e3b3a17af8a9a56aa100ac49342c2
C104,solomon_txt,fe333e81625ee5a75bb2ce98c2c9f356d07289237865b62a23ba2f32f0de5ee2,1,1,ok,True,10,1937928,1937.928,0.119503,0.500303,3,time_limit,solomon_exact_1000_v1,missing,,,,,0.5,,10,2,25,fb89464a08a8315316a993462b898339a1874a83f2825c9a1b6ff87072390d28,False,candidate,249664e28a2b6ee5f37315d19a648ad2218e3b3a17af8a9a56aa100ac49342c2
C104,solomon_txt,fe333e81625ee5a75bb2ce98c2c9f356d07289237865b62a23ba2f32f0de5ee2,2,1,ok,True,10,1928804,1928.804,0.118568,0.500618,2,time_limit,solomon_exact_1000_v1,missing,,,,,0.5,,10,2,25,fb89464a08a8315316a993462b898339a1874a83f2825c9a1b6ff87072390d28,False,candidate,249664e28a2b6ee5f37315d19a648ad2218e3b3a17af8a9a56aa100ac49342c2
C105,solomon_txt,9a877a3a6fb922e7ad9297cc0308bc8a5652cb1495a0228ee6b81b2d938aa29f,0,1,ok,True,10,1152670,1152.67,0.099927,0.500664,1,time_limit,solomon_exact_1000_v1,missing,,,,,0.5,,10,2,25,fb89464a08a8315316a993462b898339a1874a83f2825c9a1b6ff87072390d28,False,candidate,249664e28a2b6ee5f37315d19a648ad2218e3b3a17af8a9a56aa100ac49342c2
C105,solomon_txt,9a877a3a6fb922e7ad9297cc0308bc8a5652cb1495a0228ee6b81b2d938aa29f,1,1,ok,True,10,1039051,1039.051,0.113115,0.500616,1,time_limit,solomon_exact_1000_v1,missing,,,,,0.5,,10,2,25,fb89464a08a8315316a993462b898339a1874a83f2825c9a1b6ff87072390d28,False,candidate,249664e28a2b6ee5f37315d19a648ad2218e3b3a17af8a9a56aa100ac49342c2
C105,solomon_txt,9a877a3a6fb922e7ad9297cc0308bc8a5652cb1495a0228ee6b81b2d938aa29f,2,1,ok,True,10,1066901,1066.901,0.113443,0.500824,1,time_limit,solomon_exact_1000_v1,missing,,,,,0.5,,10,2,25,fb89464a08a8315316a993462b898339a1874a83f2825c9a1b6ff87072390d28,False,candidate,249664e28a2b6ee5f37315d19a648ad2218e3b3a17af8a9a56aa100ac49342c2
C106,solomon_txt,ec9b419bed53e9c607cce76e8c6bc59feb6e4d17646905601f008a4141ec7b40,0,1,ok,True,10,1155645,1155.645,0.0951,0.500705,1,time_limit,solomon_exact_1000_v1,missing,,,,,0.5,,10,2,25,fb89464a08a8315316a993462b898339a1874a83f2825c9a1b6ff87072390d28,False,candidate,249664e28a2b6ee5f37315d19a648ad2218e3b3a17af8a9a56aa100ac49342c2
C106,solomon_txt,ec9b419bed53e9c607cce76e8c6bc59feb6e4d17646905601f008a4141ec7b40,1,1,ok,True,10,1091399,1091.399,0.095847,0.500563,1,time_limit,solomon_exact_1000_v1,missing,,,,,0.5,,10,2,25,fb89464a08a8315316a993462b898339a1874a83f2825c9a1b6ff87072390d28,False,candidate,249664e28a2b6ee5f37315d19a648ad2218e3b3a17af8a9a56aa100ac49342c2
C106,solomon_txt,ec9b419bed53e9c607cce76e8c6bc59feb6e4d17646905601f008a4141ec7b40,2,1,ok,True,10,1084912,1084.912,0.160843,0.500609,1,time_limit,solomon_exact_1000_v1,missing,,,,,0.5,,10,2,25,fb89464a08a8315316a993462b898339a1874a83f2825c9a1b6ff87072390d28,False,candidate,249664e28a2b6ee5f37315d19a648ad2218e3b3a17af8a9a56aa100ac49342c2
C107,solomon_txt,cb3cdc10d812fa17370eb52cb753b6b0574426dc6fabeb8b9076ed750ddf05ca,0,1,ok,True,10,1088386,1088.386,0.116952,0.500554,1,time_limit,solomon_exact_1000_v1,missing,,,,,0.5,,10,2,25,fb89464a08a8315316a993462b898339a1874a83f2825c9a1b6ff87072390d28,False,candidate,249664e28a2b6ee5f37315d19a648ad2218e3b3a17af8a9a56aa100ac49342c2
C107,solomon_txt,cb3cdc10d812fa17370eb52cb753b6b0574426dc6fabeb8b9076ed750ddf05ca,1,1,ok,True,10,1119053,1119.053,0.104491,0.500561,1,time_limit,solomon_exact_1000_v1,missing,,,,,0.5,,10,2,25,fb89464a08a8315316a993462b898339a1874a83f2825c9a1b6ff87072390d28,False,candidate,249664e28a2b6ee5f37315d19a648ad2218e3b3a17af8a9a56aa100ac49342c2
C107,solomon_txt,cb3cdc10d812fa17370eb52cb753b6b0574426dc6fabeb8b9076ed750ddf05ca,2,1,ok,True,10,1087988,1087.988,0.106593,0.500629,1,time_limit,solomon_exact_1000_v1,missing,,,,,0.5,,10,2,25,fb89464a08a8315316a993462b898339a1874a83f2825c9a1b6ff87072390d28,False,candidate,249664e28a2b6ee5f37315d19a648ad2218e3b3a17af8a9a56aa100ac49342c2
C108,solomon_txt,b8c7e48f292b66b283d8e71511e3a4eccaa4c4bc66b9313c399e73b0226f5953,0,1,ok,True,11,2105310,2105.31,0.109692,0.500559,1,time_limit,solomon_exact_1000_v1,missing,,,,,0.5,,10,2,25,fb89464a08a8315316a993462b898339a1874a83f2825c9a1b6ff87072390d28,False,candidate,249664e28a2b6ee5f37315d19a648ad2218e3b3a17af8a9a56aa100ac49342c2
C108,solomon_txt,b8c7e48f292b66b283d8e71511e3a4eccaa4c4bc66b9313c399e73b0226f5953,1,1,ok,True,10,1562897,1562.897,0.099102,0.501263,1,time_limit,solomon_exact_1000_v1,missing,,,,,0.5,,10,2,25,fb89464a08a8315316a993462b898339a1874a83f2825c9a1b6ff87072390d28,False,candidate,249664e28a2b6ee5f37315d19a648ad2218e3b3a17af8a9a56aa100ac49342c2
C108,solomon_txt,b8c7e48f292b66b283d8e71511e3a4eccaa4c4bc66b9313c399e73b0226f5953,2,1,ok,True,10,1419591,1419.591,0.099637,0.501195,2,time_limit,solomon_exact_1000_v1,missing,,,,,0.5,,10,2,25,fb89464a08a8315316a993462b898339a1874a83f2825c9a1b6ff87072390d28,False,candidate,249664e28a2b6ee5f37315d19a648ad2218e3b3a17af8a9a56aa100ac49342c2
C109,solomon_txt,72d8489e14bf1bb18456f0b21b01110506cbcc2354719dae8481b480150f142a,0,1,ok,True,10,1614821,1614.821,0.126832,0.501232,5,time_limit,solomon_exact_1000_v1,missing,,,,,0.5,,10,2,25,fb89464a08a8315316a993462b898339a1874a83f2825c9a1b6ff87072390d28,False,candidate,249664e28a2b6ee5f37315d19a648ad2218e3b3a17af8a9a56aa100ac49342c2
C109,solomon_txt,72d8489e14bf1bb18456f0b21b01110506cbcc2354719dae8481b480150f142a,1,1,ok,True,10,1665735,1665.735,0.12579,0.500652,4,time_limit,solomon_exact_1000_v1,missing,,,,,0.5,,10,2,25,fb89464a08a8315316a993462b898339a1874a83f2825c9a1b6ff87072390d28,False,candidate,249664e28a2b6ee5f37315d19a648ad2218e3b3a17af8a9a56aa100ac49342c2
C109,solomon_txt,72d8489e14bf1bb18456f0b21b01110506cbcc2354719dae8481b480150f142a,2,1,ok,True,10,1624330,1624.33,0.116498,0.500354,5,time_limit,solomon_exact_1000_v1,missing,,,,,0.5,,10,2,25,fb89464a08a8315316a993462b898339a1874a83f2825c9a1b6ff87072390d28,False,candidate,249664e28a2b6ee5f37315d19a648ad2218e3b3a17af8a9a56aa100ac49342c2
C201,solomon_txt,d8d9834087ae2326fa23a8510533060233dc9fb481873be60956eb26a880ad63,0,1,ok,True,3,704252,704.252,0.294039,0.50065,1,time_limit,solomon_exact_1000_v1,missing,,,,,0.5,,10,2,25,fb89464a08a8315316a993462b898339a1874a83f2825c9a1b6ff87072390d28,False,candidate,249664e28a2b6ee5f37315d19a648ad2218e3b3a17af8a9a56aa100ac49342c2
C201,solomon_txt,d8d9834087ae2326fa23a8510533060233dc9fb481873be60956eb26a880ad63,1,1,ok,True,3,704252,704.252,0.287977,0.500768,1,time_limit,solomon_exact_1000_v1,missing,,,,,0.5,,10,2,25,fb89464a08a8315316a993462b898339a1874a83f2825c9a1b6ff87072390d28,False,candidate,249664e28a2b6ee5f37315d19a648ad2218e3b3a17af8a9a56aa100ac49342c2
C201,solomon_txt,d8d9834087ae2326fa23a8510533060233dc9fb481873be60956eb26a880ad63,2,1,ok,True,3,704252,704.252,0.30094,0.500675,1,time_limit,solomon_exact_1000_v1,missing,,,,,0.5,,10,2,25,fb89464a08a8315316a993462b898339a1874a83f2825c9a1b6ff87072390d28,False,candidate,249664e28a2b6ee5f37315d19a648ad2218e3b3a17af8a9a56aa100ac49342c2
C202,solomon_txt,dfc8ecad79f6c7ffb096cd36994143569f0babe284d5ad194683271d81063772,0,1,ok,True,3,746236,746.236,0.303015,0.500678,1,time_limit,solomon_exact_1000_v1,missing,,,,,0.5,,10,2,25,fb89464a08a8315316a993462b898339a1874a83f2825c9a1b6ff87072390d28,False,candidate,249664e28a2b6ee5f37315d19a648ad2218e3b3a17af8a9a56aa100ac49342c2
C202,solomon_txt,dfc8ecad79f6c7ffb096cd36994143569f0babe284d5ad194683271d81063772,1,1,ok,True,3,746236,746.236,0.286435,0.501094,1,time_limit,solomon_exact_1000_v1,missing,,,,,0.5,,10,2,25,fb89464a08a8315316a993462b898339a1874a83f2825c9a1b6ff87072390d28,False,candidate,249664e28a2b6ee5f37315d19a648ad2218e3b3a17af8a9a56aa100ac49342c2
C202,solomon_txt,dfc8ecad79f6c7ffb096cd36994143569f0babe284d5ad194683271d81063772,2,1,ok,True,3,746236,746.236,0.332466,0.500714,1,time_limit,solomon_exact_1000_v1,missing,,,,,0.5,,10,2,25,fb89464a08a8315316a993462b898339a1874a83f2825c9a1b6ff87072390d28,False,candidate,249664e28a2b6ee5f37315d19a648ad2218e3b3a17af8a9a56aa100ac49342c2
C203,solomon_txt,2b79eea2962a848cb29f6153d4fb4ae725d35507686d937da6643b33fcd85062,0,1,ok,True,4,894861,894.861,0.28892,0.500433,1,time_limit,solomon_exact_1000_v1,missing,,,,,0.5,,10,2,25,fb89464a08a8315316a993462b898339a1874a83f2825c9a1b6ff87072390d28,False,candidate,249664e28a2b6ee5f37315d19a648ad2218e3b3a17af8a9a56aa100ac49342c2
C203,solomon_txt,2b79eea2962a848cb29f6153d4fb4ae725d35507686d937da6643b33fcd85062,1,1,ok,True,4,894045,894.045,0.242682,0.500585,1,time_limit,solomon_exact_1000_v1,missing,,,,,0.5,,10,2,25,fb89464a08a8315316a993462b898339a1874a83f2825c9a1b6ff87072390d28,False,candidate,249664e28a2b6ee5f37315d19a648ad2218e3b3a17af8a9a56aa100ac49342c2
C203,solomon_txt,2b79eea2962a848cb29f6153d4fb4ae725d35507686d937da6643b33fcd85062,2,1,ok,True,4,894861,894.861,0.328058,0.500567,1,time_limit,solomon_exact_1000_v1,missing,,,,,0.5,,10,2,25,fb89464a08a8315316a993462b898339a1874a83f2825c9a1b6ff87072390d28,False,candidate,249664e28a2b6ee5f37315d19a648ad2218e3b3a17af8a9a56aa100ac49342c2
C204,solomon_txt,4331b2744d34e32c2987e3fe8a82b782a2039d757d2aac818f7e0fd21117bfb4,0,1,ok,True,4,1439548,1439.548,0.418419,0.500275,1,time_limit,solomon_exact_1000_v1,missing,,,,,0.5,,10,2,25,fb89464a08a8315316a993462b898339a1874a83f2825c9a1b6ff87072390d28,False,candidate,249664e28a2b6ee5f37315d19a648ad2218e3b3a17af8a9a56aa100ac49342c2
C204,solomon_txt,4331b2744d34e32c2987e3fe8a82b782a2039d757d2aac818f7e0fd21117bfb4,1,1,ok,True,4,1439548,1439.548,0.295237,0.500624,1,time_limit,solomon_exact_1000_v1,missing,,,,,0.5,,10,2,25,fb89464a08a8315316a993462b898339a1874a83f2825c9a1b6ff87072390d28,False,candidate,249664e28a2b6ee5f37315d19a648ad2218e3b3a17af8a9a56aa100ac49342c2
C204,solomon_txt,4331b2744d34e32c2987e3fe8a82b782a2039d757d2aac818f7e0fd21117bfb4,2,1,ok,True,4,1400607,1400.607,0.345055,0.500511,1,time_limit,solomon_exact_1000_v1,missing,,,,,0.5,,10,2,25,fb89464a08a8315316a993462b898339a1874a83f2825c9a1b6ff87072390d28,False,candidate,249664e28a2b6ee5f37315d19a648ad2218e3b3a17af8a9a56aa100ac49342c2
C205,solomon_txt,15be2bb8c3e4ad99a79d1e7ee0472223feb95a4f423d010e032bda0a87266ca5,0,1,ok,True,4,912158,912.158,0.286417,0.500316,1,time_limit,solomon_exact_1000_v1,missing,,,,,0.5,,10,2,25,fb89464a08a8315316a993462b898339a1874a83f2825c9a1b6ff87072390d28,False,candidate,249664e28a2b6ee5f37315d19a648ad2218e3b3a17af8a9a56aa100ac49342c2
C205,solomon_txt,15be2bb8c3e4ad99a79d1e7ee0472223feb95a4f423d010e032bda0a87266ca5,1,1,ok,True,4,912158,912.158,0.368518,0.500591,1,time_limit,solomon_exact_1000_v1,missing,,,,,0.5,,10,2,25,fb89464a08a8315316a993462b898339a1874a83f2825c9a1b6ff87072390d28,False,candidate,249664e28a2b6ee5f37315d19a648ad2218e3b3a17af8a9a56aa100ac49342c2
C205,solomon_txt,15be2bb8c3e4ad99a79d1e7ee0472223feb95a4f423d010e032bda0a87266ca5,2,1,ok,True,4,912158,912.158,0.27882,0.500552,1,time_limit,solomon_exact_1000_v1,missing,,,,,0.5,,10,2,25,fb89464a08a8315316a993462b898339a1874a83f2825c9a1b6ff87072390d28,False,candidate,249664e28a2b6ee5f37315d19a648ad2218e3b3a17af8a9a56aa100ac49342c2
C206,solomon_txt,745b6c7042707ffbbfc4d681ee02a84431425f1dfb3c8aa85ecf003fec8f7e53,0,1,ok,True,4,1154595,1154.595,0.359541,0.500289,1,time_limit,solomon_exact_1000_v1,missing,,,,,0.5,,10,2,25,fb89464a08a8315316a993462b898339a1874a83f2825c9a1b6ff87072390d28,False,candidate,249664e28a2b6ee5f37315d19a648ad2218e3b3a17af8a9a56aa100ac49342c2
C206,solomon_txt,745b6c7042707ffbbfc4d681ee02a84431425f1dfb3c8aa85ecf003fec8f7e53,1,1,ok,True,4,1154595,1154.595,0.357043,0.500619,1,time_limit,solomon_exact_1000_v1,missing,,,,,0.5,,10,2,25,fb89464a08a8315316a993462b898339a1874a83f2825c9a1b6ff87072390d28,False,candidate,249664e28a2b6ee5f37315d19a648ad2218e3b3a17af8a9a56aa100ac49342c2
C206,solomon_txt,745b6c7042707ffbbfc4d681ee02a84431425f1dfb3c8aa85ecf003fec8f7e53,2,1,ok,True,4,1150040,1150.04,0.294892,0.500758,1,time_limit,solomon_exact_1000_v1,missing,,,,,0.5,,10,2,25,fb89464a08a8315316a993462b898339a1874a83f2825c9a1b6ff87072390d28,False,candidate,249664e28a2b6ee5f37315d19a648ad2218e3b3a17af8a9a56aa100ac49342c2
C207,solomon_txt,a33f03570a944c8a6d185fd6a173e66c68e67c399a4958b2d5b6d49533ace4a4,0,1,ok,True,4,980937,980.937,0.285818,0.500316,1,time_limit,solomon_exact_1000_v1,missing,,,,,0.5,,10,2,25,fb89464a08a8315316a993462b898339a1874a83f2825c9a1b6ff87072390d28,False,candidate,249664e28a2b6ee5f37315d19a648ad2218e3b3a17af8a9a56aa100ac49342c2
C207,solomon_txt,a33f03570a944c8a6d185fd6a173e66c68e67c399a4958b2d5b6d49533ace4a4,1,1,ok,True,4,980937,980.937,0.275522,0.500765,1,time_limit,solomon_exact_1000_v1,missing,,,,,0.5,,10,2,25,fb89464a08a8315316a993462b898339a1874a83f2825c9a1b6ff87072390d28,False,candidate,249664e28a2b6ee5f37315d19a648ad2218e3b3a17af8a9a56aa100ac49342c2
C207,solomon_txt,a33f03570a944c8a6d185fd6a173e66c68e67c399a4958b2d5b6d49533ace4a4,2,1,ok,True,4,980937,980.937,0.28429,0.500863,1,time_limit,solomon_exact_1000_v1,missing,,,,,0.5,,10,2,25,fb89464a08a8315316a993462b898339a1874a83f2825c9a1b6ff87072390d28,False,candidate,249664e28a2b6ee5f37315d19a648ad2218e3b3a17af8a9a56aa100ac49342c2
C208,solomon_txt,1c2f2381b8743680dbeb34322869cbf5a6cdd8c281f4bcffdb99b533e601874b,0,1,ok,True,4,957831,957.831,0.287835,0.500387,1,time_limit,solomon_exact_1000_v1,missing,,,,,0.5,,10,2,25,fb89464a08a8315316a993462b898339a1874a83f2825c9a1b6ff87072390d28,False,candidate,249664e28a2b6ee5f37315d19a648ad2218e3b3a17af8a9a56aa100ac49342c2
C208,solomon_txt,1c2f2381b8743680dbeb34322869cbf5a6cdd8c281f4bcffdb99b533e601874b,1,1,ok,True,4,957831,957.831,0.279798,0.50054,1,time_limit,solomon_exact_1000_v1,missing,,,,,0.5,,10,2,25,fb89464a08a8315316a993462b898339a1874a83f2825c9a1b6ff87072390d28,False,candidate,249664e28a2b6ee5f37315d19a648ad2218e3b3a17af8a9a56aa100ac49342c2
C208,solomon_txt,1c2f2381b8743680dbeb34322869cbf5a6cdd8c281f4bcffdb99b533e601874b,2,1,ok,True,4,957831,957.831,0.409712,0.500562,1,time_limit,solomon_exact_1000_v1,missing,,,,,0.5,,10,2,25,fb89464a08a8315316a993462b898339a1874a83f2825c9a1b6ff87072390d28,False,candidate,249664e28a2b6ee5f37315d19a648ad2218e3b3a17af8a9a56aa100ac49342c2
R101,solomon_txt,3f3655182bc0fe44ce5de65fdcd2ee2f9c7fb9ed055f923635151d9d6f76d3ed,0,1,ok,True,22,1899037,1899.037,0.075676,0.501202,2,time_limit,solomon_exact_1000_v1,missing,,,,,0.5,,10,2,25,fb89464a08a8315316a993462b898339a1874a83f2825c9a1b6ff87072390d28,False,candidate,249664e28a2b6ee5f37315d19a648ad2218e3b3a17af8a9a56aa100ac49342c2
R101,solomon_txt,3f3655182bc0fe44ce5de65fdcd2ee2f9c7fb9ed055f923635151d9d6f76d3ed,1,1,ok,True,21,1903068,1903.068,0.115942,0.501109,1,time_limit,solomon_exact_1000_v1,missing,,,,,0.5,,10,2,25,fb89464a08a8315316a993462b898339a1874a83f2825c9a1b6ff87072390d28,False,candidate,249664e28a2b6ee5f37315d19a648ad2218e3b3a17af8a9a56aa100ac49342c2
R101,solomon_txt,3f3655182bc0fe44ce5de65fdcd2ee2f9c7fb9ed055f923635151d9d6f76d3ed,2,1,ok,True,21,1872745,1872.745,0.076568,0.500616,2,time_limit,solomon_exact_1000_v1,missing,,,,,0.5,,10,2,25,fb89464a08a8315316a993462b898339a1874a83f2825c9a1b6ff87072390d28,False,candidate,249664e28a2b6ee5f37315d19a648ad2218e3b3a17af8a9a56aa100ac49342c2
R102,solomon_txt,eeb23171b7e4fbfc80bf000ca770329109900fbd7273fa8b9d1f95b7dfe683c3,0,1,ok,True,19,1643648,1643.648,0.143661,0.501062,1,time_limit,solomon_exact_1000_v1,missing,,,,,0.5,,10,2,25,fb89464a08a8315316a993462b898339a1874a83f2825c9a1b6ff87072390d28,False,candidate,249664e28a2b6ee5f37315d19a648ad2218e3b3a17af8a9a56aa100ac49342c2
R102,solomon_txt,eeb23171b7e4fbfc80bf000ca770329109900fbd7273fa8b9d1f95b7dfe683c3,1,1,ok,True,19,1687662,1687.662,0.081066,0.501029,1,time_limit,solomon_exact_1000_v1,missing,,,,,0.5,,10,2,25,fb89464a08a8315316a993462b898339a1874a83f2825c9a1b6ff87072390d28,False,candidate,249664e28a2b6ee5f37315d19a648ad2218e3b3a17af8a9a56aa100ac49342c2
R102,solomon_txt,eeb23171b7e4fbfc80bf000ca770329109900fbd7273fa8b9d1f95b7dfe683c3,2,1,ok,True,19,1606305,1606.305,0.142426,0.500605,1,time_limit,solomon_exact_1000_v1,missing,,,,,0.5,,10,2,25,fb89464a08a8315316a993462b898339a1874a83f2825c9a1b6ff87072390d28,False,candidate,249664e28a2b6ee5f37315d19a648ad2218e3b3a17af8a9a56aa100ac49342c2
R103,solomon_txt,1f833e8648ba39e0edc76754fb49e81777a7175cf7b084c3f60a12607bfb3991,0,1,ok,True,14,1535824,1535.824,0.16134,0.50109,2,time_limit,solomon_exact_1000_v1,missing,,,,,0.5,,10,2,25,fb89464a08a8315316a993462b898339a1874a83f2825c9a1b6ff87072390d28,False,candidate,249664e28a2b6ee5f37315d19a648ad2218e3b3a17af8a9a56aa100ac49342c2
R103,solomon_txt,1f833e8648ba39e0edc76754fb49e81777a7175cf7b084c3f60a12607bfb3991,1,1,ok,True,14,1543269,1543.269,0.092491,0.500668,2,time_limit,solomon_exact_1000_v1,missing,,,,,0.5,,10,2,25,fb89464a08a8315316a993462b898339a1874a83f2825c9a1b6ff87072390d28,False,candidate,249664e28a2b6ee5f37315d19a648ad2218e3b3a17af8a9a56aa100ac49342c2
R103,solomon_txt,1f833e8648ba39e0edc76754fb49e81777a7175cf7b084c3f60a12607bfb3991,2,1,ok,True,14,1543269,1543.269,0.129221,0.500659,2,time_limit,solomon_exact_1000_v1,missing,,,,,0.5,,10,2,25,fb89464a08a8315316a993462b898339a1874a83f2825c9a1b6ff87072390d28,False,candidate,249664e28a2b6ee5f37315d19a648ad2218e3b3a17af8a9a56aa100ac49342c2
R104,solomon_txt,dd087124311d91facd81736debbfc7d0f351d27942917e2d76cbafd01e6183b7,0,1,ok,True,11,1186697,1186.697,0.104434,0.500569,1,time_limit,solomon_exact_1000_v1,missing,,,,,0.5,,10,2,25,fb89464a08a8315316a993462b898339a1874a83f2825c9a1b6ff87072390d28,False,candidate,249664e28a2b6ee5f37315d19a648ad2218e3b3a17af8a9a56aa100ac49342c2
R104,solomon_txt,dd087124311d91facd81736debbfc7d0f351d27942917e2d76cbafd01e6183b7,1,1,ok,True,11,1232313,1232.313,0.106105,0.500565,1,time_limit,solomon_exact_1000_v1,missing,,,,,0.5,,10,2,25,fb89464a08a8315316a993462b898339a1874a83f2825c9a1b6ff87072390d28,False,candidate,249664e28a2b6ee5f37315d19a648ad2218e3b3a17af8a9a56aa100ac49342c2
R104,solomon_txt,dd087124311d91facd81736debbfc7d0f351d27942917e2d76cbafd01e6183b7,2,1,ok,True,11,1321819,1321.819,0.18539,0.500562,1,time_limit,solomon_exact_1000_v1,missing,,,,,0.5,,10,2,25,fb89464a08a8315316a993462b898339a1874a83f2825c9a1b6ff87072390d28,False,candidate,249664e28a2b6ee5f37315d19a648ad2218e3b3a17af8a9a56aa100ac49342c2
R105,solomon_txt,ff1a614f8458d6339b3f54d8e4ca2dcf0a35c96012f477f6a819ae481de85ca4,0,1,ok,True,17,1721296,1721.296,0.11395,0.500839,1,time_limit,solomon_exact_1000_v1,missing,,,,,0.5,,10,2,25,fb89464a08a8315316a993462b898339a1874a83f2825c9a1b6ff87072390d28,False,candidate,249664e28a2b6ee5f37315d19a648ad2218e3b3a17af8a9a56aa100ac49342c2
R105,solomon_txt,ff1a614f8458d6339b3f54d8e4ca2dcf0a35c96012f477f6a819ae481de85ca4,1,1,ok,True,17,1683209,1683.209,0.106025,0.500624,1,time_limit,solomon_exact_1000_v1,missing,,,,,0.5,,10,2,25,fb89464a08a8315316a993462b898339a1874a83f2825c9a1b6ff87072390d28,False,candidate,249664e28a2b6ee5f37315d19a648ad2218e3b3a17af8a9a56aa100ac49342c2
R105,solomon_txt,ff1a614f8458d6339b3f54d8e4ca2dcf0a35c96012f477f6a819ae481de85ca4,2,1,ok,True,17,1834998,1834.998,0.091474,0.500657,1,time_limit,solomon_exact_1000_v1,missing,,,,,0.5,,10,2,25,fb89464a08a8315316a993462b898339a1874a83f2825c9a1b6ff87072390d28,False,candidate,249664e28a2b6ee5f37315d19a648ad2218e3b3a17af8a9a56aa100ac49342c2
R106,solomon_txt,31b8783d177f0fbe1c84b8f085fbf28b1989a80e4c00f49f5654ebef99835e97,0,1,ok,True,14,1540595,1540.595,0.087379,0.501143,1,time_limit,solomon_exact_1000_v1,missing,,,,,0.5,,10,2,25,fb89464a08a8315316a993462b898339a1874a83f2825c9a1b6ff87072390d28,False,candidate,249664e28a2b6ee5f37315d19a648ad2218e3b3a17af8a9a56aa100ac49342c2
R106,solomon_txt,31b8783d177f0fbe1c84b8f085fbf28b1989a80e4c00f49f5654ebef99835e97,1,1,ok,True,14,1642384,1642.384,0.134982,0.500413,1,time_limit,solomon_exact_1000_v1,missing,,,,,0.5,,10,2,25,fb89464a08a8315316a993462b898339a1874a83f2825c9a1b6ff87072390d28,False,candidate,249664e28a2b6ee5f37315d19a648ad2218e3b3a17af8a9a56aa100ac49342c2
R106,solomon_txt,31b8783d177f0fbe1c84b8f085fbf28b1989a80e4c00f49f5654ebef99835e97,2,1,ok,True,14,1559373,1559.373,0.114954,0.500618,1,time_limit,solomon_exact_1000_v1,missing,,,,,0.5,,10,2,25,fb89464a08a8315316a993462b898339a1874a83f2825c9a1b6ff87072390d28,False,candidate,249664e28a2b6ee5f37315d19a648ad2218e3b3a17af8a9a56aa100ac49342c2
R107,solomon_txt,dba2b257a1d43d7c78d5e3a9f09091a2b125d3fbec78c0c8a1782add669a1275,0,1,ok,True,12,1281479,1281.479,0.166286,0.500583,1,time_limit,solomon_exact_1000_v1,missing,,,,,0.5,,10,2,25,fb89464a08a8315316a993462b898339a1874a83f2825c9a1b6ff87072390d28,False,candidate,249664e28a2b6ee5f37315d19a648ad2218e3b3a17af8a9a56aa100ac49342c2
R107,solomon_txt,dba2b257a1d43d7c78d5e3a9f09091a2b125d3fbec78c0c8a1782add669a1275,1,1,ok,True,12,1513908,1513.908,0.125762,0.500607,1,time_limit,solomon_exact_1000_v1,missing,,,,,0.5,,10,2,25,fb89464a08a8315316a993462b898339a1874a83f2825c9a1b6ff87072390d28,False,candidate,249664e28a2b6ee5f37315d19a648ad2218e3b3a17af8a9a56aa100ac49342c2
R107,solomon_txt,dba2b257a1d43d7c78d5e3a9f09091a2b125d3fbec78c0c8a1782add669a1275,2,1,ok,True,12,1486083,1486.083,0.100412,0.500615,1,time_limit,solomon_exact_1000_v1,missing,,,,,0.5,,10,2,25,fb89464a08a8315316a993462b898339a1874a83f2825c9a1b6ff87072390d28,False,candidate,249664e28a2b6ee5f37315d19a648ad2218e3b3a17af8a9a56aa100ac49342c2
R108,solomon_txt,65cae09f4099b7e70d2b723e0e3a30aa1494c75a367bb894a3fd13241ee639d4,0,1,ok,True,11,1315436,1315.436,0.12306,0.500927,1,time_limit,solomon_exact_1000_v1,missing,,,,,0.5,,10,2,25,fb89464a08a8315316a993462b898339a1874a83f2825c9a1b6ff87072390d28,False,candidate,249664e28a2b6ee5f37315d19a648ad2218e3b3a17af8a9a56aa100ac49342c2
R108,solomon_txt,65cae09f4099b7e70d2b723e0e3a30aa1494c75a367bb894a3fd13241ee639d4,1,1,ok,True,11,1323395,1323.395,0.11703,0.500588,1,time_limit,solomon_exact_1000_v1,missing,,,,,0.5,,10,2,25,fb89464a08a8315316a993462b898339a1874a83f2825c9a1b6ff87072390d28,False,candidate,249664e28a2b6ee5f37315d19a648ad2218e3b3a17af8a9a56aa100ac49342c2
R108,solomon_txt,65cae09f4099b7e70d2b723e0e3a30aa1494c75a367bb894a3fd13241ee639d4,2,1,ok,True,11,1359783,1359.783,0.116902,0.500626,1,time_limit,solomon_exact_1000_v1,missing,,,,,0.5,,10,2,25,fb89464a08a8315316a993462b898339a1874a83f2825c9a1b6ff87072390d28,False,candidate,249664e28a2b6ee5f37315d19a648ad2218e3b3a17af8a9a56aa100ac49342c2
R109,solomon_txt,4ef24030e8c48de5f85dcd90c5739186004fc8dec87533b6467013cf996f4777,0,1,ok,True,16,1614147,1614.147,0.094196,0.500592,1,time_limit,solomon_exact_1000_v1,missing,,,,,0.5,,10,2,25,fb89464a08a8315316a993462b898339a1874a83f2825c9a1b6ff87072390d28,False,candidate,249664e28a2b6ee5f37315d19a648ad2218e3b3a17af8a9a56aa100ac49342c2
R109,solomon_txt,4ef24030e8c48de5f85dcd90c5739186004fc8dec87533b6467013cf996f4777,1,1,ok,True,16,1593403,1593.403,0.092691,0.500594,2,time_limit,solomon_exact_1000_v1,missing,,,,,0.5,,10,2,25,fb89464a08a8315316a993462b898339a1874a83f2825c9a1b6ff87072390d28,False,candidate,249664e28a2b6ee5f37315d19a648ad2218e3b3a17af8a9a56aa100ac49342c2
R109,solomon_txt,4ef24030e8c48de5f85dcd90c5739186004fc8dec87533b6467013cf996f4777,2,1,ok,True,16,1791134,1791.134,0.082944,0.501027,1,time_limit,solomon_exact_1000_v1,missing,,,,,0.5,,10,2,25,fb89464a08a8315316a993462b898339a1874a83f2825c9a1b6ff87072390d28,False,candidate,249664e28a2b6ee5f37315d19a648ad2218e3b3a17af8a9a56aa100ac49342c2
R110,solomon_txt,14cb53cb99af61d3d708f07564b9a72d146e7c26b4f10507cfaf3bc828f34bfa,0,1,ok,True,14,1572003,1572.003,0.093139,0.500623,1,time_limit,solomon_exact_1000_v1,missing,,,,,0.5,,10,2,25,fb89464a08a8315316a993462b898339a1874a83f2825c9a1b6ff87072390d28,False,candidate,249664e28a2b6ee5f37315d19a648ad2218e3b3a17af8a9a56aa100ac49342c2
R110,solomon_txt,14cb53cb99af61d3d708f07564b9a72d146e7c26b4f10507cfaf3bc828f34bfa,1,1,ok,True,14,1444623,1444.623,0.092766,0.500985,1,time_limit,solomon_exact_1000_v1,missing,,,,,0.5,,10,2,25,fb89464a08a8315316a993462b898339a1874a83f2825c9a1b6ff87072390d28,False,candidate,249664e28a2b6ee5f37315d19a648ad2218e3b3a17af8a9a56aa100ac49342c2
R110,solomon_txt,14cb53cb99af61d3d708f07564b9a72d146e7c26b4f10507cfaf3bc828f34bfa,2,1,ok,True,14,1584192,1584.192,0.124458,0.501117,1,time_limit,solomon_exact_1000_v1,missing,,,,,0.5,,10,2,25,fb89464a08a8315316a993462b898339a1874a83f2825c9a1b6ff87072390d28,False,candidate,249664e28a2b6ee5f37315d19a648ad2218e3b3a17af8a9a56aa100ac49342c2
R111,solomon_txt,3d94a73b1f2fe8aae4618b9d9ea254cff2e3924a6a841aa390096ec6c60f258d,0,1,ok,True,12,1406336,1406.336,0.126142,0.500957,1,time_limit,solomon_exact_1000_v1,missing,,,,,0.5,,10,2,25,fb89464a08a8315316a993462b898339a1874a83f2825c9a1b6ff87072390d28,False,candidate,249664e28a2b6ee5f37315d19a648ad2218e3b3a17af8a9a56aa100ac49342c2
R111,solomon_txt,3d94a73b1f2fe8aae4618b9d9ea254cff2e3924a6a841aa390096ec6c60f258d,1,1,ok,True,12,1469233,1469.233,0.096862,0.500707,1,time_limit,solomon_exact_1000_v1,missing,,,,,0.5,,10,2,25,fb89464a08a8315316a993462b898339a1874a83f2825c9a1b6ff87072390d28,False,candidate,249664e28a2b6ee5f37315d19a648ad2218e3b3a17af8a9a56aa100ac49342c2
R111,solomon_txt,3d94a73b1f2fe8aae4618b9d9ea254cff2e3924a6a841aa390096ec6c60f258d,2,1,ok,True,12,1307395,1307.395,0.120098,0.500985,1,time_limit,solomon_exact_1000_v1,missing,,,,,0.5,,10,2,25,fb89464a08a8315316a993462b898339a1874a83f2825c9a1b6ff87072390d28,False,candidate,249664e28a2b6ee5f37315d19a648ad2218e3b3a17af8a9a56aa100ac49342c2
R112,solomon_txt,a0e93149d59d30c356619891d192e86d0f16c3158e1dac3bd9f23c6deb718271,0,1,ok,True,13,1520893,1520.893,0.096256,0.501352,1,time_limit,solomon_exact_1000_v1,missing,,,,,0.5,,10,2,25,fb89464a08a8315316a993462b898339a1874a83f2825c9a1b6ff87072390d28,False,candidate,249664e28a2b6ee5f37315d19a648ad2218e3b3a17af8a9a56aa100ac49342c2
R112,solomon_txt,a0e93149d59d30c356619891d192e86d0f16c3158e1dac3bd9f23c6deb718271,1,1,ok,True,13,1430041,1430.041,0.13558,0.500625,1,time_limit,solomon_exact_1000_v1,missing,,,,,0.5,,10,2,25,fb89464a08a8315316a993462b898339a1874a83f2825c9a1b6ff87072390d28,False,candidate,249664e28a2b6ee5f37315d19a648ad2218e3b3a17af8a9a56aa100ac49342c2
R112,solomon_txt,a0e93149d59d30c356619891d192e86d0f16c3158e1dac3bd9f23c6deb718271,2,1,ok,True,14,1630812,1630.812,0.108193,0.500785,1,time_limit,solomon_exact_1000_v1,missing,,,,,0.5,,10,2,25,fb89464a08a8315316a993462b898339a1874a83f2825c9a1b6ff87072390d28,False,candidate,249664e28a2b6ee5f37315d19a648ad2218e3b3a17af8a9a56aa100ac49342c2
R201,solomon_txt,0be960ec998fff2cab0bdbcc5194c617e5ca0a79c82c5b32b1d4bd98b2cae210,0,1,ok,True,5,1726658,1726.658,0.332849,0.500429,1,time_limit,solomon_exact_1000_v1,missing,,,,,0.5,,10,2,25,fb89464a08a8315316a993462b898339a1874a83f2825c9a1b6ff87072390d28,False,candidate,249664e28a2b6ee5f37315d19a648ad2218e3b3a17af8a9a56aa100ac49342c2
R201,solomon_txt,0be960ec998fff2cab0bdbcc5194c617e5ca0a79c82c5b32b1d4bd98b2cae210,1,1,ok,True,5,1726636,1726.636,0.290271,0.500684,1,time_limit,solomon_exact_1000_v1,missing,,,,,0.5,,10,2,25,fb89464a08a8315316a993462b898339a1874a83f2825c9a1b6ff87072390d28,False,candidate,249664e28a2b6ee5f37315d19a648ad2218e3b3a17af8a9a56aa100ac49342c2
R201,solomon_txt,0be960ec998fff2cab0bdbcc5194c617e5ca0a79c82c5b32b1d4bd98b2cae210,2,1,ok,True,5,1726658,1726.658,0.240817,0.501056,1,time_limit,solomon_exact_1000_v1,missing,,,,,0.5,,10,2,25,fb89464a08a8315316a993462b898339a1874a83f2825c9a1b6ff87072390d28,False,candidate,249664e28a2b6ee5f37315d19a648ad2218e3b3a17af8a9a56aa100ac49342c2
R202,solomon_txt,1f7761bb33e9dd0c94837b32c72280296ffc283dba997379c7ad75ce00dffc8d,0,1,ok,True,4,1622145,1622.145,0.216578,0.500626,1,time_limit,solomon_exact_1000_v1,missing,,,,,0.5,,10,2,25,fb89464a08a8315316a993462b898339a1874a83f2825c9a1b6ff87072390d28,False,candidate,249664e28a2b6ee5f37315d19a648ad2218e3b3a17af8a9a56aa100ac49342c2
R202,solomon_txt,1f7761bb33e9dd0c94837b32c72280296ffc283dba997379c7ad75ce00dffc8d,1,1,ok,True,4,1622244,1622.244,0.320552,0.500684,1,time_limit,solomon_exact_1000_v1,missing,,,,,0.5,,10,2,25,fb89464a08a8315316a993462b898339a1874a83f2825c9a1b6ff87072390d28,False,candidate,249664e28a2b6ee5f37315d19a648ad2218e3b3a17af8a9a56aa100ac49342c2
R202,solomon_txt,1f7761bb33e9dd0c94837b32c72280296ffc283dba997379c7ad75ce00dffc8d,2,1,ok,True,4,1622145,1622.145,0.259205,0.501059,1,time_limit,solomon_exact_1000_v1,missing,,,,,0.5,,10,2,25,fb89464a08a8315316a993462b898339a1874a83f2825c9a1b6ff87072390d28,False,candidate,249664e28a2b6ee5f37315d19a648ad2218e3b3a17af8a9a56aa100ac49342c2
R203,solomon_txt,38c484db31bd7452a94d533e26a2348ef598df600b79d061d9ddc1c61466a731,0,1,ok,True,3,1300221,1300.221,0.29114,0.50135,1,time_limit,solomon_exact_1000_v1,missing,,,,,0.5,,10,2,25,fb89464a08a8315316a993462b898339a1874a83f2825c9a1b6ff87072390d28,False,candidate,249664e28a2b6ee5f37315d19a648ad2218e3b3a17af8a9a56aa100ac49342c2
R203,solomon_txt,38c484db31bd7452a94d533e26a2348ef598df600b79d061d9ddc1c61466a731,1,1,ok,True,3,1298706,1298.706,0.320695,0.500721,1,time_limit,solomon_exact_1000_v1,missing,,,,,0.5,,10,2,25,fb89464a08a8315316a993462b898339a1874a83f2825c9a1b6ff87072390d28,False,candidate,249664e28a2b6ee5f37315d19a648ad2218e3b3a17af8a9a56aa100ac49342c2
R203,solomon_txt,38c484db31bd7452a94d533e26a2348ef598df600b79d061d9ddc1c61466a731,2,1,ok,True,3,1279894,1279.894,0.254034,0.500551,1,time_limit,solomon_exact_1000_v1,missing,,,,,0.5,,10,2,25,fb89464a08a8315316a993462b898339a1874a83f2825c9a1b6ff87072390d28,False,candidate,249664e28a2b6ee5f37315d19a648ad2218e3b3a17af8a9a56aa100ac49342c2
R204,solomon_txt,5349e37d8df99bcbee1efa2e970d2662b5265e5f82fc609343a6af0a60257abf,0,1,ok,True,3,1331038,1331.038,0.313403,0.500515,1,time_limit,solomon_exact_1000_v1,missing,,,,,0.5,,10,2,25,fb89464a08a8315316a993462b898339a1874a83f2825c9a1b6ff87072390d28,False,candidate,249664e28a2b6ee5f37315d19a648ad2218e3b3a17af8a9a56aa100ac49342c2
R204,solomon_txt,5349e37d8df99bcbee1efa2e970d2662b5265e5f82fc609343a6af0a60257abf,1,1,ok,True,3,1331038,1331.038,0.442286,0.500334,1,time_limit,solomon_exact_1000_v1,missing,,,,,0.5,,10,2,25,fb89464a08a8315316a993462b898339a1874a83f2825c9a1b6ff87072390d28,False,candidate,249664e28a2b6ee5f37315d19a648ad2218e3b3a17af8a9a56aa100ac49342c2
R204,solomon_txt,5349e37d8df99bcbee1efa2e970d2662b5265e5f82fc609343a6af0a60257abf,2,1,ok,True,3,1310217,1310.217,0.310265,0.501039,1,time_limit,solomon_exact_1000_v1,missing,,,,,0.5,,10,2,25,fb89464a08a8315316a993462b898339a1874a83f2825c9a1b6ff87072390d28,False,candidate,249664e28a2b6ee5f37315d19a648ad2218e3b3a17af8a9a56aa100ac49342c2
R205,solomon_txt,1996bf8f10716fb8cfc1a585206a6a6e566f32347c1bb8f36c75ed6c887f77e3,0,1,ok,True,4,1700248,1700.248,0.243417,0.500519,1,time_limit,solomon_exact_1000_v1,missing,,,,,0.5,,10,2,25,fb89464a08a8315316a993462b898339a1874a83f2825c9a1b6ff87072390d28,False,candidate,249664e28a2b6ee5f37315d19a648ad2218e3b3a17af8a9a56aa100ac49342c2
R205,solomon_txt,1996bf8f10716fb8cfc1a585206a6a6e566f32347c1bb8f36c75ed6c887f77e3,1,1,ok,True,4,1672556,1672.556,0.287377,0.500595,1,time_limit,solomon_exact_1000_v1,missing,,,,,0.5,,10,2,25,fb89464a08a8315316a993462b898339a1874a83f2825c9a1b6ff87072390d28,False,candidate,249664e28a2b6ee5f37315d19a648ad2218e3b3a17af8a9a56aa100ac49342c2
R205,solomon_txt,1996bf8f10716fb8cfc1a585206a6a6e566f32347c1bb8f36c75ed6c887f77e3,2,1,ok,True,4,1697955,1697.955,0.229317,0.50097,1,time_limit,solomon_exact_1000_v1,missing,,,,,0.5,,10,2,25,fb89464a08a8315316a993462b898339a1874a83f2825c9a1b6ff87072390d28,False,candidate,249664e28a2b6ee5f37315d19a648ad2218e3b3a17af8a9a56aa100ac49342c2
R206,solomon_txt,c8754a0319264d076c038b1bf023c8c4710e8895fe3e03f485e9ae249f32fe43,0,1,ok,True,3,1529574,1529.574,0.265656,0.500616,1,time_limit,solomon_exact_1000_v1,missing,,,,,0.5,,10,2,25,fb89464a08a8315316a993462b898339a1874a83f2825c9a1b6ff87072390d28,False,candidate,249664e28a2b6ee5f37315d19a648ad2218e3b3a17af8a9a56aa100ac49342c2
R206,solomon_txt,c8754a0319264d076c038b1bf023c8c4710e8895fe3e03f485e9ae249f32fe43,1,1,ok,True,3,1533607,1533.607,0.339764,0.500531,1,time_limit,solomon_exact_1000_v1,missing,,,,,0.5,,10,2,25,fb89464a08a8315316a993462b898339a1874a83f2825c9a1b6ff87072390d28,False,candidate,249664e28a2b6ee5f37315d19a648ad2218e3b3a17af8a9a56aa100ac49342c2
R206,solomon_txt,c8754a0319264d076c038b1bf023c8c4710e8895fe3e03f485e9ae249f32fe43,2,1,ok,True,3,1533607,1533.607,0.342284,0.500626,1,time_limit,solomon_exact_1000_v1,missing,,,,,0.5,,10,2,25,fb89464a08a8315316a993462b898339a1874a83f2825c9a1b6ff87072390d28,False,candidate,249664e28a2b6ee5f37315d19a648ad2218e3b3a17af8a9a56aa100ac49342c2
R207,solomon_txt,52dc8eebba43fdc67ca9aadab228b75a297acb55a87db3e4748e82f623e3cbe6,0,1,ok,True,4,1302528,1302.528,0.423467,0.500303,1,time_limit,solomon_exact_1000_v1,missing,,,,,0.5,,10,2,25,fb89464a08a8315316a993462b898339a1874a83f2825c9a1b6ff87072390d28,False,candidate,249664e28a2b6ee5f37315d19a648ad2218e3b3a17af8a9a56aa100ac49342c2
R207,solomon_txt,52dc8eebba43fdc67ca9aadab228b75a297acb55a87db3e4748e82f623e3cbe6,1,1,ok,True,4,1302528,1302.528,0.314568,0.500527,1,time_limit,solomon_exact_1000_v1,missing,,,,,0.5,,10,2,25,fb89464a08a8315316a993462b898339a1874a83f2825c9a1b6ff87072390d28,False,candidate,249664e28a2b6ee5f37315d19a648ad2218e3b3a17af8a9a56aa100ac49342c2
R207,solomon_txt,52dc8eebba43fdc67ca9aadab228b75a297acb55a87db3e4748e82f623e3cbe6,2,1,ok,True,4,1302528,1302.528,0.368628,0.500292,1,time_limit,solomon_exact_1000_v1,missing,,,,,0.5,,10,2,25,fb89464a08a8315316a993462b898339a1874a83f2825c9a1b6ff87072390d28,False,candidate,249664e28a2b6ee5f37315d19a648ad2218e3b3a17af8a9a56aa100ac49342c2
R208,solomon_txt,7b4a95d500af9329dd08791d39898a619faec0f8fac039d57373e761545b980d,0,1,ok,True,3,957965,957.965,0.311374,0.500496,1,time_limit,solomon_exact_1000_v1,missing,,,,,0.5,,10,2,25,fb89464a08a8315316a993462b898339a1874a83f2825c9a1b6ff87072390d28,False,candidate,249664e28a2b6ee5f37315d19a648ad2218e3b3a17af8a9a56aa100ac49342c2
R208,solomon_txt,7b4a95d500af9329dd08791d39898a619faec0f8fac039d57373e761545b980d,1,1,ok,True,3,957965,957.965,0.324233,0.500316,1,time_limit,solomon_exact_1000_v1,missing,,,,,0.5,,10,2,25,fb89464a08a8315316a993462b898339a1874a83f2825c9a1b6ff87072390d28,False,candidate,249664e28a2b6ee5f37315d19a648ad2218e3b3a17af8a9a56aa100ac49342c2
R208,solomon_txt,7b4a95d500af9329dd08791d39898a619faec0f8fac039d57373e761545b980d,2,1,ok,True,3,957965,957.965,0.394015,0.500299,1,time_limit,solomon_exact_1000_v1,missing,,,,,0.5,,10,2,25,fb89464a08a8315316a993462b898339a1874a83f2825c9a1b6ff87072390d28,False,candidate,249664e28a2b6ee5f37315d19a648ad2218e3b3a17af8a9a56aa100ac49342c2
R209,solomon_txt,5b74156d032babcff853ccc693f94463eca8333cd425aa99a39ed996f6258933,0,1,ok,True,4,1712415,1712.415,0.29036,0.500588,1,time_limit,solomon_exact_1000_v1,missing,,,,,0.5,,10,2,25,fb89464a08a8315316a993462b898339a1874a83f2825c9a1b6ff87072390d28,False,candidate,249664e28a2b6ee5f37315d19a648ad2218e3b3a17af8a9a56aa100ac49342c2
R209,solomon_txt,5b74156d032babcff853ccc693f94463eca8333cd425aa99a39ed996f6258933,1,1,ok,True,4,1708477,1708.477,0.270241,0.500589,1,time_limit,solomon_exact_1000_v1,missing,,,,,0.5,,10,2,25,fb89464a08a8315316a993462b898339a1874a83f2825c9a1b6ff87072390d28,False,candidate,249664e28a2b6ee5f37315d19a648ad2218e3b3a17af8a9a56aa100ac49342c2
R209,solomon_txt,5b74156d032babcff853ccc693f94463eca8333cd425aa99a39ed996f6258933,2,1,ok,True,4,1705432,1705.432,0.226751,0.500285,2,time_limit,solomon_exact_1000_v1,missing,,,,,0.5,,10,2,25,fb89464a08a8315316a993462b898339a1874a83f2825c9a1b6ff87072390d28,False,candidate,249664e28a2b6ee5f37315d19a648ad2218e3b3a17af8a9a56aa100ac49342c2
R210,solomon_txt,4e5772f109fb6183e6a648d6a1edaba3435438c2dc11c42da370fecf7bdf3a14,0,1,ok,True,3,1421138,1421.138,0.260689,0.500691,2,time_limit,solomon_exact_1000_v1,missing,,,,,0.5,,10,2,25,fb89464a08a8315316a993462b898339a1874a83f2825c9a1b6ff87072390d28,False,candidate,249664e28a2b6ee5f37315d19a648ad2218e3b3a17af8a9a56aa100ac49342c2
R210,solomon_txt,4e5772f109fb6183e6a648d6a1edaba3435438c2dc11c42da370fecf7bdf3a14,1,1,ok,True,3,1421827,1421.827,0.255723,0.501308,2,time_limit,solomon_exact_1000_v1,missing,,,,,0.5,,10,2,25,fb89464a08a8315316a993462b898339a1874a83f2825c9a1b6ff87072390d28,False,candidate,249664e28a2b6ee5f37315d19a648ad2218e3b3a17af8a9a56aa100ac49342c2
R210,solomon_txt,4e5772f109fb6183e6a648d6a1edaba3435438c2dc11c42da370fecf7bdf3a14,2,1,ok,True,3,1421827,1421.827,0.248975,0.500638,2,time_limit,solomon_exact_1000_v1,missing,,,,,0.5,,10,2,25,fb89464a08a8315316a993462b898339a1874a83f2825c9a1b6ff87072390d28,False,candidate,249664e28a2b6ee5f37315d19a648ad2218e3b3a17af8a9a56aa100ac49342c2
R211,solomon_txt,2965507e467a2f92acd59035975910e36ae11e4f49590d4c7d20a883939227ad,0,1,ok,True,3,1514848,1514.848,0.281849,0.500796,1,time_limit,solomon_exact_1000_v1,missing,,,,,0.5,,10,2,25,fb89464a08a8315316a993462b898339a1874a83f2825c9a1b6ff87072390d28,False,candidate,249664e28a2b6ee5f37315d19a648ad2218e3b3a17af8a9a56aa100ac49342c2
R211,solomon_txt,2965507e467a2f92acd59035975910e36ae11e4f49590d4c7d20a883939227ad,1,1,ok,True,3,1514848,1514.848,0.278939,0.500492,1,time_limit,solomon_exact_1000_v1,missing,,,,,0.5,,10,2,25,fb89464a08a8315316a993462b898339a1874a83f2825c9a1b6ff87072390d28,False,candidate,249664e28a2b6ee5f37315d19a648ad2218e3b3a17af8a9a56aa100ac49342c2
R211,solomon_txt,2965507e467a2f92acd59035975910e36ae11e4f49590d4c7d20a883939227ad,2,1,ok,True,3,1516434,1516.434,0.333752,0.500522,1,time_limit,solomon_exact_1000_v1,missing,,,,,0.5,,10,2,25,fb89464a08a8315316a993462b898339a1874a83f2825c9a1b6ff87072390d28,False,candidate,249664e28a2b6ee5f37315d19a648ad2218e3b3a17af8a9a56aa100ac49342c2
RC101,solomon_txt,ef6893ffd9746ad96de8e4da6e64e2c4ba6e08a1c7eb9457276a9f1caf01ca12,0,1,ok,True,19,2028164,2028.164,0.14055,0.500588,1,time_limit,solomon_exact_1000_v1,missing,,,,,0.5,,10,2,25,fb89464a08a8315316a993462b898339a1874a83f2825c9a1b6ff87072390d28,False,candidate,249664e28a2b6ee5f37315d19a648ad2218e3b3a17af8a9a56aa100ac49342c2
RC101,solomon_txt,ef6893ffd9746ad96de8e4da6e64e2c4ba6e08a1c7eb9457276a9f1caf01ca12,1,1,ok,True,19,2148952,2148.952,0.112747,0.50061,1,time_limit,solomon_exact_1000_v1,missing,,,,,0.5,,10,2,25,fb89464a08a8315316a993462b898339a1874a83f2825c9a1b6ff87072390d28,False,candidate,249664e28a2b6ee5f37315d19a648ad2218e3b3a17af8a9a56aa100ac49342c2
RC101,solomon_txt,ef6893ffd9746ad96de8e4da6e64e2c4ba6e08a1c7eb9457276a9f1caf01ca12,2,1,ok,True,18,1981782,1981.782,0.091714,0.500612,1,time_limit,solomon_exact_1000_v1,missing,,,,,0.5,,10,2,25,fb89464a08a8315316a993462b898339a1874a83f2825c9a1b6ff87072390d28,False,candidate,249664e28a2b6ee5f37315d19a648ad2218e3b3a17af8a9a56aa100ac49342c2
RC102,solomon_txt,36acd349d34a577c7fadd61f78517c2cb74bd06a490273800c288f341e5785a4,0,1,ok,True,17,1865801,1865.801,0.11156,0.500517,2,time_limit,solomon_exact_1000_v1,missing,,,,,0.5,,10,2,25,fb89464a08a8315316a993462b898339a1874a83f2825c9a1b6ff87072390d28,False,candidate,249664e28a2b6ee5f37315d19a648ad2218e3b3a17af8a9a56aa100ac49342c2
RC102,solomon_txt,36acd349d34a577c7fadd61f78517c2cb74bd06a490273800c288f341e5785a4,1,1,ok,True,15,1834933,1834.933,0.115184,0.500588,1,time_limit,solomon_exact_1000_v1,missing,,,,,0.5,,10,2,25,fb89464a08a8315316a993462b898339a1874a83f2825c9a1b6ff87072390d28,False,candidate,249664e28a2b6ee5f37315d19a648ad2218e3b3a17af8a9a56aa100ac49342c2
RC102,solomon_txt,36acd349d34a577c7fadd61f78517c2cb74bd06a490273800c288f341e5785a4,2,1,ok,True,16,1812496,1812.496,0.153351,0.500595,1,time_limit,solomon_exact_1000_v1,missing,,,,,0.5,,10,2,25,fb89464a08a8315316a993462b898339a1874a83f2825c9a1b6ff87072390d28,False,candidate,249664e28a2b6ee5f37315d19a648ad2218e3b3a17af8a9a56aa100ac49342c2
RC103,solomon_txt,00f384138274d5d2bff5c41601db17cc4ad0cfc6315c27e223d4477bf435cc2d,0,1,ok,True,13,1952068,1952.068,0.101413,0.500623,1,time_limit,solomon_exact_1000_v1,missing,,,,,0.5,,10,2,25,fb89464a08a8315316a993462b898339a1874a83f2825c9a1b6ff87072390d28,False,candidate,249664e28a2b6ee5f37315d19a648ad2218e3b3a17af8a9a56aa100ac49342c2
RC103,solomon_txt,00f384138274d5d2bff5c41601db17cc4ad0cfc6315c27e223d4477bf435cc2d,1,1,ok,True,12,1703532,1703.532,0.1592,0.50096,1,time_limit,solomon_exact_1000_v1,missing,,,,,0.5,,10,2,25,fb89464a08a8315316a993462b898339a1874a83f2825c9a1b6ff87072390d28,False,candidate,249664e28a2b6ee5f37315d19a648ad2218e3b3a17af8a9a56aa100ac49342c2
RC103,solomon_txt,00f384138274d5d2bff5c41601db17cc4ad0cfc6315c27e223d4477bf435cc2d,2,1,ok,True,13,1952068,1952.068,0.117994,0.500615,1,time_limit,solomon_exact_1000_v1,missing,,,,,0.5,,10,2,25,fb89464a08a8315316a993462b898339a1874a83f2825c9a1b6ff87072390d28,False,candidate,249664e28a2b6ee5f37315d19a648ad2218e3b3a17af8a9a56aa100ac49342c2
RC104,solomon_txt,d150b2d61049a488fb89a2320c197d81a7ef9a1864abbbaea1d13a2b451253ee,0,1,ok,True,13,1605324,1605.324,0.174376,0.501141,1,time_limit,solomon_exact_1000_v1,missing,,,,,0.5,,10,2,25,fb89464a08a8315316a993462b898339a1874a83f2825c9a1b6ff87072390d28,False,candidate,249664e28a2b6ee5f37315d19a648ad2218e3b3a17af8a9a56aa100ac49342c2
RC104,solomon_txt,d150b2d61049a488fb89a2320c197d81a7ef9a1864abbbaea1d13a2b451253ee,1,1,ok,True,12,1635479,1635.479,0.097407,0.500684,1,time_limit,solomon_exact_1000_v1,missing,,,,,0.5,,10,2,25,fb89464a08a8315316a993462b898339a1874a83f2825c9a1b6ff87072390d28,False,candidate,249664e28a2b6ee5f37315d19a648ad2218e3b3a17af8a9a56aa100ac49342c2
RC104,solomon_txt,d150b2d61049a488fb89a2320c197d81a7ef9a1864abbbaea1d13a2b451253ee,2,1,ok,True,12,1322007,1322.007,0.097178,0.500591,1,time_limit,solomon_exact_1000_v1,missing,,,,,0.5,,10,2,25,fb89464a08a8315316a993462b898339a1874a83f2825c9a1b6ff87072390d28,False,candidate,249664e28a2b6ee5f37315d19a648ad2218e3b3a17af8a9a56aa100ac49342c2
RC105,solomon_txt,b9e912625c1ed80d2f565e0799ade2f4b17bf4f95056322ca23f1a21b37e7a49,0,1,ok,True,17,2092926,2092.926,0.096739,0.500607,3,time_limit,solomon_exact_1000_v1,missing,,,,,0.5,,10,2,25,fb89464a08a8315316a993462b898339a1874a83f2825c9a1b6ff87072390d28,False,candidate,249664e28a2b6ee5f37315d19a648ad2218e3b3a17af8a9a56aa100ac49342c2
RC105,solomon_txt,b9e912625c1ed80d2f565e0799ade2f4b17bf4f95056322ca23f1a21b37e7a49,1,1,ok,True,16,2115609,2115.609,0.093958,0.50107,1,time_limit,solomon_exact_1000_v1,missing,,,,,0.5,,10,2,25,fb89464a08a8315316a993462b898339a1874a83f2825c9a1b6ff87072390d28,False,candidate,249664e28a2b6ee5f37315d19a648ad2218e3b3a17af8a9a56aa100ac49342c2
RC105,solomon_txt,b9e912625c1ed80d2f565e0799ade2f4b17bf4f95056322ca23f1a21b37e7a49,2,1,ok,True,16,1889130,1889.13,0.111026,0.500681,2,time_limit,solomon_exact_1000_v1,missing,,,,,0.5,,10,2,25,fb89464a08a8315316a993462b898339a1874a83f2825c9a1b6ff87072390d28,False,candidate,249664e28a2b6ee5f37315d19a648ad2218e3b3a17af8a9a56aa100ac49342c2
RC106,solomon_txt,bf016ffc567af2d108570357daf1d0cabb7f680c0bd977d2e4366787683fdbaf,0,1,ok,True,15,2118036,2118.036,0.086723,0.500996,1,time_limit,solomon_exact_1000_v1,missing,,,,,0.5,,10,2,25,fb89464a08a8315316a993462b898339a1874a83f2825c9a1b6ff87072390d28,False,candidate,249664e28a2b6ee5f37315d19a648ad2218e3b3a17af8a9a56aa100ac49342c2
RC106,solomon_txt,bf016ffc567af2d108570357daf1d0cabb7f680c0bd977d2e4366787683fdbaf,1,1,ok,True,16,1799917,1799.917,0.084383,0.500573,1,time_limit,solomon_exact_1000_v1,missing,,,,,0.5,,10,2,25,fb89464a08a8315316a993462b898339a1874a83f2825c9a1b6ff87072390d28,False,candidate,249664e28a2b6ee5f37315d19a648ad2218e3b3a17af8a9a56aa100ac49342c2
RC106,solomon_txt,bf016ffc567af2d108570357daf1d0cabb7f680c0bd977d2e4366787683fdbaf,2,1,ok,True,16,1812843,1812.843,0.126983,0.500644,2,time_limit,solomon_exact_1000_v1,missing,,,,,0.5,,10,2,25,fb89464a08a8315316a993462b898339a1874a83f2825c9a1b6ff87072390d28,False,candidate,249664e28a2b6ee5f37315d19a648ad2218e3b3a17af8a9a56aa100ac49342c2
RC107,solomon_txt,fff3fd68d110671ed442575f07cc547291586f30b00c5f73934d521d31311582,0,1,ok,True,14,1696961,1696.961,0.089749,0.500993,1,time_limit,solomon_exact_1000_v1,missing,,,,,0.5,,10,2,25,fb89464a08a8315316a993462b898339a1874a83f2825c9a1b6ff87072390d28,False,candidate,249664e28a2b6ee5f37315d19a648ad2218e3b3a17af8a9a56aa100ac49342c2
RC107,solomon_txt,fff3fd68d110671ed442575f07cc547291586f30b00c5f73934d521d31311582,1,1,ok,True,15,2035028,2035.028,0.091707,0.500625,1,time_limit,solomon_exact_1000_v1,missing,,,,,0.5,,10,2,25,fb89464a08a8315316a993462b898339a1874a83f2825c9a1b6ff87072390d28,False,candidate,249664e28a2b6ee5f37315d19a648ad2218e3b3a17af8a9a56aa100ac49342c2
RC107,solomon_txt,fff3fd68d110671ed442575f07cc547291586f30b00c5f73934d521d31311582,2,1,ok,True,15,2046419,2046.419,0.095366,0.500539,2,time_limit,solomon_exact_1000_v1,missing,,,,,0.5,,10,2,25,fb89464a08a8315316a993462b898339a1874a83f2825c9a1b6ff87072390d28,False,candidate,249664e28a2b6ee5f37315d19a648ad2218e3b3a17af8a9a56aa100ac49342c2
RC108,solomon_txt,006bc8817bf09f9a8c66af8d6f088bdec239b2eb435556e9d11193cf456f7aeb,0,1,ok,True,14,1959671,1959.671,0.091631,0.50107,1,time_limit,solomon_exact_1000_v1,missing,,,,,0.5,,10,2,25,fb89464a08a8315316a993462b898339a1874a83f2825c9a1b6ff87072390d28,False,candidate,249664e28a2b6ee5f37315d19a648ad2218e3b3a17af8a9a56aa100ac49342c2
RC108,solomon_txt,006bc8817bf09f9a8c66af8d6f088bdec239b2eb435556e9d11193cf456f7aeb,1,1,ok,True,14,1707552,1707.552,0.092914,0.500306,2,time_limit,solomon_exact_1000_v1,missing,,,,,0.5,,10,2,25,fb89464a08a8315316a993462b898339a1874a83f2825c9a1b6ff87072390d28,False,candidate,249664e28a2b6ee5f37315d19a648ad2218e3b3a17af8a9a56aa100ac49342c2
RC108,solomon_txt,006bc8817bf09f9a8c66af8d6f088bdec239b2eb435556e9d11193cf456f7aeb,2,1,ok,True,14,1714868,1714.868,0.099731,0.500567,1,time_limit,solomon_exact_1000_v1,missing,,,,,0.5,,10,2,25,fb89464a08a8315316a993462b898339a1874a83f2825c9a1b6ff87072390d28,False,candidate,249664e28a2b6ee5f37315d19a648ad2218e3b3a17af8a9a56aa100ac49342c2
RC201,solomon_txt,288836e2d8c2ace83ebbff77e03ac8cdffc574fc134cade21ef92713f8c52d44,0,1,ok,True,5,2422234,2422.234,0.310954,0.500519,1,time_limit,solomon_exact_1000_v1,missing,,,,,0.5,,10,2,25,fb89464a08a8315316a993462b898339a1874a83f2825c9a1b6ff87072390d28,False,candidate,249664e28a2b6ee5f37315d19a648ad2218e3b3a17af8a9a56aa100ac49342c2
RC201,solomon_txt,288836e2d8c2ace83ebbff77e03ac8cdffc574fc134cade21ef92713f8c52d44,1,1,ok,True,5,2419096,2419.096,0.234802,0.50059,1,time_limit,solomon_exact_1000_v1,missing,,,,,0.5,,10,2,25,fb89464a08a8315316a993462b898339a1874a83f2825c9a1b6ff87072390d28,False,candidate,249664e28a2b6ee5f37315d19a648ad2218e3b3a17af8a9a56aa100ac49342c2
RC201,solomon_txt,288836e2d8c2ace83ebbff77e03ac8cdffc574fc134cade21ef92713f8c52d44,2,1,ok,True,5,2409498,2409.498,0.256754,0.500533,1,time_limit,solomon_exact_1000_v1,missing,,,,,0.5,,10,2,25,fb89464a08a8315316a993462b898339a1874a83f2825c9a1b6ff87072390d28,False,candidate,249664e28a2b6ee5f37315d19a648ad2218e3b3a17af8a9a56aa100ac49342c2
RC202,solomon_txt,5a1dee2017ab0ca4fe280b392678c96e8b5bc71f22d02c8058fbde7c4cfebcf4,0,1,ok,True,5,1944915,1944.915,0.276451,0.500943,1,time_limit,solomon_exact_1000_v1,missing,,,,,0.5,,10,2,25,fb89464a08a8315316a993462b898339a1874a83f2825c9a1b6ff87072390d28,False,candidate,249664e28a2b6ee5f37315d19a648ad2218e3b3a17af8a9a56aa100ac49342c2
RC202,solomon_txt,5a1dee2017ab0ca4fe280b392678c96e8b5bc71f22d02c8058fbde7c4cfebcf4,1,1,ok,True,4,1818035,1818.035,0.186425,0.500526,1,time_limit,solomon_exact_1000_v1,missing,,,,,0.5,,10,2,25,fb89464a08a8315316a993462b898339a1874a83f2825c9a1b6ff87072390d28,False,candidate,249664e28a2b6ee5f37315d19a648ad2218e3b3a17af8a9a56aa100ac49342c2
RC202,solomon_txt,5a1dee2017ab0ca4fe280b392678c96e8b5bc71f22d02c8058fbde7c4cfebcf4,2,1,ok,True,5,1916954,1916.954,0.183119,0.500306,2,time_limit,solomon_exact_1000_v1,missing,,,,,0.5,,10,2,25,fb89464a08a8315316a993462b898339a1874a83f2825c9a1b6ff87072390d28,False,candidate,249664e28a2b6ee5f37315d19a648ad2218e3b3a17af8a9a56aa100ac49342c2
RC203,solomon_txt,4adcb362c23df91f14b828d4964e9383ffb02ee74217afc2d84571f83ed91f8b,0,1,ok,True,4,1158154,1158.154,0.20144,0.500864,1,time_limit,solomon_exact_1000_v1,missing,,,,,0.5,,10,2,25,fb89464a08a8315316a993462b898339a1874a83f2825c9a1b6ff87072390d28,False,candidate,249664e28a2b6ee5f37315d19a648ad2218e3b3a17af8a9a56aa100ac49342c2
RC203,solomon_txt,4adcb362c23df91f14b828d4964e9383ffb02ee74217afc2d84571f83ed91f8b,1,1,ok,True,5,1765531,1765.531,0.281753,0.500926,1,time_limit,solomon_exact_1000_v1,missing,,,,,0.5,,10,2,25,fb89464a08a8315316a993462b898339a1874a83f2825c9a1b6ff87072390d28,False,candidate,249664e28a2b6ee5f37315d19a648ad2218e3b3a17af8a9a56aa100ac49342c2
RC203,solomon_txt,4adcb362c23df91f14b828d4964e9383ffb02ee74217afc2d84571f83ed91f8b,2,1,ok,True,4,1061047,1061.047,0.184613,0.50063,1,time_limit,solomon_exact_1000_v1,missing,,,,,0.5,,10,2,25,fb89464a08a8315316a993462b898339a1874a83f2825c9a1b6ff87072390d28,False,candidate,249664e28a2b6ee5f37315d19a648ad2218e3b3a17af8a9a56aa100ac49342c2
RC204,solomon_txt,11e827eab51a959ebab66344e7b7cfd1aeed895287653b36a72c86a4440ecd77,0,1,ok,True,3,1500593,1500.593,0.363856,0.500336,1,time_limit,solomon_exact_1000_v1,missing,,,,,0.5,,10,2,25,fb89464a08a8315316a993462b898339a1874a83f2825c9a1b6ff87072390d28,False,candidate,249664e28a2b6ee5f37315d19a648ad2218e3b3a17af8a9a56aa100ac49342c2
RC204,solomon_txt,11e827eab51a959ebab66344e7b7cfd1aeed895287653b36a72c86a4440ecd77,1,1,ok,True,3,1500593,1500.593,0.359146,0.500566,1,time_limit,solomon_exact_1000_v1,missing,,,,,0.5,,10,2,25,fb89464a08a8315316a993462b898339a1874a83f2825c9a1b6ff87072390d28,False,candidate,249664e28a2b6ee5f37315d19a648ad2218e3b3a17af8a9a56aa100ac49342c2
RC204,solomon_txt,11e827eab51a959ebab66344e7b7cfd1aeed895287653b36a72c86a4440ecd77,2,1,ok,True,3,1500593,1500.593,0.321342,0.500489,1,time_limit,solomon_exact_1000_v1,missing,,,,,0.5,,10,2,25,fb89464a08a8315316a993462b898339a1874a83f2825c9a1b6ff87072390d28,False,candidate,249664e28a2b6ee5f37315d19a648ad2218e3b3a17af8a9a56aa100ac49342c2
RC205,solomon_txt,c061d306cf42310b0f3ca15612089f6c5a8d5604c0733bf26852477c787662c9,0,1,ok,True,4,1959415,1959.415,0.201538,0.500537,1,time_limit,solomon_exact_1000_v1,missing,,,,,0.5,,10,2,25,fb89464a08a8315316a993462b898339a1874a83f2825c9a1b6ff87072390d28,False,candidate,249664e28a2b6ee5f37315d19a648ad2218e3b3a17af8a9a56aa100ac49342c2
RC205,solomon_txt,c061d306cf42310b0f3ca15612089f6c5a8d5604c0733bf26852477c787662c9,1,1,ok,True,5,2047879,2047.879,0.284477,0.50033,2,time_limit,solomon_exact_1000_v1,missing,,,,,0.5,,10,2,25,fb89464a08a8315316a993462b898339a1874a83f2825c9a1b6ff87072390d28,False,candidate,249664e28a2b6ee5f37315d19a648ad2218e3b3a17af8a9a56aa100ac49342c2
RC205,solomon_txt,c061d306cf42310b0f3ca15612089f6c5a8d5604c0733bf26852477c787662c9,2,1,ok,True,5,2045386,2045.386,0.253566,0.500502,2,time_limit,solomon_exact_1000_v1,missing,,,,,0.5,,10,2,25,fb89464a08a8315316a993462b898339a1874a83f2825c9a1b6ff87072390d28,False,candidate,249664e28a2b6ee5f37315d19a648ad2218e3b3a17af8a9a56aa100ac49342c2
RC206,solomon_txt,5203aecf67c84df49e152645312a837ffefde529314ff892ca061538816e43a9,0,1,ok,True,5,2055812,2055.812,0.261694,0.50062,1,time_limit,solomon_exact_1000_v1,missing,,,,,0.5,,10,2,25,fb89464a08a8315316a993462b898339a1874a83f2825c9a1b6ff87072390d28,False,candidate,249664e28a2b6ee5f37315d19a648ad2218e3b3a17af8a9a56aa100ac49342c2
RC206,solomon_txt,5203aecf67c84df49e152645312a837ffefde529314ff892ca061538816e43a9,1,1,ok,True,5,2062880,2062.88,0.216397,0.500605,1,time_limit,solomon_exact_1000_v1,missing,,,,,0.5,,10,2,25,fb89464a08a8315316a993462b898339a1874a83f2825c9a1b6ff87072390d28,False,candidate,249664e28a2b6ee5f37315d19a648ad2218e3b3a17af8a9a56aa100ac49342c2
RC206,solomon_txt,5203aecf67c84df49e152645312a837ffefde529314ff892ca061538816e43a9,2,1,ok,True,4,1725004,1725.004,0.238308,0.501157,1,time_limit,solomon_exact_1000_v1,missing,,,,,0.5,,10,2,25,fb89464a08a8315316a993462b898339a1874a83f2825c9a1b6ff87072390d28,False,candidate,249664e28a2b6ee5f37315d19a648ad2218e3b3a17af8a9a56aa100ac49342c2
RC207,solomon_txt,5cab65f99b350cdb8fb1c4d0a12dde85eb4ff6a6d6daf292b182cb73de9a8b63,0,1,ok,True,4,1898824,1898.824,0.223582,0.500639,1,time_limit,solomon_exact_1000_v1,missing,,,,,0.5,,10,2,25,fb89464a08a8315316a993462b898339a1874a83f2825c9a1b6ff87072390d28,False,candidate,249664e28a2b6ee5f37315d19a648ad2218e3b3a17af8a9a56aa100ac49342c2
RC207,solomon_txt,5cab65f99b350cdb8fb1c4d0a12dde85eb4ff6a6d6daf292b182cb73de9a8b63,1,1,ok,True,4,1907431,1907.431,0.294222,0.500937,1,time_limit,solomon_exact_1000_v1,missing,,,,,0.5,,10,2,25,fb89464a08a8315316a993462b898339a1874a83f2825c9a1b6ff87072390d28,False,candidate,249664e28a2b6ee5f37315d19a648ad2218e3b3a17af8a9a56aa100ac49342c2
RC207,solomon_txt,5cab65f99b350cdb8fb1c4d0a12dde85eb4ff6a6d6daf292b182cb73de9a8b63,2,1,ok,True,4,1907431,1907.431,0.278403,0.501034,1,time_limit,solomon_exact_1000_v1,missing,,,,,0.5,,10,2,25,fb89464a08a8315316a993462b898339a1874a83f2825c9a1b6ff87072390d28,False,candidate,249664e28a2b6ee5f37315d19a648ad2218e3b3a17af8a9a56aa100ac49342c2
RC208,solomon_txt,3d67d2a8e2758a324643f5d6c6ca87e8c56435273eaa04be33f213bb991f1f28,0,1,ok,True,4,1898535,1898.535,0.241869,0.500589,1,time_limit,solomon_exact_1000_v1,missing,,,,,0.5,,10,2,25,fb89464a08a8315316a993462b898339a1874a83f2825c9a1b6ff87072390d28,False,candidate,249664e28a2b6ee5f37315d19a648ad2218e3b3a17af8a9a56aa100ac49342c2
RC208,solomon_txt,3d67d2a8e2758a324643f5d6c6ca87e8c56435273eaa04be33f213bb991f1f28,1,1,ok,True,4,1913075,1913.075,0.278512,0.500931,1,time_limit,solomon_exact_1000_v1,missing,,,,,0.5,,10,2,25,fb89464a08a8315316a993462b898339a1874a83f2825c9a1b6ff87072390d28,False,candidate,249664e28a2b6ee5f37315d19a648ad2218e3b3a17af8a9a56aa100ac49342c2
RC208,solomon_txt,3d67d2a8e2758a324643f5d6c6ca87e8c56435273eaa04be33f213bb991f1f28,2,1,ok,True,4,1913075,1913.075,0.31678,0.500554,1,time_limit,solomon_exact_1000_v1,missing,,,,,0.5,,10,2,25,fb89464a08a8315316a993462b898339a1874a83f2825c9a1b6ff87072390d28,False,candidate,249664e28a2b6ee5f37315d19a648ad2218e3b3a17af8a9a56aa100ac49342c2
