instance,input_format,input_sha256,seed,threads,status,feasible,vehicles,distance_ticks,distance,first_feasible_seconds,runtime_seconds,iterations,stop_reason,numeric_rule,reference_status,reference_vehicles,reference_distance,distance_gap_percent,error,time_limit_seconds,max_iterations,fleet_attempts_per_k,max_moves,vehicle_limit,code_sha256,diagnostics_enabled,variant,config_sha256
C101,solomon_txt,a6da75152d182d60ecd2c6f854296f5be452f92282d096adebcf5d99a7f16516,0,1,ok,True,11,947904,947.904,0.072564,0.500448,1,time_limit,solomon_exact_1000_v1,,,,,,0.5,,,,25,153657d31d0a2c73de1efecde91d561f2bc3385b7604e2cb6ac55292ec1305ce,False,baseline,b30f3eb99aa674c6696656b417bca3fea48cb5a37f6f0b55429d0a1c15549f4f
C101,solomon_txt,a6da75152d182d60ecd2c6f854296f5be452f92282d096adebcf5d99a7f16516,1,1,ok,True,10,828937,828.937,0.066685,0.500325,3,time_limit,solomon_exact_1000_v1,,,,,,0.5,,,,25,153657d31d0a2c73de1efecde91d561f2bc3385b7604e2cb6ac55292ec1305ce,False,baseline,b30f3eb99aa674c6696656b417bca3fea48cb5a37f6f0b55429d0a1c15549f4f
C101,solomon_txt,a6da75152d182d60ecd2c6f854296f5be452f92282d096adebcf5d99a7f16516,2,1,ok,True,10,828937,828.937,0.071149,0.500514,2,time_limit,solomon_exact_1000_v1,,,,,,0.5,,,,25,153657d31d0a2c73de1efecde91d561f2bc3385b7604e2cb6ac55292ec1305ce,False,baseline,b30f3eb99aa674c6696656b417bca3fea48cb5a37f6f0b55429d0a1c15549f4f
C102,solomon_txt,f89a0e2a760cc7448a4ca72b88e5b29b94d64b5548f3320f42a6230025ead653,0,1,ok,True,10,1103932,1103.932,0.074801,0.500509,1,time_limit,solomon_exact_1000_v1,,,,,,0.5,,,,25,153657d31d0a2c73de1efecde91d561f2bc3385b7604e2cb6ac55292ec1305ce,False,baseline,b30f3eb99aa674c6696656b417bca3fea48cb5a37f6f0b55429d0a1c15549f4f
C102,solomon_txt,f89a0e2a760cc7448a4ca72b88e5b29b94d64b5548f3320f42a6230025ead653,1,1,ok,True,10,1116018,1116.018,0.07632,0.500775,1,time_limit,solomon_exact_1000_v1,,,,,,0.5,,,,25,153657d31d0a2c73de1efecde91d561f2bc3385b7604e2cb6ac55292ec1305ce,False,baseline,b30f3eb99aa674c6696656b417bca3fea48cb5a37f6f0b55429d0a1c15549f4f
C102,solomon_txt,f89a0e2a760cc7448a4ca72b88e5b29b94d64b5548f3320f42a6230025ead653,2,1,ok,True,10,1168501,1168.501,0.10428,0.500728,1,time_limit,solomon_exact_1000_v1,,,,,,0.5,,,,25,153657d31d0a2c73de1efecde91d561f2bc3385b7604e2cb6ac55292ec1305ce,False,baseline,b30f3eb99aa674c6696656b417bca3fea48cb5a37f6f0b55429d0a1c15549f4f
C103,solomon_txt,a55cabf15e0da9d65696a5fb45c9852889479893f76f772a428ca15d1b415a51,0,1,ok,True,10,1694142,1694.142,0.140448,0.500584,1,time_limit,solomon_exact_1000_v1,,,,,,0.5,,,,25,153657d31d0a2c73de1efecde91d561f2bc3385b7604e2cb6ac55292ec1305ce,False,baseline,b30f3eb99aa674c6696656b417bca3fea48cb5a37f6f0b55429d0a1c15549f4f
C103,solomon_txt,a55cabf15e0da9d65696a5fb45c9852889479893f76f772a428ca15d1b415a51,1,1,ok,True,10,1694142,1694.142,0.121856,0.500723,1,time_limit,solomon_exact_1000_v1,,,,,,0.5,,,,25,153657d31d0a2c73de1efecde91d561f2bc3385b7604e2cb6ac55292ec1305ce,False,baseline,b30f3eb99aa674c6696656b417bca3fea48cb5a37f6f0b55429d0a1c15549f4f
C103,solomon_txt,a55cabf15e0da9d65696a5fb45c9852889479893f76f772a428ca15d1b415a51,2,1,ok,True,10,1691985,1691.985,0.114017,0.500578,1,time_limit,solomon_exact_1000_v1,,,,,,0.5,,,,25,153657d31d0a2c73de1efecde91d561f2bc3385b7604e2cb6ac55292ec1305ce,False,baseline,b30f3eb99aa674c6696656b417bca3fea48cb5a37f6f0b55429d0a1c15549f4f
C104,solomon_txt,fe333e81625ee5a75bb2ce98c2c9f356d07289237865b62a23ba2f32f0de5ee2,0,1,ok,True,10,1503844,1503.844,0.117334,0.5006,1,time_limit,solomon_exact_1000_v1,,,,,,0.5,,,,25,153657d31d0a2c73de1efecde91d561f2bc3385b7604e2cb6ac55292ec1305ce,False,baseline,b30f3eb99aa674c6696656b417bca3fea48cb5a37f6f0b55429d0a1c15549f4f
C104,solomon_txt,fe333e81625ee5a75bb2ce98c2c9f356d07289237865b62a23ba2f32f0de5ee2,1,1,ok,True,10,1532897,1532.897,0.126672,0.500588,1,time_limit,solomon_exact_1000_v1,,,,,,0.5,,,,25,153657d31d0a2c73de1efecde91d561f2bc3385b7604e2cb6ac55292ec1305ce,False,baseline,b30f3eb99aa674c6696656b417bca3fea48cb5a37f6f0b55429d0a1c15549f4f
C104,solomon_txt,fe333e81625ee5a75bb2ce98c2c9f356d07289237865b62a23ba2f32f0de5ee2,2,1,ok,True,10,1499744,1499.744,0.119984,0.500615,1,time_limit,solomon_exact_1000_v1,,,,,,0.5,,,,25,153657d31d0a2c73de1efecde91d561f2bc3385b7604e2cb6ac55292ec1305ce,False,baseline,b30f3eb99aa674c6696656b417bca3fea48cb5a37f6f0b55429d0a1c15549f4f
C105,solomon_txt,9a877a3a6fb922e7ad9297cc0308bc8a5652cb1495a0228ee6b81b2d938aa29f,0,1,ok,True,10,1024154,1024.154,0.101099,0.500624,1,time_limit,solomon_exact_1000_v1,,,,,,0.5,,,,25,153657d31d0a2c73de1efecde91d561f2bc3385b7604e2cb6ac55292ec1305ce,False,baseline,b30f3eb99aa674c6696656b417bca3fea48cb5a37f6f0b55429d0a1c15549f4f
C105,solomon_txt,9a877a3a6fb922e7ad9297cc0308bc8a5652cb1495a0228ee6b81b2d938aa29f,1,1,ok,True,10,920905,920.905,0.102543,0.500626,1,time_limit,solomon_exact_1000_v1,,,,,,0.5,,,,25,153657d31d0a2c73de1efecde91d561f2bc3385b7604e2cb6ac55292ec1305ce,False,baseline,b30f3eb99aa674c6696656b417bca3fea48cb5a37f6f0b55429d0a1c15549f4f
C105,solomon_txt,9a877a3a6fb922e7ad9297cc0308bc8a5652cb1495a0228ee6b81b2d938aa29f,2,1,ok,True,10,910050,910.05,0.099457,0.500624,1,time_limit,solomon_exact_1000_v1,,,,,,0.5,,,,25,153657d31d0a2c73de1efecde91d561f2bc3385b7604e2cb6ac55292ec1305ce,False,baseline,b30f3eb99aa674c6696656b417bca3fea48cb5a37f6f0b55429d0a1c15549f4f
C106,solomon_txt,ec9b419bed53e9c607cce76e8c6bc59feb6e4d17646905601f008a4141ec7b40,0,1,ok,True,10,1075244,1075.244,0.099202,0.500614,1,time_limit,solomon_exact_1000_v1,,,,,,0.5,,,,25,153657d31d0a2c73de1efecde91d561f2bc3385b7604e2cb6ac55292ec1305ce,False,baseline,b30f3eb99aa674c6696656b417bca3fea48cb5a37f6f0b55429d0a1c15549f4f
C106,solomon_txt,ec9b419bed53e9c607cce76e8c6bc59feb6e4d17646905601f008a4141ec7b40,1,1,ok,True,10,992685,992.685,0.095725,0.500595,1,time_limit,solomon_exact_1000_v1,,,,,,0.5,,,,25,153657d31d0a2c73de1efecde91d561f2bc3385b7604e2cb6ac55292ec1305ce,False,baseline,b30f3eb99aa674c6696656b417bca3fea48cb5a37f6f0b55429d0a1c15549f4f
C106,solomon_txt,ec9b419bed53e9c607cce76e8c6bc59feb6e4d17646905601f008a4141ec7b40,2,1,ok,True,10,1037941,1037.941,0.095952,0.500642,1,time_limit,solomon_exact_1000_v1,,,,,,0.5,,,,25,153657d31d0a2c73de1efecde91d561f2bc3385b7604e2cb6ac55292ec1305ce,False,baseline,b30f3eb99aa674c6696656b417bca3fea48cb5a37f6f0b55429d0a1c15549f4f
C107,solomon_txt,cb3cdc10d812fa17370eb52cb753b6b0574426dc6fabeb8b9076ed750ddf05ca,0,1,ok,True,10,1061728,1061.728,0.10432,0.500687,1,time_limit,solomon_exact_1000_v1,,,,,,0.5,,,,25,153657d31d0a2c73de1efecde91d561f2bc3385b7604e2cb6ac55292ec1305ce,False,baseline,b30f3eb99aa674c6696656b417bca3fea48cb5a37f6f0b55429d0a1c15549f4f
C107,solomon_txt,cb3cdc10d812fa17370eb52cb753b6b0574426dc6fabeb8b9076ed750ddf05ca,1,1,ok,True,10,965004,965.004,0.104204,0.500616,1,time_limit,solomon_exact_1000_v1,,,,,,0.5,,,,25,153657d31d0a2c73de1efecde91d561f2bc3385b7604e2cb6ac55292ec1305ce,False,baseline,b30f3eb99aa674c6696656b417bca3fea48cb5a37f6f0b55429d0a1c15549f4f
C107,solomon_txt,cb3cdc10d812fa17370eb52cb753b6b0574426dc6fabeb8b9076ed750ddf05ca,2,1,ok,True,10,893281,893.281,0.102104,0.500642,1,time_limit,solomon_exact_1000_v1,,,,,,0.5,,,,25,153657d31d0a2c73de1efecde91d561f2bc3385b7604e2cb6ac55292ec1305ce,False,baseline,b30f3eb99aa674c6696656b417bca3fea48cb5a37f6f0b55429d0a1c15549f4f
C108,solomon_txt,b8c7e48f292b66b283d8e71511e3a4eccaa4c4bc66b9313c399e73b0226f5953,0,1,ok,True,11,1917277,1917.277,0.10052,0.500612,1,time_limit,solomon_exact_1000_v1,,,,,,0.5,,,,25,153657d31d0a2c73de1efecde91d561f2bc3385b7604e2cb6ac55292ec1305ce,False,baseline,b30f3eb99aa674c6696656b417bca3fea48cb5a37f6f0b55429d0a1c15549f4f
C108,solomon_txt,b8c7e48f292b66b283d8e71511e3a4eccaa4c4bc66b9313c399e73b0226f5953,1,1,ok,True,10,1381616,1381.616,0.098964,0.500838,1,time_limit,solomon_exact_1000_v1,,,,,,0.5,,,,25,153657d31d0a2c73de1efecde91d561f2bc3385b7604e2cb6ac55292ec1305ce,False,baseline,b30f3eb99aa674c6696656b417bca3fea48cb5a37f6f0b55429d0a1c15549f4f
C108,solomon_txt,b8c7e48f292b66b283d8e71511e3a4eccaa4c4bc66b9313c399e73b0226f5953,2,1,ok,True,10,1237484,1237.484,0.099508,0.500581,2,time_limit,solomon_exact_1000_v1,,,,,,0.5,,,,25,153657d31d0a2c73de1efecde91d561f2bc3385b7604e2cb6ac55292ec1305ce,False,baseline,b30f3eb99aa674c6696656b417bca3fea48cb5a37f6f0b55429d0a1c15549f4f
C109,solomon_txt,72d8489e14bf1bb18456f0b21b01110506cbcc2354719dae8481b480150f142a,0,1,ok,True,10,1350711,1350.711,0.108051,0.500604,1,time_limit,solomon_exact_1000_v1,,,,,,0.5,,,,25,153657d31d0a2c73de1efecde91d561f2bc3385b7604e2cb6ac55292ec1305ce,False,baseline,b30f3eb99aa674c6696656b417bca3fea48cb5a37f6f0b55429d0a1c15549f4f
C109,solomon_txt,72d8489e14bf1bb18456f0b21b01110506cbcc2354719dae8481b480150f142a,1,1,ok,True,10,1407980,1407.98,0.109538,0.500722,1,time_limit,solomon_exact_1000_v1,,,,,,0.5,,,,25,153657d31d0a2c73de1efecde91d561f2bc3385b7604e2cb6ac55292ec1305ce,False,baseline,b30f3eb99aa674c6696656b417bca3fea48cb5a37f6f0b55429d0a1c15549f4f
C109,solomon_txt,72d8489e14bf1bb18456f0b21b01110506cbcc2354719dae8481b480150f142a,2,1,ok,True,10,1353789,1353.789,0.119936,0.500617,1,time_limit,solomon_exact_1000_v1,,,,,,0.5,,,,25,153657d31d0a2c73de1efecde91d561f2bc3385b7604e2cb6ac55292ec1305ce,False,baseline,b30f3eb99aa674c6696656b417bca3fea48cb5a37f6f0b55429d0a1c15549f4f
C201,solomon_txt,d8d9834087ae2326fa23a8510533060233dc9fb481873be60956eb26a880ad63,0,1,ok,True,3,702313,702.313,0.262776,0.500545,1,time_limit,solomon_exact_1000_v1,,,,,,0.5,,,,25,153657d31d0a2c73de1efecde91d561f2bc3385b7604e2cb6ac55292ec1305ce,False,baseline,b30f3eb99aa674c6696656b417bca3fea48cb5a37f6f0b55429d0a1c15549f4f
C201,solomon_txt,d8d9834087ae2326fa23a8510533060233dc9fb481873be60956eb26a880ad63,1,1,ok,True,3,702313,702.313,0.259808,0.500561,1,time_limit,solomon_exact_1000_v1,,,,,,0.5,,,,25,153657d31d0a2c73de1efecde91d561f2bc3385b7604e2cb6ac55292ec1305ce,False,baseline,b30f3eb99aa674c6696656b417bca3fea48cb5a37f6f0b55429d0a1c15549f4f
C201,solomon_txt,d8d9834087ae2326fa23a8510533060233dc9fb481873be60956eb26a880ad63,2,1,ok,True,3,702313,702.313,0.262551,0.500569,1,time_limit,solomon_exact_1000_v1,,,,,,0.5,,,,25,153657d31d0a2c73de1efecde91d561f2bc3385b7604e2cb6ac55292ec1305ce,False,baseline,b30f3eb99aa674c6696656b417bca3fea48cb5a37f6f0b55429d0a1c15549f4f
C202,solomon_txt,dfc8ecad79f6c7ffb096cd36994143569f0babe284d5ad194683271d81063772,0,1,ok,True,3,724988,724.988,0.24926,0.500661,1,time_limit,solomon_exact_1000_v1,,,,,,0.5,,,,25,153657d31d0a2c73de1efecde91d561f2bc3385b7604e2cb6ac55292ec1305ce,False,baseline,b30f3eb99aa674c6696656b417bca3fea48cb5a37f6f0b55429d0a1c15549f4f
C202,solomon_txt,dfc8ecad79f6c7ffb096cd36994143569f0babe284d5ad194683271d81063772,1,1,ok,True,3,724988,724.988,0.264934,0.50058,1,time_limit,solomon_exact_1000_v1,,,,,,0.5,,,,25,153657d31d0a2c73de1efecde91d561f2bc3385b7604e2cb6ac55292ec1305ce,False,baseline,b30f3eb99aa674c6696656b417bca3fea48cb5a37f6f0b55429d0a1c15549f4f
C202,solomon_txt,dfc8ecad79f6c7ffb096cd36994143569f0babe284d5ad194683271d81063772,2,1,ok,True,3,720767,720.767,0.250434,0.500575,1,time_limit,solomon_exact_1000_v1,,,,,,0.5,,,,25,153657d31d0a2c73de1efecde91d561f2bc3385b7604e2cb6ac55292ec1305ce,False,baseline,b30f3eb99aa674c6696656b417bca3fea48cb5a37f6f0b55429d0a1c15549f4f
C203,solomon_txt,2b79eea2962a848cb29f6153d4fb4ae725d35507686d937da6643b33fcd85062,0,1,ok,True,3,632006,632.006,0.247256,0.500605,1,time_limit,solomon_exact_1000_v1,,,,,,0.5,,,,25,153657d31d0a2c73de1efecde91d561f2bc3385b7604e2cb6ac55292ec1305ce,False,baseline,b30f3eb99aa674c6696656b417bca3fea48cb5a37f6f0b55429d0a1c15549f4f
C203,solomon_txt,2b79eea2962a848cb29f6153d4fb4ae725d35507686d937da6643b33fcd85062,1,1,ok,True,3,716777,716.777,0.239897,0.500585,1,time_limit,solomon_exact_1000_v1,,,,,,0.5,,,,25,153657d31d0a2c73de1efecde91d561f2bc3385b7604e2cb6ac55292ec1305ce,False,baseline,b30f3eb99aa674c6696656b417bca3fea48cb5a37f6f0b55429d0a1c15549f4f
C203,solomon_txt,2b79eea2962a848cb29f6153d4fb4ae725d35507686d937da6643b33fcd85062,2,1,ok,True,3,671497,671.497,0.275433,0.500627,1,time_limit,solomon_exact_1000_v1,,,,,,0.5,,,,25,153657d31d0a2c73de1efecde91d561f2bc3385b7604e2cb6ac55292ec1305ce,False,baseline,b30f3eb99aa674c6696656b417bca3fea48cb5a37f6f0b55429d0a1c15549f4f
C204,solomon_txt,4331b2744d34e32c2987e3fe8a82b782a2039d757d2aac818f7e0fd21117bfb4,0,1,ok,True,3,942593,942.593,0.28764,0.500658,1,time_limit,solomon_exact_1000_v1,,,,,,0.5,,,,25,153657d31d0a2c73de1efecde91d561f2bc3385b7604e2cb6ac55292ec1305ce,False,baseline,b30f3eb99aa674c6696656b417bca3fea48cb5a37f6f0b55429d0a1c15549f4f
C204,solomon_txt,4331b2744d34e32c2987e3fe8a82b782a2039d757d2aac818f7e0fd21117bfb4,1,1,ok,True,3,774487,774.487,0.29056,0.500599,1,time_limit,solomon_exact_1000_v1,,,,,,0.5,,,,25,153657d31d0a2c73de1efecde91d561f2bc3385b7604e2cb6ac55292ec1305ce,False,baseline,b30f3eb99aa674c6696656b417bca3fea48cb5a37f6f0b55429d0a1c15549f4f
C204,solomon_txt,4331b2744d34e32c2987e3fe8a82b782a2039d757d2aac818f7e0fd21117bfb4,2,1,ok,True,3,737060,737.06,0.260602,0.500622,1,time_limit,solomon_exact_1000_v1,,,,,,0.5,,,,25,153657d31d0a2c73de1efecde91d561f2bc3385b7604e2cb6ac55292ec1305ce,False,baseline,b30f3eb99aa674c6696656b417bca3fea48cb5a37f6f0b55429d0a1c15549f4f
C205,solomon_txt,15be2bb8c3e4ad99a79d1e7ee0472223feb95a4f423d010e032bda0a87266ca5,0,1,ok,True,3,735813,735.813,0.239972,0.500585,1,time_limit,solomon_exact_1000_v1,,,,,,0.5,,,,25,153657d31d0a2c73de1efecde91d561f2bc3385b7604e2cb6ac55292ec1305ce,False,baseline,b30f3eb99aa674c6696656b417bca3fea48cb5a37f6f0b55429d0a1c15549f4f
C205,solomon_txt,15be2bb8c3e4ad99a79d1e7ee0472223feb95a4f423d010e032bda0a87266ca5,1,1,ok,True,3,630828,630.828,0.234288,0.500552,1,time_limit,solomon_exact_1000_v1,,,,,,0.5,,,,25,153657d31d0a2c73de1efecde91d561f2bc3385b7604e2cb6ac55292ec1305ce,False,baseline,b30f3eb99aa674c6696656b417bca3fea48cb5a37f6f0b55429d0a1c15549f4f
C205,solomon_txt,15be2bb8c3e4ad99a79d1e7ee0472223feb95a4f423d010e032bda0a87266ca5,2,1,ok,True,3,613490,613.49,0.232429,0.500593,1,time_limit,solomon_exact_1000_v1,,,,,,0.5,,,,25,153657d31d0a2c73de1efecde91d561f2bc3385b7604e2cb6ac55292ec1305ce,False,baseline,b30f3eb99aa674c6696656b417bca3fea48cb5a37f6f0b55429d0a1c15549f4f
C206,solomon_txt,745b6c7042707ffbbfc4d681ee02a84431425f1dfb3c8aa85ecf003fec8f7e53,0,1,ok,True,3,650898,650.898,0.249344,0.50059,1,time_limit,solomon_exact_1000_v1,,,,,,0.5,,,,25,153657d31d0a2c73de1efecde91d561f2bc3385b7604e2cb6ac55292ec1305ce,False,baseline,b30f3eb99aa674c6696656b417bca3fea48cb5a37f6f0b55429d0a1c15549f4f
C206,solomon_txt,745b6c7042707ffbbfc4d681ee02a84431425f1dfb3c8aa85ecf003fec8f7e53,1,1,ok,True,3,911170,911.17,0.255659,0.50058,1,time_limit,solomon_exact_1000_v1,,,,,,0.5,,,,25,153657d31d0a2c73de1efecde91d561f2bc3385b7604e2cb6ac55292ec1305ce,False,baseline,b30f3eb99aa674c6696656b417bca3fea48cb5a37f6f0b55429d0a1c15549f4f
C206,solomon_txt,745b6c7042707ffbbfc4d681ee02a84431425f1dfb3c8aa85ecf003fec8f7e53,2,1,ok,True,3,658435,658.435,0.261669,0.500588,1,time_limit,solomon_exact_1000_v1,,,,,,0.5,,,,25,153657d31d0a2c73de1efecde91d561f2bc3385b7604e2cb6ac55292ec1305ce,False,baseline,b30f3eb99aa674c6696656b417bca3fea48cb5a37f6f0b55429d0a1c15549f4f
C207,solomon_txt,a33f03570a944c8a6d185fd6a173e66c68e67c399a4958b2d5b6d49533ace4a4,0,1,ok,True,3,757821,757.821,0.260326,0.500559,1,time_limit,solomon_exact_1000_v1,,,,,,0.5,,,,25,153657d31d0a2c73de1efecde91d561f2bc3385b7604e2cb6ac55292ec1305ce,False,baseline,b30f3eb99aa674c6696656b417bca3fea48cb5a37f6f0b55429d0a1c15549f4f
C207,solomon_txt,a33f03570a944c8a6d185fd6a173e66c68e67c399a4958b2d5b6d49533ace4a4,1,1,ok,True,3,756163,756.163,0.261461,0.500583,1,time_limit,solomon_exact_1000_v1,,,,,,0.5,,,,25,153657d31d0a2c73de1efecde91d561f2bc3385b7604e2cb6ac55292ec1305ce,False,baseline,b30f3eb99aa674c6696656b417bca3fea48cb5a37f6f0b55429d0a1c15549f4f
C207,solomon_txt,a33f03570a944c8a6d185fd6a173e66c68e67c399a4958b2d5b6d49533ace4a4,2,1,ok,True,3,631278,631.278,0.260833,0.500578,1,time_limit,solomon_exact_1000_v1,,,,,,0.5,,,,25,153657d31d0a2c73de1efecde91d561f2bc3385b7604e2cb6ac55292ec1305ce,False,baseline,b30f3eb99aa674c6696656b417bca3fea48cb5a37f6f0b55429d0a1c15549f4f
C208,solomon_txt,1c2f2381b8743680dbeb34322869cbf5a6cdd8c281f4bcffdb99b533e601874b,0,1,ok,True,3,688706,688.706,0.269237,0.500543,1,time_limit,solomon_exact_1000_v1,,,,,,0.5,,,,25,153657d31d0a2c73de1efecde91d561f2bc3385b7604e2cb6ac55292ec1305ce,False,baseline,b30f3eb99aa674c6696656b417bca3fea48cb5a37f6f0b55429d0a1c15549f4f
C208,solomon_txt,1c2f2381b8743680dbeb34322869cbf5a6cdd8c281f4bcffdb99b533e601874b,1,1,ok,True,3,876759,876.759,0.318616,0.500613,1,time_limit,solomon_exact_1000_v1,,,,,,0.5,,,,25,153657d31d0a2c73de1efecde91d561f2bc3385b7604e2cb6ac55292ec1305ce,False,baseline,b30f3eb99aa674c6696656b417bca3fea48cb5a37f6f0b55429d0a1c15549f4f
C208,solomon_txt,1c2f2381b8743680dbeb34322869cbf5a6cdd8c281f4bcffdb99b533e601874b,2,1,ok,True,3,657968,657.968,0.28229,0.500583,1,time_limit,solomon_exact_1000_v1,,,,,,0.5,,,,25,153657d31d0a2c73de1efecde91d561f2bc3385b7604e2cb6ac55292ec1305ce,False,baseline,b30f3eb99aa674c6696656b417bca3fea48cb5a37f6f0b55429d0a1c15549f4f
R101,solomon_txt,3f3655182bc0fe44ce5de65fdcd2ee2f9c7fb9ed055f923635151d9d6f76d3ed,0,1,ok,True,21,1800190,1800.19,0.074915,0.50076,1,time_limit,solomon_exact_1000_v1,,,,,,0.5,,,,25,153657d31d0a2c73de1efecde91d561f2bc3385b7604e2cb6ac55292ec1305ce,False,baseline,b30f3eb99aa674c6696656b417bca3fea48cb5a37f6f0b55429d0a1c15549f4f
R101,solomon_txt,3f3655182bc0fe44ce5de65fdcd2ee2f9c7fb9ed055f923635151d9d6f76d3ed,1,1,ok,True,20,1814833,1814.833,0.076728,0.500657,1,time_limit,solomon_exact_1000_v1,,,,,,0.5,,,,25,153657d31d0a2c73de1efecde91d561f2bc3385b7604e2cb6ac55292ec1305ce,False,baseline,b30f3eb99aa674c6696656b417bca3fea48cb5a37f6f0b55429d0a1c15549f4f
R101,solomon_txt,3f3655182bc0fe44ce5de65fdcd2ee2f9c7fb9ed055f923635151d9d6f76d3ed,2,1,ok,True,20,1826704,1826.704,0.088295,0.500624,1,time_limit,solomon_exact_1000_v1,,,,,,0.5,,,,25,153657d31d0a2c73de1efecde91d561f2bc3385b7604e2cb6ac55292ec1305ce,False,baseline,b30f3eb99aa674c6696656b417bca3fea48cb5a37f6f0b55429d0a1c15549f4f
R102,solomon_txt,eeb23171b7e4fbfc80bf000ca770329109900fbd7273fa8b9d1f95b7dfe683c3,0,1,ok,True,18,1533643,1533.643,0.084918,0.501175,1,time_limit,solomon_exact_1000_v1,,,,,,0.5,,,,25,153657d31d0a2c73de1efecde91d561f2bc3385b7604e2cb6ac55292ec1305ce,False,baseline,b30f3eb99aa674c6696656b417bca3fea48cb5a37f6f0b55429d0a1c15549f4f
R102,solomon_txt,eeb23171b7e4fbfc80bf000ca770329109900fbd7273fa8b9d1f95b7dfe683c3,1,1,ok,True,18,1561026,1561.026,0.101367,0.500678,1,time_limit,solomon_exact_1000_v1,,,,,,0.5,,,,25,153657d31d0a2c73de1efecde91d561f2bc3385b7604e2cb6ac55292ec1305ce,False,baseline,b30f3eb99aa674c6696656b417bca3fea48cb5a37f6f0b55429d0a1c15549f4f
R102,solomon_txt,eeb23171b7e4fbfc80bf000ca770329109900fbd7273fa8b9d1f95b7dfe683c3,2,1,ok,True,18,1550284,1550.284,0.101663,0.501416,1,time_limit,solomon_exact_1000_v1,,,,,,0.5,,,,25,153657d31d0a2c73de1efecde91d561f2bc3385b7604e2cb6ac55292ec1305ce,False,baseline,b30f3eb99aa674c6696656b417bca3fea48cb5a37f6f0b55429d0a1c15549f4f
R103,solomon_txt,1f833e8648ba39e0edc76754fb49e81777a7175cf7b084c3f60a12607bfb3991,0,1,ok,True,14,1487948,1487.948,0.069259,0.500602,1,time_limit,solomon_exact_1000_v1,,,,,,0.5,,,,25,153657d31d0a2c73de1efecde91d561f2bc3385b7604e2cb6ac55292ec1305ce,False,baseline,b30f3eb99aa674c6696656b417bca3fea48cb5a37f6f0b55429d0a1c15549f4f
R103,solomon_txt,1f833e8648ba39e0edc76754fb49e81777a7175cf7b084c3f60a12607bfb3991,1,1,ok,True,14,1487948,1487.948,0.072927,0.500524,1,time_limit,solomon_exact_1000_v1,,,,,,0.5,,,,25,153657d31d0a2c73de1efecde91d561f2bc3385b7604e2cb6ac55292ec1305ce,False,baseline,b30f3eb99aa674c6696656b417bca3fea48cb5a37f6f0b55429d0a1c15549f4f
R103,solomon_txt,1f833e8648ba39e0edc76754fb49e81777a7175cf7b084c3f60a12607bfb3991,2,1,ok,True,14,1474118,1474.118,0.065909,0.500454,1,time_limit,solomon_exact_1000_v1,,,,,,0.5,,,,25,153657d31d0a2c73de1efecde91d561f2bc3385b7604e2cb6ac55292ec1305ce,False,baseline,b30f3eb99aa674c6696656b417bca3fea48cb5a37f6f0b55429d0a1c15549f4f
R104,solomon_txt,dd087124311d91facd81736debbfc7d0f351d27942917e2d76cbafd01e6183b7,0,1,ok,True,11,1146548,1146.548,0.076002,0.50043,2,time_limit,solomon_exact_1000_v1,,,,,,0.5,,,,25,153657d31d0a2c73de1efecde91d561f2bc3385b7604e2cb6ac55292ec1305ce,False,baseline,b30f3eb99aa674c6696656b417bca3fea48cb5a37f6f0b55429d0a1c15549f4f
R104,solomon_txt,dd087124311d91facd81736debbfc7d0f351d27942917e2d76cbafd01e6183b7,1,1,ok,True,10,1197509,1197.509,0.080612,0.500443,1,time_limit,solomon_exact_1000_v1,,,,,,0.5,,,,25,153657d31d0a2c73de1efecde91d561f2bc3385b7604e2cb6ac55292ec1305ce,False,baseline,b30f3eb99aa674c6696656b417bca3fea48cb5a37f6f0b55429d0a1c15549f4f
R104,solomon_txt,dd087124311d91facd81736debbfc7d0f351d27942917e2d76cbafd01e6183b7,2,1,ok,True,10,1112596,1112.596,0.075988,0.500431,2,time_limit,solomon_exact_1000_v1,,,,,,0.5,,,,25,153657d31d0a2c73de1efecde91d561f2bc3385b7604e2cb6ac55292ec1305ce,False,baseline,b30f3eb99aa674c6696656b417bca3fea48cb5a37f6f0b55429d0a1c15549f4f
R105,solomon_txt,ff1a614f8458d6339b3f54d8e4ca2dcf0a35c96012f477f6a819ae481de85ca4,0,1,ok,True,16,1642553,1642.553,0.05675,0.500575,1,time_limit,solomon_exact_1000_v1,,,,,,0.5,,,,25,153657d31d0a2c73de1efecde91d561f2bc3385b7604e2cb6ac55292ec1305ce,False,baseline,b30f3eb99aa674c6696656b417bca3fea48cb5a37f6f0b55429d0a1c15549f4f
R105,solomon_txt,ff1a614f8458d6339b3f54d8e4ca2dcf0a35c96012f477f6a819ae481de85ca4,1,1,ok,True,15,1563538,1563.538,0.056658,0.500507,1,time_limit,solomon_exact_1000_v1,,,,,,0.5,,,,25,153657d31d0a2c73de1efecde91d561f2bc3385b7604e2cb6ac55292ec1305ce,False,baseline,b30f3eb99aa674c6696656b417bca3fea48cb5a37f6f0b55429d0a1c15549f4f
R105,solomon_txt,ff1a614f8458d6339b3f54d8e4ca2dcf0a35c96012f477f6a819ae481de85ca4,2,1,ok,True,15,1637921,1637.921,0.055701,0.500465,1,time_limit,solomon_exact_1000_v1,,,,,,0.5,,,,25,153657d31d0a2c73de1efecde91d561f2bc3385b7604e2cb6ac55292ec1305ce,False,baseline,b30f3eb99aa674c6696656b417bca3fea48cb5a37f6f0b55429d0a1c15549f4f
R106,solomon_txt,31b8783d177f0fbe1c84b8f085fbf28b1989a80e4c00f49f5654ebef99835e97,0,1,ok,True,14,1526766,1526.766,0.063514,0.500439,1,time_limit,solomon_exact_1000_v1,,,,,,0.5,,,,25,153657d31d0a2c73de1efecde91d561f2bc3385b7604e2cb6ac55292ec1305ce,False,baseline,b30f3eb99aa674c6696656b417bca3fea48cb5a37f6f0b55429d0a1c15549f4f
R106,solomon_txt,31b8783d177f0fbe1c84b8f085fbf28b1989a80e4c00f49f5654ebef99835e97,1,1,ok,True,14,1523064,1523.064,0.061471,0.500478,1,time_limit,solomon_exact_1000_v1,,,,,,0.5,,,,25,153657d31d0a2c73de1efecde91d561f2bc3385b7604e2cb6ac55292ec1305ce,False,baseline,b30f3eb99aa674c6696656b417bca3fea48cb5a37f6f0b55429d0a1c15549f4f
R106,solomon_txt,31b8783d177f0fbe1c84b8f085fbf28b1989a80e4c00f49f5654ebef99835e97,2,1,ok,True,13,1504472,1504.472,0.060189,0.500484,1,time_limit,solomon_exact_1000_v1,,,,,,0.5,,,,25,153657d31d0a2c73de1efecde91d561f2bc3385b7604e2cb6ac55292ec1305ce,False,baseline,b30f3eb99aa674c6696656b417bca3fea48cb5a37f6f0b55429d0a1c15549f4f
R107,solomon_txt,dba2b257a1d43d7c78d5e3a9f09091a2b125d3fbec78c0c8a1782add669a1275,0,1,ok,True,11,1339900,1339.9,0.071191,0.500476,1,time_limit,solomon_exact_1000_v1,,,,,,0.5,,,,25,153657d31d0a2c73de1efecde91d561f2bc3385b7604e2cb6ac55292ec1305ce,False,baseline,b30f3eb99aa674c6696656b417bca3fea48cb5a37f6f0b55429d0a1c15549f4f
R107,solomon_txt,dba2b257a1d43d7c78d5e3a9f09091a2b125d3fbec78c0c8a1782add669a1275,1,1,ok,True,11,1326111,1326.111,0.066111,0.500466,1,time_limit,solomon_exact_1000_v1,,,,,,0.5,,,,25,153657d31d0a2c73de1efecde91d561f2bc3385b7604e2cb6ac55292ec1305ce,False,baseline,b30f3eb99aa674c6696656b417bca3fea48cb5a37f6f0b55429d0a1c15549f4f
R107,solomon_txt,dba2b257a1d43d7c78d5e3a9f09091a2b125d3fbec78c0c8a1782add669a1275,2,1,ok,True,12,1401522,1401.522,0.066521,0.500448,1,time_limit,solomon_exact_1000_v1,,,,,,0.5,,,,25,153657d31d0a2c73de1efecde91d561f2bc3385b7604e2cb6ac55292ec1305ce,False,baseline,b30f3eb99aa674c6696656b417bca3fea48cb5a37f6f0b55429d0a1c15549f4f
R108,solomon_txt,65cae09f4099b7e70d2b723e0e3a30aa1494c75a367bb894a3fd13241ee639d4,0,1,ok,True,10,1168124,1168.124,0.082338,0.500458,1,time_limit,solomon_exact_1000_v1,,,,,,0.5,,,,25,153657d31d0a2c73de1efecde91d561f2bc3385b7604e2cb6ac55292ec1305ce,False,baseline,b30f3eb99aa674c6696656b417bca3fea48cb5a37f6f0b55429d0a1c15549f4f
R108,solomon_txt,65cae09f4099b7e70d2b723e0e3a30aa1494c75a367bb894a3fd13241ee639d4,1,1,ok,True,10,1128679,1128.679,0.073271,0.500493,1,time_limit,solomon_exact_1000_v1,,,,,,0.5,,,,25,153657d31d0a2c73de1efecde91d561f2bc3385b7604e2cb6ac55292ec1305ce,False,baseline,b30f3eb99aa674c6696656b417bca3fea48cb5a37f6f0b55429d0a1c15549f4f
R108,solomon_txt,65cae09f4099b7e70d2b723e0e3a30aa1494c75a367bb894a3fd13241ee639d4,2,1,ok,True,11,1327121,1327.121,0.072393,0.500481,1,time_limit,solomon_exact_1000_v1,,,,,,0.5,,,,25,153657d31d0a2c73de1efecde91d561f2bc3385b7604e2cb6ac55292ec1305ce,False,baseline,b30f3eb99aa674c6696656b417bca3fea48cb5a37f6f0b55429d0a1c15549f4f
R109,solomon_txt,4ef24030e8c48de5f85dcd90c5739186004fc8dec87533b6467013cf996f4777,0,1,ok,True,13,1487852,1487.852,0.061211,0.500502,1,time_limit,solomon_exact_1000_v1,,,,,,0.5,,,,25,153657d31d0a2c73de1efecde91d561f2bc3385b7604e2cb6ac55292ec1305ce,False,baseline,b30f3eb99aa674c6696656b417bca3fea48cb5a37f6f0b55429d0a1c15549f4f
R109,solomon_txt,4ef24030e8c48de5f85dcd90c5739186004fc8dec87533b6467013cf996f4777,1,1,ok,True,14,1533444,1533.444,0.062665,0.500578,1,time_limit,solomon_exact_1000_v1,,,,,,0.5,,,,25,153657d31d0a2c73de1efecde91d561f2bc3385b7604e2cb6ac55292ec1305ce,False,baseline,b30f3eb99aa674c6696656b417bca3fea48cb5a37f6f0b55429d0a1c15549f4f
R109,solomon_txt,4ef24030e8c48de5f85dcd90c5739186004fc8dec87533b6467013cf996f4777,2,1,ok,True,14,1461716,1461.716,0.059734,0.500801,1,time_limit,solomon_exact_1000_v1,,,,,,0.5,,,,25,153657d31d0a2c73de1efecde91d561f2bc3385b7604e2cb6ac55292ec1305ce,False,baseline,b30f3eb99aa674c6696656b417bca3fea48cb5a37f6f0b55429d0a1c15549f4f
R110,solomon_txt,14cb53cb99af61d3d708f07564b9a72d146e7c26b4f10507cfaf3bc828f34bfa,0,1,ok,True,13,1451063,1451.063,0.071973,0.500477,1,time_limit,solomon_exact_1000_v1,,,,,,0.5,,,,25,153657d31d0a2c73de1efecde91d561f2bc3385b7604e2cb6ac55292ec1305ce,False,baseline,b30f3eb99aa674c6696656b417bca3fea48cb5a37f6f0b55429d0a1c15549f4f
R110,solomon_txt,14cb53cb99af61d3d708f07564b9a72d146e7c26b4f10507cfaf3bc828f34bfa,1,1,ok,True,12,1399004,1399.004,0.064471,0.500476,1,time_limit,solomon_exact_1000_v1,,,,,,0.5,,,,25,153657d31d0a2c73de1efecde91d561f2bc3385b7604e2cb6ac55292ec1305ce,False,baseline,b30f3eb99aa674c6696656b417bca3fea48cb5a37f6f0b55429d0a1c15549f4f
R110,solomon_txt,14cb53cb99af61d3d708f07564b9a72d146e7c26b4f10507cfaf3bc828f34bfa,2,1,ok,True,12,1555349,1555.349,0.066915,0.500507,1,time_limit,solomon_exact_1000_v1,,,,,,0.5,,,,25,153657d31d0a2c73de1efecde91d561f2bc3385b7604e2cb6ac55292ec1305ce,False,baseline,b30f3eb99aa674c6696656b417bca3fea48cb5a37f6f0b55429d0a1c15549f4f
R111,solomon_txt,3d94a73b1f2fe8aae4618b9d9ea254cff2e3924a6a841aa390096ec6c60f258d,0,1,ok,True,12,1370638,1370.638,0.072358,0.500466,1,time_limit,solomon_exact_1000_v1,,,,,,0.5,,,,25,153657d31d0a2c73de1efecde91d561f2bc3385b7604e2cb6ac55292ec1305ce,False,baseline,b30f3eb99aa674c6696656b417bca3fea48cb5a37f6f0b55429d0a1c15549f4f
R111,solomon_txt,3d94a73b1f2fe8aae4618b9d9ea254cff2e3924a6a841aa390096ec6c60f258d,1,1,ok,True,12,1385398,1385.398,0.092894,0.50068,1,time_limit,solomon_exact_1000_v1,,,,,,0.5,,,,25,153657d31d0a2c73de1efecde91d561f2bc3385b7604e2cb6ac55292ec1305ce,False,baseline,b30f3eb99aa674c6696656b417bca3fea48cb5a37f6f0b55429d0a1c15549f4f
R111,solomon_txt,3d94a73b1f2fe8aae4618b9d9ea254cff2e3924a6a841aa390096ec6c60f258d,2,1,ok,True,12,1437191,1437.191,0.093408,0.500853,1,time_limit,solomon_exact_1000_v1,,,,,,0.5,,,,25,153657d31d0a2c73de1efecde91d561f2bc3385b7604e2cb6ac55292ec1305ce,False,baseline,b30f3eb99aa674c6696656b417bca3fea48cb5a37f6f0b55429d0a1c15549f4f
R112,solomon_txt,a0e93149d59d30c356619891d192e86d0f16c3158e1dac3bd9f23c6deb718271,0,1,ok,True,12,1404701,1404.701,0.092261,0.500588,1,time_limit,solomon_exact_1000_v1,,,,,,0.5,,,,25,153657d31d0a2c73de1efecde91d561f2bc3385b7604e2cb6ac55292ec1305ce,False,baseline,b30f3eb99aa674c6696656b417bca3fea48cb5a37f6f0b55429d0a1c15549f4f
R112,solomon_txt,a0e93149d59d30c356619891d192e86d0f16c3158e1dac3bd9f23c6deb718271,1,1,ok,True,11,1175112,1175.112,0.094197,0.500672,1,time_limit,solomon_exact_1000_v1,,,,,,0.5,,,,25,153657d31d0a2c73de1efecde91d561f2bc3385b7604e2cb6ac55292ec1305ce,False,baseline,b30f3eb99aa674c6696656b417bca3fea48cb5a37f6f0b55429d0a1c15549f4f
R112,solomon_txt,a0e93149d59d30c356619891d192e86d0f16c3158e1dac3bd9f23c6deb718271,2,1,ok,True,12,1427093,1427.093,0.093039,0.500649,1,time_limit,solomon_exact_1000_v1,,,,,,0.5,,,,25,153657d31d0a2c73de1efecde91d561f2bc3385b7604e2cb6ac55292ec1305ce,False,baseline,b30f3eb99aa674c6696656b417bca3fea48cb5a37f6f0b55429d0a1c15549f4f
R201,solomon_txt,0be960ec998fff2cab0bdbcc5194c617e5ca0a79c82c5b32b1d4bd98b2cae210,0,1,ok,True,4,1650258,1650.258,0.209706,0.501019,1,time_limit,solomon_exact_1000_v1,,,,,,0.5,,,,25,153657d31d0a2c73de1efecde91d561f2bc3385b7604e2cb6ac55292ec1305ce,False,baseline,b30f3eb99aa674c6696656b417bca3fea48cb5a37f6f0b55429d0a1c15549f4f
R201,solomon_txt,0be960ec998fff2cab0bdbcc5194c617e5ca0a79c82c5b32b1d4bd98b2cae210,1,1,ok,True,4,1632949,1632.949,0.252626,0.500638,1,time_limit,solomon_exact_1000_v1,,,,,,0.5,,,,25,153657d31d0a2c73de1efecde91d561f2bc3385b7604e2cb6ac55292ec1305ce,False,baseline,b30f3eb99aa674c6696656b417bca3fea48cb5a37f6f0b55429d0a1c15549f4f
R201,solomon_txt,0be960ec998fff2cab0bdbcc5194c617e5ca0a79c82c5b32b1d4bd98b2cae210,2,1,ok,True,4,1593054,1593.054,0.20131,0.500671,1,time_limit,solomon_exact_1000_v1,,,,,,0.5,,,,25,153657d31d0a2c73de1efecde91d561f2bc3385b7604e2cb6ac55292ec1305ce,False,baseline,b30f3eb99aa674c6696656b417bca3fea48cb5a37f6f0b55429d0a1c15549f4f
R202,solomon_txt,1f7761bb33e9dd0c94837b32c72280296ffc283dba997379c7ad75ce00dffc8d,0,1,ok,True,4,1622145,1622.145,0.237739,0.500722,1,time_limit,solomon_exact_1000_v1,,,,,,0.5,,,,25,153657d31d0a2c73de1efecde91d561f2bc3385b7604e2cb6ac55292ec1305ce,False,baseline,b30f3eb99aa674c6696656b417bca3fea48cb5a37f6f0b55429d0a1c15549f4f
R202,solomon_txt,1f7761bb33e9dd0c94837b32c72280296ffc283dba997379c7ad75ce00dffc8d,1,1,ok,True,4,1613273,1613.273,0.226077,0.500595,1,time_limit,solomon_exact_1000_v1,,,,,,0.5,,,,25,153657d31d0a2c73de1efecde91d561f2bc3385b7604e2cb6ac55292ec1305ce,False,baseline,b30f3eb99aa674c6696656b417bca3fea48cb5a37f6f0b55429d0a1c15549f4f
R202,solomon_txt,1f7761bb33e9dd0c94837b32c72280296ffc283dba997379c7ad75ce00dffc8d,2,1,ok,True,4,1613273,1613.273,0.222551,0.500736,1,time_limit,solomon_exact_1000_v1,,,,,,0.5,,,,25,153657d31d0a2c73de1efecde91d561f2bc3385b7604e2cb6ac55292ec1305ce,False,baseline,b30f3eb99aa674c6696656b417bca3fea48cb5a37f6f0b55429d0a1c15549f4f
R203,solomon_txt,38c484db31bd7452a94d533e26a2348ef598df600b79d061d9ddc1c61466a731,0,1,ok,True,3,1290510,1290.51,0.243965,0.500557,1,time_limit,solomon_exact_1000_v1,,,,,,0.5,,,,25,153657d31d0a2c73de1efecde91d561f2bc3385b7604e2cb6ac55292ec1305ce,False,baseline,b30f3eb99aa674c6696656b417bca3fea48cb5a37f6f0b55429d0a1c15549f4f
R203,solomon_txt,38c484db31bd7452a94d533e26a2348ef598df600b79d061d9ddc1c61466a731,1,1,ok,True,3,1288995,1288.995,0.255053,0.500682,1,time_limit,solomon_exact_1000_v1,,,,,,0.5,,,,25,153657d31d0a2c73de1efecde91d561f2bc3385b7604e2cb6ac55292ec1305ce,False,baseline,b30f3eb99aa674c6696656b417bca3fea48cb5a37f6f0b55429d0a1c15549f4f
R203,solomon_txt,38c484db31bd7452a94d533e26a2348ef598df600b79d061d9ddc1c61466a731,2,1,ok,True,3,1250918,1250.918,0.232225,0.500571,1,time_limit,solomon_exact_1000_v1,,,,,,0.5,,,,25,153657d31d0a2c73de1efecde91d561f2bc3385b7604e2cb6ac55292ec1305ce,False,baseline,b30f3eb99aa674c6696656b417bca3fea48cb5a37f6f0b55429d0a1c15549f4f
R204,solomon_txt,5349e37d8df99bcbee1efa2e970d2662b5265e5f82fc609343a6af0a60257abf,0,1,ok,True,3,1331038,1331.038,0.293092,0.500624,1,time_limit,solomon_exact_1000_v1,,,,,,0.5,,,,25,153657d31d0a2c73de1efecde91d561f2bc3385b7604e2cb6ac55292ec1305ce,False,baseline,b30f3eb99aa674c6696656b417bca3fea48cb5a37f6f0b55429d0a1c15549f4f
R204,solomon_txt,5349e37d8df99bcbee1efa2e970d2662b5265e5f82fc609343a6af0a60257abf,1,1,ok,True,3,1287338,1287.338,0.314616,0.500566,1,time_limit,solomon_exact_1000_v1,,,,,,0.5,,,,25,153657d31d0a2c73de1efecde91d561f2bc3385b7604e2cb6ac55292ec1305ce,False,baseline,b30f3eb99aa674c6696656b417bca3fea48cb5a37f6f0b55429d0a1c15549f4f
R204,solomon_txt,5349e37d8df99bcbee1efa2e970d2662b5265e5f82fc609343a6af0a60257abf,2,1,ok,True,3,1213403,1213.403,0.294782,0.500591,1,time_limit,solomon_exact_1000_v1,,,,,,0.5,,,,25,153657d31d0a2c73de1efecde91d561f2bc3385b7604e2cb6ac55292ec1305ce,False,baseline,b30f3eb99aa674c6696656b417bca3fea48cb5a37f6f0b55429d0a1c15549f4f
R205,solomon_txt,1996bf8f10716fb8cfc1a585206a6a6e566f32347c1bb8f36c75ed6c887f77e3,0,1,ok,True,3,1290574,1290.574,0.232022,0.500541,1,time_limit,solomon_exact_1000_v1,,,,,,0.5,,,,25,153657d31d0a2c73de1efecde91d561f2bc3385b7604e2cb6ac55292ec1305ce,False,baseline,b30f3eb99aa674c6696656b417bca3fea48cb5a37f6f0b55429d0a1c15549f4f
R205,solomon_txt,1996bf8f10716fb8cfc1a585206a6a6e566f32347c1bb8f36c75ed6c887f77e3,1,1,ok,True,4,1608617,1608.617,0.246984,0.500642,1,time_limit,solomon_exact_1000_v1,,,,,,0.5,,,,25,153657d31d0a2c73de1efecde91d561f2bc3385b7604e2cb6ac55292ec1305ce,False,baseline,b30f3eb99aa674c6696656b417bca3fea48cb5a37f6f0b55429d0a1c15549f4f
R205,solomon_txt,1996bf8f10716fb8cfc1a585206a6a6e566f32347c1bb8f36c75ed6c887f77e3,2,1,ok,True,3,1399674,1399.674,0.235104,0.500612,1,time_limit,solomon_exact_1000_v1,,,,,,0.5,,,,25,153657d31d0a2c73de1efecde91d561f2bc3385b7604e2cb6ac55292ec1305ce,False,baseline,b30f3eb99aa674c6696656b417bca3fea48cb5a37f6f0b55429d0a1c15549f4f
R206,solomon_txt,c8754a0319264d076c038b1bf023c8c4710e8895fe3e03f485e9ae249f32fe43,0,1,ok,True,3,1458899,1458.899,0.245176,0.500578,1,time_limit,solomon_exact_1000_v1,,,,,,0.5,,,,25,153657d31d0a2c73de1efecde91d561f2bc3385b7604e2cb6ac55292ec1305ce,False,baseline,b30f3eb99aa674c6696656b417bca3fea48cb5a37f6f0b55429d0a1c15549f4f
R206,solomon_txt,c8754a0319264d076c038b1bf023c8c4710e8895fe3e03f485e9ae249f32fe43,1,1,ok,True,3,1458899,1458.899,0.253945,0.500618,1,time_limit,solomon_exact_1000_v1,,,,,,0.5,,,,25,153657d31d0a2c73de1efecde91d561f2bc3385b7604e2cb6ac55292ec1305ce,False,baseline,b30f3eb99aa674c6696656b417bca3fea48cb5a37f6f0b55429d0a1c15549f4f
R206,solomon_txt,c8754a0319264d076c038b1bf023c8c4710e8895fe3e03f485e9ae249f32fe43,2,1,ok,True,3,1456837,1456.837,0.240502,0.500629,1,time_limit,solomon_exact_1000_v1,,,,,,0.5,,,,25,153657d31d0a2c73de1efecde91d561f2bc3385b7604e2cb6ac55292ec1305ce,False,baseline,b30f3eb99aa674c6696656b417bca3fea48cb5a37f6f0b55429d0a1c15549f4f
R207,solomon_txt,52dc8eebba43fdc67ca9aadab228b75a297acb55a87db3e4748e82f623e3cbe6,0,1,ok,True,3,1164515,1164.515,0.307034,0.500454,1,time_limit,solomon_exact_1000_v1,,,,,,0.5,,,,25,153657d31d0a2c73de1efecde91d561f2bc3385b7604e2cb6ac55292ec1305ce,False,baseline,b30f3eb99aa674c6696656b417bca3fea48cb5a37f6f0b55429d0a1c15549f4f
R207,solomon_txt,52dc8eebba43fdc67ca9aadab228b75a297acb55a87db3e4748e82f623e3cbe6,1,1,ok,True,3,1096456,1096.456,0.291827,0.500542,1,time_limit,solomon_exact_1000_v1,,,,,,0.5,,,,25,153657d31d0a2c73de1efecde91d561f2bc3385b7604e2cb6ac55292ec1305ce,False,baseline,b30f3eb99aa674c6696656b417bca3fea48cb5a37f6f0b55429d0a1c15549f4f
R207,solomon_txt,52dc8eebba43fdc67ca9aadab228b75a297acb55a87db3e4748e82f623e3cbe6,2,1,ok,True,3,1024827,1024.827,0.288346,0.500635,1,time_limit,solomon_exact_1000_v1,,,,,,0.5,,,,25,153657d31d0a2c73de1efecde91d561f2bc3385b7604e2cb6ac55292ec1305ce,False,baseline,b30f3eb99aa674c6696656b417bca3fea48cb5a37f6f0b55429d0a1c15549f4f
R208,solomon_txt,7b4a95d500af9329dd08791d39898a619faec0f8fac039d57373e761545b980d,0,1,ok,True,2,946859,946.859,0.364216,0.50089,1,time_limit,solomon_exact_1000_v1,,,,,,0.5,,,,25,153657d31d0a2c73de1efecde91d561f2bc3385b7604e2cb6ac55292ec1305ce,False,baseline,b30f3eb99aa674c6696656b417bca3fea48cb5a37f6f0b55429d0a1c15549f4f
R208,solomon_txt,7b4a95d500af9329dd08791d39898a619faec0f8fac039d57373e761545b980d,1,1,ok,True,2,935391,935.391,0.312901,0.500616,1,time_limit,solomon_exact_1000_v1,,,,,,0.5,,,,25,153657d31d0a2c73de1efecde91d561f2bc3385b7604e2cb6ac55292ec1305ce,False,baseline,b30f3eb99aa674c6696656b417bca3fea48cb5a37f6f0b55429d0a1c15549f4f
R208,solomon_txt,7b4a95d500af9329dd08791d39898a619faec0f8fac039d57373e761545b980d,2,1,ok,True,2,975348,975.348,0.317017,0.500641,1,time_limit,solomon_exact_1000_v1,,,,,,0.5,,,,25,153657d31d0a2c73de1efecde91d561f2bc3385b7604e2cb6ac55292ec1305ce,False,baseline,b30f3eb99aa674c6696656b417bca3fea48cb5a37f6f0b55429d0a1c15549f4f
R209,solomon_txt,5b74156d032babcff853ccc693f94463eca8333cd425aa99a39ed996f6258933,0,1,ok,True,3,1536043,1536.043,0.228835,0.500523,1,time_limit,solomon_exact_1000_v1,,,,,,0.5,,,,25,153657d31d0a2c73de1efecde91d561f2bc3385b7604e2cb6ac55292ec1305ce,False,baseline,b30f3eb99aa674c6696656b417bca3fea48cb5a37f6f0b55429d0a1c15549f4f
R209,solomon_txt,5b74156d032babcff853ccc693f94463eca8333cd425aa99a39ed996f6258933,1,1,ok,True,3,1275954,1275.954,0.226274,0.500604,1,time_limit,solomon_exact_1000_v1,,,,,,0.5,,,,25,153657d31d0a2c73de1efecde91d561f2bc3385b7604e2cb6ac55292ec1305ce,False,baseline,b30f3eb99aa674c6696656b417bca3fea48cb5a37f6f0b55429d0a1c15549f4f
R209,solomon_txt,5b74156d032babcff853ccc693f94463eca8333cd425aa99a39ed996f6258933,2,1,ok,True,3,1388597,1388.597,0.308746,0.500569,1,time_limit,solomon_exact_1000_v1,,,,,,0.5,,,,25,153657d31d0a2c73de1efecde91d561f2bc3385b7604e2cb6ac55292ec1305ce,False,baseline,b30f3eb99aa674c6696656b417bca3fea48cb5a37f6f0b55429d0a1c15549f4f
R210,solomon_txt,4e5772f109fb6183e6a648d6a1edaba3435438c2dc11c42da370fecf7bdf3a14,0,1,ok,True,3,1424878,1424.878,0.253893,0.500653,1,time_limit,solomon_exact_1000_v1,,,,,,0.5,,,,25,153657d31d0a2c73de1efecde91d561f2bc3385b7604e2cb6ac55292ec1305ce,False,baseline,b30f3eb99aa674c6696656b417bca3fea48cb5a37f6f0b55429d0a1c15549f4f
R210,solomon_txt,4e5772f109fb6183e6a648d6a1edaba3435438c2dc11c42da370fecf7bdf3a14,1,1,ok,True,3,1419447,1419.447,0.245792,0.500596,1,time_limit,solomon_exact_1000_v1,,,,,,0.5,,,,25,153657d31d0a2c73de1efecde91d561f2bc3385b7604e2cb6ac55292ec1305ce,False,baseline,b30f3eb99aa674c6696656b417bca3fea48cb5a37f6f0b55429d0a1c15549f4f
R210,solomon_txt,4e5772f109fb6183e6a648d6a1edaba3435438c2dc11c42da370fecf7bdf3a14,2,1,ok,True,3,1397324,1397.324,0.24788,0.500727,1,time_limit,solomon_exact_1000_v1,,,,,,0.5,,,,25,153657d31d0a2c73de1efecde91d561f2bc3385b7604e2cb6ac55292ec1305ce,False,baseline,b30f3eb99aa674c6696656b417bca3fea48cb5a37f6f0b55429d0a1c15549f4f
R211,solomon_txt,2965507e467a2f92acd59035975910e36ae11e4f49590d4c7d20a883939227ad,0,1,ok,True,3,1480876,1480.876,0.267271,0.500521,1,time_limit,solomon_exact_1000_v1,,,,,,0.5,,,,25,153657d31d0a2c73de1efecde91d561f2bc3385b7604e2cb6ac55292ec1305ce,False,baseline,b30f3eb99aa674c6696656b417bca3fea48cb5a37f6f0b55429d0a1c15549f4f
R211,solomon_txt,2965507e467a2f92acd59035975910e36ae11e4f49590d4c7d20a883939227ad,1,1,ok,True,3,1449108,1449.108,0.268332,0.500591,1,time_limit,solomon_exact_1000_v1,,,,,,0.5,,,,25,153657d31d0a2c73de1efecde91d561f2bc3385b7604e2cb6ac55292ec1305ce,False,baseline,b30f3eb99aa674c6696656b417bca3fea48cb5a37f6f0b55429d0a1c15549f4f
R211,solomon_txt,2965507e467a2f92acd59035975910e36ae11e4f49590d4c7d20a883939227ad,2,1,ok,True,3,1473662,1473.662,0.291748,0.50072,1,time_limit,solomon_exact_1000_v1,,,,,,0.5,,,,25,153657d31d0a2c73de1efecde91d561f2bc3385b7604e2cb6ac55292ec1305ce,False,baseline,b30f3eb99aa674c6696656b417bca3fea48cb5a37f6f0b55429d0a1c15549f4f
RC101,solomon_txt,ef6893ffd9746ad96de8e4da6e64e2c4ba6e08a1c7eb9457276a9f1caf01ca12,0,1,ok,True,16,1899579,1899.579,0.083605,0.50074,1,time_limit,solomon_exact_1000_v1,,,,,,0.5,,,,25,153657d31d0a2c73de1efecde91d561f2bc3385b7604e2cb6ac55292ec1305ce,False,baseline,b30f3eb99aa674c6696656b417bca3fea48cb5a37f6f0b55429d0a1c15549f4f
RC101,solomon_txt,ef6893ffd9746ad96de8e4da6e64e2c4ba6e08a1c7eb9457276a9f1caf01ca12,1,1,ok,True,17,2060996,2060.996,0.082508,0.500737,1,time_limit,solomon_exact_1000_v1,,,,,,0.5,,,,25,153657d31d0a2c73de1efecde91d561f2bc3385b7604e2cb6ac55292ec1305ce,False,baseline,b30f3eb99aa674c6696656b417bca3fea48cb5a37f6f0b55429d0a1c15549f4f
RC101,solomon_txt,ef6893ffd9746ad96de8e4da6e64e2c4ba6e08a1c7eb9457276a9f1caf01ca12,2,1,ok,True,16,1883424,1883.424,0.08223,0.50072,1,time_limit,solomon_exact_1000_v1,,,,,,0.5,,,,25,153657d31d0a2c73de1efecde91d561f2bc3385b7604e2cb6ac55292ec1305ce,False,baseline,b30f3eb99aa674c6696656b417bca3fea48cb5a37f6f0b55429d0a1c15549f4f
RC102,solomon_txt,36acd349d34a577c7fadd61f78517c2cb74bd06a490273800c288f341e5785a4,0,1,ok,True,15,1685931,1685.931,0.087068,0.500656,1,time_limit,solomon_exact_1000_v1,,,,,,0.5,,,,25,153657d31d0a2c73de1efecde91d561f2bc3385b7604e2cb6ac55292ec1305ce,False,baseline,b30f3eb99aa674c6696656b417bca3fea48cb5a37f6f0b55429d0a1c15549f4f
RC102,solomon_txt,36acd349d34a577c7fadd61f78517c2cb74bd06a490273800c288f341e5785a4,1,1,ok,True,14,1703567,1703.567,0.08727,0.500692,2,time_limit,solomon_exact_1000_v1,,,,,,0.5,,,,25,153657d31d0a2c73de1efecde91d561f2bc3385b7604e2cb6ac55292ec1305ce,False,baseline,b30f3eb99aa674c6696656b417bca3fea48cb5a37f6f0b55429d0a1c15549f4f
RC102,solomon_txt,36acd349d34a577c7fadd61f78517c2cb74bd06a490273800c288f341e5785a4,2,1,ok,True,14,1703870,1703.87,0.086513,0.50068,1,time_limit,solomon_exact_1000_v1,,,,,,0.5,,,,25,153657d31d0a2c73de1efecde91d561f2bc3385b7604e2cb6ac55292ec1305ce,False,baseline,b30f3eb99aa674c6696656b417bca3fea48cb5a37f6f0b55429d0a1c15549f4f
RC103,solomon_txt,00f384138274d5d2bff5c41601db17cc4ad0cfc6315c27e223d4477bf435cc2d,0,1,ok,True,12,1682708,1682.708,0.096532,0.500825,1,time_limit,solomon_exact_1000_v1,,,,,,0.5,,,,25,153657d31d0a2c73de1efecde91d561f2bc3385b7604e2cb6ac55292ec1305ce,False,baseline,b30f3eb99aa674c6696656b417bca3fea48cb5a37f6f0b55429d0a1c15549f4f
RC103,solomon_txt,00f384138274d5d2bff5c41601db17cc4ad0cfc6315c27e223d4477bf435cc2d,1,1,ok,True,12,1660460,1660.46,0.099674,0.500687,1,time_limit,solomon_exact_1000_v1,,,,,,0.5,,,,25,153657d31d0a2c73de1efecde91d561f2bc3385b7604e2cb6ac55292ec1305ce,False,baseline,b30f3eb99aa674c6696656b417bca3fea48cb5a37f6f0b55429d0a1c15549f4f
RC103,solomon_txt,00f384138274d5d2bff5c41601db17cc4ad0cfc6315c27e223d4477bf435cc2d,2,1,ok,True,13,1871938,1871.938,0.103761,0.500634,1,time_limit,solomon_exact_1000_v1,,,,,,0.5,,,,25,153657d31d0a2c73de1efecde91d561f2bc3385b7604e2cb6ac55292ec1305ce,False,baseline,b30f3eb99aa674c6696656b417bca3fea48cb5a37f6f0b55429d0a1c15549f4f
RC104,solomon_txt,d150b2d61049a488fb89a2320c197d81a7ef9a1864abbbaea1d13a2b451253ee,0,1,ok,True,12,1507686,1507.686,0.100348,0.500833,1,time_limit,solomon_exact_1000_v1,,,,,,0.5,,,,25,153657d31d0a2c73de1efecde91d561f2bc3385b7604e2cb6ac55292ec1305ce,False,baseline,b30f3eb99aa674c6696656b417bca3fea48cb5a37f6f0b55429d0a1c15549f4f
RC104,solomon_txt,d150b2d61049a488fb89a2320c197d81a7ef9a1864abbbaea1d13a2b451253ee,1,1,ok,True,11,1520018,1520.018,0.098786,0.500679,1,time_limit,solomon_exact_1000_v1,,,,,,0.5,,,,25,153657d31d0a2c73de1efecde91d561f2bc3385b7604e2cb6ac55292ec1305ce,False,baseline,b30f3eb99aa674c6696656b417bca3fea48cb5a37f6f0b55429d0a1c15549f4f
RC104,solomon_txt,d150b2d61049a488fb89a2320c197d81a7ef9a1864abbbaea1d13a2b451253ee,2,1,ok,True,11,1270879,1270.879,0.100097,0.500735,1,time_limit,solomon_exact_1000_v1,,,,,,0.5,,,,25,153657d31d0a2c73de1efecde91d561f2bc3385b7604e2cb6ac55292ec1305ce,False,baseline,b30f3eb99aa674c6696656b417bca3fea48cb5a37f6f0b55429d0a1c15549f4f
RC105,solomon_txt,b9e912625c1ed80d2f565e0799ade2f4b17bf4f95056322ca23f1a21b37e7a49,0,1,ok,True,14,1934928,1934.928,0.084718,0.50065,1,time_limit,solomon_exact_1000_v1,,,,,,0.5,,,,25,153657d31d0a2c73de1efecde91d561f2bc3385b7604e2cb6ac55292ec1305ce,False,baseline,b30f3eb99aa674c6696656b417bca3fea48cb5a37f6f0b55429d0a1c15549f4f
RC105,solomon_txt,b9e912625c1ed80d2f565e0799ade2f4b17bf4f95056322ca23f1a21b37e7a49,1,1,ok,True,15,2021705,2021.705,0.085824,0.500718,1,time_limit,solomon_exact_1000_v1,,,,,,0.5,,,,25,153657d31d0a2c73de1efecde91d561f2bc3385b7604e2cb6ac55292ec1305ce,False,baseline,b30f3eb99aa674c6696656b417bca3fea48cb5a37f6f0b55429d0a1c15549f4f
RC105,solomon_txt,b9e912625c1ed80d2f565e0799ade2f4b17bf4f95056322ca23f1a21b37e7a49,2,1,ok,True,15,1842110,1842.11,0.085952,0.500665,1,time_limit,solomon_exact_1000_v1,,,,,,0.5,,,,25,153657d31d0a2c73de1efecde91d561f2bc3385b7604e2cb6ac55292ec1305ce,False,baseline,b30f3eb99aa674c6696656b417bca3fea48cb5a37f6f0b55429d0a1c15549f4f
RC106,solomon_txt,bf016ffc567af2d108570357daf1d0cabb7f680c0bd977d2e4366787683fdbaf,0,1,ok,True,14,1673306,1673.306,0.084146,0.500665,1,time_limit,solomon_exact_1000_v1,,,,,,0.5,,,,25,153657d31d0a2c73de1efecde91d561f2bc3385b7604e2cb6ac55292ec1305ce,False,baseline,b30f3eb99aa674c6696656b417bca3fea48cb5a37f6f0b55429d0a1c15549f4f
RC106,solomon_txt,bf016ffc567af2d108570357daf1d0cabb7f680c0bd977d2e4366787683fdbaf,1,1,ok,True,13,1663140,1663.14,0.084603,0.500702,1,time_limit,solomon_exact_1000_v1,,,,,,0.5,,,,25,153657d31d0a2c73de1efecde91d561f2bc3385b7604e2cb6ac55292ec1305ce,False,baseline,b30f3eb99aa674c6696656b417bca3fea48cb5a37f6f0b55429d0a1c15549f4f
RC106,solomon_txt,bf016ffc567af2d108570357daf1d0cabb7f680c0bd977d2e4366787683fdbaf,2,1,ok,True,14,1733174,1733.174,0.082697,0.50052,1,time_limit,solomon_exact_1000_v1,,,,,,0.5,,,,25,153657d31d0a2c73de1efecde91d561f2bc3385b7604e2cb6ac55292ec1305ce,False,baseline,b30f3eb99aa674c6696656b417bca3fea48cb5a37f6f0b55429d0a1c15549f4f
RC107,solomon_txt,fff3fd68d110671ed442575f07cc547291586f30b00c5f73934d521d31311582,0,1,ok,True,13,1600755,1600.755,0.089646,0.500641,1,time_limit,solomon_exact_1000_v1,,,,,,0.5,,,,25,153657d31d0a2c73de1efecde91d561f2bc3385b7604e2cb6ac55292ec1305ce,False,baseline,b30f3eb99aa674c6696656b417bca3fea48cb5a37f6f0b55429d0a1c15549f4f
RC107,solomon_txt,fff3fd68d110671ed442575f07cc547291586f30b00c5f73934d521d31311582,1,1,ok,True,13,1850106,1850.106,0.0915,0.500623,1,time_limit,solomon_exact_1000_v1,,,,,,0.5,,,,25,153657d31d0a2c73de1efecde91d561f2bc3385b7604e2cb6ac55292ec1305ce,False,baseline,b30f3eb99aa674c6696656b417bca3fea48cb5a37f6f0b55429d0a1c15549f4f
RC107,solomon_txt,fff3fd68d110671ed442575f07cc547291586f30b00c5f73934d521d31311582,2,1,ok,True,13,1760129,1760.129,0.101305,0.50067,1,time_limit,solomon_exact_1000_v1,,,,,,0.5,,,,25,153657d31d0a2c73de1efecde91d561f2bc3385b7604e2cb6ac55292ec1305ce,False,baseline,b30f3eb99aa674c6696656b417bca3fea48cb5a37f6f0b55429d0a1c15549f4f
RC108,solomon_txt,006bc8817bf09f9a8c66af8d6f088bdec239b2eb435556e9d11193cf456f7aeb,0,1,ok,True,12,1525476,1525.476,0.091334,0.5008,1,time_limit,solomon_exact_1000_v1,,,,,,0.5,,,,25,153657d31d0a2c73de1efecde91d561f2bc3385b7604e2cb6ac55292ec1305ce,False,baseline,b30f3eb99aa674c6696656b417bca3fea48cb5a37f6f0b55429d0a1c15549f4f
RC108,solomon_txt,006bc8817bf09f9a8c66af8d6f088bdec239b2eb435556e9d11193cf456f7aeb,1,1,ok,True,12,1493081,1493.081,0.093769,0.500618,1,time_limit,solomon_exact_1000_v1,,,,,,0.5,,,,25,153657d31d0a2c73de1efecde91d561f2bc3385b7604e2cb6ac55292ec1305ce,False,baseline,b30f3eb99aa674c6696656b417bca3fea48cb5a37f6f0b55429d0a1c15549f4f
RC108,solomon_txt,006bc8817bf09f9a8c66af8d6f088bdec239b2eb435556e9d11193cf456f7aeb,2,1,ok,True,12,1527133,1527.133,0.089918,0.500626,1,time_limit,solomon_exact_1000_v1,,,,,,0.5,,,,25,153657d31d0a2c73de1efecde91d561f2bc3385b7604e2cb6ac55292ec1305ce,False,baseline,b30f3eb99aa674c6696656b417bca3fea48cb5a37f6f0b55429d0a1c15549f4f
RC201,solomon_txt,288836e2d8c2ace83ebbff77e03ac8cdffc574fc134cade21ef92713f8c52d44,0,1,ok,True,5,2287535,2287.535,0.183374,0.500571,1,time_limit,solomon_exact_1000_v1,,,,,,0.5,,,,25,153657d31d0a2c73de1efecde91d561f2bc3385b7604e2cb6ac55292ec1305ce,False,baseline,b30f3eb99aa674c6696656b417bca3fea48cb5a37f6f0b55429d0a1c15549f4f
RC201,solomon_txt,288836e2d8c2ace83ebbff77e03ac8cdffc574fc134cade21ef92713f8c52d44,1,1,ok,True,5,2214789,2214.789,0.192724,0.500567,1,time_limit,solomon_exact_1000_v1,,,,,,0.5,,,,25,153657d31d0a2c73de1efecde91d561f2bc3385b7604e2cb6ac55292ec1305ce,False,baseline,b30f3eb99aa674c6696656b417bca3fea48cb5a37f6f0b55429d0a1c15549f4f
RC201,solomon_txt,288836e2d8c2ace83ebbff77e03ac8cdffc574fc134cade21ef92713f8c52d44,2,1,ok,True,5,2349098,2349.098,0.181962,0.500727,1,time_limit,solomon_exact_1000_v1,,,,,,0.5,,,,25,153657d31d0a2c73de1efecde91d561f2bc3385b7604e2cb6ac55292ec1305ce,False,baseline,b30f3eb99aa674c6696656b417bca3fea48cb5a37f6f0b55429d0a1c15549f4f
RC202,solomon_txt,5a1dee2017ab0ca4fe280b392678c96e8b5bc71f22d02c8058fbde7c4cfebcf4,0,1,ok,True,4,1831859,1831.859,0.176203,0.500554,1,time_limit,solomon_exact_1000_v1,,,,,,0.5,,,,25,153657d31d0a2c73de1efecde91d561f2bc3385b7604e2cb6ac55292ec1305ce,False,baseline,b30f3eb99aa674c6696656b417bca3fea48cb5a37f6f0b55429d0a1c15549f4f
RC202,solomon_txt,5a1dee2017ab0ca4fe280b392678c96e8b5bc71f22d02c8058fbde7c4cfebcf4,1,1,ok,True,4,1774730,1774.73,0.172792,0.500574,1,time_limit,solomon_exact_1000_v1,,,,,,0.5,,,,25,153657d31d0a2c73de1efecde91d561f2bc3385b7604e2cb6ac55292ec1305ce,False,baseline,b30f3eb99aa674c6696656b417bca3fea48cb5a37f6f0b55429d0a1c15549f4f
RC202,solomon_txt,5a1dee2017ab0ca4fe280b392678c96e8b5bc71f22d02c8058fbde7c4cfebcf4,2,1,ok,True,4,1594337,1594.337,0.180334,0.500659,1,time_limit,solomon_exact_1000_v1,,,,,,0.5,,,,25,153657d31d0a2c73de1efecde91d561f2bc3385b7604e2cb6ac55292ec1305ce,False,baseline,b30f3eb99aa674c6696656b417bca3fea48cb5a37f6f0b55429d0a1c15549f4f
RC203,solomon_txt,4adcb362c23df91f14b828d4964e9383ffb02ee74217afc2d84571f83ed91f8b,0,1,ok,True,3,1195626,1195.626,0.176961,0.50057,1,time_limit,solomon_exact_1000_v1,,,,,,0.5,,,,25,153657d31d0a2c73de1efecde91d561f2bc3385b7604e2cb6ac55292ec1305ce,False,baseline,b30f3eb99aa674c6696656b417bca3fea48cb5a37f6f0b55429d0a1c15549f4f
RC203,solomon_txt,4adcb362c23df91f14b828d4964e9383ffb02ee74217afc2d84571f83ed91f8b,1,1,ok,True,3,1520254,1520.254,0.190601,0.500585,1,time_limit,solomon_exact_1000_v1,,,,,,0.5,,,,25,153657d31d0a2c73de1efecde91d561f2bc3385b7604e2cb6ac55292ec1305ce,False,baseline,b30f3eb99aa674c6696656b417bca3fea48cb5a37f6f0b55429d0a1c15549f4f
RC203,solomon_txt,4adcb362c23df91f14b828d4964e9383ffb02ee74217afc2d84571f83ed91f8b,2,1,ok,True,3,1486304,1486.304,0.183142,0.500623,2,time_limit,solomon_exact_1000_v1,,,,,,0.5,,,,25,153657d31d0a2c73de1efecde91d561f2bc3385b7604e2cb6ac55292ec1305ce,False,baseline,b30f3eb99aa674c6696656b417bca3fea48cb5a37f6f0b55429d0a1c15549f4f
RC204,solomon_txt,11e827eab51a959ebab66344e7b7cfd1aeed895287653b36a72c86a4440ecd77,0,1,ok,True,3,1500593,1500.593,0.303686,0.500617,1,time_limit,solomon_exact_1000_v1,,,,,,0.5,,,,25,153657d31d0a2c73de1efecde91d561f2bc3385b7604e2cb6ac55292ec1305ce,False,baseline,b30f3eb99aa674c6696656b417bca3fea48cb5a37f6f0b55429d0a1c15549f4f
RC204,solomon_txt,11e827eab51a959ebab66344e7b7cfd1aeed895287653b36a72c86a4440ecd77,1,1,ok,True,3,1482620,1482.62,0.285018,0.500595,1,time_limit,solomon_exact_1000_v1,,,,,,0.5,,,,25,153657d31d0a2c73de1efecde91d561f2bc3385b7604e2cb6ac55292ec1305ce,False,baseline,b30f3eb99aa674c6696656b417bca3fea48cb5a37f6f0b55429d0a1c15549f4f
RC204,solomon_txt,11e827eab51a959ebab66344e7b7cfd1aeed895287653b36a72c86a4440ecd77,2,1,ok,True,3,1479819,1479.819,0.282374,0.50054,1,time_limit,solomon_exact_1000_v1,,,,,,0.5,,,,25,153657d31d0a2c73de1efecde91d561f2bc3385b7604e2cb6ac55292ec1305ce,False,baseline,b30f3eb99aa674c6696656b417bca3fea48cb5a37f6f0b55429d0a1c15549f4f
RC205,solomon_txt,c061d306cf42310b0f3ca15612089f6c5a8d5604c0733bf26852477c787662c9,0,1,ok,True,4,1940024,1940.024,0.203822,0.500581,1,time_limit,solomon_exact_1000_v1,,,,,,0.5,,,,25,153657d31d0a2c73de1efecde91d561f2bc3385b7604e2cb6ac55292ec1305ce,False,baseline,b30f3eb99aa674c6696656b417bca3fea48cb5a37f6f0b55429d0a1c15549f4f
RC205,solomon_txt,c061d306cf42310b0f3ca15612089f6c5a8d5604c0733bf26852477c787662c9,1,1,ok,True,4,1978122,1978.122,0.198086,0.500557,1,time_limit,solomon_exact_1000_v1,,,,,,0.5,,,,25,153657d31d0a2c73de1efecde91d561f2bc3385b7604e2cb6ac55292ec1305ce,False,baseline,b30f3eb99aa674c6696656b417bca3fea48cb5a37f6f0b55429d0a1c15549f4f
RC205,solomon_txt,c061d306cf42310b0f3ca15612089f6c5a8d5604c0733bf26852477c787662c9,2,1,ok,True,4,1993582,1993.582,0.197324,0.500588,1,time_limit,solomon_exact_1000_v1,,,,,,0.5,,,,25,153657d31d0a2c73de1efecde91d561f2bc3385b7604e2cb6ac55292ec1305ce,False,baseline,b30f3eb99aa674c6696656b417bca3fea48cb5a37f6f0b55429d0a1c15549f4f
RC206,solomon_txt,5203aecf67c84df49e152645312a837ffefde529314ff892ca061538816e43a9,0,1,ok,True,4,2032724,2032.724,0.194509,0.500584,1,time_limit,solomon_exact_1000_v1,,,,,,0.5,,,,25,153657d31d0a2c73de1efecde91d561f2bc3385b7604e2cb6ac55292ec1305ce,False,baseline,b30f3eb99aa674c6696656b417bca3fea48cb5a37f6f0b55429d0a1c15549f4f
RC206,solomon_txt,5203aecf67c84df49e152645312a837ffefde529314ff892ca061538816e43a9,1,1,ok,True,4,1748883,1748.883,0.192603,0.500745,1,time_limit,solomon_exact_1000_v1,,,,,,0.5,,,,25,153657d31d0a2c73de1efecde91d561f2bc3385b7604e2cb6ac55292ec1305ce,False,baseline,b30f3eb99aa674c6696656b417bca3fea48cb5a37f6f0b55429d0a1c15549f4f
RC206,solomon_txt,5203aecf67c84df49e152645312a837ffefde529314ff892ca061538816e43a9,2,1,ok,True,4,1597686,1597.686,0.195056,0.500674,1,time_limit,solomon_exact_1000_v1,,,,,,0.5,,,,25,153657d31d0a2c73de1efecde91d561f2bc3385b7604e2cb6ac55292ec1305ce,False,baseline,b30f3eb99aa674c6696656b417bca3fea48cb5a37f6f0b55429d0a1c15549f4f
RC207,solomon_txt,5cab65f99b350cdb8fb1c4d0a12dde85eb4ff6a6d6daf292b182cb73de9a8b63,0,1,ok,True,4,1814966,1814.966,0.21666,0.500619,1,time_limit,solomon_exact_1000_v1,,,,,,0.5,,,,25,153657d31d0a2c73de1efecde91d561f2bc3385b7604e2cb6ac55292ec1305ce,False,baseline,b30f3eb99aa674c6696656b417bca3fea48cb5a37f6f0b55429d0a1c15549f4f
RC207,solomon_txt,5cab65f99b350cdb8fb1c4d0a12dde85eb4ff6a6d6daf292b182cb73de9a8b63,1,1,ok,True,4,1830147,1830.147,0.222595,0.500572,1,time_limit,solomon_exact_1000_v1,,,,,,0.5,,,,25,153657d31d0a2c73de1efecde91d561f2bc3385b7604e2cb6ac55292ec1305ce,False,baseline,b30f3eb99aa674c6696656b417bca3fea48cb5a37f6f0b55429d0a1c15549f4f
RC207,solomon_txt,5cab65f99b350cdb8fb1c4d0a12dde85eb4ff6a6d6daf292b182cb73de9a8b63,2,1,ok,True,4,1812695,1812.695,0.220925,0.500793,1,time_limit,solomon_exact_1000_v1,,,,,,0.5,,,,25,153657d31d0a2c73de1efecde91d561f2bc3385b7604e2cb6ac55292ec1305ce,False,baseline,b30f3eb99aa674c6696656b417bca3fea48cb5a37f6f0b55429d0a1c15549f4f
RC208,solomon_txt,3d67d2a8e2758a324643f5d6c6ca87e8c56435273eaa04be33f213bb991f1f28,0,1,ok,True,3,1359332,1359.332,0.237749,0.500575,1,time_limit,solomon_exact_1000_v1,,,,,,0.5,,,,25,153657d31d0a2c73de1efecde91d561f2bc3385b7604e2cb6ac55292ec1305ce,False,baseline,b30f3eb99aa674c6696656b417bca3fea48cb5a37f6f0b55429d0a1c15549f4f
RC208,solomon_txt,3d67d2a8e2758a324643f5d6c6ca87e8c56435273eaa04be33f213bb991f1f28,1,1,ok,True,4,1827651,1827.651,0.226091,0.500629,1,time_limit,solomon_exact_1000_v1,,,,,,0.5,,,,25,153657d31d0a2c73de1efecde91d561f2bc3385b7604e2cb6ac55292ec1305ce,False,baseline,b30f3eb99aa674c6696656b417bca3fea48cb5a37f6f0b55429d0a1c15549f4f
RC208,solomon_txt,3d67d2a8e2758a324643f5d6c6ca87e8c56435273eaa04be33f213bb991f1f28,2,1,ok,True,3,1511914,1511.914,0.213475,0.500622,1,time_limit,solomon_exact_1000_v1,,,,,,0.5,,,,25,153657d31d0a2c73de1efecde91d561f2bc3385b7604e2cb6ac55292ec1305ce,False,baseline,b30f3eb99aa674c6696656b417bca3fea48cb5a37f6f0b55429d0a1c15549f4f
C101,solomon_txt,a6da75152d182d60ecd2c6f854296f5be452f92282d096adebcf5d99a7f16516,0,1,ok,True,11,1011538,1011.538,0.070317,0.500325,1,time_limit,solomon_exact_1000_v1,,,,,,0.5,,,,25,153657d31d0a2c73de1efecde91d561f2bc3385b7604e2cb6ac55292ec1305ce,False,adaptive_fast,40e5b8c925f3a60b9d7498bb3c55bd818e35fb4f0e60f520f0bf55856338da33
C101,solomon_txt,a6da75152d182d60ecd2c6f854296f5be452f92282d096adebcf5d99a7f16516,1,1,ok,True,10,828937,828.937,0.084489,0.50042,2,time_limit,solomon_exact_1000_v1,,,,,,0.5,,,,25,153657d31d0a2c73de1efecde91d561f2bc3385b7604e2cb6ac55292ec1305ce,False,adaptive_fast,40e5b8c925f3a60b9d7498bb3c55bd818e35fb4f0e60f520f0bf55856338da33
C101,solomon_txt,a6da75152d182d60ecd2c6f854296f5be452f92282d096adebcf5d99a7f16516,2,1,ok,True,10,828937,828.937,0.079682,0.50035,1,time_limit,solomon_exact_1000_v1,,,,,,0.5,,,,25,153657d31d0a2c73de1efecde91d561f2bc3385b7604e2cb6ac55292ec1305ce,False,adaptive_fast,40e5b8c925f3a60b9d7498bb3c55bd818e35fb4f0e60f520f0bf55856338da33
C102,solomon_txt,f89a0e2a760cc7448a4ca72b88e5b29b94d64b5548f3320f42a6230025ead653,0,1,ok,True,10,1203443,1203.443,0.086048,0.500361,3,time_limit,solomon_exact_1000_v1,,,,,,0.5,,,,25,153657d31d0a2c73de1efecde91d561f2bc3385b7604e2cb6ac55292ec1305ce,False,adaptive_fast,40e5b8c925f3a60b9d7498bb3c55bd818e35fb4f0e60f520f0bf55856338da33
C102,solomon_txt,f89a0e2a760cc7448a4ca72b88e5b29b94d64b5548f3320f42a6230025ead653,1,1,ok,True,10,1203443,1203.443,0.08247,0.500449,3,time_limit,solomon_exact_1000_v1,,,,,,0.5,,,,25,153657d31d0a2c73de1efecde91d561f2bc3385b7604e2cb6ac55292ec1305ce,False,adaptive_fast,40e5b8c925f3a60b9d7498bb3c55bd818e35fb4f0e60f520f0bf55856338da33
C102,solomon_txt,f89a0e2a760cc7448a4ca72b88e5b29b94d64b5548f3320f42a6230025ead653,2,1,ok,True,10,1076723,1076.723,0.110522,0.500479,3,time_limit,solomon_exact_1000_v1,,,,,,0.5,,,,25,153657d31d0a2c73de1efecde91d561f2bc3385b7604e2cb6ac55292ec1305ce,False,adaptive_fast,40e5b8c925f3a60b9d7498bb3c55bd818e35fb4f0e60f520f0bf55856338da33
C103,solomon_txt,a55cabf15e0da9d65696a5fb45c9852889479893f76f772a428ca15d1b415a51,0,1,ok,True,10,1698585,1698.585,0.118078,0.500426,4,time_limit,solomon_exact_1000_v1,,,,,,0.5,,,,25,153657d31d0a2c73de1efecde91d561f2bc3385b7604e2cb6ac55292ec1305ce,False,adaptive_fast,40e5b8c925f3a60b9d7498bb3c55bd818e35fb4f0e60f520f0bf55856338da33
C103,solomon_txt,a55cabf15e0da9d65696a5fb45c9852889479893f76f772a428ca15d1b415a51,1,1,ok,True,10,1881698,1881.698,0.129965,0.500441,5,time_limit,solomon_exact_1000_v1,,,,,,0.5,,,,25,153657d31d0a2c73de1efecde91d561f2bc3385b7604e2cb6ac55292ec1305ce,False,adaptive_fast,40e5b8c925f3a60b9d7498bb3c55bd818e35fb4f0e60f520f0bf55856338da33
C103,solomon_txt,a55cabf15e0da9d65696a5fb45c9852889479893f76f772a428ca15d1b415a51,2,1,ok,True,10,1625186,1625.186,0.113485,0.500459,5,time_limit,solomon_exact_1000_v1,,,,,,0.5,,,,25,153657d31d0a2c73de1efecde91d561f2bc3385b7604e2cb6ac55292ec1305ce,False,adaptive_fast,40e5b8c925f3a60b9d7498bb3c55bd818e35fb4f0e60f520f0bf55856338da33
C104,solomon_txt,fe333e81625ee5a75bb2ce98c2c9f356d07289237865b62a23ba2f32f0de5ee2,0,1,ok,True,10,2026228,2026.228,0.12173,0.500426,7,time_limit,solomon_exact_1000_v1,,,,,,0.5,,,,25,153657d31d0a2c73de1efecde91d561f2bc3385b7604e2cb6ac55292ec1305ce,False,adaptive_fast,40e5b8c925f3a60b9d7498bb3c55bd818e35fb4f0e60f520f0bf55856338da33
C104,solomon_txt,fe333e81625ee5a75bb2ce98c2c9f356d07289237865b62a23ba2f32f0de5ee2,1,1,ok,True,10,2014949,2014.949,0.117834,0.500425,5,time_limit,solomon_exact_1000_v1,,,,,,0.5,,,,25,153657d31d0a2c73de1efecde91d561f2bc3385b7604e2cb6ac55292ec1305ce,False,adaptive_fast,40e5b8c925f3a60b9d7498bb3c55bd818e35fb4f0e60f520f0bf55856338da33
C104,solomon_txt,fe333e81625ee5a75bb2ce98c2c9f356d07289237865b62a23ba2f32f0de5ee2,2,1,ok,True,10,1510782,1510.782,0.126019,0.500434,7,time_limit,solomon_exact_1000_v1,,,,,,0.5,,,,25,153657d31d0a2c73de1efecde91d561f2bc3385b7604e2cb6ac55292ec1305ce,False,adaptive_fast,40e5b8c925f3a60b9d7498bb3c55bd818e35fb4f0e60f520f0bf55856338da33
C105,solomon_txt,9a877a3a6fb922e7ad9297cc0308bc8a5652cb1495a0228ee6b81b2d938aa29f,0,1,ok,True,10,1067169,1067.169,0.100465,0.500434,1,time_limit,solomon_exact_1000_v1,,,,,,0.5,,,,25,153657d31d0a2c73de1efecde91d561f2bc3385b7604e2cb6ac55292ec1305ce,False,adaptive_fast,40e5b8c925f3a60b9d7498bb3c55bd818e35fb4f0e60f520f0bf55856338da33
C105,solomon_txt,9a877a3a6fb922e7ad9297cc0308bc8a5652cb1495a0228ee6b81b2d938aa29f,1,1,ok,True,10,961677,961.677,0.099506,0.50045,1,time_limit,solomon_exact_1000_v1,,,,,,0.5,,,,25,153657d31d0a2c73de1efecde91d561f2bc3385b7604e2cb6ac55292ec1305ce,False,adaptive_fast,40e5b8c925f3a60b9d7498bb3c55bd818e35fb4f0e60f520f0bf55856338da33
C105,solomon_txt,9a877a3a6fb922e7ad9297cc0308bc8a5652cb1495a0228ee6b81b2d938aa29f,2,1,ok,True,10,995618,995.618,0.104186,0.500522,1,time_limit,solomon_exact_1000_v1,,,,,,0.5,,,,25,153657d31d0a2c73de1efecde91d561f2bc3385b7604e2cb6ac55292ec1305ce,False,adaptive_fast,40e5b8c925f3a60b9d7498bb3c55bd818e35fb4f0e60f520f0bf55856338da33
C106,solomon_txt,ec9b419bed53e9c607cce76e8c6bc59feb6e4d17646905601f008a4141ec7b40,0,1,ok,True,10,1088293,1088.293,0.099777,0.500466,1,time_limit,solomon_exact_1000_v1,,,,,,0.5,,,,25,153657d31d0a2c73de1efecde91d561f2bc3385b7604e2cb6ac55292ec1305ce,False,adaptive_fast,40e5b8c925f3a60b9d7498bb3c55bd818e35fb4f0e60f520f0bf55856338da33
C106,solomon_txt,ec9b419bed53e9c607cce76e8c6bc59feb6e4d17646905601f008a4141ec7b40,1,1,ok,True,10,988379,988.379,0.098086,0.500575,2,time_limit,solomon_exact_1000_v1,,,,,,0.5,,,,25,153657d31d0a2c73de1efecde91d561f2bc3385b7604e2cb6ac55292ec1305ce,False,adaptive_fast,40e5b8c925f3a60b9d7498bb3c55bd818e35fb4f0e60f520f0bf55856338da33
C106,solomon_txt,ec9b419bed53e9c607cce76e8c6bc59feb6e4d17646905601f008a4141ec7b40,2,1,ok,True,10,1081917,1081.917,0.096745,0.500431,1,time_limit,solomon_exact_1000_v1,,,,,,0.5,,,,25,153657d31d0a2c73de1efecde91d561f2bc3385b7604e2cb6ac55292ec1305ce,False,adaptive_fast,40e5b8c925f3a60b9d7498bb3c55bd818e35fb4f0e60f520f0bf55856338da33
C107,solomon_txt,cb3cdc10d812fa17370eb52cb753b6b0574426dc6fabeb8b9076ed750ddf05ca,0,1,ok,True,10,1277707,1277.707,0.107616,0.500475,2,time_limit,solomon_exact_1000_v1,,,,,,0.5,,,,25,153657d31d0a2c73de1efecde91d561f2bc3385b7604e2cb6ac55292ec1305ce,False,adaptive_fast,40e5b8c925f3a60b9d7498bb3c55bd818e35fb4f0e60f520f0bf55856338da33
C107,solomon_txt,cb3cdc10d812fa17370eb52cb753b6b0574426dc6fabeb8b9076ed750ddf05ca,1,1,ok,True,10,1042058,1042.058,0.115884,0.500435,1,time_limit,solomon_exact_1000_v1,,,,,,0.5,,,,25,153657d31d0a2c73de1efecde91d561f2bc3385b7604e2cb6ac55292ec1305ce,False,adaptive_fast,40e5b8c925f3a60b9d7498bb3c55bd818e35fb4f0e60f520f0bf55856338da33
C107,solomon_txt,cb3cdc10d812fa17370eb52cb753b6b0574426dc6fabeb8b9076ed750ddf05ca,2,1,ok,True,10,992035,992.035,0.10243,0.500464,2,time_limit,solomon_exact_1000_v1,,,,,,0.5,,,,25,153657d31d0a2c73de1efecde91d561f2bc3385b7604e2cb6ac55292ec1305ce,False,adaptive_fast,40e5b8c925f3a60b9d7498bb3c55bd818e35fb4f0e60f520f0bf55856338da33
C108,solomon_txt,b8c7e48f292b66b283d8e71511e3a4eccaa4c4bc66b9313c399e73b0226f5953,0,1,ok,True,11,1995129,1995.129,0.097923,0.500475,2,time_limit,solomon_exact_1000_v1,,,,,,0.5,,,,25,153657d31d0a2c73de1efecde91d561f2bc3385b7604e2cb6ac55292ec1305ce,False,adaptive_fast,40e5b8c925f3a60b9d7498bb3c55bd818e35fb4f0e60f520f0bf55856338da33
C108,solomon_txt,b8c7e48f292b66b283d8e71511e3a4eccaa4c4bc66b9313c399e73b0226f5953,1,1,ok,True,10,1563247,1563.247,0.100253,0.500496,4,time_limit,solomon_exact_1000_v1,,,,,,0.5,,,,25,153657d31d0a2c73de1efecde91d561f2bc3385b7604e2cb6ac55292ec1305ce,False,adaptive_fast,40e5b8c925f3a60b9d7498bb3c55bd818e35fb4f0e60f520f0bf55856338da33
C108,solomon_txt,b8c7e48f292b66b283d8e71511e3a4eccaa4c4bc66b9313c399e73b0226f5953,2,1,ok,True,10,1174867,1174.867,0.097722,0.500809,3,time_limit,solomon_exact_1000_v1,,,,,,0.5,,,,25,153657d31d0a2c73de1efecde91d561f2bc3385b7604e2cb6ac55292ec1305ce,False,adaptive_fast,40e5b8c925f3a60b9d7498bb3c55bd818e35fb4f0e60f520f0bf55856338da33
C109,solomon_txt,72d8489e14bf1bb18456f0b21b01110506cbcc2354719dae8481b480150f142a,0,1,ok,True,10,1426107,1426.107,0.108849,0.500471,8,time_limit,solomon_exact_1000_v1,,,,,,0.5,,,,25,153657d31d0a2c73de1efecde91d561f2bc3385b7604e2cb6ac55292ec1305ce,False,adaptive_fast,40e5b8c925f3a60b9d7498bb3c55bd818e35fb4f0e60f520f0bf55856338da33
C109,solomon_txt,72d8489e14bf1bb18456f0b21b01110506cbcc2354719dae8481b480150f142a,1,1,ok,True,10,1593741,1593.741,0.107352,0.500485,6,time_limit,solomon_exact_1000_v1,,,,,,0.5,,,,25,153657d31d0a2c73de1efecde91d561f2bc3385b7604e2cb6ac55292ec1305ce,False,adaptive_fast,40e5b8c925f3a60b9d7498bb3c55bd818e35fb4f0e60f520f0bf55856338da33
C109,solomon_txt,72d8489e14bf1bb18456f0b21b01110506cbcc2354719dae8481b480150f142a,2,1,ok,True,10,1360869,1360.869,0.105778,0.500434,7,time_limit,solomon_exact_1000_v1,,,,,,0.5,,,,25,153657d31d0a2c73de1efecde91d561f2bc3385b7604e2cb6ac55292ec1305ce,False,adaptive_fast,40e5b8c925f3a60b9d7498bb3c55bd818e35fb4f0e60f520f0bf55856338da33
C201,solomon_txt,d8d9834087ae2326fa23a8510533060233dc9fb481873be60956eb26a880ad63,0,1,ok,True,3,704252,704.252,0.278492,0.500414,1,time_limit,solomon_exact_1000_v1,,,,,,0.5,,,,25,153657d31d0a2c73de1efecde91d561f2bc3385b7604e2cb6ac55292ec1305ce,False,adaptive_fast,40e5b8c925f3a60b9d7498bb3c55bd818e35fb4f0e60f520f0bf55856338da33
C201,solomon_txt,d8d9834087ae2326fa23a8510533060233dc9fb481873be60956eb26a880ad63,1,1,ok,True,3,704252,704.252,0.260525,0.500433,1,time_limit,solomon_exact_1000_v1,,,,,,0.5,,,,25,153657d31d0a2c73de1efecde91d561f2bc3385b7604e2cb6ac55292ec1305ce,False,adaptive_fast,40e5b8c925f3a60b9d7498bb3c55bd818e35fb4f0e60f520f0bf55856338da33
C201,solomon_txt,d8d9834087ae2326fa23a8510533060233dc9fb481873be60956eb26a880ad63,2,1,ok,True,3,704252,704.252,0.262274,0.500401,1,time_limit,solomon_exact_1000_v1,,,,,,0.5,,,,25,153657d31d0a2c73de1efecde91d561f2bc3385b7604e2cb6ac55292ec1305ce,False,adaptive_fast,40e5b8c925f3a60b9d7498bb3c55bd818e35fb4f0e60f520f0bf55856338da33
C202,solomon_txt,dfc8ecad79f6c7ffb096cd36994143569f0babe284d5ad194683271d81063772,0,1,ok,True,3,729274,729.274,0.273768,0.500417,1,time_limit,solomon_exact_1000_v1,,,,,,0.5,,,,25,153657d31d0a2c73de1efecde91d561f2bc3385b7604e2cb6ac55292ec1305ce,False,adaptive_fast,40e5b8c925f3a60b9d7498bb3c55bd818e35fb4f0e60f520f0bf55856338da33
C202,solomon_txt,dfc8ecad79f6c7ffb096cd36994143569f0babe284d5ad194683271d81063772,1,1,ok,True,3,725991,725.991,0.306469,0.500435,1,time_limit,solomon_exact_1000_v1,,,,,,0.5,,,,25,153657d31d0a2c73de1efecde91d561f2bc3385b7604e2cb6ac55292ec1305ce,False,adaptive_fast,40e5b8c925f3a60b9d7498bb3c55bd818e35fb4f0e60f520f0bf55856338da33
C202,solomon_txt,dfc8ecad79f6c7ffb096cd36994143569f0babe284d5ad194683271d81063772,2,1,ok,True,3,725991,725.991,0.263558,0.500414,1,time_limit,solomon_exact_1000_v1,,,,,,0.5,,,,25,153657d31d0a2c73de1efecde91d561f2bc3385b7604e2cb6ac55292ec1305ce,False,adaptive_fast,40e5b8c925f3a60b9d7498bb3c55bd818e35fb4f0e60f520f0bf55856338da33
C203,solomon_txt,2b79eea2962a848cb29f6153d4fb4ae725d35507686d937da6643b33fcd85062,0,1,ok,True,3,645846,645.846,0.250334,0.50043,1,time_limit,solomon_exact_1000_v1,,,,,,0.5,,,,25,153657d31d0a2c73de1efecde91d561f2bc3385b7604e2cb6ac55292ec1305ce,False,adaptive_fast,40e5b8c925f3a60b9d7498bb3c55bd818e35fb4f0e60f520f0bf55856338da33
C203,solomon_txt,2b79eea2962a848cb29f6153d4fb4ae725d35507686d937da6643b33fcd85062,1,1,ok,True,3,757483,757.483,0.24154,0.500398,1,time_limit,solomon_exact_1000_v1,,,,,,0.5,,,,25,153657d31d0a2c73de1efecde91d561f2bc3385b7604e2cb6ac55292ec1305ce,False,adaptive_fast,40e5b8c925f3a60b9d7498bb3c55bd818e35fb4f0e60f520f0bf55856338da33
C203,solomon_txt,2b79eea2962a848cb29f6153d4fb4ae725d35507686d937da6643b33fcd85062,2,1,ok,True,3,678728,678.728,0.257044,0.500361,1,time_limit,solomon_exact_1000_v1,,,,,,0.5,,,,25,153657d31d0a2c73de1efecde91d561f2bc3385b7604e2cb6ac55292ec1305ce,False,adaptive_fast,40e5b8c925f3a60b9d7498bb3c55bd818e35fb4f0e60f520f0bf55856338da33
C204,solomon_txt,4331b2744d34e32c2987e3fe8a82b782a2039d757d2aac818f7e0fd21117bfb4,0,1,ok,True,3,965970,965.97,0.287381,0.500458,1,time_limit,solomon_exact_1000_v1,,,,,,0.5,,,,25,153657d31d0a2c73de1efecde91d561f2bc3385b7604e2cb6ac55292ec1305ce,False,adaptive_fast,40e5b8c925f3a60b9d7498bb3c55bd818e35fb4f0e60f520f0bf55856338da33
C204,solomon_txt,4331b2744d34e32c2987e3fe8a82b782a2039d757d2aac818f7e0fd21117bfb4,1,1,ok,True,3,780549,780.549,0.304717,0.50042,1,time_limit,solomon_exact_1000_v1,,,,,,0.5,,,,25,153657d31d0a2c73de1efecde91d561f2bc3385b7604e2cb6ac55292ec1305ce,False,adaptive_fast,40e5b8c925f3a60b9d7498bb3c55bd818e35fb4f0e60f520f0bf55856338da33
C204,solomon_txt,4331b2744d34e32c2987e3fe8a82b782a2039d757d2aac818f7e0fd21117bfb4,2,1,ok,True,3,740920,740.92,0.271236,0.500387,1,time_limit,solomon_exact_1000_v1,,,,,,0.5,,,,25,153657d31d0a2c73de1efecde91d561f2bc3385b7604e2cb6ac55292ec1305ce,False,adaptive_fast,40e5b8c925f3a60b9d7498bb3c55bd818e35fb4f0e60f520f0bf55856338da33
C205,solomon_txt,15be2bb8c3e4ad99a79d1e7ee0472223feb95a4f423d010e032bda0a87266ca5,0,1,ok,True,3,743759,743.759,0.23691,0.500382,1,time_limit,solomon_exact_1000_v1,,,,,,0.5,,,,25,153657d31d0a2c73de1efecde91d561f2bc3385b7604e2cb6ac55292ec1305ce,False,adaptive_fast,40e5b8c925f3a60b9d7498bb3c55bd818e35fb4f0e60f520f0bf55856338da33
C205,solomon_txt,15be2bb8c3e4ad99a79d1e7ee0472223feb95a4f423d010e032bda0a87266ca5,1,1,ok,True,3,750467,750.467,0.231165,0.500382,1,time_limit,solomon_exact_1000_v1,,,,,,0.5,,,,25,153657d31d0a2c73de1efecde91d561f2bc3385b7604e2cb6ac55292ec1305ce,False,adaptive_fast,40e5b8c925f3a60b9d7498bb3c55bd818e35fb4f0e60f520f0bf55856338da33
C205,solomon_txt,15be2bb8c3e4ad99a79d1e7ee0472223feb95a4f423d010e032bda0a87266ca5,2,1,ok,True,3,652763,652.763,0.242833,0.500398,2,time_limit,solomon_exact_1000_v1,,,,,,0.5,,,,25,153657d31d0a2c73de1efecde91d561f2bc3385b7604e2cb6ac55292ec1305ce,False,adaptive_fast,40e5b8c925f3a60b9d7498bb3c55bd818e35fb4f0e60f520f0bf55856338da33
C206,solomon_txt,745b6c7042707ffbbfc4d681ee02a84431425f1dfb3c8aa85ecf003fec8f7e53,0,1,ok,True,3,653578,653.578,0.251141,0.500419,1,time_limit,solomon_exact_1000_v1,,,,,,0.5,,,,25,153657d31d0a2c73de1efecde91d561f2bc3385b7604e2cb6ac55292ec1305ce,False,adaptive_fast,40e5b8c925f3a60b9d7498bb3c55bd818e35fb4f0e60f520f0bf55856338da33
C206,solomon_txt,745b6c7042707ffbbfc4d681ee02a84431425f1dfb3c8aa85ecf003fec8f7e53,1,1,ok,True,3,953638,953.638,0.253046,0.500408,1,time_limit,solomon_exact_1000_v1,,,,,,0.5,,,,25,153657d31d0a2c73de1efecde91d561f2bc3385b7604e2cb6ac55292ec1305ce,False,adaptive_fast,40e5b8c925f3a60b9d7498bb3c55bd818e35fb4f0e60f520f0bf55856338da33
C206,solomon_txt,745b6c7042707ffbbfc4d681ee02a84431425f1dfb3c8aa85ecf003fec8f7e53,2,1,ok,True,3,683473,683.473,0.267753,0.500425,2,time_limit,solomon_exact_1000_v1,,,,,,0.5,,,,25,153657d31d0a2c73de1efecde91d561f2bc3385b7604e2cb6ac55292ec1305ce,False,adaptive_fast,40e5b8c925f3a60b9d7498bb3c55bd818e35fb4f0e60f520f0bf55856338da33
C207,solomon_txt,a33f03570a944c8a6d185fd6a173e66c68e67c399a4958b2d5b6d49533ace4a4,0,1,ok,True,3,902483,902.483,0.259662,0.500623,2,time_limit,solomon_exact_1000_v1,,,,,,0.5,,,,25,153657d31d0a2c73de1efecde91d561f2bc3385b7604e2cb6ac55292ec1305ce,False,adaptive_fast,40e5b8c925f3a60b9d7498bb3c55bd818e35fb4f0e60f520f0bf55856338da33
C207,solomon_txt,a33f03570a944c8a6d185fd6a173e66c68e67c399a4958b2d5b6d49533ace4a4,1,1,ok,True,3,853156,853.156,0.270335,0.500446,1,time_limit,solomon_exact_1000_v1,,,,,,0.5,,,,25,153657d31d0a2c73de1efecde91d561f2bc3385b7604e2cb6ac55292ec1305ce,False,adaptive_fast,40e5b8c925f3a60b9d7498bb3c55bd818e35fb4f0e60f520f0bf55856338da33
C207,solomon_txt,a33f03570a944c8a6d185fd6a173e66c68e67c399a4958b2d5b6d49533ace4a4,2,1,ok,True,3,649801,649.801,0.261581,0.500411,1,time_limit,solomon_exact_1000_v1,,,,,,0.5,,,,25,153657d31d0a2c73de1efecde91d561f2bc3385b7604e2cb6ac55292ec1305ce,False,adaptive_fast,40e5b8c925f3a60b9d7498bb3c55bd818e35fb4f0e60f520f0bf55856338da33
C208,solomon_txt,1c2f2381b8743680dbeb34322869cbf5a6cdd8c281f4bcffdb99b533e601874b,0,1,ok,True,3,690115,690.115,0.321141,0.500402,1,time_limit,solomon_exact_1000_v1,,,,,,0.5,,,,25,153657d31d0a2c73de1efecde91d561f2bc3385b7604e2cb6ac55292ec1305ce,False,adaptive_fast,40e5b8c925f3a60b9d7498bb3c55bd818e35fb4f0e60f520f0bf55856338da33
C208,solomon_txt,1c2f2381b8743680dbeb34322869cbf5a6cdd8c281f4bcffdb99b533e601874b,1,1,ok,True,3,859222,859.222,0.264097,0.500506,2,time_limit,solomon_exact_1000_v1,,,,,,0.5,,,,25,153657d31d0a2c73de1efecde91d561f2bc3385b7604e2cb6ac55292ec1305ce,False,adaptive_fast,40e5b8c925f3a60b9d7498bb3c55bd818e35fb4f0e60f520f0bf55856338da33
C208,solomon_txt,1c2f2381b8743680dbeb34322869cbf5a6cdd8c281f4bcffdb99b533e601874b,2,1,ok,True,3,686497,686.497,0.266898,0.500483,2,time_limit,solomon_exact_1000_v1,,,,,,0.5,,,,25,153657d31d0a2c73de1efecde91d561f2bc3385b7604e2cb6ac55292ec1305ce,False,adaptive_fast,40e5b8c925f3a60b9d7498bb3c55bd818e35fb4f0e60f520f0bf55856338da33
R101,solomon_txt,3f3655182bc0fe44ce5de65fdcd2ee2f9c7fb9ed055f923635151d9d6f76d3ed,0,1,ok,True,21,1849577,1849.577,0.074946,0.500598,2,time_limit,solomon_exact_1000_v1,,,,,,0.5,,,,25,153657d31d0a2c73de1efecde91d561f2bc3385b7604e2cb6ac55292ec1305ce,False,adaptive_fast,40e5b8c925f3a60b9d7498bb3c55bd818e35fb4f0e60f520f0bf55856338da33
R101,solomon_txt,3f3655182bc0fe44ce5de65fdcd2ee2f9c7fb9ed055f923635151d9d6f76d3ed,1,1,ok,True,20,1868572,1868.572,0.100471,0.500852,2,time_limit,solomon_exact_1000_v1,,,,,,0.5,,,,25,153657d31d0a2c73de1efecde91d561f2bc3385b7604e2cb6ac55292ec1305ce,False,adaptive_fast,40e5b8c925f3a60b9d7498bb3c55bd818e35fb4f0e60f520f0bf55856338da33
R101,solomon_txt,3f3655182bc0fe44ce5de65fdcd2ee2f9c7fb9ed055f923635151d9d6f76d3ed,2,1,ok,True,20,1880303,1880.303,0.095449,0.50101,2,time_limit,solomon_exact_1000_v1,,,,,,0.5,,,,25,153657d31d0a2c73de1efecde91d561f2bc3385b7604e2cb6ac55292ec1305ce,False,adaptive_fast,40e5b8c925f3a60b9d7498bb3c55bd818e35fb4f0e60f520f0bf55856338da33
R102,solomon_txt,eeb23171b7e4fbfc80bf000ca770329109900fbd7273fa8b9d1f95b7dfe683c3,0,1,ok,True,18,1548987,1548.987,0.087012,0.500528,1,time_limit,solomon_exact_1000_v1,,,,,,0.5,,,,25,153657d31d0a2c73de1efecde91d561f2bc3385b7604e2cb6ac55292ec1305ce,False,adaptive_fast,40e5b8c925f3a60b9d7498bb3c55bd818e35fb4f0e60f520f0bf55856338da33
R102,solomon_txt,eeb23171b7e4fbfc80bf000ca770329109900fbd7273fa8b9d1f95b7dfe683c3,1,1,ok,True,19,1586764,1586.764,0.11469,0.500546,1,time_limit,solomon_exact_1000_v1,,,,,,0.5,,,,25,153657d31d0a2c73de1efecde91d561f2bc3385b7604e2cb6ac55292ec1305ce,False,adaptive_fast,40e5b8c925f3a60b9d7498bb3c55bd818e35fb4f0e60f520f0bf55856338da33
R102,solomon_txt,eeb23171b7e4fbfc80bf000ca770329109900fbd7273fa8b9d1f95b7dfe683c3,2,1,ok,True,18,1563121,1563.121,0.094124,0.500446,1,time_limit,solomon_exact_1000_v1,,,,,,0.5,,,,25,153657d31d0a2c73de1efecde91d561f2bc3385b7604e2cb6ac55292ec1305ce,False,adaptive_fast,40e5b8c925f3a60b9d7498bb3c55bd818e35fb4f0e60f520f0bf55856338da33
R103,solomon_txt,1f833e8648ba39e0edc76754fb49e81777a7175cf7b084c3f60a12607bfb3991,0,1,ok,True,14,1543316,1543.316,0.127379,0.500367,1,time_limit,solomon_exact_1000_v1,,,,,,0.5,,,,25,153657d31d0a2c73de1efecde91d561f2bc3385b7604e2cb6ac55292ec1305ce,False,adaptive_fast,40e5b8c925f3a60b9d7498bb3c55bd818e35fb4f0e60f520f0bf55856338da33
R103,solomon_txt,1f833e8648ba39e0edc76754fb49e81777a7175cf7b084c3f60a12607bfb3991,1,1,ok,True,14,1543316,1543.316,0.073451,0.500373,2,time_limit,solomon_exact_1000_v1,,,,,,0.5,,,,25,153657d31d0a2c73de1efecde91d561f2bc3385b7604e2cb6ac55292ec1305ce,False,adaptive_fast,40e5b8c925f3a60b9d7498bb3c55bd818e35fb4f0e60f520f0bf55856338da33
R103,solomon_txt,1f833e8648ba39e0edc76754fb49e81777a7175cf7b084c3f60a12607bfb3991,2,1,ok,True,14,1546015,1546.015,0.066244,0.500378,2,time_limit,solomon_exact_1000_v1,,,,,,0.5,,,,25,153657d31d0a2c73de1efecde91d561f2bc3385b7604e2cb6ac55292ec1305ce,False,adaptive_fast,40e5b8c925f3a60b9d7498bb3c55bd818e35fb4f0e60f520f0bf55856338da33
R104,solomon_txt,dd087124311d91facd81736debbfc7d0f351d27942917e2d76cbafd01e6183b7,0,1,ok,True,11,1186697,1186.697,0.072866,0.500368,2,time_limit,solomon_exact_1000_v1,,,,,,0.5,,,,25,153657d31d0a2c73de1efecde91d561f2bc3385b7604e2cb6ac55292ec1305ce,False,adaptive_fast,40e5b8c925f3a60b9d7498bb3c55bd818e35fb4f0e60f520f0bf55856338da33
R104,solomon_txt,dd087124311d91facd81736debbfc7d0f351d27942917e2d76cbafd01e6183b7,1,1,ok,True,10,1209420,1209.42,0.076316,0.500363,1,time_limit,solomon_exact_1000_v1,,,,,,0.5,,,,25,153657d31d0a2c73de1efecde91d561f2bc3385b7604e2cb6ac55292ec1305ce,False,adaptive_fast,40e5b8c925f3a60b9d7498bb3c55bd818e35fb4f0e60f520f0bf55856338da33
R104,solomon_txt,dd087124311d91facd81736debbfc7d0f351d27942917e2d76cbafd01e6183b7,2,1,ok,True,10,1119070,1119.07,0.072871,0.500322,1,time_limit,solomon_exact_1000_v1,,,,,,0.5,,,,25,153657d31d0a2c73de1efecde91d561f2bc3385b7604e2cb6ac55292ec1305ce,False,adaptive_fast,40e5b8c925f3a60b9d7498bb3c55bd818e35fb4f0e60f520f0bf55856338da33
R105,solomon_txt,ff1a614f8458d6339b3f54d8e4ca2dcf0a35c96012f477f6a819ae481de85ca4,0,1,ok,True,16,1757067,1757.067,0.058282,0.500468,4,time_limit,solomon_exact_1000_v1,,,,,,0.5,,,,25,153657d31d0a2c73de1efecde91d561f2bc3385b7604e2cb6ac55292ec1305ce,False,adaptive_fast,40e5b8c925f3a60b9d7498bb3c55bd818e35fb4f0e60f520f0bf55856338da33
R105,solomon_txt,ff1a614f8458d6339b3f54d8e4ca2dcf0a35c96012f477f6a819ae481de85ca4,1,1,ok,True,15,1644168,1644.168,0.05684,0.500377,2,time_limit,solomon_exact_1000_v1,,,,,,0.5,,,,25,153657d31d0a2c73de1efecde91d561f2bc3385b7604e2cb6ac55292ec1305ce,False,adaptive_fast,40e5b8c925f3a60b9d7498bb3c55bd818e35fb4f0e60f520f0bf55856338da33
R105,solomon_txt,ff1a614f8458d6339b3f54d8e4ca2dcf0a35c96012f477f6a819ae481de85ca4,2,1,ok,True,15,1702105,1702.105,0.056652,0.50038,2,time_limit,solomon_exact_1000_v1,,,,,,0.5,,,,25,153657d31d0a2c73de1efecde91d561f2bc3385b7604e2cb6ac55292ec1305ce,False,adaptive_fast,40e5b8c925f3a60b9d7498bb3c55bd818e35fb4f0e60f520f0bf55856338da33
R106,solomon_txt,31b8783d177f0fbe1c84b8f085fbf28b1989a80e4c00f49f5654ebef99835e97,0,1,ok,True,14,1578789,1578.789,0.05855,0.500368,4,time_limit,solomon_exact_1000_v1,,,,,,0.5,,,,25,153657d31d0a2c73de1efecde91d561f2bc3385b7604e2cb6ac55292ec1305ce,False,adaptive_fast,40e5b8c925f3a60b9d7498bb3c55bd818e35fb4f0e60f520f0bf55856338da33
R106,solomon_txt,31b8783d177f0fbe1c84b8f085fbf28b1989a80e4c00f49f5654ebef99835e97,1,1,ok,True,14,1574823,1574.823,0.064172,0.500376,2,time_limit,solomon_exact_1000_v1,,,,,,0.5,,,,25,153657d31d0a2c73de1efecde91d561f2bc3385b7604e2cb6ac55292ec1305ce,False,adaptive_fast,40e5b8c925f3a60b9d7498bb3c55bd818e35fb4f0e60f520f0bf55856338da33
R106,solomon_txt,31b8783d177f0fbe1c84b8f085fbf28b1989a80e4c00f49f5654ebef99835e97,2,1,ok,True,13,1558794,1558.794,0.06171,0.500352,3,time_limit,solomon_exact_1000_v1,,,,,,0.5,,,,25,153657d31d0a2c73de1efecde91d561f2bc3385b7604e2cb6ac55292ec1305ce,False,adaptive_fast,40e5b8c925f3a60b9d7498bb3c55bd818e35fb4f0e60f520f0bf55856338da33
R107,solomon_txt,dba2b257a1d43d7c78d5e3a9f09091a2b125d3fbec78c0c8a1782add669a1275,0,1,ok,True,11,1344856,1344.856,0.070276,0.500348,2,time_limit,solomon_exact_1000_v1,,,,,,0.5,,,,25,153657d31d0a2c73de1efecde91d561f2bc3385b7604e2cb6ac55292ec1305ce,False,adaptive_fast,40e5b8c925f3a60b9d7498bb3c55bd818e35fb4f0e60f520f0bf55856338da33
R107,solomon_txt,dba2b257a1d43d7c78d5e3a9f09091a2b125d3fbec78c0c8a1782add669a1275,1,1,ok,True,11,1364247,1364.247,0.071659,0.500436,3,time_limit,solomon_exact_1000_v1,,,,,,0.5,,,,25,153657d31d0a2c73de1efecde91d561f2bc3385b7604e2cb6ac55292ec1305ce,False,adaptive_fast,40e5b8c925f3a60b9d7498bb3c55bd818e35fb4f0e60f520f0bf55856338da33
R107,solomon_txt,dba2b257a1d43d7c78d5e3a9f09091a2b125d3fbec78c0c8a1782add669a1275,2,1,ok,True,12,1486083,1486.083,0.070423,0.500338,3,time_limit,solomon_exact_1000_v1,,,,,,0.5,,,,25,153657d31d0a2c73de1efecde91d561f2bc3385b7604e2cb6ac55292ec1305ce,False,adaptive_fast,40e5b8c925f3a60b9d7498bb3c55bd818e35fb4f0e60f520f0bf55856338da33
R108,solomon_txt,65cae09f4099b7e70d2b723e0e3a30aa1494c75a367bb894a3fd13241ee639d4,0,1,ok,True,10,1217799,1217.799,0.072592,0.500318,3,time_limit,solomon_exact_1000_v1,,,,,,0.5,,,,25,153657d31d0a2c73de1efecde91d561f2bc3385b7604e2cb6ac55292ec1305ce,False,adaptive_fast,40e5b8c925f3a60b9d7498bb3c55bd818e35fb4f0e60f520f0bf55856338da33
R108,solomon_txt,65cae09f4099b7e70d2b723e0e3a30aa1494c75a367bb894a3fd13241ee639d4,1,1,ok,True,10,1128679,1128.679,0.075442,0.500416,2,time_limit,solomon_exact_1000_v1,,,,,,0.5,,,,25,153657d31d0a2c73de1efecde91d561f2bc3385b7604e2cb6ac55292ec1305ce,False,adaptive_fast,40e5b8c925f3a60b9d7498bb3c55bd818e35fb4f0e60f520f0bf55856338da33
R108,solomon_txt,65cae09f4099b7e70d2b723e0e3a30aa1494c75a367bb894a3fd13241ee639d4,2,1,ok,True,11,1314289,1314.289,0.077117,0.500353,2,time_limit,solomon_exact_1000_v1,,,,,,0.5,,,,25,153657d31d0a2c73de1efecde91d561f2bc3385b7604e2cb6ac55292ec1305ce,False,adaptive_fast,40e5b8c925f3a60b9d7498bb3c55bd818e35fb4f0e60f520f0bf55856338da33
R109,solomon_txt,4ef24030e8c48de5f85dcd90c5739186004fc8dec87533b6467013cf996f4777,0,1,ok,True,13,1527854,1527.854,0.055495,0.500411,2,time_limit,solomon_exact_1000_v1,,,,,,0.5,,,,25,153657d31d0a2c73de1efecde91d561f2bc3385b7604e2cb6ac55292ec1305ce,False,adaptive_fast,40e5b8c925f3a60b9d7498bb3c55bd818e35fb4f0e60f520f0bf55856338da33
R109,solomon_txt,4ef24030e8c48de5f85dcd90c5739186004fc8dec87533b6467013cf996f4777,1,1,ok,True,14,1611887,1611.887,0.063729,0.500404,4,time_limit,solomon_exact_1000_v1,,,,,,0.5,,,,25,153657d31d0a2c73de1efecde91d561f2bc3385b7604e2cb6ac55292ec1305ce,False,adaptive_fast,40e5b8c925f3a60b9d7498bb3c55bd818e35fb4f0e60f520f0bf55856338da33
R109,solomon_txt,4ef24030e8c48de5f85dcd90c5739186004fc8dec87533b6467013cf996f4777,2,1,ok,True,14,1453556,1453.556,0.062237,0.500408,4,time_limit,solomon_exact_1000_v1,,,,,,0.5,,,,25,153657d31d0a2c73de1efecde91d561f2bc3385b7604e2cb6ac55292ec1305ce,False,adaptive_fast,40e5b8c925f3a60b9d7498bb3c55bd818e35fb4f0e60f520f0bf55856338da33
R110,solomon_txt,14cb53cb99af61d3d708f07564b9a72d146e7c26b4f10507cfaf3bc828f34bfa,0,1,ok,True,13,1585711,1585.711,0.063996,0.50035,4,time_limit,solomon_exact_1000_v1,,,,,,0.5,,,,25,153657d31d0a2c73de1efecde91d561f2bc3385b7604e2cb6ac55292ec1305ce,False,adaptive_fast,40e5b8c925f3a60b9d7498bb3c55bd818e35fb4f0e60f520f0bf55856338da33
R110,solomon_txt,14cb53cb99af61d3d708f07564b9a72d146e7c26b4f10507cfaf3bc828f34bfa,1,1,ok,True,12,1462696,1462.696,0.066415,0.500344,3,time_limit,solomon_exact_1000_v1,,,,,,0.5,,,,25,153657d31d0a2c73de1efecde91d561f2bc3385b7604e2cb6ac55292ec1305ce,False,adaptive_fast,40e5b8c925f3a60b9d7498bb3c55bd818e35fb4f0e60f520f0bf55856338da33
R110,solomon_txt,14cb53cb99af61d3d708f07564b9a72d146e7c26b4f10507cfaf3bc828f34bfa,2,1,ok,True,12,1576535,1576.535,0.068682,0.500419,2,time_limit,solomon_exact_1000_v1,,,,,,0.5,,,,25,153657d31d0a2c73de1efecde91d561f2bc3385b7604e2cb6ac55292ec1305ce,False,adaptive_fast,40e5b8c925f3a60b9d7498bb3c55bd818e35fb4f0e60f520f0bf55856338da33
R111,solomon_txt,3d94a73b1f2fe8aae4618b9d9ea254cff2e3924a6a841aa390096ec6c60f258d,0,1,ok,True,12,1406336,1406.336,0.070198,0.500337,3,time_limit,solomon_exact_1000_v1,,,,,,0.5,,,,25,153657d31d0a2c73de1efecde91d561f2bc3385b7604e2cb6ac55292ec1305ce,False,adaptive_fast,40e5b8c925f3a60b9d7498bb3c55bd818e35fb4f0e60f520f0bf55856338da33
R111,solomon_txt,3d94a73b1f2fe8aae4618b9d9ea254cff2e3924a6a841aa390096ec6c60f258d,1,1,ok,True,12,1480321,1480.321,0.097182,0.500618,2,time_limit,solomon_exact_1000_v1,,,,,,0.5,,,,25,153657d31d0a2c73de1efecde91d561f2bc3385b7604e2cb6ac55292ec1305ce,False,adaptive_fast,40e5b8c925f3a60b9d7498bb3c55bd818e35fb4f0e60f520f0bf55856338da33
R111,solomon_txt,3d94a73b1f2fe8aae4618b9d9ea254cff2e3924a6a841aa390096ec6c60f258d,2,1,ok,True,12,1473191,1473.191,0.1029,0.500598,2,time_limit,solomon_exact_1000_v1,,,,,,0.5,,,,25,153657d31d0a2c73de1efecde91d561f2bc3385b7604e2cb6ac55292ec1305ce,False,adaptive_fast,40e5b8c925f3a60b9d7498bb3c55bd818e35fb4f0e60f520f0bf55856338da33
R112,solomon_txt,a0e93149d59d30c356619891d192e86d0f16c3158e1dac3bd9f23c6deb718271,0,1,ok,True,12,1520286,1520.286,0.091842,0.500572,4,time_limit,solomon_exact_1000_v1,,,,,,0.5,,,,25,153657d31d0a2c73de1efecde91d561f2bc3385b7604e2cb6ac55292ec1305ce,False,adaptive_fast,40e5b8c925f3a60b9d7498bb3c55bd818e35fb4f0e60f520f0bf55856338da33
R112,solomon_txt,a0e93149d59d30c356619891d192e86d0f16c3158e1dac3bd9f23c6deb718271,1,1,ok,True,11,1160304,1160.304,0.090725,0.500485,2,time_limit,solomon_exact_1000_v1,,,,,,0.5,,,,25,153657d31d0a2c73de1efecde91d561f2bc3385b7604e2cb6ac55292ec1305ce,False,adaptive_fast,40e5b8c925f3a60b9d7498bb3c55bd818e35fb4f0e60f520f0bf55856338da33
R112,solomon_txt,a0e93149d59d30c356619891d192e86d0f16c3158e1dac3bd9f23c6deb718271,2,1,ok,True,12,1531744,1531.744,0.093627,0.500618,4,time_limit,solomon_exact_1000_v1,,,,,,0.5,,,,25,153657d31d0a2c73de1efecde91d561f2bc3385b7604e2cb6ac55292ec1305ce,False,adaptive_fast,40e5b8c925f3a60b9d7498bb3c55bd818e35fb4f0e60f520f0bf55856338da33
R201,solomon_txt,0be960ec998fff2cab0bdbcc5194c617e5ca0a79c82c5b32b1d4bd98b2cae210,0,1,ok,True,4,1679869,1679.869,0.199244,0.500465,1,time_limit,solomon_exact_1000_v1,,,,,,0.5,,,,25,153657d31d0a2c73de1efecde91d561f2bc3385b7604e2cb6ac55292ec1305ce,False,adaptive_fast,40e5b8c925f3a60b9d7498bb3c55bd818e35fb4f0e60f520f0bf55856338da33
R201,solomon_txt,0be960ec998fff2cab0bdbcc5194c617e5ca0a79c82c5b32b1d4bd98b2cae210,1,1,ok,True,4,1631540,1631.54,0.207992,0.500459,1,time_limit,solomon_exact_1000_v1,,,,,,0.5,,,,25,153657d31d0a2c73de1efecde91d561f2bc3385b7604e2cb6ac55292ec1305ce,False,adaptive_fast,40e5b8c925f3a60b9d7498bb3c55bd818e35fb4f0e60f520f0bf55856338da33
R201,solomon_txt,0be960ec998fff2cab0bdbcc5194c617e5ca0a79c82c5b32b1d4bd98b2cae210,2,1,ok,True,4,1605282,1605.282,0.227178,0.500481,1,time_limit,solomon_exact_1000_v1,,,,,,0.5,,,,25,153657d31d0a2c73de1efecde91d561f2bc3385b7604e2cb6ac55292ec1305ce,False,adaptive_fast,40e5b8c925f3a60b9d7498bb3c55bd818e35fb4f0e60f520f0bf55856338da33
R202,solomon_txt,1f7761bb33e9dd0c94837b32c72280296ffc283dba997379c7ad75ce00dffc8d,0,1,ok,True,4,1622244,1622.244,0.294775,0.50044,1,time_limit,solomon_exact_1000_v1,,,,,,0.5,,,,25,153657d31d0a2c73de1efecde91d561f2bc3385b7604e2cb6ac55292ec1305ce,False,adaptive_fast,40e5b8c925f3a60b9d7498bb3c55bd818e35fb4f0e60f520f0bf55856338da33
R202,solomon_txt,1f7761bb33e9dd0c94837b32c72280296ffc283dba997379c7ad75ce00dffc8d,1,1,ok,True,4,1622244,1622.244,0.226808,0.500449,1,time_limit,solomon_exact_1000_v1,,,,,,0.5,,,,25,153657d31d0a2c73de1efecde91d561f2bc3385b7604e2cb6ac55292ec1305ce,False,adaptive_fast,40e5b8c925f3a60b9d7498bb3c55bd818e35fb4f0e60f520f0bf55856338da33
R202,solomon_txt,1f7761bb33e9dd0c94837b32c72280296ffc283dba997379c7ad75ce00dffc8d,2,1,ok,True,4,1622145,1622.145,0.219159,0.500476,1,time_limit,solomon_exact_1000_v1,,,,,,0.5,,,,25,153657d31d0a2c73de1efecde91d561f2bc3385b7604e2cb6ac55292ec1305ce,False,adaptive_fast,40e5b8c925f3a60b9d7498bb3c55bd818e35fb4f0e60f520f0bf55856338da33
R203,solomon_txt,38c484db31bd7452a94d533e26a2348ef598df600b79d061d9ddc1c61466a731,0,1,ok,True,3,1290510,1290.51,0.234817,0.500406,1,time_limit,solomon_exact_1000_v1,,,,,,0.5,,,,25,153657d31d0a2c73de1efecde91d561f2bc3385b7604e2cb6ac55292ec1305ce,False,adaptive_fast,40e5b8c925f3a60b9d7498bb3c55bd818e35fb4f0e60f520f0bf55856338da33
R203,solomon_txt,38c484db31bd7452a94d533e26a2348ef598df600b79d061d9ddc1c61466a731,1,1,ok,True,3,1288995,1288.995,0.254144,0.500484,1,time_limit,solomon_exact_1000_v1,,,,,,0.5,,,,25,153657d31d0a2c73de1efecde91d561f2bc3385b7604e2cb6ac55292ec1305ce,False,adaptive_fast,40e5b8c925f3a60b9d7498bb3c55bd818e35fb4f0e60f520f0bf55856338da33
R203,solomon_txt,38c484db31bd7452a94d533e26a2348ef598df600b79d061d9ddc1c61466a731,2,1,ok,True,3,1263582,1263.582,0.236033,0.500446,1,time_limit,solomon_exact_1000_v1,,,,,,0.5,,,,25,153657d31d0a2c73de1efecde91d561f2bc3385b7604e2cb6ac55292ec1305ce,False,adaptive_fast,40e5b8c925f3a60b9d7498bb3c55bd818e35fb4f0e60f520f0bf55856338da33
R204,solomon_txt,5349e37d8df99bcbee1efa2e970d2662b5265e5f82fc609343a6af0a60257abf,0,1,ok,True,3,1284977,1284.977,0.321183,0.500425,1,time_limit,solomon_exact_1000_v1,,,,,,0.5,,,,25,153657d31d0a2c73de1efecde91d561f2bc3385b7604e2cb6ac55292ec1305ce,False,adaptive_fast,40e5b8c925f3a60b9d7498bb3c55bd818e35fb4f0e60f520f0bf55856338da33
R204,solomon_txt,5349e37d8df99bcbee1efa2e970d2662b5265e5f82fc609343a6af0a60257abf,1,1,ok,True,3,1217807,1217.807,0.293812,0.500414,1,time_limit,solomon_exact_1000_v1,,,,,,0.5,,,,25,153657d31d0a2c73de1efecde91d561f2bc3385b7604e2cb6ac55292ec1305ce,False,adaptive_fast,40e5b8c925f3a60b9d7498bb3c55bd818e35fb4f0e60f520f0bf55856338da33
R204,solomon_txt,5349e37d8df99bcbee1efa2e970d2662b5265e5f82fc609343a6af0a60257abf,2,1,ok,True,3,1234074,1234.074,0.292751,0.500449,1,time_limit,solomon_exact_1000_v1,,,,,,0.5,,,,25,153657d31d0a2c73de1efecde91d561f2bc3385b7604e2cb6ac55292ec1305ce,False,adaptive_fast,40e5b8c925f3a60b9d7498bb3c55bd818e35fb4f0e60f520f0bf55856338da33
R205,solomon_txt,1996bf8f10716fb8cfc1a585206a6a6e566f32347c1bb8f36c75ed6c887f77e3,0,1,ok,True,3,1290574,1290.574,0.234017,0.500509,1,time_limit,solomon_exact_1000_v1,,,,,,0.5,,,,25,153657d31d0a2c73de1efecde91d561f2bc3385b7604e2cb6ac55292ec1305ce,False,adaptive_fast,40e5b8c925f3a60b9d7498bb3c55bd818e35fb4f0e60f520f0bf55856338da33
R205,solomon_txt,1996bf8f10716fb8cfc1a585206a6a6e566f32347c1bb8f36c75ed6c887f77e3,1,1,ok,True,4,1700248,1700.248,0.22962,0.500446,1,time_limit,solomon_exact_1000_v1,,,,,,0.5,,,,25,153657d31d0a2c73de1efecde91d561f2bc3385b7604e2cb6ac55292ec1305ce,False,adaptive_fast,40e5b8c925f3a60b9d7498bb3c55bd818e35fb4f0e60f520f0bf55856338da33
R205,solomon_txt,1996bf8f10716fb8cfc1a585206a6a6e566f32347c1bb8f36c75ed6c887f77e3,2,1,ok,True,3,1409798,1409.798,0.235671,0.500473,2,time_limit,solomon_exact_1000_v1,,,,,,0.5,,,,25,153657d31d0a2c73de1efecde91d561f2bc3385b7604e2cb6ac55292ec1305ce,False,adaptive_fast,40e5b8c925f3a60b9d7498bb3c55bd818e35fb4f0e60f520f0bf55856338da33
R206,solomon_txt,c8754a0319264d076c038b1bf023c8c4710e8895fe3e03f485e9ae249f32fe43,0,1,ok,True,3,1533607,1533.607,0.242372,0.500461,2,time_limit,solomon_exact_1000_v1,,,,,,0.5,,,,25,153657d31d0a2c73de1efecde91d561f2bc3385b7604e2cb6ac55292ec1305ce,False,adaptive_fast,40e5b8c925f3a60b9d7498bb3c55bd818e35fb4f0e60f520f0bf55856338da33
R206,solomon_txt,c8754a0319264d076c038b1bf023c8c4710e8895fe3e03f485e9ae249f32fe43,1,1,ok,True,3,1533607,1533.607,0.238191,0.500494,2,time_limit,solomon_exact_1000_v1,,,,,,0.5,,,,25,153657d31d0a2c73de1efecde91d561f2bc3385b7604e2cb6ac55292ec1305ce,False,adaptive_fast,40e5b8c925f3a60b9d7498bb3c55bd818e35fb4f0e60f520f0bf55856338da33
R206,solomon_txt,c8754a0319264d076c038b1bf023c8c4710e8895fe3e03f485e9ae249f32fe43,2,1,ok,True,3,1533607,1533.607,0.242919,0.500431,1,time_limit,solomon_exact_1000_v1,,,,,,0.5,,,,25,153657d31d0a2c73de1efecde91d561f2bc3385b7604e2cb6ac55292ec1305ce,False,adaptive_fast,40e5b8c925f3a60b9d7498bb3c55bd818e35fb4f0e60f520f0bf55856338da33
R207,solomon_txt,52dc8eebba43fdc67ca9aadab228b75a297acb55a87db3e4748e82f623e3cbe6,0,1,ok,True,3,1164515,1164.515,0.296012,0.500432,1,time_limit,solomon_exact_1000_v1,,,,,,0.5,,,,25,153657d31d0a2c73de1efecde91d561f2bc3385b7604e2cb6ac55292ec1305ce,False,adaptive_fast,40e5b8c925f3a60b9d7498bb3c55bd818e35fb4f0e60f520f0bf55856338da33
R207,solomon_txt,52dc8eebba43fdc67ca9aadab228b75a297acb55a87db3e4748e82f623e3cbe6,1,1,ok,True,3,1102590,1102.59,0.288357,0.500419,1,time_limit,solomon_exact_1000_v1,,,,,,0.5,,,,25,153657d31d0a2c73de1efecde91d561f2bc3385b7604e2cb6ac55292ec1305ce,False,adaptive_fast,40e5b8c925f3a60b9d7498bb3c55bd818e35fb4f0e60f520f0bf55856338da33
R207,solomon_txt,52dc8eebba43fdc67ca9aadab228b75a297acb55a87db3e4748e82f623e3cbe6,2,1,ok,True,3,1024827,1024.827,0.288699,0.500422,1,time_limit,solomon_exact_1000_v1,,,,,,0.5,,,,25,153657d31d0a2c73de1efecde91d561f2bc3385b7604e2cb6ac55292ec1305ce,False,adaptive_fast,40e5b8c925f3a60b9d7498bb3c55bd818e35fb4f0e60f520f0bf55856338da33
R208,solomon_txt,7b4a95d500af9329dd08791d39898a619faec0f8fac039d57373e761545b980d,0,1,ok,True,2,946859,946.859,0.321659,0.500414,1,time_limit,solomon_exact_1000_v1,,,,,,0.5,,,,25,153657d31d0a2c73de1efecde91d561f2bc3385b7604e2cb6ac55292ec1305ce,False,adaptive_fast,40e5b8c925f3a60b9d7498bb3c55bd818e35fb4f0e60f520f0bf55856338da33
R208,solomon_txt,7b4a95d500af9329dd08791d39898a619faec0f8fac039d57373e761545b980d,1,1,ok,True,2,892648,892.648,0.306176,0.500585,2,time_limit,solomon_exact_1000_v1,,,,,,0.5,,,,25,153657d31d0a2c73de1efecde91d561f2bc3385b7604e2cb6ac55292ec1305ce,False,adaptive_fast,40e5b8c925f3a60b9d7498bb3c55bd818e35fb4f0e60f520f0bf55856338da33
R208,solomon_txt,7b4a95d500af9329dd08791d39898a619faec0f8fac039d57373e761545b980d,2,1,ok,True,2,981656,981.656,0.322953,0.500451,2,time_limit,solomon_exact_1000_v1,,,,,,0.5,,,,25,153657d31d0a2c73de1efecde91d561f2bc3385b7604e2cb6ac55292ec1305ce,False,adaptive_fast,40e5b8c925f3a60b9d7498bb3c55bd818e35fb4f0e60f520f0bf55856338da33
R209,solomon_txt,5b74156d032babcff853ccc693f94463eca8333cd425aa99a39ed996f6258933,0,1,ok,True,3,1522983,1522.983,0.234389,0.500423,1,time_limit,solomon_exact_1000_v1,,,,,,0.5,,,,25,153657d31d0a2c73de1efecde91d561f2bc3385b7604e2cb6ac55292ec1305ce,False,adaptive_fast,40e5b8c925f3a60b9d7498bb3c55bd818e35fb4f0e60f520f0bf55856338da33
R209,solomon_txt,5b74156d032babcff853ccc693f94463eca8333cd425aa99a39ed996f6258933,1,1,ok,True,3,1303297,1303.297,0.243091,0.500444,1,time_limit,solomon_exact_1000_v1,,,,,,0.5,,,,25,153657d31d0a2c73de1efecde91d561f2bc3385b7604e2cb6ac55292ec1305ce,False,adaptive_fast,40e5b8c925f3a60b9d7498bb3c55bd818e35fb4f0e60f520f0bf55856338da33
R209,solomon_txt,5b74156d032babcff853ccc693f94463eca8333cd425aa99a39ed996f6258933,2,1,ok,True,3,1382854,1382.854,0.225039,0.500394,1,time_limit,solomon_exact_1000_v1,,,,,,0.5,,,,25,153657d31d0a2c73de1efecde91d561f2bc3385b7604e2cb6ac55292ec1305ce,False,adaptive_fast,40e5b8c925f3a60b9d7498bb3c55bd818e35fb4f0e60f520f0bf55856338da33
R210,solomon_txt,4e5772f109fb6183e6a648d6a1edaba3435438c2dc11c42da370fecf7bdf3a14,0,1,ok,True,3,1443660,1443.66,0.291563,0.500452,1,time_limit,solomon_exact_1000_v1,,,,,,0.5,,,,25,153657d31d0a2c73de1efecde91d561f2bc3385b7604e2cb6ac55292ec1305ce,False,adaptive_fast,40e5b8c925f3a60b9d7498bb3c55bd818e35fb4f0e60f520f0bf55856338da33
R210,solomon_txt,4e5772f109fb6183e6a648d6a1edaba3435438c2dc11c42da370fecf7bdf3a14,1,1,ok,True,3,1419447,1419.447,0.24386,0.500426,1,time_limit,solomon_exact_1000_v1,,,,,,0.5,,,,25,153657d31d0a2c73de1efecde91d561f2bc3385b7604e2cb6ac55292ec1305ce,False,adaptive_fast,40e5b8c925f3a60b9d7498bb3c55bd818e35fb4f0e60f520f0bf55856338da33
R210,solomon_txt,4e5772f109fb6183e6a648d6a1edaba3435438c2dc11c42da370fecf7bdf3a14,2,1,ok,True,3,1412849,1412.849,0.241824,0.500431,1,time_limit,solomon_exact_1000_v1,,,,,,0.5,,,,25,153657d31d0a2c73de1efecde91d561f2bc3385b7604e2cb6ac55292ec1305ce,False,adaptive_fast,40e5b8c925f3a60b9d7498bb3c55bd818e35fb4f0e60f520f0bf55856338da33
R211,solomon_txt,2965507e467a2f92acd59035975910e36ae11e4f49590d4c7d20a883939227ad,0,1,ok,True,3,1480876,1480.876,0.278909,0.500438,1,time_limit,solomon_exact_1000_v1,,,,,,0.5,,,,25,153657d31d0a2c73de1efecde91d561f2bc3385b7604e2cb6ac55292ec1305ce,False,adaptive_fast,40e5b8c925f3a60b9d7498bb3c55bd818e35fb4f0e60f520f0bf55856338da33
R211,solomon_txt,2965507e467a2f92acd59035975910e36ae11e4f49590d4c7d20a883939227ad,1,1,ok,True,3,1516434,1516.434,0.264832,0.500705,1,time_limit,solomon_exact_1000_v1,,,,,,0.5,,,,25,153657d31d0a2c73de1efecde91d561f2bc3385b7604e2cb6ac55292ec1305ce,False,adaptive_fast,40e5b8c925f3a60b9d7498bb3c55bd818e35fb4f0e60f520f0bf55856338da33
R211,solomon_txt,2965507e467a2f92acd59035975910e36ae11e4f49590d4c7d20a883939227ad,2,1,ok,True,3,1516434,1516.434,0.37905,0.500651,1,time_limit,solomon_exact_1000_v1,,,,,,0.5,,,,25,153657d31d0a2c73de1efecde91d561f2bc3385b7604e2cb6ac55292ec1305ce,False,adaptive_fast,40e5b8c925f3a60b9d7498bb3c55bd818e35fb4f0e60f520f0bf55856338da33
RC101,solomon_txt,ef6893ffd9746ad96de8e4da6e64e2c4ba6e08a1c7eb9457276a9f1caf01ca12,0,1,ok,True,16,1964874,1964.874,0.089623,0.500552,2,time_limit,solomon_exact_1000_v1,,,,,,0.5,,,,25,153657d31d0a2c73de1efecde91d561f2bc3385b7604e2cb6ac55292ec1305ce,False,adaptive_fast,40e5b8c925f3a60b9d7498bb3c55bd818e35fb4f0e60f520f0bf55856338da33
RC101,solomon_txt,ef6893ffd9746ad96de8e4da6e64e2c4ba6e08a1c7eb9457276a9f1caf01ca12,1,1,ok,True,17,2095011,2095.011,0.090047,0.500478,3,time_limit,solomon_exact_1000_v1,,,,,,0.5,,,,25,153657d31d0a2c73de1efecde91d561f2bc3385b7604e2cb6ac55292ec1305ce,False,adaptive_fast,40e5b8c925f3a60b9d7498bb3c55bd818e35fb4f0e60f520f0bf55856338da33
RC101,solomon_txt,ef6893ffd9746ad96de8e4da6e64e2c4ba6e08a1c7eb9457276a9f1caf01ca12,2,1,ok,True,16,1899838,1899.838,0.083274,0.500563,2,time_limit,solomon_exact_1000_v1,,,,,,0.5,,,,25,153657d31d0a2c73de1efecde91d561f2bc3385b7604e2cb6ac55292ec1305ce,False,adaptive_fast,40e5b8c925f3a60b9d7498bb3c55bd818e35fb4f0e60f520f0bf55856338da33
RC102,solomon_txt,36acd349d34a577c7fadd61f78517c2cb74bd06a490273800c288f341e5785a4,0,1,ok,True,15,1681845,1681.845,0.085702,0.500536,2,time_limit,solomon_exact_1000_v1,,,,,,0.5,,,,25,153657d31d0a2c73de1efecde91d561f2bc3385b7604e2cb6ac55292ec1305ce,False,adaptive_fast,40e5b8c925f3a60b9d7498bb3c55bd818e35fb4f0e60f520f0bf55856338da33
RC102,solomon_txt,36acd349d34a577c7fadd61f78517c2cb74bd06a490273800c288f341e5785a4,1,1,ok,True,14,1773793,1773.793,0.093636,0.500493,1,time_limit,solomon_exact_1000_v1,,,,,,0.5,,,,25,153657d31d0a2c73de1efecde91d561f2bc3385b7604e2cb6ac55292ec1305ce,False,adaptive_fast,40e5b8c925f3a60b9d7498bb3c55bd818e35fb4f0e60f520f0bf55856338da33
RC102,solomon_txt,36acd349d34a577c7fadd61f78517c2cb74bd06a490273800c288f341e5785a4,2,1,ok,True,14,1711987,1711.987,0.094012,0.500624,1,time_limit,solomon_exact_1000_v1,,,,,,0.5,,,,25,153657d31d0a2c73de1efecde91d561f2bc3385b7604e2cb6ac55292ec1305ce,False,adaptive_fast,40e5b8c925f3a60b9d7498bb3c55bd818e35fb4f0e60f520f0bf55856338da33
RC103,solomon_txt,00f384138274d5d2bff5c41601db17cc4ad0cfc6315c27e223d4477bf435cc2d,0,1,ok,True,12,1735736,1735.736,0.112263,0.50051,2,time_limit,solomon_exact_1000_v1,,,,,,0.5,,,,25,153657d31d0a2c73de1efecde91d561f2bc3385b7604e2cb6ac55292ec1305ce,False,adaptive_fast,40e5b8c925f3a60b9d7498bb3c55bd818e35fb4f0e60f520f0bf55856338da33
RC103,solomon_txt,00f384138274d5d2bff5c41601db17cc4ad0cfc6315c27e223d4477bf435cc2d,1,1,ok,True,12,1703532,1703.532,0.09871,0.500527,2,time_limit,solomon_exact_1000_v1,,,,,,0.5,,,,25,153657d31d0a2c73de1efecde91d561f2bc3385b7604e2cb6ac55292ec1305ce,False,adaptive_fast,40e5b8c925f3a60b9d7498bb3c55bd818e35fb4f0e60f520f0bf55856338da33
RC103,solomon_txt,00f384138274d5d2bff5c41601db17cc4ad0cfc6315c27e223d4477bf435cc2d,2,1,ok,True,13,1952068,1952.068,0.096134,0.500546,2,time_limit,solomon_exact_1000_v1,,,,,,0.5,,,,25,153657d31d0a2c73de1efecde91d561f2bc3385b7604e2cb6ac55292ec1305ce,False,adaptive_fast,40e5b8c925f3a60b9d7498bb3c55bd818e35fb4f0e60f520f0bf55856338da33
RC104,solomon_txt,d150b2d61049a488fb89a2320c197d81a7ef9a1864abbbaea1d13a2b451253ee,0,1,ok,True,12,1624060,1624.06,0.097976,0.500443,3,time_limit,solomon_exact_1000_v1,,,,,,0.5,,,,25,153657d31d0a2c73de1efecde91d561f2bc3385b7604e2cb6ac55292ec1305ce,False,adaptive_fast,40e5b8c925f3a60b9d7498bb3c55bd818e35fb4f0e60f520f0bf55856338da33
RC104,solomon_txt,d150b2d61049a488fb89a2320c197d81a7ef9a1864abbbaea1d13a2b451253ee,1,1,ok,True,11,1562160,1562.16,0.100341,0.500485,2,time_limit,solomon_exact_1000_v1,,,,,,0.5,,,,25,153657d31d0a2c73de1efecde91d561f2bc3385b7604e2cb6ac55292ec1305ce,False,adaptive_fast,40e5b8c925f3a60b9d7498bb3c55bd818e35fb4f0e60f520f0bf55856338da33
RC104,solomon_txt,d150b2d61049a488fb89a2320c197d81a7ef9a1864abbbaea1d13a2b451253ee,2,1,ok,True,11,1316206,1316.206,0.107803,0.500544,2,time_limit,solomon_exact_1000_v1,,,,,,0.5,,,,25,153657d31d0a2c73de1efecde91d561f2bc3385b7604e2cb6ac55292ec1305ce,False,adaptive_fast,40e5b8c925f3a60b9d7498bb3c55bd818e35fb4f0e60f520f0bf55856338da33
RC105,solomon_txt,b9e912625c1ed80d2f565e0799ade2f4b17bf4f95056322ca23f1a21b37e7a49,0,1,ok,True,14,1995938,1995.938,0.082897,0.500543,2,time_limit,solomon_exact_1000_v1,,,,,,0.5,,,,25,153657d31d0a2c73de1efecde91d561f2bc3385b7604e2cb6ac55292ec1305ce,False,adaptive_fast,40e5b8c925f3a60b9d7498bb3c55bd818e35fb4f0e60f520f0bf55856338da33
RC105,solomon_txt,b9e912625c1ed80d2f565e0799ade2f4b17bf4f95056322ca23f1a21b37e7a49,1,1,ok,True,15,2061802,2061.802,0.086734,0.500521,2,time_limit,solomon_exact_1000_v1,,,,,,0.5,,,,25,153657d31d0a2c73de1efecde91d561f2bc3385b7604e2cb6ac55292ec1305ce,False,adaptive_fast,40e5b8c925f3a60b9d7498bb3c55bd818e35fb4f0e60f520f0bf55856338da33
RC105,solomon_txt,b9e912625c1ed80d2f565e0799ade2f4b17bf4f95056322ca23f1a21b37e7a49,2,1,ok,True,15,1864866,1864.866,0.083571,0.500477,3,time_limit,solomon_exact_1000_v1,,,,,,0.5,,,,25,153657d31d0a2c73de1efecde91d561f2bc3385b7604e2cb6ac55292ec1305ce,False,adaptive_fast,40e5b8c925f3a60b9d7498bb3c55bd818e35fb4f0e60f520f0bf55856338da33
RC106,solomon_txt,bf016ffc567af2d108570357daf1d0cabb7f680c0bd977d2e4366787683fdbaf,0,1,ok,True,14,1681259,1681.259,0.084505,0.500528,2,time_limit,solomon_exact_1000_v1,,,,,,0.5,,,,25,153657d31d0a2c73de1efecde91d561f2bc3385b7604e2cb6ac55292ec1305ce,False,adaptive_fast,40e5b8c925f3a60b9d7498bb3c55bd818e35fb4f0e60f520f0bf55856338da33
RC106,solomon_txt,bf016ffc567af2d108570357daf1d0cabb7f680c0bd977d2e4366787683fdbaf,1,1,ok,True,13,1679980,1679.98,0.084489,0.500514,2,time_limit,solomon_exact_1000_v1,,,,,,0.5,,,,25,153657d31d0a2c73de1efecde91d561f2bc3385b7604e2cb6ac55292ec1305ce,False,adaptive_fast,40e5b8c925f3a60b9d7498bb3c55bd818e35fb4f0e60f520f0bf55856338da33
RC106,solomon_txt,bf016ffc567af2d108570357daf1d0cabb7f680c0bd977d2e4366787683fdbaf,2,1,ok,True,14,1788431,1788.431,0.084076,0.500501,3,time_limit,solomon_exact_1000_v1,,,,,,0.5,,,,25,153657d31d0a2c73de1efecde91d561f2bc3385b7604e2cb6ac55292ec1305ce,False,adaptive_fast,40e5b8c925f3a60b9d7498bb3c55bd818e35fb4f0e60f520f0bf55856338da33
RC107,solomon_txt,fff3fd68d110671ed442575f07cc547291586f30b00c5f73934d521d31311582,0,1,ok,True,13,1705395,1705.395,0.088616,0.500467,3,time_limit,solomon_exact_1000_v1,,,,,,0.5,,,,25,153657d31d0a2c73de1efecde91d561f2bc3385b7604e2cb6ac55292ec1305ce,False,adaptive_fast,40e5b8c925f3a60b9d7498bb3c55bd818e35fb4f0e60f520f0bf55856338da33
RC107,solomon_txt,fff3fd68d110671ed442575f07cc547291586f30b00c5f73934d521d31311582,1,1,ok,True,13,1864372,1864.372,0.088628,0.500487,5,time_limit,solomon_exact_1000_v1,,,,,,0.5,,,,25,153657d31d0a2c73de1efecde91d561f2bc3385b7604e2cb6ac55292ec1305ce,False,adaptive_fast,40e5b8c925f3a60b9d7498bb3c55bd818e35fb4f0e60f520f0bf55856338da33
RC107,solomon_txt,fff3fd68d110671ed442575f07cc547291586f30b00c5f73934d521d31311582,2,1,ok,True,13,1859235,1859.235,0.089315,0.500515,4,time_limit,solomon_exact_1000_v1,,,,,,0.5,,,,25,153657d31d0a2c73de1efecde91d561f2bc3385b7604e2cb6ac55292ec1305ce,False,adaptive_fast,40e5b8c925f3a60b9d7498bb3c55bd818e35fb4f0e60f520f0bf55856338da33
RC108,solomon_txt,006bc8817bf09f9a8c66af8d6f088bdec239b2eb435556e9d11193cf456f7aeb,0,1,ok,True,12,1623966,1623.966,0.09049,0.500543,2,time_limit,solomon_exact_1000_v1,,,,,,0.5,,,,25,153657d31d0a2c73de1efecde91d561f2bc3385b7604e2cb6ac55292ec1305ce,False,adaptive_fast,40e5b8c925f3a60b9d7498bb3c55bd818e35fb4f0e60f520f0bf55856338da33
RC108,solomon_txt,006bc8817bf09f9a8c66af8d6f088bdec239b2eb435556e9d11193cf456f7aeb,1,1,ok,True,12,1623772,1623.772,0.092262,0.500972,2,time_limit,solomon_exact_1000_v1,,,,,,0.5,,,,25,153657d31d0a2c73de1efecde91d561f2bc3385b7604e2cb6ac55292ec1305ce,False,adaptive_fast,40e5b8c925f3a60b9d7498bb3c55bd818e35fb4f0e60f520f0bf55856338da33
RC108,solomon_txt,006bc8817bf09f9a8c66af8d6f088bdec239b2eb435556e9d11193cf456f7aeb,2,1,ok,True,12,1604346,1604.346,0.093238,0.500476,3,time_limit,solomon_exact_1000_v1,,,,,,0.5,,,,25,153657d31d0a2c73de1efecde91d561f2bc3385b7604e2cb6ac55292ec1305ce,False,adaptive_fast,40e5b8c925f3a60b9d7498bb3c55bd818e35fb4f0e60f520f0bf55856338da33
RC201,solomon_txt,288836e2d8c2ace83ebbff77e03ac8cdffc574fc134cade21ef92713f8c52d44,0,1,ok,True,5,2429811,2429.811,0.181645,0.500497,2,time_limit,solomon_exact_1000_v1,,,,,,0.5,,,,25,153657d31d0a2c73de1efecde91d561f2bc3385b7604e2cb6ac55292ec1305ce,False,adaptive_fast,40e5b8c925f3a60b9d7498bb3c55bd818e35fb4f0e60f520f0bf55856338da33
RC201,solomon_txt,288836e2d8c2ace83ebbff77e03ac8cdffc574fc134cade21ef92713f8c52d44,1,1,ok,True,5,2396597,2396.597,0.184594,0.500482,3,time_limit,solomon_exact_1000_v1,,,,,,0.5,,,,25,153657d31d0a2c73de1efecde91d561f2bc3385b7604e2cb6ac55292ec1305ce,False,adaptive_fast,40e5b8c925f3a60b9d7498bb3c55bd818e35fb4f0e60f520f0bf55856338da33
RC201,solomon_txt,288836e2d8c2ace83ebbff77e03ac8cdffc574fc134cade21ef92713f8c52d44,2,1,ok,True,5,2327126,2327.126,0.17765,0.500534,2,time_limit,solomon_exact_1000_v1,,,,,,0.5,,,,25,153657d31d0a2c73de1efecde91d561f2bc3385b7604e2cb6ac55292ec1305ce,False,adaptive_fast,40e5b8c925f3a60b9d7498bb3c55bd818e35fb4f0e60f520f0bf55856338da33
RC202,solomon_txt,5a1dee2017ab0ca4fe280b392678c96e8b5bc71f22d02c8058fbde7c4cfebcf4,0,1,ok,True,4,1919468,1919.468,0.175031,0.500428,1,time_limit,solomon_exact_1000_v1,,,,,,0.5,,,,25,153657d31d0a2c73de1efecde91d561f2bc3385b7604e2cb6ac55292ec1305ce,False,adaptive_fast,40e5b8c925f3a60b9d7498bb3c55bd818e35fb4f0e60f520f0bf55856338da33
RC202,solomon_txt,5a1dee2017ab0ca4fe280b392678c96e8b5bc71f22d02c8058fbde7c4cfebcf4,1,1,ok,True,4,1818035,1818.035,0.173591,0.500524,2,time_limit,solomon_exact_1000_v1,,,,,,0.5,,,,25,153657d31d0a2c73de1efecde91d561f2bc3385b7604e2cb6ac55292ec1305ce,False,adaptive_fast,40e5b8c925f3a60b9d7498bb3c55bd818e35fb4f0e60f520f0bf55856338da33
RC202,solomon_txt,5a1dee2017ab0ca4fe280b392678c96e8b5bc71f22d02c8058fbde7c4cfebcf4,2,1,ok,True,4,1619243,1619.243,0.175883,0.500478,1,time_limit,solomon_exact_1000_v1,,,,,,0.5,,,,25,153657d31d0a2c73de1efecde91d561f2bc3385b7604e2cb6ac55292ec1305ce,False,adaptive_fast,40e5b8c925f3a60b9d7498bb3c55bd818e35fb4f0e60f520f0bf55856338da33
RC203,solomon_txt,4adcb362c23df91f14b828d4964e9383ffb02ee74217afc2d84571f83ed91f8b,0,1,ok,True,3,1211454,1211.454,0.185856,0.50046,1,time_limit,solomon_exact_1000_v1,,,,,,0.5,,,,25,153657d31d0a2c73de1efecde91d561f2bc3385b7604e2cb6ac55292ec1305ce,False,adaptive_fast,40e5b8c925f3a60b9d7498bb3c55bd818e35fb4f0e60f520f0bf55856338da33
RC203,solomon_txt,4adcb362c23df91f14b828d4964e9383ffb02ee74217afc2d84571f83ed91f8b,1,1,ok,True,3,1545417,1545.417,0.188811,0.500458,1,time_limit,solomon_exact_1000_v1,,,,,,0.5,,,,25,153657d31d0a2c73de1efecde91d561f2bc3385b7604e2cb6ac55292ec1305ce,False,adaptive_fast,40e5b8c925f3a60b9d7498bb3c55bd818e35fb4f0e60f520f0bf55856338da33
RC203,solomon_txt,4adcb362c23df91f14b828d4964e9383ffb02ee74217afc2d84571f83ed91f8b,2,1,ok,True,3,1516613,1516.613,0.182436,0.500463,1,time_limit,solomon_exact_1000_v1,,,,,,0.5,,,,25,153657d31d0a2c73de1efecde91d561f2bc3385b7604e2cb6ac55292ec1305ce,False,adaptive_fast,40e5b8c925f3a60b9d7498bb3c55bd818e35fb4f0e60f520f0bf55856338da33
RC204,solomon_txt,11e827eab51a959ebab66344e7b7cfd1aeed895287653b36a72c86a4440ecd77,0,1,ok,True,3,1494248,1494.248,0.268197,0.500397,1,time_limit,solomon_exact_1000_v1,,,,,,0.5,,,,25,153657d31d0a2c73de1efecde91d561f2bc3385b7604e2cb6ac55292ec1305ce,False,adaptive_fast,40e5b8c925f3a60b9d7498bb3c55bd818e35fb4f0e60f520f0bf55856338da33
RC204,solomon_txt,11e827eab51a959ebab66344e7b7cfd1aeed895287653b36a72c86a4440ecd77,1,1,ok,True,3,1482620,1482.62,0.271677,0.500404,1,time_limit,solomon_exact_1000_v1,,,,,,0.5,,,,25,153657d31d0a2c73de1efecde91d561f2bc3385b7604e2cb6ac55292ec1305ce,False,adaptive_fast,40e5b8c925f3a60b9d7498bb3c55bd818e35fb4f0e60f520f0bf55856338da33
RC204,solomon_txt,11e827eab51a959ebab66344e7b7cfd1aeed895287653b36a72c86a4440ecd77,2,1,ok,True,3,1485242,1485.242,0.268688,0.500427,1,time_limit,solomon_exact_1000_v1,,,,,,0.5,,,,25,153657d31d0a2c73de1efecde91d561f2bc3385b7604e2cb6ac55292ec1305ce,False,adaptive_fast,40e5b8c925f3a60b9d7498bb3c55bd818e35fb4f0e60f520f0bf55856338da33
RC205,solomon_txt,c061d306cf42310b0f3ca15612089f6c5a8d5604c0733bf26852477c787662c9,0,1,ok,True,4,1959415,1959.415,0.230857,0.50045,1,time_limit,solomon_exact_1000_v1,,,,,,0.5,,,,25,153657d31d0a2c73de1efecde91d561f2bc3385b7604e2cb6ac55292ec1305ce,False,adaptive_fast,40e5b8c925f3a60b9d7498bb3c55bd818e35fb4f0e60f520f0bf55856338da33
RC205,solomon_txt,c061d306cf42310b0f3ca15612089f6c5a8d5604c0733bf26852477c787662c9,1,1,ok,True,4,2003798,2003.798,0.196902,0.500452,1,time_limit,solomon_exact_1000_v1,,,,,,0.5,,,,25,153657d31d0a2c73de1efecde91d561f2bc3385b7604e2cb6ac55292ec1305ce,False,adaptive_fast,40e5b8c925f3a60b9d7498bb3c55bd818e35fb4f0e60f520f0bf55856338da33
RC205,solomon_txt,c061d306cf42310b0f3ca15612089f6c5a8d5604c0733bf26852477c787662c9,2,1,ok,True,4,2034157,2034.157,0.202933,0.500513,2,time_limit,solomon_exact_1000_v1,,,,,,0.5,,,,25,153657d31d0a2c73de1efecde91d561f2bc3385b7604e2cb6ac55292ec1305ce,False,adaptive_fast,40e5b8c925f3a60b9d7498bb3c55bd818e35fb4f0e60f520f0bf55856338da33
RC206,solomon_txt,5203aecf67c84df49e152645312a837ffefde529314ff892ca061538816e43a9,0,1,ok,True,4,1911298,1911.298,0.193095,0.50048,2,time_limit,solomon_exact_1000_v1,,,,,,0.5,,,,25,153657d31d0a2c73de1efecde91d561f2bc3385b7604e2cb6ac55292ec1305ce,False,adaptive_fast,40e5b8c925f3a60b9d7498bb3c55bd818e35fb4f0e60f520f0bf55856338da33
RC206,solomon_txt,5203aecf67c84df49e152645312a837ffefde529314ff892ca061538816e43a9,1,1,ok,True,4,1755982,1755.982,0.193454,0.500449,1,time_limit,solomon_exact_1000_v1,,,,,,0.5,,,,25,153657d31d0a2c73de1efecde91d561f2bc3385b7604e2cb6ac55292ec1305ce,False,adaptive_fast,40e5b8c925f3a60b9d7498bb3c55bd818e35fb4f0e60f520f0bf55856338da33
RC206,solomon_txt,5203aecf67c84df49e152645312a837ffefde529314ff892ca061538816e43a9,2,1,ok,True,4,1725004,1725.004,0.196645,0.500692,2,time_limit,solomon_exact_1000_v1,,,,,,0.5,,,,25,153657d31d0a2c73de1efecde91d561f2bc3385b7604e2cb6ac55292ec1305ce,False,adaptive_fast,40e5b8c925f3a60b9d7498bb3c55bd818e35fb4f0e60f520f0bf55856338da33
RC207,solomon_txt,5cab65f99b350cdb8fb1c4d0a12dde85eb4ff6a6d6daf292b182cb73de9a8b63,0,1,ok,True,4,1907431,1907.431,0.226057,0.500472,2,time_limit,solomon_exact_1000_v1,,,,,,0.5,,,,25,153657d31d0a2c73de1efecde91d561f2bc3385b7604e2cb6ac55292ec1305ce,False,adaptive_fast,40e5b8c925f3a60b9d7498bb3c55bd818e35fb4f0e60f520f0bf55856338da33
RC207,solomon_txt,5cab65f99b350cdb8fb1c4d0a12dde85eb4ff6a6d6daf292b182cb73de9a8b63,1,1,ok,True,4,1907431,1907.431,0.245055,0.500793,1,time_limit,solomon_exact_1000_v1,,,,,,0.5,,,,25,153657d31d0a2c73de1efecde91d561f2bc3385b7604e2cb6ac55292ec1305ce,False,adaptive_fast,40e5b8c925f3a60b9d7498bb3c55bd818e35fb4f0e60f520f0bf55856338da33
RC207,solomon_txt,5cab65f99b350cdb8fb1c4d0a12dde85eb4ff6a6d6daf292b182cb73de9a8b63,2,1,ok,True,4,1777431,1777.431,0.214858,0.500494,2,time_limit,solomon_exact_1000_v1,,,,,,0.5,,,,25,153657d31d0a2c73de1efecde91d561f2bc3385b7604e2cb6ac55292ec1305ce,False,adaptive_fast,40e5b8c925f3a60b9d7498bb3c55bd818e35fb4f0e60f520f0bf55856338da33
RC208,solomon_txt,3d67d2a8e2758a324643f5d6c6ca87e8c56435273eaa04be33f213bb991f1f28,0,1,ok,True,3,1365201,1365.201,0.214701,0.500454,1,time_limit,solomon_exact_1000_v1,,,,,,0.5,,,,25,153657d31d0a2c73de1efecde91d561f2bc3385b7604e2cb6ac55292ec1305ce,False,adaptive_fast,40e5b8c925f3a60b9d7498bb3c55bd818e35fb4f0e60f520f0bf55856338da33
RC208,solomon_txt,3d67d2a8e2758a324643f5d6c6ca87e8c56435273eaa04be33f213bb991f1f28,1,1,ok,True,4,1913075,1913.075,0.216723,0.500466,1,time_limit,solomon_exact_1000_v1,,,,,,0.5,,,,25,153657d31d0a2c73de1efecde91d561f2bc3385b7604e2cb6ac55292ec1305ce,False,adaptive_fast,40e5b8c925f3a60b9d7498bb3c55bd818e35fb4f0e60f520f0bf55856338da33
RC208,solomon_txt,3d67d2a8e2758a324643f5d6c6ca87e8c56435273eaa04be33f213bb991f1f28,2,1,ok,True,3,1514719,1514.719,0.219252,0.500874,2,time_limit,solomon_exact_1000_v1,,,,,,0.5,,,,25,153657d31d0a2c73de1efecde91d561f2bc3385b7604e2cb6ac55292ec1305ce,False,adaptive_fast,40e5b8c925f3a60b9d7498bb3c55bd818e35fb4f0e60f520f0bf55856338da33
