group,experiment,reference,instance,before_vehicles,after_vehicles,vehicle_gap,before_distance_ticks,after_distance_ticks,distance_gap_percent,outcome
exploratory,attempts10,control,C101,10,10,0,828937,828937,0.0,tie
exploratory,attempts10,control,C102,10,10,0,1187893,1258583,5.950872679610031,worse
exploratory,attempts10,control,C103,10,10,0,1809960,1812148,0.12088664942870864,worse
exploratory,attempts10,control,C104,10,10,0,1877310,1877310,0.0,tie
exploratory,attempts10,control,C105,10,10,0,1039051,1039051,0.0,tie
exploratory,attempts10,control,C106,10,10,0,1084912,1084912,0.0,tie
exploratory,attempts10,control,C107,10,10,0,1037431,1037431,0.0,tie
exploratory,attempts10,control,C108,10,10,0,1419591,1419591,0.0,tie
exploratory,attempts10,control,C109,10,10,0,1613834,1613834,0.0,tie
exploratory,attempts10,control,C201,3,3,0,704252,704252,0.0,tie
exploratory,attempts10,control,C202,3,3,0,746236,746236,0.0,tie
exploratory,attempts10,control,C203,3,3,0,695185,681508,-1.9673899753303026,better
exploratory,attempts10,control,C204,3,3,0,743140,743140,0.0,tie
exploratory,attempts10,control,C205,4,3,-1,912158,786435,,better
exploratory,attempts10,control,C206,4,4,0,1154595,1154595,0.0,tie
exploratory,attempts10,control,C207,4,4,0,980937,980937,0.0,tie
exploratory,attempts10,control,C208,4,4,0,957831,957831,0.0,tie
exploratory,attempts10,control,R101,22,22,0,1913179,1906946,-0.3257928296306778,better
exploratory,attempts10,control,R102,19,19,0,1744933,1743702,-0.07054712129348495,better
exploratory,attempts10,control,R103,14,14,0,1546015,1540040,-0.3864774921329972,better
exploratory,attempts10,control,R104,11,11,0,1241810,1241810,0.0,tie
exploratory,attempts10,control,R105,17,17,0,1683209,1683209,0.0,tie
exploratory,attempts10,control,R106,14,14,0,1545086,1545086,0.0,tie
exploratory,attempts10,control,R107,12,12,0,1486083,1486083,0.0,tie
exploratory,attempts10,control,R108,11,11,0,1274109,1274109,0.0,tie
exploratory,attempts10,control,R109,15,15,0,1669582,1669582,0.0,tie
exploratory,attempts10,control,R110,14,14,0,1546498,1546498,0.0,tie
exploratory,attempts10,control,R111,12,12,0,1453553,1453553,0.0,tie
exploratory,attempts10,control,R112,13,13,0,1273526,1273526,0.0,tie
exploratory,attempts10,control,R201,5,5,0,1726658,1726658,0.0,tie
exploratory,attempts10,control,R202,4,4,0,1622244,1622244,0.0,tie
exploratory,attempts10,control,R203,3,3,0,1300221,1300221,0.0,tie
exploratory,attempts10,control,R204,3,3,0,1331038,1331038,0.0,tie
exploratory,attempts10,control,R205,4,4,0,1700248,1700248,0.0,tie
exploratory,attempts10,control,R206,3,3,0,1533607,1531545,-0.13445426370640723,better
exploratory,attempts10,control,R207,4,4,0,1302528,1302528,0.0,tie
exploratory,attempts10,control,R208,3,3,0,957965,957965,0.0,tie
exploratory,attempts10,control,R209,3,3,0,1303297,1303297,0.0,tie
exploratory,attempts10,control,R210,3,3,0,1443660,1436254,-0.5130016762949774,better
exploratory,attempts10,control,R211,3,3,0,1516434,1516434,0.0,tie
exploratory,attempts10,control,RC101,19,18,-1,1995564,2077534,,better
exploratory,attempts10,control,RC102,15,15,0,1834933,1834933,0.0,tie
exploratory,attempts10,control,RC103,12,12,0,1731095,1731095,0.0,tie
exploratory,attempts10,control,RC104,12,12,0,1325631,1325631,0.0,tie
exploratory,attempts10,control,RC105,16,16,0,1901679,1901679,0.0,tie
exploratory,attempts10,control,RC106,15,15,0,2118036,2118036,0.0,tie
exploratory,attempts10,control,RC107,14,14,0,1714626,1714626,0.0,tie
exploratory,attempts10,control,RC108,14,14,0,1606564,1606564,0.0,tie
exploratory,attempts10,control,RC201,4,4,0,1837909,1837909,0.0,tie
exploratory,attempts10,control,RC202,4,4,0,1619243,1619243,0.0,tie
exploratory,attempts10,control,RC203,4,4,0,1061047,1061047,0.0,tie
exploratory,attempts10,control,RC204,3,3,0,1500593,1500593,0.0,tie
exploratory,attempts10,control,RC205,4,4,0,1960553,1960553,0.0,tie
exploratory,attempts10,control,RC206,4,4,0,1732495,1732495,0.0,tie
exploratory,attempts10,control,RC207,4,4,0,1907431,1907431,0.0,tie
exploratory,attempts10,control,RC208,4,3,-1,1913075,1373172,,better
exploratory,attempts10,m6,C101,10,10,0,828937,828937,0.0,tie
exploratory,attempts10,m6,C102,10,10,0,1187893,1258583,5.950872679610031,worse
exploratory,attempts10,m6,C103,10,10,0,1809960,1812148,0.12088664942870864,worse
exploratory,attempts10,m6,C104,10,10,0,1832644,1877310,2.4372436763495875,worse
exploratory,attempts10,m6,C105,10,10,0,1039051,1039051,0.0,tie
exploratory,attempts10,m6,C106,10,10,0,1057640,1084912,2.578571158428189,worse
exploratory,attempts10,m6,C107,10,10,0,1037431,1037431,0.0,tie
exploratory,attempts10,m6,C108,10,10,0,1310760,1419591,8.30289297811957,worse
exploratory,attempts10,m6,C109,10,10,0,1609856,1613834,0.2471028464657632,worse
exploratory,attempts10,m6,C201,3,3,0,704252,704252,0.0,tie
exploratory,attempts10,m6,C202,3,3,0,746236,746236,0.0,tie
exploratory,attempts10,m6,C203,3,3,0,681508,681508,0.0,tie
exploratory,attempts10,m6,C204,3,3,0,743140,743140,0.0,tie
exploratory,attempts10,m6,C205,3,3,0,743690,786435,5.747690569995556,worse
exploratory,attempts10,m6,C206,3,4,1,683819,1154595,,worse
exploratory,attempts10,m6,C207,3,4,1,661621,980937,,worse
exploratory,attempts10,m6,C208,3,4,1,717683,957831,,worse
exploratory,attempts10,m6,R101,21,22,1,1948827,1906946,,worse
exploratory,attempts10,m6,R102,19,19,0,1744933,1743702,-0.07054712129348495,better
exploratory,attempts10,m6,R103,14,14,0,1546015,1540040,-0.3864774921329972,better
exploratory,attempts10,m6,R104,11,11,0,1241810,1241810,0.0,tie
exploratory,attempts10,m6,R105,17,17,0,1683209,1683209,0.0,tie
exploratory,attempts10,m6,R106,14,14,0,1545086,1545086,0.0,tie
exploratory,attempts10,m6,R107,12,12,0,1479101,1486083,0.4720434912828697,worse
exploratory,attempts10,m6,R108,11,11,0,1274109,1274109,0.0,tie
exploratory,attempts10,m6,R109,14,15,1,1458883,1669582,,worse
exploratory,attempts10,m6,R110,13,14,1,1463925,1546498,,worse
exploratory,attempts10,m6,R111,12,12,0,1453553,1453553,0.0,tie
exploratory,attempts10,m6,R112,12,13,1,1508833,1273526,,worse
exploratory,attempts10,m6,R201,4,5,1,1534914,1726658,,worse
exploratory,attempts10,m6,R202,4,4,0,1622244,1622244,0.0,tie
exploratory,attempts10,m6,R203,3,3,0,1300221,1300221,0.0,tie
exploratory,attempts10,m6,R204,3,3,0,1331038,1331038,0.0,tie
exploratory,attempts10,m6,R205,3,4,1,1303717,1700248,,worse
exploratory,attempts10,m6,R206,3,3,0,1533607,1531545,-0.13445426370640723,better
exploratory,attempts10,m6,R207,3,4,1,1035524,1302528,,worse
exploratory,attempts10,m6,R208,3,3,0,957965,957965,0.0,tie
exploratory,attempts10,m6,R209,3,3,0,1303297,1303297,0.0,tie
exploratory,attempts10,m6,R210,3,3,0,1443660,1436254,-0.5130016762949774,better
exploratory,attempts10,m6,R211,3,3,0,1516434,1516434,0.0,tie
exploratory,attempts10,m6,RC101,17,18,1,2197881,2077534,,worse
exploratory,attempts10,m6,RC102,15,15,0,1834933,1834933,0.0,tie
exploratory,attempts10,m6,RC103,12,12,0,1731095,1731095,0.0,tie
exploratory,attempts10,m6,RC104,11,12,1,1384807,1325631,,worse
exploratory,attempts10,m6,RC105,16,16,0,1901679,1901679,0.0,tie
exploratory,attempts10,m6,RC106,15,15,0,1848588,2118036,14.575881699978588,worse
exploratory,attempts10,m6,RC107,14,14,0,1714626,1714626,0.0,tie
exploratory,attempts10,m6,RC108,13,14,1,1642483,1606564,,worse
exploratory,attempts10,m6,RC201,4,4,0,1837909,1837909,0.0,tie
exploratory,attempts10,m6,RC202,4,4,0,1619243,1619243,0.0,tie
exploratory,attempts10,m6,RC203,3,4,1,1437275,1061047,,worse
exploratory,attempts10,m6,RC204,3,3,0,1500593,1500593,0.0,tie
exploratory,attempts10,m6,RC205,4,4,0,1828115,1960553,7.244511422968469,worse
exploratory,attempts10,m6,RC206,4,4,0,1732495,1732495,0.0,tie
exploratory,attempts10,m6,RC207,4,4,0,1907431,1907431,0.0,tie
exploratory,attempts10,m6,RC208,3,3,0,1373172,1373172,0.0,tie
exploratory,baseline,control,C101,10,10,0,828937,828937,0.0,tie
exploratory,baseline,control,C102,10,10,0,1187893,1187893,0.0,tie
exploratory,baseline,control,C103,10,10,0,1809960,1809960,0.0,tie
exploratory,baseline,control,C104,10,10,0,1877310,1877310,0.0,tie
exploratory,baseline,control,C105,10,10,0,1039051,1039051,0.0,tie
exploratory,baseline,control,C106,10,10,0,1084912,1084912,0.0,tie
exploratory,baseline,control,C107,10,10,0,1037431,1037431,0.0,tie
exploratory,baseline,control,C108,10,10,0,1419591,1419591,0.0,tie
exploratory,baseline,control,C109,10,10,0,1613834,1613834,0.0,tie
exploratory,baseline,control,C201,3,3,0,704252,704252,0.0,tie
exploratory,baseline,control,C202,3,3,0,746236,746236,0.0,tie
exploratory,baseline,control,C203,3,3,0,695185,695185,0.0,tie
exploratory,baseline,control,C204,3,3,0,743140,743140,0.0,tie
exploratory,baseline,control,C205,4,4,0,912158,912158,0.0,tie
exploratory,baseline,control,C206,4,4,0,1154595,1154595,0.0,tie
exploratory,baseline,control,C207,4,4,0,980937,980937,0.0,tie
exploratory,baseline,control,C208,4,4,0,957831,957831,0.0,tie
exploratory,baseline,control,R101,22,22,0,1913179,1913179,0.0,tie
exploratory,baseline,control,R102,19,19,0,1744933,1744933,0.0,tie
exploratory,baseline,control,R103,14,14,0,1546015,1546015,0.0,tie
exploratory,baseline,control,R104,11,11,0,1241810,1241810,0.0,tie
exploratory,baseline,control,R105,17,17,0,1683209,1683209,0.0,tie
exploratory,baseline,control,R106,14,14,0,1545086,1545086,0.0,tie
exploratory,baseline,control,R107,12,12,0,1486083,1486083,0.0,tie
exploratory,baseline,control,R108,11,11,0,1274109,1274109,0.0,tie
exploratory,baseline,control,R109,15,15,0,1669582,1669582,0.0,tie
exploratory,baseline,control,R110,14,14,0,1546498,1546498,0.0,tie
exploratory,baseline,control,R111,12,12,0,1453553,1453553,0.0,tie
exploratory,baseline,control,R112,13,13,0,1273526,1273526,0.0,tie
exploratory,baseline,control,R201,5,5,0,1726658,1726658,0.0,tie
exploratory,baseline,control,R202,4,4,0,1622244,1622244,0.0,tie
exploratory,baseline,control,R203,3,3,0,1300221,1300221,0.0,tie
exploratory,baseline,control,R204,3,3,0,1331038,1331038,0.0,tie
exploratory,baseline,control,R205,4,4,0,1700248,1700248,0.0,tie
exploratory,baseline,control,R206,3,3,0,1533607,1533607,0.0,tie
exploratory,baseline,control,R207,4,4,0,1302528,1302528,0.0,tie
exploratory,baseline,control,R208,3,3,0,957965,957965,0.0,tie
exploratory,baseline,control,R209,3,3,0,1303297,1303297,0.0,tie
exploratory,baseline,control,R210,3,3,0,1443660,1443660,0.0,tie
exploratory,baseline,control,R211,3,3,0,1516434,1516434,0.0,tie
exploratory,baseline,control,RC101,19,19,0,1995564,1995564,0.0,tie
exploratory,baseline,control,RC102,15,15,0,1834933,1834933,0.0,tie
exploratory,baseline,control,RC103,12,12,0,1731095,1731095,0.0,tie
exploratory,baseline,control,RC104,12,12,0,1325631,1325631,0.0,tie
exploratory,baseline,control,RC105,16,16,0,1901679,1901679,0.0,tie
exploratory,baseline,control,RC106,15,15,0,2118036,2118036,0.0,tie
exploratory,baseline,control,RC107,14,14,0,1714626,1714626,0.0,tie
exploratory,baseline,control,RC108,14,14,0,1606564,1606564,0.0,tie
exploratory,baseline,control,RC201,4,4,0,1837909,1837909,0.0,tie
exploratory,baseline,control,RC202,4,4,0,1619243,1619243,0.0,tie
exploratory,baseline,control,RC203,4,4,0,1061047,1061047,0.0,tie
exploratory,baseline,control,RC204,3,3,0,1500593,1500593,0.0,tie
exploratory,baseline,control,RC205,4,4,0,1960553,1960553,0.0,tie
exploratory,baseline,control,RC206,4,4,0,1732495,1732495,0.0,tie
exploratory,baseline,control,RC207,4,4,0,1907431,1907431,0.0,tie
exploratory,baseline,control,RC208,4,4,0,1913075,1913075,0.0,tie
exploratory,baseline,m6,C101,10,10,0,828937,828937,0.0,tie
exploratory,baseline,m6,C102,10,10,0,1187893,1187893,0.0,tie
exploratory,baseline,m6,C103,10,10,0,1809960,1809960,0.0,tie
exploratory,baseline,m6,C104,10,10,0,1832644,1877310,2.4372436763495875,worse
exploratory,baseline,m6,C105,10,10,0,1039051,1039051,0.0,tie
exploratory,baseline,m6,C106,10,10,0,1057640,1084912,2.578571158428189,worse
exploratory,baseline,m6,C107,10,10,0,1037431,1037431,0.0,tie
exploratory,baseline,m6,C108,10,10,0,1310760,1419591,8.30289297811957,worse
exploratory,baseline,m6,C109,10,10,0,1609856,1613834,0.2471028464657632,worse
exploratory,baseline,m6,C201,3,3,0,704252,704252,0.0,tie
exploratory,baseline,m6,C202,3,3,0,746236,746236,0.0,tie
exploratory,baseline,m6,C203,3,3,0,681508,695185,2.006872993420483,worse
exploratory,baseline,m6,C204,3,3,0,743140,743140,0.0,tie
exploratory,baseline,m6,C205,3,4,1,743690,912158,,worse
exploratory,baseline,m6,C206,3,4,1,683819,1154595,,worse
exploratory,baseline,m6,C207,3,4,1,661621,980937,,worse
exploratory,baseline,m6,C208,3,4,1,717683,957831,,worse
exploratory,baseline,m6,R101,21,22,1,1948827,1913179,,worse
exploratory,baseline,m6,R102,19,19,0,1744933,1744933,0.0,tie
exploratory,baseline,m6,R103,14,14,0,1546015,1546015,0.0,tie
exploratory,baseline,m6,R104,11,11,0,1241810,1241810,0.0,tie
exploratory,baseline,m6,R105,17,17,0,1683209,1683209,0.0,tie
exploratory,baseline,m6,R106,14,14,0,1545086,1545086,0.0,tie
exploratory,baseline,m6,R107,12,12,0,1479101,1486083,0.4720434912828697,worse
exploratory,baseline,m6,R108,11,11,0,1274109,1274109,0.0,tie
exploratory,baseline,m6,R109,14,15,1,1458883,1669582,,worse
exploratory,baseline,m6,R110,13,14,1,1463925,1546498,,worse
exploratory,baseline,m6,R111,12,12,0,1453553,1453553,0.0,tie
exploratory,baseline,m6,R112,12,13,1,1508833,1273526,,worse
exploratory,baseline,m6,R201,4,5,1,1534914,1726658,,worse
exploratory,baseline,m6,R202,4,4,0,1622244,1622244,0.0,tie
exploratory,baseline,m6,R203,3,3,0,1300221,1300221,0.0,tie
exploratory,baseline,m6,R204,3,3,0,1331038,1331038,0.0,tie
exploratory,baseline,m6,R205,3,4,1,1303717,1700248,,worse
exploratory,baseline,m6,R206,3,3,0,1533607,1533607,0.0,tie
exploratory,baseline,m6,R207,3,4,1,1035524,1302528,,worse
exploratory,baseline,m6,R208,3,3,0,957965,957965,0.0,tie
exploratory,baseline,m6,R209,3,3,0,1303297,1303297,0.0,tie
exploratory,baseline,m6,R210,3,3,0,1443660,1443660,0.0,tie
exploratory,baseline,m6,R211,3,3,0,1516434,1516434,0.0,tie
exploratory,baseline,m6,RC101,17,19,2,2197881,1995564,,worse
exploratory,baseline,m6,RC102,15,15,0,1834933,1834933,0.0,tie
exploratory,baseline,m6,RC103,12,12,0,1731095,1731095,0.0,tie
exploratory,baseline,m6,RC104,11,12,1,1384807,1325631,,worse
exploratory,baseline,m6,RC105,16,16,0,1901679,1901679,0.0,tie
exploratory,baseline,m6,RC106,15,15,0,1848588,2118036,14.575881699978588,worse
exploratory,baseline,m6,RC107,14,14,0,1714626,1714626,0.0,tie
exploratory,baseline,m6,RC108,13,14,1,1642483,1606564,,worse
exploratory,baseline,m6,RC201,4,4,0,1837909,1837909,0.0,tie
exploratory,baseline,m6,RC202,4,4,0,1619243,1619243,0.0,tie
exploratory,baseline,m6,RC203,3,4,1,1437275,1061047,,worse
exploratory,baseline,m6,RC204,3,3,0,1500593,1500593,0.0,tie
exploratory,baseline,m6,RC205,4,4,0,1828115,1960553,7.244511422968469,worse
exploratory,baseline,m6,RC206,4,4,0,1732495,1732495,0.0,tie
exploratory,baseline,m6,RC207,4,4,0,1907431,1907431,0.0,tie
exploratory,baseline,m6,RC208,3,4,1,1373172,1913075,,worse
exploratory,construction_slack,control,C101,10,11,1,828937,865820,,worse
exploratory,construction_slack,control,C102,10,10,0,1187893,1075018,-9.502118456797037,better
exploratory,construction_slack,control,C103,10,10,0,1809960,2056297,13.610079780768626,worse
exploratory,construction_slack,control,C104,10,10,0,1877310,1722083,-8.268586434845604,better
exploratory,construction_slack,control,C105,10,12,2,1039051,1369310,,worse
exploratory,construction_slack,control,C106,10,10,0,1084912,1084912,0.0,tie
exploratory,construction_slack,control,C107,10,10,0,1037431,1037431,0.0,tie
exploratory,construction_slack,control,C108,10,10,0,1419591,1563247,10.119534429282794,worse
exploratory,construction_slack,control,C109,10,10,0,1613834,1613834,0.0,tie
exploratory,construction_slack,control,C201,3,3,0,704252,704252,0.0,tie
exploratory,construction_slack,control,C202,3,3,0,746236,768485,2.9814964702855384,worse
exploratory,construction_slack,control,C203,3,3,0,695185,690753,-0.6375281399915167,better
exploratory,construction_slack,control,C204,3,3,0,743140,743140,0.0,tie
exploratory,construction_slack,control,C205,4,3,-1,912158,753690,,better
exploratory,construction_slack,control,C206,4,4,0,1154595,2623586,127.22998107561527,worse
exploratory,construction_slack,control,C207,4,4,0,980937,1119812,14.157382176429278,worse
exploratory,construction_slack,control,C208,4,4,0,957831,957831,0.0,tie
exploratory,construction_slack,control,R101,22,22,0,1913179,1913179,0.0,tie
exploratory,construction_slack,control,R102,19,19,0,1744933,1744933,0.0,tie
exploratory,construction_slack,control,R103,14,14,0,1546015,1536470,-0.6173937510308813,better
exploratory,construction_slack,control,R104,11,11,0,1241810,1445019,16.36393651202679,worse
exploratory,construction_slack,control,R105,17,17,0,1683209,1683209,0.0,tie
exploratory,construction_slack,control,R106,14,14,0,1545086,1545086,0.0,tie
exploratory,construction_slack,control,R107,12,12,0,1486083,1486083,0.0,tie
exploratory,construction_slack,control,R108,11,11,0,1274109,1274109,0.0,tie
exploratory,construction_slack,control,R109,15,14,-1,1669582,1458883,,better
exploratory,construction_slack,control,R110,14,14,0,1546498,1546498,0.0,tie
exploratory,construction_slack,control,R111,12,12,0,1453553,1453553,0.0,tie
exploratory,construction_slack,control,R112,13,13,0,1273526,1273526,0.0,tie
exploratory,construction_slack,control,R201,5,5,0,1726658,1801181,4.316025524452449,worse
exploratory,construction_slack,control,R202,4,4,0,1622244,1295184,-20.16096222269893,better
exploratory,construction_slack,control,R203,3,3,0,1300221,1153938,-11.250625855143092,better
exploratory,construction_slack,control,R204,3,3,0,1331038,1252271,-5.917712341796399,better
exploratory,construction_slack,control,R205,4,4,0,1700248,1700248,0.0,tie
exploratory,construction_slack,control,R206,3,3,0,1533607,1540757,0.4662211374882874,worse
exploratory,construction_slack,control,R207,4,3,-1,1302528,1336679,,better
exploratory,construction_slack,control,R208,3,2,-1,957965,944355,,better
exploratory,construction_slack,control,R209,3,4,1,1303297,1860870,,worse
exploratory,construction_slack,control,R210,3,3,0,1443660,1624264,12.510147818738492,worse
exploratory,construction_slack,control,R211,3,4,1,1516434,1944428,,worse
exploratory,construction_slack,control,RC101,19,19,0,1995564,1995564,0.0,tie
exploratory,construction_slack,control,RC102,15,15,0,1834933,1834933,0.0,tie
exploratory,construction_slack,control,RC103,12,12,0,1731095,1731095,0.0,tie
exploratory,construction_slack,control,RC104,12,12,0,1325631,1325631,0.0,tie
exploratory,construction_slack,control,RC105,16,16,0,1901679,2182499,14.76695067884748,worse
exploratory,construction_slack,control,RC106,15,15,0,2118036,2118036,0.0,tie
exploratory,construction_slack,control,RC107,14,14,0,1714626,1714626,0.0,tie
exploratory,construction_slack,control,RC108,14,14,0,1606564,1606564,0.0,tie
exploratory,construction_slack,control,RC201,4,4,0,1837909,1837909,0.0,tie
exploratory,construction_slack,control,RC202,4,4,0,1619243,1619243,0.0,tie
exploratory,construction_slack,control,RC203,4,4,0,1061047,1061047,0.0,tie
exploratory,construction_slack,control,RC204,3,3,0,1500593,1692878,12.813934224669854,worse
exploratory,construction_slack,control,RC205,4,4,0,1960553,1960553,0.0,tie
exploratory,construction_slack,control,RC206,4,4,0,1732495,1732495,0.0,tie
exploratory,construction_slack,control,RC207,4,4,0,1907431,1960010,2.7565348366467735,worse
exploratory,construction_slack,control,RC208,4,3,-1,1913075,1373172,,better
exploratory,construction_slack,m6,C101,10,11,1,828937,865820,,worse
exploratory,construction_slack,m6,C102,10,10,0,1187893,1075018,-9.502118456797037,better
exploratory,construction_slack,m6,C103,10,10,0,1809960,2056297,13.610079780768626,worse
exploratory,construction_slack,m6,C104,10,10,0,1832644,1722083,-6.032868358502796,better
exploratory,construction_slack,m6,C105,10,12,2,1039051,1369310,,worse
exploratory,construction_slack,m6,C106,10,10,0,1057640,1084912,2.578571158428189,worse
exploratory,construction_slack,m6,C107,10,10,0,1037431,1037431,0.0,tie
exploratory,construction_slack,m6,C108,10,10,0,1310760,1563247,19.262641520949675,worse
exploratory,construction_slack,m6,C109,10,10,0,1609856,1613834,0.2471028464657632,worse
exploratory,construction_slack,m6,C201,3,3,0,704252,704252,0.0,tie
exploratory,construction_slack,m6,C202,3,3,0,746236,768485,2.9814964702855384,worse
exploratory,construction_slack,m6,C203,3,3,0,681508,690753,1.356550473362006,worse
exploratory,construction_slack,m6,C204,3,3,0,743140,743140,0.0,tie
exploratory,construction_slack,m6,C205,3,3,0,743690,753690,1.3446462907932055,worse
exploratory,construction_slack,m6,C206,3,4,1,683819,2623586,,worse
exploratory,construction_slack,m6,C207,3,4,1,661621,1119812,,worse
exploratory,construction_slack,m6,C208,3,4,1,717683,957831,,worse
exploratory,construction_slack,m6,R101,21,22,1,1948827,1913179,,worse
exploratory,construction_slack,m6,R102,19,19,0,1744933,1744933,0.0,tie
exploratory,construction_slack,m6,R103,14,14,0,1546015,1536470,-0.6173937510308813,better
exploratory,construction_slack,m6,R104,11,11,0,1241810,1445019,16.36393651202679,worse
exploratory,construction_slack,m6,R105,17,17,0,1683209,1683209,0.0,tie
exploratory,construction_slack,m6,R106,14,14,0,1545086,1545086,0.0,tie
exploratory,construction_slack,m6,R107,12,12,0,1479101,1486083,0.4720434912828697,worse
exploratory,construction_slack,m6,R108,11,11,0,1274109,1274109,0.0,tie
exploratory,construction_slack,m6,R109,14,14,0,1458883,1458883,0.0,tie
exploratory,construction_slack,m6,R110,13,14,1,1463925,1546498,,worse
exploratory,construction_slack,m6,R111,12,12,0,1453553,1453553,0.0,tie
exploratory,construction_slack,m6,R112,12,13,1,1508833,1273526,,worse
exploratory,construction_slack,m6,R201,4,5,1,1534914,1801181,,worse
exploratory,construction_slack,m6,R202,4,4,0,1622244,1295184,-20.16096222269893,better
exploratory,construction_slack,m6,R203,3,3,0,1300221,1153938,-11.250625855143092,better
exploratory,construction_slack,m6,R204,3,3,0,1331038,1252271,-5.917712341796399,better
exploratory,construction_slack,m6,R205,3,4,1,1303717,1700248,,worse
exploratory,construction_slack,m6,R206,3,3,0,1533607,1540757,0.4662211374882874,worse
exploratory,construction_slack,m6,R207,3,3,0,1035524,1336679,29.082377617515377,worse
exploratory,construction_slack,m6,R208,3,2,-1,957965,944355,,better
exploratory,construction_slack,m6,R209,3,4,1,1303297,1860870,,worse
exploratory,construction_slack,m6,R210,3,3,0,1443660,1624264,12.510147818738492,worse
exploratory,construction_slack,m6,R211,3,4,1,1516434,1944428,,worse
exploratory,construction_slack,m6,RC101,17,19,2,2197881,1995564,,worse
exploratory,construction_slack,m6,RC102,15,15,0,1834933,1834933,0.0,tie
exploratory,construction_slack,m6,RC103,12,12,0,1731095,1731095,0.0,tie
exploratory,construction_slack,m6,RC104,11,12,1,1384807,1325631,,worse
exploratory,construction_slack,m6,RC105,16,16,0,1901679,2182499,14.76695067884748,worse
exploratory,construction_slack,m6,RC106,15,15,0,1848588,2118036,14.575881699978588,worse
exploratory,construction_slack,m6,RC107,14,14,0,1714626,1714626,0.0,tie
exploratory,construction_slack,m6,RC108,13,14,1,1642483,1606564,,worse
exploratory,construction_slack,m6,RC201,4,4,0,1837909,1837909,0.0,tie
exploratory,construction_slack,m6,RC202,4,4,0,1619243,1619243,0.0,tie
exploratory,construction_slack,m6,RC203,3,4,1,1437275,1061047,,worse
exploratory,construction_slack,m6,RC204,3,3,0,1500593,1692878,12.813934224669854,worse
exploratory,construction_slack,m6,RC205,4,4,0,1828115,1960553,7.244511422968469,worse
exploratory,construction_slack,m6,RC206,4,4,0,1732495,1732495,0.0,tie
exploratory,construction_slack,m6,RC207,4,4,0,1907431,1960010,2.7565348366467735,worse
exploratory,construction_slack,m6,RC208,3,3,0,1373172,1373172,0.0,tie
exploratory,moves8,control,C101,10,10,0,828937,828937,0.0,tie
exploratory,moves8,control,C102,10,10,0,1187893,1258583,5.950872679610031,worse
exploratory,moves8,control,C103,10,10,0,1809960,1821945,0.6621693297089504,worse
exploratory,moves8,control,C104,10,10,0,1877310,1907834,1.6259435042694115,worse
exploratory,moves8,control,C105,10,10,0,1039051,1039051,0.0,tie
exploratory,moves8,control,C106,10,10,0,1084912,1084912,0.0,tie
exploratory,moves8,control,C107,10,10,0,1037431,1037431,0.0,tie
exploratory,moves8,control,C108,10,10,0,1419591,1419591,0.0,tie
exploratory,moves8,control,C109,10,10,0,1613834,1665735,3.216006107195657,worse
exploratory,moves8,control,C201,3,3,0,704252,704252,0.0,tie
exploratory,moves8,control,C202,3,3,0,746236,746236,0.0,tie
exploratory,moves8,control,C203,3,4,1,695185,894861,,worse
exploratory,moves8,control,C204,3,3,0,743140,743140,0.0,tie
exploratory,moves8,control,C205,4,4,0,912158,912158,0.0,tie
exploratory,moves8,control,C206,4,4,0,1154595,1154595,0.0,tie
exploratory,moves8,control,C207,4,4,0,980937,980937,0.0,tie
exploratory,moves8,control,C208,4,4,0,957831,957831,0.0,tie
exploratory,moves8,control,R101,22,22,0,1913179,1914025,0.04421959471643255,worse
exploratory,moves8,control,R102,19,19,0,1744933,1744933,0.0,tie
exploratory,moves8,control,R103,14,14,0,1546015,1546015,0.0,tie
exploratory,moves8,control,R104,11,11,0,1241810,1241810,0.0,tie
exploratory,moves8,control,R105,17,17,0,1683209,1683209,0.0,tie
exploratory,moves8,control,R106,14,14,0,1545086,1559373,0.9246734485976793,worse
exploratory,moves8,control,R107,12,12,0,1486083,1486083,0.0,tie
exploratory,moves8,control,R108,11,11,0,1274109,1274109,0.0,tie
exploratory,moves8,control,R109,15,16,1,1669582,1597195,,worse
exploratory,moves8,control,R110,14,14,0,1546498,1546498,0.0,tie
exploratory,moves8,control,R111,12,12,0,1453553,1453553,0.0,tie
exploratory,moves8,control,R112,13,13,0,1273526,1273526,0.0,tie
exploratory,moves8,control,R201,5,5,0,1726658,1726658,0.0,tie
exploratory,moves8,control,R202,4,4,0,1622244,1622244,0.0,tie
exploratory,moves8,control,R203,3,3,0,1300221,1300221,0.0,tie
exploratory,moves8,control,R204,3,3,0,1331038,1331038,0.0,tie
exploratory,moves8,control,R205,4,4,0,1700248,1700248,0.0,tie
exploratory,moves8,control,R206,3,3,0,1533607,1533607,0.0,tie
exploratory,moves8,control,R207,4,4,0,1302528,1302528,0.0,tie
exploratory,moves8,control,R208,3,3,0,957965,957965,0.0,tie
exploratory,moves8,control,R209,3,4,1,1303297,1712415,,worse
exploratory,moves8,control,R210,3,3,0,1443660,1443660,0.0,tie
exploratory,moves8,control,R211,3,3,0,1516434,1516434,0.0,tie
exploratory,moves8,control,RC101,19,18,-1,1995564,2077534,,better
exploratory,moves8,control,RC102,15,15,0,1834933,1834933,0.0,tie
exploratory,moves8,control,RC103,12,12,0,1731095,1731095,0.0,tie
exploratory,moves8,control,RC104,12,12,0,1325631,1325631,0.0,tie
exploratory,moves8,control,RC105,16,16,0,1901679,1901679,0.0,tie
exploratory,moves8,control,RC106,15,15,0,2118036,2118036,0.0,tie
exploratory,moves8,control,RC107,14,14,0,1714626,1926373,12.34945696612555,worse
exploratory,moves8,control,RC108,14,14,0,1606564,1606564,0.0,tie
exploratory,moves8,control,RC201,4,4,0,1837909,1837909,0.0,tie
exploratory,moves8,control,RC202,4,4,0,1619243,1619243,0.0,tie
exploratory,moves8,control,RC203,4,4,0,1061047,1061047,0.0,tie
exploratory,moves8,control,RC204,3,3,0,1500593,1500593,0.0,tie
exploratory,moves8,control,RC205,4,4,0,1960553,1960553,0.0,tie
exploratory,moves8,control,RC206,4,4,0,1732495,1732495,0.0,tie
exploratory,moves8,control,RC207,4,4,0,1907431,1907431,0.0,tie
exploratory,moves8,control,RC208,4,3,-1,1913075,1373172,,better
exploratory,moves8,m6,C101,10,10,0,828937,828937,0.0,tie
exploratory,moves8,m6,C102,10,10,0,1187893,1258583,5.950872679610031,worse
exploratory,moves8,m6,C103,10,10,0,1809960,1821945,0.6621693297089504,worse
exploratory,moves8,m6,C104,10,10,0,1832644,1907834,4.1028153858578165,worse
exploratory,moves8,m6,C105,10,10,0,1039051,1039051,0.0,tie
exploratory,moves8,m6,C106,10,10,0,1057640,1084912,2.578571158428189,worse
exploratory,moves8,m6,C107,10,10,0,1037431,1037431,0.0,tie
exploratory,moves8,m6,C108,10,10,0,1310760,1419591,8.30289297811957,worse
exploratory,moves8,m6,C109,10,10,0,1609856,1665735,3.4710557962948307,worse
exploratory,moves8,m6,C201,3,3,0,704252,704252,0.0,tie
exploratory,moves8,m6,C202,3,3,0,746236,746236,0.0,tie
exploratory,moves8,m6,C203,3,4,1,681508,894861,,worse
exploratory,moves8,m6,C204,3,3,0,743140,743140,0.0,tie
exploratory,moves8,m6,C205,3,4,1,743690,912158,,worse
exploratory,moves8,m6,C206,3,4,1,683819,1154595,,worse
exploratory,moves8,m6,C207,3,4,1,661621,980937,,worse
exploratory,moves8,m6,C208,3,4,1,717683,957831,,worse
exploratory,moves8,m6,R101,21,22,1,1948827,1914025,,worse
exploratory,moves8,m6,R102,19,19,0,1744933,1744933,0.0,tie
exploratory,moves8,m6,R103,14,14,0,1546015,1546015,0.0,tie
exploratory,moves8,m6,R104,11,11,0,1241810,1241810,0.0,tie
exploratory,moves8,m6,R105,17,17,0,1683209,1683209,0.0,tie
exploratory,moves8,m6,R106,14,14,0,1545086,1559373,0.9246734485976793,worse
exploratory,moves8,m6,R107,12,12,0,1479101,1486083,0.4720434912828697,worse
exploratory,moves8,m6,R108,11,11,0,1274109,1274109,0.0,tie
exploratory,moves8,m6,R109,14,16,2,1458883,1597195,,worse
exploratory,moves8,m6,R110,13,14,1,1463925,1546498,,worse
exploratory,moves8,m6,R111,12,12,0,1453553,1453553,0.0,tie
exploratory,moves8,m6,R112,12,13,1,1508833,1273526,,worse
exploratory,moves8,m6,R201,4,5,1,1534914,1726658,,worse
exploratory,moves8,m6,R202,4,4,0,1622244,1622244,0.0,tie
exploratory,moves8,m6,R203,3,3,0,1300221,1300221,0.0,tie
exploratory,moves8,m6,R204,3,3,0,1331038,1331038,0.0,tie
exploratory,moves8,m6,R205,3,4,1,1303717,1700248,,worse
exploratory,moves8,m6,R206,3,3,0,1533607,1533607,0.0,tie
exploratory,moves8,m6,R207,3,4,1,1035524,1302528,,worse
exploratory,moves8,m6,R208,3,3,0,957965,957965,0.0,tie
exploratory,moves8,m6,R209,3,4,1,1303297,1712415,,worse
exploratory,moves8,m6,R210,3,3,0,1443660,1443660,0.0,tie
exploratory,moves8,m6,R211,3,3,0,1516434,1516434,0.0,tie
exploratory,moves8,m6,RC101,17,18,1,2197881,2077534,,worse
exploratory,moves8,m6,RC102,15,15,0,1834933,1834933,0.0,tie
exploratory,moves8,m6,RC103,12,12,0,1731095,1731095,0.0,tie
exploratory,moves8,m6,RC104,11,12,1,1384807,1325631,,worse
exploratory,moves8,m6,RC105,16,16,0,1901679,1901679,0.0,tie
exploratory,moves8,m6,RC106,15,15,0,1848588,2118036,14.575881699978588,worse
exploratory,moves8,m6,RC107,14,14,0,1714626,1926373,12.34945696612555,worse
exploratory,moves8,m6,RC108,13,14,1,1642483,1606564,,worse
exploratory,moves8,m6,RC201,4,4,0,1837909,1837909,0.0,tie
exploratory,moves8,m6,RC202,4,4,0,1619243,1619243,0.0,tie
exploratory,moves8,m6,RC203,3,4,1,1437275,1061047,,worse
exploratory,moves8,m6,RC204,3,3,0,1500593,1500593,0.0,tie
exploratory,moves8,m6,RC205,4,4,0,1828115,1960553,7.244511422968469,worse
exploratory,moves8,m6,RC206,4,4,0,1732495,1732495,0.0,tie
exploratory,moves8,m6,RC207,4,4,0,1907431,1907431,0.0,tie
exploratory,moves8,m6,RC208,3,3,0,1373172,1373172,0.0,tie
exploratory,regret2,control,C101,10,12,2,828937,983072,,worse
exploratory,regret2,control,C102,10,10,0,1187893,1258583,5.950872679610031,worse
exploratory,regret2,control,C103,10,10,0,1809960,1789766,-1.1157152644257318,better
exploratory,regret2,control,C104,10,10,0,1877310,1872295,-0.2671375532011244,better
exploratory,regret2,control,C105,10,11,1,1039051,1244285,,worse
exploratory,regret2,control,C106,10,12,2,1084912,1779739,,worse
exploratory,regret2,control,C107,10,11,1,1037431,1499375,,worse
exploratory,regret2,control,C108,10,11,1,1419591,2132182,,worse
exploratory,regret2,control,C109,10,10,0,1613834,1624851,0.6826600505380309,worse
exploratory,regret2,control,C201,3,3,0,704252,704252,0.0,tie
exploratory,regret2,control,C202,3,3,0,746236,746236,0.0,tie
exploratory,regret2,control,C203,3,4,1,695185,894861,,worse
exploratory,regret2,control,C204,3,4,1,743140,1439548,,worse
exploratory,regret2,control,C205,4,4,0,912158,912158,0.0,tie
exploratory,regret2,control,C206,4,4,0,1154595,1154595,0.0,tie
exploratory,regret2,control,C207,4,4,0,980937,980937,0.0,tie
exploratory,regret2,control,C208,4,4,0,957831,957831,0.0,tie
exploratory,regret2,control,R101,22,21,-1,1913179,1797601,,better
exploratory,regret2,control,R102,19,19,0,1744933,1559306,-10.638058882490043,better
exploratory,regret2,control,R103,14,14,0,1546015,1546015,0.0,tie
exploratory,regret2,control,R104,11,12,1,1241810,1592207,,worse
exploratory,regret2,control,R105,17,17,0,1683209,1531255,-9.027637090818786,better
exploratory,regret2,control,R106,14,15,1,1545086,1337497,,worse
exploratory,regret2,control,R107,12,13,1,1486083,1147416,,worse
exploratory,regret2,control,R108,11,13,2,1274109,1744341,,worse
exploratory,regret2,control,R109,15,18,3,1669582,1393157,,worse
exploratory,regret2,control,R110,14,14,0,1546498,1261137,-18.452076885970758,better
exploratory,regret2,control,R111,12,12,0,1453553,1265875,-12.911672295403054,better
exploratory,regret2,control,R112,13,14,1,1273526,1198556,,worse
exploratory,regret2,control,R201,5,5,0,1726658,1726658,0.0,tie
exploratory,regret2,control,R202,4,4,0,1622244,1622244,0.0,tie
exploratory,regret2,control,R203,3,3,0,1300221,1300221,0.0,tie
exploratory,regret2,control,R204,3,3,0,1331038,1331038,0.0,tie
exploratory,regret2,control,R205,4,4,0,1700248,1700248,0.0,tie
exploratory,regret2,control,R206,3,3,0,1533607,1533607,0.0,tie
exploratory,regret2,control,R207,4,4,0,1302528,1302528,0.0,tie
exploratory,regret2,control,R208,3,3,0,957965,957965,0.0,tie
exploratory,regret2,control,R209,3,4,1,1303297,1712415,,worse
exploratory,regret2,control,R210,3,3,0,1443660,1443660,0.0,tie
exploratory,regret2,control,R211,3,3,0,1516434,1516434,0.0,tie
exploratory,regret2,control,RC101,19,19,0,1995564,1885836,-5.498595885674429,better
exploratory,regret2,control,RC102,15,16,1,1834933,1580172,,worse
exploratory,regret2,control,RC103,12,12,0,1731095,1582826,-8.565041202244828,better
exploratory,regret2,control,RC104,12,13,1,1325631,1295745,,worse
exploratory,regret2,control,RC105,16,16,0,1901679,1648304,-13.323752326233818,better
exploratory,regret2,control,RC106,15,17,2,2118036,1646030,,worse
exploratory,regret2,control,RC107,14,16,2,1714626,1439964,,worse
exploratory,regret2,control,RC108,14,14,0,1606564,1332265,-17.07364288008445,better
exploratory,regret2,control,RC201,4,5,1,1837909,2429811,,worse
exploratory,regret2,control,RC202,4,5,1,1619243,1998260,,worse
exploratory,regret2,control,RC203,4,5,1,1061047,1766955,,worse
exploratory,regret2,control,RC204,3,3,0,1500593,1500593,0.0,tie
exploratory,regret2,control,RC205,4,5,1,1960553,2063021,,worse
exploratory,regret2,control,RC206,4,5,1,1732495,2062880,,worse
exploratory,regret2,control,RC207,4,4,0,1907431,1907431,0.0,tie
exploratory,regret2,control,RC208,4,4,0,1913075,1913075,0.0,tie
exploratory,regret2,m6,C101,10,12,2,828937,983072,,worse
exploratory,regret2,m6,C102,10,10,0,1187893,1258583,5.950872679610031,worse
exploratory,regret2,m6,C103,10,10,0,1809960,1789766,-1.1157152644257318,better
exploratory,regret2,m6,C104,10,10,0,1832644,1872295,2.1635953300259025,worse
exploratory,regret2,m6,C105,10,11,1,1039051,1244285,,worse
exploratory,regret2,m6,C106,10,12,2,1057640,1779739,,worse
exploratory,regret2,m6,C107,10,11,1,1037431,1499375,,worse
exploratory,regret2,m6,C108,10,11,1,1310760,2132182,,worse
exploratory,regret2,m6,C109,10,10,0,1609856,1624851,0.9314497694203672,worse
exploratory,regret2,m6,C201,3,3,0,704252,704252,0.0,tie
exploratory,regret2,m6,C202,3,3,0,746236,746236,0.0,tie
exploratory,regret2,m6,C203,3,4,1,681508,894861,,worse
exploratory,regret2,m6,C204,3,4,1,743140,1439548,,worse
exploratory,regret2,m6,C205,3,4,1,743690,912158,,worse
exploratory,regret2,m6,C206,3,4,1,683819,1154595,,worse
exploratory,regret2,m6,C207,3,4,1,661621,980937,,worse
exploratory,regret2,m6,C208,3,4,1,717683,957831,,worse
exploratory,regret2,m6,R101,21,21,0,1948827,1797601,-7.7598473338064355,better
exploratory,regret2,m6,R102,19,19,0,1744933,1559306,-10.638058882490043,better
exploratory,regret2,m6,R103,14,14,0,1546015,1546015,0.0,tie
exploratory,regret2,m6,R104,11,12,1,1241810,1592207,,worse
exploratory,regret2,m6,R105,17,17,0,1683209,1531255,-9.027637090818786,better
exploratory,regret2,m6,R106,14,15,1,1545086,1337497,,worse
exploratory,regret2,m6,R107,12,13,1,1479101,1147416,,worse
exploratory,regret2,m6,R108,11,13,2,1274109,1744341,,worse
exploratory,regret2,m6,R109,14,18,4,1458883,1393157,,worse
exploratory,regret2,m6,R110,13,14,1,1463925,1261137,,worse
exploratory,regret2,m6,R111,12,12,0,1453553,1265875,-12.911672295403054,better
exploratory,regret2,m6,R112,12,14,2,1508833,1198556,,worse
exploratory,regret2,m6,R201,4,5,1,1534914,1726658,,worse
exploratory,regret2,m6,R202,4,4,0,1622244,1622244,0.0,tie
exploratory,regret2,m6,R203,3,3,0,1300221,1300221,0.0,tie
exploratory,regret2,m6,R204,3,3,0,1331038,1331038,0.0,tie
exploratory,regret2,m6,R205,3,4,1,1303717,1700248,,worse
exploratory,regret2,m6,R206,3,3,0,1533607,1533607,0.0,tie
exploratory,regret2,m6,R207,3,4,1,1035524,1302528,,worse
exploratory,regret2,m6,R208,3,3,0,957965,957965,0.0,tie
exploratory,regret2,m6,R209,3,4,1,1303297,1712415,,worse
exploratory,regret2,m6,R210,3,3,0,1443660,1443660,0.0,tie
exploratory,regret2,m6,R211,3,3,0,1516434,1516434,0.0,tie
exploratory,regret2,m6,RC101,17,19,2,2197881,1885836,,worse
exploratory,regret2,m6,RC102,15,16,1,1834933,1580172,,worse
exploratory,regret2,m6,RC103,12,12,0,1731095,1582826,-8.565041202244828,better
exploratory,regret2,m6,RC104,11,13,2,1384807,1295745,,worse
exploratory,regret2,m6,RC105,16,16,0,1901679,1648304,-13.323752326233818,better
exploratory,regret2,m6,RC106,15,17,2,1848588,1646030,,worse
exploratory,regret2,m6,RC107,14,16,2,1714626,1439964,,worse
exploratory,regret2,m6,RC108,13,14,1,1642483,1332265,,worse
exploratory,regret2,m6,RC201,4,5,1,1837909,2429811,,worse
exploratory,regret2,m6,RC202,4,5,1,1619243,1998260,,worse
exploratory,regret2,m6,RC203,3,5,2,1437275,1766955,,worse
exploratory,regret2,m6,RC204,3,3,0,1500593,1500593,0.0,tie
exploratory,regret2,m6,RC205,4,5,1,1828115,2063021,,worse
exploratory,regret2,m6,RC206,4,5,1,1732495,2062880,,worse
exploratory,regret2,m6,RC207,4,4,0,1907431,1907431,0.0,tie
exploratory,regret2,m6,RC208,3,4,1,1373172,1913075,,worse
exploratory,removal2,control,C101,10,10,0,828937,828937,0.0,tie
exploratory,removal2,control,C102,10,10,0,1187893,1258583,5.950872679610031,worse
exploratory,removal2,control,C103,10,10,0,1809960,1805002,-0.27392870560675187,better
exploratory,removal2,control,C104,10,10,0,1877310,1928804,2.7429673309149694,worse
exploratory,removal2,control,C105,10,10,0,1039051,1039051,0.0,tie
exploratory,removal2,control,C106,10,10,0,1084912,1084912,0.0,tie
exploratory,removal2,control,C107,10,10,0,1037431,1037431,0.0,tie
exploratory,removal2,control,C108,10,10,0,1419591,1419591,0.0,tie
exploratory,removal2,control,C109,10,10,0,1613834,1614821,0.061158706533626095,worse
exploratory,removal2,control,C201,3,3,0,704252,704252,0.0,tie
exploratory,removal2,control,C202,3,3,0,746236,746236,0.0,tie
exploratory,removal2,control,C203,3,4,1,695185,894861,,worse
exploratory,removal2,control,C204,3,3,0,743140,743140,0.0,tie
exploratory,removal2,control,C205,4,3,-1,912158,753690,,better
exploratory,removal2,control,C206,4,4,0,1154595,1154595,0.0,tie
exploratory,removal2,control,C207,4,4,0,980937,980937,0.0,tie
exploratory,removal2,control,C208,4,4,0,957831,957831,0.0,tie
exploratory,removal2,control,R101,22,22,0,1913179,1913179,0.0,tie
exploratory,removal2,control,R102,19,19,0,1744933,1744933,0.0,tie
exploratory,removal2,control,R103,14,14,0,1546015,1546015,0.0,tie
exploratory,removal2,control,R104,11,11,0,1241810,1241810,0.0,tie
exploratory,removal2,control,R105,17,17,0,1683209,1683209,0.0,tie
exploratory,removal2,control,R106,14,14,0,1545086,1545086,0.0,tie
exploratory,removal2,control,R107,12,12,0,1486083,1486083,0.0,tie
exploratory,removal2,control,R108,11,11,0,1274109,1274109,0.0,tie
exploratory,removal2,control,R109,15,15,0,1669582,1669582,0.0,tie
exploratory,removal2,control,R110,14,14,0,1546498,1546498,0.0,tie
exploratory,removal2,control,R111,12,12,0,1453553,1453553,0.0,tie
exploratory,removal2,control,R112,13,12,-1,1273526,1508833,,better
exploratory,removal2,control,R201,5,4,-1,1726658,1534914,,better
exploratory,removal2,control,R202,4,4,0,1622244,1622244,0.0,tie
exploratory,removal2,control,R203,3,3,0,1300221,1300221,0.0,tie
exploratory,removal2,control,R204,3,3,0,1331038,1331038,0.0,tie
exploratory,removal2,control,R205,4,3,-1,1700248,1303717,,better
exploratory,removal2,control,R206,3,3,0,1533607,1533607,0.0,tie
exploratory,removal2,control,R207,4,3,-1,1302528,1035524,,better
exploratory,removal2,control,R208,3,3,0,957965,957965,0.0,tie
exploratory,removal2,control,R209,3,3,0,1303297,1303297,0.0,tie
exploratory,removal2,control,R210,3,3,0,1443660,1443660,0.0,tie
exploratory,removal2,control,R211,3,3,0,1516434,1516434,0.0,tie
exploratory,removal2,control,RC101,19,19,0,1995564,1995564,0.0,tie
exploratory,removal2,control,RC102,15,15,0,1834933,1834933,0.0,tie
exploratory,removal2,control,RC103,12,12,0,1731095,1731095,0.0,tie
exploratory,removal2,control,RC104,12,12,0,1325631,1325631,0.0,tie
exploratory,removal2,control,RC105,16,16,0,1901679,1901679,0.0,tie
exploratory,removal2,control,RC106,15,15,0,2118036,2118036,0.0,tie
exploratory,removal2,control,RC107,14,14,0,1714626,1714626,0.0,tie
exploratory,removal2,control,RC108,14,14,0,1606564,1606564,0.0,tie
exploratory,removal2,control,RC201,4,4,0,1837909,1837909,0.0,tie
exploratory,removal2,control,RC202,4,4,0,1619243,1619243,0.0,tie
exploratory,removal2,control,RC203,4,4,0,1061047,1061047,0.0,tie
exploratory,removal2,control,RC204,3,3,0,1500593,1500593,0.0,tie
exploratory,removal2,control,RC205,4,4,0,1960553,1960553,0.0,tie
exploratory,removal2,control,RC206,4,4,0,1732495,1732495,0.0,tie
exploratory,removal2,control,RC207,4,4,0,1907431,1907431,0.0,tie
exploratory,removal2,control,RC208,4,3,-1,1913075,1373172,,better
exploratory,removal2,m6,C101,10,10,0,828937,828937,0.0,tie
exploratory,removal2,m6,C102,10,10,0,1187893,1258583,5.950872679610031,worse
exploratory,removal2,m6,C103,10,10,0,1809960,1805002,-0.27392870560675187,better
exploratory,removal2,m6,C104,10,10,0,1832644,1928804,5.24706380508162,worse
exploratory,removal2,m6,C105,10,10,0,1039051,1039051,0.0,tie
exploratory,removal2,m6,C106,10,10,0,1057640,1084912,2.578571158428189,worse
exploratory,removal2,m6,C107,10,10,0,1037431,1037431,0.0,tie
exploratory,removal2,m6,C108,10,10,0,1310760,1419591,8.30289297811957,worse
exploratory,removal2,m6,C109,10,10,0,1609856,1614821,0.308412677904113,worse
exploratory,removal2,m6,C201,3,3,0,704252,704252,0.0,tie
exploratory,removal2,m6,C202,3,3,0,746236,746236,0.0,tie
exploratory,removal2,m6,C203,3,4,1,681508,894861,,worse
exploratory,removal2,m6,C204,3,3,0,743140,743140,0.0,tie
exploratory,removal2,m6,C205,3,3,0,743690,753690,1.3446462907932055,worse
exploratory,removal2,m6,C206,3,4,1,683819,1154595,,worse
exploratory,removal2,m6,C207,3,4,1,661621,980937,,worse
exploratory,removal2,m6,C208,3,4,1,717683,957831,,worse
exploratory,removal2,m6,R101,21,22,1,1948827,1913179,,worse
exploratory,removal2,m6,R102,19,19,0,1744933,1744933,0.0,tie
exploratory,removal2,m6,R103,14,14,0,1546015,1546015,0.0,tie
exploratory,removal2,m6,R104,11,11,0,1241810,1241810,0.0,tie
exploratory,removal2,m6,R105,17,17,0,1683209,1683209,0.0,tie
exploratory,removal2,m6,R106,14,14,0,1545086,1545086,0.0,tie
exploratory,removal2,m6,R107,12,12,0,1479101,1486083,0.4720434912828697,worse
exploratory,removal2,m6,R108,11,11,0,1274109,1274109,0.0,tie
exploratory,removal2,m6,R109,14,15,1,1458883,1669582,,worse
exploratory,removal2,m6,R110,13,14,1,1463925,1546498,,worse
exploratory,removal2,m6,R111,12,12,0,1453553,1453553,0.0,tie
exploratory,removal2,m6,R112,12,12,0,1508833,1508833,0.0,tie
exploratory,removal2,m6,R201,4,4,0,1534914,1534914,0.0,tie
exploratory,removal2,m6,R202,4,4,0,1622244,1622244,0.0,tie
exploratory,removal2,m6,R203,3,3,0,1300221,1300221,0.0,tie
exploratory,removal2,m6,R204,3,3,0,1331038,1331038,0.0,tie
exploratory,removal2,m6,R205,3,3,0,1303717,1303717,0.0,tie
exploratory,removal2,m6,R206,3,3,0,1533607,1533607,0.0,tie
exploratory,removal2,m6,R207,3,3,0,1035524,1035524,0.0,tie
exploratory,removal2,m6,R208,3,3,0,957965,957965,0.0,tie
exploratory,removal2,m6,R209,3,3,0,1303297,1303297,0.0,tie
exploratory,removal2,m6,R210,3,3,0,1443660,1443660,0.0,tie
exploratory,removal2,m6,R211,3,3,0,1516434,1516434,0.0,tie
exploratory,removal2,m6,RC101,17,19,2,2197881,1995564,,worse
exploratory,removal2,m6,RC102,15,15,0,1834933,1834933,0.0,tie
exploratory,removal2,m6,RC103,12,12,0,1731095,1731095,0.0,tie
exploratory,removal2,m6,RC104,11,12,1,1384807,1325631,,worse
exploratory,removal2,m6,RC105,16,16,0,1901679,1901679,0.0,tie
exploratory,removal2,m6,RC106,15,15,0,1848588,2118036,14.575881699978588,worse
exploratory,removal2,m6,RC107,14,14,0,1714626,1714626,0.0,tie
exploratory,removal2,m6,RC108,13,14,1,1642483,1606564,,worse
exploratory,removal2,m6,RC201,4,4,0,1837909,1837909,0.0,tie
exploratory,removal2,m6,RC202,4,4,0,1619243,1619243,0.0,tie
exploratory,removal2,m6,RC203,3,4,1,1437275,1061047,,worse
exploratory,removal2,m6,RC204,3,3,0,1500593,1500593,0.0,tie
exploratory,removal2,m6,RC205,4,4,0,1828115,1960553,7.244511422968469,worse
exploratory,removal2,m6,RC206,4,4,0,1732495,1732495,0.0,tie
exploratory,removal2,m6,RC207,4,4,0,1907431,1907431,0.0,tie
exploratory,removal2,m6,RC208,3,3,0,1373172,1373172,0.0,tie
exploratory,repair_due,control,C101,10,10,0,828937,828937,0.0,tie
exploratory,repair_due,control,C102,10,10,0,1187893,1258583,5.950872679610031,worse
exploratory,repair_due,control,C103,10,10,0,1809960,1788945,-1.1610753828813936,better
exploratory,repair_due,control,C104,10,10,0,1877310,1847498,-1.5880168965168195,better
exploratory,repair_due,control,C105,10,10,0,1039051,1039051,0.0,tie
exploratory,repair_due,control,C106,10,10,0,1084912,1084912,0.0,tie
exploratory,repair_due,control,C107,10,10,0,1037431,1087988,4.873287958428074,worse
exploratory,repair_due,control,C108,10,10,0,1419591,1419591,0.0,tie
exploratory,repair_due,control,C109,10,10,0,1613834,1613769,-0.004027675708906386,better
exploratory,repair_due,control,C201,3,3,0,704252,704252,0.0,tie
exploratory,repair_due,control,C202,3,3,0,746236,746236,0.0,tie
exploratory,repair_due,control,C203,3,3,0,695185,690753,-0.6375281399915167,better
exploratory,repair_due,control,C204,3,3,0,743140,743140,0.0,tie
exploratory,repair_due,control,C205,4,3,-1,912158,753690,,better
exploratory,repair_due,control,C206,4,4,0,1154595,1154595,0.0,tie
exploratory,repair_due,control,C207,4,4,0,980937,980937,0.0,tie
exploratory,repair_due,control,C208,4,4,0,957831,957831,0.0,tie
exploratory,repair_due,control,R101,22,21,-1,1913179,1875855,,better
exploratory,repair_due,control,R102,19,19,0,1744933,1606305,-7.94460303060347,better
exploratory,repair_due,control,R103,14,14,0,1546015,1546015,0.0,tie
exploratory,repair_due,control,R104,11,11,0,1241810,1186697,-4.438118552757664,better
exploratory,repair_due,control,R105,17,17,0,1683209,1683209,0.0,tie
exploratory,repair_due,control,R106,14,14,0,1545086,1545086,0.0,tie
exploratory,repair_due,control,R107,12,12,0,1486083,1283469,-13.634097153389146,better
exploratory,repair_due,control,R108,11,10,-1,1274109,1128679,,better
exploratory,repair_due,control,R109,15,16,1,1669582,1606532,,worse
exploratory,repair_due,control,R110,14,13,-1,1546498,1528254,,better
exploratory,repair_due,control,R111,12,12,0,1453553,1307395,-10.055223304550987,better
exploratory,repair_due,control,R112,13,13,0,1273526,1413165,10.964754547610344,worse
exploratory,repair_due,control,R201,5,4,-1,1726658,1606825,,better
exploratory,repair_due,control,R202,4,4,0,1622244,1622244,0.0,tie
exploratory,repair_due,control,R203,3,3,0,1300221,1300221,0.0,tie
exploratory,repair_due,control,R204,3,3,0,1331038,1331038,0.0,tie
exploratory,repair_due,control,R205,4,4,0,1700248,1700248,0.0,tie
exploratory,repair_due,control,R206,3,3,0,1533607,1533607,0.0,tie
exploratory,repair_due,control,R207,4,4,0,1302528,1302528,0.0,tie
exploratory,repair_due,control,R208,3,3,0,957965,957965,0.0,tie
exploratory,repair_due,control,R209,3,3,0,1303297,1303297,0.0,tie
exploratory,repair_due,control,R210,3,3,0,1443660,1443660,0.0,tie
exploratory,repair_due,control,R211,3,3,0,1516434,1516434,0.0,tie
exploratory,repair_due,control,RC101,19,18,-1,1995564,1983759,,better
exploratory,repair_due,control,RC102,15,15,0,1834933,1756601,-4.2689297102401,better
exploratory,repair_due,control,RC103,12,12,0,1731095,1703532,-1.5922291959713397,better
exploratory,repair_due,control,RC104,12,12,0,1325631,1325395,-0.017802842570824318,better
exploratory,repair_due,control,RC105,16,16,0,1901679,1898780,-0.15244423480513802,better
exploratory,repair_due,control,RC106,15,15,0,2118036,2000053,-5.570396348315132,better
exploratory,repair_due,control,RC107,14,14,0,1714626,1708249,-0.3719178409752333,better
exploratory,repair_due,control,RC108,14,14,0,1606564,1713479,6.6548858308788095,worse
exploratory,repair_due,control,RC201,4,5,1,1837909,2429811,,worse
exploratory,repair_due,control,RC202,4,4,0,1619243,1619243,0.0,tie
exploratory,repair_due,control,RC203,4,4,0,1061047,1061047,0.0,tie
exploratory,repair_due,control,RC204,3,3,0,1500593,1500593,0.0,tie
exploratory,repair_due,control,RC205,4,4,0,1960553,1695820,-13.50297594607236,better
exploratory,repair_due,control,RC206,4,4,0,1732495,1732495,0.0,tie
exploratory,repair_due,control,RC207,4,4,0,1907431,1907431,0.0,tie
exploratory,repair_due,control,RC208,4,3,-1,1913075,1365201,,better
exploratory,repair_due,m6,C101,10,10,0,828937,828937,0.0,tie
exploratory,repair_due,m6,C102,10,10,0,1187893,1258583,5.950872679610031,worse
exploratory,repair_due,m6,C103,10,10,0,1809960,1788945,-1.1610753828813936,better
exploratory,repair_due,m6,C104,10,10,0,1832644,1847498,0.8105229384430368,worse
exploratory,repair_due,m6,C105,10,10,0,1039051,1039051,0.0,tie
exploratory,repair_due,m6,C106,10,10,0,1057640,1084912,2.578571158428189,worse
exploratory,repair_due,m6,C107,10,10,0,1037431,1087988,4.873287958428074,worse
exploratory,repair_due,m6,C108,10,10,0,1310760,1419591,8.30289297811957,worse
exploratory,repair_due,m6,C109,10,10,0,1609856,1613769,0.24306521825554483,worse
exploratory,repair_due,m6,C201,3,3,0,704252,704252,0.0,tie
exploratory,repair_due,m6,C202,3,3,0,746236,746236,0.0,tie
exploratory,repair_due,m6,C203,3,3,0,681508,690753,1.356550473362006,worse
exploratory,repair_due,m6,C204,3,3,0,743140,743140,0.0,tie
exploratory,repair_due,m6,C205,3,3,0,743690,753690,1.3446462907932055,worse
exploratory,repair_due,m6,C206,3,4,1,683819,1154595,,worse
exploratory,repair_due,m6,C207,3,4,1,661621,980937,,worse
exploratory,repair_due,m6,C208,3,4,1,717683,957831,,worse
exploratory,repair_due,m6,R101,21,21,0,1948827,1875855,-3.744406250529164,better
exploratory,repair_due,m6,R102,19,19,0,1744933,1606305,-7.94460303060347,better
exploratory,repair_due,m6,R103,14,14,0,1546015,1546015,0.0,tie
exploratory,repair_due,m6,R104,11,11,0,1241810,1186697,-4.438118552757664,better
exploratory,repair_due,m6,R105,17,17,0,1683209,1683209,0.0,tie
exploratory,repair_due,m6,R106,14,14,0,1545086,1545086,0.0,tie
exploratory,repair_due,m6,R107,12,12,0,1479101,1283469,-13.226412530314025,better
exploratory,repair_due,m6,R108,11,10,-1,1274109,1128679,,better
exploratory,repair_due,m6,R109,14,16,2,1458883,1606532,,worse
exploratory,repair_due,m6,R110,13,13,0,1463925,1528254,4.394282493980217,worse
exploratory,repair_due,m6,R111,12,12,0,1453553,1307395,-10.055223304550987,better
exploratory,repair_due,m6,R112,12,13,1,1508833,1413165,,worse
exploratory,repair_due,m6,R201,4,4,0,1534914,1606825,4.685018183429168,worse
exploratory,repair_due,m6,R202,4,4,0,1622244,1622244,0.0,tie
exploratory,repair_due,m6,R203,3,3,0,1300221,1300221,0.0,tie
exploratory,repair_due,m6,R204,3,3,0,1331038,1331038,0.0,tie
exploratory,repair_due,m6,R205,3,4,1,1303717,1700248,,worse
exploratory,repair_due,m6,R206,3,3,0,1533607,1533607,0.0,tie
exploratory,repair_due,m6,R207,3,4,1,1035524,1302528,,worse
exploratory,repair_due,m6,R208,3,3,0,957965,957965,0.0,tie
exploratory,repair_due,m6,R209,3,3,0,1303297,1303297,0.0,tie
exploratory,repair_due,m6,R210,3,3,0,1443660,1443660,0.0,tie
exploratory,repair_due,m6,R211,3,3,0,1516434,1516434,0.0,tie
exploratory,repair_due,m6,RC101,17,18,1,2197881,1983759,,worse
exploratory,repair_due,m6,RC102,15,15,0,1834933,1756601,-4.2689297102401,better
exploratory,repair_due,m6,RC103,12,12,0,1731095,1703532,-1.5922291959713397,better
exploratory,repair_due,m6,RC104,11,12,1,1384807,1325395,,worse
exploratory,repair_due,m6,RC105,16,16,0,1901679,1898780,-0.15244423480513802,better
exploratory,repair_due,m6,RC106,15,15,0,1848588,2000053,8.193550969713105,worse
exploratory,repair_due,m6,RC107,14,14,0,1714626,1708249,-0.3719178409752333,better
exploratory,repair_due,m6,RC108,13,14,1,1642483,1713479,,worse
exploratory,repair_due,m6,RC201,4,5,1,1837909,2429811,,worse
exploratory,repair_due,m6,RC202,4,4,0,1619243,1619243,0.0,tie
exploratory,repair_due,m6,RC203,3,4,1,1437275,1061047,,worse
exploratory,repair_due,m6,RC204,3,3,0,1500593,1500593,0.0,tie
exploratory,repair_due,m6,RC205,4,4,0,1828115,1695820,-7.236689157957787,better
exploratory,repair_due,m6,RC206,4,4,0,1732495,1732495,0.0,tie
exploratory,repair_due,m6,RC207,4,4,0,1907431,1907431,0.0,tie
exploratory,repair_due,m6,RC208,3,3,0,1373172,1365201,-0.5804808137655049,better
exploratory,repair_slack,control,C101,10,11,1,828937,1020926,,worse
exploratory,repair_slack,control,C102,10,10,0,1187893,1258583,5.950872679610031,worse
exploratory,repair_slack,control,C103,10,10,0,1809960,1788945,-1.1610753828813936,better
exploratory,repair_slack,control,C104,10,10,0,1877310,1868896,-0.44819449105368836,better
exploratory,repair_slack,control,C105,10,11,1,1039051,1244285,,worse
exploratory,repair_slack,control,C106,10,11,1,1084912,1323826,,worse
exploratory,repair_slack,control,C107,10,10,0,1037431,1087988,4.873287958428074,worse
exploratory,repair_slack,control,C108,10,11,1,1419591,2132182,,worse
exploratory,repair_slack,control,C109,10,10,0,1613834,1613769,-0.004027675708906386,better
exploratory,repair_slack,control,C201,3,3,0,704252,704252,0.0,tie
exploratory,repair_slack,control,C202,3,3,0,746236,746236,0.0,tie
exploratory,repair_slack,control,C203,3,3,0,695185,690753,-0.6375281399915167,better
exploratory,repair_slack,control,C204,3,3,0,743140,743140,0.0,tie
exploratory,repair_slack,control,C205,4,3,-1,912158,753690,,better
exploratory,repair_slack,control,C206,4,4,0,1154595,1154595,0.0,tie
exploratory,repair_slack,control,C207,4,4,0,980937,980937,0.0,tie
exploratory,repair_slack,control,C208,4,4,0,957831,957831,0.0,tie
exploratory,repair_slack,control,R101,22,21,-1,1913179,1875855,,better
exploratory,repair_slack,control,R102,19,19,0,1744933,1606305,-7.94460303060347,better
exploratory,repair_slack,control,R103,14,14,0,1546015,1546015,0.0,tie
exploratory,repair_slack,control,R104,11,10,-1,1241810,1248948,,better
exploratory,repair_slack,control,R105,17,17,0,1683209,1683209,0.0,tie
exploratory,repair_slack,control,R106,14,14,0,1545086,1536772,-0.538093025242603,better
exploratory,repair_slack,control,R107,12,11,-1,1486083,1454570,,better
exploratory,repair_slack,control,R108,11,11,0,1274109,1335543,4.821722474293799,worse
exploratory,repair_slack,control,R109,15,16,1,1669582,1620688,,worse
exploratory,repair_slack,control,R110,14,13,-1,1546498,1497054,,better
exploratory,repair_slack,control,R111,12,12,0,1453553,1430358,-1.5957450467922407,better
exploratory,repair_slack,control,R112,13,13,0,1273526,1531605,20.264918030727298,worse
exploratory,repair_slack,control,R201,5,4,-1,1726658,1528479,,better
exploratory,repair_slack,control,R202,4,4,0,1622244,1622244,0.0,tie
exploratory,repair_slack,control,R203,3,3,0,1300221,1298706,-0.11651865336739231,better
exploratory,repair_slack,control,R204,3,3,0,1331038,1331038,0.0,tie
exploratory,repair_slack,control,R205,4,4,0,1700248,1700248,0.0,tie
exploratory,repair_slack,control,R206,3,3,0,1533607,1533607,0.0,tie
exploratory,repair_slack,control,R207,4,4,0,1302528,1302528,0.0,tie
exploratory,repair_slack,control,R208,3,3,0,957965,957965,0.0,tie
exploratory,repair_slack,control,R209,3,3,0,1303297,1284368,-1.4523934298935726,better
exploratory,repair_slack,control,R210,3,3,0,1443660,1443660,0.0,tie
exploratory,repair_slack,control,R211,3,3,0,1516434,1516434,0.0,tie
exploratory,repair_slack,control,RC101,19,18,-1,1995564,2077534,,better
exploratory,repair_slack,control,RC102,15,15,0,1834933,1845392,0.5699935637976994,worse
exploratory,repair_slack,control,RC103,12,12,0,1731095,1653838,-4.4628977612436005,better
exploratory,repair_slack,control,RC104,12,12,0,1325631,1450554,9.42366314607912,worse
exploratory,repair_slack,control,RC105,16,16,0,1901679,1832241,-3.651404890099752,better
exploratory,repair_slack,control,RC106,15,15,0,2118036,1934952,-8.64404571027121,better
exploratory,repair_slack,control,RC107,14,15,1,1714626,1898063,,worse
exploratory,repair_slack,control,RC108,14,14,0,1606564,1830680,13.950020042774526,worse
exploratory,repair_slack,control,RC201,4,5,1,1837909,2429811,,worse
exploratory,repair_slack,control,RC202,4,4,0,1619243,1923595,18.79594353657852,worse
exploratory,repair_slack,control,RC203,4,4,0,1061047,1106765,4.308762948295408,worse
exploratory,repair_slack,control,RC204,3,3,0,1500593,1500593,0.0,tie
exploratory,repair_slack,control,RC205,4,4,0,1960553,1664845,-15.082887328218108,better
exploratory,repair_slack,control,RC206,4,4,0,1732495,1732495,0.0,tie
exploratory,repair_slack,control,RC207,4,4,0,1907431,1907431,0.0,tie
exploratory,repair_slack,control,RC208,4,4,0,1913075,1913075,0.0,tie
exploratory,repair_slack,m6,C101,10,11,1,828937,1020926,,worse
exploratory,repair_slack,m6,C102,10,10,0,1187893,1258583,5.950872679610031,worse
exploratory,repair_slack,m6,C103,10,10,0,1809960,1788945,-1.1610753828813936,better
exploratory,repair_slack,m6,C104,10,10,0,1832644,1868896,1.9781255934049335,worse
exploratory,repair_slack,m6,C105,10,11,1,1039051,1244285,,worse
exploratory,repair_slack,m6,C106,10,11,1,1057640,1323826,,worse
exploratory,repair_slack,m6,C107,10,10,0,1037431,1087988,4.873287958428074,worse
exploratory,repair_slack,m6,C108,10,11,1,1310760,2132182,,worse
exploratory,repair_slack,m6,C109,10,10,0,1609856,1613769,0.24306521825554483,worse
exploratory,repair_slack,m6,C201,3,3,0,704252,704252,0.0,tie
exploratory,repair_slack,m6,C202,3,3,0,746236,746236,0.0,tie
exploratory,repair_slack,m6,C203,3,3,0,681508,690753,1.356550473362006,worse
exploratory,repair_slack,m6,C204,3,3,0,743140,743140,0.0,tie
exploratory,repair_slack,m6,C205,3,3,0,743690,753690,1.3446462907932055,worse
exploratory,repair_slack,m6,C206,3,4,1,683819,1154595,,worse
exploratory,repair_slack,m6,C207,3,4,1,661621,980937,,worse
exploratory,repair_slack,m6,C208,3,4,1,717683,957831,,worse
exploratory,repair_slack,m6,R101,21,21,0,1948827,1875855,-3.744406250529164,better
exploratory,repair_slack,m6,R102,19,19,0,1744933,1606305,-7.94460303060347,better
exploratory,repair_slack,m6,R103,14,14,0,1546015,1546015,0.0,tie
exploratory,repair_slack,m6,R104,11,10,-1,1241810,1248948,,better
exploratory,repair_slack,m6,R105,17,17,0,1683209,1683209,0.0,tie
exploratory,repair_slack,m6,R106,14,14,0,1545086,1536772,-0.538093025242603,better
exploratory,repair_slack,m6,R107,12,11,-1,1479101,1454570,,better
exploratory,repair_slack,m6,R108,11,11,0,1274109,1335543,4.821722474293799,worse
exploratory,repair_slack,m6,R109,14,16,2,1458883,1620688,,worse
exploratory,repair_slack,m6,R110,13,13,0,1463925,1497054,2.2630257697628053,worse
exploratory,repair_slack,m6,R111,12,12,0,1453553,1430358,-1.5957450467922407,better
exploratory,repair_slack,m6,R112,12,13,1,1508833,1531605,,worse
exploratory,repair_slack,m6,R201,4,4,0,1534914,1528479,-0.4192417295040607,better
exploratory,repair_slack,m6,R202,4,4,0,1622244,1622244,0.0,tie
exploratory,repair_slack,m6,R203,3,3,0,1300221,1298706,-0.11651865336739231,better
exploratory,repair_slack,m6,R204,3,3,0,1331038,1331038,0.0,tie
exploratory,repair_slack,m6,R205,3,4,1,1303717,1700248,,worse
exploratory,repair_slack,m6,R206,3,3,0,1533607,1533607,0.0,tie
exploratory,repair_slack,m6,R207,3,4,1,1035524,1302528,,worse
exploratory,repair_slack,m6,R208,3,3,0,957965,957965,0.0,tie
exploratory,repair_slack,m6,R209,3,3,0,1303297,1284368,-1.4523934298935726,better
exploratory,repair_slack,m6,R210,3,3,0,1443660,1443660,0.0,tie
exploratory,repair_slack,m6,R211,3,3,0,1516434,1516434,0.0,tie
exploratory,repair_slack,m6,RC101,17,18,1,2197881,2077534,,worse
exploratory,repair_slack,m6,RC102,15,15,0,1834933,1845392,0.5699935637976994,worse
exploratory,repair_slack,m6,RC103,12,12,0,1731095,1653838,-4.4628977612436005,better
exploratory,repair_slack,m6,RC104,11,12,1,1384807,1450554,,worse
exploratory,repair_slack,m6,RC105,16,16,0,1901679,1832241,-3.651404890099752,better
exploratory,repair_slack,m6,RC106,15,15,0,1848588,1934952,4.671890112886157,worse
exploratory,repair_slack,m6,RC107,14,15,1,1714626,1898063,,worse
exploratory,repair_slack,m6,RC108,13,14,1,1642483,1830680,,worse
exploratory,repair_slack,m6,RC201,4,5,1,1837909,2429811,,worse
exploratory,repair_slack,m6,RC202,4,4,0,1619243,1923595,18.79594353657852,worse
exploratory,repair_slack,m6,RC203,3,4,1,1437275,1106765,,worse
exploratory,repair_slack,m6,RC204,3,3,0,1500593,1500593,0.0,tie
exploratory,repair_slack,m6,RC205,4,4,0,1828115,1664845,-8.931057400655861,better
exploratory,repair_slack,m6,RC206,4,4,0,1732495,1732495,0.0,tie
exploratory,repair_slack,m6,RC207,4,4,0,1907431,1907431,0.0,tie
exploratory,repair_slack,m6,RC208,3,4,1,1373172,1913075,,worse
exploratory,reserve20,control,C101,10,10,0,828937,828937,0.0,tie
exploratory,reserve20,control,C102,10,10,0,1187893,1258583,5.950872679610031,worse
exploratory,reserve20,control,C103,10,10,0,1809960,1812148,0.12088664942870864,worse
exploratory,reserve20,control,C104,10,10,0,1877310,1877310,0.0,tie
exploratory,reserve20,control,C105,10,10,0,1039051,1039051,0.0,tie
exploratory,reserve20,control,C106,10,10,0,1084912,1084912,0.0,tie
exploratory,reserve20,control,C107,10,10,0,1037431,1037431,0.0,tie
exploratory,reserve20,control,C108,10,10,0,1419591,1419591,0.0,tie
exploratory,reserve20,control,C109,10,10,0,1613834,1613834,0.0,tie
exploratory,reserve20,control,C201,3,3,0,704252,704252,0.0,tie
exploratory,reserve20,control,C202,3,3,0,746236,746236,0.0,tie
exploratory,reserve20,control,C203,3,4,1,695185,847291,,worse
exploratory,reserve20,control,C204,3,4,1,743140,1400607,,worse
exploratory,reserve20,control,C205,4,4,0,912158,868480,-4.788424812368031,better
exploratory,reserve20,control,C206,4,4,0,1154595,1149782,-0.41685612704022157,better
exploratory,reserve20,control,C207,4,4,0,980937,968614,-1.2562478528182708,better
exploratory,reserve20,control,C208,4,4,0,957831,925653,-3.3594652918938706,better
exploratory,reserve20,control,R101,22,22,0,1913179,1906946,-0.3257928296306778,better
exploratory,reserve20,control,R102,19,19,0,1744933,1736182,-0.5015092270018395,better
exploratory,reserve20,control,R103,14,14,0,1546015,1540040,-0.3864774921329972,better
exploratory,reserve20,control,R104,11,11,0,1241810,1210304,-2.5371030995079757,better
exploratory,reserve20,control,R105,17,17,0,1683209,1670400,-0.7609869006166226,better
exploratory,reserve20,control,R106,14,15,1,1545086,1523712,,worse
exploratory,reserve20,control,R107,12,12,0,1486083,1486083,0.0,tie
exploratory,reserve20,control,R108,11,11,0,1274109,1272481,-0.12777556708256643,better
exploratory,reserve20,control,R109,15,16,1,1669582,1573398,,worse
exploratory,reserve20,control,R110,14,14,0,1546498,1534328,-0.7869392653595431,better
exploratory,reserve20,control,R111,12,12,0,1453553,1442320,-0.7727960383969501,better
exploratory,reserve20,control,R112,13,13,0,1273526,1273526,0.0,tie
exploratory,reserve20,control,R201,5,5,0,1726658,1711592,-0.8725526421561214,better
exploratory,reserve20,control,R202,4,4,0,1622244,1622244,0.0,tie
exploratory,reserve20,control,R203,3,3,0,1300221,1290510,-0.7468730315846273,better
exploratory,reserve20,control,R204,3,3,0,1331038,1272065,-4.4306022818281665,better
exploratory,reserve20,control,R205,4,4,0,1700248,1667325,-1.936364577402827,better
exploratory,reserve20,control,R206,3,3,0,1533607,1531545,-0.13445426370640723,better
exploratory,reserve20,control,R207,4,4,0,1302528,1293938,-0.6594867826257844,better
exploratory,reserve20,control,R208,3,3,0,957965,957965,0.0,tie
exploratory,reserve20,control,R209,3,4,1,1303297,1706116,,worse
exploratory,reserve20,control,R210,3,3,0,1443660,1437062,-0.4570328193619022,better
exploratory,reserve20,control,R211,3,3,0,1516434,1505861,-0.6972278384684061,better
exploratory,reserve20,control,RC101,19,19,0,1995564,1957565,-1.9041734567270208,better
exploratory,reserve20,control,RC102,15,15,0,1834933,1834933,0.0,tie
exploratory,reserve20,control,RC103,12,12,0,1731095,1730552,-0.03136742928608882,better
exploratory,reserve20,control,RC104,12,12,0,1325631,1322243,-0.2555764009743333,better
exploratory,reserve20,control,RC105,16,16,0,1901679,1893226,-0.4445019374983872,better
exploratory,reserve20,control,RC106,15,16,1,2118036,1782018,,worse
exploratory,reserve20,control,RC107,14,14,0,1714626,1701132,-0.7869937817343242,better
exploratory,reserve20,control,RC108,14,14,0,1606564,1606564,0.0,tie
exploratory,reserve20,control,RC201,4,5,1,1837909,2386018,,worse
exploratory,reserve20,control,RC202,4,4,0,1619243,1619243,0.0,tie
exploratory,reserve20,control,RC203,4,4,0,1061047,1061047,0.0,tie
exploratory,reserve20,control,RC204,3,3,0,1500593,1485242,-1.0229955757490528,better
exploratory,reserve20,control,RC205,4,5,1,1960553,2043689,,worse
exploratory,reserve20,control,RC206,4,4,0,1732495,2067894,19.359305510261215,worse
exploratory,reserve20,control,RC207,4,4,0,1907431,1907431,0.0,tie
exploratory,reserve20,control,RC208,4,4,0,1913075,1909257,-0.19957398429230055,better
exploratory,reserve20,m6,C101,10,10,0,828937,828937,0.0,tie
exploratory,reserve20,m6,C102,10,10,0,1187893,1258583,5.950872679610031,worse
exploratory,reserve20,m6,C103,10,10,0,1809960,1812148,0.12088664942870864,worse
exploratory,reserve20,m6,C104,10,10,0,1832644,1877310,2.4372436763495875,worse
exploratory,reserve20,m6,C105,10,10,0,1039051,1039051,0.0,tie
exploratory,reserve20,m6,C106,10,10,0,1057640,1084912,2.578571158428189,worse
exploratory,reserve20,m6,C107,10,10,0,1037431,1037431,0.0,tie
exploratory,reserve20,m6,C108,10,10,0,1310760,1419591,8.30289297811957,worse
exploratory,reserve20,m6,C109,10,10,0,1609856,1613834,0.2471028464657632,worse
exploratory,reserve20,m6,C201,3,3,0,704252,704252,0.0,tie
exploratory,reserve20,m6,C202,3,3,0,746236,746236,0.0,tie
exploratory,reserve20,m6,C203,3,4,1,681508,847291,,worse
exploratory,reserve20,m6,C204,3,4,1,743140,1400607,,worse
exploratory,reserve20,m6,C205,3,4,1,743690,868480,,worse
exploratory,reserve20,m6,C206,3,4,1,683819,1149782,,worse
exploratory,reserve20,m6,C207,3,4,1,661621,968614,,worse
exploratory,reserve20,m6,C208,3,4,1,717683,925653,,worse
exploratory,reserve20,m6,R101,21,22,1,1948827,1906946,,worse
exploratory,reserve20,m6,R102,19,19,0,1744933,1736182,-0.5015092270018395,better
exploratory,reserve20,m6,R103,14,14,0,1546015,1540040,-0.3864774921329972,better
exploratory,reserve20,m6,R104,11,11,0,1241810,1210304,-2.5371030995079757,better
exploratory,reserve20,m6,R105,17,17,0,1683209,1670400,-0.7609869006166226,better
exploratory,reserve20,m6,R106,14,15,1,1545086,1523712,,worse
exploratory,reserve20,m6,R107,12,12,0,1479101,1486083,0.4720434912828697,worse
exploratory,reserve20,m6,R108,11,11,0,1274109,1272481,-0.12777556708256643,better
exploratory,reserve20,m6,R109,14,16,2,1458883,1573398,,worse
exploratory,reserve20,m6,R110,13,14,1,1463925,1534328,,worse
exploratory,reserve20,m6,R111,12,12,0,1453553,1442320,-0.7727960383969501,better
exploratory,reserve20,m6,R112,12,13,1,1508833,1273526,,worse
exploratory,reserve20,m6,R201,4,5,1,1534914,1711592,,worse
exploratory,reserve20,m6,R202,4,4,0,1622244,1622244,0.0,tie
exploratory,reserve20,m6,R203,3,3,0,1300221,1290510,-0.7468730315846273,better
exploratory,reserve20,m6,R204,3,3,0,1331038,1272065,-4.4306022818281665,better
exploratory,reserve20,m6,R205,3,4,1,1303717,1667325,,worse
exploratory,reserve20,m6,R206,3,3,0,1533607,1531545,-0.13445426370640723,better
exploratory,reserve20,m6,R207,3,4,1,1035524,1293938,,worse
exploratory,reserve20,m6,R208,3,3,0,957965,957965,0.0,tie
exploratory,reserve20,m6,R209,3,4,1,1303297,1706116,,worse
exploratory,reserve20,m6,R210,3,3,0,1443660,1437062,-0.4570328193619022,better
exploratory,reserve20,m6,R211,3,3,0,1516434,1505861,-0.6972278384684061,better
exploratory,reserve20,m6,RC101,17,19,2,2197881,1957565,,worse
exploratory,reserve20,m6,RC102,15,15,0,1834933,1834933,0.0,tie
exploratory,reserve20,m6,RC103,12,12,0,1731095,1730552,-0.03136742928608882,better
exploratory,reserve20,m6,RC104,11,12,1,1384807,1322243,,worse
exploratory,reserve20,m6,RC105,16,16,0,1901679,1893226,-0.4445019374983872,better
exploratory,reserve20,m6,RC106,15,16,1,1848588,1782018,,worse
exploratory,reserve20,m6,RC107,14,14,0,1714626,1701132,-0.7869937817343242,better
exploratory,reserve20,m6,RC108,13,14,1,1642483,1606564,,worse
exploratory,reserve20,m6,RC201,4,5,1,1837909,2386018,,worse
exploratory,reserve20,m6,RC202,4,4,0,1619243,1619243,0.0,tie
exploratory,reserve20,m6,RC203,3,4,1,1437275,1061047,,worse
exploratory,reserve20,m6,RC204,3,3,0,1500593,1485242,-1.0229955757490528,better
exploratory,reserve20,m6,RC205,4,5,1,1828115,2043689,,worse
exploratory,reserve20,m6,RC206,4,4,0,1732495,2067894,19.359305510261215,worse
exploratory,reserve20,m6,RC207,4,4,0,1907431,1907431,0.0,tie
exploratory,reserve20,m6,RC208,3,4,1,1373172,1909257,,worse
exploratory,restart5,control,C101,10,10,0,828937,828937,0.0,tie
exploratory,restart5,control,C102,10,10,0,1187893,1258583,5.950872679610031,worse
exploratory,restart5,control,C103,10,10,0,1809960,1812148,0.12088664942870864,worse
exploratory,restart5,control,C104,10,10,0,1877310,1877310,0.0,tie
exploratory,restart5,control,C105,10,10,0,1039051,1039051,0.0,tie
exploratory,restart5,control,C106,10,10,0,1084912,1084912,0.0,tie
exploratory,restart5,control,C107,10,10,0,1037431,1037431,0.0,tie
exploratory,restart5,control,C108,10,10,0,1419591,1419591,0.0,tie
exploratory,restart5,control,C109,10,10,0,1613834,1613834,0.0,tie
exploratory,restart5,control,C201,3,3,0,704252,704252,0.0,tie
exploratory,restart5,control,C202,3,3,0,746236,746236,0.0,tie
exploratory,restart5,control,C203,3,3,0,695185,690753,-0.6375281399915167,better
exploratory,restart5,control,C204,3,3,0,743140,743140,0.0,tie
exploratory,restart5,control,C205,4,3,-1,912158,753690,,better
exploratory,restart5,control,C206,4,4,0,1154595,1154595,0.0,tie
exploratory,restart5,control,C207,4,4,0,980937,980937,0.0,tie
exploratory,restart5,control,C208,4,4,0,957831,957831,0.0,tie
exploratory,restart5,control,R101,22,22,0,1913179,1913179,0.0,tie
exploratory,restart5,control,R102,19,19,0,1744933,1744933,0.0,tie
exploratory,restart5,control,R103,14,14,0,1546015,1546015,0.0,tie
exploratory,restart5,control,R104,11,11,0,1241810,1241810,0.0,tie
exploratory,restart5,control,R105,17,17,0,1683209,1683209,0.0,tie
exploratory,restart5,control,R106,14,14,0,1545086,1545086,0.0,tie
exploratory,restart5,control,R107,12,12,0,1486083,1486083,0.0,tie
exploratory,restart5,control,R108,11,11,0,1274109,1274109,0.0,tie
exploratory,restart5,control,R109,15,15,0,1669582,1669582,0.0,tie
exploratory,restart5,control,R110,14,14,0,1546498,1546498,0.0,tie
exploratory,restart5,control,R111,12,12,0,1453553,1453553,0.0,tie
exploratory,restart5,control,R112,13,13,0,1273526,1273526,0.0,tie
exploratory,restart5,control,R201,5,5,0,1726658,1726658,0.0,tie
exploratory,restart5,control,R202,4,4,0,1622244,1622244,0.0,tie
exploratory,restart5,control,R203,3,3,0,1300221,1300221,0.0,tie
exploratory,restart5,control,R204,3,3,0,1331038,1331038,0.0,tie
exploratory,restart5,control,R205,4,4,0,1700248,1700248,0.0,tie
exploratory,restart5,control,R206,3,3,0,1533607,1533607,0.0,tie
exploratory,restart5,control,R207,4,4,0,1302528,1302528,0.0,tie
exploratory,restart5,control,R208,3,3,0,957965,957965,0.0,tie
exploratory,restart5,control,R209,3,4,1,1303297,1712415,,worse
exploratory,restart5,control,R210,3,3,0,1443660,1443660,0.0,tie
exploratory,restart5,control,R211,3,3,0,1516434,1516434,0.0,tie
exploratory,restart5,control,RC101,19,19,0,1995564,1995564,0.0,tie
exploratory,restart5,control,RC102,15,15,0,1834933,1834933,0.0,tie
exploratory,restart5,control,RC103,12,12,0,1731095,1731095,0.0,tie
exploratory,restart5,control,RC104,12,12,0,1325631,1325631,0.0,tie
exploratory,restart5,control,RC105,16,16,0,1901679,1901679,0.0,tie
exploratory,restart5,control,RC106,15,15,0,2118036,2118036,0.0,tie
exploratory,restart5,control,RC107,14,14,0,1714626,1714626,0.0,tie
exploratory,restart5,control,RC108,14,14,0,1606564,1606564,0.0,tie
exploratory,restart5,control,RC201,4,4,0,1837909,1837909,0.0,tie
exploratory,restart5,control,RC202,4,4,0,1619243,1619243,0.0,tie
exploratory,restart5,control,RC203,4,4,0,1061047,1061047,0.0,tie
exploratory,restart5,control,RC204,3,3,0,1500593,1500593,0.0,tie
exploratory,restart5,control,RC205,4,4,0,1960553,1960553,0.0,tie
exploratory,restart5,control,RC206,4,4,0,1732495,1732495,0.0,tie
exploratory,restart5,control,RC207,4,4,0,1907431,1907431,0.0,tie
exploratory,restart5,control,RC208,4,4,0,1913075,1913075,0.0,tie
exploratory,restart5,m6,C101,10,10,0,828937,828937,0.0,tie
exploratory,restart5,m6,C102,10,10,0,1187893,1258583,5.950872679610031,worse
exploratory,restart5,m6,C103,10,10,0,1809960,1812148,0.12088664942870864,worse
exploratory,restart5,m6,C104,10,10,0,1832644,1877310,2.4372436763495875,worse
exploratory,restart5,m6,C105,10,10,0,1039051,1039051,0.0,tie
exploratory,restart5,m6,C106,10,10,0,1057640,1084912,2.578571158428189,worse
exploratory,restart5,m6,C107,10,10,0,1037431,1037431,0.0,tie
exploratory,restart5,m6,C108,10,10,0,1310760,1419591,8.30289297811957,worse
exploratory,restart5,m6,C109,10,10,0,1609856,1613834,0.2471028464657632,worse
exploratory,restart5,m6,C201,3,3,0,704252,704252,0.0,tie
exploratory,restart5,m6,C202,3,3,0,746236,746236,0.0,tie
exploratory,restart5,m6,C203,3,3,0,681508,690753,1.356550473362006,worse
exploratory,restart5,m6,C204,3,3,0,743140,743140,0.0,tie
exploratory,restart5,m6,C205,3,3,0,743690,753690,1.3446462907932055,worse
exploratory,restart5,m6,C206,3,4,1,683819,1154595,,worse
exploratory,restart5,m6,C207,3,4,1,661621,980937,,worse
exploratory,restart5,m6,C208,3,4,1,717683,957831,,worse
exploratory,restart5,m6,R101,21,22,1,1948827,1913179,,worse
exploratory,restart5,m6,R102,19,19,0,1744933,1744933,0.0,tie
exploratory,restart5,m6,R103,14,14,0,1546015,1546015,0.0,tie
exploratory,restart5,m6,R104,11,11,0,1241810,1241810,0.0,tie
exploratory,restart5,m6,R105,17,17,0,1683209,1683209,0.0,tie
exploratory,restart5,m6,R106,14,14,0,1545086,1545086,0.0,tie
exploratory,restart5,m6,R107,12,12,0,1479101,1486083,0.4720434912828697,worse
exploratory,restart5,m6,R108,11,11,0,1274109,1274109,0.0,tie
exploratory,restart5,m6,R109,14,15,1,1458883,1669582,,worse
exploratory,restart5,m6,R110,13,14,1,1463925,1546498,,worse
exploratory,restart5,m6,R111,12,12,0,1453553,1453553,0.0,tie
exploratory,restart5,m6,R112,12,13,1,1508833,1273526,,worse
exploratory,restart5,m6,R201,4,5,1,1534914,1726658,,worse
exploratory,restart5,m6,R202,4,4,0,1622244,1622244,0.0,tie
exploratory,restart5,m6,R203,3,3,0,1300221,1300221,0.0,tie
exploratory,restart5,m6,R204,3,3,0,1331038,1331038,0.0,tie
exploratory,restart5,m6,R205,3,4,1,1303717,1700248,,worse
exploratory,restart5,m6,R206,3,3,0,1533607,1533607,0.0,tie
exploratory,restart5,m6,R207,3,4,1,1035524,1302528,,worse
exploratory,restart5,m6,R208,3,3,0,957965,957965,0.0,tie
exploratory,restart5,m6,R209,3,4,1,1303297,1712415,,worse
exploratory,restart5,m6,R210,3,3,0,1443660,1443660,0.0,tie
exploratory,restart5,m6,R211,3,3,0,1516434,1516434,0.0,tie
exploratory,restart5,m6,RC101,17,19,2,2197881,1995564,,worse
exploratory,restart5,m6,RC102,15,15,0,1834933,1834933,0.0,tie
exploratory,restart5,m6,RC103,12,12,0,1731095,1731095,0.0,tie
exploratory,restart5,m6,RC104,11,12,1,1384807,1325631,,worse
exploratory,restart5,m6,RC105,16,16,0,1901679,1901679,0.0,tie
exploratory,restart5,m6,RC106,15,15,0,1848588,2118036,14.575881699978588,worse
exploratory,restart5,m6,RC107,14,14,0,1714626,1714626,0.0,tie
exploratory,restart5,m6,RC108,13,14,1,1642483,1606564,,worse
exploratory,restart5,m6,RC201,4,4,0,1837909,1837909,0.0,tie
exploratory,restart5,m6,RC202,4,4,0,1619243,1619243,0.0,tie
exploratory,restart5,m6,RC203,3,4,1,1437275,1061047,,worse
exploratory,restart5,m6,RC204,3,3,0,1500593,1500593,0.0,tie
exploratory,restart5,m6,RC205,4,4,0,1828115,1960553,7.244511422968469,worse
exploratory,restart5,m6,RC206,4,4,0,1732495,1732495,0.0,tie
exploratory,restart5,m6,RC207,4,4,0,1907431,1907431,0.0,tie
exploratory,restart5,m6,RC208,3,4,1,1373172,1913075,,worse
confirmation,balanced,control,C101,10,10,0,828937,828937,0.0,tie
confirmation,balanced,control,C102,10,10,0,1187893,1258583,5.950872679610031,worse
confirmation,balanced,control,C103,10,10,0,1809960,1788945,-1.1610753828813936,better
confirmation,balanced,control,C104,10,10,0,1838987,1847498,0.46280914438221465,worse
confirmation,balanced,control,C105,10,10,0,1039051,1039051,0.0,tie
confirmation,balanced,control,C106,10,10,0,1084912,1084912,0.0,tie
confirmation,balanced,control,C107,10,10,0,1037431,1087988,4.873287958428074,worse
confirmation,balanced,control,C108,10,10,0,1419591,1419591,0.0,tie
confirmation,balanced,control,C109,10,10,0,1613834,1613769,-0.004027675708906386,better
confirmation,balanced,control,C201,3,3,0,704252,704252,0.0,tie
confirmation,balanced,control,C202,3,3,0,746236,746236,0.0,tie
confirmation,balanced,control,C203,4,3,-1,894861,681508,,better
confirmation,balanced,control,C204,3,3,0,780549,743140,-4.792652351101601,better
confirmation,balanced,control,C205,4,4,0,912158,912158,0.0,tie
confirmation,balanced,control,C206,4,4,0,1154595,1154595,0.0,tie
confirmation,balanced,control,C207,4,4,0,980937,980937,0.0,tie
confirmation,balanced,control,C208,4,4,0,957831,957831,0.0,tie
confirmation,balanced,control,R101,22,21,-1,1914025,1869142,,better
confirmation,balanced,control,R102,19,19,0,1744933,1606305,-7.94460303060347,better
confirmation,balanced,control,R103,14,14,0,1546015,1542786,-0.20885955181547677,better
confirmation,balanced,control,R104,11,11,0,1241810,1184423,-4.621238353693402,better
confirmation,balanced,control,R105,17,17,0,1683209,1670400,-0.7609869006166226,better
confirmation,balanced,control,R106,14,14,0,1559373,1540595,-1.2042019452690234,better
confirmation,balanced,control,R107,12,12,0,1486083,1283469,-13.634097153389146,better
confirmation,balanced,control,R108,11,10,-1,1274109,1128679,,better
confirmation,balanced,control,R109,16,15,-1,1597195,1620157,,better
confirmation,balanced,control,R110,14,13,-1,1546498,1523698,,better
confirmation,balanced,control,R111,12,12,0,1453553,1307395,-10.055223304550987,better
confirmation,balanced,control,R112,13,13,0,1273526,1413165,10.964754547610344,worse
confirmation,balanced,control,R201,5,4,-1,1726658,1606825,,better
confirmation,balanced,control,R202,4,4,0,1622244,1622244,0.0,tie
confirmation,balanced,control,R203,3,3,0,1300221,1300221,0.0,tie
confirmation,balanced,control,R204,3,3,0,1331038,1331038,0.0,tie
confirmation,balanced,control,R205,4,4,0,1700248,1700248,0.0,tie
confirmation,balanced,control,R206,3,3,0,1533607,1533607,0.0,tie
confirmation,balanced,control,R207,4,4,0,1302528,1302528,0.0,tie
confirmation,balanced,control,R208,3,3,0,957965,957965,0.0,tie
confirmation,balanced,control,R209,4,3,-1,1712415,1303297,,better
confirmation,balanced,control,R210,3,3,0,1443660,1437062,-0.4570328193619022,better
confirmation,balanced,control,R211,3,3,0,1516434,1516434,0.0,tie
confirmation,balanced,control,RC101,19,18,-1,1995564,1983759,,better
confirmation,balanced,control,RC102,15,15,0,1834933,1756601,-4.2689297102401,better
confirmation,balanced,control,RC103,12,12,0,1731095,1703532,-1.5922291959713397,better
confirmation,balanced,control,RC104,12,12,0,1325631,1325395,-0.017802842570824318,better
confirmation,balanced,control,RC105,16,16,0,1901679,1896344,-0.2805415635341202,better
confirmation,balanced,control,RC106,16,15,-1,1799128,1993373,,better
confirmation,balanced,control,RC107,14,14,0,1714626,1708249,-0.3719178409752333,better
confirmation,balanced,control,RC108,14,14,0,1606564,1707943,6.310299496316363,worse
confirmation,balanced,control,RC201,5,5,0,2429811,2411572,-0.7506345143716953,better
confirmation,balanced,control,RC202,4,4,0,1619243,1619243,0.0,tie
confirmation,balanced,control,RC203,4,4,0,1061047,1061047,0.0,tie
confirmation,balanced,control,RC204,3,3,0,1500593,1500593,0.0,tie
confirmation,balanced,control,RC205,4,4,0,1960553,1695820,-13.50297594607236,better
confirmation,balanced,control,RC206,4,4,0,2080287,1732495,-16.718462404466305,better
confirmation,balanced,control,RC207,4,4,0,1907431,1907431,0.0,tie
confirmation,balanced,control,RC208,4,3,-1,1913075,1365201,,better
confirmation,balanced,m6,C101,10,10,0,828937,828937,0.0,tie
confirmation,balanced,m6,C102,10,10,0,1187893,1258583,5.950872679610031,worse
confirmation,balanced,m6,C103,10,10,0,1809960,1788945,-1.1610753828813936,better
confirmation,balanced,m6,C104,10,10,0,1832644,1847498,0.8105229384430368,worse
confirmation,balanced,m6,C105,10,10,0,1039051,1039051,0.0,tie
confirmation,balanced,m6,C106,10,10,0,1057640,1084912,2.578571158428189,worse
confirmation,balanced,m6,C107,10,10,0,1037431,1087988,4.873287958428074,worse
confirmation,balanced,m6,C108,10,10,0,1310760,1419591,8.30289297811957,worse
confirmation,balanced,m6,C109,10,10,0,1609856,1613769,0.24306521825554483,worse
confirmation,balanced,m6,C201,3,3,0,704252,704252,0.0,tie
confirmation,balanced,m6,C202,3,3,0,746236,746236,0.0,tie
confirmation,balanced,m6,C203,3,3,0,681508,681508,0.0,tie
confirmation,balanced,m6,C204,3,3,0,743140,743140,0.0,tie
confirmation,balanced,m6,C205,3,4,1,743690,912158,,worse
confirmation,balanced,m6,C206,3,4,1,683819,1154595,,worse
confirmation,balanced,m6,C207,3,4,1,661621,980937,,worse
confirmation,balanced,m6,C208,3,4,1,717683,957831,,worse
confirmation,balanced,m6,R101,21,21,0,1948827,1869142,-4.088869868900624,better
confirmation,balanced,m6,R102,19,19,0,1744933,1606305,-7.94460303060347,better
confirmation,balanced,m6,R103,14,14,0,1546015,1542786,-0.20885955181547677,better
confirmation,balanced,m6,R104,11,11,0,1241810,1184423,-4.621238353693402,better
confirmation,balanced,m6,R105,17,17,0,1683209,1670400,-0.7609869006166226,better
confirmation,balanced,m6,R106,14,14,0,1545086,1540595,-0.2906634323267432,better
confirmation,balanced,m6,R107,12,12,0,1479101,1283469,-13.226412530314025,better
confirmation,balanced,m6,R108,11,10,-1,1274109,1128679,,better
confirmation,balanced,m6,R109,14,15,1,1458883,1620157,,worse
confirmation,balanced,m6,R110,13,13,0,1463925,1523698,4.083064364636169,worse
confirmation,balanced,m6,R111,12,12,0,1453553,1307395,-10.055223304550987,better
confirmation,balanced,m6,R112,12,13,1,1508833,1413165,,worse
confirmation,balanced,m6,R201,4,4,0,1534914,1606825,4.685018183429168,worse
confirmation,balanced,m6,R202,4,4,0,1622244,1622244,0.0,tie
confirmation,balanced,m6,R203,3,3,0,1300221,1300221,0.0,tie
confirmation,balanced,m6,R204,3,3,0,1331038,1331038,0.0,tie
confirmation,balanced,m6,R205,3,4,1,1303717,1700248,,worse
confirmation,balanced,m6,R206,3,3,0,1533607,1533607,0.0,tie
confirmation,balanced,m6,R207,3,4,1,1035524,1302528,,worse
confirmation,balanced,m6,R208,3,3,0,957965,957965,0.0,tie
confirmation,balanced,m6,R209,3,3,0,1303297,1303297,0.0,tie
confirmation,balanced,m6,R210,3,3,0,1443660,1437062,-0.4570328193619022,better
confirmation,balanced,m6,R211,3,3,0,1516434,1516434,0.0,tie
confirmation,balanced,m6,RC101,17,18,1,2197881,1983759,,worse
confirmation,balanced,m6,RC102,15,15,0,1834933,1756601,-4.2689297102401,better
confirmation,balanced,m6,RC103,12,12,0,1731095,1703532,-1.5922291959713397,better
confirmation,balanced,m6,RC104,11,12,1,1384807,1325395,,worse
confirmation,balanced,m6,RC105,16,16,0,1901679,1896344,-0.2805415635341202,better
confirmation,balanced,m6,RC106,15,15,0,1848588,1993373,7.8321940854316985,worse
confirmation,balanced,m6,RC107,14,14,0,1714626,1708249,-0.3719178409752333,better
confirmation,balanced,m6,RC108,13,14,1,1642483,1707943,,worse
confirmation,balanced,m6,RC201,4,5,1,1837909,2411572,,worse
confirmation,balanced,m6,RC202,4,4,0,1619243,1619243,0.0,tie
confirmation,balanced,m6,RC203,3,4,1,1437275,1061047,,worse
confirmation,balanced,m6,RC204,3,3,0,1500593,1500593,0.0,tie
confirmation,balanced,m6,RC205,4,4,0,1828115,1695820,-7.236689157957787,better
confirmation,balanced,m6,RC206,4,4,0,1732495,1732495,0.0,tie
confirmation,balanced,m6,RC207,4,4,0,1907431,1907431,0.0,tie
confirmation,balanced,m6,RC208,3,3,0,1373172,1365201,-0.5804808137655049,better
confirmation,control,control,C101,10,10,0,828937,828937,0.0,tie
confirmation,control,control,C102,10,10,0,1187893,1187893,0.0,tie
confirmation,control,control,C103,10,10,0,1809960,1809960,0.0,tie
confirmation,control,control,C104,10,10,0,1838987,1838987,0.0,tie
confirmation,control,control,C105,10,10,0,1039051,1039051,0.0,tie
confirmation,control,control,C106,10,10,0,1084912,1084912,0.0,tie
confirmation,control,control,C107,10,10,0,1037431,1037431,0.0,tie
confirmation,control,control,C108,10,10,0,1419591,1419591,0.0,tie
confirmation,control,control,C109,10,10,0,1613834,1613834,0.0,tie
confirmation,control,control,C201,3,3,0,704252,704252,0.0,tie
confirmation,control,control,C202,3,3,0,746236,746236,0.0,tie
confirmation,control,control,C203,4,4,0,894861,894861,0.0,tie
confirmation,control,control,C204,3,3,0,780549,780549,0.0,tie
confirmation,control,control,C205,4,4,0,912158,912158,0.0,tie
confirmation,control,control,C206,4,4,0,1154595,1154595,0.0,tie
confirmation,control,control,C207,4,4,0,980937,980937,0.0,tie
confirmation,control,control,C208,4,4,0,957831,957831,0.0,tie
confirmation,control,control,R101,22,22,0,1914025,1914025,0.0,tie
confirmation,control,control,R102,19,19,0,1744933,1744933,0.0,tie
confirmation,control,control,R103,14,14,0,1546015,1546015,0.0,tie
confirmation,control,control,R104,11,11,0,1241810,1241810,0.0,tie
confirmation,control,control,R105,17,17,0,1683209,1683209,0.0,tie
confirmation,control,control,R106,14,14,0,1559373,1559373,0.0,tie
confirmation,control,control,R107,12,12,0,1486083,1486083,0.0,tie
confirmation,control,control,R108,11,11,0,1274109,1274109,0.0,tie
confirmation,control,control,R109,16,16,0,1597195,1597195,0.0,tie
confirmation,control,control,R110,14,14,0,1546498,1546498,0.0,tie
confirmation,control,control,R111,12,12,0,1453553,1453553,0.0,tie
confirmation,control,control,R112,13,13,0,1273526,1273526,0.0,tie
confirmation,control,control,R201,5,5,0,1726658,1726658,0.0,tie
confirmation,control,control,R202,4,4,0,1622244,1622244,0.0,tie
confirmation,control,control,R203,3,3,0,1300221,1300221,0.0,tie
confirmation,control,control,R204,3,3,0,1331038,1331038,0.0,tie
confirmation,control,control,R205,4,4,0,1700248,1700248,0.0,tie
confirmation,control,control,R206,3,3,0,1533607,1533607,0.0,tie
confirmation,control,control,R207,4,4,0,1302528,1302528,0.0,tie
confirmation,control,control,R208,3,3,0,957965,957965,0.0,tie
confirmation,control,control,R209,4,4,0,1712415,1712415,0.0,tie
confirmation,control,control,R210,3,3,0,1443660,1443660,0.0,tie
confirmation,control,control,R211,3,3,0,1516434,1516434,0.0,tie
confirmation,control,control,RC101,19,19,0,1995564,1995564,0.0,tie
confirmation,control,control,RC102,15,15,0,1834933,1834933,0.0,tie
confirmation,control,control,RC103,12,12,0,1731095,1731095,0.0,tie
confirmation,control,control,RC104,12,12,0,1325631,1325631,0.0,tie
confirmation,control,control,RC105,16,16,0,1901679,1901679,0.0,tie
confirmation,control,control,RC106,16,16,0,1799128,1799128,0.0,tie
confirmation,control,control,RC107,14,14,0,1714626,1714626,0.0,tie
confirmation,control,control,RC108,14,14,0,1606564,1606564,0.0,tie
confirmation,control,control,RC201,5,5,0,2429811,2429811,0.0,tie
confirmation,control,control,RC202,4,4,0,1619243,1619243,0.0,tie
confirmation,control,control,RC203,4,4,0,1061047,1061047,0.0,tie
confirmation,control,control,RC204,3,3,0,1500593,1500593,0.0,tie
confirmation,control,control,RC205,4,4,0,1960553,1960553,0.0,tie
confirmation,control,control,RC206,4,4,0,2080287,2080287,0.0,tie
confirmation,control,control,RC207,4,4,0,1907431,1907431,0.0,tie
confirmation,control,control,RC208,4,4,0,1913075,1913075,0.0,tie
confirmation,control,m6,C101,10,10,0,828937,828937,0.0,tie
confirmation,control,m6,C102,10,10,0,1187893,1187893,0.0,tie
confirmation,control,m6,C103,10,10,0,1809960,1809960,0.0,tie
confirmation,control,m6,C104,10,10,0,1832644,1838987,0.346111956277384,worse
confirmation,control,m6,C105,10,10,0,1039051,1039051,0.0,tie
confirmation,control,m6,C106,10,10,0,1057640,1084912,2.578571158428189,worse
confirmation,control,m6,C107,10,10,0,1037431,1037431,0.0,tie
confirmation,control,m6,C108,10,10,0,1310760,1419591,8.30289297811957,worse
confirmation,control,m6,C109,10,10,0,1609856,1613834,0.2471028464657632,worse
confirmation,control,m6,C201,3,3,0,704252,704252,0.0,tie
confirmation,control,m6,C202,3,3,0,746236,746236,0.0,tie
confirmation,control,m6,C203,3,4,1,681508,894861,,worse
confirmation,control,m6,C204,3,3,0,743140,780549,5.033910164975652,worse
confirmation,control,m6,C205,3,4,1,743690,912158,,worse
confirmation,control,m6,C206,3,4,1,683819,1154595,,worse
confirmation,control,m6,C207,3,4,1,661621,980937,,worse
confirmation,control,m6,C208,3,4,1,717683,957831,,worse
confirmation,control,m6,R101,21,22,1,1948827,1914025,,worse
confirmation,control,m6,R102,19,19,0,1744933,1744933,0.0,tie
confirmation,control,m6,R103,14,14,0,1546015,1546015,0.0,tie
confirmation,control,m6,R104,11,11,0,1241810,1241810,0.0,tie
confirmation,control,m6,R105,17,17,0,1683209,1683209,0.0,tie
confirmation,control,m6,R106,14,14,0,1545086,1559373,0.9246734485976793,worse
confirmation,control,m6,R107,12,12,0,1479101,1486083,0.4720434912828697,worse
confirmation,control,m6,R108,11,11,0,1274109,1274109,0.0,tie
confirmation,control,m6,R109,14,16,2,1458883,1597195,,worse
confirmation,control,m6,R110,13,14,1,1463925,1546498,,worse
confirmation,control,m6,R111,12,12,0,1453553,1453553,0.0,tie
confirmation,control,m6,R112,12,13,1,1508833,1273526,,worse
confirmation,control,m6,R201,4,5,1,1534914,1726658,,worse
confirmation,control,m6,R202,4,4,0,1622244,1622244,0.0,tie
confirmation,control,m6,R203,3,3,0,1300221,1300221,0.0,tie
confirmation,control,m6,R204,3,3,0,1331038,1331038,0.0,tie
confirmation,control,m6,R205,3,4,1,1303717,1700248,,worse
confirmation,control,m6,R206,3,3,0,1533607,1533607,0.0,tie
confirmation,control,m6,R207,3,4,1,1035524,1302528,,worse
confirmation,control,m6,R208,3,3,0,957965,957965,0.0,tie
confirmation,control,m6,R209,3,4,1,1303297,1712415,,worse
confirmation,control,m6,R210,3,3,0,1443660,1443660,0.0,tie
confirmation,control,m6,R211,3,3,0,1516434,1516434,0.0,tie
confirmation,control,m6,RC101,17,19,2,2197881,1995564,,worse
confirmation,control,m6,RC102,15,15,0,1834933,1834933,0.0,tie
confirmation,control,m6,RC103,12,12,0,1731095,1731095,0.0,tie
confirmation,control,m6,RC104,11,12,1,1384807,1325631,,worse
confirmation,control,m6,RC105,16,16,0,1901679,1901679,0.0,tie
confirmation,control,m6,RC106,15,16,1,1848588,1799128,,worse
confirmation,control,m6,RC107,14,14,0,1714626,1714626,0.0,tie
confirmation,control,m6,RC108,13,14,1,1642483,1606564,,worse
confirmation,control,m6,RC201,4,5,1,1837909,2429811,,worse
confirmation,control,m6,RC202,4,4,0,1619243,1619243,0.0,tie
confirmation,control,m6,RC203,3,4,1,1437275,1061047,,worse
confirmation,control,m6,RC204,3,3,0,1500593,1500593,0.0,tie
confirmation,control,m6,RC205,4,4,0,1828115,1960553,7.244511422968469,worse
confirmation,control,m6,RC206,4,4,0,1732495,2080287,20.07463225002093,worse
confirmation,control,m6,RC207,4,4,0,1907431,1907431,0.0,tie
confirmation,control,m6,RC208,3,4,1,1373172,1913075,,worse
confirmation,fleet_95,control,C101,10,10,0,828937,828937,0.0,tie
confirmation,fleet_95,control,C102,10,10,0,1187893,1258583,5.950872679610031,worse
confirmation,fleet_95,control,C103,10,10,0,1809960,1812148,0.12088664942870864,worse
confirmation,fleet_95,control,C104,10,10,0,1838987,1877310,2.0839190271600527,worse
confirmation,fleet_95,control,C105,10,10,0,1039051,1039051,0.0,tie
confirmation,fleet_95,control,C106,10,10,0,1084912,1084912,0.0,tie
confirmation,fleet_95,control,C107,10,10,0,1037431,1037431,0.0,tie
confirmation,fleet_95,control,C108,10,10,0,1419591,1419591,0.0,tie
confirmation,fleet_95,control,C109,10,10,0,1613834,1613834,0.0,tie
confirmation,fleet_95,control,C201,3,3,0,704252,704252,0.0,tie
confirmation,fleet_95,control,C202,3,3,0,746236,746236,0.0,tie
confirmation,fleet_95,control,C203,4,3,-1,894861,690753,,better
confirmation,fleet_95,control,C204,3,3,0,780549,743140,-4.792652351101601,better
confirmation,fleet_95,control,C205,4,3,-1,912158,786435,,better
confirmation,fleet_95,control,C206,4,4,0,1154595,1154595,0.0,tie
confirmation,fleet_95,control,C207,4,4,0,980937,980937,0.0,tie
confirmation,fleet_95,control,C208,4,4,0,957831,957831,0.0,tie
confirmation,fleet_95,control,R101,22,22,0,1914025,1913179,-0.04420004963362478,better
confirmation,fleet_95,control,R102,19,19,0,1744933,1743433,-0.08596318597906549,better
confirmation,fleet_95,control,R103,14,14,0,1546015,1542786,-0.20885955181547677,better
confirmation,fleet_95,control,R104,11,11,0,1241810,1211176,-2.466883017530863,better
confirmation,fleet_95,control,R105,17,17,0,1683209,1670400,-0.7609869006166226,better
confirmation,fleet_95,control,R106,14,14,0,1559373,1545086,-0.9162015758897968,better
confirmation,fleet_95,control,R107,12,12,0,1486083,1486083,0.0,tie
confirmation,fleet_95,control,R108,11,11,0,1274109,1272481,-0.12777556708256643,better
confirmation,fleet_95,control,R109,16,15,-1,1597195,1666554,,better
confirmation,fleet_95,control,R110,14,14,0,1546498,1546498,0.0,tie
confirmation,fleet_95,control,R111,12,12,0,1453553,1442320,-0.7727960383969501,better
confirmation,fleet_95,control,R112,13,13,0,1273526,1273526,0.0,tie
confirmation,fleet_95,control,R201,5,5,0,1726658,1726658,0.0,tie
confirmation,fleet_95,control,R202,4,4,0,1622244,1622244,0.0,tie
confirmation,fleet_95,control,R203,3,3,0,1300221,1300221,0.0,tie
confirmation,fleet_95,control,R204,3,3,0,1331038,1331038,0.0,tie
confirmation,fleet_95,control,R205,4,4,0,1700248,1700248,0.0,tie
confirmation,fleet_95,control,R206,3,3,0,1533607,1533607,0.0,tie
confirmation,fleet_95,control,R207,4,4,0,1302528,1302528,0.0,tie
confirmation,fleet_95,control,R208,3,3,0,957965,957965,0.0,tie
confirmation,fleet_95,control,R209,4,4,0,1712415,1712415,0.0,tie
confirmation,fleet_95,control,R210,3,3,0,1443660,1443660,0.0,tie
confirmation,fleet_95,control,R211,3,3,0,1516434,1516434,0.0,tie
confirmation,fleet_95,control,RC101,19,19,0,1995564,1960452,-1.759502576715155,better
confirmation,fleet_95,control,RC102,15,15,0,1834933,1834933,0.0,tie
confirmation,fleet_95,control,RC103,12,12,0,1731095,1730552,-0.03136742928608882,better
confirmation,fleet_95,control,RC104,12,12,0,1325631,1325631,0.0,tie
confirmation,fleet_95,control,RC105,16,16,0,1901679,1901528,-0.007940351657664824,better
confirmation,fleet_95,control,RC106,16,15,-1,1799128,2117387,,better
confirmation,fleet_95,control,RC107,14,14,0,1714626,1701722,-0.752583945420171,better
confirmation,fleet_95,control,RC108,14,14,0,1606564,1606564,0.0,tie
confirmation,fleet_95,control,RC201,5,4,-1,2429811,1837909,,better
confirmation,fleet_95,control,RC202,4,4,0,1619243,1619243,0.0,tie
confirmation,fleet_95,control,RC203,4,4,0,1061047,1061047,0.0,tie
confirmation,fleet_95,control,RC204,3,3,0,1500593,1500593,0.0,tie
confirmation,fleet_95,control,RC205,4,4,0,1960553,1960553,0.0,tie
confirmation,fleet_95,control,RC206,4,4,0,2080287,1732495,-16.718462404466305,better
confirmation,fleet_95,control,RC207,4,4,0,1907431,1907431,0.0,tie
confirmation,fleet_95,control,RC208,4,4,0,1913075,1913075,0.0,tie
confirmation,fleet_95,m6,C101,10,10,0,828937,828937,0.0,tie
confirmation,fleet_95,m6,C102,10,10,0,1187893,1258583,5.950872679610031,worse
confirmation,fleet_95,m6,C103,10,10,0,1809960,1812148,0.12088664942870864,worse
confirmation,fleet_95,m6,C104,10,10,0,1832644,1877310,2.4372436763495875,worse
confirmation,fleet_95,m6,C105,10,10,0,1039051,1039051,0.0,tie
confirmation,fleet_95,m6,C106,10,10,0,1057640,1084912,2.578571158428189,worse
confirmation,fleet_95,m6,C107,10,10,0,1037431,1037431,0.0,tie
confirmation,fleet_95,m6,C108,10,10,0,1310760,1419591,8.30289297811957,worse
confirmation,fleet_95,m6,C109,10,10,0,1609856,1613834,0.2471028464657632,worse
confirmation,fleet_95,m6,C201,3,3,0,704252,704252,0.0,tie
confirmation,fleet_95,m6,C202,3,3,0,746236,746236,0.0,tie
confirmation,fleet_95,m6,C203,3,3,0,681508,690753,1.356550473362006,worse
confirmation,fleet_95,m6,C204,3,3,0,743140,743140,0.0,tie
confirmation,fleet_95,m6,C205,3,3,0,743690,786435,5.747690569995556,worse
confirmation,fleet_95,m6,C206,3,4,1,683819,1154595,,worse
confirmation,fleet_95,m6,C207,3,4,1,661621,980937,,worse
confirmation,fleet_95,m6,C208,3,4,1,717683,957831,,worse
confirmation,fleet_95,m6,R101,21,22,1,1948827,1913179,,worse
confirmation,fleet_95,m6,R102,19,19,0,1744933,1743433,-0.08596318597906549,better
confirmation,fleet_95,m6,R103,14,14,0,1546015,1542786,-0.20885955181547677,better
confirmation,fleet_95,m6,R104,11,11,0,1241810,1211176,-2.466883017530863,better
confirmation,fleet_95,m6,R105,17,17,0,1683209,1670400,-0.7609869006166226,better
confirmation,fleet_95,m6,R106,14,14,0,1545086,1545086,0.0,tie
confirmation,fleet_95,m6,R107,12,12,0,1479101,1486083,0.4720434912828697,worse
confirmation,fleet_95,m6,R108,11,11,0,1274109,1272481,-0.12777556708256643,better
confirmation,fleet_95,m6,R109,14,15,1,1458883,1666554,,worse
confirmation,fleet_95,m6,R110,13,14,1,1463925,1546498,,worse
confirmation,fleet_95,m6,R111,12,12,0,1453553,1442320,-0.7727960383969501,better
confirmation,fleet_95,m6,R112,12,13,1,1508833,1273526,,worse
confirmation,fleet_95,m6,R201,4,5,1,1534914,1726658,,worse
confirmation,fleet_95,m6,R202,4,4,0,1622244,1622244,0.0,tie
confirmation,fleet_95,m6,R203,3,3,0,1300221,1300221,0.0,tie
confirmation,fleet_95,m6,R204,3,3,0,1331038,1331038,0.0,tie
confirmation,fleet_95,m6,R205,3,4,1,1303717,1700248,,worse
confirmation,fleet_95,m6,R206,3,3,0,1533607,1533607,0.0,tie
confirmation,fleet_95,m6,R207,3,4,1,1035524,1302528,,worse
confirmation,fleet_95,m6,R208,3,3,0,957965,957965,0.0,tie
confirmation,fleet_95,m6,R209,3,4,1,1303297,1712415,,worse
confirmation,fleet_95,m6,R210,3,3,0,1443660,1443660,0.0,tie
confirmation,fleet_95,m6,R211,3,3,0,1516434,1516434,0.0,tie
confirmation,fleet_95,m6,RC101,17,19,2,2197881,1960452,,worse
confirmation,fleet_95,m6,RC102,15,15,0,1834933,1834933,0.0,tie
confirmation,fleet_95,m6,RC103,12,12,0,1731095,1730552,-0.03136742928608882,better
confirmation,fleet_95,m6,RC104,11,12,1,1384807,1325631,,worse
confirmation,fleet_95,m6,RC105,16,16,0,1901679,1901528,-0.007940351657664824,better
confirmation,fleet_95,m6,RC106,15,15,0,1848588,2117387,14.540773823047637,worse
confirmation,fleet_95,m6,RC107,14,14,0,1714626,1701722,-0.752583945420171,better
confirmation,fleet_95,m6,RC108,13,14,1,1642483,1606564,,worse
confirmation,fleet_95,m6,RC201,4,4,0,1837909,1837909,0.0,tie
confirmation,fleet_95,m6,RC202,4,4,0,1619243,1619243,0.0,tie
confirmation,fleet_95,m6,RC203,3,4,1,1437275,1061047,,worse
confirmation,fleet_95,m6,RC204,3,3,0,1500593,1500593,0.0,tie
confirmation,fleet_95,m6,RC205,4,4,0,1828115,1960553,7.244511422968469,worse
confirmation,fleet_95,m6,RC206,4,4,0,1732495,1732495,0.0,tie
confirmation,fleet_95,m6,RC207,4,4,0,1907431,1907431,0.0,tie
confirmation,fleet_95,m6,RC208,3,4,1,1373172,1913075,,worse
confirmation,repair_due,control,C101,10,10,0,828937,828937,0.0,tie
confirmation,repair_due,control,C102,10,10,0,1187893,1258583,5.950872679610031,worse
confirmation,repair_due,control,C103,10,10,0,1809960,1788945,-1.1610753828813936,better
confirmation,repair_due,control,C104,10,10,0,1838987,1871279,1.7559667360345754,worse
confirmation,repair_due,control,C105,10,10,0,1039051,1039051,0.0,tie
confirmation,repair_due,control,C106,10,10,0,1084912,1084912,0.0,tie
confirmation,repair_due,control,C107,10,10,0,1037431,1088386,4.911651955648133,worse
confirmation,repair_due,control,C108,10,10,0,1419591,1419591,0.0,tie
confirmation,repair_due,control,C109,10,10,0,1613834,1626718,0.7983472897460375,worse
confirmation,repair_due,control,C201,3,3,0,704252,704252,0.0,tie
confirmation,repair_due,control,C202,3,3,0,746236,746236,0.0,tie
confirmation,repair_due,control,C203,4,3,-1,894861,765859,,better
confirmation,repair_due,control,C204,3,3,0,780549,743140,-4.792652351101601,better
confirmation,repair_due,control,C205,4,4,0,912158,912158,0.0,tie
confirmation,repair_due,control,C206,4,4,0,1154595,1154595,0.0,tie
confirmation,repair_due,control,C207,4,4,0,980937,980937,0.0,tie
confirmation,repair_due,control,C208,4,4,0,957831,957831,0.0,tie
confirmation,repair_due,control,R101,22,21,-1,1914025,1875855,,better
confirmation,repair_due,control,R102,19,19,0,1744933,1606305,-7.94460303060347,better
confirmation,repair_due,control,R103,14,14,0,1546015,1546015,0.0,tie
confirmation,repair_due,control,R104,11,11,0,1241810,1186697,-4.438118552757664,better
confirmation,repair_due,control,R105,17,17,0,1683209,1683209,0.0,tie
confirmation,repair_due,control,R106,14,14,0,1559373,1545086,-0.9162015758897968,better
confirmation,repair_due,control,R107,12,12,0,1486083,1283469,-13.634097153389146,better
confirmation,repair_due,control,R108,11,11,0,1274109,1315436,3.24360003735944,worse
confirmation,repair_due,control,R109,16,16,0,1597195,1606532,0.5845873547062119,worse
confirmation,repair_due,control,R110,14,13,-1,1546498,1564765,,better
confirmation,repair_due,control,R111,12,12,0,1453553,1307395,-10.055223304550987,better
confirmation,repair_due,control,R112,13,13,0,1273526,1413165,10.964754547610344,worse
confirmation,repair_due,control,R201,5,5,0,1726658,1726658,0.0,tie
confirmation,repair_due,control,R202,4,4,0,1622244,1622244,0.0,tie
confirmation,repair_due,control,R203,3,3,0,1300221,1300221,0.0,tie
confirmation,repair_due,control,R204,3,3,0,1331038,1331038,0.0,tie
confirmation,repair_due,control,R205,4,4,0,1700248,1700248,0.0,tie
confirmation,repair_due,control,R206,3,3,0,1533607,1533607,0.0,tie
confirmation,repair_due,control,R207,4,4,0,1302528,1302528,0.0,tie
confirmation,repair_due,control,R208,3,3,0,957965,957965,0.0,tie
confirmation,repair_due,control,R209,4,4,0,1712415,1712415,0.0,tie
confirmation,repair_due,control,R210,3,3,0,1443660,1443660,0.0,tie
confirmation,repair_due,control,R211,3,3,0,1516434,1516434,0.0,tie
confirmation,repair_due,control,RC101,19,18,-1,1995564,2104912,,better
confirmation,repair_due,control,RC102,15,15,0,1834933,1834933,0.0,tie
confirmation,repair_due,control,RC103,12,12,0,1731095,1703532,-1.5922291959713397,better
confirmation,repair_due,control,RC104,12,12,0,1325631,1325395,-0.017802842570824318,better
confirmation,repair_due,control,RC105,16,16,0,1901679,1898780,-0.15244423480513802,better
confirmation,repair_due,control,RC106,16,15,-1,1799128,1934952,,better
confirmation,repair_due,control,RC107,14,14,0,1714626,1708249,-0.3719178409752333,better
confirmation,repair_due,control,RC108,14,14,0,1606564,1713479,6.6548858308788095,worse
confirmation,repair_due,control,RC201,5,5,0,2429811,2429811,0.0,tie
confirmation,repair_due,control,RC202,4,4,0,1619243,1619243,0.0,tie
confirmation,repair_due,control,RC203,4,4,0,1061047,1061047,0.0,tie
confirmation,repair_due,control,RC204,3,3,0,1500593,1500593,0.0,tie
confirmation,repair_due,control,RC205,4,4,0,1960553,1959415,-0.058044847550664525,better
confirmation,repair_due,control,RC206,4,4,0,2080287,1732495,-16.718462404466305,better
confirmation,repair_due,control,RC207,4,4,0,1907431,1907431,0.0,tie
confirmation,repair_due,control,RC208,4,3,-1,1913075,1365201,,better
confirmation,repair_due,m6,C101,10,10,0,828937,828937,0.0,tie
confirmation,repair_due,m6,C102,10,10,0,1187893,1258583,5.950872679610031,worse
confirmation,repair_due,m6,C103,10,10,0,1809960,1788945,-1.1610753828813936,better
confirmation,repair_due,m6,C104,10,10,0,1832644,1871279,2.1081563031336126,worse
confirmation,repair_due,m6,C105,10,10,0,1039051,1039051,0.0,tie
confirmation,repair_due,m6,C106,10,10,0,1057640,1084912,2.578571158428189,worse
confirmation,repair_due,m6,C107,10,10,0,1037431,1088386,4.911651955648133,worse
confirmation,repair_due,m6,C108,10,10,0,1310760,1419591,8.30289297811957,worse
confirmation,repair_due,m6,C109,10,10,0,1609856,1626718,1.0474228750894543,worse
confirmation,repair_due,m6,C201,3,3,0,704252,704252,0.0,tie
confirmation,repair_due,m6,C202,3,3,0,746236,746236,0.0,tie
confirmation,repair_due,m6,C203,3,3,0,681508,765859,12.377110760255206,worse
confirmation,repair_due,m6,C204,3,3,0,743140,743140,0.0,tie
confirmation,repair_due,m6,C205,3,4,1,743690,912158,,worse
confirmation,repair_due,m6,C206,3,4,1,683819,1154595,,worse
confirmation,repair_due,m6,C207,3,4,1,661621,980937,,worse
confirmation,repair_due,m6,C208,3,4,1,717683,957831,,worse
confirmation,repair_due,m6,R101,21,21,0,1948827,1875855,-3.744406250529164,better
confirmation,repair_due,m6,R102,19,19,0,1744933,1606305,-7.94460303060347,better
confirmation,repair_due,m6,R103,14,14,0,1546015,1546015,0.0,tie
confirmation,repair_due,m6,R104,11,11,0,1241810,1186697,-4.438118552757664,better
confirmation,repair_due,m6,R105,17,17,0,1683209,1683209,0.0,tie
confirmation,repair_due,m6,R106,14,14,0,1545086,1545086,0.0,tie
confirmation,repair_due,m6,R107,12,12,0,1479101,1283469,-13.226412530314025,better
confirmation,repair_due,m6,R108,11,11,0,1274109,1315436,3.24360003735944,worse
confirmation,repair_due,m6,R109,14,16,2,1458883,1606532,,worse
confirmation,repair_due,m6,R110,13,13,0,1463925,1564765,6.888331027887351,worse
confirmation,repair_due,m6,R111,12,12,0,1453553,1307395,-10.055223304550987,better
confirmation,repair_due,m6,R112,12,13,1,1508833,1413165,,worse
confirmation,repair_due,m6,R201,4,5,1,1534914,1726658,,worse
confirmation,repair_due,m6,R202,4,4,0,1622244,1622244,0.0,tie
confirmation,repair_due,m6,R203,3,3,0,1300221,1300221,0.0,tie
confirmation,repair_due,m6,R204,3,3,0,1331038,1331038,0.0,tie
confirmation,repair_due,m6,R205,3,4,1,1303717,1700248,,worse
confirmation,repair_due,m6,R206,3,3,0,1533607,1533607,0.0,tie
confirmation,repair_due,m6,R207,3,4,1,1035524,1302528,,worse
confirmation,repair_due,m6,R208,3,3,0,957965,957965,0.0,tie
confirmation,repair_due,m6,R209,3,4,1,1303297,1712415,,worse
confirmation,repair_due,m6,R210,3,3,0,1443660,1443660,0.0,tie
confirmation,repair_due,m6,R211,3,3,0,1516434,1516434,0.0,tie
confirmation,repair_due,m6,RC101,17,18,1,2197881,2104912,,worse
confirmation,repair_due,m6,RC102,15,15,0,1834933,1834933,0.0,tie
confirmation,repair_due,m6,RC103,12,12,0,1731095,1703532,-1.5922291959713397,better
confirmation,repair_due,m6,RC104,11,12,1,1384807,1325395,,worse
confirmation,repair_due,m6,RC105,16,16,0,1901679,1898780,-0.15244423480513802,better
confirmation,repair_due,m6,RC106,15,15,0,1848588,1934952,4.671890112886157,worse
confirmation,repair_due,m6,RC107,14,14,0,1714626,1708249,-0.3719178409752333,better
confirmation,repair_due,m6,RC108,13,14,1,1642483,1713479,,worse
confirmation,repair_due,m6,RC201,4,5,1,1837909,2429811,,worse
confirmation,repair_due,m6,RC202,4,4,0,1619243,1619243,0.0,tie
confirmation,repair_due,m6,RC203,3,4,1,1437275,1061047,,worse
confirmation,repair_due,m6,RC204,3,3,0,1500593,1500593,0.0,tie
confirmation,repair_due,m6,RC205,4,4,0,1828115,1959415,7.182261509806542,worse
confirmation,repair_due,m6,RC206,4,4,0,1732495,1732495,0.0,tie
confirmation,repair_due,m6,RC207,4,4,0,1907431,1907431,0.0,tie
confirmation,repair_due,m6,RC208,3,3,0,1373172,1365201,-0.5804808137655049,better
paired,baseline,control,C101,10,10,0,828937,828937,0.0,tie
paired,baseline,control,C102,10,10,0,1258253,1258253,0.0,tie
paired,baseline,control,C103,10,10,0,1812148,1812148,0.0,tie
paired,baseline,control,C104,10,10,0,1877310,1877310,0.0,tie
paired,baseline,control,C105,10,10,0,1039051,1039051,0.0,tie
paired,baseline,control,C106,10,10,0,1084912,1084912,0.0,tie
paired,baseline,control,C107,10,10,0,1037431,1037431,0.0,tie
paired,baseline,control,C108,10,10,0,1419591,1419591,0.0,tie
paired,baseline,control,C109,10,10,0,1613834,1613834,0.0,tie
paired,baseline,control,C201,3,3,0,704252,704252,0.0,tie
paired,baseline,control,C202,3,3,0,746236,746236,0.0,tie
paired,baseline,control,C203,3,3,0,690753,690753,0.0,tie
paired,baseline,control,C204,3,3,0,743140,743140,0.0,tie
paired,baseline,control,C205,3,3,0,753690,753690,0.0,tie
paired,baseline,control,C206,4,4,0,1154595,1154595,0.0,tie
paired,baseline,control,C207,4,4,0,980937,980937,0.0,tie
paired,baseline,control,C208,4,4,0,957831,957831,0.0,tie
paired,baseline,control,R101,22,22,0,1913179,1913179,0.0,tie
paired,baseline,control,R102,19,19,0,1765826,1765826,0.0,tie
paired,baseline,control,R103,14,14,0,1546015,1546015,0.0,tie
paired,baseline,control,R104,11,11,0,1241810,1241810,0.0,tie
paired,baseline,control,R105,17,17,0,1683209,1683209,0.0,tie
paired,baseline,control,R106,14,14,0,1545086,1545086,0.0,tie
paired,baseline,control,R107,12,12,0,1486083,1486083,0.0,tie
paired,baseline,control,R108,11,11,0,1274109,1274109,0.0,tie
paired,baseline,control,R109,14,14,0,1458883,1458883,0.0,tie
paired,baseline,control,R110,13,13,0,1463925,1463925,0.0,tie
paired,baseline,control,R111,12,12,0,1453553,1453553,0.0,tie
paired,baseline,control,R112,12,12,0,1508833,1508833,0.0,tie
paired,baseline,control,R201,4,4,0,1534914,1534914,0.0,tie
paired,baseline,control,R202,4,4,0,1622244,1622244,0.0,tie
paired,baseline,control,R203,3,3,0,1300221,1300221,0.0,tie
paired,baseline,control,R204,3,3,0,1331038,1331038,0.0,tie
paired,baseline,control,R205,3,3,0,1303717,1303717,0.0,tie
paired,baseline,control,R206,3,3,0,1533607,1533607,0.0,tie
paired,baseline,control,R207,3,3,0,1035524,1035524,0.0,tie
paired,baseline,control,R208,3,3,0,957965,957965,0.0,tie
paired,baseline,control,R209,3,3,0,1303297,1303297,0.0,tie
paired,baseline,control,R210,3,3,0,1443660,1443660,0.0,tie
paired,baseline,control,R211,3,3,0,1516434,1516434,0.0,tie
paired,baseline,control,RC101,18,18,0,2045269,2045269,0.0,tie
paired,baseline,control,RC102,15,15,0,1834933,1834933,0.0,tie
paired,baseline,control,RC103,12,12,0,1731095,1731095,0.0,tie
paired,baseline,control,RC104,12,12,0,1325631,1325631,0.0,tie
paired,baseline,control,RC105,16,16,0,1901679,1901679,0.0,tie
paired,baseline,control,RC106,15,15,0,1848588,1848588,0.0,tie
paired,baseline,control,RC107,14,14,0,1714626,1714626,0.0,tie
paired,baseline,control,RC108,14,14,0,1606564,1606564,0.0,tie
paired,baseline,control,RC201,4,4,0,1837909,1837909,0.0,tie
paired,baseline,control,RC202,4,4,0,1619243,1619243,0.0,tie
paired,baseline,control,RC203,3,3,0,1545417,1545417,0.0,tie
paired,baseline,control,RC204,3,3,0,1500593,1500593,0.0,tie
paired,baseline,control,RC205,4,4,0,1828115,1828115,0.0,tie
paired,baseline,control,RC206,4,4,0,1732495,1732495,0.0,tie
paired,baseline,control,RC207,4,4,0,1907431,1907431,0.0,tie
paired,baseline,control,RC208,3,3,0,1373172,1373172,0.0,tie
paired,baseline,m6,C101,10,10,0,828937,828937,0.0,tie
paired,baseline,m6,C102,10,10,0,1187893,1258253,5.9230923997363405,worse
paired,baseline,m6,C103,10,10,0,1809960,1812148,0.12088664942870864,worse
paired,baseline,m6,C104,10,10,0,1832644,1877310,2.4372436763495875,worse
paired,baseline,m6,C105,10,10,0,1039051,1039051,0.0,tie
paired,baseline,m6,C106,10,10,0,1057640,1084912,2.578571158428189,worse
paired,baseline,m6,C107,10,10,0,1037431,1037431,0.0,tie
paired,baseline,m6,C108,10,10,0,1310760,1419591,8.30289297811957,worse
paired,baseline,m6,C109,10,10,0,1609856,1613834,0.2471028464657632,worse
paired,baseline,m6,C201,3,3,0,704252,704252,0.0,tie
paired,baseline,m6,C202,3,3,0,746236,746236,0.0,tie
paired,baseline,m6,C203,3,3,0,681508,690753,1.356550473362006,worse
paired,baseline,m6,C204,3,3,0,743140,743140,0.0,tie
paired,baseline,m6,C205,3,3,0,743690,753690,1.3446462907932055,worse
paired,baseline,m6,C206,3,4,1,683819,1154595,,worse
paired,baseline,m6,C207,3,4,1,661621,980937,,worse
paired,baseline,m6,C208,3,4,1,717683,957831,,worse
paired,baseline,m6,R101,21,22,1,1948827,1913179,,worse
paired,baseline,m6,R102,19,19,0,1744933,1765826,1.1973525631070014,worse
paired,baseline,m6,R103,14,14,0,1546015,1546015,0.0,tie
paired,baseline,m6,R104,11,11,0,1241810,1241810,0.0,tie
paired,baseline,m6,R105,17,17,0,1683209,1683209,0.0,tie
paired,baseline,m6,R106,14,14,0,1545086,1545086,0.0,tie
paired,baseline,m6,R107,12,12,0,1479101,1486083,0.4720434912828697,worse
paired,baseline,m6,R108,11,11,0,1274109,1274109,0.0,tie
paired,baseline,m6,R109,14,14,0,1458883,1458883,0.0,tie
paired,baseline,m6,R110,13,13,0,1463925,1463925,0.0,tie
paired,baseline,m6,R111,12,12,0,1453553,1453553,0.0,tie
paired,baseline,m6,R112,12,12,0,1508833,1508833,0.0,tie
paired,baseline,m6,R201,4,4,0,1534914,1534914,0.0,tie
paired,baseline,m6,R202,4,4,0,1622244,1622244,0.0,tie
paired,baseline,m6,R203,3,3,0,1300221,1300221,0.0,tie
paired,baseline,m6,R204,3,3,0,1331038,1331038,0.0,tie
paired,baseline,m6,R205,3,3,0,1303717,1303717,0.0,tie
paired,baseline,m6,R206,3,3,0,1533607,1533607,0.0,tie
paired,baseline,m6,R207,3,3,0,1035524,1035524,0.0,tie
paired,baseline,m6,R208,3,3,0,957965,957965,0.0,tie
paired,baseline,m6,R209,3,3,0,1303297,1303297,0.0,tie
paired,baseline,m6,R210,3,3,0,1443660,1443660,0.0,tie
paired,baseline,m6,R211,3,3,0,1516434,1516434,0.0,tie
paired,baseline,m6,RC101,17,18,1,2197881,2045269,,worse
paired,baseline,m6,RC102,15,15,0,1834933,1834933,0.0,tie
paired,baseline,m6,RC103,12,12,0,1731095,1731095,0.0,tie
paired,baseline,m6,RC104,11,12,1,1384807,1325631,,worse
paired,baseline,m6,RC105,16,16,0,1901679,1901679,0.0,tie
paired,baseline,m6,RC106,15,15,0,1848588,1848588,0.0,tie
paired,baseline,m6,RC107,14,14,0,1714626,1714626,0.0,tie
paired,baseline,m6,RC108,13,14,1,1642483,1606564,,worse
paired,baseline,m6,RC201,4,4,0,1837909,1837909,0.0,tie
paired,baseline,m6,RC202,4,4,0,1619243,1619243,0.0,tie
paired,baseline,m6,RC203,3,3,0,1437275,1545417,7.524099424257713,worse
paired,baseline,m6,RC204,3,3,0,1500593,1500593,0.0,tie
paired,baseline,m6,RC205,4,4,0,1828115,1828115,0.0,tie
paired,baseline,m6,RC206,4,4,0,1732495,1732495,0.0,tie
paired,baseline,m6,RC207,4,4,0,1907431,1907431,0.0,tie
paired,baseline,m6,RC208,3,3,0,1373172,1373172,0.0,tie
paired,candidate,control,C101,10,10,0,828937,828937,0.0,tie
paired,candidate,control,C102,10,10,0,1258253,1258253,0.0,tie
paired,candidate,control,C103,10,10,0,1812148,1788945,-1.2804141825060622,better
paired,candidate,control,C104,10,10,0,1877310,1868896,-0.44819449105368836,better
paired,candidate,control,C105,10,10,0,1039051,1039051,0.0,tie
paired,candidate,control,C106,10,10,0,1084912,1084912,0.0,tie
paired,candidate,control,C107,10,10,0,1037431,1087988,4.873287958428074,worse
paired,candidate,control,C108,10,10,0,1419591,1419591,0.0,tie
paired,candidate,control,C109,10,10,0,1613834,1613769,-0.004027675708906386,better
paired,candidate,control,C201,3,3,0,704252,704252,0.0,tie
paired,candidate,control,C202,3,3,0,746236,746236,0.0,tie
paired,candidate,control,C203,3,3,0,690753,681625,-1.3214564395666706,better
paired,candidate,control,C204,3,3,0,743140,743140,0.0,tie
paired,candidate,control,C205,3,4,1,753690,912158,,worse
paired,candidate,control,C206,4,4,0,1154595,1154595,0.0,tie
paired,candidate,control,C207,4,4,0,980937,980937,0.0,tie
paired,candidate,control,C208,4,4,0,957831,957831,0.0,tie
paired,candidate,control,R101,22,21,-1,1913179,1871101,,better
paired,candidate,control,R102,19,19,0,1765826,1606305,-9.033789286147108,better
paired,candidate,control,R103,14,14,0,1546015,1542786,-0.20885955181547677,better
paired,candidate,control,R104,11,11,0,1241810,1186697,-4.438118552757664,better
paired,candidate,control,R105,17,17,0,1683209,1670400,-0.7609869006166226,better
paired,candidate,control,R106,14,14,0,1545086,1540595,-0.2906634323267432,better
paired,candidate,control,R107,12,12,0,1486083,1283469,-13.634097153389146,better
paired,candidate,control,R108,11,10,-1,1274109,1128679,,better
paired,candidate,control,R109,14,14,0,1458883,1518755,4.103961729624661,worse
paired,candidate,control,R110,13,13,0,1463925,1523698,4.083064364636169,worse
paired,candidate,control,R111,12,12,0,1453553,1307395,-10.055223304550987,better
paired,candidate,control,R112,12,12,0,1508833,1372893,-9.009612064423301,better
paired,candidate,control,R201,4,4,0,1534914,1605282,4.584491378670075,worse
paired,candidate,control,R202,4,4,0,1622244,1622244,0.0,tie
paired,candidate,control,R203,3,3,0,1300221,1290510,-0.7468730315846273,better
paired,candidate,control,R204,3,3,0,1331038,1310217,-1.5642678871677584,better
paired,candidate,control,R205,3,3,0,1303717,1303717,0.0,tie
paired,candidate,control,R206,3,3,0,1533607,1531545,-0.13445426370640723,better
paired,candidate,control,R207,3,3,0,1035524,1035524,0.0,tie
paired,candidate,control,R208,3,3,0,957965,957965,0.0,tie
paired,candidate,control,R209,3,3,0,1303297,1278206,-1.925194334061997,better
paired,candidate,control,R210,3,3,0,1443660,1424878,-1.3009988501447745,better
paired,candidate,control,R211,3,3,0,1516434,1507534,-0.5869032216370806,better
paired,candidate,control,RC101,18,17,-1,2045269,2197881,,better
paired,candidate,control,RC102,15,15,0,1834933,1756601,-4.2689297102401,better
paired,candidate,control,RC103,12,12,0,1731095,1703532,-1.5922291959713397,better
paired,candidate,control,RC104,12,11,-1,1325631,1482630,,better
paired,candidate,control,RC105,16,16,0,1901679,1896344,-0.2805415635341202,better
paired,candidate,control,RC106,15,15,0,1848588,1915368,3.6124869359749123,worse
paired,candidate,control,RC107,14,14,0,1714626,1708249,-0.3719178409752333,better
paired,candidate,control,RC108,14,14,0,1606564,1697714,5.6735990598569375,worse
paired,candidate,control,RC201,4,5,1,1837909,2396597,,worse
paired,candidate,control,RC202,4,4,0,1619243,1619243,0.0,tie
paired,candidate,control,RC203,3,3,0,1545417,1400007,-9.409110938989285,better
paired,candidate,control,RC204,3,3,0,1500593,1500132,-0.030721188223592488,better
paired,candidate,control,RC205,4,4,0,1828115,1695820,-7.236689157957787,better
paired,candidate,control,RC206,4,4,0,1732495,1725004,-0.4323822002372246,better
paired,candidate,control,RC207,4,3,-1,1907431,1405392,,better
paired,candidate,control,RC208,3,3,0,1373172,1365201,-0.5804808137655049,better
paired,candidate,m6,C101,10,10,0,828937,828937,0.0,tie
paired,candidate,m6,C102,10,10,0,1187893,1258253,5.9230923997363405,worse
paired,candidate,m6,C103,10,10,0,1809960,1788945,-1.1610753828813936,better
paired,candidate,m6,C104,10,10,0,1832644,1868896,1.9781255934049335,worse
paired,candidate,m6,C105,10,10,0,1039051,1039051,0.0,tie
paired,candidate,m6,C106,10,10,0,1057640,1084912,2.578571158428189,worse
paired,candidate,m6,C107,10,10,0,1037431,1087988,4.873287958428074,worse
paired,candidate,m6,C108,10,10,0,1310760,1419591,8.30289297811957,worse
paired,candidate,m6,C109,10,10,0,1609856,1613769,0.24306521825554483,worse
paired,candidate,m6,C201,3,3,0,704252,704252,0.0,tie
paired,candidate,m6,C202,3,3,0,746236,746236,0.0,tie
paired,candidate,m6,C203,3,3,0,681508,681625,0.01716781020912883,worse
paired,candidate,m6,C204,3,3,0,743140,743140,0.0,tie
paired,candidate,m6,C205,3,4,1,743690,912158,,worse
paired,candidate,m6,C206,3,4,1,683819,1154595,,worse
paired,candidate,m6,C207,3,4,1,661621,980937,,worse
paired,candidate,m6,C208,3,4,1,717683,957831,,worse
paired,candidate,m6,R101,21,21,0,1948827,1871101,-3.9883478625860613,better
paired,candidate,m6,R102,19,19,0,1744933,1606305,-7.94460303060347,better
paired,candidate,m6,R103,14,14,0,1546015,1542786,-0.20885955181547677,better
paired,candidate,m6,R104,11,11,0,1241810,1186697,-4.438118552757664,better
paired,candidate,m6,R105,17,17,0,1683209,1670400,-0.7609869006166226,better
paired,candidate,m6,R106,14,14,0,1545086,1540595,-0.2906634323267432,better
paired,candidate,m6,R107,12,12,0,1479101,1283469,-13.226412530314025,better
paired,candidate,m6,R108,11,10,-1,1274109,1128679,,better
paired,candidate,m6,R109,14,14,0,1458883,1518755,4.103961729624661,worse
paired,candidate,m6,R110,13,13,0,1463925,1523698,4.083064364636169,worse
paired,candidate,m6,R111,12,12,0,1453553,1307395,-10.055223304550987,better
paired,candidate,m6,R112,12,12,0,1508833,1372893,-9.009612064423301,better
paired,candidate,m6,R201,4,4,0,1534914,1605282,4.584491378670075,worse
paired,candidate,m6,R202,4,4,0,1622244,1622244,0.0,tie
paired,candidate,m6,R203,3,3,0,1300221,1290510,-0.7468730315846273,better
paired,candidate,m6,R204,3,3,0,1331038,1310217,-1.5642678871677584,better
paired,candidate,m6,R205,3,3,0,1303717,1303717,0.0,tie
paired,candidate,m6,R206,3,3,0,1533607,1531545,-0.13445426370640723,better
paired,candidate,m6,R207,3,3,0,1035524,1035524,0.0,tie
paired,candidate,m6,R208,3,3,0,957965,957965,0.0,tie
paired,candidate,m6,R209,3,3,0,1303297,1278206,-1.925194334061997,better
paired,candidate,m6,R210,3,3,0,1443660,1424878,-1.3009988501447745,better
paired,candidate,m6,R211,3,3,0,1516434,1507534,-0.5869032216370806,better
paired,candidate,m6,RC101,17,17,0,2197881,2197881,0.0,tie
paired,candidate,m6,RC102,15,15,0,1834933,1756601,-4.2689297102401,better
paired,candidate,m6,RC103,12,12,0,1731095,1703532,-1.5922291959713397,better
paired,candidate,m6,RC104,11,11,0,1384807,1482630,7.064016862999689,worse
paired,candidate,m6,RC105,16,16,0,1901679,1896344,-0.2805415635341202,better
paired,candidate,m6,RC106,15,15,0,1848588,1915368,3.6124869359749123,worse
paired,candidate,m6,RC107,14,14,0,1714626,1708249,-0.3719178409752333,better
paired,candidate,m6,RC108,13,14,1,1642483,1697714,,worse
paired,candidate,m6,RC201,4,5,1,1837909,2396597,,worse
paired,candidate,m6,RC202,4,4,0,1619243,1619243,0.0,tie
paired,candidate,m6,RC203,3,3,0,1437275,1400007,-2.5929623767198318,better
paired,candidate,m6,RC204,3,3,0,1500593,1500132,-0.030721188223592488,better
paired,candidate,m6,RC205,4,4,0,1828115,1695820,-7.236689157957787,better
paired,candidate,m6,RC206,4,4,0,1732495,1725004,-0.4323822002372246,better
paired,candidate,m6,RC207,4,3,-1,1907431,1405392,,better
paired,candidate,m6,RC208,3,3,0,1373172,1365201,-0.5804808137655049,better
screen,attempts_10,control,C103,10,10,0,1809960,1821945,0.6621693297089504,worse
screen,attempts_10,control,C104,10,10,0,1832644,1886218,2.9233173491414632,worse
screen,attempts_10,control,R101,22,22,0,1913179,1913179,0.0,tie
screen,attempts_10,control,RC101,17,19,2,2197881,1995564,,worse
screen,attempts_10,m6,C103,10,10,0,1809960,1821945,0.6621693297089504,worse
screen,attempts_10,m6,C104,10,10,0,1832644,1886218,2.9233173491414632,worse
screen,attempts_10,m6,R101,21,22,1,1948827,1913179,,worse
screen,attempts_10,m6,RC101,17,19,2,2197881,1995564,,worse
screen,construction_slack,control,C103,10,10,0,1809960,2056297,13.610079780768626,worse
screen,construction_slack,control,C104,10,10,0,1832644,1686370,-7.981582893349715,better
screen,construction_slack,control,R101,22,22,0,1913179,1914025,0.04421959471643255,worse
screen,construction_slack,control,RC101,17,19,2,2197881,1995564,,worse
screen,construction_slack,m6,C103,10,10,0,1809960,2056297,13.610079780768626,worse
screen,construction_slack,m6,C104,10,10,0,1832644,1686370,-7.981582893349715,better
screen,construction_slack,m6,R101,21,22,1,1948827,1914025,,worse
screen,construction_slack,m6,RC101,17,19,2,2197881,1995564,,worse
screen,control,control,C103,10,10,0,1809960,1809960,0.0,tie
screen,control,control,C104,10,10,0,1832644,1832644,0.0,tie
screen,control,control,R101,22,22,0,1913179,1913179,0.0,tie
screen,control,control,RC101,17,17,0,2197881,2197881,0.0,tie
screen,control,m6,C103,10,10,0,1809960,1809960,0.0,tie
screen,control,m6,C104,10,10,0,1832644,1832644,0.0,tie
screen,control,m6,R101,21,22,1,1948827,1913179,,worse
screen,control,m6,RC101,17,17,0,2197881,2197881,0.0,tie
screen,fleet_85,control,C103,10,10,0,1809960,1809960,0.0,tie
screen,fleet_85,control,C104,10,10,0,1832644,1832644,0.0,tie
screen,fleet_85,control,R101,22,22,0,1913179,1906195,-0.3650468670208018,better
screen,fleet_85,control,RC101,17,19,2,2197881,1960452,,worse
screen,fleet_85,m6,C103,10,10,0,1809960,1809960,0.0,tie
screen,fleet_85,m6,C104,10,10,0,1832644,1832644,0.0,tie
screen,fleet_85,m6,R101,21,22,1,1948827,1906195,,worse
screen,fleet_85,m6,RC101,17,19,2,2197881,1960452,,worse
screen,fleet_95,control,C103,10,10,0,1809960,1812148,0.12088664942870864,worse
screen,fleet_95,control,C104,10,10,0,1832644,1877310,2.4372436763495875,worse
screen,fleet_95,control,R101,22,22,0,1913179,1913179,0.0,tie
screen,fleet_95,control,RC101,17,19,2,2197881,1960452,,worse
screen,fleet_95,m6,C103,10,10,0,1809960,1812148,0.12088664942870864,worse
screen,fleet_95,m6,C104,10,10,0,1832644,1877310,2.4372436763495875,worse
screen,fleet_95,m6,R101,21,22,1,1948827,1913179,,worse
screen,fleet_95,m6,RC101,17,19,2,2197881,1960452,,worse
screen,moves_1,control,C103,10,10,0,1809960,1815280,0.29392914760546507,worse
screen,moves_1,control,C104,10,10,0,1832644,1835130,0.13565100477779257,worse
screen,moves_1,control,R101,22,22,0,1913179,1914025,0.04421959471643255,worse
screen,moves_1,control,RC101,17,19,2,2197881,1995564,,worse
screen,moves_1,m6,C103,10,10,0,1809960,1815280,0.29392914760546507,worse
screen,moves_1,m6,C104,10,10,0,1832644,1835130,0.13565100477779257,worse
screen,moves_1,m6,R101,21,22,1,1948827,1914025,,worse
screen,moves_1,m6,RC101,17,19,2,2197881,1995564,,worse
screen,moves_4,control,C103,10,10,0,1809960,1821945,0.6621693297089504,worse
screen,moves_4,control,C104,10,10,0,1832644,1867824,1.9196308721170174,worse
screen,moves_4,control,R101,22,22,0,1913179,1914025,0.04421959471643255,worse
screen,moves_4,control,RC101,17,19,2,2197881,1995564,,worse
screen,moves_4,m6,C103,10,10,0,1809960,1821945,0.6621693297089504,worse
screen,moves_4,m6,C104,10,10,0,1832644,1867824,1.9196308721170174,worse
screen,moves_4,m6,R101,21,22,1,1948827,1914025,,worse
screen,moves_4,m6,RC101,17,19,2,2197881,1995564,,worse
screen,remove_1_4,control,C103,10,10,0,1809960,1803777,-0.3416097593316958,better
screen,remove_1_4,control,C104,10,10,0,1832644,1892313,3.2558969445238617,worse
screen,remove_1_4,control,R101,22,22,0,1913179,1914025,0.04421959471643255,worse
screen,remove_1_4,control,RC101,17,19,2,2197881,1995564,,worse
screen,remove_1_4,m6,C103,10,10,0,1809960,1803777,-0.3416097593316958,better
screen,remove_1_4,m6,C104,10,10,0,1832644,1892313,3.2558969445238617,worse
screen,remove_1_4,m6,R101,21,22,1,1948827,1914025,,worse
screen,remove_1_4,m6,RC101,17,19,2,2197881,1995564,,worse
screen,repair_due,control,C103,10,10,0,1809960,1789202,-1.1468761740590971,better
screen,repair_due,control,C104,10,10,0,1832644,1871279,2.1081563031336126,worse
screen,repair_due,control,R101,22,21,-1,1913179,1875855,,better
screen,repair_due,control,RC101,17,18,1,2197881,1983759,,worse
screen,repair_due,m6,C103,10,10,0,1809960,1789202,-1.1468761740590971,better
screen,repair_due,m6,C104,10,10,0,1832644,1871279,2.1081563031336126,worse
screen,repair_due,m6,R101,21,21,0,1948827,1875855,-3.744406250529164,better
screen,repair_due,m6,RC101,17,18,1,2197881,1983759,,worse
screen,repair_slack,control,C103,10,10,0,1809960,1788945,-1.1610753828813936,better
screen,repair_slack,control,C104,10,10,0,1832644,1868896,1.9781255934049335,worse
screen,repair_slack,control,R101,22,21,-1,1913179,1875855,,better
screen,repair_slack,control,RC101,17,18,1,2197881,1983759,,worse
screen,repair_slack,m6,C103,10,10,0,1809960,1788945,-1.1610753828813936,better
screen,repair_slack,m6,C104,10,10,0,1832644,1868896,1.9781255934049335,worse
screen,repair_slack,m6,R101,21,21,0,1948827,1875855,-3.744406250529164,better
screen,repair_slack,m6,RC101,17,18,1,2197881,1983759,,worse
screen,restart_5,control,C103,10,10,0,1809960,1812148,0.12088664942870864,worse
screen,restart_5,control,C104,10,10,0,1832644,1894399,3.369721560761385,worse
screen,restart_5,control,R101,22,22,0,1913179,1914025,0.04421959471643255,worse
screen,restart_5,control,RC101,17,19,2,2197881,1995564,,worse
screen,restart_5,m6,C103,10,10,0,1809960,1812148,0.12088664942870864,worse
screen,restart_5,m6,C104,10,10,0,1832644,1894399,3.369721560761385,worse
screen,restart_5,m6,R101,21,22,1,1948827,1914025,,worse
screen,restart_5,m6,RC101,17,19,2,2197881,1995564,,worse
diagnosis,balanced,control,C103,10,10,0,1812148,1787274,-1.3726251939687018,better
diagnosis,balanced,control,C104,10,10,0,1838987,1834247,-0.25775059856323335,better
diagnosis,balanced,control,R101,22,21,-1,1913179,1869142,,better
diagnosis,balanced,control,RC101,18,17,-1,2045269,2197881,,better
diagnosis,balanced,m6,C103,10,10,0,1809960,1787274,-1.2533978651461886,better
diagnosis,balanced,m6,C104,10,10,0,1832644,1834247,0.08746925207514522,worse
diagnosis,balanced,m6,R101,21,21,0,1948827,1869142,-4.088869868900624,better
diagnosis,balanced,m6,RC101,17,17,0,2197881,2197881,0.0,tie
diagnosis,control,control,C103,10,10,0,1812148,1812148,0.0,tie
diagnosis,control,control,C104,10,10,0,1838987,1838987,0.0,tie
diagnosis,control,control,R101,22,22,0,1913179,1913179,0.0,tie
diagnosis,control,control,RC101,18,18,0,2045269,2045269,0.0,tie
diagnosis,control,m6,C103,10,10,0,1809960,1812148,0.12088664942870864,worse
diagnosis,control,m6,C104,10,10,0,1832644,1838987,0.346111956277384,worse
diagnosis,control,m6,R101,21,22,1,1948827,1913179,,worse
diagnosis,control,m6,RC101,17,18,1,2197881,2045269,,worse
