instance,input_format,input_sha256,seed,threads,status,feasible,vehicles,distance_ticks,distance,first_feasible_seconds,runtime_seconds,iterations,stop_reason,numeric_rule,reference_status,reference_vehicles,reference_distance,distance_gap_percent,error,time_limit_seconds,max_iterations,fleet_attempts_per_k,max_moves,vehicle_limit,code_sha256,diagnostics_enabled,variant,config_sha256
C101,solomon_txt,a6da75152d182d60ecd2c6f854296f5be452f92282d096adebcf5d99a7f16516,0,1,ok,True,10,828937,828.937,0.069251,0.500416,1,time_limit,solomon_exact_1000_v1,,,,,,0.5,,100,2,25,5d3f56a8df0d9ba91e368d7f3a64e9028fef5c9e1a9bdeff889848baf2b8ab27,False,baseline,034a9f2ddc1163af93aedef194b85dba0d917316921d81894ea9f955e988b8de
C101,solomon_txt,a6da75152d182d60ecd2c6f854296f5be452f92282d096adebcf5d99a7f16516,1,1,ok,True,10,828937,828.937,0.065499,0.500444,2,time_limit,solomon_exact_1000_v1,,,,,,0.5,,100,2,25,5d3f56a8df0d9ba91e368d7f3a64e9028fef5c9e1a9bdeff889848baf2b8ab27,False,baseline,034a9f2ddc1163af93aedef194b85dba0d917316921d81894ea9f955e988b8de
C101,solomon_txt,a6da75152d182d60ecd2c6f854296f5be452f92282d096adebcf5d99a7f16516,2,1,ok,True,10,828937,828.937,0.067939,0.500379,2,time_limit,solomon_exact_1000_v1,,,,,,0.5,,100,2,25,5d3f56a8df0d9ba91e368d7f3a64e9028fef5c9e1a9bdeff889848baf2b8ab27,False,baseline,034a9f2ddc1163af93aedef194b85dba0d917316921d81894ea9f955e988b8de
C102,solomon_txt,f89a0e2a760cc7448a4ca72b88e5b29b94d64b5548f3320f42a6230025ead653,0,1,ok,True,10,1146433,1146.433,0.069133,0.500387,9,time_limit,solomon_exact_1000_v1,,,,,,0.5,,100,2,25,5d3f56a8df0d9ba91e368d7f3a64e9028fef5c9e1a9bdeff889848baf2b8ab27,False,baseline,034a9f2ddc1163af93aedef194b85dba0d917316921d81894ea9f955e988b8de
C102,solomon_txt,f89a0e2a760cc7448a4ca72b88e5b29b94d64b5548f3320f42a6230025ead653,1,1,ok,True,10,1156940,1156.94,0.069431,0.500417,6,time_limit,solomon_exact_1000_v1,,,,,,0.5,,100,2,25,5d3f56a8df0d9ba91e368d7f3a64e9028fef5c9e1a9bdeff889848baf2b8ab27,False,baseline,034a9f2ddc1163af93aedef194b85dba0d917316921d81894ea9f955e988b8de
C102,solomon_txt,f89a0e2a760cc7448a4ca72b88e5b29b94d64b5548f3320f42a6230025ead653,2,1,ok,True,10,1121513,1121.513,0.070526,0.500402,7,time_limit,solomon_exact_1000_v1,,,,,,0.5,,100,2,25,5d3f56a8df0d9ba91e368d7f3a64e9028fef5c9e1a9bdeff889848baf2b8ab27,False,baseline,034a9f2ddc1163af93aedef194b85dba0d917316921d81894ea9f955e988b8de
C103,solomon_txt,a55cabf15e0da9d65696a5fb45c9852889479893f76f772a428ca15d1b415a51,0,1,ok,True,10,1722756,1722.756,0.080968,0.500424,11,time_limit,solomon_exact_1000_v1,,,,,,0.5,,100,2,25,5d3f56a8df0d9ba91e368d7f3a64e9028fef5c9e1a9bdeff889848baf2b8ab27,False,baseline,034a9f2ddc1163af93aedef194b85dba0d917316921d81894ea9f955e988b8de
C103,solomon_txt,a55cabf15e0da9d65696a5fb45c9852889479893f76f772a428ca15d1b415a51,1,1,ok,True,10,1696806,1696.806,0.076025,0.500423,9,time_limit,solomon_exact_1000_v1,,,,,,0.5,,100,2,25,5d3f56a8df0d9ba91e368d7f3a64e9028fef5c9e1a9bdeff889848baf2b8ab27,False,baseline,034a9f2ddc1163af93aedef194b85dba0d917316921d81894ea9f955e988b8de
C103,solomon_txt,a55cabf15e0da9d65696a5fb45c9852889479893f76f772a428ca15d1b415a51,2,1,ok,True,10,1659401,1659.401,0.080942,0.500419,12,time_limit,solomon_exact_1000_v1,,,,,,0.5,,100,2,25,5d3f56a8df0d9ba91e368d7f3a64e9028fef5c9e1a9bdeff889848baf2b8ab27,False,baseline,034a9f2ddc1163af93aedef194b85dba0d917316921d81894ea9f955e988b8de
C104,solomon_txt,fe333e81625ee5a75bb2ce98c2c9f356d07289237865b62a23ba2f32f0de5ee2,0,1,ok,True,10,1563333,1563.333,0.079305,0.500376,13,time_limit,solomon_exact_1000_v1,,,,,,0.5,,100,2,25,5d3f56a8df0d9ba91e368d7f3a64e9028fef5c9e1a9bdeff889848baf2b8ab27,False,baseline,034a9f2ddc1163af93aedef194b85dba0d917316921d81894ea9f955e988b8de
C104,solomon_txt,fe333e81625ee5a75bb2ce98c2c9f356d07289237865b62a23ba2f32f0de5ee2,1,1,ok,True,10,1616407,1616.407,0.083007,0.500391,11,time_limit,solomon_exact_1000_v1,,,,,,0.5,,100,2,25,5d3f56a8df0d9ba91e368d7f3a64e9028fef5c9e1a9bdeff889848baf2b8ab27,False,baseline,034a9f2ddc1163af93aedef194b85dba0d917316921d81894ea9f955e988b8de
C104,solomon_txt,fe333e81625ee5a75bb2ce98c2c9f356d07289237865b62a23ba2f32f0de5ee2,2,1,ok,True,10,1542347,1542.347,0.079355,0.500387,14,time_limit,solomon_exact_1000_v1,,,,,,0.5,,100,2,25,5d3f56a8df0d9ba91e368d7f3a64e9028fef5c9e1a9bdeff889848baf2b8ab27,False,baseline,034a9f2ddc1163af93aedef194b85dba0d917316921d81894ea9f955e988b8de
C105,solomon_txt,9a877a3a6fb922e7ad9297cc0308bc8a5652cb1495a0228ee6b81b2d938aa29f,0,1,ok,True,10,1045194,1045.194,0.067172,0.500402,3,time_limit,solomon_exact_1000_v1,,,,,,0.5,,100,2,25,5d3f56a8df0d9ba91e368d7f3a64e9028fef5c9e1a9bdeff889848baf2b8ab27,False,baseline,034a9f2ddc1163af93aedef194b85dba0d917316921d81894ea9f955e988b8de
C105,solomon_txt,9a877a3a6fb922e7ad9297cc0308bc8a5652cb1495a0228ee6b81b2d938aa29f,1,1,ok,True,10,962806,962.806,0.068784,0.500431,2,time_limit,solomon_exact_1000_v1,,,,,,0.5,,100,2,25,5d3f56a8df0d9ba91e368d7f3a64e9028fef5c9e1a9bdeff889848baf2b8ab27,False,baseline,034a9f2ddc1163af93aedef194b85dba0d917316921d81894ea9f955e988b8de
C105,solomon_txt,9a877a3a6fb922e7ad9297cc0308bc8a5652cb1495a0228ee6b81b2d938aa29f,2,1,ok,True,10,988185,988.185,0.066589,0.500421,2,time_limit,solomon_exact_1000_v1,,,,,,0.5,,100,2,25,5d3f56a8df0d9ba91e368d7f3a64e9028fef5c9e1a9bdeff889848baf2b8ab27,False,baseline,034a9f2ddc1163af93aedef194b85dba0d917316921d81894ea9f955e988b8de
C106,solomon_txt,ec9b419bed53e9c607cce76e8c6bc59feb6e4d17646905601f008a4141ec7b40,0,1,ok,True,10,1070295,1070.295,0.069947,0.500383,4,time_limit,solomon_exact_1000_v1,,,,,,0.5,,100,2,25,5d3f56a8df0d9ba91e368d7f3a64e9028fef5c9e1a9bdeff889848baf2b8ab27,False,baseline,034a9f2ddc1163af93aedef194b85dba0d917316921d81894ea9f955e988b8de
C106,solomon_txt,ec9b419bed53e9c607cce76e8c6bc59feb6e4d17646905601f008a4141ec7b40,1,1,ok,True,10,1052640,1052.64,0.068163,0.500449,5,time_limit,solomon_exact_1000_v1,,,,,,0.5,,100,2,25,5d3f56a8df0d9ba91e368d7f3a64e9028fef5c9e1a9bdeff889848baf2b8ab27,False,baseline,034a9f2ddc1163af93aedef194b85dba0d917316921d81894ea9f955e988b8de
C106,solomon_txt,ec9b419bed53e9c607cce76e8c6bc59feb6e4d17646905601f008a4141ec7b40,2,1,ok,True,10,1081917,1081.917,0.066047,0.500463,2,time_limit,solomon_exact_1000_v1,,,,,,0.5,,100,2,25,5d3f56a8df0d9ba91e368d7f3a64e9028fef5c9e1a9bdeff889848baf2b8ab27,False,baseline,034a9f2ddc1163af93aedef194b85dba0d917316921d81894ea9f955e988b8de
C107,solomon_txt,cb3cdc10d812fa17370eb52cb753b6b0574426dc6fabeb8b9076ed750ddf05ca,0,1,ok,True,10,1080990,1080.99,0.068805,0.500446,2,time_limit,solomon_exact_1000_v1,,,,,,0.5,,100,2,25,5d3f56a8df0d9ba91e368d7f3a64e9028fef5c9e1a9bdeff889848baf2b8ab27,False,baseline,034a9f2ddc1163af93aedef194b85dba0d917316921d81894ea9f955e988b8de
C107,solomon_txt,cb3cdc10d812fa17370eb52cb753b6b0574426dc6fabeb8b9076ed750ddf05ca,1,1,ok,True,10,1009102,1009.102,0.069824,0.500444,2,time_limit,solomon_exact_1000_v1,,,,,,0.5,,100,2,25,5d3f56a8df0d9ba91e368d7f3a64e9028fef5c9e1a9bdeff889848baf2b8ab27,False,baseline,034a9f2ddc1163af93aedef194b85dba0d917316921d81894ea9f955e988b8de
C107,solomon_txt,cb3cdc10d812fa17370eb52cb753b6b0574426dc6fabeb8b9076ed750ddf05ca,2,1,ok,True,10,1075784,1075.784,0.069387,0.500451,3,time_limit,solomon_exact_1000_v1,,,,,,0.5,,100,2,25,5d3f56a8df0d9ba91e368d7f3a64e9028fef5c9e1a9bdeff889848baf2b8ab27,False,baseline,034a9f2ddc1163af93aedef194b85dba0d917316921d81894ea9f955e988b8de
C108,solomon_txt,b8c7e48f292b66b283d8e71511e3a4eccaa4c4bc66b9313c399e73b0226f5953,0,1,ok,True,10,1384275,1384.275,0.066548,0.500203,2,time_limit,solomon_exact_1000_v1,,,,,,0.5,,100,2,25,5d3f56a8df0d9ba91e368d7f3a64e9028fef5c9e1a9bdeff889848baf2b8ab27,False,baseline,034a9f2ddc1163af93aedef194b85dba0d917316921d81894ea9f955e988b8de
C108,solomon_txt,b8c7e48f292b66b283d8e71511e3a4eccaa4c4bc66b9313c399e73b0226f5953,1,1,ok,True,10,1505660,1505.66,0.067018,0.500468,4,time_limit,solomon_exact_1000_v1,,,,,,0.5,,100,2,25,5d3f56a8df0d9ba91e368d7f3a64e9028fef5c9e1a9bdeff889848baf2b8ab27,False,baseline,034a9f2ddc1163af93aedef194b85dba0d917316921d81894ea9f955e988b8de
C108,solomon_txt,b8c7e48f292b66b283d8e71511e3a4eccaa4c4bc66b9313c399e73b0226f5953,2,1,ok,True,10,1349815,1349.815,0.067197,0.500409,5,time_limit,solomon_exact_1000_v1,,,,,,0.5,,100,2,25,5d3f56a8df0d9ba91e368d7f3a64e9028fef5c9e1a9bdeff889848baf2b8ab27,False,baseline,034a9f2ddc1163af93aedef194b85dba0d917316921d81894ea9f955e988b8de
C109,solomon_txt,72d8489e14bf1bb18456f0b21b01110506cbcc2354719dae8481b480150f142a,0,1,ok,True,10,1548350,1548.35,0.072848,0.500464,11,time_limit,solomon_exact_1000_v1,,,,,,0.5,,100,2,25,5d3f56a8df0d9ba91e368d7f3a64e9028fef5c9e1a9bdeff889848baf2b8ab27,False,baseline,034a9f2ddc1163af93aedef194b85dba0d917316921d81894ea9f955e988b8de
C109,solomon_txt,72d8489e14bf1bb18456f0b21b01110506cbcc2354719dae8481b480150f142a,1,1,ok,True,10,1469424,1469.424,0.077404,0.500446,13,time_limit,solomon_exact_1000_v1,,,,,,0.5,,100,2,25,5d3f56a8df0d9ba91e368d7f3a64e9028fef5c9e1a9bdeff889848baf2b8ab27,False,baseline,034a9f2ddc1163af93aedef194b85dba0d917316921d81894ea9f955e988b8de
C109,solomon_txt,72d8489e14bf1bb18456f0b21b01110506cbcc2354719dae8481b480150f142a,2,1,ok,True,10,1601463,1601.463,0.073511,0.500422,9,time_limit,solomon_exact_1000_v1,,,,,,0.5,,100,2,25,5d3f56a8df0d9ba91e368d7f3a64e9028fef5c9e1a9bdeff889848baf2b8ab27,False,baseline,034a9f2ddc1163af93aedef194b85dba0d917316921d81894ea9f955e988b8de
C201,solomon_txt,d8d9834087ae2326fa23a8510533060233dc9fb481873be60956eb26a880ad63,0,1,ok,True,3,698733,698.733,0.179069,0.500389,2,time_limit,solomon_exact_1000_v1,,,,,,0.5,,100,2,25,5d3f56a8df0d9ba91e368d7f3a64e9028fef5c9e1a9bdeff889848baf2b8ab27,False,baseline,034a9f2ddc1163af93aedef194b85dba0d917316921d81894ea9f955e988b8de
C201,solomon_txt,d8d9834087ae2326fa23a8510533060233dc9fb481873be60956eb26a880ad63,1,1,ok,True,3,698733,698.733,0.185172,0.500427,2,time_limit,solomon_exact_1000_v1,,,,,,0.5,,100,2,25,5d3f56a8df0d9ba91e368d7f3a64e9028fef5c9e1a9bdeff889848baf2b8ab27,False,baseline,034a9f2ddc1163af93aedef194b85dba0d917316921d81894ea9f955e988b8de
C201,solomon_txt,d8d9834087ae2326fa23a8510533060233dc9fb481873be60956eb26a880ad63,2,1,ok,True,3,698733,698.733,0.188424,0.500404,2,time_limit,solomon_exact_1000_v1,,,,,,0.5,,100,2,25,5d3f56a8df0d9ba91e368d7f3a64e9028fef5c9e1a9bdeff889848baf2b8ab27,False,baseline,034a9f2ddc1163af93aedef194b85dba0d917316921d81894ea9f955e988b8de
C202,solomon_txt,dfc8ecad79f6c7ffb096cd36994143569f0babe284d5ad194683271d81063772,0,1,ok,True,3,740497,740.497,0.166317,0.500442,3,time_limit,solomon_exact_1000_v1,,,,,,0.5,,100,2,25,5d3f56a8df0d9ba91e368d7f3a64e9028fef5c9e1a9bdeff889848baf2b8ab27,False,baseline,034a9f2ddc1163af93aedef194b85dba0d917316921d81894ea9f955e988b8de
C202,solomon_txt,dfc8ecad79f6c7ffb096cd36994143569f0babe284d5ad194683271d81063772,1,1,ok,True,3,722457,722.457,0.168184,0.500371,4,time_limit,solomon_exact_1000_v1,,,,,,0.5,,100,2,25,5d3f56a8df0d9ba91e368d7f3a64e9028fef5c9e1a9bdeff889848baf2b8ab27,False,baseline,034a9f2ddc1163af93aedef194b85dba0d917316921d81894ea9f955e988b8de
C202,solomon_txt,dfc8ecad79f6c7ffb096cd36994143569f0babe284d5ad194683271d81063772,2,1,ok,True,3,740497,740.497,0.167561,0.500396,3,time_limit,solomon_exact_1000_v1,,,,,,0.5,,100,2,25,5d3f56a8df0d9ba91e368d7f3a64e9028fef5c9e1a9bdeff889848baf2b8ab27,False,baseline,034a9f2ddc1163af93aedef194b85dba0d917316921d81894ea9f955e988b8de
C203,solomon_txt,2b79eea2962a848cb29f6153d4fb4ae725d35507686d937da6643b33fcd85062,0,1,ok,True,3,669480,669.48,0.180888,0.500536,2,time_limit,solomon_exact_1000_v1,,,,,,0.5,,100,2,25,5d3f56a8df0d9ba91e368d7f3a64e9028fef5c9e1a9bdeff889848baf2b8ab27,False,baseline,034a9f2ddc1163af93aedef194b85dba0d917316921d81894ea9f955e988b8de
C203,solomon_txt,2b79eea2962a848cb29f6153d4fb4ae725d35507686d937da6643b33fcd85062,1,1,ok,True,3,724385,724.385,0.180648,0.500492,3,time_limit,solomon_exact_1000_v1,,,,,,0.5,,100,2,25,5d3f56a8df0d9ba91e368d7f3a64e9028fef5c9e1a9bdeff889848baf2b8ab27,False,baseline,034a9f2ddc1163af93aedef194b85dba0d917316921d81894ea9f955e988b8de
C203,solomon_txt,2b79eea2962a848cb29f6153d4fb4ae725d35507686d937da6643b33fcd85062,2,1,ok,True,3,684513,684.513,0.173067,0.50045,2,time_limit,solomon_exact_1000_v1,,,,,,0.5,,100,2,25,5d3f56a8df0d9ba91e368d7f3a64e9028fef5c9e1a9bdeff889848baf2b8ab27,False,baseline,034a9f2ddc1163af93aedef194b85dba0d917316921d81894ea9f955e988b8de
C204,solomon_txt,4331b2744d34e32c2987e3fe8a82b782a2039d757d2aac818f7e0fd21117bfb4,0,1,ok,True,3,929927,929.927,0.19566,0.500404,3,time_limit,solomon_exact_1000_v1,,,,,,0.5,,100,2,25,5d3f56a8df0d9ba91e368d7f3a64e9028fef5c9e1a9bdeff889848baf2b8ab27,False,baseline,034a9f2ddc1163af93aedef194b85dba0d917316921d81894ea9f955e988b8de
C204,solomon_txt,4331b2744d34e32c2987e3fe8a82b782a2039d757d2aac818f7e0fd21117bfb4,1,1,ok,True,3,775848,775.848,0.187469,0.500218,2,time_limit,solomon_exact_1000_v1,,,,,,0.5,,100,2,25,5d3f56a8df0d9ba91e368d7f3a64e9028fef5c9e1a9bdeff889848baf2b8ab27,False,baseline,034a9f2ddc1163af93aedef194b85dba0d917316921d81894ea9f955e988b8de
C204,solomon_txt,4331b2744d34e32c2987e3fe8a82b782a2039d757d2aac818f7e0fd21117bfb4,2,1,ok,True,3,741054,741.054,0.183612,0.500381,2,time_limit,solomon_exact_1000_v1,,,,,,0.5,,100,2,25,5d3f56a8df0d9ba91e368d7f3a64e9028fef5c9e1a9bdeff889848baf2b8ab27,False,baseline,034a9f2ddc1163af93aedef194b85dba0d917316921d81894ea9f955e988b8de
C205,solomon_txt,15be2bb8c3e4ad99a79d1e7ee0472223feb95a4f423d010e032bda0a87266ca5,0,1,ok,True,3,757649,757.649,0.161432,0.500395,3,time_limit,solomon_exact_1000_v1,,,,,,0.5,,100,2,25,5d3f56a8df0d9ba91e368d7f3a64e9028fef5c9e1a9bdeff889848baf2b8ab27,False,baseline,034a9f2ddc1163af93aedef194b85dba0d917316921d81894ea9f955e988b8de
C205,solomon_txt,15be2bb8c3e4ad99a79d1e7ee0472223feb95a4f423d010e032bda0a87266ca5,1,1,ok,True,3,725194,725.194,0.161504,0.500377,3,time_limit,solomon_exact_1000_v1,,,,,,0.5,,100,2,25,5d3f56a8df0d9ba91e368d7f3a64e9028fef5c9e1a9bdeff889848baf2b8ab27,False,baseline,034a9f2ddc1163af93aedef194b85dba0d917316921d81894ea9f955e988b8de
C205,solomon_txt,15be2bb8c3e4ad99a79d1e7ee0472223feb95a4f423d010e032bda0a87266ca5,2,1,ok,True,3,719503,719.503,0.165889,0.500393,3,time_limit,solomon_exact_1000_v1,,,,,,0.5,,100,2,25,5d3f56a8df0d9ba91e368d7f3a64e9028fef5c9e1a9bdeff889848baf2b8ab27,False,baseline,034a9f2ddc1163af93aedef194b85dba0d917316921d81894ea9f955e988b8de
C206,solomon_txt,745b6c7042707ffbbfc4d681ee02a84431425f1dfb3c8aa85ecf003fec8f7e53,0,1,ok,True,3,671261,671.261,0.181989,0.500234,1,time_limit,solomon_exact_1000_v1,,,,,,0.5,,100,2,25,5d3f56a8df0d9ba91e368d7f3a64e9028fef5c9e1a9bdeff889848baf2b8ab27,False,baseline,034a9f2ddc1163af93aedef194b85dba0d917316921d81894ea9f955e988b8de
C206,solomon_txt,745b6c7042707ffbbfc4d681ee02a84431425f1dfb3c8aa85ecf003fec8f7e53,1,1,ok,True,3,924608,924.608,0.176137,0.500378,3,time_limit,solomon_exact_1000_v1,,,,,,0.5,,100,2,25,5d3f56a8df0d9ba91e368d7f3a64e9028fef5c9e1a9bdeff889848baf2b8ab27,False,baseline,034a9f2ddc1163af93aedef194b85dba0d917316921d81894ea9f955e988b8de
C206,solomon_txt,745b6c7042707ffbbfc4d681ee02a84431425f1dfb3c8aa85ecf003fec8f7e53,2,1,ok,True,3,665939,665.939,0.182356,0.500213,4,time_limit,solomon_exact_1000_v1,,,,,,0.5,,100,2,25,5d3f56a8df0d9ba91e368d7f3a64e9028fef5c9e1a9bdeff889848baf2b8ab27,False,baseline,034a9f2ddc1163af93aedef194b85dba0d917316921d81894ea9f955e988b8de
C207,solomon_txt,a33f03570a944c8a6d185fd6a173e66c68e67c399a4958b2d5b6d49533ace4a4,0,1,ok,True,3,909394,909.394,0.187905,0.500231,3,time_limit,solomon_exact_1000_v1,,,,,,0.5,,100,2,25,5d3f56a8df0d9ba91e368d7f3a64e9028fef5c9e1a9bdeff889848baf2b8ab27,False,baseline,034a9f2ddc1163af93aedef194b85dba0d917316921d81894ea9f955e988b8de
C207,solomon_txt,a33f03570a944c8a6d185fd6a173e66c68e67c399a4958b2d5b6d49533ace4a4,1,1,ok,True,3,833095,833.095,0.185548,0.500379,3,time_limit,solomon_exact_1000_v1,,,,,,0.5,,100,2,25,5d3f56a8df0d9ba91e368d7f3a64e9028fef5c9e1a9bdeff889848baf2b8ab27,False,baseline,034a9f2ddc1163af93aedef194b85dba0d917316921d81894ea9f955e988b8de
C207,solomon_txt,a33f03570a944c8a6d185fd6a173e66c68e67c399a4958b2d5b6d49533ace4a4,2,1,ok,True,3,632687,632.687,0.17824,0.500387,3,time_limit,solomon_exact_1000_v1,,,,,,0.5,,100,2,25,5d3f56a8df0d9ba91e368d7f3a64e9028fef5c9e1a9bdeff889848baf2b8ab27,False,baseline,034a9f2ddc1163af93aedef194b85dba0d917316921d81894ea9f955e988b8de
C208,solomon_txt,1c2f2381b8743680dbeb34322869cbf5a6cdd8c281f4bcffdb99b533e601874b,0,1,ok,True,4,957831,957.831,0.193445,0.500206,1,time_limit,solomon_exact_1000_v1,,,,,,0.5,,100,2,25,5d3f56a8df0d9ba91e368d7f3a64e9028fef5c9e1a9bdeff889848baf2b8ab27,False,baseline,034a9f2ddc1163af93aedef194b85dba0d917316921d81894ea9f955e988b8de
C208,solomon_txt,1c2f2381b8743680dbeb34322869cbf5a6cdd8c281f4bcffdb99b533e601874b,1,1,ok,True,4,957831,957.831,0.189311,0.500216,1,time_limit,solomon_exact_1000_v1,,,,,,0.5,,100,2,25,5d3f56a8df0d9ba91e368d7f3a64e9028fef5c9e1a9bdeff889848baf2b8ab27,False,baseline,034a9f2ddc1163af93aedef194b85dba0d917316921d81894ea9f955e988b8de
C208,solomon_txt,1c2f2381b8743680dbeb34322869cbf5a6cdd8c281f4bcffdb99b533e601874b,2,1,ok,True,3,705032,705.032,0.188625,0.500261,4,time_limit,solomon_exact_1000_v1,,,,,,0.5,,100,2,25,5d3f56a8df0d9ba91e368d7f3a64e9028fef5c9e1a9bdeff889848baf2b8ab27,False,baseline,034a9f2ddc1163af93aedef194b85dba0d917316921d81894ea9f955e988b8de
R101,solomon_txt,3f3655182bc0fe44ce5de65fdcd2ee2f9c7fb9ed055f923635151d9d6f76d3ed,0,1,ok,True,22,1906195,1906.195,0.052942,0.500228,2,time_limit,solomon_exact_1000_v1,,,,,,0.5,,100,2,25,5d3f56a8df0d9ba91e368d7f3a64e9028fef5c9e1a9bdeff889848baf2b8ab27,False,baseline,034a9f2ddc1163af93aedef194b85dba0d917316921d81894ea9f955e988b8de
R101,solomon_txt,3f3655182bc0fe44ce5de65fdcd2ee2f9c7fb9ed055f923635151d9d6f76d3ed,1,1,ok,True,21,1903068,1903.068,0.050265,0.500423,1,time_limit,solomon_exact_1000_v1,,,,,,0.5,,100,2,25,5d3f56a8df0d9ba91e368d7f3a64e9028fef5c9e1a9bdeff889848baf2b8ab27,False,baseline,034a9f2ddc1163af93aedef194b85dba0d917316921d81894ea9f955e988b8de
R101,solomon_txt,3f3655182bc0fe44ce5de65fdcd2ee2f9c7fb9ed055f923635151d9d6f76d3ed,2,1,ok,True,21,1855132,1855.132,0.051441,0.500429,2,time_limit,solomon_exact_1000_v1,,,,,,0.5,,100,2,25,5d3f56a8df0d9ba91e368d7f3a64e9028fef5c9e1a9bdeff889848baf2b8ab27,False,baseline,034a9f2ddc1163af93aedef194b85dba0d917316921d81894ea9f955e988b8de
R102,solomon_txt,eeb23171b7e4fbfc80bf000ca770329109900fbd7273fa8b9d1f95b7dfe683c3,0,1,ok,True,19,1640559,1640.559,0.053232,0.500409,1,time_limit,solomon_exact_1000_v1,,,,,,0.5,,100,2,25,5d3f56a8df0d9ba91e368d7f3a64e9028fef5c9e1a9bdeff889848baf2b8ab27,False,baseline,034a9f2ddc1163af93aedef194b85dba0d917316921d81894ea9f955e988b8de
R102,solomon_txt,eeb23171b7e4fbfc80bf000ca770329109900fbd7273fa8b9d1f95b7dfe683c3,1,1,ok,True,19,1684944,1684.944,0.057777,0.50042,2,time_limit,solomon_exact_1000_v1,,,,,,0.5,,100,2,25,5d3f56a8df0d9ba91e368d7f3a64e9028fef5c9e1a9bdeff889848baf2b8ab27,False,baseline,034a9f2ddc1163af93aedef194b85dba0d917316921d81894ea9f955e988b8de
R102,solomon_txt,eeb23171b7e4fbfc80bf000ca770329109900fbd7273fa8b9d1f95b7dfe683c3,2,1,ok,True,19,1606305,1606.305,0.055157,0.500417,1,time_limit,solomon_exact_1000_v1,,,,,,0.5,,100,2,25,5d3f56a8df0d9ba91e368d7f3a64e9028fef5c9e1a9bdeff889848baf2b8ab27,False,baseline,034a9f2ddc1163af93aedef194b85dba0d917316921d81894ea9f955e988b8de
R103,solomon_txt,1f833e8648ba39e0edc76754fb49e81777a7175cf7b084c3f60a12607bfb3991,0,1,ok,True,14,1543269,1543.269,0.062601,0.500208,2,time_limit,solomon_exact_1000_v1,,,,,,0.5,,100,2,25,5d3f56a8df0d9ba91e368d7f3a64e9028fef5c9e1a9bdeff889848baf2b8ab27,False,baseline,034a9f2ddc1163af93aedef194b85dba0d917316921d81894ea9f955e988b8de
R103,solomon_txt,1f833e8648ba39e0edc76754fb49e81777a7175cf7b084c3f60a12607bfb3991,1,1,ok,True,14,1543269,1543.269,0.064434,0.50024,2,time_limit,solomon_exact_1000_v1,,,,,,0.5,,100,2,25,5d3f56a8df0d9ba91e368d7f3a64e9028fef5c9e1a9bdeff889848baf2b8ab27,False,baseline,034a9f2ddc1163af93aedef194b85dba0d917316921d81894ea9f955e988b8de
R103,solomon_txt,1f833e8648ba39e0edc76754fb49e81777a7175cf7b084c3f60a12607bfb3991,2,1,ok,True,14,1540040,1540.04,0.060998,0.500388,2,time_limit,solomon_exact_1000_v1,,,,,,0.5,,100,2,25,5d3f56a8df0d9ba91e368d7f3a64e9028fef5c9e1a9bdeff889848baf2b8ab27,False,baseline,034a9f2ddc1163af93aedef194b85dba0d917316921d81894ea9f955e988b8de
R104,solomon_txt,dd087124311d91facd81736debbfc7d0f351d27942917e2d76cbafd01e6183b7,0,1,ok,True,11,1179639,1179.639,0.070703,0.50037,2,time_limit,solomon_exact_1000_v1,,,,,,0.5,,100,2,25,5d3f56a8df0d9ba91e368d7f3a64e9028fef5c9e1a9bdeff889848baf2b8ab27,False,baseline,034a9f2ddc1163af93aedef194b85dba0d917316921d81894ea9f955e988b8de
R104,solomon_txt,dd087124311d91facd81736debbfc7d0f351d27942917e2d76cbafd01e6183b7,1,1,ok,True,11,1210304,1210.304,0.072333,0.500446,1,time_limit,solomon_exact_1000_v1,,,,,,0.5,,100,2,25,5d3f56a8df0d9ba91e368d7f3a64e9028fef5c9e1a9bdeff889848baf2b8ab27,False,baseline,034a9f2ddc1163af93aedef194b85dba0d917316921d81894ea9f955e988b8de
R104,solomon_txt,dd087124311d91facd81736debbfc7d0f351d27942917e2d76cbafd01e6183b7,2,1,ok,True,10,1146095,1146.095,0.07108,0.500449,2,time_limit,solomon_exact_1000_v1,,,,,,0.5,,100,2,25,5d3f56a8df0d9ba91e368d7f3a64e9028fef5c9e1a9bdeff889848baf2b8ab27,False,baseline,034a9f2ddc1163af93aedef194b85dba0d917316921d81894ea9f955e988b8de
R105,solomon_txt,ff1a614f8458d6339b3f54d8e4ca2dcf0a35c96012f477f6a819ae481de85ca4,0,1,ok,True,16,1693787,1693.787,0.057133,0.500405,1,time_limit,solomon_exact_1000_v1,,,,,,0.5,,100,2,25,5d3f56a8df0d9ba91e368d7f3a64e9028fef5c9e1a9bdeff889848baf2b8ab27,False,baseline,034a9f2ddc1163af93aedef194b85dba0d917316921d81894ea9f955e988b8de
R105,solomon_txt,ff1a614f8458d6339b3f54d8e4ca2dcf0a35c96012f477f6a819ae481de85ca4,1,1,ok,True,17,1670400,1670.4,0.060015,0.500493,1,time_limit,solomon_exact_1000_v1,,,,,,0.5,,100,2,25,5d3f56a8df0d9ba91e368d7f3a64e9028fef5c9e1a9bdeff889848baf2b8ab27,False,baseline,034a9f2ddc1163af93aedef194b85dba0d917316921d81894ea9f955e988b8de
R105,solomon_txt,ff1a614f8458d6339b3f54d8e4ca2dcf0a35c96012f477f6a819ae481de85ca4,2,1,ok,True,16,1694139,1694.139,0.058317,0.500391,1,time_limit,solomon_exact_1000_v1,,,,,,0.5,,100,2,25,5d3f56a8df0d9ba91e368d7f3a64e9028fef5c9e1a9bdeff889848baf2b8ab27,False,baseline,034a9f2ddc1163af93aedef194b85dba0d917316921d81894ea9f955e988b8de
R106,solomon_txt,31b8783d177f0fbe1c84b8f085fbf28b1989a80e4c00f49f5654ebef99835e97,0,1,ok,True,14,1539783,1539.783,0.060083,0.50041,1,time_limit,solomon_exact_1000_v1,,,,,,0.5,,100,2,25,5d3f56a8df0d9ba91e368d7f3a64e9028fef5c9e1a9bdeff889848baf2b8ab27,False,baseline,034a9f2ddc1163af93aedef194b85dba0d917316921d81894ea9f955e988b8de
R106,solomon_txt,31b8783d177f0fbe1c84b8f085fbf28b1989a80e4c00f49f5654ebef99835e97,1,1,ok,True,14,1639333,1639.333,0.059569,0.500211,2,time_limit,solomon_exact_1000_v1,,,,,,0.5,,100,2,25,5d3f56a8df0d9ba91e368d7f3a64e9028fef5c9e1a9bdeff889848baf2b8ab27,False,baseline,034a9f2ddc1163af93aedef194b85dba0d917316921d81894ea9f955e988b8de
R106,solomon_txt,31b8783d177f0fbe1c84b8f085fbf28b1989a80e4c00f49f5654ebef99835e97,2,1,ok,True,14,1556870,1556.87,0.060042,0.500417,1,time_limit,solomon_exact_1000_v1,,,,,,0.5,,100,2,25,5d3f56a8df0d9ba91e368d7f3a64e9028fef5c9e1a9bdeff889848baf2b8ab27,False,baseline,034a9f2ddc1163af93aedef194b85dba0d917316921d81894ea9f955e988b8de
R107,solomon_txt,dba2b257a1d43d7c78d5e3a9f09091a2b125d3fbec78c0c8a1782add669a1275,0,1,ok,True,12,1281479,1281.479,0.068849,0.500409,1,time_limit,solomon_exact_1000_v1,,,,,,0.5,,100,2,25,5d3f56a8df0d9ba91e368d7f3a64e9028fef5c9e1a9bdeff889848baf2b8ab27,False,baseline,034a9f2ddc1163af93aedef194b85dba0d917316921d81894ea9f955e988b8de
R107,solomon_txt,dba2b257a1d43d7c78d5e3a9f09091a2b125d3fbec78c0c8a1782add669a1275,1,1,ok,True,12,1510233,1510.233,0.065486,0.500218,2,time_limit,solomon_exact_1000_v1,,,,,,0.5,,100,2,25,5d3f56a8df0d9ba91e368d7f3a64e9028fef5c9e1a9bdeff889848baf2b8ab27,False,baseline,034a9f2ddc1163af93aedef194b85dba0d917316921d81894ea9f955e988b8de
R107,solomon_txt,dba2b257a1d43d7c78d5e3a9f09091a2b125d3fbec78c0c8a1782add669a1275,2,1,ok,True,12,1467872,1467.872,0.065538,0.500405,1,time_limit,solomon_exact_1000_v1,,,,,,0.5,,100,2,25,5d3f56a8df0d9ba91e368d7f3a64e9028fef5c9e1a9bdeff889848baf2b8ab27,False,baseline,034a9f2ddc1163af93aedef194b85dba0d917316921d81894ea9f955e988b8de
R108,solomon_txt,65cae09f4099b7e70d2b723e0e3a30aa1494c75a367bb894a3fd13241ee639d4,0,1,ok,True,11,1315436,1315.436,0.072802,0.500403,1,time_limit,solomon_exact_1000_v1,,,,,,0.5,,100,2,25,5d3f56a8df0d9ba91e368d7f3a64e9028fef5c9e1a9bdeff889848baf2b8ab27,False,baseline,034a9f2ddc1163af93aedef194b85dba0d917316921d81894ea9f955e988b8de
R108,solomon_txt,65cae09f4099b7e70d2b723e0e3a30aa1494c75a367bb894a3fd13241ee639d4,1,1,ok,True,10,1128679,1128.679,0.070807,0.500381,1,time_limit,solomon_exact_1000_v1,,,,,,0.5,,100,2,25,5d3f56a8df0d9ba91e368d7f3a64e9028fef5c9e1a9bdeff889848baf2b8ab27,False,baseline,034a9f2ddc1163af93aedef194b85dba0d917316921d81894ea9f955e988b8de
R108,solomon_txt,65cae09f4099b7e70d2b723e0e3a30aa1494c75a367bb894a3fd13241ee639d4,2,1,ok,True,11,1356219,1356.219,0.073996,0.500396,1,time_limit,solomon_exact_1000_v1,,,,,,0.5,,100,2,25,5d3f56a8df0d9ba91e368d7f3a64e9028fef5c9e1a9bdeff889848baf2b8ab27,False,baseline,034a9f2ddc1163af93aedef194b85dba0d917316921d81894ea9f955e988b8de
R109,solomon_txt,4ef24030e8c48de5f85dcd90c5739186004fc8dec87533b6467013cf996f4777,0,1,ok,True,14,1518740,1518.74,0.057244,0.500401,1,time_limit,solomon_exact_1000_v1,,,,,,0.5,,100,2,25,5d3f56a8df0d9ba91e368d7f3a64e9028fef5c9e1a9bdeff889848baf2b8ab27,False,baseline,034a9f2ddc1163af93aedef194b85dba0d917316921d81894ea9f955e988b8de
R109,solomon_txt,4ef24030e8c48de5f85dcd90c5739186004fc8dec87533b6467013cf996f4777,1,1,ok,True,15,1605356,1605.356,0.057202,0.500435,2,time_limit,solomon_exact_1000_v1,,,,,,0.5,,100,2,25,5d3f56a8df0d9ba91e368d7f3a64e9028fef5c9e1a9bdeff889848baf2b8ab27,False,baseline,034a9f2ddc1163af93aedef194b85dba0d917316921d81894ea9f955e988b8de
R109,solomon_txt,4ef24030e8c48de5f85dcd90c5739186004fc8dec87533b6467013cf996f4777,2,1,ok,True,14,1548429,1548.429,0.055594,0.500379,2,time_limit,solomon_exact_1000_v1,,,,,,0.5,,100,2,25,5d3f56a8df0d9ba91e368d7f3a64e9028fef5c9e1a9bdeff889848baf2b8ab27,False,baseline,034a9f2ddc1163af93aedef194b85dba0d917316921d81894ea9f955e988b8de
R110,solomon_txt,14cb53cb99af61d3d708f07564b9a72d146e7c26b4f10507cfaf3bc828f34bfa,0,1,ok,True,13,1561904,1561.904,0.061982,0.500367,1,time_limit,solomon_exact_1000_v1,,,,,,0.5,,100,2,25,5d3f56a8df0d9ba91e368d7f3a64e9028fef5c9e1a9bdeff889848baf2b8ab27,False,baseline,034a9f2ddc1163af93aedef194b85dba0d917316921d81894ea9f955e988b8de
R110,solomon_txt,14cb53cb99af61d3d708f07564b9a72d146e7c26b4f10507cfaf3bc828f34bfa,1,1,ok,True,13,1523085,1523.085,0.063772,0.500195,2,time_limit,solomon_exact_1000_v1,,,,,,0.5,,100,2,25,5d3f56a8df0d9ba91e368d7f3a64e9028fef5c9e1a9bdeff889848baf2b8ab27,False,baseline,034a9f2ddc1163af93aedef194b85dba0d917316921d81894ea9f955e988b8de
R110,solomon_txt,14cb53cb99af61d3d708f07564b9a72d146e7c26b4f10507cfaf3bc828f34bfa,2,1,ok,True,13,1564564,1564.564,0.062634,0.500389,1,time_limit,solomon_exact_1000_v1,,,,,,0.5,,100,2,25,5d3f56a8df0d9ba91e368d7f3a64e9028fef5c9e1a9bdeff889848baf2b8ab27,False,baseline,034a9f2ddc1163af93aedef194b85dba0d917316921d81894ea9f955e988b8de
R111,solomon_txt,3d94a73b1f2fe8aae4618b9d9ea254cff2e3924a6a841aa390096ec6c60f258d,0,1,ok,True,12,1400068,1400.068,0.066025,0.500399,1,time_limit,solomon_exact_1000_v1,,,,,,0.5,,100,2,25,5d3f56a8df0d9ba91e368d7f3a64e9028fef5c9e1a9bdeff889848baf2b8ab27,False,baseline,034a9f2ddc1163af93aedef194b85dba0d917316921d81894ea9f955e988b8de
R111,solomon_txt,3d94a73b1f2fe8aae4618b9d9ea254cff2e3924a6a841aa390096ec6c60f258d,1,1,ok,True,12,1449491,1449.491,0.065523,0.500204,2,time_limit,solomon_exact_1000_v1,,,,,,0.5,,100,2,25,5d3f56a8df0d9ba91e368d7f3a64e9028fef5c9e1a9bdeff889848baf2b8ab27,False,baseline,034a9f2ddc1163af93aedef194b85dba0d917316921d81894ea9f955e988b8de
R111,solomon_txt,3d94a73b1f2fe8aae4618b9d9ea254cff2e3924a6a841aa390096ec6c60f258d,2,1,ok,True,12,1307212,1307.212,0.065611,0.500385,1,time_limit,solomon_exact_1000_v1,,,,,,0.5,,100,2,25,5d3f56a8df0d9ba91e368d7f3a64e9028fef5c9e1a9bdeff889848baf2b8ab27,False,baseline,034a9f2ddc1163af93aedef194b85dba0d917316921d81894ea9f955e988b8de
R112,solomon_txt,a0e93149d59d30c356619891d192e86d0f16c3158e1dac3bd9f23c6deb718271,0,1,ok,True,12,1466116,1466.116,0.062078,0.500207,2,time_limit,solomon_exact_1000_v1,,,,,,0.5,,100,2,25,5d3f56a8df0d9ba91e368d7f3a64e9028fef5c9e1a9bdeff889848baf2b8ab27,False,baseline,034a9f2ddc1163af93aedef194b85dba0d917316921d81894ea9f955e988b8de
R112,solomon_txt,a0e93149d59d30c356619891d192e86d0f16c3158e1dac3bd9f23c6deb718271,1,1,ok,True,13,1429350,1429.35,0.065375,0.500406,1,time_limit,solomon_exact_1000_v1,,,,,,0.5,,100,2,25,5d3f56a8df0d9ba91e368d7f3a64e9028fef5c9e1a9bdeff889848baf2b8ab27,False,baseline,034a9f2ddc1163af93aedef194b85dba0d917316921d81894ea9f955e988b8de
R112,solomon_txt,a0e93149d59d30c356619891d192e86d0f16c3158e1dac3bd9f23c6deb718271,2,1,ok,True,12,1368199,1368.199,0.062165,0.500418,2,time_limit,solomon_exact_1000_v1,,,,,,0.5,,100,2,25,5d3f56a8df0d9ba91e368d7f3a64e9028fef5c9e1a9bdeff889848baf2b8ab27,False,baseline,034a9f2ddc1163af93aedef194b85dba0d917316921d81894ea9f955e988b8de
R201,solomon_txt,0be960ec998fff2cab0bdbcc5194c617e5ca0a79c82c5b32b1d4bd98b2cae210,0,1,ok,True,5,1726658,1726.658,0.130021,0.500202,1,time_limit,solomon_exact_1000_v1,,,,,,0.5,,100,2,25,5d3f56a8df0d9ba91e368d7f3a64e9028fef5c9e1a9bdeff889848baf2b8ab27,False,baseline,034a9f2ddc1163af93aedef194b85dba0d917316921d81894ea9f955e988b8de
R201,solomon_txt,0be960ec998fff2cab0bdbcc5194c617e5ca0a79c82c5b32b1d4bd98b2cae210,1,1,ok,True,4,1665126,1665.126,0.129443,0.500384,1,time_limit,solomon_exact_1000_v1,,,,,,0.5,,100,2,25,5d3f56a8df0d9ba91e368d7f3a64e9028fef5c9e1a9bdeff889848baf2b8ab27,False,baseline,034a9f2ddc1163af93aedef194b85dba0d917316921d81894ea9f955e988b8de
R201,solomon_txt,0be960ec998fff2cab0bdbcc5194c617e5ca0a79c82c5b32b1d4bd98b2cae210,2,1,ok,True,4,1605282,1605.282,0.136128,0.500363,1,time_limit,solomon_exact_1000_v1,,,,,,0.5,,100,2,25,5d3f56a8df0d9ba91e368d7f3a64e9028fef5c9e1a9bdeff889848baf2b8ab27,False,baseline,034a9f2ddc1163af93aedef194b85dba0d917316921d81894ea9f955e988b8de
R202,solomon_txt,1f7761bb33e9dd0c94837b32c72280296ffc283dba997379c7ad75ce00dffc8d,0,1,ok,True,4,1622244,1622.244,0.14872,0.500206,1,time_limit,solomon_exact_1000_v1,,,,,,0.5,,100,2,25,5d3f56a8df0d9ba91e368d7f3a64e9028fef5c9e1a9bdeff889848baf2b8ab27,False,baseline,034a9f2ddc1163af93aedef194b85dba0d917316921d81894ea9f955e988b8de
R202,solomon_txt,1f7761bb33e9dd0c94837b32c72280296ffc283dba997379c7ad75ce00dffc8d,1,1,ok,True,4,1622244,1622.244,0.153913,0.500359,1,time_limit,solomon_exact_1000_v1,,,,,,0.5,,100,2,25,5d3f56a8df0d9ba91e368d7f3a64e9028fef5c9e1a9bdeff889848baf2b8ab27,False,baseline,034a9f2ddc1163af93aedef194b85dba0d917316921d81894ea9f955e988b8de
R202,solomon_txt,1f7761bb33e9dd0c94837b32c72280296ffc283dba997379c7ad75ce00dffc8d,2,1,ok,True,4,1622244,1622.244,0.148544,0.500376,1,time_limit,solomon_exact_1000_v1,,,,,,0.5,,100,2,25,5d3f56a8df0d9ba91e368d7f3a64e9028fef5c9e1a9bdeff889848baf2b8ab27,False,baseline,034a9f2ddc1163af93aedef194b85dba0d917316921d81894ea9f955e988b8de
R203,solomon_txt,38c484db31bd7452a94d533e26a2348ef598df600b79d061d9ddc1c61466a731,0,1,ok,True,3,1243037,1243.037,0.160222,0.500386,2,time_limit,solomon_exact_1000_v1,,,,,,0.5,,100,2,25,5d3f56a8df0d9ba91e368d7f3a64e9028fef5c9e1a9bdeff889848baf2b8ab27,False,baseline,034a9f2ddc1163af93aedef194b85dba0d917316921d81894ea9f955e988b8de
R203,solomon_txt,38c484db31bd7452a94d533e26a2348ef598df600b79d061d9ddc1c61466a731,1,1,ok,True,3,1240938,1240.938,0.160988,0.500367,2,time_limit,solomon_exact_1000_v1,,,,,,0.5,,100,2,25,5d3f56a8df0d9ba91e368d7f3a64e9028fef5c9e1a9bdeff889848baf2b8ab27,False,baseline,034a9f2ddc1163af93aedef194b85dba0d917316921d81894ea9f955e988b8de
R203,solomon_txt,38c484db31bd7452a94d533e26a2348ef598df600b79d061d9ddc1c61466a731,2,1,ok,True,3,1239151,1239.151,0.167577,0.500373,2,time_limit,solomon_exact_1000_v1,,,,,,0.5,,100,2,25,5d3f56a8df0d9ba91e368d7f3a64e9028fef5c9e1a9bdeff889848baf2b8ab27,False,baseline,034a9f2ddc1163af93aedef194b85dba0d917316921d81894ea9f955e988b8de
R204,solomon_txt,5349e37d8df99bcbee1efa2e970d2662b5265e5f82fc609343a6af0a60257abf,0,1,ok,True,3,1331038,1331.038,0.200153,0.500207,1,time_limit,solomon_exact_1000_v1,,,,,,0.5,,100,2,25,5d3f56a8df0d9ba91e368d7f3a64e9028fef5c9e1a9bdeff889848baf2b8ab27,False,baseline,034a9f2ddc1163af93aedef194b85dba0d917316921d81894ea9f955e988b8de
R204,solomon_txt,5349e37d8df99bcbee1efa2e970d2662b5265e5f82fc609343a6af0a60257abf,1,1,ok,True,3,1331038,1331.038,0.199174,0.500246,1,time_limit,solomon_exact_1000_v1,,,,,,0.5,,100,2,25,5d3f56a8df0d9ba91e368d7f3a64e9028fef5c9e1a9bdeff889848baf2b8ab27,False,baseline,034a9f2ddc1163af93aedef194b85dba0d917316921d81894ea9f955e988b8de
R204,solomon_txt,5349e37d8df99bcbee1efa2e970d2662b5265e5f82fc609343a6af0a60257abf,2,1,ok,True,3,1310217,1310.217,0.199266,0.500362,1,time_limit,solomon_exact_1000_v1,,,,,,0.5,,100,2,25,5d3f56a8df0d9ba91e368d7f3a64e9028fef5c9e1a9bdeff889848baf2b8ab27,False,baseline,034a9f2ddc1163af93aedef194b85dba0d917316921d81894ea9f955e988b8de
R205,solomon_txt,1996bf8f10716fb8cfc1a585206a6a6e566f32347c1bb8f36c75ed6c887f77e3,0,1,ok,True,3,1303717,1303.717,0.16419,0.500223,1,time_limit,solomon_exact_1000_v1,,,,,,0.5,,100,2,25,5d3f56a8df0d9ba91e368d7f3a64e9028fef5c9e1a9bdeff889848baf2b8ab27,False,baseline,034a9f2ddc1163af93aedef194b85dba0d917316921d81894ea9f955e988b8de
R205,solomon_txt,1996bf8f10716fb8cfc1a585206a6a6e566f32347c1bb8f36c75ed6c887f77e3,1,1,ok,True,4,1700248,1700.248,0.158352,0.500235,1,time_limit,solomon_exact_1000_v1,,,,,,0.5,,100,2,25,5d3f56a8df0d9ba91e368d7f3a64e9028fef5c9e1a9bdeff889848baf2b8ab27,False,baseline,034a9f2ddc1163af93aedef194b85dba0d917316921d81894ea9f955e988b8de
R205,solomon_txt,1996bf8f10716fb8cfc1a585206a6a6e566f32347c1bb8f36c75ed6c887f77e3,2,1,ok,True,4,1700248,1700.248,0.174533,0.500448,1,time_limit,solomon_exact_1000_v1,,,,,,0.5,,100,2,25,5d3f56a8df0d9ba91e368d7f3a64e9028fef5c9e1a9bdeff889848baf2b8ab27,False,baseline,034a9f2ddc1163af93aedef194b85dba0d917316921d81894ea9f955e988b8de
R206,solomon_txt,c8754a0319264d076c038b1bf023c8c4710e8895fe3e03f485e9ae249f32fe43,0,1,ok,True,3,1533607,1533.607,0.235634,0.500246,1,time_limit,solomon_exact_1000_v1,,,,,,0.5,,100,2,25,5d3f56a8df0d9ba91e368d7f3a64e9028fef5c9e1a9bdeff889848baf2b8ab27,False,baseline,034a9f2ddc1163af93aedef194b85dba0d917316921d81894ea9f955e988b8de
R206,solomon_txt,c8754a0319264d076c038b1bf023c8c4710e8895fe3e03f485e9ae249f32fe43,1,1,ok,True,3,1533607,1533.607,0.32139,0.500349,1,time_limit,solomon_exact_1000_v1,,,,,,0.5,,100,2,25,5d3f56a8df0d9ba91e368d7f3a64e9028fef5c9e1a9bdeff889848baf2b8ab27,False,baseline,034a9f2ddc1163af93aedef194b85dba0d917316921d81894ea9f955e988b8de
R206,solomon_txt,c8754a0319264d076c038b1bf023c8c4710e8895fe3e03f485e9ae249f32fe43,2,1,ok,True,3,1533607,1533.607,0.408682,0.500337,1,time_limit,solomon_exact_1000_v1,,,,,,0.5,,100,2,25,5d3f56a8df0d9ba91e368d7f3a64e9028fef5c9e1a9bdeff889848baf2b8ab27,False,baseline,034a9f2ddc1163af93aedef194b85dba0d917316921d81894ea9f955e988b8de
R207,solomon_txt,52dc8eebba43fdc67ca9aadab228b75a297acb55a87db3e4748e82f623e3cbe6,0,1,ok,True,4,1302528,1302.528,0.423686,0.500658,1,time_limit,solomon_exact_1000_v1,,,,,,0.5,,100,2,25,5d3f56a8df0d9ba91e368d7f3a64e9028fef5c9e1a9bdeff889848baf2b8ab27,False,baseline,034a9f2ddc1163af93aedef194b85dba0d917316921d81894ea9f955e988b8de
R207,solomon_txt,52dc8eebba43fdc67ca9aadab228b75a297acb55a87db3e4748e82f623e3cbe6,1,1,ok,True,4,1302528,1302.528,0.317624,0.500334,1,time_limit,solomon_exact_1000_v1,,,,,,0.5,,100,2,25,5d3f56a8df0d9ba91e368d7f3a64e9028fef5c9e1a9bdeff889848baf2b8ab27,False,baseline,034a9f2ddc1163af93aedef194b85dba0d917316921d81894ea9f955e988b8de
R207,solomon_txt,52dc8eebba43fdc67ca9aadab228b75a297acb55a87db3e4748e82f623e3cbe6,2,1,ok,True,4,1302528,1302.528,0.301353,0.50036,1,time_limit,solomon_exact_1000_v1,,,,,,0.5,,100,2,25,5d3f56a8df0d9ba91e368d7f3a64e9028fef5c9e1a9bdeff889848baf2b8ab27,False,baseline,034a9f2ddc1163af93aedef194b85dba0d917316921d81894ea9f955e988b8de
R208,solomon_txt,7b4a95d500af9329dd08791d39898a619faec0f8fac039d57373e761545b980d,0,1,ok,True,3,957965,957.965,0.440699,0.500402,1,time_limit,solomon_exact_1000_v1,,,,,,0.5,,100,2,25,5d3f56a8df0d9ba91e368d7f3a64e9028fef5c9e1a9bdeff889848baf2b8ab27,False,baseline,034a9f2ddc1163af93aedef194b85dba0d917316921d81894ea9f955e988b8de
R208,solomon_txt,7b4a95d500af9329dd08791d39898a619faec0f8fac039d57373e761545b980d,1,1,ok,True,3,957965,957.965,0.328521,0.500356,1,time_limit,solomon_exact_1000_v1,,,,,,0.5,,100,2,25,5d3f56a8df0d9ba91e368d7f3a64e9028fef5c9e1a9bdeff889848baf2b8ab27,False,baseline,034a9f2ddc1163af93aedef194b85dba0d917316921d81894ea9f955e988b8de
R208,solomon_txt,7b4a95d500af9329dd08791d39898a619faec0f8fac039d57373e761545b980d,2,1,ok,True,3,957965,957.965,0.238862,0.500309,1,time_limit,solomon_exact_1000_v1,,,,,,0.5,,100,2,25,5d3f56a8df0d9ba91e368d7f3a64e9028fef5c9e1a9bdeff889848baf2b8ab27,False,baseline,034a9f2ddc1163af93aedef194b85dba0d917316921d81894ea9f955e988b8de
R209,solomon_txt,5b74156d032babcff853ccc693f94463eca8333cd425aa99a39ed996f6258933,0,1,ok,True,3,1278206,1278.206,0.16556,0.500263,1,time_limit,solomon_exact_1000_v1,,,,,,0.5,,100,2,25,5d3f56a8df0d9ba91e368d7f3a64e9028fef5c9e1a9bdeff889848baf2b8ab27,False,baseline,034a9f2ddc1163af93aedef194b85dba0d917316921d81894ea9f955e988b8de
R209,solomon_txt,5b74156d032babcff853ccc693f94463eca8333cd425aa99a39ed996f6258933,1,1,ok,True,3,1303297,1303.297,0.169605,0.500258,1,time_limit,solomon_exact_1000_v1,,,,,,0.5,,100,2,25,5d3f56a8df0d9ba91e368d7f3a64e9028fef5c9e1a9bdeff889848baf2b8ab27,False,baseline,034a9f2ddc1163af93aedef194b85dba0d917316921d81894ea9f955e988b8de
R209,solomon_txt,5b74156d032babcff853ccc693f94463eca8333cd425aa99a39ed996f6258933,2,1,ok,True,3,1388821,1388.821,0.168857,0.5004,1,time_limit,solomon_exact_1000_v1,,,,,,0.5,,100,2,25,5d3f56a8df0d9ba91e368d7f3a64e9028fef5c9e1a9bdeff889848baf2b8ab27,False,baseline,034a9f2ddc1163af93aedef194b85dba0d917316921d81894ea9f955e988b8de
R210,solomon_txt,4e5772f109fb6183e6a648d6a1edaba3435438c2dc11c42da370fecf7bdf3a14,0,1,ok,True,3,1410875,1410.875,0.172279,0.50049,3,time_limit,solomon_exact_1000_v1,,,,,,0.5,,100,2,25,5d3f56a8df0d9ba91e368d7f3a64e9028fef5c9e1a9bdeff889848baf2b8ab27,False,baseline,034a9f2ddc1163af93aedef194b85dba0d917316921d81894ea9f955e988b8de
R210,solomon_txt,4e5772f109fb6183e6a648d6a1edaba3435438c2dc11c42da370fecf7bdf3a14,1,1,ok,True,3,1418833,1418.833,0.185209,0.500424,3,time_limit,solomon_exact_1000_v1,,,,,,0.5,,100,2,25,5d3f56a8df0d9ba91e368d7f3a64e9028fef5c9e1a9bdeff889848baf2b8ab27,False,baseline,034a9f2ddc1163af93aedef194b85dba0d917316921d81894ea9f955e988b8de
R210,solomon_txt,4e5772f109fb6183e6a648d6a1edaba3435438c2dc11c42da370fecf7bdf3a14,2,1,ok,True,3,1403539,1403.539,0.179112,0.500411,5,time_limit,solomon_exact_1000_v1,,,,,,0.5,,100,2,25,5d3f56a8df0d9ba91e368d7f3a64e9028fef5c9e1a9bdeff889848baf2b8ab27,False,baseline,034a9f2ddc1163af93aedef194b85dba0d917316921d81894ea9f955e988b8de
R211,solomon_txt,2965507e467a2f92acd59035975910e36ae11e4f49590d4c7d20a883939227ad,0,1,ok,True,3,1516434,1516.434,0.188402,0.50028,1,time_limit,solomon_exact_1000_v1,,,,,,0.5,,100,2,25,5d3f56a8df0d9ba91e368d7f3a64e9028fef5c9e1a9bdeff889848baf2b8ab27,False,baseline,034a9f2ddc1163af93aedef194b85dba0d917316921d81894ea9f955e988b8de
R211,solomon_txt,2965507e467a2f92acd59035975910e36ae11e4f49590d4c7d20a883939227ad,1,1,ok,True,3,1516434,1516.434,0.2001,0.500268,1,time_limit,solomon_exact_1000_v1,,,,,,0.5,,100,2,25,5d3f56a8df0d9ba91e368d7f3a64e9028fef5c9e1a9bdeff889848baf2b8ab27,False,baseline,034a9f2ddc1163af93aedef194b85dba0d917316921d81894ea9f955e988b8de
R211,solomon_txt,2965507e467a2f92acd59035975910e36ae11e4f49590d4c7d20a883939227ad,2,1,ok,True,3,1507534,1507.534,0.188132,0.500399,1,time_limit,solomon_exact_1000_v1,,,,,,0.5,,100,2,25,5d3f56a8df0d9ba91e368d7f3a64e9028fef5c9e1a9bdeff889848baf2b8ab27,False,baseline,034a9f2ddc1163af93aedef194b85dba0d917316921d81894ea9f955e988b8de
RC101,solomon_txt,ef6893ffd9746ad96de8e4da6e64e2c4ba6e08a1c7eb9457276a9f1caf01ca12,0,1,ok,True,17,2170091,2170.091,0.058373,0.500243,3,time_limit,solomon_exact_1000_v1,,,,,,0.5,,100,2,25,5d3f56a8df0d9ba91e368d7f3a64e9028fef5c9e1a9bdeff889848baf2b8ab27,False,baseline,034a9f2ddc1163af93aedef194b85dba0d917316921d81894ea9f955e988b8de
RC101,solomon_txt,ef6893ffd9746ad96de8e4da6e64e2c4ba6e08a1c7eb9457276a9f1caf01ca12,1,1,ok,True,18,2074763,2074.763,0.06706,0.500512,1,time_limit,solomon_exact_1000_v1,,,,,,0.5,,100,2,25,5d3f56a8df0d9ba91e368d7f3a64e9028fef5c9e1a9bdeff889848baf2b8ab27,False,baseline,034a9f2ddc1163af93aedef194b85dba0d917316921d81894ea9f955e988b8de
RC101,solomon_txt,ef6893ffd9746ad96de8e4da6e64e2c4ba6e08a1c7eb9457276a9f1caf01ca12,2,1,ok,True,18,1980569,1980.569,0.057346,0.500262,2,time_limit,solomon_exact_1000_v1,,,,,,0.5,,100,2,25,5d3f56a8df0d9ba91e368d7f3a64e9028fef5c9e1a9bdeff889848baf2b8ab27,False,baseline,034a9f2ddc1163af93aedef194b85dba0d917316921d81894ea9f955e988b8de
RC102,solomon_txt,36acd349d34a577c7fadd61f78517c2cb74bd06a490273800c288f341e5785a4,0,1,ok,True,15,1756383,1756.383,0.068668,0.507499,2,time_limit,solomon_exact_1000_v1,,,,,,0.5,,100,2,25,5d3f56a8df0d9ba91e368d7f3a64e9028fef5c9e1a9bdeff889848baf2b8ab27,False,baseline,034a9f2ddc1163af93aedef194b85dba0d917316921d81894ea9f955e988b8de
RC102,solomon_txt,36acd349d34a577c7fadd61f78517c2cb74bd06a490273800c288f341e5785a4,1,1,ok,True,15,1830274,1830.274,0.062875,0.500421,1,time_limit,solomon_exact_1000_v1,,,,,,0.5,,100,2,25,5d3f56a8df0d9ba91e368d7f3a64e9028fef5c9e1a9bdeff889848baf2b8ab27,False,baseline,034a9f2ddc1163af93aedef194b85dba0d917316921d81894ea9f955e988b8de
RC102,solomon_txt,36acd349d34a577c7fadd61f78517c2cb74bd06a490273800c288f341e5785a4,2,1,ok,True,16,1812496,1812.496,0.061115,0.500702,1,time_limit,solomon_exact_1000_v1,,,,,,0.5,,100,2,25,5d3f56a8df0d9ba91e368d7f3a64e9028fef5c9e1a9bdeff889848baf2b8ab27,False,baseline,034a9f2ddc1163af93aedef194b85dba0d917316921d81894ea9f955e988b8de
RC103,solomon_txt,00f384138274d5d2bff5c41601db17cc4ad0cfc6315c27e223d4477bf435cc2d,0,1,ok,True,12,1733037,1733.037,0.069045,0.500505,1,time_limit,solomon_exact_1000_v1,,,,,,0.5,,100,2,25,5d3f56a8df0d9ba91e368d7f3a64e9028fef5c9e1a9bdeff889848baf2b8ab27,False,baseline,034a9f2ddc1163af93aedef194b85dba0d917316921d81894ea9f955e988b8de
RC103,solomon_txt,00f384138274d5d2bff5c41601db17cc4ad0cfc6315c27e223d4477bf435cc2d,1,1,ok,True,12,1702989,1702.989,0.068218,0.500428,1,time_limit,solomon_exact_1000_v1,,,,,,0.5,,100,2,25,5d3f56a8df0d9ba91e368d7f3a64e9028fef5c9e1a9bdeff889848baf2b8ab27,False,baseline,034a9f2ddc1163af93aedef194b85dba0d917316921d81894ea9f955e988b8de
RC103,solomon_txt,00f384138274d5d2bff5c41601db17cc4ad0cfc6315c27e223d4477bf435cc2d,2,1,ok,True,13,1947404,1947.404,0.070762,0.500454,1,time_limit,solomon_exact_1000_v1,,,,,,0.5,,100,2,25,5d3f56a8df0d9ba91e368d7f3a64e9028fef5c9e1a9bdeff889848baf2b8ab27,False,baseline,034a9f2ddc1163af93aedef194b85dba0d917316921d81894ea9f955e988b8de
RC104,solomon_txt,d150b2d61049a488fb89a2320c197d81a7ef9a1864abbbaea1d13a2b451253ee,0,1,ok,True,12,1589309,1589.309,0.069343,0.500247,2,time_limit,solomon_exact_1000_v1,,,,,,0.5,,100,2,25,5d3f56a8df0d9ba91e368d7f3a64e9028fef5c9e1a9bdeff889848baf2b8ab27,False,baseline,034a9f2ddc1163af93aedef194b85dba0d917316921d81894ea9f955e988b8de
RC104,solomon_txt,d150b2d61049a488fb89a2320c197d81a7ef9a1864abbbaea1d13a2b451253ee,1,1,ok,True,12,1624080,1624.08,0.068814,0.500429,2,time_limit,solomon_exact_1000_v1,,,,,,0.5,,100,2,25,5d3f56a8df0d9ba91e368d7f3a64e9028fef5c9e1a9bdeff889848baf2b8ab27,False,baseline,034a9f2ddc1163af93aedef194b85dba0d917316921d81894ea9f955e988b8de
RC104,solomon_txt,d150b2d61049a488fb89a2320c197d81a7ef9a1864abbbaea1d13a2b451253ee,2,1,ok,True,11,1479156,1479.156,0.070011,0.50042,1,time_limit,solomon_exact_1000_v1,,,,,,0.5,,100,2,25,5d3f56a8df0d9ba91e368d7f3a64e9028fef5c9e1a9bdeff889848baf2b8ab27,False,baseline,034a9f2ddc1163af93aedef194b85dba0d917316921d81894ea9f955e988b8de
RC105,solomon_txt,b9e912625c1ed80d2f565e0799ade2f4b17bf4f95056322ca23f1a21b37e7a49,0,1,ok,True,16,1898283,1898.283,0.060778,0.500465,1,time_limit,solomon_exact_1000_v1,,,,,,0.5,,100,2,25,5d3f56a8df0d9ba91e368d7f3a64e9028fef5c9e1a9bdeff889848baf2b8ab27,False,baseline,034a9f2ddc1163af93aedef194b85dba0d917316921d81894ea9f955e988b8de
RC105,solomon_txt,b9e912625c1ed80d2f565e0799ade2f4b17bf4f95056322ca23f1a21b37e7a49,1,1,ok,True,16,2115609,2115.609,0.063151,0.500549,1,time_limit,solomon_exact_1000_v1,,,,,,0.5,,100,2,25,5d3f56a8df0d9ba91e368d7f3a64e9028fef5c9e1a9bdeff889848baf2b8ab27,False,baseline,034a9f2ddc1163af93aedef194b85dba0d917316921d81894ea9f955e988b8de
RC105,solomon_txt,b9e912625c1ed80d2f565e0799ade2f4b17bf4f95056322ca23f1a21b37e7a49,2,1,ok,True,16,1888042,1888.042,0.063493,0.500459,2,time_limit,solomon_exact_1000_v1,,,,,,0.5,,100,2,25,5d3f56a8df0d9ba91e368d7f3a64e9028fef5c9e1a9bdeff889848baf2b8ab27,False,baseline,034a9f2ddc1163af93aedef194b85dba0d917316921d81894ea9f955e988b8de
RC106,solomon_txt,bf016ffc567af2d108570357daf1d0cabb7f680c0bd977d2e4366787683fdbaf,0,1,ok,True,15,2117387,2117.387,0.0605,0.500516,1,time_limit,solomon_exact_1000_v1,,,,,,0.5,,100,2,25,5d3f56a8df0d9ba91e368d7f3a64e9028fef5c9e1a9bdeff889848baf2b8ab27,False,baseline,034a9f2ddc1163af93aedef194b85dba0d917316921d81894ea9f955e988b8de
RC106,solomon_txt,bf016ffc567af2d108570357daf1d0cabb7f680c0bd977d2e4366787683fdbaf,1,1,ok,True,15,1915368,1915.368,0.058127,0.500279,3,time_limit,solomon_exact_1000_v1,,,,,,0.5,,100,2,25,5d3f56a8df0d9ba91e368d7f3a64e9028fef5c9e1a9bdeff889848baf2b8ab27,False,baseline,034a9f2ddc1163af93aedef194b85dba0d917316921d81894ea9f955e988b8de
RC106,solomon_txt,bf016ffc567af2d108570357daf1d0cabb7f680c0bd977d2e4366787683fdbaf,2,1,ok,True,15,1991250,1991.25,0.060453,0.500528,1,time_limit,solomon_exact_1000_v1,,,,,,0.5,,100,2,25,5d3f56a8df0d9ba91e368d7f3a64e9028fef5c9e1a9bdeff889848baf2b8ab27,False,baseline,034a9f2ddc1163af93aedef194b85dba0d917316921d81894ea9f955e988b8de
RC107,solomon_txt,fff3fd68d110671ed442575f07cc547291586f30b00c5f73934d521d31311582,0,1,ok,True,14,1708249,1708.249,0.065392,0.500269,1,time_limit,solomon_exact_1000_v1,,,,,,0.5,,100,2,25,5d3f56a8df0d9ba91e368d7f3a64e9028fef5c9e1a9bdeff889848baf2b8ab27,False,baseline,034a9f2ddc1163af93aedef194b85dba0d917316921d81894ea9f955e988b8de
RC107,solomon_txt,fff3fd68d110671ed442575f07cc547291586f30b00c5f73934d521d31311582,1,1,ok,True,14,1787020,1787.02,0.0623,0.500243,3,time_limit,solomon_exact_1000_v1,,,,,,0.5,,100,2,25,5d3f56a8df0d9ba91e368d7f3a64e9028fef5c9e1a9bdeff889848baf2b8ab27,False,baseline,034a9f2ddc1163af93aedef194b85dba0d917316921d81894ea9f955e988b8de
RC107,solomon_txt,fff3fd68d110671ed442575f07cc547291586f30b00c5f73934d521d31311582,2,1,ok,True,14,1879873,1879.873,0.063773,0.500547,2,time_limit,solomon_exact_1000_v1,,,,,,0.5,,100,2,25,5d3f56a8df0d9ba91e368d7f3a64e9028fef5c9e1a9bdeff889848baf2b8ab27,False,baseline,034a9f2ddc1163af93aedef194b85dba0d917316921d81894ea9f955e988b8de
RC108,solomon_txt,006bc8817bf09f9a8c66af8d6f088bdec239b2eb435556e9d11193cf456f7aeb,0,1,ok,True,14,1950039,1950.039,0.067343,0.500245,2,time_limit,solomon_exact_1000_v1,,,,,,0.5,,100,2,25,5d3f56a8df0d9ba91e368d7f3a64e9028fef5c9e1a9bdeff889848baf2b8ab27,False,baseline,034a9f2ddc1163af93aedef194b85dba0d917316921d81894ea9f955e988b8de
RC108,solomon_txt,006bc8817bf09f9a8c66af8d6f088bdec239b2eb435556e9d11193cf456f7aeb,1,1,ok,True,14,1694123,1694.123,0.065839,0.500233,3,time_limit,solomon_exact_1000_v1,,,,,,0.5,,100,2,25,5d3f56a8df0d9ba91e368d7f3a64e9028fef5c9e1a9bdeff889848baf2b8ab27,False,baseline,034a9f2ddc1163af93aedef194b85dba0d917316921d81894ea9f955e988b8de
RC108,solomon_txt,006bc8817bf09f9a8c66af8d6f088bdec239b2eb435556e9d11193cf456f7aeb,2,1,ok,True,14,1711913,1711.913,0.067844,0.500264,2,time_limit,solomon_exact_1000_v1,,,,,,0.5,,100,2,25,5d3f56a8df0d9ba91e368d7f3a64e9028fef5c9e1a9bdeff889848baf2b8ab27,False,baseline,034a9f2ddc1163af93aedef194b85dba0d917316921d81894ea9f955e988b8de
RC201,solomon_txt,288836e2d8c2ace83ebbff77e03ac8cdffc574fc134cade21ef92713f8c52d44,0,1,ok,True,5,2429811,2429.811,0.133316,0.500248,1,time_limit,solomon_exact_1000_v1,,,,,,0.5,,100,2,25,5d3f56a8df0d9ba91e368d7f3a64e9028fef5c9e1a9bdeff889848baf2b8ab27,False,baseline,034a9f2ddc1163af93aedef194b85dba0d917316921d81894ea9f955e988b8de
RC201,solomon_txt,288836e2d8c2ace83ebbff77e03ac8cdffc574fc134cade21ef92713f8c52d44,1,1,ok,True,5,2384112,2384.112,0.13147,0.500229,2,time_limit,solomon_exact_1000_v1,,,,,,0.5,,100,2,25,5d3f56a8df0d9ba91e368d7f3a64e9028fef5c9e1a9bdeff889848baf2b8ab27,False,baseline,034a9f2ddc1163af93aedef194b85dba0d917316921d81894ea9f955e988b8de
RC201,solomon_txt,288836e2d8c2ace83ebbff77e03ac8cdffc574fc134cade21ef92713f8c52d44,2,1,ok,True,5,2387667,2387.667,0.129461,0.50024,2,time_limit,solomon_exact_1000_v1,,,,,,0.5,,100,2,25,5d3f56a8df0d9ba91e368d7f3a64e9028fef5c9e1a9bdeff889848baf2b8ab27,False,baseline,034a9f2ddc1163af93aedef194b85dba0d917316921d81894ea9f955e988b8de
RC202,solomon_txt,5a1dee2017ab0ca4fe280b392678c96e8b5bc71f22d02c8058fbde7c4cfebcf4,0,1,ok,True,4,1920411,1920.411,0.121982,0.50029,1,time_limit,solomon_exact_1000_v1,,,,,,0.5,,100,2,25,5d3f56a8df0d9ba91e368d7f3a64e9028fef5c9e1a9bdeff889848baf2b8ab27,False,baseline,034a9f2ddc1163af93aedef194b85dba0d917316921d81894ea9f955e988b8de
RC202,solomon_txt,5a1dee2017ab0ca4fe280b392678c96e8b5bc71f22d02c8058fbde7c4cfebcf4,1,1,ok,True,4,1818035,1818.035,0.122917,0.500431,1,time_limit,solomon_exact_1000_v1,,,,,,0.5,,100,2,25,5d3f56a8df0d9ba91e368d7f3a64e9028fef5c9e1a9bdeff889848baf2b8ab27,False,baseline,034a9f2ddc1163af93aedef194b85dba0d917316921d81894ea9f955e988b8de
RC202,solomon_txt,5a1dee2017ab0ca4fe280b392678c96e8b5bc71f22d02c8058fbde7c4cfebcf4,2,1,ok,True,4,1619243,1619.243,0.121599,0.500709,1,time_limit,solomon_exact_1000_v1,,,,,,0.5,,100,2,25,5d3f56a8df0d9ba91e368d7f3a64e9028fef5c9e1a9bdeff889848baf2b8ab27,False,baseline,034a9f2ddc1163af93aedef194b85dba0d917316921d81894ea9f955e988b8de
RC203,solomon_txt,4adcb362c23df91f14b828d4964e9383ffb02ee74217afc2d84571f83ed91f8b,0,1,ok,True,3,1400007,1400.007,0.133067,0.500259,1,time_limit,solomon_exact_1000_v1,,,,,,0.5,,100,2,25,5d3f56a8df0d9ba91e368d7f3a64e9028fef5c9e1a9bdeff889848baf2b8ab27,False,baseline,034a9f2ddc1163af93aedef194b85dba0d917316921d81894ea9f955e988b8de
RC203,solomon_txt,4adcb362c23df91f14b828d4964e9383ffb02ee74217afc2d84571f83ed91f8b,1,1,ok,True,3,1545417,1545.417,0.136878,0.500246,1,time_limit,solomon_exact_1000_v1,,,,,,0.5,,100,2,25,5d3f56a8df0d9ba91e368d7f3a64e9028fef5c9e1a9bdeff889848baf2b8ab27,False,baseline,034a9f2ddc1163af93aedef194b85dba0d917316921d81894ea9f955e988b8de
RC203,solomon_txt,4adcb362c23df91f14b828d4964e9383ffb02ee74217afc2d84571f83ed91f8b,2,1,ok,True,3,1516613,1516.613,0.131619,0.500244,2,time_limit,solomon_exact_1000_v1,,,,,,0.5,,100,2,25,5d3f56a8df0d9ba91e368d7f3a64e9028fef5c9e1a9bdeff889848baf2b8ab27,False,baseline,034a9f2ddc1163af93aedef194b85dba0d917316921d81894ea9f955e988b8de
RC204,solomon_txt,11e827eab51a959ebab66344e7b7cfd1aeed895287653b36a72c86a4440ecd77,0,1,ok,True,3,1500593,1500.593,0.196971,0.500297,1,time_limit,solomon_exact_1000_v1,,,,,,0.5,,100,2,25,5d3f56a8df0d9ba91e368d7f3a64e9028fef5c9e1a9bdeff889848baf2b8ab27,False,baseline,034a9f2ddc1163af93aedef194b85dba0d917316921d81894ea9f955e988b8de
RC204,solomon_txt,11e827eab51a959ebab66344e7b7cfd1aeed895287653b36a72c86a4440ecd77,1,1,ok,True,3,1500593,1500.593,0.192903,0.50025,1,time_limit,solomon_exact_1000_v1,,,,,,0.5,,100,2,25,5d3f56a8df0d9ba91e368d7f3a64e9028fef5c9e1a9bdeff889848baf2b8ab27,False,baseline,034a9f2ddc1163af93aedef194b85dba0d917316921d81894ea9f955e988b8de
RC204,solomon_txt,11e827eab51a959ebab66344e7b7cfd1aeed895287653b36a72c86a4440ecd77,2,1,ok,True,3,1500132,1500.132,0.202765,0.500384,1,time_limit,solomon_exact_1000_v1,,,,,,0.5,,100,2,25,5d3f56a8df0d9ba91e368d7f3a64e9028fef5c9e1a9bdeff889848baf2b8ab27,False,baseline,034a9f2ddc1163af93aedef194b85dba0d917316921d81894ea9f955e988b8de
RC205,solomon_txt,c061d306cf42310b0f3ca15612089f6c5a8d5604c0733bf26852477c787662c9,0,1,ok,True,4,1959415,1959.415,0.149455,0.500273,1,time_limit,solomon_exact_1000_v1,,,,,,0.5,,100,2,25,5d3f56a8df0d9ba91e368d7f3a64e9028fef5c9e1a9bdeff889848baf2b8ab27,False,baseline,034a9f2ddc1163af93aedef194b85dba0d917316921d81894ea9f955e988b8de
RC205,solomon_txt,c061d306cf42310b0f3ca15612089f6c5a8d5604c0733bf26852477c787662c9,1,1,ok,True,4,1741837,1741.837,0.142523,0.500391,1,time_limit,solomon_exact_1000_v1,,,,,,0.5,,100,2,25,5d3f56a8df0d9ba91e368d7f3a64e9028fef5c9e1a9bdeff889848baf2b8ab27,False,baseline,034a9f2ddc1163af93aedef194b85dba0d917316921d81894ea9f955e988b8de
RC205,solomon_txt,c061d306cf42310b0f3ca15612089f6c5a8d5604c0733bf26852477c787662c9,2,1,ok,True,4,1695820,1695.82,0.139628,0.500248,1,time_limit,solomon_exact_1000_v1,,,,,,0.5,,100,2,25,5d3f56a8df0d9ba91e368d7f3a64e9028fef5c9e1a9bdeff889848baf2b8ab27,False,baseline,034a9f2ddc1163af93aedef194b85dba0d917316921d81894ea9f955e988b8de
RC206,solomon_txt,5203aecf67c84df49e152645312a837ffefde529314ff892ca061538816e43a9,0,1,ok,True,4,2080287,2080.287,0.141009,0.500267,1,time_limit,solomon_exact_1000_v1,,,,,,0.5,,100,2,25,5d3f56a8df0d9ba91e368d7f3a64e9028fef5c9e1a9bdeff889848baf2b8ab27,False,baseline,034a9f2ddc1163af93aedef194b85dba0d917316921d81894ea9f955e988b8de
RC206,solomon_txt,5203aecf67c84df49e152645312a837ffefde529314ff892ca061538816e43a9,1,1,ok,True,4,1771858,1771.858,0.138152,0.500394,1,time_limit,solomon_exact_1000_v1,,,,,,0.5,,100,2,25,5d3f56a8df0d9ba91e368d7f3a64e9028fef5c9e1a9bdeff889848baf2b8ab27,False,baseline,034a9f2ddc1163af93aedef194b85dba0d917316921d81894ea9f955e988b8de
RC206,solomon_txt,5203aecf67c84df49e152645312a837ffefde529314ff892ca061538816e43a9,2,1,ok,True,4,1725004,1725.004,0.141375,0.500385,1,time_limit,solomon_exact_1000_v1,,,,,,0.5,,100,2,25,5d3f56a8df0d9ba91e368d7f3a64e9028fef5c9e1a9bdeff889848baf2b8ab27,False,baseline,034a9f2ddc1163af93aedef194b85dba0d917316921d81894ea9f955e988b8de
RC207,solomon_txt,5cab65f99b350cdb8fb1c4d0a12dde85eb4ff6a6d6daf292b182cb73de9a8b63,0,1,ok,True,4,1907431,1907.431,0.153995,0.500252,1,time_limit,solomon_exact_1000_v1,,,,,,0.5,,100,2,25,5d3f56a8df0d9ba91e368d7f3a64e9028fef5c9e1a9bdeff889848baf2b8ab27,False,baseline,034a9f2ddc1163af93aedef194b85dba0d917316921d81894ea9f955e988b8de
RC207,solomon_txt,5cab65f99b350cdb8fb1c4d0a12dde85eb4ff6a6d6daf292b182cb73de9a8b63,1,1,ok,True,3,1405392,1405.392,0.156918,0.500262,1,time_limit,solomon_exact_1000_v1,,,,,,0.5,,100,2,25,5d3f56a8df0d9ba91e368d7f3a64e9028fef5c9e1a9bdeff889848baf2b8ab27,False,baseline,034a9f2ddc1163af93aedef194b85dba0d917316921d81894ea9f955e988b8de
RC207,solomon_txt,5cab65f99b350cdb8fb1c4d0a12dde85eb4ff6a6d6daf292b182cb73de9a8b63,2,1,ok,True,4,1871849,1871.849,0.149294,0.500426,1,time_limit,solomon_exact_1000_v1,,,,,,0.5,,100,2,25,5d3f56a8df0d9ba91e368d7f3a64e9028fef5c9e1a9bdeff889848baf2b8ab27,False,baseline,034a9f2ddc1163af93aedef194b85dba0d917316921d81894ea9f955e988b8de
RC208,solomon_txt,3d67d2a8e2758a324643f5d6c6ca87e8c56435273eaa04be33f213bb991f1f28,0,1,ok,True,3,1365201,1365.201,0.152029,0.500313,1,time_limit,solomon_exact_1000_v1,,,,,,0.5,,100,2,25,5d3f56a8df0d9ba91e368d7f3a64e9028fef5c9e1a9bdeff889848baf2b8ab27,False,baseline,034a9f2ddc1163af93aedef194b85dba0d917316921d81894ea9f955e988b8de
RC208,solomon_txt,3d67d2a8e2758a324643f5d6c6ca87e8c56435273eaa04be33f213bb991f1f28,1,1,ok,True,4,1913075,1913.075,0.160205,0.500374,1,time_limit,solomon_exact_1000_v1,,,,,,0.5,,100,2,25,5d3f56a8df0d9ba91e368d7f3a64e9028fef5c9e1a9bdeff889848baf2b8ab27,False,baseline,034a9f2ddc1163af93aedef194b85dba0d917316921d81894ea9f955e988b8de
RC208,solomon_txt,3d67d2a8e2758a324643f5d6c6ca87e8c56435273eaa04be33f213bb991f1f28,2,1,ok,True,4,1886903,1886.903,0.153317,0.500456,1,time_limit,solomon_exact_1000_v1,,,,,,0.5,,100,2,25,5d3f56a8df0d9ba91e368d7f3a64e9028fef5c9e1a9bdeff889848baf2b8ab27,False,baseline,034a9f2ddc1163af93aedef194b85dba0d917316921d81894ea9f955e988b8de
C101,solomon_txt,a6da75152d182d60ecd2c6f854296f5be452f92282d096adebcf5d99a7f16516,0,1,ok,True,10,828937,828.937,0.065506,0.500392,1,time_limit,solomon_exact_1000_v1,,,,,,0.5,,100,,25,6d40142f96d4524ef3e9b8d0a5708a0555d3ad0d0e6f412e64400b4bafa02c44,False,uncapped,da75ae10f57c25699694afd13ab46c22d8b68cf1fcf4d93570eb667ef53ded62
C101,solomon_txt,a6da75152d182d60ecd2c6f854296f5be452f92282d096adebcf5d99a7f16516,1,1,ok,True,10,828937,828.937,0.065068,0.50044,2,time_limit,solomon_exact_1000_v1,,,,,,0.5,,100,,25,6d40142f96d4524ef3e9b8d0a5708a0555d3ad0d0e6f412e64400b4bafa02c44,False,uncapped,da75ae10f57c25699694afd13ab46c22d8b68cf1fcf4d93570eb667ef53ded62
C101,solomon_txt,a6da75152d182d60ecd2c6f854296f5be452f92282d096adebcf5d99a7f16516,2,1,ok,True,10,828937,828.937,0.065333,0.500362,2,time_limit,solomon_exact_1000_v1,,,,,,0.5,,100,,25,6d40142f96d4524ef3e9b8d0a5708a0555d3ad0d0e6f412e64400b4bafa02c44,False,uncapped,da75ae10f57c25699694afd13ab46c22d8b68cf1fcf4d93570eb667ef53ded62
C102,solomon_txt,f89a0e2a760cc7448a4ca72b88e5b29b94d64b5548f3320f42a6230025ead653,0,1,ok,True,10,1146433,1146.433,0.071463,0.500421,1,time_limit,solomon_exact_1000_v1,,,,,,0.5,,100,,25,6d40142f96d4524ef3e9b8d0a5708a0555d3ad0d0e6f412e64400b4bafa02c44,False,uncapped,da75ae10f57c25699694afd13ab46c22d8b68cf1fcf4d93570eb667ef53ded62
C102,solomon_txt,f89a0e2a760cc7448a4ca72b88e5b29b94d64b5548f3320f42a6230025ead653,1,1,ok,True,10,1146433,1146.433,0.071283,0.500444,1,time_limit,solomon_exact_1000_v1,,,,,,0.5,,100,,25,6d40142f96d4524ef3e9b8d0a5708a0555d3ad0d0e6f412e64400b4bafa02c44,False,uncapped,da75ae10f57c25699694afd13ab46c22d8b68cf1fcf4d93570eb667ef53ded62
C102,solomon_txt,f89a0e2a760cc7448a4ca72b88e5b29b94d64b5548f3320f42a6230025ead653,2,1,ok,True,10,1116381,1116.381,0.069628,0.50041,1,time_limit,solomon_exact_1000_v1,,,,,,0.5,,100,,25,6d40142f96d4524ef3e9b8d0a5708a0555d3ad0d0e6f412e64400b4bafa02c44,False,uncapped,da75ae10f57c25699694afd13ab46c22d8b68cf1fcf4d93570eb667ef53ded62
C103,solomon_txt,a55cabf15e0da9d65696a5fb45c9852889479893f76f772a428ca15d1b415a51,0,1,ok,True,10,1758292,1758.292,0.076702,0.50047,1,time_limit,solomon_exact_1000_v1,,,,,,0.5,,100,,25,6d40142f96d4524ef3e9b8d0a5708a0555d3ad0d0e6f412e64400b4bafa02c44,False,uncapped,da75ae10f57c25699694afd13ab46c22d8b68cf1fcf4d93570eb667ef53ded62
C103,solomon_txt,a55cabf15e0da9d65696a5fb45c9852889479893f76f772a428ca15d1b415a51,1,1,ok,True,10,1758292,1758.292,0.076812,0.500484,1,time_limit,solomon_exact_1000_v1,,,,,,0.5,,100,,25,6d40142f96d4524ef3e9b8d0a5708a0555d3ad0d0e6f412e64400b4bafa02c44,False,uncapped,da75ae10f57c25699694afd13ab46c22d8b68cf1fcf4d93570eb667ef53ded62
C103,solomon_txt,a55cabf15e0da9d65696a5fb45c9852889479893f76f772a428ca15d1b415a51,2,1,ok,True,10,1758292,1758.292,0.079242,0.50042,1,time_limit,solomon_exact_1000_v1,,,,,,0.5,,100,,25,6d40142f96d4524ef3e9b8d0a5708a0555d3ad0d0e6f412e64400b4bafa02c44,False,uncapped,da75ae10f57c25699694afd13ab46c22d8b68cf1fcf4d93570eb667ef53ded62
C104,solomon_txt,fe333e81625ee5a75bb2ce98c2c9f356d07289237865b62a23ba2f32f0de5ee2,0,1,ok,True,10,1705172,1705.172,0.07935,0.500423,1,time_limit,solomon_exact_1000_v1,,,,,,0.5,,100,,25,6d40142f96d4524ef3e9b8d0a5708a0555d3ad0d0e6f412e64400b4bafa02c44,False,uncapped,da75ae10f57c25699694afd13ab46c22d8b68cf1fcf4d93570eb667ef53ded62
C104,solomon_txt,fe333e81625ee5a75bb2ce98c2c9f356d07289237865b62a23ba2f32f0de5ee2,1,1,ok,True,10,1703547,1703.547,0.079837,0.500395,1,time_limit,solomon_exact_1000_v1,,,,,,0.5,,100,,25,6d40142f96d4524ef3e9b8d0a5708a0555d3ad0d0e6f412e64400b4bafa02c44,False,uncapped,da75ae10f57c25699694afd13ab46c22d8b68cf1fcf4d93570eb667ef53ded62
C104,solomon_txt,fe333e81625ee5a75bb2ce98c2c9f356d07289237865b62a23ba2f32f0de5ee2,2,1,ok,True,10,1699112,1699.112,0.079501,0.500402,1,time_limit,solomon_exact_1000_v1,,,,,,0.5,,100,,25,6d40142f96d4524ef3e9b8d0a5708a0555d3ad0d0e6f412e64400b4bafa02c44,False,uncapped,da75ae10f57c25699694afd13ab46c22d8b68cf1fcf4d93570eb667ef53ded62
C105,solomon_txt,9a877a3a6fb922e7ad9297cc0308bc8a5652cb1495a0228ee6b81b2d938aa29f,0,1,ok,True,10,1045194,1045.194,0.067599,0.500426,1,time_limit,solomon_exact_1000_v1,,,,,,0.5,,100,,25,6d40142f96d4524ef3e9b8d0a5708a0555d3ad0d0e6f412e64400b4bafa02c44,False,uncapped,da75ae10f57c25699694afd13ab46c22d8b68cf1fcf4d93570eb667ef53ded62
C105,solomon_txt,9a877a3a6fb922e7ad9297cc0308bc8a5652cb1495a0228ee6b81b2d938aa29f,1,1,ok,True,10,962806,962.806,0.066015,0.500432,1,time_limit,solomon_exact_1000_v1,,,,,,0.5,,100,,25,6d40142f96d4524ef3e9b8d0a5708a0555d3ad0d0e6f412e64400b4bafa02c44,False,uncapped,da75ae10f57c25699694afd13ab46c22d8b68cf1fcf4d93570eb667ef53ded62
C105,solomon_txt,9a877a3a6fb922e7ad9297cc0308bc8a5652cb1495a0228ee6b81b2d938aa29f,2,1,ok,True,10,988185,988.185,0.066525,0.500419,1,time_limit,solomon_exact_1000_v1,,,,,,0.5,,100,,25,6d40142f96d4524ef3e9b8d0a5708a0555d3ad0d0e6f412e64400b4bafa02c44,False,uncapped,da75ae10f57c25699694afd13ab46c22d8b68cf1fcf4d93570eb667ef53ded62
C106,solomon_txt,ec9b419bed53e9c607cce76e8c6bc59feb6e4d17646905601f008a4141ec7b40,0,1,ok,True,10,1085649,1085.649,0.066147,0.5004,1,time_limit,solomon_exact_1000_v1,,,,,,0.5,,100,,25,6d40142f96d4524ef3e9b8d0a5708a0555d3ad0d0e6f412e64400b4bafa02c44,False,uncapped,da75ae10f57c25699694afd13ab46c22d8b68cf1fcf4d93570eb667ef53ded62
C106,solomon_txt,ec9b419bed53e9c607cce76e8c6bc59feb6e4d17646905601f008a4141ec7b40,1,1,ok,True,10,1037933,1037.933,0.065894,0.500458,1,time_limit,solomon_exact_1000_v1,,,,,,0.5,,100,,25,6d40142f96d4524ef3e9b8d0a5708a0555d3ad0d0e6f412e64400b4bafa02c44,False,uncapped,da75ae10f57c25699694afd13ab46c22d8b68cf1fcf4d93570eb667ef53ded62
C106,solomon_txt,ec9b419bed53e9c607cce76e8c6bc59feb6e4d17646905601f008a4141ec7b40,2,1,ok,True,10,1081917,1081.917,0.064377,0.500463,1,time_limit,solomon_exact_1000_v1,,,,,,0.5,,100,,25,6d40142f96d4524ef3e9b8d0a5708a0555d3ad0d0e6f412e64400b4bafa02c44,False,uncapped,da75ae10f57c25699694afd13ab46c22d8b68cf1fcf4d93570eb667ef53ded62
C107,solomon_txt,cb3cdc10d812fa17370eb52cb753b6b0574426dc6fabeb8b9076ed750ddf05ca,0,1,ok,True,10,1080990,1080.99,0.073657,0.500566,1,time_limit,solomon_exact_1000_v1,,,,,,0.5,,100,,25,6d40142f96d4524ef3e9b8d0a5708a0555d3ad0d0e6f412e64400b4bafa02c44,False,uncapped,da75ae10f57c25699694afd13ab46c22d8b68cf1fcf4d93570eb667ef53ded62
C107,solomon_txt,cb3cdc10d812fa17370eb52cb753b6b0574426dc6fabeb8b9076ed750ddf05ca,1,1,ok,True,10,1009102,1009.102,0.068621,0.500444,1,time_limit,solomon_exact_1000_v1,,,,,,0.5,,100,,25,6d40142f96d4524ef3e9b8d0a5708a0555d3ad0d0e6f412e64400b4bafa02c44,False,uncapped,da75ae10f57c25699694afd13ab46c22d8b68cf1fcf4d93570eb667ef53ded62
C107,solomon_txt,cb3cdc10d812fa17370eb52cb753b6b0574426dc6fabeb8b9076ed750ddf05ca,2,1,ok,True,10,1075784,1075.784,0.070752,0.500448,1,time_limit,solomon_exact_1000_v1,,,,,,0.5,,100,,25,6d40142f96d4524ef3e9b8d0a5708a0555d3ad0d0e6f412e64400b4bafa02c44,False,uncapped,da75ae10f57c25699694afd13ab46c22d8b68cf1fcf4d93570eb667ef53ded62
C108,solomon_txt,b8c7e48f292b66b283d8e71511e3a4eccaa4c4bc66b9313c399e73b0226f5953,0,1,ok,True,10,1388641,1388.641,0.067164,0.500441,1,time_limit,solomon_exact_1000_v1,,,,,,0.5,,100,,25,6d40142f96d4524ef3e9b8d0a5708a0555d3ad0d0e6f412e64400b4bafa02c44,False,uncapped,da75ae10f57c25699694afd13ab46c22d8b68cf1fcf4d93570eb667ef53ded62
C108,solomon_txt,b8c7e48f292b66b283d8e71511e3a4eccaa4c4bc66b9313c399e73b0226f5953,1,1,ok,True,10,1505660,1505.66,0.065932,0.500425,1,time_limit,solomon_exact_1000_v1,,,,,,0.5,,100,,25,6d40142f96d4524ef3e9b8d0a5708a0555d3ad0d0e6f412e64400b4bafa02c44,False,uncapped,da75ae10f57c25699694afd13ab46c22d8b68cf1fcf4d93570eb667ef53ded62
C108,solomon_txt,b8c7e48f292b66b283d8e71511e3a4eccaa4c4bc66b9313c399e73b0226f5953,2,1,ok,True,10,1361793,1361.793,0.066077,0.500453,2,time_limit,solomon_exact_1000_v1,,,,,,0.5,,100,,25,6d40142f96d4524ef3e9b8d0a5708a0555d3ad0d0e6f412e64400b4bafa02c44,False,uncapped,da75ae10f57c25699694afd13ab46c22d8b68cf1fcf4d93570eb667ef53ded62
C109,solomon_txt,72d8489e14bf1bb18456f0b21b01110506cbcc2354719dae8481b480150f142a,0,1,ok,True,10,1645342,1645.342,0.076322,0.500404,1,time_limit,solomon_exact_1000_v1,,,,,,0.5,,100,,25,6d40142f96d4524ef3e9b8d0a5708a0555d3ad0d0e6f412e64400b4bafa02c44,False,uncapped,da75ae10f57c25699694afd13ab46c22d8b68cf1fcf4d93570eb667ef53ded62
C109,solomon_txt,72d8489e14bf1bb18456f0b21b01110506cbcc2354719dae8481b480150f142a,1,1,ok,True,10,1643966,1643.966,0.074907,0.500418,1,time_limit,solomon_exact_1000_v1,,,,,,0.5,,100,,25,6d40142f96d4524ef3e9b8d0a5708a0555d3ad0d0e6f412e64400b4bafa02c44,False,uncapped,da75ae10f57c25699694afd13ab46c22d8b68cf1fcf4d93570eb667ef53ded62
C109,solomon_txt,72d8489e14bf1bb18456f0b21b01110506cbcc2354719dae8481b480150f142a,2,1,ok,True,10,1643966,1643.966,0.073159,0.500409,1,time_limit,solomon_exact_1000_v1,,,,,,0.5,,100,,25,6d40142f96d4524ef3e9b8d0a5708a0555d3ad0d0e6f412e64400b4bafa02c44,False,uncapped,da75ae10f57c25699694afd13ab46c22d8b68cf1fcf4d93570eb667ef53ded62
C201,solomon_txt,d8d9834087ae2326fa23a8510533060233dc9fb481873be60956eb26a880ad63,0,1,ok,True,3,698733,698.733,0.181414,0.500409,1,time_limit,solomon_exact_1000_v1,,,,,,0.5,,100,,25,6d40142f96d4524ef3e9b8d0a5708a0555d3ad0d0e6f412e64400b4bafa02c44,False,uncapped,da75ae10f57c25699694afd13ab46c22d8b68cf1fcf4d93570eb667ef53ded62
C201,solomon_txt,d8d9834087ae2326fa23a8510533060233dc9fb481873be60956eb26a880ad63,1,1,ok,True,3,698733,698.733,0.18537,0.500433,1,time_limit,solomon_exact_1000_v1,,,,,,0.5,,100,,25,6d40142f96d4524ef3e9b8d0a5708a0555d3ad0d0e6f412e64400b4bafa02c44,False,uncapped,da75ae10f57c25699694afd13ab46c22d8b68cf1fcf4d93570eb667ef53ded62
C201,solomon_txt,d8d9834087ae2326fa23a8510533060233dc9fb481873be60956eb26a880ad63,2,1,ok,True,3,698733,698.733,0.176946,0.500399,1,time_limit,solomon_exact_1000_v1,,,,,,0.5,,100,,25,6d40142f96d4524ef3e9b8d0a5708a0555d3ad0d0e6f412e64400b4bafa02c44,False,uncapped,da75ae10f57c25699694afd13ab46c22d8b68cf1fcf4d93570eb667ef53ded62
C202,solomon_txt,dfc8ecad79f6c7ffb096cd36994143569f0babe284d5ad194683271d81063772,0,1,ok,True,3,740262,740.262,0.167642,0.500384,1,time_limit,solomon_exact_1000_v1,,,,,,0.5,,100,,25,6d40142f96d4524ef3e9b8d0a5708a0555d3ad0d0e6f412e64400b4bafa02c44,False,uncapped,da75ae10f57c25699694afd13ab46c22d8b68cf1fcf4d93570eb667ef53ded62
C202,solomon_txt,dfc8ecad79f6c7ffb096cd36994143569f0babe284d5ad194683271d81063772,1,1,ok,True,3,740262,740.262,0.169171,0.500419,1,time_limit,solomon_exact_1000_v1,,,,,,0.5,,100,,25,6d40142f96d4524ef3e9b8d0a5708a0555d3ad0d0e6f412e64400b4bafa02c44,False,uncapped,da75ae10f57c25699694afd13ab46c22d8b68cf1fcf4d93570eb667ef53ded62
C202,solomon_txt,dfc8ecad79f6c7ffb096cd36994143569f0babe284d5ad194683271d81063772,2,1,ok,True,3,740262,740.262,0.166366,0.500492,1,time_limit,solomon_exact_1000_v1,,,,,,0.5,,100,,25,6d40142f96d4524ef3e9b8d0a5708a0555d3ad0d0e6f412e64400b4bafa02c44,False,uncapped,da75ae10f57c25699694afd13ab46c22d8b68cf1fcf4d93570eb667ef53ded62
C203,solomon_txt,2b79eea2962a848cb29f6153d4fb4ae725d35507686d937da6643b33fcd85062,0,1,ok,True,3,669480,669.48,0.184746,0.500938,1,time_limit,solomon_exact_1000_v1,,,,,,0.5,,100,,25,6d40142f96d4524ef3e9b8d0a5708a0555d3ad0d0e6f412e64400b4bafa02c44,False,uncapped,da75ae10f57c25699694afd13ab46c22d8b68cf1fcf4d93570eb667ef53ded62
C203,solomon_txt,2b79eea2962a848cb29f6153d4fb4ae725d35507686d937da6643b33fcd85062,1,1,ok,True,3,706970,706.97,0.173394,0.500752,1,time_limit,solomon_exact_1000_v1,,,,,,0.5,,100,,25,6d40142f96d4524ef3e9b8d0a5708a0555d3ad0d0e6f412e64400b4bafa02c44,False,uncapped,da75ae10f57c25699694afd13ab46c22d8b68cf1fcf4d93570eb667ef53ded62
C203,solomon_txt,2b79eea2962a848cb29f6153d4fb4ae725d35507686d937da6643b33fcd85062,2,1,ok,True,3,682261,682.261,0.17212,0.50044,1,time_limit,solomon_exact_1000_v1,,,,,,0.5,,100,,25,6d40142f96d4524ef3e9b8d0a5708a0555d3ad0d0e6f412e64400b4bafa02c44,False,uncapped,da75ae10f57c25699694afd13ab46c22d8b68cf1fcf4d93570eb667ef53ded62
C204,solomon_txt,4331b2744d34e32c2987e3fe8a82b782a2039d757d2aac818f7e0fd21117bfb4,0,1,ok,True,3,921834,921.834,0.177519,0.500425,1,time_limit,solomon_exact_1000_v1,,,,,,0.5,,100,,25,6d40142f96d4524ef3e9b8d0a5708a0555d3ad0d0e6f412e64400b4bafa02c44,False,uncapped,da75ae10f57c25699694afd13ab46c22d8b68cf1fcf4d93570eb667ef53ded62
C204,solomon_txt,4331b2744d34e32c2987e3fe8a82b782a2039d757d2aac818f7e0fd21117bfb4,1,1,ok,True,3,775848,775.848,0.183305,0.500417,1,time_limit,solomon_exact_1000_v1,,,,,,0.5,,100,,25,6d40142f96d4524ef3e9b8d0a5708a0555d3ad0d0e6f412e64400b4bafa02c44,False,uncapped,da75ae10f57c25699694afd13ab46c22d8b68cf1fcf4d93570eb667ef53ded62
C204,solomon_txt,4331b2744d34e32c2987e3fe8a82b782a2039d757d2aac818f7e0fd21117bfb4,2,1,ok,True,3,729890,729.89,0.176314,0.500396,1,time_limit,solomon_exact_1000_v1,,,,,,0.5,,100,,25,6d40142f96d4524ef3e9b8d0a5708a0555d3ad0d0e6f412e64400b4bafa02c44,False,uncapped,da75ae10f57c25699694afd13ab46c22d8b68cf1fcf4d93570eb667ef53ded62
C205,solomon_txt,15be2bb8c3e4ad99a79d1e7ee0472223feb95a4f423d010e032bda0a87266ca5,0,1,ok,True,3,765036,765.036,0.163147,0.500468,1,time_limit,solomon_exact_1000_v1,,,,,,0.5,,100,,25,6d40142f96d4524ef3e9b8d0a5708a0555d3ad0d0e6f412e64400b4bafa02c44,False,uncapped,da75ae10f57c25699694afd13ab46c22d8b68cf1fcf4d93570eb667ef53ded62
C205,solomon_txt,15be2bb8c3e4ad99a79d1e7ee0472223feb95a4f423d010e032bda0a87266ca5,1,1,ok,True,3,762188,762.188,0.156252,0.500404,1,time_limit,solomon_exact_1000_v1,,,,,,0.5,,100,,25,6d40142f96d4524ef3e9b8d0a5708a0555d3ad0d0e6f412e64400b4bafa02c44,False,uncapped,da75ae10f57c25699694afd13ab46c22d8b68cf1fcf4d93570eb667ef53ded62
C205,solomon_txt,15be2bb8c3e4ad99a79d1e7ee0472223feb95a4f423d010e032bda0a87266ca5,2,1,ok,True,3,715300,715.3,0.157959,0.500382,1,time_limit,solomon_exact_1000_v1,,,,,,0.5,,100,,25,6d40142f96d4524ef3e9b8d0a5708a0555d3ad0d0e6f412e64400b4bafa02c44,False,uncapped,da75ae10f57c25699694afd13ab46c22d8b68cf1fcf4d93570eb667ef53ded62
C206,solomon_txt,745b6c7042707ffbbfc4d681ee02a84431425f1dfb3c8aa85ecf003fec8f7e53,0,1,ok,True,3,671261,671.261,0.184241,0.500251,1,time_limit,solomon_exact_1000_v1,,,,,,0.5,,100,,25,6d40142f96d4524ef3e9b8d0a5708a0555d3ad0d0e6f412e64400b4bafa02c44,False,uncapped,da75ae10f57c25699694afd13ab46c22d8b68cf1fcf4d93570eb667ef53ded62
C206,solomon_txt,745b6c7042707ffbbfc4d681ee02a84431425f1dfb3c8aa85ecf003fec8f7e53,1,1,ok,True,3,947130,947.13,0.180495,0.500408,1,time_limit,solomon_exact_1000_v1,,,,,,0.5,,100,,25,6d40142f96d4524ef3e9b8d0a5708a0555d3ad0d0e6f412e64400b4bafa02c44,False,uncapped,da75ae10f57c25699694afd13ab46c22d8b68cf1fcf4d93570eb667ef53ded62
C206,solomon_txt,745b6c7042707ffbbfc4d681ee02a84431425f1dfb3c8aa85ecf003fec8f7e53,2,1,ok,True,3,700943,700.943,0.173091,0.500373,1,time_limit,solomon_exact_1000_v1,,,,,,0.5,,100,,25,6d40142f96d4524ef3e9b8d0a5708a0555d3ad0d0e6f412e64400b4bafa02c44,False,uncapped,da75ae10f57c25699694afd13ab46c22d8b68cf1fcf4d93570eb667ef53ded62
C207,solomon_txt,a33f03570a944c8a6d185fd6a173e66c68e67c399a4958b2d5b6d49533ace4a4,0,1,ok,True,3,907985,907.985,0.177258,0.500385,1,time_limit,solomon_exact_1000_v1,,,,,,0.5,,100,,25,6d40142f96d4524ef3e9b8d0a5708a0555d3ad0d0e6f412e64400b4bafa02c44,False,uncapped,da75ae10f57c25699694afd13ab46c22d8b68cf1fcf4d93570eb667ef53ded62
C207,solomon_txt,a33f03570a944c8a6d185fd6a173e66c68e67c399a4958b2d5b6d49533ace4a4,1,1,ok,True,3,842317,842.317,0.176289,0.500384,1,time_limit,solomon_exact_1000_v1,,,,,,0.5,,100,,25,6d40142f96d4524ef3e9b8d0a5708a0555d3ad0d0e6f412e64400b4bafa02c44,False,uncapped,da75ae10f57c25699694afd13ab46c22d8b68cf1fcf4d93570eb667ef53ded62
C207,solomon_txt,a33f03570a944c8a6d185fd6a173e66c68e67c399a4958b2d5b6d49533ace4a4,2,1,ok,True,3,649994,649.994,0.185475,0.500373,1,time_limit,solomon_exact_1000_v1,,,,,,0.5,,100,,25,6d40142f96d4524ef3e9b8d0a5708a0555d3ad0d0e6f412e64400b4bafa02c44,False,uncapped,da75ae10f57c25699694afd13ab46c22d8b68cf1fcf4d93570eb667ef53ded62
C208,solomon_txt,1c2f2381b8743680dbeb34322869cbf5a6cdd8c281f4bcffdb99b533e601874b,0,1,ok,True,4,957831,957.831,0.17771,0.500214,1,time_limit,solomon_exact_1000_v1,,,,,,0.5,,100,,25,6d40142f96d4524ef3e9b8d0a5708a0555d3ad0d0e6f412e64400b4bafa02c44,False,uncapped,da75ae10f57c25699694afd13ab46c22d8b68cf1fcf4d93570eb667ef53ded62
C208,solomon_txt,1c2f2381b8743680dbeb34322869cbf5a6cdd8c281f4bcffdb99b533e601874b,1,1,ok,True,4,957831,957.831,0.177775,0.500211,1,time_limit,solomon_exact_1000_v1,,,,,,0.5,,100,,25,6d40142f96d4524ef3e9b8d0a5708a0555d3ad0d0e6f412e64400b4bafa02c44,False,uncapped,da75ae10f57c25699694afd13ab46c22d8b68cf1fcf4d93570eb667ef53ded62
C208,solomon_txt,1c2f2381b8743680dbeb34322869cbf5a6cdd8c281f4bcffdb99b533e601874b,2,1,ok,True,3,680076,680.076,0.178654,0.50037,1,time_limit,solomon_exact_1000_v1,,,,,,0.5,,100,,25,6d40142f96d4524ef3e9b8d0a5708a0555d3ad0d0e6f412e64400b4bafa02c44,False,uncapped,da75ae10f57c25699694afd13ab46c22d8b68cf1fcf4d93570eb667ef53ded62
R101,solomon_txt,3f3655182bc0fe44ce5de65fdcd2ee2f9c7fb9ed055f923635151d9d6f76d3ed,0,1,ok,True,22,1906195,1906.195,0.054424,0.500435,1,time_limit,solomon_exact_1000_v1,,,,,,0.5,,100,,25,6d40142f96d4524ef3e9b8d0a5708a0555d3ad0d0e6f412e64400b4bafa02c44,False,uncapped,da75ae10f57c25699694afd13ab46c22d8b68cf1fcf4d93570eb667ef53ded62
R101,solomon_txt,3f3655182bc0fe44ce5de65fdcd2ee2f9c7fb9ed055f923635151d9d6f76d3ed,1,1,ok,True,21,1903068,1903.068,0.054058,0.500435,1,time_limit,solomon_exact_1000_v1,,,,,,0.5,,100,,25,6d40142f96d4524ef3e9b8d0a5708a0555d3ad0d0e6f412e64400b4bafa02c44,False,uncapped,da75ae10f57c25699694afd13ab46c22d8b68cf1fcf4d93570eb667ef53ded62
R101,solomon_txt,3f3655182bc0fe44ce5de65fdcd2ee2f9c7fb9ed055f923635151d9d6f76d3ed,2,1,ok,True,21,1860657,1860.657,0.051847,0.500459,1,time_limit,solomon_exact_1000_v1,,,,,,0.5,,100,,25,6d40142f96d4524ef3e9b8d0a5708a0555d3ad0d0e6f412e64400b4bafa02c44,False,uncapped,da75ae10f57c25699694afd13ab46c22d8b68cf1fcf4d93570eb667ef53ded62
R102,solomon_txt,eeb23171b7e4fbfc80bf000ca770329109900fbd7273fa8b9d1f95b7dfe683c3,0,1,ok,True,19,1640559,1640.559,0.05388,0.500399,1,time_limit,solomon_exact_1000_v1,,,,,,0.5,,100,,25,6d40142f96d4524ef3e9b8d0a5708a0555d3ad0d0e6f412e64400b4bafa02c44,False,uncapped,da75ae10f57c25699694afd13ab46c22d8b68cf1fcf4d93570eb667ef53ded62
R102,solomon_txt,eeb23171b7e4fbfc80bf000ca770329109900fbd7273fa8b9d1f95b7dfe683c3,1,1,ok,True,19,1689866,1689.866,0.053891,0.500432,1,time_limit,solomon_exact_1000_v1,,,,,,0.5,,100,,25,6d40142f96d4524ef3e9b8d0a5708a0555d3ad0d0e6f412e64400b4bafa02c44,False,uncapped,da75ae10f57c25699694afd13ab46c22d8b68cf1fcf4d93570eb667ef53ded62
R102,solomon_txt,eeb23171b7e4fbfc80bf000ca770329109900fbd7273fa8b9d1f95b7dfe683c3,2,1,ok,True,19,1606305,1606.305,0.055826,0.500414,1,time_limit,solomon_exact_1000_v1,,,,,,0.5,,100,,25,6d40142f96d4524ef3e9b8d0a5708a0555d3ad0d0e6f412e64400b4bafa02c44,False,uncapped,da75ae10f57c25699694afd13ab46c22d8b68cf1fcf4d93570eb667ef53ded62
R103,solomon_txt,1f833e8648ba39e0edc76754fb49e81777a7175cf7b084c3f60a12607bfb3991,0,1,ok,True,14,1543269,1543.269,0.064365,0.50043,1,time_limit,solomon_exact_1000_v1,,,,,,0.5,,100,,25,6d40142f96d4524ef3e9b8d0a5708a0555d3ad0d0e6f412e64400b4bafa02c44,False,uncapped,da75ae10f57c25699694afd13ab46c22d8b68cf1fcf4d93570eb667ef53ded62
R103,solomon_txt,1f833e8648ba39e0edc76754fb49e81777a7175cf7b084c3f60a12607bfb3991,1,1,ok,True,14,1543269,1543.269,0.061635,0.500415,1,time_limit,solomon_exact_1000_v1,,,,,,0.5,,100,,25,6d40142f96d4524ef3e9b8d0a5708a0555d3ad0d0e6f412e64400b4bafa02c44,False,uncapped,da75ae10f57c25699694afd13ab46c22d8b68cf1fcf4d93570eb667ef53ded62
R103,solomon_txt,1f833e8648ba39e0edc76754fb49e81777a7175cf7b084c3f60a12607bfb3991,2,1,ok,True,14,1540040,1540.04,0.060335,0.500428,1,time_limit,solomon_exact_1000_v1,,,,,,0.5,,100,,25,6d40142f96d4524ef3e9b8d0a5708a0555d3ad0d0e6f412e64400b4bafa02c44,False,uncapped,da75ae10f57c25699694afd13ab46c22d8b68cf1fcf4d93570eb667ef53ded62
R104,solomon_txt,dd087124311d91facd81736debbfc7d0f351d27942917e2d76cbafd01e6183b7,0,1,ok,True,11,1179639,1179.639,0.070998,0.500362,2,time_limit,solomon_exact_1000_v1,,,,,,0.5,,100,,25,6d40142f96d4524ef3e9b8d0a5708a0555d3ad0d0e6f412e64400b4bafa02c44,False,uncapped,da75ae10f57c25699694afd13ab46c22d8b68cf1fcf4d93570eb667ef53ded62
R104,solomon_txt,dd087124311d91facd81736debbfc7d0f351d27942917e2d76cbafd01e6183b7,1,1,ok,True,11,1210304,1210.304,0.073702,0.500453,1,time_limit,solomon_exact_1000_v1,,,,,,0.5,,100,,25,6d40142f96d4524ef3e9b8d0a5708a0555d3ad0d0e6f412e64400b4bafa02c44,False,uncapped,da75ae10f57c25699694afd13ab46c22d8b68cf1fcf4d93570eb667ef53ded62
R104,solomon_txt,dd087124311d91facd81736debbfc7d0f351d27942917e2d76cbafd01e6183b7,2,1,ok,True,10,1146095,1146.095,0.071096,0.500376,2,time_limit,solomon_exact_1000_v1,,,,,,0.5,,100,,25,6d40142f96d4524ef3e9b8d0a5708a0555d3ad0d0e6f412e64400b4bafa02c44,False,uncapped,da75ae10f57c25699694afd13ab46c22d8b68cf1fcf4d93570eb667ef53ded62
R105,solomon_txt,ff1a614f8458d6339b3f54d8e4ca2dcf0a35c96012f477f6a819ae481de85ca4,0,1,ok,True,16,1693787,1693.787,0.057986,0.50039,1,time_limit,solomon_exact_1000_v1,,,,,,0.5,,100,,25,6d40142f96d4524ef3e9b8d0a5708a0555d3ad0d0e6f412e64400b4bafa02c44,False,uncapped,da75ae10f57c25699694afd13ab46c22d8b68cf1fcf4d93570eb667ef53ded62
R105,solomon_txt,ff1a614f8458d6339b3f54d8e4ca2dcf0a35c96012f477f6a819ae481de85ca4,1,1,ok,True,17,1669389,1669.389,0.056974,0.500407,1,time_limit,solomon_exact_1000_v1,,,,,,0.5,,100,,25,6d40142f96d4524ef3e9b8d0a5708a0555d3ad0d0e6f412e64400b4bafa02c44,False,uncapped,da75ae10f57c25699694afd13ab46c22d8b68cf1fcf4d93570eb667ef53ded62
R105,solomon_txt,ff1a614f8458d6339b3f54d8e4ca2dcf0a35c96012f477f6a819ae481de85ca4,2,1,ok,True,16,1694139,1694.139,0.055492,0.500416,1,time_limit,solomon_exact_1000_v1,,,,,,0.5,,100,,25,6d40142f96d4524ef3e9b8d0a5708a0555d3ad0d0e6f412e64400b4bafa02c44,False,uncapped,da75ae10f57c25699694afd13ab46c22d8b68cf1fcf4d93570eb667ef53ded62
R106,solomon_txt,31b8783d177f0fbe1c84b8f085fbf28b1989a80e4c00f49f5654ebef99835e97,0,1,ok,True,14,1539783,1539.783,0.05756,0.500385,1,time_limit,solomon_exact_1000_v1,,,,,,0.5,,100,,25,6d40142f96d4524ef3e9b8d0a5708a0555d3ad0d0e6f412e64400b4bafa02c44,False,uncapped,da75ae10f57c25699694afd13ab46c22d8b68cf1fcf4d93570eb667ef53ded62
R106,solomon_txt,31b8783d177f0fbe1c84b8f085fbf28b1989a80e4c00f49f5654ebef99835e97,1,1,ok,True,14,1635680,1635.68,0.06135,0.500412,1,time_limit,solomon_exact_1000_v1,,,,,,0.5,,100,,25,6d40142f96d4524ef3e9b8d0a5708a0555d3ad0d0e6f412e64400b4bafa02c44,False,uncapped,da75ae10f57c25699694afd13ab46c22d8b68cf1fcf4d93570eb667ef53ded62
R106,solomon_txt,31b8783d177f0fbe1c84b8f085fbf28b1989a80e4c00f49f5654ebef99835e97,2,1,ok,True,14,1556870,1556.87,0.059619,0.500405,1,time_limit,solomon_exact_1000_v1,,,,,,0.5,,100,,25,6d40142f96d4524ef3e9b8d0a5708a0555d3ad0d0e6f412e64400b4bafa02c44,False,uncapped,da75ae10f57c25699694afd13ab46c22d8b68cf1fcf4d93570eb667ef53ded62
R107,solomon_txt,dba2b257a1d43d7c78d5e3a9f09091a2b125d3fbec78c0c8a1782add669a1275,0,1,ok,True,12,1281479,1281.479,0.06711,0.500403,1,time_limit,solomon_exact_1000_v1,,,,,,0.5,,100,,25,6d40142f96d4524ef3e9b8d0a5708a0555d3ad0d0e6f412e64400b4bafa02c44,False,uncapped,da75ae10f57c25699694afd13ab46c22d8b68cf1fcf4d93570eb667ef53ded62
R107,solomon_txt,dba2b257a1d43d7c78d5e3a9f09091a2b125d3fbec78c0c8a1782add669a1275,1,1,ok,True,12,1510233,1510.233,0.065313,0.500405,1,time_limit,solomon_exact_1000_v1,,,,,,0.5,,100,,25,6d40142f96d4524ef3e9b8d0a5708a0555d3ad0d0e6f412e64400b4bafa02c44,False,uncapped,da75ae10f57c25699694afd13ab46c22d8b68cf1fcf4d93570eb667ef53ded62
R107,solomon_txt,dba2b257a1d43d7c78d5e3a9f09091a2b125d3fbec78c0c8a1782add669a1275,2,1,ok,True,12,1467872,1467.872,0.065707,0.500382,1,time_limit,solomon_exact_1000_v1,,,,,,0.5,,100,,25,6d40142f96d4524ef3e9b8d0a5708a0555d3ad0d0e6f412e64400b4bafa02c44,False,uncapped,da75ae10f57c25699694afd13ab46c22d8b68cf1fcf4d93570eb667ef53ded62
R108,solomon_txt,65cae09f4099b7e70d2b723e0e3a30aa1494c75a367bb894a3fd13241ee639d4,0,1,ok,True,11,1315436,1315.436,0.072158,0.500387,1,time_limit,solomon_exact_1000_v1,,,,,,0.5,,100,,25,6d40142f96d4524ef3e9b8d0a5708a0555d3ad0d0e6f412e64400b4bafa02c44,False,uncapped,da75ae10f57c25699694afd13ab46c22d8b68cf1fcf4d93570eb667ef53ded62
R108,solomon_txt,65cae09f4099b7e70d2b723e0e3a30aa1494c75a367bb894a3fd13241ee639d4,1,1,ok,True,10,1128679,1128.679,0.073079,0.500374,1,time_limit,solomon_exact_1000_v1,,,,,,0.5,,100,,25,6d40142f96d4524ef3e9b8d0a5708a0555d3ad0d0e6f412e64400b4bafa02c44,False,uncapped,da75ae10f57c25699694afd13ab46c22d8b68cf1fcf4d93570eb667ef53ded62
R108,solomon_txt,65cae09f4099b7e70d2b723e0e3a30aa1494c75a367bb894a3fd13241ee639d4,2,1,ok,True,11,1356219,1356.219,0.069812,0.500379,1,time_limit,solomon_exact_1000_v1,,,,,,0.5,,100,,25,6d40142f96d4524ef3e9b8d0a5708a0555d3ad0d0e6f412e64400b4bafa02c44,False,uncapped,da75ae10f57c25699694afd13ab46c22d8b68cf1fcf4d93570eb667ef53ded62
R109,solomon_txt,4ef24030e8c48de5f85dcd90c5739186004fc8dec87533b6467013cf996f4777,0,1,ok,True,14,1518740,1518.74,0.054958,0.500379,1,time_limit,solomon_exact_1000_v1,,,,,,0.5,,100,,25,6d40142f96d4524ef3e9b8d0a5708a0555d3ad0d0e6f412e64400b4bafa02c44,False,uncapped,da75ae10f57c25699694afd13ab46c22d8b68cf1fcf4d93570eb667ef53ded62
R109,solomon_txt,4ef24030e8c48de5f85dcd90c5739186004fc8dec87533b6467013cf996f4777,1,1,ok,True,15,1594359,1594.359,0.055612,0.500407,1,time_limit,solomon_exact_1000_v1,,,,,,0.5,,100,,25,6d40142f96d4524ef3e9b8d0a5708a0555d3ad0d0e6f412e64400b4bafa02c44,False,uncapped,da75ae10f57c25699694afd13ab46c22d8b68cf1fcf4d93570eb667ef53ded62
R109,solomon_txt,4ef24030e8c48de5f85dcd90c5739186004fc8dec87533b6467013cf996f4777,2,1,ok,True,14,1538320,1538.32,0.055168,0.500398,1,time_limit,solomon_exact_1000_v1,,,,,,0.5,,100,,25,6d40142f96d4524ef3e9b8d0a5708a0555d3ad0d0e6f412e64400b4bafa02c44,False,uncapped,da75ae10f57c25699694afd13ab46c22d8b68cf1fcf4d93570eb667ef53ded62
R110,solomon_txt,14cb53cb99af61d3d708f07564b9a72d146e7c26b4f10507cfaf3bc828f34bfa,0,1,ok,True,13,1561904,1561.904,0.062779,0.500418,1,time_limit,solomon_exact_1000_v1,,,,,,0.5,,100,,25,6d40142f96d4524ef3e9b8d0a5708a0555d3ad0d0e6f412e64400b4bafa02c44,False,uncapped,da75ae10f57c25699694afd13ab46c22d8b68cf1fcf4d93570eb667ef53ded62
R110,solomon_txt,14cb53cb99af61d3d708f07564b9a72d146e7c26b4f10507cfaf3bc828f34bfa,1,1,ok,True,13,1523085,1523.085,0.064042,0.500388,1,time_limit,solomon_exact_1000_v1,,,,,,0.5,,100,,25,6d40142f96d4524ef3e9b8d0a5708a0555d3ad0d0e6f412e64400b4bafa02c44,False,uncapped,da75ae10f57c25699694afd13ab46c22d8b68cf1fcf4d93570eb667ef53ded62
R110,solomon_txt,14cb53cb99af61d3d708f07564b9a72d146e7c26b4f10507cfaf3bc828f34bfa,2,1,ok,True,13,1564564,1564.564,0.062462,0.500439,1,time_limit,solomon_exact_1000_v1,,,,,,0.5,,100,,25,6d40142f96d4524ef3e9b8d0a5708a0555d3ad0d0e6f412e64400b4bafa02c44,False,uncapped,da75ae10f57c25699694afd13ab46c22d8b68cf1fcf4d93570eb667ef53ded62
R111,solomon_txt,3d94a73b1f2fe8aae4618b9d9ea254cff2e3924a6a841aa390096ec6c60f258d,0,1,ok,True,12,1400068,1400.068,0.063613,0.500525,1,time_limit,solomon_exact_1000_v1,,,,,,0.5,,100,,25,6d40142f96d4524ef3e9b8d0a5708a0555d3ad0d0e6f412e64400b4bafa02c44,False,uncapped,da75ae10f57c25699694afd13ab46c22d8b68cf1fcf4d93570eb667ef53ded62
R111,solomon_txt,3d94a73b1f2fe8aae4618b9d9ea254cff2e3924a6a841aa390096ec6c60f258d,1,1,ok,True,12,1449491,1449.491,0.064259,0.500383,1,time_limit,solomon_exact_1000_v1,,,,,,0.5,,100,,25,6d40142f96d4524ef3e9b8d0a5708a0555d3ad0d0e6f412e64400b4bafa02c44,False,uncapped,da75ae10f57c25699694afd13ab46c22d8b68cf1fcf4d93570eb667ef53ded62
R111,solomon_txt,3d94a73b1f2fe8aae4618b9d9ea254cff2e3924a6a841aa390096ec6c60f258d,2,1,ok,True,12,1307212,1307.212,0.064411,0.50038,1,time_limit,solomon_exact_1000_v1,,,,,,0.5,,100,,25,6d40142f96d4524ef3e9b8d0a5708a0555d3ad0d0e6f412e64400b4bafa02c44,False,uncapped,da75ae10f57c25699694afd13ab46c22d8b68cf1fcf4d93570eb667ef53ded62
R112,solomon_txt,a0e93149d59d30c356619891d192e86d0f16c3158e1dac3bd9f23c6deb718271,0,1,ok,True,12,1466116,1466.116,0.063147,0.500364,1,time_limit,solomon_exact_1000_v1,,,,,,0.5,,100,,25,6d40142f96d4524ef3e9b8d0a5708a0555d3ad0d0e6f412e64400b4bafa02c44,False,uncapped,da75ae10f57c25699694afd13ab46c22d8b68cf1fcf4d93570eb667ef53ded62
R112,solomon_txt,a0e93149d59d30c356619891d192e86d0f16c3158e1dac3bd9f23c6deb718271,1,1,ok,True,13,1429350,1429.35,0.073484,0.500403,1,time_limit,solomon_exact_1000_v1,,,,,,0.5,,100,,25,6d40142f96d4524ef3e9b8d0a5708a0555d3ad0d0e6f412e64400b4bafa02c44,False,uncapped,da75ae10f57c25699694afd13ab46c22d8b68cf1fcf4d93570eb667ef53ded62
R112,solomon_txt,a0e93149d59d30c356619891d192e86d0f16c3158e1dac3bd9f23c6deb718271,2,1,ok,True,12,1346285,1346.285,0.062002,0.500387,1,time_limit,solomon_exact_1000_v1,,,,,,0.5,,100,,25,6d40142f96d4524ef3e9b8d0a5708a0555d3ad0d0e6f412e64400b4bafa02c44,False,uncapped,da75ae10f57c25699694afd13ab46c22d8b68cf1fcf4d93570eb667ef53ded62
R201,solomon_txt,0be960ec998fff2cab0bdbcc5194c617e5ca0a79c82c5b32b1d4bd98b2cae210,0,1,ok,True,5,1726658,1726.658,0.131623,0.50023,1,time_limit,solomon_exact_1000_v1,,,,,,0.5,,100,,25,6d40142f96d4524ef3e9b8d0a5708a0555d3ad0d0e6f412e64400b4bafa02c44,False,uncapped,da75ae10f57c25699694afd13ab46c22d8b68cf1fcf4d93570eb667ef53ded62
R201,solomon_txt,0be960ec998fff2cab0bdbcc5194c617e5ca0a79c82c5b32b1d4bd98b2cae210,1,1,ok,True,4,1665126,1665.126,0.130752,0.500371,1,time_limit,solomon_exact_1000_v1,,,,,,0.5,,100,,25,6d40142f96d4524ef3e9b8d0a5708a0555d3ad0d0e6f412e64400b4bafa02c44,False,uncapped,da75ae10f57c25699694afd13ab46c22d8b68cf1fcf4d93570eb667ef53ded62
R201,solomon_txt,0be960ec998fff2cab0bdbcc5194c617e5ca0a79c82c5b32b1d4bd98b2cae210,2,1,ok,True,4,1605282,1605.282,0.127011,0.500348,1,time_limit,solomon_exact_1000_v1,,,,,,0.5,,100,,25,6d40142f96d4524ef3e9b8d0a5708a0555d3ad0d0e6f412e64400b4bafa02c44,False,uncapped,da75ae10f57c25699694afd13ab46c22d8b68cf1fcf4d93570eb667ef53ded62
R202,solomon_txt,1f7761bb33e9dd0c94837b32c72280296ffc283dba997379c7ad75ce00dffc8d,0,1,ok,True,4,1622244,1622.244,0.148135,0.50031,1,time_limit,solomon_exact_1000_v1,,,,,,0.5,,100,,25,6d40142f96d4524ef3e9b8d0a5708a0555d3ad0d0e6f412e64400b4bafa02c44,False,uncapped,da75ae10f57c25699694afd13ab46c22d8b68cf1fcf4d93570eb667ef53ded62
R202,solomon_txt,1f7761bb33e9dd0c94837b32c72280296ffc283dba997379c7ad75ce00dffc8d,1,1,ok,True,4,1622244,1622.244,0.149559,0.500364,1,time_limit,solomon_exact_1000_v1,,,,,,0.5,,100,,25,6d40142f96d4524ef3e9b8d0a5708a0555d3ad0d0e6f412e64400b4bafa02c44,False,uncapped,da75ae10f57c25699694afd13ab46c22d8b68cf1fcf4d93570eb667ef53ded62
R202,solomon_txt,1f7761bb33e9dd0c94837b32c72280296ffc283dba997379c7ad75ce00dffc8d,2,1,ok,True,4,1622145,1622.145,0.154104,0.500389,1,time_limit,solomon_exact_1000_v1,,,,,,0.5,,100,,25,6d40142f96d4524ef3e9b8d0a5708a0555d3ad0d0e6f412e64400b4bafa02c44,False,uncapped,da75ae10f57c25699694afd13ab46c22d8b68cf1fcf4d93570eb667ef53ded62
R203,solomon_txt,38c484db31bd7452a94d533e26a2348ef598df600b79d061d9ddc1c61466a731,0,1,ok,True,3,1239151,1239.151,0.169424,0.500403,1,time_limit,solomon_exact_1000_v1,,,,,,0.5,,100,,25,6d40142f96d4524ef3e9b8d0a5708a0555d3ad0d0e6f412e64400b4bafa02c44,False,uncapped,da75ae10f57c25699694afd13ab46c22d8b68cf1fcf4d93570eb667ef53ded62
R203,solomon_txt,38c484db31bd7452a94d533e26a2348ef598df600b79d061d9ddc1c61466a731,1,1,ok,True,3,1237469,1237.469,0.158147,0.500378,1,time_limit,solomon_exact_1000_v1,,,,,,0.5,,100,,25,6d40142f96d4524ef3e9b8d0a5708a0555d3ad0d0e6f412e64400b4bafa02c44,False,uncapped,da75ae10f57c25699694afd13ab46c22d8b68cf1fcf4d93570eb667ef53ded62
R203,solomon_txt,38c484db31bd7452a94d533e26a2348ef598df600b79d061d9ddc1c61466a731,2,1,ok,True,3,1238984,1238.984,0.164653,0.500439,1,time_limit,solomon_exact_1000_v1,,,,,,0.5,,100,,25,6d40142f96d4524ef3e9b8d0a5708a0555d3ad0d0e6f412e64400b4bafa02c44,False,uncapped,da75ae10f57c25699694afd13ab46c22d8b68cf1fcf4d93570eb667ef53ded62
R204,solomon_txt,5349e37d8df99bcbee1efa2e970d2662b5265e5f82fc609343a6af0a60257abf,0,1,ok,True,3,1331038,1331.038,0.213028,0.500235,1,time_limit,solomon_exact_1000_v1,,,,,,0.5,,100,,25,6d40142f96d4524ef3e9b8d0a5708a0555d3ad0d0e6f412e64400b4bafa02c44,False,uncapped,da75ae10f57c25699694afd13ab46c22d8b68cf1fcf4d93570eb667ef53ded62
R204,solomon_txt,5349e37d8df99bcbee1efa2e970d2662b5265e5f82fc609343a6af0a60257abf,1,1,ok,True,3,1331038,1331.038,0.198902,0.5002,1,time_limit,solomon_exact_1000_v1,,,,,,0.5,,100,,25,6d40142f96d4524ef3e9b8d0a5708a0555d3ad0d0e6f412e64400b4bafa02c44,False,uncapped,da75ae10f57c25699694afd13ab46c22d8b68cf1fcf4d93570eb667ef53ded62
R204,solomon_txt,5349e37d8df99bcbee1efa2e970d2662b5265e5f82fc609343a6af0a60257abf,2,1,ok,True,3,1310217,1310.217,0.201404,0.500388,1,time_limit,solomon_exact_1000_v1,,,,,,0.5,,100,,25,6d40142f96d4524ef3e9b8d0a5708a0555d3ad0d0e6f412e64400b4bafa02c44,False,uncapped,da75ae10f57c25699694afd13ab46c22d8b68cf1fcf4d93570eb667ef53ded62
R205,solomon_txt,1996bf8f10716fb8cfc1a585206a6a6e566f32347c1bb8f36c75ed6c887f77e3,0,1,ok,True,3,1303717,1303.717,0.169665,0.500245,1,time_limit,solomon_exact_1000_v1,,,,,,0.5,,100,,25,6d40142f96d4524ef3e9b8d0a5708a0555d3ad0d0e6f412e64400b4bafa02c44,False,uncapped,da75ae10f57c25699694afd13ab46c22d8b68cf1fcf4d93570eb667ef53ded62
R205,solomon_txt,1996bf8f10716fb8cfc1a585206a6a6e566f32347c1bb8f36c75ed6c887f77e3,1,1,ok,True,4,1671892,1671.892,0.157123,0.500625,1,time_limit,solomon_exact_1000_v1,,,,,,0.5,,100,,25,6d40142f96d4524ef3e9b8d0a5708a0555d3ad0d0e6f412e64400b4bafa02c44,False,uncapped,da75ae10f57c25699694afd13ab46c22d8b68cf1fcf4d93570eb667ef53ded62
R205,solomon_txt,1996bf8f10716fb8cfc1a585206a6a6e566f32347c1bb8f36c75ed6c887f77e3,2,1,ok,True,4,1700248,1700.248,0.259246,0.500296,1,time_limit,solomon_exact_1000_v1,,,,,,0.5,,100,,25,6d40142f96d4524ef3e9b8d0a5708a0555d3ad0d0e6f412e64400b4bafa02c44,False,uncapped,da75ae10f57c25699694afd13ab46c22d8b68cf1fcf4d93570eb667ef53ded62
R206,solomon_txt,c8754a0319264d076c038b1bf023c8c4710e8895fe3e03f485e9ae249f32fe43,0,1,ok,True,3,1533607,1533.607,0.180723,0.500282,1,time_limit,solomon_exact_1000_v1,,,,,,0.5,,100,,25,6d40142f96d4524ef3e9b8d0a5708a0555d3ad0d0e6f412e64400b4bafa02c44,False,uncapped,da75ae10f57c25699694afd13ab46c22d8b68cf1fcf4d93570eb667ef53ded62
R206,solomon_txt,c8754a0319264d076c038b1bf023c8c4710e8895fe3e03f485e9ae249f32fe43,1,1,ok,True,3,1533607,1533.607,0.308656,0.500439,1,time_limit,solomon_exact_1000_v1,,,,,,0.5,,100,,25,6d40142f96d4524ef3e9b8d0a5708a0555d3ad0d0e6f412e64400b4bafa02c44,False,uncapped,da75ae10f57c25699694afd13ab46c22d8b68cf1fcf4d93570eb667ef53ded62
R206,solomon_txt,c8754a0319264d076c038b1bf023c8c4710e8895fe3e03f485e9ae249f32fe43,2,1,ok,True,3,1533607,1533.607,0.354108,0.50055,1,time_limit,solomon_exact_1000_v1,,,,,,0.5,,100,,25,6d40142f96d4524ef3e9b8d0a5708a0555d3ad0d0e6f412e64400b4bafa02c44,False,uncapped,da75ae10f57c25699694afd13ab46c22d8b68cf1fcf4d93570eb667ef53ded62
R207,solomon_txt,52dc8eebba43fdc67ca9aadab228b75a297acb55a87db3e4748e82f623e3cbe6,0,1,ok,True,4,1302528,1302.528,0.354729,0.500383,1,time_limit,solomon_exact_1000_v1,,,,,,0.5,,100,,25,6d40142f96d4524ef3e9b8d0a5708a0555d3ad0d0e6f412e64400b4bafa02c44,False,uncapped,da75ae10f57c25699694afd13ab46c22d8b68cf1fcf4d93570eb667ef53ded62
R207,solomon_txt,52dc8eebba43fdc67ca9aadab228b75a297acb55a87db3e4748e82f623e3cbe6,1,1,ok,True,4,1302528,1302.528,0.310239,0.500336,1,time_limit,solomon_exact_1000_v1,,,,,,0.5,,100,,25,6d40142f96d4524ef3e9b8d0a5708a0555d3ad0d0e6f412e64400b4bafa02c44,False,uncapped,da75ae10f57c25699694afd13ab46c22d8b68cf1fcf4d93570eb667ef53ded62
R207,solomon_txt,52dc8eebba43fdc67ca9aadab228b75a297acb55a87db3e4748e82f623e3cbe6,2,1,ok,True,4,1302528,1302.528,0.313398,0.500365,1,time_limit,solomon_exact_1000_v1,,,,,,0.5,,100,,25,6d40142f96d4524ef3e9b8d0a5708a0555d3ad0d0e6f412e64400b4bafa02c44,False,uncapped,da75ae10f57c25699694afd13ab46c22d8b68cf1fcf4d93570eb667ef53ded62
R208,solomon_txt,7b4a95d500af9329dd08791d39898a619faec0f8fac039d57373e761545b980d,0,1,ok,True,3,957965,957.965,0.42605,0.500338,1,time_limit,solomon_exact_1000_v1,,,,,,0.5,,100,,25,6d40142f96d4524ef3e9b8d0a5708a0555d3ad0d0e6f412e64400b4bafa02c44,False,uncapped,da75ae10f57c25699694afd13ab46c22d8b68cf1fcf4d93570eb667ef53ded62
R208,solomon_txt,7b4a95d500af9329dd08791d39898a619faec0f8fac039d57373e761545b980d,1,1,ok,True,3,957965,957.965,0.444728,0.500398,1,time_limit,solomon_exact_1000_v1,,,,,,0.5,,100,,25,6d40142f96d4524ef3e9b8d0a5708a0555d3ad0d0e6f412e64400b4bafa02c44,False,uncapped,da75ae10f57c25699694afd13ab46c22d8b68cf1fcf4d93570eb667ef53ded62
R208,solomon_txt,7b4a95d500af9329dd08791d39898a619faec0f8fac039d57373e761545b980d,2,1,ok,True,3,957965,957.965,0.223994,0.500293,1,time_limit,solomon_exact_1000_v1,,,,,,0.5,,100,,25,6d40142f96d4524ef3e9b8d0a5708a0555d3ad0d0e6f412e64400b4bafa02c44,False,uncapped,da75ae10f57c25699694afd13ab46c22d8b68cf1fcf4d93570eb667ef53ded62
R209,solomon_txt,5b74156d032babcff853ccc693f94463eca8333cd425aa99a39ed996f6258933,0,1,ok,True,3,1278206,1278.206,0.166478,0.500262,1,time_limit,solomon_exact_1000_v1,,,,,,0.5,,100,,25,6d40142f96d4524ef3e9b8d0a5708a0555d3ad0d0e6f412e64400b4bafa02c44,False,uncapped,da75ae10f57c25699694afd13ab46c22d8b68cf1fcf4d93570eb667ef53ded62
R209,solomon_txt,5b74156d032babcff853ccc693f94463eca8333cd425aa99a39ed996f6258933,1,1,ok,True,3,1303297,1303.297,0.161059,0.500242,1,time_limit,solomon_exact_1000_v1,,,,,,0.5,,100,,25,6d40142f96d4524ef3e9b8d0a5708a0555d3ad0d0e6f412e64400b4bafa02c44,False,uncapped,da75ae10f57c25699694afd13ab46c22d8b68cf1fcf4d93570eb667ef53ded62
R209,solomon_txt,5b74156d032babcff853ccc693f94463eca8333cd425aa99a39ed996f6258933,2,1,ok,True,3,1388821,1388.821,0.166561,0.500389,1,time_limit,solomon_exact_1000_v1,,,,,,0.5,,100,,25,6d40142f96d4524ef3e9b8d0a5708a0555d3ad0d0e6f412e64400b4bafa02c44,False,uncapped,da75ae10f57c25699694afd13ab46c22d8b68cf1fcf4d93570eb667ef53ded62
R210,solomon_txt,4e5772f109fb6183e6a648d6a1edaba3435438c2dc11c42da370fecf7bdf3a14,0,1,ok,True,3,1417167,1417.167,0.172989,0.500485,1,time_limit,solomon_exact_1000_v1,,,,,,0.5,,100,,25,6d40142f96d4524ef3e9b8d0a5708a0555d3ad0d0e6f412e64400b4bafa02c44,False,uncapped,da75ae10f57c25699694afd13ab46c22d8b68cf1fcf4d93570eb667ef53ded62
R210,solomon_txt,4e5772f109fb6183e6a648d6a1edaba3435438c2dc11c42da370fecf7bdf3a14,1,1,ok,True,3,1417370,1417.37,0.194812,0.500476,1,time_limit,solomon_exact_1000_v1,,,,,,0.5,,100,,25,6d40142f96d4524ef3e9b8d0a5708a0555d3ad0d0e6f412e64400b4bafa02c44,False,uncapped,da75ae10f57c25699694afd13ab46c22d8b68cf1fcf4d93570eb667ef53ded62
R210,solomon_txt,4e5772f109fb6183e6a648d6a1edaba3435438c2dc11c42da370fecf7bdf3a14,2,1,ok,True,3,1393091,1393.091,0.17996,0.500419,1,time_limit,solomon_exact_1000_v1,,,,,,0.5,,100,,25,6d40142f96d4524ef3e9b8d0a5708a0555d3ad0d0e6f412e64400b4bafa02c44,False,uncapped,da75ae10f57c25699694afd13ab46c22d8b68cf1fcf4d93570eb667ef53ded62
R211,solomon_txt,2965507e467a2f92acd59035975910e36ae11e4f49590d4c7d20a883939227ad,0,1,ok,True,3,1516434,1516.434,0.186886,0.500282,1,time_limit,solomon_exact_1000_v1,,,,,,0.5,,100,,25,6d40142f96d4524ef3e9b8d0a5708a0555d3ad0d0e6f412e64400b4bafa02c44,False,uncapped,da75ae10f57c25699694afd13ab46c22d8b68cf1fcf4d93570eb667ef53ded62
R211,solomon_txt,2965507e467a2f92acd59035975910e36ae11e4f49590d4c7d20a883939227ad,1,1,ok,True,3,1516434,1516.434,0.199769,0.50025,1,time_limit,solomon_exact_1000_v1,,,,,,0.5,,100,,25,6d40142f96d4524ef3e9b8d0a5708a0555d3ad0d0e6f412e64400b4bafa02c44,False,uncapped,da75ae10f57c25699694afd13ab46c22d8b68cf1fcf4d93570eb667ef53ded62
R211,solomon_txt,2965507e467a2f92acd59035975910e36ae11e4f49590d4c7d20a883939227ad,2,1,ok,True,3,1507534,1507.534,0.189359,0.500401,1,time_limit,solomon_exact_1000_v1,,,,,,0.5,,100,,25,6d40142f96d4524ef3e9b8d0a5708a0555d3ad0d0e6f412e64400b4bafa02c44,False,uncapped,da75ae10f57c25699694afd13ab46c22d8b68cf1fcf4d93570eb667ef53ded62
RC101,solomon_txt,ef6893ffd9746ad96de8e4da6e64e2c4ba6e08a1c7eb9457276a9f1caf01ca12,0,1,ok,True,17,2170091,2170.091,0.061586,0.500413,2,time_limit,solomon_exact_1000_v1,,,,,,0.5,,100,,25,6d40142f96d4524ef3e9b8d0a5708a0555d3ad0d0e6f412e64400b4bafa02c44,False,uncapped,da75ae10f57c25699694afd13ab46c22d8b68cf1fcf4d93570eb667ef53ded62
RC101,solomon_txt,ef6893ffd9746ad96de8e4da6e64e2c4ba6e08a1c7eb9457276a9f1caf01ca12,1,1,ok,True,18,2074763,2074.763,0.060406,0.500465,1,time_limit,solomon_exact_1000_v1,,,,,,0.5,,100,,25,6d40142f96d4524ef3e9b8d0a5708a0555d3ad0d0e6f412e64400b4bafa02c44,False,uncapped,da75ae10f57c25699694afd13ab46c22d8b68cf1fcf4d93570eb667ef53ded62
RC101,solomon_txt,ef6893ffd9746ad96de8e4da6e64e2c4ba6e08a1c7eb9457276a9f1caf01ca12,2,1,ok,True,18,1980569,1980.569,0.057922,0.500484,1,time_limit,solomon_exact_1000_v1,,,,,,0.5,,100,,25,6d40142f96d4524ef3e9b8d0a5708a0555d3ad0d0e6f412e64400b4bafa02c44,False,uncapped,da75ae10f57c25699694afd13ab46c22d8b68cf1fcf4d93570eb667ef53ded62
RC102,solomon_txt,36acd349d34a577c7fadd61f78517c2cb74bd06a490273800c288f341e5785a4,0,1,ok,True,15,1749811,1749.811,0.067593,0.500506,2,time_limit,solomon_exact_1000_v1,,,,,,0.5,,100,,25,6d40142f96d4524ef3e9b8d0a5708a0555d3ad0d0e6f412e64400b4bafa02c44,False,uncapped,da75ae10f57c25699694afd13ab46c22d8b68cf1fcf4d93570eb667ef53ded62
RC102,solomon_txt,36acd349d34a577c7fadd61f78517c2cb74bd06a490273800c288f341e5785a4,1,1,ok,True,15,1830274,1830.274,0.060087,0.500463,1,time_limit,solomon_exact_1000_v1,,,,,,0.5,,100,,25,6d40142f96d4524ef3e9b8d0a5708a0555d3ad0d0e6f412e64400b4bafa02c44,False,uncapped,da75ae10f57c25699694afd13ab46c22d8b68cf1fcf4d93570eb667ef53ded62
RC102,solomon_txt,36acd349d34a577c7fadd61f78517c2cb74bd06a490273800c288f341e5785a4,2,1,ok,True,16,1812496,1812.496,0.059308,0.500553,1,time_limit,solomon_exact_1000_v1,,,,,,0.5,,100,,25,6d40142f96d4524ef3e9b8d0a5708a0555d3ad0d0e6f412e64400b4bafa02c44,False,uncapped,da75ae10f57c25699694afd13ab46c22d8b68cf1fcf4d93570eb667ef53ded62
RC103,solomon_txt,00f384138274d5d2bff5c41601db17cc4ad0cfc6315c27e223d4477bf435cc2d,0,1,ok,True,12,1733037,1733.037,0.07086,0.500434,1,time_limit,solomon_exact_1000_v1,,,,,,0.5,,100,,25,6d40142f96d4524ef3e9b8d0a5708a0555d3ad0d0e6f412e64400b4bafa02c44,False,uncapped,da75ae10f57c25699694afd13ab46c22d8b68cf1fcf4d93570eb667ef53ded62
RC103,solomon_txt,00f384138274d5d2bff5c41601db17cc4ad0cfc6315c27e223d4477bf435cc2d,1,1,ok,True,12,1702989,1702.989,0.07098,0.500493,1,time_limit,solomon_exact_1000_v1,,,,,,0.5,,100,,25,6d40142f96d4524ef3e9b8d0a5708a0555d3ad0d0e6f412e64400b4bafa02c44,False,uncapped,da75ae10f57c25699694afd13ab46c22d8b68cf1fcf4d93570eb667ef53ded62
RC103,solomon_txt,00f384138274d5d2bff5c41601db17cc4ad0cfc6315c27e223d4477bf435cc2d,2,1,ok,True,13,1947404,1947.404,0.073598,0.500458,1,time_limit,solomon_exact_1000_v1,,,,,,0.5,,100,,25,6d40142f96d4524ef3e9b8d0a5708a0555d3ad0d0e6f412e64400b4bafa02c44,False,uncapped,da75ae10f57c25699694afd13ab46c22d8b68cf1fcf4d93570eb667ef53ded62
RC104,solomon_txt,d150b2d61049a488fb89a2320c197d81a7ef9a1864abbbaea1d13a2b451253ee,0,1,ok,True,12,1589309,1589.309,0.072229,0.500447,1,time_limit,solomon_exact_1000_v1,,,,,,0.5,,100,,25,6d40142f96d4524ef3e9b8d0a5708a0555d3ad0d0e6f412e64400b4bafa02c44,False,uncapped,da75ae10f57c25699694afd13ab46c22d8b68cf1fcf4d93570eb667ef53ded62
RC104,solomon_txt,d150b2d61049a488fb89a2320c197d81a7ef9a1864abbbaea1d13a2b451253ee,1,1,ok,True,12,1623714,1623.714,0.068988,0.500603,1,time_limit,solomon_exact_1000_v1,,,,,,0.5,,100,,25,6d40142f96d4524ef3e9b8d0a5708a0555d3ad0d0e6f412e64400b4bafa02c44,False,uncapped,da75ae10f57c25699694afd13ab46c22d8b68cf1fcf4d93570eb667ef53ded62
RC104,solomon_txt,d150b2d61049a488fb89a2320c197d81a7ef9a1864abbbaea1d13a2b451253ee,2,1,ok,True,11,1479156,1479.156,0.071901,0.500419,1,time_limit,solomon_exact_1000_v1,,,,,,0.5,,100,,25,6d40142f96d4524ef3e9b8d0a5708a0555d3ad0d0e6f412e64400b4bafa02c44,False,uncapped,da75ae10f57c25699694afd13ab46c22d8b68cf1fcf4d93570eb667ef53ded62
RC105,solomon_txt,b9e912625c1ed80d2f565e0799ade2f4b17bf4f95056322ca23f1a21b37e7a49,0,1,ok,True,16,1898283,1898.283,0.063428,0.500433,1,time_limit,solomon_exact_1000_v1,,,,,,0.5,,100,,25,6d40142f96d4524ef3e9b8d0a5708a0555d3ad0d0e6f412e64400b4bafa02c44,False,uncapped,da75ae10f57c25699694afd13ab46c22d8b68cf1fcf4d93570eb667ef53ded62
RC105,solomon_txt,b9e912625c1ed80d2f565e0799ade2f4b17bf4f95056322ca23f1a21b37e7a49,1,1,ok,True,16,2115609,2115.609,0.061292,0.500539,1,time_limit,solomon_exact_1000_v1,,,,,,0.5,,100,,25,6d40142f96d4524ef3e9b8d0a5708a0555d3ad0d0e6f412e64400b4bafa02c44,False,uncapped,da75ae10f57c25699694afd13ab46c22d8b68cf1fcf4d93570eb667ef53ded62
RC105,solomon_txt,b9e912625c1ed80d2f565e0799ade2f4b17bf4f95056322ca23f1a21b37e7a49,2,1,ok,True,16,1886845,1886.845,0.060521,0.500465,1,time_limit,solomon_exact_1000_v1,,,,,,0.5,,100,,25,6d40142f96d4524ef3e9b8d0a5708a0555d3ad0d0e6f412e64400b4bafa02c44,False,uncapped,da75ae10f57c25699694afd13ab46c22d8b68cf1fcf4d93570eb667ef53ded62
RC106,solomon_txt,bf016ffc567af2d108570357daf1d0cabb7f680c0bd977d2e4366787683fdbaf,0,1,ok,True,15,2117387,2117.387,0.060732,0.500723,1,time_limit,solomon_exact_1000_v1,,,,,,0.5,,100,,25,6d40142f96d4524ef3e9b8d0a5708a0555d3ad0d0e6f412e64400b4bafa02c44,False,uncapped,da75ae10f57c25699694afd13ab46c22d8b68cf1fcf4d93570eb667ef53ded62
RC106,solomon_txt,bf016ffc567af2d108570357daf1d0cabb7f680c0bd977d2e4366787683fdbaf,1,1,ok,True,15,1905001,1905.001,0.062865,0.500519,1,time_limit,solomon_exact_1000_v1,,,,,,0.5,,100,,25,6d40142f96d4524ef3e9b8d0a5708a0555d3ad0d0e6f412e64400b4bafa02c44,False,uncapped,da75ae10f57c25699694afd13ab46c22d8b68cf1fcf4d93570eb667ef53ded62
RC106,solomon_txt,bf016ffc567af2d108570357daf1d0cabb7f680c0bd977d2e4366787683fdbaf,2,1,ok,True,15,1988965,1988.965,0.059338,0.50044,1,time_limit,solomon_exact_1000_v1,,,,,,0.5,,100,,25,6d40142f96d4524ef3e9b8d0a5708a0555d3ad0d0e6f412e64400b4bafa02c44,False,uncapped,da75ae10f57c25699694afd13ab46c22d8b68cf1fcf4d93570eb667ef53ded62
RC107,solomon_txt,fff3fd68d110671ed442575f07cc547291586f30b00c5f73934d521d31311582,0,1,ok,True,14,1708249,1708.249,0.062924,0.500448,1,time_limit,solomon_exact_1000_v1,,,,,,0.5,,100,,25,6d40142f96d4524ef3e9b8d0a5708a0555d3ad0d0e6f412e64400b4bafa02c44,False,uncapped,da75ae10f57c25699694afd13ab46c22d8b68cf1fcf4d93570eb667ef53ded62
RC107,solomon_txt,fff3fd68d110671ed442575f07cc547291586f30b00c5f73934d521d31311582,1,1,ok,True,14,1793892,1793.892,0.065432,0.500506,1,time_limit,solomon_exact_1000_v1,,,,,,0.5,,100,,25,6d40142f96d4524ef3e9b8d0a5708a0555d3ad0d0e6f412e64400b4bafa02c44,False,uncapped,da75ae10f57c25699694afd13ab46c22d8b68cf1fcf4d93570eb667ef53ded62
RC107,solomon_txt,fff3fd68d110671ed442575f07cc547291586f30b00c5f73934d521d31311582,2,1,ok,True,14,1879393,1879.393,0.064082,0.500423,1,time_limit,solomon_exact_1000_v1,,,,,,0.5,,100,,25,6d40142f96d4524ef3e9b8d0a5708a0555d3ad0d0e6f412e64400b4bafa02c44,False,uncapped,da75ae10f57c25699694afd13ab46c22d8b68cf1fcf4d93570eb667ef53ded62
RC108,solomon_txt,006bc8817bf09f9a8c66af8d6f088bdec239b2eb435556e9d11193cf456f7aeb,0,1,ok,True,14,1950039,1950.039,0.066058,0.500536,1,time_limit,solomon_exact_1000_v1,,,,,,0.5,,100,,25,6d40142f96d4524ef3e9b8d0a5708a0555d3ad0d0e6f412e64400b4bafa02c44,False,uncapped,da75ae10f57c25699694afd13ab46c22d8b68cf1fcf4d93570eb667ef53ded62
RC108,solomon_txt,006bc8817bf09f9a8c66af8d6f088bdec239b2eb435556e9d11193cf456f7aeb,1,1,ok,True,14,1680401,1680.401,0.065435,0.500515,1,time_limit,solomon_exact_1000_v1,,,,,,0.5,,100,,25,6d40142f96d4524ef3e9b8d0a5708a0555d3ad0d0e6f412e64400b4bafa02c44,False,uncapped,da75ae10f57c25699694afd13ab46c22d8b68cf1fcf4d93570eb667ef53ded62
RC108,solomon_txt,006bc8817bf09f9a8c66af8d6f088bdec239b2eb435556e9d11193cf456f7aeb,2,1,ok,True,14,1711913,1711.913,0.064621,0.50059,1,time_limit,solomon_exact_1000_v1,,,,,,0.5,,100,,25,6d40142f96d4524ef3e9b8d0a5708a0555d3ad0d0e6f412e64400b4bafa02c44,False,uncapped,da75ae10f57c25699694afd13ab46c22d8b68cf1fcf4d93570eb667ef53ded62
RC201,solomon_txt,288836e2d8c2ace83ebbff77e03ac8cdffc574fc134cade21ef92713f8c52d44,0,1,ok,True,5,2429811,2429.811,0.133025,0.500253,1,time_limit,solomon_exact_1000_v1,,,,,,0.5,,100,,25,6d40142f96d4524ef3e9b8d0a5708a0555d3ad0d0e6f412e64400b4bafa02c44,False,uncapped,da75ae10f57c25699694afd13ab46c22d8b68cf1fcf4d93570eb667ef53ded62
RC201,solomon_txt,288836e2d8c2ace83ebbff77e03ac8cdffc574fc134cade21ef92713f8c52d44,1,1,ok,True,5,2384112,2384.112,0.136912,0.500391,1,time_limit,solomon_exact_1000_v1,,,,,,0.5,,100,,25,6d40142f96d4524ef3e9b8d0a5708a0555d3ad0d0e6f412e64400b4bafa02c44,False,uncapped,da75ae10f57c25699694afd13ab46c22d8b68cf1fcf4d93570eb667ef53ded62
RC201,solomon_txt,288836e2d8c2ace83ebbff77e03ac8cdffc574fc134cade21ef92713f8c52d44,2,1,ok,True,5,2387667,2387.667,0.146046,0.500437,1,time_limit,solomon_exact_1000_v1,,,,,,0.5,,100,,25,6d40142f96d4524ef3e9b8d0a5708a0555d3ad0d0e6f412e64400b4bafa02c44,False,uncapped,da75ae10f57c25699694afd13ab46c22d8b68cf1fcf4d93570eb667ef53ded62
RC202,solomon_txt,5a1dee2017ab0ca4fe280b392678c96e8b5bc71f22d02c8058fbde7c4cfebcf4,0,1,ok,True,4,1920411,1920.411,0.123773,0.500256,1,time_limit,solomon_exact_1000_v1,,,,,,0.5,,100,,25,6d40142f96d4524ef3e9b8d0a5708a0555d3ad0d0e6f412e64400b4bafa02c44,False,uncapped,da75ae10f57c25699694afd13ab46c22d8b68cf1fcf4d93570eb667ef53ded62
RC202,solomon_txt,5a1dee2017ab0ca4fe280b392678c96e8b5bc71f22d02c8058fbde7c4cfebcf4,1,1,ok,True,4,1818035,1818.035,0.12372,0.500407,1,time_limit,solomon_exact_1000_v1,,,,,,0.5,,100,,25,6d40142f96d4524ef3e9b8d0a5708a0555d3ad0d0e6f412e64400b4bafa02c44,False,uncapped,da75ae10f57c25699694afd13ab46c22d8b68cf1fcf4d93570eb667ef53ded62
RC202,solomon_txt,5a1dee2017ab0ca4fe280b392678c96e8b5bc71f22d02c8058fbde7c4cfebcf4,2,1,ok,True,4,1619243,1619.243,0.122056,0.500443,1,time_limit,solomon_exact_1000_v1,,,,,,0.5,,100,,25,6d40142f96d4524ef3e9b8d0a5708a0555d3ad0d0e6f412e64400b4bafa02c44,False,uncapped,da75ae10f57c25699694afd13ab46c22d8b68cf1fcf4d93570eb667ef53ded62
RC203,solomon_txt,4adcb362c23df91f14b828d4964e9383ffb02ee74217afc2d84571f83ed91f8b,0,1,ok,True,3,1400007,1400.007,0.131376,0.500294,1,time_limit,solomon_exact_1000_v1,,,,,,0.5,,100,,25,6d40142f96d4524ef3e9b8d0a5708a0555d3ad0d0e6f412e64400b4bafa02c44,False,uncapped,da75ae10f57c25699694afd13ab46c22d8b68cf1fcf4d93570eb667ef53ded62
RC203,solomon_txt,4adcb362c23df91f14b828d4964e9383ffb02ee74217afc2d84571f83ed91f8b,1,1,ok,True,3,1545417,1545.417,0.127473,0.500252,1,time_limit,solomon_exact_1000_v1,,,,,,0.5,,100,,25,6d40142f96d4524ef3e9b8d0a5708a0555d3ad0d0e6f412e64400b4bafa02c44,False,uncapped,da75ae10f57c25699694afd13ab46c22d8b68cf1fcf4d93570eb667ef53ded62
RC203,solomon_txt,4adcb362c23df91f14b828d4964e9383ffb02ee74217afc2d84571f83ed91f8b,2,1,ok,True,3,1516613,1516.613,0.134233,0.500278,2,time_limit,solomon_exact_1000_v1,,,,,,0.5,,100,,25,6d40142f96d4524ef3e9b8d0a5708a0555d3ad0d0e6f412e64400b4bafa02c44,False,uncapped,da75ae10f57c25699694afd13ab46c22d8b68cf1fcf4d93570eb667ef53ded62
RC204,solomon_txt,11e827eab51a959ebab66344e7b7cfd1aeed895287653b36a72c86a4440ecd77,0,1,ok,True,3,1500593,1500.593,0.195746,0.500247,1,time_limit,solomon_exact_1000_v1,,,,,,0.5,,100,,25,6d40142f96d4524ef3e9b8d0a5708a0555d3ad0d0e6f412e64400b4bafa02c44,False,uncapped,da75ae10f57c25699694afd13ab46c22d8b68cf1fcf4d93570eb667ef53ded62
RC204,solomon_txt,11e827eab51a959ebab66344e7b7cfd1aeed895287653b36a72c86a4440ecd77,1,1,ok,True,3,1500593,1500.593,0.196081,0.500263,1,time_limit,solomon_exact_1000_v1,,,,,,0.5,,100,,25,6d40142f96d4524ef3e9b8d0a5708a0555d3ad0d0e6f412e64400b4bafa02c44,False,uncapped,da75ae10f57c25699694afd13ab46c22d8b68cf1fcf4d93570eb667ef53ded62
RC204,solomon_txt,11e827eab51a959ebab66344e7b7cfd1aeed895287653b36a72c86a4440ecd77,2,1,ok,True,3,1500132,1500.132,0.18964,0.50041,1,time_limit,solomon_exact_1000_v1,,,,,,0.5,,100,,25,6d40142f96d4524ef3e9b8d0a5708a0555d3ad0d0e6f412e64400b4bafa02c44,False,uncapped,da75ae10f57c25699694afd13ab46c22d8b68cf1fcf4d93570eb667ef53ded62
RC205,solomon_txt,c061d306cf42310b0f3ca15612089f6c5a8d5604c0733bf26852477c787662c9,0,1,ok,True,4,1959415,1959.415,0.144048,0.500266,1,time_limit,solomon_exact_1000_v1,,,,,,0.5,,100,,25,6d40142f96d4524ef3e9b8d0a5708a0555d3ad0d0e6f412e64400b4bafa02c44,False,uncapped,da75ae10f57c25699694afd13ab46c22d8b68cf1fcf4d93570eb667ef53ded62
RC205,solomon_txt,c061d306cf42310b0f3ca15612089f6c5a8d5604c0733bf26852477c787662c9,1,1,ok,True,4,1741837,1741.837,0.142587,0.500396,1,time_limit,solomon_exact_1000_v1,,,,,,0.5,,100,,25,6d40142f96d4524ef3e9b8d0a5708a0555d3ad0d0e6f412e64400b4bafa02c44,False,uncapped,da75ae10f57c25699694afd13ab46c22d8b68cf1fcf4d93570eb667ef53ded62
RC205,solomon_txt,c061d306cf42310b0f3ca15612089f6c5a8d5604c0733bf26852477c787662c9,2,1,ok,True,4,1695424,1695.424,0.14353,0.500428,1,time_limit,solomon_exact_1000_v1,,,,,,0.5,,100,,25,6d40142f96d4524ef3e9b8d0a5708a0555d3ad0d0e6f412e64400b4bafa02c44,False,uncapped,da75ae10f57c25699694afd13ab46c22d8b68cf1fcf4d93570eb667ef53ded62
RC206,solomon_txt,5203aecf67c84df49e152645312a837ffefde529314ff892ca061538816e43a9,0,1,ok,True,4,2080287,2080.287,0.138791,0.500274,1,time_limit,solomon_exact_1000_v1,,,,,,0.5,,100,,25,6d40142f96d4524ef3e9b8d0a5708a0555d3ad0d0e6f412e64400b4bafa02c44,False,uncapped,da75ae10f57c25699694afd13ab46c22d8b68cf1fcf4d93570eb667ef53ded62
RC206,solomon_txt,5203aecf67c84df49e152645312a837ffefde529314ff892ca061538816e43a9,1,1,ok,True,4,1771858,1771.858,0.135331,0.500375,1,time_limit,solomon_exact_1000_v1,,,,,,0.5,,100,,25,6d40142f96d4524ef3e9b8d0a5708a0555d3ad0d0e6f412e64400b4bafa02c44,False,uncapped,da75ae10f57c25699694afd13ab46c22d8b68cf1fcf4d93570eb667ef53ded62
RC206,solomon_txt,5203aecf67c84df49e152645312a837ffefde529314ff892ca061538816e43a9,2,1,ok,True,4,1725004,1725.004,0.140176,0.500414,1,time_limit,solomon_exact_1000_v1,,,,,,0.5,,100,,25,6d40142f96d4524ef3e9b8d0a5708a0555d3ad0d0e6f412e64400b4bafa02c44,False,uncapped,da75ae10f57c25699694afd13ab46c22d8b68cf1fcf4d93570eb667ef53ded62
RC207,solomon_txt,5cab65f99b350cdb8fb1c4d0a12dde85eb4ff6a6d6daf292b182cb73de9a8b63,0,1,ok,True,4,1907431,1907.431,0.148964,0.500246,1,time_limit,solomon_exact_1000_v1,,,,,,0.5,,100,,25,6d40142f96d4524ef3e9b8d0a5708a0555d3ad0d0e6f412e64400b4bafa02c44,False,uncapped,da75ae10f57c25699694afd13ab46c22d8b68cf1fcf4d93570eb667ef53ded62
RC207,solomon_txt,5cab65f99b350cdb8fb1c4d0a12dde85eb4ff6a6d6daf292b182cb73de9a8b63,1,1,ok,True,4,1907431,1907.431,0.155367,0.500403,1,time_limit,solomon_exact_1000_v1,,,,,,0.5,,100,,25,6d40142f96d4524ef3e9b8d0a5708a0555d3ad0d0e6f412e64400b4bafa02c44,False,uncapped,da75ae10f57c25699694afd13ab46c22d8b68cf1fcf4d93570eb667ef53ded62
RC207,solomon_txt,5cab65f99b350cdb8fb1c4d0a12dde85eb4ff6a6d6daf292b182cb73de9a8b63,2,1,ok,True,4,1871849,1871.849,0.165682,0.50039,1,time_limit,solomon_exact_1000_v1,,,,,,0.5,,100,,25,6d40142f96d4524ef3e9b8d0a5708a0555d3ad0d0e6f412e64400b4bafa02c44,False,uncapped,da75ae10f57c25699694afd13ab46c22d8b68cf1fcf4d93570eb667ef53ded62
RC208,solomon_txt,3d67d2a8e2758a324643f5d6c6ca87e8c56435273eaa04be33f213bb991f1f28,0,1,ok,True,3,1365201,1365.201,0.15256,0.500255,1,time_limit,solomon_exact_1000_v1,,,,,,0.5,,100,,25,6d40142f96d4524ef3e9b8d0a5708a0555d3ad0d0e6f412e64400b4bafa02c44,False,uncapped,da75ae10f57c25699694afd13ab46c22d8b68cf1fcf4d93570eb667ef53ded62
RC208,solomon_txt,3d67d2a8e2758a324643f5d6c6ca87e8c56435273eaa04be33f213bb991f1f28,1,1,ok,True,4,1913075,1913.075,0.150407,0.500364,1,time_limit,solomon_exact_1000_v1,,,,,,0.5,,100,,25,6d40142f96d4524ef3e9b8d0a5708a0555d3ad0d0e6f412e64400b4bafa02c44,False,uncapped,da75ae10f57c25699694afd13ab46c22d8b68cf1fcf4d93570eb667ef53ded62
RC208,solomon_txt,3d67d2a8e2758a324643f5d6c6ca87e8c56435273eaa04be33f213bb991f1f28,2,1,ok,True,4,1886903,1886.903,0.153625,0.500391,1,time_limit,solomon_exact_1000_v1,,,,,,0.5,,100,,25,6d40142f96d4524ef3e9b8d0a5708a0555d3ad0d0e6f412e64400b4bafa02c44,False,uncapped,da75ae10f57c25699694afd13ab46c22d8b68cf1fcf4d93570eb667ef53ded62
C101,solomon_txt,a6da75152d182d60ecd2c6f854296f5be452f92282d096adebcf5d99a7f16516,0,1,ok,True,10,828937,828.937,0.067341,0.500422,1,time_limit,solomon_exact_1000_v1,,,,,,0.5,,100,,25,6d40142f96d4524ef3e9b8d0a5708a0555d3ad0d0e6f412e64400b4bafa02c44,False,relocate_pair,53dcfc67c35040d8908a579734166aec16f52930e61d8da2fe61ff084526ea82
C101,solomon_txt,a6da75152d182d60ecd2c6f854296f5be452f92282d096adebcf5d99a7f16516,1,1,ok,True,10,828937,828.937,0.067164,0.500435,2,time_limit,solomon_exact_1000_v1,,,,,,0.5,,100,,25,6d40142f96d4524ef3e9b8d0a5708a0555d3ad0d0e6f412e64400b4bafa02c44,False,relocate_pair,53dcfc67c35040d8908a579734166aec16f52930e61d8da2fe61ff084526ea82
C101,solomon_txt,a6da75152d182d60ecd2c6f854296f5be452f92282d096adebcf5d99a7f16516,2,1,ok,True,10,828937,828.937,0.066084,0.50041,1,time_limit,solomon_exact_1000_v1,,,,,,0.5,,100,,25,6d40142f96d4524ef3e9b8d0a5708a0555d3ad0d0e6f412e64400b4bafa02c44,False,relocate_pair,53dcfc67c35040d8908a579734166aec16f52930e61d8da2fe61ff084526ea82
C102,solomon_txt,f89a0e2a760cc7448a4ca72b88e5b29b94d64b5548f3320f42a6230025ead653,0,1,ok,True,10,1231729,1231.729,0.071011,0.500407,1,time_limit,solomon_exact_1000_v1,,,,,,0.5,,100,,25,6d40142f96d4524ef3e9b8d0a5708a0555d3ad0d0e6f412e64400b4bafa02c44,False,relocate_pair,53dcfc67c35040d8908a579734166aec16f52930e61d8da2fe61ff084526ea82
C102,solomon_txt,f89a0e2a760cc7448a4ca72b88e5b29b94d64b5548f3320f42a6230025ead653,1,1,ok,True,10,1231729,1231.729,0.073762,0.500439,1,time_limit,solomon_exact_1000_v1,,,,,,0.5,,100,,25,6d40142f96d4524ef3e9b8d0a5708a0555d3ad0d0e6f412e64400b4bafa02c44,False,relocate_pair,53dcfc67c35040d8908a579734166aec16f52930e61d8da2fe61ff084526ea82
C102,solomon_txt,f89a0e2a760cc7448a4ca72b88e5b29b94d64b5548f3320f42a6230025ead653,2,1,ok,True,10,1231729,1231.729,0.071326,0.500476,1,time_limit,solomon_exact_1000_v1,,,,,,0.5,,100,,25,6d40142f96d4524ef3e9b8d0a5708a0555d3ad0d0e6f412e64400b4bafa02c44,False,relocate_pair,53dcfc67c35040d8908a579734166aec16f52930e61d8da2fe61ff084526ea82
C103,solomon_txt,a55cabf15e0da9d65696a5fb45c9852889479893f76f772a428ca15d1b415a51,0,1,ok,True,10,1747153,1747.153,0.076277,0.500446,1,time_limit,solomon_exact_1000_v1,,,,,,0.5,,100,,25,6d40142f96d4524ef3e9b8d0a5708a0555d3ad0d0e6f412e64400b4bafa02c44,False,relocate_pair,53dcfc67c35040d8908a579734166aec16f52930e61d8da2fe61ff084526ea82
C103,solomon_txt,a55cabf15e0da9d65696a5fb45c9852889479893f76f772a428ca15d1b415a51,1,1,ok,True,10,1747153,1747.153,0.079093,0.500426,1,time_limit,solomon_exact_1000_v1,,,,,,0.5,,100,,25,6d40142f96d4524ef3e9b8d0a5708a0555d3ad0d0e6f412e64400b4bafa02c44,False,relocate_pair,53dcfc67c35040d8908a579734166aec16f52930e61d8da2fe61ff084526ea82
C103,solomon_txt,a55cabf15e0da9d65696a5fb45c9852889479893f76f772a428ca15d1b415a51,2,1,ok,True,10,1747153,1747.153,0.077637,0.500407,1,time_limit,solomon_exact_1000_v1,,,,,,0.5,,100,,25,6d40142f96d4524ef3e9b8d0a5708a0555d3ad0d0e6f412e64400b4bafa02c44,False,relocate_pair,53dcfc67c35040d8908a579734166aec16f52930e61d8da2fe61ff084526ea82
C104,solomon_txt,fe333e81625ee5a75bb2ce98c2c9f356d07289237865b62a23ba2f32f0de5ee2,0,1,ok,True,10,1883596,1883.596,0.082486,0.500421,1,time_limit,solomon_exact_1000_v1,,,,,,0.5,,100,,25,6d40142f96d4524ef3e9b8d0a5708a0555d3ad0d0e6f412e64400b4bafa02c44,False,relocate_pair,53dcfc67c35040d8908a579734166aec16f52930e61d8da2fe61ff084526ea82
C104,solomon_txt,fe333e81625ee5a75bb2ce98c2c9f356d07289237865b62a23ba2f32f0de5ee2,1,1,ok,True,10,1881971,1881.971,0.082372,0.500622,1,time_limit,solomon_exact_1000_v1,,,,,,0.5,,100,,25,6d40142f96d4524ef3e9b8d0a5708a0555d3ad0d0e6f412e64400b4bafa02c44,False,relocate_pair,53dcfc67c35040d8908a579734166aec16f52930e61d8da2fe61ff084526ea82
C104,solomon_txt,fe333e81625ee5a75bb2ce98c2c9f356d07289237865b62a23ba2f32f0de5ee2,2,1,ok,True,10,1814454,1814.454,0.080298,0.50043,1,time_limit,solomon_exact_1000_v1,,,,,,0.5,,100,,25,6d40142f96d4524ef3e9b8d0a5708a0555d3ad0d0e6f412e64400b4bafa02c44,False,relocate_pair,53dcfc67c35040d8908a579734166aec16f52930e61d8da2fe61ff084526ea82
C105,solomon_txt,9a877a3a6fb922e7ad9297cc0308bc8a5652cb1495a0228ee6b81b2d938aa29f,0,1,ok,True,10,1069256,1069.256,0.06573,0.500414,1,time_limit,solomon_exact_1000_v1,,,,,,0.5,,100,,25,6d40142f96d4524ef3e9b8d0a5708a0555d3ad0d0e6f412e64400b4bafa02c44,False,relocate_pair,53dcfc67c35040d8908a579734166aec16f52930e61d8da2fe61ff084526ea82
C105,solomon_txt,9a877a3a6fb922e7ad9297cc0308bc8a5652cb1495a0228ee6b81b2d938aa29f,1,1,ok,True,10,964296,964.296,0.067523,0.500422,1,time_limit,solomon_exact_1000_v1,,,,,,0.5,,100,,25,6d40142f96d4524ef3e9b8d0a5708a0555d3ad0d0e6f412e64400b4bafa02c44,False,relocate_pair,53dcfc67c35040d8908a579734166aec16f52930e61d8da2fe61ff084526ea82
C105,solomon_txt,9a877a3a6fb922e7ad9297cc0308bc8a5652cb1495a0228ee6b81b2d938aa29f,2,1,ok,True,10,992146,992.146,0.067904,0.500469,1,time_limit,solomon_exact_1000_v1,,,,,,0.5,,100,,25,6d40142f96d4524ef3e9b8d0a5708a0555d3ad0d0e6f412e64400b4bafa02c44,False,relocate_pair,53dcfc67c35040d8908a579734166aec16f52930e61d8da2fe61ff084526ea82
C106,solomon_txt,ec9b419bed53e9c607cce76e8c6bc59feb6e4d17646905601f008a4141ec7b40,0,1,ok,True,10,1148581,1148.581,0.0695,0.500429,1,time_limit,solomon_exact_1000_v1,,,,,,0.5,,100,,25,6d40142f96d4524ef3e9b8d0a5708a0555d3ad0d0e6f412e64400b4bafa02c44,False,relocate_pair,53dcfc67c35040d8908a579734166aec16f52930e61d8da2fe61ff084526ea82
C106,solomon_txt,ec9b419bed53e9c607cce76e8c6bc59feb6e4d17646905601f008a4141ec7b40,1,1,ok,True,10,1035142,1035.142,0.064006,0.500463,1,time_limit,solomon_exact_1000_v1,,,,,,0.5,,100,,25,6d40142f96d4524ef3e9b8d0a5708a0555d3ad0d0e6f412e64400b4bafa02c44,False,relocate_pair,53dcfc67c35040d8908a579734166aec16f52930e61d8da2fe61ff084526ea82
C106,solomon_txt,ec9b419bed53e9c607cce76e8c6bc59feb6e4d17646905601f008a4141ec7b40,2,1,ok,True,10,1081917,1081.917,0.064635,0.50045,1,time_limit,solomon_exact_1000_v1,,,,,,0.5,,100,,25,6d40142f96d4524ef3e9b8d0a5708a0555d3ad0d0e6f412e64400b4bafa02c44,False,relocate_pair,53dcfc67c35040d8908a579734166aec16f52930e61d8da2fe61ff084526ea82
C107,solomon_txt,cb3cdc10d812fa17370eb52cb753b6b0574426dc6fabeb8b9076ed750ddf05ca,0,1,ok,True,10,1085067,1085.067,0.071339,0.500433,1,time_limit,solomon_exact_1000_v1,,,,,,0.5,,100,,25,6d40142f96d4524ef3e9b8d0a5708a0555d3ad0d0e6f412e64400b4bafa02c44,False,relocate_pair,53dcfc67c35040d8908a579734166aec16f52930e61d8da2fe61ff084526ea82
C107,solomon_txt,cb3cdc10d812fa17370eb52cb753b6b0574426dc6fabeb8b9076ed750ddf05ca,1,1,ok,True,10,1084922,1084.922,0.069948,0.500445,1,time_limit,solomon_exact_1000_v1,,,,,,0.5,,100,,25,6d40142f96d4524ef3e9b8d0a5708a0555d3ad0d0e6f412e64400b4bafa02c44,False,relocate_pair,53dcfc67c35040d8908a579734166aec16f52930e61d8da2fe61ff084526ea82
C107,solomon_txt,cb3cdc10d812fa17370eb52cb753b6b0574426dc6fabeb8b9076ed750ddf05ca,2,1,ok,True,10,1081492,1081.492,0.068692,0.500502,1,time_limit,solomon_exact_1000_v1,,,,,,0.5,,100,,25,6d40142f96d4524ef3e9b8d0a5708a0555d3ad0d0e6f412e64400b4bafa02c44,False,relocate_pair,53dcfc67c35040d8908a579734166aec16f52930e61d8da2fe61ff084526ea82
C108,solomon_txt,b8c7e48f292b66b283d8e71511e3a4eccaa4c4bc66b9313c399e73b0226f5953,0,1,ok,True,10,1385709,1385.709,0.065892,0.500389,1,time_limit,solomon_exact_1000_v1,,,,,,0.5,,100,,25,6d40142f96d4524ef3e9b8d0a5708a0555d3ad0d0e6f412e64400b4bafa02c44,False,relocate_pair,53dcfc67c35040d8908a579734166aec16f52930e61d8da2fe61ff084526ea82
C108,solomon_txt,b8c7e48f292b66b283d8e71511e3a4eccaa4c4bc66b9313c399e73b0226f5953,1,1,ok,True,10,1512689,1512.689,0.066021,0.500428,1,time_limit,solomon_exact_1000_v1,,,,,,0.5,,100,,25,6d40142f96d4524ef3e9b8d0a5708a0555d3ad0d0e6f412e64400b4bafa02c44,False,relocate_pair,53dcfc67c35040d8908a579734166aec16f52930e61d8da2fe61ff084526ea82
C108,solomon_txt,b8c7e48f292b66b283d8e71511e3a4eccaa4c4bc66b9313c399e73b0226f5953,2,1,ok,True,10,1353818,1353.818,0.065703,0.500408,2,time_limit,solomon_exact_1000_v1,,,,,,0.5,,100,,25,6d40142f96d4524ef3e9b8d0a5708a0555d3ad0d0e6f412e64400b4bafa02c44,False,relocate_pair,53dcfc67c35040d8908a579734166aec16f52930e61d8da2fe61ff084526ea82
C109,solomon_txt,72d8489e14bf1bb18456f0b21b01110506cbcc2354719dae8481b480150f142a,0,1,ok,True,10,1605598,1605.598,0.071765,0.500517,1,time_limit,solomon_exact_1000_v1,,,,,,0.5,,100,,25,6d40142f96d4524ef3e9b8d0a5708a0555d3ad0d0e6f412e64400b4bafa02c44,False,relocate_pair,53dcfc67c35040d8908a579734166aec16f52930e61d8da2fe61ff084526ea82
C109,solomon_txt,72d8489e14bf1bb18456f0b21b01110506cbcc2354719dae8481b480150f142a,1,1,ok,True,10,1599381,1599.381,0.074137,0.500479,1,time_limit,solomon_exact_1000_v1,,,,,,0.5,,100,,25,6d40142f96d4524ef3e9b8d0a5708a0555d3ad0d0e6f412e64400b4bafa02c44,False,relocate_pair,53dcfc67c35040d8908a579734166aec16f52930e61d8da2fe61ff084526ea82
C109,solomon_txt,72d8489e14bf1bb18456f0b21b01110506cbcc2354719dae8481b480150f142a,2,1,ok,True,10,1605598,1605.598,0.072321,0.500473,1,time_limit,solomon_exact_1000_v1,,,,,,0.5,,100,,25,6d40142f96d4524ef3e9b8d0a5708a0555d3ad0d0e6f412e64400b4bafa02c44,False,relocate_pair,53dcfc67c35040d8908a579734166aec16f52930e61d8da2fe61ff084526ea82
C201,solomon_txt,d8d9834087ae2326fa23a8510533060233dc9fb481873be60956eb26a880ad63,0,1,ok,True,3,702313,702.313,0.182448,0.500427,1,time_limit,solomon_exact_1000_v1,,,,,,0.5,,100,,25,6d40142f96d4524ef3e9b8d0a5708a0555d3ad0d0e6f412e64400b4bafa02c44,False,relocate_pair,53dcfc67c35040d8908a579734166aec16f52930e61d8da2fe61ff084526ea82
C201,solomon_txt,d8d9834087ae2326fa23a8510533060233dc9fb481873be60956eb26a880ad63,1,1,ok,True,3,702313,702.313,0.180715,0.500407,1,time_limit,solomon_exact_1000_v1,,,,,,0.5,,100,,25,6d40142f96d4524ef3e9b8d0a5708a0555d3ad0d0e6f412e64400b4bafa02c44,False,relocate_pair,53dcfc67c35040d8908a579734166aec16f52930e61d8da2fe61ff084526ea82
C201,solomon_txt,d8d9834087ae2326fa23a8510533060233dc9fb481873be60956eb26a880ad63,2,1,ok,True,3,702313,702.313,0.176845,0.500435,1,time_limit,solomon_exact_1000_v1,,,,,,0.5,,100,,25,6d40142f96d4524ef3e9b8d0a5708a0555d3ad0d0e6f412e64400b4bafa02c44,False,relocate_pair,53dcfc67c35040d8908a579734166aec16f52930e61d8da2fe61ff084526ea82
C202,solomon_txt,dfc8ecad79f6c7ffb096cd36994143569f0babe284d5ad194683271d81063772,0,1,ok,True,3,739391,739.391,0.173567,0.500454,1,time_limit,solomon_exact_1000_v1,,,,,,0.5,,100,,25,6d40142f96d4524ef3e9b8d0a5708a0555d3ad0d0e6f412e64400b4bafa02c44,False,relocate_pair,53dcfc67c35040d8908a579734166aec16f52930e61d8da2fe61ff084526ea82
C202,solomon_txt,dfc8ecad79f6c7ffb096cd36994143569f0babe284d5ad194683271d81063772,1,1,ok,True,3,723849,723.849,0.167848,0.500461,1,time_limit,solomon_exact_1000_v1,,,,,,0.5,,100,,25,6d40142f96d4524ef3e9b8d0a5708a0555d3ad0d0e6f412e64400b4bafa02c44,False,relocate_pair,53dcfc67c35040d8908a579734166aec16f52930e61d8da2fe61ff084526ea82
C202,solomon_txt,dfc8ecad79f6c7ffb096cd36994143569f0babe284d5ad194683271d81063772,2,1,ok,True,3,723849,723.849,0.1692,0.500426,1,time_limit,solomon_exact_1000_v1,,,,,,0.5,,100,,25,6d40142f96d4524ef3e9b8d0a5708a0555d3ad0d0e6f412e64400b4bafa02c44,False,relocate_pair,53dcfc67c35040d8908a579734166aec16f52930e61d8da2fe61ff084526ea82
C203,solomon_txt,2b79eea2962a848cb29f6153d4fb4ae725d35507686d937da6643b33fcd85062,0,1,ok,True,3,657268,657.268,0.212058,0.501235,1,time_limit,solomon_exact_1000_v1,,,,,,0.5,,100,,25,6d40142f96d4524ef3e9b8d0a5708a0555d3ad0d0e6f412e64400b4bafa02c44,False,relocate_pair,53dcfc67c35040d8908a579734166aec16f52930e61d8da2fe61ff084526ea82
C203,solomon_txt,2b79eea2962a848cb29f6153d4fb4ae725d35507686d937da6643b33fcd85062,1,1,ok,True,3,696212,696.212,0.172262,0.500441,1,time_limit,solomon_exact_1000_v1,,,,,,0.5,,100,,25,6d40142f96d4524ef3e9b8d0a5708a0555d3ad0d0e6f412e64400b4bafa02c44,False,relocate_pair,53dcfc67c35040d8908a579734166aec16f52930e61d8da2fe61ff084526ea82
C203,solomon_txt,2b79eea2962a848cb29f6153d4fb4ae725d35507686d937da6643b33fcd85062,2,1,ok,True,3,681307,681.307,0.167479,0.500399,1,time_limit,solomon_exact_1000_v1,,,,,,0.5,,100,,25,6d40142f96d4524ef3e9b8d0a5708a0555d3ad0d0e6f412e64400b4bafa02c44,False,relocate_pair,53dcfc67c35040d8908a579734166aec16f52930e61d8da2fe61ff084526ea82
C204,solomon_txt,4331b2744d34e32c2987e3fe8a82b782a2039d757d2aac818f7e0fd21117bfb4,0,1,ok,True,3,940537,940.537,0.188921,0.500439,1,time_limit,solomon_exact_1000_v1,,,,,,0.5,,100,,25,6d40142f96d4524ef3e9b8d0a5708a0555d3ad0d0e6f412e64400b4bafa02c44,False,relocate_pair,53dcfc67c35040d8908a579734166aec16f52930e61d8da2fe61ff084526ea82
C204,solomon_txt,4331b2744d34e32c2987e3fe8a82b782a2039d757d2aac818f7e0fd21117bfb4,1,1,ok,True,3,778732,778.732,0.175106,0.5004,1,time_limit,solomon_exact_1000_v1,,,,,,0.5,,100,,25,6d40142f96d4524ef3e9b8d0a5708a0555d3ad0d0e6f412e64400b4bafa02c44,False,relocate_pair,53dcfc67c35040d8908a579734166aec16f52930e61d8da2fe61ff084526ea82
C204,solomon_txt,4331b2744d34e32c2987e3fe8a82b782a2039d757d2aac818f7e0fd21117bfb4,2,1,ok,True,3,741005,741.005,0.178177,0.500439,1,time_limit,solomon_exact_1000_v1,,,,,,0.5,,100,,25,6d40142f96d4524ef3e9b8d0a5708a0555d3ad0d0e6f412e64400b4bafa02c44,False,relocate_pair,53dcfc67c35040d8908a579734166aec16f52930e61d8da2fe61ff084526ea82
C205,solomon_txt,15be2bb8c3e4ad99a79d1e7ee0472223feb95a4f423d010e032bda0a87266ca5,0,1,ok,True,3,776009,776.009,0.156441,0.500372,1,time_limit,solomon_exact_1000_v1,,,,,,0.5,,100,,25,6d40142f96d4524ef3e9b8d0a5708a0555d3ad0d0e6f412e64400b4bafa02c44,False,relocate_pair,53dcfc67c35040d8908a579734166aec16f52930e61d8da2fe61ff084526ea82
C205,solomon_txt,15be2bb8c3e4ad99a79d1e7ee0472223feb95a4f423d010e032bda0a87266ca5,1,1,ok,True,3,781733,781.733,0.164597,0.500409,1,time_limit,solomon_exact_1000_v1,,,,,,0.5,,100,,25,6d40142f96d4524ef3e9b8d0a5708a0555d3ad0d0e6f412e64400b4bafa02c44,False,relocate_pair,53dcfc67c35040d8908a579734166aec16f52930e61d8da2fe61ff084526ea82
C205,solomon_txt,15be2bb8c3e4ad99a79d1e7ee0472223feb95a4f423d010e032bda0a87266ca5,2,1,ok,True,3,719761,719.761,0.164539,0.500399,1,time_limit,solomon_exact_1000_v1,,,,,,0.5,,100,,25,6d40142f96d4524ef3e9b8d0a5708a0555d3ad0d0e6f412e64400b4bafa02c44,False,relocate_pair,53dcfc67c35040d8908a579734166aec16f52930e61d8da2fe61ff084526ea82
C206,solomon_txt,745b6c7042707ffbbfc4d681ee02a84431425f1dfb3c8aa85ecf003fec8f7e53,0,1,ok,True,3,657193,657.193,0.17891,0.500385,1,time_limit,solomon_exact_1000_v1,,,,,,0.5,,100,,25,6d40142f96d4524ef3e9b8d0a5708a0555d3ad0d0e6f412e64400b4bafa02c44,False,relocate_pair,53dcfc67c35040d8908a579734166aec16f52930e61d8da2fe61ff084526ea82
C206,solomon_txt,745b6c7042707ffbbfc4d681ee02a84431425f1dfb3c8aa85ecf003fec8f7e53,1,1,ok,True,3,950274,950.274,0.182042,0.500479,1,time_limit,solomon_exact_1000_v1,,,,,,0.5,,100,,25,6d40142f96d4524ef3e9b8d0a5708a0555d3ad0d0e6f412e64400b4bafa02c44,False,relocate_pair,53dcfc67c35040d8908a579734166aec16f52930e61d8da2fe61ff084526ea82
C206,solomon_txt,745b6c7042707ffbbfc4d681ee02a84431425f1dfb3c8aa85ecf003fec8f7e53,2,1,ok,True,3,726284,726.284,0.180629,0.500425,1,time_limit,solomon_exact_1000_v1,,,,,,0.5,,100,,25,6d40142f96d4524ef3e9b8d0a5708a0555d3ad0d0e6f412e64400b4bafa02c44,False,relocate_pair,53dcfc67c35040d8908a579734166aec16f52930e61d8da2fe61ff084526ea82
C207,solomon_txt,a33f03570a944c8a6d185fd6a173e66c68e67c399a4958b2d5b6d49533ace4a4,0,1,ok,True,3,911947,911.947,0.188151,0.500396,1,time_limit,solomon_exact_1000_v1,,,,,,0.5,,100,,25,6d40142f96d4524ef3e9b8d0a5708a0555d3ad0d0e6f412e64400b4bafa02c44,False,relocate_pair,53dcfc67c35040d8908a579734166aec16f52930e61d8da2fe61ff084526ea82
C207,solomon_txt,a33f03570a944c8a6d185fd6a173e66c68e67c399a4958b2d5b6d49533ace4a4,1,1,ok,True,3,845018,845.018,0.177734,0.500378,1,time_limit,solomon_exact_1000_v1,,,,,,0.5,,100,,25,6d40142f96d4524ef3e9b8d0a5708a0555d3ad0d0e6f412e64400b4bafa02c44,False,relocate_pair,53dcfc67c35040d8908a579734166aec16f52930e61d8da2fe61ff084526ea82
C207,solomon_txt,a33f03570a944c8a6d185fd6a173e66c68e67c399a4958b2d5b6d49533ace4a4,2,1,ok,True,3,675953,675.953,0.188541,0.500399,1,time_limit,solomon_exact_1000_v1,,,,,,0.5,,100,,25,6d40142f96d4524ef3e9b8d0a5708a0555d3ad0d0e6f412e64400b4bafa02c44,False,relocate_pair,53dcfc67c35040d8908a579734166aec16f52930e61d8da2fe61ff084526ea82
C208,solomon_txt,1c2f2381b8743680dbeb34322869cbf5a6cdd8c281f4bcffdb99b533e601874b,0,1,ok,True,4,957831,957.831,0.17749,0.500254,1,time_limit,solomon_exact_1000_v1,,,,,,0.5,,100,,25,6d40142f96d4524ef3e9b8d0a5708a0555d3ad0d0e6f412e64400b4bafa02c44,False,relocate_pair,53dcfc67c35040d8908a579734166aec16f52930e61d8da2fe61ff084526ea82
C208,solomon_txt,1c2f2381b8743680dbeb34322869cbf5a6cdd8c281f4bcffdb99b533e601874b,1,1,ok,True,4,957831,957.831,0.189239,0.500227,1,time_limit,solomon_exact_1000_v1,,,,,,0.5,,100,,25,6d40142f96d4524ef3e9b8d0a5708a0555d3ad0d0e6f412e64400b4bafa02c44,False,relocate_pair,53dcfc67c35040d8908a579734166aec16f52930e61d8da2fe61ff084526ea82
C208,solomon_txt,1c2f2381b8743680dbeb34322869cbf5a6cdd8c281f4bcffdb99b533e601874b,2,1,ok,True,3,683178,683.178,0.188662,0.500399,1,time_limit,solomon_exact_1000_v1,,,,,,0.5,,100,,25,6d40142f96d4524ef3e9b8d0a5708a0555d3ad0d0e6f412e64400b4bafa02c44,False,relocate_pair,53dcfc67c35040d8908a579734166aec16f52930e61d8da2fe61ff084526ea82
R101,solomon_txt,3f3655182bc0fe44ce5de65fdcd2ee2f9c7fb9ed055f923635151d9d6f76d3ed,0,1,ok,True,22,1911568,1911.568,0.052978,0.500447,1,time_limit,solomon_exact_1000_v1,,,,,,0.5,,100,,25,6d40142f96d4524ef3e9b8d0a5708a0555d3ad0d0e6f412e64400b4bafa02c44,False,relocate_pair,53dcfc67c35040d8908a579734166aec16f52930e61d8da2fe61ff084526ea82
R101,solomon_txt,3f3655182bc0fe44ce5de65fdcd2ee2f9c7fb9ed055f923635151d9d6f76d3ed,1,1,ok,True,21,1903068,1903.068,0.050855,0.500442,1,time_limit,solomon_exact_1000_v1,,,,,,0.5,,100,,25,6d40142f96d4524ef3e9b8d0a5708a0555d3ad0d0e6f412e64400b4bafa02c44,False,relocate_pair,53dcfc67c35040d8908a579734166aec16f52930e61d8da2fe61ff084526ea82
R101,solomon_txt,3f3655182bc0fe44ce5de65fdcd2ee2f9c7fb9ed055f923635151d9d6f76d3ed,2,1,ok,True,21,1858541,1858.541,0.050588,0.500518,1,time_limit,solomon_exact_1000_v1,,,,,,0.5,,100,,25,6d40142f96d4524ef3e9b8d0a5708a0555d3ad0d0e6f412e64400b4bafa02c44,False,relocate_pair,53dcfc67c35040d8908a579734166aec16f52930e61d8da2fe61ff084526ea82
R102,solomon_txt,eeb23171b7e4fbfc80bf000ca770329109900fbd7273fa8b9d1f95b7dfe683c3,0,1,ok,True,19,1640559,1640.559,0.054325,0.500406,1,time_limit,solomon_exact_1000_v1,,,,,,0.5,,100,,25,6d40142f96d4524ef3e9b8d0a5708a0555d3ad0d0e6f412e64400b4bafa02c44,False,relocate_pair,53dcfc67c35040d8908a579734166aec16f52930e61d8da2fe61ff084526ea82
R102,solomon_txt,eeb23171b7e4fbfc80bf000ca770329109900fbd7273fa8b9d1f95b7dfe683c3,1,1,ok,True,19,1689275,1689.275,0.056131,0.500433,1,time_limit,solomon_exact_1000_v1,,,,,,0.5,,100,,25,6d40142f96d4524ef3e9b8d0a5708a0555d3ad0d0e6f412e64400b4bafa02c44,False,relocate_pair,53dcfc67c35040d8908a579734166aec16f52930e61d8da2fe61ff084526ea82
R102,solomon_txt,eeb23171b7e4fbfc80bf000ca770329109900fbd7273fa8b9d1f95b7dfe683c3,2,1,ok,True,19,1606305,1606.305,0.057347,0.500796,1,time_limit,solomon_exact_1000_v1,,,,,,0.5,,100,,25,6d40142f96d4524ef3e9b8d0a5708a0555d3ad0d0e6f412e64400b4bafa02c44,False,relocate_pair,53dcfc67c35040d8908a579734166aec16f52930e61d8da2fe61ff084526ea82
R103,solomon_txt,1f833e8648ba39e0edc76754fb49e81777a7175cf7b084c3f60a12607bfb3991,0,1,ok,True,14,1545189,1545.189,0.061256,0.500437,1,time_limit,solomon_exact_1000_v1,,,,,,0.5,,100,,25,6d40142f96d4524ef3e9b8d0a5708a0555d3ad0d0e6f412e64400b4bafa02c44,False,relocate_pair,53dcfc67c35040d8908a579734166aec16f52930e61d8da2fe61ff084526ea82
R103,solomon_txt,1f833e8648ba39e0edc76754fb49e81777a7175cf7b084c3f60a12607bfb3991,1,1,ok,True,14,1545189,1545.189,0.062942,0.500448,1,time_limit,solomon_exact_1000_v1,,,,,,0.5,,100,,25,6d40142f96d4524ef3e9b8d0a5708a0555d3ad0d0e6f412e64400b4bafa02c44,False,relocate_pair,53dcfc67c35040d8908a579734166aec16f52930e61d8da2fe61ff084526ea82
R103,solomon_txt,1f833e8648ba39e0edc76754fb49e81777a7175cf7b084c3f60a12607bfb3991,2,1,ok,True,14,1541960,1541.96,0.062661,0.500383,1,time_limit,solomon_exact_1000_v1,,,,,,0.5,,100,,25,6d40142f96d4524ef3e9b8d0a5708a0555d3ad0d0e6f412e64400b4bafa02c44,False,relocate_pair,53dcfc67c35040d8908a579734166aec16f52930e61d8da2fe61ff084526ea82
R104,solomon_txt,dd087124311d91facd81736debbfc7d0f351d27942917e2d76cbafd01e6183b7,0,1,ok,True,11,1184423,1184.423,0.069886,0.500395,2,time_limit,solomon_exact_1000_v1,,,,,,0.5,,100,,25,6d40142f96d4524ef3e9b8d0a5708a0555d3ad0d0e6f412e64400b4bafa02c44,False,relocate_pair,53dcfc67c35040d8908a579734166aec16f52930e61d8da2fe61ff084526ea82
R104,solomon_txt,dd087124311d91facd81736debbfc7d0f351d27942917e2d76cbafd01e6183b7,1,1,ok,True,11,1211176,1211.176,0.070894,0.500366,1,time_limit,solomon_exact_1000_v1,,,,,,0.5,,100,,25,6d40142f96d4524ef3e9b8d0a5708a0555d3ad0d0e6f412e64400b4bafa02c44,False,relocate_pair,53dcfc67c35040d8908a579734166aec16f52930e61d8da2fe61ff084526ea82
R104,solomon_txt,dd087124311d91facd81736debbfc7d0f351d27942917e2d76cbafd01e6183b7,2,1,ok,True,10,1146095,1146.095,0.071637,0.500373,2,time_limit,solomon_exact_1000_v1,,,,,,0.5,,100,,25,6d40142f96d4524ef3e9b8d0a5708a0555d3ad0d0e6f412e64400b4bafa02c44,False,relocate_pair,53dcfc67c35040d8908a579734166aec16f52930e61d8da2fe61ff084526ea82
R105,solomon_txt,ff1a614f8458d6339b3f54d8e4ca2dcf0a35c96012f477f6a819ae481de85ca4,0,1,ok,True,16,1693787,1693.787,0.056152,0.500415,1,time_limit,solomon_exact_1000_v1,,,,,,0.5,,100,,25,6d40142f96d4524ef3e9b8d0a5708a0555d3ad0d0e6f412e64400b4bafa02c44,False,relocate_pair,53dcfc67c35040d8908a579734166aec16f52930e61d8da2fe61ff084526ea82
R105,solomon_txt,ff1a614f8458d6339b3f54d8e4ca2dcf0a35c96012f477f6a819ae481de85ca4,1,1,ok,True,17,1670400,1670.4,0.058087,0.500413,1,time_limit,solomon_exact_1000_v1,,,,,,0.5,,100,,25,6d40142f96d4524ef3e9b8d0a5708a0555d3ad0d0e6f412e64400b4bafa02c44,False,relocate_pair,53dcfc67c35040d8908a579734166aec16f52930e61d8da2fe61ff084526ea82
R105,solomon_txt,ff1a614f8458d6339b3f54d8e4ca2dcf0a35c96012f477f6a819ae481de85ca4,2,1,ok,True,16,1694139,1694.139,0.055541,0.500405,1,time_limit,solomon_exact_1000_v1,,,,,,0.5,,100,,25,6d40142f96d4524ef3e9b8d0a5708a0555d3ad0d0e6f412e64400b4bafa02c44,False,relocate_pair,53dcfc67c35040d8908a579734166aec16f52930e61d8da2fe61ff084526ea82
R106,solomon_txt,31b8783d177f0fbe1c84b8f085fbf28b1989a80e4c00f49f5654ebef99835e97,0,1,ok,True,14,1540595,1540.595,0.057394,0.500384,1,time_limit,solomon_exact_1000_v1,,,,,,0.5,,100,,25,6d40142f96d4524ef3e9b8d0a5708a0555d3ad0d0e6f412e64400b4bafa02c44,False,relocate_pair,53dcfc67c35040d8908a579734166aec16f52930e61d8da2fe61ff084526ea82
R106,solomon_txt,31b8783d177f0fbe1c84b8f085fbf28b1989a80e4c00f49f5654ebef99835e97,1,1,ok,True,14,1642821,1642.821,0.060912,0.500384,1,time_limit,solomon_exact_1000_v1,,,,,,0.5,,100,,25,6d40142f96d4524ef3e9b8d0a5708a0555d3ad0d0e6f412e64400b4bafa02c44,False,relocate_pair,53dcfc67c35040d8908a579734166aec16f52930e61d8da2fe61ff084526ea82
R106,solomon_txt,31b8783d177f0fbe1c84b8f085fbf28b1989a80e4c00f49f5654ebef99835e97,2,1,ok,True,14,1559373,1559.373,0.059332,0.500401,1,time_limit,solomon_exact_1000_v1,,,,,,0.5,,100,,25,6d40142f96d4524ef3e9b8d0a5708a0555d3ad0d0e6f412e64400b4bafa02c44,False,relocate_pair,53dcfc67c35040d8908a579734166aec16f52930e61d8da2fe61ff084526ea82
R107,solomon_txt,dba2b257a1d43d7c78d5e3a9f09091a2b125d3fbec78c0c8a1782add669a1275,0,1,ok,True,12,1282468,1282.468,0.065558,0.500379,1,time_limit,solomon_exact_1000_v1,,,,,,0.5,,100,,25,6d40142f96d4524ef3e9b8d0a5708a0555d3ad0d0e6f412e64400b4bafa02c44,False,relocate_pair,53dcfc67c35040d8908a579734166aec16f52930e61d8da2fe61ff084526ea82
R107,solomon_txt,dba2b257a1d43d7c78d5e3a9f09091a2b125d3fbec78c0c8a1782add669a1275,1,1,ok,True,12,1515465,1515.465,0.067137,0.5004,1,time_limit,solomon_exact_1000_v1,,,,,,0.5,,100,,25,6d40142f96d4524ef3e9b8d0a5708a0555d3ad0d0e6f412e64400b4bafa02c44,False,relocate_pair,53dcfc67c35040d8908a579734166aec16f52930e61d8da2fe61ff084526ea82
R107,solomon_txt,dba2b257a1d43d7c78d5e3a9f09091a2b125d3fbec78c0c8a1782add669a1275,2,1,ok,True,12,1486083,1486.083,0.065171,0.500466,1,time_limit,solomon_exact_1000_v1,,,,,,0.5,,100,,25,6d40142f96d4524ef3e9b8d0a5708a0555d3ad0d0e6f412e64400b4bafa02c44,False,relocate_pair,53dcfc67c35040d8908a579734166aec16f52930e61d8da2fe61ff084526ea82
R108,solomon_txt,65cae09f4099b7e70d2b723e0e3a30aa1494c75a367bb894a3fd13241ee639d4,0,1,ok,True,11,1315436,1315.436,0.071936,0.500399,1,time_limit,solomon_exact_1000_v1,,,,,,0.5,,100,,25,6d40142f96d4524ef3e9b8d0a5708a0555d3ad0d0e6f412e64400b4bafa02c44,False,relocate_pair,53dcfc67c35040d8908a579734166aec16f52930e61d8da2fe61ff084526ea82
R108,solomon_txt,65cae09f4099b7e70d2b723e0e3a30aa1494c75a367bb894a3fd13241ee639d4,1,1,ok,True,10,1128679,1128.679,0.069938,0.50039,1,time_limit,solomon_exact_1000_v1,,,,,,0.5,,100,,25,6d40142f96d4524ef3e9b8d0a5708a0555d3ad0d0e6f412e64400b4bafa02c44,False,relocate_pair,53dcfc67c35040d8908a579734166aec16f52930e61d8da2fe61ff084526ea82
R108,solomon_txt,65cae09f4099b7e70d2b723e0e3a30aa1494c75a367bb894a3fd13241ee639d4,2,1,ok,True,11,1356475,1356.475,0.072291,0.500391,1,time_limit,solomon_exact_1000_v1,,,,,,0.5,,100,,25,6d40142f96d4524ef3e9b8d0a5708a0555d3ad0d0e6f412e64400b4bafa02c44,False,relocate_pair,53dcfc67c35040d8908a579734166aec16f52930e61d8da2fe61ff084526ea82
R109,solomon_txt,4ef24030e8c48de5f85dcd90c5739186004fc8dec87533b6467013cf996f4777,0,1,ok,True,14,1518755,1518.755,0.055741,0.500393,1,time_limit,solomon_exact_1000_v1,,,,,,0.5,,100,,25,6d40142f96d4524ef3e9b8d0a5708a0555d3ad0d0e6f412e64400b4bafa02c44,False,relocate_pair,53dcfc67c35040d8908a579734166aec16f52930e61d8da2fe61ff084526ea82
R109,solomon_txt,4ef24030e8c48de5f85dcd90c5739186004fc8dec87533b6467013cf996f4777,1,1,ok,True,15,1623315,1623.315,0.066656,0.500398,1,time_limit,solomon_exact_1000_v1,,,,,,0.5,,100,,25,6d40142f96d4524ef3e9b8d0a5708a0555d3ad0d0e6f412e64400b4bafa02c44,False,relocate_pair,53dcfc67c35040d8908a579734166aec16f52930e61d8da2fe61ff084526ea82
R109,solomon_txt,4ef24030e8c48de5f85dcd90c5739186004fc8dec87533b6467013cf996f4777,2,1,ok,True,14,1561298,1561.298,0.057277,0.500385,1,time_limit,solomon_exact_1000_v1,,,,,,0.5,,100,,25,6d40142f96d4524ef3e9b8d0a5708a0555d3ad0d0e6f412e64400b4bafa02c44,False,relocate_pair,53dcfc67c35040d8908a579734166aec16f52930e61d8da2fe61ff084526ea82
R110,solomon_txt,14cb53cb99af61d3d708f07564b9a72d146e7c26b4f10507cfaf3bc828f34bfa,0,1,ok,True,13,1561904,1561.904,0.061724,0.500386,1,time_limit,solomon_exact_1000_v1,,,,,,0.5,,100,,25,6d40142f96d4524ef3e9b8d0a5708a0555d3ad0d0e6f412e64400b4bafa02c44,False,relocate_pair,53dcfc67c35040d8908a579734166aec16f52930e61d8da2fe61ff084526ea82
R110,solomon_txt,14cb53cb99af61d3d708f07564b9a72d146e7c26b4f10507cfaf3bc828f34bfa,1,1,ok,True,13,1522613,1522.613,0.062305,0.500386,1,time_limit,solomon_exact_1000_v1,,,,,,0.5,,100,,25,6d40142f96d4524ef3e9b8d0a5708a0555d3ad0d0e6f412e64400b4bafa02c44,False,relocate_pair,53dcfc67c35040d8908a579734166aec16f52930e61d8da2fe61ff084526ea82
R110,solomon_txt,14cb53cb99af61d3d708f07564b9a72d146e7c26b4f10507cfaf3bc828f34bfa,2,1,ok,True,13,1564765,1564.765,0.063167,0.500383,1,time_limit,solomon_exact_1000_v1,,,,,,0.5,,100,,25,6d40142f96d4524ef3e9b8d0a5708a0555d3ad0d0e6f412e64400b4bafa02c44,False,relocate_pair,53dcfc67c35040d8908a579734166aec16f52930e61d8da2fe61ff084526ea82
R111,solomon_txt,3d94a73b1f2fe8aae4618b9d9ea254cff2e3924a6a841aa390096ec6c60f258d,0,1,ok,True,12,1400068,1400.068,0.066273,0.500412,1,time_limit,solomon_exact_1000_v1,,,,,,0.5,,100,,25,6d40142f96d4524ef3e9b8d0a5708a0555d3ad0d0e6f412e64400b4bafa02c44,False,relocate_pair,53dcfc67c35040d8908a579734166aec16f52930e61d8da2fe61ff084526ea82
R111,solomon_txt,3d94a73b1f2fe8aae4618b9d9ea254cff2e3924a6a841aa390096ec6c60f258d,1,1,ok,True,12,1466398,1466.398,0.06393,0.500392,1,time_limit,solomon_exact_1000_v1,,,,,,0.5,,100,,25,6d40142f96d4524ef3e9b8d0a5708a0555d3ad0d0e6f412e64400b4bafa02c44,False,relocate_pair,53dcfc67c35040d8908a579734166aec16f52930e61d8da2fe61ff084526ea82
R111,solomon_txt,3d94a73b1f2fe8aae4618b9d9ea254cff2e3924a6a841aa390096ec6c60f258d,2,1,ok,True,12,1307395,1307.395,0.066296,0.50038,1,time_limit,solomon_exact_1000_v1,,,,,,0.5,,100,,25,6d40142f96d4524ef3e9b8d0a5708a0555d3ad0d0e6f412e64400b4bafa02c44,False,relocate_pair,53dcfc67c35040d8908a579734166aec16f52930e61d8da2fe61ff084526ea82
R112,solomon_txt,a0e93149d59d30c356619891d192e86d0f16c3158e1dac3bd9f23c6deb718271,0,1,ok,True,12,1464429,1464.429,0.065311,0.500397,1,time_limit,solomon_exact_1000_v1,,,,,,0.5,,100,,25,6d40142f96d4524ef3e9b8d0a5708a0555d3ad0d0e6f412e64400b4bafa02c44,False,relocate_pair,53dcfc67c35040d8908a579734166aec16f52930e61d8da2fe61ff084526ea82
R112,solomon_txt,a0e93149d59d30c356619891d192e86d0f16c3158e1dac3bd9f23c6deb718271,1,1,ok,True,13,1426235,1426.235,0.063145,0.500392,1,time_limit,solomon_exact_1000_v1,,,,,,0.5,,100,,25,6d40142f96d4524ef3e9b8d0a5708a0555d3ad0d0e6f412e64400b4bafa02c44,False,relocate_pair,53dcfc67c35040d8908a579734166aec16f52930e61d8da2fe61ff084526ea82
R112,solomon_txt,a0e93149d59d30c356619891d192e86d0f16c3158e1dac3bd9f23c6deb718271,2,1,ok,True,12,1362341,1362.341,0.06241,0.500388,1,time_limit,solomon_exact_1000_v1,,,,,,0.5,,100,,25,6d40142f96d4524ef3e9b8d0a5708a0555d3ad0d0e6f412e64400b4bafa02c44,False,relocate_pair,53dcfc67c35040d8908a579734166aec16f52930e61d8da2fe61ff084526ea82
R201,solomon_txt,0be960ec998fff2cab0bdbcc5194c617e5ca0a79c82c5b32b1d4bd98b2cae210,0,1,ok,True,5,1726658,1726.658,0.13216,0.500217,1,time_limit,solomon_exact_1000_v1,,,,,,0.5,,100,,25,6d40142f96d4524ef3e9b8d0a5708a0555d3ad0d0e6f412e64400b4bafa02c44,False,relocate_pair,53dcfc67c35040d8908a579734166aec16f52930e61d8da2fe61ff084526ea82
R201,solomon_txt,0be960ec998fff2cab0bdbcc5194c617e5ca0a79c82c5b32b1d4bd98b2cae210,1,1,ok,True,4,1665126,1665.126,0.127916,0.500366,1,time_limit,solomon_exact_1000_v1,,,,,,0.5,,100,,25,6d40142f96d4524ef3e9b8d0a5708a0555d3ad0d0e6f412e64400b4bafa02c44,False,relocate_pair,53dcfc67c35040d8908a579734166aec16f52930e61d8da2fe61ff084526ea82
R201,solomon_txt,0be960ec998fff2cab0bdbcc5194c617e5ca0a79c82c5b32b1d4bd98b2cae210,2,1,ok,True,4,1605282,1605.282,0.128436,0.500377,1,time_limit,solomon_exact_1000_v1,,,,,,0.5,,100,,25,6d40142f96d4524ef3e9b8d0a5708a0555d3ad0d0e6f412e64400b4bafa02c44,False,relocate_pair,53dcfc67c35040d8908a579734166aec16f52930e61d8da2fe61ff084526ea82
R202,solomon_txt,1f7761bb33e9dd0c94837b32c72280296ffc283dba997379c7ad75ce00dffc8d,0,1,ok,True,4,1622244,1622.244,0.153799,0.500209,1,time_limit,solomon_exact_1000_v1,,,,,,0.5,,100,,25,6d40142f96d4524ef3e9b8d0a5708a0555d3ad0d0e6f412e64400b4bafa02c44,False,relocate_pair,53dcfc67c35040d8908a579734166aec16f52930e61d8da2fe61ff084526ea82
R202,solomon_txt,1f7761bb33e9dd0c94837b32c72280296ffc283dba997379c7ad75ce00dffc8d,1,1,ok,True,4,1611623,1611.623,0.153628,0.500574,1,time_limit,solomon_exact_1000_v1,,,,,,0.5,,100,,25,6d40142f96d4524ef3e9b8d0a5708a0555d3ad0d0e6f412e64400b4bafa02c44,False,relocate_pair,53dcfc67c35040d8908a579734166aec16f52930e61d8da2fe61ff084526ea82
R202,solomon_txt,1f7761bb33e9dd0c94837b32c72280296ffc283dba997379c7ad75ce00dffc8d,2,1,ok,True,4,1601071,1601.071,0.151786,0.50038,1,time_limit,solomon_exact_1000_v1,,,,,,0.5,,100,,25,6d40142f96d4524ef3e9b8d0a5708a0555d3ad0d0e6f412e64400b4bafa02c44,False,relocate_pair,53dcfc67c35040d8908a579734166aec16f52930e61d8da2fe61ff084526ea82
R203,solomon_txt,38c484db31bd7452a94d533e26a2348ef598df600b79d061d9ddc1c61466a731,0,1,ok,True,3,1258180,1258.18,0.164446,0.500386,1,time_limit,solomon_exact_1000_v1,,,,,,0.5,,100,,25,6d40142f96d4524ef3e9b8d0a5708a0555d3ad0d0e6f412e64400b4bafa02c44,False,relocate_pair,53dcfc67c35040d8908a579734166aec16f52930e61d8da2fe61ff084526ea82
R203,solomon_txt,38c484db31bd7452a94d533e26a2348ef598df600b79d061d9ddc1c61466a731,1,1,ok,True,3,1256665,1256.665,0.164904,0.500367,1,time_limit,solomon_exact_1000_v1,,,,,,0.5,,100,,25,6d40142f96d4524ef3e9b8d0a5708a0555d3ad0d0e6f412e64400b4bafa02c44,False,relocate_pair,53dcfc67c35040d8908a579734166aec16f52930e61d8da2fe61ff084526ea82
R203,solomon_txt,38c484db31bd7452a94d533e26a2348ef598df600b79d061d9ddc1c61466a731,2,1,ok,True,3,1255549,1255.549,0.158006,0.500402,1,time_limit,solomon_exact_1000_v1,,,,,,0.5,,100,,25,6d40142f96d4524ef3e9b8d0a5708a0555d3ad0d0e6f412e64400b4bafa02c44,False,relocate_pair,53dcfc67c35040d8908a579734166aec16f52930e61d8da2fe61ff084526ea82
R204,solomon_txt,5349e37d8df99bcbee1efa2e970d2662b5265e5f82fc609343a6af0a60257abf,0,1,ok,True,3,1331038,1331.038,0.215766,0.500196,1,time_limit,solomon_exact_1000_v1,,,,,,0.5,,100,,25,6d40142f96d4524ef3e9b8d0a5708a0555d3ad0d0e6f412e64400b4bafa02c44,False,relocate_pair,53dcfc67c35040d8908a579734166aec16f52930e61d8da2fe61ff084526ea82
R204,solomon_txt,5349e37d8df99bcbee1efa2e970d2662b5265e5f82fc609343a6af0a60257abf,1,1,ok,True,3,1331038,1331.038,0.205926,0.500221,1,time_limit,solomon_exact_1000_v1,,,,,,0.5,,100,,25,6d40142f96d4524ef3e9b8d0a5708a0555d3ad0d0e6f412e64400b4bafa02c44,False,relocate_pair,53dcfc67c35040d8908a579734166aec16f52930e61d8da2fe61ff084526ea82
R204,solomon_txt,5349e37d8df99bcbee1efa2e970d2662b5265e5f82fc609343a6af0a60257abf,2,1,ok,True,3,1271716,1271.716,0.197611,0.500347,1,time_limit,solomon_exact_1000_v1,,,,,,0.5,,100,,25,6d40142f96d4524ef3e9b8d0a5708a0555d3ad0d0e6f412e64400b4bafa02c44,False,relocate_pair,53dcfc67c35040d8908a579734166aec16f52930e61d8da2fe61ff084526ea82
R205,solomon_txt,1996bf8f10716fb8cfc1a585206a6a6e566f32347c1bb8f36c75ed6c887f77e3,0,1,ok,True,3,1303717,1303.717,0.15621,0.50019,1,time_limit,solomon_exact_1000_v1,,,,,,0.5,,100,,25,6d40142f96d4524ef3e9b8d0a5708a0555d3ad0d0e6f412e64400b4bafa02c44,False,relocate_pair,53dcfc67c35040d8908a579734166aec16f52930e61d8da2fe61ff084526ea82
R205,solomon_txt,1996bf8f10716fb8cfc1a585206a6a6e566f32347c1bb8f36c75ed6c887f77e3,1,1,ok,True,4,1673993,1673.993,0.157019,0.500355,1,time_limit,solomon_exact_1000_v1,,,,,,0.5,,100,,25,6d40142f96d4524ef3e9b8d0a5708a0555d3ad0d0e6f412e64400b4bafa02c44,False,relocate_pair,53dcfc67c35040d8908a579734166aec16f52930e61d8da2fe61ff084526ea82
R205,solomon_txt,1996bf8f10716fb8cfc1a585206a6a6e566f32347c1bb8f36c75ed6c887f77e3,2,1,ok,True,4,1700248,1700.248,0.203736,0.500539,1,time_limit,solomon_exact_1000_v1,,,,,,0.5,,100,,25,6d40142f96d4524ef3e9b8d0a5708a0555d3ad0d0e6f412e64400b4bafa02c44,False,relocate_pair,53dcfc67c35040d8908a579734166aec16f52930e61d8da2fe61ff084526ea82
R206,solomon_txt,c8754a0319264d076c038b1bf023c8c4710e8895fe3e03f485e9ae249f32fe43,0,1,ok,True,3,1533607,1533.607,0.32454,0.50107,1,time_limit,solomon_exact_1000_v1,,,,,,0.5,,100,,25,6d40142f96d4524ef3e9b8d0a5708a0555d3ad0d0e6f412e64400b4bafa02c44,False,relocate_pair,53dcfc67c35040d8908a579734166aec16f52930e61d8da2fe61ff084526ea82
R206,solomon_txt,c8754a0319264d076c038b1bf023c8c4710e8895fe3e03f485e9ae249f32fe43,1,1,ok,True,3,1533607,1533.607,0.296638,0.500396,1,time_limit,solomon_exact_1000_v1,,,,,,0.5,,100,,25,6d40142f96d4524ef3e9b8d0a5708a0555d3ad0d0e6f412e64400b4bafa02c44,False,relocate_pair,53dcfc67c35040d8908a579734166aec16f52930e61d8da2fe61ff084526ea82
R206,solomon_txt,c8754a0319264d076c038b1bf023c8c4710e8895fe3e03f485e9ae249f32fe43,2,1,ok,True,3,1533607,1533.607,0.381911,0.50035,1,time_limit,solomon_exact_1000_v1,,,,,,0.5,,100,,25,6d40142f96d4524ef3e9b8d0a5708a0555d3ad0d0e6f412e64400b4bafa02c44,False,relocate_pair,53dcfc67c35040d8908a579734166aec16f52930e61d8da2fe61ff084526ea82
R207,solomon_txt,52dc8eebba43fdc67ca9aadab228b75a297acb55a87db3e4748e82f623e3cbe6,0,1,ok,True,4,1302528,1302.528,0.330832,0.500389,1,time_limit,solomon_exact_1000_v1,,,,,,0.5,,100,,25,6d40142f96d4524ef3e9b8d0a5708a0555d3ad0d0e6f412e64400b4bafa02c44,False,relocate_pair,53dcfc67c35040d8908a579734166aec16f52930e61d8da2fe61ff084526ea82
R207,solomon_txt,52dc8eebba43fdc67ca9aadab228b75a297acb55a87db3e4748e82f623e3cbe6,1,1,ok,True,4,1302528,1302.528,0.308247,0.500347,1,time_limit,solomon_exact_1000_v1,,,,,,0.5,,100,,25,6d40142f96d4524ef3e9b8d0a5708a0555d3ad0d0e6f412e64400b4bafa02c44,False,relocate_pair,53dcfc67c35040d8908a579734166aec16f52930e61d8da2fe61ff084526ea82
R207,solomon_txt,52dc8eebba43fdc67ca9aadab228b75a297acb55a87db3e4748e82f623e3cbe6,2,1,ok,True,4,1302528,1302.528,0.30049,0.500337,1,time_limit,solomon_exact_1000_v1,,,,,,0.5,,100,,25,6d40142f96d4524ef3e9b8d0a5708a0555d3ad0d0e6f412e64400b4bafa02c44,False,relocate_pair,53dcfc67c35040d8908a579734166aec16f52930e61d8da2fe61ff084526ea82
R208,solomon_txt,7b4a95d500af9329dd08791d39898a619faec0f8fac039d57373e761545b980d,0,1,ok,True,3,957965,957.965,0.341277,0.500614,1,time_limit,solomon_exact_1000_v1,,,,,,0.5,,100,,25,6d40142f96d4524ef3e9b8d0a5708a0555d3ad0d0e6f412e64400b4bafa02c44,False,relocate_pair,53dcfc67c35040d8908a579734166aec16f52930e61d8da2fe61ff084526ea82
R208,solomon_txt,7b4a95d500af9329dd08791d39898a619faec0f8fac039d57373e761545b980d,1,1,ok,True,3,957965,957.965,0.359809,0.500381,1,time_limit,solomon_exact_1000_v1,,,,,,0.5,,100,,25,6d40142f96d4524ef3e9b8d0a5708a0555d3ad0d0e6f412e64400b4bafa02c44,False,relocate_pair,53dcfc67c35040d8908a579734166aec16f52930e61d8da2fe61ff084526ea82
R208,solomon_txt,7b4a95d500af9329dd08791d39898a619faec0f8fac039d57373e761545b980d,2,1,ok,True,3,957965,957.965,0.318887,0.500324,1,time_limit,solomon_exact_1000_v1,,,,,,0.5,,100,,25,6d40142f96d4524ef3e9b8d0a5708a0555d3ad0d0e6f412e64400b4bafa02c44,False,relocate_pair,53dcfc67c35040d8908a579734166aec16f52930e61d8da2fe61ff084526ea82
R209,solomon_txt,5b74156d032babcff853ccc693f94463eca8333cd425aa99a39ed996f6258933,0,1,ok,True,3,1278206,1278.206,0.159443,0.500267,1,time_limit,solomon_exact_1000_v1,,,,,,0.5,,100,,25,6d40142f96d4524ef3e9b8d0a5708a0555d3ad0d0e6f412e64400b4bafa02c44,False,relocate_pair,53dcfc67c35040d8908a579734166aec16f52930e61d8da2fe61ff084526ea82
R209,solomon_txt,5b74156d032babcff853ccc693f94463eca8333cd425aa99a39ed996f6258933,1,1,ok,True,3,1303297,1303.297,0.16934,0.500271,1,time_limit,solomon_exact_1000_v1,,,,,,0.5,,100,,25,6d40142f96d4524ef3e9b8d0a5708a0555d3ad0d0e6f412e64400b4bafa02c44,False,relocate_pair,53dcfc67c35040d8908a579734166aec16f52930e61d8da2fe61ff084526ea82
R209,solomon_txt,5b74156d032babcff853ccc693f94463eca8333cd425aa99a39ed996f6258933,2,1,ok,True,3,1388821,1388.821,0.166026,0.500383,1,time_limit,solomon_exact_1000_v1,,,,,,0.5,,100,,25,6d40142f96d4524ef3e9b8d0a5708a0555d3ad0d0e6f412e64400b4bafa02c44,False,relocate_pair,53dcfc67c35040d8908a579734166aec16f52930e61d8da2fe61ff084526ea82
R210,solomon_txt,4e5772f109fb6183e6a648d6a1edaba3435438c2dc11c42da370fecf7bdf3a14,0,1,ok,True,3,1424736,1424.736,0.178922,0.500452,1,time_limit,solomon_exact_1000_v1,,,,,,0.5,,100,,25,6d40142f96d4524ef3e9b8d0a5708a0555d3ad0d0e6f412e64400b4bafa02c44,False,relocate_pair,53dcfc67c35040d8908a579734166aec16f52930e61d8da2fe61ff084526ea82
R210,solomon_txt,4e5772f109fb6183e6a648d6a1edaba3435438c2dc11c42da370fecf7bdf3a14,1,1,ok,True,3,1428416,1428.416,0.183796,0.500463,1,time_limit,solomon_exact_1000_v1,,,,,,0.5,,100,,25,6d40142f96d4524ef3e9b8d0a5708a0555d3ad0d0e6f412e64400b4bafa02c44,False,relocate_pair,53dcfc67c35040d8908a579734166aec16f52930e61d8da2fe61ff084526ea82
R210,solomon_txt,4e5772f109fb6183e6a648d6a1edaba3435438c2dc11c42da370fecf7bdf3a14,2,1,ok,True,3,1421321,1421.321,0.200919,0.500486,1,time_limit,solomon_exact_1000_v1,,,,,,0.5,,100,,25,6d40142f96d4524ef3e9b8d0a5708a0555d3ad0d0e6f412e64400b4bafa02c44,False,relocate_pair,53dcfc67c35040d8908a579734166aec16f52930e61d8da2fe61ff084526ea82
R211,solomon_txt,2965507e467a2f92acd59035975910e36ae11e4f49590d4c7d20a883939227ad,0,1,ok,True,3,1516434,1516.434,0.197735,0.500268,1,time_limit,solomon_exact_1000_v1,,,,,,0.5,,100,,25,6d40142f96d4524ef3e9b8d0a5708a0555d3ad0d0e6f412e64400b4bafa02c44,False,relocate_pair,53dcfc67c35040d8908a579734166aec16f52930e61d8da2fe61ff084526ea82
R211,solomon_txt,2965507e467a2f92acd59035975910e36ae11e4f49590d4c7d20a883939227ad,1,1,ok,True,3,1516434,1516.434,0.192017,0.50027,1,time_limit,solomon_exact_1000_v1,,,,,,0.5,,100,,25,6d40142f96d4524ef3e9b8d0a5708a0555d3ad0d0e6f412e64400b4bafa02c44,False,relocate_pair,53dcfc67c35040d8908a579734166aec16f52930e61d8da2fe61ff084526ea82
R211,solomon_txt,2965507e467a2f92acd59035975910e36ae11e4f49590d4c7d20a883939227ad,2,1,ok,True,3,1507534,1507.534,0.187547,0.500384,1,time_limit,solomon_exact_1000_v1,,,,,,0.5,,100,,25,6d40142f96d4524ef3e9b8d0a5708a0555d3ad0d0e6f412e64400b4bafa02c44,False,relocate_pair,53dcfc67c35040d8908a579734166aec16f52930e61d8da2fe61ff084526ea82
RC101,solomon_txt,ef6893ffd9746ad96de8e4da6e64e2c4ba6e08a1c7eb9457276a9f1caf01ca12,0,1,ok,True,17,2197881,2197.881,0.059634,0.500475,2,time_limit,solomon_exact_1000_v1,,,,,,0.5,,100,,25,6d40142f96d4524ef3e9b8d0a5708a0555d3ad0d0e6f412e64400b4bafa02c44,False,relocate_pair,53dcfc67c35040d8908a579734166aec16f52930e61d8da2fe61ff084526ea82
RC101,solomon_txt,ef6893ffd9746ad96de8e4da6e64e2c4ba6e08a1c7eb9457276a9f1caf01ca12,1,1,ok,True,18,2074763,2074.763,0.057359,0.500518,1,time_limit,solomon_exact_1000_v1,,,,,,0.5,,100,,25,6d40142f96d4524ef3e9b8d0a5708a0555d3ad0d0e6f412e64400b4bafa02c44,False,relocate_pair,53dcfc67c35040d8908a579734166aec16f52930e61d8da2fe61ff084526ea82
RC101,solomon_txt,ef6893ffd9746ad96de8e4da6e64e2c4ba6e08a1c7eb9457276a9f1caf01ca12,2,1,ok,True,18,1983759,1983.759,0.061184,0.500521,1,time_limit,solomon_exact_1000_v1,,,,,,0.5,,100,,25,6d40142f96d4524ef3e9b8d0a5708a0555d3ad0d0e6f412e64400b4bafa02c44,False,relocate_pair,53dcfc67c35040d8908a579734166aec16f52930e61d8da2fe61ff084526ea82
RC102,solomon_txt,36acd349d34a577c7fadd61f78517c2cb74bd06a490273800c288f341e5785a4,0,1,ok,True,15,1754491,1754.491,0.067019,0.500464,2,time_limit,solomon_exact_1000_v1,,,,,,0.5,,100,,25,6d40142f96d4524ef3e9b8d0a5708a0555d3ad0d0e6f412e64400b4bafa02c44,False,relocate_pair,53dcfc67c35040d8908a579734166aec16f52930e61d8da2fe61ff084526ea82
RC102,solomon_txt,36acd349d34a577c7fadd61f78517c2cb74bd06a490273800c288f341e5785a4,1,1,ok,True,15,1834933,1834.933,0.061919,0.500446,1,time_limit,solomon_exact_1000_v1,,,,,,0.5,,100,,25,6d40142f96d4524ef3e9b8d0a5708a0555d3ad0d0e6f412e64400b4bafa02c44,False,relocate_pair,53dcfc67c35040d8908a579734166aec16f52930e61d8da2fe61ff084526ea82
RC102,solomon_txt,36acd349d34a577c7fadd61f78517c2cb74bd06a490273800c288f341e5785a4,2,1,ok,True,16,1812496,1812.496,0.062036,0.500483,1,time_limit,solomon_exact_1000_v1,,,,,,0.5,,100,,25,6d40142f96d4524ef3e9b8d0a5708a0555d3ad0d0e6f412e64400b4bafa02c44,False,relocate_pair,53dcfc67c35040d8908a579734166aec16f52930e61d8da2fe61ff084526ea82
RC103,solomon_txt,00f384138274d5d2bff5c41601db17cc4ad0cfc6315c27e223d4477bf435cc2d,0,1,ok,True,12,1733037,1733.037,0.072744,0.500496,1,time_limit,solomon_exact_1000_v1,,,,,,0.5,,100,,25,6d40142f96d4524ef3e9b8d0a5708a0555d3ad0d0e6f412e64400b4bafa02c44,False,relocate_pair,53dcfc67c35040d8908a579734166aec16f52930e61d8da2fe61ff084526ea82
RC103,solomon_txt,00f384138274d5d2bff5c41601db17cc4ad0cfc6315c27e223d4477bf435cc2d,1,1,ok,True,12,1703532,1703.532,0.072853,0.500562,1,time_limit,solomon_exact_1000_v1,,,,,,0.5,,100,,25,6d40142f96d4524ef3e9b8d0a5708a0555d3ad0d0e6f412e64400b4bafa02c44,False,relocate_pair,53dcfc67c35040d8908a579734166aec16f52930e61d8da2fe61ff084526ea82
RC103,solomon_txt,00f384138274d5d2bff5c41601db17cc4ad0cfc6315c27e223d4477bf435cc2d,2,1,ok,True,13,1952068,1952.068,0.071607,0.500501,1,time_limit,solomon_exact_1000_v1,,,,,,0.5,,100,,25,6d40142f96d4524ef3e9b8d0a5708a0555d3ad0d0e6f412e64400b4bafa02c44,False,relocate_pair,53dcfc67c35040d8908a579734166aec16f52930e61d8da2fe61ff084526ea82
RC104,solomon_txt,d150b2d61049a488fb89a2320c197d81a7ef9a1864abbbaea1d13a2b451253ee,0,1,ok,True,12,1621297,1621.297,0.069409,0.500463,1,time_limit,solomon_exact_1000_v1,,,,,,0.5,,100,,25,6d40142f96d4524ef3e9b8d0a5708a0555d3ad0d0e6f412e64400b4bafa02c44,False,relocate_pair,53dcfc67c35040d8908a579734166aec16f52930e61d8da2fe61ff084526ea82
RC104,solomon_txt,d150b2d61049a488fb89a2320c197d81a7ef9a1864abbbaea1d13a2b451253ee,1,1,ok,True,12,1620614,1620.614,0.068378,0.500482,1,time_limit,solomon_exact_1000_v1,,,,,,0.5,,100,,25,6d40142f96d4524ef3e9b8d0a5708a0555d3ad0d0e6f412e64400b4bafa02c44,False,relocate_pair,53dcfc67c35040d8908a579734166aec16f52930e61d8da2fe61ff084526ea82
RC104,solomon_txt,d150b2d61049a488fb89a2320c197d81a7ef9a1864abbbaea1d13a2b451253ee,2,1,ok,True,11,1474470,1474.47,0.074691,0.500422,1,time_limit,solomon_exact_1000_v1,,,,,,0.5,,100,,25,6d40142f96d4524ef3e9b8d0a5708a0555d3ad0d0e6f412e64400b4bafa02c44,False,relocate_pair,53dcfc67c35040d8908a579734166aec16f52930e61d8da2fe61ff084526ea82
RC105,solomon_txt,b9e912625c1ed80d2f565e0799ade2f4b17bf4f95056322ca23f1a21b37e7a49,0,1,ok,True,16,1911643,1911.643,0.060955,0.500474,1,time_limit,solomon_exact_1000_v1,,,,,,0.5,,100,,25,6d40142f96d4524ef3e9b8d0a5708a0555d3ad0d0e6f412e64400b4bafa02c44,False,relocate_pair,53dcfc67c35040d8908a579734166aec16f52930e61d8da2fe61ff084526ea82
RC105,solomon_txt,b9e912625c1ed80d2f565e0799ade2f4b17bf4f95056322ca23f1a21b37e7a49,1,1,ok,True,16,2118579,2118.579,0.059745,0.500501,1,time_limit,solomon_exact_1000_v1,,,,,,0.5,,100,,25,6d40142f96d4524ef3e9b8d0a5708a0555d3ad0d0e6f412e64400b4bafa02c44,False,relocate_pair,53dcfc67c35040d8908a579734166aec16f52930e61d8da2fe61ff084526ea82
RC105,solomon_txt,b9e912625c1ed80d2f565e0799ade2f4b17bf4f95056322ca23f1a21b37e7a49,2,1,ok,True,16,1886996,1886.996,0.059946,0.500514,1,time_limit,solomon_exact_1000_v1,,,,,,0.5,,100,,25,6d40142f96d4524ef3e9b8d0a5708a0555d3ad0d0e6f412e64400b4bafa02c44,False,relocate_pair,53dcfc67c35040d8908a579734166aec16f52930e61d8da2fe61ff084526ea82
RC106,solomon_txt,bf016ffc567af2d108570357daf1d0cabb7f680c0bd977d2e4366787683fdbaf,0,1,ok,True,15,2117387,2117.387,0.064395,0.500494,1,time_limit,solomon_exact_1000_v1,,,,,,0.5,,100,,25,6d40142f96d4524ef3e9b8d0a5708a0555d3ad0d0e6f412e64400b4bafa02c44,False,relocate_pair,53dcfc67c35040d8908a579734166aec16f52930e61d8da2fe61ff084526ea82
RC106,solomon_txt,bf016ffc567af2d108570357daf1d0cabb7f680c0bd977d2e4366787683fdbaf,1,1,ok,True,15,1908305,1908.305,0.058912,0.50049,1,time_limit,solomon_exact_1000_v1,,,,,,0.5,,100,,25,6d40142f96d4524ef3e9b8d0a5708a0555d3ad0d0e6f412e64400b4bafa02c44,False,relocate_pair,53dcfc67c35040d8908a579734166aec16f52930e61d8da2fe61ff084526ea82
RC106,solomon_txt,bf016ffc567af2d108570357daf1d0cabb7f680c0bd977d2e4366787683fdbaf,2,1,ok,True,15,1988965,1988.965,0.060374,0.500483,1,time_limit,solomon_exact_1000_v1,,,,,,0.5,,100,,25,6d40142f96d4524ef3e9b8d0a5708a0555d3ad0d0e6f412e64400b4bafa02c44,False,relocate_pair,53dcfc67c35040d8908a579734166aec16f52930e61d8da2fe61ff084526ea82
RC107,solomon_txt,fff3fd68d110671ed442575f07cc547291586f30b00c5f73934d521d31311582,0,1,ok,True,14,1708249,1708.249,0.064053,0.500506,1,time_limit,solomon_exact_1000_v1,,,,,,0.5,,100,,25,6d40142f96d4524ef3e9b8d0a5708a0555d3ad0d0e6f412e64400b4bafa02c44,False,relocate_pair,53dcfc67c35040d8908a579734166aec16f52930e61d8da2fe61ff084526ea82
RC107,solomon_txt,fff3fd68d110671ed442575f07cc547291586f30b00c5f73934d521d31311582,1,1,ok,True,14,1831323,1831.323,0.064599,0.500441,1,time_limit,solomon_exact_1000_v1,,,,,,0.5,,100,,25,6d40142f96d4524ef3e9b8d0a5708a0555d3ad0d0e6f412e64400b4bafa02c44,False,relocate_pair,53dcfc67c35040d8908a579734166aec16f52930e61d8da2fe61ff084526ea82
RC107,solomon_txt,fff3fd68d110671ed442575f07cc547291586f30b00c5f73934d521d31311582,2,1,ok,True,14,1915870,1915.87,0.07714,0.500482,1,time_limit,solomon_exact_1000_v1,,,,,,0.5,,100,,25,6d40142f96d4524ef3e9b8d0a5708a0555d3ad0d0e6f412e64400b4bafa02c44,False,relocate_pair,53dcfc67c35040d8908a579734166aec16f52930e61d8da2fe61ff084526ea82
RC108,solomon_txt,006bc8817bf09f9a8c66af8d6f088bdec239b2eb435556e9d11193cf456f7aeb,0,1,ok,True,14,1950039,1950.039,0.067689,0.500492,1,time_limit,solomon_exact_1000_v1,,,,,,0.5,,100,,25,6d40142f96d4524ef3e9b8d0a5708a0555d3ad0d0e6f412e64400b4bafa02c44,False,relocate_pair,53dcfc67c35040d8908a579734166aec16f52930e61d8da2fe61ff084526ea82
RC108,solomon_txt,006bc8817bf09f9a8c66af8d6f088bdec239b2eb435556e9d11193cf456f7aeb,1,1,ok,True,14,1701109,1701.109,0.065448,0.500462,1,time_limit,solomon_exact_1000_v1,,,,,,0.5,,100,,25,6d40142f96d4524ef3e9b8d0a5708a0555d3ad0d0e6f412e64400b4bafa02c44,False,relocate_pair,53dcfc67c35040d8908a579734166aec16f52930e61d8da2fe61ff084526ea82
RC108,solomon_txt,006bc8817bf09f9a8c66af8d6f088bdec239b2eb435556e9d11193cf456f7aeb,2,1,ok,True,14,1715089,1715.089,0.065071,0.500725,1,time_limit,solomon_exact_1000_v1,,,,,,0.5,,100,,25,6d40142f96d4524ef3e9b8d0a5708a0555d3ad0d0e6f412e64400b4bafa02c44,False,relocate_pair,53dcfc67c35040d8908a579734166aec16f52930e61d8da2fe61ff084526ea82
RC201,solomon_txt,288836e2d8c2ace83ebbff77e03ac8cdffc574fc134cade21ef92713f8c52d44,0,1,ok,True,5,2429811,2429.811,0.159051,0.500255,1,time_limit,solomon_exact_1000_v1,,,,,,0.5,,100,,25,6d40142f96d4524ef3e9b8d0a5708a0555d3ad0d0e6f412e64400b4bafa02c44,False,relocate_pair,53dcfc67c35040d8908a579734166aec16f52930e61d8da2fe61ff084526ea82
RC201,solomon_txt,288836e2d8c2ace83ebbff77e03ac8cdffc574fc134cade21ef92713f8c52d44,1,1,ok,True,5,2396597,2396.597,0.130963,0.500404,1,time_limit,solomon_exact_1000_v1,,,,,,0.5,,100,,25,6d40142f96d4524ef3e9b8d0a5708a0555d3ad0d0e6f412e64400b4bafa02c44,False,relocate_pair,53dcfc67c35040d8908a579734166aec16f52930e61d8da2fe61ff084526ea82
RC201,solomon_txt,288836e2d8c2ace83ebbff77e03ac8cdffc574fc134cade21ef92713f8c52d44,2,1,ok,True,5,2411572,2411.572,0.129246,0.500412,1,time_limit,solomon_exact_1000_v1,,,,,,0.5,,100,,25,6d40142f96d4524ef3e9b8d0a5708a0555d3ad0d0e6f412e64400b4bafa02c44,False,relocate_pair,53dcfc67c35040d8908a579734166aec16f52930e61d8da2fe61ff084526ea82
RC202,solomon_txt,5a1dee2017ab0ca4fe280b392678c96e8b5bc71f22d02c8058fbde7c4cfebcf4,0,1,ok,True,4,1920411,1920.411,0.123919,0.500274,1,time_limit,solomon_exact_1000_v1,,,,,,0.5,,100,,25,6d40142f96d4524ef3e9b8d0a5708a0555d3ad0d0e6f412e64400b4bafa02c44,False,relocate_pair,53dcfc67c35040d8908a579734166aec16f52930e61d8da2fe61ff084526ea82
RC202,solomon_txt,5a1dee2017ab0ca4fe280b392678c96e8b5bc71f22d02c8058fbde7c4cfebcf4,1,1,ok,True,4,1818035,1818.035,0.123031,0.500406,1,time_limit,solomon_exact_1000_v1,,,,,,0.5,,100,,25,6d40142f96d4524ef3e9b8d0a5708a0555d3ad0d0e6f412e64400b4bafa02c44,False,relocate_pair,53dcfc67c35040d8908a579734166aec16f52930e61d8da2fe61ff084526ea82
RC202,solomon_txt,5a1dee2017ab0ca4fe280b392678c96e8b5bc71f22d02c8058fbde7c4cfebcf4,2,1,ok,True,4,1586173,1586.173,0.124019,0.500425,1,time_limit,solomon_exact_1000_v1,,,,,,0.5,,100,,25,6d40142f96d4524ef3e9b8d0a5708a0555d3ad0d0e6f412e64400b4bafa02c44,False,relocate_pair,53dcfc67c35040d8908a579734166aec16f52930e61d8da2fe61ff084526ea82
RC203,solomon_txt,4adcb362c23df91f14b828d4964e9383ffb02ee74217afc2d84571f83ed91f8b,0,1,ok,True,3,1400007,1400.007,0.128234,0.500252,1,time_limit,solomon_exact_1000_v1,,,,,,0.5,,100,,25,6d40142f96d4524ef3e9b8d0a5708a0555d3ad0d0e6f412e64400b4bafa02c44,False,relocate_pair,53dcfc67c35040d8908a579734166aec16f52930e61d8da2fe61ff084526ea82
RC203,solomon_txt,4adcb362c23df91f14b828d4964e9383ffb02ee74217afc2d84571f83ed91f8b,1,1,ok,True,3,1545417,1545.417,0.132471,0.500249,1,time_limit,solomon_exact_1000_v1,,,,,,0.5,,100,,25,6d40142f96d4524ef3e9b8d0a5708a0555d3ad0d0e6f412e64400b4bafa02c44,False,relocate_pair,53dcfc67c35040d8908a579734166aec16f52930e61d8da2fe61ff084526ea82
RC203,solomon_txt,4adcb362c23df91f14b828d4964e9383ffb02ee74217afc2d84571f83ed91f8b,2,1,ok,True,3,1516613,1516.613,0.131426,0.500247,2,time_limit,solomon_exact_1000_v1,,,,,,0.5,,100,,25,6d40142f96d4524ef3e9b8d0a5708a0555d3ad0d0e6f412e64400b4bafa02c44,False,relocate_pair,53dcfc67c35040d8908a579734166aec16f52930e61d8da2fe61ff084526ea82
RC204,solomon_txt,11e827eab51a959ebab66344e7b7cfd1aeed895287653b36a72c86a4440ecd77,0,1,ok,True,3,1500593,1500.593,0.193992,0.500246,1,time_limit,solomon_exact_1000_v1,,,,,,0.5,,100,,25,6d40142f96d4524ef3e9b8d0a5708a0555d3ad0d0e6f412e64400b4bafa02c44,False,relocate_pair,53dcfc67c35040d8908a579734166aec16f52930e61d8da2fe61ff084526ea82
RC204,solomon_txt,11e827eab51a959ebab66344e7b7cfd1aeed895287653b36a72c86a4440ecd77,1,1,ok,True,3,1500593,1500.593,0.192473,0.500252,1,time_limit,solomon_exact_1000_v1,,,,,,0.5,,100,,25,6d40142f96d4524ef3e9b8d0a5708a0555d3ad0d0e6f412e64400b4bafa02c44,False,relocate_pair,53dcfc67c35040d8908a579734166aec16f52930e61d8da2fe61ff084526ea82
RC204,solomon_txt,11e827eab51a959ebab66344e7b7cfd1aeed895287653b36a72c86a4440ecd77,2,1,ok,True,3,1500132,1500.132,0.19427,0.500369,1,time_limit,solomon_exact_1000_v1,,,,,,0.5,,100,,25,6d40142f96d4524ef3e9b8d0a5708a0555d3ad0d0e6f412e64400b4bafa02c44,False,relocate_pair,53dcfc67c35040d8908a579734166aec16f52930e61d8da2fe61ff084526ea82
RC205,solomon_txt,c061d306cf42310b0f3ca15612089f6c5a8d5604c0733bf26852477c787662c9,0,1,ok,True,4,1959415,1959.415,0.148194,0.500263,1,time_limit,solomon_exact_1000_v1,,,,,,0.5,,100,,25,6d40142f96d4524ef3e9b8d0a5708a0555d3ad0d0e6f412e64400b4bafa02c44,False,relocate_pair,53dcfc67c35040d8908a579734166aec16f52930e61d8da2fe61ff084526ea82
RC205,solomon_txt,c061d306cf42310b0f3ca15612089f6c5a8d5604c0733bf26852477c787662c9,1,1,ok,True,4,1744421,1744.421,0.146056,0.500409,1,time_limit,solomon_exact_1000_v1,,,,,,0.5,,100,,25,6d40142f96d4524ef3e9b8d0a5708a0555d3ad0d0e6f412e64400b4bafa02c44,False,relocate_pair,53dcfc67c35040d8908a579734166aec16f52930e61d8da2fe61ff084526ea82
RC205,solomon_txt,c061d306cf42310b0f3ca15612089f6c5a8d5604c0733bf26852477c787662c9,2,1,ok,True,4,1695820,1695.82,0.139587,0.500451,1,time_limit,solomon_exact_1000_v1,,,,,,0.5,,100,,25,6d40142f96d4524ef3e9b8d0a5708a0555d3ad0d0e6f412e64400b4bafa02c44,False,relocate_pair,53dcfc67c35040d8908a579734166aec16f52930e61d8da2fe61ff084526ea82
RC206,solomon_txt,5203aecf67c84df49e152645312a837ffefde529314ff892ca061538816e43a9,0,1,ok,True,4,2080287,2080.287,0.146063,0.500269,1,time_limit,solomon_exact_1000_v1,,,,,,0.5,,100,,25,6d40142f96d4524ef3e9b8d0a5708a0555d3ad0d0e6f412e64400b4bafa02c44,False,relocate_pair,53dcfc67c35040d8908a579734166aec16f52930e61d8da2fe61ff084526ea82
RC206,solomon_txt,5203aecf67c84df49e152645312a837ffefde529314ff892ca061538816e43a9,1,1,ok,True,4,1771858,1771.858,0.137615,0.500487,1,time_limit,solomon_exact_1000_v1,,,,,,0.5,,100,,25,6d40142f96d4524ef3e9b8d0a5708a0555d3ad0d0e6f412e64400b4bafa02c44,False,relocate_pair,53dcfc67c35040d8908a579734166aec16f52930e61d8da2fe61ff084526ea82
RC206,solomon_txt,5203aecf67c84df49e152645312a837ffefde529314ff892ca061538816e43a9,2,1,ok,True,4,1725004,1725.004,0.142597,0.500399,1,time_limit,solomon_exact_1000_v1,,,,,,0.5,,100,,25,6d40142f96d4524ef3e9b8d0a5708a0555d3ad0d0e6f412e64400b4bafa02c44,False,relocate_pair,53dcfc67c35040d8908a579734166aec16f52930e61d8da2fe61ff084526ea82
RC207,solomon_txt,5cab65f99b350cdb8fb1c4d0a12dde85eb4ff6a6d6daf292b182cb73de9a8b63,0,1,ok,True,4,1907431,1907.431,0.155158,0.500374,1,time_limit,solomon_exact_1000_v1,,,,,,0.5,,100,,25,6d40142f96d4524ef3e9b8d0a5708a0555d3ad0d0e6f412e64400b4bafa02c44,False,relocate_pair,53dcfc67c35040d8908a579734166aec16f52930e61d8da2fe61ff084526ea82
RC207,solomon_txt,5cab65f99b350cdb8fb1c4d0a12dde85eb4ff6a6d6daf292b182cb73de9a8b63,1,1,ok,True,3,1405392,1405.392,0.15324,0.500492,1,time_limit,solomon_exact_1000_v1,,,,,,0.5,,100,,25,6d40142f96d4524ef3e9b8d0a5708a0555d3ad0d0e6f412e64400b4bafa02c44,False,relocate_pair,53dcfc67c35040d8908a579734166aec16f52930e61d8da2fe61ff084526ea82
RC207,solomon_txt,5cab65f99b350cdb8fb1c4d0a12dde85eb4ff6a6d6daf292b182cb73de9a8b63,2,1,ok,True,4,1907431,1907.431,0.167835,0.500401,1,time_limit,solomon_exact_1000_v1,,,,,,0.5,,100,,25,6d40142f96d4524ef3e9b8d0a5708a0555d3ad0d0e6f412e64400b4bafa02c44,False,relocate_pair,53dcfc67c35040d8908a579734166aec16f52930e61d8da2fe61ff084526ea82
RC208,solomon_txt,3d67d2a8e2758a324643f5d6c6ca87e8c56435273eaa04be33f213bb991f1f28,0,1,ok,True,3,1365201,1365.201,0.147727,0.500255,1,time_limit,solomon_exact_1000_v1,,,,,,0.5,,100,,25,6d40142f96d4524ef3e9b8d0a5708a0555d3ad0d0e6f412e64400b4bafa02c44,False,relocate_pair,53dcfc67c35040d8908a579734166aec16f52930e61d8da2fe61ff084526ea82
RC208,solomon_txt,3d67d2a8e2758a324643f5d6c6ca87e8c56435273eaa04be33f213bb991f1f28,1,1,ok,True,4,1913075,1913.075,0.149137,0.500384,1,time_limit,solomon_exact_1000_v1,,,,,,0.5,,100,,25,6d40142f96d4524ef3e9b8d0a5708a0555d3ad0d0e6f412e64400b4bafa02c44,False,relocate_pair,53dcfc67c35040d8908a579734166aec16f52930e61d8da2fe61ff084526ea82
RC208,solomon_txt,3d67d2a8e2758a324643f5d6c6ca87e8c56435273eaa04be33f213bb991f1f28,2,1,ok,True,4,1909257,1909.257,0.147497,0.500448,1,time_limit,solomon_exact_1000_v1,,,,,,0.5,,100,,25,6d40142f96d4524ef3e9b8d0a5708a0555d3ad0d0e6f412e64400b4bafa02c44,False,relocate_pair,53dcfc67c35040d8908a579734166aec16f52930e61d8da2fe61ff084526ea82
C101,solomon_txt,a6da75152d182d60ecd2c6f854296f5be452f92282d096adebcf5d99a7f16516,0,1,ok,True,10,828937,828.937,0.071864,0.500437,1,time_limit,solomon_exact_1000_v1,,,,,,0.5,,100,,25,6d40142f96d4524ef3e9b8d0a5708a0555d3ad0d0e6f412e64400b4bafa02c44,False,exchange_pair_single,1cf4b02d56a29c7bbf1277155ccf2c29e87b3a47290730ed8ceb1040191838ce
C101,solomon_txt,a6da75152d182d60ecd2c6f854296f5be452f92282d096adebcf5d99a7f16516,1,1,ok,True,10,828937,828.937,0.07035,0.500216,2,time_limit,solomon_exact_1000_v1,,,,,,0.5,,100,,25,6d40142f96d4524ef3e9b8d0a5708a0555d3ad0d0e6f412e64400b4bafa02c44,False,exchange_pair_single,1cf4b02d56a29c7bbf1277155ccf2c29e87b3a47290730ed8ceb1040191838ce
C101,solomon_txt,a6da75152d182d60ecd2c6f854296f5be452f92282d096adebcf5d99a7f16516,2,1,ok,True,10,828937,828.937,0.066342,0.500426,1,time_limit,solomon_exact_1000_v1,,,,,,0.5,,100,,25,6d40142f96d4524ef3e9b8d0a5708a0555d3ad0d0e6f412e64400b4bafa02c44,False,exchange_pair_single,1cf4b02d56a29c7bbf1277155ccf2c29e87b3a47290730ed8ceb1040191838ce
C102,solomon_txt,f89a0e2a760cc7448a4ca72b88e5b29b94d64b5548f3320f42a6230025ead653,0,1,ok,True,10,1186508,1186.508,0.068136,0.500399,1,time_limit,solomon_exact_1000_v1,,,,,,0.5,,100,,25,6d40142f96d4524ef3e9b8d0a5708a0555d3ad0d0e6f412e64400b4bafa02c44,False,exchange_pair_single,1cf4b02d56a29c7bbf1277155ccf2c29e87b3a47290730ed8ceb1040191838ce
C102,solomon_txt,f89a0e2a760cc7448a4ca72b88e5b29b94d64b5548f3320f42a6230025ead653,1,1,ok,True,10,1186508,1186.508,0.069021,0.500448,1,time_limit,solomon_exact_1000_v1,,,,,,0.5,,100,,25,6d40142f96d4524ef3e9b8d0a5708a0555d3ad0d0e6f412e64400b4bafa02c44,False,exchange_pair_single,1cf4b02d56a29c7bbf1277155ccf2c29e87b3a47290730ed8ceb1040191838ce
C102,solomon_txt,f89a0e2a760cc7448a4ca72b88e5b29b94d64b5548f3320f42a6230025ead653,2,1,ok,True,10,1193871,1193.871,0.073511,0.500468,1,time_limit,solomon_exact_1000_v1,,,,,,0.5,,100,,25,6d40142f96d4524ef3e9b8d0a5708a0555d3ad0d0e6f412e64400b4bafa02c44,False,exchange_pair_single,1cf4b02d56a29c7bbf1277155ccf2c29e87b3a47290730ed8ceb1040191838ce
C103,solomon_txt,a55cabf15e0da9d65696a5fb45c9852889479893f76f772a428ca15d1b415a51,0,1,ok,True,10,1718885,1718.885,0.082318,0.50047,1,time_limit,solomon_exact_1000_v1,,,,,,0.5,,100,,25,6d40142f96d4524ef3e9b8d0a5708a0555d3ad0d0e6f412e64400b4bafa02c44,False,exchange_pair_single,1cf4b02d56a29c7bbf1277155ccf2c29e87b3a47290730ed8ceb1040191838ce
C103,solomon_txt,a55cabf15e0da9d65696a5fb45c9852889479893f76f772a428ca15d1b415a51,1,1,ok,True,10,1718885,1718.885,0.076457,0.500438,1,time_limit,solomon_exact_1000_v1,,,,,,0.5,,100,,25,6d40142f96d4524ef3e9b8d0a5708a0555d3ad0d0e6f412e64400b4bafa02c44,False,exchange_pair_single,1cf4b02d56a29c7bbf1277155ccf2c29e87b3a47290730ed8ceb1040191838ce
C103,solomon_txt,a55cabf15e0da9d65696a5fb45c9852889479893f76f772a428ca15d1b415a51,2,1,ok,True,10,1718885,1718.885,0.076006,0.50044,1,time_limit,solomon_exact_1000_v1,,,,,,0.5,,100,,25,6d40142f96d4524ef3e9b8d0a5708a0555d3ad0d0e6f412e64400b4bafa02c44,False,exchange_pair_single,1cf4b02d56a29c7bbf1277155ccf2c29e87b3a47290730ed8ceb1040191838ce
C104,solomon_txt,fe333e81625ee5a75bb2ce98c2c9f356d07289237865b62a23ba2f32f0de5ee2,0,1,ok,True,10,1713687,1713.687,0.082693,0.500394,1,time_limit,solomon_exact_1000_v1,,,,,,0.5,,100,,25,6d40142f96d4524ef3e9b8d0a5708a0555d3ad0d0e6f412e64400b4bafa02c44,False,exchange_pair_single,1cf4b02d56a29c7bbf1277155ccf2c29e87b3a47290730ed8ceb1040191838ce
C104,solomon_txt,fe333e81625ee5a75bb2ce98c2c9f356d07289237865b62a23ba2f32f0de5ee2,1,1,ok,True,10,1712062,1712.062,0.0795,0.500402,1,time_limit,solomon_exact_1000_v1,,,,,,0.5,,100,,25,6d40142f96d4524ef3e9b8d0a5708a0555d3ad0d0e6f412e64400b4bafa02c44,False,exchange_pair_single,1cf4b02d56a29c7bbf1277155ccf2c29e87b3a47290730ed8ceb1040191838ce
C104,solomon_txt,fe333e81625ee5a75bb2ce98c2c9f356d07289237865b62a23ba2f32f0de5ee2,2,1,ok,True,10,1753598,1753.598,0.081932,0.500432,1,time_limit,solomon_exact_1000_v1,,,,,,0.5,,100,,25,6d40142f96d4524ef3e9b8d0a5708a0555d3ad0d0e6f412e64400b4bafa02c44,False,exchange_pair_single,1cf4b02d56a29c7bbf1277155ccf2c29e87b3a47290730ed8ceb1040191838ce
C105,solomon_txt,9a877a3a6fb922e7ad9297cc0308bc8a5652cb1495a0228ee6b81b2d938aa29f,0,1,ok,True,10,1099952,1099.952,0.068213,0.500405,1,time_limit,solomon_exact_1000_v1,,,,,,0.5,,100,,25,6d40142f96d4524ef3e9b8d0a5708a0555d3ad0d0e6f412e64400b4bafa02c44,False,exchange_pair_single,1cf4b02d56a29c7bbf1277155ccf2c29e87b3a47290730ed8ceb1040191838ce
C105,solomon_txt,9a877a3a6fb922e7ad9297cc0308bc8a5652cb1495a0228ee6b81b2d938aa29f,1,1,ok,True,10,961649,961.649,0.068122,0.500449,1,time_limit,solomon_exact_1000_v1,,,,,,0.5,,100,,25,6d40142f96d4524ef3e9b8d0a5708a0555d3ad0d0e6f412e64400b4bafa02c44,False,exchange_pair_single,1cf4b02d56a29c7bbf1277155ccf2c29e87b3a47290730ed8ceb1040191838ce
C105,solomon_txt,9a877a3a6fb922e7ad9297cc0308bc8a5652cb1495a0228ee6b81b2d938aa29f,2,1,ok,True,10,989499,989.499,0.066531,0.500418,1,time_limit,solomon_exact_1000_v1,,,,,,0.5,,100,,25,6d40142f96d4524ef3e9b8d0a5708a0555d3ad0d0e6f412e64400b4bafa02c44,False,exchange_pair_single,1cf4b02d56a29c7bbf1277155ccf2c29e87b3a47290730ed8ceb1040191838ce
C106,solomon_txt,ec9b419bed53e9c607cce76e8c6bc59feb6e4d17646905601f008a4141ec7b40,0,1,ok,True,10,1110194,1110.194,0.063194,0.500424,1,time_limit,solomon_exact_1000_v1,,,,,,0.5,,100,,25,6d40142f96d4524ef3e9b8d0a5708a0555d3ad0d0e6f412e64400b4bafa02c44,False,exchange_pair_single,1cf4b02d56a29c7bbf1277155ccf2c29e87b3a47290730ed8ceb1040191838ce
C106,solomon_txt,ec9b419bed53e9c607cce76e8c6bc59feb6e4d17646905601f008a4141ec7b40,1,1,ok,True,10,1018820,1018.82,0.064114,0.500466,1,time_limit,solomon_exact_1000_v1,,,,,,0.5,,100,,25,6d40142f96d4524ef3e9b8d0a5708a0555d3ad0d0e6f412e64400b4bafa02c44,False,exchange_pair_single,1cf4b02d56a29c7bbf1277155ccf2c29e87b3a47290730ed8ceb1040191838ce
C106,solomon_txt,ec9b419bed53e9c607cce76e8c6bc59feb6e4d17646905601f008a4141ec7b40,2,1,ok,True,10,1081917,1081.917,0.063341,0.50045,1,time_limit,solomon_exact_1000_v1,,,,,,0.5,,100,,25,6d40142f96d4524ef3e9b8d0a5708a0555d3ad0d0e6f412e64400b4bafa02c44,False,exchange_pair_single,1cf4b02d56a29c7bbf1277155ccf2c29e87b3a47290730ed8ceb1040191838ce
C107,solomon_txt,cb3cdc10d812fa17370eb52cb753b6b0574426dc6fabeb8b9076ed750ddf05ca,0,1,ok,True,10,1085067,1085.067,0.071136,0.500431,1,time_limit,solomon_exact_1000_v1,,,,,,0.5,,100,,25,6d40142f96d4524ef3e9b8d0a5708a0555d3ad0d0e6f412e64400b4bafa02c44,False,exchange_pair_single,1cf4b02d56a29c7bbf1277155ccf2c29e87b3a47290730ed8ceb1040191838ce
C107,solomon_txt,cb3cdc10d812fa17370eb52cb753b6b0574426dc6fabeb8b9076ed750ddf05ca,1,1,ok,True,10,1043317,1043.317,0.070569,0.500408,1,time_limit,solomon_exact_1000_v1,,,,,,0.5,,100,,25,6d40142f96d4524ef3e9b8d0a5708a0555d3ad0d0e6f412e64400b4bafa02c44,False,exchange_pair_single,1cf4b02d56a29c7bbf1277155ccf2c29e87b3a47290730ed8ceb1040191838ce
C107,solomon_txt,cb3cdc10d812fa17370eb52cb753b6b0574426dc6fabeb8b9076ed750ddf05ca,2,1,ok,True,10,1068659,1068.659,0.075729,0.500412,1,time_limit,solomon_exact_1000_v1,,,,,,0.5,,100,,25,6d40142f96d4524ef3e9b8d0a5708a0555d3ad0d0e6f412e64400b4bafa02c44,False,exchange_pair_single,1cf4b02d56a29c7bbf1277155ccf2c29e87b3a47290730ed8ceb1040191838ce
C108,solomon_txt,b8c7e48f292b66b283d8e71511e3a4eccaa4c4bc66b9313c399e73b0226f5953,0,1,ok,True,10,1385709,1385.709,0.068125,0.500406,1,time_limit,solomon_exact_1000_v1,,,,,,0.5,,100,,25,6d40142f96d4524ef3e9b8d0a5708a0555d3ad0d0e6f412e64400b4bafa02c44,False,exchange_pair_single,1cf4b02d56a29c7bbf1277155ccf2c29e87b3a47290730ed8ceb1040191838ce
C108,solomon_txt,b8c7e48f292b66b283d8e71511e3a4eccaa4c4bc66b9313c399e73b0226f5953,1,1,ok,True,10,1473019,1473.019,0.066841,0.500482,1,time_limit,solomon_exact_1000_v1,,,,,,0.5,,100,,25,6d40142f96d4524ef3e9b8d0a5708a0555d3ad0d0e6f412e64400b4bafa02c44,False,exchange_pair_single,1cf4b02d56a29c7bbf1277155ccf2c29e87b3a47290730ed8ceb1040191838ce
C108,solomon_txt,b8c7e48f292b66b283d8e71511e3a4eccaa4c4bc66b9313c399e73b0226f5953,2,1,ok,True,10,1293778,1293.778,0.065113,0.500439,2,time_limit,solomon_exact_1000_v1,,,,,,0.5,,100,,25,6d40142f96d4524ef3e9b8d0a5708a0555d3ad0d0e6f412e64400b4bafa02c44,False,exchange_pair_single,1cf4b02d56a29c7bbf1277155ccf2c29e87b3a47290730ed8ceb1040191838ce
C109,solomon_txt,72d8489e14bf1bb18456f0b21b01110506cbcc2354719dae8481b480150f142a,0,1,ok,True,10,1500787,1500.787,0.076569,0.500462,1,time_limit,solomon_exact_1000_v1,,,,,,0.5,,100,,25,6d40142f96d4524ef3e9b8d0a5708a0555d3ad0d0e6f412e64400b4bafa02c44,False,exchange_pair_single,1cf4b02d56a29c7bbf1277155ccf2c29e87b3a47290730ed8ceb1040191838ce
C109,solomon_txt,72d8489e14bf1bb18456f0b21b01110506cbcc2354719dae8481b480150f142a,1,1,ok,True,10,1506869,1506.869,0.074978,0.500457,1,time_limit,solomon_exact_1000_v1,,,,,,0.5,,100,,25,6d40142f96d4524ef3e9b8d0a5708a0555d3ad0d0e6f412e64400b4bafa02c44,False,exchange_pair_single,1cf4b02d56a29c7bbf1277155ccf2c29e87b3a47290730ed8ceb1040191838ce
C109,solomon_txt,72d8489e14bf1bb18456f0b21b01110506cbcc2354719dae8481b480150f142a,2,1,ok,True,10,1484067,1484.067,0.071893,0.500432,1,time_limit,solomon_exact_1000_v1,,,,,,0.5,,100,,25,6d40142f96d4524ef3e9b8d0a5708a0555d3ad0d0e6f412e64400b4bafa02c44,False,exchange_pair_single,1cf4b02d56a29c7bbf1277155ccf2c29e87b3a47290730ed8ceb1040191838ce
C201,solomon_txt,d8d9834087ae2326fa23a8510533060233dc9fb481873be60956eb26a880ad63,0,1,ok,True,3,702313,702.313,0.178398,0.500435,1,time_limit,solomon_exact_1000_v1,,,,,,0.5,,100,,25,6d40142f96d4524ef3e9b8d0a5708a0555d3ad0d0e6f412e64400b4bafa02c44,False,exchange_pair_single,1cf4b02d56a29c7bbf1277155ccf2c29e87b3a47290730ed8ceb1040191838ce
C201,solomon_txt,d8d9834087ae2326fa23a8510533060233dc9fb481873be60956eb26a880ad63,1,1,ok,True,3,702313,702.313,0.178126,0.500442,1,time_limit,solomon_exact_1000_v1,,,,,,0.5,,100,,25,6d40142f96d4524ef3e9b8d0a5708a0555d3ad0d0e6f412e64400b4bafa02c44,False,exchange_pair_single,1cf4b02d56a29c7bbf1277155ccf2c29e87b3a47290730ed8ceb1040191838ce
C201,solomon_txt,d8d9834087ae2326fa23a8510533060233dc9fb481873be60956eb26a880ad63,2,1,ok,True,3,702313,702.313,0.18824,0.500444,1,time_limit,solomon_exact_1000_v1,,,,,,0.5,,100,,25,6d40142f96d4524ef3e9b8d0a5708a0555d3ad0d0e6f412e64400b4bafa02c44,False,exchange_pair_single,1cf4b02d56a29c7bbf1277155ccf2c29e87b3a47290730ed8ceb1040191838ce
C202,solomon_txt,dfc8ecad79f6c7ffb096cd36994143569f0babe284d5ad194683271d81063772,0,1,ok,True,3,746236,746.236,0.171877,0.500429,1,time_limit,solomon_exact_1000_v1,,,,,,0.5,,100,,25,6d40142f96d4524ef3e9b8d0a5708a0555d3ad0d0e6f412e64400b4bafa02c44,False,exchange_pair_single,1cf4b02d56a29c7bbf1277155ccf2c29e87b3a47290730ed8ceb1040191838ce
C202,solomon_txt,dfc8ecad79f6c7ffb096cd36994143569f0babe284d5ad194683271d81063772,1,1,ok,True,3,745233,745.233,0.167131,0.500411,1,time_limit,solomon_exact_1000_v1,,,,,,0.5,,100,,25,6d40142f96d4524ef3e9b8d0a5708a0555d3ad0d0e6f412e64400b4bafa02c44,False,exchange_pair_single,1cf4b02d56a29c7bbf1277155ccf2c29e87b3a47290730ed8ceb1040191838ce
C202,solomon_txt,dfc8ecad79f6c7ffb096cd36994143569f0babe284d5ad194683271d81063772,2,1,ok,True,3,745233,745.233,0.169725,0.500432,1,time_limit,solomon_exact_1000_v1,,,,,,0.5,,100,,25,6d40142f96d4524ef3e9b8d0a5708a0555d3ad0d0e6f412e64400b4bafa02c44,False,exchange_pair_single,1cf4b02d56a29c7bbf1277155ccf2c29e87b3a47290730ed8ceb1040191838ce
C203,solomon_txt,2b79eea2962a848cb29f6153d4fb4ae725d35507686d937da6643b33fcd85062,0,1,ok,True,3,673801,673.801,0.178013,0.500482,1,time_limit,solomon_exact_1000_v1,,,,,,0.5,,100,,25,6d40142f96d4524ef3e9b8d0a5708a0555d3ad0d0e6f412e64400b4bafa02c44,False,exchange_pair_single,1cf4b02d56a29c7bbf1277155ccf2c29e87b3a47290730ed8ceb1040191838ce
C203,solomon_txt,2b79eea2962a848cb29f6153d4fb4ae725d35507686d937da6643b33fcd85062,1,1,ok,True,3,763671,763.671,0.175526,0.500388,1,time_limit,solomon_exact_1000_v1,,,,,,0.5,,100,,25,6d40142f96d4524ef3e9b8d0a5708a0555d3ad0d0e6f412e64400b4bafa02c44,False,exchange_pair_single,1cf4b02d56a29c7bbf1277155ccf2c29e87b3a47290730ed8ceb1040191838ce
C203,solomon_txt,2b79eea2962a848cb29f6153d4fb4ae725d35507686d937da6643b33fcd85062,2,1,ok,True,3,686424,686.424,0.165463,0.500471,1,time_limit,solomon_exact_1000_v1,,,,,,0.5,,100,,25,6d40142f96d4524ef3e9b8d0a5708a0555d3ad0d0e6f412e64400b4bafa02c44,False,exchange_pair_single,1cf4b02d56a29c7bbf1277155ccf2c29e87b3a47290730ed8ceb1040191838ce
C204,solomon_txt,4331b2744d34e32c2987e3fe8a82b782a2039d757d2aac818f7e0fd21117bfb4,0,1,ok,True,3,941449,941.449,0.188038,0.500454,1,time_limit,solomon_exact_1000_v1,,,,,,0.5,,100,,25,6d40142f96d4524ef3e9b8d0a5708a0555d3ad0d0e6f412e64400b4bafa02c44,False,exchange_pair_single,1cf4b02d56a29c7bbf1277155ccf2c29e87b3a47290730ed8ceb1040191838ce
C204,solomon_txt,4331b2744d34e32c2987e3fe8a82b782a2039d757d2aac818f7e0fd21117bfb4,1,1,ok,True,3,769862,769.862,0.177813,0.500401,1,time_limit,solomon_exact_1000_v1,,,,,,0.5,,100,,25,6d40142f96d4524ef3e9b8d0a5708a0555d3ad0d0e6f412e64400b4bafa02c44,False,exchange_pair_single,1cf4b02d56a29c7bbf1277155ccf2c29e87b3a47290730ed8ceb1040191838ce
C204,solomon_txt,4331b2744d34e32c2987e3fe8a82b782a2039d757d2aac818f7e0fd21117bfb4,2,1,ok,True,3,742912,742.912,0.180709,0.500415,1,time_limit,solomon_exact_1000_v1,,,,,,0.5,,100,,25,6d40142f96d4524ef3e9b8d0a5708a0555d3ad0d0e6f412e64400b4bafa02c44,False,exchange_pair_single,1cf4b02d56a29c7bbf1277155ccf2c29e87b3a47290730ed8ceb1040191838ce
C205,solomon_txt,15be2bb8c3e4ad99a79d1e7ee0472223feb95a4f423d010e032bda0a87266ca5,0,1,ok,True,3,776009,776.009,0.167751,0.500389,1,time_limit,solomon_exact_1000_v1,,,,,,0.5,,100,,25,6d40142f96d4524ef3e9b8d0a5708a0555d3ad0d0e6f412e64400b4bafa02c44,False,exchange_pair_single,1cf4b02d56a29c7bbf1277155ccf2c29e87b3a47290730ed8ceb1040191838ce
C205,solomon_txt,15be2bb8c3e4ad99a79d1e7ee0472223feb95a4f423d010e032bda0a87266ca5,1,1,ok,True,3,781733,781.733,0.163455,0.500393,1,time_limit,solomon_exact_1000_v1,,,,,,0.5,,100,,25,6d40142f96d4524ef3e9b8d0a5708a0555d3ad0d0e6f412e64400b4bafa02c44,False,exchange_pair_single,1cf4b02d56a29c7bbf1277155ccf2c29e87b3a47290730ed8ceb1040191838ce
C205,solomon_txt,15be2bb8c3e4ad99a79d1e7ee0472223feb95a4f423d010e032bda0a87266ca5,2,1,ok,True,3,685543,685.543,0.16644,0.500409,1,time_limit,solomon_exact_1000_v1,,,,,,0.5,,100,,25,6d40142f96d4524ef3e9b8d0a5708a0555d3ad0d0e6f412e64400b4bafa02c44,False,exchange_pair_single,1cf4b02d56a29c7bbf1277155ccf2c29e87b3a47290730ed8ceb1040191838ce
C206,solomon_txt,745b6c7042707ffbbfc4d681ee02a84431425f1dfb3c8aa85ecf003fec8f7e53,0,1,ok,True,3,657193,657.193,0.182461,0.500367,1,time_limit,solomon_exact_1000_v1,,,,,,0.5,,100,,25,6d40142f96d4524ef3e9b8d0a5708a0555d3ad0d0e6f412e64400b4bafa02c44,False,exchange_pair_single,1cf4b02d56a29c7bbf1277155ccf2c29e87b3a47290730ed8ceb1040191838ce
C206,solomon_txt,745b6c7042707ffbbfc4d681ee02a84431425f1dfb3c8aa85ecf003fec8f7e53,1,1,ok,True,3,944914,944.914,0.177232,0.500445,1,time_limit,solomon_exact_1000_v1,,,,,,0.5,,100,,25,6d40142f96d4524ef3e9b8d0a5708a0555d3ad0d0e6f412e64400b4bafa02c44,False,exchange_pair_single,1cf4b02d56a29c7bbf1277155ccf2c29e87b3a47290730ed8ceb1040191838ce
C206,solomon_txt,745b6c7042707ffbbfc4d681ee02a84431425f1dfb3c8aa85ecf003fec8f7e53,2,1,ok,True,3,686203,686.203,0.170323,0.500411,1,time_limit,solomon_exact_1000_v1,,,,,,0.5,,100,,25,6d40142f96d4524ef3e9b8d0a5708a0555d3ad0d0e6f412e64400b4bafa02c44,False,exchange_pair_single,1cf4b02d56a29c7bbf1277155ccf2c29e87b3a47290730ed8ceb1040191838ce
C207,solomon_txt,a33f03570a944c8a6d185fd6a173e66c68e67c399a4958b2d5b6d49533ace4a4,0,1,ok,True,3,908116,908.116,0.17685,0.500422,1,time_limit,solomon_exact_1000_v1,,,,,,0.5,,100,,25,6d40142f96d4524ef3e9b8d0a5708a0555d3ad0d0e6f412e64400b4bafa02c44,False,exchange_pair_single,1cf4b02d56a29c7bbf1277155ccf2c29e87b3a47290730ed8ceb1040191838ce
C207,solomon_txt,a33f03570a944c8a6d185fd6a173e66c68e67c399a4958b2d5b6d49533ace4a4,1,1,ok,True,3,843598,843.598,0.176784,0.500418,1,time_limit,solomon_exact_1000_v1,,,,,,0.5,,100,,25,6d40142f96d4524ef3e9b8d0a5708a0555d3ad0d0e6f412e64400b4bafa02c44,False,exchange_pair_single,1cf4b02d56a29c7bbf1277155ccf2c29e87b3a47290730ed8ceb1040191838ce
C207,solomon_txt,a33f03570a944c8a6d185fd6a173e66c68e67c399a4958b2d5b6d49533ace4a4,2,1,ok,True,3,675953,675.953,0.18265,0.500377,1,time_limit,solomon_exact_1000_v1,,,,,,0.5,,100,,25,6d40142f96d4524ef3e9b8d0a5708a0555d3ad0d0e6f412e64400b4bafa02c44,False,exchange_pair_single,1cf4b02d56a29c7bbf1277155ccf2c29e87b3a47290730ed8ceb1040191838ce
C208,solomon_txt,1c2f2381b8743680dbeb34322869cbf5a6cdd8c281f4bcffdb99b533e601874b,0,1,ok,True,4,957831,957.831,0.178768,0.500251,1,time_limit,solomon_exact_1000_v1,,,,,,0.5,,100,,25,6d40142f96d4524ef3e9b8d0a5708a0555d3ad0d0e6f412e64400b4bafa02c44,False,exchange_pair_single,1cf4b02d56a29c7bbf1277155ccf2c29e87b3a47290730ed8ceb1040191838ce
C208,solomon_txt,1c2f2381b8743680dbeb34322869cbf5a6cdd8c281f4bcffdb99b533e601874b,1,1,ok,True,4,957831,957.831,0.187969,0.50021,1,time_limit,solomon_exact_1000_v1,,,,,,0.5,,100,,25,6d40142f96d4524ef3e9b8d0a5708a0555d3ad0d0e6f412e64400b4bafa02c44,False,exchange_pair_single,1cf4b02d56a29c7bbf1277155ccf2c29e87b3a47290730ed8ceb1040191838ce
C208,solomon_txt,1c2f2381b8743680dbeb34322869cbf5a6cdd8c281f4bcffdb99b533e601874b,2,1,ok,True,3,671078,671.078,0.182187,0.500469,1,time_limit,solomon_exact_1000_v1,,,,,,0.5,,100,,25,6d40142f96d4524ef3e9b8d0a5708a0555d3ad0d0e6f412e64400b4bafa02c44,False,exchange_pair_single,1cf4b02d56a29c7bbf1277155ccf2c29e87b3a47290730ed8ceb1040191838ce
R101,solomon_txt,3f3655182bc0fe44ce5de65fdcd2ee2f9c7fb9ed055f923635151d9d6f76d3ed,0,1,ok,True,22,1911474,1911.474,0.050284,0.500459,1,time_limit,solomon_exact_1000_v1,,,,,,0.5,,100,,25,6d40142f96d4524ef3e9b8d0a5708a0555d3ad0d0e6f412e64400b4bafa02c44,False,exchange_pair_single,1cf4b02d56a29c7bbf1277155ccf2c29e87b3a47290730ed8ceb1040191838ce
R101,solomon_txt,3f3655182bc0fe44ce5de65fdcd2ee2f9c7fb9ed055f923635151d9d6f76d3ed,1,1,ok,True,21,1901501,1901.501,0.051347,0.500492,1,time_limit,solomon_exact_1000_v1,,,,,,0.5,,100,,25,6d40142f96d4524ef3e9b8d0a5708a0555d3ad0d0e6f412e64400b4bafa02c44,False,exchange_pair_single,1cf4b02d56a29c7bbf1277155ccf2c29e87b3a47290730ed8ceb1040191838ce
R101,solomon_txt,3f3655182bc0fe44ce5de65fdcd2ee2f9c7fb9ed055f923635151d9d6f76d3ed,2,1,ok,True,21,1841901,1841.901,0.051221,0.500412,1,time_limit,solomon_exact_1000_v1,,,,,,0.5,,100,,25,6d40142f96d4524ef3e9b8d0a5708a0555d3ad0d0e6f412e64400b4bafa02c44,False,exchange_pair_single,1cf4b02d56a29c7bbf1277155ccf2c29e87b3a47290730ed8ceb1040191838ce
R102,solomon_txt,eeb23171b7e4fbfc80bf000ca770329109900fbd7273fa8b9d1f95b7dfe683c3,0,1,ok,True,19,1639416,1639.416,0.053935,0.500453,1,time_limit,solomon_exact_1000_v1,,,,,,0.5,,100,,25,6d40142f96d4524ef3e9b8d0a5708a0555d3ad0d0e6f412e64400b4bafa02c44,False,exchange_pair_single,1cf4b02d56a29c7bbf1277155ccf2c29e87b3a47290730ed8ceb1040191838ce
R102,solomon_txt,eeb23171b7e4fbfc80bf000ca770329109900fbd7273fa8b9d1f95b7dfe683c3,1,1,ok,True,19,1683415,1683.415,0.058486,0.500417,1,time_limit,solomon_exact_1000_v1,,,,,,0.5,,100,,25,6d40142f96d4524ef3e9b8d0a5708a0555d3ad0d0e6f412e64400b4bafa02c44,False,exchange_pair_single,1cf4b02d56a29c7bbf1277155ccf2c29e87b3a47290730ed8ceb1040191838ce
R102,solomon_txt,eeb23171b7e4fbfc80bf000ca770329109900fbd7273fa8b9d1f95b7dfe683c3,2,1,ok,True,19,1604374,1604.374,0.057953,0.500414,1,time_limit,solomon_exact_1000_v1,,,,,,0.5,,100,,25,6d40142f96d4524ef3e9b8d0a5708a0555d3ad0d0e6f412e64400b4bafa02c44,False,exchange_pair_single,1cf4b02d56a29c7bbf1277155ccf2c29e87b3a47290730ed8ceb1040191838ce
R103,solomon_txt,1f833e8648ba39e0edc76754fb49e81777a7175cf7b084c3f60a12607bfb3991,0,1,ok,True,14,1545715,1545.715,0.063184,0.500412,1,time_limit,solomon_exact_1000_v1,,,,,,0.5,,100,,25,6d40142f96d4524ef3e9b8d0a5708a0555d3ad0d0e6f412e64400b4bafa02c44,False,exchange_pair_single,1cf4b02d56a29c7bbf1277155ccf2c29e87b3a47290730ed8ceb1040191838ce
R103,solomon_txt,1f833e8648ba39e0edc76754fb49e81777a7175cf7b084c3f60a12607bfb3991,1,1,ok,True,14,1545715,1545.715,0.062239,0.500408,1,time_limit,solomon_exact_1000_v1,,,,,,0.5,,100,,25,6d40142f96d4524ef3e9b8d0a5708a0555d3ad0d0e6f412e64400b4bafa02c44,False,exchange_pair_single,1cf4b02d56a29c7bbf1277155ccf2c29e87b3a47290730ed8ceb1040191838ce
R103,solomon_txt,1f833e8648ba39e0edc76754fb49e81777a7175cf7b084c3f60a12607bfb3991,2,1,ok,True,14,1542486,1542.486,0.063346,0.500412,1,time_limit,solomon_exact_1000_v1,,,,,,0.5,,100,,25,6d40142f96d4524ef3e9b8d0a5708a0555d3ad0d0e6f412e64400b4bafa02c44,False,exchange_pair_single,1cf4b02d56a29c7bbf1277155ccf2c29e87b3a47290730ed8ceb1040191838ce
R104,solomon_txt,dd087124311d91facd81736debbfc7d0f351d27942917e2d76cbafd01e6183b7,0,1,ok,True,11,1184423,1184.423,0.074532,0.500389,2,time_limit,solomon_exact_1000_v1,,,,,,0.5,,100,,25,6d40142f96d4524ef3e9b8d0a5708a0555d3ad0d0e6f412e64400b4bafa02c44,False,exchange_pair_single,1cf4b02d56a29c7bbf1277155ccf2c29e87b3a47290730ed8ceb1040191838ce
R104,solomon_txt,dd087124311d91facd81736debbfc7d0f351d27942917e2d76cbafd01e6183b7,1,1,ok,True,11,1211176,1211.176,0.072962,0.500382,1,time_limit,solomon_exact_1000_v1,,,,,,0.5,,100,,25,6d40142f96d4524ef3e9b8d0a5708a0555d3ad0d0e6f412e64400b4bafa02c44,False,exchange_pair_single,1cf4b02d56a29c7bbf1277155ccf2c29e87b3a47290730ed8ceb1040191838ce
R104,solomon_txt,dd087124311d91facd81736debbfc7d0f351d27942917e2d76cbafd01e6183b7,2,1,ok,True,10,1146095,1146.095,0.070984,0.500381,2,time_limit,solomon_exact_1000_v1,,,,,,0.5,,100,,25,6d40142f96d4524ef3e9b8d0a5708a0555d3ad0d0e6f412e64400b4bafa02c44,False,exchange_pair_single,1cf4b02d56a29c7bbf1277155ccf2c29e87b3a47290730ed8ceb1040191838ce
R105,solomon_txt,ff1a614f8458d6339b3f54d8e4ca2dcf0a35c96012f477f6a819ae481de85ca4,0,1,ok,True,16,1682938,1682.938,0.057717,0.500406,1,time_limit,solomon_exact_1000_v1,,,,,,0.5,,100,,25,6d40142f96d4524ef3e9b8d0a5708a0555d3ad0d0e6f412e64400b4bafa02c44,False,exchange_pair_single,1cf4b02d56a29c7bbf1277155ccf2c29e87b3a47290730ed8ceb1040191838ce
R105,solomon_txt,ff1a614f8458d6339b3f54d8e4ca2dcf0a35c96012f477f6a819ae481de85ca4,1,1,ok,True,17,1666261,1666.261,0.057003,0.500401,1,time_limit,solomon_exact_1000_v1,,,,,,0.5,,100,,25,6d40142f96d4524ef3e9b8d0a5708a0555d3ad0d0e6f412e64400b4bafa02c44,False,exchange_pair_single,1cf4b02d56a29c7bbf1277155ccf2c29e87b3a47290730ed8ceb1040191838ce
R105,solomon_txt,ff1a614f8458d6339b3f54d8e4ca2dcf0a35c96012f477f6a819ae481de85ca4,2,1,ok,True,16,1694139,1694.139,0.055696,0.500397,1,time_limit,solomon_exact_1000_v1,,,,,,0.5,,100,,25,6d40142f96d4524ef3e9b8d0a5708a0555d3ad0d0e6f412e64400b4bafa02c44,False,exchange_pair_single,1cf4b02d56a29c7bbf1277155ccf2c29e87b3a47290730ed8ceb1040191838ce
R106,solomon_txt,31b8783d177f0fbe1c84b8f085fbf28b1989a80e4c00f49f5654ebef99835e97,0,1,ok,True,14,1540595,1540.595,0.057941,0.500394,1,time_limit,solomon_exact_1000_v1,,,,,,0.5,,100,,25,6d40142f96d4524ef3e9b8d0a5708a0555d3ad0d0e6f412e64400b4bafa02c44,False,exchange_pair_single,1cf4b02d56a29c7bbf1277155ccf2c29e87b3a47290730ed8ceb1040191838ce
R106,solomon_txt,31b8783d177f0fbe1c84b8f085fbf28b1989a80e4c00f49f5654ebef99835e97,1,1,ok,True,14,1642440,1642.44,0.058862,0.500394,1,time_limit,solomon_exact_1000_v1,,,,,,0.5,,100,,25,6d40142f96d4524ef3e9b8d0a5708a0555d3ad0d0e6f412e64400b4bafa02c44,False,exchange_pair_single,1cf4b02d56a29c7bbf1277155ccf2c29e87b3a47290730ed8ceb1040191838ce
R106,solomon_txt,31b8783d177f0fbe1c84b8f085fbf28b1989a80e4c00f49f5654ebef99835e97,2,1,ok,True,14,1555391,1555.391,0.059549,0.500387,1,time_limit,solomon_exact_1000_v1,,,,,,0.5,,100,,25,6d40142f96d4524ef3e9b8d0a5708a0555d3ad0d0e6f412e64400b4bafa02c44,False,exchange_pair_single,1cf4b02d56a29c7bbf1277155ccf2c29e87b3a47290730ed8ceb1040191838ce
R107,solomon_txt,dba2b257a1d43d7c78d5e3a9f09091a2b125d3fbec78c0c8a1782add669a1275,0,1,ok,True,12,1282468,1282.468,0.068139,0.500389,1,time_limit,solomon_exact_1000_v1,,,,,,0.5,,100,,25,6d40142f96d4524ef3e9b8d0a5708a0555d3ad0d0e6f412e64400b4bafa02c44,False,exchange_pair_single,1cf4b02d56a29c7bbf1277155ccf2c29e87b3a47290730ed8ceb1040191838ce
R107,solomon_txt,dba2b257a1d43d7c78d5e3a9f09091a2b125d3fbec78c0c8a1782add669a1275,1,1,ok,True,12,1490176,1490.176,0.066788,0.50042,1,time_limit,solomon_exact_1000_v1,,,,,,0.5,,100,,25,6d40142f96d4524ef3e9b8d0a5708a0555d3ad0d0e6f412e64400b4bafa02c44,False,exchange_pair_single,1cf4b02d56a29c7bbf1277155ccf2c29e87b3a47290730ed8ceb1040191838ce
R107,solomon_txt,dba2b257a1d43d7c78d5e3a9f09091a2b125d3fbec78c0c8a1782add669a1275,2,1,ok,True,12,1486083,1486.083,0.066984,0.500397,1,time_limit,solomon_exact_1000_v1,,,,,,0.5,,100,,25,6d40142f96d4524ef3e9b8d0a5708a0555d3ad0d0e6f412e64400b4bafa02c44,False,exchange_pair_single,1cf4b02d56a29c7bbf1277155ccf2c29e87b3a47290730ed8ceb1040191838ce
R108,solomon_txt,65cae09f4099b7e70d2b723e0e3a30aa1494c75a367bb894a3fd13241ee639d4,0,1,ok,True,11,1308613,1308.613,0.072474,0.500397,1,time_limit,solomon_exact_1000_v1,,,,,,0.5,,100,,25,6d40142f96d4524ef3e9b8d0a5708a0555d3ad0d0e6f412e64400b4bafa02c44,False,exchange_pair_single,1cf4b02d56a29c7bbf1277155ccf2c29e87b3a47290730ed8ceb1040191838ce
R108,solomon_txt,65cae09f4099b7e70d2b723e0e3a30aa1494c75a367bb894a3fd13241ee639d4,1,1,ok,True,10,1128679,1128.679,0.070284,0.500363,1,time_limit,solomon_exact_1000_v1,,,,,,0.5,,100,,25,6d40142f96d4524ef3e9b8d0a5708a0555d3ad0d0e6f412e64400b4bafa02c44,False,exchange_pair_single,1cf4b02d56a29c7bbf1277155ccf2c29e87b3a47290730ed8ceb1040191838ce
R108,solomon_txt,65cae09f4099b7e70d2b723e0e3a30aa1494c75a367bb894a3fd13241ee639d4,2,1,ok,True,11,1356475,1356.475,0.070545,0.500375,1,time_limit,solomon_exact_1000_v1,,,,,,0.5,,100,,25,6d40142f96d4524ef3e9b8d0a5708a0555d3ad0d0e6f412e64400b4bafa02c44,False,exchange_pair_single,1cf4b02d56a29c7bbf1277155ccf2c29e87b3a47290730ed8ceb1040191838ce
R109,solomon_txt,4ef24030e8c48de5f85dcd90c5739186004fc8dec87533b6467013cf996f4777,0,1,ok,True,14,1489757,1489.757,0.055031,0.500393,1,time_limit,solomon_exact_1000_v1,,,,,,0.5,,100,,25,6d40142f96d4524ef3e9b8d0a5708a0555d3ad0d0e6f412e64400b4bafa02c44,False,exchange_pair_single,1cf4b02d56a29c7bbf1277155ccf2c29e87b3a47290730ed8ceb1040191838ce
R109,solomon_txt,4ef24030e8c48de5f85dcd90c5739186004fc8dec87533b6467013cf996f4777,1,1,ok,True,15,1603830,1603.83,0.055587,0.500381,1,time_limit,solomon_exact_1000_v1,,,,,,0.5,,100,,25,6d40142f96d4524ef3e9b8d0a5708a0555d3ad0d0e6f412e64400b4bafa02c44,False,exchange_pair_single,1cf4b02d56a29c7bbf1277155ccf2c29e87b3a47290730ed8ceb1040191838ce
R109,solomon_txt,4ef24030e8c48de5f85dcd90c5739186004fc8dec87533b6467013cf996f4777,2,1,ok,True,14,1561298,1561.298,0.056296,0.500386,1,time_limit,solomon_exact_1000_v1,,,,,,0.5,,100,,25,6d40142f96d4524ef3e9b8d0a5708a0555d3ad0d0e6f412e64400b4bafa02c44,False,exchange_pair_single,1cf4b02d56a29c7bbf1277155ccf2c29e87b3a47290730ed8ceb1040191838ce
R110,solomon_txt,14cb53cb99af61d3d708f07564b9a72d146e7c26b4f10507cfaf3bc828f34bfa,0,1,ok,True,13,1554036,1554.036,0.065373,0.500383,1,time_limit,solomon_exact_1000_v1,,,,,,0.5,,100,,25,6d40142f96d4524ef3e9b8d0a5708a0555d3ad0d0e6f412e64400b4bafa02c44,False,exchange_pair_single,1cf4b02d56a29c7bbf1277155ccf2c29e87b3a47290730ed8ceb1040191838ce
R110,solomon_txt,14cb53cb99af61d3d708f07564b9a72d146e7c26b4f10507cfaf3bc828f34bfa,1,1,ok,True,13,1518903,1518.903,0.061487,0.500389,1,time_limit,solomon_exact_1000_v1,,,,,,0.5,,100,,25,6d40142f96d4524ef3e9b8d0a5708a0555d3ad0d0e6f412e64400b4bafa02c44,False,exchange_pair_single,1cf4b02d56a29c7bbf1277155ccf2c29e87b3a47290730ed8ceb1040191838ce
R110,solomon_txt,14cb53cb99af61d3d708f07564b9a72d146e7c26b4f10507cfaf3bc828f34bfa,2,1,ok,True,13,1564762,1564.762,0.06174,0.50038,1,time_limit,solomon_exact_1000_v1,,,,,,0.5,,100,,25,6d40142f96d4524ef3e9b8d0a5708a0555d3ad0d0e6f412e64400b4bafa02c44,False,exchange_pair_single,1cf4b02d56a29c7bbf1277155ccf2c29e87b3a47290730ed8ceb1040191838ce
R111,solomon_txt,3d94a73b1f2fe8aae4618b9d9ea254cff2e3924a6a841aa390096ec6c60f258d,0,1,ok,True,12,1396328,1396.328,0.066048,0.500391,1,time_limit,solomon_exact_1000_v1,,,,,,0.5,,100,,25,6d40142f96d4524ef3e9b8d0a5708a0555d3ad0d0e6f412e64400b4bafa02c44,False,exchange_pair_single,1cf4b02d56a29c7bbf1277155ccf2c29e87b3a47290730ed8ceb1040191838ce
R111,solomon_txt,3d94a73b1f2fe8aae4618b9d9ea254cff2e3924a6a841aa390096ec6c60f258d,1,1,ok,True,12,1445798,1445.798,0.06859,0.500374,1,time_limit,solomon_exact_1000_v1,,,,,,0.5,,100,,25,6d40142f96d4524ef3e9b8d0a5708a0555d3ad0d0e6f412e64400b4bafa02c44,False,exchange_pair_single,1cf4b02d56a29c7bbf1277155ccf2c29e87b3a47290730ed8ceb1040191838ce
R111,solomon_txt,3d94a73b1f2fe8aae4618b9d9ea254cff2e3924a6a841aa390096ec6c60f258d,2,1,ok,True,12,1294942,1294.942,0.063634,0.500385,1,time_limit,solomon_exact_1000_v1,,,,,,0.5,,100,,25,6d40142f96d4524ef3e9b8d0a5708a0555d3ad0d0e6f412e64400b4bafa02c44,False,exchange_pair_single,1cf4b02d56a29c7bbf1277155ccf2c29e87b3a47290730ed8ceb1040191838ce
R112,solomon_txt,a0e93149d59d30c356619891d192e86d0f16c3158e1dac3bd9f23c6deb718271,0,1,ok,True,12,1457442,1457.442,0.062139,0.500418,1,time_limit,solomon_exact_1000_v1,,,,,,0.5,,100,,25,6d40142f96d4524ef3e9b8d0a5708a0555d3ad0d0e6f412e64400b4bafa02c44,False,exchange_pair_single,1cf4b02d56a29c7bbf1277155ccf2c29e87b3a47290730ed8ceb1040191838ce
R112,solomon_txt,a0e93149d59d30c356619891d192e86d0f16c3158e1dac3bd9f23c6deb718271,1,1,ok,True,13,1417159,1417.159,0.06361,0.500406,1,time_limit,solomon_exact_1000_v1,,,,,,0.5,,100,,25,6d40142f96d4524ef3e9b8d0a5708a0555d3ad0d0e6f412e64400b4bafa02c44,False,exchange_pair_single,1cf4b02d56a29c7bbf1277155ccf2c29e87b3a47290730ed8ceb1040191838ce
R112,solomon_txt,a0e93149d59d30c356619891d192e86d0f16c3158e1dac3bd9f23c6deb718271,2,1,ok,True,12,1345991,1345.991,0.061502,0.500383,1,time_limit,solomon_exact_1000_v1,,,,,,0.5,,100,,25,6d40142f96d4524ef3e9b8d0a5708a0555d3ad0d0e6f412e64400b4bafa02c44,False,exchange_pair_single,1cf4b02d56a29c7bbf1277155ccf2c29e87b3a47290730ed8ceb1040191838ce
R201,solomon_txt,0be960ec998fff2cab0bdbcc5194c617e5ca0a79c82c5b32b1d4bd98b2cae210,0,1,ok,True,5,1726658,1726.658,0.133498,0.500226,1,time_limit,solomon_exact_1000_v1,,,,,,0.5,,100,,25,6d40142f96d4524ef3e9b8d0a5708a0555d3ad0d0e6f412e64400b4bafa02c44,False,exchange_pair_single,1cf4b02d56a29c7bbf1277155ccf2c29e87b3a47290730ed8ceb1040191838ce
R201,solomon_txt,0be960ec998fff2cab0bdbcc5194c617e5ca0a79c82c5b32b1d4bd98b2cae210,1,1,ok,True,4,1665126,1665.126,0.132193,0.500373,1,time_limit,solomon_exact_1000_v1,,,,,,0.5,,100,,25,6d40142f96d4524ef3e9b8d0a5708a0555d3ad0d0e6f412e64400b4bafa02c44,False,exchange_pair_single,1cf4b02d56a29c7bbf1277155ccf2c29e87b3a47290730ed8ceb1040191838ce
R201,solomon_txt,0be960ec998fff2cab0bdbcc5194c617e5ca0a79c82c5b32b1d4bd98b2cae210,2,1,ok,True,4,1605282,1605.282,0.129046,0.50038,1,time_limit,solomon_exact_1000_v1,,,,,,0.5,,100,,25,6d40142f96d4524ef3e9b8d0a5708a0555d3ad0d0e6f412e64400b4bafa02c44,False,exchange_pair_single,1cf4b02d56a29c7bbf1277155ccf2c29e87b3a47290730ed8ceb1040191838ce
R202,solomon_txt,1f7761bb33e9dd0c94837b32c72280296ffc283dba997379c7ad75ce00dffc8d,0,1,ok,True,4,1622244,1622.244,0.151893,0.500241,1,time_limit,solomon_exact_1000_v1,,,,,,0.5,,100,,25,6d40142f96d4524ef3e9b8d0a5708a0555d3ad0d0e6f412e64400b4bafa02c44,False,exchange_pair_single,1cf4b02d56a29c7bbf1277155ccf2c29e87b3a47290730ed8ceb1040191838ce
R202,solomon_txt,1f7761bb33e9dd0c94837b32c72280296ffc283dba997379c7ad75ce00dffc8d,1,1,ok,True,4,1622244,1622.244,0.147331,0.500371,1,time_limit,solomon_exact_1000_v1,,,,,,0.5,,100,,25,6d40142f96d4524ef3e9b8d0a5708a0555d3ad0d0e6f412e64400b4bafa02c44,False,exchange_pair_single,1cf4b02d56a29c7bbf1277155ccf2c29e87b3a47290730ed8ceb1040191838ce
R202,solomon_txt,1f7761bb33e9dd0c94837b32c72280296ffc283dba997379c7ad75ce00dffc8d,2,1,ok,True,4,1622244,1622.244,0.162366,0.500419,1,time_limit,solomon_exact_1000_v1,,,,,,0.5,,100,,25,6d40142f96d4524ef3e9b8d0a5708a0555d3ad0d0e6f412e64400b4bafa02c44,False,exchange_pair_single,1cf4b02d56a29c7bbf1277155ccf2c29e87b3a47290730ed8ceb1040191838ce
R203,solomon_txt,38c484db31bd7452a94d533e26a2348ef598df600b79d061d9ddc1c61466a731,0,1,ok,True,3,1285655,1285.655,0.156628,0.500394,1,time_limit,solomon_exact_1000_v1,,,,,,0.5,,100,,25,6d40142f96d4524ef3e9b8d0a5708a0555d3ad0d0e6f412e64400b4bafa02c44,False,exchange_pair_single,1cf4b02d56a29c7bbf1277155ccf2c29e87b3a47290730ed8ceb1040191838ce
R203,solomon_txt,38c484db31bd7452a94d533e26a2348ef598df600b79d061d9ddc1c61466a731,1,1,ok,True,3,1291551,1291.551,0.166808,0.500374,1,time_limit,solomon_exact_1000_v1,,,,,,0.5,,100,,25,6d40142f96d4524ef3e9b8d0a5708a0555d3ad0d0e6f412e64400b4bafa02c44,False,exchange_pair_single,1cf4b02d56a29c7bbf1277155ccf2c29e87b3a47290730ed8ceb1040191838ce
R203,solomon_txt,38c484db31bd7452a94d533e26a2348ef598df600b79d061d9ddc1c61466a731,2,1,ok,True,3,1275696,1275.696,0.157454,0.500384,1,time_limit,solomon_exact_1000_v1,,,,,,0.5,,100,,25,6d40142f96d4524ef3e9b8d0a5708a0555d3ad0d0e6f412e64400b4bafa02c44,False,exchange_pair_single,1cf4b02d56a29c7bbf1277155ccf2c29e87b3a47290730ed8ceb1040191838ce
R204,solomon_txt,5349e37d8df99bcbee1efa2e970d2662b5265e5f82fc609343a6af0a60257abf,0,1,ok,True,3,1331038,1331.038,0.205477,0.500193,1,time_limit,solomon_exact_1000_v1,,,,,,0.5,,100,,25,6d40142f96d4524ef3e9b8d0a5708a0555d3ad0d0e6f412e64400b4bafa02c44,False,exchange_pair_single,1cf4b02d56a29c7bbf1277155ccf2c29e87b3a47290730ed8ceb1040191838ce
R204,solomon_txt,5349e37d8df99bcbee1efa2e970d2662b5265e5f82fc609343a6af0a60257abf,1,1,ok,True,3,1331038,1331.038,0.205762,0.500234,1,time_limit,solomon_exact_1000_v1,,,,,,0.5,,100,,25,6d40142f96d4524ef3e9b8d0a5708a0555d3ad0d0e6f412e64400b4bafa02c44,False,exchange_pair_single,1cf4b02d56a29c7bbf1277155ccf2c29e87b3a47290730ed8ceb1040191838ce
R204,solomon_txt,5349e37d8df99bcbee1efa2e970d2662b5265e5f82fc609343a6af0a60257abf,2,1,ok,True,3,1310217,1310.217,0.197775,0.500347,1,time_limit,solomon_exact_1000_v1,,,,,,0.5,,100,,25,6d40142f96d4524ef3e9b8d0a5708a0555d3ad0d0e6f412e64400b4bafa02c44,False,exchange_pair_single,1cf4b02d56a29c7bbf1277155ccf2c29e87b3a47290730ed8ceb1040191838ce
R205,solomon_txt,1996bf8f10716fb8cfc1a585206a6a6e566f32347c1bb8f36c75ed6c887f77e3,0,1,ok,True,3,1303717,1303.717,0.162757,0.500263,1,time_limit,solomon_exact_1000_v1,,,,,,0.5,,100,,25,6d40142f96d4524ef3e9b8d0a5708a0555d3ad0d0e6f412e64400b4bafa02c44,False,exchange_pair_single,1cf4b02d56a29c7bbf1277155ccf2c29e87b3a47290730ed8ceb1040191838ce
R205,solomon_txt,1996bf8f10716fb8cfc1a585206a6a6e566f32347c1bb8f36c75ed6c887f77e3,1,1,ok,True,4,1700248,1700.248,0.162914,0.50026,1,time_limit,solomon_exact_1000_v1,,,,,,0.5,,100,,25,6d40142f96d4524ef3e9b8d0a5708a0555d3ad0d0e6f412e64400b4bafa02c44,False,exchange_pair_single,1cf4b02d56a29c7bbf1277155ccf2c29e87b3a47290730ed8ceb1040191838ce
R205,solomon_txt,1996bf8f10716fb8cfc1a585206a6a6e566f32347c1bb8f36c75ed6c887f77e3,2,1,ok,True,4,1700248,1700.248,0.183252,0.500527,1,time_limit,solomon_exact_1000_v1,,,,,,0.5,,100,,25,6d40142f96d4524ef3e9b8d0a5708a0555d3ad0d0e6f412e64400b4bafa02c44,False,exchange_pair_single,1cf4b02d56a29c7bbf1277155ccf2c29e87b3a47290730ed8ceb1040191838ce
R206,solomon_txt,c8754a0319264d076c038b1bf023c8c4710e8895fe3e03f485e9ae249f32fe43,0,1,ok,True,3,1533607,1533.607,0.336128,0.500415,1,time_limit,solomon_exact_1000_v1,,,,,,0.5,,100,,25,6d40142f96d4524ef3e9b8d0a5708a0555d3ad0d0e6f412e64400b4bafa02c44,False,exchange_pair_single,1cf4b02d56a29c7bbf1277155ccf2c29e87b3a47290730ed8ceb1040191838ce
R206,solomon_txt,c8754a0319264d076c038b1bf023c8c4710e8895fe3e03f485e9ae249f32fe43,1,1,ok,True,3,1533607,1533.607,0.299297,0.500412,1,time_limit,solomon_exact_1000_v1,,,,,,0.5,,100,,25,6d40142f96d4524ef3e9b8d0a5708a0555d3ad0d0e6f412e64400b4bafa02c44,False,exchange_pair_single,1cf4b02d56a29c7bbf1277155ccf2c29e87b3a47290730ed8ceb1040191838ce
R206,solomon_txt,c8754a0319264d076c038b1bf023c8c4710e8895fe3e03f485e9ae249f32fe43,2,1,ok,True,3,1533607,1533.607,0.297635,0.500733,1,time_limit,solomon_exact_1000_v1,,,,,,0.5,,100,,25,6d40142f96d4524ef3e9b8d0a5708a0555d3ad0d0e6f412e64400b4bafa02c44,False,exchange_pair_single,1cf4b02d56a29c7bbf1277155ccf2c29e87b3a47290730ed8ceb1040191838ce
R207,solomon_txt,52dc8eebba43fdc67ca9aadab228b75a297acb55a87db3e4748e82f623e3cbe6,0,1,ok,True,4,1302528,1302.528,0.386208,0.500578,1,time_limit,solomon_exact_1000_v1,,,,,,0.5,,100,,25,6d40142f96d4524ef3e9b8d0a5708a0555d3ad0d0e6f412e64400b4bafa02c44,False,exchange_pair_single,1cf4b02d56a29c7bbf1277155ccf2c29e87b3a47290730ed8ceb1040191838ce
R207,solomon_txt,52dc8eebba43fdc67ca9aadab228b75a297acb55a87db3e4748e82f623e3cbe6,1,1,ok,True,4,1302528,1302.528,0.294322,0.500331,1,time_limit,solomon_exact_1000_v1,,,,,,0.5,,100,,25,6d40142f96d4524ef3e9b8d0a5708a0555d3ad0d0e6f412e64400b4bafa02c44,False,exchange_pair_single,1cf4b02d56a29c7bbf1277155ccf2c29e87b3a47290730ed8ceb1040191838ce
R207,solomon_txt,52dc8eebba43fdc67ca9aadab228b75a297acb55a87db3e4748e82f623e3cbe6,2,1,ok,True,4,1302528,1302.528,0.305442,0.500325,1,time_limit,solomon_exact_1000_v1,,,,,,0.5,,100,,25,6d40142f96d4524ef3e9b8d0a5708a0555d3ad0d0e6f412e64400b4bafa02c44,False,exchange_pair_single,1cf4b02d56a29c7bbf1277155ccf2c29e87b3a47290730ed8ceb1040191838ce
R208,solomon_txt,7b4a95d500af9329dd08791d39898a619faec0f8fac039d57373e761545b980d,0,1,ok,True,3,957965,957.965,0.345464,0.500622,1,time_limit,solomon_exact_1000_v1,,,,,,0.5,,100,,25,6d40142f96d4524ef3e9b8d0a5708a0555d3ad0d0e6f412e64400b4bafa02c44,False,exchange_pair_single,1cf4b02d56a29c7bbf1277155ccf2c29e87b3a47290730ed8ceb1040191838ce
R208,solomon_txt,7b4a95d500af9329dd08791d39898a619faec0f8fac039d57373e761545b980d,1,1,ok,True,3,957965,957.965,0.327562,0.500309,1,time_limit,solomon_exact_1000_v1,,,,,,0.5,,100,,25,6d40142f96d4524ef3e9b8d0a5708a0555d3ad0d0e6f412e64400b4bafa02c44,False,exchange_pair_single,1cf4b02d56a29c7bbf1277155ccf2c29e87b3a47290730ed8ceb1040191838ce
R208,solomon_txt,7b4a95d500af9329dd08791d39898a619faec0f8fac039d57373e761545b980d,2,1,ok,True,3,957965,957.965,0.25259,0.500332,1,time_limit,solomon_exact_1000_v1,,,,,,0.5,,100,,25,6d40142f96d4524ef3e9b8d0a5708a0555d3ad0d0e6f412e64400b4bafa02c44,False,exchange_pair_single,1cf4b02d56a29c7bbf1277155ccf2c29e87b3a47290730ed8ceb1040191838ce
R209,solomon_txt,5b74156d032babcff853ccc693f94463eca8333cd425aa99a39ed996f6258933,0,1,ok,True,3,1278206,1278.206,0.16092,0.500299,1,time_limit,solomon_exact_1000_v1,,,,,,0.5,,100,,25,6d40142f96d4524ef3e9b8d0a5708a0555d3ad0d0e6f412e64400b4bafa02c44,False,exchange_pair_single,1cf4b02d56a29c7bbf1277155ccf2c29e87b3a47290730ed8ceb1040191838ce
R209,solomon_txt,5b74156d032babcff853ccc693f94463eca8333cd425aa99a39ed996f6258933,1,1,ok,True,3,1303297,1303.297,0.187791,0.500276,1,time_limit,solomon_exact_1000_v1,,,,,,0.5,,100,,25,6d40142f96d4524ef3e9b8d0a5708a0555d3ad0d0e6f412e64400b4bafa02c44,False,exchange_pair_single,1cf4b02d56a29c7bbf1277155ccf2c29e87b3a47290730ed8ceb1040191838ce
R209,solomon_txt,5b74156d032babcff853ccc693f94463eca8333cd425aa99a39ed996f6258933,2,1,ok,True,3,1388821,1388.821,0.164792,0.500402,1,time_limit,solomon_exact_1000_v1,,,,,,0.5,,100,,25,6d40142f96d4524ef3e9b8d0a5708a0555d3ad0d0e6f412e64400b4bafa02c44,False,exchange_pair_single,1cf4b02d56a29c7bbf1277155ccf2c29e87b3a47290730ed8ceb1040191838ce
R210,solomon_txt,4e5772f109fb6183e6a648d6a1edaba3435438c2dc11c42da370fecf7bdf3a14,0,1,ok,True,3,1423941,1423.941,0.177704,0.500496,1,time_limit,solomon_exact_1000_v1,,,,,,0.5,,100,,25,6d40142f96d4524ef3e9b8d0a5708a0555d3ad0d0e6f412e64400b4bafa02c44,False,exchange_pair_single,1cf4b02d56a29c7bbf1277155ccf2c29e87b3a47290730ed8ceb1040191838ce
R210,solomon_txt,4e5772f109fb6183e6a648d6a1edaba3435438c2dc11c42da370fecf7bdf3a14,1,1,ok,True,3,1428416,1428.416,0.203447,0.500491,1,time_limit,solomon_exact_1000_v1,,,,,,0.5,,100,,25,6d40142f96d4524ef3e9b8d0a5708a0555d3ad0d0e6f412e64400b4bafa02c44,False,exchange_pair_single,1cf4b02d56a29c7bbf1277155ccf2c29e87b3a47290730ed8ceb1040191838ce
R210,solomon_txt,4e5772f109fb6183e6a648d6a1edaba3435438c2dc11c42da370fecf7bdf3a14,2,1,ok,True,3,1419224,1419.224,0.180508,0.500461,1,time_limit,solomon_exact_1000_v1,,,,,,0.5,,100,,25,6d40142f96d4524ef3e9b8d0a5708a0555d3ad0d0e6f412e64400b4bafa02c44,False,exchange_pair_single,1cf4b02d56a29c7bbf1277155ccf2c29e87b3a47290730ed8ceb1040191838ce
R211,solomon_txt,2965507e467a2f92acd59035975910e36ae11e4f49590d4c7d20a883939227ad,0,1,ok,True,3,1516434,1516.434,0.188012,0.500259,1,time_limit,solomon_exact_1000_v1,,,,,,0.5,,100,,25,6d40142f96d4524ef3e9b8d0a5708a0555d3ad0d0e6f412e64400b4bafa02c44,False,exchange_pair_single,1cf4b02d56a29c7bbf1277155ccf2c29e87b3a47290730ed8ceb1040191838ce
R211,solomon_txt,2965507e467a2f92acd59035975910e36ae11e4f49590d4c7d20a883939227ad,1,1,ok,True,3,1516434,1516.434,0.185935,0.500242,1,time_limit,solomon_exact_1000_v1,,,,,,0.5,,100,,25,6d40142f96d4524ef3e9b8d0a5708a0555d3ad0d0e6f412e64400b4bafa02c44,False,exchange_pair_single,1cf4b02d56a29c7bbf1277155ccf2c29e87b3a47290730ed8ceb1040191838ce
R211,solomon_txt,2965507e467a2f92acd59035975910e36ae11e4f49590d4c7d20a883939227ad,2,1,ok,True,3,1506201,1506.201,0.185801,0.500379,1,time_limit,solomon_exact_1000_v1,,,,,,0.5,,100,,25,6d40142f96d4524ef3e9b8d0a5708a0555d3ad0d0e6f412e64400b4bafa02c44,False,exchange_pair_single,1cf4b02d56a29c7bbf1277155ccf2c29e87b3a47290730ed8ceb1040191838ce
RC101,solomon_txt,ef6893ffd9746ad96de8e4da6e64e2c4ba6e08a1c7eb9457276a9f1caf01ca12,0,1,ok,True,17,2197881,2197.881,0.062274,0.500724,2,time_limit,solomon_exact_1000_v1,,,,,,0.5,,100,,25,6d40142f96d4524ef3e9b8d0a5708a0555d3ad0d0e6f412e64400b4bafa02c44,False,exchange_pair_single,1cf4b02d56a29c7bbf1277155ccf2c29e87b3a47290730ed8ceb1040191838ce
RC101,solomon_txt,ef6893ffd9746ad96de8e4da6e64e2c4ba6e08a1c7eb9457276a9f1caf01ca12,1,1,ok,True,18,2062023,2062.023,0.059768,0.500557,1,time_limit,solomon_exact_1000_v1,,,,,,0.5,,100,,25,6d40142f96d4524ef3e9b8d0a5708a0555d3ad0d0e6f412e64400b4bafa02c44,False,exchange_pair_single,1cf4b02d56a29c7bbf1277155ccf2c29e87b3a47290730ed8ceb1040191838ce
RC101,solomon_txt,ef6893ffd9746ad96de8e4da6e64e2c4ba6e08a1c7eb9457276a9f1caf01ca12,2,1,ok,True,18,1979789,1979.789,0.057912,0.500476,1,time_limit,solomon_exact_1000_v1,,,,,,0.5,,100,,25,6d40142f96d4524ef3e9b8d0a5708a0555d3ad0d0e6f412e64400b4bafa02c44,False,exchange_pair_single,1cf4b02d56a29c7bbf1277155ccf2c29e87b3a47290730ed8ceb1040191838ce
RC102,solomon_txt,36acd349d34a577c7fadd61f78517c2cb74bd06a490273800c288f341e5785a4,0,1,ok,True,15,1755362,1755.362,0.060097,0.500451,2,time_limit,solomon_exact_1000_v1,,,,,,0.5,,100,,25,6d40142f96d4524ef3e9b8d0a5708a0555d3ad0d0e6f412e64400b4bafa02c44,False,exchange_pair_single,1cf4b02d56a29c7bbf1277155ccf2c29e87b3a47290730ed8ceb1040191838ce
RC102,solomon_txt,36acd349d34a577c7fadd61f78517c2cb74bd06a490273800c288f341e5785a4,1,1,ok,True,15,1834933,1834.933,0.062976,0.500468,1,time_limit,solomon_exact_1000_v1,,,,,,0.5,,100,,25,6d40142f96d4524ef3e9b8d0a5708a0555d3ad0d0e6f412e64400b4bafa02c44,False,exchange_pair_single,1cf4b02d56a29c7bbf1277155ccf2c29e87b3a47290730ed8ceb1040191838ce
RC102,solomon_txt,36acd349d34a577c7fadd61f78517c2cb74bd06a490273800c288f341e5785a4,2,1,ok,True,16,1812496,1812.496,0.063055,0.50051,1,time_limit,solomon_exact_1000_v1,,,,,,0.5,,100,,25,6d40142f96d4524ef3e9b8d0a5708a0555d3ad0d0e6f412e64400b4bafa02c44,False,exchange_pair_single,1cf4b02d56a29c7bbf1277155ccf2c29e87b3a47290730ed8ceb1040191838ce
RC103,solomon_txt,00f384138274d5d2bff5c41601db17cc4ad0cfc6315c27e223d4477bf435cc2d,0,1,ok,True,12,1725563,1725.563,0.068247,0.500439,1,time_limit,solomon_exact_1000_v1,,,,,,0.5,,100,,25,6d40142f96d4524ef3e9b8d0a5708a0555d3ad0d0e6f412e64400b4bafa02c44,False,exchange_pair_single,1cf4b02d56a29c7bbf1277155ccf2c29e87b3a47290730ed8ceb1040191838ce
RC103,solomon_txt,00f384138274d5d2bff5c41601db17cc4ad0cfc6315c27e223d4477bf435cc2d,1,1,ok,True,12,1703532,1703.532,0.069073,0.500484,1,time_limit,solomon_exact_1000_v1,,,,,,0.5,,100,,25,6d40142f96d4524ef3e9b8d0a5708a0555d3ad0d0e6f412e64400b4bafa02c44,False,exchange_pair_single,1cf4b02d56a29c7bbf1277155ccf2c29e87b3a47290730ed8ceb1040191838ce
RC103,solomon_txt,00f384138274d5d2bff5c41601db17cc4ad0cfc6315c27e223d4477bf435cc2d,2,1,ok,True,13,1922550,1922.55,0.070004,0.500492,1,time_limit,solomon_exact_1000_v1,,,,,,0.5,,100,,25,6d40142f96d4524ef3e9b8d0a5708a0555d3ad0d0e6f412e64400b4bafa02c44,False,exchange_pair_single,1cf4b02d56a29c7bbf1277155ccf2c29e87b3a47290730ed8ceb1040191838ce
RC104,solomon_txt,d150b2d61049a488fb89a2320c197d81a7ef9a1864abbbaea1d13a2b451253ee,0,1,ok,True,12,1607831,1607.831,0.07111,0.500496,1,time_limit,solomon_exact_1000_v1,,,,,,0.5,,100,,25,6d40142f96d4524ef3e9b8d0a5708a0555d3ad0d0e6f412e64400b4bafa02c44,False,exchange_pair_single,1cf4b02d56a29c7bbf1277155ccf2c29e87b3a47290730ed8ceb1040191838ce
RC104,solomon_txt,d150b2d61049a488fb89a2320c197d81a7ef9a1864abbbaea1d13a2b451253ee,1,1,ok,True,12,1620614,1620.614,0.070628,0.500436,1,time_limit,solomon_exact_1000_v1,,,,,,0.5,,100,,25,6d40142f96d4524ef3e9b8d0a5708a0555d3ad0d0e6f412e64400b4bafa02c44,False,exchange_pair_single,1cf4b02d56a29c7bbf1277155ccf2c29e87b3a47290730ed8ceb1040191838ce
RC104,solomon_txt,d150b2d61049a488fb89a2320c197d81a7ef9a1864abbbaea1d13a2b451253ee,2,1,ok,True,11,1467229,1467.229,0.070487,0.500423,1,time_limit,solomon_exact_1000_v1,,,,,,0.5,,100,,25,6d40142f96d4524ef3e9b8d0a5708a0555d3ad0d0e6f412e64400b4bafa02c44,False,exchange_pair_single,1cf4b02d56a29c7bbf1277155ccf2c29e87b3a47290730ed8ceb1040191838ce
RC105,solomon_txt,b9e912625c1ed80d2f565e0799ade2f4b17bf4f95056322ca23f1a21b37e7a49,0,1,ok,True,16,1911643,1911.643,0.062018,0.500494,1,time_limit,solomon_exact_1000_v1,,,,,,0.5,,100,,25,6d40142f96d4524ef3e9b8d0a5708a0555d3ad0d0e6f412e64400b4bafa02c44,False,exchange_pair_single,1cf4b02d56a29c7bbf1277155ccf2c29e87b3a47290730ed8ceb1040191838ce
RC105,solomon_txt,b9e912625c1ed80d2f565e0799ade2f4b17bf4f95056322ca23f1a21b37e7a49,1,1,ok,True,16,2089506,2089.506,0.061434,0.500536,1,time_limit,solomon_exact_1000_v1,,,,,,0.5,,100,,25,6d40142f96d4524ef3e9b8d0a5708a0555d3ad0d0e6f412e64400b4bafa02c44,False,exchange_pair_single,1cf4b02d56a29c7bbf1277155ccf2c29e87b3a47290730ed8ceb1040191838ce
RC105,solomon_txt,b9e912625c1ed80d2f565e0799ade2f4b17bf4f95056322ca23f1a21b37e7a49,2,1,ok,True,16,1886996,1886.996,0.062984,0.500574,1,time_limit,solomon_exact_1000_v1,,,,,,0.5,,100,,25,6d40142f96d4524ef3e9b8d0a5708a0555d3ad0d0e6f412e64400b4bafa02c44,False,exchange_pair_single,1cf4b02d56a29c7bbf1277155ccf2c29e87b3a47290730ed8ceb1040191838ce
RC106,solomon_txt,bf016ffc567af2d108570357daf1d0cabb7f680c0bd977d2e4366787683fdbaf,0,1,ok,True,15,2116512,2116.512,0.06317,0.500526,1,time_limit,solomon_exact_1000_v1,,,,,,0.5,,100,,25,6d40142f96d4524ef3e9b8d0a5708a0555d3ad0d0e6f412e64400b4bafa02c44,False,exchange_pair_single,1cf4b02d56a29c7bbf1277155ccf2c29e87b3a47290730ed8ceb1040191838ce
RC106,solomon_txt,bf016ffc567af2d108570357daf1d0cabb7f680c0bd977d2e4366787683fdbaf,1,1,ok,True,15,1911418,1911.418,0.058599,0.500453,1,time_limit,solomon_exact_1000_v1,,,,,,0.5,,100,,25,6d40142f96d4524ef3e9b8d0a5708a0555d3ad0d0e6f412e64400b4bafa02c44,False,exchange_pair_single,1cf4b02d56a29c7bbf1277155ccf2c29e87b3a47290730ed8ceb1040191838ce
RC106,solomon_txt,bf016ffc567af2d108570357daf1d0cabb7f680c0bd977d2e4366787683fdbaf,2,1,ok,True,15,1973738,1973.738,0.060774,0.500453,1,time_limit,solomon_exact_1000_v1,,,,,,0.5,,100,,25,6d40142f96d4524ef3e9b8d0a5708a0555d3ad0d0e6f412e64400b4bafa02c44,False,exchange_pair_single,1cf4b02d56a29c7bbf1277155ccf2c29e87b3a47290730ed8ceb1040191838ce
RC107,solomon_txt,fff3fd68d110671ed442575f07cc547291586f30b00c5f73934d521d31311582,0,1,ok,True,14,1708249,1708.249,0.067182,0.500438,1,time_limit,solomon_exact_1000_v1,,,,,,0.5,,100,,25,6d40142f96d4524ef3e9b8d0a5708a0555d3ad0d0e6f412e64400b4bafa02c44,False,exchange_pair_single,1cf4b02d56a29c7bbf1277155ccf2c29e87b3a47290730ed8ceb1040191838ce
RC107,solomon_txt,fff3fd68d110671ed442575f07cc547291586f30b00c5f73934d521d31311582,1,1,ok,True,14,1781373,1781.373,0.064327,0.500455,1,time_limit,solomon_exact_1000_v1,,,,,,0.5,,100,,25,6d40142f96d4524ef3e9b8d0a5708a0555d3ad0d0e6f412e64400b4bafa02c44,False,exchange_pair_single,1cf4b02d56a29c7bbf1277155ccf2c29e87b3a47290730ed8ceb1040191838ce
RC107,solomon_txt,fff3fd68d110671ed442575f07cc547291586f30b00c5f73934d521d31311582,2,1,ok,True,14,1915870,1915.87,0.062267,0.500515,1,time_limit,solomon_exact_1000_v1,,,,,,0.5,,100,,25,6d40142f96d4524ef3e9b8d0a5708a0555d3ad0d0e6f412e64400b4bafa02c44,False,exchange_pair_single,1cf4b02d56a29c7bbf1277155ccf2c29e87b3a47290730ed8ceb1040191838ce
RC108,solomon_txt,006bc8817bf09f9a8c66af8d6f088bdec239b2eb435556e9d11193cf456f7aeb,0,1,ok,True,14,1949385,1949.385,0.066642,0.500503,1,time_limit,solomon_exact_1000_v1,,,,,,0.5,,100,,25,6d40142f96d4524ef3e9b8d0a5708a0555d3ad0d0e6f412e64400b4bafa02c44,False,exchange_pair_single,1cf4b02d56a29c7bbf1277155ccf2c29e87b3a47290730ed8ceb1040191838ce
RC108,solomon_txt,006bc8817bf09f9a8c66af8d6f088bdec239b2eb435556e9d11193cf456f7aeb,1,1,ok,True,14,1678822,1678.822,0.064064,0.500512,1,time_limit,solomon_exact_1000_v1,,,,,,0.5,,100,,25,6d40142f96d4524ef3e9b8d0a5708a0555d3ad0d0e6f412e64400b4bafa02c44,False,exchange_pair_single,1cf4b02d56a29c7bbf1277155ccf2c29e87b3a47290730ed8ceb1040191838ce
RC108,solomon_txt,006bc8817bf09f9a8c66af8d6f088bdec239b2eb435556e9d11193cf456f7aeb,2,1,ok,True,14,1701297,1701.297,0.096987,0.500545,1,time_limit,solomon_exact_1000_v1,,,,,,0.5,,100,,25,6d40142f96d4524ef3e9b8d0a5708a0555d3ad0d0e6f412e64400b4bafa02c44,False,exchange_pair_single,1cf4b02d56a29c7bbf1277155ccf2c29e87b3a47290730ed8ceb1040191838ce
RC201,solomon_txt,288836e2d8c2ace83ebbff77e03ac8cdffc574fc134cade21ef92713f8c52d44,0,1,ok,True,5,2429811,2429.811,0.129005,0.500272,1,time_limit,solomon_exact_1000_v1,,,,,,0.5,,100,,25,6d40142f96d4524ef3e9b8d0a5708a0555d3ad0d0e6f412e64400b4bafa02c44,False,exchange_pair_single,1cf4b02d56a29c7bbf1277155ccf2c29e87b3a47290730ed8ceb1040191838ce
RC201,solomon_txt,288836e2d8c2ace83ebbff77e03ac8cdffc574fc134cade21ef92713f8c52d44,1,1,ok,True,5,2387121,2387.121,0.134714,0.500386,1,time_limit,solomon_exact_1000_v1,,,,,,0.5,,100,,25,6d40142f96d4524ef3e9b8d0a5708a0555d3ad0d0e6f412e64400b4bafa02c44,False,exchange_pair_single,1cf4b02d56a29c7bbf1277155ccf2c29e87b3a47290730ed8ceb1040191838ce
RC201,solomon_txt,288836e2d8c2ace83ebbff77e03ac8cdffc574fc134cade21ef92713f8c52d44,2,1,ok,True,5,2375539,2375.539,0.154816,0.500392,1,time_limit,solomon_exact_1000_v1,,,,,,0.5,,100,,25,6d40142f96d4524ef3e9b8d0a5708a0555d3ad0d0e6f412e64400b4bafa02c44,False,exchange_pair_single,1cf4b02d56a29c7bbf1277155ccf2c29e87b3a47290730ed8ceb1040191838ce
RC202,solomon_txt,5a1dee2017ab0ca4fe280b392678c96e8b5bc71f22d02c8058fbde7c4cfebcf4,0,1,ok,True,4,1920411,1920.411,0.124317,0.500266,1,time_limit,solomon_exact_1000_v1,,,,,,0.5,,100,,25,6d40142f96d4524ef3e9b8d0a5708a0555d3ad0d0e6f412e64400b4bafa02c44,False,exchange_pair_single,1cf4b02d56a29c7bbf1277155ccf2c29e87b3a47290730ed8ceb1040191838ce
RC202,solomon_txt,5a1dee2017ab0ca4fe280b392678c96e8b5bc71f22d02c8058fbde7c4cfebcf4,1,1,ok,True,4,1818035,1818.035,0.121692,0.500379,1,time_limit,solomon_exact_1000_v1,,,,,,0.5,,100,,25,6d40142f96d4524ef3e9b8d0a5708a0555d3ad0d0e6f412e64400b4bafa02c44,False,exchange_pair_single,1cf4b02d56a29c7bbf1277155ccf2c29e87b3a47290730ed8ceb1040191838ce
RC202,solomon_txt,5a1dee2017ab0ca4fe280b392678c96e8b5bc71f22d02c8058fbde7c4cfebcf4,2,1,ok,True,4,1586173,1586.173,0.121267,0.50045,1,time_limit,solomon_exact_1000_v1,,,,,,0.5,,100,,25,6d40142f96d4524ef3e9b8d0a5708a0555d3ad0d0e6f412e64400b4bafa02c44,False,exchange_pair_single,1cf4b02d56a29c7bbf1277155ccf2c29e87b3a47290730ed8ceb1040191838ce
RC203,solomon_txt,4adcb362c23df91f14b828d4964e9383ffb02ee74217afc2d84571f83ed91f8b,0,1,ok,True,3,1400007,1400.007,0.131005,0.500254,1,time_limit,solomon_exact_1000_v1,,,,,,0.5,,100,,25,6d40142f96d4524ef3e9b8d0a5708a0555d3ad0d0e6f412e64400b4bafa02c44,False,exchange_pair_single,1cf4b02d56a29c7bbf1277155ccf2c29e87b3a47290730ed8ceb1040191838ce
RC203,solomon_txt,4adcb362c23df91f14b828d4964e9383ffb02ee74217afc2d84571f83ed91f8b,1,1,ok,True,3,1545417,1545.417,0.132179,0.500258,1,time_limit,solomon_exact_1000_v1,,,,,,0.5,,100,,25,6d40142f96d4524ef3e9b8d0a5708a0555d3ad0d0e6f412e64400b4bafa02c44,False,exchange_pair_single,1cf4b02d56a29c7bbf1277155ccf2c29e87b3a47290730ed8ceb1040191838ce
RC203,solomon_txt,4adcb362c23df91f14b828d4964e9383ffb02ee74217afc2d84571f83ed91f8b,2,1,ok,True,3,1516613,1516.613,0.129673,0.500271,2,time_limit,solomon_exact_1000_v1,,,,,,0.5,,100,,25,6d40142f96d4524ef3e9b8d0a5708a0555d3ad0d0e6f412e64400b4bafa02c44,False,exchange_pair_single,1cf4b02d56a29c7bbf1277155ccf2c29e87b3a47290730ed8ceb1040191838ce
RC204,solomon_txt,11e827eab51a959ebab66344e7b7cfd1aeed895287653b36a72c86a4440ecd77,0,1,ok,True,3,1500593,1500.593,0.202079,0.500256,1,time_limit,solomon_exact_1000_v1,,,,,,0.5,,100,,25,6d40142f96d4524ef3e9b8d0a5708a0555d3ad0d0e6f412e64400b4bafa02c44,False,exchange_pair_single,1cf4b02d56a29c7bbf1277155ccf2c29e87b3a47290730ed8ceb1040191838ce
RC204,solomon_txt,11e827eab51a959ebab66344e7b7cfd1aeed895287653b36a72c86a4440ecd77,1,1,ok,True,3,1500593,1500.593,0.194775,0.500247,1,time_limit,solomon_exact_1000_v1,,,,,,0.5,,100,,25,6d40142f96d4524ef3e9b8d0a5708a0555d3ad0d0e6f412e64400b4bafa02c44,False,exchange_pair_single,1cf4b02d56a29c7bbf1277155ccf2c29e87b3a47290730ed8ceb1040191838ce
RC204,solomon_txt,11e827eab51a959ebab66344e7b7cfd1aeed895287653b36a72c86a4440ecd77,2,1,ok,True,3,1500132,1500.132,0.190897,0.500374,1,time_limit,solomon_exact_1000_v1,,,,,,0.5,,100,,25,6d40142f96d4524ef3e9b8d0a5708a0555d3ad0d0e6f412e64400b4bafa02c44,False,exchange_pair_single,1cf4b02d56a29c7bbf1277155ccf2c29e87b3a47290730ed8ceb1040191838ce
RC205,solomon_txt,c061d306cf42310b0f3ca15612089f6c5a8d5604c0733bf26852477c787662c9,0,1,ok,True,4,1959415,1959.415,0.142849,0.500258,1,time_limit,solomon_exact_1000_v1,,,,,,0.5,,100,,25,6d40142f96d4524ef3e9b8d0a5708a0555d3ad0d0e6f412e64400b4bafa02c44,False,exchange_pair_single,1cf4b02d56a29c7bbf1277155ccf2c29e87b3a47290730ed8ceb1040191838ce
RC205,solomon_txt,c061d306cf42310b0f3ca15612089f6c5a8d5604c0733bf26852477c787662c9,1,1,ok,True,4,1744421,1744.421,0.143227,0.500428,1,time_limit,solomon_exact_1000_v1,,,,,,0.5,,100,,25,6d40142f96d4524ef3e9b8d0a5708a0555d3ad0d0e6f412e64400b4bafa02c44,False,exchange_pair_single,1cf4b02d56a29c7bbf1277155ccf2c29e87b3a47290730ed8ceb1040191838ce
RC205,solomon_txt,c061d306cf42310b0f3ca15612089f6c5a8d5604c0733bf26852477c787662c9,2,1,ok,True,4,1689765,1689.765,0.143681,0.500379,1,time_limit,solomon_exact_1000_v1,,,,,,0.5,,100,,25,6d40142f96d4524ef3e9b8d0a5708a0555d3ad0d0e6f412e64400b4bafa02c44,False,exchange_pair_single,1cf4b02d56a29c7bbf1277155ccf2c29e87b3a47290730ed8ceb1040191838ce
RC206,solomon_txt,5203aecf67c84df49e152645312a837ffefde529314ff892ca061538816e43a9,0,1,ok,True,4,2080287,2080.287,0.139705,0.500262,1,time_limit,solomon_exact_1000_v1,,,,,,0.5,,100,,25,6d40142f96d4524ef3e9b8d0a5708a0555d3ad0d0e6f412e64400b4bafa02c44,False,exchange_pair_single,1cf4b02d56a29c7bbf1277155ccf2c29e87b3a47290730ed8ceb1040191838ce
RC206,solomon_txt,5203aecf67c84df49e152645312a837ffefde529314ff892ca061538816e43a9,1,1,ok,True,4,1771858,1771.858,0.136135,0.500373,1,time_limit,solomon_exact_1000_v1,,,,,,0.5,,100,,25,6d40142f96d4524ef3e9b8d0a5708a0555d3ad0d0e6f412e64400b4bafa02c44,False,exchange_pair_single,1cf4b02d56a29c7bbf1277155ccf2c29e87b3a47290730ed8ceb1040191838ce
RC206,solomon_txt,5203aecf67c84df49e152645312a837ffefde529314ff892ca061538816e43a9,2,1,ok,True,4,1695104,1695.104,0.146369,0.500382,1,time_limit,solomon_exact_1000_v1,,,,,,0.5,,100,,25,6d40142f96d4524ef3e9b8d0a5708a0555d3ad0d0e6f412e64400b4bafa02c44,False,exchange_pair_single,1cf4b02d56a29c7bbf1277155ccf2c29e87b3a47290730ed8ceb1040191838ce
RC207,solomon_txt,5cab65f99b350cdb8fb1c4d0a12dde85eb4ff6a6d6daf292b182cb73de9a8b63,0,1,ok,True,4,1907431,1907.431,0.155274,0.500264,1,time_limit,solomon_exact_1000_v1,,,,,,0.5,,100,,25,6d40142f96d4524ef3e9b8d0a5708a0555d3ad0d0e6f412e64400b4bafa02c44,False,exchange_pair_single,1cf4b02d56a29c7bbf1277155ccf2c29e87b3a47290730ed8ceb1040191838ce
RC207,solomon_txt,5cab65f99b350cdb8fb1c4d0a12dde85eb4ff6a6d6daf292b182cb73de9a8b63,1,1,ok,True,3,1405392,1405.392,0.164223,0.500241,1,time_limit,solomon_exact_1000_v1,,,,,,0.5,,100,,25,6d40142f96d4524ef3e9b8d0a5708a0555d3ad0d0e6f412e64400b4bafa02c44,False,exchange_pair_single,1cf4b02d56a29c7bbf1277155ccf2c29e87b3a47290730ed8ceb1040191838ce
RC207,solomon_txt,5cab65f99b350cdb8fb1c4d0a12dde85eb4ff6a6d6daf292b182cb73de9a8b63,2,1,ok,True,4,1907431,1907.431,0.161528,0.500406,1,time_limit,solomon_exact_1000_v1,,,,,,0.5,,100,,25,6d40142f96d4524ef3e9b8d0a5708a0555d3ad0d0e6f412e64400b4bafa02c44,False,exchange_pair_single,1cf4b02d56a29c7bbf1277155ccf2c29e87b3a47290730ed8ceb1040191838ce
RC208,solomon_txt,3d67d2a8e2758a324643f5d6c6ca87e8c56435273eaa04be33f213bb991f1f28,0,1,ok,True,3,1365201,1365.201,0.148207,0.500354,1,time_limit,solomon_exact_1000_v1,,,,,,0.5,,100,,25,6d40142f96d4524ef3e9b8d0a5708a0555d3ad0d0e6f412e64400b4bafa02c44,False,exchange_pair_single,1cf4b02d56a29c7bbf1277155ccf2c29e87b3a47290730ed8ceb1040191838ce
RC208,solomon_txt,3d67d2a8e2758a324643f5d6c6ca87e8c56435273eaa04be33f213bb991f1f28,1,1,ok,True,4,1913075,1913.075,0.153061,0.500398,1,time_limit,solomon_exact_1000_v1,,,,,,0.5,,100,,25,6d40142f96d4524ef3e9b8d0a5708a0555d3ad0d0e6f412e64400b4bafa02c44,False,exchange_pair_single,1cf4b02d56a29c7bbf1277155ccf2c29e87b3a47290730ed8ceb1040191838ce
RC208,solomon_txt,3d67d2a8e2758a324643f5d6c6ca87e8c56435273eaa04be33f213bb991f1f28,2,1,ok,True,4,1905334,1905.334,0.159066,0.500379,1,time_limit,solomon_exact_1000_v1,,,,,,0.5,,100,,25,6d40142f96d4524ef3e9b8d0a5708a0555d3ad0d0e6f412e64400b4bafa02c44,False,exchange_pair_single,1cf4b02d56a29c7bbf1277155ccf2c29e87b3a47290730ed8ceb1040191838ce
C101,solomon_txt,a6da75152d182d60ecd2c6f854296f5be452f92282d096adebcf5d99a7f16516,0,1,ok,True,10,828937,828.937,0.064629,0.500417,1,time_limit,solomon_exact_1000_v1,,,,,,0.5,,100,,25,6d40142f96d4524ef3e9b8d0a5708a0555d3ad0d0e6f412e64400b4bafa02c44,False,exchange_pairs,a1ac32a71cde9ad39522da642fa54ddd2ec65b9189f06d6895e2817defaf3f17
C101,solomon_txt,a6da75152d182d60ecd2c6f854296f5be452f92282d096adebcf5d99a7f16516,1,1,ok,True,10,828937,828.937,0.065746,0.50042,2,time_limit,solomon_exact_1000_v1,,,,,,0.5,,100,,25,6d40142f96d4524ef3e9b8d0a5708a0555d3ad0d0e6f412e64400b4bafa02c44,False,exchange_pairs,a1ac32a71cde9ad39522da642fa54ddd2ec65b9189f06d6895e2817defaf3f17
C101,solomon_txt,a6da75152d182d60ecd2c6f854296f5be452f92282d096adebcf5d99a7f16516,2,1,ok,True,10,828937,828.937,0.06654,0.500422,1,time_limit,solomon_exact_1000_v1,,,,,,0.5,,100,,25,6d40142f96d4524ef3e9b8d0a5708a0555d3ad0d0e6f412e64400b4bafa02c44,False,exchange_pairs,a1ac32a71cde9ad39522da642fa54ddd2ec65b9189f06d6895e2817defaf3f17
C102,solomon_txt,f89a0e2a760cc7448a4ca72b88e5b29b94d64b5548f3320f42a6230025ead653,0,1,ok,True,10,1139170,1139.17,0.069478,0.500477,1,time_limit,solomon_exact_1000_v1,,,,,,0.5,,100,,25,6d40142f96d4524ef3e9b8d0a5708a0555d3ad0d0e6f412e64400b4bafa02c44,False,exchange_pairs,a1ac32a71cde9ad39522da642fa54ddd2ec65b9189f06d6895e2817defaf3f17
C102,solomon_txt,f89a0e2a760cc7448a4ca72b88e5b29b94d64b5548f3320f42a6230025ead653,1,1,ok,True,10,1139170,1139.17,0.068802,0.500446,1,time_limit,solomon_exact_1000_v1,,,,,,0.5,,100,,25,6d40142f96d4524ef3e9b8d0a5708a0555d3ad0d0e6f412e64400b4bafa02c44,False,exchange_pairs,a1ac32a71cde9ad39522da642fa54ddd2ec65b9189f06d6895e2817defaf3f17
C102,solomon_txt,f89a0e2a760cc7448a4ca72b88e5b29b94d64b5548f3320f42a6230025ead653,2,1,ok,True,10,1139170,1139.17,0.072851,0.500448,1,time_limit,solomon_exact_1000_v1,,,,,,0.5,,100,,25,6d40142f96d4524ef3e9b8d0a5708a0555d3ad0d0e6f412e64400b4bafa02c44,False,exchange_pairs,a1ac32a71cde9ad39522da642fa54ddd2ec65b9189f06d6895e2817defaf3f17
C103,solomon_txt,a55cabf15e0da9d65696a5fb45c9852889479893f76f772a428ca15d1b415a51,0,1,ok,True,10,1573044,1573.044,0.100111,0.500798,1,time_limit,solomon_exact_1000_v1,,,,,,0.5,,100,,25,6d40142f96d4524ef3e9b8d0a5708a0555d3ad0d0e6f412e64400b4bafa02c44,False,exchange_pairs,a1ac32a71cde9ad39522da642fa54ddd2ec65b9189f06d6895e2817defaf3f17
C103,solomon_txt,a55cabf15e0da9d65696a5fb45c9852889479893f76f772a428ca15d1b415a51,1,1,ok,True,10,1570659,1570.659,0.078727,0.500416,1,time_limit,solomon_exact_1000_v1,,,,,,0.5,,100,,25,6d40142f96d4524ef3e9b8d0a5708a0555d3ad0d0e6f412e64400b4bafa02c44,False,exchange_pairs,a1ac32a71cde9ad39522da642fa54ddd2ec65b9189f06d6895e2817defaf3f17
C103,solomon_txt,a55cabf15e0da9d65696a5fb45c9852889479893f76f772a428ca15d1b415a51,2,1,ok,True,10,1570659,1570.659,0.081336,0.500438,1,time_limit,solomon_exact_1000_v1,,,,,,0.5,,100,,25,6d40142f96d4524ef3e9b8d0a5708a0555d3ad0d0e6f412e64400b4bafa02c44,False,exchange_pairs,a1ac32a71cde9ad39522da642fa54ddd2ec65b9189f06d6895e2817defaf3f17
C104,solomon_txt,fe333e81625ee5a75bb2ce98c2c9f356d07289237865b62a23ba2f32f0de5ee2,0,1,ok,True,10,1666143,1666.143,0.081442,0.500405,1,time_limit,solomon_exact_1000_v1,,,,,,0.5,,100,,25,6d40142f96d4524ef3e9b8d0a5708a0555d3ad0d0e6f412e64400b4bafa02c44,False,exchange_pairs,a1ac32a71cde9ad39522da642fa54ddd2ec65b9189f06d6895e2817defaf3f17
C104,solomon_txt,fe333e81625ee5a75bb2ce98c2c9f356d07289237865b62a23ba2f32f0de5ee2,1,1,ok,True,10,1665288,1665.288,0.079956,0.500436,1,time_limit,solomon_exact_1000_v1,,,,,,0.5,,100,,25,6d40142f96d4524ef3e9b8d0a5708a0555d3ad0d0e6f412e64400b4bafa02c44,False,exchange_pairs,a1ac32a71cde9ad39522da642fa54ddd2ec65b9189f06d6895e2817defaf3f17
C104,solomon_txt,fe333e81625ee5a75bb2ce98c2c9f356d07289237865b62a23ba2f32f0de5ee2,2,1,ok,True,10,1709889,1709.889,0.079102,0.500431,1,time_limit,solomon_exact_1000_v1,,,,,,0.5,,100,,25,6d40142f96d4524ef3e9b8d0a5708a0555d3ad0d0e6f412e64400b4bafa02c44,False,exchange_pairs,a1ac32a71cde9ad39522da642fa54ddd2ec65b9189f06d6895e2817defaf3f17
C105,solomon_txt,9a877a3a6fb922e7ad9297cc0308bc8a5652cb1495a0228ee6b81b2d938aa29f,0,1,ok,True,10,1006545,1006.545,0.065613,0.500393,1,time_limit,solomon_exact_1000_v1,,,,,,0.5,,100,,25,6d40142f96d4524ef3e9b8d0a5708a0555d3ad0d0e6f412e64400b4bafa02c44,False,exchange_pairs,a1ac32a71cde9ad39522da642fa54ddd2ec65b9189f06d6895e2817defaf3f17
C105,solomon_txt,9a877a3a6fb922e7ad9297cc0308bc8a5652cb1495a0228ee6b81b2d938aa29f,1,1,ok,True,10,1032439,1032.439,0.06883,0.500416,1,time_limit,solomon_exact_1000_v1,,,,,,0.5,,100,,25,6d40142f96d4524ef3e9b8d0a5708a0555d3ad0d0e6f412e64400b4bafa02c44,False,exchange_pairs,a1ac32a71cde9ad39522da642fa54ddd2ec65b9189f06d6895e2817defaf3f17
C105,solomon_txt,9a877a3a6fb922e7ad9297cc0308bc8a5652cb1495a0228ee6b81b2d938aa29f,2,1,ok,True,10,946082,946.082,0.065604,0.500413,1,time_limit,solomon_exact_1000_v1,,,,,,0.5,,100,,25,6d40142f96d4524ef3e9b8d0a5708a0555d3ad0d0e6f412e64400b4bafa02c44,False,exchange_pairs,a1ac32a71cde9ad39522da642fa54ddd2ec65b9189f06d6895e2817defaf3f17
C106,solomon_txt,ec9b419bed53e9c607cce76e8c6bc59feb6e4d17646905601f008a4141ec7b40,0,1,ok,True,10,1042469,1042.469,0.065063,0.500382,1,time_limit,solomon_exact_1000_v1,,,,,,0.5,,100,,25,6d40142f96d4524ef3e9b8d0a5708a0555d3ad0d0e6f412e64400b4bafa02c44,False,exchange_pairs,a1ac32a71cde9ad39522da642fa54ddd2ec65b9189f06d6895e2817defaf3f17
C106,solomon_txt,ec9b419bed53e9c607cce76e8c6bc59feb6e4d17646905601f008a4141ec7b40,1,1,ok,True,10,1048409,1048.409,0.065807,0.500417,1,time_limit,solomon_exact_1000_v1,,,,,,0.5,,100,,25,6d40142f96d4524ef3e9b8d0a5708a0555d3ad0d0e6f412e64400b4bafa02c44,False,exchange_pairs,a1ac32a71cde9ad39522da642fa54ddd2ec65b9189f06d6895e2817defaf3f17
C106,solomon_txt,ec9b419bed53e9c607cce76e8c6bc59feb6e4d17646905601f008a4141ec7b40,2,1,ok,True,10,1019682,1019.682,0.06587,0.500406,1,time_limit,solomon_exact_1000_v1,,,,,,0.5,,100,,25,6d40142f96d4524ef3e9b8d0a5708a0555d3ad0d0e6f412e64400b4bafa02c44,False,exchange_pairs,a1ac32a71cde9ad39522da642fa54ddd2ec65b9189f06d6895e2817defaf3f17
C107,solomon_txt,cb3cdc10d812fa17370eb52cb753b6b0574426dc6fabeb8b9076ed750ddf05ca,0,1,ok,True,10,958121,958.121,0.069267,0.50045,1,time_limit,solomon_exact_1000_v1,,,,,,0.5,,100,,25,6d40142f96d4524ef3e9b8d0a5708a0555d3ad0d0e6f412e64400b4bafa02c44,False,exchange_pairs,a1ac32a71cde9ad39522da642fa54ddd2ec65b9189f06d6895e2817defaf3f17
C107,solomon_txt,cb3cdc10d812fa17370eb52cb753b6b0574426dc6fabeb8b9076ed750ddf05ca,1,1,ok,True,10,1067598,1067.598,0.069778,0.500436,1,time_limit,solomon_exact_1000_v1,,,,,,0.5,,100,,25,6d40142f96d4524ef3e9b8d0a5708a0555d3ad0d0e6f412e64400b4bafa02c44,False,exchange_pairs,a1ac32a71cde9ad39522da642fa54ddd2ec65b9189f06d6895e2817defaf3f17
C107,solomon_txt,cb3cdc10d812fa17370eb52cb753b6b0574426dc6fabeb8b9076ed750ddf05ca,2,1,ok,True,10,1028318,1028.318,0.069088,0.500445,1,time_limit,solomon_exact_1000_v1,,,,,,0.5,,100,,25,6d40142f96d4524ef3e9b8d0a5708a0555d3ad0d0e6f412e64400b4bafa02c44,False,exchange_pairs,a1ac32a71cde9ad39522da642fa54ddd2ec65b9189f06d6895e2817defaf3f17
C108,solomon_txt,b8c7e48f292b66b283d8e71511e3a4eccaa4c4bc66b9313c399e73b0226f5953,0,1,ok,True,10,1384123,1384.123,0.066492,0.500402,1,time_limit,solomon_exact_1000_v1,,,,,,0.5,,100,,25,6d40142f96d4524ef3e9b8d0a5708a0555d3ad0d0e6f412e64400b4bafa02c44,False,exchange_pairs,a1ac32a71cde9ad39522da642fa54ddd2ec65b9189f06d6895e2817defaf3f17
C108,solomon_txt,b8c7e48f292b66b283d8e71511e3a4eccaa4c4bc66b9313c399e73b0226f5953,1,1,ok,True,10,1472688,1472.688,0.067167,0.500483,1,time_limit,solomon_exact_1000_v1,,,,,,0.5,,100,,25,6d40142f96d4524ef3e9b8d0a5708a0555d3ad0d0e6f412e64400b4bafa02c44,False,exchange_pairs,a1ac32a71cde9ad39522da642fa54ddd2ec65b9189f06d6895e2817defaf3f17
C108,solomon_txt,b8c7e48f292b66b283d8e71511e3a4eccaa4c4bc66b9313c399e73b0226f5953,2,1,ok,True,10,1168774,1168.774,0.066636,0.500427,2,time_limit,solomon_exact_1000_v1,,,,,,0.5,,100,,25,6d40142f96d4524ef3e9b8d0a5708a0555d3ad0d0e6f412e64400b4bafa02c44,False,exchange_pairs,a1ac32a71cde9ad39522da642fa54ddd2ec65b9189f06d6895e2817defaf3f17
C109,solomon_txt,72d8489e14bf1bb18456f0b21b01110506cbcc2354719dae8481b480150f142a,0,1,ok,True,10,1248945,1248.945,0.07376,0.500458,1,time_limit,solomon_exact_1000_v1,,,,,,0.5,,100,,25,6d40142f96d4524ef3e9b8d0a5708a0555d3ad0d0e6f412e64400b4bafa02c44,False,exchange_pairs,a1ac32a71cde9ad39522da642fa54ddd2ec65b9189f06d6895e2817defaf3f17
C109,solomon_txt,72d8489e14bf1bb18456f0b21b01110506cbcc2354719dae8481b480150f142a,1,1,ok,True,10,1230890,1230.89,0.072192,0.500416,1,time_limit,solomon_exact_1000_v1,,,,,,0.5,,100,,25,6d40142f96d4524ef3e9b8d0a5708a0555d3ad0d0e6f412e64400b4bafa02c44,False,exchange_pairs,a1ac32a71cde9ad39522da642fa54ddd2ec65b9189f06d6895e2817defaf3f17
C109,solomon_txt,72d8489e14bf1bb18456f0b21b01110506cbcc2354719dae8481b480150f142a,2,1,ok,True,10,1246329,1246.329,0.072459,0.500408,1,time_limit,solomon_exact_1000_v1,,,,,,0.5,,100,,25,6d40142f96d4524ef3e9b8d0a5708a0555d3ad0d0e6f412e64400b4bafa02c44,False,exchange_pairs,a1ac32a71cde9ad39522da642fa54ddd2ec65b9189f06d6895e2817defaf3f17
C201,solomon_txt,d8d9834087ae2326fa23a8510533060233dc9fb481873be60956eb26a880ad63,0,1,ok,True,3,680210,680.21,0.178351,0.500414,1,time_limit,solomon_exact_1000_v1,,,,,,0.5,,100,,25,6d40142f96d4524ef3e9b8d0a5708a0555d3ad0d0e6f412e64400b4bafa02c44,False,exchange_pairs,a1ac32a71cde9ad39522da642fa54ddd2ec65b9189f06d6895e2817defaf3f17
C201,solomon_txt,d8d9834087ae2326fa23a8510533060233dc9fb481873be60956eb26a880ad63,1,1,ok,True,3,680210,680.21,0.183932,0.500449,1,time_limit,solomon_exact_1000_v1,,,,,,0.5,,100,,25,6d40142f96d4524ef3e9b8d0a5708a0555d3ad0d0e6f412e64400b4bafa02c44,False,exchange_pairs,a1ac32a71cde9ad39522da642fa54ddd2ec65b9189f06d6895e2817defaf3f17
C201,solomon_txt,d8d9834087ae2326fa23a8510533060233dc9fb481873be60956eb26a880ad63,2,1,ok,True,3,680210,680.21,0.178129,0.500438,1,time_limit,solomon_exact_1000_v1,,,,,,0.5,,100,,25,6d40142f96d4524ef3e9b8d0a5708a0555d3ad0d0e6f412e64400b4bafa02c44,False,exchange_pairs,a1ac32a71cde9ad39522da642fa54ddd2ec65b9189f06d6895e2817defaf3f17
C202,solomon_txt,dfc8ecad79f6c7ffb096cd36994143569f0babe284d5ad194683271d81063772,0,1,ok,True,3,745233,745.233,0.169333,0.5004,1,time_limit,solomon_exact_1000_v1,,,,,,0.5,,100,,25,6d40142f96d4524ef3e9b8d0a5708a0555d3ad0d0e6f412e64400b4bafa02c44,False,exchange_pairs,a1ac32a71cde9ad39522da642fa54ddd2ec65b9189f06d6895e2817defaf3f17
C202,solomon_txt,dfc8ecad79f6c7ffb096cd36994143569f0babe284d5ad194683271d81063772,1,1,ok,True,3,743639,743.639,0.167509,0.500374,1,time_limit,solomon_exact_1000_v1,,,,,,0.5,,100,,25,6d40142f96d4524ef3e9b8d0a5708a0555d3ad0d0e6f412e64400b4bafa02c44,False,exchange_pairs,a1ac32a71cde9ad39522da642fa54ddd2ec65b9189f06d6895e2817defaf3f17
C202,solomon_txt,dfc8ecad79f6c7ffb096cd36994143569f0babe284d5ad194683271d81063772,2,1,ok,True,3,745233,745.233,0.175609,0.500444,1,time_limit,solomon_exact_1000_v1,,,,,,0.5,,100,,25,6d40142f96d4524ef3e9b8d0a5708a0555d3ad0d0e6f412e64400b4bafa02c44,False,exchange_pairs,a1ac32a71cde9ad39522da642fa54ddd2ec65b9189f06d6895e2817defaf3f17
C203,solomon_txt,2b79eea2962a848cb29f6153d4fb4ae725d35507686d937da6643b33fcd85062,0,1,ok,True,3,681625,681.625,0.176809,0.500904,1,time_limit,solomon_exact_1000_v1,,,,,,0.5,,100,,25,6d40142f96d4524ef3e9b8d0a5708a0555d3ad0d0e6f412e64400b4bafa02c44,False,exchange_pairs,a1ac32a71cde9ad39522da642fa54ddd2ec65b9189f06d6895e2817defaf3f17
C203,solomon_txt,2b79eea2962a848cb29f6153d4fb4ae725d35507686d937da6643b33fcd85062,1,1,ok,True,3,764311,764.311,0.219213,0.500533,1,time_limit,solomon_exact_1000_v1,,,,,,0.5,,100,,25,6d40142f96d4524ef3e9b8d0a5708a0555d3ad0d0e6f412e64400b4bafa02c44,False,exchange_pairs,a1ac32a71cde9ad39522da642fa54ddd2ec65b9189f06d6895e2817defaf3f17
C203,solomon_txt,2b79eea2962a848cb29f6153d4fb4ae725d35507686d937da6643b33fcd85062,2,1,ok,True,3,694744,694.744,0.182091,0.500446,1,time_limit,solomon_exact_1000_v1,,,,,,0.5,,100,,25,6d40142f96d4524ef3e9b8d0a5708a0555d3ad0d0e6f412e64400b4bafa02c44,False,exchange_pairs,a1ac32a71cde9ad39522da642fa54ddd2ec65b9189f06d6895e2817defaf3f17
C204,solomon_txt,4331b2744d34e32c2987e3fe8a82b782a2039d757d2aac818f7e0fd21117bfb4,0,1,ok,True,3,921821,921.821,0.181655,0.500401,1,time_limit,solomon_exact_1000_v1,,,,,,0.5,,100,,25,6d40142f96d4524ef3e9b8d0a5708a0555d3ad0d0e6f412e64400b4bafa02c44,False,exchange_pairs,a1ac32a71cde9ad39522da642fa54ddd2ec65b9189f06d6895e2817defaf3f17
C204,solomon_txt,4331b2744d34e32c2987e3fe8a82b782a2039d757d2aac818f7e0fd21117bfb4,1,1,ok,True,3,771971,771.971,0.175038,0.500399,1,time_limit,solomon_exact_1000_v1,,,,,,0.5,,100,,25,6d40142f96d4524ef3e9b8d0a5708a0555d3ad0d0e6f412e64400b4bafa02c44,False,exchange_pairs,a1ac32a71cde9ad39522da642fa54ddd2ec65b9189f06d6895e2817defaf3f17
C204,solomon_txt,4331b2744d34e32c2987e3fe8a82b782a2039d757d2aac818f7e0fd21117bfb4,2,1,ok,True,3,735519,735.519,0.175636,0.500409,1,time_limit,solomon_exact_1000_v1,,,,,,0.5,,100,,25,6d40142f96d4524ef3e9b8d0a5708a0555d3ad0d0e6f412e64400b4bafa02c44,False,exchange_pairs,a1ac32a71cde9ad39522da642fa54ddd2ec65b9189f06d6895e2817defaf3f17
C205,solomon_txt,15be2bb8c3e4ad99a79d1e7ee0472223feb95a4f423d010e032bda0a87266ca5,0,1,ok,True,3,782212,782.212,0.157036,0.500397,1,time_limit,solomon_exact_1000_v1,,,,,,0.5,,100,,25,6d40142f96d4524ef3e9b8d0a5708a0555d3ad0d0e6f412e64400b4bafa02c44,False,exchange_pairs,a1ac32a71cde9ad39522da642fa54ddd2ec65b9189f06d6895e2817defaf3f17
C205,solomon_txt,15be2bb8c3e4ad99a79d1e7ee0472223feb95a4f423d010e032bda0a87266ca5,1,1,ok,True,3,760074,760.074,0.156477,0.500415,1,time_limit,solomon_exact_1000_v1,,,,,,0.5,,100,,25,6d40142f96d4524ef3e9b8d0a5708a0555d3ad0d0e6f412e64400b4bafa02c44,False,exchange_pairs,a1ac32a71cde9ad39522da642fa54ddd2ec65b9189f06d6895e2817defaf3f17
C205,solomon_txt,15be2bb8c3e4ad99a79d1e7ee0472223feb95a4f423d010e032bda0a87266ca5,2,1,ok,True,3,744703,744.703,0.165157,0.500391,1,time_limit,solomon_exact_1000_v1,,,,,,0.5,,100,,25,6d40142f96d4524ef3e9b8d0a5708a0555d3ad0d0e6f412e64400b4bafa02c44,False,exchange_pairs,a1ac32a71cde9ad39522da642fa54ddd2ec65b9189f06d6895e2817defaf3f17
C206,solomon_txt,745b6c7042707ffbbfc4d681ee02a84431425f1dfb3c8aa85ecf003fec8f7e53,0,1,ok,True,3,671261,671.261,0.189879,0.500267,1,time_limit,solomon_exact_1000_v1,,,,,,0.5,,100,,25,6d40142f96d4524ef3e9b8d0a5708a0555d3ad0d0e6f412e64400b4bafa02c44,False,exchange_pairs,a1ac32a71cde9ad39522da642fa54ddd2ec65b9189f06d6895e2817defaf3f17
C206,solomon_txt,745b6c7042707ffbbfc4d681ee02a84431425f1dfb3c8aa85ecf003fec8f7e53,1,1,ok,True,3,942771,942.771,0.182154,0.5004,1,time_limit,solomon_exact_1000_v1,,,,,,0.5,,100,,25,6d40142f96d4524ef3e9b8d0a5708a0555d3ad0d0e6f412e64400b4bafa02c44,False,exchange_pairs,a1ac32a71cde9ad39522da642fa54ddd2ec65b9189f06d6895e2817defaf3f17
C206,solomon_txt,745b6c7042707ffbbfc4d681ee02a84431425f1dfb3c8aa85ecf003fec8f7e53,2,1,ok,True,3,759800,759.8,0.174761,0.500419,1,time_limit,solomon_exact_1000_v1,,,,,,0.5,,100,,25,6d40142f96d4524ef3e9b8d0a5708a0555d3ad0d0e6f412e64400b4bafa02c44,False,exchange_pairs,a1ac32a71cde9ad39522da642fa54ddd2ec65b9189f06d6895e2817defaf3f17
C207,solomon_txt,a33f03570a944c8a6d185fd6a173e66c68e67c399a4958b2d5b6d49533ace4a4,0,1,ok,True,3,902195,902.195,0.177667,0.50038,1,time_limit,solomon_exact_1000_v1,,,,,,0.5,,100,,25,6d40142f96d4524ef3e9b8d0a5708a0555d3ad0d0e6f412e64400b4bafa02c44,False,exchange_pairs,a1ac32a71cde9ad39522da642fa54ddd2ec65b9189f06d6895e2817defaf3f17
C207,solomon_txt,a33f03570a944c8a6d185fd6a173e66c68e67c399a4958b2d5b6d49533ace4a4,1,1,ok,True,3,773549,773.549,0.187254,0.500381,1,time_limit,solomon_exact_1000_v1,,,,,,0.5,,100,,25,6d40142f96d4524ef3e9b8d0a5708a0555d3ad0d0e6f412e64400b4bafa02c44,False,exchange_pairs,a1ac32a71cde9ad39522da642fa54ddd2ec65b9189f06d6895e2817defaf3f17
C207,solomon_txt,a33f03570a944c8a6d185fd6a173e66c68e67c399a4958b2d5b6d49533ace4a4,2,1,ok,True,3,675953,675.953,0.188794,0.500452,1,time_limit,solomon_exact_1000_v1,,,,,,0.5,,100,,25,6d40142f96d4524ef3e9b8d0a5708a0555d3ad0d0e6f412e64400b4bafa02c44,False,exchange_pairs,a1ac32a71cde9ad39522da642fa54ddd2ec65b9189f06d6895e2817defaf3f17
C208,solomon_txt,1c2f2381b8743680dbeb34322869cbf5a6cdd8c281f4bcffdb99b533e601874b,0,1,ok,True,4,957831,957.831,0.186847,0.500198,1,time_limit,solomon_exact_1000_v1,,,,,,0.5,,100,,25,6d40142f96d4524ef3e9b8d0a5708a0555d3ad0d0e6f412e64400b4bafa02c44,False,exchange_pairs,a1ac32a71cde9ad39522da642fa54ddd2ec65b9189f06d6895e2817defaf3f17
C208,solomon_txt,1c2f2381b8743680dbeb34322869cbf5a6cdd8c281f4bcffdb99b533e601874b,1,1,ok,True,4,957831,957.831,0.179959,0.500227,1,time_limit,solomon_exact_1000_v1,,,,,,0.5,,100,,25,6d40142f96d4524ef3e9b8d0a5708a0555d3ad0d0e6f412e64400b4bafa02c44,False,exchange_pairs,a1ac32a71cde9ad39522da642fa54ddd2ec65b9189f06d6895e2817defaf3f17
C208,solomon_txt,1c2f2381b8743680dbeb34322869cbf5a6cdd8c281f4bcffdb99b533e601874b,2,1,ok,True,3,722991,722.991,0.180404,0.50039,1,time_limit,solomon_exact_1000_v1,,,,,,0.5,,100,,25,6d40142f96d4524ef3e9b8d0a5708a0555d3ad0d0e6f412e64400b4bafa02c44,False,exchange_pairs,a1ac32a71cde9ad39522da642fa54ddd2ec65b9189f06d6895e2817defaf3f17
R101,solomon_txt,3f3655182bc0fe44ce5de65fdcd2ee2f9c7fb9ed055f923635151d9d6f76d3ed,0,1,ok,True,22,1913145,1913.145,0.052346,0.500418,1,time_limit,solomon_exact_1000_v1,,,,,,0.5,,100,,25,6d40142f96d4524ef3e9b8d0a5708a0555d3ad0d0e6f412e64400b4bafa02c44,False,exchange_pairs,a1ac32a71cde9ad39522da642fa54ddd2ec65b9189f06d6895e2817defaf3f17
R101,solomon_txt,3f3655182bc0fe44ce5de65fdcd2ee2f9c7fb9ed055f923635151d9d6f76d3ed,1,1,ok,True,21,1903068,1903.068,0.054209,0.500426,1,time_limit,solomon_exact_1000_v1,,,,,,0.5,,100,,25,6d40142f96d4524ef3e9b8d0a5708a0555d3ad0d0e6f412e64400b4bafa02c44,False,exchange_pairs,a1ac32a71cde9ad39522da642fa54ddd2ec65b9189f06d6895e2817defaf3f17
R101,solomon_txt,3f3655182bc0fe44ce5de65fdcd2ee2f9c7fb9ed055f923635151d9d6f76d3ed,2,1,ok,True,21,1841918,1841.918,0.050856,0.500413,1,time_limit,solomon_exact_1000_v1,,,,,,0.5,,100,,25,6d40142f96d4524ef3e9b8d0a5708a0555d3ad0d0e6f412e64400b4bafa02c44,False,exchange_pairs,a1ac32a71cde9ad39522da642fa54ddd2ec65b9189f06d6895e2817defaf3f17
R102,solomon_txt,eeb23171b7e4fbfc80bf000ca770329109900fbd7273fa8b9d1f95b7dfe683c3,0,1,ok,True,19,1640559,1640.559,0.054968,0.500448,1,time_limit,solomon_exact_1000_v1,,,,,,0.5,,100,,25,6d40142f96d4524ef3e9b8d0a5708a0555d3ad0d0e6f412e64400b4bafa02c44,False,exchange_pairs,a1ac32a71cde9ad39522da642fa54ddd2ec65b9189f06d6895e2817defaf3f17
R102,solomon_txt,eeb23171b7e4fbfc80bf000ca770329109900fbd7273fa8b9d1f95b7dfe683c3,1,1,ok,True,19,1691310,1691.31,0.05395,0.500413,1,time_limit,solomon_exact_1000_v1,,,,,,0.5,,100,,25,6d40142f96d4524ef3e9b8d0a5708a0555d3ad0d0e6f412e64400b4bafa02c44,False,exchange_pairs,a1ac32a71cde9ad39522da642fa54ddd2ec65b9189f06d6895e2817defaf3f17
R102,solomon_txt,eeb23171b7e4fbfc80bf000ca770329109900fbd7273fa8b9d1f95b7dfe683c3,2,1,ok,True,19,1605808,1605.808,0.056238,0.500418,1,time_limit,solomon_exact_1000_v1,,,,,,0.5,,100,,25,6d40142f96d4524ef3e9b8d0a5708a0555d3ad0d0e6f412e64400b4bafa02c44,False,exchange_pairs,a1ac32a71cde9ad39522da642fa54ddd2ec65b9189f06d6895e2817defaf3f17
R103,solomon_txt,1f833e8648ba39e0edc76754fb49e81777a7175cf7b084c3f60a12607bfb3991,0,1,ok,True,14,1546015,1546.015,0.061523,0.500393,1,time_limit,solomon_exact_1000_v1,,,,,,0.5,,100,,25,6d40142f96d4524ef3e9b8d0a5708a0555d3ad0d0e6f412e64400b4bafa02c44,False,exchange_pairs,a1ac32a71cde9ad39522da642fa54ddd2ec65b9189f06d6895e2817defaf3f17
R103,solomon_txt,1f833e8648ba39e0edc76754fb49e81777a7175cf7b084c3f60a12607bfb3991,1,1,ok,True,14,1546015,1546.015,0.064444,0.500407,1,time_limit,solomon_exact_1000_v1,,,,,,0.5,,100,,25,6d40142f96d4524ef3e9b8d0a5708a0555d3ad0d0e6f412e64400b4bafa02c44,False,exchange_pairs,a1ac32a71cde9ad39522da642fa54ddd2ec65b9189f06d6895e2817defaf3f17
R103,solomon_txt,1f833e8648ba39e0edc76754fb49e81777a7175cf7b084c3f60a12607bfb3991,2,1,ok,True,14,1542786,1542.786,0.060607,0.500391,1,time_limit,solomon_exact_1000_v1,,,,,,0.5,,100,,25,6d40142f96d4524ef3e9b8d0a5708a0555d3ad0d0e6f412e64400b4bafa02c44,False,exchange_pairs,a1ac32a71cde9ad39522da642fa54ddd2ec65b9189f06d6895e2817defaf3f17
R104,solomon_txt,dd087124311d91facd81736debbfc7d0f351d27942917e2d76cbafd01e6183b7,0,1,ok,True,11,1184423,1184.423,0.072935,0.500394,2,time_limit,solomon_exact_1000_v1,,,,,,0.5,,100,,25,6d40142f96d4524ef3e9b8d0a5708a0555d3ad0d0e6f412e64400b4bafa02c44,False,exchange_pairs,a1ac32a71cde9ad39522da642fa54ddd2ec65b9189f06d6895e2817defaf3f17
R104,solomon_txt,dd087124311d91facd81736debbfc7d0f351d27942917e2d76cbafd01e6183b7,1,1,ok,True,11,1211176,1211.176,0.070561,0.500426,1,time_limit,solomon_exact_1000_v1,,,,,,0.5,,100,,25,6d40142f96d4524ef3e9b8d0a5708a0555d3ad0d0e6f412e64400b4bafa02c44,False,exchange_pairs,a1ac32a71cde9ad39522da642fa54ddd2ec65b9189f06d6895e2817defaf3f17
R104,solomon_txt,dd087124311d91facd81736debbfc7d0f351d27942917e2d76cbafd01e6183b7,2,1,ok,True,11,1321819,1321.819,0.072881,0.500388,1,time_limit,solomon_exact_1000_v1,,,,,,0.5,,100,,25,6d40142f96d4524ef3e9b8d0a5708a0555d3ad0d0e6f412e64400b4bafa02c44,False,exchange_pairs,a1ac32a71cde9ad39522da642fa54ddd2ec65b9189f06d6895e2817defaf3f17
R105,solomon_txt,ff1a614f8458d6339b3f54d8e4ca2dcf0a35c96012f477f6a819ae481de85ca4,0,1,ok,True,16,1686761,1686.761,0.056182,0.500429,1,time_limit,solomon_exact_1000_v1,,,,,,0.5,,100,,25,6d40142f96d4524ef3e9b8d0a5708a0555d3ad0d0e6f412e64400b4bafa02c44,False,exchange_pairs,a1ac32a71cde9ad39522da642fa54ddd2ec65b9189f06d6895e2817defaf3f17
R105,solomon_txt,ff1a614f8458d6339b3f54d8e4ca2dcf0a35c96012f477f6a819ae481de85ca4,1,1,ok,True,17,1661220,1661.22,0.056421,0.500437,1,time_limit,solomon_exact_1000_v1,,,,,,0.5,,100,,25,6d40142f96d4524ef3e9b8d0a5708a0555d3ad0d0e6f412e64400b4bafa02c44,False,exchange_pairs,a1ac32a71cde9ad39522da642fa54ddd2ec65b9189f06d6895e2817defaf3f17
R105,solomon_txt,ff1a614f8458d6339b3f54d8e4ca2dcf0a35c96012f477f6a819ae481de85ca4,2,1,ok,True,16,1692407,1692.407,0.057297,0.500415,1,time_limit,solomon_exact_1000_v1,,,,,,0.5,,100,,25,6d40142f96d4524ef3e9b8d0a5708a0555d3ad0d0e6f412e64400b4bafa02c44,False,exchange_pairs,a1ac32a71cde9ad39522da642fa54ddd2ec65b9189f06d6895e2817defaf3f17
R106,solomon_txt,31b8783d177f0fbe1c84b8f085fbf28b1989a80e4c00f49f5654ebef99835e97,0,1,ok,True,14,1540595,1540.595,0.060256,0.500406,1,time_limit,solomon_exact_1000_v1,,,,,,0.5,,100,,25,6d40142f96d4524ef3e9b8d0a5708a0555d3ad0d0e6f412e64400b4bafa02c44,False,exchange_pairs,a1ac32a71cde9ad39522da642fa54ddd2ec65b9189f06d6895e2817defaf3f17
R106,solomon_txt,31b8783d177f0fbe1c84b8f085fbf28b1989a80e4c00f49f5654ebef99835e97,1,1,ok,True,14,1642386,1642.386,0.058304,0.50039,1,time_limit,solomon_exact_1000_v1,,,,,,0.5,,100,,25,6d40142f96d4524ef3e9b8d0a5708a0555d3ad0d0e6f412e64400b4bafa02c44,False,exchange_pairs,a1ac32a71cde9ad39522da642fa54ddd2ec65b9189f06d6895e2817defaf3f17
R106,solomon_txt,31b8783d177f0fbe1c84b8f085fbf28b1989a80e4c00f49f5654ebef99835e97,2,1,ok,True,14,1556988,1556.988,0.05757,0.500416,1,time_limit,solomon_exact_1000_v1,,,,,,0.5,,100,,25,6d40142f96d4524ef3e9b8d0a5708a0555d3ad0d0e6f412e64400b4bafa02c44,False,exchange_pairs,a1ac32a71cde9ad39522da642fa54ddd2ec65b9189f06d6895e2817defaf3f17
R107,solomon_txt,dba2b257a1d43d7c78d5e3a9f09091a2b125d3fbec78c0c8a1782add669a1275,0,1,ok,True,12,1283469,1283.469,0.067216,0.500401,1,time_limit,solomon_exact_1000_v1,,,,,,0.5,,100,,25,6d40142f96d4524ef3e9b8d0a5708a0555d3ad0d0e6f412e64400b4bafa02c44,False,exchange_pairs,a1ac32a71cde9ad39522da642fa54ddd2ec65b9189f06d6895e2817defaf3f17
R107,solomon_txt,dba2b257a1d43d7c78d5e3a9f09091a2b125d3fbec78c0c8a1782add669a1275,1,1,ok,True,12,1503529,1503.529,0.065376,0.500383,1,time_limit,solomon_exact_1000_v1,,,,,,0.5,,100,,25,6d40142f96d4524ef3e9b8d0a5708a0555d3ad0d0e6f412e64400b4bafa02c44,False,exchange_pairs,a1ac32a71cde9ad39522da642fa54ddd2ec65b9189f06d6895e2817defaf3f17
R107,solomon_txt,dba2b257a1d43d7c78d5e3a9f09091a2b125d3fbec78c0c8a1782add669a1275,2,1,ok,True,12,1486083,1486.083,0.065987,0.500391,1,time_limit,solomon_exact_1000_v1,,,,,,0.5,,100,,25,6d40142f96d4524ef3e9b8d0a5708a0555d3ad0d0e6f412e64400b4bafa02c44,False,exchange_pairs,a1ac32a71cde9ad39522da642fa54ddd2ec65b9189f06d6895e2817defaf3f17
R108,solomon_txt,65cae09f4099b7e70d2b723e0e3a30aa1494c75a367bb894a3fd13241ee639d4,0,1,ok,True,11,1315436,1315.436,0.069984,0.500413,1,time_limit,solomon_exact_1000_v1,,,,,,0.5,,100,,25,6d40142f96d4524ef3e9b8d0a5708a0555d3ad0d0e6f412e64400b4bafa02c44,False,exchange_pairs,a1ac32a71cde9ad39522da642fa54ddd2ec65b9189f06d6895e2817defaf3f17
R108,solomon_txt,65cae09f4099b7e70d2b723e0e3a30aa1494c75a367bb894a3fd13241ee639d4,1,1,ok,True,10,1128679,1128.679,0.069797,0.500372,1,time_limit,solomon_exact_1000_v1,,,,,,0.5,,100,,25,6d40142f96d4524ef3e9b8d0a5708a0555d3ad0d0e6f412e64400b4bafa02c44,False,exchange_pairs,a1ac32a71cde9ad39522da642fa54ddd2ec65b9189f06d6895e2817defaf3f17
R108,solomon_txt,65cae09f4099b7e70d2b723e0e3a30aa1494c75a367bb894a3fd13241ee639d4,2,1,ok,True,11,1356475,1356.475,0.071704,0.500396,1,time_limit,solomon_exact_1000_v1,,,,,,0.5,,100,,25,6d40142f96d4524ef3e9b8d0a5708a0555d3ad0d0e6f412e64400b4bafa02c44,False,exchange_pairs,a1ac32a71cde9ad39522da642fa54ddd2ec65b9189f06d6895e2817defaf3f17
R109,solomon_txt,4ef24030e8c48de5f85dcd90c5739186004fc8dec87533b6467013cf996f4777,0,1,ok,True,14,1518493,1518.493,0.054673,0.500399,1,time_limit,solomon_exact_1000_v1,,,,,,0.5,,100,,25,6d40142f96d4524ef3e9b8d0a5708a0555d3ad0d0e6f412e64400b4bafa02c44,False,exchange_pairs,a1ac32a71cde9ad39522da642fa54ddd2ec65b9189f06d6895e2817defaf3f17
R109,solomon_txt,4ef24030e8c48de5f85dcd90c5739186004fc8dec87533b6467013cf996f4777,1,1,ok,True,15,1596620,1596.62,0.056232,0.50041,1,time_limit,solomon_exact_1000_v1,,,,,,0.5,,100,,25,6d40142f96d4524ef3e9b8d0a5708a0555d3ad0d0e6f412e64400b4bafa02c44,False,exchange_pairs,a1ac32a71cde9ad39522da642fa54ddd2ec65b9189f06d6895e2817defaf3f17
R109,solomon_txt,4ef24030e8c48de5f85dcd90c5739186004fc8dec87533b6467013cf996f4777,2,1,ok,True,14,1585692,1585.692,0.056384,0.500394,1,time_limit,solomon_exact_1000_v1,,,,,,0.5,,100,,25,6d40142f96d4524ef3e9b8d0a5708a0555d3ad0d0e6f412e64400b4bafa02c44,False,exchange_pairs,a1ac32a71cde9ad39522da642fa54ddd2ec65b9189f06d6895e2817defaf3f17
R110,solomon_txt,14cb53cb99af61d3d708f07564b9a72d146e7c26b4f10507cfaf3bc828f34bfa,0,1,ok,True,13,1561904,1561.904,0.062378,0.500477,1,time_limit,solomon_exact_1000_v1,,,,,,0.5,,100,,25,6d40142f96d4524ef3e9b8d0a5708a0555d3ad0d0e6f412e64400b4bafa02c44,False,exchange_pairs,a1ac32a71cde9ad39522da642fa54ddd2ec65b9189f06d6895e2817defaf3f17
R110,solomon_txt,14cb53cb99af61d3d708f07564b9a72d146e7c26b4f10507cfaf3bc828f34bfa,1,1,ok,True,13,1523698,1523.698,0.063441,0.500388,1,time_limit,solomon_exact_1000_v1,,,,,,0.5,,100,,25,6d40142f96d4524ef3e9b8d0a5708a0555d3ad0d0e6f412e64400b4bafa02c44,False,exchange_pairs,a1ac32a71cde9ad39522da642fa54ddd2ec65b9189f06d6895e2817defaf3f17
R110,solomon_txt,14cb53cb99af61d3d708f07564b9a72d146e7c26b4f10507cfaf3bc828f34bfa,2,1,ok,True,13,1559998,1559.998,0.061171,0.500403,1,time_limit,solomon_exact_1000_v1,,,,,,0.5,,100,,25,6d40142f96d4524ef3e9b8d0a5708a0555d3ad0d0e6f412e64400b4bafa02c44,False,exchange_pairs,a1ac32a71cde9ad39522da642fa54ddd2ec65b9189f06d6895e2817defaf3f17
R111,solomon_txt,3d94a73b1f2fe8aae4618b9d9ea254cff2e3924a6a841aa390096ec6c60f258d,0,1,ok,True,12,1400068,1400.068,0.065891,0.500395,1,time_limit,solomon_exact_1000_v1,,,,,,0.5,,100,,25,6d40142f96d4524ef3e9b8d0a5708a0555d3ad0d0e6f412e64400b4bafa02c44,False,exchange_pairs,a1ac32a71cde9ad39522da642fa54ddd2ec65b9189f06d6895e2817defaf3f17
R111,solomon_txt,3d94a73b1f2fe8aae4618b9d9ea254cff2e3924a6a841aa390096ec6c60f258d,1,1,ok,True,12,1436834,1436.834,0.063763,0.50039,1,time_limit,solomon_exact_1000_v1,,,,,,0.5,,100,,25,6d40142f96d4524ef3e9b8d0a5708a0555d3ad0d0e6f412e64400b4bafa02c44,False,exchange_pairs,a1ac32a71cde9ad39522da642fa54ddd2ec65b9189f06d6895e2817defaf3f17
R111,solomon_txt,3d94a73b1f2fe8aae4618b9d9ea254cff2e3924a6a841aa390096ec6c60f258d,2,1,ok,True,12,1307395,1307.395,0.063483,0.500375,1,time_limit,solomon_exact_1000_v1,,,,,,0.5,,100,,25,6d40142f96d4524ef3e9b8d0a5708a0555d3ad0d0e6f412e64400b4bafa02c44,False,exchange_pairs,a1ac32a71cde9ad39522da642fa54ddd2ec65b9189f06d6895e2817defaf3f17
R112,solomon_txt,a0e93149d59d30c356619891d192e86d0f16c3158e1dac3bd9f23c6deb718271,0,1,ok,True,12,1461952,1461.952,0.061986,0.500402,1,time_limit,solomon_exact_1000_v1,,,,,,0.5,,100,,25,6d40142f96d4524ef3e9b8d0a5708a0555d3ad0d0e6f412e64400b4bafa02c44,False,exchange_pairs,a1ac32a71cde9ad39522da642fa54ddd2ec65b9189f06d6895e2817defaf3f17
R112,solomon_txt,a0e93149d59d30c356619891d192e86d0f16c3158e1dac3bd9f23c6deb718271,1,1,ok,True,13,1390564,1390.564,0.061745,0.500417,1,time_limit,solomon_exact_1000_v1,,,,,,0.5,,100,,25,6d40142f96d4524ef3e9b8d0a5708a0555d3ad0d0e6f412e64400b4bafa02c44,False,exchange_pairs,a1ac32a71cde9ad39522da642fa54ddd2ec65b9189f06d6895e2817defaf3f17
R112,solomon_txt,a0e93149d59d30c356619891d192e86d0f16c3158e1dac3bd9f23c6deb718271,2,1,ok,True,12,1348593,1348.593,0.063102,0.500393,1,time_limit,solomon_exact_1000_v1,,,,,,0.5,,100,,25,6d40142f96d4524ef3e9b8d0a5708a0555d3ad0d0e6f412e64400b4bafa02c44,False,exchange_pairs,a1ac32a71cde9ad39522da642fa54ddd2ec65b9189f06d6895e2817defaf3f17
R201,solomon_txt,0be960ec998fff2cab0bdbcc5194c617e5ca0a79c82c5b32b1d4bd98b2cae210,0,1,ok,True,5,1726658,1726.658,0.127183,0.500193,1,time_limit,solomon_exact_1000_v1,,,,,,0.5,,100,,25,6d40142f96d4524ef3e9b8d0a5708a0555d3ad0d0e6f412e64400b4bafa02c44,False,exchange_pairs,a1ac32a71cde9ad39522da642fa54ddd2ec65b9189f06d6895e2817defaf3f17
R201,solomon_txt,0be960ec998fff2cab0bdbcc5194c617e5ca0a79c82c5b32b1d4bd98b2cae210,1,1,ok,True,4,1665126,1665.126,0.131604,0.500362,1,time_limit,solomon_exact_1000_v1,,,,,,0.5,,100,,25,6d40142f96d4524ef3e9b8d0a5708a0555d3ad0d0e6f412e64400b4bafa02c44,False,exchange_pairs,a1ac32a71cde9ad39522da642fa54ddd2ec65b9189f06d6895e2817defaf3f17
R201,solomon_txt,0be960ec998fff2cab0bdbcc5194c617e5ca0a79c82c5b32b1d4bd98b2cae210,2,1,ok,True,4,1605282,1605.282,0.130603,0.500392,1,time_limit,solomon_exact_1000_v1,,,,,,0.5,,100,,25,6d40142f96d4524ef3e9b8d0a5708a0555d3ad0d0e6f412e64400b4bafa02c44,False,exchange_pairs,a1ac32a71cde9ad39522da642fa54ddd2ec65b9189f06d6895e2817defaf3f17
R202,solomon_txt,1f7761bb33e9dd0c94837b32c72280296ffc283dba997379c7ad75ce00dffc8d,0,1,ok,True,4,1622244,1622.244,0.159924,0.500242,1,time_limit,solomon_exact_1000_v1,,,,,,0.5,,100,,25,6d40142f96d4524ef3e9b8d0a5708a0555d3ad0d0e6f412e64400b4bafa02c44,False,exchange_pairs,a1ac32a71cde9ad39522da642fa54ddd2ec65b9189f06d6895e2817defaf3f17
R202,solomon_txt,1f7761bb33e9dd0c94837b32c72280296ffc283dba997379c7ad75ce00dffc8d,1,1,ok,True,4,1622244,1622.244,0.15213,0.500358,1,time_limit,solomon_exact_1000_v1,,,,,,0.5,,100,,25,6d40142f96d4524ef3e9b8d0a5708a0555d3ad0d0e6f412e64400b4bafa02c44,False,exchange_pairs,a1ac32a71cde9ad39522da642fa54ddd2ec65b9189f06d6895e2817defaf3f17
R202,solomon_txt,1f7761bb33e9dd0c94837b32c72280296ffc283dba997379c7ad75ce00dffc8d,2,1,ok,True,4,1622244,1622.244,0.15333,0.500399,1,time_limit,solomon_exact_1000_v1,,,,,,0.5,,100,,25,6d40142f96d4524ef3e9b8d0a5708a0555d3ad0d0e6f412e64400b4bafa02c44,False,exchange_pairs,a1ac32a71cde9ad39522da642fa54ddd2ec65b9189f06d6895e2817defaf3f17
R203,solomon_txt,38c484db31bd7452a94d533e26a2348ef598df600b79d061d9ddc1c61466a731,0,1,ok,True,3,1254951,1254.951,0.157957,0.500417,1,time_limit,solomon_exact_1000_v1,,,,,,0.5,,100,,25,6d40142f96d4524ef3e9b8d0a5708a0555d3ad0d0e6f412e64400b4bafa02c44,False,exchange_pairs,a1ac32a71cde9ad39522da642fa54ddd2ec65b9189f06d6895e2817defaf3f17
R203,solomon_txt,38c484db31bd7452a94d533e26a2348ef598df600b79d061d9ddc1c61466a731,1,1,ok,True,3,1253436,1253.436,0.163951,0.500418,1,time_limit,solomon_exact_1000_v1,,,,,,0.5,,100,,25,6d40142f96d4524ef3e9b8d0a5708a0555d3ad0d0e6f412e64400b4bafa02c44,False,exchange_pairs,a1ac32a71cde9ad39522da642fa54ddd2ec65b9189f06d6895e2817defaf3f17
R203,solomon_txt,38c484db31bd7452a94d533e26a2348ef598df600b79d061d9ddc1c61466a731,2,1,ok,True,3,1219438,1219.438,0.160162,0.500373,1,time_limit,solomon_exact_1000_v1,,,,,,0.5,,100,,25,6d40142f96d4524ef3e9b8d0a5708a0555d3ad0d0e6f412e64400b4bafa02c44,False,exchange_pairs,a1ac32a71cde9ad39522da642fa54ddd2ec65b9189f06d6895e2817defaf3f17
R204,solomon_txt,5349e37d8df99bcbee1efa2e970d2662b5265e5f82fc609343a6af0a60257abf,0,1,ok,True,3,1331038,1331.038,0.205073,0.500228,1,time_limit,solomon_exact_1000_v1,,,,,,0.5,,100,,25,6d40142f96d4524ef3e9b8d0a5708a0555d3ad0d0e6f412e64400b4bafa02c44,False,exchange_pairs,a1ac32a71cde9ad39522da642fa54ddd2ec65b9189f06d6895e2817defaf3f17
R204,solomon_txt,5349e37d8df99bcbee1efa2e970d2662b5265e5f82fc609343a6af0a60257abf,1,1,ok,True,3,1331038,1331.038,0.199366,0.50021,1,time_limit,solomon_exact_1000_v1,,,,,,0.5,,100,,25,6d40142f96d4524ef3e9b8d0a5708a0555d3ad0d0e6f412e64400b4bafa02c44,False,exchange_pairs,a1ac32a71cde9ad39522da642fa54ddd2ec65b9189f06d6895e2817defaf3f17
R204,solomon_txt,5349e37d8df99bcbee1efa2e970d2662b5265e5f82fc609343a6af0a60257abf,2,1,ok,True,3,1310217,1310.217,0.19824,0.500352,1,time_limit,solomon_exact_1000_v1,,,,,,0.5,,100,,25,6d40142f96d4524ef3e9b8d0a5708a0555d3ad0d0e6f412e64400b4bafa02c44,False,exchange_pairs,a1ac32a71cde9ad39522da642fa54ddd2ec65b9189f06d6895e2817defaf3f17
R205,solomon_txt,1996bf8f10716fb8cfc1a585206a6a6e566f32347c1bb8f36c75ed6c887f77e3,0,1,ok,True,3,1303717,1303.717,0.163245,0.500202,1,time_limit,solomon_exact_1000_v1,,,,,,0.5,,100,,25,6d40142f96d4524ef3e9b8d0a5708a0555d3ad0d0e6f412e64400b4bafa02c44,False,exchange_pairs,a1ac32a71cde9ad39522da642fa54ddd2ec65b9189f06d6895e2817defaf3f17
R205,solomon_txt,1996bf8f10716fb8cfc1a585206a6a6e566f32347c1bb8f36c75ed6c887f77e3,1,1,ok,True,4,1673993,1673.993,0.161954,0.500361,1,time_limit,solomon_exact_1000_v1,,,,,,0.5,,100,,25,6d40142f96d4524ef3e9b8d0a5708a0555d3ad0d0e6f412e64400b4bafa02c44,False,exchange_pairs,a1ac32a71cde9ad39522da642fa54ddd2ec65b9189f06d6895e2817defaf3f17
R205,solomon_txt,1996bf8f10716fb8cfc1a585206a6a6e566f32347c1bb8f36c75ed6c887f77e3,2,1,ok,True,4,1700248,1700.248,0.254456,0.500374,1,time_limit,solomon_exact_1000_v1,,,,,,0.5,,100,,25,6d40142f96d4524ef3e9b8d0a5708a0555d3ad0d0e6f412e64400b4bafa02c44,False,exchange_pairs,a1ac32a71cde9ad39522da642fa54ddd2ec65b9189f06d6895e2817defaf3f17
R206,solomon_txt,c8754a0319264d076c038b1bf023c8c4710e8895fe3e03f485e9ae249f32fe43,0,1,ok,True,3,1533607,1533.607,0.32836,0.500652,1,time_limit,solomon_exact_1000_v1,,,,,,0.5,,100,,25,6d40142f96d4524ef3e9b8d0a5708a0555d3ad0d0e6f412e64400b4bafa02c44,False,exchange_pairs,a1ac32a71cde9ad39522da642fa54ddd2ec65b9189f06d6895e2817defaf3f17
R206,solomon_txt,c8754a0319264d076c038b1bf023c8c4710e8895fe3e03f485e9ae249f32fe43,1,1,ok,True,3,1533607,1533.607,0.300572,0.500451,1,time_limit,solomon_exact_1000_v1,,,,,,0.5,,100,,25,6d40142f96d4524ef3e9b8d0a5708a0555d3ad0d0e6f412e64400b4bafa02c44,False,exchange_pairs,a1ac32a71cde9ad39522da642fa54ddd2ec65b9189f06d6895e2817defaf3f17
R206,solomon_txt,c8754a0319264d076c038b1bf023c8c4710e8895fe3e03f485e9ae249f32fe43,2,1,ok,True,3,1533607,1533.607,0.301664,0.500563,1,time_limit,solomon_exact_1000_v1,,,,,,0.5,,100,,25,6d40142f96d4524ef3e9b8d0a5708a0555d3ad0d0e6f412e64400b4bafa02c44,False,exchange_pairs,a1ac32a71cde9ad39522da642fa54ddd2ec65b9189f06d6895e2817defaf3f17
R207,solomon_txt,52dc8eebba43fdc67ca9aadab228b75a297acb55a87db3e4748e82f623e3cbe6,0,1,ok,True,4,1302528,1302.528,0.373013,0.50087,1,time_limit,solomon_exact_1000_v1,,,,,,0.5,,100,,25,6d40142f96d4524ef3e9b8d0a5708a0555d3ad0d0e6f412e64400b4bafa02c44,False,exchange_pairs,a1ac32a71cde9ad39522da642fa54ddd2ec65b9189f06d6895e2817defaf3f17
R207,solomon_txt,52dc8eebba43fdc67ca9aadab228b75a297acb55a87db3e4748e82f623e3cbe6,1,1,ok,True,4,1302528,1302.528,0.343876,0.500389,1,time_limit,solomon_exact_1000_v1,,,,,,0.5,,100,,25,6d40142f96d4524ef3e9b8d0a5708a0555d3ad0d0e6f412e64400b4bafa02c44,False,exchange_pairs,a1ac32a71cde9ad39522da642fa54ddd2ec65b9189f06d6895e2817defaf3f17
R207,solomon_txt,52dc8eebba43fdc67ca9aadab228b75a297acb55a87db3e4748e82f623e3cbe6,2,1,ok,True,4,1302528,1302.528,0.298218,0.50092,1,time_limit,solomon_exact_1000_v1,,,,,,0.5,,100,,25,6d40142f96d4524ef3e9b8d0a5708a0555d3ad0d0e6f412e64400b4bafa02c44,False,exchange_pairs,a1ac32a71cde9ad39522da642fa54ddd2ec65b9189f06d6895e2817defaf3f17
R208,solomon_txt,7b4a95d500af9329dd08791d39898a619faec0f8fac039d57373e761545b980d,0,1,ok,True,3,957965,957.965,0.431331,0.500344,1,time_limit,solomon_exact_1000_v1,,,,,,0.5,,100,,25,6d40142f96d4524ef3e9b8d0a5708a0555d3ad0d0e6f412e64400b4bafa02c44,False,exchange_pairs,a1ac32a71cde9ad39522da642fa54ddd2ec65b9189f06d6895e2817defaf3f17
R208,solomon_txt,7b4a95d500af9329dd08791d39898a619faec0f8fac039d57373e761545b980d,1,1,ok,True,3,957965,957.965,0.330154,0.500336,1,time_limit,solomon_exact_1000_v1,,,,,,0.5,,100,,25,6d40142f96d4524ef3e9b8d0a5708a0555d3ad0d0e6f412e64400b4bafa02c44,False,exchange_pairs,a1ac32a71cde9ad39522da642fa54ddd2ec65b9189f06d6895e2817defaf3f17
R208,solomon_txt,7b4a95d500af9329dd08791d39898a619faec0f8fac039d57373e761545b980d,2,1,ok,True,3,957965,957.965,0.243295,0.500272,1,time_limit,solomon_exact_1000_v1,,,,,,0.5,,100,,25,6d40142f96d4524ef3e9b8d0a5708a0555d3ad0d0e6f412e64400b4bafa02c44,False,exchange_pairs,a1ac32a71cde9ad39522da642fa54ddd2ec65b9189f06d6895e2817defaf3f17
R209,solomon_txt,5b74156d032babcff853ccc693f94463eca8333cd425aa99a39ed996f6258933,0,1,ok,True,3,1278206,1278.206,0.171499,0.500266,1,time_limit,solomon_exact_1000_v1,,,,,,0.5,,100,,25,6d40142f96d4524ef3e9b8d0a5708a0555d3ad0d0e6f412e64400b4bafa02c44,False,exchange_pairs,a1ac32a71cde9ad39522da642fa54ddd2ec65b9189f06d6895e2817defaf3f17
R209,solomon_txt,5b74156d032babcff853ccc693f94463eca8333cd425aa99a39ed996f6258933,1,1,ok,True,3,1303297,1303.297,0.165321,0.50028,1,time_limit,solomon_exact_1000_v1,,,,,,0.5,,100,,25,6d40142f96d4524ef3e9b8d0a5708a0555d3ad0d0e6f412e64400b4bafa02c44,False,exchange_pairs,a1ac32a71cde9ad39522da642fa54ddd2ec65b9189f06d6895e2817defaf3f17
R209,solomon_txt,5b74156d032babcff853ccc693f94463eca8333cd425aa99a39ed996f6258933,2,1,ok,True,3,1388821,1388.821,0.165544,0.500395,1,time_limit,solomon_exact_1000_v1,,,,,,0.5,,100,,25,6d40142f96d4524ef3e9b8d0a5708a0555d3ad0d0e6f412e64400b4bafa02c44,False,exchange_pairs,a1ac32a71cde9ad39522da642fa54ddd2ec65b9189f06d6895e2817defaf3f17
R210,solomon_txt,4e5772f109fb6183e6a648d6a1edaba3435438c2dc11c42da370fecf7bdf3a14,0,1,ok,True,3,1402444,1402.444,0.174815,0.500421,1,time_limit,solomon_exact_1000_v1,,,,,,0.5,,100,,25,6d40142f96d4524ef3e9b8d0a5708a0555d3ad0d0e6f412e64400b4bafa02c44,False,exchange_pairs,a1ac32a71cde9ad39522da642fa54ddd2ec65b9189f06d6895e2817defaf3f17
R210,solomon_txt,4e5772f109fb6183e6a648d6a1edaba3435438c2dc11c42da370fecf7bdf3a14,1,1,ok,True,3,1421226,1421.226,0.182908,0.500438,1,time_limit,solomon_exact_1000_v1,,,,,,0.5,,100,,25,6d40142f96d4524ef3e9b8d0a5708a0555d3ad0d0e6f412e64400b4bafa02c44,False,exchange_pairs,a1ac32a71cde9ad39522da642fa54ddd2ec65b9189f06d6895e2817defaf3f17
R210,solomon_txt,4e5772f109fb6183e6a648d6a1edaba3435438c2dc11c42da370fecf7bdf3a14,2,1,ok,True,3,1427559,1427.559,0.183378,0.500509,1,time_limit,solomon_exact_1000_v1,,,,,,0.5,,100,,25,6d40142f96d4524ef3e9b8d0a5708a0555d3ad0d0e6f412e64400b4bafa02c44,False,exchange_pairs,a1ac32a71cde9ad39522da642fa54ddd2ec65b9189f06d6895e2817defaf3f17
R211,solomon_txt,2965507e467a2f92acd59035975910e36ae11e4f49590d4c7d20a883939227ad,0,1,ok,True,3,1516434,1516.434,0.202877,0.500274,1,time_limit,solomon_exact_1000_v1,,,,,,0.5,,100,,25,6d40142f96d4524ef3e9b8d0a5708a0555d3ad0d0e6f412e64400b4bafa02c44,False,exchange_pairs,a1ac32a71cde9ad39522da642fa54ddd2ec65b9189f06d6895e2817defaf3f17
R211,solomon_txt,2965507e467a2f92acd59035975910e36ae11e4f49590d4c7d20a883939227ad,1,1,ok,True,3,1516434,1516.434,0.195745,0.500286,1,time_limit,solomon_exact_1000_v1,,,,,,0.5,,100,,25,6d40142f96d4524ef3e9b8d0a5708a0555d3ad0d0e6f412e64400b4bafa02c44,False,exchange_pairs,a1ac32a71cde9ad39522da642fa54ddd2ec65b9189f06d6895e2817defaf3f17
R211,solomon_txt,2965507e467a2f92acd59035975910e36ae11e4f49590d4c7d20a883939227ad,2,1,ok,True,3,1516434,1516.434,0.193428,0.500438,1,time_limit,solomon_exact_1000_v1,,,,,,0.5,,100,,25,6d40142f96d4524ef3e9b8d0a5708a0555d3ad0d0e6f412e64400b4bafa02c44,False,exchange_pairs,a1ac32a71cde9ad39522da642fa54ddd2ec65b9189f06d6895e2817defaf3f17
RC101,solomon_txt,ef6893ffd9746ad96de8e4da6e64e2c4ba6e08a1c7eb9457276a9f1caf01ca12,0,1,ok,True,17,2197881,2197.881,0.058851,0.500519,2,time_limit,solomon_exact_1000_v1,,,,,,0.5,,100,,25,6d40142f96d4524ef3e9b8d0a5708a0555d3ad0d0e6f412e64400b4bafa02c44,False,exchange_pairs,a1ac32a71cde9ad39522da642fa54ddd2ec65b9189f06d6895e2817defaf3f17
RC101,solomon_txt,ef6893ffd9746ad96de8e4da6e64e2c4ba6e08a1c7eb9457276a9f1caf01ca12,1,1,ok,True,18,2052077,2052.077,0.057272,0.500466,1,time_limit,solomon_exact_1000_v1,,,,,,0.5,,100,,25,6d40142f96d4524ef3e9b8d0a5708a0555d3ad0d0e6f412e64400b4bafa02c44,False,exchange_pairs,a1ac32a71cde9ad39522da642fa54ddd2ec65b9189f06d6895e2817defaf3f17
RC101,solomon_txt,ef6893ffd9746ad96de8e4da6e64e2c4ba6e08a1c7eb9457276a9f1caf01ca12,2,1,ok,True,18,1983759,1983.759,0.058909,0.500508,1,time_limit,solomon_exact_1000_v1,,,,,,0.5,,100,,25,6d40142f96d4524ef3e9b8d0a5708a0555d3ad0d0e6f412e64400b4bafa02c44,False,exchange_pairs,a1ac32a71cde9ad39522da642fa54ddd2ec65b9189f06d6895e2817defaf3f17
RC102,solomon_txt,36acd349d34a577c7fadd61f78517c2cb74bd06a490273800c288f341e5785a4,0,1,ok,True,15,1756601,1756.601,0.062576,0.500481,2,time_limit,solomon_exact_1000_v1,,,,,,0.5,,100,,25,6d40142f96d4524ef3e9b8d0a5708a0555d3ad0d0e6f412e64400b4bafa02c44,False,exchange_pairs,a1ac32a71cde9ad39522da642fa54ddd2ec65b9189f06d6895e2817defaf3f17
RC102,solomon_txt,36acd349d34a577c7fadd61f78517c2cb74bd06a490273800c288f341e5785a4,1,1,ok,True,15,1832717,1832.717,0.059228,0.500481,1,time_limit,solomon_exact_1000_v1,,,,,,0.5,,100,,25,6d40142f96d4524ef3e9b8d0a5708a0555d3ad0d0e6f412e64400b4bafa02c44,False,exchange_pairs,a1ac32a71cde9ad39522da642fa54ddd2ec65b9189f06d6895e2817defaf3f17
RC102,solomon_txt,36acd349d34a577c7fadd61f78517c2cb74bd06a490273800c288f341e5785a4,2,1,ok,True,16,1812496,1812.496,0.063727,0.500619,1,time_limit,solomon_exact_1000_v1,,,,,,0.5,,100,,25,6d40142f96d4524ef3e9b8d0a5708a0555d3ad0d0e6f412e64400b4bafa02c44,False,exchange_pairs,a1ac32a71cde9ad39522da642fa54ddd2ec65b9189f06d6895e2817defaf3f17
RC103,solomon_txt,00f384138274d5d2bff5c41601db17cc4ad0cfc6315c27e223d4477bf435cc2d,0,1,ok,True,12,1733037,1733.037,0.069556,0.500433,1,time_limit,solomon_exact_1000_v1,,,,,,0.5,,100,,25,6d40142f96d4524ef3e9b8d0a5708a0555d3ad0d0e6f412e64400b4bafa02c44,False,exchange_pairs,a1ac32a71cde9ad39522da642fa54ddd2ec65b9189f06d6895e2817defaf3f17
RC103,solomon_txt,00f384138274d5d2bff5c41601db17cc4ad0cfc6315c27e223d4477bf435cc2d,1,1,ok,True,12,1694976,1694.976,0.068778,0.500511,1,time_limit,solomon_exact_1000_v1,,,,,,0.5,,100,,25,6d40142f96d4524ef3e9b8d0a5708a0555d3ad0d0e6f412e64400b4bafa02c44,False,exchange_pairs,a1ac32a71cde9ad39522da642fa54ddd2ec65b9189f06d6895e2817defaf3f17
RC103,solomon_txt,00f384138274d5d2bff5c41601db17cc4ad0cfc6315c27e223d4477bf435cc2d,2,1,ok,True,13,1912968,1912.968,0.067613,0.500445,1,time_limit,solomon_exact_1000_v1,,,,,,0.5,,100,,25,6d40142f96d4524ef3e9b8d0a5708a0555d3ad0d0e6f412e64400b4bafa02c44,False,exchange_pairs,a1ac32a71cde9ad39522da642fa54ddd2ec65b9189f06d6895e2817defaf3f17
RC104,solomon_txt,d150b2d61049a488fb89a2320c197d81a7ef9a1864abbbaea1d13a2b451253ee,0,1,ok,True,12,1624060,1624.06,0.070756,0.500427,1,time_limit,solomon_exact_1000_v1,,,,,,0.5,,100,,25,6d40142f96d4524ef3e9b8d0a5708a0555d3ad0d0e6f412e64400b4bafa02c44,False,exchange_pairs,a1ac32a71cde9ad39522da642fa54ddd2ec65b9189f06d6895e2817defaf3f17
RC104,solomon_txt,d150b2d61049a488fb89a2320c197d81a7ef9a1864abbbaea1d13a2b451253ee,1,1,ok,True,12,1621330,1621.33,0.070224,0.500496,1,time_limit,solomon_exact_1000_v1,,,,,,0.5,,100,,25,6d40142f96d4524ef3e9b8d0a5708a0555d3ad0d0e6f412e64400b4bafa02c44,False,exchange_pairs,a1ac32a71cde9ad39522da642fa54ddd2ec65b9189f06d6895e2817defaf3f17
RC104,solomon_txt,d150b2d61049a488fb89a2320c197d81a7ef9a1864abbbaea1d13a2b451253ee,2,1,ok,True,11,1482630,1482.63,0.070135,0.500495,1,time_limit,solomon_exact_1000_v1,,,,,,0.5,,100,,25,6d40142f96d4524ef3e9b8d0a5708a0555d3ad0d0e6f412e64400b4bafa02c44,False,exchange_pairs,a1ac32a71cde9ad39522da642fa54ddd2ec65b9189f06d6895e2817defaf3f17
RC105,solomon_txt,b9e912625c1ed80d2f565e0799ade2f4b17bf4f95056322ca23f1a21b37e7a49,0,1,ok,True,16,1909531,1909.531,0.060507,0.500462,1,time_limit,solomon_exact_1000_v1,,,,,,0.5,,100,,25,6d40142f96d4524ef3e9b8d0a5708a0555d3ad0d0e6f412e64400b4bafa02c44,False,exchange_pairs,a1ac32a71cde9ad39522da642fa54ddd2ec65b9189f06d6895e2817defaf3f17
RC105,solomon_txt,b9e912625c1ed80d2f565e0799ade2f4b17bf4f95056322ca23f1a21b37e7a49,1,1,ok,True,16,2102421,2102.421,0.060128,0.500466,1,time_limit,solomon_exact_1000_v1,,,,,,0.5,,100,,25,6d40142f96d4524ef3e9b8d0a5708a0555d3ad0d0e6f412e64400b4bafa02c44,False,exchange_pairs,a1ac32a71cde9ad39522da642fa54ddd2ec65b9189f06d6895e2817defaf3f17
RC105,solomon_txt,b9e912625c1ed80d2f565e0799ade2f4b17bf4f95056322ca23f1a21b37e7a49,2,1,ok,True,16,1896495,1896.495,0.060471,0.500538,1,time_limit,solomon_exact_1000_v1,,,,,,0.5,,100,,25,6d40142f96d4524ef3e9b8d0a5708a0555d3ad0d0e6f412e64400b4bafa02c44,False,exchange_pairs,a1ac32a71cde9ad39522da642fa54ddd2ec65b9189f06d6895e2817defaf3f17
RC106,solomon_txt,bf016ffc567af2d108570357daf1d0cabb7f680c0bd977d2e4366787683fdbaf,0,1,ok,True,15,2106013,2106.013,0.058964,0.500462,1,time_limit,solomon_exact_1000_v1,,,,,,0.5,,100,,25,6d40142f96d4524ef3e9b8d0a5708a0555d3ad0d0e6f412e64400b4bafa02c44,False,exchange_pairs,a1ac32a71cde9ad39522da642fa54ddd2ec65b9189f06d6895e2817defaf3f17
RC106,solomon_txt,bf016ffc567af2d108570357daf1d0cabb7f680c0bd977d2e4366787683fdbaf,1,1,ok,True,15,1884642,1884.642,0.060831,0.500968,1,time_limit,solomon_exact_1000_v1,,,,,,0.5,,100,,25,6d40142f96d4524ef3e9b8d0a5708a0555d3ad0d0e6f412e64400b4bafa02c44,False,exchange_pairs,a1ac32a71cde9ad39522da642fa54ddd2ec65b9189f06d6895e2817defaf3f17
RC106,solomon_txt,bf016ffc567af2d108570357daf1d0cabb7f680c0bd977d2e4366787683fdbaf,2,1,ok,True,15,1965439,1965.439,0.059656,0.500482,1,time_limit,solomon_exact_1000_v1,,,,,,0.5,,100,,25,6d40142f96d4524ef3e9b8d0a5708a0555d3ad0d0e6f412e64400b4bafa02c44,False,exchange_pairs,a1ac32a71cde9ad39522da642fa54ddd2ec65b9189f06d6895e2817defaf3f17
RC107,solomon_txt,fff3fd68d110671ed442575f07cc547291586f30b00c5f73934d521d31311582,0,1,ok,True,14,1708249,1708.249,0.062029,0.500531,1,time_limit,solomon_exact_1000_v1,,,,,,0.5,,100,,25,6d40142f96d4524ef3e9b8d0a5708a0555d3ad0d0e6f412e64400b4bafa02c44,False,exchange_pairs,a1ac32a71cde9ad39522da642fa54ddd2ec65b9189f06d6895e2817defaf3f17
RC107,solomon_txt,fff3fd68d110671ed442575f07cc547291586f30b00c5f73934d521d31311582,1,1,ok,True,14,1796374,1796.374,0.063668,0.500483,1,time_limit,solomon_exact_1000_v1,,,,,,0.5,,100,,25,6d40142f96d4524ef3e9b8d0a5708a0555d3ad0d0e6f412e64400b4bafa02c44,False,exchange_pairs,a1ac32a71cde9ad39522da642fa54ddd2ec65b9189f06d6895e2817defaf3f17
RC107,solomon_txt,fff3fd68d110671ed442575f07cc547291586f30b00c5f73934d521d31311582,2,1,ok,True,14,1871279,1871.279,0.065372,0.500582,1,time_limit,solomon_exact_1000_v1,,,,,,0.5,,100,,25,6d40142f96d4524ef3e9b8d0a5708a0555d3ad0d0e6f412e64400b4bafa02c44,False,exchange_pairs,a1ac32a71cde9ad39522da642fa54ddd2ec65b9189f06d6895e2817defaf3f17
RC108,solomon_txt,006bc8817bf09f9a8c66af8d6f088bdec239b2eb435556e9d11193cf456f7aeb,0,1,ok,True,14,1955495,1955.495,0.066784,0.500503,1,time_limit,solomon_exact_1000_v1,,,,,,0.5,,100,,25,6d40142f96d4524ef3e9b8d0a5708a0555d3ad0d0e6f412e64400b4bafa02c44,False,exchange_pairs,a1ac32a71cde9ad39522da642fa54ddd2ec65b9189f06d6895e2817defaf3f17
RC108,solomon_txt,006bc8817bf09f9a8c66af8d6f088bdec239b2eb435556e9d11193cf456f7aeb,1,1,ok,True,14,1664630,1664.63,0.063124,0.500484,1,time_limit,solomon_exact_1000_v1,,,,,,0.5,,100,,25,6d40142f96d4524ef3e9b8d0a5708a0555d3ad0d0e6f412e64400b4bafa02c44,False,exchange_pairs,a1ac32a71cde9ad39522da642fa54ddd2ec65b9189f06d6895e2817defaf3f17
RC108,solomon_txt,006bc8817bf09f9a8c66af8d6f088bdec239b2eb435556e9d11193cf456f7aeb,2,1,ok,True,14,1698656,1698.656,0.068467,0.500563,1,time_limit,solomon_exact_1000_v1,,,,,,0.5,,100,,25,6d40142f96d4524ef3e9b8d0a5708a0555d3ad0d0e6f412e64400b4bafa02c44,False,exchange_pairs,a1ac32a71cde9ad39522da642fa54ddd2ec65b9189f06d6895e2817defaf3f17
RC201,solomon_txt,288836e2d8c2ace83ebbff77e03ac8cdffc574fc134cade21ef92713f8c52d44,0,1,ok,True,5,2429811,2429.811,0.137407,0.500277,1,time_limit,solomon_exact_1000_v1,,,,,,0.5,,100,,25,6d40142f96d4524ef3e9b8d0a5708a0555d3ad0d0e6f412e64400b4bafa02c44,False,exchange_pairs,a1ac32a71cde9ad39522da642fa54ddd2ec65b9189f06d6895e2817defaf3f17
RC201,solomon_txt,288836e2d8c2ace83ebbff77e03ac8cdffc574fc134cade21ef92713f8c52d44,1,1,ok,True,5,2394370,2394.37,0.135653,0.500432,1,time_limit,solomon_exact_1000_v1,,,,,,0.5,,100,,25,6d40142f96d4524ef3e9b8d0a5708a0555d3ad0d0e6f412e64400b4bafa02c44,False,exchange_pairs,a1ac32a71cde9ad39522da642fa54ddd2ec65b9189f06d6895e2817defaf3f17
RC201,solomon_txt,288836e2d8c2ace83ebbff77e03ac8cdffc574fc134cade21ef92713f8c52d44,2,1,ok,True,5,2411572,2411.572,0.132254,0.500452,1,time_limit,solomon_exact_1000_v1,,,,,,0.5,,100,,25,6d40142f96d4524ef3e9b8d0a5708a0555d3ad0d0e6f412e64400b4bafa02c44,False,exchange_pairs,a1ac32a71cde9ad39522da642fa54ddd2ec65b9189f06d6895e2817defaf3f17
RC202,solomon_txt,5a1dee2017ab0ca4fe280b392678c96e8b5bc71f22d02c8058fbde7c4cfebcf4,0,1,ok,True,4,1920411,1920.411,0.125655,0.500237,1,time_limit,solomon_exact_1000_v1,,,,,,0.5,,100,,25,6d40142f96d4524ef3e9b8d0a5708a0555d3ad0d0e6f412e64400b4bafa02c44,False,exchange_pairs,a1ac32a71cde9ad39522da642fa54ddd2ec65b9189f06d6895e2817defaf3f17
RC202,solomon_txt,5a1dee2017ab0ca4fe280b392678c96e8b5bc71f22d02c8058fbde7c4cfebcf4,1,1,ok,True,4,1818035,1818.035,0.125793,0.500409,1,time_limit,solomon_exact_1000_v1,,,,,,0.5,,100,,25,6d40142f96d4524ef3e9b8d0a5708a0555d3ad0d0e6f412e64400b4bafa02c44,False,exchange_pairs,a1ac32a71cde9ad39522da642fa54ddd2ec65b9189f06d6895e2817defaf3f17
RC202,solomon_txt,5a1dee2017ab0ca4fe280b392678c96e8b5bc71f22d02c8058fbde7c4cfebcf4,2,1,ok,True,4,1586173,1586.173,0.121979,0.500419,1,time_limit,solomon_exact_1000_v1,,,,,,0.5,,100,,25,6d40142f96d4524ef3e9b8d0a5708a0555d3ad0d0e6f412e64400b4bafa02c44,False,exchange_pairs,a1ac32a71cde9ad39522da642fa54ddd2ec65b9189f06d6895e2817defaf3f17
RC203,solomon_txt,4adcb362c23df91f14b828d4964e9383ffb02ee74217afc2d84571f83ed91f8b,0,1,ok,True,3,1400007,1400.007,0.128751,0.500274,1,time_limit,solomon_exact_1000_v1,,,,,,0.5,,100,,25,6d40142f96d4524ef3e9b8d0a5708a0555d3ad0d0e6f412e64400b4bafa02c44,False,exchange_pairs,a1ac32a71cde9ad39522da642fa54ddd2ec65b9189f06d6895e2817defaf3f17
RC203,solomon_txt,4adcb362c23df91f14b828d4964e9383ffb02ee74217afc2d84571f83ed91f8b,1,1,ok,True,3,1545417,1545.417,0.130408,0.500266,1,time_limit,solomon_exact_1000_v1,,,,,,0.5,,100,,25,6d40142f96d4524ef3e9b8d0a5708a0555d3ad0d0e6f412e64400b4bafa02c44,False,exchange_pairs,a1ac32a71cde9ad39522da642fa54ddd2ec65b9189f06d6895e2817defaf3f17
RC203,solomon_txt,4adcb362c23df91f14b828d4964e9383ffb02ee74217afc2d84571f83ed91f8b,2,1,ok,True,3,1516613,1516.613,0.126157,0.500246,2,time_limit,solomon_exact_1000_v1,,,,,,0.5,,100,,25,6d40142f96d4524ef3e9b8d0a5708a0555d3ad0d0e6f412e64400b4bafa02c44,False,exchange_pairs,a1ac32a71cde9ad39522da642fa54ddd2ec65b9189f06d6895e2817defaf3f17
RC204,solomon_txt,11e827eab51a959ebab66344e7b7cfd1aeed895287653b36a72c86a4440ecd77,0,1,ok,True,3,1500593,1500.593,0.189408,0.500262,1,time_limit,solomon_exact_1000_v1,,,,,,0.5,,100,,25,6d40142f96d4524ef3e9b8d0a5708a0555d3ad0d0e6f412e64400b4bafa02c44,False,exchange_pairs,a1ac32a71cde9ad39522da642fa54ddd2ec65b9189f06d6895e2817defaf3f17
RC204,solomon_txt,11e827eab51a959ebab66344e7b7cfd1aeed895287653b36a72c86a4440ecd77,1,1,ok,True,3,1500593,1500.593,0.194907,0.500258,1,time_limit,solomon_exact_1000_v1,,,,,,0.5,,100,,25,6d40142f96d4524ef3e9b8d0a5708a0555d3ad0d0e6f412e64400b4bafa02c44,False,exchange_pairs,a1ac32a71cde9ad39522da642fa54ddd2ec65b9189f06d6895e2817defaf3f17
RC204,solomon_txt,11e827eab51a959ebab66344e7b7cfd1aeed895287653b36a72c86a4440ecd77,2,1,ok,True,3,1500132,1500.132,0.189309,0.500386,1,time_limit,solomon_exact_1000_v1,,,,,,0.5,,100,,25,6d40142f96d4524ef3e9b8d0a5708a0555d3ad0d0e6f412e64400b4bafa02c44,False,exchange_pairs,a1ac32a71cde9ad39522da642fa54ddd2ec65b9189f06d6895e2817defaf3f17
RC205,solomon_txt,c061d306cf42310b0f3ca15612089f6c5a8d5604c0733bf26852477c787662c9,0,1,ok,True,4,1959415,1959.415,0.143645,0.500268,1,time_limit,solomon_exact_1000_v1,,,,,,0.5,,100,,25,6d40142f96d4524ef3e9b8d0a5708a0555d3ad0d0e6f412e64400b4bafa02c44,False,exchange_pairs,a1ac32a71cde9ad39522da642fa54ddd2ec65b9189f06d6895e2817defaf3f17
RC205,solomon_txt,c061d306cf42310b0f3ca15612089f6c5a8d5604c0733bf26852477c787662c9,1,1,ok,True,4,1744421,1744.421,0.145791,0.500411,1,time_limit,solomon_exact_1000_v1,,,,,,0.5,,100,,25,6d40142f96d4524ef3e9b8d0a5708a0555d3ad0d0e6f412e64400b4bafa02c44,False,exchange_pairs,a1ac32a71cde9ad39522da642fa54ddd2ec65b9189f06d6895e2817defaf3f17
RC205,solomon_txt,c061d306cf42310b0f3ca15612089f6c5a8d5604c0733bf26852477c787662c9,2,1,ok,True,4,1695820,1695.82,0.143713,0.500438,1,time_limit,solomon_exact_1000_v1,,,,,,0.5,,100,,25,6d40142f96d4524ef3e9b8d0a5708a0555d3ad0d0e6f412e64400b4bafa02c44,False,exchange_pairs,a1ac32a71cde9ad39522da642fa54ddd2ec65b9189f06d6895e2817defaf3f17
RC206,solomon_txt,5203aecf67c84df49e152645312a837ffefde529314ff892ca061538816e43a9,0,1,ok,True,4,2080287,2080.287,0.144634,0.500253,1,time_limit,solomon_exact_1000_v1,,,,,,0.5,,100,,25,6d40142f96d4524ef3e9b8d0a5708a0555d3ad0d0e6f412e64400b4bafa02c44,False,exchange_pairs,a1ac32a71cde9ad39522da642fa54ddd2ec65b9189f06d6895e2817defaf3f17
RC206,solomon_txt,5203aecf67c84df49e152645312a837ffefde529314ff892ca061538816e43a9,1,1,ok,True,4,1771858,1771.858,0.141726,0.500373,1,time_limit,solomon_exact_1000_v1,,,,,,0.5,,100,,25,6d40142f96d4524ef3e9b8d0a5708a0555d3ad0d0e6f412e64400b4bafa02c44,False,exchange_pairs,a1ac32a71cde9ad39522da642fa54ddd2ec65b9189f06d6895e2817defaf3f17
RC206,solomon_txt,5203aecf67c84df49e152645312a837ffefde529314ff892ca061538816e43a9,2,1,ok,True,4,1695962,1695.962,0.14135,0.500395,1,time_limit,solomon_exact_1000_v1,,,,,,0.5,,100,,25,6d40142f96d4524ef3e9b8d0a5708a0555d3ad0d0e6f412e64400b4bafa02c44,False,exchange_pairs,a1ac32a71cde9ad39522da642fa54ddd2ec65b9189f06d6895e2817defaf3f17
RC207,solomon_txt,5cab65f99b350cdb8fb1c4d0a12dde85eb4ff6a6d6daf292b182cb73de9a8b63,0,1,ok,True,4,1907431,1907.431,0.149711,0.500261,1,time_limit,solomon_exact_1000_v1,,,,,,0.5,,100,,25,6d40142f96d4524ef3e9b8d0a5708a0555d3ad0d0e6f412e64400b4bafa02c44,False,exchange_pairs,a1ac32a71cde9ad39522da642fa54ddd2ec65b9189f06d6895e2817defaf3f17
RC207,solomon_txt,5cab65f99b350cdb8fb1c4d0a12dde85eb4ff6a6d6daf292b182cb73de9a8b63,1,1,ok,True,3,1405392,1405.392,0.149585,0.500241,1,time_limit,solomon_exact_1000_v1,,,,,,0.5,,100,,25,6d40142f96d4524ef3e9b8d0a5708a0555d3ad0d0e6f412e64400b4bafa02c44,False,exchange_pairs,a1ac32a71cde9ad39522da642fa54ddd2ec65b9189f06d6895e2817defaf3f17
RC207,solomon_txt,5cab65f99b350cdb8fb1c4d0a12dde85eb4ff6a6d6daf292b182cb73de9a8b63,2,1,ok,True,4,1907431,1907.431,0.151768,0.500421,1,time_limit,solomon_exact_1000_v1,,,,,,0.5,,100,,25,6d40142f96d4524ef3e9b8d0a5708a0555d3ad0d0e6f412e64400b4bafa02c44,False,exchange_pairs,a1ac32a71cde9ad39522da642fa54ddd2ec65b9189f06d6895e2817defaf3f17
RC208,solomon_txt,3d67d2a8e2758a324643f5d6c6ca87e8c56435273eaa04be33f213bb991f1f28,0,1,ok,True,3,1365201,1365.201,0.151824,0.500235,1,time_limit,solomon_exact_1000_v1,,,,,,0.5,,100,,25,6d40142f96d4524ef3e9b8d0a5708a0555d3ad0d0e6f412e64400b4bafa02c44,False,exchange_pairs,a1ac32a71cde9ad39522da642fa54ddd2ec65b9189f06d6895e2817defaf3f17
RC208,solomon_txt,3d67d2a8e2758a324643f5d6c6ca87e8c56435273eaa04be33f213bb991f1f28,1,1,ok,True,4,1913075,1913.075,0.164592,0.500395,1,time_limit,solomon_exact_1000_v1,,,,,,0.5,,100,,25,6d40142f96d4524ef3e9b8d0a5708a0555d3ad0d0e6f412e64400b4bafa02c44,False,exchange_pairs,a1ac32a71cde9ad39522da642fa54ddd2ec65b9189f06d6895e2817defaf3f17
RC208,solomon_txt,3d67d2a8e2758a324643f5d6c6ca87e8c56435273eaa04be33f213bb991f1f28,2,1,ok,True,4,1909257,1909.257,0.155405,0.50041,1,time_limit,solomon_exact_1000_v1,,,,,,0.5,,100,,25,6d40142f96d4524ef3e9b8d0a5708a0555d3ad0d0e6f412e64400b4bafa02c44,False,exchange_pairs,a1ac32a71cde9ad39522da642fa54ddd2ec65b9189f06d6895e2817defaf3f17
C101,solomon_txt,a6da75152d182d60ecd2c6f854296f5be452f92282d096adebcf5d99a7f16516,0,1,ok,True,10,828937,828.937,0.06513,0.500391,1,time_limit,solomon_exact_1000_v1,,,,,,0.5,,100,,25,6d40142f96d4524ef3e9b8d0a5708a0555d3ad0d0e6f412e64400b4bafa02c44,False,combined,f3c7c0b3b4ce8c40e6dcac1c4b5e261346648eec79013fcac702e563f0c4127c
C101,solomon_txt,a6da75152d182d60ecd2c6f854296f5be452f92282d096adebcf5d99a7f16516,1,1,ok,True,10,828937,828.937,0.064659,0.500412,1,time_limit,solomon_exact_1000_v1,,,,,,0.5,,100,,25,6d40142f96d4524ef3e9b8d0a5708a0555d3ad0d0e6f412e64400b4bafa02c44,False,combined,f3c7c0b3b4ce8c40e6dcac1c4b5e261346648eec79013fcac702e563f0c4127c
C101,solomon_txt,a6da75152d182d60ecd2c6f854296f5be452f92282d096adebcf5d99a7f16516,2,1,ok,True,10,828937,828.937,0.067421,0.500452,1,time_limit,solomon_exact_1000_v1,,,,,,0.5,,100,,25,6d40142f96d4524ef3e9b8d0a5708a0555d3ad0d0e6f412e64400b4bafa02c44,False,combined,f3c7c0b3b4ce8c40e6dcac1c4b5e261346648eec79013fcac702e563f0c4127c
C102,solomon_txt,f89a0e2a760cc7448a4ca72b88e5b29b94d64b5548f3320f42a6230025ead653,0,1,ok,True,10,1234719,1234.719,0.070994,0.500432,1,time_limit,solomon_exact_1000_v1,,,,,,0.5,,100,,25,6d40142f96d4524ef3e9b8d0a5708a0555d3ad0d0e6f412e64400b4bafa02c44,False,combined,f3c7c0b3b4ce8c40e6dcac1c4b5e261346648eec79013fcac702e563f0c4127c
C102,solomon_txt,f89a0e2a760cc7448a4ca72b88e5b29b94d64b5548f3320f42a6230025ead653,1,1,ok,True,10,1234719,1234.719,0.071014,0.500448,1,time_limit,solomon_exact_1000_v1,,,,,,0.5,,100,,25,6d40142f96d4524ef3e9b8d0a5708a0555d3ad0d0e6f412e64400b4bafa02c44,False,combined,f3c7c0b3b4ce8c40e6dcac1c4b5e261346648eec79013fcac702e563f0c4127c
C102,solomon_txt,f89a0e2a760cc7448a4ca72b88e5b29b94d64b5548f3320f42a6230025ead653,2,1,ok,True,10,1234719,1234.719,0.069659,0.500452,1,time_limit,solomon_exact_1000_v1,,,,,,0.5,,100,,25,6d40142f96d4524ef3e9b8d0a5708a0555d3ad0d0e6f412e64400b4bafa02c44,False,combined,f3c7c0b3b4ce8c40e6dcac1c4b5e261346648eec79013fcac702e563f0c4127c
C103,solomon_txt,a55cabf15e0da9d65696a5fb45c9852889479893f76f772a428ca15d1b415a51,0,1,ok,True,10,1675680,1675.68,0.080031,0.500409,1,time_limit,solomon_exact_1000_v1,,,,,,0.5,,100,,25,6d40142f96d4524ef3e9b8d0a5708a0555d3ad0d0e6f412e64400b4bafa02c44,False,combined,f3c7c0b3b4ce8c40e6dcac1c4b5e261346648eec79013fcac702e563f0c4127c
C103,solomon_txt,a55cabf15e0da9d65696a5fb45c9852889479893f76f772a428ca15d1b415a51,1,1,ok,True,10,1675680,1675.68,0.07722,0.500428,1,time_limit,solomon_exact_1000_v1,,,,,,0.5,,100,,25,6d40142f96d4524ef3e9b8d0a5708a0555d3ad0d0e6f412e64400b4bafa02c44,False,combined,f3c7c0b3b4ce8c40e6dcac1c4b5e261346648eec79013fcac702e563f0c4127c
C103,solomon_txt,a55cabf15e0da9d65696a5fb45c9852889479893f76f772a428ca15d1b415a51,2,1,ok,True,10,1687150,1687.15,0.078637,0.500466,1,time_limit,solomon_exact_1000_v1,,,,,,0.5,,100,,25,6d40142f96d4524ef3e9b8d0a5708a0555d3ad0d0e6f412e64400b4bafa02c44,False,combined,f3c7c0b3b4ce8c40e6dcac1c4b5e261346648eec79013fcac702e563f0c4127c
C104,solomon_txt,fe333e81625ee5a75bb2ce98c2c9f356d07289237865b62a23ba2f32f0de5ee2,0,1,ok,True,10,1883596,1883.596,0.081343,0.500422,1,time_limit,solomon_exact_1000_v1,,,,,,0.5,,100,,25,6d40142f96d4524ef3e9b8d0a5708a0555d3ad0d0e6f412e64400b4bafa02c44,False,combined,f3c7c0b3b4ce8c40e6dcac1c4b5e261346648eec79013fcac702e563f0c4127c
C104,solomon_txt,fe333e81625ee5a75bb2ce98c2c9f356d07289237865b62a23ba2f32f0de5ee2,1,1,ok,True,10,1881971,1881.971,0.081377,0.500418,1,time_limit,solomon_exact_1000_v1,,,,,,0.5,,100,,25,6d40142f96d4524ef3e9b8d0a5708a0555d3ad0d0e6f412e64400b4bafa02c44,False,combined,f3c7c0b3b4ce8c40e6dcac1c4b5e261346648eec79013fcac702e563f0c4127c
C104,solomon_txt,fe333e81625ee5a75bb2ce98c2c9f356d07289237865b62a23ba2f32f0de5ee2,2,1,ok,True,10,1782679,1782.679,0.081312,0.50044,1,time_limit,solomon_exact_1000_v1,,,,,,0.5,,100,,25,6d40142f96d4524ef3e9b8d0a5708a0555d3ad0d0e6f412e64400b4bafa02c44,False,combined,f3c7c0b3b4ce8c40e6dcac1c4b5e261346648eec79013fcac702e563f0c4127c
C105,solomon_txt,9a877a3a6fb922e7ad9297cc0308bc8a5652cb1495a0228ee6b81b2d938aa29f,0,1,ok,True,10,1108670,1108.67,0.066973,0.500383,1,time_limit,solomon_exact_1000_v1,,,,,,0.5,,100,,25,6d40142f96d4524ef3e9b8d0a5708a0555d3ad0d0e6f412e64400b4bafa02c44,False,combined,f3c7c0b3b4ce8c40e6dcac1c4b5e261346648eec79013fcac702e563f0c4127c
C105,solomon_txt,9a877a3a6fb922e7ad9297cc0308bc8a5652cb1495a0228ee6b81b2d938aa29f,1,1,ok,True,10,1033922,1033.922,0.067962,0.500382,1,time_limit,solomon_exact_1000_v1,,,,,,0.5,,100,,25,6d40142f96d4524ef3e9b8d0a5708a0555d3ad0d0e6f412e64400b4bafa02c44,False,combined,f3c7c0b3b4ce8c40e6dcac1c4b5e261346648eec79013fcac702e563f0c4127c
C105,solomon_txt,9a877a3a6fb922e7ad9297cc0308bc8a5652cb1495a0228ee6b81b2d938aa29f,2,1,ok,True,10,1064254,1064.254,0.066954,0.500447,1,time_limit,solomon_exact_1000_v1,,,,,,0.5,,100,,25,6d40142f96d4524ef3e9b8d0a5708a0555d3ad0d0e6f412e64400b4bafa02c44,False,combined,f3c7c0b3b4ce8c40e6dcac1c4b5e261346648eec79013fcac702e563f0c4127c
C106,solomon_txt,ec9b419bed53e9c607cce76e8c6bc59feb6e4d17646905601f008a4141ec7b40,0,1,ok,True,10,1138450,1138.45,0.065765,0.500403,1,time_limit,solomon_exact_1000_v1,,,,,,0.5,,100,,25,6d40142f96d4524ef3e9b8d0a5708a0555d3ad0d0e6f412e64400b4bafa02c44,False,combined,f3c7c0b3b4ce8c40e6dcac1c4b5e261346648eec79013fcac702e563f0c4127c
C106,solomon_txt,ec9b419bed53e9c607cce76e8c6bc59feb6e4d17646905601f008a4141ec7b40,1,1,ok,True,10,1035142,1035.142,0.063311,0.50045,1,time_limit,solomon_exact_1000_v1,,,,,,0.5,,100,,25,6d40142f96d4524ef3e9b8d0a5708a0555d3ad0d0e6f412e64400b4bafa02c44,False,combined,f3c7c0b3b4ce8c40e6dcac1c4b5e261346648eec79013fcac702e563f0c4127c
C106,solomon_txt,ec9b419bed53e9c607cce76e8c6bc59feb6e4d17646905601f008a4141ec7b40,2,1,ok,True,10,1057654,1057.654,0.064359,0.500415,1,time_limit,solomon_exact_1000_v1,,,,,,0.5,,100,,25,6d40142f96d4524ef3e9b8d0a5708a0555d3ad0d0e6f412e64400b4bafa02c44,False,combined,f3c7c0b3b4ce8c40e6dcac1c4b5e261346648eec79013fcac702e563f0c4127c
C107,solomon_txt,cb3cdc10d812fa17370eb52cb753b6b0574426dc6fabeb8b9076ed750ddf05ca,0,1,ok,True,10,1075121,1075.121,0.070924,0.500418,1,time_limit,solomon_exact_1000_v1,,,,,,0.5,,100,,25,6d40142f96d4524ef3e9b8d0a5708a0555d3ad0d0e6f412e64400b4bafa02c44,False,combined,f3c7c0b3b4ce8c40e6dcac1c4b5e261346648eec79013fcac702e563f0c4127c
C107,solomon_txt,cb3cdc10d812fa17370eb52cb753b6b0574426dc6fabeb8b9076ed750ddf05ca,1,1,ok,True,10,1084333,1084.333,0.07142,0.500431,1,time_limit,solomon_exact_1000_v1,,,,,,0.5,,100,,25,6d40142f96d4524ef3e9b8d0a5708a0555d3ad0d0e6f412e64400b4bafa02c44,False,combined,f3c7c0b3b4ce8c40e6dcac1c4b5e261346648eec79013fcac702e563f0c4127c
C107,solomon_txt,cb3cdc10d812fa17370eb52cb753b6b0574426dc6fabeb8b9076ed750ddf05ca,2,1,ok,True,10,1063476,1063.476,0.068684,0.500382,1,time_limit,solomon_exact_1000_v1,,,,,,0.5,,100,,25,6d40142f96d4524ef3e9b8d0a5708a0555d3ad0d0e6f412e64400b4bafa02c44,False,combined,f3c7c0b3b4ce8c40e6dcac1c4b5e261346648eec79013fcac702e563f0c4127c
C108,solomon_txt,b8c7e48f292b66b283d8e71511e3a4eccaa4c4bc66b9313c399e73b0226f5953,0,1,ok,True,10,1385709,1385.709,0.066019,0.500413,1,time_limit,solomon_exact_1000_v1,,,,,,0.5,,100,,25,6d40142f96d4524ef3e9b8d0a5708a0555d3ad0d0e6f412e64400b4bafa02c44,False,combined,f3c7c0b3b4ce8c40e6dcac1c4b5e261346648eec79013fcac702e563f0c4127c
C108,solomon_txt,b8c7e48f292b66b283d8e71511e3a4eccaa4c4bc66b9313c399e73b0226f5953,1,1,ok,True,10,1493251,1493.251,0.067103,0.500451,1,time_limit,solomon_exact_1000_v1,,,,,,0.5,,100,,25,6d40142f96d4524ef3e9b8d0a5708a0555d3ad0d0e6f412e64400b4bafa02c44,False,combined,f3c7c0b3b4ce8c40e6dcac1c4b5e261346648eec79013fcac702e563f0c4127c
C108,solomon_txt,b8c7e48f292b66b283d8e71511e3a4eccaa4c4bc66b9313c399e73b0226f5953,2,1,ok,True,10,1353818,1353.818,0.065383,0.500428,2,time_limit,solomon_exact_1000_v1,,,,,,0.5,,100,,25,6d40142f96d4524ef3e9b8d0a5708a0555d3ad0d0e6f412e64400b4bafa02c44,False,combined,f3c7c0b3b4ce8c40e6dcac1c4b5e261346648eec79013fcac702e563f0c4127c
C109,solomon_txt,72d8489e14bf1bb18456f0b21b01110506cbcc2354719dae8481b480150f142a,0,1,ok,True,10,1604157,1604.157,0.077997,0.500469,1,time_limit,solomon_exact_1000_v1,,,,,,0.5,,100,,25,6d40142f96d4524ef3e9b8d0a5708a0555d3ad0d0e6f412e64400b4bafa02c44,False,combined,f3c7c0b3b4ce8c40e6dcac1c4b5e261346648eec79013fcac702e563f0c4127c
C109,solomon_txt,72d8489e14bf1bb18456f0b21b01110506cbcc2354719dae8481b480150f142a,1,1,ok,True,10,1599381,1599.381,0.07505,0.500482,1,time_limit,solomon_exact_1000_v1,,,,,,0.5,,100,,25,6d40142f96d4524ef3e9b8d0a5708a0555d3ad0d0e6f412e64400b4bafa02c44,False,combined,f3c7c0b3b4ce8c40e6dcac1c4b5e261346648eec79013fcac702e563f0c4127c
C109,solomon_txt,72d8489e14bf1bb18456f0b21b01110506cbcc2354719dae8481b480150f142a,2,1,ok,True,10,1604157,1604.157,0.072097,0.500456,1,time_limit,solomon_exact_1000_v1,,,,,,0.5,,100,,25,6d40142f96d4524ef3e9b8d0a5708a0555d3ad0d0e6f412e64400b4bafa02c44,False,combined,f3c7c0b3b4ce8c40e6dcac1c4b5e261346648eec79013fcac702e563f0c4127c
C201,solomon_txt,d8d9834087ae2326fa23a8510533060233dc9fb481873be60956eb26a880ad63,0,1,ok,True,3,695752,695.752,0.182952,0.500398,1,time_limit,solomon_exact_1000_v1,,,,,,0.5,,100,,25,6d40142f96d4524ef3e9b8d0a5708a0555d3ad0d0e6f412e64400b4bafa02c44,False,combined,f3c7c0b3b4ce8c40e6dcac1c4b5e261346648eec79013fcac702e563f0c4127c
C201,solomon_txt,d8d9834087ae2326fa23a8510533060233dc9fb481873be60956eb26a880ad63,1,1,ok,True,3,695752,695.752,0.18043,0.500459,1,time_limit,solomon_exact_1000_v1,,,,,,0.5,,100,,25,6d40142f96d4524ef3e9b8d0a5708a0555d3ad0d0e6f412e64400b4bafa02c44,False,combined,f3c7c0b3b4ce8c40e6dcac1c4b5e261346648eec79013fcac702e563f0c4127c
C201,solomon_txt,d8d9834087ae2326fa23a8510533060233dc9fb481873be60956eb26a880ad63,2,1,ok,True,3,695752,695.752,0.185436,0.500454,1,time_limit,solomon_exact_1000_v1,,,,,,0.5,,100,,25,6d40142f96d4524ef3e9b8d0a5708a0555d3ad0d0e6f412e64400b4bafa02c44,False,combined,f3c7c0b3b4ce8c40e6dcac1c4b5e261346648eec79013fcac702e563f0c4127c
C202,solomon_txt,dfc8ecad79f6c7ffb096cd36994143569f0babe284d5ad194683271d81063772,0,1,ok,True,3,739391,739.391,0.167583,0.500593,1,time_limit,solomon_exact_1000_v1,,,,,,0.5,,100,,25,6d40142f96d4524ef3e9b8d0a5708a0555d3ad0d0e6f412e64400b4bafa02c44,False,combined,f3c7c0b3b4ce8c40e6dcac1c4b5e261346648eec79013fcac702e563f0c4127c
C202,solomon_txt,dfc8ecad79f6c7ffb096cd36994143569f0babe284d5ad194683271d81063772,1,1,ok,True,3,739391,739.391,0.17025,0.500423,1,time_limit,solomon_exact_1000_v1,,,,,,0.5,,100,,25,6d40142f96d4524ef3e9b8d0a5708a0555d3ad0d0e6f412e64400b4bafa02c44,False,combined,f3c7c0b3b4ce8c40e6dcac1c4b5e261346648eec79013fcac702e563f0c4127c
C202,solomon_txt,dfc8ecad79f6c7ffb096cd36994143569f0babe284d5ad194683271d81063772,2,1,ok,True,3,739391,739.391,0.169737,0.50039,1,time_limit,solomon_exact_1000_v1,,,,,,0.5,,100,,25,6d40142f96d4524ef3e9b8d0a5708a0555d3ad0d0e6f412e64400b4bafa02c44,False,combined,f3c7c0b3b4ce8c40e6dcac1c4b5e261346648eec79013fcac702e563f0c4127c
C203,solomon_txt,2b79eea2962a848cb29f6153d4fb4ae725d35507686d937da6643b33fcd85062,0,1,ok,True,3,657268,657.268,0.183574,0.500529,1,time_limit,solomon_exact_1000_v1,,,,,,0.5,,100,,25,6d40142f96d4524ef3e9b8d0a5708a0555d3ad0d0e6f412e64400b4bafa02c44,False,combined,f3c7c0b3b4ce8c40e6dcac1c4b5e261346648eec79013fcac702e563f0c4127c
C203,solomon_txt,2b79eea2962a848cb29f6153d4fb4ae725d35507686d937da6643b33fcd85062,1,1,ok,True,3,696594,696.594,0.259155,0.500404,1,time_limit,solomon_exact_1000_v1,,,,,,0.5,,100,,25,6d40142f96d4524ef3e9b8d0a5708a0555d3ad0d0e6f412e64400b4bafa02c44,False,combined,f3c7c0b3b4ce8c40e6dcac1c4b5e261346648eec79013fcac702e563f0c4127c
C203,solomon_txt,2b79eea2962a848cb29f6153d4fb4ae725d35507686d937da6643b33fcd85062,2,1,ok,True,3,681307,681.307,0.16475,0.500452,1,time_limit,solomon_exact_1000_v1,,,,,,0.5,,100,,25,6d40142f96d4524ef3e9b8d0a5708a0555d3ad0d0e6f412e64400b4bafa02c44,False,combined,f3c7c0b3b4ce8c40e6dcac1c4b5e261346648eec79013fcac702e563f0c4127c
C204,solomon_txt,4331b2744d34e32c2987e3fe8a82b782a2039d757d2aac818f7e0fd21117bfb4,0,1,ok,True,3,936706,936.706,0.180255,0.500399,1,time_limit,solomon_exact_1000_v1,,,,,,0.5,,100,,25,6d40142f96d4524ef3e9b8d0a5708a0555d3ad0d0e6f412e64400b4bafa02c44,False,combined,f3c7c0b3b4ce8c40e6dcac1c4b5e261346648eec79013fcac702e563f0c4127c
C204,solomon_txt,4331b2744d34e32c2987e3fe8a82b782a2039d757d2aac818f7e0fd21117bfb4,1,1,ok,True,3,778732,778.732,0.177794,0.500409,1,time_limit,solomon_exact_1000_v1,,,,,,0.5,,100,,25,6d40142f96d4524ef3e9b8d0a5708a0555d3ad0d0e6f412e64400b4bafa02c44,False,combined,f3c7c0b3b4ce8c40e6dcac1c4b5e261346648eec79013fcac702e563f0c4127c
C204,solomon_txt,4331b2744d34e32c2987e3fe8a82b782a2039d757d2aac818f7e0fd21117bfb4,2,1,ok,True,3,741005,741.005,0.174475,0.500432,1,time_limit,solomon_exact_1000_v1,,,,,,0.5,,100,,25,6d40142f96d4524ef3e9b8d0a5708a0555d3ad0d0e6f412e64400b4bafa02c44,False,combined,f3c7c0b3b4ce8c40e6dcac1c4b5e261346648eec79013fcac702e563f0c4127c
C205,solomon_txt,15be2bb8c3e4ad99a79d1e7ee0472223feb95a4f423d010e032bda0a87266ca5,0,1,ok,True,3,776009,776.009,0.156058,0.500485,1,time_limit,solomon_exact_1000_v1,,,,,,0.5,,100,,25,6d40142f96d4524ef3e9b8d0a5708a0555d3ad0d0e6f412e64400b4bafa02c44,False,combined,f3c7c0b3b4ce8c40e6dcac1c4b5e261346648eec79013fcac702e563f0c4127c
C205,solomon_txt,15be2bb8c3e4ad99a79d1e7ee0472223feb95a4f423d010e032bda0a87266ca5,1,1,ok,True,3,781733,781.733,0.167564,0.500389,1,time_limit,solomon_exact_1000_v1,,,,,,0.5,,100,,25,6d40142f96d4524ef3e9b8d0a5708a0555d3ad0d0e6f412e64400b4bafa02c44,False,combined,f3c7c0b3b4ce8c40e6dcac1c4b5e261346648eec79013fcac702e563f0c4127c
C205,solomon_txt,15be2bb8c3e4ad99a79d1e7ee0472223feb95a4f423d010e032bda0a87266ca5,2,1,ok,True,3,719761,719.761,0.160461,0.500395,1,time_limit,solomon_exact_1000_v1,,,,,,0.5,,100,,25,6d40142f96d4524ef3e9b8d0a5708a0555d3ad0d0e6f412e64400b4bafa02c44,False,combined,f3c7c0b3b4ce8c40e6dcac1c4b5e261346648eec79013fcac702e563f0c4127c
C206,solomon_txt,745b6c7042707ffbbfc4d681ee02a84431425f1dfb3c8aa85ecf003fec8f7e53,0,1,ok,True,3,658328,658.328,0.180002,0.500379,1,time_limit,solomon_exact_1000_v1,,,,,,0.5,,100,,25,6d40142f96d4524ef3e9b8d0a5708a0555d3ad0d0e6f412e64400b4bafa02c44,False,combined,f3c7c0b3b4ce8c40e6dcac1c4b5e261346648eec79013fcac702e563f0c4127c
C206,solomon_txt,745b6c7042707ffbbfc4d681ee02a84431425f1dfb3c8aa85ecf003fec8f7e53,1,1,ok,True,3,950274,950.274,0.17653,0.500436,1,time_limit,solomon_exact_1000_v1,,,,,,0.5,,100,,25,6d40142f96d4524ef3e9b8d0a5708a0555d3ad0d0e6f412e64400b4bafa02c44,False,combined,f3c7c0b3b4ce8c40e6dcac1c4b5e261346648eec79013fcac702e563f0c4127c
C206,solomon_txt,745b6c7042707ffbbfc4d681ee02a84431425f1dfb3c8aa85ecf003fec8f7e53,2,1,ok,True,3,718998,718.998,0.172922,0.5004,1,time_limit,solomon_exact_1000_v1,,,,,,0.5,,100,,25,6d40142f96d4524ef3e9b8d0a5708a0555d3ad0d0e6f412e64400b4bafa02c44,False,combined,f3c7c0b3b4ce8c40e6dcac1c4b5e261346648eec79013fcac702e563f0c4127c
C207,solomon_txt,a33f03570a944c8a6d185fd6a173e66c68e67c399a4958b2d5b6d49533ace4a4,0,1,ok,True,3,911947,911.947,0.175555,0.500398,1,time_limit,solomon_exact_1000_v1,,,,,,0.5,,100,,25,6d40142f96d4524ef3e9b8d0a5708a0555d3ad0d0e6f412e64400b4bafa02c44,False,combined,f3c7c0b3b4ce8c40e6dcac1c4b5e261346648eec79013fcac702e563f0c4127c
C207,solomon_txt,a33f03570a944c8a6d185fd6a173e66c68e67c399a4958b2d5b6d49533ace4a4,1,1,ok,True,3,845018,845.018,0.186147,0.500375,1,time_limit,solomon_exact_1000_v1,,,,,,0.5,,100,,25,6d40142f96d4524ef3e9b8d0a5708a0555d3ad0d0e6f412e64400b4bafa02c44,False,combined,f3c7c0b3b4ce8c40e6dcac1c4b5e261346648eec79013fcac702e563f0c4127c
C207,solomon_txt,a33f03570a944c8a6d185fd6a173e66c68e67c399a4958b2d5b6d49533ace4a4,2,1,ok,True,3,675953,675.953,0.17699,0.500416,1,time_limit,solomon_exact_1000_v1,,,,,,0.5,,100,,25,6d40142f96d4524ef3e9b8d0a5708a0555d3ad0d0e6f412e64400b4bafa02c44,False,combined,f3c7c0b3b4ce8c40e6dcac1c4b5e261346648eec79013fcac702e563f0c4127c
C208,solomon_txt,1c2f2381b8743680dbeb34322869cbf5a6cdd8c281f4bcffdb99b533e601874b,0,1,ok,True,4,957831,957.831,0.181072,0.500278,1,time_limit,solomon_exact_1000_v1,,,,,,0.5,,100,,25,6d40142f96d4524ef3e9b8d0a5708a0555d3ad0d0e6f412e64400b4bafa02c44,False,combined,f3c7c0b3b4ce8c40e6dcac1c4b5e261346648eec79013fcac702e563f0c4127c
C208,solomon_txt,1c2f2381b8743680dbeb34322869cbf5a6cdd8c281f4bcffdb99b533e601874b,1,1,ok,True,4,957831,957.831,0.178686,0.500218,1,time_limit,solomon_exact_1000_v1,,,,,,0.5,,100,,25,6d40142f96d4524ef3e9b8d0a5708a0555d3ad0d0e6f412e64400b4bafa02c44,False,combined,f3c7c0b3b4ce8c40e6dcac1c4b5e261346648eec79013fcac702e563f0c4127c
C208,solomon_txt,1c2f2381b8743680dbeb34322869cbf5a6cdd8c281f4bcffdb99b533e601874b,2,1,ok,True,3,675086,675.086,0.179591,0.500394,1,time_limit,solomon_exact_1000_v1,,,,,,0.5,,100,,25,6d40142f96d4524ef3e9b8d0a5708a0555d3ad0d0e6f412e64400b4bafa02c44,False,combined,f3c7c0b3b4ce8c40e6dcac1c4b5e261346648eec79013fcac702e563f0c4127c
R101,solomon_txt,3f3655182bc0fe44ce5de65fdcd2ee2f9c7fb9ed055f923635151d9d6f76d3ed,0,1,ok,True,22,1911568,1911.568,0.050302,0.500452,1,time_limit,solomon_exact_1000_v1,,,,,,0.5,,100,,25,6d40142f96d4524ef3e9b8d0a5708a0555d3ad0d0e6f412e64400b4bafa02c44,False,combined,f3c7c0b3b4ce8c40e6dcac1c4b5e261346648eec79013fcac702e563f0c4127c
R101,solomon_txt,3f3655182bc0fe44ce5de65fdcd2ee2f9c7fb9ed055f923635151d9d6f76d3ed,1,1,ok,True,21,1903068,1903.068,0.050824,0.500443,1,time_limit,solomon_exact_1000_v1,,,,,,0.5,,100,,25,6d40142f96d4524ef3e9b8d0a5708a0555d3ad0d0e6f412e64400b4bafa02c44,False,combined,f3c7c0b3b4ce8c40e6dcac1c4b5e261346648eec79013fcac702e563f0c4127c
R101,solomon_txt,3f3655182bc0fe44ce5de65fdcd2ee2f9c7fb9ed055f923635151d9d6f76d3ed,2,1,ok,True,21,1858541,1858.541,0.054862,0.500443,1,time_limit,solomon_exact_1000_v1,,,,,,0.5,,100,,25,6d40142f96d4524ef3e9b8d0a5708a0555d3ad0d0e6f412e64400b4bafa02c44,False,combined,f3c7c0b3b4ce8c40e6dcac1c4b5e261346648eec79013fcac702e563f0c4127c
R102,solomon_txt,eeb23171b7e4fbfc80bf000ca770329109900fbd7273fa8b9d1f95b7dfe683c3,0,1,ok,True,19,1640559,1640.559,0.057066,0.500418,1,time_limit,solomon_exact_1000_v1,,,,,,0.5,,100,,25,6d40142f96d4524ef3e9b8d0a5708a0555d3ad0d0e6f412e64400b4bafa02c44,False,combined,f3c7c0b3b4ce8c40e6dcac1c4b5e261346648eec79013fcac702e563f0c4127c
R102,solomon_txt,eeb23171b7e4fbfc80bf000ca770329109900fbd7273fa8b9d1f95b7dfe683c3,1,1,ok,True,19,1689275,1689.275,0.053922,0.500418,1,time_limit,solomon_exact_1000_v1,,,,,,0.5,,100,,25,6d40142f96d4524ef3e9b8d0a5708a0555d3ad0d0e6f412e64400b4bafa02c44,False,combined,f3c7c0b3b4ce8c40e6dcac1c4b5e261346648eec79013fcac702e563f0c4127c
R102,solomon_txt,eeb23171b7e4fbfc80bf000ca770329109900fbd7273fa8b9d1f95b7dfe683c3,2,1,ok,True,19,1606305,1606.305,0.055733,0.500558,1,time_limit,solomon_exact_1000_v1,,,,,,0.5,,100,,25,6d40142f96d4524ef3e9b8d0a5708a0555d3ad0d0e6f412e64400b4bafa02c44,False,combined,f3c7c0b3b4ce8c40e6dcac1c4b5e261346648eec79013fcac702e563f0c4127c
R103,solomon_txt,1f833e8648ba39e0edc76754fb49e81777a7175cf7b084c3f60a12607bfb3991,0,1,ok,True,14,1545189,1545.189,0.06177,0.500397,1,time_limit,solomon_exact_1000_v1,,,,,,0.5,,100,,25,6d40142f96d4524ef3e9b8d0a5708a0555d3ad0d0e6f412e64400b4bafa02c44,False,combined,f3c7c0b3b4ce8c40e6dcac1c4b5e261346648eec79013fcac702e563f0c4127c
R103,solomon_txt,1f833e8648ba39e0edc76754fb49e81777a7175cf7b084c3f60a12607bfb3991,1,1,ok,True,14,1545189,1545.189,0.061567,0.500391,1,time_limit,solomon_exact_1000_v1,,,,,,0.5,,100,,25,6d40142f96d4524ef3e9b8d0a5708a0555d3ad0d0e6f412e64400b4bafa02c44,False,combined,f3c7c0b3b4ce8c40e6dcac1c4b5e261346648eec79013fcac702e563f0c4127c
R103,solomon_txt,1f833e8648ba39e0edc76754fb49e81777a7175cf7b084c3f60a12607bfb3991,2,1,ok,True,14,1541960,1541.96,0.061696,0.500386,1,time_limit,solomon_exact_1000_v1,,,,,,0.5,,100,,25,6d40142f96d4524ef3e9b8d0a5708a0555d3ad0d0e6f412e64400b4bafa02c44,False,combined,f3c7c0b3b4ce8c40e6dcac1c4b5e261346648eec79013fcac702e563f0c4127c
R104,solomon_txt,dd087124311d91facd81736debbfc7d0f351d27942917e2d76cbafd01e6183b7,0,1,ok,True,11,1184423,1184.423,0.073606,0.5004,2,time_limit,solomon_exact_1000_v1,,,,,,0.5,,100,,25,6d40142f96d4524ef3e9b8d0a5708a0555d3ad0d0e6f412e64400b4bafa02c44,False,combined,f3c7c0b3b4ce8c40e6dcac1c4b5e261346648eec79013fcac702e563f0c4127c
R104,solomon_txt,dd087124311d91facd81736debbfc7d0f351d27942917e2d76cbafd01e6183b7,1,1,ok,True,11,1211176,1211.176,0.077722,0.500395,1,time_limit,solomon_exact_1000_v1,,,,,,0.5,,100,,25,6d40142f96d4524ef3e9b8d0a5708a0555d3ad0d0e6f412e64400b4bafa02c44,False,combined,f3c7c0b3b4ce8c40e6dcac1c4b5e261346648eec79013fcac702e563f0c4127c
R104,solomon_txt,dd087124311d91facd81736debbfc7d0f351d27942917e2d76cbafd01e6183b7,2,1,ok,True,10,1146095,1146.095,0.070938,0.500391,2,time_limit,solomon_exact_1000_v1,,,,,,0.5,,100,,25,6d40142f96d4524ef3e9b8d0a5708a0555d3ad0d0e6f412e64400b4bafa02c44,False,combined,f3c7c0b3b4ce8c40e6dcac1c4b5e261346648eec79013fcac702e563f0c4127c
R105,solomon_txt,ff1a614f8458d6339b3f54d8e4ca2dcf0a35c96012f477f6a819ae481de85ca4,0,1,ok,True,16,1693787,1693.787,0.056374,0.500415,1,time_limit,solomon_exact_1000_v1,,,,,,0.5,,100,,25,6d40142f96d4524ef3e9b8d0a5708a0555d3ad0d0e6f412e64400b4bafa02c44,False,combined,f3c7c0b3b4ce8c40e6dcac1c4b5e261346648eec79013fcac702e563f0c4127c
R105,solomon_txt,ff1a614f8458d6339b3f54d8e4ca2dcf0a35c96012f477f6a819ae481de85ca4,1,1,ok,True,17,1670400,1670.4,0.056926,0.500464,1,time_limit,solomon_exact_1000_v1,,,,,,0.5,,100,,25,6d40142f96d4524ef3e9b8d0a5708a0555d3ad0d0e6f412e64400b4bafa02c44,False,combined,f3c7c0b3b4ce8c40e6dcac1c4b5e261346648eec79013fcac702e563f0c4127c
R105,solomon_txt,ff1a614f8458d6339b3f54d8e4ca2dcf0a35c96012f477f6a819ae481de85ca4,2,1,ok,True,16,1694139,1694.139,0.05689,0.500401,1,time_limit,solomon_exact_1000_v1,,,,,,0.5,,100,,25,6d40142f96d4524ef3e9b8d0a5708a0555d3ad0d0e6f412e64400b4bafa02c44,False,combined,f3c7c0b3b4ce8c40e6dcac1c4b5e261346648eec79013fcac702e563f0c4127c
R106,solomon_txt,31b8783d177f0fbe1c84b8f085fbf28b1989a80e4c00f49f5654ebef99835e97,0,1,ok,True,14,1540595,1540.595,0.057143,0.500409,1,time_limit,solomon_exact_1000_v1,,,,,,0.5,,100,,25,6d40142f96d4524ef3e9b8d0a5708a0555d3ad0d0e6f412e64400b4bafa02c44,False,combined,f3c7c0b3b4ce8c40e6dcac1c4b5e261346648eec79013fcac702e563f0c4127c
R106,solomon_txt,31b8783d177f0fbe1c84b8f085fbf28b1989a80e4c00f49f5654ebef99835e97,1,1,ok,True,14,1642821,1642.821,0.059154,0.500409,1,time_limit,solomon_exact_1000_v1,,,,,,0.5,,100,,25,6d40142f96d4524ef3e9b8d0a5708a0555d3ad0d0e6f412e64400b4bafa02c44,False,combined,f3c7c0b3b4ce8c40e6dcac1c4b5e261346648eec79013fcac702e563f0c4127c
R106,solomon_txt,31b8783d177f0fbe1c84b8f085fbf28b1989a80e4c00f49f5654ebef99835e97,2,1,ok,True,14,1559373,1559.373,0.059223,0.500414,1,time_limit,solomon_exact_1000_v1,,,,,,0.5,,100,,25,6d40142f96d4524ef3e9b8d0a5708a0555d3ad0d0e6f412e64400b4bafa02c44,False,combined,f3c7c0b3b4ce8c40e6dcac1c4b5e261346648eec79013fcac702e563f0c4127c
R107,solomon_txt,dba2b257a1d43d7c78d5e3a9f09091a2b125d3fbec78c0c8a1782add669a1275,0,1,ok,True,12,1282468,1282.468,0.064919,0.500451,1,time_limit,solomon_exact_1000_v1,,,,,,0.5,,100,,25,6d40142f96d4524ef3e9b8d0a5708a0555d3ad0d0e6f412e64400b4bafa02c44,False,combined,f3c7c0b3b4ce8c40e6dcac1c4b5e261346648eec79013fcac702e563f0c4127c
R107,solomon_txt,dba2b257a1d43d7c78d5e3a9f09091a2b125d3fbec78c0c8a1782add669a1275,1,1,ok,True,12,1515465,1515.465,0.067531,0.500377,1,time_limit,solomon_exact_1000_v1,,,,,,0.5,,100,,25,6d40142f96d4524ef3e9b8d0a5708a0555d3ad0d0e6f412e64400b4bafa02c44,False,combined,f3c7c0b3b4ce8c40e6dcac1c4b5e261346648eec79013fcac702e563f0c4127c
R107,solomon_txt,dba2b257a1d43d7c78d5e3a9f09091a2b125d3fbec78c0c8a1782add669a1275,2,1,ok,True,12,1486083,1486.083,0.069562,0.500382,1,time_limit,solomon_exact_1000_v1,,,,,,0.5,,100,,25,6d40142f96d4524ef3e9b8d0a5708a0555d3ad0d0e6f412e64400b4bafa02c44,False,combined,f3c7c0b3b4ce8c40e6dcac1c4b5e261346648eec79013fcac702e563f0c4127c
R108,solomon_txt,65cae09f4099b7e70d2b723e0e3a30aa1494c75a367bb894a3fd13241ee639d4,0,1,ok,True,11,1315436,1315.436,0.069812,0.500417,1,time_limit,solomon_exact_1000_v1,,,,,,0.5,,100,,25,6d40142f96d4524ef3e9b8d0a5708a0555d3ad0d0e6f412e64400b4bafa02c44,False,combined,f3c7c0b3b4ce8c40e6dcac1c4b5e261346648eec79013fcac702e563f0c4127c
R108,solomon_txt,65cae09f4099b7e70d2b723e0e3a30aa1494c75a367bb894a3fd13241ee639d4,1,1,ok,True,10,1128679,1128.679,0.071292,0.500399,1,time_limit,solomon_exact_1000_v1,,,,,,0.5,,100,,25,6d40142f96d4524ef3e9b8d0a5708a0555d3ad0d0e6f412e64400b4bafa02c44,False,combined,f3c7c0b3b4ce8c40e6dcac1c4b5e261346648eec79013fcac702e563f0c4127c
R108,solomon_txt,65cae09f4099b7e70d2b723e0e3a30aa1494c75a367bb894a3fd13241ee639d4,2,1,ok,True,11,1356475,1356.475,0.070687,0.500395,1,time_limit,solomon_exact_1000_v1,,,,,,0.5,,100,,25,6d40142f96d4524ef3e9b8d0a5708a0555d3ad0d0e6f412e64400b4bafa02c44,False,combined,f3c7c0b3b4ce8c40e6dcac1c4b5e261346648eec79013fcac702e563f0c4127c
R109,solomon_txt,4ef24030e8c48de5f85dcd90c5739186004fc8dec87533b6467013cf996f4777,0,1,ok,True,14,1518755,1518.755,0.055499,0.500411,1,time_limit,solomon_exact_1000_v1,,,,,,0.5,,100,,25,6d40142f96d4524ef3e9b8d0a5708a0555d3ad0d0e6f412e64400b4bafa02c44,False,combined,f3c7c0b3b4ce8c40e6dcac1c4b5e261346648eec79013fcac702e563f0c4127c
R109,solomon_txt,4ef24030e8c48de5f85dcd90c5739186004fc8dec87533b6467013cf996f4777,1,1,ok,True,15,1623315,1623.315,0.05622,0.500428,1,time_limit,solomon_exact_1000_v1,,,,,,0.5,,100,,25,6d40142f96d4524ef3e9b8d0a5708a0555d3ad0d0e6f412e64400b4bafa02c44,False,combined,f3c7c0b3b4ce8c40e6dcac1c4b5e261346648eec79013fcac702e563f0c4127c
R109,solomon_txt,4ef24030e8c48de5f85dcd90c5739186004fc8dec87533b6467013cf996f4777,2,1,ok,True,14,1561298,1561.298,0.055009,0.500381,1,time_limit,solomon_exact_1000_v1,,,,,,0.5,,100,,25,6d40142f96d4524ef3e9b8d0a5708a0555d3ad0d0e6f412e64400b4bafa02c44,False,combined,f3c7c0b3b4ce8c40e6dcac1c4b5e261346648eec79013fcac702e563f0c4127c
R110,solomon_txt,14cb53cb99af61d3d708f07564b9a72d146e7c26b4f10507cfaf3bc828f34bfa,0,1,ok,True,13,1561904,1561.904,0.06443,0.500398,1,time_limit,solomon_exact_1000_v1,,,,,,0.5,,100,,25,6d40142f96d4524ef3e9b8d0a5708a0555d3ad0d0e6f412e64400b4bafa02c44,False,combined,f3c7c0b3b4ce8c40e6dcac1c4b5e261346648eec79013fcac702e563f0c4127c
R110,solomon_txt,14cb53cb99af61d3d708f07564b9a72d146e7c26b4f10507cfaf3bc828f34bfa,1,1,ok,True,13,1522613,1522.613,0.063934,0.500389,1,time_limit,solomon_exact_1000_v1,,,,,,0.5,,100,,25,6d40142f96d4524ef3e9b8d0a5708a0555d3ad0d0e6f412e64400b4bafa02c44,False,combined,f3c7c0b3b4ce8c40e6dcac1c4b5e261346648eec79013fcac702e563f0c4127c
R110,solomon_txt,14cb53cb99af61d3d708f07564b9a72d146e7c26b4f10507cfaf3bc828f34bfa,2,1,ok,True,13,1564765,1564.765,0.063265,0.500405,1,time_limit,solomon_exact_1000_v1,,,,,,0.5,,100,,25,6d40142f96d4524ef3e9b8d0a5708a0555d3ad0d0e6f412e64400b4bafa02c44,False,combined,f3c7c0b3b4ce8c40e6dcac1c4b5e261346648eec79013fcac702e563f0c4127c
R111,solomon_txt,3d94a73b1f2fe8aae4618b9d9ea254cff2e3924a6a841aa390096ec6c60f258d,0,1,ok,True,12,1400068,1400.068,0.065056,0.50038,1,time_limit,solomon_exact_1000_v1,,,,,,0.5,,100,,25,6d40142f96d4524ef3e9b8d0a5708a0555d3ad0d0e6f412e64400b4bafa02c44,False,combined,f3c7c0b3b4ce8c40e6dcac1c4b5e261346648eec79013fcac702e563f0c4127c
R111,solomon_txt,3d94a73b1f2fe8aae4618b9d9ea254cff2e3924a6a841aa390096ec6c60f258d,1,1,ok,True,12,1466398,1466.398,0.066775,0.500385,1,time_limit,solomon_exact_1000_v1,,,,,,0.5,,100,,25,6d40142f96d4524ef3e9b8d0a5708a0555d3ad0d0e6f412e64400b4bafa02c44,False,combined,f3c7c0b3b4ce8c40e6dcac1c4b5e261346648eec79013fcac702e563f0c4127c
R111,solomon_txt,3d94a73b1f2fe8aae4618b9d9ea254cff2e3924a6a841aa390096ec6c60f258d,2,1,ok,True,12,1307395,1307.395,0.063547,0.500376,1,time_limit,solomon_exact_1000_v1,,,,,,0.5,,100,,25,6d40142f96d4524ef3e9b8d0a5708a0555d3ad0d0e6f412e64400b4bafa02c44,False,combined,f3c7c0b3b4ce8c40e6dcac1c4b5e261346648eec79013fcac702e563f0c4127c
R112,solomon_txt,a0e93149d59d30c356619891d192e86d0f16c3158e1dac3bd9f23c6deb718271,0,1,ok,True,12,1464429,1464.429,0.061715,0.500375,1,time_limit,solomon_exact_1000_v1,,,,,,0.5,,100,,25,6d40142f96d4524ef3e9b8d0a5708a0555d3ad0d0e6f412e64400b4bafa02c44,False,combined,f3c7c0b3b4ce8c40e6dcac1c4b5e261346648eec79013fcac702e563f0c4127c
R112,solomon_txt,a0e93149d59d30c356619891d192e86d0f16c3158e1dac3bd9f23c6deb718271,1,1,ok,True,13,1426235,1426.235,0.062235,0.500399,1,time_limit,solomon_exact_1000_v1,,,,,,0.5,,100,,25,6d40142f96d4524ef3e9b8d0a5708a0555d3ad0d0e6f412e64400b4bafa02c44,False,combined,f3c7c0b3b4ce8c40e6dcac1c4b5e261346648eec79013fcac702e563f0c4127c
R112,solomon_txt,a0e93149d59d30c356619891d192e86d0f16c3158e1dac3bd9f23c6deb718271,2,1,ok,True,12,1362341,1362.341,0.063862,0.500389,1,time_limit,solomon_exact_1000_v1,,,,,,0.5,,100,,25,6d40142f96d4524ef3e9b8d0a5708a0555d3ad0d0e6f412e64400b4bafa02c44,False,combined,f3c7c0b3b4ce8c40e6dcac1c4b5e261346648eec79013fcac702e563f0c4127c
R201,solomon_txt,0be960ec998fff2cab0bdbcc5194c617e5ca0a79c82c5b32b1d4bd98b2cae210,0,1,ok,True,5,1726658,1726.658,0.130649,0.500274,1,time_limit,solomon_exact_1000_v1,,,,,,0.5,,100,,25,6d40142f96d4524ef3e9b8d0a5708a0555d3ad0d0e6f412e64400b4bafa02c44,False,combined,f3c7c0b3b4ce8c40e6dcac1c4b5e261346648eec79013fcac702e563f0c4127c
R201,solomon_txt,0be960ec998fff2cab0bdbcc5194c617e5ca0a79c82c5b32b1d4bd98b2cae210,1,1,ok,True,4,1665126,1665.126,0.128779,0.50038,1,time_limit,solomon_exact_1000_v1,,,,,,0.5,,100,,25,6d40142f96d4524ef3e9b8d0a5708a0555d3ad0d0e6f412e64400b4bafa02c44,False,combined,f3c7c0b3b4ce8c40e6dcac1c4b5e261346648eec79013fcac702e563f0c4127c
R201,solomon_txt,0be960ec998fff2cab0bdbcc5194c617e5ca0a79c82c5b32b1d4bd98b2cae210,2,1,ok,True,4,1605282,1605.282,0.127222,0.500365,1,time_limit,solomon_exact_1000_v1,,,,,,0.5,,100,,25,6d40142f96d4524ef3e9b8d0a5708a0555d3ad0d0e6f412e64400b4bafa02c44,False,combined,f3c7c0b3b4ce8c40e6dcac1c4b5e261346648eec79013fcac702e563f0c4127c
R202,solomon_txt,1f7761bb33e9dd0c94837b32c72280296ffc283dba997379c7ad75ce00dffc8d,0,1,ok,True,4,1622244,1622.244,0.149352,0.500211,1,time_limit,solomon_exact_1000_v1,,,,,,0.5,,100,,25,6d40142f96d4524ef3e9b8d0a5708a0555d3ad0d0e6f412e64400b4bafa02c44,False,combined,f3c7c0b3b4ce8c40e6dcac1c4b5e261346648eec79013fcac702e563f0c4127c
R202,solomon_txt,1f7761bb33e9dd0c94837b32c72280296ffc283dba997379c7ad75ce00dffc8d,1,1,ok,True,4,1611623,1611.623,0.150039,0.500549,1,time_limit,solomon_exact_1000_v1,,,,,,0.5,,100,,25,6d40142f96d4524ef3e9b8d0a5708a0555d3ad0d0e6f412e64400b4bafa02c44,False,combined,f3c7c0b3b4ce8c40e6dcac1c4b5e261346648eec79013fcac702e563f0c4127c
R202,solomon_txt,1f7761bb33e9dd0c94837b32c72280296ffc283dba997379c7ad75ce00dffc8d,2,1,ok,True,4,1601071,1601.071,0.155225,0.500359,1,time_limit,solomon_exact_1000_v1,,,,,,0.5,,100,,25,6d40142f96d4524ef3e9b8d0a5708a0555d3ad0d0e6f412e64400b4bafa02c44,False,combined,f3c7c0b3b4ce8c40e6dcac1c4b5e261346648eec79013fcac702e563f0c4127c
R203,solomon_txt,38c484db31bd7452a94d533e26a2348ef598df600b79d061d9ddc1c61466a731,0,1,ok,True,3,1258180,1258.18,0.163261,0.500406,1,time_limit,solomon_exact_1000_v1,,,,,,0.5,,100,,25,6d40142f96d4524ef3e9b8d0a5708a0555d3ad0d0e6f412e64400b4bafa02c44,False,combined,f3c7c0b3b4ce8c40e6dcac1c4b5e261346648eec79013fcac702e563f0c4127c
R203,solomon_txt,38c484db31bd7452a94d533e26a2348ef598df600b79d061d9ddc1c61466a731,1,1,ok,True,3,1256665,1256.665,0.164878,0.500376,1,time_limit,solomon_exact_1000_v1,,,,,,0.5,,100,,25,6d40142f96d4524ef3e9b8d0a5708a0555d3ad0d0e6f412e64400b4bafa02c44,False,combined,f3c7c0b3b4ce8c40e6dcac1c4b5e261346648eec79013fcac702e563f0c4127c
R203,solomon_txt,38c484db31bd7452a94d533e26a2348ef598df600b79d061d9ddc1c61466a731,2,1,ok,True,3,1255549,1255.549,0.163721,0.500397,1,time_limit,solomon_exact_1000_v1,,,,,,0.5,,100,,25,6d40142f96d4524ef3e9b8d0a5708a0555d3ad0d0e6f412e64400b4bafa02c44,False,combined,f3c7c0b3b4ce8c40e6dcac1c4b5e261346648eec79013fcac702e563f0c4127c
R204,solomon_txt,5349e37d8df99bcbee1efa2e970d2662b5265e5f82fc609343a6af0a60257abf,0,1,ok,True,3,1331038,1331.038,0.199591,0.500215,1,time_limit,solomon_exact_1000_v1,,,,,,0.5,,100,,25,6d40142f96d4524ef3e9b8d0a5708a0555d3ad0d0e6f412e64400b4bafa02c44,False,combined,f3c7c0b3b4ce8c40e6dcac1c4b5e261346648eec79013fcac702e563f0c4127c
R204,solomon_txt,5349e37d8df99bcbee1efa2e970d2662b5265e5f82fc609343a6af0a60257abf,1,1,ok,True,3,1331038,1331.038,0.207653,0.500251,1,time_limit,solomon_exact_1000_v1,,,,,,0.5,,100,,25,6d40142f96d4524ef3e9b8d0a5708a0555d3ad0d0e6f412e64400b4bafa02c44,False,combined,f3c7c0b3b4ce8c40e6dcac1c4b5e261346648eec79013fcac702e563f0c4127c
R204,solomon_txt,5349e37d8df99bcbee1efa2e970d2662b5265e5f82fc609343a6af0a60257abf,2,1,ok,True,3,1310217,1310.217,0.200633,0.500354,1,time_limit,solomon_exact_1000_v1,,,,,,0.5,,100,,25,6d40142f96d4524ef3e9b8d0a5708a0555d3ad0d0e6f412e64400b4bafa02c44,False,combined,f3c7c0b3b4ce8c40e6dcac1c4b5e261346648eec79013fcac702e563f0c4127c
R205,solomon_txt,1996bf8f10716fb8cfc1a585206a6a6e566f32347c1bb8f36c75ed6c887f77e3,0,1,ok,True,3,1303717,1303.717,0.158984,0.500224,1,time_limit,solomon_exact_1000_v1,,,,,,0.5,,100,,25,6d40142f96d4524ef3e9b8d0a5708a0555d3ad0d0e6f412e64400b4bafa02c44,False,combined,f3c7c0b3b4ce8c40e6dcac1c4b5e261346648eec79013fcac702e563f0c4127c
R205,solomon_txt,1996bf8f10716fb8cfc1a585206a6a6e566f32347c1bb8f36c75ed6c887f77e3,1,1,ok,True,4,1673993,1673.993,0.158421,0.500432,1,time_limit,solomon_exact_1000_v1,,,,,,0.5,,100,,25,6d40142f96d4524ef3e9b8d0a5708a0555d3ad0d0e6f412e64400b4bafa02c44,False,combined,f3c7c0b3b4ce8c40e6dcac1c4b5e261346648eec79013fcac702e563f0c4127c
R205,solomon_txt,1996bf8f10716fb8cfc1a585206a6a6e566f32347c1bb8f36c75ed6c887f77e3,2,1,ok,True,4,1682463,1682.463,0.172186,0.500459,1,time_limit,solomon_exact_1000_v1,,,,,,0.5,,100,,25,6d40142f96d4524ef3e9b8d0a5708a0555d3ad0d0e6f412e64400b4bafa02c44,False,combined,f3c7c0b3b4ce8c40e6dcac1c4b5e261346648eec79013fcac702e563f0c4127c
R206,solomon_txt,c8754a0319264d076c038b1bf023c8c4710e8895fe3e03f485e9ae249f32fe43,0,1,ok,True,3,1533607,1533.607,0.337939,0.500392,1,time_limit,solomon_exact_1000_v1,,,,,,0.5,,100,,25,6d40142f96d4524ef3e9b8d0a5708a0555d3ad0d0e6f412e64400b4bafa02c44,False,combined,f3c7c0b3b4ce8c40e6dcac1c4b5e261346648eec79013fcac702e563f0c4127c
R206,solomon_txt,c8754a0319264d076c038b1bf023c8c4710e8895fe3e03f485e9ae249f32fe43,1,1,ok,True,3,1533607,1533.607,0.283484,0.500467,1,time_limit,solomon_exact_1000_v1,,,,,,0.5,,100,,25,6d40142f96d4524ef3e9b8d0a5708a0555d3ad0d0e6f412e64400b4bafa02c44,False,combined,f3c7c0b3b4ce8c40e6dcac1c4b5e261346648eec79013fcac702e563f0c4127c
R206,solomon_txt,c8754a0319264d076c038b1bf023c8c4710e8895fe3e03f485e9ae249f32fe43,2,1,ok,True,3,1533607,1533.607,0.34414,0.500296,1,time_limit,solomon_exact_1000_v1,,,,,,0.5,,100,,25,6d40142f96d4524ef3e9b8d0a5708a0555d3ad0d0e6f412e64400b4bafa02c44,False,combined,f3c7c0b3b4ce8c40e6dcac1c4b5e261346648eec79013fcac702e563f0c4127c
R207,solomon_txt,52dc8eebba43fdc67ca9aadab228b75a297acb55a87db3e4748e82f623e3cbe6,0,1,ok,True,4,1302528,1302.528,0.334592,0.50036,1,time_limit,solomon_exact_1000_v1,,,,,,0.5,,100,,25,6d40142f96d4524ef3e9b8d0a5708a0555d3ad0d0e6f412e64400b4bafa02c44,False,combined,f3c7c0b3b4ce8c40e6dcac1c4b5e261346648eec79013fcac702e563f0c4127c
R207,solomon_txt,52dc8eebba43fdc67ca9aadab228b75a297acb55a87db3e4748e82f623e3cbe6,1,1,ok,True,4,1302528,1302.528,0.334301,0.500386,1,time_limit,solomon_exact_1000_v1,,,,,,0.5,,100,,25,6d40142f96d4524ef3e9b8d0a5708a0555d3ad0d0e6f412e64400b4bafa02c44,False,combined,f3c7c0b3b4ce8c40e6dcac1c4b5e261346648eec79013fcac702e563f0c4127c
R207,solomon_txt,52dc8eebba43fdc67ca9aadab228b75a297acb55a87db3e4748e82f623e3cbe6,2,1,ok,True,4,1302528,1302.528,0.319846,0.500373,1,time_limit,solomon_exact_1000_v1,,,,,,0.5,,100,,25,6d40142f96d4524ef3e9b8d0a5708a0555d3ad0d0e6f412e64400b4bafa02c44,False,combined,f3c7c0b3b4ce8c40e6dcac1c4b5e261346648eec79013fcac702e563f0c4127c
R208,solomon_txt,7b4a95d500af9329dd08791d39898a619faec0f8fac039d57373e761545b980d,0,1,ok,True,3,957965,957.965,0.358419,0.500615,1,time_limit,solomon_exact_1000_v1,,,,,,0.5,,100,,25,6d40142f96d4524ef3e9b8d0a5708a0555d3ad0d0e6f412e64400b4bafa02c44,False,combined,f3c7c0b3b4ce8c40e6dcac1c4b5e261346648eec79013fcac702e563f0c4127c
R208,solomon_txt,7b4a95d500af9329dd08791d39898a619faec0f8fac039d57373e761545b980d,1,1,ok,True,3,957965,957.965,0.328234,0.500413,1,time_limit,solomon_exact_1000_v1,,,,,,0.5,,100,,25,6d40142f96d4524ef3e9b8d0a5708a0555d3ad0d0e6f412e64400b4bafa02c44,False,combined,f3c7c0b3b4ce8c40e6dcac1c4b5e261346648eec79013fcac702e563f0c4127c
R208,solomon_txt,7b4a95d500af9329dd08791d39898a619faec0f8fac039d57373e761545b980d,2,1,ok,True,3,957965,957.965,0.231153,0.500252,1,time_limit,solomon_exact_1000_v1,,,,,,0.5,,100,,25,6d40142f96d4524ef3e9b8d0a5708a0555d3ad0d0e6f412e64400b4bafa02c44,False,combined,f3c7c0b3b4ce8c40e6dcac1c4b5e261346648eec79013fcac702e563f0c4127c
R209,solomon_txt,5b74156d032babcff853ccc693f94463eca8333cd425aa99a39ed996f6258933,0,1,ok,True,3,1278206,1278.206,0.163808,0.500248,1,time_limit,solomon_exact_1000_v1,,,,,,0.5,,100,,25,6d40142f96d4524ef3e9b8d0a5708a0555d3ad0d0e6f412e64400b4bafa02c44,False,combined,f3c7c0b3b4ce8c40e6dcac1c4b5e261346648eec79013fcac702e563f0c4127c
R209,solomon_txt,5b74156d032babcff853ccc693f94463eca8333cd425aa99a39ed996f6258933,1,1,ok,True,3,1303297,1303.297,0.16885,0.500259,1,time_limit,solomon_exact_1000_v1,,,,,,0.5,,100,,25,6d40142f96d4524ef3e9b8d0a5708a0555d3ad0d0e6f412e64400b4bafa02c44,False,combined,f3c7c0b3b4ce8c40e6dcac1c4b5e261346648eec79013fcac702e563f0c4127c
R209,solomon_txt,5b74156d032babcff853ccc693f94463eca8333cd425aa99a39ed996f6258933,2,1,ok,True,3,1388821,1388.821,0.17056,0.500392,1,time_limit,solomon_exact_1000_v1,,,,,,0.5,,100,,25,6d40142f96d4524ef3e9b8d0a5708a0555d3ad0d0e6f412e64400b4bafa02c44,False,combined,f3c7c0b3b4ce8c40e6dcac1c4b5e261346648eec79013fcac702e563f0c4127c
R210,solomon_txt,4e5772f109fb6183e6a648d6a1edaba3435438c2dc11c42da370fecf7bdf3a14,0,1,ok,True,3,1424736,1424.736,0.181224,0.500482,1,time_limit,solomon_exact_1000_v1,,,,,,0.5,,100,,25,6d40142f96d4524ef3e9b8d0a5708a0555d3ad0d0e6f412e64400b4bafa02c44,False,combined,f3c7c0b3b4ce8c40e6dcac1c4b5e261346648eec79013fcac702e563f0c4127c
R210,solomon_txt,4e5772f109fb6183e6a648d6a1edaba3435438c2dc11c42da370fecf7bdf3a14,1,1,ok,True,3,1428416,1428.416,0.176938,0.50049,1,time_limit,solomon_exact_1000_v1,,,,,,0.5,,100,,25,6d40142f96d4524ef3e9b8d0a5708a0555d3ad0d0e6f412e64400b4bafa02c44,False,combined,f3c7c0b3b4ce8c40e6dcac1c4b5e261346648eec79013fcac702e563f0c4127c
R210,solomon_txt,4e5772f109fb6183e6a648d6a1edaba3435438c2dc11c42da370fecf7bdf3a14,2,1,ok,True,3,1421321,1421.321,0.181835,0.500487,1,time_limit,solomon_exact_1000_v1,,,,,,0.5,,100,,25,6d40142f96d4524ef3e9b8d0a5708a0555d3ad0d0e6f412e64400b4bafa02c44,False,combined,f3c7c0b3b4ce8c40e6dcac1c4b5e261346648eec79013fcac702e563f0c4127c
R211,solomon_txt,2965507e467a2f92acd59035975910e36ae11e4f49590d4c7d20a883939227ad,0,1,ok,True,3,1516434,1516.434,0.192639,0.500243,1,time_limit,solomon_exact_1000_v1,,,,,,0.5,,100,,25,6d40142f96d4524ef3e9b8d0a5708a0555d3ad0d0e6f412e64400b4bafa02c44,False,combined,f3c7c0b3b4ce8c40e6dcac1c4b5e261346648eec79013fcac702e563f0c4127c
R211,solomon_txt,2965507e467a2f92acd59035975910e36ae11e4f49590d4c7d20a883939227ad,1,1,ok,True,3,1516434,1516.434,0.196396,0.500298,1,time_limit,solomon_exact_1000_v1,,,,,,0.5,,100,,25,6d40142f96d4524ef3e9b8d0a5708a0555d3ad0d0e6f412e64400b4bafa02c44,False,combined,f3c7c0b3b4ce8c40e6dcac1c4b5e261346648eec79013fcac702e563f0c4127c
R211,solomon_txt,2965507e467a2f92acd59035975910e36ae11e4f49590d4c7d20a883939227ad,2,1,ok,True,3,1507534,1507.534,0.189234,0.500396,1,time_limit,solomon_exact_1000_v1,,,,,,0.5,,100,,25,6d40142f96d4524ef3e9b8d0a5708a0555d3ad0d0e6f412e64400b4bafa02c44,False,combined,f3c7c0b3b4ce8c40e6dcac1c4b5e261346648eec79013fcac702e563f0c4127c
RC101,solomon_txt,ef6893ffd9746ad96de8e4da6e64e2c4ba6e08a1c7eb9457276a9f1caf01ca12,0,1,ok,True,17,2197881,2197.881,0.060789,0.500446,2,time_limit,solomon_exact_1000_v1,,,,,,0.5,,100,,25,6d40142f96d4524ef3e9b8d0a5708a0555d3ad0d0e6f412e64400b4bafa02c44,False,combined,f3c7c0b3b4ce8c40e6dcac1c4b5e261346648eec79013fcac702e563f0c4127c
RC101,solomon_txt,ef6893ffd9746ad96de8e4da6e64e2c4ba6e08a1c7eb9457276a9f1caf01ca12,1,1,ok,True,18,2074763,2074.763,0.059487,0.500491,1,time_limit,solomon_exact_1000_v1,,,,,,0.5,,100,,25,6d40142f96d4524ef3e9b8d0a5708a0555d3ad0d0e6f412e64400b4bafa02c44,False,combined,f3c7c0b3b4ce8c40e6dcac1c4b5e261346648eec79013fcac702e563f0c4127c
RC101,solomon_txt,ef6893ffd9746ad96de8e4da6e64e2c4ba6e08a1c7eb9457276a9f1caf01ca12,2,1,ok,True,18,1983759,1983.759,0.059785,0.500519,1,time_limit,solomon_exact_1000_v1,,,,,,0.5,,100,,25,6d40142f96d4524ef3e9b8d0a5708a0555d3ad0d0e6f412e64400b4bafa02c44,False,combined,f3c7c0b3b4ce8c40e6dcac1c4b5e261346648eec79013fcac702e563f0c4127c
RC102,solomon_txt,36acd349d34a577c7fadd61f78517c2cb74bd06a490273800c288f341e5785a4,0,1,ok,True,15,1754491,1754.491,0.067799,0.500476,2,time_limit,solomon_exact_1000_v1,,,,,,0.5,,100,,25,6d40142f96d4524ef3e9b8d0a5708a0555d3ad0d0e6f412e64400b4bafa02c44,False,combined,f3c7c0b3b4ce8c40e6dcac1c4b5e261346648eec79013fcac702e563f0c4127c
RC102,solomon_txt,36acd349d34a577c7fadd61f78517c2cb74bd06a490273800c288f341e5785a4,1,1,ok,True,15,1834933,1834.933,0.062451,0.50051,1,time_limit,solomon_exact_1000_v1,,,,,,0.5,,100,,25,6d40142f96d4524ef3e9b8d0a5708a0555d3ad0d0e6f412e64400b4bafa02c44,False,combined,f3c7c0b3b4ce8c40e6dcac1c4b5e261346648eec79013fcac702e563f0c4127c
RC102,solomon_txt,36acd349d34a577c7fadd61f78517c2cb74bd06a490273800c288f341e5785a4,2,1,ok,True,16,1812496,1812.496,0.06143,0.500506,1,time_limit,solomon_exact_1000_v1,,,,,,0.5,,100,,25,6d40142f96d4524ef3e9b8d0a5708a0555d3ad0d0e6f412e64400b4bafa02c44,False,combined,f3c7c0b3b4ce8c40e6dcac1c4b5e261346648eec79013fcac702e563f0c4127c
RC103,solomon_txt,00f384138274d5d2bff5c41601db17cc4ad0cfc6315c27e223d4477bf435cc2d,0,1,ok,True,12,1733037,1733.037,0.070607,0.500463,1,time_limit,solomon_exact_1000_v1,,,,,,0.5,,100,,25,6d40142f96d4524ef3e9b8d0a5708a0555d3ad0d0e6f412e64400b4bafa02c44,False,combined,f3c7c0b3b4ce8c40e6dcac1c4b5e261346648eec79013fcac702e563f0c4127c
RC103,solomon_txt,00f384138274d5d2bff5c41601db17cc4ad0cfc6315c27e223d4477bf435cc2d,1,1,ok,True,12,1703532,1703.532,0.070074,0.500493,1,time_limit,solomon_exact_1000_v1,,,,,,0.5,,100,,25,6d40142f96d4524ef3e9b8d0a5708a0555d3ad0d0e6f412e64400b4bafa02c44,False,combined,f3c7c0b3b4ce8c40e6dcac1c4b5e261346648eec79013fcac702e563f0c4127c
RC103,solomon_txt,00f384138274d5d2bff5c41601db17cc4ad0cfc6315c27e223d4477bf435cc2d,2,1,ok,True,13,1952068,1952.068,0.06875,0.500494,1,time_limit,solomon_exact_1000_v1,,,,,,0.5,,100,,25,6d40142f96d4524ef3e9b8d0a5708a0555d3ad0d0e6f412e64400b4bafa02c44,False,combined,f3c7c0b3b4ce8c40e6dcac1c4b5e261346648eec79013fcac702e563f0c4127c
RC104,solomon_txt,d150b2d61049a488fb89a2320c197d81a7ef9a1864abbbaea1d13a2b451253ee,0,1,ok,True,12,1621297,1621.297,0.068069,0.500459,1,time_limit,solomon_exact_1000_v1,,,,,,0.5,,100,,25,6d40142f96d4524ef3e9b8d0a5708a0555d3ad0d0e6f412e64400b4bafa02c44,False,combined,f3c7c0b3b4ce8c40e6dcac1c4b5e261346648eec79013fcac702e563f0c4127c
RC104,solomon_txt,d150b2d61049a488fb89a2320c197d81a7ef9a1864abbbaea1d13a2b451253ee,1,1,ok,True,12,1620614,1620.614,0.074192,0.500432,1,time_limit,solomon_exact_1000_v1,,,,,,0.5,,100,,25,6d40142f96d4524ef3e9b8d0a5708a0555d3ad0d0e6f412e64400b4bafa02c44,False,combined,f3c7c0b3b4ce8c40e6dcac1c4b5e261346648eec79013fcac702e563f0c4127c
RC104,solomon_txt,d150b2d61049a488fb89a2320c197d81a7ef9a1864abbbaea1d13a2b451253ee,2,1,ok,True,11,1474470,1474.47,0.072301,0.500461,1,time_limit,solomon_exact_1000_v1,,,,,,0.5,,100,,25,6d40142f96d4524ef3e9b8d0a5708a0555d3ad0d0e6f412e64400b4bafa02c44,False,combined,f3c7c0b3b4ce8c40e6dcac1c4b5e261346648eec79013fcac702e563f0c4127c
RC105,solomon_txt,b9e912625c1ed80d2f565e0799ade2f4b17bf4f95056322ca23f1a21b37e7a49,0,1,ok,True,16,1911643,1911.643,0.06115,0.500503,1,time_limit,solomon_exact_1000_v1,,,,,,0.5,,100,,25,6d40142f96d4524ef3e9b8d0a5708a0555d3ad0d0e6f412e64400b4bafa02c44,False,combined,f3c7c0b3b4ce8c40e6dcac1c4b5e261346648eec79013fcac702e563f0c4127c
RC105,solomon_txt,b9e912625c1ed80d2f565e0799ade2f4b17bf4f95056322ca23f1a21b37e7a49,1,1,ok,True,16,2118579,2118.579,0.062861,0.500498,1,time_limit,solomon_exact_1000_v1,,,,,,0.5,,100,,25,6d40142f96d4524ef3e9b8d0a5708a0555d3ad0d0e6f412e64400b4bafa02c44,False,combined,f3c7c0b3b4ce8c40e6dcac1c4b5e261346648eec79013fcac702e563f0c4127c
RC105,solomon_txt,b9e912625c1ed80d2f565e0799ade2f4b17bf4f95056322ca23f1a21b37e7a49,2,1,ok,True,16,1886996,1886.996,0.059684,0.500548,1,time_limit,solomon_exact_1000_v1,,,,,,0.5,,100,,25,6d40142f96d4524ef3e9b8d0a5708a0555d3ad0d0e6f412e64400b4bafa02c44,False,combined,f3c7c0b3b4ce8c40e6dcac1c4b5e261346648eec79013fcac702e563f0c4127c
RC106,solomon_txt,bf016ffc567af2d108570357daf1d0cabb7f680c0bd977d2e4366787683fdbaf,0,1,ok,True,15,2117387,2117.387,0.060006,0.500514,1,time_limit,solomon_exact_1000_v1,,,,,,0.5,,100,,25,6d40142f96d4524ef3e9b8d0a5708a0555d3ad0d0e6f412e64400b4bafa02c44,False,combined,f3c7c0b3b4ce8c40e6dcac1c4b5e261346648eec79013fcac702e563f0c4127c
RC106,solomon_txt,bf016ffc567af2d108570357daf1d0cabb7f680c0bd977d2e4366787683fdbaf,1,1,ok,True,15,1908305,1908.305,0.061205,0.500506,1,time_limit,solomon_exact_1000_v1,,,,,,0.5,,100,,25,6d40142f96d4524ef3e9b8d0a5708a0555d3ad0d0e6f412e64400b4bafa02c44,False,combined,f3c7c0b3b4ce8c40e6dcac1c4b5e261346648eec79013fcac702e563f0c4127c
RC106,solomon_txt,bf016ffc567af2d108570357daf1d0cabb7f680c0bd977d2e4366787683fdbaf,2,1,ok,True,15,1988965,1988.965,0.062444,0.50049,1,time_limit,solomon_exact_1000_v1,,,,,,0.5,,100,,25,6d40142f96d4524ef3e9b8d0a5708a0555d3ad0d0e6f412e64400b4bafa02c44,False,combined,f3c7c0b3b4ce8c40e6dcac1c4b5e261346648eec79013fcac702e563f0c4127c
RC107,solomon_txt,fff3fd68d110671ed442575f07cc547291586f30b00c5f73934d521d31311582,0,1,ok,True,14,1708249,1708.249,0.062932,0.500472,1,time_limit,solomon_exact_1000_v1,,,,,,0.5,,100,,25,6d40142f96d4524ef3e9b8d0a5708a0555d3ad0d0e6f412e64400b4bafa02c44,False,combined,f3c7c0b3b4ce8c40e6dcac1c4b5e261346648eec79013fcac702e563f0c4127c
RC107,solomon_txt,fff3fd68d110671ed442575f07cc547291586f30b00c5f73934d521d31311582,1,1,ok,True,14,1831323,1831.323,0.063634,0.500504,1,time_limit,solomon_exact_1000_v1,,,,,,0.5,,100,,25,6d40142f96d4524ef3e9b8d0a5708a0555d3ad0d0e6f412e64400b4bafa02c44,False,combined,f3c7c0b3b4ce8c40e6dcac1c4b5e261346648eec79013fcac702e563f0c4127c
RC107,solomon_txt,fff3fd68d110671ed442575f07cc547291586f30b00c5f73934d521d31311582,2,1,ok,True,14,1915870,1915.87,0.06242,0.500489,1,time_limit,solomon_exact_1000_v1,,,,,,0.5,,100,,25,6d40142f96d4524ef3e9b8d0a5708a0555d3ad0d0e6f412e64400b4bafa02c44,False,combined,f3c7c0b3b4ce8c40e6dcac1c4b5e261346648eec79013fcac702e563f0c4127c
RC108,solomon_txt,006bc8817bf09f9a8c66af8d6f088bdec239b2eb435556e9d11193cf456f7aeb,0,1,ok,True,14,1950039,1950.039,0.065006,0.500459,1,time_limit,solomon_exact_1000_v1,,,,,,0.5,,100,,25,6d40142f96d4524ef3e9b8d0a5708a0555d3ad0d0e6f412e64400b4bafa02c44,False,combined,f3c7c0b3b4ce8c40e6dcac1c4b5e261346648eec79013fcac702e563f0c4127c
RC108,solomon_txt,006bc8817bf09f9a8c66af8d6f088bdec239b2eb435556e9d11193cf456f7aeb,1,1,ok,True,14,1701109,1701.109,0.06483,0.500423,1,time_limit,solomon_exact_1000_v1,,,,,,0.5,,100,,25,6d40142f96d4524ef3e9b8d0a5708a0555d3ad0d0e6f412e64400b4bafa02c44,False,combined,f3c7c0b3b4ce8c40e6dcac1c4b5e261346648eec79013fcac702e563f0c4127c
RC108,solomon_txt,006bc8817bf09f9a8c66af8d6f088bdec239b2eb435556e9d11193cf456f7aeb,2,1,ok,True,14,1715089,1715.089,0.065334,0.500491,1,time_limit,solomon_exact_1000_v1,,,,,,0.5,,100,,25,6d40142f96d4524ef3e9b8d0a5708a0555d3ad0d0e6f412e64400b4bafa02c44,False,combined,f3c7c0b3b4ce8c40e6dcac1c4b5e261346648eec79013fcac702e563f0c4127c
RC201,solomon_txt,288836e2d8c2ace83ebbff77e03ac8cdffc574fc134cade21ef92713f8c52d44,0,1,ok,True,5,2429811,2429.811,0.127775,0.500421,1,time_limit,solomon_exact_1000_v1,,,,,,0.5,,100,,25,6d40142f96d4524ef3e9b8d0a5708a0555d3ad0d0e6f412e64400b4bafa02c44,False,combined,f3c7c0b3b4ce8c40e6dcac1c4b5e261346648eec79013fcac702e563f0c4127c
RC201,solomon_txt,288836e2d8c2ace83ebbff77e03ac8cdffc574fc134cade21ef92713f8c52d44,1,1,ok,True,5,2396597,2396.597,0.132595,0.500435,1,time_limit,solomon_exact_1000_v1,,,,,,0.5,,100,,25,6d40142f96d4524ef3e9b8d0a5708a0555d3ad0d0e6f412e64400b4bafa02c44,False,combined,f3c7c0b3b4ce8c40e6dcac1c4b5e261346648eec79013fcac702e563f0c4127c
RC201,solomon_txt,288836e2d8c2ace83ebbff77e03ac8cdffc574fc134cade21ef92713f8c52d44,2,1,ok,True,5,2411572,2411.572,0.131903,0.500418,1,time_limit,solomon_exact_1000_v1,,,,,,0.5,,100,,25,6d40142f96d4524ef3e9b8d0a5708a0555d3ad0d0e6f412e64400b4bafa02c44,False,combined,f3c7c0b3b4ce8c40e6dcac1c4b5e261346648eec79013fcac702e563f0c4127c
RC202,solomon_txt,5a1dee2017ab0ca4fe280b392678c96e8b5bc71f22d02c8058fbde7c4cfebcf4,0,1,ok,True,4,1920411,1920.411,0.120919,0.500259,1,time_limit,solomon_exact_1000_v1,,,,,,0.5,,100,,25,6d40142f96d4524ef3e9b8d0a5708a0555d3ad0d0e6f412e64400b4bafa02c44,False,combined,f3c7c0b3b4ce8c40e6dcac1c4b5e261346648eec79013fcac702e563f0c4127c
RC202,solomon_txt,5a1dee2017ab0ca4fe280b392678c96e8b5bc71f22d02c8058fbde7c4cfebcf4,1,1,ok,True,4,1818035,1818.035,0.122501,0.500418,1,time_limit,solomon_exact_1000_v1,,,,,,0.5,,100,,25,6d40142f96d4524ef3e9b8d0a5708a0555d3ad0d0e6f412e64400b4bafa02c44,False,combined,f3c7c0b3b4ce8c40e6dcac1c4b5e261346648eec79013fcac702e563f0c4127c
RC202,solomon_txt,5a1dee2017ab0ca4fe280b392678c96e8b5bc71f22d02c8058fbde7c4cfebcf4,2,1,ok,True,4,1586173,1586.173,0.139583,0.500389,1,time_limit,solomon_exact_1000_v1,,,,,,0.5,,100,,25,6d40142f96d4524ef3e9b8d0a5708a0555d3ad0d0e6f412e64400b4bafa02c44,False,combined,f3c7c0b3b4ce8c40e6dcac1c4b5e261346648eec79013fcac702e563f0c4127c
RC203,solomon_txt,4adcb362c23df91f14b828d4964e9383ffb02ee74217afc2d84571f83ed91f8b,0,1,ok,True,3,1400007,1400.007,0.129585,0.500259,1,time_limit,solomon_exact_1000_v1,,,,,,0.5,,100,,25,6d40142f96d4524ef3e9b8d0a5708a0555d3ad0d0e6f412e64400b4bafa02c44,False,combined,f3c7c0b3b4ce8c40e6dcac1c4b5e261346648eec79013fcac702e563f0c4127c
RC203,solomon_txt,4adcb362c23df91f14b828d4964e9383ffb02ee74217afc2d84571f83ed91f8b,1,1,ok,True,3,1545417,1545.417,0.127164,0.500292,1,time_limit,solomon_exact_1000_v1,,,,,,0.5,,100,,25,6d40142f96d4524ef3e9b8d0a5708a0555d3ad0d0e6f412e64400b4bafa02c44,False,combined,f3c7c0b3b4ce8c40e6dcac1c4b5e261346648eec79013fcac702e563f0c4127c
RC203,solomon_txt,4adcb362c23df91f14b828d4964e9383ffb02ee74217afc2d84571f83ed91f8b,2,1,ok,True,3,1516613,1516.613,0.132972,0.500274,2,time_limit,solomon_exact_1000_v1,,,,,,0.5,,100,,25,6d40142f96d4524ef3e9b8d0a5708a0555d3ad0d0e6f412e64400b4bafa02c44,False,combined,f3c7c0b3b4ce8c40e6dcac1c4b5e261346648eec79013fcac702e563f0c4127c
RC204,solomon_txt,11e827eab51a959ebab66344e7b7cfd1aeed895287653b36a72c86a4440ecd77,0,1,ok,True,3,1500593,1500.593,0.19918,0.500242,1,time_limit,solomon_exact_1000_v1,,,,,,0.5,,100,,25,6d40142f96d4524ef3e9b8d0a5708a0555d3ad0d0e6f412e64400b4bafa02c44,False,combined,f3c7c0b3b4ce8c40e6dcac1c4b5e261346648eec79013fcac702e563f0c4127c
RC204,solomon_txt,11e827eab51a959ebab66344e7b7cfd1aeed895287653b36a72c86a4440ecd77,1,1,ok,True,3,1500593,1500.593,0.191379,0.500282,1,time_limit,solomon_exact_1000_v1,,,,,,0.5,,100,,25,6d40142f96d4524ef3e9b8d0a5708a0555d3ad0d0e6f412e64400b4bafa02c44,False,combined,f3c7c0b3b4ce8c40e6dcac1c4b5e261346648eec79013fcac702e563f0c4127c
RC204,solomon_txt,11e827eab51a959ebab66344e7b7cfd1aeed895287653b36a72c86a4440ecd77,2,1,ok,True,3,1500132,1500.132,0.199615,0.500742,1,time_limit,solomon_exact_1000_v1,,,,,,0.5,,100,,25,6d40142f96d4524ef3e9b8d0a5708a0555d3ad0d0e6f412e64400b4bafa02c44,False,combined,f3c7c0b3b4ce8c40e6dcac1c4b5e261346648eec79013fcac702e563f0c4127c
RC205,solomon_txt,c061d306cf42310b0f3ca15612089f6c5a8d5604c0733bf26852477c787662c9,0,1,ok,True,4,1959415,1959.415,0.137898,0.500256,1,time_limit,solomon_exact_1000_v1,,,,,,0.5,,100,,25,6d40142f96d4524ef3e9b8d0a5708a0555d3ad0d0e6f412e64400b4bafa02c44,False,combined,f3c7c0b3b4ce8c40e6dcac1c4b5e261346648eec79013fcac702e563f0c4127c
RC205,solomon_txt,c061d306cf42310b0f3ca15612089f6c5a8d5604c0733bf26852477c787662c9,1,1,ok,True,4,1744421,1744.421,0.142791,0.500384,1,time_limit,solomon_exact_1000_v1,,,,,,0.5,,100,,25,6d40142f96d4524ef3e9b8d0a5708a0555d3ad0d0e6f412e64400b4bafa02c44,False,combined,f3c7c0b3b4ce8c40e6dcac1c4b5e261346648eec79013fcac702e563f0c4127c
RC205,solomon_txt,c061d306cf42310b0f3ca15612089f6c5a8d5604c0733bf26852477c787662c9,2,1,ok,True,4,1695820,1695.82,0.143391,0.500418,1,time_limit,solomon_exact_1000_v1,,,,,,0.5,,100,,25,6d40142f96d4524ef3e9b8d0a5708a0555d3ad0d0e6f412e64400b4bafa02c44,False,combined,f3c7c0b3b4ce8c40e6dcac1c4b5e261346648eec79013fcac702e563f0c4127c
RC206,solomon_txt,5203aecf67c84df49e152645312a837ffefde529314ff892ca061538816e43a9,0,1,ok,True,4,2080287,2080.287,0.144809,0.500272,1,time_limit,solomon_exact_1000_v1,,,,,,0.5,,100,,25,6d40142f96d4524ef3e9b8d0a5708a0555d3ad0d0e6f412e64400b4bafa02c44,False,combined,f3c7c0b3b4ce8c40e6dcac1c4b5e261346648eec79013fcac702e563f0c4127c
RC206,solomon_txt,5203aecf67c84df49e152645312a837ffefde529314ff892ca061538816e43a9,1,1,ok,True,4,1771858,1771.858,0.135233,0.500387,1,time_limit,solomon_exact_1000_v1,,,,,,0.5,,100,,25,6d40142f96d4524ef3e9b8d0a5708a0555d3ad0d0e6f412e64400b4bafa02c44,False,combined,f3c7c0b3b4ce8c40e6dcac1c4b5e261346648eec79013fcac702e563f0c4127c
RC206,solomon_txt,5203aecf67c84df49e152645312a837ffefde529314ff892ca061538816e43a9,2,1,ok,True,4,1725004,1725.004,0.139066,0.500385,1,time_limit,solomon_exact_1000_v1,,,,,,0.5,,100,,25,6d40142f96d4524ef3e9b8d0a5708a0555d3ad0d0e6f412e64400b4bafa02c44,False,combined,f3c7c0b3b4ce8c40e6dcac1c4b5e261346648eec79013fcac702e563f0c4127c
RC207,solomon_txt,5cab65f99b350cdb8fb1c4d0a12dde85eb4ff6a6d6daf292b182cb73de9a8b63,0,1,ok,True,4,1907431,1907.431,0.149924,0.500259,1,time_limit,solomon_exact_1000_v1,,,,,,0.5,,100,,25,6d40142f96d4524ef3e9b8d0a5708a0555d3ad0d0e6f412e64400b4bafa02c44,False,combined,f3c7c0b3b4ce8c40e6dcac1c4b5e261346648eec79013fcac702e563f0c4127c
RC207,solomon_txt,5cab65f99b350cdb8fb1c4d0a12dde85eb4ff6a6d6daf292b182cb73de9a8b63,1,1,ok,True,3,1405392,1405.392,0.151712,0.500294,1,time_limit,solomon_exact_1000_v1,,,,,,0.5,,100,,25,6d40142f96d4524ef3e9b8d0a5708a0555d3ad0d0e6f412e64400b4bafa02c44,False,combined,f3c7c0b3b4ce8c40e6dcac1c4b5e261346648eec79013fcac702e563f0c4127c
RC207,solomon_txt,5cab65f99b350cdb8fb1c4d0a12dde85eb4ff6a6d6daf292b182cb73de9a8b63,2,1,ok,True,4,1906750,1906.75,0.14848,0.500387,1,time_limit,solomon_exact_1000_v1,,,,,,0.5,,100,,25,6d40142f96d4524ef3e9b8d0a5708a0555d3ad0d0e6f412e64400b4bafa02c44,False,combined,f3c7c0b3b4ce8c40e6dcac1c4b5e261346648eec79013fcac702e563f0c4127c
RC208,solomon_txt,3d67d2a8e2758a324643f5d6c6ca87e8c56435273eaa04be33f213bb991f1f28,0,1,ok,True,3,1365201,1365.201,0.159711,0.500254,1,time_limit,solomon_exact_1000_v1,,,,,,0.5,,100,,25,6d40142f96d4524ef3e9b8d0a5708a0555d3ad0d0e6f412e64400b4bafa02c44,False,combined,f3c7c0b3b4ce8c40e6dcac1c4b5e261346648eec79013fcac702e563f0c4127c
RC208,solomon_txt,3d67d2a8e2758a324643f5d6c6ca87e8c56435273eaa04be33f213bb991f1f28,1,1,ok,True,4,1913075,1913.075,0.153839,0.500436,1,time_limit,solomon_exact_1000_v1,,,,,,0.5,,100,,25,6d40142f96d4524ef3e9b8d0a5708a0555d3ad0d0e6f412e64400b4bafa02c44,False,combined,f3c7c0b3b4ce8c40e6dcac1c4b5e261346648eec79013fcac702e563f0c4127c
RC208,solomon_txt,3d67d2a8e2758a324643f5d6c6ca87e8c56435273eaa04be33f213bb991f1f28,2,1,ok,True,4,1909257,1909.257,0.148615,0.500433,1,time_limit,solomon_exact_1000_v1,,,,,,0.5,,100,,25,6d40142f96d4524ef3e9b8d0a5708a0555d3ad0d0e6f412e64400b4bafa02c44,False,combined,f3c7c0b3b4ce8c40e6dcac1c4b5e261346648eec79013fcac702e563f0c4127c
