instance,input_format,input_sha256,seed,threads,status,feasible,vehicles,distance_ticks,distance,first_feasible_seconds,runtime_seconds,iterations,stop_reason,numeric_rule,reference_status,reference_vehicles,reference_distance,distance_gap_percent,error,time_limit_seconds,max_iterations,fleet_attempts_per_k,max_moves,vehicle_limit,code_sha256,diagnostics_enabled,variant,config_sha256
C101,solomon_txt,a6da75152d182d60ecd2c6f854296f5be452f92282d096adebcf5d99a7f16516,0,1,ok,True,11,947904,947.904,0.073992,0.500419,1,time_limit,solomon_exact_1000_v1,,,,,,0.5,,,,25,153657d31d0a2c73de1efecde91d561f2bc3385b7604e2cb6ac55292ec1305ce,False,baseline,b30f3eb99aa674c6696656b417bca3fea48cb5a37f6f0b55429d0a1c15549f4f
C101,solomon_txt,a6da75152d182d60ecd2c6f854296f5be452f92282d096adebcf5d99a7f16516,1,1,ok,True,10,828937,828.937,0.069161,0.500376,3,time_limit,solomon_exact_1000_v1,,,,,,0.5,,,,25,153657d31d0a2c73de1efecde91d561f2bc3385b7604e2cb6ac55292ec1305ce,False,baseline,b30f3eb99aa674c6696656b417bca3fea48cb5a37f6f0b55429d0a1c15549f4f
C101,solomon_txt,a6da75152d182d60ecd2c6f854296f5be452f92282d096adebcf5d99a7f16516,2,1,ok,True,10,828937,828.937,0.067287,0.500452,2,time_limit,solomon_exact_1000_v1,,,,,,0.5,,,,25,153657d31d0a2c73de1efecde91d561f2bc3385b7604e2cb6ac55292ec1305ce,False,baseline,b30f3eb99aa674c6696656b417bca3fea48cb5a37f6f0b55429d0a1c15549f4f
C102,solomon_txt,f89a0e2a760cc7448a4ca72b88e5b29b94d64b5548f3320f42a6230025ead653,0,1,ok,True,10,1103932,1103.932,0.071419,0.500445,1,time_limit,solomon_exact_1000_v1,,,,,,0.5,,,,25,153657d31d0a2c73de1efecde91d561f2bc3385b7604e2cb6ac55292ec1305ce,False,baseline,b30f3eb99aa674c6696656b417bca3fea48cb5a37f6f0b55429d0a1c15549f4f
C102,solomon_txt,f89a0e2a760cc7448a4ca72b88e5b29b94d64b5548f3320f42a6230025ead653,1,1,ok,True,10,1103932,1103.932,0.071748,0.50047,1,time_limit,solomon_exact_1000_v1,,,,,,0.5,,,,25,153657d31d0a2c73de1efecde91d561f2bc3385b7604e2cb6ac55292ec1305ce,False,baseline,b30f3eb99aa674c6696656b417bca3fea48cb5a37f6f0b55429d0a1c15549f4f
C102,solomon_txt,f89a0e2a760cc7448a4ca72b88e5b29b94d64b5548f3320f42a6230025ead653,2,1,ok,True,10,1103932,1103.932,0.070057,0.500475,1,time_limit,solomon_exact_1000_v1,,,,,,0.5,,,,25,153657d31d0a2c73de1efecde91d561f2bc3385b7604e2cb6ac55292ec1305ce,False,baseline,b30f3eb99aa674c6696656b417bca3fea48cb5a37f6f0b55429d0a1c15549f4f
C103,solomon_txt,a55cabf15e0da9d65696a5fb45c9852889479893f76f772a428ca15d1b415a51,0,1,ok,True,10,1617749,1617.749,0.076929,0.500413,1,time_limit,solomon_exact_1000_v1,,,,,,0.5,,,,25,153657d31d0a2c73de1efecde91d561f2bc3385b7604e2cb6ac55292ec1305ce,False,baseline,b30f3eb99aa674c6696656b417bca3fea48cb5a37f6f0b55429d0a1c15549f4f
C103,solomon_txt,a55cabf15e0da9d65696a5fb45c9852889479893f76f772a428ca15d1b415a51,1,1,ok,True,10,1658323,1658.323,0.082597,0.500457,1,time_limit,solomon_exact_1000_v1,,,,,,0.5,,,,25,153657d31d0a2c73de1efecde91d561f2bc3385b7604e2cb6ac55292ec1305ce,False,baseline,b30f3eb99aa674c6696656b417bca3fea48cb5a37f6f0b55429d0a1c15549f4f
C103,solomon_txt,a55cabf15e0da9d65696a5fb45c9852889479893f76f772a428ca15d1b415a51,2,1,ok,True,10,1658323,1658.323,0.076566,0.500449,1,time_limit,solomon_exact_1000_v1,,,,,,0.5,,,,25,153657d31d0a2c73de1efecde91d561f2bc3385b7604e2cb6ac55292ec1305ce,False,baseline,b30f3eb99aa674c6696656b417bca3fea48cb5a37f6f0b55429d0a1c15549f4f
C104,solomon_txt,fe333e81625ee5a75bb2ce98c2c9f356d07289237865b62a23ba2f32f0de5ee2,0,1,ok,True,10,1407727,1407.727,0.08013,0.500704,1,time_limit,solomon_exact_1000_v1,,,,,,0.5,,,,25,153657d31d0a2c73de1efecde91d561f2bc3385b7604e2cb6ac55292ec1305ce,False,baseline,b30f3eb99aa674c6696656b417bca3fea48cb5a37f6f0b55429d0a1c15549f4f
C104,solomon_txt,fe333e81625ee5a75bb2ce98c2c9f356d07289237865b62a23ba2f32f0de5ee2,1,1,ok,True,10,1402161,1402.161,0.080327,0.500425,1,time_limit,solomon_exact_1000_v1,,,,,,0.5,,,,25,153657d31d0a2c73de1efecde91d561f2bc3385b7604e2cb6ac55292ec1305ce,False,baseline,b30f3eb99aa674c6696656b417bca3fea48cb5a37f6f0b55429d0a1c15549f4f
C104,solomon_txt,fe333e81625ee5a75bb2ce98c2c9f356d07289237865b62a23ba2f32f0de5ee2,2,1,ok,True,10,1473252,1473.252,0.08168,0.500422,1,time_limit,solomon_exact_1000_v1,,,,,,0.5,,,,25,153657d31d0a2c73de1efecde91d561f2bc3385b7604e2cb6ac55292ec1305ce,False,baseline,b30f3eb99aa674c6696656b417bca3fea48cb5a37f6f0b55429d0a1c15549f4f
C105,solomon_txt,9a877a3a6fb922e7ad9297cc0308bc8a5652cb1495a0228ee6b81b2d938aa29f,0,1,ok,True,10,948827,948.827,0.066779,0.500449,1,time_limit,solomon_exact_1000_v1,,,,,,0.5,,,,25,153657d31d0a2c73de1efecde91d561f2bc3385b7604e2cb6ac55292ec1305ce,False,baseline,b30f3eb99aa674c6696656b417bca3fea48cb5a37f6f0b55429d0a1c15549f4f
C105,solomon_txt,9a877a3a6fb922e7ad9297cc0308bc8a5652cb1495a0228ee6b81b2d938aa29f,1,1,ok,True,10,920159,920.159,0.067775,0.500442,1,time_limit,solomon_exact_1000_v1,,,,,,0.5,,,,25,153657d31d0a2c73de1efecde91d561f2bc3385b7604e2cb6ac55292ec1305ce,False,baseline,b30f3eb99aa674c6696656b417bca3fea48cb5a37f6f0b55429d0a1c15549f4f
C105,solomon_txt,9a877a3a6fb922e7ad9297cc0308bc8a5652cb1495a0228ee6b81b2d938aa29f,2,1,ok,True,10,874895,874.895,0.069237,0.500473,1,time_limit,solomon_exact_1000_v1,,,,,,0.5,,,,25,153657d31d0a2c73de1efecde91d561f2bc3385b7604e2cb6ac55292ec1305ce,False,baseline,b30f3eb99aa674c6696656b417bca3fea48cb5a37f6f0b55429d0a1c15549f4f
C106,solomon_txt,ec9b419bed53e9c607cce76e8c6bc59feb6e4d17646905601f008a4141ec7b40,0,1,ok,True,10,977294,977.294,0.066716,0.500461,1,time_limit,solomon_exact_1000_v1,,,,,,0.5,,,,25,153657d31d0a2c73de1efecde91d561f2bc3385b7604e2cb6ac55292ec1305ce,False,baseline,b30f3eb99aa674c6696656b417bca3fea48cb5a37f6f0b55429d0a1c15549f4f
C106,solomon_txt,ec9b419bed53e9c607cce76e8c6bc59feb6e4d17646905601f008a4141ec7b40,1,1,ok,True,10,942706,942.706,0.064807,0.500462,1,time_limit,solomon_exact_1000_v1,,,,,,0.5,,,,25,153657d31d0a2c73de1efecde91d561f2bc3385b7604e2cb6ac55292ec1305ce,False,baseline,b30f3eb99aa674c6696656b417bca3fea48cb5a37f6f0b55429d0a1c15549f4f
C106,solomon_txt,ec9b419bed53e9c607cce76e8c6bc59feb6e4d17646905601f008a4141ec7b40,2,1,ok,True,10,1037941,1037.941,0.065441,0.500451,2,time_limit,solomon_exact_1000_v1,,,,,,0.5,,,,25,153657d31d0a2c73de1efecde91d561f2bc3385b7604e2cb6ac55292ec1305ce,False,baseline,b30f3eb99aa674c6696656b417bca3fea48cb5a37f6f0b55429d0a1c15549f4f
C107,solomon_txt,cb3cdc10d812fa17370eb52cb753b6b0574426dc6fabeb8b9076ed750ddf05ca,0,1,ok,True,10,1051870,1051.87,0.070737,0.500442,1,time_limit,solomon_exact_1000_v1,,,,,,0.5,,,,25,153657d31d0a2c73de1efecde91d561f2bc3385b7604e2cb6ac55292ec1305ce,False,baseline,b30f3eb99aa674c6696656b417bca3fea48cb5a37f6f0b55429d0a1c15549f4f
C107,solomon_txt,cb3cdc10d812fa17370eb52cb753b6b0574426dc6fabeb8b9076ed750ddf05ca,1,1,ok,True,10,922315,922.315,0.073973,0.500465,1,time_limit,solomon_exact_1000_v1,,,,,,0.5,,,,25,153657d31d0a2c73de1efecde91d561f2bc3385b7604e2cb6ac55292ec1305ce,False,baseline,b30f3eb99aa674c6696656b417bca3fea48cb5a37f6f0b55429d0a1c15549f4f
C107,solomon_txt,cb3cdc10d812fa17370eb52cb753b6b0574426dc6fabeb8b9076ed750ddf05ca,2,1,ok,True,10,892555,892.555,0.075496,0.500462,1,time_limit,solomon_exact_1000_v1,,,,,,0.5,,,,25,153657d31d0a2c73de1efecde91d561f2bc3385b7604e2cb6ac55292ec1305ce,False,baseline,b30f3eb99aa674c6696656b417bca3fea48cb5a37f6f0b55429d0a1c15549f4f
C108,solomon_txt,b8c7e48f292b66b283d8e71511e3a4eccaa4c4bc66b9313c399e73b0226f5953,0,1,ok,True,10,1289933,1289.933,0.068434,0.500471,1,time_limit,solomon_exact_1000_v1,,,,,,0.5,,,,25,153657d31d0a2c73de1efecde91d561f2bc3385b7604e2cb6ac55292ec1305ce,False,baseline,b30f3eb99aa674c6696656b417bca3fea48cb5a37f6f0b55429d0a1c15549f4f
C108,solomon_txt,b8c7e48f292b66b283d8e71511e3a4eccaa4c4bc66b9313c399e73b0226f5953,1,1,ok,True,10,1358536,1358.536,0.070165,0.500582,1,time_limit,solomon_exact_1000_v1,,,,,,0.5,,,,25,153657d31d0a2c73de1efecde91d561f2bc3385b7604e2cb6ac55292ec1305ce,False,baseline,b30f3eb99aa674c6696656b417bca3fea48cb5a37f6f0b55429d0a1c15549f4f
C108,solomon_txt,b8c7e48f292b66b283d8e71511e3a4eccaa4c4bc66b9313c399e73b0226f5953,2,1,ok,True,10,1130295,1130.295,0.066756,0.500413,2,time_limit,solomon_exact_1000_v1,,,,,,0.5,,,,25,153657d31d0a2c73de1efecde91d561f2bc3385b7604e2cb6ac55292ec1305ce,False,baseline,b30f3eb99aa674c6696656b417bca3fea48cb5a37f6f0b55429d0a1c15549f4f
C109,solomon_txt,72d8489e14bf1bb18456f0b21b01110506cbcc2354719dae8481b480150f142a,0,1,ok,True,10,1322747,1322.747,0.077024,0.50051,1,time_limit,solomon_exact_1000_v1,,,,,,0.5,,,,25,153657d31d0a2c73de1efecde91d561f2bc3385b7604e2cb6ac55292ec1305ce,False,baseline,b30f3eb99aa674c6696656b417bca3fea48cb5a37f6f0b55429d0a1c15549f4f
C109,solomon_txt,72d8489e14bf1bb18456f0b21b01110506cbcc2354719dae8481b480150f142a,1,1,ok,True,10,1326293,1326.293,0.074044,0.500422,1,time_limit,solomon_exact_1000_v1,,,,,,0.5,,,,25,153657d31d0a2c73de1efecde91d561f2bc3385b7604e2cb6ac55292ec1305ce,False,baseline,b30f3eb99aa674c6696656b417bca3fea48cb5a37f6f0b55429d0a1c15549f4f
C109,solomon_txt,72d8489e14bf1bb18456f0b21b01110506cbcc2354719dae8481b480150f142a,2,1,ok,True,10,1308492,1308.492,0.072328,0.500446,1,time_limit,solomon_exact_1000_v1,,,,,,0.5,,,,25,153657d31d0a2c73de1efecde91d561f2bc3385b7604e2cb6ac55292ec1305ce,False,baseline,b30f3eb99aa674c6696656b417bca3fea48cb5a37f6f0b55429d0a1c15549f4f
C201,solomon_txt,d8d9834087ae2326fa23a8510533060233dc9fb481873be60956eb26a880ad63,0,1,ok,True,3,626335,626.335,0.181518,0.500434,1,time_limit,solomon_exact_1000_v1,,,,,,0.5,,,,25,153657d31d0a2c73de1efecde91d561f2bc3385b7604e2cb6ac55292ec1305ce,False,baseline,b30f3eb99aa674c6696656b417bca3fea48cb5a37f6f0b55429d0a1c15549f4f
C201,solomon_txt,d8d9834087ae2326fa23a8510533060233dc9fb481873be60956eb26a880ad63,1,1,ok,True,3,626335,626.335,0.182449,0.500442,1,time_limit,solomon_exact_1000_v1,,,,,,0.5,,,,25,153657d31d0a2c73de1efecde91d561f2bc3385b7604e2cb6ac55292ec1305ce,False,baseline,b30f3eb99aa674c6696656b417bca3fea48cb5a37f6f0b55429d0a1c15549f4f
C201,solomon_txt,d8d9834087ae2326fa23a8510533060233dc9fb481873be60956eb26a880ad63,2,1,ok,True,3,626335,626.335,0.188499,0.50046,1,time_limit,solomon_exact_1000_v1,,,,,,0.5,,,,25,153657d31d0a2c73de1efecde91d561f2bc3385b7604e2cb6ac55292ec1305ce,False,baseline,b30f3eb99aa674c6696656b417bca3fea48cb5a37f6f0b55429d0a1c15549f4f
C202,solomon_txt,dfc8ecad79f6c7ffb096cd36994143569f0babe284d5ad194683271d81063772,0,1,ok,True,3,718254,718.254,0.174027,0.50042,1,time_limit,solomon_exact_1000_v1,,,,,,0.5,,,,25,153657d31d0a2c73de1efecde91d561f2bc3385b7604e2cb6ac55292ec1305ce,False,baseline,b30f3eb99aa674c6696656b417bca3fea48cb5a37f6f0b55429d0a1c15549f4f
C202,solomon_txt,dfc8ecad79f6c7ffb096cd36994143569f0babe284d5ad194683271d81063772,1,1,ok,True,3,718254,718.254,0.186661,0.500424,1,time_limit,solomon_exact_1000_v1,,,,,,0.5,,,,25,153657d31d0a2c73de1efecde91d561f2bc3385b7604e2cb6ac55292ec1305ce,False,baseline,b30f3eb99aa674c6696656b417bca3fea48cb5a37f6f0b55429d0a1c15549f4f
C202,solomon_txt,dfc8ecad79f6c7ffb096cd36994143569f0babe284d5ad194683271d81063772,2,1,ok,True,3,717867,717.867,0.177594,0.500418,1,time_limit,solomon_exact_1000_v1,,,,,,0.5,,,,25,153657d31d0a2c73de1efecde91d561f2bc3385b7604e2cb6ac55292ec1305ce,False,baseline,b30f3eb99aa674c6696656b417bca3fea48cb5a37f6f0b55429d0a1c15549f4f
C203,solomon_txt,2b79eea2962a848cb29f6153d4fb4ae725d35507686d937da6643b33fcd85062,0,1,ok,True,3,625423,625.423,0.164791,0.500475,1,time_limit,solomon_exact_1000_v1,,,,,,0.5,,,,25,153657d31d0a2c73de1efecde91d561f2bc3385b7604e2cb6ac55292ec1305ce,False,baseline,b30f3eb99aa674c6696656b417bca3fea48cb5a37f6f0b55429d0a1c15549f4f
C203,solomon_txt,2b79eea2962a848cb29f6153d4fb4ae725d35507686d937da6643b33fcd85062,1,1,ok,True,3,711401,711.401,0.166784,0.500442,1,time_limit,solomon_exact_1000_v1,,,,,,0.5,,,,25,153657d31d0a2c73de1efecde91d561f2bc3385b7604e2cb6ac55292ec1305ce,False,baseline,b30f3eb99aa674c6696656b417bca3fea48cb5a37f6f0b55429d0a1c15549f4f
C203,solomon_txt,2b79eea2962a848cb29f6153d4fb4ae725d35507686d937da6643b33fcd85062,2,1,ok,True,3,661369,661.369,0.169438,0.50044,1,time_limit,solomon_exact_1000_v1,,,,,,0.5,,,,25,153657d31d0a2c73de1efecde91d561f2bc3385b7604e2cb6ac55292ec1305ce,False,baseline,b30f3eb99aa674c6696656b417bca3fea48cb5a37f6f0b55429d0a1c15549f4f
C204,solomon_txt,4331b2744d34e32c2987e3fe8a82b782a2039d757d2aac818f7e0fd21117bfb4,0,1,ok,True,3,927337,927.337,0.185766,0.500443,1,time_limit,solomon_exact_1000_v1,,,,,,0.5,,,,25,153657d31d0a2c73de1efecde91d561f2bc3385b7604e2cb6ac55292ec1305ce,False,baseline,b30f3eb99aa674c6696656b417bca3fea48cb5a37f6f0b55429d0a1c15549f4f
C204,solomon_txt,4331b2744d34e32c2987e3fe8a82b782a2039d757d2aac818f7e0fd21117bfb4,1,1,ok,True,3,764307,764.307,0.185024,0.500435,1,time_limit,solomon_exact_1000_v1,,,,,,0.5,,,,25,153657d31d0a2c73de1efecde91d561f2bc3385b7604e2cb6ac55292ec1305ce,False,baseline,b30f3eb99aa674c6696656b417bca3fea48cb5a37f6f0b55429d0a1c15549f4f
C204,solomon_txt,4331b2744d34e32c2987e3fe8a82b782a2039d757d2aac818f7e0fd21117bfb4,2,1,ok,True,3,714754,714.754,0.173842,0.500414,1,time_limit,solomon_exact_1000_v1,,,,,,0.5,,,,25,153657d31d0a2c73de1efecde91d561f2bc3385b7604e2cb6ac55292ec1305ce,False,baseline,b30f3eb99aa674c6696656b417bca3fea48cb5a37f6f0b55429d0a1c15549f4f
C205,solomon_txt,15be2bb8c3e4ad99a79d1e7ee0472223feb95a4f423d010e032bda0a87266ca5,0,1,ok,True,3,687606,687.606,0.161632,0.500424,1,time_limit,solomon_exact_1000_v1,,,,,,0.5,,,,25,153657d31d0a2c73de1efecde91d561f2bc3385b7604e2cb6ac55292ec1305ce,False,baseline,b30f3eb99aa674c6696656b417bca3fea48cb5a37f6f0b55429d0a1c15549f4f
C205,solomon_txt,15be2bb8c3e4ad99a79d1e7ee0472223feb95a4f423d010e032bda0a87266ca5,1,1,ok,True,3,617530,617.53,0.156799,0.500455,1,time_limit,solomon_exact_1000_v1,,,,,,0.5,,,,25,153657d31d0a2c73de1efecde91d561f2bc3385b7604e2cb6ac55292ec1305ce,False,baseline,b30f3eb99aa674c6696656b417bca3fea48cb5a37f6f0b55429d0a1c15549f4f
C205,solomon_txt,15be2bb8c3e4ad99a79d1e7ee0472223feb95a4f423d010e032bda0a87266ca5,2,1,ok,True,3,606129,606.129,0.171466,0.500451,1,time_limit,solomon_exact_1000_v1,,,,,,0.5,,,,25,153657d31d0a2c73de1efecde91d561f2bc3385b7604e2cb6ac55292ec1305ce,False,baseline,b30f3eb99aa674c6696656b417bca3fea48cb5a37f6f0b55429d0a1c15549f4f
C206,solomon_txt,745b6c7042707ffbbfc4d681ee02a84431425f1dfb3c8aa85ecf003fec8f7e53,0,1,ok,True,3,629213,629.213,0.183033,0.500407,1,time_limit,solomon_exact_1000_v1,,,,,,0.5,,,,25,153657d31d0a2c73de1efecde91d561f2bc3385b7604e2cb6ac55292ec1305ce,False,baseline,b30f3eb99aa674c6696656b417bca3fea48cb5a37f6f0b55429d0a1c15549f4f
C206,solomon_txt,745b6c7042707ffbbfc4d681ee02a84431425f1dfb3c8aa85ecf003fec8f7e53,1,1,ok,True,3,900115,900.115,0.173014,0.500437,1,time_limit,solomon_exact_1000_v1,,,,,,0.5,,,,25,153657d31d0a2c73de1efecde91d561f2bc3385b7604e2cb6ac55292ec1305ce,False,baseline,b30f3eb99aa674c6696656b417bca3fea48cb5a37f6f0b55429d0a1c15549f4f
C206,solomon_txt,745b6c7042707ffbbfc4d681ee02a84431425f1dfb3c8aa85ecf003fec8f7e53,2,1,ok,True,3,613772,613.772,0.172408,0.500413,1,time_limit,solomon_exact_1000_v1,,,,,,0.5,,,,25,153657d31d0a2c73de1efecde91d561f2bc3385b7604e2cb6ac55292ec1305ce,False,baseline,b30f3eb99aa674c6696656b417bca3fea48cb5a37f6f0b55429d0a1c15549f4f
C207,solomon_txt,a33f03570a944c8a6d185fd6a173e66c68e67c399a4958b2d5b6d49533ace4a4,0,1,ok,True,3,702333,702.333,0.177988,0.500409,1,time_limit,solomon_exact_1000_v1,,,,,,0.5,,,,25,153657d31d0a2c73de1efecde91d561f2bc3385b7604e2cb6ac55292ec1305ce,False,baseline,b30f3eb99aa674c6696656b417bca3fea48cb5a37f6f0b55429d0a1c15549f4f
C207,solomon_txt,a33f03570a944c8a6d185fd6a173e66c68e67c399a4958b2d5b6d49533ace4a4,1,1,ok,True,3,744166,744.166,0.176888,0.500394,1,time_limit,solomon_exact_1000_v1,,,,,,0.5,,,,25,153657d31d0a2c73de1efecde91d561f2bc3385b7604e2cb6ac55292ec1305ce,False,baseline,b30f3eb99aa674c6696656b417bca3fea48cb5a37f6f0b55429d0a1c15549f4f
C207,solomon_txt,a33f03570a944c8a6d185fd6a173e66c68e67c399a4958b2d5b6d49533ace4a4,2,1,ok,True,3,621266,621.266,0.176789,0.500403,1,time_limit,solomon_exact_1000_v1,,,,,,0.5,,,,25,153657d31d0a2c73de1efecde91d561f2bc3385b7604e2cb6ac55292ec1305ce,False,baseline,b30f3eb99aa674c6696656b417bca3fea48cb5a37f6f0b55429d0a1c15549f4f
C208,solomon_txt,1c2f2381b8743680dbeb34322869cbf5a6cdd8c281f4bcffdb99b533e601874b,0,1,ok,True,3,682915,682.915,0.191574,0.500485,1,time_limit,solomon_exact_1000_v1,,,,,,0.5,,,,25,153657d31d0a2c73de1efecde91d561f2bc3385b7604e2cb6ac55292ec1305ce,False,baseline,b30f3eb99aa674c6696656b417bca3fea48cb5a37f6f0b55429d0a1c15549f4f
C208,solomon_txt,1c2f2381b8743680dbeb34322869cbf5a6cdd8c281f4bcffdb99b533e601874b,1,1,ok,True,3,794996,794.996,0.178072,0.500426,1,time_limit,solomon_exact_1000_v1,,,,,,0.5,,,,25,153657d31d0a2c73de1efecde91d561f2bc3385b7604e2cb6ac55292ec1305ce,False,baseline,b30f3eb99aa674c6696656b417bca3fea48cb5a37f6f0b55429d0a1c15549f4f
C208,solomon_txt,1c2f2381b8743680dbeb34322869cbf5a6cdd8c281f4bcffdb99b533e601874b,2,1,ok,True,3,638552,638.552,0.178743,0.500413,1,time_limit,solomon_exact_1000_v1,,,,,,0.5,,,,25,153657d31d0a2c73de1efecde91d561f2bc3385b7604e2cb6ac55292ec1305ce,False,baseline,b30f3eb99aa674c6696656b417bca3fea48cb5a37f6f0b55429d0a1c15549f4f
R101,solomon_txt,3f3655182bc0fe44ce5de65fdcd2ee2f9c7fb9ed055f923635151d9d6f76d3ed,0,1,ok,True,20,1882592,1882.592,0.052794,0.500482,1,time_limit,solomon_exact_1000_v1,,,,,,0.5,,,,25,153657d31d0a2c73de1efecde91d561f2bc3385b7604e2cb6ac55292ec1305ce,False,baseline,b30f3eb99aa674c6696656b417bca3fea48cb5a37f6f0b55429d0a1c15549f4f
R101,solomon_txt,3f3655182bc0fe44ce5de65fdcd2ee2f9c7fb9ed055f923635151d9d6f76d3ed,1,1,ok,True,20,1794075,1794.075,0.052073,0.500525,1,time_limit,solomon_exact_1000_v1,,,,,,0.5,,,,25,153657d31d0a2c73de1efecde91d561f2bc3385b7604e2cb6ac55292ec1305ce,False,baseline,b30f3eb99aa674c6696656b417bca3fea48cb5a37f6f0b55429d0a1c15549f4f
R101,solomon_txt,3f3655182bc0fe44ce5de65fdcd2ee2f9c7fb9ed055f923635151d9d6f76d3ed,2,1,ok,True,20,1812180,1812.18,0.052775,0.500455,1,time_limit,solomon_exact_1000_v1,,,,,,0.5,,,,25,153657d31d0a2c73de1efecde91d561f2bc3385b7604e2cb6ac55292ec1305ce,False,baseline,b30f3eb99aa674c6696656b417bca3fea48cb5a37f6f0b55429d0a1c15549f4f
R102,solomon_txt,eeb23171b7e4fbfc80bf000ca770329109900fbd7273fa8b9d1f95b7dfe683c3,0,1,ok,True,18,1524511,1524.511,0.053619,0.500483,1,time_limit,solomon_exact_1000_v1,,,,,,0.5,,,,25,153657d31d0a2c73de1efecde91d561f2bc3385b7604e2cb6ac55292ec1305ce,False,baseline,b30f3eb99aa674c6696656b417bca3fea48cb5a37f6f0b55429d0a1c15549f4f
R102,solomon_txt,eeb23171b7e4fbfc80bf000ca770329109900fbd7273fa8b9d1f95b7dfe683c3,1,1,ok,True,18,1554241,1554.241,0.05771,0.500464,1,time_limit,solomon_exact_1000_v1,,,,,,0.5,,,,25,153657d31d0a2c73de1efecde91d561f2bc3385b7604e2cb6ac55292ec1305ce,False,baseline,b30f3eb99aa674c6696656b417bca3fea48cb5a37f6f0b55429d0a1c15549f4f
R102,solomon_txt,eeb23171b7e4fbfc80bf000ca770329109900fbd7273fa8b9d1f95b7dfe683c3,2,1,ok,True,18,1524295,1524.295,0.056547,0.500466,1,time_limit,solomon_exact_1000_v1,,,,,,0.5,,,,25,153657d31d0a2c73de1efecde91d561f2bc3385b7604e2cb6ac55292ec1305ce,False,baseline,b30f3eb99aa674c6696656b417bca3fea48cb5a37f6f0b55429d0a1c15549f4f
R103,solomon_txt,1f833e8648ba39e0edc76754fb49e81777a7175cf7b084c3f60a12607bfb3991,0,1,ok,True,14,1477347,1477.347,0.063902,0.500484,1,time_limit,solomon_exact_1000_v1,,,,,,0.5,,,,25,153657d31d0a2c73de1efecde91d561f2bc3385b7604e2cb6ac55292ec1305ce,False,baseline,b30f3eb99aa674c6696656b417bca3fea48cb5a37f6f0b55429d0a1c15549f4f
R103,solomon_txt,1f833e8648ba39e0edc76754fb49e81777a7175cf7b084c3f60a12607bfb3991,1,1,ok,True,14,1477347,1477.347,0.061151,0.500444,1,time_limit,solomon_exact_1000_v1,,,,,,0.5,,,,25,153657d31d0a2c73de1efecde91d561f2bc3385b7604e2cb6ac55292ec1305ce,False,baseline,b30f3eb99aa674c6696656b417bca3fea48cb5a37f6f0b55429d0a1c15549f4f
R103,solomon_txt,1f833e8648ba39e0edc76754fb49e81777a7175cf7b084c3f60a12607bfb3991,2,1,ok,True,14,1474118,1474.118,0.062581,0.500467,1,time_limit,solomon_exact_1000_v1,,,,,,0.5,,,,25,153657d31d0a2c73de1efecde91d561f2bc3385b7604e2cb6ac55292ec1305ce,False,baseline,b30f3eb99aa674c6696656b417bca3fea48cb5a37f6f0b55429d0a1c15549f4f
R104,solomon_txt,dd087124311d91facd81736debbfc7d0f351d27942917e2d76cbafd01e6183b7,0,1,ok,True,11,1146548,1146.548,0.075378,0.500432,2,time_limit,solomon_exact_1000_v1,,,,,,0.5,,,,25,153657d31d0a2c73de1efecde91d561f2bc3385b7604e2cb6ac55292ec1305ce,False,baseline,b30f3eb99aa674c6696656b417bca3fea48cb5a37f6f0b55429d0a1c15549f4f
R104,solomon_txt,dd087124311d91facd81736debbfc7d0f351d27942917e2d76cbafd01e6183b7,1,1,ok,True,10,1187733,1187.733,0.072703,0.500452,1,time_limit,solomon_exact_1000_v1,,,,,,0.5,,,,25,153657d31d0a2c73de1efecde91d561f2bc3385b7604e2cb6ac55292ec1305ce,False,baseline,b30f3eb99aa674c6696656b417bca3fea48cb5a37f6f0b55429d0a1c15549f4f
R104,solomon_txt,dd087124311d91facd81736debbfc7d0f351d27942917e2d76cbafd01e6183b7,2,1,ok,True,10,1112596,1112.596,0.070744,0.500417,2,time_limit,solomon_exact_1000_v1,,,,,,0.5,,,,25,153657d31d0a2c73de1efecde91d561f2bc3385b7604e2cb6ac55292ec1305ce,False,baseline,b30f3eb99aa674c6696656b417bca3fea48cb5a37f6f0b55429d0a1c15549f4f
R105,solomon_txt,ff1a614f8458d6339b3f54d8e4ca2dcf0a35c96012f477f6a819ae481de85ca4,0,1,ok,True,16,1642553,1642.553,0.056194,0.500462,1,time_limit,solomon_exact_1000_v1,,,,,,0.5,,,,25,153657d31d0a2c73de1efecde91d561f2bc3385b7604e2cb6ac55292ec1305ce,False,baseline,b30f3eb99aa674c6696656b417bca3fea48cb5a37f6f0b55429d0a1c15549f4f
R105,solomon_txt,ff1a614f8458d6339b3f54d8e4ca2dcf0a35c96012f477f6a819ae481de85ca4,1,1,ok,True,15,1563538,1563.538,0.057715,0.500463,1,time_limit,solomon_exact_1000_v1,,,,,,0.5,,,,25,153657d31d0a2c73de1efecde91d561f2bc3385b7604e2cb6ac55292ec1305ce,False,baseline,b30f3eb99aa674c6696656b417bca3fea48cb5a37f6f0b55429d0a1c15549f4f
R105,solomon_txt,ff1a614f8458d6339b3f54d8e4ca2dcf0a35c96012f477f6a819ae481de85ca4,2,1,ok,True,15,1637921,1637.921,0.055909,0.500429,1,time_limit,solomon_exact_1000_v1,,,,,,0.5,,,,25,153657d31d0a2c73de1efecde91d561f2bc3385b7604e2cb6ac55292ec1305ce,False,baseline,b30f3eb99aa674c6696656b417bca3fea48cb5a37f6f0b55429d0a1c15549f4f
R106,solomon_txt,31b8783d177f0fbe1c84b8f085fbf28b1989a80e4c00f49f5654ebef99835e97,0,1,ok,True,14,1526766,1526.766,0.059023,0.500468,1,time_limit,solomon_exact_1000_v1,,,,,,0.5,,,,25,153657d31d0a2c73de1efecde91d561f2bc3385b7604e2cb6ac55292ec1305ce,False,baseline,b30f3eb99aa674c6696656b417bca3fea48cb5a37f6f0b55429d0a1c15549f4f
R106,solomon_txt,31b8783d177f0fbe1c84b8f085fbf28b1989a80e4c00f49f5654ebef99835e97,1,1,ok,True,14,1523064,1523.064,0.060881,0.500447,1,time_limit,solomon_exact_1000_v1,,,,,,0.5,,,,25,153657d31d0a2c73de1efecde91d561f2bc3385b7604e2cb6ac55292ec1305ce,False,baseline,b30f3eb99aa674c6696656b417bca3fea48cb5a37f6f0b55429d0a1c15549f4f
R106,solomon_txt,31b8783d177f0fbe1c84b8f085fbf28b1989a80e4c00f49f5654ebef99835e97,2,1,ok,True,13,1504472,1504.472,0.063245,0.500463,1,time_limit,solomon_exact_1000_v1,,,,,,0.5,,,,25,153657d31d0a2c73de1efecde91d561f2bc3385b7604e2cb6ac55292ec1305ce,False,baseline,b30f3eb99aa674c6696656b417bca3fea48cb5a37f6f0b55429d0a1c15549f4f
R107,solomon_txt,dba2b257a1d43d7c78d5e3a9f09091a2b125d3fbec78c0c8a1782add669a1275,0,1,ok,True,11,1339085,1339.085,0.068951,0.500406,1,time_limit,solomon_exact_1000_v1,,,,,,0.5,,,,25,153657d31d0a2c73de1efecde91d561f2bc3385b7604e2cb6ac55292ec1305ce,False,baseline,b30f3eb99aa674c6696656b417bca3fea48cb5a37f6f0b55429d0a1c15549f4f
R107,solomon_txt,dba2b257a1d43d7c78d5e3a9f09091a2b125d3fbec78c0c8a1782add669a1275,1,1,ok,True,11,1326111,1326.111,0.067992,0.500468,1,time_limit,solomon_exact_1000_v1,,,,,,0.5,,,,25,153657d31d0a2c73de1efecde91d561f2bc3385b7604e2cb6ac55292ec1305ce,False,baseline,b30f3eb99aa674c6696656b417bca3fea48cb5a37f6f0b55429d0a1c15549f4f
R107,solomon_txt,dba2b257a1d43d7c78d5e3a9f09091a2b125d3fbec78c0c8a1782add669a1275,2,1,ok,True,12,1395397,1395.397,0.065932,0.50043,1,time_limit,solomon_exact_1000_v1,,,,,,0.5,,,,25,153657d31d0a2c73de1efecde91d561f2bc3385b7604e2cb6ac55292ec1305ce,False,baseline,b30f3eb99aa674c6696656b417bca3fea48cb5a37f6f0b55429d0a1c15549f4f
R108,solomon_txt,65cae09f4099b7e70d2b723e0e3a30aa1494c75a367bb894a3fd13241ee639d4,0,1,ok,True,10,1168313,1168.313,0.074248,0.500457,1,time_limit,solomon_exact_1000_v1,,,,,,0.5,,,,25,153657d31d0a2c73de1efecde91d561f2bc3385b7604e2cb6ac55292ec1305ce,False,baseline,b30f3eb99aa674c6696656b417bca3fea48cb5a37f6f0b55429d0a1c15549f4f
R108,solomon_txt,65cae09f4099b7e70d2b723e0e3a30aa1494c75a367bb894a3fd13241ee639d4,1,1,ok,True,10,1128679,1128.679,0.071554,0.500432,1,time_limit,solomon_exact_1000_v1,,,,,,0.5,,,,25,153657d31d0a2c73de1efecde91d561f2bc3385b7604e2cb6ac55292ec1305ce,False,baseline,b30f3eb99aa674c6696656b417bca3fea48cb5a37f6f0b55429d0a1c15549f4f
R108,solomon_txt,65cae09f4099b7e70d2b723e0e3a30aa1494c75a367bb894a3fd13241ee639d4,2,1,ok,True,11,1327121,1327.121,0.070187,0.500443,1,time_limit,solomon_exact_1000_v1,,,,,,0.5,,,,25,153657d31d0a2c73de1efecde91d561f2bc3385b7604e2cb6ac55292ec1305ce,False,baseline,b30f3eb99aa674c6696656b417bca3fea48cb5a37f6f0b55429d0a1c15549f4f
R109,solomon_txt,4ef24030e8c48de5f85dcd90c5739186004fc8dec87533b6467013cf996f4777,0,1,ok,True,13,1485981,1485.981,0.056512,0.50046,1,time_limit,solomon_exact_1000_v1,,,,,,0.5,,,,25,153657d31d0a2c73de1efecde91d561f2bc3385b7604e2cb6ac55292ec1305ce,False,baseline,b30f3eb99aa674c6696656b417bca3fea48cb5a37f6f0b55429d0a1c15549f4f
R109,solomon_txt,4ef24030e8c48de5f85dcd90c5739186004fc8dec87533b6467013cf996f4777,1,1,ok,True,14,1517228,1517.228,0.056417,0.500438,1,time_limit,solomon_exact_1000_v1,,,,,,0.5,,,,25,153657d31d0a2c73de1efecde91d561f2bc3385b7604e2cb6ac55292ec1305ce,False,baseline,b30f3eb99aa674c6696656b417bca3fea48cb5a37f6f0b55429d0a1c15549f4f
R109,solomon_txt,4ef24030e8c48de5f85dcd90c5739186004fc8dec87533b6467013cf996f4777,2,1,ok,True,14,1461716,1461.716,0.05615,0.500456,1,time_limit,solomon_exact_1000_v1,,,,,,0.5,,,,25,153657d31d0a2c73de1efecde91d561f2bc3385b7604e2cb6ac55292ec1305ce,False,baseline,b30f3eb99aa674c6696656b417bca3fea48cb5a37f6f0b55429d0a1c15549f4f
R110,solomon_txt,14cb53cb99af61d3d708f07564b9a72d146e7c26b4f10507cfaf3bc828f34bfa,0,1,ok,True,13,1448633,1448.633,0.062095,0.500464,1,time_limit,solomon_exact_1000_v1,,,,,,0.5,,,,25,153657d31d0a2c73de1efecde91d561f2bc3385b7604e2cb6ac55292ec1305ce,False,baseline,b30f3eb99aa674c6696656b417bca3fea48cb5a37f6f0b55429d0a1c15549f4f
R110,solomon_txt,14cb53cb99af61d3d708f07564b9a72d146e7c26b4f10507cfaf3bc828f34bfa,1,1,ok,True,12,1399004,1399.004,0.071151,0.500452,1,time_limit,solomon_exact_1000_v1,,,,,,0.5,,,,25,153657d31d0a2c73de1efecde91d561f2bc3385b7604e2cb6ac55292ec1305ce,False,baseline,b30f3eb99aa674c6696656b417bca3fea48cb5a37f6f0b55429d0a1c15549f4f
R110,solomon_txt,14cb53cb99af61d3d708f07564b9a72d146e7c26b4f10507cfaf3bc828f34bfa,2,1,ok,True,12,1555349,1555.349,0.064363,0.50043,1,time_limit,solomon_exact_1000_v1,,,,,,0.5,,,,25,153657d31d0a2c73de1efecde91d561f2bc3385b7604e2cb6ac55292ec1305ce,False,baseline,b30f3eb99aa674c6696656b417bca3fea48cb5a37f6f0b55429d0a1c15549f4f
R111,solomon_txt,3d94a73b1f2fe8aae4618b9d9ea254cff2e3924a6a841aa390096ec6c60f258d,0,1,ok,True,12,1370638,1370.638,0.063989,0.500433,1,time_limit,solomon_exact_1000_v1,,,,,,0.5,,,,25,153657d31d0a2c73de1efecde91d561f2bc3385b7604e2cb6ac55292ec1305ce,False,baseline,b30f3eb99aa674c6696656b417bca3fea48cb5a37f6f0b55429d0a1c15549f4f
R111,solomon_txt,3d94a73b1f2fe8aae4618b9d9ea254cff2e3924a6a841aa390096ec6c60f258d,1,1,ok,True,12,1377675,1377.675,0.066574,0.50043,1,time_limit,solomon_exact_1000_v1,,,,,,0.5,,,,25,153657d31d0a2c73de1efecde91d561f2bc3385b7604e2cb6ac55292ec1305ce,False,baseline,b30f3eb99aa674c6696656b417bca3fea48cb5a37f6f0b55429d0a1c15549f4f
R111,solomon_txt,3d94a73b1f2fe8aae4618b9d9ea254cff2e3924a6a841aa390096ec6c60f258d,2,1,ok,True,12,1413482,1413.482,0.064334,0.500433,1,time_limit,solomon_exact_1000_v1,,,,,,0.5,,,,25,153657d31d0a2c73de1efecde91d561f2bc3385b7604e2cb6ac55292ec1305ce,False,baseline,b30f3eb99aa674c6696656b417bca3fea48cb5a37f6f0b55429d0a1c15549f4f
R112,solomon_txt,a0e93149d59d30c356619891d192e86d0f16c3158e1dac3bd9f23c6deb718271,0,1,ok,True,12,1354181,1354.181,0.063901,0.500421,1,time_limit,solomon_exact_1000_v1,,,,,,0.5,,,,25,153657d31d0a2c73de1efecde91d561f2bc3385b7604e2cb6ac55292ec1305ce,False,baseline,b30f3eb99aa674c6696656b417bca3fea48cb5a37f6f0b55429d0a1c15549f4f
R112,solomon_txt,a0e93149d59d30c356619891d192e86d0f16c3158e1dac3bd9f23c6deb718271,1,1,ok,True,11,1169434,1169.434,0.06354,0.500424,1,time_limit,solomon_exact_1000_v1,,,,,,0.5,,,,25,153657d31d0a2c73de1efecde91d561f2bc3385b7604e2cb6ac55292ec1305ce,False,baseline,b30f3eb99aa674c6696656b417bca3fea48cb5a37f6f0b55429d0a1c15549f4f
R112,solomon_txt,a0e93149d59d30c356619891d192e86d0f16c3158e1dac3bd9f23c6deb718271,2,1,ok,True,12,1420566,1420.566,0.063325,0.500435,1,time_limit,solomon_exact_1000_v1,,,,,,0.5,,,,25,153657d31d0a2c73de1efecde91d561f2bc3385b7604e2cb6ac55292ec1305ce,False,baseline,b30f3eb99aa674c6696656b417bca3fea48cb5a37f6f0b55429d0a1c15549f4f
R201,solomon_txt,0be960ec998fff2cab0bdbcc5194c617e5ca0a79c82c5b32b1d4bd98b2cae210,0,1,ok,True,4,1591947,1591.947,0.127798,0.500425,1,time_limit,solomon_exact_1000_v1,,,,,,0.5,,,,25,153657d31d0a2c73de1efecde91d561f2bc3385b7604e2cb6ac55292ec1305ce,False,baseline,b30f3eb99aa674c6696656b417bca3fea48cb5a37f6f0b55429d0a1c15549f4f
R201,solomon_txt,0be960ec998fff2cab0bdbcc5194c617e5ca0a79c82c5b32b1d4bd98b2cae210,1,1,ok,True,4,1562030,1562.03,0.126894,0.500393,1,time_limit,solomon_exact_1000_v1,,,,,,0.5,,,,25,153657d31d0a2c73de1efecde91d561f2bc3385b7604e2cb6ac55292ec1305ce,False,baseline,b30f3eb99aa674c6696656b417bca3fea48cb5a37f6f0b55429d0a1c15549f4f
R201,solomon_txt,0be960ec998fff2cab0bdbcc5194c617e5ca0a79c82c5b32b1d4bd98b2cae210,2,1,ok,True,4,1572637,1572.637,0.127331,0.500444,1,time_limit,solomon_exact_1000_v1,,,,,,0.5,,,,25,153657d31d0a2c73de1efecde91d561f2bc3385b7604e2cb6ac55292ec1305ce,False,baseline,b30f3eb99aa674c6696656b417bca3fea48cb5a37f6f0b55429d0a1c15549f4f
R202,solomon_txt,1f7761bb33e9dd0c94837b32c72280296ffc283dba997379c7ad75ce00dffc8d,0,1,ok,True,4,1562438,1562.438,0.159241,0.500389,1,time_limit,solomon_exact_1000_v1,,,,,,0.5,,,,25,153657d31d0a2c73de1efecde91d561f2bc3385b7604e2cb6ac55292ec1305ce,False,baseline,b30f3eb99aa674c6696656b417bca3fea48cb5a37f6f0b55429d0a1c15549f4f
R202,solomon_txt,1f7761bb33e9dd0c94837b32c72280296ffc283dba997379c7ad75ce00dffc8d,1,1,ok,True,4,1553838,1553.838,0.151058,0.500448,1,time_limit,solomon_exact_1000_v1,,,,,,0.5,,,,25,153657d31d0a2c73de1efecde91d561f2bc3385b7604e2cb6ac55292ec1305ce,False,baseline,b30f3eb99aa674c6696656b417bca3fea48cb5a37f6f0b55429d0a1c15549f4f
R202,solomon_txt,1f7761bb33e9dd0c94837b32c72280296ffc283dba997379c7ad75ce00dffc8d,2,1,ok,True,4,1553838,1553.838,0.152382,0.50042,1,time_limit,solomon_exact_1000_v1,,,,,,0.5,,,,25,153657d31d0a2c73de1efecde91d561f2bc3385b7604e2cb6ac55292ec1305ce,False,baseline,b30f3eb99aa674c6696656b417bca3fea48cb5a37f6f0b55429d0a1c15549f4f
R203,solomon_txt,38c484db31bd7452a94d533e26a2348ef598df600b79d061d9ddc1c61466a731,0,1,ok,True,3,1249348,1249.348,0.165593,0.500416,1,time_limit,solomon_exact_1000_v1,,,,,,0.5,,,,25,153657d31d0a2c73de1efecde91d561f2bc3385b7604e2cb6ac55292ec1305ce,False,baseline,b30f3eb99aa674c6696656b417bca3fea48cb5a37f6f0b55429d0a1c15549f4f
R203,solomon_txt,38c484db31bd7452a94d533e26a2348ef598df600b79d061d9ddc1c61466a731,1,1,ok,True,3,1239999,1239.999,0.158494,0.50039,1,time_limit,solomon_exact_1000_v1,,,,,,0.5,,,,25,153657d31d0a2c73de1efecde91d561f2bc3385b7604e2cb6ac55292ec1305ce,False,baseline,b30f3eb99aa674c6696656b417bca3fea48cb5a37f6f0b55429d0a1c15549f4f
R203,solomon_txt,38c484db31bd7452a94d533e26a2348ef598df600b79d061d9ddc1c61466a731,2,1,ok,True,3,1204657,1204.657,0.156485,0.500405,1,time_limit,solomon_exact_1000_v1,,,,,,0.5,,,,25,153657d31d0a2c73de1efecde91d561f2bc3385b7604e2cb6ac55292ec1305ce,False,baseline,b30f3eb99aa674c6696656b417bca3fea48cb5a37f6f0b55429d0a1c15549f4f
R204,solomon_txt,5349e37d8df99bcbee1efa2e970d2662b5265e5f82fc609343a6af0a60257abf,0,1,ok,True,3,1280612,1280.612,0.205493,0.500401,1,time_limit,solomon_exact_1000_v1,,,,,,0.5,,,,25,153657d31d0a2c73de1efecde91d561f2bc3385b7604e2cb6ac55292ec1305ce,False,baseline,b30f3eb99aa674c6696656b417bca3fea48cb5a37f6f0b55429d0a1c15549f4f
R204,solomon_txt,5349e37d8df99bcbee1efa2e970d2662b5265e5f82fc609343a6af0a60257abf,1,1,ok,True,3,1170085,1170.085,0.202213,0.500389,1,time_limit,solomon_exact_1000_v1,,,,,,0.5,,,,25,153657d31d0a2c73de1efecde91d561f2bc3385b7604e2cb6ac55292ec1305ce,False,baseline,b30f3eb99aa674c6696656b417bca3fea48cb5a37f6f0b55429d0a1c15549f4f
R204,solomon_txt,5349e37d8df99bcbee1efa2e970d2662b5265e5f82fc609343a6af0a60257abf,2,1,ok,True,3,1203967,1203.967,0.196968,0.500391,1,time_limit,solomon_exact_1000_v1,,,,,,0.5,,,,25,153657d31d0a2c73de1efecde91d561f2bc3385b7604e2cb6ac55292ec1305ce,False,baseline,b30f3eb99aa674c6696656b417bca3fea48cb5a37f6f0b55429d0a1c15549f4f
R205,solomon_txt,1996bf8f10716fb8cfc1a585206a6a6e566f32347c1bb8f36c75ed6c887f77e3,0,1,ok,True,3,1285766,1285.766,0.161509,0.500393,1,time_limit,solomon_exact_1000_v1,,,,,,0.5,,,,25,153657d31d0a2c73de1efecde91d561f2bc3385b7604e2cb6ac55292ec1305ce,False,baseline,b30f3eb99aa674c6696656b417bca3fea48cb5a37f6f0b55429d0a1c15549f4f
R205,solomon_txt,1996bf8f10716fb8cfc1a585206a6a6e566f32347c1bb8f36c75ed6c887f77e3,1,1,ok,True,3,1497742,1497.742,0.157719,0.500455,1,time_limit,solomon_exact_1000_v1,,,,,,0.5,,,,25,153657d31d0a2c73de1efecde91d561f2bc3385b7604e2cb6ac55292ec1305ce,False,baseline,b30f3eb99aa674c6696656b417bca3fea48cb5a37f6f0b55429d0a1c15549f4f
R205,solomon_txt,1996bf8f10716fb8cfc1a585206a6a6e566f32347c1bb8f36c75ed6c887f77e3,2,1,ok,True,3,1360255,1360.255,0.157119,0.500394,1,time_limit,solomon_exact_1000_v1,,,,,,0.5,,,,25,153657d31d0a2c73de1efecde91d561f2bc3385b7604e2cb6ac55292ec1305ce,False,baseline,b30f3eb99aa674c6696656b417bca3fea48cb5a37f6f0b55429d0a1c15549f4f
R206,solomon_txt,c8754a0319264d076c038b1bf023c8c4710e8895fe3e03f485e9ae249f32fe43,0,1,ok,True,3,1455051,1455.051,0.167044,0.500435,1,time_limit,solomon_exact_1000_v1,,,,,,0.5,,,,25,153657d31d0a2c73de1efecde91d561f2bc3385b7604e2cb6ac55292ec1305ce,False,baseline,b30f3eb99aa674c6696656b417bca3fea48cb5a37f6f0b55429d0a1c15549f4f
R206,solomon_txt,c8754a0319264d076c038b1bf023c8c4710e8895fe3e03f485e9ae249f32fe43,1,1,ok,True,3,1443186,1443.186,0.171082,0.500396,1,time_limit,solomon_exact_1000_v1,,,,,,0.5,,,,25,153657d31d0a2c73de1efecde91d561f2bc3385b7604e2cb6ac55292ec1305ce,False,baseline,b30f3eb99aa674c6696656b417bca3fea48cb5a37f6f0b55429d0a1c15549f4f
R206,solomon_txt,c8754a0319264d076c038b1bf023c8c4710e8895fe3e03f485e9ae249f32fe43,2,1,ok,True,3,1439196,1439.196,0.164119,0.500376,1,time_limit,solomon_exact_1000_v1,,,,,,0.5,,,,25,153657d31d0a2c73de1efecde91d561f2bc3385b7604e2cb6ac55292ec1305ce,False,baseline,b30f3eb99aa674c6696656b417bca3fea48cb5a37f6f0b55429d0a1c15549f4f
R207,solomon_txt,52dc8eebba43fdc67ca9aadab228b75a297acb55a87db3e4748e82f623e3cbe6,0,1,ok,True,3,1148578,1148.578,0.202833,0.500376,1,time_limit,solomon_exact_1000_v1,,,,,,0.5,,,,25,153657d31d0a2c73de1efecde91d561f2bc3385b7604e2cb6ac55292ec1305ce,False,baseline,b30f3eb99aa674c6696656b417bca3fea48cb5a37f6f0b55429d0a1c15549f4f
R207,solomon_txt,52dc8eebba43fdc67ca9aadab228b75a297acb55a87db3e4748e82f623e3cbe6,1,1,ok,True,3,1089038,1089.038,0.203299,0.500386,1,time_limit,solomon_exact_1000_v1,,,,,,0.5,,,,25,153657d31d0a2c73de1efecde91d561f2bc3385b7604e2cb6ac55292ec1305ce,False,baseline,b30f3eb99aa674c6696656b417bca3fea48cb5a37f6f0b55429d0a1c15549f4f
R207,solomon_txt,52dc8eebba43fdc67ca9aadab228b75a297acb55a87db3e4748e82f623e3cbe6,2,1,ok,True,3,1024827,1024.827,0.203257,0.500657,1,time_limit,solomon_exact_1000_v1,,,,,,0.5,,,,25,153657d31d0a2c73de1efecde91d561f2bc3385b7604e2cb6ac55292ec1305ce,False,baseline,b30f3eb99aa674c6696656b417bca3fea48cb5a37f6f0b55429d0a1c15549f4f
R208,solomon_txt,7b4a95d500af9329dd08791d39898a619faec0f8fac039d57373e761545b980d,0,1,ok,True,2,922412,922.412,0.210065,0.500435,1,time_limit,solomon_exact_1000_v1,,,,,,0.5,,,,25,153657d31d0a2c73de1efecde91d561f2bc3385b7604e2cb6ac55292ec1305ce,False,baseline,b30f3eb99aa674c6696656b417bca3fea48cb5a37f6f0b55429d0a1c15549f4f
R208,solomon_txt,7b4a95d500af9329dd08791d39898a619faec0f8fac039d57373e761545b980d,1,1,ok,True,2,914568,914.568,0.221197,0.500416,1,time_limit,solomon_exact_1000_v1,,,,,,0.5,,,,25,153657d31d0a2c73de1efecde91d561f2bc3385b7604e2cb6ac55292ec1305ce,False,baseline,b30f3eb99aa674c6696656b417bca3fea48cb5a37f6f0b55429d0a1c15549f4f
R208,solomon_txt,7b4a95d500af9329dd08791d39898a619faec0f8fac039d57373e761545b980d,2,1,ok,True,2,937048,937.048,0.210173,0.500442,1,time_limit,solomon_exact_1000_v1,,,,,,0.5,,,,25,153657d31d0a2c73de1efecde91d561f2bc3385b7604e2cb6ac55292ec1305ce,False,baseline,b30f3eb99aa674c6696656b417bca3fea48cb5a37f6f0b55429d0a1c15549f4f
R209,solomon_txt,5b74156d032babcff853ccc693f94463eca8333cd425aa99a39ed996f6258933,0,1,ok,True,3,1477881,1477.881,0.159696,0.500403,1,time_limit,solomon_exact_1000_v1,,,,,,0.5,,,,25,153657d31d0a2c73de1efecde91d561f2bc3385b7604e2cb6ac55292ec1305ce,False,baseline,b30f3eb99aa674c6696656b417bca3fea48cb5a37f6f0b55429d0a1c15549f4f
R209,solomon_txt,5b74156d032babcff853ccc693f94463eca8333cd425aa99a39ed996f6258933,1,1,ok,True,3,1275954,1275.954,0.153627,0.500436,1,time_limit,solomon_exact_1000_v1,,,,,,0.5,,,,25,153657d31d0a2c73de1efecde91d561f2bc3385b7604e2cb6ac55292ec1305ce,False,baseline,b30f3eb99aa674c6696656b417bca3fea48cb5a37f6f0b55429d0a1c15549f4f
R209,solomon_txt,5b74156d032babcff853ccc693f94463eca8333cd425aa99a39ed996f6258933,2,1,ok,True,3,1330879,1330.879,0.15246,0.50038,1,time_limit,solomon_exact_1000_v1,,,,,,0.5,,,,25,153657d31d0a2c73de1efecde91d561f2bc3385b7604e2cb6ac55292ec1305ce,False,baseline,b30f3eb99aa674c6696656b417bca3fea48cb5a37f6f0b55429d0a1c15549f4f
R210,solomon_txt,4e5772f109fb6183e6a648d6a1edaba3435438c2dc11c42da370fecf7bdf3a14,0,1,ok,True,3,1423086,1423.086,0.180758,0.500403,1,time_limit,solomon_exact_1000_v1,,,,,,0.5,,,,25,153657d31d0a2c73de1efecde91d561f2bc3385b7604e2cb6ac55292ec1305ce,False,baseline,b30f3eb99aa674c6696656b417bca3fea48cb5a37f6f0b55429d0a1c15549f4f
R210,solomon_txt,4e5772f109fb6183e6a648d6a1edaba3435438c2dc11c42da370fecf7bdf3a14,1,1,ok,True,3,1410543,1410.543,0.175724,0.500457,1,time_limit,solomon_exact_1000_v1,,,,,,0.5,,,,25,153657d31d0a2c73de1efecde91d561f2bc3385b7604e2cb6ac55292ec1305ce,False,baseline,b30f3eb99aa674c6696656b417bca3fea48cb5a37f6f0b55429d0a1c15549f4f
R210,solomon_txt,4e5772f109fb6183e6a648d6a1edaba3435438c2dc11c42da370fecf7bdf3a14,2,1,ok,True,3,1374580,1374.58,0.17585,0.500412,1,time_limit,solomon_exact_1000_v1,,,,,,0.5,,,,25,153657d31d0a2c73de1efecde91d561f2bc3385b7604e2cb6ac55292ec1305ce,False,baseline,b30f3eb99aa674c6696656b417bca3fea48cb5a37f6f0b55429d0a1c15549f4f
R211,solomon_txt,2965507e467a2f92acd59035975910e36ae11e4f49590d4c7d20a883939227ad,0,1,ok,True,3,1398330,1398.33,0.178369,0.500358,1,time_limit,solomon_exact_1000_v1,,,,,,0.5,,,,25,153657d31d0a2c73de1efecde91d561f2bc3385b7604e2cb6ac55292ec1305ce,False,baseline,b30f3eb99aa674c6696656b417bca3fea48cb5a37f6f0b55429d0a1c15549f4f
R211,solomon_txt,2965507e467a2f92acd59035975910e36ae11e4f49590d4c7d20a883939227ad,1,1,ok,True,3,1368028,1368.028,0.18865,0.50041,1,time_limit,solomon_exact_1000_v1,,,,,,0.5,,,,25,153657d31d0a2c73de1efecde91d561f2bc3385b7604e2cb6ac55292ec1305ce,False,baseline,b30f3eb99aa674c6696656b417bca3fea48cb5a37f6f0b55429d0a1c15549f4f
R211,solomon_txt,2965507e467a2f92acd59035975910e36ae11e4f49590d4c7d20a883939227ad,2,1,ok,True,3,1384281,1384.281,0.182381,0.500393,1,time_limit,solomon_exact_1000_v1,,,,,,0.5,,,,25,153657d31d0a2c73de1efecde91d561f2bc3385b7604e2cb6ac55292ec1305ce,False,baseline,b30f3eb99aa674c6696656b417bca3fea48cb5a37f6f0b55429d0a1c15549f4f
RC101,solomon_txt,ef6893ffd9746ad96de8e4da6e64e2c4ba6e08a1c7eb9457276a9f1caf01ca12,0,1,ok,True,16,1891080,1891.08,0.056302,0.500454,1,time_limit,solomon_exact_1000_v1,,,,,,0.5,,,,25,153657d31d0a2c73de1efecde91d561f2bc3385b7604e2cb6ac55292ec1305ce,False,baseline,b30f3eb99aa674c6696656b417bca3fea48cb5a37f6f0b55429d0a1c15549f4f
RC101,solomon_txt,ef6893ffd9746ad96de8e4da6e64e2c4ba6e08a1c7eb9457276a9f1caf01ca12,1,1,ok,True,17,2009068,2009.068,0.056734,0.500442,1,time_limit,solomon_exact_1000_v1,,,,,,0.5,,,,25,153657d31d0a2c73de1efecde91d561f2bc3385b7604e2cb6ac55292ec1305ce,False,baseline,b30f3eb99aa674c6696656b417bca3fea48cb5a37f6f0b55429d0a1c15549f4f
RC101,solomon_txt,ef6893ffd9746ad96de8e4da6e64e2c4ba6e08a1c7eb9457276a9f1caf01ca12,2,1,ok,True,16,1857651,1857.651,0.061091,0.500477,1,time_limit,solomon_exact_1000_v1,,,,,,0.5,,,,25,153657d31d0a2c73de1efecde91d561f2bc3385b7604e2cb6ac55292ec1305ce,False,baseline,b30f3eb99aa674c6696656b417bca3fea48cb5a37f6f0b55429d0a1c15549f4f
RC102,solomon_txt,36acd349d34a577c7fadd61f78517c2cb74bd06a490273800c288f341e5785a4,0,1,ok,True,15,1682360,1682.36,0.059389,0.500468,1,time_limit,solomon_exact_1000_v1,,,,,,0.5,,,,25,153657d31d0a2c73de1efecde91d561f2bc3385b7604e2cb6ac55292ec1305ce,False,baseline,b30f3eb99aa674c6696656b417bca3fea48cb5a37f6f0b55429d0a1c15549f4f
RC102,solomon_txt,36acd349d34a577c7fadd61f78517c2cb74bd06a490273800c288f341e5785a4,1,1,ok,True,14,1700169,1700.169,0.059755,0.500443,2,time_limit,solomon_exact_1000_v1,,,,,,0.5,,,,25,153657d31d0a2c73de1efecde91d561f2bc3385b7604e2cb6ac55292ec1305ce,False,baseline,b30f3eb99aa674c6696656b417bca3fea48cb5a37f6f0b55429d0a1c15549f4f
RC102,solomon_txt,36acd349d34a577c7fadd61f78517c2cb74bd06a490273800c288f341e5785a4,2,1,ok,True,14,1691663,1691.663,0.061484,0.500453,1,time_limit,solomon_exact_1000_v1,,,,,,0.5,,,,25,153657d31d0a2c73de1efecde91d561f2bc3385b7604e2cb6ac55292ec1305ce,False,baseline,b30f3eb99aa674c6696656b417bca3fea48cb5a37f6f0b55429d0a1c15549f4f
RC103,solomon_txt,00f384138274d5d2bff5c41601db17cc4ad0cfc6315c27e223d4477bf435cc2d,0,1,ok,True,12,1680747,1680.747,0.068783,0.500452,1,time_limit,solomon_exact_1000_v1,,,,,,0.5,,,,25,153657d31d0a2c73de1efecde91d561f2bc3385b7604e2cb6ac55292ec1305ce,False,baseline,b30f3eb99aa674c6696656b417bca3fea48cb5a37f6f0b55429d0a1c15549f4f
RC103,solomon_txt,00f384138274d5d2bff5c41601db17cc4ad0cfc6315c27e223d4477bf435cc2d,1,1,ok,True,12,1655238,1655.238,0.070806,0.500442,1,time_limit,solomon_exact_1000_v1,,,,,,0.5,,,,25,153657d31d0a2c73de1efecde91d561f2bc3385b7604e2cb6ac55292ec1305ce,False,baseline,b30f3eb99aa674c6696656b417bca3fea48cb5a37f6f0b55429d0a1c15549f4f
RC103,solomon_txt,00f384138274d5d2bff5c41601db17cc4ad0cfc6315c27e223d4477bf435cc2d,2,1,ok,True,13,1868465,1868.465,0.070033,0.500461,1,time_limit,solomon_exact_1000_v1,,,,,,0.5,,,,25,153657d31d0a2c73de1efecde91d561f2bc3385b7604e2cb6ac55292ec1305ce,False,baseline,b30f3eb99aa674c6696656b417bca3fea48cb5a37f6f0b55429d0a1c15549f4f
RC104,solomon_txt,d150b2d61049a488fb89a2320c197d81a7ef9a1864abbbaea1d13a2b451253ee,0,1,ok,True,11,1352943,1352.943,0.071803,0.50048,1,time_limit,solomon_exact_1000_v1,,,,,,0.5,,,,25,153657d31d0a2c73de1efecde91d561f2bc3385b7604e2cb6ac55292ec1305ce,False,baseline,b30f3eb99aa674c6696656b417bca3fea48cb5a37f6f0b55429d0a1c15549f4f
RC104,solomon_txt,d150b2d61049a488fb89a2320c197d81a7ef9a1864abbbaea1d13a2b451253ee,1,1,ok,True,11,1493745,1493.745,0.070497,0.500457,1,time_limit,solomon_exact_1000_v1,,,,,,0.5,,,,25,153657d31d0a2c73de1efecde91d561f2bc3385b7604e2cb6ac55292ec1305ce,False,baseline,b30f3eb99aa674c6696656b417bca3fea48cb5a37f6f0b55429d0a1c15549f4f
RC104,solomon_txt,d150b2d61049a488fb89a2320c197d81a7ef9a1864abbbaea1d13a2b451253ee,2,1,ok,True,11,1269334,1269.334,0.073534,0.500462,1,time_limit,solomon_exact_1000_v1,,,,,,0.5,,,,25,153657d31d0a2c73de1efecde91d561f2bc3385b7604e2cb6ac55292ec1305ce,False,baseline,b30f3eb99aa674c6696656b417bca3fea48cb5a37f6f0b55429d0a1c15549f4f
RC105,solomon_txt,b9e912625c1ed80d2f565e0799ade2f4b17bf4f95056322ca23f1a21b37e7a49,0,1,ok,True,14,1934928,1934.928,0.061905,0.50048,1,time_limit,solomon_exact_1000_v1,,,,,,0.5,,,,25,153657d31d0a2c73de1efecde91d561f2bc3385b7604e2cb6ac55292ec1305ce,False,baseline,b30f3eb99aa674c6696656b417bca3fea48cb5a37f6f0b55429d0a1c15549f4f
RC105,solomon_txt,b9e912625c1ed80d2f565e0799ade2f4b17bf4f95056322ca23f1a21b37e7a49,1,1,ok,True,15,2007532,2007.532,0.058692,0.500434,1,time_limit,solomon_exact_1000_v1,,,,,,0.5,,,,25,153657d31d0a2c73de1efecde91d561f2bc3385b7604e2cb6ac55292ec1305ce,False,baseline,b30f3eb99aa674c6696656b417bca3fea48cb5a37f6f0b55429d0a1c15549f4f
RC105,solomon_txt,b9e912625c1ed80d2f565e0799ade2f4b17bf4f95056322ca23f1a21b37e7a49,2,1,ok,True,15,1839825,1839.825,0.059212,0.500489,1,time_limit,solomon_exact_1000_v1,,,,,,0.5,,,,25,153657d31d0a2c73de1efecde91d561f2bc3385b7604e2cb6ac55292ec1305ce,False,baseline,b30f3eb99aa674c6696656b417bca3fea48cb5a37f6f0b55429d0a1c15549f4f
RC106,solomon_txt,bf016ffc567af2d108570357daf1d0cabb7f680c0bd977d2e4366787683fdbaf,0,1,ok,True,14,1655314,1655.314,0.057029,0.500475,1,time_limit,solomon_exact_1000_v1,,,,,,0.5,,,,25,153657d31d0a2c73de1efecde91d561f2bc3385b7604e2cb6ac55292ec1305ce,False,baseline,b30f3eb99aa674c6696656b417bca3fea48cb5a37f6f0b55429d0a1c15549f4f
RC106,solomon_txt,bf016ffc567af2d108570357daf1d0cabb7f680c0bd977d2e4366787683fdbaf,1,1,ok,True,13,1632734,1632.734,0.060438,0.500485,1,time_limit,solomon_exact_1000_v1,,,,,,0.5,,,,25,153657d31d0a2c73de1efecde91d561f2bc3385b7604e2cb6ac55292ec1305ce,False,baseline,b30f3eb99aa674c6696656b417bca3fea48cb5a37f6f0b55429d0a1c15549f4f
RC106,solomon_txt,bf016ffc567af2d108570357daf1d0cabb7f680c0bd977d2e4366787683fdbaf,2,1,ok,True,13,1605029,1605.029,0.056631,0.500479,1,time_limit,solomon_exact_1000_v1,,,,,,0.5,,,,25,153657d31d0a2c73de1efecde91d561f2bc3385b7604e2cb6ac55292ec1305ce,False,baseline,b30f3eb99aa674c6696656b417bca3fea48cb5a37f6f0b55429d0a1c15549f4f
RC107,solomon_txt,fff3fd68d110671ed442575f07cc547291586f30b00c5f73934d521d31311582,0,1,ok,True,13,1600755,1600.755,0.064656,0.500504,1,time_limit,solomon_exact_1000_v1,,,,,,0.5,,,,25,153657d31d0a2c73de1efecde91d561f2bc3385b7604e2cb6ac55292ec1305ce,False,baseline,b30f3eb99aa674c6696656b417bca3fea48cb5a37f6f0b55429d0a1c15549f4f
RC107,solomon_txt,fff3fd68d110671ed442575f07cc547291586f30b00c5f73934d521d31311582,1,1,ok,True,13,1830794,1830.794,0.063431,0.500442,1,time_limit,solomon_exact_1000_v1,,,,,,0.5,,,,25,153657d31d0a2c73de1efecde91d561f2bc3385b7604e2cb6ac55292ec1305ce,False,baseline,b30f3eb99aa674c6696656b417bca3fea48cb5a37f6f0b55429d0a1c15549f4f
RC107,solomon_txt,fff3fd68d110671ed442575f07cc547291586f30b00c5f73934d521d31311582,2,1,ok,True,13,1721749,1721.749,0.060557,0.500458,1,time_limit,solomon_exact_1000_v1,,,,,,0.5,,,,25,153657d31d0a2c73de1efecde91d561f2bc3385b7604e2cb6ac55292ec1305ce,False,baseline,b30f3eb99aa674c6696656b417bca3fea48cb5a37f6f0b55429d0a1c15549f4f
RC108,solomon_txt,006bc8817bf09f9a8c66af8d6f088bdec239b2eb435556e9d11193cf456f7aeb,0,1,ok,True,12,1501704,1501.704,0.06397,0.500449,1,time_limit,solomon_exact_1000_v1,,,,,,0.5,,,,25,153657d31d0a2c73de1efecde91d561f2bc3385b7604e2cb6ac55292ec1305ce,False,baseline,b30f3eb99aa674c6696656b417bca3fea48cb5a37f6f0b55429d0a1c15549f4f
RC108,solomon_txt,006bc8817bf09f9a8c66af8d6f088bdec239b2eb435556e9d11193cf456f7aeb,1,1,ok,True,12,1450694,1450.694,0.062183,0.500444,1,time_limit,solomon_exact_1000_v1,,,,,,0.5,,,,25,153657d31d0a2c73de1efecde91d561f2bc3385b7604e2cb6ac55292ec1305ce,False,baseline,b30f3eb99aa674c6696656b417bca3fea48cb5a37f6f0b55429d0a1c15549f4f
RC108,solomon_txt,006bc8817bf09f9a8c66af8d6f088bdec239b2eb435556e9d11193cf456f7aeb,2,1,ok,True,12,1498015,1498.015,0.065073,0.500425,1,time_limit,solomon_exact_1000_v1,,,,,,0.5,,,,25,153657d31d0a2c73de1efecde91d561f2bc3385b7604e2cb6ac55292ec1305ce,False,baseline,b30f3eb99aa674c6696656b417bca3fea48cb5a37f6f0b55429d0a1c15549f4f
RC201,solomon_txt,288836e2d8c2ace83ebbff77e03ac8cdffc574fc134cade21ef92713f8c52d44,0,1,ok,True,5,2217241,2217.241,0.124159,0.500408,1,time_limit,solomon_exact_1000_v1,,,,,,0.5,,,,25,153657d31d0a2c73de1efecde91d561f2bc3385b7604e2cb6ac55292ec1305ce,False,baseline,b30f3eb99aa674c6696656b417bca3fea48cb5a37f6f0b55429d0a1c15549f4f
RC201,solomon_txt,288836e2d8c2ace83ebbff77e03ac8cdffc574fc134cade21ef92713f8c52d44,1,1,ok,True,5,2163673,2163.673,0.126745,0.500418,1,time_limit,solomon_exact_1000_v1,,,,,,0.5,,,,25,153657d31d0a2c73de1efecde91d561f2bc3385b7604e2cb6ac55292ec1305ce,False,baseline,b30f3eb99aa674c6696656b417bca3fea48cb5a37f6f0b55429d0a1c15549f4f
RC201,solomon_txt,288836e2d8c2ace83ebbff77e03ac8cdffc574fc134cade21ef92713f8c52d44,2,1,ok,True,5,2314362,2314.362,0.129078,0.500528,1,time_limit,solomon_exact_1000_v1,,,,,,0.5,,,,25,153657d31d0a2c73de1efecde91d561f2bc3385b7604e2cb6ac55292ec1305ce,False,baseline,b30f3eb99aa674c6696656b417bca3fea48cb5a37f6f0b55429d0a1c15549f4f
RC202,solomon_txt,5a1dee2017ab0ca4fe280b392678c96e8b5bc71f22d02c8058fbde7c4cfebcf4,0,1,ok,True,4,1758677,1758.677,0.12106,0.500417,1,time_limit,solomon_exact_1000_v1,,,,,,0.5,,,,25,153657d31d0a2c73de1efecde91d561f2bc3385b7604e2cb6ac55292ec1305ce,False,baseline,b30f3eb99aa674c6696656b417bca3fea48cb5a37f6f0b55429d0a1c15549f4f
RC202,solomon_txt,5a1dee2017ab0ca4fe280b392678c96e8b5bc71f22d02c8058fbde7c4cfebcf4,1,1,ok,True,4,1700448,1700.448,0.125421,0.500404,1,time_limit,solomon_exact_1000_v1,,,,,,0.5,,,,25,153657d31d0a2c73de1efecde91d561f2bc3385b7604e2cb6ac55292ec1305ce,False,baseline,b30f3eb99aa674c6696656b417bca3fea48cb5a37f6f0b55429d0a1c15549f4f
RC202,solomon_txt,5a1dee2017ab0ca4fe280b392678c96e8b5bc71f22d02c8058fbde7c4cfebcf4,2,1,ok,True,4,1554012,1554.012,0.121744,0.500394,1,time_limit,solomon_exact_1000_v1,,,,,,0.5,,,,25,153657d31d0a2c73de1efecde91d561f2bc3385b7604e2cb6ac55292ec1305ce,False,baseline,b30f3eb99aa674c6696656b417bca3fea48cb5a37f6f0b55429d0a1c15549f4f
RC203,solomon_txt,4adcb362c23df91f14b828d4964e9383ffb02ee74217afc2d84571f83ed91f8b,0,1,ok,True,3,1195626,1195.626,0.131193,0.500461,1,time_limit,solomon_exact_1000_v1,,,,,,0.5,,,,25,153657d31d0a2c73de1efecde91d561f2bc3385b7604e2cb6ac55292ec1305ce,False,baseline,b30f3eb99aa674c6696656b417bca3fea48cb5a37f6f0b55429d0a1c15549f4f
RC203,solomon_txt,4adcb362c23df91f14b828d4964e9383ffb02ee74217afc2d84571f83ed91f8b,1,1,ok,True,3,1513616,1513.616,0.143196,0.500395,1,time_limit,solomon_exact_1000_v1,,,,,,0.5,,,,25,153657d31d0a2c73de1efecde91d561f2bc3385b7604e2cb6ac55292ec1305ce,False,baseline,b30f3eb99aa674c6696656b417bca3fea48cb5a37f6f0b55429d0a1c15549f4f
RC203,solomon_txt,4adcb362c23df91f14b828d4964e9383ffb02ee74217afc2d84571f83ed91f8b,2,1,ok,True,3,1486304,1486.304,0.126771,0.500413,2,time_limit,solomon_exact_1000_v1,,,,,,0.5,,,,25,153657d31d0a2c73de1efecde91d561f2bc3385b7604e2cb6ac55292ec1305ce,False,baseline,b30f3eb99aa674c6696656b417bca3fea48cb5a37f6f0b55429d0a1c15549f4f
RC204,solomon_txt,11e827eab51a959ebab66344e7b7cfd1aeed895287653b36a72c86a4440ecd77,0,1,ok,True,3,1457318,1457.318,0.193513,0.500397,1,time_limit,solomon_exact_1000_v1,,,,,,0.5,,,,25,153657d31d0a2c73de1efecde91d561f2bc3385b7604e2cb6ac55292ec1305ce,False,baseline,b30f3eb99aa674c6696656b417bca3fea48cb5a37f6f0b55429d0a1c15549f4f
RC204,solomon_txt,11e827eab51a959ebab66344e7b7cfd1aeed895287653b36a72c86a4440ecd77,1,1,ok,True,3,1445690,1445.69,0.183617,0.500384,1,time_limit,solomon_exact_1000_v1,,,,,,0.5,,,,25,153657d31d0a2c73de1efecde91d561f2bc3385b7604e2cb6ac55292ec1305ce,False,baseline,b30f3eb99aa674c6696656b417bca3fea48cb5a37f6f0b55429d0a1c15549f4f
RC204,solomon_txt,11e827eab51a959ebab66344e7b7cfd1aeed895287653b36a72c86a4440ecd77,2,1,ok,True,3,1424468,1424.468,0.194972,0.50043,1,time_limit,solomon_exact_1000_v1,,,,,,0.5,,,,25,153657d31d0a2c73de1efecde91d561f2bc3385b7604e2cb6ac55292ec1305ce,False,baseline,b30f3eb99aa674c6696656b417bca3fea48cb5a37f6f0b55429d0a1c15549f4f
RC205,solomon_txt,c061d306cf42310b0f3ca15612089f6c5a8d5604c0733bf26852477c787662c9,0,1,ok,True,4,1895759,1895.759,0.141276,0.500398,1,time_limit,solomon_exact_1000_v1,,,,,,0.5,,,,25,153657d31d0a2c73de1efecde91d561f2bc3385b7604e2cb6ac55292ec1305ce,False,baseline,b30f3eb99aa674c6696656b417bca3fea48cb5a37f6f0b55429d0a1c15549f4f
RC205,solomon_txt,c061d306cf42310b0f3ca15612089f6c5a8d5604c0733bf26852477c787662c9,1,1,ok,True,4,1958060,1958.06,0.140736,0.500423,1,time_limit,solomon_exact_1000_v1,,,,,,0.5,,,,25,153657d31d0a2c73de1efecde91d561f2bc3385b7604e2cb6ac55292ec1305ce,False,baseline,b30f3eb99aa674c6696656b417bca3fea48cb5a37f6f0b55429d0a1c15549f4f
RC205,solomon_txt,c061d306cf42310b0f3ca15612089f6c5a8d5604c0733bf26852477c787662c9,2,1,ok,True,4,1951712,1951.712,0.14167,0.500405,1,time_limit,solomon_exact_1000_v1,,,,,,0.5,,,,25,153657d31d0a2c73de1efecde91d561f2bc3385b7604e2cb6ac55292ec1305ce,False,baseline,b30f3eb99aa674c6696656b417bca3fea48cb5a37f6f0b55429d0a1c15549f4f
RC206,solomon_txt,5203aecf67c84df49e152645312a837ffefde529314ff892ca061538816e43a9,0,1,ok,True,4,1856315,1856.315,0.13355,0.50047,1,time_limit,solomon_exact_1000_v1,,,,,,0.5,,,,25,153657d31d0a2c73de1efecde91d561f2bc3385b7604e2cb6ac55292ec1305ce,False,baseline,b30f3eb99aa674c6696656b417bca3fea48cb5a37f6f0b55429d0a1c15549f4f
RC206,solomon_txt,5203aecf67c84df49e152645312a837ffefde529314ff892ca061538816e43a9,1,1,ok,True,4,1741539,1741.539,0.130686,0.500418,1,time_limit,solomon_exact_1000_v1,,,,,,0.5,,,,25,153657d31d0a2c73de1efecde91d561f2bc3385b7604e2cb6ac55292ec1305ce,False,baseline,b30f3eb99aa674c6696656b417bca3fea48cb5a37f6f0b55429d0a1c15549f4f
RC206,solomon_txt,5203aecf67c84df49e152645312a837ffefde529314ff892ca061538816e43a9,2,1,ok,True,4,1592193,1592.193,0.138964,0.500403,1,time_limit,solomon_exact_1000_v1,,,,,,0.5,,,,25,153657d31d0a2c73de1efecde91d561f2bc3385b7604e2cb6ac55292ec1305ce,False,baseline,b30f3eb99aa674c6696656b417bca3fea48cb5a37f6f0b55429d0a1c15549f4f
RC207,solomon_txt,5cab65f99b350cdb8fb1c4d0a12dde85eb4ff6a6d6daf292b182cb73de9a8b63,0,1,ok,True,4,1783149,1783.149,0.147733,0.500389,1,time_limit,solomon_exact_1000_v1,,,,,,0.5,,,,25,153657d31d0a2c73de1efecde91d561f2bc3385b7604e2cb6ac55292ec1305ce,False,baseline,b30f3eb99aa674c6696656b417bca3fea48cb5a37f6f0b55429d0a1c15549f4f
RC207,solomon_txt,5cab65f99b350cdb8fb1c4d0a12dde85eb4ff6a6d6daf292b182cb73de9a8b63,1,1,ok,True,3,1392608,1392.608,0.146906,0.500387,1,time_limit,solomon_exact_1000_v1,,,,,,0.5,,,,25,153657d31d0a2c73de1efecde91d561f2bc3385b7604e2cb6ac55292ec1305ce,False,baseline,b30f3eb99aa674c6696656b417bca3fea48cb5a37f6f0b55429d0a1c15549f4f
RC207,solomon_txt,5cab65f99b350cdb8fb1c4d0a12dde85eb4ff6a6d6daf292b182cb73de9a8b63,2,1,ok,True,4,1793143,1793.143,0.151955,0.500393,1,time_limit,solomon_exact_1000_v1,,,,,,0.5,,,,25,153657d31d0a2c73de1efecde91d561f2bc3385b7604e2cb6ac55292ec1305ce,False,baseline,b30f3eb99aa674c6696656b417bca3fea48cb5a37f6f0b55429d0a1c15549f4f
RC208,solomon_txt,3d67d2a8e2758a324643f5d6c6ca87e8c56435273eaa04be33f213bb991f1f28,0,1,ok,True,3,1309873,1309.873,0.148936,0.500421,1,time_limit,solomon_exact_1000_v1,,,,,,0.5,,,,25,153657d31d0a2c73de1efecde91d561f2bc3385b7604e2cb6ac55292ec1305ce,False,baseline,b30f3eb99aa674c6696656b417bca3fea48cb5a37f6f0b55429d0a1c15549f4f
RC208,solomon_txt,3d67d2a8e2758a324643f5d6c6ca87e8c56435273eaa04be33f213bb991f1f28,1,1,ok,True,3,1453473,1453.473,0.151583,0.50041,1,time_limit,solomon_exact_1000_v1,,,,,,0.5,,,,25,153657d31d0a2c73de1efecde91d561f2bc3385b7604e2cb6ac55292ec1305ce,False,baseline,b30f3eb99aa674c6696656b417bca3fea48cb5a37f6f0b55429d0a1c15549f4f
RC208,solomon_txt,3d67d2a8e2758a324643f5d6c6ca87e8c56435273eaa04be33f213bb991f1f28,2,1,ok,True,3,1437859,1437.859,0.146501,0.50038,1,time_limit,solomon_exact_1000_v1,,,,,,0.5,,,,25,153657d31d0a2c73de1efecde91d561f2bc3385b7604e2cb6ac55292ec1305ce,False,baseline,b30f3eb99aa674c6696656b417bca3fea48cb5a37f6f0b55429d0a1c15549f4f
C101,solomon_txt,a6da75152d182d60ecd2c6f854296f5be452f92282d096adebcf5d99a7f16516,0,1,ok,True,10,828937,828.937,0.065631,0.500337,1,time_limit,solomon_exact_1000_v1,,,,,,0.5,,,,25,153657d31d0a2c73de1efecde91d561f2bc3385b7604e2cb6ac55292ec1305ce,False,fixed_penalties,9af259c7c11070904d80dd5a1cf0aa0da21ced9d0dbd802897cb5a76fff6647c
C101,solomon_txt,a6da75152d182d60ecd2c6f854296f5be452f92282d096adebcf5d99a7f16516,1,1,ok,True,10,828937,828.937,0.065268,0.500317,2,time_limit,solomon_exact_1000_v1,,,,,,0.5,,,,25,153657d31d0a2c73de1efecde91d561f2bc3385b7604e2cb6ac55292ec1305ce,False,fixed_penalties,9af259c7c11070904d80dd5a1cf0aa0da21ced9d0dbd802897cb5a76fff6647c
C101,solomon_txt,a6da75152d182d60ecd2c6f854296f5be452f92282d096adebcf5d99a7f16516,2,1,ok,True,10,828937,828.937,0.067529,0.500287,2,time_limit,solomon_exact_1000_v1,,,,,,0.5,,,,25,153657d31d0a2c73de1efecde91d561f2bc3385b7604e2cb6ac55292ec1305ce,False,fixed_penalties,9af259c7c11070904d80dd5a1cf0aa0da21ced9d0dbd802897cb5a76fff6647c
C102,solomon_txt,f89a0e2a760cc7448a4ca72b88e5b29b94d64b5548f3320f42a6230025ead653,0,1,ok,True,10,1203443,1203.443,0.069697,0.500319,4,time_limit,solomon_exact_1000_v1,,,,,,0.5,,,,25,153657d31d0a2c73de1efecde91d561f2bc3385b7604e2cb6ac55292ec1305ce,False,fixed_penalties,9af259c7c11070904d80dd5a1cf0aa0da21ced9d0dbd802897cb5a76fff6647c
C102,solomon_txt,f89a0e2a760cc7448a4ca72b88e5b29b94d64b5548f3320f42a6230025ead653,1,1,ok,True,10,1068864,1068.864,0.077755,0.500288,3,time_limit,solomon_exact_1000_v1,,,,,,0.5,,,,25,153657d31d0a2c73de1efecde91d561f2bc3385b7604e2cb6ac55292ec1305ce,False,fixed_penalties,9af259c7c11070904d80dd5a1cf0aa0da21ced9d0dbd802897cb5a76fff6647c
C102,solomon_txt,f89a0e2a760cc7448a4ca72b88e5b29b94d64b5548f3320f42a6230025ead653,2,1,ok,True,10,1018628,1018.628,0.071171,0.500287,5,time_limit,solomon_exact_1000_v1,,,,,,0.5,,,,25,153657d31d0a2c73de1efecde91d561f2bc3385b7604e2cb6ac55292ec1305ce,False,fixed_penalties,9af259c7c11070904d80dd5a1cf0aa0da21ced9d0dbd802897cb5a76fff6647c
C103,solomon_txt,a55cabf15e0da9d65696a5fb45c9852889479893f76f772a428ca15d1b415a51,0,1,ok,True,10,1631343,1631.343,0.079864,0.500294,6,time_limit,solomon_exact_1000_v1,,,,,,0.5,,,,25,153657d31d0a2c73de1efecde91d561f2bc3385b7604e2cb6ac55292ec1305ce,False,fixed_penalties,9af259c7c11070904d80dd5a1cf0aa0da21ced9d0dbd802897cb5a76fff6647c
C103,solomon_txt,a55cabf15e0da9d65696a5fb45c9852889479893f76f772a428ca15d1b415a51,1,1,ok,True,10,1482963,1482.963,0.079604,0.500319,8,time_limit,solomon_exact_1000_v1,,,,,,0.5,,,,25,153657d31d0a2c73de1efecde91d561f2bc3385b7604e2cb6ac55292ec1305ce,False,fixed_penalties,9af259c7c11070904d80dd5a1cf0aa0da21ced9d0dbd802897cb5a76fff6647c
C103,solomon_txt,a55cabf15e0da9d65696a5fb45c9852889479893f76f772a428ca15d1b415a51,2,1,ok,True,10,1486961,1486.961,0.078497,0.500277,7,time_limit,solomon_exact_1000_v1,,,,,,0.5,,,,25,153657d31d0a2c73de1efecde91d561f2bc3385b7604e2cb6ac55292ec1305ce,False,fixed_penalties,9af259c7c11070904d80dd5a1cf0aa0da21ced9d0dbd802897cb5a76fff6647c
C104,solomon_txt,fe333e81625ee5a75bb2ce98c2c9f356d07289237865b62a23ba2f32f0de5ee2,0,1,ok,True,10,1400610,1400.61,0.08324,0.500303,9,time_limit,solomon_exact_1000_v1,,,,,,0.5,,,,25,153657d31d0a2c73de1efecde91d561f2bc3385b7604e2cb6ac55292ec1305ce,False,fixed_penalties,9af259c7c11070904d80dd5a1cf0aa0da21ced9d0dbd802897cb5a76fff6647c
C104,solomon_txt,fe333e81625ee5a75bb2ce98c2c9f356d07289237865b62a23ba2f32f0de5ee2,1,1,ok,True,10,2014949,2014.949,0.080294,0.500317,8,time_limit,solomon_exact_1000_v1,,,,,,0.5,,,,25,153657d31d0a2c73de1efecde91d561f2bc3385b7604e2cb6ac55292ec1305ce,False,fixed_penalties,9af259c7c11070904d80dd5a1cf0aa0da21ced9d0dbd802897cb5a76fff6647c
C104,solomon_txt,fe333e81625ee5a75bb2ce98c2c9f356d07289237865b62a23ba2f32f0de5ee2,2,1,ok,True,10,1307623,1307.623,0.086346,0.5003,10,time_limit,solomon_exact_1000_v1,,,,,,0.5,,,,25,153657d31d0a2c73de1efecde91d561f2bc3385b7604e2cb6ac55292ec1305ce,False,fixed_penalties,9af259c7c11070904d80dd5a1cf0aa0da21ced9d0dbd802897cb5a76fff6647c
C105,solomon_txt,9a877a3a6fb922e7ad9297cc0308bc8a5652cb1495a0228ee6b81b2d938aa29f,0,1,ok,True,10,945085,945.085,0.070304,0.500294,2,time_limit,solomon_exact_1000_v1,,,,,,0.5,,,,25,153657d31d0a2c73de1efecde91d561f2bc3385b7604e2cb6ac55292ec1305ce,False,fixed_penalties,9af259c7c11070904d80dd5a1cf0aa0da21ced9d0dbd802897cb5a76fff6647c
C105,solomon_txt,9a877a3a6fb922e7ad9297cc0308bc8a5652cb1495a0228ee6b81b2d938aa29f,1,1,ok,True,10,886161,886.161,0.069149,0.500299,2,time_limit,solomon_exact_1000_v1,,,,,,0.5,,,,25,153657d31d0a2c73de1efecde91d561f2bc3385b7604e2cb6ac55292ec1305ce,False,fixed_penalties,9af259c7c11070904d80dd5a1cf0aa0da21ced9d0dbd802897cb5a76fff6647c
C105,solomon_txt,9a877a3a6fb922e7ad9297cc0308bc8a5652cb1495a0228ee6b81b2d938aa29f,2,1,ok,True,10,914011,914.011,0.069381,0.500304,1,time_limit,solomon_exact_1000_v1,,,,,,0.5,,,,25,153657d31d0a2c73de1efecde91d561f2bc3385b7604e2cb6ac55292ec1305ce,False,fixed_penalties,9af259c7c11070904d80dd5a1cf0aa0da21ced9d0dbd802897cb5a76fff6647c
C106,solomon_txt,ec9b419bed53e9c607cce76e8c6bc59feb6e4d17646905601f008a4141ec7b40,0,1,ok,True,10,1022288,1022.288,0.06668,0.500319,2,time_limit,solomon_exact_1000_v1,,,,,,0.5,,,,25,153657d31d0a2c73de1efecde91d561f2bc3385b7604e2cb6ac55292ec1305ce,False,fixed_penalties,9af259c7c11070904d80dd5a1cf0aa0da21ced9d0dbd802897cb5a76fff6647c
C106,solomon_txt,ec9b419bed53e9c607cce76e8c6bc59feb6e4d17646905601f008a4141ec7b40,1,1,ok,True,10,939048,939.048,0.06719,0.500298,3,time_limit,solomon_exact_1000_v1,,,,,,0.5,,,,25,153657d31d0a2c73de1efecde91d561f2bc3385b7604e2cb6ac55292ec1305ce,False,fixed_penalties,9af259c7c11070904d80dd5a1cf0aa0da21ced9d0dbd802897cb5a76fff6647c
C106,solomon_txt,ec9b419bed53e9c607cce76e8c6bc59feb6e4d17646905601f008a4141ec7b40,2,1,ok,True,10,1081917,1081.917,0.065624,0.500355,1,time_limit,solomon_exact_1000_v1,,,,,,0.5,,,,25,153657d31d0a2c73de1efecde91d561f2bc3385b7604e2cb6ac55292ec1305ce,False,fixed_penalties,9af259c7c11070904d80dd5a1cf0aa0da21ced9d0dbd802897cb5a76fff6647c
C107,solomon_txt,cb3cdc10d812fa17370eb52cb753b6b0574426dc6fabeb8b9076ed750ddf05ca,0,1,ok,True,10,1277707,1277.707,0.07354,0.500308,3,time_limit,solomon_exact_1000_v1,,,,,,0.5,,,,25,153657d31d0a2c73de1efecde91d561f2bc3385b7604e2cb6ac55292ec1305ce,False,fixed_penalties,9af259c7c11070904d80dd5a1cf0aa0da21ced9d0dbd802897cb5a76fff6647c
C107,solomon_txt,cb3cdc10d812fa17370eb52cb753b6b0574426dc6fabeb8b9076ed750ddf05ca,1,1,ok,True,10,1005287,1005.287,0.074201,0.500317,2,time_limit,solomon_exact_1000_v1,,,,,,0.5,,,,25,153657d31d0a2c73de1efecde91d561f2bc3385b7604e2cb6ac55292ec1305ce,False,fixed_penalties,9af259c7c11070904d80dd5a1cf0aa0da21ced9d0dbd802897cb5a76fff6647c
C107,solomon_txt,cb3cdc10d812fa17370eb52cb753b6b0574426dc6fabeb8b9076ed750ddf05ca,2,1,ok,True,10,983753,983.753,0.07329,0.500315,2,time_limit,solomon_exact_1000_v1,,,,,,0.5,,,,25,153657d31d0a2c73de1efecde91d561f2bc3385b7604e2cb6ac55292ec1305ce,False,fixed_penalties,9af259c7c11070904d80dd5a1cf0aa0da21ced9d0dbd802897cb5a76fff6647c
C108,solomon_txt,b8c7e48f292b66b283d8e71511e3a4eccaa4c4bc66b9313c399e73b0226f5953,0,1,ok,True,10,1389789,1389.789,0.066995,0.500322,3,time_limit,solomon_exact_1000_v1,,,,,,0.5,,,,25,153657d31d0a2c73de1efecde91d561f2bc3385b7604e2cb6ac55292ec1305ce,False,fixed_penalties,9af259c7c11070904d80dd5a1cf0aa0da21ced9d0dbd802897cb5a76fff6647c
C108,solomon_txt,b8c7e48f292b66b283d8e71511e3a4eccaa4c4bc66b9313c399e73b0226f5953,1,1,ok,True,10,1563247,1563.247,0.069481,0.500303,5,time_limit,solomon_exact_1000_v1,,,,,,0.5,,,,25,153657d31d0a2c73de1efecde91d561f2bc3385b7604e2cb6ac55292ec1305ce,False,fixed_penalties,9af259c7c11070904d80dd5a1cf0aa0da21ced9d0dbd802897cb5a76fff6647c
C108,solomon_txt,b8c7e48f292b66b283d8e71511e3a4eccaa4c4bc66b9313c399e73b0226f5953,2,1,ok,True,10,1103084,1103.084,0.070819,0.50029,4,time_limit,solomon_exact_1000_v1,,,,,,0.5,,,,25,153657d31d0a2c73de1efecde91d561f2bc3385b7604e2cb6ac55292ec1305ce,False,fixed_penalties,9af259c7c11070904d80dd5a1cf0aa0da21ced9d0dbd802897cb5a76fff6647c
C109,solomon_txt,72d8489e14bf1bb18456f0b21b01110506cbcc2354719dae8481b480150f142a,0,1,ok,True,10,1493533,1493.533,0.073297,0.500335,7,time_limit,solomon_exact_1000_v1,,,,,,0.5,,,,25,153657d31d0a2c73de1efecde91d561f2bc3385b7604e2cb6ac55292ec1305ce,False,fixed_penalties,9af259c7c11070904d80dd5a1cf0aa0da21ced9d0dbd802897cb5a76fff6647c
C109,solomon_txt,72d8489e14bf1bb18456f0b21b01110506cbcc2354719dae8481b480150f142a,1,1,ok,True,10,1593741,1593.741,0.076474,0.500347,7,time_limit,solomon_exact_1000_v1,,,,,,0.5,,,,25,153657d31d0a2c73de1efecde91d561f2bc3385b7604e2cb6ac55292ec1305ce,False,fixed_penalties,9af259c7c11070904d80dd5a1cf0aa0da21ced9d0dbd802897cb5a76fff6647c
C109,solomon_txt,72d8489e14bf1bb18456f0b21b01110506cbcc2354719dae8481b480150f142a,2,1,ok,True,10,1195950,1195.95,0.075067,0.500359,9,time_limit,solomon_exact_1000_v1,,,,,,0.5,,,,25,153657d31d0a2c73de1efecde91d561f2bc3385b7604e2cb6ac55292ec1305ce,False,fixed_penalties,9af259c7c11070904d80dd5a1cf0aa0da21ced9d0dbd802897cb5a76fff6647c
C201,solomon_txt,d8d9834087ae2326fa23a8510533060233dc9fb481873be60956eb26a880ad63,0,1,ok,True,3,704252,704.252,0.181602,0.500321,1,time_limit,solomon_exact_1000_v1,,,,,,0.5,,,,25,153657d31d0a2c73de1efecde91d561f2bc3385b7604e2cb6ac55292ec1305ce,False,fixed_penalties,9af259c7c11070904d80dd5a1cf0aa0da21ced9d0dbd802897cb5a76fff6647c
C201,solomon_txt,d8d9834087ae2326fa23a8510533060233dc9fb481873be60956eb26a880ad63,1,1,ok,True,3,704252,704.252,0.179581,0.500348,1,time_limit,solomon_exact_1000_v1,,,,,,0.5,,,,25,153657d31d0a2c73de1efecde91d561f2bc3385b7604e2cb6ac55292ec1305ce,False,fixed_penalties,9af259c7c11070904d80dd5a1cf0aa0da21ced9d0dbd802897cb5a76fff6647c
C201,solomon_txt,d8d9834087ae2326fa23a8510533060233dc9fb481873be60956eb26a880ad63,2,1,ok,True,3,704252,704.252,0.187529,0.50032,1,time_limit,solomon_exact_1000_v1,,,,,,0.5,,,,25,153657d31d0a2c73de1efecde91d561f2bc3385b7604e2cb6ac55292ec1305ce,False,fixed_penalties,9af259c7c11070904d80dd5a1cf0aa0da21ced9d0dbd802897cb5a76fff6647c
C202,solomon_txt,dfc8ecad79f6c7ffb096cd36994143569f0babe284d5ad194683271d81063772,0,1,ok,True,3,728271,728.271,0.170091,0.500308,1,time_limit,solomon_exact_1000_v1,,,,,,0.5,,,,25,153657d31d0a2c73de1efecde91d561f2bc3385b7604e2cb6ac55292ec1305ce,False,fixed_penalties,9af259c7c11070904d80dd5a1cf0aa0da21ced9d0dbd802897cb5a76fff6647c
C202,solomon_txt,dfc8ecad79f6c7ffb096cd36994143569f0babe284d5ad194683271d81063772,1,1,ok,True,3,724988,724.988,0.1756,0.5003,1,time_limit,solomon_exact_1000_v1,,,,,,0.5,,,,25,153657d31d0a2c73de1efecde91d561f2bc3385b7604e2cb6ac55292ec1305ce,False,fixed_penalties,9af259c7c11070904d80dd5a1cf0aa0da21ced9d0dbd802897cb5a76fff6647c
C202,solomon_txt,dfc8ecad79f6c7ffb096cd36994143569f0babe284d5ad194683271d81063772,2,1,ok,True,3,724988,724.988,0.180518,0.500308,1,time_limit,solomon_exact_1000_v1,,,,,,0.5,,,,25,153657d31d0a2c73de1efecde91d561f2bc3385b7604e2cb6ac55292ec1305ce,False,fixed_penalties,9af259c7c11070904d80dd5a1cf0aa0da21ced9d0dbd802897cb5a76fff6647c
C203,solomon_txt,2b79eea2962a848cb29f6153d4fb4ae725d35507686d937da6643b33fcd85062,0,1,ok,True,3,632006,632.006,0.166685,0.500327,1,time_limit,solomon_exact_1000_v1,,,,,,0.5,,,,25,153657d31d0a2c73de1efecde91d561f2bc3385b7604e2cb6ac55292ec1305ce,False,fixed_penalties,9af259c7c11070904d80dd5a1cf0aa0da21ced9d0dbd802897cb5a76fff6647c
C203,solomon_txt,2b79eea2962a848cb29f6153d4fb4ae725d35507686d937da6643b33fcd85062,1,1,ok,True,3,716777,716.777,0.171035,0.500307,1,time_limit,solomon_exact_1000_v1,,,,,,0.5,,,,25,153657d31d0a2c73de1efecde91d561f2bc3385b7604e2cb6ac55292ec1305ce,False,fixed_penalties,9af259c7c11070904d80dd5a1cf0aa0da21ced9d0dbd802897cb5a76fff6647c
C203,solomon_txt,2b79eea2962a848cb29f6153d4fb4ae725d35507686d937da6643b33fcd85062,2,1,ok,True,3,670577,670.577,0.173967,0.500322,2,time_limit,solomon_exact_1000_v1,,,,,,0.5,,,,25,153657d31d0a2c73de1efecde91d561f2bc3385b7604e2cb6ac55292ec1305ce,False,fixed_penalties,9af259c7c11070904d80dd5a1cf0aa0da21ced9d0dbd802897cb5a76fff6647c
C204,solomon_txt,4331b2744d34e32c2987e3fe8a82b782a2039d757d2aac818f7e0fd21117bfb4,0,1,ok,True,3,965970,965.97,0.1891,0.500336,1,time_limit,solomon_exact_1000_v1,,,,,,0.5,,,,25,153657d31d0a2c73de1efecde91d561f2bc3385b7604e2cb6ac55292ec1305ce,False,fixed_penalties,9af259c7c11070904d80dd5a1cf0aa0da21ced9d0dbd802897cb5a76fff6647c
C204,solomon_txt,4331b2744d34e32c2987e3fe8a82b782a2039d757d2aac818f7e0fd21117bfb4,1,1,ok,True,3,780549,780.549,0.184861,0.500378,1,time_limit,solomon_exact_1000_v1,,,,,,0.5,,,,25,153657d31d0a2c73de1efecde91d561f2bc3385b7604e2cb6ac55292ec1305ce,False,fixed_penalties,9af259c7c11070904d80dd5a1cf0aa0da21ced9d0dbd802897cb5a76fff6647c
C204,solomon_txt,4331b2744d34e32c2987e3fe8a82b782a2039d757d2aac818f7e0fd21117bfb4,2,1,ok,True,3,737060,737.06,0.185267,0.500319,1,time_limit,solomon_exact_1000_v1,,,,,,0.5,,,,25,153657d31d0a2c73de1efecde91d561f2bc3385b7604e2cb6ac55292ec1305ce,False,fixed_penalties,9af259c7c11070904d80dd5a1cf0aa0da21ced9d0dbd802897cb5a76fff6647c
C205,solomon_txt,15be2bb8c3e4ad99a79d1e7ee0472223feb95a4f423d010e032bda0a87266ca5,0,1,ok,True,3,660260,660.26,0.15698,0.500311,2,time_limit,solomon_exact_1000_v1,,,,,,0.5,,,,25,153657d31d0a2c73de1efecde91d561f2bc3385b7604e2cb6ac55292ec1305ce,False,fixed_penalties,9af259c7c11070904d80dd5a1cf0aa0da21ced9d0dbd802897cb5a76fff6647c
C205,solomon_txt,15be2bb8c3e4ad99a79d1e7ee0472223feb95a4f423d010e032bda0a87266ca5,1,1,ok,True,3,626109,626.109,0.157453,0.500297,2,time_limit,solomon_exact_1000_v1,,,,,,0.5,,,,25,153657d31d0a2c73de1efecde91d561f2bc3385b7604e2cb6ac55292ec1305ce,False,fixed_penalties,9af259c7c11070904d80dd5a1cf0aa0da21ced9d0dbd802897cb5a76fff6647c
C205,solomon_txt,15be2bb8c3e4ad99a79d1e7ee0472223feb95a4f423d010e032bda0a87266ca5,2,1,ok,True,3,615656,615.656,0.165263,0.500304,2,time_limit,solomon_exact_1000_v1,,,,,,0.5,,,,25,153657d31d0a2c73de1efecde91d561f2bc3385b7604e2cb6ac55292ec1305ce,False,fixed_penalties,9af259c7c11070904d80dd5a1cf0aa0da21ced9d0dbd802897cb5a76fff6647c
C206,solomon_txt,745b6c7042707ffbbfc4d681ee02a84431425f1dfb3c8aa85ecf003fec8f7e53,0,1,ok,True,3,645289,645.289,0.180413,0.500285,1,time_limit,solomon_exact_1000_v1,,,,,,0.5,,,,25,153657d31d0a2c73de1efecde91d561f2bc3385b7604e2cb6ac55292ec1305ce,False,fixed_penalties,9af259c7c11070904d80dd5a1cf0aa0da21ced9d0dbd802897cb5a76fff6647c
C206,solomon_txt,745b6c7042707ffbbfc4d681ee02a84431425f1dfb3c8aa85ecf003fec8f7e53,1,1,ok,True,3,925417,925.417,0.170427,0.500296,2,time_limit,solomon_exact_1000_v1,,,,,,0.5,,,,25,153657d31d0a2c73de1efecde91d561f2bc3385b7604e2cb6ac55292ec1305ce,False,fixed_penalties,9af259c7c11070904d80dd5a1cf0aa0da21ced9d0dbd802897cb5a76fff6647c
C206,solomon_txt,745b6c7042707ffbbfc4d681ee02a84431425f1dfb3c8aa85ecf003fec8f7e53,2,1,ok,True,3,660140,660.14,0.17603,0.50032,2,time_limit,solomon_exact_1000_v1,,,,,,0.5,,,,25,153657d31d0a2c73de1efecde91d561f2bc3385b7604e2cb6ac55292ec1305ce,False,fixed_penalties,9af259c7c11070904d80dd5a1cf0aa0da21ced9d0dbd802897cb5a76fff6647c
C207,solomon_txt,a33f03570a944c8a6d185fd6a173e66c68e67c399a4958b2d5b6d49533ace4a4,0,1,ok,True,3,875665,875.665,0.179314,0.50028,2,time_limit,solomon_exact_1000_v1,,,,,,0.5,,,,25,153657d31d0a2c73de1efecde91d561f2bc3385b7604e2cb6ac55292ec1305ce,False,fixed_penalties,9af259c7c11070904d80dd5a1cf0aa0da21ced9d0dbd802897cb5a76fff6647c
C207,solomon_txt,a33f03570a944c8a6d185fd6a173e66c68e67c399a4958b2d5b6d49533ace4a4,1,1,ok,True,3,853156,853.156,0.190628,0.500331,2,time_limit,solomon_exact_1000_v1,,,,,,0.5,,,,25,153657d31d0a2c73de1efecde91d561f2bc3385b7604e2cb6ac55292ec1305ce,False,fixed_penalties,9af259c7c11070904d80dd5a1cf0aa0da21ced9d0dbd802897cb5a76fff6647c
C207,solomon_txt,a33f03570a944c8a6d185fd6a173e66c68e67c399a4958b2d5b6d49533ace4a4,2,1,ok,True,3,631278,631.278,0.177074,0.500272,2,time_limit,solomon_exact_1000_v1,,,,,,0.5,,,,25,153657d31d0a2c73de1efecde91d561f2bc3385b7604e2cb6ac55292ec1305ce,False,fixed_penalties,9af259c7c11070904d80dd5a1cf0aa0da21ced9d0dbd802897cb5a76fff6647c
C208,solomon_txt,1c2f2381b8743680dbeb34322869cbf5a6cdd8c281f4bcffdb99b533e601874b,0,1,ok,True,3,685365,685.365,0.183441,0.500301,1,time_limit,solomon_exact_1000_v1,,,,,,0.5,,,,25,153657d31d0a2c73de1efecde91d561f2bc3385b7604e2cb6ac55292ec1305ce,False,fixed_penalties,9af259c7c11070904d80dd5a1cf0aa0da21ced9d0dbd802897cb5a76fff6647c
C208,solomon_txt,1c2f2381b8743680dbeb34322869cbf5a6cdd8c281f4bcffdb99b533e601874b,1,1,ok,True,3,840047,840.047,0.184358,0.50029,2,time_limit,solomon_exact_1000_v1,,,,,,0.5,,,,25,153657d31d0a2c73de1efecde91d561f2bc3385b7604e2cb6ac55292ec1305ce,False,fixed_penalties,9af259c7c11070904d80dd5a1cf0aa0da21ced9d0dbd802897cb5a76fff6647c
C208,solomon_txt,1c2f2381b8743680dbeb34322869cbf5a6cdd8c281f4bcffdb99b533e601874b,2,1,ok,True,3,656955,656.955,0.183633,0.50027,2,time_limit,solomon_exact_1000_v1,,,,,,0.5,,,,25,153657d31d0a2c73de1efecde91d561f2bc3385b7604e2cb6ac55292ec1305ce,False,fixed_penalties,9af259c7c11070904d80dd5a1cf0aa0da21ced9d0dbd802897cb5a76fff6647c
R101,solomon_txt,3f3655182bc0fe44ce5de65fdcd2ee2f9c7fb9ed055f923635151d9d6f76d3ed,0,1,ok,True,20,1906973,1906.973,0.052992,0.500326,3,time_limit,solomon_exact_1000_v1,,,,,,0.5,,,,25,153657d31d0a2c73de1efecde91d561f2bc3385b7604e2cb6ac55292ec1305ce,False,fixed_penalties,9af259c7c11070904d80dd5a1cf0aa0da21ced9d0dbd802897cb5a76fff6647c
R101,solomon_txt,3f3655182bc0fe44ce5de65fdcd2ee2f9c7fb9ed055f923635151d9d6f76d3ed,1,1,ok,True,20,1868572,1868.572,0.052067,0.500369,2,time_limit,solomon_exact_1000_v1,,,,,,0.5,,,,25,153657d31d0a2c73de1efecde91d561f2bc3385b7604e2cb6ac55292ec1305ce,False,fixed_penalties,9af259c7c11070904d80dd5a1cf0aa0da21ced9d0dbd802897cb5a76fff6647c
R101,solomon_txt,3f3655182bc0fe44ce5de65fdcd2ee2f9c7fb9ed055f923635151d9d6f76d3ed,2,1,ok,True,20,1880303,1880.303,0.052235,0.500366,4,time_limit,solomon_exact_1000_v1,,,,,,0.5,,,,25,153657d31d0a2c73de1efecde91d561f2bc3385b7604e2cb6ac55292ec1305ce,False,fixed_penalties,9af259c7c11070904d80dd5a1cf0aa0da21ced9d0dbd802897cb5a76fff6647c
R102,solomon_txt,eeb23171b7e4fbfc80bf000ca770329109900fbd7273fa8b9d1f95b7dfe683c3,0,1,ok,True,18,1548987,1548.987,0.054311,0.500324,1,time_limit,solomon_exact_1000_v1,,,,,,0.5,,,,25,153657d31d0a2c73de1efecde91d561f2bc3385b7604e2cb6ac55292ec1305ce,False,fixed_penalties,9af259c7c11070904d80dd5a1cf0aa0da21ced9d0dbd802897cb5a76fff6647c
R102,solomon_txt,eeb23171b7e4fbfc80bf000ca770329109900fbd7273fa8b9d1f95b7dfe683c3,1,1,ok,True,18,1591392,1591.392,0.057123,0.500333,1,time_limit,solomon_exact_1000_v1,,,,,,0.5,,,,25,153657d31d0a2c73de1efecde91d561f2bc3385b7604e2cb6ac55292ec1305ce,False,fixed_penalties,9af259c7c11070904d80dd5a1cf0aa0da21ced9d0dbd802897cb5a76fff6647c
R102,solomon_txt,eeb23171b7e4fbfc80bf000ca770329109900fbd7273fa8b9d1f95b7dfe683c3,2,1,ok,True,18,1563121,1563.121,0.055946,0.500363,1,time_limit,solomon_exact_1000_v1,,,,,,0.5,,,,25,153657d31d0a2c73de1efecde91d561f2bc3385b7604e2cb6ac55292ec1305ce,False,fixed_penalties,9af259c7c11070904d80dd5a1cf0aa0da21ced9d0dbd802897cb5a76fff6647c
R103,solomon_txt,1f833e8648ba39e0edc76754fb49e81777a7175cf7b084c3f60a12607bfb3991,0,1,ok,True,14,1543316,1543.316,0.063028,0.500321,2,time_limit,solomon_exact_1000_v1,,,,,,0.5,,,,25,153657d31d0a2c73de1efecde91d561f2bc3385b7604e2cb6ac55292ec1305ce,False,fixed_penalties,9af259c7c11070904d80dd5a1cf0aa0da21ced9d0dbd802897cb5a76fff6647c
R103,solomon_txt,1f833e8648ba39e0edc76754fb49e81777a7175cf7b084c3f60a12607bfb3991,1,1,ok,True,14,1543316,1543.316,0.063704,0.500292,2,time_limit,solomon_exact_1000_v1,,,,,,0.5,,,,25,153657d31d0a2c73de1efecde91d561f2bc3385b7604e2cb6ac55292ec1305ce,False,fixed_penalties,9af259c7c11070904d80dd5a1cf0aa0da21ced9d0dbd802897cb5a76fff6647c
R103,solomon_txt,1f833e8648ba39e0edc76754fb49e81777a7175cf7b084c3f60a12607bfb3991,2,1,ok,True,14,1546015,1546.015,0.071469,0.500356,2,time_limit,solomon_exact_1000_v1,,,,,,0.5,,,,25,153657d31d0a2c73de1efecde91d561f2bc3385b7604e2cb6ac55292ec1305ce,False,fixed_penalties,9af259c7c11070904d80dd5a1cf0aa0da21ced9d0dbd802897cb5a76fff6647c
R104,solomon_txt,dd087124311d91facd81736debbfc7d0f351d27942917e2d76cbafd01e6183b7,0,1,ok,True,11,1186697,1186.697,0.0718,0.500414,2,time_limit,solomon_exact_1000_v1,,,,,,0.5,,,,25,153657d31d0a2c73de1efecde91d561f2bc3385b7604e2cb6ac55292ec1305ce,False,fixed_penalties,9af259c7c11070904d80dd5a1cf0aa0da21ced9d0dbd802897cb5a76fff6647c
R104,solomon_txt,dd087124311d91facd81736debbfc7d0f351d27942917e2d76cbafd01e6183b7,1,1,ok,True,10,1209420,1209.42,0.073769,0.500323,1,time_limit,solomon_exact_1000_v1,,,,,,0.5,,,,25,153657d31d0a2c73de1efecde91d561f2bc3385b7604e2cb6ac55292ec1305ce,False,fixed_penalties,9af259c7c11070904d80dd5a1cf0aa0da21ced9d0dbd802897cb5a76fff6647c
R104,solomon_txt,dd087124311d91facd81736debbfc7d0f351d27942917e2d76cbafd01e6183b7,2,1,ok,True,10,1119070,1119.07,0.070937,0.500289,1,time_limit,solomon_exact_1000_v1,,,,,,0.5,,,,25,153657d31d0a2c73de1efecde91d561f2bc3385b7604e2cb6ac55292ec1305ce,False,fixed_penalties,9af259c7c11070904d80dd5a1cf0aa0da21ced9d0dbd802897cb5a76fff6647c
R105,solomon_txt,ff1a614f8458d6339b3f54d8e4ca2dcf0a35c96012f477f6a819ae481de85ca4,0,1,ok,True,16,1757067,1757.067,0.055322,0.500336,4,time_limit,solomon_exact_1000_v1,,,,,,0.5,,,,25,153657d31d0a2c73de1efecde91d561f2bc3385b7604e2cb6ac55292ec1305ce,False,fixed_penalties,9af259c7c11070904d80dd5a1cf0aa0da21ced9d0dbd802897cb5a76fff6647c
R105,solomon_txt,ff1a614f8458d6339b3f54d8e4ca2dcf0a35c96012f477f6a819ae481de85ca4,1,1,ok,True,15,1644168,1644.168,0.058768,0.50033,2,time_limit,solomon_exact_1000_v1,,,,,,0.5,,,,25,153657d31d0a2c73de1efecde91d561f2bc3385b7604e2cb6ac55292ec1305ce,False,fixed_penalties,9af259c7c11070904d80dd5a1cf0aa0da21ced9d0dbd802897cb5a76fff6647c
R105,solomon_txt,ff1a614f8458d6339b3f54d8e4ca2dcf0a35c96012f477f6a819ae481de85ca4,2,1,ok,True,15,1702105,1702.105,0.055721,0.500319,2,time_limit,solomon_exact_1000_v1,,,,,,0.5,,,,25,153657d31d0a2c73de1efecde91d561f2bc3385b7604e2cb6ac55292ec1305ce,False,fixed_penalties,9af259c7c11070904d80dd5a1cf0aa0da21ced9d0dbd802897cb5a76fff6647c
R106,solomon_txt,31b8783d177f0fbe1c84b8f085fbf28b1989a80e4c00f49f5654ebef99835e97,0,1,ok,True,14,1578789,1578.789,0.058635,0.500296,4,time_limit,solomon_exact_1000_v1,,,,,,0.5,,,,25,153657d31d0a2c73de1efecde91d561f2bc3385b7604e2cb6ac55292ec1305ce,False,fixed_penalties,9af259c7c11070904d80dd5a1cf0aa0da21ced9d0dbd802897cb5a76fff6647c
R106,solomon_txt,31b8783d177f0fbe1c84b8f085fbf28b1989a80e4c00f49f5654ebef99835e97,1,1,ok,True,14,1574823,1574.823,0.059176,0.500328,2,time_limit,solomon_exact_1000_v1,,,,,,0.5,,,,25,153657d31d0a2c73de1efecde91d561f2bc3385b7604e2cb6ac55292ec1305ce,False,fixed_penalties,9af259c7c11070904d80dd5a1cf0aa0da21ced9d0dbd802897cb5a76fff6647c
R106,solomon_txt,31b8783d177f0fbe1c84b8f085fbf28b1989a80e4c00f49f5654ebef99835e97,2,1,ok,True,13,1558794,1558.794,0.058009,0.500305,3,time_limit,solomon_exact_1000_v1,,,,,,0.5,,,,25,153657d31d0a2c73de1efecde91d561f2bc3385b7604e2cb6ac55292ec1305ce,False,fixed_penalties,9af259c7c11070904d80dd5a1cf0aa0da21ced9d0dbd802897cb5a76fff6647c
R107,solomon_txt,dba2b257a1d43d7c78d5e3a9f09091a2b125d3fbec78c0c8a1782add669a1275,0,1,ok,True,11,1344856,1344.856,0.066754,0.500299,2,time_limit,solomon_exact_1000_v1,,,,,,0.5,,,,25,153657d31d0a2c73de1efecde91d561f2bc3385b7604e2cb6ac55292ec1305ce,False,fixed_penalties,9af259c7c11070904d80dd5a1cf0aa0da21ced9d0dbd802897cb5a76fff6647c
R107,solomon_txt,dba2b257a1d43d7c78d5e3a9f09091a2b125d3fbec78c0c8a1782add669a1275,1,1,ok,True,11,1364247,1364.247,0.066209,0.500306,3,time_limit,solomon_exact_1000_v1,,,,,,0.5,,,,25,153657d31d0a2c73de1efecde91d561f2bc3385b7604e2cb6ac55292ec1305ce,False,fixed_penalties,9af259c7c11070904d80dd5a1cf0aa0da21ced9d0dbd802897cb5a76fff6647c
R107,solomon_txt,dba2b257a1d43d7c78d5e3a9f09091a2b125d3fbec78c0c8a1782add669a1275,2,1,ok,True,12,1486083,1486.083,0.064917,0.500325,3,time_limit,solomon_exact_1000_v1,,,,,,0.5,,,,25,153657d31d0a2c73de1efecde91d561f2bc3385b7604e2cb6ac55292ec1305ce,False,fixed_penalties,9af259c7c11070904d80dd5a1cf0aa0da21ced9d0dbd802897cb5a76fff6647c
R108,solomon_txt,65cae09f4099b7e70d2b723e0e3a30aa1494c75a367bb894a3fd13241ee639d4,0,1,ok,True,10,1217799,1217.799,0.07512,0.50036,3,time_limit,solomon_exact_1000_v1,,,,,,0.5,,,,25,153657d31d0a2c73de1efecde91d561f2bc3385b7604e2cb6ac55292ec1305ce,False,fixed_penalties,9af259c7c11070904d80dd5a1cf0aa0da21ced9d0dbd802897cb5a76fff6647c
R108,solomon_txt,65cae09f4099b7e70d2b723e0e3a30aa1494c75a367bb894a3fd13241ee639d4,1,1,ok,True,10,1128679,1128.679,0.07163,0.500298,2,time_limit,solomon_exact_1000_v1,,,,,,0.5,,,,25,153657d31d0a2c73de1efecde91d561f2bc3385b7604e2cb6ac55292ec1305ce,False,fixed_penalties,9af259c7c11070904d80dd5a1cf0aa0da21ced9d0dbd802897cb5a76fff6647c
R108,solomon_txt,65cae09f4099b7e70d2b723e0e3a30aa1494c75a367bb894a3fd13241ee639d4,2,1,ok,True,11,1314289,1314.289,0.070886,0.500311,2,time_limit,solomon_exact_1000_v1,,,,,,0.5,,,,25,153657d31d0a2c73de1efecde91d561f2bc3385b7604e2cb6ac55292ec1305ce,False,fixed_penalties,9af259c7c11070904d80dd5a1cf0aa0da21ced9d0dbd802897cb5a76fff6647c
R109,solomon_txt,4ef24030e8c48de5f85dcd90c5739186004fc8dec87533b6467013cf996f4777,0,1,ok,True,13,1527854,1527.854,0.056899,0.500333,2,time_limit,solomon_exact_1000_v1,,,,,,0.5,,,,25,153657d31d0a2c73de1efecde91d561f2bc3385b7604e2cb6ac55292ec1305ce,False,fixed_penalties,9af259c7c11070904d80dd5a1cf0aa0da21ced9d0dbd802897cb5a76fff6647c
R109,solomon_txt,4ef24030e8c48de5f85dcd90c5739186004fc8dec87533b6467013cf996f4777,1,1,ok,True,14,1611887,1611.887,0.055909,0.500461,5,time_limit,solomon_exact_1000_v1,,,,,,0.5,,,,25,153657d31d0a2c73de1efecde91d561f2bc3385b7604e2cb6ac55292ec1305ce,False,fixed_penalties,9af259c7c11070904d80dd5a1cf0aa0da21ced9d0dbd802897cb5a76fff6647c
R109,solomon_txt,4ef24030e8c48de5f85dcd90c5739186004fc8dec87533b6467013cf996f4777,2,1,ok,True,14,1558645,1558.645,0.056598,0.500334,5,time_limit,solomon_exact_1000_v1,,,,,,0.5,,,,25,153657d31d0a2c73de1efecde91d561f2bc3385b7604e2cb6ac55292ec1305ce,False,fixed_penalties,9af259c7c11070904d80dd5a1cf0aa0da21ced9d0dbd802897cb5a76fff6647c
R110,solomon_txt,14cb53cb99af61d3d708f07564b9a72d146e7c26b4f10507cfaf3bc828f34bfa,0,1,ok,True,13,1585711,1585.711,0.063686,0.50031,4,time_limit,solomon_exact_1000_v1,,,,,,0.5,,,,25,153657d31d0a2c73de1efecde91d561f2bc3385b7604e2cb6ac55292ec1305ce,False,fixed_penalties,9af259c7c11070904d80dd5a1cf0aa0da21ced9d0dbd802897cb5a76fff6647c
R110,solomon_txt,14cb53cb99af61d3d708f07564b9a72d146e7c26b4f10507cfaf3bc828f34bfa,1,1,ok,True,12,1462696,1462.696,0.062528,0.50034,3,time_limit,solomon_exact_1000_v1,,,,,,0.5,,,,25,153657d31d0a2c73de1efecde91d561f2bc3385b7604e2cb6ac55292ec1305ce,False,fixed_penalties,9af259c7c11070904d80dd5a1cf0aa0da21ced9d0dbd802897cb5a76fff6647c
R110,solomon_txt,14cb53cb99af61d3d708f07564b9a72d146e7c26b4f10507cfaf3bc828f34bfa,2,1,ok,True,12,1576535,1576.535,0.063999,0.500329,2,time_limit,solomon_exact_1000_v1,,,,,,0.5,,,,25,153657d31d0a2c73de1efecde91d561f2bc3385b7604e2cb6ac55292ec1305ce,False,fixed_penalties,9af259c7c11070904d80dd5a1cf0aa0da21ced9d0dbd802897cb5a76fff6647c
R111,solomon_txt,3d94a73b1f2fe8aae4618b9d9ea254cff2e3924a6a841aa390096ec6c60f258d,0,1,ok,True,12,1406336,1406.336,0.066851,0.500474,3,time_limit,solomon_exact_1000_v1,,,,,,0.5,,,,25,153657d31d0a2c73de1efecde91d561f2bc3385b7604e2cb6ac55292ec1305ce,False,fixed_penalties,9af259c7c11070904d80dd5a1cf0aa0da21ced9d0dbd802897cb5a76fff6647c
R111,solomon_txt,3d94a73b1f2fe8aae4618b9d9ea254cff2e3924a6a841aa390096ec6c60f258d,1,1,ok,True,12,1480321,1480.321,0.064852,0.500313,3,time_limit,solomon_exact_1000_v1,,,,,,0.5,,,,25,153657d31d0a2c73de1efecde91d561f2bc3385b7604e2cb6ac55292ec1305ce,False,fixed_penalties,9af259c7c11070904d80dd5a1cf0aa0da21ced9d0dbd802897cb5a76fff6647c
R111,solomon_txt,3d94a73b1f2fe8aae4618b9d9ea254cff2e3924a6a841aa390096ec6c60f258d,2,1,ok,True,12,1473191,1473.191,0.068359,0.500326,3,time_limit,solomon_exact_1000_v1,,,,,,0.5,,,,25,153657d31d0a2c73de1efecde91d561f2bc3385b7604e2cb6ac55292ec1305ce,False,fixed_penalties,9af259c7c11070904d80dd5a1cf0aa0da21ced9d0dbd802897cb5a76fff6647c
R112,solomon_txt,a0e93149d59d30c356619891d192e86d0f16c3158e1dac3bd9f23c6deb718271,0,1,ok,True,12,1344344,1344.344,0.064064,0.500293,4,time_limit,solomon_exact_1000_v1,,,,,,0.5,,,,25,153657d31d0a2c73de1efecde91d561f2bc3385b7604e2cb6ac55292ec1305ce,False,fixed_penalties,9af259c7c11070904d80dd5a1cf0aa0da21ced9d0dbd802897cb5a76fff6647c
R112,solomon_txt,a0e93149d59d30c356619891d192e86d0f16c3158e1dac3bd9f23c6deb718271,1,1,ok,True,11,1158070,1158.07,0.062272,0.500311,3,time_limit,solomon_exact_1000_v1,,,,,,0.5,,,,25,153657d31d0a2c73de1efecde91d561f2bc3385b7604e2cb6ac55292ec1305ce,False,fixed_penalties,9af259c7c11070904d80dd5a1cf0aa0da21ced9d0dbd802897cb5a76fff6647c
R112,solomon_txt,a0e93149d59d30c356619891d192e86d0f16c3158e1dac3bd9f23c6deb718271,2,1,ok,True,12,1531744,1531.744,0.064447,0.500328,5,time_limit,solomon_exact_1000_v1,,,,,,0.5,,,,25,153657d31d0a2c73de1efecde91d561f2bc3385b7604e2cb6ac55292ec1305ce,False,fixed_penalties,9af259c7c11070904d80dd5a1cf0aa0da21ced9d0dbd802897cb5a76fff6647c
R201,solomon_txt,0be960ec998fff2cab0bdbcc5194c617e5ca0a79c82c5b32b1d4bd98b2cae210,0,1,ok,True,4,1679869,1679.869,0.131105,0.500454,2,time_limit,solomon_exact_1000_v1,,,,,,0.5,,,,25,153657d31d0a2c73de1efecde91d561f2bc3385b7604e2cb6ac55292ec1305ce,False,fixed_penalties,9af259c7c11070904d80dd5a1cf0aa0da21ced9d0dbd802897cb5a76fff6647c
R201,solomon_txt,0be960ec998fff2cab0bdbcc5194c617e5ca0a79c82c5b32b1d4bd98b2cae210,1,1,ok,True,4,1620125,1620.125,0.12942,0.500289,2,time_limit,solomon_exact_1000_v1,,,,,,0.5,,,,25,153657d31d0a2c73de1efecde91d561f2bc3385b7604e2cb6ac55292ec1305ce,False,fixed_penalties,9af259c7c11070904d80dd5a1cf0aa0da21ced9d0dbd802897cb5a76fff6647c
R201,solomon_txt,0be960ec998fff2cab0bdbcc5194c617e5ca0a79c82c5b32b1d4bd98b2cae210,2,1,ok,True,4,1605282,1605.282,0.128132,0.500289,1,time_limit,solomon_exact_1000_v1,,,,,,0.5,,,,25,153657d31d0a2c73de1efecde91d561f2bc3385b7604e2cb6ac55292ec1305ce,False,fixed_penalties,9af259c7c11070904d80dd5a1cf0aa0da21ced9d0dbd802897cb5a76fff6647c
R202,solomon_txt,1f7761bb33e9dd0c94837b32c72280296ffc283dba997379c7ad75ce00dffc8d,0,1,ok,True,4,1622244,1622.244,0.154739,0.500326,2,time_limit,solomon_exact_1000_v1,,,,,,0.5,,,,25,153657d31d0a2c73de1efecde91d561f2bc3385b7604e2cb6ac55292ec1305ce,False,fixed_penalties,9af259c7c11070904d80dd5a1cf0aa0da21ced9d0dbd802897cb5a76fff6647c
R202,solomon_txt,1f7761bb33e9dd0c94837b32c72280296ffc283dba997379c7ad75ce00dffc8d,1,1,ok,True,4,1622244,1622.244,0.147735,0.500295,2,time_limit,solomon_exact_1000_v1,,,,,,0.5,,,,25,153657d31d0a2c73de1efecde91d561f2bc3385b7604e2cb6ac55292ec1305ce,False,fixed_penalties,9af259c7c11070904d80dd5a1cf0aa0da21ced9d0dbd802897cb5a76fff6647c
R202,solomon_txt,1f7761bb33e9dd0c94837b32c72280296ffc283dba997379c7ad75ce00dffc8d,2,1,ok,True,4,1622145,1622.145,0.149278,0.500293,2,time_limit,solomon_exact_1000_v1,,,,,,0.5,,,,25,153657d31d0a2c73de1efecde91d561f2bc3385b7604e2cb6ac55292ec1305ce,False,fixed_penalties,9af259c7c11070904d80dd5a1cf0aa0da21ced9d0dbd802897cb5a76fff6647c
R203,solomon_txt,38c484db31bd7452a94d533e26a2348ef598df600b79d061d9ddc1c61466a731,0,1,ok,True,3,1262185,1262.185,0.156734,0.500314,1,time_limit,solomon_exact_1000_v1,,,,,,0.5,,,,25,153657d31d0a2c73de1efecde91d561f2bc3385b7604e2cb6ac55292ec1305ce,False,fixed_penalties,9af259c7c11070904d80dd5a1cf0aa0da21ced9d0dbd802897cb5a76fff6647c
R203,solomon_txt,38c484db31bd7452a94d533e26a2348ef598df600b79d061d9ddc1c61466a731,1,1,ok,True,3,1260019,1260.019,0.166145,0.500286,1,time_limit,solomon_exact_1000_v1,,,,,,0.5,,,,25,153657d31d0a2c73de1efecde91d561f2bc3385b7604e2cb6ac55292ec1305ce,False,fixed_penalties,9af259c7c11070904d80dd5a1cf0aa0da21ced9d0dbd802897cb5a76fff6647c
R203,solomon_txt,38c484db31bd7452a94d533e26a2348ef598df600b79d061d9ddc1c61466a731,2,1,ok,True,3,1250918,1250.918,0.15875,0.500288,1,time_limit,solomon_exact_1000_v1,,,,,,0.5,,,,25,153657d31d0a2c73de1efecde91d561f2bc3385b7604e2cb6ac55292ec1305ce,False,fixed_penalties,9af259c7c11070904d80dd5a1cf0aa0da21ced9d0dbd802897cb5a76fff6647c
R204,solomon_txt,5349e37d8df99bcbee1efa2e970d2662b5265e5f82fc609343a6af0a60257abf,0,1,ok,True,3,1284977,1284.977,0.198038,0.500264,2,time_limit,solomon_exact_1000_v1,,,,,,0.5,,,,25,153657d31d0a2c73de1efecde91d561f2bc3385b7604e2cb6ac55292ec1305ce,False,fixed_penalties,9af259c7c11070904d80dd5a1cf0aa0da21ced9d0dbd802897cb5a76fff6647c
R204,solomon_txt,5349e37d8df99bcbee1efa2e970d2662b5265e5f82fc609343a6af0a60257abf,1,1,ok,True,3,1217807,1217.807,0.204016,0.500301,1,time_limit,solomon_exact_1000_v1,,,,,,0.5,,,,25,153657d31d0a2c73de1efecde91d561f2bc3385b7604e2cb6ac55292ec1305ce,False,fixed_penalties,9af259c7c11070904d80dd5a1cf0aa0da21ced9d0dbd802897cb5a76fff6647c
R204,solomon_txt,5349e37d8df99bcbee1efa2e970d2662b5265e5f82fc609343a6af0a60257abf,2,1,ok,True,3,1199995,1199.995,0.209201,0.500299,2,time_limit,solomon_exact_1000_v1,,,,,,0.5,,,,25,153657d31d0a2c73de1efecde91d561f2bc3385b7604e2cb6ac55292ec1305ce,False,fixed_penalties,9af259c7c11070904d80dd5a1cf0aa0da21ced9d0dbd802897cb5a76fff6647c
R205,solomon_txt,1996bf8f10716fb8cfc1a585206a6a6e566f32347c1bb8f36c75ed6c887f77e3,0,1,ok,True,3,1286878,1286.878,0.163687,0.500278,1,time_limit,solomon_exact_1000_v1,,,,,,0.5,,,,25,153657d31d0a2c73de1efecde91d561f2bc3385b7604e2cb6ac55292ec1305ce,False,fixed_penalties,9af259c7c11070904d80dd5a1cf0aa0da21ced9d0dbd802897cb5a76fff6647c
R205,solomon_txt,1996bf8f10716fb8cfc1a585206a6a6e566f32347c1bb8f36c75ed6c887f77e3,1,1,ok,True,3,1545111,1545.111,0.161532,0.500318,1,time_limit,solomon_exact_1000_v1,,,,,,0.5,,,,25,153657d31d0a2c73de1efecde91d561f2bc3385b7604e2cb6ac55292ec1305ce,False,fixed_penalties,9af259c7c11070904d80dd5a1cf0aa0da21ced9d0dbd802897cb5a76fff6647c
R205,solomon_txt,1996bf8f10716fb8cfc1a585206a6a6e566f32347c1bb8f36c75ed6c887f77e3,2,1,ok,True,3,1409798,1409.798,0.159494,0.500293,2,time_limit,solomon_exact_1000_v1,,,,,,0.5,,,,25,153657d31d0a2c73de1efecde91d561f2bc3385b7604e2cb6ac55292ec1305ce,False,fixed_penalties,9af259c7c11070904d80dd5a1cf0aa0da21ced9d0dbd802897cb5a76fff6647c
R206,solomon_txt,c8754a0319264d076c038b1bf023c8c4710e8895fe3e03f485e9ae249f32fe43,0,1,ok,True,3,1533607,1533.607,0.174277,0.500297,3,time_limit,solomon_exact_1000_v1,,,,,,0.5,,,,25,153657d31d0a2c73de1efecde91d561f2bc3385b7604e2cb6ac55292ec1305ce,False,fixed_penalties,9af259c7c11070904d80dd5a1cf0aa0da21ced9d0dbd802897cb5a76fff6647c
R206,solomon_txt,c8754a0319264d076c038b1bf023c8c4710e8895fe3e03f485e9ae249f32fe43,1,1,ok,True,3,1389279,1389.279,0.173061,0.500524,3,time_limit,solomon_exact_1000_v1,,,,,,0.5,,,,25,153657d31d0a2c73de1efecde91d561f2bc3385b7604e2cb6ac55292ec1305ce,False,fixed_penalties,9af259c7c11070904d80dd5a1cf0aa0da21ced9d0dbd802897cb5a76fff6647c
R206,solomon_txt,c8754a0319264d076c038b1bf023c8c4710e8895fe3e03f485e9ae249f32fe43,2,1,ok,True,3,1533607,1533.607,0.170851,0.500276,2,time_limit,solomon_exact_1000_v1,,,,,,0.5,,,,25,153657d31d0a2c73de1efecde91d561f2bc3385b7604e2cb6ac55292ec1305ce,False,fixed_penalties,9af259c7c11070904d80dd5a1cf0aa0da21ced9d0dbd802897cb5a76fff6647c
R207,solomon_txt,52dc8eebba43fdc67ca9aadab228b75a297acb55a87db3e4748e82f623e3cbe6,0,1,ok,True,3,1164515,1164.515,0.204721,0.500316,2,time_limit,solomon_exact_1000_v1,,,,,,0.5,,,,25,153657d31d0a2c73de1efecde91d561f2bc3385b7604e2cb6ac55292ec1305ce,False,fixed_penalties,9af259c7c11070904d80dd5a1cf0aa0da21ced9d0dbd802897cb5a76fff6647c
R207,solomon_txt,52dc8eebba43fdc67ca9aadab228b75a297acb55a87db3e4748e82f623e3cbe6,1,1,ok,True,3,1102590,1102.59,0.196437,0.500301,1,time_limit,solomon_exact_1000_v1,,,,,,0.5,,,,25,153657d31d0a2c73de1efecde91d561f2bc3385b7604e2cb6ac55292ec1305ce,False,fixed_penalties,9af259c7c11070904d80dd5a1cf0aa0da21ced9d0dbd802897cb5a76fff6647c
R207,solomon_txt,52dc8eebba43fdc67ca9aadab228b75a297acb55a87db3e4748e82f623e3cbe6,2,1,ok,True,3,1024827,1024.827,0.203293,0.500305,1,time_limit,solomon_exact_1000_v1,,,,,,0.5,,,,25,153657d31d0a2c73de1efecde91d561f2bc3385b7604e2cb6ac55292ec1305ce,False,fixed_penalties,9af259c7c11070904d80dd5a1cf0aa0da21ced9d0dbd802897cb5a76fff6647c
R208,solomon_txt,7b4a95d500af9329dd08791d39898a619faec0f8fac039d57373e761545b980d,0,1,ok,True,2,946859,946.859,0.210601,0.500297,2,time_limit,solomon_exact_1000_v1,,,,,,0.5,,,,25,153657d31d0a2c73de1efecde91d561f2bc3385b7604e2cb6ac55292ec1305ce,False,fixed_penalties,9af259c7c11070904d80dd5a1cf0aa0da21ced9d0dbd802897cb5a76fff6647c
R208,solomon_txt,7b4a95d500af9329dd08791d39898a619faec0f8fac039d57373e761545b980d,1,1,ok,True,2,877884,877.884,0.226454,0.5003,2,time_limit,solomon_exact_1000_v1,,,,,,0.5,,,,25,153657d31d0a2c73de1efecde91d561f2bc3385b7604e2cb6ac55292ec1305ce,False,fixed_penalties,9af259c7c11070904d80dd5a1cf0aa0da21ced9d0dbd802897cb5a76fff6647c
R208,solomon_txt,7b4a95d500af9329dd08791d39898a619faec0f8fac039d57373e761545b980d,2,1,ok,True,2,981656,981.656,0.216503,0.500305,2,time_limit,solomon_exact_1000_v1,,,,,,0.5,,,,25,153657d31d0a2c73de1efecde91d561f2bc3385b7604e2cb6ac55292ec1305ce,False,fixed_penalties,9af259c7c11070904d80dd5a1cf0aa0da21ced9d0dbd802897cb5a76fff6647c
R209,solomon_txt,5b74156d032babcff853ccc693f94463eca8333cd425aa99a39ed996f6258933,0,1,ok,True,3,1522983,1522.983,0.161855,0.500338,1,time_limit,solomon_exact_1000_v1,,,,,,0.5,,,,25,153657d31d0a2c73de1efecde91d561f2bc3385b7604e2cb6ac55292ec1305ce,False,fixed_penalties,9af259c7c11070904d80dd5a1cf0aa0da21ced9d0dbd802897cb5a76fff6647c
R209,solomon_txt,5b74156d032babcff853ccc693f94463eca8333cd425aa99a39ed996f6258933,1,1,ok,True,3,1303297,1303.297,0.160212,0.500358,2,time_limit,solomon_exact_1000_v1,,,,,,0.5,,,,25,153657d31d0a2c73de1efecde91d561f2bc3385b7604e2cb6ac55292ec1305ce,False,fixed_penalties,9af259c7c11070904d80dd5a1cf0aa0da21ced9d0dbd802897cb5a76fff6647c
R209,solomon_txt,5b74156d032babcff853ccc693f94463eca8333cd425aa99a39ed996f6258933,2,1,ok,True,3,1331286,1331.286,0.159472,0.500262,2,time_limit,solomon_exact_1000_v1,,,,,,0.5,,,,25,153657d31d0a2c73de1efecde91d561f2bc3385b7604e2cb6ac55292ec1305ce,False,fixed_penalties,9af259c7c11070904d80dd5a1cf0aa0da21ced9d0dbd802897cb5a76fff6647c
R210,solomon_txt,4e5772f109fb6183e6a648d6a1edaba3435438c2dc11c42da370fecf7bdf3a14,0,1,ok,True,3,1443660,1443.66,0.16566,0.500273,2,time_limit,solomon_exact_1000_v1,,,,,,0.5,,,,25,153657d31d0a2c73de1efecde91d561f2bc3385b7604e2cb6ac55292ec1305ce,False,fixed_penalties,9af259c7c11070904d80dd5a1cf0aa0da21ced9d0dbd802897cb5a76fff6647c
R210,solomon_txt,4e5772f109fb6183e6a648d6a1edaba3435438c2dc11c42da370fecf7bdf3a14,1,1,ok,True,3,1415959,1415.959,0.173325,0.500488,2,time_limit,solomon_exact_1000_v1,,,,,,0.5,,,,25,153657d31d0a2c73de1efecde91d561f2bc3385b7604e2cb6ac55292ec1305ce,False,fixed_penalties,9af259c7c11070904d80dd5a1cf0aa0da21ced9d0dbd802897cb5a76fff6647c
R210,solomon_txt,4e5772f109fb6183e6a648d6a1edaba3435438c2dc11c42da370fecf7bdf3a14,2,1,ok,True,3,1406463,1406.463,0.166109,0.50027,2,time_limit,solomon_exact_1000_v1,,,,,,0.5,,,,25,153657d31d0a2c73de1efecde91d561f2bc3385b7604e2cb6ac55292ec1305ce,False,fixed_penalties,9af259c7c11070904d80dd5a1cf0aa0da21ced9d0dbd802897cb5a76fff6647c
R211,solomon_txt,2965507e467a2f92acd59035975910e36ae11e4f49590d4c7d20a883939227ad,0,1,ok,True,3,1480876,1480.876,0.186489,0.500361,3,time_limit,solomon_exact_1000_v1,,,,,,0.5,,,,25,153657d31d0a2c73de1efecde91d561f2bc3385b7604e2cb6ac55292ec1305ce,False,fixed_penalties,9af259c7c11070904d80dd5a1cf0aa0da21ced9d0dbd802897cb5a76fff6647c
R211,solomon_txt,2965507e467a2f92acd59035975910e36ae11e4f49590d4c7d20a883939227ad,1,1,ok,True,3,1516434,1516.434,0.193741,0.500294,2,time_limit,solomon_exact_1000_v1,,,,,,0.5,,,,25,153657d31d0a2c73de1efecde91d561f2bc3385b7604e2cb6ac55292ec1305ce,False,fixed_penalties,9af259c7c11070904d80dd5a1cf0aa0da21ced9d0dbd802897cb5a76fff6647c
R211,solomon_txt,2965507e467a2f92acd59035975910e36ae11e4f49590d4c7d20a883939227ad,2,1,ok,True,3,1411885,1411.885,0.178835,0.500259,2,time_limit,solomon_exact_1000_v1,,,,,,0.5,,,,25,153657d31d0a2c73de1efecde91d561f2bc3385b7604e2cb6ac55292ec1305ce,False,fixed_penalties,9af259c7c11070904d80dd5a1cf0aa0da21ced9d0dbd802897cb5a76fff6647c
RC101,solomon_txt,ef6893ffd9746ad96de8e4da6e64e2c4ba6e08a1c7eb9457276a9f1caf01ca12,0,1,ok,True,16,1964874,1964.874,0.059505,0.500361,2,time_limit,solomon_exact_1000_v1,,,,,,0.5,,,,25,153657d31d0a2c73de1efecde91d561f2bc3385b7604e2cb6ac55292ec1305ce,False,fixed_penalties,9af259c7c11070904d80dd5a1cf0aa0da21ced9d0dbd802897cb5a76fff6647c
RC101,solomon_txt,ef6893ffd9746ad96de8e4da6e64e2c4ba6e08a1c7eb9457276a9f1caf01ca12,1,1,ok,True,17,2095011,2095.011,0.055652,0.500323,4,time_limit,solomon_exact_1000_v1,,,,,,0.5,,,,25,153657d31d0a2c73de1efecde91d561f2bc3385b7604e2cb6ac55292ec1305ce,False,fixed_penalties,9af259c7c11070904d80dd5a1cf0aa0da21ced9d0dbd802897cb5a76fff6647c
RC101,solomon_txt,ef6893ffd9746ad96de8e4da6e64e2c4ba6e08a1c7eb9457276a9f1caf01ca12,2,1,ok,True,16,1899838,1899.838,0.056147,0.500364,2,time_limit,solomon_exact_1000_v1,,,,,,0.5,,,,25,153657d31d0a2c73de1efecde91d561f2bc3385b7604e2cb6ac55292ec1305ce,False,fixed_penalties,9af259c7c11070904d80dd5a1cf0aa0da21ced9d0dbd802897cb5a76fff6647c
RC102,solomon_txt,36acd349d34a577c7fadd61f78517c2cb74bd06a490273800c288f341e5785a4,0,1,ok,True,15,1681845,1681.845,0.060897,0.500301,2,time_limit,solomon_exact_1000_v1,,,,,,0.5,,,,25,153657d31d0a2c73de1efecde91d561f2bc3385b7604e2cb6ac55292ec1305ce,False,fixed_penalties,9af259c7c11070904d80dd5a1cf0aa0da21ced9d0dbd802897cb5a76fff6647c
RC102,solomon_txt,36acd349d34a577c7fadd61f78517c2cb74bd06a490273800c288f341e5785a4,1,1,ok,True,14,1773793,1773.793,0.062524,0.500326,2,time_limit,solomon_exact_1000_v1,,,,,,0.5,,,,25,153657d31d0a2c73de1efecde91d561f2bc3385b7604e2cb6ac55292ec1305ce,False,fixed_penalties,9af259c7c11070904d80dd5a1cf0aa0da21ced9d0dbd802897cb5a76fff6647c
RC102,solomon_txt,36acd349d34a577c7fadd61f78517c2cb74bd06a490273800c288f341e5785a4,2,1,ok,True,14,1711987,1711.987,0.065048,0.500335,2,time_limit,solomon_exact_1000_v1,,,,,,0.5,,,,25,153657d31d0a2c73de1efecde91d561f2bc3385b7604e2cb6ac55292ec1305ce,False,fixed_penalties,9af259c7c11070904d80dd5a1cf0aa0da21ced9d0dbd802897cb5a76fff6647c
RC103,solomon_txt,00f384138274d5d2bff5c41601db17cc4ad0cfc6315c27e223d4477bf435cc2d,0,1,ok,True,12,1735736,1735.736,0.068668,0.500326,2,time_limit,solomon_exact_1000_v1,,,,,,0.5,,,,25,153657d31d0a2c73de1efecde91d561f2bc3385b7604e2cb6ac55292ec1305ce,False,fixed_penalties,9af259c7c11070904d80dd5a1cf0aa0da21ced9d0dbd802897cb5a76fff6647c
RC103,solomon_txt,00f384138274d5d2bff5c41601db17cc4ad0cfc6315c27e223d4477bf435cc2d,1,1,ok,True,12,1703532,1703.532,0.070303,0.500338,2,time_limit,solomon_exact_1000_v1,,,,,,0.5,,,,25,153657d31d0a2c73de1efecde91d561f2bc3385b7604e2cb6ac55292ec1305ce,False,fixed_penalties,9af259c7c11070904d80dd5a1cf0aa0da21ced9d0dbd802897cb5a76fff6647c
RC103,solomon_txt,00f384138274d5d2bff5c41601db17cc4ad0cfc6315c27e223d4477bf435cc2d,2,1,ok,True,13,1952068,1952.068,0.065505,0.500309,3,time_limit,solomon_exact_1000_v1,,,,,,0.5,,,,25,153657d31d0a2c73de1efecde91d561f2bc3385b7604e2cb6ac55292ec1305ce,False,fixed_penalties,9af259c7c11070904d80dd5a1cf0aa0da21ced9d0dbd802897cb5a76fff6647c
RC104,solomon_txt,d150b2d61049a488fb89a2320c197d81a7ef9a1864abbbaea1d13a2b451253ee,0,1,ok,True,11,1465555,1465.555,0.066899,0.500321,3,time_limit,solomon_exact_1000_v1,,,,,,0.5,,,,25,153657d31d0a2c73de1efecde91d561f2bc3385b7604e2cb6ac55292ec1305ce,False,fixed_penalties,9af259c7c11070904d80dd5a1cf0aa0da21ced9d0dbd802897cb5a76fff6647c
RC104,solomon_txt,d150b2d61049a488fb89a2320c197d81a7ef9a1864abbbaea1d13a2b451253ee,1,1,ok,True,11,1562160,1562.16,0.070613,0.500325,3,time_limit,solomon_exact_1000_v1,,,,,,0.5,,,,25,153657d31d0a2c73de1efecde91d561f2bc3385b7604e2cb6ac55292ec1305ce,False,fixed_penalties,9af259c7c11070904d80dd5a1cf0aa0da21ced9d0dbd802897cb5a76fff6647c
RC104,solomon_txt,d150b2d61049a488fb89a2320c197d81a7ef9a1864abbbaea1d13a2b451253ee,2,1,ok,True,11,1316206,1316.206,0.067272,0.500354,2,time_limit,solomon_exact_1000_v1,,,,,,0.5,,,,25,153657d31d0a2c73de1efecde91d561f2bc3385b7604e2cb6ac55292ec1305ce,False,fixed_penalties,9af259c7c11070904d80dd5a1cf0aa0da21ced9d0dbd802897cb5a76fff6647c
RC105,solomon_txt,b9e912625c1ed80d2f565e0799ade2f4b17bf4f95056322ca23f1a21b37e7a49,0,1,ok,True,14,1995938,1995.938,0.057903,0.500346,2,time_limit,solomon_exact_1000_v1,,,,,,0.5,,,,25,153657d31d0a2c73de1efecde91d561f2bc3385b7604e2cb6ac55292ec1305ce,False,fixed_penalties,9af259c7c11070904d80dd5a1cf0aa0da21ced9d0dbd802897cb5a76fff6647c
RC105,solomon_txt,b9e912625c1ed80d2f565e0799ade2f4b17bf4f95056322ca23f1a21b37e7a49,1,1,ok,True,15,2061802,2061.802,0.058735,0.500324,2,time_limit,solomon_exact_1000_v1,,,,,,0.5,,,,25,153657d31d0a2c73de1efecde91d561f2bc3385b7604e2cb6ac55292ec1305ce,False,fixed_penalties,9af259c7c11070904d80dd5a1cf0aa0da21ced9d0dbd802897cb5a76fff6647c
RC105,solomon_txt,b9e912625c1ed80d2f565e0799ade2f4b17bf4f95056322ca23f1a21b37e7a49,2,1,ok,True,15,1864866,1864.866,0.062128,0.500331,4,time_limit,solomon_exact_1000_v1,,,,,,0.5,,,,25,153657d31d0a2c73de1efecde91d561f2bc3385b7604e2cb6ac55292ec1305ce,False,fixed_penalties,9af259c7c11070904d80dd5a1cf0aa0da21ced9d0dbd802897cb5a76fff6647c
RC106,solomon_txt,bf016ffc567af2d108570357daf1d0cabb7f680c0bd977d2e4366787683fdbaf,0,1,ok,True,14,1681259,1681.259,0.056727,0.500352,2,time_limit,solomon_exact_1000_v1,,,,,,0.5,,,,25,153657d31d0a2c73de1efecde91d561f2bc3385b7604e2cb6ac55292ec1305ce,False,fixed_penalties,9af259c7c11070904d80dd5a1cf0aa0da21ced9d0dbd802897cb5a76fff6647c
RC106,solomon_txt,bf016ffc567af2d108570357daf1d0cabb7f680c0bd977d2e4366787683fdbaf,1,1,ok,True,13,1679980,1679.98,0.062911,0.500331,3,time_limit,solomon_exact_1000_v1,,,,,,0.5,,,,25,153657d31d0a2c73de1efecde91d561f2bc3385b7604e2cb6ac55292ec1305ce,False,fixed_penalties,9af259c7c11070904d80dd5a1cf0aa0da21ced9d0dbd802897cb5a76fff6647c
RC106,solomon_txt,bf016ffc567af2d108570357daf1d0cabb7f680c0bd977d2e4366787683fdbaf,2,1,ok,True,14,1788431,1788.431,0.057376,0.500368,4,time_limit,solomon_exact_1000_v1,,,,,,0.5,,,,25,153657d31d0a2c73de1efecde91d561f2bc3385b7604e2cb6ac55292ec1305ce,False,fixed_penalties,9af259c7c11070904d80dd5a1cf0aa0da21ced9d0dbd802897cb5a76fff6647c
RC107,solomon_txt,fff3fd68d110671ed442575f07cc547291586f30b00c5f73934d521d31311582,0,1,ok,True,13,1705395,1705.395,0.060851,0.500328,4,time_limit,solomon_exact_1000_v1,,,,,,0.5,,,,25,153657d31d0a2c73de1efecde91d561f2bc3385b7604e2cb6ac55292ec1305ce,False,fixed_penalties,9af259c7c11070904d80dd5a1cf0aa0da21ced9d0dbd802897cb5a76fff6647c
RC107,solomon_txt,fff3fd68d110671ed442575f07cc547291586f30b00c5f73934d521d31311582,1,1,ok,True,13,1864372,1864.372,0.061175,0.50045,6,time_limit,solomon_exact_1000_v1,,,,,,0.5,,,,25,153657d31d0a2c73de1efecde91d561f2bc3385b7604e2cb6ac55292ec1305ce,False,fixed_penalties,9af259c7c11070904d80dd5a1cf0aa0da21ced9d0dbd802897cb5a76fff6647c
RC107,solomon_txt,fff3fd68d110671ed442575f07cc547291586f30b00c5f73934d521d31311582,2,1,ok,True,13,1859235,1859.235,0.061742,0.500351,5,time_limit,solomon_exact_1000_v1,,,,,,0.5,,,,25,153657d31d0a2c73de1efecde91d561f2bc3385b7604e2cb6ac55292ec1305ce,False,fixed_penalties,9af259c7c11070904d80dd5a1cf0aa0da21ced9d0dbd802897cb5a76fff6647c
RC108,solomon_txt,006bc8817bf09f9a8c66af8d6f088bdec239b2eb435556e9d11193cf456f7aeb,0,1,ok,True,12,1623966,1623.966,0.061164,0.500344,3,time_limit,solomon_exact_1000_v1,,,,,,0.5,,,,25,153657d31d0a2c73de1efecde91d561f2bc3385b7604e2cb6ac55292ec1305ce,False,fixed_penalties,9af259c7c11070904d80dd5a1cf0aa0da21ced9d0dbd802897cb5a76fff6647c
RC108,solomon_txt,006bc8817bf09f9a8c66af8d6f088bdec239b2eb435556e9d11193cf456f7aeb,1,1,ok,True,12,1623772,1623.772,0.065698,0.500295,3,time_limit,solomon_exact_1000_v1,,,,,,0.5,,,,25,153657d31d0a2c73de1efecde91d561f2bc3385b7604e2cb6ac55292ec1305ce,False,fixed_penalties,9af259c7c11070904d80dd5a1cf0aa0da21ced9d0dbd802897cb5a76fff6647c
RC108,solomon_txt,006bc8817bf09f9a8c66af8d6f088bdec239b2eb435556e9d11193cf456f7aeb,2,1,ok,True,12,1604346,1604.346,0.063877,0.500317,4,time_limit,solomon_exact_1000_v1,,,,,,0.5,,,,25,153657d31d0a2c73de1efecde91d561f2bc3385b7604e2cb6ac55292ec1305ce,False,fixed_penalties,9af259c7c11070904d80dd5a1cf0aa0da21ced9d0dbd802897cb5a76fff6647c
RC201,solomon_txt,288836e2d8c2ace83ebbff77e03ac8cdffc574fc134cade21ef92713f8c52d44,0,1,ok,True,5,2429811,2429.811,0.129305,0.500297,3,time_limit,solomon_exact_1000_v1,,,,,,0.5,,,,25,153657d31d0a2c73de1efecde91d561f2bc3385b7604e2cb6ac55292ec1305ce,False,fixed_penalties,9af259c7c11070904d80dd5a1cf0aa0da21ced9d0dbd802897cb5a76fff6647c
RC201,solomon_txt,288836e2d8c2ace83ebbff77e03ac8cdffc574fc134cade21ef92713f8c52d44,1,1,ok,True,5,2396597,2396.597,0.124042,0.500295,3,time_limit,solomon_exact_1000_v1,,,,,,0.5,,,,25,153657d31d0a2c73de1efecde91d561f2bc3385b7604e2cb6ac55292ec1305ce,False,fixed_penalties,9af259c7c11070904d80dd5a1cf0aa0da21ced9d0dbd802897cb5a76fff6647c
RC201,solomon_txt,288836e2d8c2ace83ebbff77e03ac8cdffc574fc134cade21ef92713f8c52d44,2,1,ok,True,5,2327126,2327.126,0.129968,0.500288,3,time_limit,solomon_exact_1000_v1,,,,,,0.5,,,,25,153657d31d0a2c73de1efecde91d561f2bc3385b7604e2cb6ac55292ec1305ce,False,fixed_penalties,9af259c7c11070904d80dd5a1cf0aa0da21ced9d0dbd802897cb5a76fff6647c
RC202,solomon_txt,5a1dee2017ab0ca4fe280b392678c96e8b5bc71f22d02c8058fbde7c4cfebcf4,0,1,ok,True,4,1799096,1799.096,0.123729,0.500291,2,time_limit,solomon_exact_1000_v1,,,,,,0.5,,,,25,153657d31d0a2c73de1efecde91d561f2bc3385b7604e2cb6ac55292ec1305ce,False,fixed_penalties,9af259c7c11070904d80dd5a1cf0aa0da21ced9d0dbd802897cb5a76fff6647c
RC202,solomon_txt,5a1dee2017ab0ca4fe280b392678c96e8b5bc71f22d02c8058fbde7c4cfebcf4,1,1,ok,True,4,1818035,1818.035,0.120707,0.500289,2,time_limit,solomon_exact_1000_v1,,,,,,0.5,,,,25,153657d31d0a2c73de1efecde91d561f2bc3385b7604e2cb6ac55292ec1305ce,False,fixed_penalties,9af259c7c11070904d80dd5a1cf0aa0da21ced9d0dbd802897cb5a76fff6647c
RC202,solomon_txt,5a1dee2017ab0ca4fe280b392678c96e8b5bc71f22d02c8058fbde7c4cfebcf4,2,1,ok,True,4,1619243,1619.243,0.119799,0.500278,2,time_limit,solomon_exact_1000_v1,,,,,,0.5,,,,25,153657d31d0a2c73de1efecde91d561f2bc3385b7604e2cb6ac55292ec1305ce,False,fixed_penalties,9af259c7c11070904d80dd5a1cf0aa0da21ced9d0dbd802897cb5a76fff6647c
RC203,solomon_txt,4adcb362c23df91f14b828d4964e9383ffb02ee74217afc2d84571f83ed91f8b,0,1,ok,True,3,1211454,1211.454,0.130561,0.500332,1,time_limit,solomon_exact_1000_v1,,,,,,0.5,,,,25,153657d31d0a2c73de1efecde91d561f2bc3385b7604e2cb6ac55292ec1305ce,False,fixed_penalties,9af259c7c11070904d80dd5a1cf0aa0da21ced9d0dbd802897cb5a76fff6647c
RC203,solomon_txt,4adcb362c23df91f14b828d4964e9383ffb02ee74217afc2d84571f83ed91f8b,1,1,ok,True,3,1526236,1526.236,0.122784,0.500295,1,time_limit,solomon_exact_1000_v1,,,,,,0.5,,,,25,153657d31d0a2c73de1efecde91d561f2bc3385b7604e2cb6ac55292ec1305ce,False,fixed_penalties,9af259c7c11070904d80dd5a1cf0aa0da21ced9d0dbd802897cb5a76fff6647c
RC203,solomon_txt,4adcb362c23df91f14b828d4964e9383ffb02ee74217afc2d84571f83ed91f8b,2,1,ok,True,3,1516613,1516.613,0.122195,0.500318,1,time_limit,solomon_exact_1000_v1,,,,,,0.5,,,,25,153657d31d0a2c73de1efecde91d561f2bc3385b7604e2cb6ac55292ec1305ce,False,fixed_penalties,9af259c7c11070904d80dd5a1cf0aa0da21ced9d0dbd802897cb5a76fff6647c
RC204,solomon_txt,11e827eab51a959ebab66344e7b7cfd1aeed895287653b36a72c86a4440ecd77,0,1,ok,True,3,1492499,1492.499,0.190786,0.500277,2,time_limit,solomon_exact_1000_v1,,,,,,0.5,,,,25,153657d31d0a2c73de1efecde91d561f2bc3385b7604e2cb6ac55292ec1305ce,False,fixed_penalties,9af259c7c11070904d80dd5a1cf0aa0da21ced9d0dbd802897cb5a76fff6647c
RC204,solomon_txt,11e827eab51a959ebab66344e7b7cfd1aeed895287653b36a72c86a4440ecd77,1,1,ok,True,3,1482620,1482.62,0.1899,0.500291,2,time_limit,solomon_exact_1000_v1,,,,,,0.5,,,,25,153657d31d0a2c73de1efecde91d561f2bc3385b7604e2cb6ac55292ec1305ce,False,fixed_penalties,9af259c7c11070904d80dd5a1cf0aa0da21ced9d0dbd802897cb5a76fff6647c
RC204,solomon_txt,11e827eab51a959ebab66344e7b7cfd1aeed895287653b36a72c86a4440ecd77,2,1,ok,True,3,1485242,1485.242,0.190442,0.500295,2,time_limit,solomon_exact_1000_v1,,,,,,0.5,,,,25,153657d31d0a2c73de1efecde91d561f2bc3385b7604e2cb6ac55292ec1305ce,False,fixed_penalties,9af259c7c11070904d80dd5a1cf0aa0da21ced9d0dbd802897cb5a76fff6647c
RC205,solomon_txt,c061d306cf42310b0f3ca15612089f6c5a8d5604c0733bf26852477c787662c9,0,1,ok,True,4,1959415,1959.415,0.140569,0.500337,1,time_limit,solomon_exact_1000_v1,,,,,,0.5,,,,25,153657d31d0a2c73de1efecde91d561f2bc3385b7604e2cb6ac55292ec1305ce,False,fixed_penalties,9af259c7c11070904d80dd5a1cf0aa0da21ced9d0dbd802897cb5a76fff6647c
RC205,solomon_txt,c061d306cf42310b0f3ca15612089f6c5a8d5604c0733bf26852477c787662c9,1,1,ok,True,4,2003798,2003.798,0.137496,0.500306,1,time_limit,solomon_exact_1000_v1,,,,,,0.5,,,,25,153657d31d0a2c73de1efecde91d561f2bc3385b7604e2cb6ac55292ec1305ce,False,fixed_penalties,9af259c7c11070904d80dd5a1cf0aa0da21ced9d0dbd802897cb5a76fff6647c
RC205,solomon_txt,c061d306cf42310b0f3ca15612089f6c5a8d5604c0733bf26852477c787662c9,2,1,ok,True,4,2034157,2034.157,0.134582,0.500299,2,time_limit,solomon_exact_1000_v1,,,,,,0.5,,,,25,153657d31d0a2c73de1efecde91d561f2bc3385b7604e2cb6ac55292ec1305ce,False,fixed_penalties,9af259c7c11070904d80dd5a1cf0aa0da21ced9d0dbd802897cb5a76fff6647c
RC206,solomon_txt,5203aecf67c84df49e152645312a837ffefde529314ff892ca061538816e43a9,0,1,ok,True,4,1911298,1911.298,0.136803,0.500326,2,time_limit,solomon_exact_1000_v1,,,,,,0.5,,,,25,153657d31d0a2c73de1efecde91d561f2bc3385b7604e2cb6ac55292ec1305ce,False,fixed_penalties,9af259c7c11070904d80dd5a1cf0aa0da21ced9d0dbd802897cb5a76fff6647c
RC206,solomon_txt,5203aecf67c84df49e152645312a837ffefde529314ff892ca061538816e43a9,1,1,ok,True,4,1755982,1755.982,0.132813,0.50029,1,time_limit,solomon_exact_1000_v1,,,,,,0.5,,,,25,153657d31d0a2c73de1efecde91d561f2bc3385b7604e2cb6ac55292ec1305ce,False,fixed_penalties,9af259c7c11070904d80dd5a1cf0aa0da21ced9d0dbd802897cb5a76fff6647c
RC206,solomon_txt,5203aecf67c84df49e152645312a837ffefde529314ff892ca061538816e43a9,2,1,ok,True,4,1725004,1725.004,0.134659,0.500308,2,time_limit,solomon_exact_1000_v1,,,,,,0.5,,,,25,153657d31d0a2c73de1efecde91d561f2bc3385b7604e2cb6ac55292ec1305ce,False,fixed_penalties,9af259c7c11070904d80dd5a1cf0aa0da21ced9d0dbd802897cb5a76fff6647c
RC207,solomon_txt,5cab65f99b350cdb8fb1c4d0a12dde85eb4ff6a6d6daf292b182cb73de9a8b63,0,1,ok,True,4,1907431,1907.431,0.144458,0.500267,2,time_limit,solomon_exact_1000_v1,,,,,,0.5,,,,25,153657d31d0a2c73de1efecde91d561f2bc3385b7604e2cb6ac55292ec1305ce,False,fixed_penalties,9af259c7c11070904d80dd5a1cf0aa0da21ced9d0dbd802897cb5a76fff6647c
RC207,solomon_txt,5cab65f99b350cdb8fb1c4d0a12dde85eb4ff6a6d6daf292b182cb73de9a8b63,1,1,ok,True,3,1398319,1398.319,0.150582,0.500308,1,time_limit,solomon_exact_1000_v1,,,,,,0.5,,,,25,153657d31d0a2c73de1efecde91d561f2bc3385b7604e2cb6ac55292ec1305ce,False,fixed_penalties,9af259c7c11070904d80dd5a1cf0aa0da21ced9d0dbd802897cb5a76fff6647c
RC207,solomon_txt,5cab65f99b350cdb8fb1c4d0a12dde85eb4ff6a6d6daf292b182cb73de9a8b63,2,1,ok,True,4,1678672,1678.672,0.147727,0.500271,3,time_limit,solomon_exact_1000_v1,,,,,,0.5,,,,25,153657d31d0a2c73de1efecde91d561f2bc3385b7604e2cb6ac55292ec1305ce,False,fixed_penalties,9af259c7c11070904d80dd5a1cf0aa0da21ced9d0dbd802897cb5a76fff6647c
RC208,solomon_txt,3d67d2a8e2758a324643f5d6c6ca87e8c56435273eaa04be33f213bb991f1f28,0,1,ok,True,3,1365201,1365.201,0.148659,0.500324,1,time_limit,solomon_exact_1000_v1,,,,,,0.5,,,,25,153657d31d0a2c73de1efecde91d561f2bc3385b7604e2cb6ac55292ec1305ce,False,fixed_penalties,9af259c7c11070904d80dd5a1cf0aa0da21ced9d0dbd802897cb5a76fff6647c
RC208,solomon_txt,3d67d2a8e2758a324643f5d6c6ca87e8c56435273eaa04be33f213bb991f1f28,1,1,ok,True,3,1440488,1440.488,0.148268,0.50028,2,time_limit,solomon_exact_1000_v1,,,,,,0.5,,,,25,153657d31d0a2c73de1efecde91d561f2bc3385b7604e2cb6ac55292ec1305ce,False,fixed_penalties,9af259c7c11070904d80dd5a1cf0aa0da21ced9d0dbd802897cb5a76fff6647c
RC208,solomon_txt,3d67d2a8e2758a324643f5d6c6ca87e8c56435273eaa04be33f213bb991f1f28,2,1,ok,True,3,1511844,1511.844,0.148142,0.500279,2,time_limit,solomon_exact_1000_v1,,,,,,0.5,,,,25,153657d31d0a2c73de1efecde91d561f2bc3385b7604e2cb6ac55292ec1305ce,False,fixed_penalties,9af259c7c11070904d80dd5a1cf0aa0da21ced9d0dbd802897cb5a76fff6647c
C101,solomon_txt,a6da75152d182d60ecd2c6f854296f5be452f92282d096adebcf5d99a7f16516,0,1,ok,True,10,828937,828.937,0.068123,0.500331,1,time_limit,solomon_exact_1000_v1,,,,,,0.5,,,,25,153657d31d0a2c73de1efecde91d561f2bc3385b7604e2cb6ac55292ec1305ce,False,adaptive_penalties,0244e8dcb37436dea3ffae902c4faec9e36db3233d721500a9279a4ecd5f4d10
C101,solomon_txt,a6da75152d182d60ecd2c6f854296f5be452f92282d096adebcf5d99a7f16516,1,1,ok,True,10,828937,828.937,0.065592,0.500332,2,time_limit,solomon_exact_1000_v1,,,,,,0.5,,,,25,153657d31d0a2c73de1efecde91d561f2bc3385b7604e2cb6ac55292ec1305ce,False,adaptive_penalties,0244e8dcb37436dea3ffae902c4faec9e36db3233d721500a9279a4ecd5f4d10
C101,solomon_txt,a6da75152d182d60ecd2c6f854296f5be452f92282d096adebcf5d99a7f16516,2,1,ok,True,10,828937,828.937,0.067616,0.500303,2,time_limit,solomon_exact_1000_v1,,,,,,0.5,,,,25,153657d31d0a2c73de1efecde91d561f2bc3385b7604e2cb6ac55292ec1305ce,False,adaptive_penalties,0244e8dcb37436dea3ffae902c4faec9e36db3233d721500a9279a4ecd5f4d10
C102,solomon_txt,f89a0e2a760cc7448a4ca72b88e5b29b94d64b5548f3320f42a6230025ead653,0,1,ok,True,10,1203443,1203.443,0.07302,0.500305,4,time_limit,solomon_exact_1000_v1,,,,,,0.5,,,,25,153657d31d0a2c73de1efecde91d561f2bc3385b7604e2cb6ac55292ec1305ce,False,adaptive_penalties,0244e8dcb37436dea3ffae902c4faec9e36db3233d721500a9279a4ecd5f4d10
C102,solomon_txt,f89a0e2a760cc7448a4ca72b88e5b29b94d64b5548f3320f42a6230025ead653,1,1,ok,True,10,1060624,1060.624,0.074456,0.500284,3,time_limit,solomon_exact_1000_v1,,,,,,0.5,,,,25,153657d31d0a2c73de1efecde91d561f2bc3385b7604e2cb6ac55292ec1305ce,False,adaptive_penalties,0244e8dcb37436dea3ffae902c4faec9e36db3233d721500a9279a4ecd5f4d10
C102,solomon_txt,f89a0e2a760cc7448a4ca72b88e5b29b94d64b5548f3320f42a6230025ead653,2,1,ok,True,10,1018628,1018.628,0.069332,0.500292,5,time_limit,solomon_exact_1000_v1,,,,,,0.5,,,,25,153657d31d0a2c73de1efecde91d561f2bc3385b7604e2cb6ac55292ec1305ce,False,adaptive_penalties,0244e8dcb37436dea3ffae902c4faec9e36db3233d721500a9279a4ecd5f4d10
C103,solomon_txt,a55cabf15e0da9d65696a5fb45c9852889479893f76f772a428ca15d1b415a51,0,1,ok,True,10,1631343,1631.343,0.080585,0.500279,6,time_limit,solomon_exact_1000_v1,,,,,,0.5,,,,25,153657d31d0a2c73de1efecde91d561f2bc3385b7604e2cb6ac55292ec1305ce,False,adaptive_penalties,0244e8dcb37436dea3ffae902c4faec9e36db3233d721500a9279a4ecd5f4d10
C103,solomon_txt,a55cabf15e0da9d65696a5fb45c9852889479893f76f772a428ca15d1b415a51,1,1,ok,True,10,1482963,1482.963,0.076464,0.500315,8,time_limit,solomon_exact_1000_v1,,,,,,0.5,,,,25,153657d31d0a2c73de1efecde91d561f2bc3385b7604e2cb6ac55292ec1305ce,False,adaptive_penalties,0244e8dcb37436dea3ffae902c4faec9e36db3233d721500a9279a4ecd5f4d10
C103,solomon_txt,a55cabf15e0da9d65696a5fb45c9852889479893f76f772a428ca15d1b415a51,2,1,ok,True,10,1489100,1489.1,0.080349,0.500282,7,time_limit,solomon_exact_1000_v1,,,,,,0.5,,,,25,153657d31d0a2c73de1efecde91d561f2bc3385b7604e2cb6ac55292ec1305ce,False,adaptive_penalties,0244e8dcb37436dea3ffae902c4faec9e36db3233d721500a9279a4ecd5f4d10
C104,solomon_txt,fe333e81625ee5a75bb2ce98c2c9f356d07289237865b62a23ba2f32f0de5ee2,0,1,ok,True,10,1400610,1400.61,0.080171,0.500327,10,time_limit,solomon_exact_1000_v1,,,,,,0.5,,,,25,153657d31d0a2c73de1efecde91d561f2bc3385b7604e2cb6ac55292ec1305ce,False,adaptive_penalties,0244e8dcb37436dea3ffae902c4faec9e36db3233d721500a9279a4ecd5f4d10
C104,solomon_txt,fe333e81625ee5a75bb2ce98c2c9f356d07289237865b62a23ba2f32f0de5ee2,1,1,ok,True,10,2014949,2014.949,0.08373,0.500293,8,time_limit,solomon_exact_1000_v1,,,,,,0.5,,,,25,153657d31d0a2c73de1efecde91d561f2bc3385b7604e2cb6ac55292ec1305ce,False,adaptive_penalties,0244e8dcb37436dea3ffae902c4faec9e36db3233d721500a9279a4ecd5f4d10
C104,solomon_txt,fe333e81625ee5a75bb2ce98c2c9f356d07289237865b62a23ba2f32f0de5ee2,2,1,ok,True,10,1306991,1306.991,0.080531,0.500343,10,time_limit,solomon_exact_1000_v1,,,,,,0.5,,,,25,153657d31d0a2c73de1efecde91d561f2bc3385b7604e2cb6ac55292ec1305ce,False,adaptive_penalties,0244e8dcb37436dea3ffae902c4faec9e36db3233d721500a9279a4ecd5f4d10
C105,solomon_txt,9a877a3a6fb922e7ad9297cc0308bc8a5652cb1495a0228ee6b81b2d938aa29f,0,1,ok,True,10,945085,945.085,0.067737,0.500331,2,time_limit,solomon_exact_1000_v1,,,,,,0.5,,,,25,153657d31d0a2c73de1efecde91d561f2bc3385b7604e2cb6ac55292ec1305ce,False,adaptive_penalties,0244e8dcb37436dea3ffae902c4faec9e36db3233d721500a9279a4ecd5f4d10
C105,solomon_txt,9a877a3a6fb922e7ad9297cc0308bc8a5652cb1495a0228ee6b81b2d938aa29f,1,1,ok,True,10,886161,886.161,0.070724,0.500547,2,time_limit,solomon_exact_1000_v1,,,,,,0.5,,,,25,153657d31d0a2c73de1efecde91d561f2bc3385b7604e2cb6ac55292ec1305ce,False,adaptive_penalties,0244e8dcb37436dea3ffae902c4faec9e36db3233d721500a9279a4ecd5f4d10
C105,solomon_txt,9a877a3a6fb922e7ad9297cc0308bc8a5652cb1495a0228ee6b81b2d938aa29f,2,1,ok,True,10,914011,914.011,0.067417,0.50033,1,time_limit,solomon_exact_1000_v1,,,,,,0.5,,,,25,153657d31d0a2c73de1efecde91d561f2bc3385b7604e2cb6ac55292ec1305ce,False,adaptive_penalties,0244e8dcb37436dea3ffae902c4faec9e36db3233d721500a9279a4ecd5f4d10
C106,solomon_txt,ec9b419bed53e9c607cce76e8c6bc59feb6e4d17646905601f008a4141ec7b40,0,1,ok,True,10,1022288,1022.288,0.06768,0.500302,2,time_limit,solomon_exact_1000_v1,,,,,,0.5,,,,25,153657d31d0a2c73de1efecde91d561f2bc3385b7604e2cb6ac55292ec1305ce,False,adaptive_penalties,0244e8dcb37436dea3ffae902c4faec9e36db3233d721500a9279a4ecd5f4d10
C106,solomon_txt,ec9b419bed53e9c607cce76e8c6bc59feb6e4d17646905601f008a4141ec7b40,1,1,ok,True,10,939048,939.048,0.064709,0.500398,3,time_limit,solomon_exact_1000_v1,,,,,,0.5,,,,25,153657d31d0a2c73de1efecde91d561f2bc3385b7604e2cb6ac55292ec1305ce,False,adaptive_penalties,0244e8dcb37436dea3ffae902c4faec9e36db3233d721500a9279a4ecd5f4d10
C106,solomon_txt,ec9b419bed53e9c607cce76e8c6bc59feb6e4d17646905601f008a4141ec7b40,2,1,ok,True,10,1081917,1081.917,0.064482,0.500346,1,time_limit,solomon_exact_1000_v1,,,,,,0.5,,,,25,153657d31d0a2c73de1efecde91d561f2bc3385b7604e2cb6ac55292ec1305ce,False,adaptive_penalties,0244e8dcb37436dea3ffae902c4faec9e36db3233d721500a9279a4ecd5f4d10
C107,solomon_txt,cb3cdc10d812fa17370eb52cb753b6b0574426dc6fabeb8b9076ed750ddf05ca,0,1,ok,True,10,1277707,1277.707,0.072103,0.500316,3,time_limit,solomon_exact_1000_v1,,,,,,0.5,,,,25,153657d31d0a2c73de1efecde91d561f2bc3385b7604e2cb6ac55292ec1305ce,False,adaptive_penalties,0244e8dcb37436dea3ffae902c4faec9e36db3233d721500a9279a4ecd5f4d10
C107,solomon_txt,cb3cdc10d812fa17370eb52cb753b6b0574426dc6fabeb8b9076ed750ddf05ca,1,1,ok,True,10,1005287,1005.287,0.072645,0.500311,2,time_limit,solomon_exact_1000_v1,,,,,,0.5,,,,25,153657d31d0a2c73de1efecde91d561f2bc3385b7604e2cb6ac55292ec1305ce,False,adaptive_penalties,0244e8dcb37436dea3ffae902c4faec9e36db3233d721500a9279a4ecd5f4d10
C107,solomon_txt,cb3cdc10d812fa17370eb52cb753b6b0574426dc6fabeb8b9076ed750ddf05ca,2,1,ok,True,10,948993,948.993,0.07348,0.500291,2,time_limit,solomon_exact_1000_v1,,,,,,0.5,,,,25,153657d31d0a2c73de1efecde91d561f2bc3385b7604e2cb6ac55292ec1305ce,False,adaptive_penalties,0244e8dcb37436dea3ffae902c4faec9e36db3233d721500a9279a4ecd5f4d10
C108,solomon_txt,b8c7e48f292b66b283d8e71511e3a4eccaa4c4bc66b9313c399e73b0226f5953,0,1,ok,True,10,1389789,1389.789,0.071727,0.500343,3,time_limit,solomon_exact_1000_v1,,,,,,0.5,,,,25,153657d31d0a2c73de1efecde91d561f2bc3385b7604e2cb6ac55292ec1305ce,False,adaptive_penalties,0244e8dcb37436dea3ffae902c4faec9e36db3233d721500a9279a4ecd5f4d10
C108,solomon_txt,b8c7e48f292b66b283d8e71511e3a4eccaa4c4bc66b9313c399e73b0226f5953,1,1,ok,True,10,1563247,1563.247,0.066149,0.500299,5,time_limit,solomon_exact_1000_v1,,,,,,0.5,,,,25,153657d31d0a2c73de1efecde91d561f2bc3385b7604e2cb6ac55292ec1305ce,False,adaptive_penalties,0244e8dcb37436dea3ffae902c4faec9e36db3233d721500a9279a4ecd5f4d10
C108,solomon_txt,b8c7e48f292b66b283d8e71511e3a4eccaa4c4bc66b9313c399e73b0226f5953,2,1,ok,True,10,1103084,1103.084,0.0675,0.500308,4,time_limit,solomon_exact_1000_v1,,,,,,0.5,,,,25,153657d31d0a2c73de1efecde91d561f2bc3385b7604e2cb6ac55292ec1305ce,False,adaptive_penalties,0244e8dcb37436dea3ffae902c4faec9e36db3233d721500a9279a4ecd5f4d10
C109,solomon_txt,72d8489e14bf1bb18456f0b21b01110506cbcc2354719dae8481b480150f142a,0,1,ok,True,10,1493533,1493.533,0.072732,0.500359,7,time_limit,solomon_exact_1000_v1,,,,,,0.5,,,,25,153657d31d0a2c73de1efecde91d561f2bc3385b7604e2cb6ac55292ec1305ce,False,adaptive_penalties,0244e8dcb37436dea3ffae902c4faec9e36db3233d721500a9279a4ecd5f4d10
C109,solomon_txt,72d8489e14bf1bb18456f0b21b01110506cbcc2354719dae8481b480150f142a,1,1,ok,True,10,1593741,1593.741,0.076384,0.500324,7,time_limit,solomon_exact_1000_v1,,,,,,0.5,,,,25,153657d31d0a2c73de1efecde91d561f2bc3385b7604e2cb6ac55292ec1305ce,False,adaptive_penalties,0244e8dcb37436dea3ffae902c4faec9e36db3233d721500a9279a4ecd5f4d10
C109,solomon_txt,72d8489e14bf1bb18456f0b21b01110506cbcc2354719dae8481b480150f142a,2,1,ok,True,10,1195950,1195.95,0.074051,0.500309,9,time_limit,solomon_exact_1000_v1,,,,,,0.5,,,,25,153657d31d0a2c73de1efecde91d561f2bc3385b7604e2cb6ac55292ec1305ce,False,adaptive_penalties,0244e8dcb37436dea3ffae902c4faec9e36db3233d721500a9279a4ecd5f4d10
C201,solomon_txt,d8d9834087ae2326fa23a8510533060233dc9fb481873be60956eb26a880ad63,0,1,ok,True,3,704252,704.252,0.183591,0.500334,1,time_limit,solomon_exact_1000_v1,,,,,,0.5,,,,25,153657d31d0a2c73de1efecde91d561f2bc3385b7604e2cb6ac55292ec1305ce,False,adaptive_penalties,0244e8dcb37436dea3ffae902c4faec9e36db3233d721500a9279a4ecd5f4d10
C201,solomon_txt,d8d9834087ae2326fa23a8510533060233dc9fb481873be60956eb26a880ad63,1,1,ok,True,3,704252,704.252,0.18987,0.500334,1,time_limit,solomon_exact_1000_v1,,,,,,0.5,,,,25,153657d31d0a2c73de1efecde91d561f2bc3385b7604e2cb6ac55292ec1305ce,False,adaptive_penalties,0244e8dcb37436dea3ffae902c4faec9e36db3233d721500a9279a4ecd5f4d10
C201,solomon_txt,d8d9834087ae2326fa23a8510533060233dc9fb481873be60956eb26a880ad63,2,1,ok,True,3,704252,704.252,0.178859,0.500337,1,time_limit,solomon_exact_1000_v1,,,,,,0.5,,,,25,153657d31d0a2c73de1efecde91d561f2bc3385b7604e2cb6ac55292ec1305ce,False,adaptive_penalties,0244e8dcb37436dea3ffae902c4faec9e36db3233d721500a9279a4ecd5f4d10
C202,solomon_txt,dfc8ecad79f6c7ffb096cd36994143569f0babe284d5ad194683271d81063772,0,1,ok,True,3,728271,728.271,0.174546,0.500314,1,time_limit,solomon_exact_1000_v1,,,,,,0.5,,,,25,153657d31d0a2c73de1efecde91d561f2bc3385b7604e2cb6ac55292ec1305ce,False,adaptive_penalties,0244e8dcb37436dea3ffae902c4faec9e36db3233d721500a9279a4ecd5f4d10
C202,solomon_txt,dfc8ecad79f6c7ffb096cd36994143569f0babe284d5ad194683271d81063772,1,1,ok,True,3,724988,724.988,0.173852,0.500312,1,time_limit,solomon_exact_1000_v1,,,,,,0.5,,,,25,153657d31d0a2c73de1efecde91d561f2bc3385b7604e2cb6ac55292ec1305ce,False,adaptive_penalties,0244e8dcb37436dea3ffae902c4faec9e36db3233d721500a9279a4ecd5f4d10
C202,solomon_txt,dfc8ecad79f6c7ffb096cd36994143569f0babe284d5ad194683271d81063772,2,1,ok,True,3,724988,724.988,0.181895,0.500322,1,time_limit,solomon_exact_1000_v1,,,,,,0.5,,,,25,153657d31d0a2c73de1efecde91d561f2bc3385b7604e2cb6ac55292ec1305ce,False,adaptive_penalties,0244e8dcb37436dea3ffae902c4faec9e36db3233d721500a9279a4ecd5f4d10
C203,solomon_txt,2b79eea2962a848cb29f6153d4fb4ae725d35507686d937da6643b33fcd85062,0,1,ok,True,3,632006,632.006,0.163557,0.500305,1,time_limit,solomon_exact_1000_v1,,,,,,0.5,,,,25,153657d31d0a2c73de1efecde91d561f2bc3385b7604e2cb6ac55292ec1305ce,False,adaptive_penalties,0244e8dcb37436dea3ffae902c4faec9e36db3233d721500a9279a4ecd5f4d10
C203,solomon_txt,2b79eea2962a848cb29f6153d4fb4ae725d35507686d937da6643b33fcd85062,1,1,ok,True,3,716777,716.777,0.170415,0.500304,1,time_limit,solomon_exact_1000_v1,,,,,,0.5,,,,25,153657d31d0a2c73de1efecde91d561f2bc3385b7604e2cb6ac55292ec1305ce,False,adaptive_penalties,0244e8dcb37436dea3ffae902c4faec9e36db3233d721500a9279a4ecd5f4d10
C203,solomon_txt,2b79eea2962a848cb29f6153d4fb4ae725d35507686d937da6643b33fcd85062,2,1,ok,True,3,670577,670.577,0.171832,0.500333,2,time_limit,solomon_exact_1000_v1,,,,,,0.5,,,,25,153657d31d0a2c73de1efecde91d561f2bc3385b7604e2cb6ac55292ec1305ce,False,adaptive_penalties,0244e8dcb37436dea3ffae902c4faec9e36db3233d721500a9279a4ecd5f4d10
C204,solomon_txt,4331b2744d34e32c2987e3fe8a82b782a2039d757d2aac818f7e0fd21117bfb4,0,1,ok,True,3,965970,965.97,0.190074,0.500327,1,time_limit,solomon_exact_1000_v1,,,,,,0.5,,,,25,153657d31d0a2c73de1efecde91d561f2bc3385b7604e2cb6ac55292ec1305ce,False,adaptive_penalties,0244e8dcb37436dea3ffae902c4faec9e36db3233d721500a9279a4ecd5f4d10
C204,solomon_txt,4331b2744d34e32c2987e3fe8a82b782a2039d757d2aac818f7e0fd21117bfb4,1,1,ok,True,3,780549,780.549,0.186841,0.500334,1,time_limit,solomon_exact_1000_v1,,,,,,0.5,,,,25,153657d31d0a2c73de1efecde91d561f2bc3385b7604e2cb6ac55292ec1305ce,False,adaptive_penalties,0244e8dcb37436dea3ffae902c4faec9e36db3233d721500a9279a4ecd5f4d10
C204,solomon_txt,4331b2744d34e32c2987e3fe8a82b782a2039d757d2aac818f7e0fd21117bfb4,2,1,ok,True,3,737060,737.06,0.184725,0.50032,1,time_limit,solomon_exact_1000_v1,,,,,,0.5,,,,25,153657d31d0a2c73de1efecde91d561f2bc3385b7604e2cb6ac55292ec1305ce,False,adaptive_penalties,0244e8dcb37436dea3ffae902c4faec9e36db3233d721500a9279a4ecd5f4d10
C205,solomon_txt,15be2bb8c3e4ad99a79d1e7ee0472223feb95a4f423d010e032bda0a87266ca5,0,1,ok,True,3,660260,660.26,0.160485,0.500311,2,time_limit,solomon_exact_1000_v1,,,,,,0.5,,,,25,153657d31d0a2c73de1efecde91d561f2bc3385b7604e2cb6ac55292ec1305ce,False,adaptive_penalties,0244e8dcb37436dea3ffae902c4faec9e36db3233d721500a9279a4ecd5f4d10
C205,solomon_txt,15be2bb8c3e4ad99a79d1e7ee0472223feb95a4f423d010e032bda0a87266ca5,1,1,ok,True,3,646850,646.85,0.159786,0.500366,2,time_limit,solomon_exact_1000_v1,,,,,,0.5,,,,25,153657d31d0a2c73de1efecde91d561f2bc3385b7604e2cb6ac55292ec1305ce,False,adaptive_penalties,0244e8dcb37436dea3ffae902c4faec9e36db3233d721500a9279a4ecd5f4d10
C205,solomon_txt,15be2bb8c3e4ad99a79d1e7ee0472223feb95a4f423d010e032bda0a87266ca5,2,1,ok,True,3,615656,615.656,0.157364,0.500294,2,time_limit,solomon_exact_1000_v1,,,,,,0.5,,,,25,153657d31d0a2c73de1efecde91d561f2bc3385b7604e2cb6ac55292ec1305ce,False,adaptive_penalties,0244e8dcb37436dea3ffae902c4faec9e36db3233d721500a9279a4ecd5f4d10
C206,solomon_txt,745b6c7042707ffbbfc4d681ee02a84431425f1dfb3c8aa85ecf003fec8f7e53,0,1,ok,True,3,638218,638.218,0.173764,0.500282,1,time_limit,solomon_exact_1000_v1,,,,,,0.5,,,,25,153657d31d0a2c73de1efecde91d561f2bc3385b7604e2cb6ac55292ec1305ce,False,adaptive_penalties,0244e8dcb37436dea3ffae902c4faec9e36db3233d721500a9279a4ecd5f4d10
C206,solomon_txt,745b6c7042707ffbbfc4d681ee02a84431425f1dfb3c8aa85ecf003fec8f7e53,1,1,ok,True,3,925417,925.417,0.17211,0.500319,2,time_limit,solomon_exact_1000_v1,,,,,,0.5,,,,25,153657d31d0a2c73de1efecde91d561f2bc3385b7604e2cb6ac55292ec1305ce,False,adaptive_penalties,0244e8dcb37436dea3ffae902c4faec9e36db3233d721500a9279a4ecd5f4d10
C206,solomon_txt,745b6c7042707ffbbfc4d681ee02a84431425f1dfb3c8aa85ecf003fec8f7e53,2,1,ok,True,3,660140,660.14,0.174734,0.500336,2,time_limit,solomon_exact_1000_v1,,,,,,0.5,,,,25,153657d31d0a2c73de1efecde91d561f2bc3385b7604e2cb6ac55292ec1305ce,False,adaptive_penalties,0244e8dcb37436dea3ffae902c4faec9e36db3233d721500a9279a4ecd5f4d10
C207,solomon_txt,a33f03570a944c8a6d185fd6a173e66c68e67c399a4958b2d5b6d49533ace4a4,0,1,ok,True,3,879191,879.191,0.182677,0.500297,2,time_limit,solomon_exact_1000_v1,,,,,,0.5,,,,25,153657d31d0a2c73de1efecde91d561f2bc3385b7604e2cb6ac55292ec1305ce,False,adaptive_penalties,0244e8dcb37436dea3ffae902c4faec9e36db3233d721500a9279a4ecd5f4d10
C207,solomon_txt,a33f03570a944c8a6d185fd6a173e66c68e67c399a4958b2d5b6d49533ace4a4,1,1,ok,True,3,853156,853.156,0.183326,0.500304,2,time_limit,solomon_exact_1000_v1,,,,,,0.5,,,,25,153657d31d0a2c73de1efecde91d561f2bc3385b7604e2cb6ac55292ec1305ce,False,adaptive_penalties,0244e8dcb37436dea3ffae902c4faec9e36db3233d721500a9279a4ecd5f4d10
C207,solomon_txt,a33f03570a944c8a6d185fd6a173e66c68e67c399a4958b2d5b6d49533ace4a4,2,1,ok,True,3,631278,631.278,0.179801,0.500253,2,time_limit,solomon_exact_1000_v1,,,,,,0.5,,,,25,153657d31d0a2c73de1efecde91d561f2bc3385b7604e2cb6ac55292ec1305ce,False,adaptive_penalties,0244e8dcb37436dea3ffae902c4faec9e36db3233d721500a9279a4ecd5f4d10
C208,solomon_txt,1c2f2381b8743680dbeb34322869cbf5a6cdd8c281f4bcffdb99b533e601874b,0,1,ok,True,3,685365,685.365,0.19525,0.50029,1,time_limit,solomon_exact_1000_v1,,,,,,0.5,,,,25,153657d31d0a2c73de1efecde91d561f2bc3385b7604e2cb6ac55292ec1305ce,False,adaptive_penalties,0244e8dcb37436dea3ffae902c4faec9e36db3233d721500a9279a4ecd5f4d10
C208,solomon_txt,1c2f2381b8743680dbeb34322869cbf5a6cdd8c281f4bcffdb99b533e601874b,1,1,ok,True,3,840047,840.047,0.184278,0.500307,2,time_limit,solomon_exact_1000_v1,,,,,,0.5,,,,25,153657d31d0a2c73de1efecde91d561f2bc3385b7604e2cb6ac55292ec1305ce,False,adaptive_penalties,0244e8dcb37436dea3ffae902c4faec9e36db3233d721500a9279a4ecd5f4d10
C208,solomon_txt,1c2f2381b8743680dbeb34322869cbf5a6cdd8c281f4bcffdb99b533e601874b,2,1,ok,True,3,656955,656.955,0.187939,0.500303,2,time_limit,solomon_exact_1000_v1,,,,,,0.5,,,,25,153657d31d0a2c73de1efecde91d561f2bc3385b7604e2cb6ac55292ec1305ce,False,adaptive_penalties,0244e8dcb37436dea3ffae902c4faec9e36db3233d721500a9279a4ecd5f4d10
R101,solomon_txt,3f3655182bc0fe44ce5de65fdcd2ee2f9c7fb9ed055f923635151d9d6f76d3ed,0,1,ok,True,20,1906973,1906.973,0.052477,0.500336,3,time_limit,solomon_exact_1000_v1,,,,,,0.5,,,,25,153657d31d0a2c73de1efecde91d561f2bc3385b7604e2cb6ac55292ec1305ce,False,adaptive_penalties,0244e8dcb37436dea3ffae902c4faec9e36db3233d721500a9279a4ecd5f4d10
R101,solomon_txt,3f3655182bc0fe44ce5de65fdcd2ee2f9c7fb9ed055f923635151d9d6f76d3ed,1,1,ok,True,20,1868572,1868.572,0.050943,0.500338,2,time_limit,solomon_exact_1000_v1,,,,,,0.5,,,,25,153657d31d0a2c73de1efecde91d561f2bc3385b7604e2cb6ac55292ec1305ce,False,adaptive_penalties,0244e8dcb37436dea3ffae902c4faec9e36db3233d721500a9279a4ecd5f4d10
R101,solomon_txt,3f3655182bc0fe44ce5de65fdcd2ee2f9c7fb9ed055f923635151d9d6f76d3ed,2,1,ok,True,20,1880303,1880.303,0.051291,0.500348,4,time_limit,solomon_exact_1000_v1,,,,,,0.5,,,,25,153657d31d0a2c73de1efecde91d561f2bc3385b7604e2cb6ac55292ec1305ce,False,adaptive_penalties,0244e8dcb37436dea3ffae902c4faec9e36db3233d721500a9279a4ecd5f4d10
R102,solomon_txt,eeb23171b7e4fbfc80bf000ca770329109900fbd7273fa8b9d1f95b7dfe683c3,0,1,ok,True,18,1548987,1548.987,0.055764,0.500368,1,time_limit,solomon_exact_1000_v1,,,,,,0.5,,,,25,153657d31d0a2c73de1efecde91d561f2bc3385b7604e2cb6ac55292ec1305ce,False,adaptive_penalties,0244e8dcb37436dea3ffae902c4faec9e36db3233d721500a9279a4ecd5f4d10
R102,solomon_txt,eeb23171b7e4fbfc80bf000ca770329109900fbd7273fa8b9d1f95b7dfe683c3,1,1,ok,True,18,1591392,1591.392,0.05741,0.500333,1,time_limit,solomon_exact_1000_v1,,,,,,0.5,,,,25,153657d31d0a2c73de1efecde91d561f2bc3385b7604e2cb6ac55292ec1305ce,False,adaptive_penalties,0244e8dcb37436dea3ffae902c4faec9e36db3233d721500a9279a4ecd5f4d10
R102,solomon_txt,eeb23171b7e4fbfc80bf000ca770329109900fbd7273fa8b9d1f95b7dfe683c3,2,1,ok,True,18,1563121,1563.121,0.054094,0.500375,1,time_limit,solomon_exact_1000_v1,,,,,,0.5,,,,25,153657d31d0a2c73de1efecde91d561f2bc3385b7604e2cb6ac55292ec1305ce,False,adaptive_penalties,0244e8dcb37436dea3ffae902c4faec9e36db3233d721500a9279a4ecd5f4d10
R103,solomon_txt,1f833e8648ba39e0edc76754fb49e81777a7175cf7b084c3f60a12607bfb3991,0,1,ok,True,14,1543316,1543.316,0.06395,0.500298,2,time_limit,solomon_exact_1000_v1,,,,,,0.5,,,,25,153657d31d0a2c73de1efecde91d561f2bc3385b7604e2cb6ac55292ec1305ce,False,adaptive_penalties,0244e8dcb37436dea3ffae902c4faec9e36db3233d721500a9279a4ecd5f4d10
R103,solomon_txt,1f833e8648ba39e0edc76754fb49e81777a7175cf7b084c3f60a12607bfb3991,1,1,ok,True,14,1543316,1543.316,0.06675,0.500306,2,time_limit,solomon_exact_1000_v1,,,,,,0.5,,,,25,153657d31d0a2c73de1efecde91d561f2bc3385b7604e2cb6ac55292ec1305ce,False,adaptive_penalties,0244e8dcb37436dea3ffae902c4faec9e36db3233d721500a9279a4ecd5f4d10
R103,solomon_txt,1f833e8648ba39e0edc76754fb49e81777a7175cf7b084c3f60a12607bfb3991,2,1,ok,True,14,1546015,1546.015,0.063768,0.500348,2,time_limit,solomon_exact_1000_v1,,,,,,0.5,,,,25,153657d31d0a2c73de1efecde91d561f2bc3385b7604e2cb6ac55292ec1305ce,False,adaptive_penalties,0244e8dcb37436dea3ffae902c4faec9e36db3233d721500a9279a4ecd5f4d10
R104,solomon_txt,dd087124311d91facd81736debbfc7d0f351d27942917e2d76cbafd01e6183b7,0,1,ok,True,11,1186697,1186.697,0.076374,0.500307,2,time_limit,solomon_exact_1000_v1,,,,,,0.5,,,,25,153657d31d0a2c73de1efecde91d561f2bc3385b7604e2cb6ac55292ec1305ce,False,adaptive_penalties,0244e8dcb37436dea3ffae902c4faec9e36db3233d721500a9279a4ecd5f4d10
R104,solomon_txt,dd087124311d91facd81736debbfc7d0f351d27942917e2d76cbafd01e6183b7,1,1,ok,True,10,1209420,1209.42,0.07329,0.500325,1,time_limit,solomon_exact_1000_v1,,,,,,0.5,,,,25,153657d31d0a2c73de1efecde91d561f2bc3385b7604e2cb6ac55292ec1305ce,False,adaptive_penalties,0244e8dcb37436dea3ffae902c4faec9e36db3233d721500a9279a4ecd5f4d10
R104,solomon_txt,dd087124311d91facd81736debbfc7d0f351d27942917e2d76cbafd01e6183b7,2,1,ok,True,10,1119070,1119.07,0.072843,0.500331,1,time_limit,solomon_exact_1000_v1,,,,,,0.5,,,,25,153657d31d0a2c73de1efecde91d561f2bc3385b7604e2cb6ac55292ec1305ce,False,adaptive_penalties,0244e8dcb37436dea3ffae902c4faec9e36db3233d721500a9279a4ecd5f4d10
R105,solomon_txt,ff1a614f8458d6339b3f54d8e4ca2dcf0a35c96012f477f6a819ae481de85ca4,0,1,ok,True,16,1757067,1757.067,0.063748,0.500327,4,time_limit,solomon_exact_1000_v1,,,,,,0.5,,,,25,153657d31d0a2c73de1efecde91d561f2bc3385b7604e2cb6ac55292ec1305ce,False,adaptive_penalties,0244e8dcb37436dea3ffae902c4faec9e36db3233d721500a9279a4ecd5f4d10
R105,solomon_txt,ff1a614f8458d6339b3f54d8e4ca2dcf0a35c96012f477f6a819ae481de85ca4,1,1,ok,True,15,1644168,1644.168,0.055385,0.500334,2,time_limit,solomon_exact_1000_v1,,,,,,0.5,,,,25,153657d31d0a2c73de1efecde91d561f2bc3385b7604e2cb6ac55292ec1305ce,False,adaptive_penalties,0244e8dcb37436dea3ffae902c4faec9e36db3233d721500a9279a4ecd5f4d10
R105,solomon_txt,ff1a614f8458d6339b3f54d8e4ca2dcf0a35c96012f477f6a819ae481de85ca4,2,1,ok,True,15,1702105,1702.105,0.055671,0.500368,2,time_limit,solomon_exact_1000_v1,,,,,,0.5,,,,25,153657d31d0a2c73de1efecde91d561f2bc3385b7604e2cb6ac55292ec1305ce,False,adaptive_penalties,0244e8dcb37436dea3ffae902c4faec9e36db3233d721500a9279a4ecd5f4d10
R106,solomon_txt,31b8783d177f0fbe1c84b8f085fbf28b1989a80e4c00f49f5654ebef99835e97,0,1,ok,True,14,1578789,1578.789,0.057458,0.500314,4,time_limit,solomon_exact_1000_v1,,,,,,0.5,,,,25,153657d31d0a2c73de1efecde91d561f2bc3385b7604e2cb6ac55292ec1305ce,False,adaptive_penalties,0244e8dcb37436dea3ffae902c4faec9e36db3233d721500a9279a4ecd5f4d10
R106,solomon_txt,31b8783d177f0fbe1c84b8f085fbf28b1989a80e4c00f49f5654ebef99835e97,1,1,ok,True,14,1574823,1574.823,0.058213,0.500368,2,time_limit,solomon_exact_1000_v1,,,,,,0.5,,,,25,153657d31d0a2c73de1efecde91d561f2bc3385b7604e2cb6ac55292ec1305ce,False,adaptive_penalties,0244e8dcb37436dea3ffae902c4faec9e36db3233d721500a9279a4ecd5f4d10
R106,solomon_txt,31b8783d177f0fbe1c84b8f085fbf28b1989a80e4c00f49f5654ebef99835e97,2,1,ok,True,13,1558794,1558.794,0.05997,0.500321,3,time_limit,solomon_exact_1000_v1,,,,,,0.5,,,,25,153657d31d0a2c73de1efecde91d561f2bc3385b7604e2cb6ac55292ec1305ce,False,adaptive_penalties,0244e8dcb37436dea3ffae902c4faec9e36db3233d721500a9279a4ecd5f4d10
R107,solomon_txt,dba2b257a1d43d7c78d5e3a9f09091a2b125d3fbec78c0c8a1782add669a1275,0,1,ok,True,11,1344856,1344.856,0.067843,0.500331,2,time_limit,solomon_exact_1000_v1,,,,,,0.5,,,,25,153657d31d0a2c73de1efecde91d561f2bc3385b7604e2cb6ac55292ec1305ce,False,adaptive_penalties,0244e8dcb37436dea3ffae902c4faec9e36db3233d721500a9279a4ecd5f4d10
R107,solomon_txt,dba2b257a1d43d7c78d5e3a9f09091a2b125d3fbec78c0c8a1782add669a1275,1,1,ok,True,11,1364247,1364.247,0.067296,0.500298,3,time_limit,solomon_exact_1000_v1,,,,,,0.5,,,,25,153657d31d0a2c73de1efecde91d561f2bc3385b7604e2cb6ac55292ec1305ce,False,adaptive_penalties,0244e8dcb37436dea3ffae902c4faec9e36db3233d721500a9279a4ecd5f4d10
R107,solomon_txt,dba2b257a1d43d7c78d5e3a9f09091a2b125d3fbec78c0c8a1782add669a1275,2,1,ok,True,12,1486083,1486.083,0.06568,0.500333,3,time_limit,solomon_exact_1000_v1,,,,,,0.5,,,,25,153657d31d0a2c73de1efecde91d561f2bc3385b7604e2cb6ac55292ec1305ce,False,adaptive_penalties,0244e8dcb37436dea3ffae902c4faec9e36db3233d721500a9279a4ecd5f4d10
R108,solomon_txt,65cae09f4099b7e70d2b723e0e3a30aa1494c75a367bb894a3fd13241ee639d4,0,1,ok,True,10,1217799,1217.799,0.069934,0.500325,3,time_limit,solomon_exact_1000_v1,,,,,,0.5,,,,25,153657d31d0a2c73de1efecde91d561f2bc3385b7604e2cb6ac55292ec1305ce,False,adaptive_penalties,0244e8dcb37436dea3ffae902c4faec9e36db3233d721500a9279a4ecd5f4d10
R108,solomon_txt,65cae09f4099b7e70d2b723e0e3a30aa1494c75a367bb894a3fd13241ee639d4,1,1,ok,True,10,1128679,1128.679,0.072167,0.500366,2,time_limit,solomon_exact_1000_v1,,,,,,0.5,,,,25,153657d31d0a2c73de1efecde91d561f2bc3385b7604e2cb6ac55292ec1305ce,False,adaptive_penalties,0244e8dcb37436dea3ffae902c4faec9e36db3233d721500a9279a4ecd5f4d10
R108,solomon_txt,65cae09f4099b7e70d2b723e0e3a30aa1494c75a367bb894a3fd13241ee639d4,2,1,ok,True,11,1314289,1314.289,0.072005,0.5004,3,time_limit,solomon_exact_1000_v1,,,,,,0.5,,,,25,153657d31d0a2c73de1efecde91d561f2bc3385b7604e2cb6ac55292ec1305ce,False,adaptive_penalties,0244e8dcb37436dea3ffae902c4faec9e36db3233d721500a9279a4ecd5f4d10
R109,solomon_txt,4ef24030e8c48de5f85dcd90c5739186004fc8dec87533b6467013cf996f4777,0,1,ok,True,13,1527854,1527.854,0.055687,0.500315,2,time_limit,solomon_exact_1000_v1,,,,,,0.5,,,,25,153657d31d0a2c73de1efecde91d561f2bc3385b7604e2cb6ac55292ec1305ce,False,adaptive_penalties,0244e8dcb37436dea3ffae902c4faec9e36db3233d721500a9279a4ecd5f4d10
R109,solomon_txt,4ef24030e8c48de5f85dcd90c5739186004fc8dec87533b6467013cf996f4777,1,1,ok,True,14,1611887,1611.887,0.056958,0.500303,5,time_limit,solomon_exact_1000_v1,,,,,,0.5,,,,25,153657d31d0a2c73de1efecde91d561f2bc3385b7604e2cb6ac55292ec1305ce,False,adaptive_penalties,0244e8dcb37436dea3ffae902c4faec9e36db3233d721500a9279a4ecd5f4d10
R109,solomon_txt,4ef24030e8c48de5f85dcd90c5739186004fc8dec87533b6467013cf996f4777,2,1,ok,True,14,1558645,1558.645,0.057564,0.500337,5,time_limit,solomon_exact_1000_v1,,,,,,0.5,,,,25,153657d31d0a2c73de1efecde91d561f2bc3385b7604e2cb6ac55292ec1305ce,False,adaptive_penalties,0244e8dcb37436dea3ffae902c4faec9e36db3233d721500a9279a4ecd5f4d10
R110,solomon_txt,14cb53cb99af61d3d708f07564b9a72d146e7c26b4f10507cfaf3bc828f34bfa,0,1,ok,True,13,1585711,1585.711,0.066568,0.500322,4,time_limit,solomon_exact_1000_v1,,,,,,0.5,,,,25,153657d31d0a2c73de1efecde91d561f2bc3385b7604e2cb6ac55292ec1305ce,False,adaptive_penalties,0244e8dcb37436dea3ffae902c4faec9e36db3233d721500a9279a4ecd5f4d10
R110,solomon_txt,14cb53cb99af61d3d708f07564b9a72d146e7c26b4f10507cfaf3bc828f34bfa,1,1,ok,True,12,1462696,1462.696,0.064145,0.500303,3,time_limit,solomon_exact_1000_v1,,,,,,0.5,,,,25,153657d31d0a2c73de1efecde91d561f2bc3385b7604e2cb6ac55292ec1305ce,False,adaptive_penalties,0244e8dcb37436dea3ffae902c4faec9e36db3233d721500a9279a4ecd5f4d10
R110,solomon_txt,14cb53cb99af61d3d708f07564b9a72d146e7c26b4f10507cfaf3bc828f34bfa,2,1,ok,True,12,1576535,1576.535,0.061623,0.500335,2,time_limit,solomon_exact_1000_v1,,,,,,0.5,,,,25,153657d31d0a2c73de1efecde91d561f2bc3385b7604e2cb6ac55292ec1305ce,False,adaptive_penalties,0244e8dcb37436dea3ffae902c4faec9e36db3233d721500a9279a4ecd5f4d10
R111,solomon_txt,3d94a73b1f2fe8aae4618b9d9ea254cff2e3924a6a841aa390096ec6c60f258d,0,1,ok,True,12,1406336,1406.336,0.066414,0.500304,3,time_limit,solomon_exact_1000_v1,,,,,,0.5,,,,25,153657d31d0a2c73de1efecde91d561f2bc3385b7604e2cb6ac55292ec1305ce,False,adaptive_penalties,0244e8dcb37436dea3ffae902c4faec9e36db3233d721500a9279a4ecd5f4d10
R111,solomon_txt,3d94a73b1f2fe8aae4618b9d9ea254cff2e3924a6a841aa390096ec6c60f258d,1,1,ok,True,12,1480321,1480.321,0.064902,0.500336,3,time_limit,solomon_exact_1000_v1,,,,,,0.5,,,,25,153657d31d0a2c73de1efecde91d561f2bc3385b7604e2cb6ac55292ec1305ce,False,adaptive_penalties,0244e8dcb37436dea3ffae902c4faec9e36db3233d721500a9279a4ecd5f4d10
R111,solomon_txt,3d94a73b1f2fe8aae4618b9d9ea254cff2e3924a6a841aa390096ec6c60f258d,2,1,ok,True,12,1473191,1473.191,0.066413,0.500319,3,time_limit,solomon_exact_1000_v1,,,,,,0.5,,,,25,153657d31d0a2c73de1efecde91d561f2bc3385b7604e2cb6ac55292ec1305ce,False,adaptive_penalties,0244e8dcb37436dea3ffae902c4faec9e36db3233d721500a9279a4ecd5f4d10
R112,solomon_txt,a0e93149d59d30c356619891d192e86d0f16c3158e1dac3bd9f23c6deb718271,0,1,ok,True,12,1344344,1344.344,0.062118,0.500315,4,time_limit,solomon_exact_1000_v1,,,,,,0.5,,,,25,153657d31d0a2c73de1efecde91d561f2bc3385b7604e2cb6ac55292ec1305ce,False,adaptive_penalties,0244e8dcb37436dea3ffae902c4faec9e36db3233d721500a9279a4ecd5f4d10
R112,solomon_txt,a0e93149d59d30c356619891d192e86d0f16c3158e1dac3bd9f23c6deb718271,1,1,ok,True,11,1158070,1158.07,0.061929,0.500294,3,time_limit,solomon_exact_1000_v1,,,,,,0.5,,,,25,153657d31d0a2c73de1efecde91d561f2bc3385b7604e2cb6ac55292ec1305ce,False,adaptive_penalties,0244e8dcb37436dea3ffae902c4faec9e36db3233d721500a9279a4ecd5f4d10
R112,solomon_txt,a0e93149d59d30c356619891d192e86d0f16c3158e1dac3bd9f23c6deb718271,2,1,ok,True,12,1531744,1531.744,0.06292,0.500307,5,time_limit,solomon_exact_1000_v1,,,,,,0.5,,,,25,153657d31d0a2c73de1efecde91d561f2bc3385b7604e2cb6ac55292ec1305ce,False,adaptive_penalties,0244e8dcb37436dea3ffae902c4faec9e36db3233d721500a9279a4ecd5f4d10
R201,solomon_txt,0be960ec998fff2cab0bdbcc5194c617e5ca0a79c82c5b32b1d4bd98b2cae210,0,1,ok,True,4,1679869,1679.869,0.131979,0.500283,2,time_limit,solomon_exact_1000_v1,,,,,,0.5,,,,25,153657d31d0a2c73de1efecde91d561f2bc3385b7604e2cb6ac55292ec1305ce,False,adaptive_penalties,0244e8dcb37436dea3ffae902c4faec9e36db3233d721500a9279a4ecd5f4d10
R201,solomon_txt,0be960ec998fff2cab0bdbcc5194c617e5ca0a79c82c5b32b1d4bd98b2cae210,1,1,ok,True,4,1620125,1620.125,0.130275,0.50031,2,time_limit,solomon_exact_1000_v1,,,,,,0.5,,,,25,153657d31d0a2c73de1efecde91d561f2bc3385b7604e2cb6ac55292ec1305ce,False,adaptive_penalties,0244e8dcb37436dea3ffae902c4faec9e36db3233d721500a9279a4ecd5f4d10
R201,solomon_txt,0be960ec998fff2cab0bdbcc5194c617e5ca0a79c82c5b32b1d4bd98b2cae210,2,1,ok,True,4,1605282,1605.282,0.129667,0.500317,1,time_limit,solomon_exact_1000_v1,,,,,,0.5,,,,25,153657d31d0a2c73de1efecde91d561f2bc3385b7604e2cb6ac55292ec1305ce,False,adaptive_penalties,0244e8dcb37436dea3ffae902c4faec9e36db3233d721500a9279a4ecd5f4d10
R202,solomon_txt,1f7761bb33e9dd0c94837b32c72280296ffc283dba997379c7ad75ce00dffc8d,0,1,ok,True,4,1622244,1622.244,0.147927,0.500289,2,time_limit,solomon_exact_1000_v1,,,,,,0.5,,,,25,153657d31d0a2c73de1efecde91d561f2bc3385b7604e2cb6ac55292ec1305ce,False,adaptive_penalties,0244e8dcb37436dea3ffae902c4faec9e36db3233d721500a9279a4ecd5f4d10
R202,solomon_txt,1f7761bb33e9dd0c94837b32c72280296ffc283dba997379c7ad75ce00dffc8d,1,1,ok,True,4,1622244,1622.244,0.153367,0.500387,2,time_limit,solomon_exact_1000_v1,,,,,,0.5,,,,25,153657d31d0a2c73de1efecde91d561f2bc3385b7604e2cb6ac55292ec1305ce,False,adaptive_penalties,0244e8dcb37436dea3ffae902c4faec9e36db3233d721500a9279a4ecd5f4d10
R202,solomon_txt,1f7761bb33e9dd0c94837b32c72280296ffc283dba997379c7ad75ce00dffc8d,2,1,ok,True,4,1622145,1622.145,0.152277,0.500272,2,time_limit,solomon_exact_1000_v1,,,,,,0.5,,,,25,153657d31d0a2c73de1efecde91d561f2bc3385b7604e2cb6ac55292ec1305ce,False,adaptive_penalties,0244e8dcb37436dea3ffae902c4faec9e36db3233d721500a9279a4ecd5f4d10
R203,solomon_txt,38c484db31bd7452a94d533e26a2348ef598df600b79d061d9ddc1c61466a731,0,1,ok,True,3,1262185,1262.185,0.161065,0.500324,1,time_limit,solomon_exact_1000_v1,,,,,,0.5,,,,25,153657d31d0a2c73de1efecde91d561f2bc3385b7604e2cb6ac55292ec1305ce,False,adaptive_penalties,0244e8dcb37436dea3ffae902c4faec9e36db3233d721500a9279a4ecd5f4d10
R203,solomon_txt,38c484db31bd7452a94d533e26a2348ef598df600b79d061d9ddc1c61466a731,1,1,ok,True,3,1260670,1260.67,0.167535,0.500303,1,time_limit,solomon_exact_1000_v1,,,,,,0.5,,,,25,153657d31d0a2c73de1efecde91d561f2bc3385b7604e2cb6ac55292ec1305ce,False,adaptive_penalties,0244e8dcb37436dea3ffae902c4faec9e36db3233d721500a9279a4ecd5f4d10
R203,solomon_txt,38c484db31bd7452a94d533e26a2348ef598df600b79d061d9ddc1c61466a731,2,1,ok,True,3,1250918,1250.918,0.158656,0.500269,1,time_limit,solomon_exact_1000_v1,,,,,,0.5,,,,25,153657d31d0a2c73de1efecde91d561f2bc3385b7604e2cb6ac55292ec1305ce,False,adaptive_penalties,0244e8dcb37436dea3ffae902c4faec9e36db3233d721500a9279a4ecd5f4d10
R204,solomon_txt,5349e37d8df99bcbee1efa2e970d2662b5265e5f82fc609343a6af0a60257abf,0,1,ok,True,3,1284977,1284.977,0.197985,0.500296,2,time_limit,solomon_exact_1000_v1,,,,,,0.5,,,,25,153657d31d0a2c73de1efecde91d561f2bc3385b7604e2cb6ac55292ec1305ce,False,adaptive_penalties,0244e8dcb37436dea3ffae902c4faec9e36db3233d721500a9279a4ecd5f4d10
R204,solomon_txt,5349e37d8df99bcbee1efa2e970d2662b5265e5f82fc609343a6af0a60257abf,1,1,ok,True,3,1217807,1217.807,0.203831,0.50026,1,time_limit,solomon_exact_1000_v1,,,,,,0.5,,,,25,153657d31d0a2c73de1efecde91d561f2bc3385b7604e2cb6ac55292ec1305ce,False,adaptive_penalties,0244e8dcb37436dea3ffae902c4faec9e36db3233d721500a9279a4ecd5f4d10
R204,solomon_txt,5349e37d8df99bcbee1efa2e970d2662b5265e5f82fc609343a6af0a60257abf,2,1,ok,True,3,1199995,1199.995,0.201893,0.500274,2,time_limit,solomon_exact_1000_v1,,,,,,0.5,,,,25,153657d31d0a2c73de1efecde91d561f2bc3385b7604e2cb6ac55292ec1305ce,False,adaptive_penalties,0244e8dcb37436dea3ffae902c4faec9e36db3233d721500a9279a4ecd5f4d10
R205,solomon_txt,1996bf8f10716fb8cfc1a585206a6a6e566f32347c1bb8f36c75ed6c887f77e3,0,1,ok,True,3,1286878,1286.878,0.158743,0.500282,1,time_limit,solomon_exact_1000_v1,,,,,,0.5,,,,25,153657d31d0a2c73de1efecde91d561f2bc3385b7604e2cb6ac55292ec1305ce,False,adaptive_penalties,0244e8dcb37436dea3ffae902c4faec9e36db3233d721500a9279a4ecd5f4d10
R205,solomon_txt,1996bf8f10716fb8cfc1a585206a6a6e566f32347c1bb8f36c75ed6c887f77e3,1,1,ok,True,3,1545111,1545.111,0.167189,0.500312,1,time_limit,solomon_exact_1000_v1,,,,,,0.5,,,,25,153657d31d0a2c73de1efecde91d561f2bc3385b7604e2cb6ac55292ec1305ce,False,adaptive_penalties,0244e8dcb37436dea3ffae902c4faec9e36db3233d721500a9279a4ecd5f4d10
R205,solomon_txt,1996bf8f10716fb8cfc1a585206a6a6e566f32347c1bb8f36c75ed6c887f77e3,2,1,ok,True,3,1409798,1409.798,0.16211,0.500269,2,time_limit,solomon_exact_1000_v1,,,,,,0.5,,,,25,153657d31d0a2c73de1efecde91d561f2bc3385b7604e2cb6ac55292ec1305ce,False,adaptive_penalties,0244e8dcb37436dea3ffae902c4faec9e36db3233d721500a9279a4ecd5f4d10
R206,solomon_txt,c8754a0319264d076c038b1bf023c8c4710e8895fe3e03f485e9ae249f32fe43,0,1,ok,True,3,1533607,1533.607,0.166742,0.500302,3,time_limit,solomon_exact_1000_v1,,,,,,0.5,,,,25,153657d31d0a2c73de1efecde91d561f2bc3385b7604e2cb6ac55292ec1305ce,False,adaptive_penalties,0244e8dcb37436dea3ffae902c4faec9e36db3233d721500a9279a4ecd5f4d10
R206,solomon_txt,c8754a0319264d076c038b1bf023c8c4710e8895fe3e03f485e9ae249f32fe43,1,1,ok,True,3,1389279,1389.279,0.170085,0.500496,3,time_limit,solomon_exact_1000_v1,,,,,,0.5,,,,25,153657d31d0a2c73de1efecde91d561f2bc3385b7604e2cb6ac55292ec1305ce,False,adaptive_penalties,0244e8dcb37436dea3ffae902c4faec9e36db3233d721500a9279a4ecd5f4d10
R206,solomon_txt,c8754a0319264d076c038b1bf023c8c4710e8895fe3e03f485e9ae249f32fe43,2,1,ok,True,3,1533607,1533.607,0.167867,0.500266,2,time_limit,solomon_exact_1000_v1,,,,,,0.5,,,,25,153657d31d0a2c73de1efecde91d561f2bc3385b7604e2cb6ac55292ec1305ce,False,adaptive_penalties,0244e8dcb37436dea3ffae902c4faec9e36db3233d721500a9279a4ecd5f4d10
R207,solomon_txt,52dc8eebba43fdc67ca9aadab228b75a297acb55a87db3e4748e82f623e3cbe6,0,1,ok,True,3,1164515,1164.515,0.198008,0.500284,2,time_limit,solomon_exact_1000_v1,,,,,,0.5,,,,25,153657d31d0a2c73de1efecde91d561f2bc3385b7604e2cb6ac55292ec1305ce,False,adaptive_penalties,0244e8dcb37436dea3ffae902c4faec9e36db3233d721500a9279a4ecd5f4d10
R207,solomon_txt,52dc8eebba43fdc67ca9aadab228b75a297acb55a87db3e4748e82f623e3cbe6,1,1,ok,True,3,1102590,1102.59,0.201448,0.500282,1,time_limit,solomon_exact_1000_v1,,,,,,0.5,,,,25,153657d31d0a2c73de1efecde91d561f2bc3385b7604e2cb6ac55292ec1305ce,False,adaptive_penalties,0244e8dcb37436dea3ffae902c4faec9e36db3233d721500a9279a4ecd5f4d10
R207,solomon_txt,52dc8eebba43fdc67ca9aadab228b75a297acb55a87db3e4748e82f623e3cbe6,2,1,ok,True,3,1024827,1024.827,0.199709,0.500312,1,time_limit,solomon_exact_1000_v1,,,,,,0.5,,,,25,153657d31d0a2c73de1efecde91d561f2bc3385b7604e2cb6ac55292ec1305ce,False,adaptive_penalties,0244e8dcb37436dea3ffae902c4faec9e36db3233d721500a9279a4ecd5f4d10
R208,solomon_txt,7b4a95d500af9329dd08791d39898a619faec0f8fac039d57373e761545b980d,0,1,ok,True,2,946859,946.859,0.221054,0.500327,2,time_limit,solomon_exact_1000_v1,,,,,,0.5,,,,25,153657d31d0a2c73de1efecde91d561f2bc3385b7604e2cb6ac55292ec1305ce,False,adaptive_penalties,0244e8dcb37436dea3ffae902c4faec9e36db3233d721500a9279a4ecd5f4d10
R208,solomon_txt,7b4a95d500af9329dd08791d39898a619faec0f8fac039d57373e761545b980d,1,1,ok,True,2,877884,877.884,0.220473,0.500295,2,time_limit,solomon_exact_1000_v1,,,,,,0.5,,,,25,153657d31d0a2c73de1efecde91d561f2bc3385b7604e2cb6ac55292ec1305ce,False,adaptive_penalties,0244e8dcb37436dea3ffae902c4faec9e36db3233d721500a9279a4ecd5f4d10
R208,solomon_txt,7b4a95d500af9329dd08791d39898a619faec0f8fac039d57373e761545b980d,2,1,ok,True,2,981656,981.656,0.222451,0.500319,2,time_limit,solomon_exact_1000_v1,,,,,,0.5,,,,25,153657d31d0a2c73de1efecde91d561f2bc3385b7604e2cb6ac55292ec1305ce,False,adaptive_penalties,0244e8dcb37436dea3ffae902c4faec9e36db3233d721500a9279a4ecd5f4d10
R209,solomon_txt,5b74156d032babcff853ccc693f94463eca8333cd425aa99a39ed996f6258933,0,1,ok,True,3,1522983,1522.983,0.157655,0.50037,2,time_limit,solomon_exact_1000_v1,,,,,,0.5,,,,25,153657d31d0a2c73de1efecde91d561f2bc3385b7604e2cb6ac55292ec1305ce,False,adaptive_penalties,0244e8dcb37436dea3ffae902c4faec9e36db3233d721500a9279a4ecd5f4d10
R209,solomon_txt,5b74156d032babcff853ccc693f94463eca8333cd425aa99a39ed996f6258933,1,1,ok,True,3,1303297,1303.297,0.153123,0.500323,1,time_limit,solomon_exact_1000_v1,,,,,,0.5,,,,25,153657d31d0a2c73de1efecde91d561f2bc3385b7604e2cb6ac55292ec1305ce,False,adaptive_penalties,0244e8dcb37436dea3ffae902c4faec9e36db3233d721500a9279a4ecd5f4d10
R209,solomon_txt,5b74156d032babcff853ccc693f94463eca8333cd425aa99a39ed996f6258933,2,1,ok,True,3,1331286,1331.286,0.16111,0.500278,2,time_limit,solomon_exact_1000_v1,,,,,,0.5,,,,25,153657d31d0a2c73de1efecde91d561f2bc3385b7604e2cb6ac55292ec1305ce,False,adaptive_penalties,0244e8dcb37436dea3ffae902c4faec9e36db3233d721500a9279a4ecd5f4d10
R210,solomon_txt,4e5772f109fb6183e6a648d6a1edaba3435438c2dc11c42da370fecf7bdf3a14,0,1,ok,True,3,1443660,1443.66,0.172147,0.500381,2,time_limit,solomon_exact_1000_v1,,,,,,0.5,,,,25,153657d31d0a2c73de1efecde91d561f2bc3385b7604e2cb6ac55292ec1305ce,False,adaptive_penalties,0244e8dcb37436dea3ffae902c4faec9e36db3233d721500a9279a4ecd5f4d10
R210,solomon_txt,4e5772f109fb6183e6a648d6a1edaba3435438c2dc11c42da370fecf7bdf3a14,1,1,ok,True,3,1416762,1416.762,0.16789,0.500316,1,time_limit,solomon_exact_1000_v1,,,,,,0.5,,,,25,153657d31d0a2c73de1efecde91d561f2bc3385b7604e2cb6ac55292ec1305ce,False,adaptive_penalties,0244e8dcb37436dea3ffae902c4faec9e36db3233d721500a9279a4ecd5f4d10
R210,solomon_txt,4e5772f109fb6183e6a648d6a1edaba3435438c2dc11c42da370fecf7bdf3a14,2,1,ok,True,3,1406463,1406.463,0.176468,0.500296,2,time_limit,solomon_exact_1000_v1,,,,,,0.5,,,,25,153657d31d0a2c73de1efecde91d561f2bc3385b7604e2cb6ac55292ec1305ce,False,adaptive_penalties,0244e8dcb37436dea3ffae902c4faec9e36db3233d721500a9279a4ecd5f4d10
R211,solomon_txt,2965507e467a2f92acd59035975910e36ae11e4f49590d4c7d20a883939227ad,0,1,ok,True,3,1480876,1480.876,0.182451,0.50036,3,time_limit,solomon_exact_1000_v1,,,,,,0.5,,,,25,153657d31d0a2c73de1efecde91d561f2bc3385b7604e2cb6ac55292ec1305ce,False,adaptive_penalties,0244e8dcb37436dea3ffae902c4faec9e36db3233d721500a9279a4ecd5f4d10
R211,solomon_txt,2965507e467a2f92acd59035975910e36ae11e4f49590d4c7d20a883939227ad,1,1,ok,True,3,1516434,1516.434,0.184044,0.50031,2,time_limit,solomon_exact_1000_v1,,,,,,0.5,,,,25,153657d31d0a2c73de1efecde91d561f2bc3385b7604e2cb6ac55292ec1305ce,False,adaptive_penalties,0244e8dcb37436dea3ffae902c4faec9e36db3233d721500a9279a4ecd5f4d10
R211,solomon_txt,2965507e467a2f92acd59035975910e36ae11e4f49590d4c7d20a883939227ad,2,1,ok,True,3,1413936,1413.936,0.182711,0.500281,2,time_limit,solomon_exact_1000_v1,,,,,,0.5,,,,25,153657d31d0a2c73de1efecde91d561f2bc3385b7604e2cb6ac55292ec1305ce,False,adaptive_penalties,0244e8dcb37436dea3ffae902c4faec9e36db3233d721500a9279a4ecd5f4d10
RC101,solomon_txt,ef6893ffd9746ad96de8e4da6e64e2c4ba6e08a1c7eb9457276a9f1caf01ca12,0,1,ok,True,16,1964874,1964.874,0.05592,0.500389,2,time_limit,solomon_exact_1000_v1,,,,,,0.5,,,,25,153657d31d0a2c73de1efecde91d561f2bc3385b7604e2cb6ac55292ec1305ce,False,adaptive_penalties,0244e8dcb37436dea3ffae902c4faec9e36db3233d721500a9279a4ecd5f4d10
RC101,solomon_txt,ef6893ffd9746ad96de8e4da6e64e2c4ba6e08a1c7eb9457276a9f1caf01ca12,1,1,ok,True,17,2095011,2095.011,0.056854,0.500331,4,time_limit,solomon_exact_1000_v1,,,,,,0.5,,,,25,153657d31d0a2c73de1efecde91d561f2bc3385b7604e2cb6ac55292ec1305ce,False,adaptive_penalties,0244e8dcb37436dea3ffae902c4faec9e36db3233d721500a9279a4ecd5f4d10
RC101,solomon_txt,ef6893ffd9746ad96de8e4da6e64e2c4ba6e08a1c7eb9457276a9f1caf01ca12,2,1,ok,True,16,1899838,1899.838,0.056187,0.500337,2,time_limit,solomon_exact_1000_v1,,,,,,0.5,,,,25,153657d31d0a2c73de1efecde91d561f2bc3385b7604e2cb6ac55292ec1305ce,False,adaptive_penalties,0244e8dcb37436dea3ffae902c4faec9e36db3233d721500a9279a4ecd5f4d10
RC102,solomon_txt,36acd349d34a577c7fadd61f78517c2cb74bd06a490273800c288f341e5785a4,0,1,ok,True,15,1681845,1681.845,0.063467,0.500331,2,time_limit,solomon_exact_1000_v1,,,,,,0.5,,,,25,153657d31d0a2c73de1efecde91d561f2bc3385b7604e2cb6ac55292ec1305ce,False,adaptive_penalties,0244e8dcb37436dea3ffae902c4faec9e36db3233d721500a9279a4ecd5f4d10
RC102,solomon_txt,36acd349d34a577c7fadd61f78517c2cb74bd06a490273800c288f341e5785a4,1,1,ok,True,14,1773793,1773.793,0.062863,0.500347,2,time_limit,solomon_exact_1000_v1,,,,,,0.5,,,,25,153657d31d0a2c73de1efecde91d561f2bc3385b7604e2cb6ac55292ec1305ce,False,adaptive_penalties,0244e8dcb37436dea3ffae902c4faec9e36db3233d721500a9279a4ecd5f4d10
RC102,solomon_txt,36acd349d34a577c7fadd61f78517c2cb74bd06a490273800c288f341e5785a4,2,1,ok,True,14,1711987,1711.987,0.061189,0.500421,3,time_limit,solomon_exact_1000_v1,,,,,,0.5,,,,25,153657d31d0a2c73de1efecde91d561f2bc3385b7604e2cb6ac55292ec1305ce,False,adaptive_penalties,0244e8dcb37436dea3ffae902c4faec9e36db3233d721500a9279a4ecd5f4d10
RC103,solomon_txt,00f384138274d5d2bff5c41601db17cc4ad0cfc6315c27e223d4477bf435cc2d,0,1,ok,True,12,1735736,1735.736,0.067355,0.500313,2,time_limit,solomon_exact_1000_v1,,,,,,0.5,,,,25,153657d31d0a2c73de1efecde91d561f2bc3385b7604e2cb6ac55292ec1305ce,False,adaptive_penalties,0244e8dcb37436dea3ffae902c4faec9e36db3233d721500a9279a4ecd5f4d10
RC103,solomon_txt,00f384138274d5d2bff5c41601db17cc4ad0cfc6315c27e223d4477bf435cc2d,1,1,ok,True,12,1703532,1703.532,0.067046,0.500352,2,time_limit,solomon_exact_1000_v1,,,,,,0.5,,,,25,153657d31d0a2c73de1efecde91d561f2bc3385b7604e2cb6ac55292ec1305ce,False,adaptive_penalties,0244e8dcb37436dea3ffae902c4faec9e36db3233d721500a9279a4ecd5f4d10
RC103,solomon_txt,00f384138274d5d2bff5c41601db17cc4ad0cfc6315c27e223d4477bf435cc2d,2,1,ok,True,13,1952068,1952.068,0.067915,0.500339,3,time_limit,solomon_exact_1000_v1,,,,,,0.5,,,,25,153657d31d0a2c73de1efecde91d561f2bc3385b7604e2cb6ac55292ec1305ce,False,adaptive_penalties,0244e8dcb37436dea3ffae902c4faec9e36db3233d721500a9279a4ecd5f4d10
RC104,solomon_txt,d150b2d61049a488fb89a2320c197d81a7ef9a1864abbbaea1d13a2b451253ee,0,1,ok,True,11,1465555,1465.555,0.069192,0.500331,3,time_limit,solomon_exact_1000_v1,,,,,,0.5,,,,25,153657d31d0a2c73de1efecde91d561f2bc3385b7604e2cb6ac55292ec1305ce,False,adaptive_penalties,0244e8dcb37436dea3ffae902c4faec9e36db3233d721500a9279a4ecd5f4d10
RC104,solomon_txt,d150b2d61049a488fb89a2320c197d81a7ef9a1864abbbaea1d13a2b451253ee,1,1,ok,True,11,1562160,1562.16,0.07507,0.500309,3,time_limit,solomon_exact_1000_v1,,,,,,0.5,,,,25,153657d31d0a2c73de1efecde91d561f2bc3385b7604e2cb6ac55292ec1305ce,False,adaptive_penalties,0244e8dcb37436dea3ffae902c4faec9e36db3233d721500a9279a4ecd5f4d10
RC104,solomon_txt,d150b2d61049a488fb89a2320c197d81a7ef9a1864abbbaea1d13a2b451253ee,2,1,ok,True,11,1316206,1316.206,0.073245,0.500337,2,time_limit,solomon_exact_1000_v1,,,,,,0.5,,,,25,153657d31d0a2c73de1efecde91d561f2bc3385b7604e2cb6ac55292ec1305ce,False,adaptive_penalties,0244e8dcb37436dea3ffae902c4faec9e36db3233d721500a9279a4ecd5f4d10
RC105,solomon_txt,b9e912625c1ed80d2f565e0799ade2f4b17bf4f95056322ca23f1a21b37e7a49,0,1,ok,True,14,1995938,1995.938,0.061668,0.500376,2,time_limit,solomon_exact_1000_v1,,,,,,0.5,,,,25,153657d31d0a2c73de1efecde91d561f2bc3385b7604e2cb6ac55292ec1305ce,False,adaptive_penalties,0244e8dcb37436dea3ffae902c4faec9e36db3233d721500a9279a4ecd5f4d10
RC105,solomon_txt,b9e912625c1ed80d2f565e0799ade2f4b17bf4f95056322ca23f1a21b37e7a49,1,1,ok,True,15,2061802,2061.802,0.059226,0.500353,2,time_limit,solomon_exact_1000_v1,,,,,,0.5,,,,25,153657d31d0a2c73de1efecde91d561f2bc3385b7604e2cb6ac55292ec1305ce,False,adaptive_penalties,0244e8dcb37436dea3ffae902c4faec9e36db3233d721500a9279a4ecd5f4d10
RC105,solomon_txt,b9e912625c1ed80d2f565e0799ade2f4b17bf4f95056322ca23f1a21b37e7a49,2,1,ok,True,15,1864866,1864.866,0.059071,0.500347,4,time_limit,solomon_exact_1000_v1,,,,,,0.5,,,,25,153657d31d0a2c73de1efecde91d561f2bc3385b7604e2cb6ac55292ec1305ce,False,adaptive_penalties,0244e8dcb37436dea3ffae902c4faec9e36db3233d721500a9279a4ecd5f4d10
RC106,solomon_txt,bf016ffc567af2d108570357daf1d0cabb7f680c0bd977d2e4366787683fdbaf,0,1,ok,True,14,1681259,1681.259,0.057342,0.500359,2,time_limit,solomon_exact_1000_v1,,,,,,0.5,,,,25,153657d31d0a2c73de1efecde91d561f2bc3385b7604e2cb6ac55292ec1305ce,False,adaptive_penalties,0244e8dcb37436dea3ffae902c4faec9e36db3233d721500a9279a4ecd5f4d10
RC106,solomon_txt,bf016ffc567af2d108570357daf1d0cabb7f680c0bd977d2e4366787683fdbaf,1,1,ok,True,13,1679980,1679.98,0.062839,0.500356,3,time_limit,solomon_exact_1000_v1,,,,,,0.5,,,,25,153657d31d0a2c73de1efecde91d561f2bc3385b7604e2cb6ac55292ec1305ce,False,adaptive_penalties,0244e8dcb37436dea3ffae902c4faec9e36db3233d721500a9279a4ecd5f4d10
RC106,solomon_txt,bf016ffc567af2d108570357daf1d0cabb7f680c0bd977d2e4366787683fdbaf,2,1,ok,True,14,1788431,1788.431,0.059795,0.500339,4,time_limit,solomon_exact_1000_v1,,,,,,0.5,,,,25,153657d31d0a2c73de1efecde91d561f2bc3385b7604e2cb6ac55292ec1305ce,False,adaptive_penalties,0244e8dcb37436dea3ffae902c4faec9e36db3233d721500a9279a4ecd5f4d10
RC107,solomon_txt,fff3fd68d110671ed442575f07cc547291586f30b00c5f73934d521d31311582,0,1,ok,True,13,1705395,1705.395,0.06486,0.500356,4,time_limit,solomon_exact_1000_v1,,,,,,0.5,,,,25,153657d31d0a2c73de1efecde91d561f2bc3385b7604e2cb6ac55292ec1305ce,False,adaptive_penalties,0244e8dcb37436dea3ffae902c4faec9e36db3233d721500a9279a4ecd5f4d10
RC107,solomon_txt,fff3fd68d110671ed442575f07cc547291586f30b00c5f73934d521d31311582,1,1,ok,True,13,1864372,1864.372,0.063498,0.5003,6,time_limit,solomon_exact_1000_v1,,,,,,0.5,,,,25,153657d31d0a2c73de1efecde91d561f2bc3385b7604e2cb6ac55292ec1305ce,False,adaptive_penalties,0244e8dcb37436dea3ffae902c4faec9e36db3233d721500a9279a4ecd5f4d10
RC107,solomon_txt,fff3fd68d110671ed442575f07cc547291586f30b00c5f73934d521d31311582,2,1,ok,True,13,1859235,1859.235,0.059588,0.500361,5,time_limit,solomon_exact_1000_v1,,,,,,0.5,,,,25,153657d31d0a2c73de1efecde91d561f2bc3385b7604e2cb6ac55292ec1305ce,False,adaptive_penalties,0244e8dcb37436dea3ffae902c4faec9e36db3233d721500a9279a4ecd5f4d10
RC108,solomon_txt,006bc8817bf09f9a8c66af8d6f088bdec239b2eb435556e9d11193cf456f7aeb,0,1,ok,True,12,1623966,1623.966,0.070845,0.500315,3,time_limit,solomon_exact_1000_v1,,,,,,0.5,,,,25,153657d31d0a2c73de1efecde91d561f2bc3385b7604e2cb6ac55292ec1305ce,False,adaptive_penalties,0244e8dcb37436dea3ffae902c4faec9e36db3233d721500a9279a4ecd5f4d10
RC108,solomon_txt,006bc8817bf09f9a8c66af8d6f088bdec239b2eb435556e9d11193cf456f7aeb,1,1,ok,True,12,1623772,1623.772,0.065483,0.50031,3,time_limit,solomon_exact_1000_v1,,,,,,0.5,,,,25,153657d31d0a2c73de1efecde91d561f2bc3385b7604e2cb6ac55292ec1305ce,False,adaptive_penalties,0244e8dcb37436dea3ffae902c4faec9e36db3233d721500a9279a4ecd5f4d10
RC108,solomon_txt,006bc8817bf09f9a8c66af8d6f088bdec239b2eb435556e9d11193cf456f7aeb,2,1,ok,True,12,1604346,1604.346,0.062029,0.500419,4,time_limit,solomon_exact_1000_v1,,,,,,0.5,,,,25,153657d31d0a2c73de1efecde91d561f2bc3385b7604e2cb6ac55292ec1305ce,False,adaptive_penalties,0244e8dcb37436dea3ffae902c4faec9e36db3233d721500a9279a4ecd5f4d10
RC201,solomon_txt,288836e2d8c2ace83ebbff77e03ac8cdffc574fc134cade21ef92713f8c52d44,0,1,ok,True,5,2429811,2429.811,0.133561,0.50028,3,time_limit,solomon_exact_1000_v1,,,,,,0.5,,,,25,153657d31d0a2c73de1efecde91d561f2bc3385b7604e2cb6ac55292ec1305ce,False,adaptive_penalties,0244e8dcb37436dea3ffae902c4faec9e36db3233d721500a9279a4ecd5f4d10
RC201,solomon_txt,288836e2d8c2ace83ebbff77e03ac8cdffc574fc134cade21ef92713f8c52d44,1,1,ok,True,5,2396597,2396.597,0.131219,0.500298,3,time_limit,solomon_exact_1000_v1,,,,,,0.5,,,,25,153657d31d0a2c73de1efecde91d561f2bc3385b7604e2cb6ac55292ec1305ce,False,adaptive_penalties,0244e8dcb37436dea3ffae902c4faec9e36db3233d721500a9279a4ecd5f4d10
RC201,solomon_txt,288836e2d8c2ace83ebbff77e03ac8cdffc574fc134cade21ef92713f8c52d44,2,1,ok,True,5,2327126,2327.126,0.127286,0.500395,3,time_limit,solomon_exact_1000_v1,,,,,,0.5,,,,25,153657d31d0a2c73de1efecde91d561f2bc3385b7604e2cb6ac55292ec1305ce,False,adaptive_penalties,0244e8dcb37436dea3ffae902c4faec9e36db3233d721500a9279a4ecd5f4d10
RC202,solomon_txt,5a1dee2017ab0ca4fe280b392678c96e8b5bc71f22d02c8058fbde7c4cfebcf4,0,1,ok,True,4,1799096,1799.096,0.12479,0.500273,2,time_limit,solomon_exact_1000_v1,,,,,,0.5,,,,25,153657d31d0a2c73de1efecde91d561f2bc3385b7604e2cb6ac55292ec1305ce,False,adaptive_penalties,0244e8dcb37436dea3ffae902c4faec9e36db3233d721500a9279a4ecd5f4d10
RC202,solomon_txt,5a1dee2017ab0ca4fe280b392678c96e8b5bc71f22d02c8058fbde7c4cfebcf4,1,1,ok,True,4,1818035,1818.035,0.117646,0.500322,2,time_limit,solomon_exact_1000_v1,,,,,,0.5,,,,25,153657d31d0a2c73de1efecde91d561f2bc3385b7604e2cb6ac55292ec1305ce,False,adaptive_penalties,0244e8dcb37436dea3ffae902c4faec9e36db3233d721500a9279a4ecd5f4d10
RC202,solomon_txt,5a1dee2017ab0ca4fe280b392678c96e8b5bc71f22d02c8058fbde7c4cfebcf4,2,1,ok,True,4,1619243,1619.243,0.123867,0.500283,2,time_limit,solomon_exact_1000_v1,,,,,,0.5,,,,25,153657d31d0a2c73de1efecde91d561f2bc3385b7604e2cb6ac55292ec1305ce,False,adaptive_penalties,0244e8dcb37436dea3ffae902c4faec9e36db3233d721500a9279a4ecd5f4d10
RC203,solomon_txt,4adcb362c23df91f14b828d4964e9383ffb02ee74217afc2d84571f83ed91f8b,0,1,ok,True,3,1211454,1211.454,0.120742,0.500322,1,time_limit,solomon_exact_1000_v1,,,,,,0.5,,,,25,153657d31d0a2c73de1efecde91d561f2bc3385b7604e2cb6ac55292ec1305ce,False,adaptive_penalties,0244e8dcb37436dea3ffae902c4faec9e36db3233d721500a9279a4ecd5f4d10
RC203,solomon_txt,4adcb362c23df91f14b828d4964e9383ffb02ee74217afc2d84571f83ed91f8b,1,1,ok,True,3,1526236,1526.236,0.128164,0.500312,1,time_limit,solomon_exact_1000_v1,,,,,,0.5,,,,25,153657d31d0a2c73de1efecde91d561f2bc3385b7604e2cb6ac55292ec1305ce,False,adaptive_penalties,0244e8dcb37436dea3ffae902c4faec9e36db3233d721500a9279a4ecd5f4d10
RC203,solomon_txt,4adcb362c23df91f14b828d4964e9383ffb02ee74217afc2d84571f83ed91f8b,2,1,ok,True,3,1516613,1516.613,0.12967,0.500308,1,time_limit,solomon_exact_1000_v1,,,,,,0.5,,,,25,153657d31d0a2c73de1efecde91d561f2bc3385b7604e2cb6ac55292ec1305ce,False,adaptive_penalties,0244e8dcb37436dea3ffae902c4faec9e36db3233d721500a9279a4ecd5f4d10
RC204,solomon_txt,11e827eab51a959ebab66344e7b7cfd1aeed895287653b36a72c86a4440ecd77,0,1,ok,True,3,1492499,1492.499,0.190125,0.50028,2,time_limit,solomon_exact_1000_v1,,,,,,0.5,,,,25,153657d31d0a2c73de1efecde91d561f2bc3385b7604e2cb6ac55292ec1305ce,False,adaptive_penalties,0244e8dcb37436dea3ffae902c4faec9e36db3233d721500a9279a4ecd5f4d10
RC204,solomon_txt,11e827eab51a959ebab66344e7b7cfd1aeed895287653b36a72c86a4440ecd77,1,1,ok,True,3,1482620,1482.62,0.186038,0.50033,2,time_limit,solomon_exact_1000_v1,,,,,,0.5,,,,25,153657d31d0a2c73de1efecde91d561f2bc3385b7604e2cb6ac55292ec1305ce,False,adaptive_penalties,0244e8dcb37436dea3ffae902c4faec9e36db3233d721500a9279a4ecd5f4d10
RC204,solomon_txt,11e827eab51a959ebab66344e7b7cfd1aeed895287653b36a72c86a4440ecd77,2,1,ok,True,3,1485242,1485.242,0.185263,0.500303,2,time_limit,solomon_exact_1000_v1,,,,,,0.5,,,,25,153657d31d0a2c73de1efecde91d561f2bc3385b7604e2cb6ac55292ec1305ce,False,adaptive_penalties,0244e8dcb37436dea3ffae902c4faec9e36db3233d721500a9279a4ecd5f4d10
RC205,solomon_txt,c061d306cf42310b0f3ca15612089f6c5a8d5604c0733bf26852477c787662c9,0,1,ok,True,4,1959415,1959.415,0.139483,0.500447,1,time_limit,solomon_exact_1000_v1,,,,,,0.5,,,,25,153657d31d0a2c73de1efecde91d561f2bc3385b7604e2cb6ac55292ec1305ce,False,adaptive_penalties,0244e8dcb37436dea3ffae902c4faec9e36db3233d721500a9279a4ecd5f4d10
RC205,solomon_txt,c061d306cf42310b0f3ca15612089f6c5a8d5604c0733bf26852477c787662c9,1,1,ok,True,4,2003798,2003.798,0.140407,0.50032,1,time_limit,solomon_exact_1000_v1,,,,,,0.5,,,,25,153657d31d0a2c73de1efecde91d561f2bc3385b7604e2cb6ac55292ec1305ce,False,adaptive_penalties,0244e8dcb37436dea3ffae902c4faec9e36db3233d721500a9279a4ecd5f4d10
RC205,solomon_txt,c061d306cf42310b0f3ca15612089f6c5a8d5604c0733bf26852477c787662c9,2,1,ok,True,4,2034157,2034.157,0.133968,0.500329,2,time_limit,solomon_exact_1000_v1,,,,,,0.5,,,,25,153657d31d0a2c73de1efecde91d561f2bc3385b7604e2cb6ac55292ec1305ce,False,adaptive_penalties,0244e8dcb37436dea3ffae902c4faec9e36db3233d721500a9279a4ecd5f4d10
RC206,solomon_txt,5203aecf67c84df49e152645312a837ffefde529314ff892ca061538816e43a9,0,1,ok,True,4,1911298,1911.298,0.134527,0.500519,2,time_limit,solomon_exact_1000_v1,,,,,,0.5,,,,25,153657d31d0a2c73de1efecde91d561f2bc3385b7604e2cb6ac55292ec1305ce,False,adaptive_penalties,0244e8dcb37436dea3ffae902c4faec9e36db3233d721500a9279a4ecd5f4d10
RC206,solomon_txt,5203aecf67c84df49e152645312a837ffefde529314ff892ca061538816e43a9,1,1,ok,True,4,1755982,1755.982,0.133666,0.5003,1,time_limit,solomon_exact_1000_v1,,,,,,0.5,,,,25,153657d31d0a2c73de1efecde91d561f2bc3385b7604e2cb6ac55292ec1305ce,False,adaptive_penalties,0244e8dcb37436dea3ffae902c4faec9e36db3233d721500a9279a4ecd5f4d10
RC206,solomon_txt,5203aecf67c84df49e152645312a837ffefde529314ff892ca061538816e43a9,2,1,ok,True,4,1725004,1725.004,0.132712,0.500298,2,time_limit,solomon_exact_1000_v1,,,,,,0.5,,,,25,153657d31d0a2c73de1efecde91d561f2bc3385b7604e2cb6ac55292ec1305ce,False,adaptive_penalties,0244e8dcb37436dea3ffae902c4faec9e36db3233d721500a9279a4ecd5f4d10
RC207,solomon_txt,5cab65f99b350cdb8fb1c4d0a12dde85eb4ff6a6d6daf292b182cb73de9a8b63,0,1,ok,True,4,1907431,1907.431,0.150417,0.500323,2,time_limit,solomon_exact_1000_v1,,,,,,0.5,,,,25,153657d31d0a2c73de1efecde91d561f2bc3385b7604e2cb6ac55292ec1305ce,False,adaptive_penalties,0244e8dcb37436dea3ffae902c4faec9e36db3233d721500a9279a4ecd5f4d10
RC207,solomon_txt,5cab65f99b350cdb8fb1c4d0a12dde85eb4ff6a6d6daf292b182cb73de9a8b63,1,1,ok,True,3,1398319,1398.319,0.151456,0.5003,1,time_limit,solomon_exact_1000_v1,,,,,,0.5,,,,25,153657d31d0a2c73de1efecde91d561f2bc3385b7604e2cb6ac55292ec1305ce,False,adaptive_penalties,0244e8dcb37436dea3ffae902c4faec9e36db3233d721500a9279a4ecd5f4d10
RC207,solomon_txt,5cab65f99b350cdb8fb1c4d0a12dde85eb4ff6a6d6daf292b182cb73de9a8b63,2,1,ok,True,4,1678672,1678.672,0.145411,0.500262,3,time_limit,solomon_exact_1000_v1,,,,,,0.5,,,,25,153657d31d0a2c73de1efecde91d561f2bc3385b7604e2cb6ac55292ec1305ce,False,adaptive_penalties,0244e8dcb37436dea3ffae902c4faec9e36db3233d721500a9279a4ecd5f4d10
RC208,solomon_txt,3d67d2a8e2758a324643f5d6c6ca87e8c56435273eaa04be33f213bb991f1f28,0,1,ok,True,3,1365201,1365.201,0.143897,0.500319,1,time_limit,solomon_exact_1000_v1,,,,,,0.5,,,,25,153657d31d0a2c73de1efecde91d561f2bc3385b7604e2cb6ac55292ec1305ce,False,adaptive_penalties,0244e8dcb37436dea3ffae902c4faec9e36db3233d721500a9279a4ecd5f4d10
RC208,solomon_txt,3d67d2a8e2758a324643f5d6c6ca87e8c56435273eaa04be33f213bb991f1f28,1,1,ok,True,3,1440488,1440.488,0.145374,0.500286,2,time_limit,solomon_exact_1000_v1,,,,,,0.5,,,,25,153657d31d0a2c73de1efecde91d561f2bc3385b7604e2cb6ac55292ec1305ce,False,adaptive_penalties,0244e8dcb37436dea3ffae902c4faec9e36db3233d721500a9279a4ecd5f4d10
RC208,solomon_txt,3d67d2a8e2758a324643f5d6c6ca87e8c56435273eaa04be33f213bb991f1f28,2,1,ok,True,3,1511844,1511.844,0.149078,0.500312,2,time_limit,solomon_exact_1000_v1,,,,,,0.5,,,,25,153657d31d0a2c73de1efecde91d561f2bc3385b7604e2cb6ac55292ec1305ce,False,adaptive_penalties,0244e8dcb37436dea3ffae902c4faec9e36db3233d721500a9279a4ecd5f4d10
C101,solomon_txt,a6da75152d182d60ecd2c6f854296f5be452f92282d096adebcf5d99a7f16516,0,1,ok,True,10,828937,828.937,0.065215,0.5003,1,time_limit,solomon_exact_1000_v1,,,,,,0.5,,,,25,153657d31d0a2c73de1efecde91d561f2bc3385b7604e2cb6ac55292ec1305ce,False,adaptive_fast,40e5b8c925f3a60b9d7498bb3c55bd818e35fb4f0e60f520f0bf55856338da33
C101,solomon_txt,a6da75152d182d60ecd2c6f854296f5be452f92282d096adebcf5d99a7f16516,1,1,ok,True,10,828937,828.937,0.066561,0.500401,2,time_limit,solomon_exact_1000_v1,,,,,,0.5,,,,25,153657d31d0a2c73de1efecde91d561f2bc3385b7604e2cb6ac55292ec1305ce,False,adaptive_fast,40e5b8c925f3a60b9d7498bb3c55bd818e35fb4f0e60f520f0bf55856338da33
C101,solomon_txt,a6da75152d182d60ecd2c6f854296f5be452f92282d096adebcf5d99a7f16516,2,1,ok,True,10,828937,828.937,0.068816,0.500327,2,time_limit,solomon_exact_1000_v1,,,,,,0.5,,,,25,153657d31d0a2c73de1efecde91d561f2bc3385b7604e2cb6ac55292ec1305ce,False,adaptive_fast,40e5b8c925f3a60b9d7498bb3c55bd818e35fb4f0e60f520f0bf55856338da33
C102,solomon_txt,f89a0e2a760cc7448a4ca72b88e5b29b94d64b5548f3320f42a6230025ead653,0,1,ok,True,10,1203443,1203.443,0.071356,0.500354,4,time_limit,solomon_exact_1000_v1,,,,,,0.5,,,,25,153657d31d0a2c73de1efecde91d561f2bc3385b7604e2cb6ac55292ec1305ce,False,adaptive_fast,40e5b8c925f3a60b9d7498bb3c55bd818e35fb4f0e60f520f0bf55856338da33
C102,solomon_txt,f89a0e2a760cc7448a4ca72b88e5b29b94d64b5548f3320f42a6230025ead653,1,1,ok,True,10,1203443,1203.443,0.074044,0.500339,3,time_limit,solomon_exact_1000_v1,,,,,,0.5,,,,25,153657d31d0a2c73de1efecde91d561f2bc3385b7604e2cb6ac55292ec1305ce,False,adaptive_fast,40e5b8c925f3a60b9d7498bb3c55bd818e35fb4f0e60f520f0bf55856338da33
C102,solomon_txt,f89a0e2a760cc7448a4ca72b88e5b29b94d64b5548f3320f42a6230025ead653,2,1,ok,True,10,1018628,1018.628,0.069896,0.500298,5,time_limit,solomon_exact_1000_v1,,,,,,0.5,,,,25,153657d31d0a2c73de1efecde91d561f2bc3385b7604e2cb6ac55292ec1305ce,False,adaptive_fast,40e5b8c925f3a60b9d7498bb3c55bd818e35fb4f0e60f520f0bf55856338da33
C103,solomon_txt,a55cabf15e0da9d65696a5fb45c9852889479893f76f772a428ca15d1b415a51,0,1,ok,True,10,1631343,1631.343,0.07961,0.500331,6,time_limit,solomon_exact_1000_v1,,,,,,0.5,,,,25,153657d31d0a2c73de1efecde91d561f2bc3385b7604e2cb6ac55292ec1305ce,False,adaptive_fast,40e5b8c925f3a60b9d7498bb3c55bd818e35fb4f0e60f520f0bf55856338da33
C103,solomon_txt,a55cabf15e0da9d65696a5fb45c9852889479893f76f772a428ca15d1b415a51,1,1,ok,True,10,1364561,1364.561,0.079266,0.500339,8,time_limit,solomon_exact_1000_v1,,,,,,0.5,,,,25,153657d31d0a2c73de1efecde91d561f2bc3385b7604e2cb6ac55292ec1305ce,False,adaptive_fast,40e5b8c925f3a60b9d7498bb3c55bd818e35fb4f0e60f520f0bf55856338da33
C103,solomon_txt,a55cabf15e0da9d65696a5fb45c9852889479893f76f772a428ca15d1b415a51,2,1,ok,True,10,1625186,1625.186,0.076713,0.500334,6,time_limit,solomon_exact_1000_v1,,,,,,0.5,,,,25,153657d31d0a2c73de1efecde91d561f2bc3385b7604e2cb6ac55292ec1305ce,False,adaptive_fast,40e5b8c925f3a60b9d7498bb3c55bd818e35fb4f0e60f520f0bf55856338da33
C104,solomon_txt,fe333e81625ee5a75bb2ce98c2c9f356d07289237865b62a23ba2f32f0de5ee2,0,1,ok,True,10,1366076,1366.076,0.080052,0.500316,10,time_limit,solomon_exact_1000_v1,,,,,,0.5,,,,25,153657d31d0a2c73de1efecde91d561f2bc3385b7604e2cb6ac55292ec1305ce,False,adaptive_fast,40e5b8c925f3a60b9d7498bb3c55bd818e35fb4f0e60f520f0bf55856338da33
C104,solomon_txt,fe333e81625ee5a75bb2ce98c2c9f356d07289237865b62a23ba2f32f0de5ee2,1,1,ok,True,10,2014949,2014.949,0.079548,0.500319,7,time_limit,solomon_exact_1000_v1,,,,,,0.5,,,,25,153657d31d0a2c73de1efecde91d561f2bc3385b7604e2cb6ac55292ec1305ce,False,adaptive_fast,40e5b8c925f3a60b9d7498bb3c55bd818e35fb4f0e60f520f0bf55856338da33
C104,solomon_txt,fe333e81625ee5a75bb2ce98c2c9f356d07289237865b62a23ba2f32f0de5ee2,2,1,ok,True,10,1423808,1423.808,0.080374,0.500327,9,time_limit,solomon_exact_1000_v1,,,,,,0.5,,,,25,153657d31d0a2c73de1efecde91d561f2bc3385b7604e2cb6ac55292ec1305ce,False,adaptive_fast,40e5b8c925f3a60b9d7498bb3c55bd818e35fb4f0e60f520f0bf55856338da33
C105,solomon_txt,9a877a3a6fb922e7ad9297cc0308bc8a5652cb1495a0228ee6b81b2d938aa29f,0,1,ok,True,10,945085,945.085,0.070443,0.500283,2,time_limit,solomon_exact_1000_v1,,,,,,0.5,,,,25,153657d31d0a2c73de1efecde91d561f2bc3385b7604e2cb6ac55292ec1305ce,False,adaptive_fast,40e5b8c925f3a60b9d7498bb3c55bd818e35fb4f0e60f520f0bf55856338da33
C105,solomon_txt,9a877a3a6fb922e7ad9297cc0308bc8a5652cb1495a0228ee6b81b2d938aa29f,1,1,ok,True,10,886161,886.161,0.067054,0.500311,2,time_limit,solomon_exact_1000_v1,,,,,,0.5,,,,25,153657d31d0a2c73de1efecde91d561f2bc3385b7604e2cb6ac55292ec1305ce,False,adaptive_fast,40e5b8c925f3a60b9d7498bb3c55bd818e35fb4f0e60f520f0bf55856338da33
C105,solomon_txt,9a877a3a6fb922e7ad9297cc0308bc8a5652cb1495a0228ee6b81b2d938aa29f,2,1,ok,True,10,914011,914.011,0.071322,0.500325,1,time_limit,solomon_exact_1000_v1,,,,,,0.5,,,,25,153657d31d0a2c73de1efecde91d561f2bc3385b7604e2cb6ac55292ec1305ce,False,adaptive_fast,40e5b8c925f3a60b9d7498bb3c55bd818e35fb4f0e60f520f0bf55856338da33
C106,solomon_txt,ec9b419bed53e9c607cce76e8c6bc59feb6e4d17646905601f008a4141ec7b40,0,1,ok,True,10,1022288,1022.288,0.067913,0.500336,2,time_limit,solomon_exact_1000_v1,,,,,,0.5,,,,25,153657d31d0a2c73de1efecde91d561f2bc3385b7604e2cb6ac55292ec1305ce,False,adaptive_fast,40e5b8c925f3a60b9d7498bb3c55bd818e35fb4f0e60f520f0bf55856338da33
C106,solomon_txt,ec9b419bed53e9c607cce76e8c6bc59feb6e4d17646905601f008a4141ec7b40,1,1,ok,True,10,939048,939.048,0.067238,0.500366,2,time_limit,solomon_exact_1000_v1,,,,,,0.5,,,,25,153657d31d0a2c73de1efecde91d561f2bc3385b7604e2cb6ac55292ec1305ce,False,adaptive_fast,40e5b8c925f3a60b9d7498bb3c55bd818e35fb4f0e60f520f0bf55856338da33
C106,solomon_txt,ec9b419bed53e9c607cce76e8c6bc59feb6e4d17646905601f008a4141ec7b40,2,1,ok,True,10,1081917,1081.917,0.066874,0.500334,1,time_limit,solomon_exact_1000_v1,,,,,,0.5,,,,25,153657d31d0a2c73de1efecde91d561f2bc3385b7604e2cb6ac55292ec1305ce,False,adaptive_fast,40e5b8c925f3a60b9d7498bb3c55bd818e35fb4f0e60f520f0bf55856338da33
C107,solomon_txt,cb3cdc10d812fa17370eb52cb753b6b0574426dc6fabeb8b9076ed750ddf05ca,0,1,ok,True,10,1277707,1277.707,0.069149,0.500328,3,time_limit,solomon_exact_1000_v1,,,,,,0.5,,,,25,153657d31d0a2c73de1efecde91d561f2bc3385b7604e2cb6ac55292ec1305ce,False,adaptive_fast,40e5b8c925f3a60b9d7498bb3c55bd818e35fb4f0e60f520f0bf55856338da33
C107,solomon_txt,cb3cdc10d812fa17370eb52cb753b6b0574426dc6fabeb8b9076ed750ddf05ca,1,1,ok,True,10,1005287,1005.287,0.070379,0.500361,2,time_limit,solomon_exact_1000_v1,,,,,,0.5,,,,25,153657d31d0a2c73de1efecde91d561f2bc3385b7604e2cb6ac55292ec1305ce,False,adaptive_fast,40e5b8c925f3a60b9d7498bb3c55bd818e35fb4f0e60f520f0bf55856338da33
C107,solomon_txt,cb3cdc10d812fa17370eb52cb753b6b0574426dc6fabeb8b9076ed750ddf05ca,2,1,ok,True,10,948993,948.993,0.073615,0.50034,2,time_limit,solomon_exact_1000_v1,,,,,,0.5,,,,25,153657d31d0a2c73de1efecde91d561f2bc3385b7604e2cb6ac55292ec1305ce,False,adaptive_fast,40e5b8c925f3a60b9d7498bb3c55bd818e35fb4f0e60f520f0bf55856338da33
C108,solomon_txt,b8c7e48f292b66b283d8e71511e3a4eccaa4c4bc66b9313c399e73b0226f5953,0,1,ok,True,10,1389789,1389.789,0.065797,0.500304,3,time_limit,solomon_exact_1000_v1,,,,,,0.5,,,,25,153657d31d0a2c73de1efecde91d561f2bc3385b7604e2cb6ac55292ec1305ce,False,adaptive_fast,40e5b8c925f3a60b9d7498bb3c55bd818e35fb4f0e60f520f0bf55856338da33
C108,solomon_txt,b8c7e48f292b66b283d8e71511e3a4eccaa4c4bc66b9313c399e73b0226f5953,1,1,ok,True,10,1159511,1159.511,0.06983,0.500296,5,time_limit,solomon_exact_1000_v1,,,,,,0.5,,,,25,153657d31d0a2c73de1efecde91d561f2bc3385b7604e2cb6ac55292ec1305ce,False,adaptive_fast,40e5b8c925f3a60b9d7498bb3c55bd818e35fb4f0e60f520f0bf55856338da33
C108,solomon_txt,b8c7e48f292b66b283d8e71511e3a4eccaa4c4bc66b9313c399e73b0226f5953,2,1,ok,True,10,1103084,1103.084,0.066135,0.500348,4,time_limit,solomon_exact_1000_v1,,,,,,0.5,,,,25,153657d31d0a2c73de1efecde91d561f2bc3385b7604e2cb6ac55292ec1305ce,False,adaptive_fast,40e5b8c925f3a60b9d7498bb3c55bd818e35fb4f0e60f520f0bf55856338da33
C109,solomon_txt,72d8489e14bf1bb18456f0b21b01110506cbcc2354719dae8481b480150f142a,0,1,ok,True,10,1319827,1319.827,0.075744,0.500363,8,time_limit,solomon_exact_1000_v1,,,,,,0.5,,,,25,153657d31d0a2c73de1efecde91d561f2bc3385b7604e2cb6ac55292ec1305ce,False,adaptive_fast,40e5b8c925f3a60b9d7498bb3c55bd818e35fb4f0e60f520f0bf55856338da33
C109,solomon_txt,72d8489e14bf1bb18456f0b21b01110506cbcc2354719dae8481b480150f142a,1,1,ok,True,10,1593741,1593.741,0.074331,0.500375,6,time_limit,solomon_exact_1000_v1,,,,,,0.5,,,,25,153657d31d0a2c73de1efecde91d561f2bc3385b7604e2cb6ac55292ec1305ce,False,adaptive_fast,40e5b8c925f3a60b9d7498bb3c55bd818e35fb4f0e60f520f0bf55856338da33
C109,solomon_txt,72d8489e14bf1bb18456f0b21b01110506cbcc2354719dae8481b480150f142a,2,1,ok,True,10,1360869,1360.869,0.073769,0.500436,10,time_limit,solomon_exact_1000_v1,,,,,,0.5,,,,25,153657d31d0a2c73de1efecde91d561f2bc3385b7604e2cb6ac55292ec1305ce,False,adaptive_fast,40e5b8c925f3a60b9d7498bb3c55bd818e35fb4f0e60f520f0bf55856338da33
C201,solomon_txt,d8d9834087ae2326fa23a8510533060233dc9fb481873be60956eb26a880ad63,0,1,ok,True,3,704252,704.252,0.185345,0.500323,1,time_limit,solomon_exact_1000_v1,,,,,,0.5,,,,25,153657d31d0a2c73de1efecde91d561f2bc3385b7604e2cb6ac55292ec1305ce,False,adaptive_fast,40e5b8c925f3a60b9d7498bb3c55bd818e35fb4f0e60f520f0bf55856338da33
C201,solomon_txt,d8d9834087ae2326fa23a8510533060233dc9fb481873be60956eb26a880ad63,1,1,ok,True,3,704252,704.252,0.179335,0.500343,1,time_limit,solomon_exact_1000_v1,,,,,,0.5,,,,25,153657d31d0a2c73de1efecde91d561f2bc3385b7604e2cb6ac55292ec1305ce,False,adaptive_fast,40e5b8c925f3a60b9d7498bb3c55bd818e35fb4f0e60f520f0bf55856338da33
C201,solomon_txt,d8d9834087ae2326fa23a8510533060233dc9fb481873be60956eb26a880ad63,2,1,ok,True,3,704252,704.252,0.191194,0.500328,1,time_limit,solomon_exact_1000_v1,,,,,,0.5,,,,25,153657d31d0a2c73de1efecde91d561f2bc3385b7604e2cb6ac55292ec1305ce,False,adaptive_fast,40e5b8c925f3a60b9d7498bb3c55bd818e35fb4f0e60f520f0bf55856338da33
C202,solomon_txt,dfc8ecad79f6c7ffb096cd36994143569f0babe284d5ad194683271d81063772,0,1,ok,True,3,728271,728.271,0.177442,0.500314,1,time_limit,solomon_exact_1000_v1,,,,,,0.5,,,,25,153657d31d0a2c73de1efecde91d561f2bc3385b7604e2cb6ac55292ec1305ce,False,adaptive_fast,40e5b8c925f3a60b9d7498bb3c55bd818e35fb4f0e60f520f0bf55856338da33
C202,solomon_txt,dfc8ecad79f6c7ffb096cd36994143569f0babe284d5ad194683271d81063772,1,1,ok,True,3,724988,724.988,0.171916,0.50032,1,time_limit,solomon_exact_1000_v1,,,,,,0.5,,,,25,153657d31d0a2c73de1efecde91d561f2bc3385b7604e2cb6ac55292ec1305ce,False,adaptive_fast,40e5b8c925f3a60b9d7498bb3c55bd818e35fb4f0e60f520f0bf55856338da33
C202,solomon_txt,dfc8ecad79f6c7ffb096cd36994143569f0babe284d5ad194683271d81063772,2,1,ok,True,3,724988,724.988,0.174252,0.500299,1,time_limit,solomon_exact_1000_v1,,,,,,0.5,,,,25,153657d31d0a2c73de1efecde91d561f2bc3385b7604e2cb6ac55292ec1305ce,False,adaptive_fast,40e5b8c925f3a60b9d7498bb3c55bd818e35fb4f0e60f520f0bf55856338da33
C203,solomon_txt,2b79eea2962a848cb29f6153d4fb4ae725d35507686d937da6643b33fcd85062,0,1,ok,True,3,632006,632.006,0.167347,0.500321,1,time_limit,solomon_exact_1000_v1,,,,,,0.5,,,,25,153657d31d0a2c73de1efecde91d561f2bc3385b7604e2cb6ac55292ec1305ce,False,adaptive_fast,40e5b8c925f3a60b9d7498bb3c55bd818e35fb4f0e60f520f0bf55856338da33
C203,solomon_txt,2b79eea2962a848cb29f6153d4fb4ae725d35507686d937da6643b33fcd85062,1,1,ok,True,3,716777,716.777,0.164443,0.500292,1,time_limit,solomon_exact_1000_v1,,,,,,0.5,,,,25,153657d31d0a2c73de1efecde91d561f2bc3385b7604e2cb6ac55292ec1305ce,False,adaptive_fast,40e5b8c925f3a60b9d7498bb3c55bd818e35fb4f0e60f520f0bf55856338da33
C203,solomon_txt,2b79eea2962a848cb29f6153d4fb4ae725d35507686d937da6643b33fcd85062,2,1,ok,True,3,670577,670.577,0.166863,0.500358,2,time_limit,solomon_exact_1000_v1,,,,,,0.5,,,,25,153657d31d0a2c73de1efecde91d561f2bc3385b7604e2cb6ac55292ec1305ce,False,adaptive_fast,40e5b8c925f3a60b9d7498bb3c55bd818e35fb4f0e60f520f0bf55856338da33
C204,solomon_txt,4331b2744d34e32c2987e3fe8a82b782a2039d757d2aac818f7e0fd21117bfb4,0,1,ok,True,3,965970,965.97,0.190351,0.500323,1,time_limit,solomon_exact_1000_v1,,,,,,0.5,,,,25,153657d31d0a2c73de1efecde91d561f2bc3385b7604e2cb6ac55292ec1305ce,False,adaptive_fast,40e5b8c925f3a60b9d7498bb3c55bd818e35fb4f0e60f520f0bf55856338da33
C204,solomon_txt,4331b2744d34e32c2987e3fe8a82b782a2039d757d2aac818f7e0fd21117bfb4,1,1,ok,True,3,780549,780.549,0.183481,0.500323,1,time_limit,solomon_exact_1000_v1,,,,,,0.5,,,,25,153657d31d0a2c73de1efecde91d561f2bc3385b7604e2cb6ac55292ec1305ce,False,adaptive_fast,40e5b8c925f3a60b9d7498bb3c55bd818e35fb4f0e60f520f0bf55856338da33
C204,solomon_txt,4331b2744d34e32c2987e3fe8a82b782a2039d757d2aac818f7e0fd21117bfb4,2,1,ok,True,3,737060,737.06,0.191479,0.500324,1,time_limit,solomon_exact_1000_v1,,,,,,0.5,,,,25,153657d31d0a2c73de1efecde91d561f2bc3385b7604e2cb6ac55292ec1305ce,False,adaptive_fast,40e5b8c925f3a60b9d7498bb3c55bd818e35fb4f0e60f520f0bf55856338da33
C205,solomon_txt,15be2bb8c3e4ad99a79d1e7ee0472223feb95a4f423d010e032bda0a87266ca5,0,1,ok,True,3,660260,660.26,0.164328,0.500335,2,time_limit,solomon_exact_1000_v1,,,,,,0.5,,,,25,153657d31d0a2c73de1efecde91d561f2bc3385b7604e2cb6ac55292ec1305ce,False,adaptive_fast,40e5b8c925f3a60b9d7498bb3c55bd818e35fb4f0e60f520f0bf55856338da33
C205,solomon_txt,15be2bb8c3e4ad99a79d1e7ee0472223feb95a4f423d010e032bda0a87266ca5,1,1,ok,True,3,646850,646.85,0.172904,0.50035,2,time_limit,solomon_exact_1000_v1,,,,,,0.5,,,,25,153657d31d0a2c73de1efecde91d561f2bc3385b7604e2cb6ac55292ec1305ce,False,adaptive_fast,40e5b8c925f3a60b9d7498bb3c55bd818e35fb4f0e60f520f0bf55856338da33
C205,solomon_txt,15be2bb8c3e4ad99a79d1e7ee0472223feb95a4f423d010e032bda0a87266ca5,2,1,ok,True,3,615656,615.656,0.160184,0.500329,2,time_limit,solomon_exact_1000_v1,,,,,,0.5,,,,25,153657d31d0a2c73de1efecde91d561f2bc3385b7604e2cb6ac55292ec1305ce,False,adaptive_fast,40e5b8c925f3a60b9d7498bb3c55bd818e35fb4f0e60f520f0bf55856338da33
C206,solomon_txt,745b6c7042707ffbbfc4d681ee02a84431425f1dfb3c8aa85ecf003fec8f7e53,0,1,ok,True,3,645289,645.289,0.178896,0.500293,1,time_limit,solomon_exact_1000_v1,,,,,,0.5,,,,25,153657d31d0a2c73de1efecde91d561f2bc3385b7604e2cb6ac55292ec1305ce,False,adaptive_fast,40e5b8c925f3a60b9d7498bb3c55bd818e35fb4f0e60f520f0bf55856338da33
C206,solomon_txt,745b6c7042707ffbbfc4d681ee02a84431425f1dfb3c8aa85ecf003fec8f7e53,1,1,ok,True,3,925417,925.417,0.185708,0.500384,2,time_limit,solomon_exact_1000_v1,,,,,,0.5,,,,25,153657d31d0a2c73de1efecde91d561f2bc3385b7604e2cb6ac55292ec1305ce,False,adaptive_fast,40e5b8c925f3a60b9d7498bb3c55bd818e35fb4f0e60f520f0bf55856338da33
C206,solomon_txt,745b6c7042707ffbbfc4d681ee02a84431425f1dfb3c8aa85ecf003fec8f7e53,2,1,ok,True,3,660140,660.14,0.178521,0.500358,2,time_limit,solomon_exact_1000_v1,,,,,,0.5,,,,25,153657d31d0a2c73de1efecde91d561f2bc3385b7604e2cb6ac55292ec1305ce,False,adaptive_fast,40e5b8c925f3a60b9d7498bb3c55bd818e35fb4f0e60f520f0bf55856338da33
C207,solomon_txt,a33f03570a944c8a6d185fd6a173e66c68e67c399a4958b2d5b6d49533ace4a4,0,1,ok,True,3,875871,875.871,0.1783,0.500316,2,time_limit,solomon_exact_1000_v1,,,,,,0.5,,,,25,153657d31d0a2c73de1efecde91d561f2bc3385b7604e2cb6ac55292ec1305ce,False,adaptive_fast,40e5b8c925f3a60b9d7498bb3c55bd818e35fb4f0e60f520f0bf55856338da33
C207,solomon_txt,a33f03570a944c8a6d185fd6a173e66c68e67c399a4958b2d5b6d49533ace4a4,1,1,ok,True,3,853156,853.156,0.181249,0.500366,2,time_limit,solomon_exact_1000_v1,,,,,,0.5,,,,25,153657d31d0a2c73de1efecde91d561f2bc3385b7604e2cb6ac55292ec1305ce,False,adaptive_fast,40e5b8c925f3a60b9d7498bb3c55bd818e35fb4f0e60f520f0bf55856338da33
C207,solomon_txt,a33f03570a944c8a6d185fd6a173e66c68e67c399a4958b2d5b6d49533ace4a4,2,1,ok,True,3,631278,631.278,0.179453,0.500341,2,time_limit,solomon_exact_1000_v1,,,,,,0.5,,,,25,153657d31d0a2c73de1efecde91d561f2bc3385b7604e2cb6ac55292ec1305ce,False,adaptive_fast,40e5b8c925f3a60b9d7498bb3c55bd818e35fb4f0e60f520f0bf55856338da33
C208,solomon_txt,1c2f2381b8743680dbeb34322869cbf5a6cdd8c281f4bcffdb99b533e601874b,0,1,ok,True,3,685365,685.365,0.181032,0.500424,1,time_limit,solomon_exact_1000_v1,,,,,,0.5,,,,25,153657d31d0a2c73de1efecde91d561f2bc3385b7604e2cb6ac55292ec1305ce,False,adaptive_fast,40e5b8c925f3a60b9d7498bb3c55bd818e35fb4f0e60f520f0bf55856338da33
C208,solomon_txt,1c2f2381b8743680dbeb34322869cbf5a6cdd8c281f4bcffdb99b533e601874b,1,1,ok,True,3,832465,832.465,0.175149,0.500322,2,time_limit,solomon_exact_1000_v1,,,,,,0.5,,,,25,153657d31d0a2c73de1efecde91d561f2bc3385b7604e2cb6ac55292ec1305ce,False,adaptive_fast,40e5b8c925f3a60b9d7498bb3c55bd818e35fb4f0e60f520f0bf55856338da33
C208,solomon_txt,1c2f2381b8743680dbeb34322869cbf5a6cdd8c281f4bcffdb99b533e601874b,2,1,ok,True,3,656955,656.955,0.180871,0.500364,2,time_limit,solomon_exact_1000_v1,,,,,,0.5,,,,25,153657d31d0a2c73de1efecde91d561f2bc3385b7604e2cb6ac55292ec1305ce,False,adaptive_fast,40e5b8c925f3a60b9d7498bb3c55bd818e35fb4f0e60f520f0bf55856338da33
R101,solomon_txt,3f3655182bc0fe44ce5de65fdcd2ee2f9c7fb9ed055f923635151d9d6f76d3ed,0,1,ok,True,20,1906973,1906.973,0.052244,0.500377,4,time_limit,solomon_exact_1000_v1,,,,,,0.5,,,,25,153657d31d0a2c73de1efecde91d561f2bc3385b7604e2cb6ac55292ec1305ce,False,adaptive_fast,40e5b8c925f3a60b9d7498bb3c55bd818e35fb4f0e60f520f0bf55856338da33
R101,solomon_txt,3f3655182bc0fe44ce5de65fdcd2ee2f9c7fb9ed055f923635151d9d6f76d3ed,1,1,ok,True,20,1868572,1868.572,0.050118,0.500396,2,time_limit,solomon_exact_1000_v1,,,,,,0.5,,,,25,153657d31d0a2c73de1efecde91d561f2bc3385b7604e2cb6ac55292ec1305ce,False,adaptive_fast,40e5b8c925f3a60b9d7498bb3c55bd818e35fb4f0e60f520f0bf55856338da33
R101,solomon_txt,3f3655182bc0fe44ce5de65fdcd2ee2f9c7fb9ed055f923635151d9d6f76d3ed,2,1,ok,True,20,1880303,1880.303,0.05156,0.500336,3,time_limit,solomon_exact_1000_v1,,,,,,0.5,,,,25,153657d31d0a2c73de1efecde91d561f2bc3385b7604e2cb6ac55292ec1305ce,False,adaptive_fast,40e5b8c925f3a60b9d7498bb3c55bd818e35fb4f0e60f520f0bf55856338da33
R102,solomon_txt,eeb23171b7e4fbfc80bf000ca770329109900fbd7273fa8b9d1f95b7dfe683c3,0,1,ok,True,18,1548987,1548.987,0.055658,0.500367,1,time_limit,solomon_exact_1000_v1,,,,,,0.5,,,,25,153657d31d0a2c73de1efecde91d561f2bc3385b7604e2cb6ac55292ec1305ce,False,adaptive_fast,40e5b8c925f3a60b9d7498bb3c55bd818e35fb4f0e60f520f0bf55856338da33
R102,solomon_txt,eeb23171b7e4fbfc80bf000ca770329109900fbd7273fa8b9d1f95b7dfe683c3,1,1,ok,True,18,1591392,1591.392,0.053418,0.500354,1,time_limit,solomon_exact_1000_v1,,,,,,0.5,,,,25,153657d31d0a2c73de1efecde91d561f2bc3385b7604e2cb6ac55292ec1305ce,False,adaptive_fast,40e5b8c925f3a60b9d7498bb3c55bd818e35fb4f0e60f520f0bf55856338da33
R102,solomon_txt,eeb23171b7e4fbfc80bf000ca770329109900fbd7273fa8b9d1f95b7dfe683c3,2,1,ok,True,18,1563121,1563.121,0.055368,0.500355,1,time_limit,solomon_exact_1000_v1,,,,,,0.5,,,,25,153657d31d0a2c73de1efecde91d561f2bc3385b7604e2cb6ac55292ec1305ce,False,adaptive_fast,40e5b8c925f3a60b9d7498bb3c55bd818e35fb4f0e60f520f0bf55856338da33
R103,solomon_txt,1f833e8648ba39e0edc76754fb49e81777a7175cf7b084c3f60a12607bfb3991,0,1,ok,True,14,1543316,1543.316,0.063355,0.500373,2,time_limit,solomon_exact_1000_v1,,,,,,0.5,,,,25,153657d31d0a2c73de1efecde91d561f2bc3385b7604e2cb6ac55292ec1305ce,False,adaptive_fast,40e5b8c925f3a60b9d7498bb3c55bd818e35fb4f0e60f520f0bf55856338da33
R103,solomon_txt,1f833e8648ba39e0edc76754fb49e81777a7175cf7b084c3f60a12607bfb3991,1,1,ok,True,14,1543316,1543.316,0.063919,0.500357,2,time_limit,solomon_exact_1000_v1,,,,,,0.5,,,,25,153657d31d0a2c73de1efecde91d561f2bc3385b7604e2cb6ac55292ec1305ce,False,adaptive_fast,40e5b8c925f3a60b9d7498bb3c55bd818e35fb4f0e60f520f0bf55856338da33
R103,solomon_txt,1f833e8648ba39e0edc76754fb49e81777a7175cf7b084c3f60a12607bfb3991,2,1,ok,True,14,1546015,1546.015,0.061977,0.500379,2,time_limit,solomon_exact_1000_v1,,,,,,0.5,,,,25,153657d31d0a2c73de1efecde91d561f2bc3385b7604e2cb6ac55292ec1305ce,False,adaptive_fast,40e5b8c925f3a60b9d7498bb3c55bd818e35fb4f0e60f520f0bf55856338da33
R104,solomon_txt,dd087124311d91facd81736debbfc7d0f351d27942917e2d76cbafd01e6183b7,0,1,ok,True,11,1186697,1186.697,0.071565,0.500371,2,time_limit,solomon_exact_1000_v1,,,,,,0.5,,,,25,153657d31d0a2c73de1efecde91d561f2bc3385b7604e2cb6ac55292ec1305ce,False,adaptive_fast,40e5b8c925f3a60b9d7498bb3c55bd818e35fb4f0e60f520f0bf55856338da33
R104,solomon_txt,dd087124311d91facd81736debbfc7d0f351d27942917e2d76cbafd01e6183b7,1,1,ok,True,10,1209420,1209.42,0.071989,0.500318,1,time_limit,solomon_exact_1000_v1,,,,,,0.5,,,,25,153657d31d0a2c73de1efecde91d561f2bc3385b7604e2cb6ac55292ec1305ce,False,adaptive_fast,40e5b8c925f3a60b9d7498bb3c55bd818e35fb4f0e60f520f0bf55856338da33
R104,solomon_txt,dd087124311d91facd81736debbfc7d0f351d27942917e2d76cbafd01e6183b7,2,1,ok,True,10,1119070,1119.07,0.075013,0.500313,1,time_limit,solomon_exact_1000_v1,,,,,,0.5,,,,25,153657d31d0a2c73de1efecde91d561f2bc3385b7604e2cb6ac55292ec1305ce,False,adaptive_fast,40e5b8c925f3a60b9d7498bb3c55bd818e35fb4f0e60f520f0bf55856338da33
R105,solomon_txt,ff1a614f8458d6339b3f54d8e4ca2dcf0a35c96012f477f6a819ae481de85ca4,0,1,ok,True,16,1757067,1757.067,0.056085,0.500348,4,time_limit,solomon_exact_1000_v1,,,,,,0.5,,,,25,153657d31d0a2c73de1efecde91d561f2bc3385b7604e2cb6ac55292ec1305ce,False,adaptive_fast,40e5b8c925f3a60b9d7498bb3c55bd818e35fb4f0e60f520f0bf55856338da33
R105,solomon_txt,ff1a614f8458d6339b3f54d8e4ca2dcf0a35c96012f477f6a819ae481de85ca4,1,1,ok,True,15,1644168,1644.168,0.055582,0.500412,2,time_limit,solomon_exact_1000_v1,,,,,,0.5,,,,25,153657d31d0a2c73de1efecde91d561f2bc3385b7604e2cb6ac55292ec1305ce,False,adaptive_fast,40e5b8c925f3a60b9d7498bb3c55bd818e35fb4f0e60f520f0bf55856338da33
R105,solomon_txt,ff1a614f8458d6339b3f54d8e4ca2dcf0a35c96012f477f6a819ae481de85ca4,2,1,ok,True,15,1702105,1702.105,0.055364,0.500396,2,time_limit,solomon_exact_1000_v1,,,,,,0.5,,,,25,153657d31d0a2c73de1efecde91d561f2bc3385b7604e2cb6ac55292ec1305ce,False,adaptive_fast,40e5b8c925f3a60b9d7498bb3c55bd818e35fb4f0e60f520f0bf55856338da33
R106,solomon_txt,31b8783d177f0fbe1c84b8f085fbf28b1989a80e4c00f49f5654ebef99835e97,0,1,ok,True,14,1578789,1578.789,0.058018,0.500343,4,time_limit,solomon_exact_1000_v1,,,,,,0.5,,,,25,153657d31d0a2c73de1efecde91d561f2bc3385b7604e2cb6ac55292ec1305ce,False,adaptive_fast,40e5b8c925f3a60b9d7498bb3c55bd818e35fb4f0e60f520f0bf55856338da33
R106,solomon_txt,31b8783d177f0fbe1c84b8f085fbf28b1989a80e4c00f49f5654ebef99835e97,1,1,ok,True,14,1574823,1574.823,0.059558,0.500387,2,time_limit,solomon_exact_1000_v1,,,,,,0.5,,,,25,153657d31d0a2c73de1efecde91d561f2bc3385b7604e2cb6ac55292ec1305ce,False,adaptive_fast,40e5b8c925f3a60b9d7498bb3c55bd818e35fb4f0e60f520f0bf55856338da33
R106,solomon_txt,31b8783d177f0fbe1c84b8f085fbf28b1989a80e4c00f49f5654ebef99835e97,2,1,ok,True,13,1558794,1558.794,0.059661,0.500284,3,time_limit,solomon_exact_1000_v1,,,,,,0.5,,,,25,153657d31d0a2c73de1efecde91d561f2bc3385b7604e2cb6ac55292ec1305ce,False,adaptive_fast,40e5b8c925f3a60b9d7498bb3c55bd818e35fb4f0e60f520f0bf55856338da33
R107,solomon_txt,dba2b257a1d43d7c78d5e3a9f09091a2b125d3fbec78c0c8a1782add669a1275,0,1,ok,True,11,1344856,1344.856,0.068693,0.500365,2,time_limit,solomon_exact_1000_v1,,,,,,0.5,,,,25,153657d31d0a2c73de1efecde91d561f2bc3385b7604e2cb6ac55292ec1305ce,False,adaptive_fast,40e5b8c925f3a60b9d7498bb3c55bd818e35fb4f0e60f520f0bf55856338da33
R107,solomon_txt,dba2b257a1d43d7c78d5e3a9f09091a2b125d3fbec78c0c8a1782add669a1275,1,1,ok,True,11,1364247,1364.247,0.066511,0.500309,3,time_limit,solomon_exact_1000_v1,,,,,,0.5,,,,25,153657d31d0a2c73de1efecde91d561f2bc3385b7604e2cb6ac55292ec1305ce,False,adaptive_fast,40e5b8c925f3a60b9d7498bb3c55bd818e35fb4f0e60f520f0bf55856338da33
R107,solomon_txt,dba2b257a1d43d7c78d5e3a9f09091a2b125d3fbec78c0c8a1782add669a1275,2,1,ok,True,12,1486083,1486.083,0.067362,0.500345,3,time_limit,solomon_exact_1000_v1,,,,,,0.5,,,,25,153657d31d0a2c73de1efecde91d561f2bc3385b7604e2cb6ac55292ec1305ce,False,adaptive_fast,40e5b8c925f3a60b9d7498bb3c55bd818e35fb4f0e60f520f0bf55856338da33
R108,solomon_txt,65cae09f4099b7e70d2b723e0e3a30aa1494c75a367bb894a3fd13241ee639d4,0,1,ok,True,10,1217799,1217.799,0.071237,0.500309,3,time_limit,solomon_exact_1000_v1,,,,,,0.5,,,,25,153657d31d0a2c73de1efecde91d561f2bc3385b7604e2cb6ac55292ec1305ce,False,adaptive_fast,40e5b8c925f3a60b9d7498bb3c55bd818e35fb4f0e60f520f0bf55856338da33
R108,solomon_txt,65cae09f4099b7e70d2b723e0e3a30aa1494c75a367bb894a3fd13241ee639d4,1,1,ok,True,10,1128679,1128.679,0.072916,0.500382,2,time_limit,solomon_exact_1000_v1,,,,,,0.5,,,,25,153657d31d0a2c73de1efecde91d561f2bc3385b7604e2cb6ac55292ec1305ce,False,adaptive_fast,40e5b8c925f3a60b9d7498bb3c55bd818e35fb4f0e60f520f0bf55856338da33
R108,solomon_txt,65cae09f4099b7e70d2b723e0e3a30aa1494c75a367bb894a3fd13241ee639d4,2,1,ok,True,11,1314289,1314.289,0.069863,0.500335,2,time_limit,solomon_exact_1000_v1,,,,,,0.5,,,,25,153657d31d0a2c73de1efecde91d561f2bc3385b7604e2cb6ac55292ec1305ce,False,adaptive_fast,40e5b8c925f3a60b9d7498bb3c55bd818e35fb4f0e60f520f0bf55856338da33
R109,solomon_txt,4ef24030e8c48de5f85dcd90c5739186004fc8dec87533b6467013cf996f4777,0,1,ok,True,13,1527854,1527.854,0.054572,0.500411,2,time_limit,solomon_exact_1000_v1,,,,,,0.5,,,,25,153657d31d0a2c73de1efecde91d561f2bc3385b7604e2cb6ac55292ec1305ce,False,adaptive_fast,40e5b8c925f3a60b9d7498bb3c55bd818e35fb4f0e60f520f0bf55856338da33
R109,solomon_txt,4ef24030e8c48de5f85dcd90c5739186004fc8dec87533b6467013cf996f4777,1,1,ok,True,14,1611887,1611.887,0.05713,0.500346,4,time_limit,solomon_exact_1000_v1,,,,,,0.5,,,,25,153657d31d0a2c73de1efecde91d561f2bc3385b7604e2cb6ac55292ec1305ce,False,adaptive_fast,40e5b8c925f3a60b9d7498bb3c55bd818e35fb4f0e60f520f0bf55856338da33
R109,solomon_txt,4ef24030e8c48de5f85dcd90c5739186004fc8dec87533b6467013cf996f4777,2,1,ok,True,14,1453556,1453.556,0.055283,0.500369,4,time_limit,solomon_exact_1000_v1,,,,,,0.5,,,,25,153657d31d0a2c73de1efecde91d561f2bc3385b7604e2cb6ac55292ec1305ce,False,adaptive_fast,40e5b8c925f3a60b9d7498bb3c55bd818e35fb4f0e60f520f0bf55856338da33
R110,solomon_txt,14cb53cb99af61d3d708f07564b9a72d146e7c26b4f10507cfaf3bc828f34bfa,0,1,ok,True,13,1585711,1585.711,0.064288,0.500342,4,time_limit,solomon_exact_1000_v1,,,,,,0.5,,,,25,153657d31d0a2c73de1efecde91d561f2bc3385b7604e2cb6ac55292ec1305ce,False,adaptive_fast,40e5b8c925f3a60b9d7498bb3c55bd818e35fb4f0e60f520f0bf55856338da33
R110,solomon_txt,14cb53cb99af61d3d708f07564b9a72d146e7c26b4f10507cfaf3bc828f34bfa,1,1,ok,True,12,1462696,1462.696,0.061979,0.500315,3,time_limit,solomon_exact_1000_v1,,,,,,0.5,,,,25,153657d31d0a2c73de1efecde91d561f2bc3385b7604e2cb6ac55292ec1305ce,False,adaptive_fast,40e5b8c925f3a60b9d7498bb3c55bd818e35fb4f0e60f520f0bf55856338da33
R110,solomon_txt,14cb53cb99af61d3d708f07564b9a72d146e7c26b4f10507cfaf3bc828f34bfa,2,1,ok,True,12,1576535,1576.535,0.062477,0.50037,2,time_limit,solomon_exact_1000_v1,,,,,,0.5,,,,25,153657d31d0a2c73de1efecde91d561f2bc3385b7604e2cb6ac55292ec1305ce,False,adaptive_fast,40e5b8c925f3a60b9d7498bb3c55bd818e35fb4f0e60f520f0bf55856338da33
R111,solomon_txt,3d94a73b1f2fe8aae4618b9d9ea254cff2e3924a6a841aa390096ec6c60f258d,0,1,ok,True,12,1406336,1406.336,0.066168,0.500307,3,time_limit,solomon_exact_1000_v1,,,,,,0.5,,,,25,153657d31d0a2c73de1efecde91d561f2bc3385b7604e2cb6ac55292ec1305ce,False,adaptive_fast,40e5b8c925f3a60b9d7498bb3c55bd818e35fb4f0e60f520f0bf55856338da33
R111,solomon_txt,3d94a73b1f2fe8aae4618b9d9ea254cff2e3924a6a841aa390096ec6c60f258d,1,1,ok,True,12,1480321,1480.321,0.06491,0.500291,3,time_limit,solomon_exact_1000_v1,,,,,,0.5,,,,25,153657d31d0a2c73de1efecde91d561f2bc3385b7604e2cb6ac55292ec1305ce,False,adaptive_fast,40e5b8c925f3a60b9d7498bb3c55bd818e35fb4f0e60f520f0bf55856338da33
R111,solomon_txt,3d94a73b1f2fe8aae4618b9d9ea254cff2e3924a6a841aa390096ec6c60f258d,2,1,ok,True,12,1473191,1473.191,0.06496,0.500313,3,time_limit,solomon_exact_1000_v1,,,,,,0.5,,,,25,153657d31d0a2c73de1efecde91d561f2bc3385b7604e2cb6ac55292ec1305ce,False,adaptive_fast,40e5b8c925f3a60b9d7498bb3c55bd818e35fb4f0e60f520f0bf55856338da33
R112,solomon_txt,a0e93149d59d30c356619891d192e86d0f16c3158e1dac3bd9f23c6deb718271,0,1,ok,True,12,1344344,1344.344,0.0631,0.500332,4,time_limit,solomon_exact_1000_v1,,,,,,0.5,,,,25,153657d31d0a2c73de1efecde91d561f2bc3385b7604e2cb6ac55292ec1305ce,False,adaptive_fast,40e5b8c925f3a60b9d7498bb3c55bd818e35fb4f0e60f520f0bf55856338da33
R112,solomon_txt,a0e93149d59d30c356619891d192e86d0f16c3158e1dac3bd9f23c6deb718271,1,1,ok,True,11,1158070,1158.07,0.063583,0.500305,3,time_limit,solomon_exact_1000_v1,,,,,,0.5,,,,25,153657d31d0a2c73de1efecde91d561f2bc3385b7604e2cb6ac55292ec1305ce,False,adaptive_fast,40e5b8c925f3a60b9d7498bb3c55bd818e35fb4f0e60f520f0bf55856338da33
R112,solomon_txt,a0e93149d59d30c356619891d192e86d0f16c3158e1dac3bd9f23c6deb718271,2,1,ok,True,12,1531744,1531.744,0.062046,0.500309,5,time_limit,solomon_exact_1000_v1,,,,,,0.5,,,,25,153657d31d0a2c73de1efecde91d561f2bc3385b7604e2cb6ac55292ec1305ce,False,adaptive_fast,40e5b8c925f3a60b9d7498bb3c55bd818e35fb4f0e60f520f0bf55856338da33
R201,solomon_txt,0be960ec998fff2cab0bdbcc5194c617e5ca0a79c82c5b32b1d4bd98b2cae210,0,1,ok,True,4,1679869,1679.869,0.132361,0.500308,2,time_limit,solomon_exact_1000_v1,,,,,,0.5,,,,25,153657d31d0a2c73de1efecde91d561f2bc3385b7604e2cb6ac55292ec1305ce,False,adaptive_fast,40e5b8c925f3a60b9d7498bb3c55bd818e35fb4f0e60f520f0bf55856338da33
R201,solomon_txt,0be960ec998fff2cab0bdbcc5194c617e5ca0a79c82c5b32b1d4bd98b2cae210,1,1,ok,True,4,1620125,1620.125,0.129104,0.500319,2,time_limit,solomon_exact_1000_v1,,,,,,0.5,,,,25,153657d31d0a2c73de1efecde91d561f2bc3385b7604e2cb6ac55292ec1305ce,False,adaptive_fast,40e5b8c925f3a60b9d7498bb3c55bd818e35fb4f0e60f520f0bf55856338da33
R201,solomon_txt,0be960ec998fff2cab0bdbcc5194c617e5ca0a79c82c5b32b1d4bd98b2cae210,2,1,ok,True,4,1605282,1605.282,0.128461,0.500315,1,time_limit,solomon_exact_1000_v1,,,,,,0.5,,,,25,153657d31d0a2c73de1efecde91d561f2bc3385b7604e2cb6ac55292ec1305ce,False,adaptive_fast,40e5b8c925f3a60b9d7498bb3c55bd818e35fb4f0e60f520f0bf55856338da33
R202,solomon_txt,1f7761bb33e9dd0c94837b32c72280296ffc283dba997379c7ad75ce00dffc8d,0,1,ok,True,4,1622244,1622.244,0.152348,0.500329,2,time_limit,solomon_exact_1000_v1,,,,,,0.5,,,,25,153657d31d0a2c73de1efecde91d561f2bc3385b7604e2cb6ac55292ec1305ce,False,adaptive_fast,40e5b8c925f3a60b9d7498bb3c55bd818e35fb4f0e60f520f0bf55856338da33
R202,solomon_txt,1f7761bb33e9dd0c94837b32c72280296ffc283dba997379c7ad75ce00dffc8d,1,1,ok,True,4,1622244,1622.244,0.148958,0.50032,2,time_limit,solomon_exact_1000_v1,,,,,,0.5,,,,25,153657d31d0a2c73de1efecde91d561f2bc3385b7604e2cb6ac55292ec1305ce,False,adaptive_fast,40e5b8c925f3a60b9d7498bb3c55bd818e35fb4f0e60f520f0bf55856338da33
R202,solomon_txt,1f7761bb33e9dd0c94837b32c72280296ffc283dba997379c7ad75ce00dffc8d,2,1,ok,True,4,1622145,1622.145,0.147366,0.50032,2,time_limit,solomon_exact_1000_v1,,,,,,0.5,,,,25,153657d31d0a2c73de1efecde91d561f2bc3385b7604e2cb6ac55292ec1305ce,False,adaptive_fast,40e5b8c925f3a60b9d7498bb3c55bd818e35fb4f0e60f520f0bf55856338da33
R203,solomon_txt,38c484db31bd7452a94d533e26a2348ef598df600b79d061d9ddc1c61466a731,0,1,ok,True,3,1262185,1262.185,0.162663,0.500281,1,time_limit,solomon_exact_1000_v1,,,,,,0.5,,,,25,153657d31d0a2c73de1efecde91d561f2bc3385b7604e2cb6ac55292ec1305ce,False,adaptive_fast,40e5b8c925f3a60b9d7498bb3c55bd818e35fb4f0e60f520f0bf55856338da33
R203,solomon_txt,38c484db31bd7452a94d533e26a2348ef598df600b79d061d9ddc1c61466a731,1,1,ok,True,3,1260670,1260.67,0.168041,0.500299,1,time_limit,solomon_exact_1000_v1,,,,,,0.5,,,,25,153657d31d0a2c73de1efecde91d561f2bc3385b7604e2cb6ac55292ec1305ce,False,adaptive_fast,40e5b8c925f3a60b9d7498bb3c55bd818e35fb4f0e60f520f0bf55856338da33
R203,solomon_txt,38c484db31bd7452a94d533e26a2348ef598df600b79d061d9ddc1c61466a731,2,1,ok,True,3,1250918,1250.918,0.169242,0.500288,1,time_limit,solomon_exact_1000_v1,,,,,,0.5,,,,25,153657d31d0a2c73de1efecde91d561f2bc3385b7604e2cb6ac55292ec1305ce,False,adaptive_fast,40e5b8c925f3a60b9d7498bb3c55bd818e35fb4f0e60f520f0bf55856338da33
R204,solomon_txt,5349e37d8df99bcbee1efa2e970d2662b5265e5f82fc609343a6af0a60257abf,0,1,ok,True,3,1284977,1284.977,0.198281,0.500307,2,time_limit,solomon_exact_1000_v1,,,,,,0.5,,,,25,153657d31d0a2c73de1efecde91d561f2bc3385b7604e2cb6ac55292ec1305ce,False,adaptive_fast,40e5b8c925f3a60b9d7498bb3c55bd818e35fb4f0e60f520f0bf55856338da33
R204,solomon_txt,5349e37d8df99bcbee1efa2e970d2662b5265e5f82fc609343a6af0a60257abf,1,1,ok,True,3,1217807,1217.807,0.204527,0.500308,1,time_limit,solomon_exact_1000_v1,,,,,,0.5,,,,25,153657d31d0a2c73de1efecde91d561f2bc3385b7604e2cb6ac55292ec1305ce,False,adaptive_fast,40e5b8c925f3a60b9d7498bb3c55bd818e35fb4f0e60f520f0bf55856338da33
R204,solomon_txt,5349e37d8df99bcbee1efa2e970d2662b5265e5f82fc609343a6af0a60257abf,2,1,ok,True,3,1199995,1199.995,0.202543,0.500333,2,time_limit,solomon_exact_1000_v1,,,,,,0.5,,,,25,153657d31d0a2c73de1efecde91d561f2bc3385b7604e2cb6ac55292ec1305ce,False,adaptive_fast,40e5b8c925f3a60b9d7498bb3c55bd818e35fb4f0e60f520f0bf55856338da33
R205,solomon_txt,1996bf8f10716fb8cfc1a585206a6a6e566f32347c1bb8f36c75ed6c887f77e3,0,1,ok,True,3,1286878,1286.878,0.165801,0.500282,1,time_limit,solomon_exact_1000_v1,,,,,,0.5,,,,25,153657d31d0a2c73de1efecde91d561f2bc3385b7604e2cb6ac55292ec1305ce,False,adaptive_fast,40e5b8c925f3a60b9d7498bb3c55bd818e35fb4f0e60f520f0bf55856338da33
R205,solomon_txt,1996bf8f10716fb8cfc1a585206a6a6e566f32347c1bb8f36c75ed6c887f77e3,1,1,ok,True,3,1545111,1545.111,0.158774,0.500306,1,time_limit,solomon_exact_1000_v1,,,,,,0.5,,,,25,153657d31d0a2c73de1efecde91d561f2bc3385b7604e2cb6ac55292ec1305ce,False,adaptive_fast,40e5b8c925f3a60b9d7498bb3c55bd818e35fb4f0e60f520f0bf55856338da33
R205,solomon_txt,1996bf8f10716fb8cfc1a585206a6a6e566f32347c1bb8f36c75ed6c887f77e3,2,1,ok,True,3,1409798,1409.798,0.15506,0.500328,2,time_limit,solomon_exact_1000_v1,,,,,,0.5,,,,25,153657d31d0a2c73de1efecde91d561f2bc3385b7604e2cb6ac55292ec1305ce,False,adaptive_fast,40e5b8c925f3a60b9d7498bb3c55bd818e35fb4f0e60f520f0bf55856338da33
R206,solomon_txt,c8754a0319264d076c038b1bf023c8c4710e8895fe3e03f485e9ae249f32fe43,0,1,ok,True,3,1533607,1533.607,0.16869,0.500313,3,time_limit,solomon_exact_1000_v1,,,,,,0.5,,,,25,153657d31d0a2c73de1efecde91d561f2bc3385b7604e2cb6ac55292ec1305ce,False,adaptive_fast,40e5b8c925f3a60b9d7498bb3c55bd818e35fb4f0e60f520f0bf55856338da33
R206,solomon_txt,c8754a0319264d076c038b1bf023c8c4710e8895fe3e03f485e9ae249f32fe43,1,1,ok,True,3,1389279,1389.279,0.17362,0.500487,3,time_limit,solomon_exact_1000_v1,,,,,,0.5,,,,25,153657d31d0a2c73de1efecde91d561f2bc3385b7604e2cb6ac55292ec1305ce,False,adaptive_fast,40e5b8c925f3a60b9d7498bb3c55bd818e35fb4f0e60f520f0bf55856338da33
R206,solomon_txt,c8754a0319264d076c038b1bf023c8c4710e8895fe3e03f485e9ae249f32fe43,2,1,ok,True,3,1533607,1533.607,0.165503,0.500309,2,time_limit,solomon_exact_1000_v1,,,,,,0.5,,,,25,153657d31d0a2c73de1efecde91d561f2bc3385b7604e2cb6ac55292ec1305ce,False,adaptive_fast,40e5b8c925f3a60b9d7498bb3c55bd818e35fb4f0e60f520f0bf55856338da33
R207,solomon_txt,52dc8eebba43fdc67ca9aadab228b75a297acb55a87db3e4748e82f623e3cbe6,0,1,ok,True,3,1164515,1164.515,0.199605,0.500345,2,time_limit,solomon_exact_1000_v1,,,,,,0.5,,,,25,153657d31d0a2c73de1efecde91d561f2bc3385b7604e2cb6ac55292ec1305ce,False,adaptive_fast,40e5b8c925f3a60b9d7498bb3c55bd818e35fb4f0e60f520f0bf55856338da33
R207,solomon_txt,52dc8eebba43fdc67ca9aadab228b75a297acb55a87db3e4748e82f623e3cbe6,1,1,ok,True,3,1102590,1102.59,0.194597,0.500295,1,time_limit,solomon_exact_1000_v1,,,,,,0.5,,,,25,153657d31d0a2c73de1efecde91d561f2bc3385b7604e2cb6ac55292ec1305ce,False,adaptive_fast,40e5b8c925f3a60b9d7498bb3c55bd818e35fb4f0e60f520f0bf55856338da33
R207,solomon_txt,52dc8eebba43fdc67ca9aadab228b75a297acb55a87db3e4748e82f623e3cbe6,2,1,ok,True,3,1024827,1024.827,0.19887,0.500345,1,time_limit,solomon_exact_1000_v1,,,,,,0.5,,,,25,153657d31d0a2c73de1efecde91d561f2bc3385b7604e2cb6ac55292ec1305ce,False,adaptive_fast,40e5b8c925f3a60b9d7498bb3c55bd818e35fb4f0e60f520f0bf55856338da33
R208,solomon_txt,7b4a95d500af9329dd08791d39898a619faec0f8fac039d57373e761545b980d,0,1,ok,True,2,946859,946.859,0.212584,0.50036,2,time_limit,solomon_exact_1000_v1,,,,,,0.5,,,,25,153657d31d0a2c73de1efecde91d561f2bc3385b7604e2cb6ac55292ec1305ce,False,adaptive_fast,40e5b8c925f3a60b9d7498bb3c55bd818e35fb4f0e60f520f0bf55856338da33
R208,solomon_txt,7b4a95d500af9329dd08791d39898a619faec0f8fac039d57373e761545b980d,1,1,ok,True,2,877884,877.884,0.222431,0.500356,2,time_limit,solomon_exact_1000_v1,,,,,,0.5,,,,25,153657d31d0a2c73de1efecde91d561f2bc3385b7604e2cb6ac55292ec1305ce,False,adaptive_fast,40e5b8c925f3a60b9d7498bb3c55bd818e35fb4f0e60f520f0bf55856338da33
R208,solomon_txt,7b4a95d500af9329dd08791d39898a619faec0f8fac039d57373e761545b980d,2,1,ok,True,2,981656,981.656,0.219648,0.500349,2,time_limit,solomon_exact_1000_v1,,,,,,0.5,,,,25,153657d31d0a2c73de1efecde91d561f2bc3385b7604e2cb6ac55292ec1305ce,False,adaptive_fast,40e5b8c925f3a60b9d7498bb3c55bd818e35fb4f0e60f520f0bf55856338da33
R209,solomon_txt,5b74156d032babcff853ccc693f94463eca8333cd425aa99a39ed996f6258933,0,1,ok,True,3,1522983,1522.983,0.16212,0.50039,2,time_limit,solomon_exact_1000_v1,,,,,,0.5,,,,25,153657d31d0a2c73de1efecde91d561f2bc3385b7604e2cb6ac55292ec1305ce,False,adaptive_fast,40e5b8c925f3a60b9d7498bb3c55bd818e35fb4f0e60f520f0bf55856338da33
R209,solomon_txt,5b74156d032babcff853ccc693f94463eca8333cd425aa99a39ed996f6258933,1,1,ok,True,3,1303297,1303.297,0.160418,0.500402,2,time_limit,solomon_exact_1000_v1,,,,,,0.5,,,,25,153657d31d0a2c73de1efecde91d561f2bc3385b7604e2cb6ac55292ec1305ce,False,adaptive_fast,40e5b8c925f3a60b9d7498bb3c55bd818e35fb4f0e60f520f0bf55856338da33
R209,solomon_txt,5b74156d032babcff853ccc693f94463eca8333cd425aa99a39ed996f6258933,2,1,ok,True,3,1331286,1331.286,0.151225,0.500294,2,time_limit,solomon_exact_1000_v1,,,,,,0.5,,,,25,153657d31d0a2c73de1efecde91d561f2bc3385b7604e2cb6ac55292ec1305ce,False,adaptive_fast,40e5b8c925f3a60b9d7498bb3c55bd818e35fb4f0e60f520f0bf55856338da33
R210,solomon_txt,4e5772f109fb6183e6a648d6a1edaba3435438c2dc11c42da370fecf7bdf3a14,0,1,ok,True,3,1443660,1443.66,0.165853,0.500311,2,time_limit,solomon_exact_1000_v1,,,,,,0.5,,,,25,153657d31d0a2c73de1efecde91d561f2bc3385b7604e2cb6ac55292ec1305ce,False,adaptive_fast,40e5b8c925f3a60b9d7498bb3c55bd818e35fb4f0e60f520f0bf55856338da33
R210,solomon_txt,4e5772f109fb6183e6a648d6a1edaba3435438c2dc11c42da370fecf7bdf3a14,1,1,ok,True,3,1415959,1415.959,0.168415,0.50054,2,time_limit,solomon_exact_1000_v1,,,,,,0.5,,,,25,153657d31d0a2c73de1efecde91d561f2bc3385b7604e2cb6ac55292ec1305ce,False,adaptive_fast,40e5b8c925f3a60b9d7498bb3c55bd818e35fb4f0e60f520f0bf55856338da33
R210,solomon_txt,4e5772f109fb6183e6a648d6a1edaba3435438c2dc11c42da370fecf7bdf3a14,2,1,ok,True,3,1406463,1406.463,0.17541,0.500295,2,time_limit,solomon_exact_1000_v1,,,,,,0.5,,,,25,153657d31d0a2c73de1efecde91d561f2bc3385b7604e2cb6ac55292ec1305ce,False,adaptive_fast,40e5b8c925f3a60b9d7498bb3c55bd818e35fb4f0e60f520f0bf55856338da33
R211,solomon_txt,2965507e467a2f92acd59035975910e36ae11e4f49590d4c7d20a883939227ad,0,1,ok,True,3,1480876,1480.876,0.179665,0.500364,3,time_limit,solomon_exact_1000_v1,,,,,,0.5,,,,25,153657d31d0a2c73de1efecde91d561f2bc3385b7604e2cb6ac55292ec1305ce,False,adaptive_fast,40e5b8c925f3a60b9d7498bb3c55bd818e35fb4f0e60f520f0bf55856338da33
R211,solomon_txt,2965507e467a2f92acd59035975910e36ae11e4f49590d4c7d20a883939227ad,1,1,ok,True,3,1516434,1516.434,0.183953,0.500334,2,time_limit,solomon_exact_1000_v1,,,,,,0.5,,,,25,153657d31d0a2c73de1efecde91d561f2bc3385b7604e2cb6ac55292ec1305ce,False,adaptive_fast,40e5b8c925f3a60b9d7498bb3c55bd818e35fb4f0e60f520f0bf55856338da33
R211,solomon_txt,2965507e467a2f92acd59035975910e36ae11e4f49590d4c7d20a883939227ad,2,1,ok,True,3,1411885,1411.885,0.182013,0.500332,2,time_limit,solomon_exact_1000_v1,,,,,,0.5,,,,25,153657d31d0a2c73de1efecde91d561f2bc3385b7604e2cb6ac55292ec1305ce,False,adaptive_fast,40e5b8c925f3a60b9d7498bb3c55bd818e35fb4f0e60f520f0bf55856338da33
RC101,solomon_txt,ef6893ffd9746ad96de8e4da6e64e2c4ba6e08a1c7eb9457276a9f1caf01ca12,0,1,ok,True,16,1964874,1964.874,0.057359,0.500398,2,time_limit,solomon_exact_1000_v1,,,,,,0.5,,,,25,153657d31d0a2c73de1efecde91d561f2bc3385b7604e2cb6ac55292ec1305ce,False,adaptive_fast,40e5b8c925f3a60b9d7498bb3c55bd818e35fb4f0e60f520f0bf55856338da33
RC101,solomon_txt,ef6893ffd9746ad96de8e4da6e64e2c4ba6e08a1c7eb9457276a9f1caf01ca12,1,1,ok,True,17,2095011,2095.011,0.057148,0.50038,4,time_limit,solomon_exact_1000_v1,,,,,,0.5,,,,25,153657d31d0a2c73de1efecde91d561f2bc3385b7604e2cb6ac55292ec1305ce,False,adaptive_fast,40e5b8c925f3a60b9d7498bb3c55bd818e35fb4f0e60f520f0bf55856338da33
RC101,solomon_txt,ef6893ffd9746ad96de8e4da6e64e2c4ba6e08a1c7eb9457276a9f1caf01ca12,2,1,ok,True,16,1899838,1899.838,0.059645,0.500396,2,time_limit,solomon_exact_1000_v1,,,,,,0.5,,,,25,153657d31d0a2c73de1efecde91d561f2bc3385b7604e2cb6ac55292ec1305ce,False,adaptive_fast,40e5b8c925f3a60b9d7498bb3c55bd818e35fb4f0e60f520f0bf55856338da33
RC102,solomon_txt,36acd349d34a577c7fadd61f78517c2cb74bd06a490273800c288f341e5785a4,0,1,ok,True,15,1681845,1681.845,0.059788,0.500356,2,time_limit,solomon_exact_1000_v1,,,,,,0.5,,,,25,153657d31d0a2c73de1efecde91d561f2bc3385b7604e2cb6ac55292ec1305ce,False,adaptive_fast,40e5b8c925f3a60b9d7498bb3c55bd818e35fb4f0e60f520f0bf55856338da33
RC102,solomon_txt,36acd349d34a577c7fadd61f78517c2cb74bd06a490273800c288f341e5785a4,1,1,ok,True,14,1773793,1773.793,0.064676,0.500374,2,time_limit,solomon_exact_1000_v1,,,,,,0.5,,,,25,153657d31d0a2c73de1efecde91d561f2bc3385b7604e2cb6ac55292ec1305ce,False,adaptive_fast,40e5b8c925f3a60b9d7498bb3c55bd818e35fb4f0e60f520f0bf55856338da33
RC102,solomon_txt,36acd349d34a577c7fadd61f78517c2cb74bd06a490273800c288f341e5785a4,2,1,ok,True,14,1711987,1711.987,0.058033,0.500389,2,time_limit,solomon_exact_1000_v1,,,,,,0.5,,,,25,153657d31d0a2c73de1efecde91d561f2bc3385b7604e2cb6ac55292ec1305ce,False,adaptive_fast,40e5b8c925f3a60b9d7498bb3c55bd818e35fb4f0e60f520f0bf55856338da33
RC103,solomon_txt,00f384138274d5d2bff5c41601db17cc4ad0cfc6315c27e223d4477bf435cc2d,0,1,ok,True,12,1735736,1735.736,0.067627,0.500385,2,time_limit,solomon_exact_1000_v1,,,,,,0.5,,,,25,153657d31d0a2c73de1efecde91d561f2bc3385b7604e2cb6ac55292ec1305ce,False,adaptive_fast,40e5b8c925f3a60b9d7498bb3c55bd818e35fb4f0e60f520f0bf55856338da33
RC103,solomon_txt,00f384138274d5d2bff5c41601db17cc4ad0cfc6315c27e223d4477bf435cc2d,1,1,ok,True,12,1703532,1703.532,0.066501,0.500377,2,time_limit,solomon_exact_1000_v1,,,,,,0.5,,,,25,153657d31d0a2c73de1efecde91d561f2bc3385b7604e2cb6ac55292ec1305ce,False,adaptive_fast,40e5b8c925f3a60b9d7498bb3c55bd818e35fb4f0e60f520f0bf55856338da33
RC103,solomon_txt,00f384138274d5d2bff5c41601db17cc4ad0cfc6315c27e223d4477bf435cc2d,2,1,ok,True,12,1438228,1438.228,0.066274,0.500331,2,time_limit,solomon_exact_1000_v1,,,,,,0.5,,,,25,153657d31d0a2c73de1efecde91d561f2bc3385b7604e2cb6ac55292ec1305ce,False,adaptive_fast,40e5b8c925f3a60b9d7498bb3c55bd818e35fb4f0e60f520f0bf55856338da33
RC104,solomon_txt,d150b2d61049a488fb89a2320c197d81a7ef9a1864abbbaea1d13a2b451253ee,0,1,ok,True,11,1465555,1465.555,0.067309,0.500342,3,time_limit,solomon_exact_1000_v1,,,,,,0.5,,,,25,153657d31d0a2c73de1efecde91d561f2bc3385b7604e2cb6ac55292ec1305ce,False,adaptive_fast,40e5b8c925f3a60b9d7498bb3c55bd818e35fb4f0e60f520f0bf55856338da33
RC104,solomon_txt,d150b2d61049a488fb89a2320c197d81a7ef9a1864abbbaea1d13a2b451253ee,1,1,ok,True,11,1562160,1562.16,0.070336,0.50031,3,time_limit,solomon_exact_1000_v1,,,,,,0.5,,,,25,153657d31d0a2c73de1efecde91d561f2bc3385b7604e2cb6ac55292ec1305ce,False,adaptive_fast,40e5b8c925f3a60b9d7498bb3c55bd818e35fb4f0e60f520f0bf55856338da33
RC104,solomon_txt,d150b2d61049a488fb89a2320c197d81a7ef9a1864abbbaea1d13a2b451253ee,2,1,ok,True,11,1316206,1316.206,0.068117,0.500378,2,time_limit,solomon_exact_1000_v1,,,,,,0.5,,,,25,153657d31d0a2c73de1efecde91d561f2bc3385b7604e2cb6ac55292ec1305ce,False,adaptive_fast,40e5b8c925f3a60b9d7498bb3c55bd818e35fb4f0e60f520f0bf55856338da33
RC105,solomon_txt,b9e912625c1ed80d2f565e0799ade2f4b17bf4f95056322ca23f1a21b37e7a49,0,1,ok,True,14,1995938,1995.938,0.059627,0.50039,2,time_limit,solomon_exact_1000_v1,,,,,,0.5,,,,25,153657d31d0a2c73de1efecde91d561f2bc3385b7604e2cb6ac55292ec1305ce,False,adaptive_fast,40e5b8c925f3a60b9d7498bb3c55bd818e35fb4f0e60f520f0bf55856338da33
RC105,solomon_txt,b9e912625c1ed80d2f565e0799ade2f4b17bf4f95056322ca23f1a21b37e7a49,1,1,ok,True,15,2061802,2061.802,0.059958,0.50044,2,time_limit,solomon_exact_1000_v1,,,,,,0.5,,,,25,153657d31d0a2c73de1efecde91d561f2bc3385b7604e2cb6ac55292ec1305ce,False,adaptive_fast,40e5b8c925f3a60b9d7498bb3c55bd818e35fb4f0e60f520f0bf55856338da33
RC105,solomon_txt,b9e912625c1ed80d2f565e0799ade2f4b17bf4f95056322ca23f1a21b37e7a49,2,1,ok,True,15,1864866,1864.866,0.063011,0.500368,4,time_limit,solomon_exact_1000_v1,,,,,,0.5,,,,25,153657d31d0a2c73de1efecde91d561f2bc3385b7604e2cb6ac55292ec1305ce,False,adaptive_fast,40e5b8c925f3a60b9d7498bb3c55bd818e35fb4f0e60f520f0bf55856338da33
RC106,solomon_txt,bf016ffc567af2d108570357daf1d0cabb7f680c0bd977d2e4366787683fdbaf,0,1,ok,True,14,1681259,1681.259,0.060703,0.500375,2,time_limit,solomon_exact_1000_v1,,,,,,0.5,,,,25,153657d31d0a2c73de1efecde91d561f2bc3385b7604e2cb6ac55292ec1305ce,False,adaptive_fast,40e5b8c925f3a60b9d7498bb3c55bd818e35fb4f0e60f520f0bf55856338da33
RC106,solomon_txt,bf016ffc567af2d108570357daf1d0cabb7f680c0bd977d2e4366787683fdbaf,1,1,ok,True,13,1679980,1679.98,0.05768,0.5004,3,time_limit,solomon_exact_1000_v1,,,,,,0.5,,,,25,153657d31d0a2c73de1efecde91d561f2bc3385b7604e2cb6ac55292ec1305ce,False,adaptive_fast,40e5b8c925f3a60b9d7498bb3c55bd818e35fb4f0e60f520f0bf55856338da33
RC106,solomon_txt,bf016ffc567af2d108570357daf1d0cabb7f680c0bd977d2e4366787683fdbaf,2,1,ok,True,14,1788431,1788.431,0.057122,0.500373,4,time_limit,solomon_exact_1000_v1,,,,,,0.5,,,,25,153657d31d0a2c73de1efecde91d561f2bc3385b7604e2cb6ac55292ec1305ce,False,adaptive_fast,40e5b8c925f3a60b9d7498bb3c55bd818e35fb4f0e60f520f0bf55856338da33
RC107,solomon_txt,fff3fd68d110671ed442575f07cc547291586f30b00c5f73934d521d31311582,0,1,ok,True,13,1705395,1705.395,0.060232,0.500383,4,time_limit,solomon_exact_1000_v1,,,,,,0.5,,,,25,153657d31d0a2c73de1efecde91d561f2bc3385b7604e2cb6ac55292ec1305ce,False,adaptive_fast,40e5b8c925f3a60b9d7498bb3c55bd818e35fb4f0e60f520f0bf55856338da33
RC107,solomon_txt,fff3fd68d110671ed442575f07cc547291586f30b00c5f73934d521d31311582,1,1,ok,True,13,1864372,1864.372,0.06028,0.500355,6,time_limit,solomon_exact_1000_v1,,,,,,0.5,,,,25,153657d31d0a2c73de1efecde91d561f2bc3385b7604e2cb6ac55292ec1305ce,False,adaptive_fast,40e5b8c925f3a60b9d7498bb3c55bd818e35fb4f0e60f520f0bf55856338da33
RC107,solomon_txt,fff3fd68d110671ed442575f07cc547291586f30b00c5f73934d521d31311582,2,1,ok,True,13,1859235,1859.235,0.060381,0.500323,5,time_limit,solomon_exact_1000_v1,,,,,,0.5,,,,25,153657d31d0a2c73de1efecde91d561f2bc3385b7604e2cb6ac55292ec1305ce,False,adaptive_fast,40e5b8c925f3a60b9d7498bb3c55bd818e35fb4f0e60f520f0bf55856338da33
RC108,solomon_txt,006bc8817bf09f9a8c66af8d6f088bdec239b2eb435556e9d11193cf456f7aeb,0,1,ok,True,12,1623966,1623.966,0.064178,0.500366,3,time_limit,solomon_exact_1000_v1,,,,,,0.5,,,,25,153657d31d0a2c73de1efecde91d561f2bc3385b7604e2cb6ac55292ec1305ce,False,adaptive_fast,40e5b8c925f3a60b9d7498bb3c55bd818e35fb4f0e60f520f0bf55856338da33
RC108,solomon_txt,006bc8817bf09f9a8c66af8d6f088bdec239b2eb435556e9d11193cf456f7aeb,1,1,ok,True,12,1623772,1623.772,0.064329,0.500329,3,time_limit,solomon_exact_1000_v1,,,,,,0.5,,,,25,153657d31d0a2c73de1efecde91d561f2bc3385b7604e2cb6ac55292ec1305ce,False,adaptive_fast,40e5b8c925f3a60b9d7498bb3c55bd818e35fb4f0e60f520f0bf55856338da33
RC108,solomon_txt,006bc8817bf09f9a8c66af8d6f088bdec239b2eb435556e9d11193cf456f7aeb,2,1,ok,True,12,1604346,1604.346,0.064147,0.500307,3,time_limit,solomon_exact_1000_v1,,,,,,0.5,,,,25,153657d31d0a2c73de1efecde91d561f2bc3385b7604e2cb6ac55292ec1305ce,False,adaptive_fast,40e5b8c925f3a60b9d7498bb3c55bd818e35fb4f0e60f520f0bf55856338da33
RC201,solomon_txt,288836e2d8c2ace83ebbff77e03ac8cdffc574fc134cade21ef92713f8c52d44,0,1,ok,True,5,2429811,2429.811,0.125072,0.500404,3,time_limit,solomon_exact_1000_v1,,,,,,0.5,,,,25,153657d31d0a2c73de1efecde91d561f2bc3385b7604e2cb6ac55292ec1305ce,False,adaptive_fast,40e5b8c925f3a60b9d7498bb3c55bd818e35fb4f0e60f520f0bf55856338da33
RC201,solomon_txt,288836e2d8c2ace83ebbff77e03ac8cdffc574fc134cade21ef92713f8c52d44,1,1,ok,True,5,2396597,2396.597,0.123627,0.500307,3,time_limit,solomon_exact_1000_v1,,,,,,0.5,,,,25,153657d31d0a2c73de1efecde91d561f2bc3385b7604e2cb6ac55292ec1305ce,False,adaptive_fast,40e5b8c925f3a60b9d7498bb3c55bd818e35fb4f0e60f520f0bf55856338da33
RC201,solomon_txt,288836e2d8c2ace83ebbff77e03ac8cdffc574fc134cade21ef92713f8c52d44,2,1,ok,True,5,2327126,2327.126,0.130662,0.500295,3,time_limit,solomon_exact_1000_v1,,,,,,0.5,,,,25,153657d31d0a2c73de1efecde91d561f2bc3385b7604e2cb6ac55292ec1305ce,False,adaptive_fast,40e5b8c925f3a60b9d7498bb3c55bd818e35fb4f0e60f520f0bf55856338da33
RC202,solomon_txt,5a1dee2017ab0ca4fe280b392678c96e8b5bc71f22d02c8058fbde7c4cfebcf4,0,1,ok,True,4,1799096,1799.096,0.120741,0.50032,2,time_limit,solomon_exact_1000_v1,,,,,,0.5,,,,25,153657d31d0a2c73de1efecde91d561f2bc3385b7604e2cb6ac55292ec1305ce,False,adaptive_fast,40e5b8c925f3a60b9d7498bb3c55bd818e35fb4f0e60f520f0bf55856338da33
RC202,solomon_txt,5a1dee2017ab0ca4fe280b392678c96e8b5bc71f22d02c8058fbde7c4cfebcf4,1,1,ok,True,4,1818035,1818.035,0.123018,0.500348,2,time_limit,solomon_exact_1000_v1,,,,,,0.5,,,,25,153657d31d0a2c73de1efecde91d561f2bc3385b7604e2cb6ac55292ec1305ce,False,adaptive_fast,40e5b8c925f3a60b9d7498bb3c55bd818e35fb4f0e60f520f0bf55856338da33
RC202,solomon_txt,5a1dee2017ab0ca4fe280b392678c96e8b5bc71f22d02c8058fbde7c4cfebcf4,2,1,ok,True,4,1619243,1619.243,0.123252,0.500353,2,time_limit,solomon_exact_1000_v1,,,,,,0.5,,,,25,153657d31d0a2c73de1efecde91d561f2bc3385b7604e2cb6ac55292ec1305ce,False,adaptive_fast,40e5b8c925f3a60b9d7498bb3c55bd818e35fb4f0e60f520f0bf55856338da33
RC203,solomon_txt,4adcb362c23df91f14b828d4964e9383ffb02ee74217afc2d84571f83ed91f8b,0,1,ok,True,3,1211454,1211.454,0.122298,0.500327,1,time_limit,solomon_exact_1000_v1,,,,,,0.5,,,,25,153657d31d0a2c73de1efecde91d561f2bc3385b7604e2cb6ac55292ec1305ce,False,adaptive_fast,40e5b8c925f3a60b9d7498bb3c55bd818e35fb4f0e60f520f0bf55856338da33
RC203,solomon_txt,4adcb362c23df91f14b828d4964e9383ffb02ee74217afc2d84571f83ed91f8b,1,1,ok,True,3,1526236,1526.236,0.135957,0.5003,1,time_limit,solomon_exact_1000_v1,,,,,,0.5,,,,25,153657d31d0a2c73de1efecde91d561f2bc3385b7604e2cb6ac55292ec1305ce,False,adaptive_fast,40e5b8c925f3a60b9d7498bb3c55bd818e35fb4f0e60f520f0bf55856338da33
RC203,solomon_txt,4adcb362c23df91f14b828d4964e9383ffb02ee74217afc2d84571f83ed91f8b,2,1,ok,True,3,1516613,1516.613,0.12376,0.500299,1,time_limit,solomon_exact_1000_v1,,,,,,0.5,,,,25,153657d31d0a2c73de1efecde91d561f2bc3385b7604e2cb6ac55292ec1305ce,False,adaptive_fast,40e5b8c925f3a60b9d7498bb3c55bd818e35fb4f0e60f520f0bf55856338da33
RC204,solomon_txt,11e827eab51a959ebab66344e7b7cfd1aeed895287653b36a72c86a4440ecd77,0,1,ok,True,3,1492499,1492.499,0.183266,0.500329,2,time_limit,solomon_exact_1000_v1,,,,,,0.5,,,,25,153657d31d0a2c73de1efecde91d561f2bc3385b7604e2cb6ac55292ec1305ce,False,adaptive_fast,40e5b8c925f3a60b9d7498bb3c55bd818e35fb4f0e60f520f0bf55856338da33
RC204,solomon_txt,11e827eab51a959ebab66344e7b7cfd1aeed895287653b36a72c86a4440ecd77,1,1,ok,True,3,1482620,1482.62,0.1873,0.500318,2,time_limit,solomon_exact_1000_v1,,,,,,0.5,,,,25,153657d31d0a2c73de1efecde91d561f2bc3385b7604e2cb6ac55292ec1305ce,False,adaptive_fast,40e5b8c925f3a60b9d7498bb3c55bd818e35fb4f0e60f520f0bf55856338da33
RC204,solomon_txt,11e827eab51a959ebab66344e7b7cfd1aeed895287653b36a72c86a4440ecd77,2,1,ok,True,3,1485242,1485.242,0.182518,0.500346,2,time_limit,solomon_exact_1000_v1,,,,,,0.5,,,,25,153657d31d0a2c73de1efecde91d561f2bc3385b7604e2cb6ac55292ec1305ce,False,adaptive_fast,40e5b8c925f3a60b9d7498bb3c55bd818e35fb4f0e60f520f0bf55856338da33
RC205,solomon_txt,c061d306cf42310b0f3ca15612089f6c5a8d5604c0733bf26852477c787662c9,0,1,ok,True,4,1959415,1959.415,0.136171,0.500337,1,time_limit,solomon_exact_1000_v1,,,,,,0.5,,,,25,153657d31d0a2c73de1efecde91d561f2bc3385b7604e2cb6ac55292ec1305ce,False,adaptive_fast,40e5b8c925f3a60b9d7498bb3c55bd818e35fb4f0e60f520f0bf55856338da33
RC205,solomon_txt,c061d306cf42310b0f3ca15612089f6c5a8d5604c0733bf26852477c787662c9,1,1,ok,True,4,2003798,2003.798,0.138072,0.500399,2,time_limit,solomon_exact_1000_v1,,,,,,0.5,,,,25,153657d31d0a2c73de1efecde91d561f2bc3385b7604e2cb6ac55292ec1305ce,False,adaptive_fast,40e5b8c925f3a60b9d7498bb3c55bd818e35fb4f0e60f520f0bf55856338da33
RC205,solomon_txt,c061d306cf42310b0f3ca15612089f6c5a8d5604c0733bf26852477c787662c9,2,1,ok,True,4,2034157,2034.157,0.136021,0.500359,2,time_limit,solomon_exact_1000_v1,,,,,,0.5,,,,25,153657d31d0a2c73de1efecde91d561f2bc3385b7604e2cb6ac55292ec1305ce,False,adaptive_fast,40e5b8c925f3a60b9d7498bb3c55bd818e35fb4f0e60f520f0bf55856338da33
RC206,solomon_txt,5203aecf67c84df49e152645312a837ffefde529314ff892ca061538816e43a9,0,1,ok,True,4,1911298,1911.298,0.131325,0.500307,2,time_limit,solomon_exact_1000_v1,,,,,,0.5,,,,25,153657d31d0a2c73de1efecde91d561f2bc3385b7604e2cb6ac55292ec1305ce,False,adaptive_fast,40e5b8c925f3a60b9d7498bb3c55bd818e35fb4f0e60f520f0bf55856338da33
RC206,solomon_txt,5203aecf67c84df49e152645312a837ffefde529314ff892ca061538816e43a9,1,1,ok,True,4,1755982,1755.982,0.132762,0.500304,1,time_limit,solomon_exact_1000_v1,,,,,,0.5,,,,25,153657d31d0a2c73de1efecde91d561f2bc3385b7604e2cb6ac55292ec1305ce,False,adaptive_fast,40e5b8c925f3a60b9d7498bb3c55bd818e35fb4f0e60f520f0bf55856338da33
RC206,solomon_txt,5203aecf67c84df49e152645312a837ffefde529314ff892ca061538816e43a9,2,1,ok,True,4,1725004,1725.004,0.131766,0.500374,2,time_limit,solomon_exact_1000_v1,,,,,,0.5,,,,25,153657d31d0a2c73de1efecde91d561f2bc3385b7604e2cb6ac55292ec1305ce,False,adaptive_fast,40e5b8c925f3a60b9d7498bb3c55bd818e35fb4f0e60f520f0bf55856338da33
RC207,solomon_txt,5cab65f99b350cdb8fb1c4d0a12dde85eb4ff6a6d6daf292b182cb73de9a8b63,0,1,ok,True,4,1907431,1907.431,0.145,0.500347,2,time_limit,solomon_exact_1000_v1,,,,,,0.5,,,,25,153657d31d0a2c73de1efecde91d561f2bc3385b7604e2cb6ac55292ec1305ce,False,adaptive_fast,40e5b8c925f3a60b9d7498bb3c55bd818e35fb4f0e60f520f0bf55856338da33
RC207,solomon_txt,5cab65f99b350cdb8fb1c4d0a12dde85eb4ff6a6d6daf292b182cb73de9a8b63,1,1,ok,True,3,1398319,1398.319,0.144794,0.500307,1,time_limit,solomon_exact_1000_v1,,,,,,0.5,,,,25,153657d31d0a2c73de1efecde91d561f2bc3385b7604e2cb6ac55292ec1305ce,False,adaptive_fast,40e5b8c925f3a60b9d7498bb3c55bd818e35fb4f0e60f520f0bf55856338da33
RC207,solomon_txt,5cab65f99b350cdb8fb1c4d0a12dde85eb4ff6a6d6daf292b182cb73de9a8b63,2,1,ok,True,4,1680038,1680.038,0.156716,0.500267,3,time_limit,solomon_exact_1000_v1,,,,,,0.5,,,,25,153657d31d0a2c73de1efecde91d561f2bc3385b7604e2cb6ac55292ec1305ce,False,adaptive_fast,40e5b8c925f3a60b9d7498bb3c55bd818e35fb4f0e60f520f0bf55856338da33
RC208,solomon_txt,3d67d2a8e2758a324643f5d6c6ca87e8c56435273eaa04be33f213bb991f1f28,0,1,ok,True,3,1365201,1365.201,0.152264,0.500333,1,time_limit,solomon_exact_1000_v1,,,,,,0.5,,,,25,153657d31d0a2c73de1efecde91d561f2bc3385b7604e2cb6ac55292ec1305ce,False,adaptive_fast,40e5b8c925f3a60b9d7498bb3c55bd818e35fb4f0e60f520f0bf55856338da33
RC208,solomon_txt,3d67d2a8e2758a324643f5d6c6ca87e8c56435273eaa04be33f213bb991f1f28,1,1,ok,True,3,1440488,1440.488,0.150227,0.500295,2,time_limit,solomon_exact_1000_v1,,,,,,0.5,,,,25,153657d31d0a2c73de1efecde91d561f2bc3385b7604e2cb6ac55292ec1305ce,False,adaptive_fast,40e5b8c925f3a60b9d7498bb3c55bd818e35fb4f0e60f520f0bf55856338da33
RC208,solomon_txt,3d67d2a8e2758a324643f5d6c6ca87e8c56435273eaa04be33f213bb991f1f28,2,1,ok,True,3,1511844,1511.844,0.152964,0.500321,2,time_limit,solomon_exact_1000_v1,,,,,,0.5,,,,25,153657d31d0a2c73de1efecde91d561f2bc3385b7604e2cb6ac55292ec1305ce,False,adaptive_fast,40e5b8c925f3a60b9d7498bb3c55bd818e35fb4f0e60f520f0bf55856338da33
