instance,seed,variant,target,trials,repair_rounds,elapsed_seconds,first_feasible_seconds,status
C101,0,baseline,11,1,,,,found
C101,0,baseline,10,23,,,,found
C101,0,reconstruct,11,1,1,0.06825329999992391,0.06825329999992391,found
C101,0,reconstruct,10,23,23,0.284115100002964,0.284115100002964,found
C101,0,cached_reconstruct,11,1,1,0.006973600000492297,0.006973600000492297,found
C101,0,cached_reconstruct,10,23,23,0.048219299998891074,0.048219299998891074,found
C101,0,hybrid,11,1,1,0.006833400002506096,0.006833400002506096,found
C101,0,hybrid,10,45,133,0.3450260000026901,0.3450260000026901,found
C101,0,hybrid_75,11,1,1,0.012028199998894706,0.012028199998894706,found
C101,0,hybrid_75,10,40,120,0.31051259999367176,,time_limit
C101,1,reconstruct,11,1,1,0.07362760000251001,0.07362760000251001,found
C101,1,reconstruct,10,1,1,0.0665447999999742,0.0665447999999742,found
C101,1,cached_reconstruct,11,1,1,0.006880499997350853,0.006880499997350853,found
C101,1,cached_reconstruct,10,1,1,0.006661899999016896,0.006661899999016896,found
C101,1,hybrid,11,1,1,0.0065524000019649975,0.0065524000019649975,found
C101,1,hybrid,10,1,1,0.006298899999819696,0.006298899999819696,found
C101,1,hybrid_75,11,1,1,0.006499999995867256,0.006499999995867256,found
C101,1,hybrid_75,10,1,1,0.006219999995664693,0.006219999995664693,found
C101,1,baseline,11,1,,,,found
C101,1,baseline,10,1,,,,found
C101,2,cached_reconstruct,11,1,1,0.00701689999550581,0.00701689999550581,found
C101,2,cached_reconstruct,10,8,8,0.022674599997117184,0.022674599997117184,found
C101,2,hybrid,11,1,1,0.006718600001477171,0.006718600001477171,found
C101,2,hybrid,10,15,43,0.099942299995746,0.099942299995746,found
C101,2,hybrid_75,11,1,1,0.006728499996825121,0.006728499996825121,found
C101,2,hybrid_75,10,15,43,0.10696109999844339,0.10696109999844339,found
C101,2,baseline,11,1,,,,found
C101,2,baseline,10,8,,,,found
C101,2,reconstruct,11,1,1,0.06625109999731649,0.06625109999731649,found
C101,2,reconstruct,10,8,8,0.1463828000050853,0.1463828000050853,found
C105,0,cached_reconstruct,10,6,6,0.015592000003380235,0.015592000003380235,found
C105,0,hybrid,10,11,31,0.07138080000004265,0.07138080000004265,found
C105,0,hybrid_75,10,11,31,0.07228100000065751,0.07228100000065751,found
C105,0,baseline,10,6,,,,found
C105,0,reconstruct,10,6,6,0.1016823000027216,0.1016823000027216,found
C105,1,hybrid,10,1,1,0.006689000001642853,0.006689000001642853,found
C105,1,hybrid_75,10,1,1,0.006160299999464769,0.006160299999464769,found
C105,1,baseline,10,1,,,,found
C105,1,reconstruct,10,1,1,0.06830970000009984,0.06830970000009984,found
C105,1,cached_reconstruct,10,1,1,0.006953299998713192,0.006953299998713192,found
C105,2,hybrid_75,10,1,1,0.006652399999438785,0.006652399999438785,found
C105,2,baseline,10,1,,,,found
C105,2,reconstruct,10,1,1,0.0805088999986765,0.0805088999986765,found
C105,2,cached_reconstruct,10,1,1,0.006249500002013519,0.006249500002013519,found
C105,2,hybrid,10,1,1,0.0066903999977512285,0.0066903999977512285,found
C106,0,baseline,11,1,,,,found
C106,0,baseline,10,6,,,,found
C106,0,reconstruct,11,1,1,0.06413129999418743,0.06413129999418743,found
C106,0,reconstruct,10,6,6,0.14209300000220537,0.14209300000220537,found
C106,0,cached_reconstruct,11,1,1,0.006809400001657195,0.006809400001657195,found
C106,0,cached_reconstruct,10,6,6,0.0202828999972553,0.0202828999972553,found
C106,0,hybrid,11,1,1,0.007224200002383441,0.007224200002383441,found
C106,0,hybrid,10,11,31,0.08271039999817731,0.08271039999817731,found
C106,0,hybrid_75,11,1,1,0.006397000004653819,0.006397000004653819,found
C106,0,hybrid_75,10,11,31,0.07722060000378406,0.07722060000378406,found
C106,1,reconstruct,11,1,1,0.06382370000210358,0.06382370000210358,found
C106,1,reconstruct,10,1,1,0.0662127000032342,0.0662127000032342,found
C106,1,cached_reconstruct,11,1,1,0.006234100001165643,0.006234100001165643,found
C106,1,cached_reconstruct,10,1,1,0.0061850999991293065,0.0061850999991293065,found
C106,1,hybrid,11,1,1,0.006376699995598756,0.006376699995598756,found
C106,1,hybrid,10,1,1,0.006065099994884804,0.006065099994884804,found
C106,1,hybrid_75,11,1,1,0.00633899999957066,0.00633899999957066,found
C106,1,hybrid_75,10,1,1,0.006173599998874124,0.006173599998874124,found
C106,1,baseline,11,1,,,,found
C106,1,baseline,10,1,,,,found
C106,2,cached_reconstruct,11,1,1,0.006685899999865796,0.006685899999865796,found
C106,2,cached_reconstruct,10,1,1,0.006652399999438785,0.006652399999438785,found
C106,2,hybrid,11,1,1,0.006347599999571685,0.006347599999571685,found
C106,2,hybrid,10,1,1,0.006268899996939581,0.006268899996939581,found
C106,2,hybrid_75,11,1,1,0.0067269999999552965,0.0067269999999552965,found
C106,2,hybrid_75,10,1,1,0.0065781000012066215,0.0065781000012066215,found
C106,2,baseline,11,1,,,,found
C106,2,baseline,10,1,,,,found
C106,2,reconstruct,11,1,1,0.06500889999733772,0.06500889999733772,found
C106,2,reconstruct,10,1,1,0.06848549999995157,0.06848549999995157,found
C107,0,hybrid,10,6,17,0.03173450000031153,0.03173450000031153,found
C107,0,hybrid_75,10,6,17,0.03172199999971781,0.03172199999971781,found
C107,0,baseline,10,4,,,,found
C107,0,reconstruct,10,4,4,0.0917866999952821,0.0917866999952821,found
C107,0,cached_reconstruct,10,4,4,0.012520900003437418,0.012520900003437418,found
C107,1,hybrid_75,10,1,1,0.006492199994681869,0.006492199994681869,found
C107,1,baseline,10,1,,,,found
C107,1,reconstruct,10,1,1,0.0676543000008678,0.0676543000008678,found
C107,1,cached_reconstruct,10,1,1,0.006492000000434928,0.006492000000434928,found
C107,1,hybrid,10,1,1,0.0061846000025980175,0.0061846000025980175,found
C107,2,baseline,10,1,,,,found
C107,2,reconstruct,10,1,1,0.06680449999839766,0.06680449999839766,found
C107,2,cached_reconstruct,10,1,1,0.006182500001159497,0.006182500001159497,found
C107,2,hybrid,10,1,1,0.006352500000502914,0.006352500000502914,found
C107,2,hybrid_75,10,1,1,0.006507300000521354,0.006507300000521354,found
C108,0,reconstruct,10,14,14,0.3815432999981567,0.3815432999981567,found
C108,0,cached_reconstruct,10,14,14,0.050190500005555805,0.050190500005555805,found
C108,0,hybrid,10,27,79,0.21512799999618437,0.21512799999618437,found
C108,0,hybrid_75,10,27,79,0.21210399999836227,0.21210399999836227,found
C108,0,baseline,10,14,,,,found
C108,1,cached_reconstruct,10,1,1,0.006305700000666548,0.006305700000666548,found
C108,1,hybrid,10,1,1,0.006294400001934264,0.006294400001934264,found
C108,1,hybrid_75,10,1,1,0.006466099999670405,0.006466099999670405,found
C108,1,baseline,10,1,,,,found
C108,1,reconstruct,10,1,1,0.06293690000165952,0.06293690000165952,found
C108,2,hybrid,10,1,1,0.006434599999920465,0.006434599999920465,found
C108,2,hybrid_75,10,1,1,0.006344499997794628,0.006344499997794628,found
C108,2,baseline,10,1,,,,found
C108,2,reconstruct,10,1,1,0.06068859999504639,0.06068859999504639,found
C108,2,cached_reconstruct,10,1,1,0.006086599998525344,0.006086599998525344,found
C203,0,hybrid,3,1,1,0.007804199995007366,0.007804199995007366,found
C203,0,hybrid_75,3,1,1,0.007871699999668635,0.007871699999668635,found
C203,0,baseline,3,1,,,,found
C203,0,reconstruct,3,1,1,0.15689199999906123,0.15689199999906123,found
C203,0,cached_reconstruct,3,1,1,0.008024599999771453,0.008024599999771453,found
C203,1,hybrid_75,3,1,1,0.008026499999687076,0.008026499999687076,found
C203,1,baseline,3,1,,,,found
C203,1,reconstruct,3,1,1,0.16496490000281483,0.16496490000281483,found
C203,1,cached_reconstruct,3,1,1,0.007878399999754038,0.007878399999754038,found
C203,1,hybrid,3,1,1,0.008085699999355711,0.008085699999355711,found
C203,2,baseline,3,1,,,,found
C203,2,reconstruct,3,1,1,0.15481809999619145,0.15481809999619145,found
C203,2,cached_reconstruct,3,1,1,0.008099400001810864,0.008099400001810864,found
C203,2,hybrid,3,1,1,0.00787280000076862,0.00787280000076862,found
C203,2,hybrid_75,3,1,1,0.008094799995888025,0.008094799995888025,found
C204,0,reconstruct,3,1,1,0.15260200000193436,0.15260200000193436,found
C204,0,cached_reconstruct,3,1,1,0.007982899995113257,0.007982899995113257,found
C204,0,hybrid,3,1,1,0.007819400001608301,0.007819400001608301,found
C204,0,hybrid_75,3,1,1,0.007628100000147242,0.007628100000147242,found
C204,0,baseline,3,1,,,,found
C204,1,cached_reconstruct,3,1,1,0.00827209999988554,0.00827209999988554,found
C204,1,hybrid,3,1,1,0.007948899998154957,0.007948899998154957,found
C204,1,hybrid_75,3,1,1,0.0077814000032958575,0.0077814000032958575,found
C204,1,baseline,3,1,,,,found
C204,1,reconstruct,3,1,1,0.14675180000631372,0.14675180000631372,found
C204,2,hybrid,3,1,1,0.00835689999803435,0.00835689999803435,found
C204,2,hybrid_75,3,1,1,0.008112000003166031,0.008112000003166031,found
C204,2,baseline,3,1,,,,found
C204,2,reconstruct,3,1,1,0.14633860000321874,0.14633860000321874,found
C204,2,cached_reconstruct,3,1,1,0.007940199997392483,0.007940199997392483,found
C205,0,hybrid_75,3,1,1,0.007864300001529045,0.007864300001529045,found
C205,0,baseline,3,1,,,,found
C205,0,reconstruct,3,1,1,0.1828613999969093,0.1828613999969093,found
C205,0,cached_reconstruct,3,1,1,0.008120999998936895,0.008120999998936895,found
C205,0,hybrid,3,1,1,0.007757499995932449,0.007757499995932449,found
C205,1,baseline,3,1,,,,found
C205,1,reconstruct,3,1,1,0.1752078999998048,0.1752078999998048,found
C205,1,cached_reconstruct,3,1,1,0.00780069999746047,0.00780069999746047,found
C205,1,hybrid,3,1,1,0.007900000004156027,0.007900000004156027,found
C205,1,hybrid_75,3,1,1,0.007989800003997516,0.007989800003997516,found
C205,2,reconstruct,3,1,1,0.17825140000059037,0.17825140000059037,found
C205,2,cached_reconstruct,3,1,1,0.007667400001082569,0.007667400001082569,found
C205,2,hybrid,3,1,1,0.00759019999532029,0.00759019999532029,found
C205,2,hybrid_75,3,1,1,0.007980700000189245,0.007980700000189245,found
C205,2,baseline,3,1,,,,found
C206,0,cached_reconstruct,3,2,2,0.01384150000376394,0.01384150000376394,found
C206,0,hybrid,3,3,7,0.032780299996375106,0.032780299996375106,found
C206,0,hybrid_75,3,3,7,0.03185950000624871,0.03185950000624871,found
C206,0,baseline,3,2,,,,found
C206,0,reconstruct,3,2,2,0.273352000003797,0.273352000003797,found
C206,1,hybrid,3,1,1,0.007968400001118425,0.007968400001118425,found
C206,1,hybrid_75,3,1,1,0.007955699999001808,0.007955699999001808,found
C206,1,baseline,3,1,,,,found
C206,1,reconstruct,3,1,1,0.18253330000152346,0.18253330000152346,found
C206,1,cached_reconstruct,3,1,1,0.007675799999560695,0.007675799999560695,found
C206,2,hybrid_75,3,1,1,0.007640299998456612,0.007640299998456612,found
C206,2,baseline,3,1,,,,found
C206,2,reconstruct,3,1,1,0.17783119999512564,0.17783119999512564,found
C206,2,cached_reconstruct,3,1,1,0.007814500000677072,0.007814500000677072,found
C206,2,hybrid,3,1,1,0.008154499999363907,0.008154499999363907,found
C207,0,baseline,3,1,,,,found
C207,0,reconstruct,3,1,1,0.175749399997585,0.175749399997585,found
C207,0,cached_reconstruct,3,1,1,0.00786320000042906,0.00786320000042906,found
C207,0,hybrid,3,1,1,0.008012999998754822,0.008012999998754822,found
C207,0,hybrid_75,3,1,1,0.007811000003130175,0.007811000003130175,found
C207,1,reconstruct,3,1,1,0.17982279999705497,0.17982279999705497,found
C207,1,cached_reconstruct,3,1,1,0.007920800002466422,0.007920800002466422,found
C207,1,hybrid,3,1,1,0.007979399997566361,0.007979399997566361,found
C207,1,hybrid_75,3,1,1,0.00844140000117477,0.00844140000117477,found
C207,1,baseline,3,1,,,,found
C207,2,cached_reconstruct,3,1,1,0.007711799997196067,0.007711799997196067,found
C207,2,hybrid,3,1,1,0.00795520000247052,0.00795520000247052,found
C207,2,hybrid_75,3,1,1,0.007830799993826076,0.007830799993826076,found
C207,2,baseline,3,1,,,,found
C207,2,reconstruct,3,1,1,0.17850130000442732,0.17850130000442732,found
C208,0,hybrid,3,3,7,0.030710999999428168,0.030710999999428168,found
C208,0,hybrid_75,3,3,7,0.03127690000110306,0.03127690000110306,found
C208,0,baseline,3,2,,,,not_found
C208,0,reconstruct,3,2,2,0.3049188000004506,,time_limit
C208,0,cached_reconstruct,3,2,2,0.016110899996419903,0.016110899996419903,found
C208,1,hybrid_75,3,2,6,0.025417900003958493,0.025417900003958493,found
C208,1,baseline,3,2,,,,not_found
C208,1,reconstruct,3,2,2,0.30511980000301264,,time_limit
C208,1,cached_reconstruct,3,6,6,0.04508239999995567,0.04508239999995567,found
C208,1,hybrid,3,2,6,0.025894099999277387,0.025894099999277387,found
C208,2,baseline,3,1,,,,found
C208,2,reconstruct,3,1,1,0.17419879999943078,0.17419879999943078,found
C208,2,cached_reconstruct,3,1,1,0.00810559999808902,0.00810559999808902,found
C208,2,hybrid,3,1,1,0.007749300006253179,0.007749300006253179,found
C208,2,hybrid_75,3,1,1,0.007954300002893433,0.007954300002893433,found
R101,0,reconstruct,22,1,1,0.05333499999687774,0.05333499999687774,found
R101,0,reconstruct,21,23,23,0.3729114000016125,,time_limit
R101,0,cached_reconstruct,22,1,1,0.008401800005231053,0.008401800005231053,found
R101,0,cached_reconstruct,21,30,30,0.1353060000037658,0.1353060000037658,found
R101,0,cached_reconstruct,20,14,14,0.056706499999563675,0.056706499999563675,found
R101,0,cached_reconstruct,19,70,70,0.22352390000014566,,time_limit
R101,0,hybrid,22,1,1,0.00803240000095684,0.00803240000095684,found
R101,0,hybrid,21,8,23,0.0534308000060264,0.0534308000060264,found
R101,0,hybrid,20,27,79,0.19451760000083596,0.19451760000083596,found
R101,0,hybrid,19,26,75,0.17063330000382848,,time_limit
R101,0,hybrid_75,22,1,1,0.008119700003589969,0.008119700003589969,found
R101,0,hybrid_75,21,8,23,0.05462540000007721,0.05462540000007721,found
R101,0,hybrid_75,20,27,79,0.19927069999539526,0.19927069999539526,found
R101,0,hybrid_75,19,12,33,0.07272740000189515,,time_limit
R101,0,baseline,22,1,,,,found
R101,0,baseline,21,24,,,,not_found
R101,1,cached_reconstruct,22,3,3,0.015694599998823833,0.015694599998823833,found
R101,1,cached_reconstruct,21,4,4,0.021229599995422177,0.021229599995422177,found
R101,1,cached_reconstruct,20,100,100,0.3903176000021631,,time_limit
R101,1,hybrid,22,2,3,0.0064754999984870665,0.0064754999984870665,found
R101,1,hybrid,21,2,5,0.012451400005375035,0.012451400005375035,found
R101,1,hybrid,20,4,11,0.0268731000032858,0.0268731000032858,found
R101,1,hybrid,19,54,161,0.38036770000326214,,time_limit
R101,1,hybrid_75,22,2,3,0.006306299997959286,0.006306299997959286,found
R101,1,hybrid_75,21,2,5,0.01237560000299709,0.01237560000299709,found
R101,1,hybrid_75,20,4,11,0.026646799997251946,0.026646799997251946,found
R101,1,hybrid_75,19,42,123,0.29105710000294494,,time_limit
R101,1,baseline,22,3,,,,found
R101,1,baseline,21,4,,,,found
R101,1,baseline,20,15,,,,not_found
R101,1,reconstruct,22,3,3,0.08040050000272458,0.08040050000272458,found
R101,1,reconstruct,21,4,4,0.11169589999917662,0.11169589999917662,found
R101,1,reconstruct,20,15,15,0.23262419999809936,,time_limit
R101,2,hybrid,22,2,3,0.007831000002624933,0.007831000002624933,found
R101,2,hybrid,21,5,13,0.035635000000183936,0.035635000000183936,found
R101,2,hybrid,20,6,14,0.031437300000106916,0.031437300000106916,found
R101,2,hybrid,19,50,149,0.3501959999994142,,time_limit
R101,2,hybrid_75,22,2,3,0.007787599999574013,0.007787599999574013,found
R101,2,hybrid_75,21,5,13,0.03628020000178367,0.03628020000178367,found
R101,2,hybrid_75,20,6,14,0.03162019999581389,0.03162019999581389,found
R101,2,hybrid_75,19,37,109,0.26012090000585886,,time_limit
R101,2,baseline,22,3,,,,found
R101,2,baseline,21,3,,,,found
R101,2,baseline,20,20,,,,not_found
R101,2,reconstruct,22,3,3,0.08601099999941653,0.08601099999941653,found
R101,2,reconstruct,21,3,3,0.07368679999490269,0.07368679999490269,found
R101,2,reconstruct,20,20,20,0.26655720000417205,,time_limit
R101,2,cached_reconstruct,22,3,3,0.016558000002987683,0.016558000002987683,found
R101,2,cached_reconstruct,21,3,3,0.014513499998429324,0.014513499998429324,found
R101,2,cached_reconstruct,20,100,100,0.36646350000228267,,not_found
R102,0,hybrid_75,19,2,6,0.016156199999386445,0.016156199999386445,found
R102,0,hybrid_75,18,4,11,0.023192599997855723,0.023192599997855723,found
R102,0,hybrid_75,17,45,133,0.29495999999926426,,time_limit
R102,0,baseline,19,4,,,,found
R102,0,baseline,18,33,,,,not_found
R102,0,reconstruct,19,4,4,0.09424810000200523,0.09424810000200523,found
R102,0,reconstruct,18,33,33,0.32957790000364184,,time_limit
R102,0,cached_reconstruct,19,4,4,0.018472299998393282,0.018472299998393282,found
R102,0,cached_reconstruct,18,43,43,0.1371311000038986,0.1371311000038986,found
R102,0,cached_reconstruct,17,94,94,0.2659353999988525,,time_limit
R102,0,hybrid,19,2,6,0.014341599999170285,0.014341599999170285,found
R102,0,hybrid,18,4,11,0.023859799999627285,0.023859799999627285,found
R102,0,hybrid,17,55,163,0.3825282000034349,,time_limit
R102,1,baseline,19,8,,,,found
R102,1,baseline,18,27,,,,not_found
R102,1,reconstruct,19,8,8,0.12904120000166586,0.12904120000166586,found
R102,1,reconstruct,18,30,30,0.2937930999978562,,time_limit
R102,1,cached_reconstruct,19,8,8,0.03014709999843035,0.03014709999843035,found
R102,1,cached_reconstruct,18,93,93,0.2829933999964851,0.2829933999964851,found
R102,1,cached_reconstruct,17,41,41,0.10951049999857787,,time_limit
R102,1,hybrid,19,2,3,0.005783799999335315,0.005783799999335315,found
R102,1,hybrid,18,24,70,0.15256030000455212,0.15256030000455212,found
R102,1,hybrid,17,40,120,0.26415109999652486,,time_limit
R102,1,hybrid_75,19,2,3,0.0059302000008756295,0.0059302000008756295,found
R102,1,hybrid_75,18,24,70,0.1555006000053254,0.1555006000053254,found
R102,1,hybrid_75,17,26,78,0.17238699999870732,,time_limit
R102,2,reconstruct,19,3,3,0.09707769999658922,0.09707769999658922,found
R102,2,reconstruct,18,31,31,0.32585979999566916,,time_limit
R102,2,cached_reconstruct,19,3,3,0.01509529999748338,0.01509529999748338,found
R102,2,cached_reconstruct,18,66,66,0.2115505999972811,0.2115505999972811,found
R102,2,cached_reconstruct,17,69,69,0.19414230000256794,,time_limit
R102,2,hybrid,19,2,6,0.013691100000869483,0.013691100000869483,found
R102,2,hybrid,18,2,5,0.01010419999511214,0.01010419999511214,found
R102,2,hybrid,17,58,172,0.3979124999968917,,time_limit
R102,2,hybrid_75,19,2,6,0.0138029000008828,0.0138029000008828,found
R102,2,hybrid_75,18,2,5,0.010026700001617428,0.010026700001617428,found
R102,2,hybrid_75,17,46,134,0.30844909999723313,,time_limit
R102,2,baseline,19,3,,,,found
R102,2,baseline,18,32,,,,not_found
R103,0,cached_reconstruct,13,70,70,0.1436173999973107,0.1436173999973107,found
R103,0,cached_reconstruct,12,100,100,0.1792245999968145,,not_found
R103,0,hybrid,13,64,192,0.4164364000025671,,time_limit
R103,0,hybrid_75,13,51,151,0.3282078999982332,,time_limit
R103,0,baseline,13,63,,,,not_found
R103,0,reconstruct,13,63,63,0.41396050000184914,,time_limit
R103,1,hybrid,13,66,195,0.41641270000400255,,time_limit
R103,1,hybrid_75,13,52,153,0.32806089999940014,,time_limit
R103,1,baseline,13,63,,,,not_found
R103,1,reconstruct,13,65,65,0.4152119999998831,,time_limit
R103,1,cached_reconstruct,13,100,100,0.20327710000128718,,not_found
R103,2,hybrid_75,13,52,155,0.3272398000044632,,time_limit
R103,2,baseline,13,62,,,,not_found
R103,2,reconstruct,13,60,60,0.41632530000060797,,time_limit
R103,2,cached_reconstruct,13,100,100,0.20374539999465924,,not_found
R103,2,hybrid,13,60,179,0.39918240000406513,,time_limit
R104,0,baseline,11,2,,,,found
R104,0,baseline,10,6,,,,not_found
R104,0,reconstruct,11,2,2,0.1278422999967006,0.1278422999967006,found
R104,0,reconstruct,10,6,6,0.2763944000034826,,time_limit
R104,0,cached_reconstruct,11,2,2,0.012715899996692315,0.012715899996692315,found
R104,0,cached_reconstruct,10,34,34,0.1798694000026444,0.1798694000026444,found
R104,0,cached_reconstruct,9,69,69,0.2129129999957513,,time_limit
R104,0,hybrid,11,3,7,0.025558699999237433,0.025558699999237433,found
R104,0,hybrid,10,44,132,0.38018770000053337,,time_limit
R104,0,hybrid_75,11,3,7,0.025041199995030183,0.025041199995030183,found
R104,0,hybrid_75,10,35,103,0.296378500002902,,time_limit
R104,1,reconstruct,11,1,1,0.06479899999976624,0.06479899999976624,found
R104,1,reconstruct,10,7,7,0.34135990000504535,,time_limit
R104,1,cached_reconstruct,11,1,1,0.006529999998747371,0.006529999998747371,found
R104,1,cached_reconstruct,10,74,74,0.3974637999999686,0.3974637999999686,found
R104,1,cached_reconstruct,9,2,2,0.003215600001567509,,time_limit
R104,1,hybrid,11,1,1,0.006760399999620859,0.006760399999620859,found
R104,1,hybrid,10,16,47,0.13561390000540996,0.13561390000540996,found
R104,1,hybrid,9,28,84,0.2619873000003281,,time_limit
R104,1,hybrid_75,11,1,1,0.007044099998893216,0.007044099998893216,found
R104,1,hybrid_75,10,16,47,0.13928780000424013,0.13928780000424013,found
R104,1,hybrid_75,9,20,56,0.17246639999939362,,time_limit
R104,1,baseline,11,1,,,,found
R104,1,baseline,10,7,,,,not_found
R104,2,cached_reconstruct,11,1,1,0.006746700004441664,0.006746700004441664,found
R104,2,cached_reconstruct,10,6,6,0.03219170000375016,0.03219170000375016,found
R104,2,cached_reconstruct,9,100,100,0.36137759999837726,,not_found
R104,2,hybrid,11,1,1,0.006904299996676855,0.006904299996676855,found
R104,2,hybrid,10,11,31,0.09532790000230307,0.09532790000230307,found
R104,2,hybrid,9,34,100,0.30255680000118446,,time_limit
R104,2,hybrid_75,11,1,1,0.006696500000543892,0.006696500000543892,found
R104,2,hybrid_75,10,11,31,0.10149400000227615,0.10149400000227615,found
R104,2,hybrid_75,9,24,72,0.2123529000018607,,time_limit
R104,2,baseline,11,1,,,,found
R104,2,baseline,10,6,,,,found
R104,2,baseline,9,1,,,,not_found
R104,2,reconstruct,11,1,1,0.07177009999577422,0.07177009999577422,found
R104,2,reconstruct,10,6,6,0.33533059999899706,,time_limit
R105,0,hybrid,17,1,1,0.007843300001695752,0.007843300001695752,found
R105,0,hybrid,16,14,39,0.09592909999628318,0.09592909999628318,found
R105,0,hybrid,15,40,119,0.31577710000419756,,time_limit
R105,0,hybrid_75,17,1,1,0.006967499997699633,0.006967499997699633,found
R105,0,hybrid_75,16,14,39,0.09094229999755044,0.09094229999755044,found
R105,0,hybrid_75,15,33,97,0.23505440000008093,,time_limit
R105,0,baseline,17,1,,,,found
R105,0,baseline,16,11,,,,found
R105,0,baseline,15,6,,,,not_found
R105,0,reconstruct,17,1,1,0.05601050000404939,0.05601050000404939,found
R105,0,reconstruct,16,11,11,0.27170209999894723,0.27170209999894723,found
R105,0,reconstruct,15,7,7,0.09406569999555359,,time_limit
R105,0,cached_reconstruct,17,1,1,0.007518099999288097,0.007518099999288097,found
R105,0,cached_reconstruct,16,11,11,0.04679079999914393,0.04679079999914393,found
R105,0,cached_reconstruct,15,100,100,0.31539150000025984,,not_found
R105,1,hybrid_75,17,1,1,0.007678399997530505,0.007678399997530505,found
R105,1,hybrid_75,16,4,12,0.02923930000542896,0.02923930000542896,found
R105,1,hybrid_75,15,30,90,0.22600529999908758,0.22600529999908758,found
R105,1,hybrid_75,14,10,29,0.06871310000133235,,time_limit
R105,1,baseline,17,1,,,,found
R105,1,baseline,16,20,,,,not_found
R105,1,reconstruct,17,1,1,0.05725019999954384,0.05725019999954384,found
R105,1,reconstruct,16,22,22,0.36297729999932926,,time_limit
R105,1,cached_reconstruct,17,1,1,0.007044400001177564,0.007044400001177564,found
R105,1,cached_reconstruct,16,59,59,0.21392979999654926,0.21392979999654926,found
R105,1,cached_reconstruct,15,66,66,0.20043100000475533,,time_limit
R105,1,hybrid,17,1,1,0.007150999997975305,0.007150999997975305,found
R105,1,hybrid,16,4,12,0.02811220000148751,0.02811220000148751,found
R105,1,hybrid,15,30,90,0.20921599999564933,0.20921599999564933,found
R105,1,hybrid,14,26,77,0.17706139999791048,,time_limit
R105,2,baseline,17,2,,,,found
R105,2,baseline,16,12,,,,found
R105,2,baseline,15,6,,,,not_found
R105,2,reconstruct,17,2,2,0.07542670000111684,0.07542670000111684,found
R105,2,reconstruct,16,12,12,0.2525085000015679,0.2525085000015679,found
R105,2,reconstruct,15,7,7,0.0931542999969679,,time_limit
R105,2,cached_reconstruct,17,2,2,0.01103789999615401,0.01103789999615401,found
R105,2,cached_reconstruct,16,12,12,0.04511300000012852,0.04511300000012852,found
R105,2,cached_reconstruct,15,100,100,0.3112757999988389,,not_found
R105,2,hybrid,17,3,7,0.021002900000894442,0.021002900000894442,found
R105,2,hybrid,16,4,8,0.017629200003284495,0.017629200003284495,found
R105,2,hybrid,15,4,12,0.029305299998668488,0.029305299998668488,found
R105,2,hybrid,14,48,141,0.3529162999984692,,time_limit
R105,2,hybrid_75,17,3,7,0.020661499998823274,0.020661499998823274,found
R105,2,hybrid_75,16,4,8,0.01717419999476988,0.01717419999476988,found
R105,2,hybrid_75,15,4,12,0.029328099997655954,0.029328099997655954,found
R105,2,hybrid_75,14,37,109,0.265285399997083,,time_limit
R106,0,reconstruct,15,1,1,0.06042339999839896,0.06042339999839896,found
R106,0,reconstruct,14,5,5,0.11337020000064513,0.11337020000064513,found
R106,0,reconstruct,13,21,21,0.24465020000207005,,time_limit
R106,0,cached_reconstruct,15,1,1,0.006866299998364411,0.006866299998364411,found
R106,0,cached_reconstruct,14,5,5,0.018461899999238085,0.018461899999238085,found
R106,0,cached_reconstruct,13,100,100,0.24723890000313986,,not_found
R106,0,hybrid,15,1,1,0.007381299998087343,0.007381299998087343,found
R106,0,hybrid,14,2,6,0.013658299998496659,0.013658299998496659,found
R106,0,hybrid,13,56,167,0.3963441000014427,,time_limit
R106,0,hybrid_75,15,1,1,0.00737469999876339,0.00737469999876339,found
R106,0,hybrid_75,14,2,6,0.013998999995237682,0.013998999995237682,found
R106,0,hybrid_75,13,42,126,0.30722529999911785,,time_limit
R106,0,baseline,15,1,,,,found
R106,0,baseline,14,5,,,,found
R106,0,baseline,13,21,,,,not_found
R106,1,cached_reconstruct,15,1,1,0.007249800000863615,0.007249800000863615,found
R106,1,cached_reconstruct,14,3,3,0.011706799996318296,0.011706799996318296,found
R106,1,cached_reconstruct,13,44,44,0.11380780000035884,0.11380780000035884,found
R106,1,cached_reconstruct,12,100,100,0.20936199999414384,,not_found
R106,1,hybrid,15,1,1,0.007153700003982522,0.007153700003982522,found
R106,1,hybrid,14,2,2,0.0035120999964419752,0.0035120999964419752,found
R106,1,hybrid,13,60,176,0.40801790000114124,,time_limit
R106,1,hybrid_75,15,1,1,0.007496700003684964,0.007496700003684964,found
R106,1,hybrid_75,14,2,2,0.0036842000044998713,0.0036842000044998713,found
R106,1,hybrid_75,13,42,126,0.3187158000000636,,time_limit
R106,1,baseline,15,1,,,,found
R106,1,baseline,14,3,,,,found
R106,1,baseline,13,25,,,,not_found
R106,1,reconstruct,15,1,1,0.06074310000258265,0.06074310000258265,found
R106,1,reconstruct,14,3,3,0.08220210000581574,0.08220210000581574,found
R106,1,reconstruct,13,23,23,0.27530290000140667,,time_limit
R106,2,hybrid,15,1,1,0.007377699999778997,0.007377699999778997,found
R106,2,hybrid,14,2,3,0.005442699999548495,0.005442699999548495,found
R106,2,hybrid,13,2,4,0.006913999997777864,0.006913999997777864,found
R106,2,hybrid,12,52,155,0.3971516000019619,,time_limit
R106,2,hybrid_75,15,1,1,0.007296100004168693,0.007296100004168693,found
R106,2,hybrid_75,14,2,3,0.00542420000419952,0.00542420000419952,found
R106,2,hybrid_75,13,2,4,0.006980300000577699,0.006980300000577699,found
R106,2,hybrid_75,12,42,124,0.30933599999843864,,time_limit
R106,2,baseline,15,1,,,,found
R106,2,baseline,14,5,,,,found
R106,2,baseline,13,22,,,,not_found
R106,2,reconstruct,15,1,1,0.06366620000335388,0.06366620000335388,found
R106,2,reconstruct,14,5,5,0.12756030000309693,0.12756030000309693,found
R106,2,reconstruct,13,19,19,0.22501800000463845,,time_limit
R106,2,cached_reconstruct,15,1,1,0.0071299999981420115,0.0071299999981420115,found
R106,2,cached_reconstruct,14,5,5,0.01846950000617653,0.01846950000617653,found
R106,2,cached_reconstruct,13,75,75,0.19109869999374496,0.19109869999374496,found
R106,2,cached_reconstruct,12,96,96,0.20108369999798015,,time_limit
R107,0,hybrid_75,13,1,1,0.007310699998924974,0.007310699998924974,found
R107,0,hybrid_75,12,2,4,0.010848799996892922,0.010848799996892922,found
R107,0,hybrid_75,11,21,61,0.17099710000184132,0.17099710000184132,found
R107,0,hybrid_75,10,18,53,0.133151000001817,,time_limit
R107,0,baseline,13,1,,,,found
R107,0,baseline,12,2,,,,found
R107,0,baseline,11,7,,,,not_found
R107,0,reconstruct,13,1,1,0.06741770000371616,0.06741770000371616,found
R107,0,reconstruct,12,2,2,0.1277332000026945,0.1277332000026945,found
R107,0,reconstruct,11,7,7,0.21652539999922737,,time_limit
R107,0,cached_reconstruct,13,1,1,0.007185100002971012,0.007185100002971012,found
R107,0,cached_reconstruct,12,2,2,0.013726900004257914,0.013726900004257914,found
R107,0,cached_reconstruct,11,11,11,0.04975679999915883,0.04975679999915883,found
R107,0,cached_reconstruct,10,100,100,0.19957910000084667,,not_found
R107,0,hybrid,13,1,1,0.006730499997502193,0.006730499997502193,found
R107,0,hybrid,12,2,4,0.010678600003302563,0.010678600003302563,found
R107,0,hybrid,11,21,61,0.17113729999982752,0.17113729999982752,found
R107,0,hybrid,10,30,89,0.22200409999641124,,time_limit
R107,1,baseline,13,1,,,,found
R107,1,baseline,12,1,,,,found
R107,1,baseline,11,12,,,,not_found
R107,1,reconstruct,13,1,1,0.06514169999718433,0.06514169999718433,found
R107,1,reconstruct,12,1,1,0.06464789999881759,0.06464789999881759,found
R107,1,reconstruct,11,12,12,0.2817055999985314,,time_limit
R107,1,cached_reconstruct,13,1,1,0.006824799995229114,0.006824799995229114,found
R107,1,cached_reconstruct,12,1,1,0.006501900003058836,0.006501900003058836,found
R107,1,cached_reconstruct,11,66,66,0.26524500000232365,0.26524500000232365,found
R107,1,cached_reconstruct,10,76,76,0.13259219999599736,,time_limit
R107,1,hybrid,13,1,1,0.007028999993053731,0.007028999993053731,found
R107,1,hybrid,12,1,1,0.00671130000409903,0.00671130000409903,found
R107,1,hybrid,11,16,48,0.12887539999792352,0.12887539999792352,found
R107,1,hybrid,10,36,107,0.2689131000006455,,time_limit
R107,1,hybrid_75,13,1,1,0.007295499999599997,0.007295499999599997,found
R107,1,hybrid_75,12,1,1,0.006744300000718795,0.006744300000718795,found
R107,1,hybrid_75,11,16,48,0.1315835999994306,0.1315835999994306,found
R107,1,hybrid_75,10,24,68,0.17575670000223909,,time_limit
R107,2,reconstruct,13,1,1,0.06218369999987772,0.06218369999987772,found
R107,2,reconstruct,12,1,1,0.06645420000131708,0.06645420000131708,found
R107,2,reconstruct,11,7,7,0.282111000000441,,time_limit
R107,2,cached_reconstruct,13,1,1,0.006886000002850778,0.006886000002850778,found
R107,2,cached_reconstruct,12,1,1,0.006693499999528285,0.006693499999528285,found
R107,2,cached_reconstruct,11,60,60,0.2519261999987066,0.2519261999987066,found
R107,2,cached_reconstruct,10,79,79,0.14504129999841098,,time_limit
R107,2,hybrid,13,1,1,0.007343700002820697,0.007343700002820697,found
R107,2,hybrid,12,1,1,0.006951399998797569,0.006951399998797569,found
R107,2,hybrid,11,45,133,0.3931659000008949,,time_limit
R107,2,hybrid_75,13,1,1,0.0070761999959358945,0.0070761999959358945,found
R107,2,hybrid_75,12,1,1,0.006626399997912813,0.006626399997912813,found
R107,2,hybrid_75,11,36,107,0.3098115000029793,,time_limit
R107,2,baseline,13,1,,,,found
R107,2,baseline,12,1,,,,found
R107,2,baseline,11,7,,,,not_found
R108,0,cached_reconstruct,12,1,1,0.007279299999936484,0.007279299999936484,found
R108,0,cached_reconstruct,11,1,1,0.00649870000052033,0.00649870000052033,found
R108,0,cached_reconstruct,10,10,10,0.057364200001757126,0.057364200001757126,found
R108,0,cached_reconstruct,9,84,84,0.33567670000047656,,time_limit
R108,0,hybrid,12,1,1,0.00676979999843752,0.00676979999843752,found
R108,0,hybrid,11,1,1,0.006338500003039371,0.006338500003039371,found
R108,0,hybrid,10,19,55,0.16634679999697255,0.16634679999697255,found
R108,0,hybrid,9,26,76,0.22639640000124928,,time_limit
R108,0,hybrid_75,12,1,1,0.006920600004377775,0.006920600004377775,found
R108,0,hybrid_75,11,1,1,0.006425399995350745,0.006425399995350745,found
R108,0,hybrid_75,10,19,55,0.16489590000128374,0.16489590000128374,found
R108,0,hybrid_75,9,17,49,0.1420806000023731,,time_limit
R108,0,baseline,12,1,,,,found
R108,0,baseline,11,1,,,,found
R108,0,baseline,10,5,,,,not_found
R108,0,reconstruct,12,1,1,0.07204009999986738,0.07204009999986738,found
R108,0,reconstruct,11,1,1,0.07306749999406748,0.07306749999406748,found
R108,0,reconstruct,10,5,5,0.26137410000228556,,time_limit
R108,1,hybrid,12,1,1,0.006714099996315781,0.006714099996315781,found
R108,1,hybrid,11,1,1,0.006627400005527306,0.006627400005527306,found
R108,1,hybrid,10,3,7,0.02329729999473784,0.02329729999473784,found
R108,1,hybrid,9,40,120,0.37007230000017444,,time_limit
R108,1,hybrid_75,12,1,1,0.006773400004021823,0.006773400004021823,found
R108,1,hybrid_75,11,1,1,0.006571799996891059,0.006571799996891059,found
R108,1,hybrid_75,10,3,7,0.02247440000064671,0.02247440000064671,found
R108,1,hybrid_75,9,34,98,0.28460939999786206,,time_limit
R108,1,baseline,12,1,,,,found
R108,1,baseline,11,1,,,,found
R108,1,baseline,10,2,,,,found
R108,1,baseline,9,6,,,,not_found
R108,1,reconstruct,12,1,1,0.06545550000009825,0.06545550000009825,found
R108,1,reconstruct,11,1,1,0.06819180000456981,0.06819180000456981,found
R108,1,reconstruct,10,2,2,0.10255090000282507,0.10255090000282507,found
R108,1,reconstruct,9,6,6,0.17052700000203913,,time_limit
R108,1,cached_reconstruct,12,1,1,0.006641400002990849,0.006641400002990849,found
R108,1,cached_reconstruct,11,1,1,0.006411100002878811,0.006411100002878811,found
R108,1,cached_reconstruct,10,2,2,0.010447199994814582,0.010447199994814582,found
R108,1,cached_reconstruct,9,100,100,0.3796396000034292,,not_found
R108,2,hybrid_75,12,1,1,0.006852200000139419,0.006852200000139419,found
R108,2,hybrid_75,11,1,1,0.0064598000026308,0.0064598000026308,found
R108,2,hybrid_75,10,33,97,0.3076714999988326,,time_limit
R108,2,baseline,12,1,,,,found
R108,2,baseline,11,1,,,,found
R108,2,baseline,10,5,,,,not_found
R108,2,reconstruct,12,1,1,0.06973500000458444,0.06973500000458444,found
R108,2,reconstruct,11,1,1,0.0733641000042553,0.0733641000042553,found
R108,2,reconstruct,10,5,5,0.26232649999292335,,time_limit
R108,2,cached_reconstruct,12,1,1,0.007005599996773526,0.007005599996773526,found
R108,2,cached_reconstruct,11,1,1,0.006588999996893108,0.006588999996893108,found
R108,2,cached_reconstruct,10,24,24,0.13088879999850178,0.13088879999850178,found
R108,2,cached_reconstruct,9,67,67,0.2603448000008939,,time_limit
R108,2,hybrid,12,1,1,0.006699199999275152,0.006699199999275152,found
R108,2,hybrid,11,1,1,0.006443699996452779,0.006443699996452779,found
R108,2,hybrid,10,44,128,0.39429810000001453,,time_limit
R109,0,baseline,18,1,,,,found
R109,0,baseline,17,1,,,,found
R109,0,baseline,16,1,,,,found
R109,0,baseline,15,3,,,,found
R109,0,baseline,14,2,,,,found
R109,0,baseline,13,3,,,,not_found
R109,0,reconstruct,18,1,1,0.05676140000286978,0.05676140000286978,found
R109,0,reconstruct,17,1,1,0.05842529999790713,0.05842529999790713,found
R109,0,reconstruct,16,1,1,0.058298399999330286,0.058298399999330286,found
R109,0,reconstruct,15,3,3,0.11785170000075595,0.11785170000075595,found
R109,0,reconstruct,14,2,2,0.0904725000000326,0.0904725000000326,found
R109,0,reconstruct,13,3,3,0.03845160000491887,,time_limit
R109,0,cached_reconstruct,18,1,1,0.008407000001170672,0.008407000001170672,found
R109,0,cached_reconstruct,17,1,1,0.007542999999714084,0.007542999999714084,found
R109,0,cached_reconstruct,16,1,1,0.007287000000360422,0.007287000000360422,found
R109,0,cached_reconstruct,15,3,3,0.01622740000311751,0.01622740000311751,found
R109,0,cached_reconstruct,14,2,2,0.010627399999066256,0.010627399999066256,found
R109,0,cached_reconstruct,13,100,100,0.3253076000037254,,not_found
R109,0,hybrid,18,1,1,0.00800840000010794,0.00800840000010794,found
R109,0,hybrid,17,1,1,0.007813999996869825,0.007813999996869825,found
R109,0,hybrid,16,1,1,0.007688900004723109,0.007688900004723109,found
R109,0,hybrid,15,2,4,0.009477300001890399,0.009477300001890399,found
R109,0,hybrid,14,2,4,0.008677800004079472,0.008677800004079472,found
R109,0,hybrid,13,6,17,0.044659700004558545,0.044659700004558545,found
R109,0,hybrid,12,42,125,0.331208700001298,,time_limit
R109,0,hybrid_75,18,1,1,0.007674299995414913,0.007674299995414913,found
R109,0,hybrid_75,17,1,1,0.007278099998075049,0.007278099998075049,found
R109,0,hybrid_75,16,1,1,0.007088199999998324,0.007088199999998324,found
R109,0,hybrid_75,15,2,4,0.008848400000715628,0.008848400000715628,found
R109,0,hybrid_75,14,2,4,0.008093900003586896,0.008093900003586896,found
R109,0,hybrid_75,13,6,17,0.04246959999727551,0.04246959999727551,found
R109,0,hybrid_75,12,34,101,0.2505091999992146,,time_limit
R109,1,reconstruct,18,1,1,0.0623353999981191,0.0623353999981191,found
R109,1,reconstruct,17,1,1,0.06145480000122916,0.06145480000122916,found
R109,1,reconstruct,16,1,1,0.06234119999862742,0.06234119999862742,found
R109,1,reconstruct,15,1,1,0.06318000000464963,0.06318000000464963,found
R109,1,reconstruct,14,7,7,0.16982629999984056,,time_limit
R109,1,cached_reconstruct,18,1,1,0.007739300002867822,0.007739300002867822,found
R109,1,cached_reconstruct,17,1,1,0.007336300004681107,0.007336300004681107,found
R109,1,cached_reconstruct,16,1,1,0.0071600000010221265,0.0071600000010221265,found
R109,1,cached_reconstruct,15,1,1,0.006990100002440158,0.006990100002440158,found
R109,1,cached_reconstruct,14,7,7,0.02994830000534421,0.02994830000534421,found
R109,1,cached_reconstruct,13,100,100,0.3222537999972701,,not_found
R109,1,hybrid,18,1,1,0.00782259999687085,0.00782259999687085,found
R109,1,hybrid,17,1,1,0.007573399998364039,0.007573399998364039,found
R109,1,hybrid,16,1,1,0.007389600003079977,0.007389600003079977,found
R109,1,hybrid,15,1,1,0.0072579999978188425,0.0072579999978188425,found
R109,1,hybrid,14,2,5,0.01185809999878984,0.01185809999878984,found
R109,1,hybrid,13,46,138,0.3533757000041078,0.3533757000041078,found
R109,1,hybrid,12,4,10,0.02406619999965187,,time_limit
R109,1,hybrid_75,18,1,1,0.007554699994216207,0.007554699994216207,found
R109,1,hybrid_75,17,1,1,0.007210399999166839,0.007210399999166839,found
R109,1,hybrid_75,16,1,1,0.00705980000202544,0.00705980000202544,found
R109,1,hybrid_75,15,1,1,0.006848700002592523,0.006848700002592523,found
R109,1,hybrid_75,14,2,5,0.011145299999043345,0.011145299999043345,found
R109,1,hybrid_75,13,40,118,0.2917648000002373,,time_limit
R109,1,baseline,18,1,,,,found
R109,1,baseline,17,1,,,,found
R109,1,baseline,16,1,,,,found
R109,1,baseline,15,1,,,,found
R109,1,baseline,14,7,,,,not_found
R109,2,cached_reconstruct,18,1,1,0.00833740000234684,0.00833740000234684,found
R109,2,cached_reconstruct,17,2,2,0.012667100003454834,0.012667100003454834,found
R109,2,cached_reconstruct,16,1,1,0.00758510000014212,0.00758510000014212,found
R109,2,cached_reconstruct,15,1,1,0.007453999998688232,0.007453999998688232,found
R109,2,cached_reconstruct,14,5,5,0.02228130000003148,0.02228130000003148,found
R109,2,cached_reconstruct,13,100,100,0.3408041000002413,,not_found
R109,2,hybrid,18,1,1,0.008249999998952262,0.008249999998952262,found
R109,2,hybrid,17,2,2,0.005543500003113877,0.005543500003113877,found
R109,2,hybrid,16,1,1,0.007900900003733113,0.007900900003733113,found
R109,2,hybrid,15,1,1,0.008319599997776095,0.008319599997776095,found
R109,2,hybrid,14,4,12,0.028514300000097137,0.028514300000097137,found
R109,2,hybrid,13,47,139,0.3608948000037344,,time_limit
R109,2,hybrid_75,18,1,1,0.00790949999645818,0.00790949999645818,found
R109,2,hybrid_75,17,2,2,0.005333100001735147,0.005333100001735147,found
R109,2,hybrid_75,16,1,1,0.007358700000622775,0.007358700000622775,found
R109,2,hybrid_75,15,1,1,0.007201899999927264,0.007201899999927264,found
R109,2,hybrid_75,14,4,12,0.029242300006444566,0.029242300006444566,found
R109,2,hybrid_75,13,36,107,0.27302179999969667,,time_limit
R109,2,baseline,18,1,,,,found
R109,2,baseline,17,2,,,,found
R109,2,baseline,16,1,,,,found
R109,2,baseline,15,1,,,,found
R109,2,baseline,14,5,,,,found
R109,2,baseline,13,1,,,,not_found
R109,2,reconstruct,18,1,1,0.058661499999288935,0.058661499999288935,found
R109,2,reconstruct,17,2,2,0.08609050000086427,0.08609050000086427,found
R109,2,reconstruct,16,1,1,0.059977799995976966,0.059977799995976966,found
R109,2,reconstruct,15,1,1,0.06114079999679234,0.06114079999679234,found
R109,2,reconstruct,14,5,5,0.14101099999970756,0.14101099999970756,found
R109,2,reconstruct,13,1,1,0.013591700000688434,,time_limit
R110,0,hybrid,14,1,1,0.007733099999313708,0.007733099999313708,found
R110,0,hybrid,13,2,2,0.00565459999779705,0.00565459999779705,found
R110,0,hybrid,12,46,137,0.3970619000028819,,time_limit
R110,0,hybrid_75,14,1,1,0.007292000002053101,0.007292000002053101,found
R110,0,hybrid_75,13,2,2,0.0056171999967773445,0.0056171999967773445,found
R110,0,hybrid_75,12,37,109,0.3118979999999283,,time_limit
R110,0,baseline,14,1,,,,found
R110,0,baseline,13,3,,,,found
R110,0,baseline,12,6,,,,not_found
R110,0,reconstruct,14,1,1,0.06367219999810914,0.06367219999810914,found
R110,0,reconstruct,13,3,3,0.16600710000057006,0.16600710000057006,found
R110,0,reconstruct,12,6,6,0.18455140000151005,,time_limit
R110,0,cached_reconstruct,14,1,1,0.0071776999975554645,0.0071776999975554645,found
R110,0,cached_reconstruct,13,3,3,0.018312300002435222,0.018312300002435222,found
R110,0,cached_reconstruct,12,46,46,0.19317160000355216,0.19317160000355216,found
R110,0,cached_reconstruct,11,58,58,0.19578739999997197,,time_limit
R110,1,hybrid_75,14,1,1,0.0077562000005855225,0.0077562000005855225,found
R110,1,hybrid_75,13,2,2,0.0072578000035719015,0.0072578000035719015,found
R110,1,hybrid_75,12,4,9,0.022821300000941847,0.022821300000941847,found
R110,1,hybrid_75,11,34,102,0.285848999999871,,time_limit
R110,1,baseline,14,1,,,,found
R110,1,baseline,13,2,,,,found
R110,1,baseline,12,9,,,,not_found
R110,1,reconstruct,14,1,1,0.06114540000271518,0.06114540000271518,found
R110,1,reconstruct,13,2,2,0.12163169999985257,0.12163169999985257,found
R110,1,reconstruct,12,9,9,0.23139720000472153,,time_limit
R110,1,cached_reconstruct,14,1,1,0.006895600003190339,0.006895600003190339,found
R110,1,cached_reconstruct,13,2,2,0.013081700002658181,0.013081700002658181,found
R110,1,cached_reconstruct,12,31,31,0.12321179999707965,0.12321179999707965,found
R110,1,cached_reconstruct,11,86,86,0.2718336000034469,,time_limit
R110,1,hybrid,14,1,1,0.007173300000431482,0.007173300000431482,found
R110,1,hybrid,13,2,2,0.00670430000172928,0.00670430000172928,found
R110,1,hybrid,12,4,9,0.021246099997370038,0.021246099997370038,found
R110,1,hybrid,11,48,141,0.37660560000222176,,time_limit
R110,2,baseline,14,2,,,,found
R110,2,baseline,13,2,,,,found
R110,2,baseline,12,7,,,,not_found
R110,2,reconstruct,14,2,2,0.09980730000097537,0.09980730000097537,found
R110,2,reconstruct,13,2,2,0.10277270000369754,0.10277270000369754,found
R110,2,reconstruct,12,7,7,0.20999540000048,,time_limit
R110,2,cached_reconstruct,14,2,2,0.011890699999639764,0.011890699999639764,found
R110,2,cached_reconstruct,13,2,2,0.011803499997768085,0.011803499997768085,found
R110,2,cached_reconstruct,12,93,93,0.38923369999974966,,time_limit
R110,2,hybrid,14,2,3,0.007051599997794256,0.007051599997794256,found
R110,2,hybrid,13,3,7,0.024073299995507114,0.024073299995507114,found
R110,2,hybrid,12,26,78,0.22704220000014175,0.22704220000014175,found
R110,2,hybrid,11,18,51,0.15257359999668552,,time_limit
R110,2,hybrid_75,14,2,3,0.006980300000577699,0.006980300000577699,found
R110,2,hybrid_75,13,3,7,0.023566500000015367,0.023566500000015367,found
R110,2,hybrid_75,12,26,78,0.2435648999962723,0.2435648999962723,found
R110,2,hybrid_75,11,6,17,0.0523453000059817,,time_limit
R111,0,reconstruct,12,1,1,0.06555220000154804,0.06555220000154804,found
R111,0,reconstruct,11,12,12,0.3467104000010295,,time_limit
R111,0,cached_reconstruct,12,1,1,0.007052100001601502,0.007052100001601502,found
R111,0,cached_reconstruct,11,98,98,0.40281250000407454,,time_limit
R111,0,hybrid,12,1,1,0.007191299999249168,0.007191299999249168,found
R111,0,hybrid,11,47,139,0.40256399999634596,,time_limit
R111,0,hybrid_75,12,1,1,0.007085100005497225,0.007085100005497225,found
R111,0,hybrid_75,11,38,112,0.31638169999496313,,time_limit
R111,0,baseline,12,1,,,,found
R111,0,baseline,11,11,,,,not_found
R111,1,cached_reconstruct,12,1,1,0.007085700002789963,0.007085700002789963,found
R111,1,cached_reconstruct,11,93,93,0.40464760000031674,,time_limit
R111,1,hybrid,12,1,1,0.0068937000032747164,0.0068937000032747164,found
R111,1,hybrid,11,47,139,0.40605060000234516,,time_limit
R111,1,hybrid_75,12,1,1,0.007003200000326615,0.007003200000326615,found
R111,1,hybrid_75,11,36,108,0.31537309999839636,,time_limit
R111,1,baseline,12,1,,,,found
R111,1,baseline,11,11,,,,not_found
R111,1,reconstruct,12,1,1,0.06702650000079302,0.06702650000079302,found
R111,1,reconstruct,11,11,11,0.34432879999803845,,time_limit
R111,2,hybrid,12,4,11,0.029794699999911245,0.029794699999911245,found
R111,2,hybrid,11,42,126,0.38232129999960307,,time_limit
R111,2,hybrid_75,12,4,11,0.03048829999897862,0.03048829999897862,found
R111,2,hybrid_75,11,33,97,0.2945818000007421,,time_limit
R111,2,baseline,12,3,,,,found
R111,2,baseline,11,6,,,,not_found
R111,2,reconstruct,12,3,3,0.17391180000413442,0.17391180000413442,found
R111,2,reconstruct,11,7,7,0.23628690000623465,,time_limit
R111,2,cached_reconstruct,12,3,3,0.017818000000261236,0.017818000000261236,found
R111,2,cached_reconstruct,11,96,96,0.39432310000120196,,time_limit
R112,0,hybrid_75,14,1,1,0.007698699999309611,0.007698699999309611,found
R112,0,hybrid_75,13,1,1,0.007023499994829763,0.007023499994829763,found
R112,0,hybrid_75,12,2,2,0.007160200002545025,0.007160200002545025,found
R112,0,hybrid_75,11,36,105,0.30321920000278624,,time_limit
R112,0,baseline,14,1,,,,found
R112,0,baseline,13,1,,,,found
R112,0,baseline,12,3,,,,found
R112,0,baseline,11,3,,,,not_found
R112,0,reconstruct,14,1,1,0.06793760000437032,0.06793760000437032,found
R112,0,reconstruct,13,1,1,0.06915250000020023,0.06915250000020023,found
R112,0,reconstruct,12,3,3,0.19926910000503995,0.19926910000503995,found
R112,0,reconstruct,11,2,2,0.07710169999336358,,time_limit
R112,0,cached_reconstruct,14,1,1,0.007612699999299366,0.007612699999299366,found
R112,0,cached_reconstruct,13,1,1,0.0070393999994848855,0.0070393999994848855,found
R112,0,cached_reconstruct,12,3,3,0.01962739999726182,0.01962739999726182,found
R112,0,cached_reconstruct,11,79,79,0.37913770000159275,,time_limit
R112,0,hybrid,14,1,1,0.007032100002106745,0.007032100002106745,found
R112,0,hybrid,13,1,1,0.006670299997495022,0.006670299997495022,found
R112,0,hybrid,12,2,2,0.006821000002673827,0.006821000002673827,found
R112,0,hybrid,11,45,133,0.39403359999414533,,time_limit
R112,1,baseline,14,1,,,,found
R112,1,baseline,13,1,,,,found
R112,1,baseline,12,6,,,,not_found
R112,1,reconstruct,14,1,1,0.06369390000327257,0.06369390000327257,found
R112,1,reconstruct,13,1,1,0.06486800000129733,0.06486800000129733,found
R112,1,reconstruct,12,5,5,0.28256140000303276,,time_limit
R112,1,cached_reconstruct,14,1,1,0.007481499997084029,0.007481499997084029,found
R112,1,cached_reconstruct,13,1,1,0.007155400002375245,0.007155400002375245,found
R112,1,cached_reconstruct,12,12,12,0.07740929999999935,0.07740929999999935,found
R112,1,cached_reconstruct,11,48,48,0.2342438999985461,0.2342438999985461,found
R112,1,cached_reconstruct,10,23,23,0.08492819999810308,,time_limit
R112,1,hybrid,14,1,1,0.007168600001023151,0.007168600001023151,found
R112,1,hybrid,13,1,1,0.0065853000050992705,0.0065853000050992705,found
R112,1,hybrid,12,2,2,0.006212699998286553,0.006212699998286553,found
R112,1,hybrid,11,4,11,0.029262299998663366,0.029262299998663366,found
R112,1,hybrid,10,44,130,0.36577269999543205,,time_limit
R112,1,hybrid_75,14,1,1,0.007406299999274779,0.007406299999274779,found
R112,1,hybrid_75,13,1,1,0.007253299998410512,0.007253299998410512,found
R112,1,hybrid_75,12,2,2,0.006775400004698895,0.006775400004698895,found
R112,1,hybrid_75,11,4,11,0.03160769999522017,0.03160769999522017,found
R112,1,hybrid_75,10,32,93,0.2728283000033116,,time_limit
R112,2,reconstruct,14,1,1,0.06498979999742005,0.06498979999742005,found
R112,2,reconstruct,13,2,2,0.1209413999968092,0.1209413999968092,found
R112,2,reconstruct,12,3,3,0.16933260000223527,0.16933260000223527,found
R112,2,reconstruct,11,2,2,0.05421980000392068,,time_limit
R112,2,cached_reconstruct,14,1,1,0.007061899996188004,0.007061899996188004,found
R112,2,cached_reconstruct,13,2,2,0.013012600000365637,0.013012600000365637,found
R112,2,cached_reconstruct,12,3,3,0.01841180000337772,0.01841180000337772,found
R112,2,cached_reconstruct,11,77,77,0.3755629999941448,,time_limit
R112,2,hybrid,14,1,1,0.0073190999974031,0.0073190999974031,found
R112,2,hybrid,13,2,2,0.006569999997736886,0.006569999997736886,found
R112,2,hybrid,12,2,4,0.010003499999584164,0.010003499999584164,found
R112,2,hybrid,11,42,122,0.38853779999772087,,time_limit
R112,2,hybrid_75,14,1,1,0.007121499998902436,0.007121499998902436,found
R112,2,hybrid_75,13,2,2,0.006269000004976988,0.006269000004976988,found
R112,2,hybrid_75,12,2,4,0.009850300004472956,0.009850300004472956,found
R112,2,hybrid_75,11,34,102,0.30309549999947194,,time_limit
R112,2,baseline,14,1,,,,found
R112,2,baseline,13,2,,,,found
R112,2,baseline,12,3,,,,found
R112,2,baseline,11,2,,,,not_found
R201,0,cached_reconstruct,4,11,11,0.03158889999758685,0.03158889999758685,found
R201,0,cached_reconstruct,3,100,100,0.12054669999633916,,not_found
R201,0,hybrid,4,4,12,0.03930730000138283,0.03930730000138283,found
R201,0,hybrid,3,20,60,0.31179169999813894,,time_limit
R201,0,hybrid_75,4,4,12,0.03953890000411775,0.03953890000411775,found
R201,0,hybrid_75,3,16,44,0.23799020000296878,,time_limit
R201,0,baseline,4,11,,,,not_found
R201,0,reconstruct,4,11,11,0.3472141999955056,,time_limit
R201,1,hybrid,4,2,6,0.022755899997719098,0.022755899997719098,found
R201,1,hybrid,3,18,54,0.32004500000039116,,time_limit
R201,1,hybrid_75,4,2,6,0.02090889999817591,0.02090889999817591,found
R201,1,hybrid_75,3,14,42,0.24816390000341926,,time_limit
R201,1,baseline,4,6,,,,found
R201,1,baseline,3,11,,,,not_found
R201,1,reconstruct,4,6,6,0.2654106999980286,0.2654106999980286,found
R201,1,reconstruct,3,13,13,0.0843897000013385,,time_limit
R201,1,cached_reconstruct,4,6,6,0.020580800002790056,0.020580800002790056,found
R201,1,cached_reconstruct,3,100,100,0.12229269999807002,,not_found
R201,2,hybrid_75,4,1,1,0.007489800002076663,0.007489800002076663,found
R201,2,hybrid_75,3,16,48,0.2686001000038232,,time_limit
R201,2,baseline,4,1,,,,found
R201,2,baseline,3,30,,,,not_found
R201,2,reconstruct,4,1,1,0.14716469999984838,0.14716469999984838,found
R201,2,reconstruct,3,30,30,0.1993503000048804,,time_limit
R201,2,cached_reconstruct,4,1,1,0.0073814999996102415,0.0073814999996102415,found
R201,2,cached_reconstruct,3,100,100,0.11155169999983627,,not_found
R201,2,hybrid,4,1,1,0.007290499997907318,0.007290499997907318,found
R201,2,hybrid,3,22,65,0.34307930000068154,,time_limit
R202,0,baseline,3,44,,,,not_found
R202,0,reconstruct,3,44,44,0.32636559999809833,,time_limit
R202,0,cached_reconstruct,3,100,100,0.11823000000003958,,not_found
R202,0,hybrid,3,24,68,0.3322589000017615,,time_limit
R202,0,hybrid_75,3,18,54,0.2621572999996715,,time_limit
R202,1,reconstruct,3,40,40,0.321115099999588,,time_limit
R202,1,cached_reconstruct,3,100,100,0.1244890999951167,,not_found
R202,1,hybrid,3,24,68,0.3280979999981355,,time_limit
R202,1,hybrid_75,3,18,52,0.25594890000502346,,time_limit
R202,1,baseline,3,42,,,,not_found
R202,2,cached_reconstruct,3,100,100,0.11833699999988312,,not_found
R202,2,hybrid,3,22,64,0.3309746000013547,,time_limit
R202,2,hybrid_75,3,18,54,0.26115389999904437,,time_limit
R202,2,baseline,3,43,,,,not_found
R202,2,reconstruct,3,45,45,0.319486100001086,,time_limit
R203,0,hybrid,2,12,34,0.31179810000321595,,time_limit
R203,0,hybrid_75,2,10,26,0.24657430000661407,,time_limit
R203,0,baseline,2,100,,,,not_found
R203,0,reconstruct,2,100,100,0.250589499999478,,not_found
R203,0,cached_reconstruct,2,100,100,0.05956729999888921,,not_found
R203,1,hybrid_75,2,10,27,0.2517807000040193,,time_limit
R203,1,baseline,2,100,,,,not_found
R203,1,reconstruct,2,100,100,0.27037189999828115,,not_found
R203,1,cached_reconstruct,2,100,100,0.06077999999979511,,not_found
R203,1,hybrid,2,12,32,0.3071180000042659,,time_limit
R203,2,baseline,2,100,,,,not_found
R203,2,reconstruct,2,100,100,0.24769799999921815,,not_found
R203,2,cached_reconstruct,2,100,100,0.05959639999491628,,not_found
R203,2,hybrid,2,12,36,0.31376989999989746,,time_limit
R203,2,hybrid_75,2,10,30,0.24997500000608852,,time_limit
R204,0,reconstruct,2,4,4,0.27078679999976885,,time_limit
R204,0,cached_reconstruct,2,73,73,0.2848165000032168,,time_limit
R204,0,hybrid,2,12,32,0.2714105999984895,,time_limit
R204,0,hybrid_75,2,10,26,0.21292990000074496,,time_limit
R204,0,baseline,2,4,,,,not_found
R204,1,cached_reconstruct,2,69,69,0.2790519999980461,,time_limit
R204,1,hybrid,2,12,32,0.27553379999881145,,time_limit
R204,1,hybrid_75,2,8,24,0.22257250000257045,,time_limit
R204,1,baseline,2,3,,,,not_found
R204,1,reconstruct,2,3,3,0.2793785000030766,,time_limit
R204,2,hybrid,2,12,36,0.2843551000041771,,time_limit
R204,2,hybrid_75,2,10,27,0.22352870000031544,,time_limit
R204,2,baseline,2,8,,,,not_found
R204,2,reconstruct,2,8,8,0.2800305000055232,,time_limit
R204,2,cached_reconstruct,2,73,73,0.2797110999963479,,time_limit
R205,0,hybrid_75,3,3,7,0.03665080000064336,0.03665080000064336,found
R205,0,hybrid_75,2,8,24,0.22016199999779928,,time_limit
R205,0,baseline,3,2,,,,found
R205,0,baseline,2,21,,,,not_found
R205,0,reconstruct,3,2,2,0.23121209999953862,0.23121209999953862,found
R205,0,reconstruct,2,19,19,0.09071660000336124,,time_limit
R205,0,cached_reconstruct,3,2,2,0.011605100000451785,0.011605100000451785,found
R205,0,cached_reconstruct,2,100,100,0.09427879999566358,,not_found
R205,0,hybrid,3,3,7,0.03731110000080662,0.03731110000080662,found
R205,0,hybrid,2,12,32,0.28055879999737954,,time_limit
R205,1,baseline,3,11,,,,not_found
R205,1,reconstruct,3,10,10,0.3115382999967551,,time_limit
R205,1,cached_reconstruct,3,18,18,0.05187750000186497,0.05187750000186497,found
R205,1,cached_reconstruct,2,100,100,0.08690909999859286,,not_found
R205,1,hybrid,3,12,36,0.1846494999990682,0.1846494999990682,found
R205,1,hybrid,2,6,16,0.1361888999963412,,time_limit
R205,1,hybrid_75,3,12,36,0.1810940999930608,0.1810940999930608,found
R205,1,hybrid_75,2,4,10,0.07497950000106357,,time_limit
R205,2,reconstruct,3,4,4,0.2880702999973437,0.2880702999973437,found
R205,2,reconstruct,2,7,7,0.033448099995439406,,time_limit
R205,2,cached_reconstruct,3,4,4,0.016211800000746734,0.016211800000746734,found
R205,2,cached_reconstruct,2,100,100,0.08919779999996535,,not_found
R205,2,hybrid,3,7,19,0.09928880000370555,0.09928880000370555,found
R205,2,hybrid,2,8,24,0.2167150000022957,,time_limit
R205,2,hybrid_75,3,7,19,0.09628659999725642,0.09628659999725642,found
R205,2,hybrid_75,2,6,17,0.15448109999852022,,time_limit
R205,2,baseline,3,4,,,,found
R205,2,baseline,2,9,,,,not_found
R206,0,cached_reconstruct,2,100,100,0.08818940000492148,,not_found
R206,0,hybrid,2,12,35,0.3155620000034105,,time_limit
R206,0,hybrid_75,2,10,27,0.2469247999979416,,time_limit
R206,0,baseline,2,62,,,,not_found
R206,0,reconstruct,2,58,58,0.31022680000023684,,time_limit
R206,1,hybrid,2,12,34,0.3128513000046951,,time_limit
R206,1,hybrid_75,2,10,28,0.2488085999939358,,time_limit
R206,1,baseline,2,56,,,,not_found
R206,1,reconstruct,2,57,57,0.31178479999653064,,time_limit
R206,1,cached_reconstruct,2,100,100,0.08776499999657972,,not_found
R206,2,hybrid_75,2,10,29,0.24735759999748552,,time_limit
R206,2,baseline,2,59,,,,not_found
R206,2,reconstruct,2,59,59,0.31324859999585897,,time_limit
R206,2,cached_reconstruct,2,100,100,0.08969300000171643,,not_found
R206,2,hybrid,2,12,36,0.3171481999961543,,time_limit
R207,0,baseline,3,1,,,,found
R207,0,baseline,2,2,,,,not_found
R207,0,reconstruct,3,1,1,0.1566432999970857,0.1566432999970857,found
R207,0,reconstruct,2,2,2,0.13227950000145938,,time_limit
R207,0,cached_reconstruct,3,1,1,0.008856899999955203,0.008856899999955203,found
R207,0,cached_reconstruct,2,69,69,0.2700016999951913,,time_limit
R207,0,hybrid,3,1,1,0.008181199998944066,0.008181199998944066,found
R207,0,hybrid,2,12,32,0.2809138000011444,,time_limit
R207,0,hybrid_75,3,1,1,0.00835430000006454,0.00835430000006454,found
R207,0,hybrid_75,2,8,23,0.2126062000024831,,time_limit
R207,1,reconstruct,3,1,1,0.1600177000000258,0.1600177000000258,found
R207,1,reconstruct,2,2,2,0.1276274999981979,,time_limit
R207,1,cached_reconstruct,3,1,1,0.008475900001940317,0.008475900001940317,found
R207,1,cached_reconstruct,2,72,72,0.27491429999645334,,time_limit
R207,1,hybrid,3,1,1,0.008072099997662008,0.008072099997662008,found
R207,1,hybrid,2,12,35,0.281072600002517,,time_limit
R207,1,hybrid_75,3,1,1,0.007862400001613423,0.007862400001613423,found
R207,1,hybrid_75,2,10,28,0.2203905999995186,,time_limit
R207,1,baseline,3,1,,,,found
R207,1,baseline,2,2,,,,not_found
R207,2,cached_reconstruct,3,1,1,0.008197700000891928,0.008197700000891928,found
R207,2,cached_reconstruct,2,75,75,0.2800675000034971,,time_limit
R207,2,hybrid,3,1,1,0.007980100002896506,0.007980100002896506,found
R207,2,hybrid,2,12,36,0.2814241999949445,,time_limit
R207,2,hybrid_75,3,1,1,0.007960999995702878,0.007960999995702878,found
R207,2,hybrid_75,2,10,29,0.22003059999406105,,time_limit
R207,2,baseline,3,1,,,,found
R207,2,baseline,2,1,,,,not_found
R207,2,reconstruct,3,1,1,0.1709820000032778,0.1709820000032778,found
R207,2,reconstruct,2,1,1,0.11813919999985956,,time_limit
R208,0,hybrid,2,2,5,0.02253789999667788,0.02253789999667788,found
R208,0,hybrid_75,2,2,5,0.02267539999593282,0.02267539999593282,found
R208,0,baseline,2,2,,,,not_found
R208,0,reconstruct,2,2,2,0.26425300000119023,,time_limit
R208,0,cached_reconstruct,2,8,8,0.05933569999615429,0.05933569999615429,found
R208,1,hybrid_75,2,2,6,0.02720470000349451,0.02720470000349451,found
R208,1,baseline,2,3,,,,not_found
R208,1,reconstruct,2,3,3,0.27262480000354117,,time_limit
R208,1,cached_reconstruct,2,9,9,0.0662679000015487,0.0662679000015487,found
R208,1,hybrid,2,2,6,0.028052699999534525,0.028052699999534525,found
R208,2,baseline,2,2,,,,not_found
R208,2,reconstruct,2,2,2,0.266380000000936,,time_limit
R208,2,cached_reconstruct,2,6,6,0.04939590000140015,0.04939590000140015,found
R208,2,hybrid,2,2,5,0.023664300002565142,0.023664300002565142,found
R208,2,hybrid_75,2,2,5,0.023095600001397543,0.023095600001397543,found
R209,0,reconstruct,3,2,2,0.20049350000044797,0.20049350000044797,found
R209,0,reconstruct,2,15,15,0.129000900000392,,time_limit
R209,0,cached_reconstruct,3,2,2,0.010469200002262369,0.010469200002262369,found
R209,0,cached_reconstruct,2,100,100,0.11081839999678778,,not_found
R209,0,hybrid,3,2,6,0.027797800001280848,0.027797800001280848,found
R209,0,hybrid,2,12,34,0.2996435000022757,,time_limit
R209,0,hybrid_75,3,2,6,0.028468399999837857,0.028468399999837857,found
R209,0,hybrid_75,2,8,24,0.22767059999750927,,time_limit
R209,0,baseline,3,2,,,,found
R209,0,baseline,2,15,,,,not_found
R209,1,cached_reconstruct,3,1,1,0.007622299999638926,0.007622299999638926,found
R209,1,cached_reconstruct,2,100,100,0.11079840000456898,,not_found
R209,1,hybrid,3,1,1,0.007895900002040435,0.007895900002040435,found
R209,1,hybrid,2,12,33,0.3216088999979547,,time_limit
R209,1,hybrid_75,3,1,1,0.008899499996914528,0.008899499996914528,found
R209,1,hybrid_75,2,10,26,0.24551079999946523,,time_limit
R209,1,baseline,3,1,,,,found
R209,1,baseline,2,14,,,,not_found
R209,1,reconstruct,3,1,1,0.1697621999992407,0.1697621999992407,found
R209,1,reconstruct,2,16,16,0.15311600000131875,,time_limit
R209,2,hybrid,3,3,7,0.031654999998863786,0.031654999998863786,found
R209,2,hybrid,2,12,34,0.2963616999986698,,time_limit
R209,2,hybrid_75,3,3,7,0.031145200002356432,0.031145200002356432,found
R209,2,hybrid_75,2,10,26,0.22929709999880288,,time_limit
R209,2,baseline,3,2,,,,found
R209,2,baseline,2,16,,,,not_found
R209,2,reconstruct,3,2,2,0.2016587999969488,0.2016587999969488,found
R209,2,reconstruct,2,15,15,0.12104079999699024,,time_limit
R209,2,cached_reconstruct,3,2,2,0.009642400000302587,0.009642400000302587,found
R209,2,cached_reconstruct,2,100,100,0.11861479999788571,,not_found
R210,0,hybrid_75,2,10,28,0.2487009999967995,,time_limit
R210,0,baseline,2,100,,,,not_found
R210,0,reconstruct,2,100,100,0.18018799999845214,,not_found
R210,0,cached_reconstruct,2,100,100,0.05098750000615837,,not_found
R210,0,hybrid,2,12,36,0.31626320000214037,,time_limit
R210,1,baseline,2,100,,,,not_found
R210,1,reconstruct,2,100,100,0.18512550000014016,,not_found
R210,1,cached_reconstruct,2,100,100,0.05103119999694172,,not_found
R210,1,hybrid,2,12,35,0.30983470000501256,,time_limit
R210,1,hybrid_75,2,10,28,0.2447810000012396,,time_limit
R210,2,reconstruct,2,100,100,0.17084310000063851,,not_found
R210,2,cached_reconstruct,2,100,100,0.05101770000328543,,not_found
R210,2,hybrid,2,12,36,0.3176762000002782,,time_limit
R210,2,hybrid_75,2,10,29,0.24968259999877773,,time_limit
R210,2,baseline,2,100,,,,not_found
R211,0,cached_reconstruct,2,100,100,0.2514129999981378,,not_found
R211,0,hybrid,2,10,30,0.30289149999589426,,time_limit
R211,0,hybrid_75,2,8,23,0.22799940000550123,,time_limit
R211,0,baseline,2,10,,,,not_found
R211,0,reconstruct,2,9,9,0.2964212000006228,,time_limit
R211,1,hybrid,2,10,30,0.28597810000064783,,time_limit
R211,1,hybrid_75,2,10,27,0.23331299999699695,,time_limit
R211,1,baseline,2,10,,,,not_found
R211,1,reconstruct,2,10,10,0.3003824000043096,,time_limit
R211,1,cached_reconstruct,2,100,100,0.27554809999855934,,not_found
R211,2,hybrid_75,2,10,27,0.2386601000034716,,time_limit
R211,2,baseline,2,11,,,,not_found
R211,2,reconstruct,2,11,11,0.299301099999866,,time_limit
R211,2,cached_reconstruct,2,100,100,0.260383400003775,,not_found
R211,2,hybrid,2,12,32,0.2943384000027436,,time_limit
RC101,0,baseline,19,1,,,,found
RC101,0,baseline,18,8,,,,found
RC101,0,baseline,17,2,,,,found
RC101,0,baseline,16,8,,,,not_found
RC101,0,reconstruct,19,1,1,0.05806479999591829,0.05806479999591829,found
RC101,0,reconstruct,18,8,8,0.18560579999757465,0.18560579999757465,found
RC101,0,reconstruct,17,2,2,0.08247499999561114,0.08247499999561114,found
RC101,0,reconstruct,16,7,7,0.09466310000425437,,time_limit
RC101,0,cached_reconstruct,19,1,1,0.00829909999447409,0.00829909999447409,found
RC101,0,cached_reconstruct,18,8,8,0.03644870000425726,0.03644870000425726,found
RC101,0,cached_reconstruct,17,2,2,0.01180739999836078,0.01180739999836078,found
RC101,0,cached_reconstruct,16,100,100,0.3415430000022752,,not_found
RC101,0,hybrid,19,1,1,0.00793070000509033,0.00793070000509033,found
RC101,0,hybrid,18,2,2,0.004743400000734255,0.004743400000734255,found
RC101,0,hybrid,17,2,2,0.004861299996264279,0.004861299996264279,found
RC101,0,hybrid,16,6,18,0.0419395999997505,0.0419395999997505,found
RC101,0,hybrid,15,48,144,0.3588432000033208,,time_limit
RC101,0,hybrid_75,19,1,1,0.007840400001441594,0.007840400001441594,found
RC101,0,hybrid_75,18,2,2,0.004665700005716644,0.004665700005716644,found
RC101,0,hybrid_75,17,2,2,0.004682200000388548,0.004682200000388548,found
RC101,0,hybrid_75,16,6,18,0.041655399996670894,0.041655399996670894,found
RC101,0,hybrid_75,15,38,111,0.27074310000170954,,time_limit
RC101,1,reconstruct,19,3,3,0.10215729999617906,0.10215729999617906,found
RC101,1,reconstruct,18,5,5,0.14555729999847244,0.14555729999847244,found
RC101,1,reconstruct,17,9,9,0.17306519999692682,,time_limit
RC101,1,cached_reconstruct,19,3,3,0.0171180999968783,0.0171180999968783,found
RC101,1,cached_reconstruct,18,5,5,0.024990300000354182,0.024990300000354182,found
RC101,1,cached_reconstruct,17,32,32,0.125753899999836,0.125753899999836,found
RC101,1,cached_reconstruct,16,78,78,0.2531105999951251,,time_limit
RC101,1,hybrid,19,2,2,0.00552340000285767,0.00552340000285767,found
RC101,1,hybrid,18,2,6,0.016281700001854915,0.016281700001854915,found
RC101,1,hybrid,17,6,15,0.03547170000092592,0.03547170000092592,found
RC101,1,hybrid,16,47,139,0.36014450000220677,,time_limit
RC101,1,hybrid_75,19,2,2,0.005747499999415595,0.005747499999415595,found
RC101,1,hybrid_75,18,2,6,0.016292199994495604,0.016292199994495604,found
RC101,1,hybrid_75,17,6,15,0.037461600004462525,0.037461600004462525,found
RC101,1,hybrid_75,16,34,101,0.26944739999453304,,time_limit
RC101,1,baseline,19,3,,,,found
RC101,1,baseline,18,5,,,,found
RC101,1,baseline,17,10,,,,not_found
RC101,2,cached_reconstruct,19,4,4,0.020036800000525545,0.020036800000525545,found
RC101,2,cached_reconstruct,18,4,4,0.018820200006302912,0.018820200006302912,found
RC101,2,cached_reconstruct,17,24,24,0.09618859999318374,0.09618859999318374,found
RC101,2,cached_reconstruct,16,87,87,0.28142530000332044,,time_limit
RC101,2,hybrid,19,2,2,0.0048104000015882775,0.0048104000015882775,found
RC101,2,hybrid,18,2,5,0.011770799996156711,0.011770799996156711,found
RC101,2,hybrid,17,2,4,0.008189200001652353,0.008189200001652353,found
RC101,2,hybrid,16,12,34,0.07875360000616638,0.07875360000616638,found
RC101,2,hybrid,15,44,131,0.3140015999961179,,time_limit
RC101,2,hybrid_75,19,2,2,0.004585599999700207,0.004585599999700207,found
RC101,2,hybrid_75,18,2,5,0.011472599995613564,0.011472599995613564,found
RC101,2,hybrid_75,17,2,4,0.007850000001781154,0.007850000001781154,found
RC101,2,hybrid_75,16,12,34,0.07423759999801405,0.07423759999801405,found
RC101,2,hybrid_75,15,34,101,0.23326109999470646,,time_limit
RC101,2,baseline,19,4,,,,found
RC101,2,baseline,18,4,,,,found
RC101,2,baseline,17,12,,,,not_found
RC101,2,reconstruct,19,4,4,0.1065392000018619,0.1065392000018619,found
RC101,2,reconstruct,18,4,4,0.10333119999995688,0.10333119999995688,found
RC101,2,reconstruct,17,12,12,0.21194540000578854,,time_limit
RC102,0,hybrid,16,2,2,0.004974900002707727,0.004974900002707727,found
RC102,0,hybrid,15,2,5,0.01041609999811044,0.01041609999811044,found
RC102,0,hybrid,14,48,143,0.3313354999991134,0.3313354999991134,found
RC102,0,hybrid,13,11,31,0.06912520000332734,,time_limit
RC102,0,hybrid_75,16,2,2,0.004469900006370153,0.004469900006370153,found
RC102,0,hybrid_75,15,2,5,0.01029230000131065,0.01029230000131065,found
RC102,0,hybrid_75,14,46,134,0.3133709000030649,,time_limit
RC102,0,baseline,16,9,,,,found
RC102,0,baseline,15,4,,,,found
RC102,0,baseline,14,13,,,,not_found
RC102,0,reconstruct,16,9,9,0.18341749999672174,0.18341749999672174,found
RC102,0,reconstruct,15,4,4,0.10067700000217883,0.10067700000217883,found
RC102,0,reconstruct,14,11,11,0.1326915999961784,,time_limit
RC102,0,cached_reconstruct,16,9,9,0.03271340000355849,0.03271340000355849,found
RC102,0,cached_reconstruct,15,4,4,0.015717499998572748,0.015717499998572748,found
RC102,0,cached_reconstruct,14,100,100,0.2581844000014826,,not_found
RC102,1,hybrid_75,16,1,1,0.007062899996526539,0.007062899996526539,found
RC102,1,hybrid_75,15,4,10,0.019497900000715163,0.019497900000715163,found
RC102,1,hybrid_75,14,2,2,0.0037063999989186414,0.0037063999989186414,found
RC102,1,hybrid_75,13,44,130,0.3000432999979239,,time_limit
RC102,1,baseline,16,1,,,,found
RC102,1,baseline,15,5,,,,found
RC102,1,baseline,14,22,,,,not_found
RC102,1,reconstruct,16,1,1,0.05805279999913182,0.05805279999913182,found
RC102,1,reconstruct,15,5,5,0.10892569999850821,0.10892569999850821,found
RC102,1,reconstruct,14,23,23,0.2519393999973545,,time_limit
RC102,1,cached_reconstruct,16,1,1,0.007041400000161957,0.007041400000161957,found
RC102,1,cached_reconstruct,15,5,5,0.017727700003888458,0.017727700003888458,found
RC102,1,cached_reconstruct,14,100,100,0.2721629999941797,,not_found
RC102,1,hybrid,16,1,1,0.007511999996495433,0.007511999996495433,found
RC102,1,hybrid,15,4,10,0.02025879999564495,0.02025879999564495,found
RC102,1,hybrid,14,2,2,0.0037404000031528994,0.0037404000031528994,found
RC102,1,hybrid,13,54,159,0.38086269999621436,,time_limit
RC102,2,baseline,16,2,,,,found
RC102,2,baseline,15,24,,,,not_found
RC102,2,reconstruct,16,2,2,0.07828840000001946,0.07828840000001946,found
RC102,2,reconstruct,15,24,24,0.3378742999993847,,time_limit
RC102,2,cached_reconstruct,16,2,2,0.010999300000548828,0.010999300000548828,found
RC102,2,cached_reconstruct,15,24,24,0.07381729999906383,0.07381729999906383,found
RC102,2,cached_reconstruct,14,28,28,0.08056239999859827,0.08056239999859827,found
RC102,2,cached_reconstruct,13,100,100,0.23886990000028163,,not_found
RC102,2,hybrid,16,2,2,0.004142000005231239,0.004142000005231239,found
RC102,2,hybrid,15,2,3,0.005484200002683792,0.005484200002683792,found
RC102,2,hybrid,14,4,11,0.022459200001321733,0.022459200001321733,found
RC102,2,hybrid,13,57,169,0.3867201000030036,,time_limit
RC102,2,hybrid_75,16,2,2,0.004048700000566896,0.004048700000566896,found
RC102,2,hybrid_75,15,2,3,0.005481200001668185,0.005481200001668185,found
RC102,2,hybrid_75,14,4,11,0.022644000004220288,0.022644000004220288,found
RC102,2,hybrid_75,13,43,127,0.2984361000053468,,time_limit
RC103,0,reconstruct,12,11,11,0.3543604000005871,0.3543604000005871,found
RC103,0,reconstruct,11,6,6,0.056377799999609124,,time_limit
RC103,0,cached_reconstruct,12,11,11,0.045792199998686556,0.045792199998686556,found
RC103,0,cached_reconstruct,11,100,100,0.21777980000479147,,not_found
RC103,0,hybrid,12,21,61,0.17414060000010068,0.17414060000010068,found
RC103,0,hybrid,11,30,90,0.23768479999853298,,time_limit
RC103,0,hybrid_75,12,21,61,0.17597650000243448,0.17597650000243448,found
RC103,0,hybrid_75,11,19,55,0.14669570000114618,,time_limit
RC103,0,baseline,12,11,,,,found
RC103,0,baseline,11,6,,,,not_found
RC103,1,cached_reconstruct,12,1,1,0.006811100000049919,0.006811100000049919,found
RC103,1,cached_reconstruct,11,100,100,0.21605470000213245,,not_found
RC103,1,hybrid,12,1,1,0.007017999996605795,0.007017999996605795,found
RC103,1,hybrid,11,52,156,0.4039740000007441,,time_limit
RC103,1,hybrid_75,12,1,1,0.006554099993081763,0.006554099993081763,found
RC103,1,hybrid_75,11,44,129,0.3185391000006348,,time_limit
RC103,1,baseline,12,1,,,,found
RC103,1,baseline,11,40,,,,not_found
RC103,1,reconstruct,12,1,1,0.07516990000294754,0.07516990000294754,found
RC103,1,reconstruct,11,37,37,0.3348836000004667,,time_limit
RC103,2,hybrid,12,39,115,0.33202049999817973,0.33202049999817973,found
RC103,2,hybrid,11,12,34,0.07869809999829158,,time_limit
RC103,2,hybrid_75,12,38,113,0.32387430000380846,,time_limit
RC103,2,baseline,12,15,,,,not_found
RC103,2,reconstruct,12,15,15,0.41126039999653585,,time_limit
RC103,2,cached_reconstruct,12,20,20,0.08076189999701455,0.08076189999701455,found
RC103,2,cached_reconstruct,11,100,100,0.20904180000070482,,not_found
RC104,0,hybrid_75,13,1,1,0.00727280000137398,0.00727280000137398,found
RC104,0,hybrid_75,12,1,1,0.006435600000259001,0.006435600000259001,found
RC104,0,hybrid_75,11,23,67,0.20313829999940936,0.20313829999940936,found
RC104,0,hybrid_75,10,13,37,0.10649760000524111,,time_limit
RC104,0,baseline,13,1,,,,found
RC104,0,baseline,12,1,,,,found
RC104,0,baseline,11,6,,,,not_found
RC104,0,reconstruct,13,1,1,0.06232420000014827,0.06232420000014827,found
RC104,0,reconstruct,12,1,1,0.05914489999850048,0.05914489999850048,found
RC104,0,reconstruct,11,6,6,0.2890031999995699,,time_limit
RC104,0,cached_reconstruct,13,1,1,0.006812599996919744,0.006812599996919744,found
RC104,0,cached_reconstruct,12,1,1,0.006274700004723854,0.006274700004723854,found
RC104,0,cached_reconstruct,11,12,12,0.0661577999999281,0.0661577999999281,found
RC104,0,cached_reconstruct,10,89,89,0.3294677000012598,,time_limit
RC104,0,hybrid,13,1,1,0.006634700002905447,0.006634700002905447,found
RC104,0,hybrid,12,1,1,0.006245700002182275,0.006245700002182275,found
RC104,0,hybrid,11,23,67,0.18963090000033844,0.18963090000033844,found
RC104,0,hybrid,10,25,73,0.20664090000354918,,time_limit
RC104,1,baseline,13,1,,,,found
RC104,1,baseline,12,1,,,,found
RC104,1,baseline,11,6,,,,not_found
RC104,1,reconstruct,13,1,1,0.054736800004320685,0.054736800004320685,found
RC104,1,reconstruct,12,1,1,0.06097089999821037,0.06097089999821037,found
RC104,1,reconstruct,11,6,6,0.29550729999755276,,time_limit
RC104,1,cached_reconstruct,13,1,1,0.006754599999112543,0.006754599999112543,found
RC104,1,cached_reconstruct,12,1,1,0.006482500000856817,0.006482500000856817,found
RC104,1,cached_reconstruct,11,6,6,0.03328540000075009,0.03328540000075009,found
RC104,1,cached_reconstruct,10,95,95,0.363148700002057,,time_limit
RC104,1,hybrid,13,1,1,0.006540399997902568,0.006540399997902568,found
RC104,1,hybrid,12,1,1,0.006306700001005083,0.006306700001005083,found
RC104,1,hybrid,11,11,31,0.08772619999945164,0.08772619999945164,found
RC104,1,hybrid,10,36,107,0.3104144000026281,,time_limit
RC104,1,hybrid_75,13,1,1,0.00661499999841908,0.00661499999841908,found
RC104,1,hybrid_75,12,1,1,0.006502500000351574,0.006502500000351574,found
RC104,1,hybrid_75,11,11,31,0.08769820000452455,0.08769820000452455,found
RC104,1,hybrid_75,10,26,76,0.22244209999917075,,time_limit
RC104,2,reconstruct,13,1,1,0.057918899998185225,0.057918899998185225,found
RC104,2,reconstruct,12,1,1,0.057090900001639966,0.057090900001639966,found
RC104,2,reconstruct,11,4,4,0.197087400003511,0.197087400003511,found
RC104,2,reconstruct,10,4,4,0.09822979999444215,,time_limit
RC104,2,cached_reconstruct,13,1,1,0.006593599995539989,0.006593599995539989,found
RC104,2,cached_reconstruct,12,1,1,0.00630020000244258,0.00630020000244258,found
RC104,2,cached_reconstruct,11,4,4,0.02080500000010943,0.02080500000010943,found
RC104,2,cached_reconstruct,10,99,99,0.3755620999945677,,time_limit
RC104,2,hybrid,13,1,1,0.006920899999386165,0.006920899999386165,found
RC104,2,hybrid,12,1,1,0.006438199998228811,0.006438199998228811,found
RC104,2,hybrid,11,2,2,0.005138599997735582,0.005138599997735582,found
RC104,2,hybrid,10,50,149,0.3918227000031038,,time_limit
RC104,2,hybrid_75,13,1,1,0.0066242000029888,0.0066242000029888,found
RC104,2,hybrid_75,12,1,1,0.006259900001168717,0.006259900001168717,found
RC104,2,hybrid_75,11,2,2,0.005034900001192,0.005034900001192,found
RC104,2,hybrid_75,10,40,117,0.3045678000053158,,time_limit
RC104,2,baseline,13,1,,,,found
RC104,2,baseline,12,1,,,,found
RC104,2,baseline,11,4,,,,found
RC104,2,baseline,10,4,,,,not_found
RC105,0,cached_reconstruct,16,13,13,0.0528924999962328,0.0528924999962328,found
RC105,0,cached_reconstruct,15,100,100,0.3167535000029602,,not_found
RC105,0,hybrid,16,4,11,0.02638419999857433,0.02638419999857433,found
RC105,0,hybrid,15,2,4,0.007064099998387974,0.007064099998387974,found
RC105,0,hybrid,14,14,41,0.10088729999552015,0.10088729999552015,found
RC105,0,hybrid,13,38,114,0.2825700999965193,,time_limit
RC105,0,hybrid_75,16,4,11,0.02603399999497924,0.02603399999497924,found
RC105,0,hybrid_75,15,2,4,0.007033999994746409,0.007033999994746409,found
RC105,0,hybrid_75,14,14,41,0.09840980000444688,0.09840980000444688,found
RC105,0,hybrid_75,13,28,82,0.19819460000144318,,time_limit
RC105,0,baseline,16,13,,,,found
RC105,0,baseline,15,5,,,,not_found
RC105,0,reconstruct,16,13,13,0.31835549999959767,0.31835549999959767,found
RC105,0,reconstruct,15,5,5,0.09632589999819174,,time_limit
RC105,1,hybrid,16,2,6,0.016349600002286024,0.016349600002286024,found
RC105,1,hybrid,15,24,71,0.18205890000535874,0.18205890000535874,found
RC105,1,hybrid,14,31,91,0.2193452999999863,,time_limit
RC105,1,hybrid_75,16,2,6,0.015388400002848357,0.015388400002848357,found
RC105,1,hybrid_75,15,24,71,0.1868086999966181,0.1868086999966181,found
RC105,1,hybrid_75,14,20,56,0.12896490000275662,,time_limit
RC105,1,baseline,16,3,,,,found
RC105,1,baseline,15,15,,,,not_found
RC105,1,reconstruct,16,3,3,0.11375500000576722,0.11375500000576722,found
RC105,1,reconstruct,15,16,16,0.3055458000017097,,time_limit
RC105,1,cached_reconstruct,16,3,3,0.016579200004343875,0.016579200004343875,found
RC105,1,cached_reconstruct,15,100,100,0.329453199999989,,not_found
RC105,2,hybrid_75,16,1,1,0.007356000001891516,0.007356000001891516,found
RC105,2,hybrid_75,15,6,17,0.03465349999896716,0.03465349999896716,found
RC105,2,hybrid_75,14,42,126,0.2886491999961436,,time_limit
RC105,2,baseline,16,1,,,,found
RC105,2,baseline,15,30,,,,not_found
RC105,2,reconstruct,16,1,1,0.05606949999491917,0.05606949999491917,found
RC105,2,reconstruct,15,29,29,0.35913129999971716,,time_limit
RC105,2,cached_reconstruct,16,1,1,0.007370999999693595,0.007370999999693595,found
RC105,2,cached_reconstruct,15,100,100,0.31508990000293124,,not_found
RC105,2,hybrid,16,1,1,0.007115000000339933,0.007115000000339933,found
RC105,2,hybrid,15,6,17,0.03518939999776194,0.03518939999776194,found
RC105,2,hybrid,14,52,155,0.3760723000013968,,time_limit
RC106,0,baseline,17,1,,,,found
RC106,0,baseline,16,1,,,,found
RC106,0,baseline,15,2,,,,found
RC106,0,baseline,14,8,,,,not_found
RC106,0,reconstruct,17,1,1,0.062099499999021646,0.062099499999021646,found
RC106,0,reconstruct,16,1,1,0.06331770000542747,0.06331770000542747,found
RC106,0,reconstruct,15,2,2,0.09232109999720706,0.09232109999720706,found
RC106,0,reconstruct,14,8,8,0.19975509999494534,,time_limit
RC106,0,cached_reconstruct,17,1,1,0.009886599997116718,0.009886599997116718,found
RC106,0,cached_reconstruct,16,1,1,0.008073199998761993,0.008073199998761993,found
RC106,0,cached_reconstruct,15,2,2,0.015584700006002095,0.015584700006002095,found
RC106,0,cached_reconstruct,14,95,95,0.3840873000008287,,time_limit
RC106,0,hybrid,17,1,1,0.007611200002429541,0.007611200002429541,found
RC106,0,hybrid,16,1,1,0.007341099997574929,0.007341099997574929,found
RC106,0,hybrid,15,2,2,0.005321800003002863,0.005321800003002863,found
RC106,0,hybrid,14,2,4,0.008452900001429953,0.008452900001429953,found
RC106,0,hybrid,13,53,157,0.389387600000191,,time_limit
RC106,0,hybrid_75,17,1,1,0.007453300000634044,0.007453300000634044,found
RC106,0,hybrid_75,16,1,1,0.007231800002045929,0.007231800002045929,found
RC106,0,hybrid_75,15,2,2,0.005228799993346911,0.005228799993346911,found
RC106,0,hybrid_75,14,2,4,0.008139900004607625,0.008139900004607625,found
RC106,0,hybrid_75,13,42,124,0.3034098999996786,,time_limit
RC106,1,reconstruct,17,1,1,0.05953159999626223,0.05953159999626223,found
RC106,1,reconstruct,16,1,1,0.05944739999540616,0.05944739999540616,found
RC106,1,reconstruct,15,3,3,0.14424399999552406,0.14424399999552406,found
RC106,1,reconstruct,14,6,6,0.1559962999963318,,time_limit
RC106,1,cached_reconstruct,17,1,1,0.007306400002562441,0.007306400002562441,found
RC106,1,cached_reconstruct,16,1,1,0.0071446000001742505,0.0071446000001742505,found
RC106,1,cached_reconstruct,15,3,3,0.018057300003420096,0.018057300003420096,found
RC106,1,cached_reconstruct,14,15,15,0.0637088000003132,0.0637088000003132,found
RC106,1,cached_reconstruct,13,100,100,0.324044100001629,,time_limit
RC106,1,hybrid,17,1,1,0.007792899996275082,0.007792899996275082,found
RC106,1,hybrid,16,1,1,0.007309399996302091,0.007309399996302091,found
RC106,1,hybrid,15,2,3,0.007938299997476861,0.007938299997476861,found
RC106,1,hybrid,14,8,24,0.06219550000241725,0.06219550000241725,found
RC106,1,hybrid,13,8,23,0.05394309999974212,0.05394309999974212,found
RC106,1,hybrid,12,38,114,0.2794909000003827,,time_limit
RC106,1,hybrid_75,17,1,1,0.00784169999678852,0.00784169999678852,found
RC106,1,hybrid_75,16,1,1,0.007584300001326483,0.007584300001326483,found
RC106,1,hybrid_75,15,2,3,0.007995899999514222,0.007995899999514222,found
RC106,1,hybrid_75,14,8,24,0.06247740000253543,0.06247740000253543,found
RC106,1,hybrid_75,13,8,23,0.05373429999599466,0.05373429999599466,found
RC106,1,hybrid_75,12,28,81,0.1907234000027529,,time_limit
RC106,1,baseline,17,1,,,,found
RC106,1,baseline,16,1,,,,found
RC106,1,baseline,15,3,,,,found
RC106,1,baseline,14,6,,,,not_found
RC106,2,cached_reconstruct,17,1,1,0.010332400001061615,0.010332400001061615,found
RC106,2,cached_reconstruct,16,1,1,0.013477700005751103,0.013477700005751103,found
RC106,2,cached_reconstruct,15,3,3,0.034321600003750063,0.034321600003750063,found
RC106,2,cached_reconstruct,14,13,13,0.0701582000037888,0.0701582000037888,found
RC106,2,cached_reconstruct,13,86,86,0.28922400000010384,,time_limit
RC106,2,hybrid,17,1,1,0.008258699999714736,0.008258699999714736,found
RC106,2,hybrid,16,1,1,0.007676799999899231,0.007676799999899231,found
RC106,2,hybrid,15,2,2,0.006488499995612074,0.006488499995612074,found
RC106,2,hybrid,14,2,4,0.008099200000287965,0.008099200000287965,found
RC106,2,hybrid,13,40,120,0.3136928000021726,0.3136928000021726,found
RC106,2,hybrid,12,8,23,0.07328650000272319,,time_limit
RC106,2,hybrid_75,17,1,1,0.007505599998694379,0.007505599998694379,found
RC106,2,hybrid_75,16,1,1,0.0074497999958111905,0.0074497999958111905,found
RC106,2,hybrid_75,15,2,2,0.006065199995646253,0.006065199995646253,found
RC106,2,hybrid_75,14,2,4,0.007574600000225473,0.007574600000225473,found
RC106,2,hybrid_75,13,40,119,0.2979148000013083,,time_limit
RC106,2,baseline,17,1,,,,found
RC106,2,baseline,16,1,,,,found
RC106,2,baseline,15,3,,,,found
RC106,2,baseline,14,6,,,,not_found
RC106,2,reconstruct,17,1,1,0.06232820000150241,0.06232820000150241,found
RC106,2,reconstruct,16,1,1,0.059990199995809235,0.059990199995809235,found
RC106,2,reconstruct,15,3,3,0.1474203000034322,0.1474203000034322,found
RC106,2,reconstruct,14,5,5,0.14477540000370936,,time_limit
RC107,0,hybrid,16,1,1,0.007861699996283278,0.007861699996283278,found
RC107,0,hybrid,15,1,1,0.007319700001971796,0.007319700001971796,found
RC107,0,hybrid,14,1,1,0.007270499998412561,0.007270499998412561,found
RC107,0,hybrid,13,6,14,0.03607970000302885,0.03607970000302885,found
RC107,0,hybrid,12,46,137,0.3546675000034156,,time_limit
RC107,0,hybrid_75,16,1,1,0.008142999999108724,0.008142999999108724,found
RC107,0,hybrid_75,15,1,1,0.007623099998454563,0.007623099998454563,found
RC107,0,hybrid_75,14,1,1,0.007465899994713254,0.007465899994713254,found
RC107,0,hybrid_75,13,6,14,0.0377167000042391,0.0377167000042391,found
RC107,0,hybrid_75,12,32,96,0.26460190000216244,,time_limit
RC107,0,baseline,16,1,,,,found
RC107,0,baseline,15,1,,,,found
RC107,0,baseline,14,1,,,,found
RC107,0,baseline,13,7,,,,not_found
RC107,0,reconstruct,16,1,1,0.06085180000081891,0.06085180000081891,found
RC107,0,reconstruct,15,1,1,0.05984589999570744,0.05984589999570744,found
RC107,0,reconstruct,14,1,1,0.06089169999904698,0.06089169999904698,found
RC107,0,reconstruct,13,7,7,0.2328678999983822,,time_limit
RC107,0,cached_reconstruct,16,1,1,0.007654100001673214,0.007654100001673214,found
RC107,0,cached_reconstruct,15,1,1,0.007197400002041832,0.007197400002041832,found
RC107,0,cached_reconstruct,14,1,1,0.007146700001612771,0.007146700001612771,found
RC107,0,cached_reconstruct,13,85,85,0.3932615000012447,,time_limit
RC107,1,hybrid_75,16,1,1,0.007250399998156354,0.007250399998156354,found
RC107,1,hybrid_75,15,1,1,0.006966399996599648,0.006966399996599648,found
RC107,1,hybrid_75,14,2,2,0.006120500001998153,0.006120500001998153,found
RC107,1,hybrid_75,13,6,18,0.04611760000261711,0.04611760000261711,found
RC107,1,hybrid_75,12,32,96,0.261934599999222,,time_limit
RC107,1,baseline,16,1,,,,found
RC107,1,baseline,15,1,,,,found
RC107,1,baseline,14,3,,,,found
RC107,1,baseline,13,5,,,,not_found
RC107,1,reconstruct,16,1,1,0.06070410000393167,0.06070410000393167,found
RC107,1,reconstruct,15,1,1,0.062326500003109686,0.062326500003109686,found
RC107,1,reconstruct,14,3,3,0.1455433000010089,0.1455433000010089,found
RC107,1,reconstruct,13,5,5,0.1444370000026538,,time_limit
RC107,1,cached_reconstruct,16,1,1,0.007785199995851144,0.007785199995851144,found
RC107,1,cached_reconstruct,15,1,1,0.00725879999663448,0.00725879999663448,found
RC107,1,cached_reconstruct,14,3,3,0.01809549999597948,0.01809549999597948,found
RC107,1,cached_reconstruct,13,58,58,0.28981620000558905,0.28981620000558905,found
RC107,1,cached_reconstruct,12,23,23,0.0897629999963101,,time_limit
RC107,1,hybrid,16,1,1,0.007614800000737887,0.007614800000737887,found
RC107,1,hybrid,15,1,1,0.007276999996975064,0.007276999996975064,found
RC107,1,hybrid,14,2,2,0.0062882999991416,0.0062882999991416,found
RC107,1,hybrid,13,6,18,0.04928780000045663,0.04928780000045663,found
RC107,1,hybrid,12,42,124,0.3423892999999225,,time_limit
RC107,2,baseline,16,1,,,,found
RC107,2,baseline,15,1,,,,found
RC107,2,baseline,14,4,,,,found
RC107,2,baseline,13,3,,,,not_found
RC107,2,reconstruct,16,1,1,0.06359920000249986,0.06359920000249986,found
RC107,2,reconstruct,15,1,1,0.06686460000491934,0.06686460000491934,found
RC107,2,reconstruct,14,4,4,0.18465960000321502,0.18465960000321502,found
RC107,2,reconstruct,13,3,3,0.09730050000507617,,time_limit
RC107,2,cached_reconstruct,16,1,1,0.007305799997993745,0.007305799997993745,found
RC107,2,cached_reconstruct,15,1,1,0.007049199994071387,0.007049199994071387,found
RC107,2,cached_reconstruct,14,4,4,0.0233483999982127,0.0233483999982127,found
RC107,2,cached_reconstruct,13,27,27,0.13143220000347355,0.13143220000347355,found
RC107,2,cached_reconstruct,12,68,68,0.2467460999978357,,time_limit
RC107,2,hybrid,16,1,1,0.007480299995222595,0.007480299995222595,found
RC107,2,hybrid,15,1,1,0.007048799998301547,0.007048799998301547,found
RC107,2,hybrid,14,2,6,0.015718800001195632,0.015718800001195632,found
RC107,2,hybrid,13,2,6,0.0156929999939166,0.0156929999939166,found
RC107,2,hybrid,12,44,131,0.37058909999905154,,time_limit
RC107,2,hybrid_75,16,1,1,0.008224199998949189,0.008224199998949189,found
RC107,2,hybrid_75,15,1,1,0.007924000005004928,0.007924000005004928,found
RC107,2,hybrid_75,14,2,6,0.017075399999157526,0.017075399999157526,found
RC107,2,hybrid_75,13,2,6,0.01663830000325106,0.01663830000325106,found
RC107,2,hybrid_75,12,32,93,0.2758661999978358,,time_limit
RC108,0,reconstruct,14,1,1,0.056611800006066915,0.056611800006066915,found
RC108,0,reconstruct,13,9,9,0.3582192000030773,,time_limit
RC108,0,cached_reconstruct,14,1,1,0.007021500001428649,0.007021500001428649,found
RC108,0,cached_reconstruct,13,9,9,0.0465360000016517,0.0465360000016517,found
RC108,0,cached_reconstruct,12,87,87,0.36102600000594975,,time_limit
RC108,0,hybrid,14,1,1,0.007011000001512002,0.007011000001512002,found
RC108,0,hybrid,13,10,29,0.07576640000479529,0.07576640000479529,found
RC108,0,hybrid,12,4,12,0.029068800002278294,0.029068800002278294,found
RC108,0,hybrid,11,38,112,0.29948180000064895,,time_limit
RC108,0,hybrid_75,14,1,1,0.007001500001933891,0.007001500001933891,found
RC108,0,hybrid_75,13,10,29,0.07724660000531003,0.07724660000531003,found
RC108,0,hybrid_75,12,4,12,0.03011040000274079,0.03011040000274079,found
RC108,0,hybrid_75,11,27,79,0.21237009999458678,,time_limit
RC108,0,baseline,14,1,,,,found
RC108,0,baseline,13,9,,,,not_found
RC108,1,cached_reconstruct,14,1,1,0.00761169999896083,0.00761169999896083,found
RC108,1,cached_reconstruct,13,19,19,0.10372910000296542,0.10372910000296542,found
RC108,1,cached_reconstruct,12,72,72,0.29941819999658037,,time_limit
RC108,1,hybrid,14,1,1,0.00686649999988731,0.00686649999988731,found
RC108,1,hybrid,13,2,2,0.0047224000009009615,0.0047224000009009615,found
RC108,1,hybrid,12,2,4,0.007910599997558165,0.007910599997558165,found
RC108,1,hybrid,11,50,149,0.39420710000558756,,time_limit
RC108,1,hybrid_75,14,1,1,0.007033800000499468,0.007033800000499468,found
RC108,1,hybrid_75,13,2,2,0.004837599997699726,0.004837599997699726,found
RC108,1,hybrid_75,12,2,4,0.008026499999687076,0.008026499999687076,found
RC108,1,hybrid_75,11,41,121,0.3071851999993669,,time_limit
RC108,1,baseline,14,1,,,,found
RC108,1,baseline,13,9,,,,not_found
RC108,1,reconstruct,14,1,1,0.05988200000138022,0.05988200000138022,found
RC108,1,reconstruct,13,9,9,0.33598100000381237,,time_limit
RC108,2,hybrid,14,1,1,0.007262600003741682,0.007262600003741682,found
RC108,2,hybrid,13,2,3,0.00784140000178013,0.00784140000178013,found
RC108,2,hybrid,12,2,4,0.008287299999210518,0.008287299999210518,found
RC108,2,hybrid,11,47,139,0.3910200000027544,,time_limit
RC108,2,hybrid_75,14,1,1,0.007379399998171721,0.007379399998171721,found
RC108,2,hybrid_75,13,2,3,0.008312799996929243,0.008312799996929243,found
RC108,2,hybrid_75,12,2,4,0.00853800000186311,0.00853800000186311,found
RC108,2,hybrid_75,11,36,106,0.3003540999998222,,time_limit
RC108,2,baseline,14,1,,,,found
RC108,2,baseline,13,8,,,,not_found
RC108,2,reconstruct,14,1,1,0.06365079999523005,0.06365079999523005,found
RC108,2,reconstruct,13,8,8,0.3514883999960148,,time_limit
RC108,2,cached_reconstruct,14,1,1,0.007445700000971556,0.007445700000971556,found
RC108,2,cached_reconstruct,13,8,8,0.045753999998851214,0.045753999998851214,found
RC108,2,cached_reconstruct,12,83,83,0.3558417999956873,,time_limit
RC201,0,hybrid_75,4,22,66,0.2706714999949327,,time_limit
RC201,0,baseline,4,21,,,,not_found
RC201,0,reconstruct,4,20,20,0.3515264000016032,,time_limit
RC201,0,cached_reconstruct,4,22,22,0.05017439999937778,0.05017439999937778,found
RC201,0,cached_reconstruct,3,100,100,0.08576179999363376,,not_found
RC201,0,hybrid,4,28,83,0.35531239999545505,,time_limit
RC201,1,baseline,4,23,,,,not_found
RC201,1,reconstruct,4,22,22,0.34831519999715965,,time_limit
RC201,1,cached_reconstruct,4,67,67,0.12525949999690056,0.12525949999690056,found
RC201,1,cached_reconstruct,3,100,100,0.08670490000076825,,not_found
RC201,1,hybrid,4,28,84,0.3530895000003511,,time_limit
RC201,1,hybrid_75,4,22,66,0.2776250999959302,,time_limit
RC201,2,reconstruct,4,21,21,0.34696919999987585,,time_limit
RC201,2,cached_reconstruct,4,78,78,0.15185780000319937,0.15185780000319937,found
RC201,2,cached_reconstruct,3,100,100,0.08660880000388715,,not_found
RC201,2,hybrid,4,28,84,0.3505159999986063,,time_limit
RC201,2,hybrid_75,4,24,69,0.2769706999970367,,time_limit
RC201,2,baseline,4,21,,,,not_found
RC202,0,cached_reconstruct,4,1,1,0.008030500001041219,0.008030500001041219,found
RC202,0,cached_reconstruct,3,100,100,0.11798670000280254,,not_found
RC202,0,hybrid,4,1,1,0.007532900002843235,0.007532900002843235,found
RC202,0,hybrid,3,22,65,0.35388200000306824,,time_limit
RC202,0,hybrid_75,4,1,1,0.0076945000037085265,0.0076945000037085265,found
RC202,0,hybrid_75,3,18,52,0.276106900004379,,time_limit
RC202,0,baseline,4,1,,,,found
RC202,0,baseline,3,29,,,,not_found
RC202,0,reconstruct,4,1,1,0.14326490000530612,0.14326490000530612,found
RC202,0,reconstruct,3,29,29,0.2125945999941905,,time_limit
RC202,1,hybrid,4,1,1,0.007383999996818602,0.007383999996818602,found
RC202,1,hybrid,3,24,68,0.3501819000011892,,time_limit
RC202,1,hybrid_75,4,1,1,0.007618499999807682,0.007618499999807682,found
RC202,1,hybrid_75,3,18,53,0.2739672000025166,,time_limit
RC202,1,baseline,4,1,,,,found
RC202,1,baseline,3,30,,,,not_found
RC202,1,reconstruct,4,1,1,0.14613689999532653,0.14613689999532653,found
RC202,1,reconstruct,3,29,29,0.2099205000049551,,time_limit
RC202,1,cached_reconstruct,4,1,1,0.008241900002758484,0.008241900002758484,found
RC202,1,cached_reconstruct,3,100,100,0.11527840000053402,,not_found
RC202,2,hybrid_75,4,1,1,0.007441499998094514,0.007441499998094514,found
RC202,2,hybrid_75,3,20,59,0.2764244999998482,,time_limit
RC202,2,baseline,4,1,,,,found
RC202,2,baseline,3,30,,,,not_found
RC202,2,reconstruct,4,1,1,0.14450570000190055,0.14450570000190055,found
RC202,2,reconstruct,3,28,28,0.2069654000006267,,time_limit
RC202,2,cached_reconstruct,4,1,1,0.0073341000024811365,0.0073341000024811365,found
RC202,2,cached_reconstruct,3,100,100,0.10930540000117617,,not_found
RC202,2,hybrid,4,1,1,0.00761169999896083,0.00761169999896083,found
RC202,2,hybrid,3,24,72,0.3544296000036411,,time_limit
RC203,0,baseline,4,1,,,,found
RC203,0,baseline,3,2,,,,found
RC203,0,baseline,2,23,,,,not_found
RC203,0,reconstruct,4,1,1,0.13223129999823868,0.13223129999823868,found
RC203,0,reconstruct,3,2,2,0.1789543000049889,0.1789543000049889,found
RC203,0,reconstruct,2,20,20,0.04615660000126809,,time_limit
RC203,0,cached_reconstruct,4,1,1,0.0078027999988989905,0.0078027999988989905,found
RC203,0,cached_reconstruct,3,2,2,0.009026300002005883,0.009026300002005883,found
RC203,0,cached_reconstruct,2,100,100,0.05344920000061393,,not_found
RC203,0,hybrid,4,1,1,0.008401200000662357,0.008401200000662357,found
RC203,0,hybrid,3,2,2,0.005890599997655954,0.005890599997655954,found
RC203,0,hybrid,2,12,35,0.33486859999538865,,time_limit
RC203,0,hybrid_75,4,1,1,0.007730400000582449,0.007730400000582449,found
RC203,0,hybrid_75,3,2,2,0.005881900004169438,0.005881900004169438,found
RC203,0,hybrid_75,2,10,29,0.26491360000363784,,time_limit
RC203,1,reconstruct,4,1,1,0.14058220000151778,0.14058220000151778,found
RC203,1,reconstruct,3,1,1,0.17219199999817647,0.17219199999817647,found
RC203,1,reconstruct,2,20,20,0.03776859999925364,,time_limit
RC203,1,cached_reconstruct,4,1,1,0.008005700001376681,0.008005700001376681,found
RC203,1,cached_reconstruct,3,1,1,0.008101399995211978,0.008101399995211978,found
RC203,1,cached_reconstruct,2,100,100,0.05633250000391854,,not_found
RC203,1,hybrid,4,1,1,0.00795950000610901,0.00795950000610901,found
RC203,1,hybrid,3,1,1,0.008194599999114871,0.008194599999114871,found
RC203,1,hybrid,2,12,36,0.3349901999972644,,time_limit
RC203,1,hybrid_75,4,1,1,0.00789459999941755,0.00789459999941755,found
RC203,1,hybrid_75,3,1,1,0.00801760000467766,0.00801760000467766,found
RC203,1,hybrid_75,2,10,28,0.26282999999966705,,time_limit
RC203,1,baseline,4,1,,,,found
RC203,1,baseline,3,1,,,,found
RC203,1,baseline,2,20,,,,not_found
RC203,2,cached_reconstruct,4,1,1,0.0073932000013883226,0.0073932000013883226,found
RC203,2,cached_reconstruct,3,1,1,0.007747099996777251,0.007747099996777251,found
RC203,2,cached_reconstruct,2,100,100,0.05308349999540951,,not_found
RC203,2,hybrid,4,1,1,0.00751210000453284,0.00751210000453284,found
RC203,2,hybrid,3,1,1,0.007779500003380235,0.007779500003380235,found
RC203,2,hybrid,2,12,35,0.3409123000019463,,time_limit
RC203,2,hybrid_75,4,1,1,0.007303599995793775,0.007303599995793775,found
RC203,2,hybrid_75,3,1,1,0.007518399994296487,0.007518399994296487,found
RC203,2,hybrid_75,2,10,30,0.26757290000387,,time_limit
RC203,2,baseline,4,1,,,,found
RC203,2,baseline,3,1,,,,found
RC203,2,baseline,2,20,,,,not_found
RC203,2,reconstruct,4,1,1,0.1264930999968783,0.1264930999968783,found
RC203,2,reconstruct,3,1,1,0.15803470000537345,0.15803470000537345,found
RC203,2,reconstruct,2,38,38,0.07289000000309898,,time_limit
RC204,0,hybrid,2,10,30,0.2936956999983522,,time_limit
RC204,0,hybrid_75,2,10,26,0.23467850000452017,,time_limit
RC204,0,baseline,2,8,,,,not_found
RC204,0,reconstruct,2,9,9,0.2986987999975099,,time_limit
RC204,0,cached_reconstruct,2,89,89,0.2957017000007909,,time_limit
RC204,1,hybrid_75,2,8,22,0.22514700000465382,,time_limit
RC204,1,baseline,2,4,,,,not_found
RC204,1,reconstruct,2,4,4,0.29369579999911366,,time_limit
RC204,1,cached_reconstruct,2,83,83,0.2828276999935042,,time_limit
RC204,1,hybrid,2,10,30,0.297143200004939,,time_limit
RC204,2,baseline,2,8,,,,not_found
RC204,2,reconstruct,2,8,8,0.2833636000068509,,time_limit
RC204,2,cached_reconstruct,2,95,95,0.28965320000133943,,time_limit
RC204,2,hybrid,2,12,34,0.29743620000226656,,time_limit
RC204,2,hybrid_75,2,10,26,0.23502759999973932,,time_limit
RC205,0,reconstruct,4,1,1,0.13768139999592677,0.13768139999592677,found
RC205,0,reconstruct,3,52,52,0.20570739999675425,,time_limit
RC205,0,cached_reconstruct,4,1,1,0.007241299994348083,0.007241299994348083,found
RC205,0,cached_reconstruct,3,100,100,0.08343910000257893,,not_found
RC205,0,hybrid,4,1,1,0.007912799999758136,0.007912799999758136,found
RC205,0,hybrid,3,20,56,0.3291527000037604,,time_limit
RC205,0,hybrid_75,4,1,1,0.007412999999360181,0.007412999999360181,found
RC205,0,hybrid_75,3,16,46,0.2575622000003932,,time_limit
RC205,0,baseline,4,1,,,,found
RC205,0,baseline,3,50,,,,not_found
RC205,1,cached_reconstruct,4,7,7,0.020612600004824344,0.020612600004824344,found
RC205,1,cached_reconstruct,3,100,100,0.09001920000446262,,not_found
RC205,1,hybrid,4,4,12,0.04050499999721069,0.04050499999721069,found
RC205,1,hybrid,3,18,53,0.30210629999783123,,time_limit
RC205,1,hybrid_75,4,4,12,0.039261500001885,0.039261500001885,found
RC205,1,hybrid_75,3,14,41,0.22680509999918286,,time_limit
RC205,1,baseline,4,7,,,,found
RC205,1,baseline,3,22,,,,not_found
RC205,1,reconstruct,4,7,7,0.2550961000015377,0.2550961000015377,found
RC205,1,reconstruct,3,20,20,0.08826050000061514,,time_limit
RC205,2,hybrid,4,2,3,0.0061664999957429245,0.0061664999957429245,found
RC205,2,hybrid,3,20,56,0.331953999993857,,time_limit
RC205,2,hybrid_75,4,2,3,0.005979399997158907,0.005979399997158907,found
RC205,2,hybrid_75,3,16,47,0.2614763000019593,,time_limit
RC205,2,baseline,4,4,,,,found
RC205,2,baseline,3,27,,,,not_found
RC205,2,reconstruct,4,4,4,0.20046419999562204,0.20046419999562204,found
RC205,2,reconstruct,3,26,26,0.13615780000691302,,time_limit
RC205,2,cached_reconstruct,4,4,4,0.01419240000541322,0.01419240000541322,found
RC205,2,cached_reconstruct,3,100,100,0.0919352000055369,,not_found
RC206,0,hybrid_75,4,1,1,0.007599399999890011,0.007599399999890011,found
RC206,0,hybrid_75,3,16,45,0.26084789999731584,,time_limit
RC206,0,baseline,4,1,,,,found
RC206,0,baseline,3,13,,,,not_found
RC206,0,reconstruct,4,1,1,0.14806169999792473,0.14806169999792473,found
RC206,0,reconstruct,3,13,13,0.19909069999994244,,time_limit
RC206,0,cached_reconstruct,4,1,1,0.007575899995572399,0.007575899995572399,found
RC206,0,cached_reconstruct,3,100,100,0.18214160000206903,,not_found
RC206,0,hybrid,4,1,1,0.007624799996847287,0.007624799996847287,found
RC206,0,hybrid,3,20,57,0.3392833999969298,,time_limit
RC206,1,baseline,4,1,,,,found
RC206,1,baseline,3,14,,,,not_found
RC206,1,reconstruct,4,1,1,0.15505030000349507,0.15505030000349507,found
RC206,1,reconstruct,3,12,12,0.18558279999706428,,time_limit
RC206,1,cached_reconstruct,4,1,1,0.007601400000567082,0.007601400000567082,found
RC206,1,cached_reconstruct,3,100,100,0.169851300001028,,not_found
RC206,1,hybrid,4,1,1,0.007689500002015848,0.007689500002015848,found
RC206,1,hybrid,3,20,59,0.3339352999973926,,time_limit
RC206,1,hybrid_75,4,1,1,0.007488199997169431,0.007488199997169431,found
RC206,1,hybrid_75,3,16,48,0.26417159999982687,,time_limit
RC206,2,reconstruct,4,1,1,0.14412370000354713,0.14412370000354713,found
RC206,2,reconstruct,3,11,11,0.2010431000016979,,time_limit
RC206,2,cached_reconstruct,4,1,1,0.007744000002276152,0.007744000002276152,found
RC206,2,cached_reconstruct,3,100,100,0.18925660000240896,,not_found
RC206,2,hybrid,4,1,1,0.007309799999347888,0.007309799999347888,found
RC206,2,hybrid,3,22,65,0.3429762000014307,,time_limit
RC206,2,hybrid_75,4,1,1,0.007581999998365063,0.007581999998365063,found
RC206,2,hybrid_75,3,16,47,0.2666973000013968,,time_limit
RC206,2,baseline,4,1,,,,found
RC206,2,baseline,3,10,,,,not_found
RC207,0,cached_reconstruct,3,100,100,0.29097639999963576,,not_found
RC207,0,hybrid,3,18,54,0.32854819999920437,,time_limit
RC207,0,hybrid_75,3,14,42,0.25583819999883417,,time_limit
RC207,0,baseline,3,8,,,,not_found
RC207,0,reconstruct,3,8,8,0.3356359000026714,,time_limit
RC207,1,hybrid,3,11,31,0.1922945000042091,0.1922945000042091,found
RC207,1,hybrid,2,6,17,0.14330849999532802,,time_limit
RC207,1,hybrid_75,3,11,31,0.19482330000028014,0.19482330000028014,found
RC207,1,hybrid_75,2,4,9,0.0680346000008285,,time_limit
RC207,1,baseline,3,6,,,,found
RC207,1,baseline,2,8,,,,not_found
RC207,1,reconstruct,3,6,6,0.3072025000001304,0.3072025000001304,found
RC207,1,reconstruct,2,10,10,0.02781209999375278,,time_limit
RC207,1,cached_reconstruct,3,6,6,0.022352899999532383,0.022352899999532383,found
RC207,1,cached_reconstruct,2,100,100,0.07437179999396903,,not_found
RC207,2,hybrid_75,3,16,48,0.2646718000032706,,time_limit
RC207,2,baseline,3,11,,,,not_found
RC207,2,reconstruct,3,11,11,0.33554419999563834,,time_limit
RC207,2,cached_reconstruct,3,31,31,0.08763249999901745,0.08763249999901745,found
RC207,2,cached_reconstruct,2,100,100,0.07182489999831887,,not_found
RC207,2,hybrid,3,20,60,0.3369583000021521,,time_limit
RC208,0,baseline,3,1,,,,found
RC208,0,baseline,2,9,,,,not_found
RC208,0,reconstruct,3,1,1,0.16765940000186674,0.16765940000186674,found
RC208,0,reconstruct,2,9,9,0.1696215999982087,,time_limit
RC208,0,cached_reconstruct,3,1,1,0.008588500000769272,0.008588500000769272,found
RC208,0,cached_reconstruct,2,100,100,0.22178609999537002,,not_found
RC208,0,hybrid,3,1,1,0.008213000000978354,0.008213000000978354,found
RC208,0,hybrid,2,12,35,0.3260885999989114,,time_limit
RC208,0,hybrid_75,3,1,1,0.008094199998595286,0.008094199998595286,found
RC208,0,hybrid_75,2,10,28,0.256331799995678,,time_limit
RC208,1,reconstruct,3,3,3,0.33276109999860637,,time_limit
RC208,1,cached_reconstruct,3,6,6,0.03916400000161957,0.03916400000161957,found
RC208,1,cached_reconstruct,2,100,100,0.21516520000295714,,not_found
RC208,1,hybrid,3,10,30,0.17016789999615867,0.17016789999615867,found
RC208,1,hybrid,2,6,18,0.16318440000031842,,time_limit
RC208,1,hybrid_75,3,10,30,0.16835320000245702,0.16835320000245702,found
RC208,1,hybrid_75,2,4,11,0.09738230000220938,,time_limit
RC208,1,baseline,3,3,,,,not_found
RC208,2,cached_reconstruct,3,3,3,0.021039100000052713,0.021039100000052713,found
RC208,2,cached_reconstruct,2,100,100,0.19990029999462422,,not_found
RC208,2,hybrid,3,2,5,0.026341500000853557,0.026341500000853557,found
RC208,2,hybrid,2,12,35,0.3103830999971251,,time_limit
RC208,2,hybrid_75,3,2,5,0.026315700000850484,0.026315700000850484,found
RC208,2,hybrid_75,2,10,26,0.2327995000014198,,time_limit
RC208,2,baseline,3,3,,,,not_found
RC208,2,reconstruct,3,3,3,0.3304210999995121,,time_limit
